workload,db,strategy,arm,ra_kb,rep,warmup,cold_pct,delivery_pct,first_query_us,preproc_us,open_us,deliver_us,parse_us,ranges,e2e_us,e2e_warm_us,avg_us,majflt,minflt,load,memavail_kb,ts
A,vacuum,baseline,baseline,128,1,1,0.00,0.00,915.27,0.00,0.00,0.00,,,915.27,915.27,2.00,149.00,213.00,1.14,19355564,2026-09-18T06:16:00Z
A,ta,baseline,baseline,128,1,1,0.00,0.00,1124.57,0.00,0.00,0.00,,,1124.57,1124.57,2.15,188.00,247.00,1.14,19354588,2026-09-18T06:16:00Z
A,1gb,baseline,baseline,128,1,1,0.00,0.00,1472.94,0.00,0.00,0.00,,,1472.94,1472.94,2.17,191.00,248.00,1.14,19354972,2026-09-18T06:16:00Z
B,vacuum,baseline,baseline,128,1,1,0.00,0.00,1009.84,0.00,0.00,0.00,,,1009.84,1009.84,2.06,147.00,209.00,1.14,19357916,2026-09-18T06:16:01Z
B,ta,baseline,baseline,128,1,1,0.00,0.00,615.41,0.00,0.00,0.00,,,615.41,615.41,2.17,192.00,246.00,1.14,19357252,2026-09-18T06:16:01Z
B,1gb,baseline,baseline,128,1,1,0.00,0.00,1531.99,0.00,0.00,0.00,,,1531.99,1531.99,2.23,193.00,253.00,1.14,19347252,2026-09-18T06:16:01Z
C,vacuum,baseline,baseline,128,1,1,0.00,0.00,972.00,0.00,0.00,0.00,,,972.00,972.00,1.56,18.00,27.00,1.14,19350892,2026-09-18T06:16:02Z
C,ta,baseline,baseline,128,1,1,0.00,0.00,907.90,0.00,0.00,0.00,,,907.90,907.90,1.58,20.00,30.00,1.14,19352032,2026-09-18T06:16:02Z
C,1gb,baseline,baseline,128,1,1,0.00,0.00,1382.35,0.00,0.00,0.00,,,1382.35,1382.35,1.67,40.00,55.00,1.14,19351800,2026-09-18T06:16:02Z
A,vacuum,layers_5,pread,128,1,1,0.00,100.00,865.96,820.10,233.61,586.49,,,1686.06,1452.45,2.01,150.00,212.00,1.14,19353060,2026-09-18T06:16:03Z
A,vacuum,layers_5,async,128,1,1,0.00,100.00,799.30,295.42,225.40,70.01,,,1094.72,869.31,2.01,150.00,210.00,1.14,19353396,2026-09-18T06:16:03Z
A,vacuum,layers_92,pread,128,1,1,0.00,100.00,512.15,7623.59,90.05,7533.54,,,8135.74,8045.69,2.03,150.00,219.00,1.13,19356188,2026-09-18T06:16:03Z
A,vacuum,layers_92,async,128,1,1,0.00,100.00,541.64,426.62,240.14,186.48,,,968.26,728.12,2.02,150.00,217.00,1.13,19378204,2026-09-18T06:16:04Z
A,vacuum,2d,pread,128,1,1,0.00,100.00,538.54,1372.04,241.47,1130.57,,,1910.58,1669.11,2.02,150.00,219.00,1.13,19379272,2026-09-18T06:16:04Z
A,vacuum,2d,async,128,1,1,0.00,100.00,537.62,309.62,231.69,77.93,,,847.24,615.55,2.03,150.00,217.00,1.13,19379156,2026-09-18T06:16:04Z
A,vacuum,2e_K10,pread,128,1,1,0.00,100.00,553.13,2176.22,242.13,1934.10,,,2729.35,2487.23,2.03,149.00,226.00,1.13,19379636,2026-09-18T06:16:04Z
A,vacuum,2e_K10,async,128,1,1,0.00,100.00,541.59,326.63,237.53,89.11,,,868.22,630.70,2.05,149.00,225.00,1.13,19381432,2026-09-18T06:16:05Z
A,vacuum,2e_K500,pread,128,1,1,0.00,100.00,608.75,13658.19,211.65,13446.54,,,14266.94,14055.29,1.88,123.00,416.00,1.13,19381324,2026-09-18T06:16:05Z
A,vacuum,2e_K500,async,128,1,1,0.00,100.00,578.94,1084.15,196.38,887.77,,,1663.09,1466.71,1.98,151.00,319.00,1.13,19380788,2026-09-18T06:16:05Z
A,vacuum,2f_slru,pread,128,1,1,0.00,100.00,94.14,14259.29,122.76,14136.52,,,14353.43,14230.66,1.53,0.00,214.00,1.13,19382336,2026-09-18T06:16:06Z
A,vacuum,2f_slru,async,128,1,1,0.00,100.00,97.82,5654.02,194.79,5459.23,,,5751.84,5557.05,1.58,0.00,214.00,1.13,19384080,2026-09-18T06:16:06Z
A,vacuum,leaf_freq_K10,pread,128,1,1,0.00,100.00,1021.19,1049.10,124.53,924.57,,,2070.29,1945.76,2.05,149.00,217.00,1.13,19383192,2026-09-18T06:16:06Z
A,vacuum,leaf_freq_K10,async,128,1,1,0.00,100.00,929.32,266.10,190.91,75.19,,,1195.42,1004.51,2.00,149.00,217.00,1.13,19384040,2026-09-18T06:16:07Z
A,vacuum,leaf_rand_K10,pread,128,1,1,0.00,100.00,957.30,1202.17,201.27,1000.90,,,2159.47,1958.20,2.10,149.00,215.00,1.13,19383964,2026-09-18T06:16:07Z
A,vacuum,leaf_rand_K10,async,128,1,1,0.00,100.00,982.52,271.43,196.12,75.31,,,1253.95,1057.83,2.02,149.00,215.00,1.13,19383772,2026-09-18T06:16:07Z
A,ta,layers_5,pread,128,1,1,0.00,100.00,908.34,338.94,88.69,250.25,,,1247.28,1158.59,2.19,188.00,247.00,1.13,19382396,2026-09-18T06:16:07Z
A,ta,layers_5,async,128,1,1,0.00,100.00,967.45,310.20,240.42,69.78,,,1277.65,1037.23,2.23,188.00,246.00,1.13,19381524,2026-09-18T06:16:08Z
A,ta,layers_92,pread,128,1,1,0.00,100.00,572.57,1053.21,233.31,819.90,,,1625.78,1392.47,2.15,184.00,248.00,1.12,19381988,2026-09-18T06:16:08Z
A,ta,layers_92,async,128,1,1,0.00,42.40,555.32,409.05,231.50,177.54,,,964.37,732.86,2.17,187.00,246.00,1.12,19383276,2026-09-18T06:16:08Z
A,ta,2d,pread,128,1,1,0.00,100.00,570.37,932.08,87.42,844.66,,,1502.45,1415.03,2.23,187.00,247.00,1.12,19364184,2026-09-18T06:16:09Z
A,ta,2d,async,128,1,1,0.00,91.20,563.96,332.77,227.22,105.55,,,896.73,669.51,2.12,187.00,246.00,1.12,19364160,2026-09-18T06:16:09Z
A,ta,2e_K10,pread,128,1,1,0.00,100.00,574.07,2008.87,216.90,1791.97,,,2582.94,2366.04,2.16,190.00,248.00,1.12,19368496,2026-09-18T06:16:09Z
A,ta,2e_K10,async,128,1,1,0.00,75.00,565.55,332.02,216.83,115.20,,,897.57,680.75,2.18,190.00,247.00,1.12,19369020,2026-09-18T06:16:10Z
A,ta,2e_K500,pread,128,1,1,0.00,100.00,543.29,17360.75,88.97,17271.78,,,17904.04,17815.07,2.15,169.00,439.00,1.12,19369784,2026-09-18T06:16:10Z
A,ta,2e_K500,async,128,1,1,0.00,31.30,770.89,996.35,224.97,771.38,,,1767.24,1542.27,2.13,181.00,378.00,1.12,19372276,2026-09-18T06:16:10Z
A,ta,2f_slru,pread,128,1,1,0.00,100.00,97.42,17739.84,130.85,17608.99,,,17837.26,17706.41,1.59,0.00,279.00,1.12,19373844,2026-09-18T06:16:11Z
A,ta,2f_slru,async,128,1,1,0.00,100.00,96.90,7338.34,197.31,7141.02,,,7435.24,7237.92,1.57,0.00,279.00,1.12,19371156,2026-09-18T06:16:11Z
A,ta,leaf_freq_K10,pread,128,1,1,0.00,100.00,1095.90,1056.46,133.09,923.37,,,2152.36,2019.27,2.16,191.00,248.00,1.12,19376312,2026-09-18T06:16:11Z
A,ta,leaf_freq_K10,async,128,1,1,0.00,100.00,998.74,277.24,201.17,76.07,,,1275.98,1074.81,2.16,191.00,248.00,1.12,19376816,2026-09-18T06:16:12Z
A,ta,leaf_rand_K10,pread,128,1,1,0.00,100.00,962.00,1456.52,99.30,1357.22,,,2418.52,2319.22,2.21,188.00,247.00,1.12,19377008,2026-09-18T06:16:12Z
A,ta,leaf_rand_K10,async,128,1,1,0.00,100.00,999.60,319.89,243.69,76.20,,,1319.49,1075.80,2.18,188.00,247.00,1.12,19382344,2026-09-18T06:16:12Z
A,1gb,layers_5,pread,128,1,1,0.00,100.00,1278.71,683.08,205.47,477.62,,,1961.79,1756.33,2.18,191.00,246.00,1.12,19382424,2026-09-18T06:16:13Z
A,1gb,layers_5,async,128,1,1,0.00,100.00,1381.57,321.13,255.07,66.06,,,1702.70,1447.63,2.35,191.00,246.00,1.19,19366316,2026-09-18T06:16:13Z
A,1gb,layers_92,pread,128,1,1,0.00,100.00,908.95,8912.03,118.98,8793.05,,,9820.98,9702.00,2.19,188.00,258.00,1.19,19368300,2026-09-18T06:16:13Z
A,1gb,layers_92,async,128,1,1,0.00,100.00,891.21,532.33,313.86,218.47,,,1423.54,1109.68,2.17,188.00,257.00,1.19,19369140,2026-09-18T06:16:14Z
A,1gb,2d,pread,128,1,1,0.00,100.00,566.43,2110.36,116.86,1993.50,,,2676.79,2559.93,2.16,187.00,259.00,1.19,19369952,2026-09-18T06:16:14Z
A,1gb,2d,async,128,1,1,0.00,100.00,548.77,332.18,242.12,90.06,,,880.95,638.83,2.16,187.00,258.00,1.19,19373992,2026-09-18T06:16:14Z
A,1gb,2e_K10,pread,128,1,1,0.00,100.00,612.08,2957.99,239.26,2718.73,,,3570.07,3330.81,2.23,190.00,261.00,1.19,19377000,2026-09-18T06:16:15Z
A,1gb,2e_K10,async,128,1,1,0.00,100.00,591.43,347.59,242.91,104.69,,,939.02,696.12,2.14,190.00,260.00,1.19,19377188,2026-09-18T06:16:15Z
A,1gb,2e_K500,pread,128,1,1,0.00,100.00,654.80,22693.76,230.72,22463.04,,,23348.56,23117.84,2.06,164.00,431.00,1.19,19381224,2026-09-18T06:16:15Z
A,1gb,2e_K500,async,128,1,1,0.00,100.00,573.05,1065.18,239.93,825.25,,,1638.23,1398.30,2.20,181.00,381.00,1.19,19383904,2026-09-18T06:16:16Z
A,1gb,2f_slru,pread,128,1,1,0.00,100.00,100.32,19105.57,233.90,18871.67,,,19205.89,18971.99,1.58,0.00,280.00,1.19,19385020,2026-09-18T06:16:16Z
A,1gb,2f_slru,async,128,1,1,0.00,100.00,101.43,7527.73,242.04,7285.69,,,7629.16,7387.12,1.60,0.00,280.00,1.19,19383704,2026-09-18T06:16:16Z
A,1gb,leaf_freq_K10,pread,128,1,1,0.00,100.00,1462.28,1049.61,120.98,928.64,,,2511.89,2390.92,2.22,193.00,248.00,1.19,19386568,2026-09-18T06:16:17Z
A,1gb,leaf_freq_K10,async,128,1,1,0.00,100.00,1550.34,278.27,203.61,74.66,,,1828.61,1625.00,2.19,193.00,248.00,1.19,19388424,2026-09-18T06:16:17Z
A,1gb,leaf_rand_K10,pread,128,1,1,0.00,100.00,1467.41,1546.77,197.53,1349.24,,,3014.18,2816.65,2.20,191.00,247.00,1.19,19390384,2026-09-18T06:16:17Z
A,1gb,leaf_rand_K10,async,128,1,1,0.00,100.00,1459.17,914.15,840.24,73.91,,,2373.32,1533.08,2.22,191.00,247.00,1.19,19391000,2026-09-18T06:16:18Z
B,vacuum,layers_5,pread,128,1,1,0.00,100.00,867.18,821.58,236.25,585.33,,,1688.76,1452.51,2.05,147.00,212.00,1.25,19391140,2026-09-18T06:16:18Z
B,vacuum,layers_5,async,128,1,1,0.00,100.00,895.25,301.90,232.30,69.60,,,1197.15,964.85,2.06,148.00,209.00,1.25,19381120,2026-09-18T06:16:18Z
B,vacuum,layers_92,pread,128,1,1,0.00,100.00,586.82,7516.14,214.72,7301.42,,,8102.96,7888.24,2.12,144.00,226.00,1.25,19382620,2026-09-18T06:16:19Z
B,vacuum,layers_92,async,128,1,1,0.00,100.00,523.04,411.00,218.62,192.38,,,934.04,715.42,2.03,145.00,223.00,1.25,19382676,2026-09-18T06:16:19Z
B,vacuum,2d,pread,128,1,1,0.00,100.00,514.68,1359.77,201.60,1158.17,,,1874.45,1672.85,2.05,144.00,226.00,1.25,19384372,2026-09-18T06:16:19Z
B,vacuum,2d,async,128,1,1,0.00,100.00,585.48,272.48,195.47,77.01,,,857.96,662.49,2.07,145.00,223.00,1.25,19385444,2026-09-18T06:16:19Z
B,vacuum,2e_K10,pread,128,1,1,0.00,100.00,514.01,2258.24,238.60,2019.64,,,2772.25,2533.65,2.03,144.00,227.00,1.25,19385024,2026-09-18T06:16:20Z
B,vacuum,2e_K10,async,128,1,1,0.00,100.00,556.08,329.48,239.41,90.07,,,885.56,646.15,2.10,145.00,223.00,1.25,19386884,2026-09-18T06:16:20Z
B,vacuum,2e_K500,pread,128,1,1,0.00,100.00,185.03,13771.23,238.57,13532.66,,,13956.26,13717.69,1.77,52.00,290.00,1.25,19388712,2026-09-18T06:16:20Z
B,vacuum,2e_K500,async,128,1,1,0.00,11.10,186.66,953.79,237.49,716.31,,,1140.45,902.97,2.02,148.00,285.00,1.25,19389072,2026-09-18T06:16:21Z
B,vacuum,2f_slru,pread,128,1,1,0.00,100.00,95.19,14039.61,205.61,13834.01,,,14134.80,13929.20,1.56,0.00,214.00,1.25,19389600,2026-09-18T06:16:21Z
B,vacuum,2f_slru,async,128,1,1,0.00,100.00,98.90,5708.96,203.00,5505.96,,,5807.86,5604.86,1.63,0.00,214.00,1.25,19391148,2026-09-18T06:16:21Z
B,vacuum,leaf_freq_K10,pread,128,1,1,0.00,100.00,978.50,1123.67,200.99,922.68,,,2102.17,1901.18,2.06,147.00,210.00,1.25,19391988,2026-09-18T06:16:22Z
B,vacuum,leaf_freq_K10,async,128,1,1,0.00,100.00,988.22,286.80,209.10,77.70,,,1275.02,1065.92,2.05,147.00,210.00,1.25,19392620,2026-09-18T06:16:22Z
B,vacuum,leaf_rand_K10,pread,128,1,1,0.00,100.00,998.91,1099.64,251.19,848.45,,,2098.55,1847.36,2.13,147.00,209.00,1.25,19393836,2026-09-18T06:16:22Z
B,vacuum,leaf_rand_K10,async,128,1,1,0.00,100.00,922.77,292.78,217.97,74.81,,,1215.55,997.58,2.05,147.00,209.00,1.25,19394048,2026-09-18T06:16:23Z
B,ta,layers_5,pread,128,1,1,0.00,100.00,389.99,443.77,192.98,250.79,,,833.76,640.78,2.20,192.00,245.00,1.25,19394552,2026-09-18T06:16:23Z
B,ta,layers_5,async,128,1,1,0.00,100.00,863.01,262.15,192.62,69.53,,,1125.16,932.54,2.30,192.00,244.00,1.23,19397044,2026-09-18T06:16:23Z
B,ta,layers_92,pread,128,1,1,0.00,100.00,465.50,922.27,117.96,804.31,,,1387.77,1269.81,2.23,189.00,245.00,1.23,19385480,2026-09-18T06:16:24Z
B,ta,layers_92,async,128,1,1,0.00,100.00,470.46,379.72,203.71,176.01,,,850.18,646.47,2.20,191.00,244.00,1.23,19403680,2026-09-18T06:16:24Z
B,ta,2d,pread,128,1,1,0.00,100.00,413.89,971.77,121.21,850.56,,,1385.66,1264.45,2.24,190.00,245.00,1.23,19405280,2026-09-18T06:16:24Z
B,ta,2d,async,128,1,1,0.00,66.00,461.11,347.05,226.39,120.67,,,808.16,581.78,2.32,191.00,244.00,1.23,19405164,2026-09-18T06:16:24Z
B,ta,2e_K10,pread,128,1,1,0.00,100.00,468.98,2383.57,119.56,2264.02,,,2852.55,2733.00,2.18,190.00,245.00,1.23,19406144,2026-09-18T06:16:25Z
B,ta,2e_K10,async,128,1,1,0.00,71.90,415.84,338.80,204.07,134.72,,,754.64,550.56,2.20,191.00,244.00,1.23,19404832,2026-09-18T06:16:25Z
B,ta,2e_K500,pread,128,1,1,0.00,100.00,185.98,16570.64,163.59,16407.05,,,16756.62,16593.03,1.83,83.00,313.00,1.23,19406244,2026-09-18T06:16:25Z
B,ta,2e_K500,async,128,1,1,0.00,47.00,182.41,1004.72,204.47,800.24,,,1187.13,982.65,2.14,182.00,318.00,1.23,19407308,2026-09-18T06:16:26Z
B,ta,2f_slru,pread,128,1,1,0.00,100.00,96.73,17712.89,235.72,17477.17,,,17809.62,17573.90,1.64,0.00,279.00,1.23,19407392,2026-09-18T06:16:26Z
B,ta,2f_slru,async,128,1,1,0.00,100.00,97.93,7377.58,231.66,7145.92,,,7475.51,7243.85,1.64,0.00,279.00,1.23,19404572,2026-09-18T06:16:26Z
B,ta,leaf_freq_K10,pread,128,1,1,0.00,100.00,615.81,1063.74,126.46,937.28,,,1679.55,1553.09,2.22,192.00,246.00,1.23,19408580,2026-09-18T06:16:27Z
B,ta,leaf_freq_K10,async,128,1,1,0.00,100.00,595.84,313.79,239.58,74.21,,,909.63,670.05,2.18,192.00,246.00,1.23,19408980,2026-09-18T06:16:27Z
B,ta,leaf_rand_K10,pread,128,1,1,0.00,100.00,679.16,1071.22,173.95,897.28,,,1750.38,1576.44,2.24,192.00,246.00,1.23,19407992,2026-09-18T06:16:27Z
B,ta,leaf_rand_K10,async,128,1,1,0.00,100.00,618.39,267.60,192.67,74.93,,,885.99,693.32,2.21,192.00,246.00,1.23,19408952,2026-09-18T06:16:28Z
B,1gb,layers_5,pread,128,1,1,0.00,100.00,1227.87,669.14,199.84,469.29,,,1897.01,1697.16,2.21,193.00,255.00,1.22,19408772,2026-09-18T06:16:28Z
B,1gb,layers_5,async,128,1,1,0.00,100.00,1250.69,265.32,194.88,70.44,,,1516.01,1321.13,2.29,194.00,254.00,1.22,19410228,2026-09-18T06:16:28Z
B,1gb,layers_92,pread,128,1,1,0.00,100.00,1054.84,8222.27,250.66,7971.60,,,9277.11,9026.44,2.25,194.00,262.00,1.22,19410104,2026-09-18T06:16:29Z
B,1gb,layers_92,async,128,1,1,0.00,100.00,1037.65,471.39,246.63,224.75,,,1509.04,1262.40,2.27,195.00,260.00,1.22,19410288,2026-09-18T06:16:29Z
B,1gb,2d,pread,128,1,1,0.00,100.00,663.01,2010.77,129.05,1881.72,,,2673.78,2544.73,2.29,193.00,263.00,1.22,19391848,2026-09-18T06:16:29Z
B,1gb,2d,async,128,1,1,0.00,100.00,680.13,327.21,231.75,95.47,,,1007.34,775.60,2.28,194.00,261.00,1.22,19395740,2026-09-18T06:16:30Z
B,1gb,2e_K10,pread,128,1,1,0.00,100.00,663.69,2877.24,162.54,2714.69,,,3540.93,3378.38,2.25,193.00,263.00,1.22,19396064,2026-09-18T06:16:30Z
B,1gb,2e_K10,async,128,1,1,0.00,100.00,605.32,298.08,190.75,107.33,,,903.40,712.65,2.23,194.00,261.00,1.22,19396812,2026-09-18T06:16:30Z
B,1gb,2e_K500,pread,128,1,1,0.00,100.00,181.56,26440.52,97.40,26343.11,,,26622.08,26524.67,2.15,174.00,383.00,1.22,19397712,2026-09-18T06:16:31Z
B,1gb,2e_K500,async,128,1,1,0.00,100.00,182.51,1115.93,235.26,880.67,,,1298.44,1063.18,2.24,183.00,324.00,1.22,19397468,2026-09-18T06:16:31Z
B,1gb,2f_slru,pread,128,1,1,0.00,100.00,97.31,18443.72,117.18,18326.54,,,18541.03,18423.85,1.61,0.00,280.00,1.22,19399248,2026-09-18T06:16:31Z
B,1gb,2f_slru,async,128,1,1,0.00,92.60,99.03,11237.02,238.04,10998.99,,,11336.05,11098.02,1.63,0.00,280.00,1.22,19397196,2026-09-18T06:16:32Z
B,1gb,leaf_freq_K10,pread,128,1,1,0.00,100.00,1584.70,987.40,120.50,866.90,,,2572.10,2451.60,2.26,193.00,252.00,1.22,19399512,2026-09-18T06:16:32Z
B,1gb,leaf_freq_K10,async,128,1,1,0.00,100.00,1300.88,272.59,198.13,74.46,,,1573.47,1375.34,2.21,193.00,252.00,1.22,19400664,2026-09-18T06:16:32Z
B,1gb,leaf_rand_K10,pread,128,1,1,0.00,100.00,2378.17,1558.76,201.46,1357.30,,,3936.93,3735.47,2.25,193.00,253.00,1.22,19401500,2026-09-18T06:16:33Z
B,1gb,leaf_rand_K10,async,128,1,1,0.00,100.00,1576.33,283.23,207.49,75.74,,,1859.56,1652.07,2.26,193.00,253.00,1.20,19401356,2026-09-18T06:16:33Z
C,vacuum,layers_5,pread,128,1,1,0.00,100.00,839.54,779.98,195.68,584.30,,,1619.52,1423.84,1.54,18.00,27.00,1.20,19402016,2026-09-18T06:16:33Z
C,vacuum,layers_5,async,128,1,1,0.00,100.00,901.98,305.29,235.24,70.05,,,1207.27,972.03,1.58,18.00,27.00,1.20,19402980,2026-09-18T06:16:34Z
C,vacuum,layers_92,pread,128,1,1,0.00,100.00,507.73,7269.80,120.09,7149.71,,,7777.53,7657.44,1.55,18.00,29.00,1.20,19402176,2026-09-18T06:16:34Z
C,vacuum,layers_92,async,128,1,1,0.00,100.00,486.10,375.74,197.33,178.41,,,861.84,664.51,1.55,18.00,29.00,1.20,19403256,2026-09-18T06:16:34Z
C,vacuum,2d,pread,128,1,1,0.00,100.00,502.83,614.58,196.44,418.14,,,1117.41,920.97,1.58,18.00,29.00,1.20,19391664,2026-09-18T06:16:34Z
C,vacuum,2d,async,128,1,1,0.00,100.00,484.41,313.86,243.69,70.17,,,798.27,554.58,1.55,18.00,29.00,1.20,19393332,2026-09-18T06:16:35Z
C,vacuum,2e_K10,pread,128,1,1,0.00,100.00,509.73,1386.82,121.91,1264.91,,,1896.55,1774.64,1.53,16.00,34.00,1.20,19393484,2026-09-18T06:16:35Z
C,vacuum,2e_K10,async,128,1,1,0.00,100.00,643.41,365.61,283.20,82.41,,,1009.02,725.82,1.55,17.00,33.00,1.20,19394416,2026-09-18T06:16:35Z
C,vacuum,2e_K500,pread,128,1,1,0.00,100.00,175.42,2282.06,126.87,2155.19,,,2457.48,2330.61,1.50,0.00,30.00,1.20,19394596,2026-09-18T06:16:35Z
C,vacuum,2e_K500,async,128,1,1,0.00,47.90,880.40,675.89,234.36,441.53,,,1556.29,1321.93,1.48,0.00,30.00,1.20,19395540,2026-09-18T06:16:36Z
C,vacuum,2f_slru,pread,128,1,1,0.00,100.00,98.02,3120.78,169.14,2951.64,,,3218.80,3049.66,1.50,0.00,30.00,1.20,19395144,2026-09-18T06:16:36Z
C,vacuum,2f_slru,async,128,1,1,0.00,100.00,423.12,789.34,200.53,588.82,,,1212.46,1011.94,1.51,0.00,30.00,1.20,19392884,2026-09-18T06:16:36Z
C,vacuum,leaf_freq_K10,pread,128,1,1,0.00,100.00,997.14,754.44,200.28,554.16,,,1751.58,1551.30,1.55,16.00,32.00,1.20,19393624,2026-09-18T06:16:37Z
C,vacuum,leaf_freq_K10,async,128,1,1,0.00,80.00,1126.70,304.25,231.15,73.10,,,1430.95,1199.80,1.54,17.00,31.00,1.20,19394532,2026-09-18T06:16:37Z
C,vacuum,leaf_rand_K10,pread,128,1,1,0.00,100.00,988.86,1108.20,241.06,867.14,,,2097.06,1856.00,1.59,18.00,27.00,1.20,19394848,2026-09-18T06:16:37Z
C,vacuum,leaf_rand_K10,async,128,1,1,0.00,100.00,995.75,327.30,251.67,75.62,,,1323.05,1071.37,1.56,18.00,27.00,1.20,19396452,2026-09-18T06:16:37Z
C,ta,layers_5,pread,128,1,1,0.00,100.00,867.84,491.80,234.13,257.67,,,1359.64,1125.51,1.66,20.00,30.00,1.20,19396356,2026-09-18T06:16:38Z
C,ta,layers_5,async,128,1,1,0.00,100.00,886.28,300.65,231.84,68.82,,,1186.93,955.10,1.61,20.00,30.00,1.20,19396352,2026-09-18T06:16:38Z
C,ta,layers_92,pread,128,1,1,0.00,100.00,477.16,1148.73,204.65,944.08,,,1625.89,1421.24,1.62,19.00,31.00,1.18,19396512,2026-09-18T06:16:38Z
C,ta,layers_92,async,128,1,1,0.00,63.00,476.00,378.44,201.77,176.67,,,854.44,652.67,1.60,19.00,31.00,1.18,19394796,2026-09-18T06:16:38Z
C,ta,2d,pread,128,1,1,0.00,100.00,449.40,1055.96,202.68,853.28,,,1505.36,1302.68,1.64,19.00,31.00,1.18,19395140,2026-09-18T06:16:39Z
C,ta,2d,async,128,1,1,0.00,64.60,470.99,321.38,202.66,118.72,,,792.37,589.71,1.58,19.00,31.00,1.18,19394860,2026-09-18T06:16:39Z
C,ta,2e_K10,pread,128,1,1,0.00,100.00,474.11,1726.35,200.69,1525.66,,,2200.46,1999.77,1.64,18.00,36.00,1.18,19396840,2026-09-18T06:16:39Z
C,ta,2e_K10,async,128,1,1,0.00,70.70,476.65,332.25,199.51,132.73,,,808.90,609.38,1.61,19.00,34.00,1.18,19396184,2026-09-18T06:16:39Z
C,ta,2e_K500,pread,128,1,1,0.00,100.00,181.66,3580.81,204.96,3375.86,,,3762.47,3557.52,1.56,0.00,38.00,1.18,19388416,2026-09-18T06:16:40Z
C,ta,2e_K500,async,128,1,1,0.00,100.00,181.27,807.09,195.51,611.58,,,988.36,792.85,1.54,0.00,38.00,1.18,19389492,2026-09-18T06:16:40Z
C,ta,2f_slru,pread,128,1,1,0.00,100.00,94.96,3549.01,189.98,3359.03,,,3643.97,3453.99,1.52,0.00,38.00,1.18,19396408,2026-09-18T06:16:40Z
C,ta,2f_slru,async,128,1,1,0.00,100.00,94.06,1022.68,188.30,834.38,,,1116.74,928.44,1.53,0.00,38.00,1.18,19397920,2026-09-18T06:16:40Z
C,ta,leaf_freq_K10,pread,128,1,1,0.00,100.00,1237.56,943.42,211.76,731.66,,,2180.98,1969.22,1.63,19.00,35.00,1.18,19399584,2026-09-18T06:16:41Z
C,ta,leaf_freq_K10,async,128,1,1,0.00,100.00,1216.76,265.35,191.89,73.46,,,1482.11,1290.22,1.62,20.00,33.00,1.18,19400144,2026-09-18T06:16:41Z
C,ta,leaf_rand_K10,pread,128,1,1,0.00,100.00,821.11,1033.53,199.05,834.48,,,1854.64,1655.59,1.66,20.00,30.00,1.18,19400224,2026-09-18T06:16:41Z
C,ta,leaf_rand_K10,async,128,1,1,0.00,100.00,892.58,280.30,203.82,76.47,,,1172.88,969.05,1.60,20.00,30.00,1.18,19400160,2026-09-18T06:16:42Z
C,1gb,layers_5,pread,128,1,1,0.00,100.00,1343.77,741.16,230.05,511.11,,,2084.93,1854.88,1.77,40.00,54.00,1.18,19400780,2026-09-18T06:16:42Z
C,1gb,layers_5,async,128,1,1,0.00,100.00,1250.23,302.91,233.95,68.96,,,1553.14,1319.19,1.71,40.00,54.00,1.18,19401064,2026-09-18T06:16:42Z
C,1gb,layers_92,pread,128,1,1,0.00,100.00,901.80,8760.28,200.59,8559.69,,,9662.08,9461.49,1.68,40.00,56.00,1.18,19400488,2026-09-18T06:16:42Z
C,1gb,layers_92,async,128,1,1,0.00,100.00,888.88,384.52,195.12,189.41,,,1273.40,1078.29,1.72,40.00,56.00,1.18,19401636,2026-09-18T06:16:43Z
C,1gb,2d,pread,128,1,1,0.00,100.00,590.09,794.01,117.11,676.90,,,1384.10,1266.99,1.68,39.00,57.00,1.17,19401040,2026-09-18T06:16:43Z
C,1gb,2d,async,128,1,1,0.00,100.00,657.45,300.06,224.26,75.79,,,957.51,733.24,1.73,39.00,57.00,1.17,19404404,2026-09-18T06:16:43Z
C,1gb,2e_K10,pread,128,1,1,0.00,100.00,182.83,1658.77,119.67,1539.10,,,1841.60,1721.93,1.67,37.00,67.00,1.17,19405012,2026-09-18T06:16:44Z
C,1gb,2e_K10,async,128,1,1,0.00,100.00,190.15,293.92,206.52,87.40,,,484.07,277.55,1.69,37.00,67.00,1.17,19404752,2026-09-18T06:16:44Z
C,1gb,2e_K500,pread,128,1,1,0.00,100.00,185.30,4544.30,121.62,4422.68,,,4729.60,4607.98,1.55,1.00,66.00,1.17,19406544,2026-09-18T06:16:44Z
C,1gb,2e_K500,async,128,1,1,0.00,100.00,181.98,951.00,223.23,727.77,,,1132.98,909.75,1.68,36.00,92.00,1.17,19417168,2026-09-18T06:16:44Z
C,1gb,2f_slru,pread,128,1,1,0.00,100.00,97.61,5532.17,169.09,5363.08,,,5629.78,5460.69,1.59,0.00,64.00,1.17,19419148,2026-09-18T06:16:45Z
C,1gb,2f_slru,async,128,1,1,0.00,100.00,100.18,1887.15,218.60,1668.55,,,1987.33,1768.73,1.58,0.00,64.00,1.17,19419432,2026-09-18T06:16:45Z
C,1gb,leaf_freq_K10,pread,128,1,1,0.00,100.00,896.11,1044.36,117.04,927.32,,,1940.47,1823.43,1.71,39.00,62.00,1.17,19417796,2026-09-18T06:16:45Z
C,1gb,leaf_freq_K10,async,128,1,1,0.00,100.00,892.18,317.19,242.29,74.90,,,1209.37,967.08,1.69,39.00,62.00,1.17,19399916,2026-09-18T06:16:46Z
C,1gb,leaf_rand_K10,pread,128,1,1,0.00,100.00,1406.88,1574.24,226.71,1347.53,,,2981.12,2754.41,1.71,40.00,54.00,1.17,19401140,2026-09-18T06:16:46Z
C,1gb,leaf_rand_K10,async,128,1,1,0.00,100.00,1354.76,303.46,230.10,73.36,,,1658.22,1428.12,1.69,40.00,54.00,1.17,19402252,2026-09-18T06:16:46Z
A,vacuum,baseline,baseline,128,2,0,0.00,0.00,949.58,0.00,0.00,0.00,,,949.58,949.58,2.03,149.00,213.00,1.17,19402456,2026-09-18T06:16:46Z
A,ta,baseline,baseline,128,2,0,0.00,0.00,1133.04,0.00,0.00,0.00,,,1133.04,1133.04,2.19,188.00,247.00,1.17,19402908,2026-09-18T06:16:47Z
A,1gb,baseline,baseline,128,2,0,0.00,0.00,1331.55,0.00,0.00,0.00,,,1331.55,1331.55,2.16,191.00,248.00,1.17,19403176,2026-09-18T06:16:47Z
B,vacuum,baseline,baseline,128,2,0,0.00,0.00,1002.09,0.00,0.00,0.00,,,1002.09,1002.09,2.08,147.00,209.00,1.17,19406844,2026-09-18T06:16:47Z
B,ta,baseline,baseline,128,2,0,0.00,0.00,588.29,0.00,0.00,0.00,,,588.29,588.29,2.17,192.00,246.00,1.17,19407456,2026-09-18T06:16:48Z
B,1gb,baseline,baseline,128,2,0,0.00,0.00,1386.55,0.00,0.00,0.00,,,1386.55,1386.55,2.20,193.00,253.00,1.15,19406620,2026-09-18T06:16:48Z
C,vacuum,baseline,baseline,128,2,0,0.00,0.00,951.01,0.00,0.00,0.00,,,951.01,951.01,1.55,18.00,27.00,1.15,19408976,2026-09-18T06:16:48Z
C,ta,baseline,baseline,128,2,0,0.00,0.00,906.95,0.00,0.00,0.00,,,906.95,906.95,1.59,20.00,30.00,1.15,19410776,2026-09-18T06:16:49Z
C,1gb,baseline,baseline,128,2,0,0.00,0.00,1345.79,0.00,0.00,0.00,,,1345.79,1345.79,1.70,40.00,55.00,1.15,19408600,2026-09-18T06:16:49Z
A,vacuum,layers_5,pread,128,2,0,0.00,100.00,806.68,826.43,217.97,608.46,,,1633.11,1415.14,2.02,150.00,212.00,1.15,19410760,2026-09-18T06:16:49Z
A,vacuum,layers_5,async,128,2,0,0.00,100.00,715.65,301.37,226.44,74.92,,,1017.02,790.57,1.99,150.00,210.00,1.15,19406696,2026-09-18T06:16:50Z
A,vacuum,layers_92,pread,128,2,0,0.00,100.00,474.31,7847.39,225.61,7621.78,,,8321.70,8096.09,2.06,150.00,219.00,1.15,19402028,2026-09-18T06:16:50Z
A,vacuum,layers_92,async,128,2,0,0.00,100.00,506.10,420.28,225.00,195.28,,,926.38,701.38,2.00,150.00,217.00,1.15,19401984,2026-09-18T06:16:50Z
A,vacuum,2d,pread,128,2,0,0.00,100.00,504.84,1417.74,225.04,1192.70,,,1922.58,1697.54,2.04,150.00,219.00,1.15,19403180,2026-09-18T06:16:51Z
A,vacuum,2d,async,128,2,0,0.00,100.00,478.57,306.67,227.73,78.94,,,785.24,557.51,2.06,150.00,217.00,1.15,19403640,2026-09-18T06:16:51Z
A,vacuum,2e_K10,pread,128,2,0,0.00,100.00,693.04,2205.55,234.27,1971.28,,,2898.59,2664.32,2.07,149.00,226.00,1.15,19402904,2026-09-18T06:16:51Z
A,vacuum,2e_K10,async,128,2,0,0.00,100.00,507.78,312.60,219.97,92.62,,,820.38,600.40,2.06,149.00,225.00,1.15,19378804,2026-09-18T06:16:51Z
A,vacuum,2e_K500,pread,128,2,0,0.00,100.00,556.49,13366.50,224.62,13141.88,,,13922.99,13698.37,1.90,123.00,412.00,1.15,19380316,2026-09-18T06:16:52Z
A,vacuum,2e_K500,async,128,2,0,0.00,12.90,527.18,914.96,222.78,692.18,,,1442.14,1219.36,2.02,151.00,321.00,1.15,19380004,2026-09-18T06:16:52Z
A,vacuum,2f_slru,pread,128,2,0,0.00,100.00,97.78,13871.22,224.38,13646.83,,,13969.00,13744.61,1.56,0.00,214.00,1.15,19382268,2026-09-18T06:16:52Z
A,vacuum,2f_slru,async,128,2,0,0.00,74.30,99.16,15195.25,544.17,14651.07,,,15294.41,14750.23,1.55,0.00,214.00,1.15,19383360,2026-09-18T06:16:53Z
A,vacuum,leaf_freq_K10,pread,128,2,0,0.00,100.00,928.25,1145.71,220.74,924.98,,,2073.96,1853.23,2.08,149.00,217.00,1.22,19383264,2026-09-18T06:16:53Z
A,vacuum,leaf_freq_K10,async,128,2,0,0.00,100.00,949.71,302.63,226.27,76.36,,,1252.34,1026.07,2.02,149.00,217.00,1.22,19383768,2026-09-18T06:16:53Z
A,vacuum,leaf_rand_K10,pread,128,2,0,0.00,100.00,969.39,1090.92,225.65,865.27,,,2060.31,1834.66,2.06,149.00,215.00,1.22,19384180,2026-09-18T06:16:54Z
A,vacuum,leaf_rand_K10,async,128,2,0,0.00,100.00,881.58,305.49,226.19,79.30,,,1187.07,960.88,2.03,149.00,215.00,1.22,19384356,2026-09-18T06:16:54Z
A,ta,layers_5,pread,128,2,0,0.00,100.00,908.67,470.73,223.63,247.09,,,1379.40,1155.76,2.16,188.00,247.00,1.22,19386488,2026-09-18T06:16:54Z
A,ta,layers_5,async,128,2,0,0.00,100.00,974.49,295.35,225.44,69.90,,,1269.84,1044.39,2.18,188.00,246.00,1.22,19389516,2026-09-18T06:16:55Z
A,ta,layers_92,pread,128,2,0,0.00,100.00,568.23,1029.39,225.78,803.61,,,1597.62,1371.84,2.15,184.00,248.00,1.22,19390080,2026-09-18T06:16:55Z
A,ta,layers_92,async,128,2,0,0.00,100.00,577.09,940.30,253.38,686.92,,,1517.39,1264.01,2.16,187.00,246.00,1.22,19391400,2026-09-18T06:16:55Z
A,ta,2d,pread,128,2,0,0.00,100.00,568.39,1065.57,225.77,839.80,,,1633.96,1408.19,2.21,187.00,247.00,1.22,19392972,2026-09-18T06:16:56Z
A,ta,2d,async,128,2,0,0.00,100.00,563.69,335.31,227.90,107.41,,,899.00,671.10,2.18,187.00,246.00,1.22,19393776,2026-09-18T06:16:56Z
A,ta,2e_K10,pread,128,2,0,0.00,100.00,572.07,2146.66,242.45,1904.21,,,2718.73,2476.28,2.22,190.00,248.00,1.22,19395340,2026-09-18T06:16:56Z
A,ta,2e_K10,async,128,2,0,0.00,93.20,566.98,337.06,219.78,117.28,,,904.04,684.26,2.14,190.00,247.00,1.22,19396976,2026-09-18T06:16:56Z
A,ta,2e_K500,pread,128,2,0,0.00,100.00,540.45,17773.75,185.84,17587.91,,,18314.20,18128.36,2.08,169.00,441.00,1.22,19379996,2026-09-18T06:16:57Z
A,ta,2e_K500,async,128,2,0,0.00,30.10,1333.22,955.25,186.07,769.18,,,2288.47,2102.40,2.17,181.00,376.00,1.22,19380428,2026-09-18T06:16:57Z
A,ta,2f_slru,pread,128,2,0,0.00,100.00,97.28,20637.43,186.80,20450.62,,,20734.71,20547.90,1.56,0.00,279.00,1.22,19382660,2026-09-18T06:16:57Z
A,ta,2f_slru,async,128,2,0,0.00,100.00,101.02,7369.73,209.73,7160.00,,,7470.75,7261.02,1.57,0.00,279.00,1.22,19381252,2026-09-18T06:16:58Z
A,ta,leaf_freq_K10,pread,128,2,0,0.00,100.00,1109.95,1110.64,188.71,921.93,,,2220.59,2031.88,2.21,191.00,248.00,1.28,19383240,2026-09-18T06:16:58Z
A,ta,leaf_freq_K10,async,128,2,0,0.00,100.00,1052.26,262.99,186.89,76.10,,,1315.25,1128.36,2.18,191.00,248.00,1.28,19385944,2026-09-18T06:16:58Z
A,ta,leaf_rand_K10,pread,128,2,0,0.00,100.00,836.56,1080.67,187.90,892.77,,,1917.23,1729.33,2.26,188.00,247.00,1.28,19384908,2026-09-18T06:16:59Z
A,ta,leaf_rand_K10,async,128,2,0,0.00,100.00,1052.82,261.31,184.84,76.47,,,1314.13,1129.29,2.16,188.00,247.00,1.28,19386288,2026-09-18T06:16:59Z
A,1gb,layers_5,pread,128,2,0,0.00,100.00,1333.71,658.52,185.75,472.77,,,1992.23,1806.48,2.17,191.00,246.00,1.28,19390020,2026-09-18T06:16:59Z
A,1gb,layers_5,async,128,2,0,0.00,100.00,1311.79,263.67,187.98,75.68,,,1575.46,1387.47,2.24,191.00,246.00,1.28,19390072,2026-09-18T06:17:00Z
A,1gb,layers_92,pread,128,2,0,0.00,100.00,862.72,8285.90,193.33,8092.56,,,9148.62,8955.28,2.21,188.00,258.00,1.28,19390140,2026-09-18T06:17:00Z
A,1gb,layers_92,async,128,2,0,0.00,100.00,979.42,391.74,188.10,203.63,,,1371.16,1183.05,2.20,188.00,257.00,1.28,19393048,2026-09-18T06:17:00Z
A,1gb,2d,pread,128,2,0,0.00,100.00,596.70,2083.88,194.41,1889.47,,,2680.58,2486.17,2.20,187.00,259.00,1.28,19394484,2026-09-18T06:17:01Z
A,1gb,2d,async,128,2,0,0.00,100.00,570.39,275.96,186.27,89.69,,,846.35,660.08,2.20,187.00,258.00,1.28,19394684,2026-09-18T06:17:01Z
A,1gb,2e_K10,pread,128,2,0,0.00,100.00,570.61,2885.09,185.04,2700.06,,,3455.70,3270.67,2.15,190.00,261.00,1.28,19397288,2026-09-18T06:17:01Z
A,1gb,2e_K10,async,128,2,0,0.00,100.00,1490.65,294.67,189.93,104.75,,,1785.32,1595.40,2.24,190.00,260.00,1.28,19396892,2026-09-18T06:17:02Z
A,1gb,2e_K500,pread,128,2,0,0.00,100.00,619.79,23549.87,180.26,23369.61,,,24169.66,23989.40,2.09,164.00,428.00,1.28,19407600,2026-09-18T06:17:02Z
A,1gb,2e_K500,async,128,2,0,0.00,100.00,660.38,1108.76,192.68,916.08,,,1769.14,1576.46,2.16,181.00,384.00,1.28,19407680,2026-09-18T06:17:02Z
A,1gb,2f_slru,pread,128,2,0,0.00,100.00,98.00,19661.46,1055.35,18606.11,,,19759.46,18704.11,1.58,0.00,280.00,1.28,19409132,2026-09-18T06:17:03Z
A,1gb,2f_slru,async,128,2,0,0.00,100.00,102.28,7437.80,186.07,7251.73,,,7540.08,7354.01,1.58,0.00,280.00,1.26,19407516,2026-09-18T06:17:03Z
A,1gb,leaf_freq_K10,pread,128,2,0,0.00,100.00,1497.92,1085.87,185.34,900.53,,,2583.79,2398.45,2.19,193.00,248.00,1.26,19409580,2026-09-18T06:17:03Z
A,1gb,leaf_freq_K10,async,128,2,0,0.00,100.00,2938.05,259.54,184.86,74.68,,,3197.59,3012.73,2.22,193.00,248.00,1.26,19410496,2026-09-18T06:17:04Z
A,1gb,leaf_rand_K10,pread,128,2,0,0.00,100.00,1427.39,1079.09,185.04,894.05,,,2506.48,2321.44,2.22,191.00,247.00,1.26,19409452,2026-09-18T06:17:04Z
A,1gb,leaf_rand_K10,async,128,2,0,0.00,100.00,1318.53,263.24,185.80,77.44,,,1581.77,1395.97,2.16,191.00,247.00,1.26,19410772,2026-09-18T06:17:04Z
B,vacuum,layers_5,pread,128,2,0,0.00,100.00,872.23,1010.35,378.45,631.90,,,1882.58,1504.13,2.14,147.00,212.00,1.26,19412284,2026-09-18T06:17:05Z
B,vacuum,layers_5,async,128,2,0,0.00,100.00,830.48,252.23,182.99,69.24,,,1082.71,899.72,2.10,148.00,209.00,1.26,19427964,2026-09-18T06:17:05Z
B,vacuum,layers_92,pread,128,2,0,0.00,100.00,577.98,7441.57,185.54,7256.03,,,8019.55,7834.01,2.06,144.00,226.00,1.26,19429224,2026-09-18T06:17:05Z
B,vacuum,layers_92,async,128,2,0,0.00,100.00,586.16,375.05,186.52,188.53,,,961.21,774.69,2.07,145.00,223.00,1.26,19429068,2026-09-18T06:17:06Z
B,vacuum,2d,pread,128,2,0,0.00,100.00,518.62,1389.13,185.73,1203.40,,,1907.75,1722.02,2.05,144.00,226.00,1.26,19428864,2026-09-18T06:17:06Z
B,vacuum,2d,async,128,2,0,0.00,100.00,526.09,265.32,187.61,77.71,,,791.41,603.80,2.06,145.00,223.00,1.26,19428592,2026-09-18T06:17:06Z
B,vacuum,2e_K10,pread,128,2,0,0.00,100.00,581.31,2268.11,185.59,2082.53,,,2849.42,2663.84,2.08,144.00,226.00,1.26,19429816,2026-09-18T06:17:07Z
B,vacuum,2e_K10,async,128,2,0,0.00,100.00,553.82,277.18,187.54,89.64,,,831.00,643.46,2.06,145.00,223.00,1.26,19430436,2026-09-18T06:17:07Z
B,vacuum,2e_K500,pread,128,2,0,0.00,100.00,184.12,34986.82,189.12,34797.70,,,35170.94,34981.82,1.76,52.00,289.00,1.26,19427140,2026-09-18T06:17:07Z
B,vacuum,2e_K500,async,128,2,0,0.00,13.70,194.38,900.46,186.22,714.24,,,1094.84,908.62,2.07,148.00,285.00,1.26,19404348,2026-09-18T06:17:08Z
B,vacuum,2f_slru,pread,128,2,0,0.00,100.00,95.71,13860.38,186.26,13674.12,,,13956.09,13769.83,1.58,0.00,214.00,1.26,19404444,2026-09-18T06:17:08Z
B,vacuum,2f_slru,async,128,2,0,0.00,100.00,97.90,5669.67,195.72,5473.95,,,5767.57,5571.85,1.68,0.00,214.00,1.24,19404952,2026-09-18T06:17:08Z
B,vacuum,leaf_freq_K10,pread,128,2,0,0.00,100.00,986.16,1085.81,185.92,899.89,,,2071.97,1886.05,2.07,147.00,209.00,1.24,19404332,2026-09-18T06:17:08Z
B,vacuum,leaf_freq_K10,async,128,2,0,0.00,100.00,1030.73,266.63,188.99,77.65,,,1297.36,1108.38,2.11,147.00,210.00,1.24,19405988,2026-09-18T06:17:09Z
B,vacuum,leaf_rand_K10,pread,128,2,0,0.00,100.00,956.89,1024.26,185.17,839.09,,,1981.15,1795.98,2.07,147.00,209.00,1.24,19406008,2026-09-18T06:17:09Z
B,vacuum,leaf_rand_K10,async,128,2,0,0.00,100.00,920.17,261.88,185.28,76.60,,,1182.05,996.77,2.04,147.00,209.00,1.24,19407120,2026-09-18T06:17:09Z
B,ta,layers_5,pread,128,2,0,0.00,100.00,422.96,434.61,184.91,249.70,,,857.57,672.66,2.24,192.00,245.00,1.24,19407640,2026-09-18T06:17:10Z
B,ta,layers_5,async,128,2,0,0.00,100.00,873.67,253.61,184.83,68.78,,,1127.28,942.45,2.17,192.00,244.00,1.24,19408048,2026-09-18T06:17:10Z
B,ta,layers_92,pread,128,2,0,0.00,100.00,946.21,1032.60,182.13,850.47,,,1978.81,1796.68,2.16,189.00,245.00,1.24,19393704,2026-09-18T06:17:10Z
B,ta,layers_92,async,128,2,0,0.00,46.70,450.78,366.17,185.70,180.47,,,816.95,631.25,2.16,191.00,244.00,1.24,19394116,2026-09-18T06:17:11Z
B,ta,2d,pread,128,2,0,0.00,100.00,1136.00,1036.46,185.00,851.46,,,2172.46,1987.46,2.24,190.00,245.00,1.24,19394492,2026-09-18T06:17:11Z
B,ta,2d,async,128,2,0,0.00,66.00,486.17,310.69,191.31,119.38,,,796.86,605.55,2.23,191.00,244.00,1.24,19393944,2026-09-18T06:17:11Z
B,ta,2e_K10,pread,128,2,0,0.00,100.00,434.20,2497.45,185.16,2312.29,,,2931.65,2746.49,2.20,190.00,245.00,1.24,19395200,2026-09-18T06:17:12Z
B,ta,2e_K10,async,128,2,0,0.00,100.00,433.01,321.58,190.85,130.74,,,754.59,563.75,2.35,191.00,244.00,1.24,19395440,2026-09-18T06:17:12Z
B,ta,2e_K500,pread,128,2,0,0.00,100.00,187.78,17535.46,187.00,17348.45,,,17723.24,17536.23,1.84,83.00,312.00,1.24,19396504,2026-09-18T06:17:12Z
B,ta,2e_K500,async,128,2,0,0.00,55.60,181.89,1024.17,190.82,833.36,,,1206.06,1015.25,2.16,182.00,317.00,1.24,19397852,2026-09-18T06:17:13Z
B,ta,2f_slru,pread,128,2,0,0.00,100.00,95.09,17550.67,186.70,17363.97,,,17645.76,17459.06,1.60,0.00,279.00,1.24,19383204,2026-09-18T06:17:13Z
B,ta,2f_slru,async,128,2,0,0.00,100.00,98.39,7360.58,184.29,7176.29,,,7458.97,7274.68,1.66,0.00,279.00,1.22,19381632,2026-09-18T06:17:13Z
B,ta,leaf_freq_K10,pread,128,2,0,0.00,100.00,616.16,1108.83,182.74,926.09,,,1724.99,1542.25,2.15,192.00,246.00,1.22,19384144,2026-09-18T06:17:14Z
B,ta,leaf_freq_K10,async,128,2,0,0.00,100.00,593.31,260.89,186.14,74.75,,,854.20,668.06,2.19,192.00,246.00,1.22,19385472,2026-09-18T06:17:14Z
B,ta,leaf_rand_K10,pread,128,2,0,0.00,100.00,611.40,1132.97,189.65,943.32,,,1744.37,1554.72,2.33,192.00,246.00,1.22,19388512,2026-09-18T06:17:14Z
B,ta,leaf_rand_K10,async,128,2,0,0.00,100.00,658.23,275.44,197.44,78.00,,,933.67,736.23,2.22,192.00,246.00,1.22,19394068,2026-09-18T06:17:15Z
B,1gb,layers_5,pread,128,2,0,0.00,100.00,1369.17,657.27,183.70,473.57,,,2026.44,1842.74,2.20,193.00,255.00,1.22,19394444,2026-09-18T06:17:15Z
B,1gb,layers_5,async,128,2,0,0.00,100.00,1442.92,261.09,186.39,74.70,,,1704.01,1517.62,2.30,194.00,254.00,1.22,19399796,2026-09-18T06:17:15Z
B,1gb,layers_92,pread,128,2,0,0.00,100.00,919.66,7974.88,184.48,7790.40,,,8894.54,8710.06,2.22,194.00,262.00,1.22,19400552,2026-09-18T06:17:16Z
B,1gb,layers_92,async,128,2,0,0.00,100.00,898.24,385.56,183.22,202.35,,,1283.80,1100.59,2.20,195.00,260.00,1.22,19400676,2026-09-18T06:17:16Z
B,1gb,2d,pread,128,2,0,0.00,100.00,657.23,2136.11,181.64,1954.47,,,2793.34,2611.70,2.22,193.00,263.00,1.22,19402244,2026-09-18T06:17:16Z
B,1gb,2d,async,128,2,0,0.00,100.00,611.70,276.09,186.30,89.79,,,887.79,701.49,2.22,194.00,261.00,1.22,19403620,2026-09-18T06:17:17Z
B,1gb,2e_K10,pread,128,2,0,0.00,100.00,603.61,2756.60,187.04,2569.56,,,3360.21,3173.17,2.22,193.00,263.00,1.22,19403816,2026-09-18T06:17:17Z
B,1gb,2e_K10,async,128,2,0,0.00,100.00,664.46,289.44,184.83,104.62,,,953.90,769.08,2.24,194.00,261.00,1.22,19404540,2026-09-18T06:17:17Z
B,1gb,2e_K500,pread,128,2,0,0.00,100.00,182.27,21319.71,196.69,21123.02,,,21501.98,21305.29,2.13,174.00,384.00,1.22,19408960,2026-09-18T06:17:18Z
B,1gb,2e_K500,async,128,2,0,0.00,100.00,187.15,1105.72,197.22,908.50,,,1292.87,1095.65,2.19,183.00,323.00,1.20,19409024,2026-09-18T06:17:18Z
B,1gb,2f_slru,pread,128,2,0,0.00,100.00,93.28,19015.98,196.77,18819.21,,,19109.26,18912.49,1.64,0.00,280.00,1.20,19400212,2026-09-18T06:17:18Z
B,1gb,2f_slru,async,128,2,0,0.00,100.00,101.83,7453.48,197.26,7256.22,,,7555.31,7358.05,1.63,0.00,280.00,1.20,19398232,2026-09-18T06:17:19Z
B,1gb,leaf_freq_K10,pread,128,2,0,0.00,100.00,1427.66,1007.32,197.33,809.99,,,2434.98,2237.65,2.22,193.00,252.00,1.20,19402724,2026-09-18T06:17:19Z
B,1gb,leaf_freq_K10,async,128,2,0,0.00,100.00,1564.79,268.88,195.19,73.70,,,1833.67,1638.49,2.24,193.00,252.00,1.20,19402648,2026-09-18T06:17:19Z
B,1gb,leaf_rand_K10,pread,128,2,0,0.00,100.00,1433.42,1030.46,198.27,832.18,,,2463.88,2265.60,2.21,193.00,253.00,1.20,19403332,2026-09-18T06:17:20Z
B,1gb,leaf_rand_K10,async,128,2,0,0.00,100.00,1431.33,266.39,191.36,75.03,,,1697.72,1506.36,2.36,193.00,253.00,1.20,19403864,2026-09-18T06:17:20Z
C,vacuum,layers_5,pread,128,2,0,0.00,100.00,900.98,778.23,195.60,582.64,,,1679.21,1483.62,1.52,18.00,27.00,1.20,19405240,2026-09-18T06:17:20Z
C,vacuum,layers_5,async,128,2,0,0.00,100.00,902.13,262.10,193.91,68.20,,,1164.23,970.33,1.56,18.00,27.00,1.20,19407988,2026-09-18T06:17:20Z
C,vacuum,layers_92,pread,128,2,0,0.00,100.00,504.35,7340.09,195.77,7144.32,,,7844.44,7648.67,1.53,18.00,29.00,1.20,19407848,2026-09-18T06:17:21Z
C,vacuum,layers_92,async,128,2,0,0.00,100.00,481.65,381.35,196.80,184.55,,,863.00,666.20,1.53,18.00,29.00,1.20,19410328,2026-09-18T06:17:21Z
C,vacuum,2d,pread,128,2,0,0.00,100.00,472.11,616.73,200.89,415.84,,,1088.84,887.95,1.53,18.00,29.00,1.20,19410812,2026-09-18T06:17:21Z
C,vacuum,2d,async,128,2,0,0.00,100.00,503.97,267.81,201.58,66.23,,,771.78,570.20,1.53,18.00,29.00,1.20,19411376,2026-09-18T06:17:22Z
C,vacuum,2e_K10,pread,128,2,0,0.00,100.00,499.41,1401.01,195.28,1205.74,,,1900.42,1705.15,1.53,16.00,34.00,1.20,19411152,2026-09-18T06:17:22Z
C,vacuum,2e_K10,async,128,2,0,0.00,100.00,470.44,399.60,319.08,80.52,,,870.04,550.96,1.54,17.00,33.00,1.20,19411252,2026-09-18T06:17:22Z
C,vacuum,2e_K500,pread,128,2,0,0.00,100.00,180.23,3123.46,195.95,2927.51,,,3303.69,3107.74,1.49,0.00,30.00,1.20,19411204,2026-09-18T06:17:22Z
C,vacuum,2e_K500,async,128,2,0,0.00,100.00,184.98,658.21,201.06,457.15,,,843.19,642.13,1.50,0.00,30.00,1.20,19410428,2026-09-18T06:17:23Z
C,vacuum,2f_slru,pread,128,2,0,0.00,100.00,93.99,3137.32,196.02,2941.30,,,3231.31,3035.29,1.48,0.00,30.00,1.20,19410856,2026-09-18T06:17:23Z
C,vacuum,2f_slru,async,128,2,0,0.00,100.00,93.54,790.12,203.95,586.16,,,883.66,679.70,1.48,0.00,30.00,1.19,19410828,2026-09-18T06:17:23Z
C,vacuum,leaf_freq_K10,pread,128,2,0,0.00,100.00,1153.75,714.25,190.86,523.39,,,1868.00,1677.14,1.54,16.00,32.00,1.19,19399644,2026-09-18T06:17:23Z
C,vacuum,leaf_freq_K10,async,128,2,0,0.00,80.00,2055.86,259.50,186.49,73.01,,,2315.36,2128.87,1.60,17.00,31.00,1.19,19400760,2026-09-18T06:17:24Z
C,vacuum,leaf_rand_K10,pread,128,2,0,0.00,100.00,978.34,999.25,194.13,805.11,,,1977.59,1783.45,1.55,18.00,27.00,1.19,19401428,2026-09-18T06:17:24Z
C,vacuum,leaf_rand_K10,async,128,2,0,0.00,100.00,940.75,269.45,194.89,74.56,,,1210.20,1015.31,1.54,18.00,27.00,1.19,19403880,2026-09-18T06:17:24Z
C,ta,layers_5,pread,128,2,0,0.00,100.00,867.33,443.36,193.48,249.88,,,1310.69,1117.21,1.61,20.00,30.00,1.19,19403092,2026-09-18T06:17:24Z
C,ta,layers_5,async,128,2,0,0.00,100.00,828.25,260.41,192.35,68.06,,,1088.66,896.31,1.59,20.00,30.00,1.19,19404092,2026-09-18T06:17:25Z
C,ta,layers_92,pread,128,2,0,0.00,100.00,478.85,1041.37,192.36,849.01,,,1520.22,1327.86,1.60,19.00,31.00,1.19,19404248,2026-09-18T06:17:25Z
C,ta,layers_92,async,128,2,0,0.00,100.00,468.45,370.46,194.10,176.35,,,838.91,644.80,1.61,19.00,31.00,1.19,19405184,2026-09-18T06:17:25Z
C,ta,2d,pread,128,2,0,0.00,100.00,473.96,1044.49,192.89,851.60,,,1518.45,1325.56,1.61,19.00,31.00,1.19,19422096,2026-09-18T06:17:25Z
C,ta,2d,async,128,2,0,0.00,56.20,474.71,314.57,196.28,118.29,,,789.28,593.00,1.61,19.00,31.00,1.19,19422828,2026-09-18T06:17:26Z
C,ta,2e_K10,pread,128,2,0,0.00,100.00,473.19,1581.86,194.52,1387.35,,,2055.05,1860.54,1.62,18.00,36.00,1.19,19423620,2026-09-18T06:17:26Z
C,ta,2e_K10,async,128,2,0,0.00,62.10,475.31,322.91,195.94,126.97,,,798.22,602.28,1.60,19.00,34.00,1.19,19423560,2026-09-18T06:17:26Z
C,ta,2e_K500,pread,128,2,0,0.00,100.00,179.31,3722.64,194.70,3527.94,,,3901.95,3707.25,1.53,0.00,38.00,1.19,19424272,2026-09-18T06:17:27Z
C,ta,2e_K500,async,128,2,0,0.00,100.00,178.28,798.76,194.22,604.55,,,977.04,782.83,1.55,0.00,38.00,1.19,19424664,2026-09-18T06:17:27Z
C,ta,2f_slru,pread,128,2,0,0.00,100.00,91.39,3716.47,194.18,3522.29,,,3807.86,3613.68,1.54,0.00,38.00,1.19,19424224,2026-09-18T06:17:27Z
C,ta,2f_slru,async,128,2,0,0.00,100.00,92.97,1039.37,194.51,844.86,,,1132.34,937.83,1.54,0.00,38.00,1.19,19424192,2026-09-18T06:17:27Z
C,ta,leaf_freq_K10,pread,128,2,0,0.00,100.00,873.24,921.58,193.52,728.06,,,1794.82,1601.30,1.59,19.00,35.00,1.19,19426484,2026-09-18T06:17:28Z
C,ta,leaf_freq_K10,async,128,2,0,0.00,100.00,1223.81,268.39,194.03,74.36,,,1492.20,1298.17,1.61,20.00,33.00,1.19,19427224,2026-09-18T06:17:28Z
C,ta,leaf_rand_K10,pread,128,2,0,0.00,100.00,886.24,1060.94,194.22,866.73,,,1947.18,1752.97,1.60,20.00,30.00,1.17,19427992,2026-09-18T06:17:28Z
C,ta,leaf_rand_K10,async,128,2,0,0.00,100.00,882.00,270.23,193.30,76.92,,,1152.23,958.92,1.61,20.00,30.00,1.17,19427320,2026-09-18T06:17:28Z
C,1gb,layers_5,pread,128,2,0,0.00,100.00,1217.33,693.97,191.78,502.19,,,1911.30,1719.52,1.68,40.00,54.00,1.17,19427804,2026-09-18T06:17:29Z
C,1gb,layers_5,async,128,2,0,0.00,100.00,1216.52,263.21,194.62,68.60,,,1479.73,1285.12,1.69,40.00,54.00,1.17,19427940,2026-09-18T06:17:29Z
C,1gb,layers_92,pread,128,2,0,0.00,100.00,1306.31,9993.51,195.70,9797.81,,,11299.82,11104.12,1.71,40.00,56.00,1.17,19429236,2026-09-18T06:17:29Z
C,1gb,layers_92,async,128,2,0,0.00,100.00,1058.40,381.91,189.87,192.04,,,1440.31,1250.44,1.70,40.00,56.00,1.17,19412920,2026-09-18T06:17:30Z
C,1gb,2d,pread,128,2,0,0.00,100.00,656.93,845.23,194.80,650.43,,,1502.16,1307.36,1.69,39.00,57.00,1.17,19413484,2026-09-18T06:17:30Z
C,1gb,2d,async,128,2,0,0.00,100.00,590.85,268.64,193.64,75.00,,,859.49,665.85,1.68,39.00,57.00,1.17,19416004,2026-09-18T06:17:30Z
C,1gb,2e_K10,pread,128,2,0,0.00,100.00,177.90,1705.73,195.91,1509.82,,,1883.63,1687.72,1.68,37.00,67.00,1.17,19415216,2026-09-18T06:17:30Z
C,1gb,2e_K10,async,128,2,0,0.00,100.00,146.28,279.57,193.76,85.81,,,425.85,232.09,1.68,37.00,67.00,1.17,19398168,2026-09-18T06:17:31Z
C,1gb,2e_K500,pread,128,2,0,0.00,100.00,179.38,4319.68,195.20,4124.48,,,4499.06,4303.86,1.56,1.00,66.00,1.17,19399892,2026-09-18T06:17:31Z
C,1gb,2e_K500,async,128,2,0,0.00,100.00,173.95,876.83,193.24,683.59,,,1050.78,857.54,1.71,36.00,91.00,1.17,19401468,2026-09-18T06:17:31Z
C,1gb,2f_slru,pread,128,2,0,0.00,100.00,92.61,5193.28,193.81,4999.47,,,5285.89,5092.08,1.58,0.00,64.00,1.17,19402516,2026-09-18T06:17:32Z
C,1gb,2f_slru,async,128,2,0,0.00,100.00,96.66,2286.10,700.66,1585.44,,,2382.76,1682.10,1.59,0.00,64.00,1.17,19402932,2026-09-18T06:17:32Z
C,1gb,leaf_freq_K10,pread,128,2,0,0.00,100.00,924.73,1094.82,196.02,898.80,,,2019.55,1823.53,1.68,39.00,62.00,1.17,19403368,2026-09-18T06:17:32Z
C,1gb,leaf_freq_K10,async,128,2,0,0.00,100.00,929.51,271.94,197.73,74.21,,,1201.45,1003.72,1.72,39.00,62.00,1.17,19402612,2026-09-18T06:17:32Z
C,1gb,leaf_rand_K10,pread,128,2,0,0.00,100.00,1295.81,1108.72,195.19,913.54,,,2404.53,2209.35,1.73,40.00,54.00,1.17,19402584,2026-09-18T06:17:33Z
C,1gb,leaf_rand_K10,async,128,2,0,0.00,100.00,1345.38,269.75,195.21,74.54,,,1615.13,1419.92,1.68,40.00,54.00,1.16,19403448,2026-09-18T06:17:33Z
A,vacuum,baseline,baseline,128,3,0,0.00,0.00,1122.10,0.00,0.00,0.00,,,1122.10,1122.10,2.06,149.00,213.00,1.16,19404660,2026-09-18T06:17:33Z
A,ta,baseline,baseline,128,3,0,0.00,0.00,1136.97,0.00,0.00,0.00,,,1136.97,1136.97,2.17,188.00,247.00,1.16,19404592,2026-09-18T06:17:34Z
A,1gb,baseline,baseline,128,3,0,0.00,0.00,1262.98,0.00,0.00,0.00,,,1262.98,1262.98,2.13,191.00,248.00,1.16,19404140,2026-09-18T06:17:34Z
B,vacuum,baseline,baseline,128,3,0,0.00,0.00,1003.51,0.00,0.00,0.00,,,1003.51,1003.51,2.14,147.00,209.00,1.16,19407348,2026-09-18T06:17:34Z
B,ta,baseline,baseline,128,3,0,0.00,0.00,618.04,0.00,0.00,0.00,,,618.04,618.04,2.16,192.00,246.00,1.16,19408256,2026-09-18T06:17:35Z
B,1gb,baseline,baseline,128,3,0,0.00,0.00,1447.86,0.00,0.00,0.00,,,1447.86,1447.86,2.23,193.00,253.00,1.16,19392692,2026-09-18T06:17:35Z
C,vacuum,baseline,baseline,128,3,0,0.00,0.00,950.32,0.00,0.00,0.00,,,950.32,950.32,1.55,18.00,27.00,1.16,19397168,2026-09-18T06:17:35Z
C,ta,baseline,baseline,128,3,0,0.00,0.00,910.26,0.00,0.00,0.00,,,910.26,910.26,1.63,20.00,30.00,1.16,19394744,2026-09-18T06:17:35Z
C,1gb,baseline,baseline,128,3,0,0.00,0.00,1272.15,0.00,0.00,0.00,,,1272.15,1272.15,1.71,40.00,55.00,1.16,19394792,2026-09-18T06:17:36Z
A,vacuum,layers_5,pread,128,3,0,0.00,100.00,839.78,808.52,224.43,584.09,,,1648.30,1423.87,2.01,150.00,212.00,1.16,19395048,2026-09-18T06:17:36Z
A,vacuum,layers_5,async,128,3,0,0.00,100.00,807.53,296.64,226.87,69.77,,,1104.17,877.30,2.02,150.00,210.00,1.16,19394064,2026-09-18T06:17:36Z
A,vacuum,layers_92,pread,128,3,0,0.00,100.00,508.02,7727.59,226.19,7501.40,,,8235.61,8009.42,2.03,150.00,219.00,1.16,19394372,2026-09-18T06:17:37Z
A,vacuum,layers_92,async,128,3,0,0.00,100.00,544.65,411.20,225.34,185.86,,,955.85,730.51,2.03,150.00,217.00,1.16,19394896,2026-09-18T06:17:37Z
A,vacuum,2d,pread,128,3,0,0.00,100.00,540.26,1408.80,229.18,1179.62,,,1949.06,1719.88,2.07,150.00,219.00,1.16,19396136,2026-09-18T06:17:37Z
A,vacuum,2d,async,128,3,0,0.00,100.00,501.63,301.35,224.04,77.31,,,802.98,578.94,1.99,150.00,217.00,1.16,19395880,2026-09-18T06:17:38Z
A,vacuum,2e_K10,pread,128,3,0,0.00,100.00,542.32,2177.77,238.53,1939.25,,,2720.09,2481.57,2.02,149.00,226.00,1.14,19396068,2026-09-18T06:17:38Z
A,vacuum,2e_K10,async,128,3,0,0.00,100.00,501.06,315.54,224.59,90.95,,,816.60,592.01,2.05,149.00,225.00,1.14,19396756,2026-09-18T06:17:38Z
A,vacuum,2e_K500,pread,128,3,0,0.00,100.00,550.78,13422.01,224.72,13197.29,,,13972.79,13748.07,1.91,123.00,412.00,1.14,19399540,2026-09-18T06:17:39Z
A,vacuum,2e_K500,async,128,3,0,0.00,15.80,578.80,952.31,223.02,729.29,,,1531.11,1308.09,2.00,151.00,320.00,1.14,19398860,2026-09-18T06:17:39Z
A,vacuum,2f_slru,pread,128,3,0,0.00,100.00,95.86,13860.04,223.37,13636.67,,,13955.90,13732.53,1.56,0.00,214.00,1.14,19401124,2026-09-18T06:17:39Z
A,vacuum,2f_slru,async,128,3,0,0.00,100.00,97.74,5743.86,226.51,5517.35,,,5841.60,5615.09,1.59,0.00,214.00,1.14,19403608,2026-09-18T06:17:39Z
A,vacuum,leaf_freq_K10,pread,128,3,0,0.00,100.00,1021.89,1122.12,227.94,894.18,,,2144.01,1916.07,2.03,149.00,217.00,1.14,19403076,2026-09-18T06:17:40Z
A,vacuum,leaf_freq_K10,async,128,3,0,0.00,100.00,955.05,298.37,223.35,75.02,,,1253.42,1030.07,2.08,149.00,217.00,1.14,19398484,2026-09-18T06:17:40Z
A,vacuum,leaf_rand_K10,pread,128,3,0,0.00,100.00,896.27,1136.35,228.38,907.97,,,2032.62,1804.24,2.15,149.00,215.00,1.14,19404964,2026-09-18T06:17:40Z
A,vacuum,leaf_rand_K10,async,128,3,0,0.00,100.00,973.08,305.56,227.77,77.80,,,1278.64,1050.88,2.04,149.00,215.00,1.14,19407208,2026-09-18T06:17:41Z
A,ta,layers_5,pread,128,3,0,0.00,100.00,901.59,474.32,226.00,248.33,,,1375.91,1149.92,2.18,188.00,247.00,1.14,19407548,2026-09-18T06:17:41Z
A,ta,layers_5,async,128,3,0,0.00,100.00,1035.33,294.87,226.01,68.86,,,1330.20,1104.19,2.13,188.00,246.00,1.14,19408144,2026-09-18T06:17:41Z
A,ta,layers_92,pread,128,3,0,0.00,100.00,571.75,1024.50,224.80,799.69,,,1596.25,1371.44,2.13,184.00,248.00,1.14,19408440,2026-09-18T06:17:42Z
A,ta,layers_92,async,128,3,0,0.00,100.00,553.74,403.13,225.46,177.66,,,956.87,731.40,2.16,187.00,246.00,1.14,19408152,2026-09-18T06:17:42Z
A,ta,2d,pread,128,3,0,0.00,100.00,571.39,1070.58,224.75,845.83,,,1641.97,1417.22,2.19,187.00,247.00,1.14,19408820,2026-09-18T06:17:42Z
A,ta,2d,async,128,3,0,0.00,100.00,560.44,332.19,227.62,104.58,,,892.63,665.02,2.14,187.00,246.00,1.14,19409144,2026-09-18T06:17:43Z
A,ta,2e_K10,pread,128,3,0,0.00,100.00,573.41,1932.09,225.09,1707.00,,,2505.50,2280.41,2.17,190.00,248.00,1.13,19409436,2026-09-18T06:17:43Z
A,ta,2e_K10,async,128,3,0,0.00,93.20,496.96,336.52,223.98,112.54,,,833.48,609.50,2.12,190.00,247.00,1.13,19410592,2026-09-18T06:17:43Z
A,ta,2e_K500,pread,128,3,0,0.00,100.00,553.11,17456.54,188.46,17268.07,,,18009.65,17821.18,2.07,169.00,437.00,1.13,19412872,2026-09-18T06:17:44Z
A,ta,2e_K500,async,128,3,0,0.00,25.80,1216.60,945.84,183.47,762.37,,,2162.44,1978.97,2.13,181.00,380.00,1.13,19414060,2026-09-18T06:17:44Z
A,ta,2f_slru,pread,128,3,0,0.00,100.00,97.38,18074.36,185.74,17888.62,,,18171.74,17986.00,1.55,0.00,279.00,1.13,19415932,2026-09-18T06:17:44Z
A,ta,2f_slru,async,128,3,0,0.00,100.00,97.73,7404.07,184.54,7219.53,,,7501.80,7317.26,1.57,0.00,279.00,1.13,19413508,2026-09-18T06:17:44Z
A,ta,leaf_freq_K10,pread,128,3,0,0.00,100.00,1050.65,1108.69,180.74,927.96,,,2159.34,1978.61,2.14,191.00,248.00,1.13,19416852,2026-09-18T06:17:45Z
A,ta,leaf_freq_K10,async,128,3,0,0.00,100.00,1027.17,261.06,185.55,75.51,,,1288.23,1102.68,2.15,191.00,248.00,1.13,19416748,2026-09-18T06:17:45Z
A,ta,leaf_rand_K10,pread,128,3,0,0.00,100.00,1023.62,1055.81,185.59,870.22,,,2079.43,1893.84,2.19,188.00,247.00,1.13,19412780,2026-09-18T06:17:45Z
A,ta,leaf_rand_K10,async,128,3,0,0.00,100.00,1045.68,258.44,182.10,76.33,,,1304.12,1122.01,2.12,188.00,247.00,1.13,19421412,2026-09-18T06:17:46Z
A,1gb,layers_5,pread,128,3,0,0.00,100.00,1230.08,657.64,183.53,474.10,,,1887.72,1704.18,2.14,191.00,246.00,1.13,19436964,2026-09-18T06:17:46Z
A,1gb,layers_5,async,128,3,0,0.00,100.00,1388.82,266.71,192.79,73.92,,,1655.53,1462.74,2.25,191.00,246.00,1.13,19436892,2026-09-18T06:17:46Z
A,1gb,layers_92,pread,128,3,0,0.00,100.00,941.68,7982.40,186.03,7796.37,,,8924.08,8738.05,2.17,188.00,258.00,1.13,19437528,2026-09-18T06:17:47Z
A,1gb,layers_92,async,128,3,0,0.00,100.00,910.39,392.68,184.71,207.97,,,1303.07,1118.36,2.19,188.00,257.00,1.13,19437900,2026-09-18T06:17:47Z
A,1gb,2d,pread,128,3,0,0.00,100.00,580.84,2096.20,193.37,1902.83,,,2677.04,2483.67,2.21,187.00,259.00,1.13,19437400,2026-09-18T06:17:47Z
A,1gb,2d,async,128,3,0,0.00,100.00,540.99,273.51,184.21,89.31,,,814.50,630.30,2.11,187.00,258.00,1.13,19437264,2026-09-18T06:17:48Z
A,1gb,2e_K10,pread,128,3,0,0.00,100.00,639.88,2847.37,188.66,2658.71,,,3487.25,3298.59,2.18,190.00,261.00,1.12,19438188,2026-09-18T06:17:48Z
A,1gb,2e_K10,async,128,3,0,0.00,100.00,688.83,323.53,217.61,105.92,,,1012.36,794.75,2.26,190.00,260.00,1.12,19437940,2026-09-18T06:17:48Z
A,1gb,2e_K500,pread,128,3,0,0.00,100.00,611.73,22783.57,185.02,22598.55,,,23395.30,23210.28,2.03,164.00,430.00,1.12,19439016,2026-09-18T06:17:49Z
A,1gb,2e_K500,async,128,3,0,0.00,100.00,653.04,1092.33,182.69,909.64,,,1745.37,1562.68,2.10,181.00,382.00,1.12,19438144,2026-09-18T06:17:49Z
A,1gb,2f_slru,pread,128,3,0,0.00,100.00,98.41,28406.19,192.19,28214.00,,,28504.60,28312.41,1.56,0.00,280.00,1.12,19438940,2026-09-18T06:17:49Z
A,1gb,2f_slru,async,128,3,0,0.00,100.00,100.71,7448.39,184.17,7264.23,,,7549.10,7364.94,1.57,0.00,280.00,1.12,19437292,2026-09-18T06:17:50Z
A,1gb,leaf_freq_K10,pread,128,3,0,0.00,100.00,1536.64,1082.23,183.88,898.36,,,2618.87,2435.00,2.16,193.00,248.00,1.12,19439920,2026-09-18T06:17:50Z
A,1gb,leaf_freq_K10,async,128,3,0,0.00,100.00,1440.36,268.92,193.37,75.54,,,1709.28,1515.90,2.17,193.00,248.00,1.12,19439256,2026-09-18T06:17:50Z
A,1gb,leaf_rand_K10,pread,128,3,0,0.00,100.00,1327.36,1079.14,187.97,891.16,,,2406.50,2218.52,2.19,191.00,247.00,1.12,19438672,2026-09-18T06:17:51Z
A,1gb,leaf_rand_K10,async,128,3,0,0.00,100.00,1358.71,261.39,183.96,77.44,,,1620.10,1436.15,2.16,191.00,247.00,1.12,19413696,2026-09-18T06:17:51Z
B,vacuum,layers_5,pread,128,3,0,0.00,100.00,935.23,1779.54,783.01,996.52,,,2714.77,1931.75,2.08,147.00,212.00,1.12,19424100,2026-09-18T06:17:51Z
B,vacuum,layers_5,async,128,3,0,0.00,100.00,901.14,255.60,185.76,69.84,,,1156.74,970.98,2.08,148.00,209.00,1.12,19425600,2026-09-18T06:17:52Z
B,vacuum,layers_92,pread,128,3,0,0.00,100.00,586.77,7271.55,186.00,7085.55,,,7858.32,7672.32,2.04,144.00,226.00,1.12,19424192,2026-09-18T06:17:52Z
B,vacuum,layers_92,async,128,3,0,0.00,100.00,514.58,370.76,185.99,184.77,,,885.34,699.35,2.01,145.00,223.00,1.12,19423608,2026-09-18T06:17:52Z
B,vacuum,2d,pread,128,3,0,0.00,100.00,521.36,1349.40,189.23,1160.17,,,1870.76,1681.53,2.04,144.00,226.00,1.12,19424636,2026-09-18T06:17:53Z
B,vacuum,2d,async,128,3,0,0.00,100.00,555.25,285.26,202.26,83.00,,,840.51,638.25,2.11,145.00,223.00,1.11,19424812,2026-09-18T06:17:53Z
B,vacuum,2e_K10,pread,128,3,0,0.00,100.00,580.55,2207.24,185.33,2021.91,,,2787.79,2602.46,2.05,144.00,227.00,1.11,19421496,2026-09-18T06:17:53Z
B,vacuum,2e_K10,async,128,3,0,0.00,100.00,515.91,274.43,183.09,91.33,,,790.34,607.24,2.03,145.00,224.00,1.11,19423192,2026-09-18T06:17:54Z
B,vacuum,2e_K500,pread,128,3,0,0.00,100.00,479.26,13845.77,185.45,13660.32,,,14325.03,14139.58,1.77,52.00,290.00,1.11,19419104,2026-09-18T06:17:54Z
B,vacuum,2e_K500,async,128,3,0,0.00,18.90,181.51,918.18,186.42,731.75,,,1099.69,913.26,2.04,148.00,284.00,1.11,19420104,2026-09-18T06:17:54Z
B,vacuum,2f_slru,pread,128,3,0,0.00,100.00,93.82,19502.09,183.90,19318.20,,,19595.91,19412.02,1.59,0.00,214.00,1.11,19420160,2026-09-18T06:17:54Z
B,vacuum,2f_slru,async,128,3,0,0.00,100.00,96.29,5684.12,183.09,5501.02,,,5780.41,5597.31,1.61,0.00,214.00,1.11,19421900,2026-09-18T06:17:55Z
B,vacuum,leaf_freq_K10,pread,128,3,0,0.00,100.00,955.95,1114.62,184.12,930.51,,,2070.57,1886.46,2.06,147.00,210.00,1.11,19421308,2026-09-18T06:17:55Z
B,vacuum,leaf_freq_K10,async,128,3,0,0.00,100.00,985.18,263.52,186.09,77.44,,,1248.70,1062.62,2.07,147.00,210.00,1.11,19420264,2026-09-18T06:17:55Z
B,vacuum,leaf_rand_K10,pread,128,3,0,0.00,100.00,1025.82,1002.99,192.71,810.27,,,2028.81,1836.09,2.06,147.00,209.00,1.11,19420740,2026-09-18T06:17:56Z
B,vacuum,leaf_rand_K10,async,128,3,0,0.00,100.00,955.40,269.29,187.70,81.58,,,1224.69,1036.98,2.11,147.00,209.00,1.11,19424520,2026-09-18T06:17:56Z
B,ta,layers_5,pread,128,3,0,0.00,100.00,489.92,436.52,184.40,252.12,,,926.44,742.04,2.22,192.00,245.00,1.11,19410380,2026-09-18T06:17:56Z
B,ta,layers_5,async,128,3,0,0.00,100.00,852.96,257.52,182.53,74.99,,,1110.48,927.95,2.21,192.00,244.00,1.11,19409420,2026-09-18T06:17:57Z
B,ta,layers_92,pread,128,3,0,0.00,100.00,472.71,1725.87,188.28,1537.59,,,2198.58,2010.30,2.24,189.00,245.00,1.11,19410188,2026-09-18T06:17:57Z
B,ta,layers_92,async,128,3,0,0.00,100.00,475.85,394.81,185.33,209.48,,,870.66,685.33,2.22,191.00,244.00,1.11,19408968,2026-09-18T06:17:57Z
B,ta,2d,pread,128,3,0,0.00,100.00,424.46,1050.73,194.70,856.04,,,1475.19,1280.50,2.19,190.00,245.00,1.11,19409508,2026-09-18T06:17:58Z
B,ta,2d,async,128,3,0,0.00,66.00,392.97,315.46,197.27,118.19,,,708.43,511.16,2.16,191.00,244.00,1.10,19409652,2026-09-18T06:17:58Z
B,ta,2e_K10,pread,128,3,0,0.00,100.00,493.00,2453.21,183.69,2269.52,,,2946.21,2762.52,2.21,190.00,245.00,1.10,19410240,2026-09-18T06:17:58Z
B,ta,2e_K10,async,128,3,0,0.00,71.90,465.57,327.76,194.86,132.90,,,793.33,598.47,2.21,191.00,244.00,1.10,19411080,2026-09-18T06:17:59Z
B,ta,2e_K500,pread,128,3,0,0.00,100.00,258.44,17547.67,185.06,17362.61,,,17806.11,17621.05,1.86,83.00,312.00,1.10,19410300,2026-09-18T06:17:59Z
B,ta,2e_K500,async,128,3,0,0.00,38.20,185.66,962.59,184.05,778.54,,,1148.25,964.20,2.16,182.00,316.00,1.10,19411244,2026-09-18T06:17:59Z
B,ta,2f_slru,pread,128,3,0,0.00,100.00,95.87,18178.59,184.82,17993.78,,,18274.46,18089.65,1.60,0.00,279.00,1.10,19411032,2026-09-18T06:18:00Z
B,ta,2f_slru,async,128,3,0,0.00,100.00,98.24,7253.89,184.39,7069.50,,,7352.13,7167.74,1.63,0.00,279.00,1.10,19411120,2026-09-18T06:18:00Z
B,ta,leaf_freq_K10,pread,128,3,0,0.00,100.00,657.90,1108.24,181.42,926.82,,,1766.14,1584.72,2.16,192.00,246.00,1.10,19412060,2026-09-18T06:18:00Z
B,ta,leaf_freq_K10,async,128,3,0,0.00,100.00,645.87,281.78,205.86,75.92,,,927.65,721.79,2.26,192.00,246.00,1.10,19412144,2026-09-18T06:18:00Z
B,ta,leaf_rand_K10,pread,128,3,0,0.00,100.00,622.20,1085.59,186.21,899.38,,,1707.79,1521.58,2.18,192.00,246.00,1.10,19413224,2026-09-18T06:18:01Z
B,ta,leaf_rand_K10,async,128,3,0,0.00,100.00,595.99,256.62,181.43,75.19,,,852.61,671.18,2.17,192.00,246.00,1.10,19413700,2026-09-18T06:18:01Z
B,1gb,layers_5,pread,128,3,0,0.00,100.00,1320.02,703.69,188.05,515.64,,,2023.71,1835.66,2.23,193.00,255.00,1.10,19413732,2026-09-18T06:18:01Z
B,1gb,layers_5,async,128,3,0,0.00,100.00,1351.11,256.35,185.72,70.63,,,1607.46,1421.74,2.23,194.00,254.00,1.10,19391016,2026-09-18T06:18:02Z
B,1gb,layers_92,pread,128,3,0,0.00,100.00,914.18,7987.86,184.02,7803.84,,,8902.04,8718.02,2.22,194.00,262.00,1.10,19392164,2026-09-18T06:18:02Z
B,1gb,layers_92,async,128,3,0,0.00,100.00,968.25,404.49,221.99,182.50,,,1372.74,1150.75,2.28,195.00,260.00,1.10,19392252,2026-09-18T06:18:03Z
B,1gb,2d,pread,128,3,0,0.00,100.00,637.81,2139.65,188.27,1951.38,,,2777.46,2589.19,2.22,193.00,263.00,1.10,19390732,2026-09-18T06:18:03Z
B,1gb,2d,async,128,3,0,0.00,100.00,546.19,278.14,185.70,92.44,,,824.33,638.63,2.21,194.00,261.00,1.09,19391260,2026-09-18T06:18:03Z
B,1gb,2e_K10,pread,128,3,0,0.00,100.00,584.12,2914.55,195.61,2718.94,,,3498.67,3303.06,2.26,193.00,263.00,1.09,19391416,2026-09-18T06:18:04Z
B,1gb,2e_K10,async,128,3,0,0.00,100.00,605.24,292.70,184.26,108.44,,,897.94,713.68,2.18,194.00,261.00,1.09,19390908,2026-09-18T06:18:04Z
B,1gb,2e_K500,pread,128,3,0,0.00,100.00,184.10,18973.97,199.64,18774.33,,,19158.07,18958.43,2.14,174.00,384.00,1.09,19391224,2026-09-18T06:18:04Z
B,1gb,2e_K500,async,128,3,0,0.00,100.00,189.36,1063.39,203.37,860.02,,,1252.75,1049.38,2.28,183.00,323.00,1.09,19392704,2026-09-18T06:18:05Z
B,1gb,2f_slru,pread,128,3,0,0.00,100.00,100.55,19177.69,197.42,18980.27,,,19278.24,19080.82,1.59,0.00,280.00,1.09,19392896,2026-09-18T06:18:05Z
B,1gb,2f_slru,async,128,3,0,0.00,100.00,99.06,7397.96,198.42,7199.53,,,7497.02,7298.59,1.66,0.00,280.00,1.09,19390948,2026-09-18T06:18:05Z
B,1gb,leaf_freq_K10,pread,128,3,0,0.00,100.00,2947.65,1068.42,196.67,871.75,,,4016.07,3819.40,2.30,193.00,252.00,1.09,19395700,2026-09-18T06:18:06Z
B,1gb,leaf_freq_K10,async,128,3,0,0.00,100.00,1485.28,271.69,197.18,74.51,,,1756.97,1559.79,2.21,193.00,252.00,1.09,19396228,2026-09-18T06:18:06Z
B,1gb,leaf_rand_K10,pread,128,3,0,0.00,100.00,1299.74,1028.13,197.29,830.84,,,2327.87,2130.58,2.18,193.00,253.00,1.09,19398452,2026-09-18T06:18:06Z
B,1gb,leaf_rand_K10,async,128,3,0,0.00,100.00,1441.68,269.61,191.57,78.04,,,1711.29,1519.72,2.28,193.00,253.00,1.09,19417196,2026-09-18T06:18:07Z
C,vacuum,layers_5,pread,128,3,0,0.00,100.00,882.43,786.99,197.19,589.80,,,1669.42,1472.23,1.54,18.00,27.00,1.09,19416820,2026-09-18T06:18:07Z
C,vacuum,layers_5,async,128,3,0,0.00,100.00,867.78,265.00,195.68,69.32,,,1132.78,937.10,1.53,18.00,27.00,1.09,19418772,2026-09-18T06:18:07Z
C,vacuum,layers_92,pread,128,3,0,0.00,100.00,578.41,7385.11,200.01,7185.11,,,7963.52,7763.52,1.55,18.00,29.00,1.09,19400564,2026-09-18T06:18:07Z
C,vacuum,layers_92,async,128,3,0,0.00,100.00,507.63,378.78,198.16,180.62,,,886.41,688.25,1.53,18.00,29.00,1.09,19396316,2026-09-18T06:18:08Z
C,vacuum,2d,pread,128,3,0,0.00,100.00,499.97,1041.11,624.68,416.42,,,1541.08,916.39,1.53,18.00,29.00,1.09,19398896,2026-09-18T06:18:08Z
C,vacuum,2d,async,128,3,0,0.00,100.00,501.97,264.57,197.36,67.21,,,766.54,569.18,1.55,18.00,29.00,1.09,19400040,2026-09-18T06:18:08Z
C,vacuum,2e_K10,pread,128,3,0,0.00,100.00,517.08,1498.36,197.31,1301.05,,,2015.44,1818.13,1.53,16.00,34.00,1.09,19406444,2026-09-18T06:18:08Z
C,vacuum,2e_K10,async,128,3,0,0.00,92.90,515.61,272.53,194.83,77.71,,,788.14,593.32,1.53,17.00,33.00,1.09,19407248,2026-09-18T06:18:09Z
C,vacuum,2e_K500,pread,128,3,0,0.00,100.00,179.95,2460.43,198.61,2261.82,,,2640.38,2441.77,1.48,0.00,30.00,1.09,19408576,2026-09-18T06:18:09Z
C,vacuum,2e_K500,async,128,3,0,0.00,48.80,176.75,671.57,196.34,475.23,,,848.32,651.98,1.49,0.00,30.00,1.09,19410492,2026-09-18T06:18:09Z
C,vacuum,2f_slru,pread,128,3,0,0.00,100.00,93.69,3093.81,201.39,2892.42,,,3187.50,2986.11,1.53,0.00,30.00,1.09,19412388,2026-09-18T06:18:09Z
C,vacuum,2f_slru,async,128,3,0,0.00,100.00,97.10,797.76,199.22,598.53,,,894.86,695.63,1.48,0.00,30.00,1.09,19413184,2026-09-18T06:18:10Z
C,vacuum,leaf_freq_K10,pread,128,3,0,0.00,100.00,1165.74,781.66,198.07,583.59,,,1947.40,1749.33,1.52,16.00,32.00,1.09,19412396,2026-09-18T06:18:10Z
C,vacuum,leaf_freq_K10,async,128,3,0,0.00,100.00,1150.35,271.72,197.25,74.47,,,1422.07,1224.82,1.54,17.00,31.00,1.09,19413308,2026-09-18T06:18:10Z
C,vacuum,leaf_rand_K10,pread,128,3,0,0.00,100.00,998.99,1064.24,199.03,865.21,,,2063.23,1864.20,1.55,18.00,27.00,1.09,19416040,2026-09-18T06:18:10Z
C,vacuum,leaf_rand_K10,async,128,3,0,0.00,100.00,985.44,277.19,197.66,79.53,,,1262.63,1064.97,1.54,18.00,27.00,1.09,19415848,2026-09-18T06:18:11Z
C,ta,layers_5,pread,128,3,0,0.00,100.00,801.13,447.65,196.99,250.66,,,1248.78,1051.79,1.61,20.00,30.00,1.09,19415496,2026-09-18T06:18:11Z
C,ta,layers_5,async,128,3,0,0.00,100.00,886.82,264.99,196.75,68.24,,,1151.81,955.06,1.59,20.00,30.00,1.09,19417632,2026-09-18T06:18:11Z
C,ta,layers_92,pread,128,3,0,0.00,100.00,485.22,1047.32,197.91,849.41,,,1532.54,1334.63,1.60,19.00,31.00,1.09,19417368,2026-09-18T06:18:11Z
C,ta,layers_92,async,128,3,0,0.00,44.60,465.70,363.14,196.19,166.95,,,828.84,632.65,1.58,19.00,31.00,1.09,19407668,2026-09-18T06:18:12Z
C,ta,2d,pread,128,3,0,0.00,100.00,456.79,1144.93,198.38,946.55,,,1601.72,1403.34,1.60,19.00,31.00,1.09,19406096,2026-09-18T06:18:12Z
C,ta,2d,async,128,3,0,0.00,64.60,482.07,313.18,195.77,117.41,,,795.25,599.48,1.60,19.00,31.00,1.09,19408672,2026-09-18T06:18:12Z
C,ta,2e_K10,pread,128,3,0,0.00,100.00,477.71,1793.90,198.65,1595.25,,,2271.61,2072.96,1.58,18.00,36.00,1.09,19409188,2026-09-18T06:18:13Z
C,ta,2e_K10,async,128,3,0,0.00,100.00,476.02,329.55,200.41,129.14,,,805.57,605.16,1.60,19.00,34.00,1.09,19410228,2026-09-18T06:18:13Z
C,ta,2e_K500,pread,128,3,0,0.00,100.00,181.33,3632.99,201.38,3431.61,,,3814.32,3612.94,1.54,0.00,38.00,1.08,19408352,2026-09-18T06:18:13Z
C,ta,2e_K500,async,128,3,0,0.00,100.00,183.32,819.43,196.77,622.66,,,1002.75,805.98,1.54,0.00,38.00,1.08,19390632,2026-09-18T06:18:13Z
C,ta,2f_slru,pread,128,3,0,0.00,100.00,93.58,3540.07,200.11,3339.97,,,3633.65,3433.55,1.53,0.00,38.00,1.08,19400276,2026-09-18T06:18:14Z
C,ta,2f_slru,async,128,3,0,0.00,100.00,93.06,1057.60,198.48,859.12,,,1150.66,952.18,1.54,0.00,38.00,1.08,19402220,2026-09-18T06:18:14Z
C,ta,leaf_freq_K10,pread,128,3,0,0.00,100.00,1248.34,785.70,196.99,588.71,,,2034.04,1837.05,1.60,19.00,35.00,1.08,19399980,2026-09-18T06:18:14Z
C,ta,leaf_freq_K10,async,128,3,0,0.00,100.00,1230.60,272.05,197.22,74.83,,,1502.65,1305.43,1.60,20.00,33.00,1.08,19397752,2026-09-18T06:18:14Z
C,ta,leaf_rand_K10,pread,128,3,0,0.00,100.00,895.18,1035.98,196.60,839.38,,,1931.16,1734.56,1.59,20.00,30.00,1.08,19397808,2026-09-18T06:18:15Z
C,ta,leaf_rand_K10,async,128,3,0,0.00,100.00,878.65,274.56,198.17,76.38,,,1153.21,955.03,1.60,20.00,30.00,1.08,19399500,2026-09-18T06:18:15Z
C,1gb,layers_5,pread,128,3,0,0.00,100.00,1321.04,705.70,197.85,507.85,,,2026.74,1828.89,1.70,40.00,54.00,1.08,19400084,2026-09-18T06:18:15Z
C,1gb,layers_5,async,128,3,0,0.00,100.00,1321.62,267.06,197.41,69.65,,,1588.68,1391.27,1.69,40.00,54.00,1.08,19400296,2026-09-18T06:18:16Z
C,1gb,layers_92,pread,128,3,0,0.00,100.00,1023.50,8264.49,197.00,8067.49,,,9287.99,9090.99,1.68,40.00,56.00,1.08,19400808,2026-09-18T06:18:16Z
C,1gb,layers_92,async,128,3,0,0.00,100.00,1022.50,399.14,197.95,201.19,,,1421.64,1223.69,1.68,40.00,56.00,1.08,19402348,2026-09-18T06:18:16Z
C,1gb,2d,pread,128,3,0,0.00,100.00,560.56,843.47,195.23,648.24,,,1404.03,1208.80,1.67,39.00,57.00,1.08,19401552,2026-09-18T06:18:16Z
C,1gb,2d,async,128,3,0,0.00,100.00,595.65,268.10,192.95,75.15,,,863.75,670.80,1.70,39.00,57.00,1.08,19401996,2026-09-18T06:18:17Z
C,1gb,2e_K10,pread,128,3,0,0.00,100.00,180.26,1706.72,202.16,1504.56,,,1886.98,1684.82,1.68,37.00,67.00,1.08,19402056,2026-09-18T06:18:17Z
C,1gb,2e_K10,async,128,3,0,0.00,100.00,181.61,287.26,197.98,89.28,,,468.87,270.89,1.69,37.00,67.00,1.08,19404004,2026-09-18T06:18:17Z
C,1gb,2e_K500,pread,128,3,0,0.00,100.00,181.05,4688.68,195.75,4492.93,,,4869.73,4673.98,1.55,1.00,66.00,1.08,19407544,2026-09-18T06:18:18Z
C,1gb,2e_K500,async,128,3,0,0.00,100.00,184.54,894.60,197.74,696.86,,,1079.14,881.40,1.68,36.00,92.00,1.08,19407996,2026-09-18T06:18:18Z
C,1gb,2f_slru,pread,128,3,0,0.00,100.00,96.98,5514.61,195.98,5318.63,,,5611.59,5415.61,1.54,0.00,64.00,1.07,19408504,2026-09-18T06:18:18Z
C,1gb,2f_slru,async,128,3,0,0.00,100.00,9387.76,1852.93,193.34,1659.59,,,11240.69,11047.35,1.66,0.00,64.00,1.07,19408980,2026-09-18T06:18:18Z
C,1gb,leaf_freq_K10,pread,128,3,0,0.00,100.00,930.85,1094.12,194.77,899.35,,,2024.97,1830.20,1.68,39.00,62.00,1.07,19394208,2026-09-18T06:18:19Z
C,1gb,leaf_freq_K10,async,128,3,0,0.00,100.00,890.09,270.99,196.72,74.27,,,1161.08,964.36,1.67,39.00,62.00,1.07,19395868,2026-09-18T06:18:19Z
C,1gb,leaf_rand_K10,pread,128,3,0,0.00,100.00,1314.07,1079.96,198.68,881.28,,,2394.03,2195.35,1.68,40.00,54.00,1.07,19396892,2026-09-18T06:18:19Z
C,1gb,leaf_rand_K10,async,128,3,0,0.00,100.00,1447.14,271.27,194.56,76.71,,,1718.41,1523.85,1.69,40.00,54.00,1.07,19397480,2026-09-18T06:18:20Z
A,vacuum,baseline,baseline,128,4,0,0.00,0.00,991.19,0.00,0.00,0.00,,,991.19,991.19,2.03,149.00,213.00,1.07,19397964,2026-09-18T06:18:20Z
A,ta,baseline,baseline,128,4,0,0.00,0.00,1115.93,0.00,0.00,0.00,,,1115.93,1115.93,2.16,188.00,247.00,1.07,19399796,2026-09-18T06:18:20Z
A,1gb,baseline,baseline,128,4,0,0.00,0.00,1371.72,0.00,0.00,0.00,,,1371.72,1371.72,2.19,191.00,248.00,1.07,19398624,2026-09-18T06:18:21Z
B,vacuum,baseline,baseline,128,4,0,0.00,0.00,1007.28,0.00,0.00,0.00,,,1007.28,1007.28,2.14,147.00,209.00,1.07,19401472,2026-09-18T06:18:21Z
B,ta,baseline,baseline,128,4,0,0.00,0.00,588.85,0.00,0.00,0.00,,,588.85,588.85,2.16,192.00,246.00,1.07,19401036,2026-09-18T06:18:21Z
B,1gb,baseline,baseline,128,4,0,0.00,0.00,1397.30,0.00,0.00,0.00,,,1397.30,1397.30,2.20,193.00,253.00,1.07,19400360,2026-09-18T06:18:22Z
C,vacuum,baseline,baseline,128,4,0,0.00,0.00,969.98,0.00,0.00,0.00,,,969.98,969.98,1.53,18.00,27.00,1.07,19402884,2026-09-18T06:18:22Z
C,ta,baseline,baseline,128,4,0,0.00,0.00,909.78,0.00,0.00,0.00,,,909.78,909.78,1.61,20.00,30.00,1.07,19401948,2026-09-18T06:18:22Z
C,1gb,baseline,baseline,128,4,0,0.00,0.00,1263.31,0.00,0.00,0.00,,,1263.31,1263.31,1.69,40.00,55.00,1.07,19402324,2026-09-18T06:18:22Z
A,vacuum,layers_5,pread,128,4,0,0.00,100.00,873.47,813.75,224.82,588.93,,,1687.22,1462.40,2.02,150.00,212.00,1.07,19404348,2026-09-18T06:18:23Z
A,vacuum,layers_5,async,128,4,0,0.00,100.00,767.89,294.16,225.35,68.81,,,1062.05,836.70,2.00,150.00,210.00,1.07,19403728,2026-09-18T06:18:23Z
A,vacuum,layers_92,pread,128,4,0,0.00,100.00,500.35,7800.54,225.98,7574.56,,,8300.89,8074.91,2.07,150.00,219.00,1.07,19405584,2026-09-18T06:18:23Z
A,vacuum,layers_92,async,128,4,0,0.00,100.00,551.96,414.44,224.81,189.63,,,966.40,741.59,2.04,150.00,217.00,1.07,19405844,2026-09-18T06:18:24Z
A,vacuum,2d,pread,128,4,0,0.00,100.00,541.47,1447.45,227.34,1220.11,,,1988.92,1761.58,2.17,150.00,219.00,1.07,19391248,2026-09-18T06:18:24Z
A,vacuum,2d,async,128,4,0,0.00,100.00,544.91,303.76,228.04,75.72,,,848.67,620.63,2.03,150.00,217.00,1.07,19394976,2026-09-18T06:18:24Z
A,vacuum,2e_K10,pread,128,4,0,0.00,100.00,1289.00,2248.43,223.58,2024.85,,,3537.43,3313.85,2.02,149.00,226.00,1.07,19396716,2026-09-18T06:18:25Z
A,vacuum,2e_K10,async,128,4,0,0.00,100.00,476.91,313.58,222.75,90.83,,,790.49,567.74,1.99,149.00,225.00,1.07,19398992,2026-09-18T06:18:25Z
A,vacuum,2e_K500,pread,128,4,0,0.00,100.00,577.76,13872.37,227.64,13644.73,,,14450.13,14222.49,1.90,123.00,416.00,1.07,19402040,2026-09-18T06:18:25Z
A,vacuum,2e_K500,async,128,4,0,0.00,100.00,511.55,1072.41,228.80,843.61,,,1583.96,1355.16,1.98,151.00,316.00,1.07,19402400,2026-09-18T06:18:25Z
A,vacuum,2f_slru,pread,128,4,0,0.00,100.00,95.74,13751.97,223.57,13528.40,,,13847.71,13624.14,1.53,0.00,214.00,1.07,19403152,2026-09-18T06:18:26Z
A,vacuum,2f_slru,async,128,4,0,0.00,100.00,105.03,5785.64,226.03,5559.60,,,5890.67,5664.63,1.55,0.00,214.00,1.07,19403884,2026-09-18T06:18:26Z
A,vacuum,leaf_freq_K10,pread,128,4,0,0.00,100.00,997.02,1093.28,226.16,867.12,,,2090.30,1864.14,2.09,149.00,217.00,1.07,19405400,2026-09-18T06:18:26Z
A,vacuum,leaf_freq_K10,async,128,4,0,0.00,100.00,975.58,300.79,225.16,75.62,,,1276.37,1051.20,2.00,149.00,217.00,1.07,19406000,2026-09-18T06:18:27Z
A,vacuum,leaf_rand_K10,pread,128,4,0,0.00,100.00,948.02,1147.85,220.00,927.84,,,2095.87,1875.86,2.04,149.00,215.00,1.07,19420292,2026-09-18T06:18:27Z
A,vacuum,leaf_rand_K10,async,128,4,0,0.00,100.00,907.57,302.79,225.19,77.60,,,1210.36,985.17,2.04,149.00,215.00,1.07,19422324,2026-09-18T06:18:27Z
A,ta,layers_5,pread,128,4,0,0.00,100.00,953.11,477.61,226.76,250.85,,,1430.72,1203.96,2.16,188.00,247.00,1.07,19422984,2026-09-18T06:18:28Z
A,ta,layers_5,async,128,4,0,0.00,100.00,985.75,292.33,223.60,68.73,,,1278.08,1054.48,2.15,188.00,246.00,1.07,19423376,2026-09-18T06:18:28Z
A,ta,layers_92,pread,128,4,0,0.00,100.00,571.12,983.52,223.60,759.92,,,1554.64,1331.04,2.09,184.00,248.00,1.06,19423456,2026-09-18T06:18:28Z
A,ta,layers_92,async,128,4,0,0.00,51.10,554.97,406.85,224.17,182.67,,,961.82,737.64,2.18,187.00,246.00,1.06,19426340,2026-09-18T06:18:29Z
A,ta,2d,pread,128,4,0,0.00,100.00,572.28,1009.33,226.80,782.53,,,1581.61,1354.81,2.16,187.00,247.00,1.06,19426616,2026-09-18T06:18:29Z
A,ta,2d,async,128,4,0,0.00,91.20,1326.68,332.25,224.65,107.59,,,1658.93,1434.27,2.22,187.00,246.00,1.06,19427512,2026-09-18T06:18:29Z
A,ta,2e_K10,pread,128,4,0,0.00,100.00,573.39,2109.53,223.98,1885.54,,,2682.92,2458.93,2.20,190.00,248.00,1.06,19404912,2026-09-18T06:18:29Z
A,ta,2e_K10,async,128,4,0,0.00,100.00,563.98,342.62,223.98,118.64,,,906.60,682.62,2.15,190.00,247.00,1.06,19406696,2026-09-18T06:18:30Z
A,ta,2e_K500,pread,128,4,0,0.00,100.00,553.94,56820.80,187.85,56632.94,,,57374.74,57186.88,2.07,169.00,439.00,1.06,19409060,2026-09-18T06:18:30Z
A,ta,2e_K500,async,128,4,0,0.00,31.30,926.91,987.54,186.84,800.70,,,1914.45,1727.61,2.13,181.00,380.00,1.06,19408444,2026-09-18T06:18:30Z
A,ta,2f_slru,pread,128,4,0,0.00,100.00,97.31,28151.18,185.06,27966.12,,,28248.49,28063.43,1.54,0.00,279.00,1.06,19409520,2026-09-18T06:18:31Z
A,ta,2f_slru,async,128,4,0,0.00,100.00,99.76,7387.22,183.46,7203.76,,,7486.98,7303.52,1.57,0.00,279.00,1.06,19407256,2026-09-18T06:18:31Z
A,ta,leaf_freq_K10,pread,128,4,0,0.00,100.00,1093.95,1115.22,186.98,928.24,,,2209.17,2022.19,2.19,191.00,248.00,1.06,19412168,2026-09-18T06:18:31Z
A,ta,leaf_freq_K10,async,128,4,0,0.00,100.00,1115.43,261.70,185.32,76.38,,,1377.13,1191.81,2.18,191.00,248.00,1.06,19412264,2026-09-18T06:18:32Z
A,ta,leaf_rand_K10,pread,128,4,0,0.00,100.00,1000.45,1082.75,185.12,897.63,,,2083.20,1898.08,2.17,188.00,247.00,1.06,19412256,2026-09-18T06:18:32Z
A,ta,leaf_rand_K10,async,128,4,0,0.00,100.00,1981.07,265.24,182.49,82.75,,,2246.31,2063.82,2.17,188.00,247.00,1.06,19399368,2026-09-18T06:18:32Z
A,1gb,layers_5,pread,128,4,0,0.00,100.00,1303.70,688.21,182.07,506.14,,,1991.91,1809.84,2.18,191.00,246.00,1.06,19399836,2026-09-18T06:18:33Z
A,1gb,layers_5,async,128,4,0,0.00,100.00,1241.31,255.15,186.02,69.13,,,1496.46,1310.44,2.16,191.00,246.00,1.06,19400680,2026-09-18T06:18:33Z
A,1gb,layers_92,pread,128,4,0,0.00,100.00,979.90,8072.71,188.31,7884.39,,,9052.61,8864.29,2.23,188.00,258.00,1.06,19402216,2026-09-18T06:18:33Z
A,1gb,layers_92,async,128,4,0,0.00,100.00,934.50,403.45,186.54,216.91,,,1337.95,1151.41,2.16,188.00,257.00,1.06,19402120,2026-09-18T06:18:34Z
A,1gb,2d,pread,128,4,0,0.00,100.00,538.35,2026.56,185.50,1841.06,,,2564.91,2379.41,2.14,187.00,259.00,1.06,19402304,2026-09-18T06:18:34Z
A,1gb,2d,async,128,4,0,0.00,100.00,609.00,276.18,186.02,90.16,,,885.18,699.16,2.22,187.00,258.00,1.06,19403456,2026-09-18T06:18:34Z
A,1gb,2e_K10,pread,128,4,0,0.00,100.00,567.27,2954.95,183.60,2771.35,,,3522.22,3338.62,2.18,190.00,261.00,1.06,19403584,2026-09-18T06:18:35Z
A,1gb,2e_K10,async,128,4,0,0.00,100.00,568.16,285.44,184.99,100.45,,,853.60,668.61,2.17,190.00,260.00,1.06,19386876,2026-09-18T06:18:35Z
A,1gb,2e_K500,pread,128,4,0,0.00,100.00,611.69,42332.64,188.74,42143.91,,,42944.33,42755.60,2.06,164.00,430.00,1.06,19390052,2026-09-18T06:18:35Z
A,1gb,2e_K500,async,128,4,0,0.00,100.00,663.06,1082.79,186.48,896.30,,,1745.85,1559.36,2.14,181.00,381.00,1.06,19391312,2026-09-18T06:18:36Z
A,1gb,2f_slru,pread,128,4,0,0.00,100.00,100.48,18402.40,186.24,18216.15,,,18502.88,18316.63,1.58,0.00,280.00,1.06,19389548,2026-09-18T06:18:36Z
A,1gb,2f_slru,async,128,4,0,0.00,100.00,7080.08,7505.83,242.24,7263.60,,,14585.91,14343.68,1.65,0.00,280.00,1.06,19387228,2026-09-18T06:18:36Z
A,1gb,leaf_freq_K10,pread,128,4,0,0.00,100.00,1510.29,1085.50,186.99,898.51,,,2595.79,2408.80,2.18,193.00,248.00,1.06,19393968,2026-09-18T06:18:37Z
A,1gb,leaf_freq_K10,async,128,4,0,0.00,100.00,1508.96,260.51,185.69,74.82,,,1769.47,1583.78,2.17,193.00,248.00,1.06,19394376,2026-09-18T06:18:37Z
A,1gb,leaf_rand_K10,pread,128,4,0,0.00,100.00,1517.79,1142.67,204.51,938.15,,,2660.46,2455.94,2.25,191.00,247.00,1.06,19395816,2026-09-18T06:18:37Z
A,1gb,leaf_rand_K10,async,128,4,0,0.00,100.00,1556.01,271.82,196.10,75.72,,,1827.83,1631.73,2.19,191.00,247.00,1.06,19396652,2026-09-18T06:18:38Z
B,vacuum,layers_5,pread,128,4,0,0.00,100.00,904.27,774.62,185.62,589.00,,,1678.89,1493.27,2.07,147.00,212.00,1.05,19398580,2026-09-18T06:18:38Z
B,vacuum,layers_5,async,128,4,0,0.00,100.00,868.51,265.12,192.40,72.72,,,1133.63,941.23,2.15,148.00,209.00,1.05,19398180,2026-09-18T06:18:38Z
B,vacuum,layers_92,pread,128,4,0,0.00,100.00,514.75,7452.02,183.41,7268.61,,,7966.77,7783.36,2.03,144.00,226.00,1.05,19399524,2026-09-18T06:18:39Z
B,vacuum,layers_92,async,128,4,0,0.00,100.00,587.23,370.91,184.98,185.93,,,958.14,773.16,2.06,145.00,223.00,1.05,19399564,2026-09-18T06:18:39Z
B,vacuum,2d,pread,128,4,0,0.00,100.00,513.58,1369.77,183.84,1185.92,,,1883.35,1699.50,2.03,144.00,226.00,1.05,19401052,2026-09-18T06:18:39Z
B,vacuum,2d,async,128,4,0,0.00,100.00,523.77,262.41,184.52,77.90,,,786.18,601.67,2.07,145.00,223.00,1.05,19403452,2026-09-18T06:18:40Z
B,vacuum,2e_K10,pread,128,4,0,0.00,100.00,552.62,2217.53,184.40,2033.13,,,2770.15,2585.75,2.05,144.00,227.00,1.05,19404152,2026-09-18T06:18:40Z
B,vacuum,2e_K10,async,128,4,0,0.00,100.00,517.50,272.76,183.75,89.02,,,790.26,606.52,2.07,145.00,223.00,1.05,19387400,2026-09-18T06:18:40Z
B,vacuum,2e_K500,pread,128,4,0,0.00,100.00,184.11,14218.05,183.78,14034.26,,,14402.16,14218.37,1.77,52.00,291.00,1.05,19387492,2026-09-18T06:18:41Z
B,vacuum,2e_K500,async,128,4,0,0.00,100.00,184.70,1036.90,186.86,850.04,,,1221.60,1034.74,2.07,148.00,288.00,1.05,19389280,2026-09-18T06:18:41Z
B,vacuum,2f_slru,pread,128,4,0,0.00,100.00,95.30,14008.01,183.22,13824.79,,,14103.31,13920.09,1.58,0.00,214.00,1.05,19389044,2026-09-18T06:18:41Z
B,vacuum,2f_slru,async,128,4,0,0.00,100.00,103.27,5723.91,182.31,5541.60,,,5827.18,5644.87,1.62,0.00,214.00,1.05,19393448,2026-09-18T06:18:41Z
B,vacuum,leaf_freq_K10,pread,128,4,0,0.00,100.00,977.93,1102.97,183.75,919.23,,,2080.90,1897.16,2.04,147.00,209.00,1.05,19394920,2026-09-18T06:18:42Z
B,vacuum,leaf_freq_K10,async,128,4,0,0.00,100.00,986.21,261.55,185.40,76.15,,,1247.76,1062.36,2.04,147.00,210.00,1.05,19395712,2026-09-18T06:18:42Z
B,vacuum,leaf_rand_K10,pread,128,4,0,0.00,100.00,1059.67,1082.04,184.75,897.30,,,2141.71,1956.97,2.10,147.00,209.00,1.05,19396500,2026-09-18T06:18:42Z
B,vacuum,leaf_rand_K10,async,128,4,0,0.00,100.00,962.87,265.51,190.05,75.46,,,1228.38,1038.33,2.07,147.00,209.00,1.05,19396772,2026-09-18T06:18:43Z
B,ta,layers_5,pread,128,4,0,0.00,100.00,460.75,439.05,188.32,250.72,,,899.80,711.47,2.19,192.00,245.00,1.05,19396980,2026-09-18T06:18:43Z
B,ta,layers_5,async,128,4,0,0.00,100.00,741.05,253.17,183.63,69.54,,,994.22,810.59,2.18,192.00,244.00,1.05,19397632,2026-09-18T06:18:43Z
B,ta,layers_92,pread,128,4,0,0.00,100.00,490.90,1029.62,179.15,850.47,,,1520.52,1341.37,2.14,189.00,245.00,1.05,19396712,2026-09-18T06:18:44Z
B,ta,layers_92,async,128,4,0,0.00,100.00,484.88,366.41,184.07,182.34,,,851.29,667.22,2.22,191.00,244.00,1.05,19399208,2026-09-18T06:18:44Z
B,ta,2d,pread,128,4,0,0.00,100.00,432.85,1037.31,183.11,854.20,,,1470.16,1287.05,2.22,190.00,245.00,1.05,19399404,2026-09-18T06:18:44Z
B,ta,2d,async,128,4,0,0.00,66.00,463.78,307.28,187.39,119.89,,,771.06,583.67,2.19,191.00,244.00,1.05,19399560,2026-09-18T06:18:45Z
B,ta,2e_K10,pread,128,4,0,0.00,100.00,433.85,2513.95,186.91,2327.03,,,2947.80,2760.88,2.24,190.00,245.00,1.05,19399392,2026-09-18T06:18:45Z
B,ta,2e_K10,async,128,4,0,0.00,100.00,417.41,320.75,187.48,133.27,,,738.16,550.68,2.23,191.00,244.00,1.05,19401340,2026-09-18T06:18:45Z
B,ta,2e_K500,pread,128,4,0,0.00,100.00,181.19,22778.15,181.07,22597.08,,,22959.34,22778.27,1.86,83.00,312.00,1.05,19403368,2026-09-18T06:18:46Z
B,ta,2e_K500,async,128,4,0,0.00,35.10,1370.91,939.01,186.52,752.49,,,2309.92,2123.40,2.18,182.00,319.00,1.05,19404644,2026-09-18T06:18:46Z
B,ta,2f_slru,pread,128,4,0,0.00,100.00,99.23,17538.46,183.41,17355.06,,,17637.69,17454.29,1.58,0.00,279.00,1.05,19403804,2026-09-18T06:18:46Z
B,ta,2f_slru,async,128,4,0,0.00,100.00,98.19,7367.40,184.60,7182.80,,,7465.59,7280.99,1.64,0.00,279.00,1.05,19401848,2026-09-18T06:18:46Z
B,ta,leaf_freq_K10,pread,128,4,0,0.00,100.00,660.88,1112.53,185.09,927.44,,,1773.41,1588.32,2.17,192.00,246.00,1.05,19405568,2026-09-18T06:18:47Z
B,ta,leaf_freq_K10,async,128,4,0,0.00,100.00,601.78,261.57,184.76,76.81,,,863.35,678.59,2.19,192.00,246.00,1.05,19405580,2026-09-18T06:18:47Z
B,ta,leaf_rand_K10,pread,128,4,0,0.00,100.00,636.53,1262.95,238.50,1024.46,,,1899.48,1660.99,2.24,192.00,246.00,1.05,19426332,2026-09-18T06:18:47Z
B,ta,leaf_rand_K10,async,128,4,0,0.00,100.00,662.14,260.71,184.73,75.98,,,922.85,738.12,2.20,192.00,246.00,1.05,19426816,2026-09-18T06:18:48Z
B,1gb,layers_5,pread,128,4,0,0.00,100.00,1370.52,632.23,184.57,447.66,,,2002.75,1818.18,2.26,193.00,255.00,1.04,19425856,2026-09-18T06:18:48Z
B,1gb,layers_5,async,128,4,0,0.00,100.00,1292.80,296.78,194.59,102.19,,,1589.58,1394.99,2.29,194.00,254.00,1.04,19427836,2026-09-18T06:18:48Z
B,1gb,layers_92,pread,128,4,0,0.00,100.00,902.57,8257.02,184.67,8072.35,,,9159.59,8974.92,2.19,194.00,262.00,1.04,19427976,2026-09-18T06:18:49Z
B,1gb,layers_92,async,128,4,0,0.00,100.00,1006.26,403.05,184.06,218.99,,,1409.31,1225.25,2.23,195.00,260.00,1.04,19427656,2026-09-18T06:18:49Z
B,1gb,2d,pread,128,4,0,0.00,100.00,593.99,2029.22,189.07,1840.16,,,2623.21,2434.15,2.35,193.00,263.00,1.04,19427688,2026-09-18T06:18:50Z
B,1gb,2d,async,128,4,0,0.00,100.00,549.46,274.18,185.59,88.59,,,823.64,638.05,2.20,194.00,261.00,1.04,19428912,2026-09-18T06:18:50Z
B,1gb,2e_K10,pread,128,4,0,0.00,100.00,560.88,2924.50,190.43,2734.07,,,3485.38,3294.95,2.27,193.00,263.00,1.04,19428624,2026-09-18T06:18:50Z
B,1gb,2e_K10,async,128,4,0,0.00,100.00,597.23,295.37,186.90,108.46,,,892.60,705.69,2.19,194.00,261.00,1.04,19428684,2026-09-18T06:18:51Z
B,1gb,2e_K500,pread,128,4,0,0.00,100.00,184.40,19070.95,188.35,18882.60,,,19255.35,19067.00,2.13,174.00,382.00,1.04,19430168,2026-09-18T06:18:51Z
B,1gb,2e_K500,async,128,4,0,0.00,100.00,183.62,1085.28,188.16,897.12,,,1268.90,1080.74,2.18,183.00,323.00,1.04,19430284,2026-09-18T06:18:51Z
B,1gb,2f_slru,pread,128,4,0,0.00,100.00,103.45,19040.90,218.23,18822.67,,,19144.35,18926.12,1.66,0.00,280.00,1.04,19417324,2026-09-18T06:18:52Z
B,1gb,2f_slru,async,128,4,0,0.00,100.00,101.35,7469.00,187.07,7281.93,,,7570.35,7383.28,1.64,0.00,280.00,1.04,19417236,2026-09-18T06:18:52Z
B,1gb,leaf_freq_K10,pread,128,4,0,0.00,100.00,1443.64,1078.73,187.89,890.83,,,2522.37,2334.47,2.28,193.00,252.00,1.04,19417436,2026-09-18T06:18:52Z
B,1gb,leaf_freq_K10,async,128,4,0,0.00,100.00,1555.37,265.02,188.43,76.58,,,1820.39,1631.95,2.23,193.00,252.00,1.04,19418900,2026-09-18T06:18:53Z
B,1gb,leaf_rand_K10,pread,128,4,0,0.00,100.00,1489.44,1020.51,189.34,831.17,,,2509.95,2320.61,2.24,193.00,253.00,1.04,19405248,2026-09-18T06:18:53Z
B,1gb,leaf_rand_K10,async,128,4,0,0.00,100.00,1508.46,283.23,198.85,84.38,,,1791.69,1592.84,2.31,193.00,253.00,1.12,19404876,2026-09-18T06:18:53Z
C,vacuum,layers_5,pread,128,4,0,0.00,100.00,898.59,764.06,184.48,579.58,,,1662.65,1478.17,1.54,18.00,27.00,1.12,19405756,2026-09-18T06:18:53Z
C,vacuum,layers_5,async,128,4,0,0.00,100.00,901.19,256.76,186.65,70.11,,,1157.95,971.30,1.55,18.00,27.00,1.12,19407940,2026-09-18T06:18:54Z
C,vacuum,layers_92,pread,128,4,0,0.00,100.00,510.82,7334.53,183.81,7150.72,,,7845.35,7661.54,1.55,18.00,29.00,1.12,19407864,2026-09-18T06:18:54Z
C,vacuum,layers_92,async,128,4,0,0.00,100.00,504.28,377.08,186.68,190.40,,,881.36,694.68,1.56,18.00,29.00,1.12,19411180,2026-09-18T06:18:54Z
C,vacuum,2d,pread,128,4,0,0.00,100.00,482.13,605.18,185.79,419.39,,,1087.31,901.52,1.55,18.00,29.00,1.12,19410824,2026-09-18T06:18:55Z
C,vacuum,2d,async,128,4,0,0.00,100.00,535.79,254.12,183.63,70.48,,,789.91,606.27,1.54,18.00,29.00,1.12,19411152,2026-09-18T06:18:55Z
C,vacuum,2e_K10,pread,128,4,0,0.00,100.00,511.47,1464.89,192.99,1271.90,,,1976.36,1783.37,1.53,16.00,34.00,1.12,19410608,2026-09-18T06:18:55Z
C,vacuum,2e_K10,async,128,4,0,0.00,92.90,483.76,619.86,543.55,76.30,,,1103.62,560.06,1.53,17.00,33.00,1.12,19412936,2026-09-18T06:18:55Z
C,vacuum,2e_K500,pread,128,4,0,0.00,100.00,178.91,2387.26,185.82,2201.44,,,2566.17,2380.35,1.48,0.00,30.00,1.12,19413256,2026-09-18T06:18:56Z
C,vacuum,2e_K500,async,128,4,0,0.00,60.10,185.11,701.87,218.56,483.31,,,886.98,668.42,1.49,0.00,30.00,1.12,19413236,2026-09-18T06:18:56Z
C,vacuum,2f_slru,pread,128,4,0,0.00,100.00,94.63,2946.48,183.09,2763.39,,,3041.11,2858.02,1.48,0.00,30.00,1.12,19414560,2026-09-18T06:18:56Z
C,vacuum,2f_slru,async,128,4,0,0.00,100.00,97.60,799.64,200.77,598.88,,,897.24,696.48,1.48,0.00,30.00,1.12,19414212,2026-09-18T06:18:56Z
C,vacuum,leaf_freq_K10,pread,128,4,0,0.00,100.00,1184.62,730.77,183.81,546.97,,,1915.39,1731.59,1.55,16.00,32.00,1.12,19413168,2026-09-18T06:18:57Z
C,vacuum,leaf_freq_K10,async,128,4,0,0.00,100.00,1187.30,260.92,182.80,78.12,,,1448.22,1265.42,1.53,17.00,31.00,1.12,19401560,2026-09-18T06:18:57Z
C,vacuum,leaf_rand_K10,pread,128,4,0,0.00,100.00,955.32,1053.44,185.65,867.79,,,2008.76,1823.11,1.56,18.00,27.00,1.12,19404480,2026-09-18T06:18:57Z
C,vacuum,leaf_rand_K10,async,128,4,0,0.00,100.00,904.13,260.59,185.68,74.91,,,1164.72,979.04,1.59,18.00,27.00,1.12,19406580,2026-09-18T06:18:57Z
C,ta,layers_5,pread,128,4,0,0.00,100.00,869.10,441.54,194.81,246.73,,,1310.64,1115.83,1.60,20.00,30.00,1.12,19406512,2026-09-18T06:18:58Z
C,ta,layers_5,async,128,4,0,0.00,100.00,884.47,249.79,183.25,66.53,,,1134.26,951.00,1.59,20.00,30.00,1.12,19407616,2026-09-18T06:18:58Z
C,ta,layers_92,pread,128,4,0,0.00,100.00,487.86,1063.68,182.15,881.53,,,1551.54,1369.39,1.59,19.00,31.00,1.11,19408420,2026-09-18T06:18:58Z
C,ta,layers_92,async,128,4,0,0.00,100.00,473.27,362.85,186.83,176.02,,,836.12,649.29,1.60,19.00,31.00,1.11,19408236,2026-09-18T06:18:58Z
C,ta,2d,pread,128,4,0,0.00,100.00,473.57,1032.97,182.25,850.72,,,1506.54,1324.29,1.60,19.00,31.00,1.11,19408332,2026-09-18T06:18:59Z
C,ta,2d,async,128,4,0,0.00,64.60,471.08,304.19,184.78,119.42,,,775.27,590.50,1.59,19.00,31.00,1.11,19408664,2026-09-18T06:18:59Z
C,ta,2e_K10,pread,128,4,0,0.00,100.00,471.59,1565.25,184.07,1381.19,,,2036.84,1852.78,1.60,18.00,36.00,1.11,19409216,2026-09-18T06:18:59Z
C,ta,2e_K10,async,128,4,0,0.00,100.00,471.00,317.35,184.47,132.88,,,788.35,603.88,1.61,19.00,34.00,1.11,19409600,2026-09-18T06:18:59Z
C,ta,2e_K500,pread,128,4,0,0.00,100.00,181.91,3682.42,183.68,3498.75,,,3864.33,3680.66,1.56,0.00,38.00,1.11,19409392,2026-09-18T06:19:00Z
C,ta,2e_K500,async,128,4,0,0.00,100.00,179.17,799.10,185.82,613.28,,,978.27,792.45,1.54,0.00,38.00,1.11,19410532,2026-09-18T06:19:00Z
C,ta,2f_slru,pread,128,4,0,0.00,100.00,91.72,3572.29,184.40,3387.89,,,3664.01,3479.61,1.54,0.00,38.00,1.11,19411196,2026-09-18T06:19:00Z
C,ta,2f_slru,async,128,4,0,0.00,100.00,94.88,1068.23,182.40,885.83,,,1163.11,980.71,1.53,0.00,38.00,1.11,19411420,2026-09-18T06:19:01Z
C,ta,leaf_freq_K10,pread,128,4,0,0.00,100.00,1143.81,873.24,184.74,688.50,,,2017.05,1832.31,1.61,19.00,35.00,1.11,19410620,2026-09-18T06:19:01Z
C,ta,leaf_freq_K10,async,128,4,0,0.00,100.00,1196.19,259.46,185.67,73.79,,,1455.65,1269.98,1.61,20.00,33.00,1.11,19411044,2026-09-18T06:19:01Z
C,ta,leaf_rand_K10,pread,128,4,0,0.00,100.00,885.75,1018.55,183.69,834.87,,,1904.30,1720.62,1.60,20.00,30.00,1.11,19410584,2026-09-18T06:19:01Z
C,ta,leaf_rand_K10,async,128,4,0,0.00,100.00,897.34,253.76,178.65,75.11,,,1151.10,972.45,1.61,20.00,30.00,1.11,19411288,2026-09-18T06:19:02Z
C,1gb,layers_5,pread,128,4,0,0.00,100.00,1149.71,685.89,184.36,501.53,,,1835.60,1651.24,1.71,40.00,54.00,1.11,19412424,2026-09-18T06:19:02Z
C,1gb,layers_5,async,128,4,0,0.00,100.00,1215.14,257.10,184.15,72.96,,,1472.24,1288.10,1.72,40.00,54.00,1.11,19391240,2026-09-18T06:19:02Z
C,1gb,layers_92,pread,128,4,0,0.00,100.00,1011.06,10737.94,187.23,10550.70,,,11749.00,11561.76,1.72,40.00,56.00,1.11,19390748,2026-09-18T06:19:02Z
C,1gb,layers_92,async,128,4,0,0.00,100.00,951.65,391.51,184.83,206.68,,,1343.16,1158.33,1.71,40.00,56.00,1.11,19392016,2026-09-18T06:19:03Z
C,1gb,2d,pread,128,4,0,0.00,100.00,591.33,890.20,185.37,704.84,,,1481.53,1296.17,1.69,39.00,57.00,1.10,19392460,2026-09-18T06:19:03Z
C,1gb,2d,async,128,4,0,0.00,100.00,657.59,261.07,186.79,74.28,,,918.66,731.87,1.70,39.00,57.00,1.10,19392612,2026-09-18T06:19:03Z
C,1gb,2e_K10,pread,128,4,0,0.00,100.00,176.69,1692.34,183.00,1509.34,,,1869.03,1686.03,1.68,37.00,67.00,1.10,19393048,2026-09-18T06:19:04Z
C,1gb,2e_K10,async,128,4,0,0.00,100.00,179.35,279.50,191.76,87.73,,,458.85,267.08,1.68,37.00,67.00,1.10,19393196,2026-09-18T06:19:04Z
C,1gb,2e_K500,pread,128,4,0,0.00,100.00,181.52,4235.91,185.64,4050.27,,,4417.43,4231.79,1.57,1.00,66.00,1.10,19394756,2026-09-18T06:19:04Z
C,1gb,2e_K500,async,128,4,0,0.00,100.00,184.10,942.55,190.01,752.54,,,1126.65,936.64,1.67,36.00,94.00,1.10,19394544,2026-09-18T06:19:04Z
C,1gb,2f_slru,pread,128,4,0,0.00,100.00,95.75,5240.27,186.46,5053.81,,,5336.02,5149.56,1.55,0.00,64.00,1.10,19396068,2026-09-18T06:19:05Z
C,1gb,2f_slru,async,128,4,0,0.00,100.00,106.87,1826.83,183.89,1642.94,,,1933.70,1749.81,1.59,0.00,64.00,1.10,19396700,2026-09-18T06:19:05Z
C,1gb,leaf_freq_K10,pread,128,4,0,0.00,100.00,885.95,1063.68,191.16,872.52,,,1949.63,1758.47,1.69,39.00,62.00,1.10,19397300,2026-09-18T06:19:05Z
C,1gb,leaf_freq_K10,async,128,4,0,0.00,100.00,934.71,260.78,185.98,74.80,,,1195.49,1009.51,1.69,39.00,62.00,1.10,19397556,2026-09-18T06:19:06Z
C,1gb,leaf_rand_K10,pread,128,4,0,0.00,100.00,1374.28,1072.80,185.30,887.50,,,2447.08,2261.78,1.73,40.00,54.00,1.10,19397600,2026-09-18T06:19:06Z
C,1gb,leaf_rand_K10,async,128,4,0,0.00,100.00,1300.38,258.51,183.81,74.69,,,1558.89,1375.07,1.68,40.00,54.00,1.10,19399156,2026-09-18T06:19:06Z
A,vacuum,baseline,baseline,128,5,0,0.00,0.00,846.49,0.00,0.00,0.00,,,846.49,846.49,2.06,149.00,213.00,1.10,19399624,2026-09-18T06:19:07Z
A,ta,baseline,baseline,128,5,0,0.00,0.00,1065.58,0.00,0.00,0.00,,,1065.58,1065.58,2.14,188.00,247.00,1.10,19398984,2026-09-18T06:19:07Z
A,1gb,baseline,baseline,128,5,0,0.00,0.00,1392.49,0.00,0.00,0.00,,,1392.49,1392.49,2.17,191.00,248.00,1.10,19398340,2026-09-18T06:19:07Z
B,vacuum,baseline,baseline,128,5,0,0.00,0.00,1000.30,0.00,0.00,0.00,,,1000.30,1000.30,2.12,147.00,209.00,1.10,19404188,2026-09-18T06:19:08Z
B,ta,baseline,baseline,128,5,0,0.00,0.00,581.94,0.00,0.00,0.00,,,581.94,581.94,2.20,192.00,246.00,1.10,19416940,2026-09-18T06:19:08Z
B,1gb,baseline,baseline,128,5,0,0.00,0.00,1365.46,0.00,0.00,0.00,,,1365.46,1365.46,2.20,193.00,253.00,1.09,19417172,2026-09-18T06:19:08Z
C,vacuum,baseline,baseline,128,5,0,0.00,0.00,980.55,0.00,0.00,0.00,,,980.55,980.55,1.55,18.00,27.00,1.09,19418776,2026-09-18T06:19:08Z
C,ta,baseline,baseline,128,5,0,0.00,0.00,906.97,0.00,0.00,0.00,,,906.97,906.97,1.60,20.00,30.00,1.09,19419688,2026-09-18T06:19:09Z
C,1gb,baseline,baseline,128,5,0,0.00,0.00,1310.58,0.00,0.00,0.00,,,1310.58,1310.58,1.69,40.00,55.00,1.09,19418948,2026-09-18T06:19:09Z
A,vacuum,layers_5,pread,128,5,0,0.00,100.00,870.19,812.39,224.73,587.65,,,1682.58,1457.84,2.05,150.00,212.00,1.09,19420764,2026-09-18T06:19:09Z
A,vacuum,layers_5,async,128,5,0,0.00,100.00,838.17,293.64,224.57,69.07,,,1131.81,907.24,2.03,150.00,210.00,1.09,19421140,2026-09-18T06:19:10Z
A,vacuum,layers_92,pread,128,5,0,0.00,100.00,549.22,7895.86,224.96,7670.90,,,8445.08,8220.12,2.04,150.00,219.00,1.09,19423476,2026-09-18T06:19:10Z
A,vacuum,layers_92,async,128,5,0,0.00,100.00,499.01,410.51,225.45,185.06,,,909.52,684.07,1.98,150.00,217.00,1.09,19423996,2026-09-18T06:19:10Z
A,vacuum,2d,pread,128,5,0,0.00,100.00,533.93,1431.74,227.84,1203.90,,,1965.67,1737.83,2.06,150.00,219.00,1.09,19423928,2026-09-18T06:19:11Z
A,vacuum,2d,async,128,5,0,0.00,100.00,538.33,304.28,224.13,80.15,,,842.61,618.48,1.99,150.00,217.00,1.09,19424796,2026-09-18T06:19:11Z
A,vacuum,2e_K10,pread,128,5,0,0.00,100.00,468.18,2188.82,225.35,1963.46,,,2657.00,2431.64,2.00,149.00,226.00,1.09,19424720,2026-09-18T06:19:11Z
A,vacuum,2e_K10,async,128,5,0,0.00,100.00,568.45,316.93,225.37,91.55,,,885.38,660.00,2.05,149.00,225.00,1.09,19423868,2026-09-18T06:19:11Z
A,vacuum,2e_K500,pread,128,5,0,0.00,100.00,565.67,13744.62,225.58,13519.03,,,14310.29,14084.70,1.90,123.00,415.00,1.09,19424684,2026-09-18T06:19:12Z
A,vacuum,2e_K500,async,128,5,0,0.00,100.00,496.39,1115.16,226.91,888.25,,,1611.55,1384.64,1.97,151.00,318.00,1.09,19424636,2026-09-18T06:19:12Z
A,vacuum,2f_slru,pread,128,5,0,0.00,100.00,95.80,13880.78,223.62,13657.16,,,13976.58,13752.96,1.54,0.00,214.00,1.09,19425260,2026-09-18T06:19:12Z
A,vacuum,2f_slru,async,128,5,0,0.00,100.00,94.59,5745.34,222.65,5522.69,,,5839.93,5617.28,1.57,0.00,214.00,1.09,19426152,2026-09-18T06:19:13Z
A,vacuum,leaf_freq_K10,pread,128,5,0,0.00,100.00,992.77,1121.45,226.34,895.11,,,2114.22,1887.88,2.02,149.00,217.00,1.08,19426392,2026-09-18T06:19:13Z
A,vacuum,leaf_freq_K10,async,128,5,0,0.00,100.00,1018.10,302.97,226.51,76.46,,,1321.07,1094.56,2.07,149.00,217.00,1.08,19400756,2026-09-18T06:19:13Z
A,vacuum,leaf_rand_K10,pread,128,5,0,0.00,100.00,976.85,1150.17,230.05,920.12,,,2127.02,1896.97,2.07,149.00,215.00,1.08,19404944,2026-09-18T06:19:14Z
A,vacuum,leaf_rand_K10,async,128,5,0,0.00,100.00,910.55,302.03,225.72,76.30,,,1212.58,986.85,2.06,149.00,215.00,1.08,19404744,2026-09-18T06:19:14Z
A,ta,layers_5,pread,128,5,0,0.00,100.00,907.11,473.93,224.22,249.71,,,1381.04,1156.82,2.18,188.00,247.00,1.08,19404500,2026-09-18T06:19:14Z
A,ta,layers_5,async,128,5,0,0.00,100.00,1647.70,296.39,226.12,70.26,,,1944.09,1717.96,2.18,188.00,246.00,1.08,19404368,2026-09-18T06:19:15Z
A,ta,layers_92,pread,128,5,0,0.00,100.00,576.08,1020.79,225.44,795.35,,,1596.87,1371.43,2.14,184.00,248.00,1.08,19404908,2026-09-18T06:19:15Z
A,ta,layers_92,async,128,5,0,0.00,100.00,553.90,402.84,225.32,177.51,,,956.74,731.41,2.10,187.00,246.00,1.08,19406144,2026-09-18T06:19:15Z
A,ta,2d,pread,128,5,0,0.00,100.00,566.37,1061.49,224.09,837.40,,,1627.86,1403.77,2.16,187.00,247.00,1.08,19404448,2026-09-18T06:19:16Z
A,ta,2d,async,128,5,0,0.00,85.30,567.60,333.73,227.72,106.01,,,901.33,673.61,2.15,187.00,246.00,1.08,19405740,2026-09-18T06:19:16Z
A,ta,2e_K10,pread,128,5,0,0.00,100.00,1146.34,2217.54,223.59,1993.95,,,3363.88,3140.29,2.18,190.00,248.00,1.08,19407768,2026-09-18T06:19:16Z
A,ta,2e_K10,async,128,5,0,0.00,75.00,575.05,349.14,225.48,123.65,,,924.19,698.70,2.16,190.00,247.00,1.08,19408428,2026-09-18T06:19:16Z
A,ta,2e_K500,pread,128,5,0,0.00,100.00,557.96,17582.32,183.91,17398.42,,,18140.28,17956.38,2.06,169.00,441.00,1.08,19409348,2026-09-18T06:19:17Z
A,ta,2e_K500,async,128,5,0,0.00,34.10,776.18,959.52,195.99,763.53,,,1735.70,1539.71,2.18,181.00,377.00,1.08,19410812,2026-09-18T06:19:17Z
A,ta,2f_slru,pread,128,5,0,0.00,100.00,96.98,18310.31,186.81,18123.50,,,18407.29,18220.48,1.56,0.00,279.00,1.08,19411020,2026-09-18T06:19:17Z
A,ta,2f_slru,async,128,5,0,0.00,100.00,99.85,7386.88,193.64,7193.23,,,7486.73,7293.08,1.56,0.00,279.00,1.08,19408596,2026-09-18T06:19:18Z
A,ta,leaf_freq_K10,pread,128,5,0,0.00,100.00,910.82,1111.44,183.66,927.78,,,2022.26,1838.60,2.16,191.00,248.00,1.08,19411984,2026-09-18T06:19:18Z
A,ta,leaf_freq_K10,async,128,5,0,0.00,100.00,1057.73,264.37,185.67,78.70,,,1322.10,1136.43,2.19,191.00,248.00,1.08,19401640,2026-09-18T06:19:18Z
A,ta,leaf_rand_K10,pread,128,5,0,0.00,100.00,986.40,1091.96,194.03,897.94,,,2078.36,1884.34,2.22,188.00,247.00,1.08,19401680,2026-09-18T06:19:19Z
A,ta,leaf_rand_K10,async,128,5,0,0.00,100.00,981.62,259.30,183.81,75.49,,,1240.92,1057.11,2.13,188.00,247.00,1.08,19402776,2026-09-18T06:19:19Z
A,1gb,layers_5,pread,128,5,0,0.00,100.00,1407.52,696.48,186.78,509.70,,,2104.00,1917.22,2.19,191.00,246.00,1.08,19403036,2026-09-18T06:19:19Z
A,1gb,layers_5,async,128,5,0,0.00,100.00,1415.27,257.71,185.19,72.53,,,1672.98,1487.80,2.17,191.00,246.00,1.08,19403740,2026-09-18T06:19:20Z
A,1gb,layers_92,pread,128,5,0,0.00,100.00,861.81,8267.12,183.69,8083.44,,,9128.93,8945.25,2.11,188.00,258.00,1.08,19404884,2026-09-18T06:19:20Z
A,1gb,layers_92,async,128,5,0,0.00,100.00,841.70,411.52,185.69,225.84,,,1253.22,1067.54,2.16,188.00,257.00,1.08,19405656,2026-09-18T06:19:20Z
A,1gb,2d,pread,128,5,0,0.00,100.00,546.92,2182.81,199.75,1983.06,,,2729.73,2529.98,2.31,187.00,259.00,1.08,19405188,2026-09-18T06:19:21Z
A,1gb,2d,async,128,5,0,0.00,100.00,541.90,280.51,192.43,88.08,,,822.41,629.98,2.15,187.00,258.00,1.08,19406096,2026-09-18T06:19:21Z
A,1gb,2e_K10,pread,128,5,0,0.00,100.00,1627.57,2960.49,190.54,2769.95,,,4588.06,4397.52,2.19,190.00,261.00,1.08,19407072,2026-09-18T06:19:21Z
A,1gb,2e_K10,async,128,5,0,0.00,100.00,564.22,296.33,185.78,110.55,,,860.55,674.77,2.17,190.00,260.00,1.08,19407444,2026-09-18T06:19:22Z
A,1gb,2e_K500,pread,128,5,0,0.00,100.00,660.87,22965.44,196.32,22769.12,,,23626.31,23429.99,2.06,164.00,429.00,1.08,19410820,2026-09-18T06:19:22Z
A,1gb,2e_K500,async,128,5,0,0.00,100.00,636.55,1082.97,186.45,896.52,,,1719.52,1533.07,2.10,181.00,383.00,1.08,19412004,2026-09-18T06:19:22Z
A,1gb,2f_slru,pread,128,5,0,0.00,100.00,100.70,18648.63,181.17,18467.46,,,18749.33,18568.16,1.56,0.00,280.00,1.08,19412484,2026-09-18T06:19:23Z
A,1gb,2f_slru,async,128,5,0,0.00,100.00,99.54,7401.80,184.49,7217.32,,,7501.34,7316.86,1.57,0.00,280.00,1.07,19410372,2026-09-18T06:19:23Z
A,1gb,leaf_freq_K10,pread,128,5,0,0.00,100.00,1667.37,1117.13,188.91,928.22,,,2784.50,2595.59,2.18,193.00,248.00,1.07,19413160,2026-09-18T06:19:23Z
A,1gb,leaf_freq_K10,async,128,5,0,0.00,100.00,1465.79,261.32,186.27,75.05,,,1727.11,1540.84,2.17,193.00,248.00,1.07,19392332,2026-09-18T06:19:24Z
A,1gb,leaf_rand_K10,pread,128,5,0,0.00,100.00,1300.17,1104.31,184.32,919.99,,,2404.48,2220.16,2.15,191.00,247.00,1.07,19397244,2026-09-18T06:19:24Z
A,1gb,leaf_rand_K10,async,128,5,0,0.00,100.00,3008.48,261.62,184.67,76.95,,,3270.10,3085.43,2.22,191.00,247.00,1.07,19400496,2026-09-18T06:19:24Z
B,vacuum,layers_5,pread,128,5,0,0.00,100.00,898.40,767.79,183.41,584.39,,,1666.19,1482.79,2.07,147.00,212.00,1.07,19402264,2026-09-18T06:19:25Z
B,vacuum,layers_5,async,128,5,0,0.00,100.00,868.99,256.54,186.75,69.79,,,1125.53,938.78,2.03,148.00,209.00,1.07,19402092,2026-09-18T06:19:25Z
B,vacuum,layers_92,pread,128,5,0,0.00,100.00,584.69,7740.91,186.13,7554.78,,,8325.60,8139.47,2.04,144.00,226.00,1.07,19404944,2026-09-18T06:19:25Z
B,vacuum,layers_92,async,128,5,0,0.00,100.00,584.99,377.79,186.59,191.20,,,962.78,776.19,2.04,145.00,223.00,1.07,19405296,2026-09-18T06:19:26Z
B,vacuum,2d,pread,128,5,0,0.00,100.00,534.04,1375.04,196.30,1178.74,,,1909.08,1712.78,2.15,144.00,226.00,1.07,19404672,2026-09-18T06:19:26Z
B,vacuum,2d,async,128,5,0,0.00,100.00,553.06,265.17,182.22,82.95,,,818.23,636.01,2.07,145.00,223.00,1.07,19405516,2026-09-18T06:19:26Z
B,vacuum,2e_K10,pread,128,5,0,0.00,100.00,551.83,2215.41,185.19,2030.23,,,2767.24,2582.06,2.05,144.00,227.00,1.07,19406048,2026-09-18T06:19:26Z
B,vacuum,2e_K10,async,128,5,0,0.00,100.00,587.72,281.18,185.15,96.03,,,868.90,683.75,2.06,145.00,224.00,1.07,19407944,2026-09-18T06:19:27Z
B,vacuum,2e_K500,pread,128,5,0,0.00,100.00,185.06,13764.73,187.44,13577.28,,,13949.79,13762.34,1.73,52.00,289.00,1.07,19408400,2026-09-18T06:19:27Z
B,vacuum,2e_K500,async,128,5,0,0.00,100.00,181.39,1076.58,184.51,892.08,,,1257.97,1073.47,2.06,148.00,283.00,1.07,19409788,2026-09-18T06:19:27Z
B,vacuum,2f_slru,pread,128,5,0,0.00,100.00,96.11,14139.78,183.43,13956.36,,,14235.89,14052.47,1.58,0.00,214.00,1.07,19411860,2026-09-18T06:19:28Z
B,vacuum,2f_slru,async,128,5,0,0.00,100.00,99.95,5683.53,181.69,5501.84,,,5783.48,5601.79,1.61,0.00,214.00,1.07,19412844,2026-09-18T06:19:28Z
B,vacuum,leaf_freq_K10,pread,128,5,0,0.00,100.00,979.10,1141.26,184.71,956.55,,,2120.36,1935.65,2.03,147.00,209.00,1.07,19424940,2026-09-18T06:19:28Z
B,vacuum,leaf_freq_K10,async,128,5,0,0.00,100.00,963.62,261.84,186.12,75.72,,,1225.46,1039.34,2.05,147.00,209.00,1.07,19424212,2026-09-18T06:19:29Z
B,vacuum,leaf_rand_K10,pread,128,5,0,0.00,100.00,984.24,1080.14,191.52,888.62,,,2064.38,1872.86,2.15,147.00,209.00,1.07,19424660,2026-09-18T06:19:29Z
B,vacuum,leaf_rand_K10,async,128,5,0,0.00,100.00,927.09,261.29,186.41,74.88,,,1188.38,1001.97,2.07,147.00,209.00,1.07,19426060,2026-09-18T06:19:29Z
B,ta,layers_5,pread,128,5,0,0.00,100.00,413.38,432.06,182.42,249.64,,,845.44,663.02,2.18,192.00,245.00,1.07,19407000,2026-09-18T06:19:30Z
B,ta,layers_5,async,128,5,0,0.00,100.00,859.52,253.71,184.62,69.09,,,1113.23,928.61,2.20,192.00,244.00,1.07,19410840,2026-09-18T06:19:30Z
B,ta,layers_92,pread,128,5,0,0.00,100.00,488.51,983.73,192.05,791.68,,,1472.24,1280.19,2.18,189.00,245.00,1.07,19410880,2026-09-18T06:19:30Z
B,ta,layers_92,async,128,5,0,0.00,100.00,475.82,374.48,193.45,181.03,,,850.30,656.85,2.20,191.00,244.00,1.07,19412604,2026-09-18T06:19:31Z
B,ta,2d,pread,128,5,0,0.00,100.00,458.81,1038.82,184.72,854.11,,,1497.63,1312.92,2.21,190.00,245.00,1.07,19412840,2026-09-18T06:19:31Z
B,ta,2d,async,128,5,0,0.00,66.00,485.09,331.33,184.93,146.41,,,816.42,631.50,2.19,191.00,244.00,1.07,19416556,2026-09-18T06:19:31Z
B,ta,2e_K10,pread,128,5,0,0.00,100.00,426.79,2496.76,184.54,2312.23,,,2923.55,2739.02,2.19,190.00,245.00,1.07,19417224,2026-09-18T06:19:32Z
B,ta,2e_K10,async,128,5,0,0.00,71.90,461.75,312.29,181.88,130.41,,,774.04,592.16,2.20,191.00,244.00,1.07,19417428,2026-09-18T06:19:32Z
B,ta,2e_K500,pread,128,5,0,0.00,100.00,185.16,17767.33,194.12,17573.21,,,17952.49,17758.37,1.82,83.00,310.00,1.07,19419268,2026-09-18T06:19:32Z
B,ta,2e_K500,async,128,5,0,0.00,31.80,213.19,926.19,187.47,738.72,,,1139.38,951.91,2.23,182.00,316.00,1.07,19419952,2026-09-18T06:19:32Z
B,ta,2f_slru,pread,128,5,0,0.00,100.00,96.38,17874.97,189.00,17685.98,,,17971.35,17782.36,1.60,0.00,279.00,1.07,19420824,2026-09-18T06:19:33Z
B,ta,2f_slru,async,128,5,0,0.00,100.00,97.87,7349.15,186.35,7162.80,,,7447.02,7260.67,1.63,0.00,279.00,1.06,19418140,2026-09-18T06:19:33Z
B,ta,leaf_freq_K10,pread,128,5,0,0.00,100.00,666.00,1124.58,194.22,930.36,,,1790.58,1596.36,2.20,192.00,246.00,1.06,19422676,2026-09-18T06:19:33Z
B,ta,leaf_freq_K10,async,128,5,0,0.00,100.00,625.36,257.24,182.39,74.85,,,882.60,700.21,2.17,192.00,246.00,1.06,19406128,2026-09-18T06:19:34Z
B,ta,leaf_rand_K10,pread,128,5,0,0.00,100.00,635.21,4455.64,1271.17,3184.47,,,5090.85,3819.68,2.19,192.00,246.00,1.06,19406468,2026-09-18T06:19:34Z
B,ta,leaf_rand_K10,async,128,5,0,0.00,100.00,663.00,258.64,186.54,72.09,,,921.64,735.09,2.19,192.00,246.00,1.06,19407080,2026-09-18T06:19:34Z
B,1gb,layers_5,pread,128,5,0,0.00,100.00,1278.81,573.00,184.85,388.15,,,1851.81,1666.96,2.19,193.00,255.00,1.06,19406004,2026-09-18T06:19:35Z
B,1gb,layers_5,async,128,5,0,0.00,100.00,1341.23,261.60,186.35,75.25,,,1602.83,1416.48,2.28,194.00,254.00,1.06,19405240,2026-09-18T06:19:35Z
B,1gb,layers_92,pread,128,5,0,0.00,100.00,974.87,8064.66,186.22,7878.44,,,9039.53,8853.31,2.22,194.00,262.00,1.06,19392788,2026-09-18T06:19:35Z
B,1gb,layers_92,async,128,5,0,0.00,100.00,876.95,386.59,185.64,200.95,,,1263.54,1077.90,2.21,195.00,260.00,1.06,19403116,2026-09-18T06:19:36Z
B,1gb,2d,pread,128,5,0,0.00,100.00,603.28,2798.40,371.15,2427.25,,,3401.68,3030.53,2.19,193.00,263.00,1.06,19403276,2026-09-18T06:19:36Z
B,1gb,2d,async,128,5,0,0.00,100.00,638.92,283.62,193.27,90.35,,,922.54,729.27,2.22,194.00,261.00,1.06,19400860,2026-09-18T06:19:36Z
B,1gb,2e_K10,pread,128,5,0,0.00,100.00,596.81,2744.86,185.18,2559.68,,,3341.67,3156.49,2.21,193.00,263.00,1.06,19401452,2026-09-18T06:19:37Z
B,1gb,2e_K10,async,128,5,0,0.00,100.00,557.56,296.93,188.36,108.56,,,854.49,666.12,2.26,194.00,261.00,1.06,19402144,2026-09-18T06:19:37Z
B,1gb,2e_K500,pread,128,5,0,0.00,100.00,183.83,19233.91,228.42,19005.49,,,19417.74,19189.32,2.13,174.00,381.00,1.06,19402756,2026-09-18T06:19:37Z
B,1gb,2e_K500,async,128,5,0,0.00,100.00,183.69,1135.60,226.29,909.30,,,1319.29,1092.99,2.16,183.00,324.00,1.06,19403764,2026-09-18T06:19:38Z
B,1gb,2f_slru,pread,128,5,0,0.00,100.00,99.98,18138.98,225.95,17913.03,,,18238.96,18013.01,1.58,0.00,280.00,1.06,19403744,2026-09-18T06:19:38Z
B,1gb,2f_slru,async,128,5,0,0.00,100.00,99.31,7475.64,224.91,7250.73,,,7574.95,7350.04,1.62,0.00,280.00,1.06,19402592,2026-09-18T06:19:38Z
B,1gb,leaf_freq_K10,pread,128,5,0,0.00,100.00,1338.94,1034.06,227.38,806.69,,,2373.00,2145.63,2.20,193.00,252.00,1.06,19404992,2026-09-18T06:19:39Z
B,1gb,leaf_freq_K10,async,128,5,0,0.00,100.00,1460.51,300.21,220.47,79.74,,,1760.72,1540.25,2.29,193.00,252.00,1.06,19404924,2026-09-18T06:19:39Z
B,1gb,leaf_rand_K10,pread,128,5,0,0.00,100.00,1517.30,1117.45,226.86,890.59,,,2634.75,2407.89,2.20,193.00,253.00,1.06,19406136,2026-09-18T06:19:39Z
B,1gb,leaf_rand_K10,async,128,5,0,0.00,100.00,1551.70,309.09,233.38,75.71,,,1860.79,1627.41,2.22,193.00,253.00,1.06,19406540,2026-09-18T06:19:40Z
C,vacuum,layers_5,pread,128,5,0,0.00,100.00,883.01,831.21,235.49,595.72,,,1714.22,1478.73,1.53,18.00,27.00,1.06,19406656,2026-09-18T06:19:40Z
C,vacuum,layers_5,async,128,5,0,0.00,100.00,913.04,296.82,227.35,69.47,,,1209.86,982.51,1.54,18.00,27.00,1.06,19408364,2026-09-18T06:19:40Z
C,vacuum,layers_92,pread,128,5,0,0.00,100.00,504.73,11393.07,999.41,10393.66,,,11897.80,10898.39,1.54,18.00,29.00,1.06,19407232,2026-09-18T06:19:41Z
C,vacuum,layers_92,async,128,5,0,0.00,100.00,505.44,397.24,216.92,180.32,,,902.68,685.76,1.53,18.00,29.00,1.06,19406016,2026-09-18T06:19:41Z
C,vacuum,2d,pread,128,5,0,0.00,100.00,476.61,648.38,228.69,419.69,,,1124.99,896.30,1.54,18.00,29.00,1.06,19405764,2026-09-18T06:19:41Z
C,vacuum,2d,async,128,5,0,0.00,100.00,480.59,295.58,227.70,67.88,,,776.17,548.47,1.54,18.00,29.00,1.06,19407376,2026-09-18T06:19:41Z
C,vacuum,2e_K10,pread,128,5,0,0.00,100.00,475.15,1437.90,228.40,1209.50,,,1913.05,1684.65,1.53,16.00,34.00,1.06,19408544,2026-09-18T06:19:42Z
C,vacuum,2e_K10,async,128,5,0,0.00,100.00,523.97,305.06,226.38,78.69,,,829.03,602.66,1.55,17.00,33.00,1.06,19409324,2026-09-18T06:19:42Z
C,vacuum,2e_K500,pread,128,5,0,0.00,100.00,181.16,2381.07,226.47,2154.59,,,2562.23,2335.75,1.50,0.00,30.00,1.06,19409080,2026-09-18T06:19:42Z
C,vacuum,2e_K500,async,128,5,0,0.00,59.20,183.41,695.20,225.15,470.04,,,878.61,653.45,1.49,0.00,30.00,1.06,19408284,2026-09-18T06:19:42Z
C,vacuum,2f_slru,pread,128,5,0,0.00,100.00,94.63,3225.47,227.45,2998.03,,,3320.10,3092.66,1.48,0.00,30.00,1.06,19409392,2026-09-18T06:19:43Z
C,vacuum,2f_slru,async,128,5,0,0.00,100.00,97.15,806.90,231.41,575.49,,,904.05,672.64,1.48,0.00,30.00,1.06,19409232,2026-09-18T06:19:43Z
C,vacuum,leaf_freq_K10,pread,128,5,0,0.00,100.00,1145.90,811.74,228.81,582.93,,,1957.64,1728.83,1.53,16.00,32.00,1.05,19409392,2026-09-18T06:19:43Z
C,vacuum,leaf_freq_K10,async,128,5,0,0.00,100.00,1114.33,305.56,227.40,78.17,,,1419.89,1192.50,1.56,17.00,31.00,1.05,19410736,2026-09-18T06:19:43Z
C,vacuum,leaf_rand_K10,pread,128,5,0,0.00,100.00,996.32,1066.62,227.18,839.44,,,2062.94,1835.76,1.53,18.00,27.00,1.05,19411196,2026-09-18T06:19:44Z
C,vacuum,leaf_rand_K10,async,128,5,0,0.00,100.00,983.53,300.70,226.04,74.65,,,1284.23,1058.18,1.54,18.00,27.00,1.05,19412264,2026-09-18T06:19:44Z
C,ta,layers_5,pread,128,5,0,0.00,100.00,801.37,472.49,223.70,248.79,,,1273.86,1050.16,1.58,20.00,30.00,1.05,19410136,2026-09-18T06:19:44Z
C,ta,layers_5,async,128,5,0,0.00,100.00,867.74,298.00,228.89,69.11,,,1165.74,936.85,1.58,20.00,30.00,1.05,19409576,2026-09-18T06:19:44Z
C,ta,layers_92,pread,128,5,0,0.00,100.00,476.78,1078.95,226.43,852.52,,,1555.73,1329.30,1.63,19.00,31.00,1.05,19410004,2026-09-18T06:19:45Z
C,ta,layers_92,async,128,5,0,0.00,100.00,462.97,393.23,225.08,168.15,,,856.20,631.12,1.60,19.00,31.00,1.05,19412096,2026-09-18T06:19:45Z
C,ta,2d,pread,128,5,0,0.00,100.00,450.19,1026.42,225.97,800.45,,,1476.61,1250.64,1.59,19.00,31.00,1.05,19414232,2026-09-18T06:19:45Z
C,ta,2d,async,128,5,0,0.00,64.60,481.61,340.51,223.63,116.88,,,822.12,598.49,1.59,19.00,31.00,1.05,19413712,2026-09-18T06:19:45Z
C,ta,2e_K10,pread,128,5,0,0.00,100.00,472.69,1615.13,224.46,1390.66,,,2087.82,1863.35,1.59,18.00,36.00,1.05,19414500,2026-09-18T06:19:46Z
C,ta,2e_K10,async,128,5,0,0.00,100.00,398.65,355.40,225.00,130.40,,,754.05,529.05,1.60,19.00,34.00,1.05,19392060,2026-09-18T06:19:46Z
C,ta,2e_K500,pread,128,5,0,0.00,100.00,182.42,3565.48,228.21,3337.27,,,3747.90,3519.69,1.55,0.00,38.00,1.05,19394716,2026-09-18T06:19:46Z
C,ta,2e_K500,async,128,5,0,0.00,100.00,184.93,845.64,227.73,617.91,,,1030.57,802.84,1.57,0.00,38.00,1.05,19395628,2026-09-18T06:19:47Z
C,ta,2f_slru,pread,128,5,0,0.00,100.00,95.71,3382.69,227.56,3155.13,,,3478.40,3250.84,1.57,0.00,38.00,1.05,19396952,2026-09-18T06:19:47Z
C,ta,2f_slru,async,128,5,0,0.00,100.00,96.20,1071.97,227.82,844.16,,,1168.17,940.36,1.52,0.00,38.00,1.05,19398464,2026-09-18T06:19:47Z
C,ta,leaf_freq_K10,pread,128,5,0,0.00,100.00,1223.45,845.45,227.48,617.97,,,2068.90,1841.42,1.59,19.00,35.00,1.05,19398300,2026-09-18T06:19:47Z
C,ta,leaf_freq_K10,async,128,5,0,0.00,100.00,1260.74,303.65,228.84,74.81,,,1564.39,1335.55,1.60,20.00,33.00,1.05,19398104,2026-09-18T06:19:48Z
C,ta,leaf_rand_K10,pread,128,5,0,0.00,100.00,891.13,1007.48,230.20,777.28,,,1898.61,1668.41,1.58,20.00,30.00,1.05,19398664,2026-09-18T06:19:48Z
C,ta,leaf_rand_K10,async,128,5,0,0.00,100.00,823.51,301.69,226.37,75.32,,,1125.20,898.83,1.57,20.00,30.00,1.05,19399576,2026-09-18T06:19:48Z
C,1gb,layers_5,pread,128,5,0,0.00,100.00,1237.28,728.99,224.84,504.15,,,1966.27,1741.43,1.67,40.00,54.00,1.05,19399124,2026-09-18T06:19:48Z
C,1gb,layers_5,async,128,5,0,0.00,100.00,1328.63,295.02,225.72,69.30,,,1623.65,1397.93,1.72,40.00,54.00,1.05,19399780,2026-09-18T06:19:49Z
C,1gb,layers_92,pread,128,5,0,0.00,100.00,1033.43,8164.20,224.42,7939.78,,,9197.63,8973.21,1.69,40.00,56.00,1.05,19419668,2026-09-18T06:19:49Z
C,1gb,layers_92,async,128,5,0,0.00,100.00,995.26,1820.68,1143.37,677.31,,,2815.94,1672.57,1.69,40.00,56.00,1.05,19420020,2026-09-18T06:19:49Z
C,1gb,2d,pread,128,5,0,0.00,100.00,659.64,946.91,228.14,718.77,,,1606.55,1378.41,1.67,39.00,57.00,1.05,19420412,2026-09-18T06:19:50Z
C,1gb,2d,async,128,5,0,0.00,100.00,652.68,303.27,226.44,76.83,,,955.95,729.51,1.68,39.00,57.00,1.05,19420888,2026-09-18T06:19:50Z
C,1gb,2e_K10,pread,128,5,0,0.00,100.00,180.15,1803.56,234.56,1569.00,,,1983.71,1749.15,1.66,37.00,67.00,1.05,19422492,2026-09-18T06:19:50Z
C,1gb,2e_K10,async,128,5,0,0.00,100.00,183.73,316.57,228.10,88.48,,,500.30,272.21,1.68,37.00,67.00,1.05,19423012,2026-09-18T06:19:50Z
C,1gb,2e_K500,pread,128,5,0,0.00,100.00,181.05,4332.61,224.30,4108.31,,,4513.66,4289.36,1.55,1.00,66.00,1.05,19423676,2026-09-18T06:19:51Z
C,1gb,2e_K500,async,128,5,0,0.00,100.00,184.96,1000.79,227.41,773.38,,,1185.75,958.34,1.64,36.00,93.00,1.05,19423508,2026-09-18T06:19:51Z
C,1gb,2f_slru,pread,128,5,0,0.00,100.00,4165.69,5820.95,620.92,5200.03,,,9986.64,9365.72,1.59,0.00,64.00,1.05,19423788,2026-09-18T06:19:51Z
C,1gb,2f_slru,async,128,5,0,0.00,100.00,96.39,1872.66,229.78,1642.88,,,1969.05,1739.27,1.57,0.00,64.00,1.05,19424764,2026-09-18T06:19:52Z
C,1gb,leaf_freq_K10,pread,128,5,0,0.00,100.00,898.21,1088.29,224.29,863.99,,,1986.50,1762.20,1.68,39.00,62.00,1.05,19423012,2026-09-18T06:19:52Z
C,1gb,leaf_freq_K10,async,128,5,0,0.00,100.00,884.50,297.49,223.78,73.71,,,1181.99,958.21,1.70,39.00,62.00,1.05,19425204,2026-09-18T06:19:52Z
C,1gb,leaf_rand_K10,pread,128,5,0,0.00,100.00,1444.76,1116.65,224.38,892.27,,,2561.41,2337.03,1.70,40.00,54.00,1.05,19425300,2026-09-18T06:19:52Z
C,1gb,leaf_rand_K10,async,128,5,0,0.00,100.00,1435.16,301.54,225.30,76.23,,,1736.70,1511.39,1.68,40.00,54.00,1.05,19425676,2026-09-18T06:19:53Z
A,vacuum,baseline,baseline,128,6,0,0.00,0.00,909.48,0.00,0.00,0.00,,,909.48,909.48,2.01,149.00,213.00,1.04,19426148,2026-09-18T06:19:53Z
A,ta,baseline,baseline,128,6,0,0.00,0.00,1086.28,0.00,0.00,0.00,,,1086.28,1086.28,2.21,188.00,247.00,1.04,19425844,2026-09-18T06:19:53Z
A,1gb,baseline,baseline,128,6,0,0.00,0.00,1227.42,0.00,0.00,0.00,,,1227.42,1227.42,2.10,191.00,248.00,1.04,19423860,2026-09-18T06:19:54Z
B,vacuum,baseline,baseline,128,6,0,0.00,0.00,996.29,0.00,0.00,0.00,,,996.29,996.29,2.03,147.00,209.00,1.04,19422948,2026-09-18T06:19:54Z
B,ta,baseline,baseline,128,6,0,0.00,0.00,1732.84,0.00,0.00,0.00,,,1732.84,1732.84,2.21,192.00,246.00,1.04,19411532,2026-09-18T06:19:54Z
B,1gb,baseline,baseline,128,6,0,0.00,0.00,1454.26,0.00,0.00,0.00,,,1454.26,1454.26,2.19,193.00,253.00,1.04,19410572,2026-09-18T06:19:55Z
C,vacuum,baseline,baseline,128,6,0,0.00,0.00,1040.15,0.00,0.00,0.00,,,1040.15,1040.15,1.51,18.00,27.00,1.04,19412340,2026-09-18T06:19:55Z
C,ta,baseline,baseline,128,6,0,0.00,0.00,908.52,0.00,0.00,0.00,,,908.52,908.52,1.58,20.00,30.00,1.04,19412496,2026-09-18T06:19:55Z
C,1gb,baseline,baseline,128,6,0,0.00,0.00,1397.75,0.00,0.00,0.00,,,1397.75,1397.75,1.69,40.00,55.00,1.04,19411604,2026-09-18T06:19:56Z
A,vacuum,layers_5,pread,128,6,0,0.00,100.00,799.06,808.92,223.70,585.22,,,1607.98,1384.28,2.09,150.00,212.00,1.04,19412368,2026-09-18T06:19:56Z
A,vacuum,layers_5,async,128,6,0,0.00,100.00,836.64,296.36,226.46,69.90,,,1133.00,906.54,2.01,150.00,210.00,1.04,19413000,2026-09-18T06:19:56Z
A,vacuum,layers_92,pread,128,6,0,0.00,100.00,503.39,7795.72,220.94,7574.77,,,8299.11,8078.16,2.01,150.00,219.00,1.04,19412704,2026-09-18T06:19:56Z
A,vacuum,layers_92,async,128,6,0,0.00,100.00,547.70,408.89,225.36,183.53,,,956.59,731.23,2.04,150.00,217.00,1.04,19414356,2026-09-18T06:19:57Z
A,vacuum,2d,pread,128,6,0,0.00,100.00,546.00,1422.12,223.47,1198.65,,,1968.12,1744.65,2.04,150.00,219.00,1.04,19398152,2026-09-18T06:19:57Z
A,vacuum,2d,async,128,6,0,0.00,100.00,514.68,310.89,226.77,84.13,,,825.57,598.81,2.15,150.00,217.00,1.04,19400368,2026-09-18T06:19:57Z
A,vacuum,2e_K10,pread,128,6,0,0.00,100.00,500.61,2208.18,220.91,1987.27,,,2708.79,2487.88,2.01,149.00,226.00,1.04,19400888,2026-09-18T06:19:58Z
A,vacuum,2e_K10,async,128,6,0,0.00,100.00,506.42,315.41,225.16,90.25,,,821.83,596.67,1.96,149.00,225.00,1.04,19401520,2026-09-18T06:19:58Z
A,vacuum,2e_K500,pread,128,6,0,0.00,100.00,556.39,13950.44,226.53,13723.92,,,14506.83,14280.31,1.91,123.00,416.00,1.04,19403004,2026-09-18T06:19:58Z
A,vacuum,2e_K500,async,128,6,0,0.00,100.00,556.91,1113.30,220.72,892.58,,,1670.21,1449.49,1.98,151.00,320.00,1.04,19402068,2026-09-18T06:19:59Z
A,vacuum,2f_slru,pread,128,6,0,0.00,100.00,97.31,13538.65,225.72,13312.93,,,13635.96,13410.24,1.53,0.00,214.00,1.04,19403192,2026-09-18T06:19:59Z
A,vacuum,2f_slru,async,128,6,0,0.00,100.00,99.42,5730.60,222.94,5507.66,,,5830.02,5607.08,1.55,0.00,214.00,1.04,19403180,2026-09-18T06:19:59Z
A,vacuum,leaf_freq_K10,pread,128,6,0,0.00,100.00,938.02,1121.40,225.18,896.22,,,2059.42,1834.24,2.00,149.00,217.00,1.04,19402900,2026-09-18T06:19:59Z
A,vacuum,leaf_freq_K10,async,128,6,0,0.00,100.00,995.00,328.46,253.41,75.05,,,1323.46,1070.05,2.02,149.00,217.00,1.04,19404216,2026-09-18T06:20:00Z
A,vacuum,leaf_rand_K10,pread,128,6,0,0.00,100.00,939.86,1156.36,226.09,930.27,,,2096.22,1870.13,2.01,149.00,215.00,1.04,19404632,2026-09-18T06:20:00Z
A,vacuum,leaf_rand_K10,async,128,6,0,0.00,100.00,938.68,308.94,230.61,78.33,,,1247.62,1017.01,2.09,149.00,215.00,1.04,19408912,2026-09-18T06:20:00Z
A,ta,layers_5,pread,128,6,0,0.00,100.00,907.03,474.36,224.62,249.74,,,1381.39,1156.77,2.21,188.00,247.00,1.04,19389664,2026-09-18T06:20:01Z
A,ta,layers_5,async,128,6,0,0.00,100.00,972.19,294.94,227.17,67.77,,,1267.13,1039.96,2.17,188.00,246.00,1.04,19390564,2026-09-18T06:20:01Z
A,ta,layers_92,pread,128,6,0,0.00,100.00,1102.00,1045.34,224.58,820.75,,,2147.34,1922.75,2.18,184.00,248.00,1.04,19391872,2026-09-18T06:20:01Z
A,ta,layers_92,async,128,6,0,0.00,100.00,565.67,407.15,225.20,181.94,,,972.82,747.61,2.16,187.00,246.00,1.04,19391940,2026-09-18T06:20:02Z
A,ta,2d,pread,128,6,0,0.00,100.00,566.01,1033.42,225.90,807.53,,,1599.43,1373.54,2.15,187.00,247.00,1.04,19391964,2026-09-18T06:20:02Z
A,ta,2d,async,128,6,0,0.00,100.00,568.22,330.32,226.59,103.73,,,898.54,671.95,2.23,187.00,246.00,1.04,19383392,2026-09-18T06:20:02Z
A,ta,2e_K10,pread,128,6,0,0.00,100.00,571.66,2253.64,224.15,2029.48,,,2825.30,2601.14,2.16,190.00,248.00,1.04,19377704,2026-09-18T06:20:03Z
A,ta,2e_K10,async,128,6,0,0.00,93.20,569.54,342.96,226.03,116.94,,,912.50,686.48,2.16,190.00,247.00,1.04,19380552,2026-09-18T06:20:03Z
A,ta,2e_K500,pread,128,6,0,0.00,100.00,564.16,20355.90,185.79,20170.11,,,20920.06,20734.27,2.05,169.00,436.00,1.04,19382972,2026-09-18T06:20:03Z
A,ta,2e_K500,async,128,6,0,0.00,31.60,959.43,982.27,182.20,800.06,,,1941.70,1759.49,2.09,181.00,378.00,1.04,19382632,2026-09-18T06:20:04Z
A,ta,2f_slru,pread,128,6,0,0.00,100.00,95.80,26052.99,145.85,25907.13,,,26148.79,26002.93,1.52,0.00,279.00,1.04,19382824,2026-09-18T06:20:04Z
A,ta,2f_slru,async,128,6,0,0.00,100.00,96.77,7386.48,184.97,7201.51,,,7483.25,7298.28,1.57,0.00,279.00,1.04,19382144,2026-09-18T06:20:04Z
A,ta,leaf_freq_K10,pread,128,6,0,0.00,100.00,1092.71,1123.30,192.48,930.82,,,2216.01,2023.53,2.15,191.00,248.00,1.04,19384260,2026-09-18T06:20:05Z
A,ta,leaf_freq_K10,async,128,6,0,0.00,100.00,1054.37,257.75,183.05,74.69,,,1312.12,1129.06,2.19,191.00,248.00,1.04,19384224,2026-09-18T06:20:05Z
A,ta,leaf_rand_K10,pread,128,6,0,0.00,100.00,1032.18,1083.74,186.81,896.93,,,2115.92,1929.11,2.16,188.00,247.00,1.04,19387196,2026-09-18T06:20:05Z
A,ta,leaf_rand_K10,async,128,6,0,0.00,100.00,2131.96,267.64,189.60,78.05,,,2399.60,2210.01,2.16,188.00,247.00,1.04,19388456,2026-09-18T06:20:05Z
A,1gb,layers_5,pread,128,6,0,0.00,100.00,1410.87,695.25,185.96,509.29,,,2106.12,1920.16,2.19,191.00,246.00,1.04,19388488,2026-09-18T06:20:06Z
A,1gb,layers_5,async,128,6,0,0.00,100.00,1351.53,259.82,189.02,70.80,,,1611.35,1422.33,2.17,191.00,246.00,1.04,19389704,2026-09-18T06:20:06Z
A,1gb,layers_92,pread,128,6,0,0.00,100.00,2230.03,8426.82,188.66,8238.16,,,10656.85,10468.19,2.19,188.00,258.00,1.04,19390580,2026-09-18T06:20:06Z
A,1gb,layers_92,async,128,6,0,0.00,100.00,890.98,396.24,182.23,214.00,,,1287.22,1104.98,2.14,188.00,257.00,1.04,19391768,2026-09-18T06:20:07Z
A,1gb,2d,pread,128,6,0,0.00,100.00,504.26,2080.19,186.21,1893.98,,,2584.45,2398.24,2.11,187.00,259.00,1.04,19393464,2026-09-18T06:20:07Z
A,1gb,2d,async,128,6,0,0.00,100.00,576.69,280.81,185.59,95.22,,,857.50,671.91,2.24,187.00,258.00,1.04,19389868,2026-09-18T06:20:08Z
A,1gb,2e_K10,pread,128,6,0,0.00,100.00,538.74,2854.12,185.29,2668.83,,,3392.86,3207.57,2.16,190.00,261.00,1.04,19374376,2026-09-18T06:20:08Z
A,1gb,2e_K10,async,128,6,0,0.00,100.00,608.77,288.13,186.21,101.92,,,896.90,710.69,2.18,190.00,260.00,1.03,19380196,2026-09-18T06:20:08Z
A,1gb,2e_K500,pread,128,6,0,0.00,100.00,615.02,36692.01,194.26,36497.74,,,37307.03,37112.76,2.06,164.00,428.00,1.03,19380416,2026-09-18T06:20:09Z
A,1gb,2e_K500,async,128,6,0,0.00,100.00,660.96,1115.93,185.93,930.00,,,1776.89,1590.96,2.10,181.00,383.00,1.03,19380824,2026-09-18T06:20:09Z
A,1gb,2f_slru,pread,128,6,0,0.00,100.00,99.56,19120.15,196.21,18923.94,,,19219.71,19023.50,1.55,0.00,280.00,1.03,19383480,2026-09-18T06:20:09Z
A,1gb,2f_slru,async,128,6,0,0.00,100.00,97.42,7428.51,187.27,7241.23,,,7525.93,7338.65,1.57,0.00,280.00,1.03,19402524,2026-09-18T06:20:09Z
A,1gb,leaf_freq_K10,pread,128,6,0,0.00,100.00,1474.61,1082.44,184.83,897.62,,,2557.05,2372.23,2.18,193.00,248.00,1.03,19405252,2026-09-18T06:20:10Z
A,1gb,leaf_freq_K10,async,128,6,0,0.00,100.00,1616.19,262.47,187.06,75.41,,,1878.66,1691.60,2.18,193.00,248.00,1.03,19405580,2026-09-18T06:20:10Z
A,1gb,leaf_rand_K10,pread,128,6,0,0.00,100.00,1472.09,1107.64,184.34,923.31,,,2579.73,2395.40,2.19,191.00,247.00,1.03,19405036,2026-09-18T06:20:10Z
A,1gb,leaf_rand_K10,async,128,6,0,0.00,100.00,1391.17,263.30,187.65,75.64,,,1654.47,1466.81,2.17,191.00,247.00,1.03,19405452,2026-09-18T06:20:11Z
B,vacuum,layers_5,pread,128,6,0,0.00,100.00,891.03,770.03,184.35,585.68,,,1661.06,1476.71,2.02,147.00,212.00,1.03,19407616,2026-09-18T06:20:11Z
B,vacuum,layers_5,async,128,6,0,0.00,100.00,1217.25,253.44,184.98,68.46,,,1470.69,1285.71,2.07,148.00,209.00,1.03,19407384,2026-09-18T06:20:11Z
B,vacuum,layers_92,pread,128,6,0,0.00,100.00,532.54,7535.63,183.00,7352.62,,,8068.17,7885.16,2.00,144.00,226.00,1.03,19407800,2026-09-18T06:20:12Z
B,vacuum,layers_92,async,128,6,0,0.00,100.00,585.28,387.41,195.51,191.90,,,972.69,777.18,2.04,145.00,223.00,1.03,19405748,2026-09-18T06:20:12Z
B,vacuum,2d,pread,128,6,0,0.00,100.00,511.51,1366.27,183.41,1182.85,,,1877.78,1694.36,2.03,144.00,226.00,1.03,19407460,2026-09-18T06:20:12Z
B,vacuum,2d,async,128,6,0,0.00,100.00,485.51,264.76,186.47,78.29,,,750.27,563.80,2.02,145.00,223.00,1.03,19407664,2026-09-18T06:20:13Z
B,vacuum,2e_K10,pread,128,6,0,0.00,100.00,492.82,2266.20,187.54,2078.66,,,2759.02,2571.48,2.09,144.00,226.00,1.03,19407996,2026-09-18T06:20:13Z
B,vacuum,2e_K10,async,128,6,0,0.00,100.00,583.73,272.51,179.65,92.86,,,856.24,676.59,2.04,145.00,224.00,1.03,19393660,2026-09-18T06:20:13Z
B,vacuum,2e_K500,pread,128,6,0,0.00,100.00,176.37,13859.45,190.08,13669.38,,,14035.82,13845.75,1.77,52.00,289.00,1.03,19403824,2026-09-18T06:20:14Z
B,vacuum,2e_K500,async,128,6,0,0.00,100.00,181.39,1031.42,186.79,844.63,,,1212.81,1026.02,2.03,148.00,283.00,1.03,19409240,2026-09-18T06:20:14Z
B,vacuum,2f_slru,pread,128,6,0,0.00,100.00,93.86,13452.23,185.12,13267.11,,,13546.09,13360.97,1.59,0.00,214.00,1.03,19410508,2026-09-18T06:20:14Z
B,vacuum,2f_slru,async,128,6,0,0.00,100.00,97.53,5748.99,198.96,5550.02,,,5846.52,5647.55,1.60,0.00,214.00,1.03,19410668,2026-09-18T06:20:14Z
B,vacuum,leaf_freq_K10,pread,128,6,0,0.00,100.00,961.92,1053.70,183.41,870.30,,,2015.62,1832.22,2.07,147.00,209.00,1.03,19395236,2026-09-18T06:20:15Z
B,vacuum,leaf_freq_K10,async,128,6,0,0.00,100.00,956.48,259.77,185.16,74.61,,,1216.25,1031.09,2.05,147.00,210.00,1.03,19394496,2026-09-18T06:20:15Z
B,vacuum,leaf_rand_K10,pread,128,6,0,0.00,100.00,982.73,1051.35,185.64,865.71,,,2034.08,1848.44,2.05,147.00,209.00,1.03,19395900,2026-09-18T06:20:15Z
B,vacuum,leaf_rand_K10,async,128,6,0,0.00,100.00,955.43,265.05,184.72,80.33,,,1220.48,1035.76,2.05,147.00,209.00,1.03,19396352,2026-09-18T06:20:16Z
B,ta,layers_5,pread,128,6,0,0.00,100.00,438.51,434.93,185.45,249.48,,,873.44,687.99,2.21,192.00,245.00,1.03,19396504,2026-09-18T06:20:16Z
B,ta,layers_5,async,128,6,0,0.00,100.00,837.90,258.84,189.13,69.70,,,1096.74,907.60,2.20,192.00,244.00,1.03,19397708,2026-09-18T06:20:16Z
B,ta,layers_92,pread,128,6,0,0.00,100.00,485.10,1035.81,184.02,851.79,,,1520.91,1336.89,2.17,189.00,245.00,1.03,19397512,2026-09-18T06:20:17Z
B,ta,layers_92,async,128,6,0,0.00,45.70,474.53,359.66,186.73,172.93,,,834.19,647.46,2.21,191.00,244.00,1.03,19397528,2026-09-18T06:20:17Z
B,ta,2d,pread,128,6,0,0.00,100.00,457.92,1039.41,185.41,854.00,,,1497.33,1311.92,2.18,190.00,245.00,1.03,19398740,2026-09-18T06:20:17Z
B,ta,2d,async,128,6,0,0.00,66.00,393.11,304.09,182.32,121.77,,,697.20,514.88,2.19,191.00,244.00,1.03,19399524,2026-09-18T06:20:18Z
B,ta,2e_K10,pread,128,6,0,0.00,100.00,422.76,2530.18,186.05,2344.13,,,2952.94,2766.89,2.16,190.00,245.00,1.03,19400404,2026-09-18T06:20:18Z
B,ta,2e_K10,async,128,6,0,0.00,71.90,397.82,316.44,185.43,131.01,,,714.26,528.83,2.17,191.00,244.00,1.03,19400524,2026-09-18T06:20:18Z
B,ta,2e_K500,pread,128,6,0,0.00,100.00,181.92,22252.42,184.42,22068.01,,,22434.34,22249.93,1.92,83.00,309.00,1.03,19400244,2026-09-18T06:20:19Z
B,ta,2e_K500,async,128,6,0,0.00,45.00,181.59,953.52,184.11,769.42,,,1135.11,951.01,2.15,182.00,314.00,1.03,19377536,2026-09-18T06:20:19Z
B,ta,2f_slru,pread,128,6,0,0.00,100.00,95.13,16687.61,184.89,16502.72,,,16782.74,16597.85,1.58,0.00,279.00,1.03,19378000,2026-09-18T06:20:19Z
B,ta,2f_slru,async,128,6,0,0.00,100.00,97.10,7389.39,187.01,7202.38,,,7486.49,7299.48,1.65,0.00,279.00,1.03,19376296,2026-09-18T06:20:20Z
B,ta,leaf_freq_K10,pread,128,6,0,0.00,100.00,665.63,1110.70,183.65,927.05,,,1776.33,1592.68,2.19,192.00,246.00,1.03,19378840,2026-09-18T06:20:20Z
B,ta,leaf_freq_K10,async,128,6,0,0.00,100.00,634.39,260.93,185.78,75.15,,,895.32,709.54,2.19,192.00,246.00,1.03,19382064,2026-09-18T06:20:20Z
B,ta,leaf_rand_K10,pread,128,6,0,0.00,100.00,661.70,1082.69,185.82,896.88,,,1744.39,1558.58,2.22,192.00,246.00,1.03,19384412,2026-09-18T06:20:20Z
B,ta,leaf_rand_K10,async,128,6,0,0.00,100.00,620.48,265.00,188.05,76.94,,,885.48,697.42,2.19,192.00,246.00,1.03,19385464,2026-09-18T06:20:21Z
B,1gb,layers_5,pread,128,6,0,0.00,100.00,1339.15,616.77,190.22,426.55,,,1955.92,1765.70,2.26,193.00,255.00,1.03,19389316,2026-09-18T06:20:21Z
B,1gb,layers_5,async,128,6,0,0.00,100.00,1435.13,257.60,187.32,70.28,,,1692.73,1505.41,2.21,194.00,254.00,1.03,19389428,2026-09-18T06:20:22Z
B,1gb,layers_92,pread,128,6,0,0.00,100.00,980.04,7924.64,184.68,7739.96,,,8904.68,8720.00,2.18,194.00,262.00,1.03,19391820,2026-09-18T06:20:22Z
B,1gb,layers_92,async,128,6,0,0.00,100.00,974.06,805.60,607.03,198.57,,,1779.66,1172.63,2.22,195.00,260.00,1.03,19394252,2026-09-18T06:20:22Z
B,1gb,2d,pread,128,6,0,0.00,100.00,660.43,2150.62,185.48,1965.14,,,2811.05,2625.57,2.21,193.00,263.00,1.03,19394416,2026-09-18T06:20:23Z
B,1gb,2d,async,128,6,0,0.00,100.00,546.22,275.82,186.33,89.49,,,822.04,635.71,2.19,194.00,261.00,1.03,19393888,2026-09-18T06:20:23Z
B,1gb,2e_K10,pread,128,6,0,0.00,100.00,883.07,2841.13,194.04,2647.09,,,3724.20,3530.16,2.28,193.00,263.00,1.10,19395876,2026-09-18T06:20:23Z
B,1gb,2e_K10,async,128,6,0,0.00,100.00,563.05,294.20,187.55,106.65,,,857.25,669.70,2.15,194.00,261.00,1.10,19395424,2026-09-18T06:20:24Z
B,1gb,2e_K500,pread,128,6,0,0.00,100.00,184.35,18497.99,190.25,18307.74,,,18682.34,18492.09,2.13,174.00,385.00,1.10,19396268,2026-09-18T06:20:24Z
B,1gb,2e_K500,async,128,6,0,0.00,100.00,187.35,1290.04,410.21,879.82,,,1477.39,1067.17,2.21,183.00,322.00,1.10,19398044,2026-09-18T06:20:24Z
B,1gb,2f_slru,pread,128,6,0,0.00,100.00,100.63,19085.03,188.33,18896.69,,,19185.66,18997.32,1.59,0.00,280.00,1.10,19399380,2026-09-18T06:20:25Z
B,1gb,2f_slru,async,128,6,0,0.00,100.00,101.02,7426.49,186.27,7240.22,,,7527.51,7341.24,1.64,0.00,280.00,1.10,19399880,2026-09-18T06:20:25Z
B,1gb,leaf_freq_K10,pread,128,6,0,0.00,100.00,1711.43,1076.47,185.89,890.58,,,2787.90,2602.01,2.22,193.00,252.00,1.10,19401152,2026-09-18T06:20:25Z
B,1gb,leaf_freq_K10,async,128,6,0,0.00,100.00,1421.61,260.34,186.01,74.33,,,1681.95,1495.94,2.18,193.00,252.00,1.10,19402552,2026-09-18T06:20:26Z
B,1gb,leaf_rand_K10,pread,128,6,0,0.00,100.00,1495.40,1028.86,188.88,839.98,,,2524.26,2335.38,2.22,193.00,253.00,1.10,19403028,2026-09-18T06:20:26Z
B,1gb,leaf_rand_K10,async,128,6,0,0.00,100.00,1612.78,269.53,191.91,77.62,,,1882.31,1690.40,2.35,193.00,253.00,1.10,19403580,2026-09-18T06:20:26Z
C,vacuum,layers_5,pread,128,6,0,0.00,100.00,891.10,769.21,187.94,581.26,,,1660.31,1472.36,1.56,18.00,27.00,1.10,19405736,2026-09-18T06:20:27Z
C,vacuum,layers_5,async,128,6,0,0.00,100.00,898.56,256.28,186.37,69.91,,,1154.84,968.47,1.51,18.00,27.00,1.10,19407348,2026-09-18T06:20:27Z
C,vacuum,layers_92,pread,128,6,0,0.00,100.00,504.19,7287.90,187.19,7100.71,,,7792.09,7604.90,1.55,18.00,29.00,1.10,19408604,2026-09-18T06:20:27Z
C,vacuum,layers_92,async,128,6,0,0.00,100.00,503.26,376.51,189.68,186.83,,,879.77,690.09,1.52,18.00,29.00,1.10,19409404,2026-09-18T06:20:27Z
C,vacuum,2d,pread,128,6,0,0.00,100.00,498.99,603.07,189.70,413.38,,,1102.06,912.37,1.53,18.00,29.00,1.10,19408656,2026-09-18T06:20:28Z
C,vacuum,2d,async,128,6,0,0.00,100.00,475.67,249.85,183.56,66.29,,,725.52,541.96,1.53,18.00,29.00,1.10,19410556,2026-09-18T06:20:28Z
C,vacuum,2e_K10,pread,128,6,0,0.00,100.00,478.92,1448.21,188.35,1259.86,,,1927.13,1738.78,1.54,16.00,34.00,1.10,19410508,2026-09-18T06:20:28Z
C,vacuum,2e_K10,async,128,6,0,0.00,92.90,520.34,261.69,186.46,75.23,,,782.03,595.57,1.55,17.00,33.00,1.10,19410492,2026-09-18T06:20:28Z
C,vacuum,2e_K500,pread,128,6,0,0.00,100.00,180.12,2376.92,188.63,2188.28,,,2557.04,2368.40,1.48,0.00,30.00,1.10,19410688,2026-09-18T06:20:29Z
C,vacuum,2e_K500,async,128,6,0,0.00,59.80,180.61,675.14,188.29,486.85,,,855.75,667.46,1.49,0.00,30.00,1.10,19411204,2026-09-18T06:20:29Z
C,vacuum,2f_slru,pread,128,6,0,0.00,100.00,94.49,3067.04,188.69,2878.35,,,3161.53,2972.84,1.47,0.00,30.00,1.10,19411576,2026-09-18T06:20:29Z
C,vacuum,2f_slru,async,128,6,0,0.00,100.00,94.19,810.82,188.01,622.81,,,905.01,717.00,1.52,0.00,30.00,1.10,19398008,2026-09-18T06:20:29Z
C,vacuum,leaf_freq_K10,pread,128,6,0,0.00,100.00,1179.48,768.31,187.48,580.83,,,1947.79,1760.31,1.52,16.00,32.00,1.10,19401248,2026-09-18T06:20:30Z
C,vacuum,leaf_freq_K10,async,128,6,0,0.00,100.00,1133.95,260.41,185.64,74.77,,,1394.36,1208.72,1.53,17.00,31.00,1.10,19413560,2026-09-18T06:20:30Z
C,vacuum,leaf_rand_K10,pread,128,6,0,0.00,100.00,984.48,1048.17,185.41,862.76,,,2032.65,1847.24,1.52,18.00,27.00,1.10,19415728,2026-09-18T06:20:30Z
C,vacuum,leaf_rand_K10,async,128,6,0,0.00,100.00,995.66,259.44,184.86,74.58,,,1255.10,1070.24,1.57,18.00,27.00,1.10,19415620,2026-09-18T06:20:30Z
C,ta,layers_5,pread,128,6,0,0.00,100.00,864.13,436.55,185.79,250.76,,,1300.68,1114.89,1.59,20.00,30.00,1.10,19415636,2026-09-18T06:20:31Z
C,ta,layers_5,async,128,6,0,0.00,100.00,885.11,251.95,184.26,67.70,,,1137.06,952.81,1.59,20.00,30.00,1.10,19416164,2026-09-18T06:20:31Z
C,ta,layers_92,pread,128,6,0,0.00,100.00,488.27,1033.37,185.43,847.94,,,1521.64,1336.21,1.60,19.00,31.00,1.10,19416788,2026-09-18T06:20:31Z
C,ta,layers_92,async,128,6,0,0.00,29.30,493.51,361.47,187.75,173.72,,,854.98,667.23,1.59,19.00,31.00,1.10,19417556,2026-09-18T06:20:31Z
C,ta,2d,pread,128,6,0,0.00,100.00,473.91,1039.12,187.77,851.35,,,1513.03,1325.26,1.60,19.00,31.00,1.10,19417476,2026-09-18T06:20:32Z
C,ta,2d,async,128,6,0,0.00,47.90,473.86,301.68,184.73,116.95,,,775.54,590.81,1.59,19.00,31.00,1.10,19418132,2026-09-18T06:20:32Z
C,ta,2e_K10,pread,128,6,0,0.00,100.00,469.09,1604.21,185.50,1418.72,,,2073.30,1887.81,1.61,18.00,36.00,1.10,19420364,2026-09-18T06:20:32Z
C,ta,2e_K10,async,128,6,0,0.00,70.70,473.65,313.16,184.77,128.39,,,786.81,602.04,1.58,19.00,34.00,1.10,19419696,2026-09-18T06:20:33Z
C,ta,2e_K500,pread,128,6,0,0.00,100.00,178.69,3780.68,184.12,3596.56,,,3959.37,3775.25,1.53,0.00,38.00,1.10,19419416,2026-09-18T06:20:33Z
C,ta,2e_K500,async,128,6,0,0.00,100.00,183.60,798.53,186.09,612.44,,,982.13,796.04,1.55,0.00,38.00,1.09,19419864,2026-09-18T06:20:33Z
C,ta,2f_slru,pread,128,6,0,0.00,100.00,94.11,3710.43,185.47,3524.97,,,3804.54,3619.08,1.58,0.00,38.00,1.09,19421020,2026-09-18T06:20:33Z
C,ta,2f_slru,async,128,6,0,0.00,100.00,92.67,1038.31,181.18,857.13,,,1130.98,949.80,1.54,0.00,38.00,1.09,19422312,2026-09-18T06:20:34Z
C,ta,leaf_freq_K10,pread,128,6,0,0.00,100.00,1142.66,908.01,184.10,723.91,,,2050.67,1866.57,1.58,19.00,35.00,1.09,19422900,2026-09-18T06:20:34Z
C,ta,leaf_freq_K10,async,128,6,0,0.00,100.00,1219.33,265.14,191.09,74.05,,,1484.47,1293.38,1.61,20.00,33.00,1.09,19422412,2026-09-18T06:20:34Z
C,ta,leaf_rand_K10,pread,128,6,0,0.00,100.00,894.60,1021.66,185.00,836.66,,,1916.26,1731.26,1.60,20.00,30.00,1.09,19423080,2026-09-18T06:20:34Z
C,ta,leaf_rand_K10,async,128,6,0,0.00,100.00,899.82,262.89,184.56,78.34,,,1162.71,978.16,1.61,20.00,30.00,1.09,19421908,2026-09-18T06:20:35Z
C,1gb,layers_5,pread,128,6,0,0.00,100.00,1251.85,687.55,186.06,501.49,,,1939.40,1753.34,1.68,40.00,54.00,1.09,19425176,2026-09-18T06:20:35Z
C,1gb,layers_5,async,128,6,0,0.00,100.00,1341.03,254.59,185.54,69.05,,,1595.62,1410.08,1.71,40.00,54.00,1.09,19385676,2026-09-18T06:20:35Z
C,1gb,layers_92,pread,128,6,0,0.00,100.00,1037.96,9260.42,830.97,8429.45,,,10298.38,9467.41,1.71,40.00,56.00,1.09,19383960,2026-09-18T06:20:35Z
C,1gb,layers_92,async,128,6,0,0.00,100.00,919.81,392.13,187.26,204.87,,,1311.94,1124.68,1.69,40.00,56.00,1.09,19386468,2026-09-18T06:20:36Z
C,1gb,2d,pread,128,6,0,0.00,100.00,590.67,826.60,186.58,640.02,,,1417.27,1230.69,1.66,39.00,57.00,1.09,19384356,2026-09-18T06:20:36Z
C,1gb,2d,async,128,6,0,0.00,100.00,598.26,260.44,185.10,75.34,,,858.70,673.60,1.70,39.00,57.00,1.09,19384768,2026-09-18T06:20:36Z
C,1gb,2e_K10,pread,128,6,0,0.00,100.00,179.42,1676.03,195.97,1480.06,,,1855.45,1659.48,1.71,37.00,67.00,1.09,19385784,2026-09-18T06:20:37Z
C,1gb,2e_K10,async,128,6,0,0.00,100.00,178.79,271.32,184.64,86.68,,,450.11,265.47,1.68,37.00,67.00,1.09,19392580,2026-09-18T06:20:37Z
C,1gb,2e_K500,pread,128,6,0,0.00,100.00,180.80,4658.26,185.91,4472.35,,,4839.06,4653.15,1.57,1.00,66.00,1.09,19393172,2026-09-18T06:20:37Z
C,1gb,2e_K500,async,128,6,0,0.00,100.00,178.57,927.71,187.88,739.82,,,1106.28,918.39,1.65,36.00,92.00,1.09,19393588,2026-09-18T06:20:38Z
C,1gb,2f_slru,pread,128,6,0,0.00,100.00,94.76,5122.60,184.24,4938.36,,,5217.36,5033.12,1.53,0.00,64.00,1.09,19395308,2026-09-18T06:20:38Z
C,1gb,2f_slru,async,128,6,0,0.00,100.00,96.17,1813.68,188.60,1625.08,,,1909.85,1721.25,1.57,0.00,64.00,1.08,19395760,2026-09-18T06:20:38Z
C,1gb,leaf_freq_K10,pread,128,6,0,0.00,100.00,896.87,1112.84,185.27,927.57,,,2009.71,1824.44,1.68,39.00,62.00,1.08,19396280,2026-09-18T06:20:38Z
C,1gb,leaf_freq_K10,async,128,6,0,0.00,100.00,961.79,258.56,185.18,73.38,,,1220.35,1035.17,1.67,39.00,62.00,1.08,19397268,2026-09-18T06:20:39Z
C,1gb,leaf_rand_K10,pread,128,6,0,0.00,100.00,1239.37,1103.87,185.47,918.40,,,2343.24,2157.77,1.67,40.00,54.00,1.08,19400520,2026-09-18T06:20:39Z
C,1gb,leaf_rand_K10,async,128,6,0,0.00,100.00,1413.00,258.92,184.64,74.28,,,1671.92,1487.28,1.68,40.00,54.00,1.08,19401648,2026-09-18T06:20:39Z
A,vacuum,baseline,baseline,128,7,0,0.00,0.00,947.34,0.00,0.00,0.00,,,947.34,947.34,2.03,149.00,213.00,1.08,19403848,2026-09-18T06:20:40Z
A,ta,baseline,baseline,128,7,0,0.00,0.00,1008.34,0.00,0.00,0.00,,,1008.34,1008.34,2.13,188.00,247.00,1.08,19402440,2026-09-18T06:20:40Z
A,1gb,baseline,baseline,128,7,0,0.00,0.00,1286.25,0.00,0.00,0.00,,,1286.25,1286.25,2.13,191.00,248.00,1.08,19401468,2026-09-18T06:20:40Z
B,vacuum,baseline,baseline,128,7,0,0.00,0.00,1004.56,0.00,0.00,0.00,,,1004.56,1004.56,2.11,147.00,209.00,1.08,19398664,2026-09-18T06:20:41Z
B,ta,baseline,baseline,128,7,0,0.00,0.00,647.39,0.00,0.00,0.00,,,647.39,647.39,2.20,192.00,246.00,1.08,19399244,2026-09-18T06:20:41Z
B,1gb,baseline,baseline,128,7,0,0.00,0.00,1401.93,0.00,0.00,0.00,,,1401.93,1401.93,2.22,193.00,253.00,1.08,19399352,2026-09-18T06:20:41Z
C,vacuum,baseline,baseline,128,7,0,0.00,0.00,956.13,0.00,0.00,0.00,,,956.13,956.13,1.53,18.00,27.00,1.08,19401928,2026-09-18T06:20:41Z
C,ta,baseline,baseline,128,7,0,0.00,0.00,900.45,0.00,0.00,0.00,,,900.45,900.45,1.59,20.00,30.00,1.08,19401572,2026-09-18T06:20:42Z
C,1gb,baseline,baseline,128,7,0,0.00,0.00,1289.45,0.00,0.00,0.00,,,1289.45,1289.45,1.67,40.00,55.00,1.08,19401776,2026-09-18T06:20:42Z
A,vacuum,layers_5,async,128,7,0,0.00,100.00,800.50,295.95,226.72,69.23,,,1096.45,869.73,2.02,150.00,210.00,1.08,19404784,2026-09-18T06:20:42Z
A,vacuum,layers_92,async,128,7,0,0.00,100.00,474.13,414.43,224.29,190.14,,,888.56,664.27,1.99,150.00,217.00,1.08,19405144,2026-09-18T06:20:43Z
A,vacuum,2d,async,128,7,0,0.00,100.00,568.11,305.14,226.24,78.91,,,873.25,647.02,2.00,150.00,217.00,1.08,19405684,2026-09-18T06:20:43Z
A,vacuum,2e_K10,async,128,7,0,0.00,100.00,507.33,316.86,227.45,89.41,,,824.19,596.74,2.00,149.00,225.00,1.07,19408076,2026-09-18T06:20:43Z
A,vacuum,2e_K500,async,128,7,0,0.00,100.00,579.67,1074.77,229.22,845.55,,,1654.44,1425.22,2.01,151.00,319.00,1.07,19409012,2026-09-18T06:20:44Z
A,vacuum,2f_slru,async,128,7,0,0.00,100.00,99.53,5607.06,231.80,5375.27,,,5706.59,5474.80,1.57,0.00,214.00,1.07,19410336,2026-09-18T06:20:44Z
A,vacuum,leaf_freq_K10,async,128,7,0,0.00,100.00,934.47,193.75,119.27,74.48,,,1128.22,1008.95,1.96,149.00,217.00,1.07,19409844,2026-09-18T06:20:44Z
A,vacuum,leaf_rand_K10,async,128,7,0,0.00,100.00,894.65,305.43,227.29,78.14,,,1200.08,972.79,2.00,149.00,215.00,1.07,19410580,2026-09-18T06:20:44Z
A,ta,layers_5,async,128,7,0,0.00,100.00,993.55,298.11,228.38,69.73,,,1291.66,1063.28,2.15,188.00,246.00,1.07,19410260,2026-09-18T06:20:45Z
A,ta,layers_92,async,128,7,0,0.00,100.00,740.90,392.51,223.99,168.52,,,1133.41,909.42,2.18,187.00,246.00,1.07,19410284,2026-09-18T06:20:45Z
A,ta,2d,async,128,7,0,0.00,67.60,567.23,335.47,224.76,110.71,,,902.70,677.94,2.14,187.00,246.00,1.07,19411396,2026-09-18T06:20:45Z
A,ta,2e_K10,async,128,7,0,0.00,93.20,568.39,342.08,223.10,118.98,,,910.47,687.37,2.20,190.00,247.00,1.07,19393336,2026-09-18T06:20:46Z
A,ta,2e_K500,async,128,7,0,0.00,26.00,937.00,934.86,191.15,743.71,,,1871.86,1680.71,2.10,181.00,376.00,1.07,19394076,2026-09-18T06:20:46Z
A,ta,2f_slru,async,128,7,0,0.00,100.00,100.42,7322.10,185.14,7136.97,,,7422.52,7237.39,1.57,0.00,279.00,1.07,19391836,2026-09-18T06:20:46Z
A,ta,leaf_freq_K10,async,128,7,0,0.00,100.00,1123.83,279.68,200.30,79.38,,,1403.51,1203.21,2.25,191.00,248.00,1.07,19394480,2026-09-18T06:20:47Z
A,ta,leaf_rand_K10,async,128,7,0,0.00,100.00,1060.22,262.50,186.87,75.63,,,1322.72,1135.85,2.16,188.00,247.00,1.07,19394848,2026-09-18T06:20:47Z
A,1gb,layers_5,async,128,7,0,0.00,100.00,1305.50,252.19,183.56,68.64,,,1557.69,1374.14,2.15,191.00,246.00,1.07,19395300,2026-09-18T06:20:47Z
A,1gb,layers_92,async,128,7,0,0.00,100.00,1051.22,389.08,186.06,203.02,,,1440.30,1254.24,2.30,188.00,257.00,1.07,19394764,2026-09-18T06:20:48Z
A,1gb,2d,async,128,7,0,0.00,100.00,535.00,274.76,185.76,89.00,,,809.76,624.00,2.17,187.00,258.00,1.07,19395512,2026-09-18T06:20:48Z
A,1gb,2e_K10,async,128,7,0,0.00,100.00,464.55,286.61,183.51,103.09,,,751.16,567.64,2.12,190.00,260.00,1.07,19395892,2026-09-18T06:20:48Z
A,1gb,2e_K500,async,128,7,0,0.00,100.00,569.90,1071.28,190.42,880.87,,,1641.18,1450.77,2.16,181.00,381.00,1.07,19396932,2026-09-18T06:20:49Z
A,1gb,2f_slru,async,128,7,0,0.00,100.00,101.96,7236.14,184.10,7052.05,,,7338.10,7154.01,1.56,0.00,280.00,1.07,19395752,2026-09-18T06:20:49Z
A,1gb,leaf_freq_K10,async,128,7,0,0.00,100.00,1568.40,260.23,185.51,74.72,,,1828.63,1643.12,2.15,193.00,248.00,1.07,19397456,2026-09-18T06:20:49Z
A,1gb,leaf_rand_K10,async,128,7,0,0.00,100.00,1311.93,262.33,186.67,75.66,,,1574.26,1387.59,2.16,191.00,247.00,1.07,19397588,2026-09-18T06:20:50Z
B,vacuum,layers_5,async,128,7,0,0.00,100.00,866.86,257.53,187.23,70.30,,,1124.39,937.16,2.06,148.00,209.00,1.07,19399400,2026-09-18T06:20:50Z
B,vacuum,layers_92,async,128,7,0,0.00,100.00,587.34,370.74,185.37,185.37,,,958.08,772.71,2.05,145.00,223.00,1.07,19400132,2026-09-18T06:20:50Z
B,vacuum,2d,async,128,7,0,0.00,100.00,580.66,259.22,183.05,76.16,,,839.88,656.82,2.04,145.00,223.00,1.07,19417060,2026-09-18T06:20:51Z
B,vacuum,2e_K10,async,128,7,0,0.00,100.00,558.08,274.56,187.56,86.99,,,832.64,645.07,2.03,145.00,224.00,1.07,19417288,2026-09-18T06:20:51Z
B,vacuum,2e_K500,async,128,7,0,0.00,15.00,191.06,897.03,199.12,697.91,,,1088.09,888.97,2.08,148.00,285.00,1.07,19417712,2026-09-18T06:20:51Z
B,vacuum,2f_slru,async,128,7,0,0.00,100.00,97.56,5607.32,188.22,5419.10,,,5704.88,5516.66,1.62,0.00,214.00,1.07,19405216,2026-09-18T06:20:51Z
B,vacuum,leaf_freq_K10,async,128,7,0,0.00,100.00,984.05,261.66,185.76,75.90,,,1245.71,1059.95,2.02,147.00,209.00,1.07,19406788,2026-09-18T06:20:52Z
B,vacuum,leaf_rand_K10,async,128,7,0,0.00,100.00,991.74,263.47,186.67,76.80,,,1255.21,1068.54,2.07,147.00,209.00,1.07,19406952,2026-09-18T06:20:52Z
B,ta,layers_5,async,128,7,0,0.00,100.00,839.42,254.75,184.88,69.87,,,1094.17,909.29,2.18,192.00,244.00,1.07,19407148,2026-09-18T06:20:52Z
B,ta,layers_92,async,128,7,0,0.00,100.00,483.84,380.56,194.72,185.84,,,864.40,669.68,2.24,191.00,244.00,1.07,19407788,2026-09-18T06:20:53Z
B,ta,2d,async,128,7,0,0.00,66.00,479.58,305.74,185.68,120.06,,,785.32,599.64,2.17,191.00,244.00,1.14,19408548,2026-09-18T06:20:53Z
B,ta,2e_K10,async,128,7,0,0.00,71.90,398.48,316.58,184.81,131.78,,,715.06,530.26,2.19,191.00,244.00,1.14,19409864,2026-09-18T06:20:53Z
B,ta,2e_K500,async,128,7,0,0.00,32.70,276.29,948.55,194.95,753.61,,,1224.84,1029.90,2.21,182.00,315.00,1.14,19410048,2026-09-18T06:20:54Z
B,ta,2f_slru,async,128,7,0,0.00,100.00,96.85,7226.35,185.63,7040.73,,,7323.20,7137.58,1.63,0.00,279.00,1.14,19408736,2026-09-18T06:20:54Z
B,ta,leaf_freq_K10,async,128,7,0,0.00,100.00,589.61,255.35,182.19,73.16,,,844.96,662.77,2.17,192.00,246.00,1.14,19411320,2026-09-18T06:20:54Z
B,ta,leaf_rand_K10,async,128,7,0,0.00,100.00,670.11,263.48,185.61,77.87,,,933.59,747.98,2.21,192.00,246.00,1.14,19412728,2026-09-18T06:20:55Z
B,1gb,layers_5,async,128,7,0,0.00,100.00,1370.97,252.81,183.69,69.11,,,1623.78,1440.08,2.20,194.00,254.00,1.14,19413456,2026-09-18T06:20:55Z
B,1gb,layers_92,async,128,7,0,0.00,100.00,904.93,389.99,183.31,206.68,,,1294.92,1111.61,2.20,195.00,260.00,1.14,19413724,2026-09-18T06:20:55Z
B,1gb,2d,async,128,7,0,0.00,100.00,670.98,277.32,188.29,89.03,,,948.30,760.01,2.26,194.00,261.00,1.14,19398296,2026-09-18T06:20:56Z
B,1gb,2e_K10,async,128,7,0,0.00,100.00,638.43,291.95,185.03,106.92,,,930.38,745.35,2.21,194.00,261.00,1.14,19398924,2026-09-18T06:20:56Z
B,1gb,2e_K500,async,128,7,0,0.00,100.00,183.04,1134.63,228.72,905.91,,,1317.67,1088.95,2.18,183.00,325.00,1.14,19399720,2026-09-18T06:20:56Z
B,1gb,2f_slru,async,128,7,0,0.00,100.00,96.41,7292.08,229.17,7062.91,,,7388.49,7159.32,1.62,0.00,280.00,1.14,19399096,2026-09-18T06:20:57Z
B,1gb,leaf_freq_K10,async,128,7,0,0.00,100.00,1426.35,303.03,228.18,74.85,,,1729.38,1501.20,2.19,193.00,252.00,1.14,19399776,2026-09-18T06:20:57Z
B,1gb,leaf_rand_K10,async,128,7,0,0.00,100.00,1297.12,364.01,231.78,132.24,,,1661.13,1429.36,2.25,193.00,253.00,1.14,19393900,2026-09-18T06:20:57Z
C,vacuum,layers_5,async,128,7,0,0.00,100.00,895.47,297.72,227.47,70.25,,,1193.19,965.72,1.55,18.00,27.00,1.14,19381740,2026-09-18T06:20:58Z
C,vacuum,layers_92,async,128,7,0,0.00,100.00,510.26,415.39,228.08,187.31,,,925.65,697.57,1.55,18.00,29.00,1.14,19384036,2026-09-18T06:20:58Z
C,vacuum,2d,async,128,7,0,0.00,100.00,499.93,299.10,229.96,69.14,,,799.03,569.07,1.53,18.00,29.00,1.13,19388004,2026-09-18T06:20:58Z
C,vacuum,2e_K10,async,128,7,0,0.00,100.00,521.86,309.48,229.69,79.79,,,831.34,601.65,1.53,17.00,33.00,1.13,19388512,2026-09-18T06:20:58Z
C,vacuum,2e_K500,async,128,7,0,0.00,47.60,180.57,690.74,232.32,458.42,,,871.31,638.99,1.50,0.00,30.00,1.13,19390528,2026-09-18T06:20:59Z
C,vacuum,2f_slru,async,128,7,0,0.00,100.00,96.04,837.10,227.64,609.47,,,933.14,705.51,1.47,0.00,30.00,1.13,19391196,2026-09-18T06:20:59Z
C,vacuum,leaf_freq_K10,async,128,7,0,0.00,100.00,888.96,306.93,232.20,74.73,,,1195.89,963.69,1.51,17.00,31.00,1.13,19391304,2026-09-18T06:20:59Z
C,vacuum,leaf_rand_K10,async,128,7,0,0.00,100.00,990.40,303.29,227.77,75.52,,,1293.69,1065.92,1.53,18.00,27.00,1.13,19391732,2026-09-18T06:20:59Z
C,ta,layers_5,async,128,7,0,0.00,100.00,868.59,296.26,228.14,68.12,,,1164.85,936.71,1.59,20.00,30.00,1.13,19391632,2026-09-18T06:21:00Z
C,ta,layers_92,async,128,7,0,0.00,100.00,465.12,403.58,225.62,177.96,,,868.70,643.08,1.59,19.00,31.00,1.13,19392268,2026-09-18T06:21:00Z
C,ta,2d,async,128,7,0,0.00,100.00,472.98,342.64,227.10,115.55,,,815.62,588.53,1.59,19.00,31.00,1.13,19393256,2026-09-18T06:21:00Z
C,ta,2e_K10,async,128,7,0,0.00,100.00,472.92,357.91,227.98,129.93,,,830.83,602.85,1.58,19.00,34.00,1.13,19393472,2026-09-18T06:21:00Z
C,ta,2e_K500,async,128,7,0,0.00,100.00,180.67,823.00,228.67,594.33,,,1003.67,775.00,1.57,0.00,38.00,1.13,19395156,2026-09-18T06:21:01Z
C,ta,2f_slru,async,128,7,0,0.00,100.00,93.11,1064.50,226.34,838.16,,,1157.61,931.27,1.54,0.00,38.00,1.13,19395612,2026-09-18T06:21:01Z
C,ta,leaf_freq_K10,async,128,7,0,0.00,100.00,1244.83,300.25,226.52,73.73,,,1545.08,1318.56,1.60,20.00,33.00,1.13,19395912,2026-09-18T06:21:01Z
C,ta,leaf_rand_K10,async,128,7,0,0.00,100.00,900.93,302.49,227.44,75.05,,,1203.42,975.98,1.61,20.00,30.00,1.13,19396556,2026-09-18T06:21:01Z
C,1gb,layers_5,async,128,7,0,0.00,100.00,1209.95,293.78,224.28,69.50,,,1503.73,1279.45,1.67,40.00,54.00,1.13,19396668,2026-09-18T06:21:02Z
C,1gb,layers_92,async,128,7,0,0.00,100.00,988.13,425.57,226.23,199.34,,,1413.70,1187.47,1.70,40.00,56.00,1.13,19397824,2026-09-18T06:21:02Z
C,1gb,2d,async,128,7,0,0.00,100.00,597.16,302.90,229.92,72.98,,,900.06,670.14,1.71,39.00,57.00,1.13,19398104,2026-09-18T06:21:02Z
C,1gb,2e_K10,async,128,7,0,0.00,100.00,180.06,312.18,227.44,84.74,,,492.24,264.80,1.67,37.00,67.00,1.13,19382608,2026-09-18T06:21:03Z
C,1gb,2e_K500,async,128,7,0,0.00,100.00,186.94,980.14,228.65,751.49,,,1167.08,938.43,1.67,36.00,93.00,1.13,19382696,2026-09-18T06:21:03Z
C,1gb,2f_slru,async,128,7,0,0.00,100.00,96.25,1777.34,228.55,1548.79,,,1873.59,1645.04,1.56,0.00,64.00,1.12,19385056,2026-09-18T06:21:03Z
C,1gb,leaf_freq_K10,async,128,7,0,0.00,100.00,900.52,301.22,228.22,73.00,,,1201.74,973.52,1.69,39.00,62.00,1.12,19389140,2026-09-18T06:21:03Z
C,1gb,leaf_rand_K10,async,128,7,0,0.00,100.00,1315.60,300.11,226.16,73.96,,,1615.71,1389.56,1.70,40.00,54.00,1.12,19390560,2026-09-18T06:21:04Z
A,vacuum,baseline,baseline,128,8,0,0.00,0.00,909.33,0.00,0.00,0.00,,,909.33,909.33,2.00,149.00,213.00,1.12,19391372,2026-09-18T06:21:04Z
A,ta,baseline,baseline,128,8,0,0.00,0.00,1122.21,0.00,0.00,0.00,,,1122.21,1122.21,2.21,188.00,247.00,1.12,19391732,2026-09-18T06:21:04Z
A,1gb,baseline,baseline,128,8,0,0.00,0.00,1423.24,0.00,0.00,0.00,,,1423.24,1423.24,2.16,191.00,248.00,1.12,19390364,2026-09-18T06:21:05Z
B,vacuum,baseline,baseline,128,8,0,0.00,0.00,967.84,0.00,0.00,0.00,,,967.84,967.84,2.05,147.00,209.00,1.12,19393872,2026-09-18T06:21:05Z
B,ta,baseline,baseline,128,8,0,0.00,0.00,721.91,0.00,0.00,0.00,,,721.91,721.91,2.25,192.00,246.00,1.12,19395272,2026-09-18T06:21:05Z
B,1gb,baseline,baseline,128,8,0,0.00,0.00,1365.98,0.00,0.00,0.00,,,1365.98,1365.98,2.19,193.00,253.00,1.12,19393792,2026-09-18T06:21:06Z
C,vacuum,baseline,baseline,128,8,0,0.00,0.00,1011.47,0.00,0.00,0.00,,,1011.47,1011.47,1.52,18.00,27.00,1.12,19406348,2026-09-18T06:21:06Z
C,ta,baseline,baseline,128,8,0,0.00,0.00,913.98,0.00,0.00,0.00,,,913.98,913.98,1.59,20.00,30.00,1.12,19405528,2026-09-18T06:21:06Z
C,1gb,baseline,baseline,128,8,0,0.00,0.00,1208.92,0.00,0.00,0.00,,,1208.92,1208.92,1.65,40.00,55.00,1.12,19405224,2026-09-18T06:21:07Z
A,vacuum,layers_5,async,128,8,0,0.00,100.00,838.24,297.37,223.45,73.92,,,1135.61,912.16,2.08,150.00,210.00,1.12,19407028,2026-09-18T06:21:07Z
A,vacuum,layers_92,async,128,8,0,0.00,100.00,515.91,413.45,227.38,186.07,,,929.36,701.98,2.02,150.00,217.00,1.12,19406584,2026-09-18T06:21:07Z
A,vacuum,2d,async,128,8,0,0.00,100.00,538.24,302.90,225.18,77.72,,,841.14,615.96,2.01,150.00,217.00,1.12,19405312,2026-09-18T06:21:08Z
A,vacuum,2e_K10,async,128,8,0,0.00,100.00,502.67,327.00,220.83,106.18,,,829.67,608.85,1.98,149.00,225.00,1.12,19391228,2026-09-18T06:21:08Z
A,vacuum,2e_K500,async,128,8,0,0.00,100.00,581.29,1073.60,226.71,846.89,,,1654.89,1428.18,1.96,151.00,323.00,1.11,19385768,2026-09-18T06:21:08Z
A,vacuum,2f_slru,async,128,8,0,0.00,100.00,94.81,5605.60,225.82,5379.77,,,5700.41,5474.58,1.56,0.00,214.00,1.11,19397344,2026-09-18T06:21:08Z
A,vacuum,leaf_freq_K10,async,128,8,0,0.00,100.00,997.86,300.36,225.31,75.05,,,1298.22,1072.91,2.00,149.00,217.00,1.11,19396528,2026-09-18T06:21:09Z
A,vacuum,leaf_rand_K10,async,128,8,0,0.00,100.00,896.76,944.91,868.70,76.20,,,1841.67,972.96,2.00,149.00,215.00,1.11,19396948,2026-09-18T06:21:09Z
A,ta,layers_5,async,128,8,0,0.00,100.00,981.99,292.86,223.19,69.67,,,1274.85,1051.66,2.11,188.00,246.00,1.11,19397176,2026-09-18T06:21:09Z
A,ta,layers_92,async,128,8,0,0.00,100.00,554.18,411.08,225.71,185.38,,,965.26,739.56,2.17,187.00,246.00,1.11,19397484,2026-09-18T06:21:10Z
A,ta,2d,async,128,8,0,0.00,91.20,571.18,1015.69,908.87,106.82,,,1586.87,678.00,2.20,187.00,246.00,1.11,19398244,2026-09-18T06:21:10Z
A,ta,2e_K10,async,128,8,0,0.00,100.00,563.48,342.17,222.22,119.96,,,905.65,683.44,2.17,190.00,247.00,1.11,19400768,2026-09-18T06:21:10Z
A,ta,2e_K500,async,128,8,0,0.00,43.30,554.98,1022.13,184.95,837.18,,,1577.11,1392.16,2.11,181.00,378.00,1.11,19401272,2026-09-18T06:21:11Z
A,ta,2f_slru,async,128,8,0,0.00,100.00,97.58,7208.69,186.24,7022.45,,,7306.27,7120.03,1.57,0.00,279.00,1.11,19413784,2026-09-18T06:21:11Z
A,ta,leaf_freq_K10,async,128,8,0,0.00,100.00,1092.19,262.18,185.69,76.49,,,1354.37,1168.68,2.15,191.00,248.00,1.11,19416808,2026-09-18T06:21:11Z
A,ta,leaf_rand_K10,async,128,8,0,0.00,100.00,1002.99,265.39,188.26,77.12,,,1268.38,1080.11,2.16,188.00,247.00,1.11,19424236,2026-09-18T06:21:12Z
A,1gb,layers_5,async,128,8,0,0.00,100.00,1359.46,255.23,185.05,70.18,,,1614.69,1429.64,2.16,191.00,246.00,1.11,19424240,2026-09-18T06:21:12Z
A,1gb,layers_92,async,128,8,0,0.00,100.00,898.47,402.01,185.41,216.60,,,1300.48,1115.07,2.12,188.00,257.00,1.11,19424008,2026-09-18T06:21:12Z
A,1gb,2d,async,128,8,0,0.00,100.00,626.46,277.93,187.49,90.44,,,904.39,716.90,2.21,187.00,258.00,1.11,19424764,2026-09-18T06:21:13Z
A,1gb,2e_K10,async,128,8,0,0.00,100.00,499.36,293.88,183.92,109.97,,,793.24,609.33,2.12,190.00,260.00,1.11,19422804,2026-09-18T06:21:13Z
A,1gb,2e_K500,async,128,8,0,0.00,100.00,656.01,1106.08,185.06,921.02,,,1762.09,1577.03,2.11,181.00,382.00,1.10,19424620,2026-09-18T06:21:13Z
A,1gb,2f_slru,async,128,8,0,0.00,100.00,101.29,7257.74,188.12,7069.62,,,7359.03,7170.91,1.59,0.00,280.00,1.10,19407816,2026-09-18T06:21:13Z
A,1gb,leaf_freq_K10,async,128,8,0,0.00,100.00,1637.22,267.46,191.99,75.47,,,1904.68,1712.69,2.17,193.00,248.00,1.10,19412828,2026-09-18T06:21:14Z
A,1gb,leaf_rand_K10,async,128,8,0,0.00,100.00,1457.78,257.32,184.62,72.71,,,1715.10,1530.49,2.14,191.00,247.00,1.10,19413196,2026-09-18T06:21:14Z
B,vacuum,layers_5,async,128,8,0,0.00,100.00,1643.00,267.74,193.84,73.90,,,1910.74,1716.90,2.09,148.00,209.00,1.10,19413796,2026-09-18T06:21:14Z
B,vacuum,layers_92,async,128,8,0,0.00,100.00,590.31,374.89,183.96,190.94,,,965.20,781.25,2.04,145.00,223.00,1.10,19413352,2026-09-18T06:21:15Z
B,vacuum,2d,async,128,8,0,0.00,100.00,526.11,260.19,183.81,76.38,,,786.30,602.49,2.04,145.00,223.00,1.10,19414088,2026-09-18T06:21:15Z
B,vacuum,2e_K10,async,128,8,0,0.00,100.00,586.98,276.73,187.71,89.02,,,863.71,676.00,2.03,145.00,224.00,1.10,19415300,2026-09-18T06:21:15Z
B,vacuum,2e_K500,async,128,8,0,0.00,100.00,183.22,1090.18,185.41,904.77,,,1273.40,1087.99,2.02,148.00,283.00,1.10,19414148,2026-09-18T06:21:16Z
B,vacuum,2f_slru,async,128,8,0,0.00,100.00,99.38,5549.92,202.88,5347.04,,,5649.30,5446.42,1.60,0.00,214.00,1.10,19415400,2026-09-18T06:21:16Z
B,vacuum,leaf_freq_K10,async,128,8,0,0.00,100.00,988.60,259.02,184.42,74.60,,,1247.62,1063.20,2.04,147.00,210.00,1.10,19393988,2026-09-18T06:21:16Z
B,vacuum,leaf_rand_K10,async,128,8,0,0.00,100.00,928.73,262.55,184.15,78.41,,,1191.28,1007.14,2.05,147.00,209.00,1.10,19394804,2026-09-18T06:21:17Z
B,ta,layers_5,async,128,8,0,0.00,100.00,873.83,251.92,184.04,67.89,,,1125.75,941.72,2.17,192.00,244.00,1.10,19394968,2026-09-18T06:21:17Z
B,ta,layers_92,async,128,8,0,0.00,35.90,456.24,366.51,185.76,180.75,,,822.75,636.99,2.14,191.00,244.00,1.10,19395108,2026-09-18T06:21:17Z
B,ta,2d,async,128,8,0,0.00,66.00,460.30,311.50,191.33,120.18,,,771.80,580.48,2.24,191.00,244.00,1.10,19394748,2026-09-18T06:21:18Z
B,ta,2e_K10,async,128,8,0,0.00,100.00,416.75,315.77,185.05,130.73,,,732.52,547.48,2.16,191.00,244.00,1.10,19395328,2026-09-18T06:21:18Z
B,ta,2e_K500,async,128,8,0,0.00,45.00,182.58,1012.24,187.45,824.79,,,1194.82,1007.37,2.14,182.00,313.00,1.09,19395120,2026-09-18T06:21:18Z
B,ta,2f_slru,async,128,8,0,0.00,100.00,105.83,7252.31,219.96,7032.35,,,7358.14,7138.18,1.61,0.00,279.00,1.09,19393144,2026-09-18T06:21:19Z
B,ta,leaf_freq_K10,async,128,8,0,0.00,100.00,666.59,256.16,181.15,75.01,,,922.75,741.60,2.20,192.00,246.00,1.09,19382188,2026-09-18T06:21:19Z
B,ta,leaf_rand_K10,async,128,8,0,0.00,100.00,605.72,258.92,187.06,71.86,,,864.64,677.58,2.20,192.00,246.00,1.09,19383956,2026-09-18T06:21:19Z
B,1gb,layers_5,async,128,8,0,0.00,100.00,1562.65,257.13,187.25,69.88,,,1819.78,1632.53,2.24,194.00,254.00,1.09,19383492,2026-09-18T06:21:20Z
B,1gb,layers_92,async,128,8,0,0.00,100.00,976.42,391.31,186.96,204.35,,,1367.73,1180.77,2.21,195.00,260.00,1.09,19388492,2026-09-18T06:21:20Z
B,1gb,2d,async,128,8,0,0.00,100.00,546.71,271.82,183.51,88.31,,,818.53,635.02,2.19,194.00,261.00,1.09,19389400,2026-09-18T06:21:20Z
B,1gb,2e_K10,async,128,8,0,0.00,100.00,599.96,284.32,184.63,99.70,,,884.28,699.66,2.17,194.00,261.00,1.09,19389508,2026-09-18T06:21:21Z
B,1gb,2e_K500,async,128,8,0,0.00,100.00,184.80,1120.16,196.69,923.48,,,1304.96,1108.28,2.15,183.00,322.00,1.09,19390280,2026-09-18T06:21:21Z
B,1gb,2f_slru,async,128,8,0,0.00,100.00,99.08,7270.47,197.00,7073.47,,,7369.55,7172.55,1.62,0.00,280.00,1.09,19389944,2026-09-18T06:21:21Z
B,1gb,leaf_freq_K10,async,128,8,0,0.00,100.00,1548.81,271.22,196.12,75.10,,,1820.03,1623.91,2.21,193.00,252.00,1.09,19391292,2026-09-18T06:21:22Z
B,1gb,leaf_rand_K10,async,128,8,0,0.00,100.00,1399.76,270.05,192.92,77.12,,,1669.81,1476.88,2.22,193.00,253.00,1.09,19393140,2026-09-18T06:21:22Z
C,vacuum,layers_5,async,128,8,0,0.00,100.00,853.13,265.01,197.54,67.47,,,1118.14,920.60,1.52,18.00,27.00,1.09,19397388,2026-09-18T06:21:22Z
C,vacuum,layers_92,async,128,8,0,0.00,100.00,506.96,384.41,195.56,188.85,,,891.37,695.81,1.51,18.00,29.00,1.09,19397628,2026-09-18T06:21:22Z
C,vacuum,2d,async,128,8,0,0.00,100.00,506.33,265.29,196.90,68.39,,,771.62,574.72,1.53,18.00,29.00,1.09,19397548,2026-09-18T06:21:23Z
C,vacuum,2e_K10,async,128,8,0,0.00,92.90,519.66,275.37,198.27,77.09,,,795.03,596.75,1.54,17.00,33.00,1.09,19398016,2026-09-18T06:21:23Z
C,vacuum,2e_K500,async,128,8,0,0.00,75.10,183.89,687.69,194.68,493.02,,,871.58,676.91,1.47,0.00,30.00,1.08,19398536,2026-09-18T06:21:23Z
C,vacuum,2f_slru,async,128,8,0,0.00,100.00,100.45,757.62,196.40,561.23,,,858.07,661.68,1.47,0.00,30.00,1.08,19399912,2026-09-18T06:21:23Z
C,vacuum,leaf_freq_K10,async,128,8,0,0.00,100.00,969.22,266.27,192.78,73.49,,,1235.49,1042.71,1.52,17.00,31.00,1.08,19399244,2026-09-18T06:21:24Z
C,vacuum,leaf_rand_K10,async,128,8,0,0.00,100.00,1000.66,270.58,196.61,73.97,,,1271.24,1074.63,1.53,18.00,27.00,1.08,19400060,2026-09-18T06:21:24Z
C,ta,layers_5,async,128,8,0,0.00,100.00,889.02,264.27,195.99,68.28,,,1153.29,957.30,1.60,20.00,30.00,1.08,19393796,2026-09-18T06:21:24Z
C,ta,layers_92,async,128,8,0,0.00,46.70,480.05,374.12,198.12,176.00,,,854.17,656.05,1.59,19.00,31.00,1.08,19396052,2026-09-18T06:21:24Z
C,ta,2d,async,128,8,0,0.00,64.60,479.69,318.45,195.91,122.54,,,798.14,602.23,1.58,19.00,31.00,1.08,19396752,2026-09-18T06:21:25Z
C,ta,2e_K10,async,128,8,0,0.00,70.70,479.40,321.19,196.00,125.20,,,800.59,604.60,1.59,19.00,34.00,1.08,19396984,2026-09-18T06:21:25Z
C,ta,2e_K500,async,128,8,0,0.00,100.00,183.78,814.74,199.41,615.34,,,998.52,799.12,1.58,0.00,38.00,1.08,19398416,2026-09-18T06:21:25Z
C,ta,2f_slru,async,128,8,0,0.00,100.00,99.49,988.17,195.05,793.12,,,1087.66,892.61,1.53,0.00,38.00,1.08,19398640,2026-09-18T06:21:25Z
C,ta,leaf_freq_K10,async,128,8,0,0.00,100.00,1228.22,269.52,194.51,75.01,,,1497.74,1303.23,1.59,20.00,33.00,1.08,19397932,2026-09-18T06:21:26Z
C,ta,leaf_rand_K10,async,128,8,0,0.00,100.00,894.54,272.60,197.81,74.79,,,1167.14,969.33,1.60,20.00,30.00,1.08,19399316,2026-09-18T06:21:26Z
C,1gb,layers_5,async,128,8,0,0.00,100.00,1160.81,264.93,195.91,69.02,,,1425.74,1229.83,1.67,40.00,54.00,1.08,19399944,2026-09-18T06:21:26Z
C,1gb,layers_92,async,128,8,0,0.00,100.00,896.17,390.69,195.60,195.10,,,1286.86,1091.27,1.70,40.00,56.00,1.08,19399860,2026-09-18T06:21:27Z
C,1gb,2d,async,128,8,0,0.00,100.00,657.81,269.92,195.74,74.18,,,927.73,731.99,1.67,39.00,57.00,1.08,19400364,2026-09-18T06:21:27Z
C,1gb,2e_K10,async,128,8,0,0.00,100.00,587.24,323.37,235.91,87.45,,,910.61,674.69,1.69,37.00,67.00,1.08,19399752,2026-09-18T06:21:27Z
C,1gb,2e_K500,async,128,8,0,0.00,100.00,186.06,959.80,200.02,759.79,,,1145.86,945.85,1.65,36.00,92.00,1.08,19400696,2026-09-18T06:21:27Z
C,1gb,2f_slru,async,128,8,0,0.00,100.00,99.64,1872.69,194.12,1678.58,,,1972.33,1778.22,1.55,0.00,64.00,1.08,19400500,2026-09-18T06:21:28Z
C,1gb,leaf_freq_K10,async,128,8,0,0.00,100.00,926.31,272.02,196.78,75.24,,,1198.33,1001.55,1.67,39.00,62.00,1.16,19400988,2026-09-18T06:21:28Z
C,1gb,leaf_rand_K10,async,128,8,0,0.00,100.00,1274.22,267.41,193.33,74.08,,,1541.63,1348.30,1.67,40.00,54.00,1.16,19401684,2026-09-18T06:21:28Z
A,vacuum,baseline,baseline,128,9,0,0.00,0.00,856.53,0.00,0.00,0.00,,,856.53,856.53,1.97,149.00,213.00,1.16,19401268,2026-09-18T06:21:29Z
A,ta,baseline,baseline,128,9,0,0.00,0.00,1135.06,0.00,0.00,0.00,,,1135.06,1135.06,2.16,188.00,247.00,1.16,19401268,2026-09-18T06:21:29Z
A,1gb,baseline,baseline,128,9,0,0.00,0.00,1325.53,0.00,0.00,0.00,,,1325.53,1325.53,2.17,191.00,248.00,1.16,19400512,2026-09-18T06:21:29Z
B,vacuum,baseline,baseline,128,9,0,0.00,0.00,998.11,0.00,0.00,0.00,,,998.11,998.11,2.02,147.00,209.00,1.16,19402384,2026-09-18T06:21:30Z
B,ta,baseline,baseline,128,9,0,0.00,0.00,616.40,0.00,0.00,0.00,,,616.40,616.40,2.15,192.00,246.00,1.16,19403564,2026-09-18T06:21:30Z
B,1gb,baseline,baseline,128,9,0,0.00,0.00,1434.50,0.00,0.00,0.00,,,1434.50,1434.50,2.25,193.00,253.00,1.16,19402664,2026-09-18T06:21:30Z
C,vacuum,baseline,baseline,128,9,0,0.00,0.00,972.20,0.00,0.00,0.00,,,972.20,972.20,1.53,18.00,27.00,1.16,19404360,2026-09-18T06:21:31Z
C,ta,baseline,baseline,128,9,0,0.00,0.00,917.49,0.00,0.00,0.00,,,917.49,917.49,1.59,20.00,30.00,1.16,19405484,2026-09-18T06:21:31Z
C,1gb,baseline,baseline,128,9,0,0.00,0.00,1379.69,0.00,0.00,0.00,,,1379.69,1379.69,1.68,40.00,55.00,1.16,19403784,2026-09-18T06:21:31Z
A,vacuum,layers_5,async,128,9,0,0.00,100.00,844.27,295.78,225.77,70.00,,,1140.05,914.27,2.02,150.00,210.00,1.16,19420740,2026-09-18T06:21:31Z
A,vacuum,layers_92,async,128,9,0,0.00,100.00,547.86,1291.40,648.79,642.61,,,1839.26,1190.47,2.01,150.00,217.00,1.16,19420872,2026-09-18T06:21:32Z
A,vacuum,2d,async,128,9,0,0.00,100.00,502.43,303.87,225.63,78.24,,,806.30,580.67,1.99,150.00,217.00,1.16,19421916,2026-09-18T06:21:32Z
A,vacuum,2e_K10,async,128,9,0,0.00,100.00,545.23,321.42,230.74,90.68,,,866.65,635.91,2.01,149.00,225.00,1.16,19421724,2026-09-18T06:21:32Z
A,vacuum,2e_K500,async,128,9,0,0.00,26.60,500.44,931.89,223.99,707.90,,,1432.33,1208.34,1.96,151.00,318.00,1.16,19420876,2026-09-18T06:21:33Z
A,vacuum,2f_slru,async,128,9,0,0.00,100.00,101.41,5717.08,225.55,5491.52,,,5818.49,5592.93,1.55,0.00,214.00,1.16,19423048,2026-09-18T06:21:33Z
A,vacuum,leaf_freq_K10,async,128,9,0,0.00,100.00,1000.77,302.08,226.95,75.13,,,1302.85,1075.90,2.05,149.00,217.00,1.15,19422228,2026-09-18T06:21:33Z
A,vacuum,leaf_rand_K10,async,128,9,0,0.00,100.00,908.66,299.58,224.16,75.42,,,1208.24,984.08,2.03,149.00,215.00,1.15,19422928,2026-09-18T06:21:34Z
A,ta,layers_5,async,128,9,0,0.00,100.00,992.37,293.09,223.67,69.42,,,1285.46,1061.79,2.16,188.00,246.00,1.15,19422800,2026-09-18T06:21:34Z
A,ta,layers_92,async,128,9,0,0.00,100.00,568.00,396.84,226.00,170.83,,,964.84,738.83,2.15,187.00,246.00,1.15,19422288,2026-09-18T06:21:34Z
A,ta,2d,async,128,9,0,0.00,91.20,570.43,331.67,225.03,106.64,,,902.10,677.07,2.13,187.00,246.00,1.15,19422624,2026-09-18T06:21:35Z
A,ta,2e_K10,async,128,9,0,0.00,93.20,555.55,350.26,228.80,121.46,,,905.81,677.01,2.22,190.00,247.00,1.15,19422596,2026-09-18T06:21:35Z
A,ta,2e_K500,async,128,9,0,0.00,22.30,637.73,963.29,185.88,777.41,,,1601.02,1415.14,2.13,181.00,379.00,1.15,19423280,2026-09-18T06:21:35Z
A,ta,2f_slru,async,128,9,0,0.00,100.00,100.27,7543.54,184.78,7358.76,,,7643.81,7459.03,1.57,0.00,279.00,1.15,19412176,2026-09-18T06:21:35Z
A,ta,leaf_freq_K10,async,128,9,0,0.00,100.00,993.40,265.95,189.78,76.17,,,1259.35,1069.57,2.18,191.00,248.00,1.15,19418348,2026-09-18T06:21:36Z
A,ta,leaf_rand_K10,async,128,9,0,0.00,100.00,1059.10,267.19,190.27,76.92,,,1326.29,1136.02,2.14,188.00,247.00,1.15,19420336,2026-09-18T06:21:36Z
A,1gb,layers_5,async,128,9,0,0.00,100.00,1384.37,258.50,188.37,70.12,,,1642.87,1454.49,2.17,191.00,246.00,1.15,19420632,2026-09-18T06:21:36Z
A,1gb,layers_92,async,128,9,0,0.00,100.00,903.07,383.25,186.18,197.07,,,1286.32,1100.14,2.15,188.00,257.00,1.15,19402544,2026-09-18T06:21:37Z
A,1gb,2d,async,128,9,0,0.00,100.00,582.11,285.10,196.02,89.08,,,867.21,671.19,2.18,187.00,258.00,1.15,19403768,2026-09-18T06:21:37Z
A,1gb,2e_K10,async,128,9,0,0.00,100.00,509.96,289.69,183.34,106.34,,,799.65,616.30,2.14,190.00,260.00,1.15,19404708,2026-09-18T06:21:37Z
A,1gb,2e_K500,async,128,9,0,0.00,100.00,697.84,1060.07,184.38,875.70,,,1757.91,1573.54,2.12,181.00,383.00,1.15,19407296,2026-09-18T06:21:38Z
A,1gb,2f_slru,async,128,9,0,0.00,100.00,99.66,7294.69,186.71,7107.98,,,7394.35,7207.64,1.56,0.00,280.00,1.13,19406196,2026-09-18T06:21:38Z
A,1gb,leaf_freq_K10,async,128,9,0,0.00,100.00,1549.98,268.50,186.72,81.77,,,1818.48,1631.75,2.20,193.00,248.00,1.13,19407460,2026-09-18T06:21:38Z
A,1gb,leaf_rand_K10,async,128,9,0,0.00,100.00,1331.29,261.23,185.62,75.61,,,1592.52,1406.90,2.16,191.00,247.00,1.13,19406580,2026-09-18T06:21:39Z
B,vacuum,layers_5,async,128,9,0,0.00,100.00,866.85,253.23,184.15,69.08,,,1120.08,935.93,2.03,148.00,209.00,1.13,19408196,2026-09-18T06:21:39Z
B,vacuum,layers_92,async,128,9,0,0.00,100.00,565.44,375.21,182.63,192.58,,,940.65,758.02,2.11,145.00,223.00,1.13,19409272,2026-09-18T06:21:39Z
B,vacuum,2d,async,128,9,0,0.00,100.00,555.24,270.52,192.11,78.41,,,825.76,633.65,2.03,145.00,223.00,1.13,19409936,2026-09-18T06:21:40Z
B,vacuum,2e_K10,async,128,9,0,0.00,100.00,483.06,279.95,185.48,94.47,,,763.01,577.53,2.01,145.00,224.00,1.13,19410328,2026-09-18T06:21:40Z
B,vacuum,2e_K500,async,128,9,0,0.00,100.00,183.34,1058.94,196.04,862.90,,,1242.28,1046.24,2.03,148.00,284.00,1.13,19408480,2026-09-18T06:21:40Z
B,vacuum,2f_slru,async,128,9,0,0.00,100.00,97.06,5536.59,184.56,5352.03,,,5633.65,5449.09,1.61,0.00,214.00,1.13,19410048,2026-09-18T06:21:41Z
B,vacuum,leaf_freq_K10,async,128,9,0,0.00,100.00,1065.87,258.12,182.90,75.22,,,1323.99,1141.09,2.08,147.00,209.00,1.13,19393208,2026-09-18T06:21:41Z
B,vacuum,leaf_rand_K10,async,128,9,0,0.00,100.00,994.80,263.83,184.52,79.31,,,1258.63,1074.11,2.04,147.00,209.00,1.13,19394596,2026-09-18T06:21:41Z
B,ta,layers_5,async,128,9,0,0.00,100.00,848.82,257.01,187.13,69.88,,,1105.83,918.70,2.20,192.00,244.00,1.13,19396812,2026-09-18T06:21:41Z
B,ta,layers_92,async,128,9,0,0.00,46.70,420.53,357.51,181.82,175.69,,,778.04,596.22,2.15,191.00,244.00,1.13,19397352,2026-09-18T06:21:42Z
B,ta,2d,async,128,9,0,0.00,66.00,476.52,301.25,184.07,117.18,,,777.77,593.70,2.19,191.00,244.00,1.13,19398344,2026-09-18T06:21:42Z
B,ta,2e_K10,async,128,9,0,0.00,71.90,719.73,312.70,185.34,127.36,,,1032.43,847.09,2.20,191.00,244.00,1.13,19401076,2026-09-18T06:21:42Z
B,ta,2e_K500,async,128,9,0,0.00,37.50,199.16,936.67,184.13,752.54,,,1135.83,951.70,2.14,182.00,315.00,1.13,19401300,2026-09-18T06:21:43Z
B,ta,2f_slru,async,128,9,0,0.00,100.00,97.12,7269.81,218.20,7051.61,,,7366.93,7148.73,1.62,0.00,279.00,1.12,19398696,2026-09-18T06:21:43Z
B,ta,leaf_freq_K10,async,128,9,0,0.00,100.00,619.76,257.75,184.23,73.52,,,877.51,693.28,2.21,192.00,246.00,1.12,19403968,2026-09-18T06:21:43Z
B,ta,leaf_rand_K10,async,128,9,0,0.00,100.00,619.04,267.68,192.08,75.60,,,886.72,694.64,2.18,192.00,246.00,1.12,19405440,2026-09-18T06:21:44Z
B,1gb,layers_5,async,128,9,0,0.00,100.00,1310.06,253.94,183.84,70.09,,,1564.00,1380.15,2.19,194.00,254.00,1.12,19405776,2026-09-18T06:21:44Z
B,1gb,layers_92,async,128,9,0,0.00,100.00,1065.45,385.23,195.27,189.97,,,1450.68,1255.42,2.28,195.00,260.00,1.12,19410548,2026-09-18T06:21:44Z
B,1gb,2d,async,128,9,0,0.00,100.00,494.21,272.11,183.32,88.79,,,766.32,583.00,2.19,194.00,261.00,1.12,19414544,2026-09-18T06:21:45Z
B,1gb,2e_K10,async,128,9,0,0.00,100.00,600.72,294.61,187.90,106.71,,,895.33,707.43,2.20,194.00,261.00,1.12,19415408,2026-09-18T06:21:45Z
B,1gb,2e_K500,async,128,9,0,0.00,100.00,184.37,1079.24,195.16,884.08,,,1263.61,1068.45,2.17,183.00,322.00,1.12,19417416,2026-09-18T06:21:45Z
B,1gb,2f_slru,async,128,9,0,0.00,100.00,99.20,7262.58,196.02,7066.56,,,7361.78,7165.76,1.65,0.00,280.00,1.12,19415560,2026-09-18T06:21:46Z
B,1gb,leaf_freq_K10,async,128,9,0,0.00,100.00,1343.40,269.67,194.53,75.13,,,1613.07,1418.53,2.19,193.00,252.00,1.12,19416444,2026-09-18T06:21:46Z
B,1gb,leaf_rand_K10,async,128,9,0,0.00,100.00,1575.89,269.77,192.53,77.23,,,1845.66,1653.12,2.24,193.00,253.00,1.12,19400916,2026-09-18T06:21:46Z
C,vacuum,layers_5,async,128,9,0,0.00,100.00,875.62,262.22,194.06,68.16,,,1137.84,943.78,1.52,18.00,27.00,1.12,19401780,2026-09-18T06:21:47Z
C,vacuum,layers_92,async,128,9,0,0.00,100.00,509.84,385.62,197.05,188.57,,,895.46,698.41,1.56,18.00,29.00,1.12,19403420,2026-09-18T06:21:47Z
C,vacuum,2d,async,128,9,0,0.00,100.00,479.22,271.79,202.37,69.42,,,751.01,548.64,1.53,18.00,29.00,1.12,19403220,2026-09-18T06:21:47Z
C,vacuum,2e_K10,async,128,9,0,0.00,92.90,524.05,271.87,194.77,77.11,,,795.92,601.16,1.53,17.00,33.00,1.12,19404468,2026-09-18T06:21:47Z
C,vacuum,2e_K500,async,128,9,0,0.00,47.90,181.47,653.21,194.79,458.42,,,834.68,639.89,1.49,0.00,30.00,1.12,19404432,2026-09-18T06:21:48Z
C,vacuum,2f_slru,async,128,9,0,0.00,100.00,95.32,842.80,194.33,648.48,,,938.12,743.80,1.47,0.00,30.00,1.12,19405768,2026-09-18T06:21:48Z
C,vacuum,leaf_freq_K10,async,128,9,0,0.00,100.00,1217.18,269.22,196.84,72.38,,,1486.40,1289.56,1.52,17.00,31.00,1.11,19405128,2026-09-18T06:21:48Z
C,vacuum,leaf_rand_K10,async,128,9,0,0.00,100.00,2357.79,271.46,196.31,75.15,,,2629.25,2432.94,1.61,18.00,27.00,1.11,19405548,2026-09-18T06:21:48Z
C,ta,layers_5,async,128,9,0,0.00,100.00,826.52,263.96,195.34,68.62,,,1090.48,895.14,1.58,20.00,30.00,1.11,19406580,2026-09-18T06:21:49Z
C,ta,layers_92,async,128,9,0,0.00,100.00,466.23,374.65,196.22,178.44,,,840.88,644.67,1.61,19.00,31.00,1.11,19406924,2026-09-18T06:21:49Z
C,ta,2d,async,128,9,0,0.00,64.60,474.54,308.45,194.57,113.87,,,782.99,588.41,1.62,19.00,31.00,1.11,19409404,2026-09-18T06:21:49Z
C,ta,2e_K10,async,128,9,0,0.00,70.70,477.97,326.46,195.15,131.32,,,804.43,609.29,1.58,19.00,34.00,1.11,19410336,2026-09-18T06:21:50Z
C,ta,2e_K500,async,128,9,0,0.00,100.00,181.19,793.58,193.63,599.95,,,974.77,781.14,1.55,0.00,38.00,1.11,19411076,2026-09-18T06:21:50Z
C,ta,2f_slru,async,128,9,0,0.00,100.00,97.48,1071.58,197.26,874.32,,,1169.06,971.80,1.53,0.00,38.00,1.11,19411504,2026-09-18T06:21:50Z
C,ta,leaf_freq_K10,async,128,9,0,0.00,100.00,1187.98,265.08,191.68,73.40,,,1453.06,1261.38,1.59,20.00,33.00,1.11,19411260,2026-09-18T06:21:50Z
C,ta,leaf_rand_K10,async,128,9,0,0.00,100.00,894.70,273.69,194.71,78.99,,,1168.39,973.69,1.59,20.00,30.00,1.11,19411548,2026-09-18T06:21:51Z
C,1gb,layers_5,async,128,9,0,0.00,100.00,1315.85,273.58,203.65,69.93,,,1589.43,1385.78,1.67,40.00,54.00,1.11,19412520,2026-09-18T06:21:51Z
C,1gb,layers_92,async,128,9,0,0.00,100.00,898.21,408.91,194.68,214.23,,,1307.12,1112.44,1.66,40.00,56.00,1.11,19412320,2026-09-18T06:21:51Z
C,1gb,2d,async,128,9,0,0.00,100.00,599.65,285.80,205.08,80.72,,,885.45,680.37,1.67,39.00,57.00,1.11,19395016,2026-09-18T06:21:51Z
C,1gb,2e_K10,async,128,9,0,0.00,100.00,181.23,280.99,194.93,86.06,,,462.22,267.29,1.68,37.00,67.00,1.11,19395908,2026-09-18T06:21:52Z
C,1gb,2e_K500,async,128,9,0,0.00,100.00,185.05,1613.39,419.59,1193.80,,,1798.44,1378.85,1.67,36.00,92.00,1.11,19413816,2026-09-18T06:21:52Z
C,1gb,2f_slru,async,128,9,0,0.00,100.00,101.46,1709.72,195.39,1514.34,,,1811.18,1615.80,1.57,0.00,64.00,1.11,19415844,2026-09-18T06:21:52Z
C,1gb,leaf_freq_K10,async,128,9,0,0.00,100.00,897.66,268.07,194.99,73.09,,,1165.73,970.75,1.69,39.00,62.00,1.11,19415824,2026-09-18T06:21:53Z
C,1gb,leaf_rand_K10,async,128,9,0,0.00,100.00,1239.23,270.80,194.93,75.87,,,1510.03,1315.10,1.66,40.00,54.00,1.11,19419144,2026-09-18T06:21:53Z
A,vacuum,baseline,baseline,128,10,0,0.00,0.00,956.63,0.00,0.00,0.00,,,956.63,956.63,2.03,149.00,213.00,1.10,19420660,2026-09-18T06:21:53Z
A,ta,baseline,baseline,128,10,0,0.00,0.00,1084.21,0.00,0.00,0.00,,,1084.21,1084.21,2.21,188.00,247.00,1.10,19419544,2026-09-18T06:21:54Z
A,1gb,baseline,baseline,128,10,0,0.00,0.00,1331.16,0.00,0.00,0.00,,,1331.16,1331.16,2.15,191.00,248.00,1.10,19419188,2026-09-18T06:21:54Z
B,vacuum,baseline,baseline,128,10,0,0.00,0.00,1009.66,0.00,0.00,0.00,,,1009.66,1009.66,2.06,147.00,209.00,1.10,19421464,2026-09-18T06:21:54Z
B,ta,baseline,baseline,128,10,0,0.00,0.00,635.43,0.00,0.00,0.00,,,635.43,635.43,2.25,192.00,246.00,1.10,19419988,2026-09-18T06:21:55Z
B,1gb,baseline,baseline,128,10,0,0.00,0.00,1426.25,0.00,0.00,0.00,,,1426.25,1426.25,2.19,193.00,253.00,1.10,19418936,2026-09-18T06:21:55Z
C,vacuum,baseline,baseline,128,10,0,0.00,0.00,1010.00,0.00,0.00,0.00,,,1010.00,1010.00,1.53,18.00,27.00,1.10,19421160,2026-09-18T06:21:55Z
C,ta,baseline,baseline,128,10,0,0.00,0.00,844.96,0.00,0.00,0.00,,,844.96,844.96,1.61,20.00,30.00,1.10,19421612,2026-09-18T06:21:55Z
C,1gb,baseline,baseline,128,10,0,0.00,0.00,1386.23,0.00,0.00,0.00,,,1386.23,1386.23,1.72,40.00,55.00,1.10,19420100,2026-09-18T06:21:56Z
A,vacuum,layers_5,async,128,10,0,0.00,100.00,739.61,295.45,226.24,69.22,,,1035.06,808.83,2.07,150.00,210.00,1.10,19423316,2026-09-18T06:21:56Z
A,vacuum,layers_92,async,128,10,0,0.00,100.00,507.45,409.40,224.87,184.53,,,916.85,691.98,2.02,150.00,217.00,1.10,19422376,2026-09-18T06:21:56Z
A,vacuum,2d,async,128,10,0,0.00,100.00,498.61,299.93,221.86,78.08,,,798.54,576.69,1.99,150.00,217.00,1.10,19422392,2026-09-18T06:21:57Z
A,vacuum,2e_K10,async,128,10,0,0.00,100.00,532.28,313.71,224.20,89.51,,,845.99,621.79,2.00,149.00,225.00,1.10,19422740,2026-09-18T06:21:57Z
A,vacuum,2e_K500,async,128,10,0,0.00,15.80,641.87,959.81,225.44,734.37,,,1601.68,1376.24,2.01,151.00,322.00,1.10,19400248,2026-09-18T06:21:57Z
A,vacuum,2f_slru,async,128,10,0,0.00,100.00,105.03,5607.57,229.67,5377.90,,,5712.60,5482.93,1.56,0.00,214.00,1.10,19403248,2026-09-18T06:21:58Z
A,vacuum,leaf_freq_K10,async,128,10,0,0.00,100.00,932.30,300.86,225.11,75.74,,,1233.16,1008.04,2.03,149.00,217.00,1.10,19402148,2026-09-18T06:21:58Z
A,vacuum,leaf_rand_K10,async,128,10,0,0.00,100.00,949.15,301.91,226.19,75.72,,,1251.06,1024.87,2.01,149.00,215.00,1.10,19402388,2026-09-18T06:21:58Z
A,ta,layers_5,async,128,10,0,0.00,100.00,986.53,295.55,225.72,69.82,,,1282.08,1056.35,2.15,188.00,246.00,1.10,19402540,2026-09-18T06:21:58Z
A,ta,layers_92,async,128,10,0,0.00,100.00,563.21,407.63,224.05,183.57,,,970.84,746.78,2.14,187.00,246.00,1.10,19403508,2026-09-18T06:21:59Z
A,ta,2d,async,128,10,0,0.00,91.20,846.53,333.54,227.19,106.35,,,1180.07,952.88,2.15,187.00,246.00,1.10,19402716,2026-09-18T06:21:59Z
A,ta,2e_K10,async,128,10,0,0.00,100.00,562.80,345.56,223.96,121.60,,,908.36,684.40,2.16,190.00,247.00,1.10,19403988,2026-09-18T06:21:59Z
A,ta,2e_K500,async,128,10,0,0.00,28.80,570.57,1000.37,186.98,813.39,,,1570.94,1383.96,2.11,181.00,379.00,1.10,19404108,2026-09-18T06:22:00Z
A,ta,2f_slru,async,128,10,0,0.00,100.00,99.89,7220.72,186.85,7033.86,,,7320.61,7133.75,1.55,0.00,279.00,1.10,19402680,2026-09-18T06:22:00Z
A,ta,leaf_freq_K10,async,128,10,0,0.00,100.00,1090.34,260.47,185.73,74.74,,,1350.81,1165.08,2.17,191.00,248.00,1.10,19404644,2026-09-18T06:22:00Z
A,ta,leaf_rand_K10,async,128,10,0,0.00,100.00,1017.29,260.62,184.67,75.95,,,1277.91,1093.24,2.17,188.00,247.00,1.10,19405144,2026-09-18T06:22:01Z
A,1gb,layers_5,async,128,10,0,0.00,100.00,1291.83,253.60,184.55,69.05,,,1545.43,1360.88,2.13,191.00,246.00,1.10,19406128,2026-09-18T06:22:01Z
A,1gb,layers_92,async,128,10,0,0.00,100.00,868.30,396.99,184.21,212.78,,,1265.29,1081.08,2.12,188.00,257.00,1.10,19405300,2026-09-18T06:22:01Z
A,1gb,2d,async,128,10,0,0.00,100.00,538.94,274.12,184.84,89.28,,,813.06,628.22,2.16,187.00,258.00,1.10,19405952,2026-09-18T06:22:02Z
A,1gb,2e_K10,async,128,10,0,0.00,100.00,566.23,287.18,186.21,100.97,,,853.41,667.20,2.14,190.00,260.00,1.10,19407512,2026-09-18T06:22:02Z
A,1gb,2e_K500,async,128,10,0,0.00,100.00,659.82,1106.56,184.70,921.86,,,1766.38,1581.68,2.10,181.00,384.00,1.10,19399948,2026-09-18T06:22:02Z
A,1gb,2f_slru,async,128,10,0,0.00,100.00,97.44,7382.87,185.67,7197.20,,,7480.31,7294.64,1.58,0.00,280.00,1.10,19399892,2026-09-18T06:22:03Z
A,1gb,leaf_freq_K10,async,128,10,0,0.00,100.00,1666.04,262.14,186.02,76.12,,,1928.18,1742.16,2.20,193.00,248.00,1.10,19405684,2026-09-18T06:22:03Z
A,1gb,leaf_rand_K10,async,128,10,0,0.00,100.00,1333.76,263.00,187.01,75.99,,,1596.76,1409.75,2.18,191.00,247.00,1.09,19406432,2026-09-18T06:22:03Z
B,vacuum,layers_5,async,128,10,0,0.00,100.00,874.08,255.03,187.00,68.03,,,1129.11,942.11,2.14,148.00,209.00,1.09,19408636,2026-09-18T06:22:04Z
B,vacuum,layers_92,async,128,10,0,0.00,100.00,514.58,371.36,184.81,186.55,,,885.94,701.13,2.04,145.00,223.00,1.09,19409024,2026-09-18T06:22:04Z
B,vacuum,2d,async,128,10,0,0.00,100.00,519.67,263.06,184.37,78.69,,,782.73,598.36,2.06,145.00,223.00,1.09,19409872,2026-09-18T06:22:04Z
B,vacuum,2e_K10,async,128,10,0,0.00,100.00,514.01,277.22,186.13,91.09,,,791.23,605.10,2.06,145.00,224.00,1.09,19409820,2026-09-18T06:22:05Z
B,vacuum,2e_K500,async,128,10,0,0.00,22.30,184.68,930.54,184.54,746.00,,,1115.22,930.68,2.01,148.00,286.00,1.09,19408584,2026-09-18T06:22:05Z
B,vacuum,2f_slru,async,128,10,0,0.00,100.00,96.73,5564.32,183.88,5380.44,,,5661.05,5477.17,1.60,0.00,214.00,1.09,19409336,2026-09-18T06:22:05Z
B,vacuum,leaf_freq_K10,async,128,10,0,0.00,100.00,991.76,259.34,184.54,74.80,,,1251.10,1066.56,2.06,147.00,209.00,1.09,19409704,2026-09-18T06:22:05Z
B,vacuum,leaf_rand_K10,async,128,10,0,0.00,100.00,922.55,261.21,185.98,75.23,,,1183.76,997.78,2.06,147.00,209.00,1.09,19410344,2026-09-18T06:22:06Z
B,ta,layers_5,async,128,10,0,0.00,100.00,815.12,252.96,183.50,69.45,,,1068.08,884.57,2.18,192.00,244.00,1.09,19410476,2026-09-18T06:22:06Z
B,ta,layers_92,async,128,10,0,0.00,50.00,462.95,366.93,185.57,181.36,,,829.88,644.31,2.22,191.00,244.00,1.09,19411660,2026-09-18T06:22:06Z
B,ta,2d,async,128,10,0,0.00,100.00,477.16,309.75,186.32,123.43,,,786.91,600.59,2.18,191.00,244.00,1.09,19411716,2026-09-18T06:22:07Z
B,ta,2e_K10,async,128,10,0,0.00,57.90,492.71,318.24,185.52,132.72,,,810.95,625.43,2.20,191.00,244.00,1.09,19411912,2026-09-18T06:22:07Z
B,ta,2e_K500,async,128,10,0,0.00,29.30,514.90,972.36,184.14,788.22,,,1487.26,1303.12,2.14,182.00,315.00,1.09,19410920,2026-09-18T06:22:07Z
B,ta,2f_slru,async,128,10,0,0.00,100.00,98.50,7227.67,185.63,7042.04,,,7326.17,7140.54,1.62,0.00,279.00,1.09,19386748,2026-09-18T06:22:08Z
B,ta,leaf_freq_K10,async,128,10,0,0.00,100.00,615.38,257.93,183.65,74.28,,,873.31,689.66,2.17,192.00,246.00,1.09,19399516,2026-09-18T06:22:08Z
B,ta,leaf_rand_K10,async,128,10,0,0.00,100.00,621.49,261.90,185.44,76.46,,,883.39,697.95,2.19,192.00,246.00,1.08,19399960,2026-09-18T06:22:08Z
B,1gb,layers_5,async,128,10,0,0.00,100.00,1408.71,261.40,187.21,74.19,,,1670.11,1482.90,2.29,194.00,254.00,1.08,19400592,2026-09-18T06:22:09Z
B,1gb,layers_92,async,128,10,0,0.00,100.00,974.32,397.23,185.54,211.69,,,1371.55,1186.01,2.24,195.00,260.00,1.08,19401572,2026-09-18T06:22:09Z
B,1gb,2d,async,128,10,0,0.00,100.00,3468.25,281.90,190.76,91.14,,,3750.15,3559.39,2.27,194.00,261.00,1.08,19402192,2026-09-18T06:22:09Z
B,1gb,2e_K10,async,128,10,0,0.00,100.00,638.13,289.53,185.40,104.14,,,927.66,742.27,2.19,194.00,261.00,1.08,19401604,2026-09-18T06:22:10Z
B,1gb,2e_K500,async,128,10,0,0.00,100.00,184.05,1143.71,228.51,915.20,,,1327.76,1099.25,2.17,183.00,324.00,1.08,19402936,2026-09-18T06:22:10Z
B,1gb,2f_slru,async,128,10,0,0.00,100.00,102.79,7565.04,295.31,7269.73,,,7667.83,7372.52,1.62,0.00,280.00,1.08,19400624,2026-09-18T06:22:10Z
B,1gb,leaf_freq_K10,async,128,10,0,0.00,100.00,1529.27,305.77,231.29,74.48,,,1835.04,1603.75,2.20,193.00,252.00,1.08,19403708,2026-09-18T06:22:11Z
B,1gb,leaf_rand_K10,async,128,10,0,0.00,100.00,1434.52,305.89,230.99,74.90,,,1740.41,1509.42,2.20,193.00,253.00,1.08,19405048,2026-09-18T06:22:11Z
C,vacuum,layers_5,async,128,10,0,0.00,100.00,919.12,326.82,253.34,73.49,,,1245.94,992.61,1.52,18.00,27.00,1.08,19405968,2026-09-18T06:22:11Z
C,vacuum,layers_92,async,128,10,0,0.00,100.00,508.13,419.45,234.78,184.67,,,927.58,692.80,1.52,18.00,29.00,1.08,19405736,2026-09-18T06:22:11Z
C,vacuum,2d,async,128,10,0,0.00,100.00,506.17,297.82,228.24,69.58,,,803.99,575.75,1.53,18.00,29.00,1.08,19405192,2026-09-18T06:22:12Z
C,vacuum,2e_K10,async,128,10,0,0.00,100.00,516.04,308.54,229.61,78.93,,,824.58,594.97,1.53,17.00,33.00,1.08,19405452,2026-09-18T06:22:12Z
C,vacuum,2e_K500,async,128,10,0,0.00,59.80,214.79,708.31,235.93,472.38,,,923.10,687.17,1.48,0.00,30.00,1.08,19405840,2026-09-18T06:22:12Z
C,vacuum,2f_slru,async,128,10,0,0.00,100.00,97.60,846.09,229.12,616.97,,,943.69,714.57,1.48,0.00,30.00,1.08,19423148,2026-09-18T06:22:13Z
C,vacuum,leaf_freq_K10,async,128,10,0,0.00,100.00,965.42,321.49,241.69,79.80,,,1286.91,1045.22,1.53,17.00,31.00,1.08,19423636,2026-09-18T06:22:13Z
C,vacuum,leaf_rand_K10,async,128,10,0,0.00,100.00,988.79,301.39,225.36,76.02,,,1290.18,1064.81,1.55,18.00,27.00,1.07,19423428,2026-09-18T06:22:13Z
C,ta,layers_5,async,128,10,0,0.00,100.00,1736.74,297.56,230.17,67.39,,,2034.30,1804.13,1.63,20.00,30.00,1.07,19420032,2026-09-18T06:22:13Z
C,ta,layers_92,async,128,10,0,0.00,29.30,475.18,395.72,229.76,165.96,,,870.90,641.14,1.58,19.00,31.00,1.07,19421572,2026-09-18T06:22:14Z
C,ta,2d,async,128,10,0,0.00,100.00,473.13,355.26,228.51,126.75,,,828.39,599.88,1.58,19.00,31.00,1.07,19422572,2026-09-18T06:22:14Z
C,ta,2e_K10,async,128,10,0,0.00,100.00,472.57,358.38,228.66,129.72,,,830.95,602.29,1.58,19.00,34.00,1.07,19420376,2026-09-18T06:22:14Z
C,ta,2e_K500,async,128,10,0,0.00,100.00,182.92,851.90,227.47,624.43,,,1034.82,807.35,1.52,0.00,38.00,1.07,19422300,2026-09-18T06:22:14Z
C,ta,2f_slru,async,128,10,0,0.00,100.00,93.26,1037.05,226.74,810.31,,,1130.31,903.57,1.53,0.00,38.00,1.07,19421536,2026-09-18T06:22:15Z
C,ta,leaf_freq_K10,async,128,10,0,0.00,100.00,1227.72,1364.71,1290.15,74.56,,,2592.43,1302.28,1.61,20.00,33.00,1.07,19421988,2026-09-18T06:22:15Z
C,ta,leaf_rand_K10,async,128,10,0,0.00,100.00,885.17,304.37,226.31,78.07,,,1189.54,963.24,1.59,20.00,30.00,1.07,19423660,2026-09-18T06:22:15Z
C,1gb,layers_5,async,128,10,0,0.00,100.00,1322.72,299.74,229.86,69.88,,,1622.46,1392.60,1.68,40.00,54.00,1.07,19424560,2026-09-18T06:22:15Z
C,1gb,layers_92,async,128,10,0,0.00,100.00,961.30,426.43,230.28,196.15,,,1387.73,1157.45,1.69,40.00,56.00,1.07,19424360,2026-09-18T06:22:16Z
C,1gb,2d,async,128,10,0,0.00,100.00,657.43,300.39,226.60,73.80,,,957.82,731.23,1.69,39.00,57.00,1.07,19424612,2026-09-18T06:22:16Z
C,1gb,2e_K10,async,128,10,0,0.00,100.00,179.17,311.50,227.44,84.07,,,490.67,263.24,1.68,37.00,67.00,1.07,19424440,2026-09-18T06:22:16Z
C,1gb,2e_K500,async,128,10,0,0.00,100.00,183.96,930.95,226.71,704.24,,,1114.91,888.20,1.65,36.00,93.00,1.07,19424920,2026-09-18T06:22:17Z
C,1gb,2f_slru,async,128,10,0,0.00,100.00,96.80,1869.81,228.70,1641.11,,,1966.61,1737.91,1.57,0.00,64.00,1.07,19425800,2026-09-18T06:22:17Z
C,1gb,leaf_freq_K10,async,128,10,0,0.00,100.00,928.49,301.17,227.51,73.66,,,1229.66,1002.15,1.68,39.00,62.00,1.07,19425168,2026-09-18T06:22:17Z
C,1gb,leaf_rand_K10,async,128,10,0,0.00,100.00,1445.99,305.55,230.04,75.50,,,1751.54,1521.49,1.69,40.00,54.00,1.07,19425716,2026-09-18T06:22:17Z
A,vacuum,baseline,baseline,128,11,0,0.00,0.00,946.79,0.00,0.00,0.00,,,946.79,946.79,2.05,149.00,213.00,1.07,19409124,2026-09-18T06:22:18Z
A,ta,baseline,baseline,128,11,0,0.00,0.00,1131.82,0.00,0.00,0.00,,,1131.82,1131.82,2.14,188.00,247.00,1.07,19409156,2026-09-18T06:22:18Z
A,1gb,baseline,baseline,128,11,0,0.00,0.00,1432.32,0.00,0.00,0.00,,,1432.32,1432.32,2.17,191.00,248.00,1.07,19407048,2026-09-18T06:22:18Z
B,vacuum,baseline,baseline,128,11,0,0.00,0.00,977.00,0.00,0.00,0.00,,,977.00,977.00,2.06,147.00,209.00,1.07,19409376,2026-09-18T06:22:19Z
B,ta,baseline,baseline,128,11,0,0.00,0.00,716.60,0.00,0.00,0.00,,,716.60,716.60,2.19,192.00,246.00,1.07,19410408,2026-09-18T06:22:19Z
B,1gb,baseline,baseline,128,11,0,0.00,0.00,1418.12,0.00,0.00,0.00,,,1418.12,1418.12,2.22,193.00,253.00,1.07,19381636,2026-09-18T06:22:19Z
C,vacuum,baseline,baseline,128,11,0,0.00,0.00,954.89,0.00,0.00,0.00,,,954.89,954.89,1.53,18.00,27.00,1.07,19390292,2026-09-18T06:22:20Z
C,ta,baseline,baseline,128,11,0,0.00,0.00,909.48,0.00,0.00,0.00,,,909.48,909.48,1.59,20.00,30.00,1.07,19392244,2026-09-18T06:22:20Z
C,1gb,baseline,baseline,128,11,0,0.00,0.00,1441.31,0.00,0.00,0.00,,,1441.31,1441.31,1.69,40.00,55.00,1.07,19391884,2026-09-18T06:22:20Z
A,vacuum,layers_5,async,128,11,0,0.00,100.00,869.49,295.68,227.19,68.49,,,1165.17,937.98,2.03,150.00,210.00,1.07,19393532,2026-09-18T06:22:21Z
A,vacuum,layers_92,async,128,11,0,0.00,100.00,546.28,1031.16,848.03,183.12,,,1577.44,729.40,2.01,150.00,217.00,1.07,19393004,2026-09-18T06:22:21Z
A,vacuum,2d,async,128,11,0,0.00,100.00,570.79,301.98,225.10,76.87,,,872.77,647.66,2.00,150.00,217.00,1.07,19394708,2026-09-18T06:22:21Z
A,vacuum,2e_K10,async,128,11,0,0.00,100.00,508.67,316.45,225.74,90.71,,,825.12,599.38,1.99,149.00,225.00,1.07,19394584,2026-09-18T06:22:21Z
A,vacuum,2e_K500,async,128,11,0,0.00,16.20,549.29,929.04,223.52,705.52,,,1478.33,1254.81,1.96,151.00,322.00,1.07,19395272,2026-09-18T06:22:22Z
A,vacuum,2f_slru,async,128,11,0,0.00,100.00,98.41,5556.30,225.39,5330.90,,,5654.71,5429.31,1.56,0.00,214.00,1.07,19397576,2026-09-18T06:22:22Z
A,vacuum,leaf_freq_K10,async,128,11,0,0.00,100.00,2322.34,296.59,222.25,74.34,,,2618.93,2396.68,2.05,149.00,217.00,1.07,19397372,2026-09-18T06:22:22Z
A,vacuum,leaf_rand_K10,async,128,11,0,0.00,100.00,904.36,301.86,226.04,75.81,,,1206.22,980.17,1.98,149.00,215.00,1.07,19396716,2026-09-18T06:22:23Z
A,ta,layers_5,async,128,11,0,0.00,100.00,975.97,299.85,230.24,69.61,,,1275.82,1045.58,2.11,188.00,246.00,1.06,19397228,2026-09-18T06:22:23Z
A,ta,layers_92,async,128,11,0,0.00,32.60,558.99,395.29,226.32,168.97,,,954.28,727.96,2.20,187.00,246.00,1.06,19398356,2026-09-18T06:22:23Z
A,ta,2d,async,128,11,0,0.00,91.20,565.02,331.90,227.59,104.32,,,896.92,669.34,2.12,187.00,246.00,1.06,19398868,2026-09-18T06:22:24Z
A,ta,2e_K10,async,128,11,0,0.00,93.20,571.41,339.90,224.26,115.64,,,911.31,687.05,2.16,190.00,247.00,1.06,19399640,2026-09-18T06:22:24Z
A,ta,2e_K500,async,128,11,0,0.00,41.40,558.06,979.96,184.79,795.17,,,1538.02,1353.23,2.12,181.00,380.00,1.06,19400300,2026-09-18T06:22:24Z
A,ta,2f_slru,async,128,11,0,0.00,100.00,98.64,7199.77,184.03,7015.74,,,7298.41,7114.38,1.56,0.00,279.00,1.06,19398772,2026-09-18T06:22:25Z
A,ta,leaf_freq_K10,async,128,11,0,0.00,100.00,1114.14,263.48,188.14,75.33,,,1377.62,1189.47,2.20,191.00,248.00,1.06,19387072,2026-09-18T06:22:25Z
A,ta,leaf_rand_K10,async,128,11,0,0.00,100.00,1067.59,261.76,186.36,75.40,,,1329.35,1142.99,2.18,188.00,247.00,1.06,19387968,2026-09-18T06:22:25Z
A,1gb,layers_5,async,128,11,0,0.00,100.00,1426.64,258.36,188.32,70.03,,,1685.00,1496.67,2.17,191.00,246.00,1.06,19389176,2026-09-18T06:22:26Z
A,1gb,layers_92,async,128,11,0,0.00,100.00,912.70,402.08,186.33,215.75,,,1314.78,1128.45,2.16,188.00,257.00,1.06,19387504,2026-09-18T06:22:26Z
A,1gb,2d,async,128,11,0,0.00,100.00,541.15,274.80,185.55,89.25,,,815.95,630.40,2.21,187.00,258.00,1.06,19388572,2026-09-18T06:22:26Z
A,1gb,2e_K10,async,128,11,0,0.00,100.00,571.75,310.49,185.91,124.58,,,882.24,696.33,2.15,190.00,260.00,1.06,19387332,2026-09-18T06:22:27Z
A,1gb,2e_K500,async,128,11,0,0.00,100.00,658.63,1095.75,183.37,912.38,,,1754.38,1571.01,2.10,181.00,384.00,1.06,19388316,2026-09-18T06:22:27Z
A,1gb,2f_slru,async,128,11,0,0.00,100.00,100.46,7216.23,183.40,7032.83,,,7316.69,7133.29,1.57,0.00,280.00,1.06,19389308,2026-09-18T06:22:27Z
A,1gb,leaf_freq_K10,async,128,11,0,0.00,100.00,1454.70,269.48,193.53,75.94,,,1724.18,1530.64,2.17,193.00,248.00,1.06,19389716,2026-09-18T06:22:28Z
A,1gb,leaf_rand_K10,async,128,11,0,0.00,100.00,1432.67,272.53,192.29,80.24,,,1705.20,1512.91,2.19,191.00,247.00,1.06,19389392,2026-09-18T06:22:28Z
B,vacuum,layers_5,async,128,11,0,0.00,100.00,895.12,255.97,185.20,70.77,,,1151.09,965.89,2.04,148.00,209.00,1.06,19393352,2026-09-18T06:22:28Z
B,vacuum,layers_92,async,128,11,0,0.00,100.00,522.31,370.28,186.76,183.51,,,892.59,705.82,2.07,145.00,223.00,1.06,19394624,2026-09-18T06:22:28Z
B,vacuum,2d,async,128,11,0,0.00,100.00,593.40,262.32,182.31,80.01,,,855.72,673.41,2.05,145.00,223.00,1.06,19392360,2026-09-18T06:22:29Z
B,vacuum,2e_K10,async,128,11,0,0.00,100.00,518.16,276.15,185.15,91.00,,,794.31,609.16,2.01,145.00,223.00,1.06,19393008,2026-09-18T06:22:29Z
B,vacuum,2e_K500,async,128,11,0,0.00,100.00,183.46,1070.33,196.86,873.47,,,1253.79,1056.93,2.03,148.00,283.00,1.06,19394000,2026-09-18T06:22:29Z
B,vacuum,2f_slru,async,128,11,0,0.00,100.00,99.38,5507.41,185.90,5321.51,,,5606.79,5420.89,1.60,0.00,214.00,1.06,19394208,2026-09-18T06:22:30Z
B,vacuum,leaf_freq_K10,async,128,11,0,0.00,100.00,995.58,267.42,192.82,74.60,,,1263.00,1070.18,2.06,147.00,210.00,1.06,19380748,2026-09-18T06:22:30Z
B,vacuum,leaf_rand_K10,async,128,11,0,0.00,100.00,998.28,261.94,185.68,76.26,,,1260.22,1074.54,2.05,147.00,209.00,1.06,19382968,2026-09-18T06:22:30Z
B,ta,layers_5,async,128,11,0,0.00,100.00,862.68,254.80,185.54,69.26,,,1117.48,931.94,2.19,192.00,244.00,1.06,19382524,2026-09-18T06:22:31Z
B,ta,layers_92,async,128,11,0,0.00,33.70,393.66,371.10,192.71,178.38,,,764.76,572.04,2.20,191.00,244.00,1.06,19384244,2026-09-18T06:22:31Z
B,ta,2d,async,128,11,0,0.00,48.90,485.31,308.12,186.29,121.83,,,793.43,607.14,2.21,191.00,244.00,1.06,19383952,2026-09-18T06:22:31Z
B,ta,2e_K10,async,128,11,0,0.00,100.00,422.08,325.75,193.79,131.96,,,747.83,554.04,2.18,191.00,244.00,1.06,19384456,2026-09-18T06:22:32Z
B,ta,2e_K500,async,128,11,0,0.00,29.10,218.92,972.79,184.71,788.08,,,1191.71,1007.00,2.18,182.00,313.00,1.06,19385320,2026-09-18T06:22:32Z
B,ta,2f_slru,async,128,11,0,0.00,100.00,99.35,7245.75,186.26,7059.49,,,7345.10,7158.84,1.61,0.00,279.00,1.06,19381784,2026-09-18T06:22:32Z
B,ta,leaf_freq_K10,async,128,11,0,0.00,100.00,637.87,261.66,187.27,74.39,,,899.53,712.26,2.19,192.00,246.00,1.06,19386088,2026-09-18T06:22:33Z
B,ta,leaf_rand_K10,async,128,11,0,0.00,100.00,679.97,288.45,208.28,80.17,,,968.42,760.14,2.27,192.00,246.00,1.06,19398204,2026-09-18T06:22:33Z
B,1gb,layers_5,async,128,11,0,0.00,100.00,1434.26,287.83,217.48,70.35,,,1722.09,1504.61,2.21,194.00,254.00,1.05,19400088,2026-09-18T06:22:33Z
B,1gb,layers_92,async,128,11,0,0.00,100.00,1019.29,390.25,186.99,203.26,,,1409.54,1222.55,2.23,195.00,260.00,1.05,19401396,2026-09-18T06:22:34Z
B,1gb,2d,async,128,11,0,0.00,100.00,677.30,285.08,190.14,94.94,,,962.38,772.24,2.27,194.00,261.00,1.05,19400840,2026-09-18T06:22:34Z
B,1gb,2e_K10,async,128,11,0,0.00,100.00,538.30,291.23,185.74,105.49,,,829.53,643.79,2.20,194.00,261.00,1.05,19402008,2026-09-18T06:22:34Z
B,1gb,2e_K500,async,128,11,0,0.00,100.00,181.88,1155.45,230.47,924.98,,,1337.33,1106.86,2.17,183.00,328.00,1.05,19403216,2026-09-18T06:22:35Z
B,1gb,2f_slru,async,128,11,0,0.00,100.00,100.47,7326.78,233.19,7093.60,,,7427.25,7194.07,1.63,0.00,280.00,1.05,19400088,2026-09-18T06:22:35Z
B,1gb,leaf_freq_K10,async,128,11,0,0.00,100.00,1519.10,300.44,225.87,74.57,,,1819.54,1593.67,2.24,193.00,252.00,1.05,19402696,2026-09-18T06:22:35Z
B,1gb,leaf_rand_K10,async,128,11,0,0.00,100.00,1340.13,304.42,227.86,76.56,,,1644.55,1416.69,2.24,193.00,253.00,1.05,19396424,2026-09-18T06:22:36Z
C,vacuum,layers_5,async,128,11,0,0.00,100.00,893.23,311.96,239.49,72.47,,,1205.19,965.70,1.53,18.00,27.00,1.05,19402504,2026-09-18T06:22:36Z
C,vacuum,layers_92,async,128,11,0,0.00,100.00,510.47,425.61,228.08,197.53,,,936.08,708.00,1.53,18.00,29.00,1.05,19403540,2026-09-18T06:22:36Z
C,vacuum,2d,async,128,11,0,0.00,100.00,568.93,336.97,266.76,70.21,,,905.90,639.14,1.55,18.00,29.00,1.05,19405440,2026-09-18T06:22:36Z
C,vacuum,2e_K10,async,128,11,0,0.00,78.60,523.89,307.62,229.08,78.54,,,831.51,602.43,1.53,17.00,33.00,1.05,19402996,2026-09-18T06:22:37Z
C,vacuum,2e_K500,async,128,11,0,0.00,47.90,5740.26,679.77,231.91,447.86,,,6420.03,6188.12,1.54,0.00,30.00,1.05,19403408,2026-09-18T06:22:37Z
C,vacuum,2f_slru,async,128,11,0,0.00,100.00,96.66,833.11,229.62,603.49,,,929.77,700.15,1.48,0.00,30.00,1.05,19405596,2026-09-18T06:22:37Z
C,vacuum,leaf_freq_K10,async,128,11,0,0.00,100.00,1152.24,302.77,229.48,73.29,,,1455.01,1225.53,1.51,17.00,31.00,1.05,19406720,2026-09-18T06:22:37Z
C,vacuum,leaf_rand_K10,async,128,11,0,0.00,100.00,988.38,304.02,228.19,75.83,,,1292.40,1064.21,1.53,18.00,27.00,1.05,19406596,2026-09-18T06:22:38Z
C,ta,layers_5,async,128,11,0,0.00,100.00,888.86,298.15,230.23,67.92,,,1187.01,956.78,1.61,20.00,30.00,1.05,19407120,2026-09-18T06:22:38Z
C,ta,layers_92,async,128,11,0,0.00,100.00,466.23,399.41,230.92,168.49,,,865.64,634.72,1.61,19.00,31.00,1.05,19397972,2026-09-18T06:22:38Z
C,ta,2d,async,128,11,0,0.00,47.90,480.84,348.25,229.70,118.54,,,829.09,599.38,1.60,19.00,31.00,1.05,19390960,2026-09-18T06:22:38Z
C,ta,2e_K10,async,128,11,0,0.00,70.70,474.58,360.18,231.43,128.75,,,834.76,603.33,1.59,19.00,34.00,1.05,19391460,2026-09-18T06:22:39Z
C,ta,2e_K500,async,128,11,0,0.00,100.00,183.79,853.99,230.73,623.25,,,1037.78,807.04,1.52,0.00,38.00,1.05,19393156,2026-09-18T06:22:39Z
C,ta,2f_slru,async,128,11,0,0.00,100.00,97.00,1019.03,228.90,790.12,,,1116.03,887.12,1.54,0.00,38.00,1.05,19392692,2026-09-18T06:22:39Z
C,ta,leaf_freq_K10,async,128,11,0,0.00,100.00,1235.26,303.66,228.34,75.32,,,1538.92,1310.58,1.61,20.00,33.00,1.05,19391124,2026-09-18T06:22:39Z
C,ta,leaf_rand_K10,async,128,11,0,0.00,100.00,892.64,302.66,228.99,73.67,,,1195.30,966.31,1.58,20.00,30.00,1.05,19391920,2026-09-18T06:22:40Z
C,1gb,layers_5,async,128,11,0,0.00,100.00,1233.53,299.86,230.01,69.85,,,1533.39,1303.38,1.68,40.00,54.00,1.05,19392916,2026-09-18T06:22:40Z
C,1gb,layers_92,async,128,11,0,0.00,100.00,1063.99,437.67,232.32,205.36,,,1501.66,1269.35,1.70,40.00,56.00,1.05,19393336,2026-09-18T06:22:40Z
C,1gb,2d,async,128,11,0,0.00,100.00,599.46,306.13,231.95,74.18,,,905.59,673.64,1.69,39.00,57.00,1.05,19394228,2026-09-18T06:22:41Z
C,1gb,2e_K10,async,128,11,0,0.00,100.00,156.30,327.19,236.85,90.34,,,483.49,246.64,1.79,37.00,67.00,1.05,19381112,2026-09-18T06:22:41Z
C,1gb,2e_K500,async,128,11,0,0.00,100.00,185.42,987.46,231.92,755.54,,,1172.88,940.96,1.66,36.00,93.00,1.05,19383600,2026-09-18T06:22:41Z
C,1gb,2f_slru,async,128,11,0,0.00,100.00,102.07,1907.28,229.17,1678.10,,,2009.35,1780.17,1.55,0.00,64.00,1.05,19384428,2026-09-18T06:22:41Z
C,1gb,leaf_freq_K10,async,128,11,0,0.00,100.00,947.86,302.02,227.88,74.14,,,1249.88,1022.00,1.66,39.00,62.00,1.05,19383780,2026-09-18T06:22:42Z
C,1gb,leaf_rand_K10,async,128,11,0,0.00,100.00,1383.75,306.49,229.82,76.66,,,1690.24,1460.41,1.70,40.00,54.00,1.05,19384896,2026-09-18T06:22:42Z
