workload,db,strategy,arm,ra_kb,rep,warmup,cold_pct,delivery_pct,first_query_us,preproc_us,open_us,deliver_us,parse_us,ranges,e2e_us,e2e_warm_us,avg_us,majflt,minflt,load,memavail_kb,ts
A,orig,baseline,baseline,128,1,1,0.00,0.00,971.42,0.00,0.00,0.00,,,971.42,971.42,2.38,189.00,265.00,1.12,19475856,2026-09-18T05:15:23Z
B,orig,baseline,baseline,128,1,1,0.00,0.00,864.94,0.00,0.00,0.00,,,864.94,864.94,2.17,187.00,260.00,1.12,19476656,2026-09-18T05:15:24Z
C,orig,baseline,baseline,128,1,1,0.00,0.00,888.15,0.00,0.00,0.00,,,888.15,888.15,1.57,20.00,27.00,1.12,19477896,2026-09-18T05:15:24Z
C_hit,orig,baseline,baseline,128,1,1,0.00,0.00,596.54,0.00,0.00,0.00,,,596.54,596.54,1.66,38.00,51.00,1.12,19478616,2026-09-18T05:15:24Z
A,orig,layers_5,pread,128,1,1,0.00,100.00,932.35,617.64,176.99,440.65,,,1549.99,1373.00,2.09,188.00,268.00,1.12,19473220,2026-09-18T05:15:25Z
A,orig,layers_5,async,128,1,1,0.00,100.00,999.66,249.87,179.66,70.21,,,1249.53,1069.87,2.12,189.00,268.00,1.12,19473912,2026-09-18T05:15:25Z
A,orig,layers_5,async_win,128,1,1,0.00,100.00,936.29,247.10,177.94,7.48,61.68,2.00,1183.39,943.77,2.11,189.00,268.00,1.12,19478764,2026-09-18T05:15:25Z
A,orig,layers_5,async_bulk,128,1,1,0.00,100.00,934.11,290.28,176.40,7.92,105.95,2.00,1224.39,942.03,2.09,189.00,268.00,1.12,19478148,2026-09-18T05:15:26Z
A,orig,layers_92,pread,128,1,1,0.00,100.00,522.37,8152.97,147.80,8005.17,,,8675.34,8527.54,2.08,188.00,273.00,1.12,19483320,2026-09-18T05:15:26Z
A,orig,layers_92,async,128,1,1,0.00,100.00,538.58,354.89,143.62,211.27,,,893.47,749.85,2.09,189.00,272.00,1.12,19483304,2026-09-18T05:15:26Z
A,orig,layers_92,async_win,128,1,1,0.00,100.00,530.70,339.29,143.42,130.85,65.02,87.00,869.99,661.55,2.19,189.00,272.00,1.12,19483900,2026-09-18T05:15:26Z
A,orig,layers_92,async_bulk,128,1,1,0.00,100.00,592.30,346.16,147.34,133.03,65.79,87.00,938.46,725.33,2.07,189.00,272.00,1.12,19484344,2026-09-18T05:15:27Z
A,orig,2d,pread,128,1,1,0.00,100.00,590.55,1878.63,183.62,1695.02,,,2469.18,2285.57,2.11,188.00,273.00,1.12,19484164,2026-09-18T05:15:27Z
A,orig,2d,async,128,1,1,0.00,100.00,598.00,271.72,183.76,87.96,,,869.72,685.96,2.19,189.00,272.00,1.19,19485776,2026-09-18T05:15:27Z
A,orig,2d,async_win,128,1,1,0.00,100.00,591.36,259.50,177.01,21.09,61.40,13.00,850.86,612.45,2.12,189.00,272.00,1.19,19486704,2026-09-18T05:15:28Z
A,orig,2d,async_bulk,128,1,1,0.00,100.00,526.10,258.00,174.25,21.38,62.37,13.00,784.10,547.48,2.11,189.00,272.00,1.19,19487276,2026-09-18T05:15:28Z
A,orig,2e_K10,pread,128,1,1,0.00,100.00,592.56,2695.79,68.95,2626.84,,,3288.35,3219.40,2.12,189.00,284.00,1.19,19486292,2026-09-18T05:15:28Z
A,orig,2e_K10,async,128,1,1,0.00,100.00,597.39,257.05,150.85,106.20,,,854.44,703.59,2.09,190.00,283.00,1.19,19486480,2026-09-18T05:15:29Z
A,orig,2e_K10,async_win,128,1,1,0.00,100.00,538.41,238.76,147.42,31.39,59.95,23.00,777.17,569.80,2.16,190.00,283.00,1.19,19486032,2026-09-18T05:15:29Z
A,orig,2e_K10,async_bulk,128,1,1,0.00,100.00,588.35,236.12,141.03,32.31,62.79,23.00,824.47,620.66,2.11,190.00,283.00,1.19,19486996,2026-09-18T05:15:29Z
A,orig,2e_K500,pread,128,1,1,0.00,100.00,177.88,19334.79,67.02,19267.78,,,19512.67,19445.66,1.69,53.00,320.00,1.19,19458880,2026-09-18T05:15:30Z
A,orig,2e_K500,async,128,1,1,0.00,100.00,636.74,1056.78,187.39,869.38,,,1693.52,1506.12,2.14,194.00,395.00,1.19,19465724,2026-09-18T05:15:30Z
A,orig,2e_K500,async_win,128,1,1,0.00,100.00,570.29,1032.58,176.40,750.89,105.29,471.00,1602.87,1321.18,2.11,194.00,394.00,1.19,19466688,2026-09-18T05:15:30Z
A,orig,2e_K500,async_bulk,128,1,1,0.00,100.00,576.97,1013.52,175.56,747.57,90.39,471.00,1590.49,1324.54,2.10,194.00,396.00,1.19,19466644,2026-09-18T05:15:31Z
A,orig,2f_top14,pread,128,1,1,0.00,100.00,595.21,1334.54,77.19,1257.34,,,1929.75,1852.55,2.13,191.00,271.00,1.19,19467596,2026-09-18T05:15:31Z
A,orig,2f_top14,async,128,1,1,0.00,100.00,530.65,258.40,177.42,80.97,,,789.05,611.62,2.08,191.00,271.00,1.19,19469040,2026-09-18T05:15:31Z
A,orig,2f_top14,async_win,128,1,1,0.00,100.00,589.08,259.56,175.10,19.63,64.83,13.00,848.64,608.71,2.21,191.00,271.00,1.19,19469464,2026-09-18T05:15:32Z
A,orig,2f_top14,async_bulk,128,1,1,0.00,100.00,527.65,253.13,172.31,18.64,62.17,13.00,780.78,546.29,2.11,191.00,271.00,1.19,19470304,2026-09-18T05:15:32Z
A,orig,2f_top28,pread,128,1,1,0.00,100.00,593.63,2479.07,114.44,2364.64,,,3072.70,2958.27,2.09,191.00,290.00,1.19,19472560,2026-09-18T05:15:32Z
A,orig,2f_top28,async,128,1,1,0.00,100.00,4287.46,244.27,141.34,102.93,,,4531.73,4390.39,2.24,191.00,290.00,1.17,19471812,2026-09-18T05:15:32Z
A,orig,2f_top28,async_win,128,1,1,0.00,100.00,595.56,231.66,131.81,37.37,62.49,27.00,827.22,632.93,2.13,191.00,290.00,1.17,19472028,2026-09-18T05:15:33Z
A,orig,2f_top28,async_bulk,128,1,1,0.00,100.00,597.21,242.65,136.05,43.68,62.92,27.00,839.86,640.89,2.14,191.00,290.00,1.17,19470504,2026-09-18T05:15:33Z
A,orig,2f_top100,pread,128,1,1,0.00,100.00,589.40,8477.27,69.85,8407.42,,,9066.67,8996.82,2.16,186.00,317.00,1.17,19473468,2026-09-18T05:15:33Z
A,orig,2f_top100,async,128,1,1,0.00,68.00,564.82,394.15,176.57,217.58,,,958.97,782.40,2.14,191.00,311.00,1.17,19474184,2026-09-18T05:15:34Z
A,orig,2f_top100,async_win,128,1,1,0.00,100.00,595.51,381.27,177.73,137.29,66.25,98.00,976.78,732.80,2.14,191.00,311.00,1.17,19476248,2026-09-18T05:15:34Z
A,orig,2f_top100,async_bulk,128,1,1,0.00,100.00,594.79,358.21,170.14,121.79,66.28,98.00,953.00,716.58,2.15,191.00,312.00,1.17,19475552,2026-09-18T05:15:34Z
A,orig,2f_top500,pread,128,1,1,0.00,100.00,186.97,19187.84,68.68,19119.16,,,19374.81,19306.13,1.71,54.00,321.00,1.17,19476768,2026-09-18T05:15:35Z
A,orig,2f_top500,async,128,1,1,0.00,100.00,638.72,1054.40,186.31,868.09,,,1693.12,1506.81,2.20,193.00,395.00,1.17,19465344,2026-09-18T05:15:35Z
A,orig,2f_top500,async_win,128,1,1,0.00,100.00,635.88,1029.68,173.60,728.85,127.23,460.00,1665.56,1364.73,2.09,193.00,397.00,1.17,19470384,2026-09-18T05:15:35Z
A,orig,2f_top500,async_bulk,128,1,1,0.00,100.00,577.60,1032.19,170.73,733.63,127.83,460.00,1609.79,1311.23,2.08,193.00,398.00,1.17,19470676,2026-09-18T05:15:36Z
A,orig,2f_slru,pread,128,1,1,0.00,100.00,96.49,20687.17,71.86,20615.31,,,20783.66,20711.80,1.54,0.00,278.00,1.17,19471256,2026-09-18T05:15:36Z
A,orig,2f_slru,async,128,1,1,0.00,100.00,100.55,7336.79,180.57,7156.23,,,7437.34,7256.78,1.54,0.00,278.00,1.17,19469536,2026-09-18T05:15:36Z
A,orig,2f_slru,async_win,128,1,1,0.00,95.70,97.11,2679.17,177.97,2095.83,405.36,138.00,2776.28,2192.94,1.58,0.00,278.00,1.17,19472316,2026-09-18T05:15:36Z
A,orig,2f_slru,async_bulk,128,1,1,0.00,1.40,847.21,656.08,172.84,78.27,404.98,2.00,1503.29,925.48,2.10,188.00,263.00,1.17,19473496,2026-09-18T05:15:37Z
A,orig,leaf_freq_K10,pread,128,1,1,0.00,100.00,1006.23,935.54,68.67,866.87,,,1941.77,1873.10,2.13,188.00,278.00,1.17,19476376,2026-09-18T05:15:37Z
A,orig,leaf_freq_K10,async,128,1,1,0.00,100.00,998.47,249.81,174.99,74.82,,,1248.28,1073.29,2.09,188.00,278.00,1.16,19476512,2026-09-18T05:15:37Z
A,orig,leaf_freq_K10,async_win,128,1,1,0.00,100.00,1003.25,248.87,172.79,14.73,61.35,10.00,1252.12,1017.98,2.13,188.00,278.00,1.16,19477528,2026-09-18T05:15:38Z
A,orig,leaf_freq_K10,async_bulk,128,1,1,0.00,100.00,1007.59,252.03,174.09,14.97,62.98,10.00,1259.62,1022.56,2.19,188.00,278.00,1.16,19492900,2026-09-18T05:15:38Z
A,orig,leaf_rand_K10,pread,128,1,1,0.00,100.00,1045.76,993.26,68.43,924.83,,,2039.02,1970.59,2.17,189.00,266.00,1.16,19497916,2026-09-18T05:15:38Z
A,orig,leaf_rand_K10,async,128,1,1,0.00,100.00,1006.42,248.81,173.10,75.70,,,1255.23,1082.12,2.08,189.00,266.00,1.16,19495168,2026-09-18T05:15:39Z
A,orig,leaf_rand_K10,async_win,128,1,1,0.00,100.00,1085.16,248.29,172.84,14.26,61.19,10.00,1333.45,1099.42,2.19,189.00,266.00,1.16,19496184,2026-09-18T05:15:39Z
A,orig,leaf_rand_K10,async_bulk,128,1,1,0.00,100.00,943.40,243.43,171.24,14.71,57.48,10.00,1186.83,958.11,2.13,189.00,266.00,1.16,19496900,2026-09-18T05:15:39Z
A,orig,learned_markov_14,pread,128,1,1,0.00,100.00,595.78,1296.92,68.97,1227.95,,,1892.70,1823.73,2.10,189.00,273.00,1.16,19497764,2026-09-18T05:15:40Z
A,orig,learned_markov_14,async,128,1,1,0.00,100.00,595.02,261.65,182.16,79.49,,,856.67,674.51,2.15,189.00,273.00,1.16,19498564,2026-09-18T05:15:40Z
A,orig,learned_markov_14,async_win,128,1,1,0.00,100.00,597.74,263.11,182.21,19.78,61.12,13.00,860.85,617.52,2.11,189.00,273.00,1.16,19499732,2026-09-18T05:15:40Z
A,orig,learned_markov_14,async_bulk,128,1,1,0.00,100.00,592.15,265.37,179.70,22.56,63.11,13.00,857.52,614.71,2.12,189.00,272.00,1.16,19478492,2026-09-18T05:15:41Z
A,orig,learned_markov_28,pread,128,1,1,0.00,100.00,598.80,2548.33,69.06,2479.27,,,3147.13,3078.07,2.11,189.00,276.00,1.16,19479564,2026-09-18T05:15:41Z
A,orig,learned_markov_28,async,128,1,1,0.00,100.00,592.00,280.08,178.73,101.35,,,872.08,693.35,2.12,189.00,275.00,1.16,19480552,2026-09-18T05:15:41Z
A,orig,learned_markov_28,async_win,128,1,1,0.00,100.00,595.78,274.61,178.21,34.20,62.20,26.00,870.39,629.98,2.18,189.00,274.00,1.16,19484120,2026-09-18T05:15:42Z
A,orig,learned_markov_28,async_bulk,128,1,1,0.00,100.00,595.40,280.60,178.42,39.24,62.94,26.00,876.00,634.64,2.13,189.00,275.00,1.16,19486860,2026-09-18T05:15:42Z
B,orig,layers_5,pread,128,1,1,0.00,100.00,915.25,519.43,69.31,450.12,,,1434.68,1365.37,2.17,186.00,260.00,1.15,19487552,2026-09-18T05:15:42Z
B,orig,layers_5,async,128,1,1,0.00,100.00,940.31,224.86,154.97,69.89,,,1165.17,1010.20,2.21,187.00,260.00,1.15,19488764,2026-09-18T05:15:43Z
B,orig,layers_5,async_win,128,1,1,0.00,100.00,881.49,220.74,150.09,8.45,62.20,2.00,1102.23,889.94,2.17,187.00,260.00,1.15,19489688,2026-09-18T05:15:43Z
B,orig,layers_5,async_bulk,128,1,1,0.00,100.00,906.58,210.90,143.08,7.75,60.07,2.00,1117.48,914.33,2.16,187.00,260.00,1.15,19490760,2026-09-18T05:15:43Z
B,orig,layers_92,pread,128,1,1,0.00,100.00,522.36,8124.74,68.43,8056.32,,,8647.10,8578.68,2.18,186.00,267.00,1.15,19479696,2026-09-18T05:15:44Z
B,orig,layers_92,async,128,1,1,0.00,100.00,530.18,362.45,154.15,208.30,,,892.63,738.48,2.17,187.00,266.00,1.15,19480596,2026-09-18T05:15:44Z
B,orig,layers_92,async_win,128,1,1,0.00,100.00,1587.44,1413.10,764.91,122.21,525.98,87.00,3000.54,1709.65,2.18,187.00,266.00,1.15,19481792,2026-09-18T05:15:44Z
B,orig,layers_92,async_bulk,128,1,1,0.00,100.00,526.70,331.64,145.11,121.56,64.97,87.00,858.34,648.26,2.15,187.00,266.00,1.15,19483440,2026-09-18T05:15:44Z
B,orig,2d,pread,128,1,1,0.00,100.00,526.46,1813.40,68.85,1744.55,,,2339.86,2271.01,2.14,186.00,267.00,1.15,19483424,2026-09-18T05:15:45Z
B,orig,2d,async,128,1,1,0.00,100.00,528.90,277.31,190.68,86.63,,,806.21,615.53,2.20,187.00,266.00,1.15,19482276,2026-09-18T05:15:45Z
B,orig,2d,async_win,128,1,1,0.00,100.00,526.55,270.86,185.45,22.16,63.25,13.00,797.41,548.71,2.20,187.00,266.00,1.15,19483556,2026-09-18T05:15:45Z
B,orig,2d,async_bulk,128,1,1,0.00,100.00,464.49,266.40,183.56,22.00,60.84,13.00,730.89,486.49,2.16,187.00,266.00,1.15,19479616,2026-09-18T05:15:46Z
B,orig,2e_K10,pread,128,1,1,0.00,100.00,1004.88,2722.98,117.72,2605.26,,,3727.86,3610.14,2.21,187.00,267.00,1.15,19480196,2026-09-18T05:15:46Z
B,orig,2e_K10,async,128,1,1,0.00,100.00,526.68,258.06,150.70,107.35,,,784.74,634.03,2.20,188.00,267.00,1.15,19480952,2026-09-18T05:15:46Z
B,orig,2e_K10,async_win,128,1,1,0.00,100.00,534.16,255.88,151.23,41.60,63.05,23.00,790.04,575.76,2.18,188.00,267.00,1.15,19481380,2026-09-18T05:15:47Z
B,orig,2e_K10,async_bulk,128,1,1,0.00,100.00,525.69,254.10,152.32,39.27,62.51,23.00,779.79,564.96,2.20,188.00,267.00,1.15,19481936,2026-09-18T05:15:47Z
B,orig,2e_K500,pread,128,1,1,0.00,100.00,182.49,18192.11,67.96,18124.16,,,18374.60,18306.65,1.80,73.00,312.00,1.13,19480720,2026-09-18T05:15:47Z
B,orig,2e_K500,async,128,1,1,0.00,100.00,183.63,1031.56,143.03,888.53,,,1215.19,1072.16,2.18,187.00,313.00,1.13,19482408,2026-09-18T05:15:48Z
B,orig,2e_K500,async_win,128,1,1,0.00,100.00,181.07,926.47,142.41,692.11,91.95,461.00,1107.54,873.18,2.15,187.00,313.00,1.13,19483268,2026-09-18T05:15:48Z
B,orig,2e_K500,async_bulk,128,1,1,0.00,100.00,184.85,979.05,145.78,741.93,91.33,461.00,1163.90,926.78,2.16,187.00,316.00,1.13,19483188,2026-09-18T05:15:48Z
B,orig,2f_top14,pread,128,1,1,0.00,100.00,1129.43,1230.31,101.16,1129.15,,,2359.74,2258.58,2.14,188.00,265.00,1.13,19483248,2026-09-18T05:15:49Z
B,orig,2f_top14,async,128,1,1,0.00,100.00,465.64,224.43,142.24,82.19,,,690.07,547.83,2.13,188.00,266.00,1.13,19483596,2026-09-18T05:15:49Z
B,orig,2f_top14,async_win,128,1,1,0.00,100.00,531.19,223.77,142.80,19.58,61.40,13.00,754.96,550.77,2.16,188.00,266.00,1.13,19484412,2026-09-18T05:15:49Z
B,orig,2f_top14,async_bulk,128,1,1,0.00,100.00,563.81,218.25,136.67,18.16,63.42,13.00,782.06,581.97,2.26,188.00,266.00,1.13,19484696,2026-09-18T05:15:50Z
B,orig,2f_top28,pread,128,1,1,0.00,100.00,465.57,2556.46,67.08,2489.38,,,3022.03,2954.95,2.18,188.00,267.00,1.13,19485284,2026-09-18T05:15:50Z
B,orig,2f_top28,async,128,1,1,0.00,100.00,527.75,288.45,186.27,102.18,,,816.20,629.93,2.15,188.00,268.00,1.13,19485304,2026-09-18T05:15:50Z
B,orig,2f_top28,async_win,128,1,1,0.00,100.00,528.62,284.88,184.17,37.87,62.84,27.00,813.50,566.49,2.22,188.00,267.00,1.13,19485992,2026-09-18T05:15:51Z
B,orig,2f_top28,async_bulk,128,1,1,0.00,100.00,526.70,288.05,184.94,40.74,62.38,27.00,814.75,567.44,2.19,188.00,268.00,1.13,19474480,2026-09-18T05:15:51Z
B,orig,2f_top100,pread,128,1,1,0.00,100.00,527.11,8638.80,207.70,8431.10,,,9165.91,8958.21,2.19,187.00,273.00,1.13,19478016,2026-09-18T05:15:51Z
B,orig,2f_top100,async,128,1,1,0.00,100.00,528.18,439.48,243.15,196.33,,,967.66,724.51,2.21,187.00,271.00,1.13,19479116,2026-09-18T05:15:52Z
B,orig,2f_top100,async_win,128,1,1,0.00,100.00,465.75,431.58,243.84,121.95,65.79,97.00,897.33,587.70,2.16,187.00,272.00,1.13,19479664,2026-09-18T05:15:52Z
B,orig,2f_top100,async_bulk,128,1,1,0.00,100.00,462.92,434.90,231.89,138.05,64.96,97.00,897.82,600.97,2.15,187.00,272.00,1.12,19480740,2026-09-18T05:15:52Z
B,orig,2f_top500,pread,128,1,1,0.00,100.00,182.30,28209.76,214.51,27995.24,,,28392.06,28177.54,1.84,74.00,315.00,1.12,19482876,2026-09-18T05:15:53Z
B,orig,2f_top500,async,128,1,1,0.00,100.00,183.18,1111.91,246.63,865.28,,,1295.09,1048.46,2.16,187.00,314.00,1.12,19483200,2026-09-18T05:15:53Z
B,orig,2f_top500,async_win,128,1,1,0.00,100.00,187.95,1005.57,248.26,667.25,90.06,448.00,1193.52,855.20,2.22,187.00,315.00,1.12,19482796,2026-09-18T05:15:53Z
B,orig,2f_top500,async_bulk,128,1,1,0.00,100.00,181.90,1015.30,232.02,693.22,90.06,448.00,1197.20,875.12,2.15,187.00,311.00,1.12,19484048,2026-09-18T05:15:54Z
B,orig,2f_slru,pread,128,1,1,0.00,100.00,96.90,20152.39,89.03,20063.36,,,20249.29,20160.26,1.56,0.00,278.00,1.12,19481408,2026-09-18T05:15:54Z
B,orig,2f_slru,async,128,1,1,0.00,100.00,99.10,7427.09,235.78,7191.31,,,7526.19,7290.41,1.62,0.00,278.00,1.12,19481608,2026-09-18T05:15:54Z
B,orig,2f_slru,async_win,128,1,1,0.00,92.10,101.10,2730.38,226.29,2094.02,410.07,139.00,2831.48,2195.12,1.60,0.00,278.00,1.12,19481288,2026-09-18T05:15:54Z
B,orig,2f_slru,async_bulk,128,1,1,0.00,2.20,818.65,731.12,228.64,95.92,406.56,3.00,1549.77,914.57,2.24,184.00,259.00,1.12,19483492,2026-09-18T05:15:55Z
B,orig,leaf_freq_K10,pread,128,1,1,0.00,100.00,850.30,985.35,87.06,898.29,,,1835.65,1748.59,2.17,187.00,260.00,1.12,19484668,2026-09-18T05:15:55Z
B,orig,leaf_freq_K10,async,128,1,1,0.00,100.00,925.60,328.85,253.11,75.74,,,1254.45,1001.34,2.17,187.00,260.00,1.12,19485152,2026-09-18T05:15:55Z
B,orig,leaf_freq_K10,async_win,128,1,1,0.00,100.00,872.65,320.20,242.78,15.08,62.35,10.00,1192.85,887.73,2.21,187.00,260.00,1.12,19486204,2026-09-18T05:15:56Z
B,orig,leaf_freq_K10,async_bulk,128,1,1,0.00,100.00,948.92,315.27,243.91,14.18,57.19,10.00,1264.19,963.10,2.18,187.00,260.00,1.12,19485680,2026-09-18T05:15:56Z
B,orig,leaf_rand_K10,pread,128,1,1,0.00,100.00,885.65,1050.73,236.29,814.44,,,1936.38,1700.09,2.19,188.00,261.00,1.12,19479488,2026-09-18T05:15:56Z
B,orig,leaf_rand_K10,async,128,1,1,0.00,100.00,913.01,315.56,238.58,76.98,,,1228.57,989.99,2.20,188.00,261.00,1.12,19480932,2026-09-18T05:15:57Z
B,orig,leaf_rand_K10,async_win,128,1,1,0.00,100.00,921.30,303.21,226.16,15.16,61.89,10.00,1224.51,936.46,2.18,188.00,261.00,1.12,19480976,2026-09-18T05:15:57Z
B,orig,leaf_rand_K10,async_bulk,128,1,1,0.00,100.00,852.29,304.13,224.47,17.93,61.73,10.00,1156.42,870.22,2.12,188.00,261.00,1.11,19481088,2026-09-18T05:15:57Z
B,orig,learned_markov_14,pread,128,1,1,0.00,100.00,533.12,1385.12,205.99,1179.14,,,1918.24,1712.26,2.18,187.00,265.00,1.11,19481060,2026-09-18T05:15:58Z
B,orig,learned_markov_14,async,128,1,1,0.00,100.00,463.94,289.36,208.73,80.63,,,753.30,544.57,2.15,187.00,265.00,1.11,19482068,2026-09-18T05:15:58Z
B,orig,learned_markov_14,async_win,128,1,1,0.00,100.00,532.27,297.26,207.30,23.02,66.94,13.00,829.53,555.29,2.24,187.00,265.00,1.11,19481736,2026-09-18T05:15:58Z
B,orig,learned_markov_14,async_bulk,128,1,1,0.00,100.00,527.61,274.77,193.84,20.19,60.74,13.00,802.38,547.80,2.15,187.00,265.00,1.11,19491692,2026-09-18T05:15:59Z
B,orig,learned_markov_28,pread,128,1,1,0.00,100.00,533.10,2437.41,208.90,2228.51,,,2970.51,2761.61,2.16,187.00,265.00,1.11,19492296,2026-09-18T05:15:59Z
B,orig,learned_markov_28,async,128,1,1,0.00,100.00,588.10,313.29,211.50,101.79,,,901.39,689.89,2.25,187.00,266.00,1.11,19492136,2026-09-18T05:15:59Z
B,orig,learned_markov_28,async_win,128,1,1,0.00,100.00,526.60,308.71,206.10,39.34,63.27,27.00,835.31,565.94,2.19,187.00,265.00,1.11,19492996,2026-09-18T05:16:00Z
B,orig,learned_markov_28,async_bulk,128,1,1,0.00,100.00,528.99,303.81,200.29,40.82,62.71,27.00,832.80,569.81,2.16,187.00,265.00,1.11,19492940,2026-09-18T05:16:00Z
C,orig,layers_5,pread,128,1,1,0.00,100.00,861.94,644.92,206.45,438.47,,,1506.86,1300.41,1.58,20.00,27.00,1.11,19493656,2026-09-18T05:16:00Z
C,orig,layers_5,async,128,1,1,0.00,100.00,824.65,275.12,204.08,71.03,,,1099.77,895.68,1.57,20.00,27.00,1.11,19493700,2026-09-18T05:16:00Z
C,orig,layers_5,async_win,128,1,1,0.00,100.00,836.75,273.47,202.32,7.36,63.79,2.00,1110.22,844.11,1.57,20.00,27.00,1.11,19495648,2026-09-18T05:16:01Z
C,orig,layers_5,async_bulk,128,1,1,0.00,100.00,829.11,262.65,194.25,7.40,60.99,2.00,1091.76,836.51,1.57,20.00,27.00,1.11,19496308,2026-09-18T05:16:01Z
C,orig,layers_92,pread,128,1,1,0.00,100.00,403.41,8269.15,240.86,8028.28,,,8672.56,8431.69,1.55,18.00,30.00,1.11,19496348,2026-09-18T05:16:01Z
C,orig,layers_92,async,128,1,1,0.00,100.00,471.61,418.29,209.03,209.25,,,889.90,680.86,1.57,18.00,30.00,1.11,19481340,2026-09-18T05:16:01Z
C,orig,layers_92,async_win,128,1,1,0.00,98.90,470.38,965.12,785.18,113.68,66.27,87.00,1435.50,584.06,1.56,18.00,30.00,1.11,19483160,2026-09-18T05:16:02Z
C,orig,layers_92,async_bulk,128,1,1,0.00,100.00,469.53,367.37,194.22,107.92,65.23,87.00,836.90,577.45,1.56,18.00,30.00,1.11,19482364,2026-09-18T05:16:02Z
C,orig,2d,pread,128,1,1,0.00,100.00,466.36,566.62,205.76,360.86,,,1032.98,827.22,1.59,18.00,30.00,1.10,19483312,2026-09-18T05:16:02Z
C,orig,2d,async,128,1,1,0.00,100.00,439.04,273.21,207.51,65.70,,,712.25,504.74,1.57,18.00,30.00,1.10,19483440,2026-09-18T05:16:02Z
C,orig,2d,async_win,128,1,1,0.00,100.00,469.27,265.04,196.45,7.00,61.59,2.00,734.31,476.27,1.59,18.00,30.00,1.10,19482644,2026-09-18T05:16:03Z
C,orig,2d,async_bulk,128,1,1,0.00,100.00,433.31,264.30,195.85,7.35,61.09,2.00,697.61,440.66,1.56,18.00,30.00,1.10,19482476,2026-09-18T05:16:03Z
C,orig,2e_K10,pread,128,1,1,0.00,100.00,178.29,1372.34,194.28,1178.07,,,1550.63,1356.36,1.55,17.00,33.00,1.10,19483628,2026-09-18T05:16:03Z
C,orig,2e_K10,async,128,1,1,0.00,100.00,182.23,274.73,196.25,78.48,,,456.96,260.71,1.56,17.00,32.00,1.10,19483256,2026-09-18T05:16:04Z
C,orig,2e_K10,async_win,128,1,1,0.00,100.00,180.13,263.45,184.96,16.62,61.88,8.00,443.58,196.75,1.56,17.00,32.00,1.10,19481488,2026-09-18T05:16:04Z
C,orig,2e_K10,async_bulk,128,1,1,0.00,100.00,177.69,264.42,184.79,17.62,62.01,8.00,442.11,195.31,1.62,17.00,32.00,1.10,19474884,2026-09-18T05:16:04Z
C,orig,2e_K500,pread,128,1,1,0.00,100.00,180.50,2582.43,240.50,2341.92,,,2762.93,2522.42,1.49,0.00,37.00,1.10,19474276,2026-09-18T05:16:04Z
C,orig,2e_K500,async,128,1,1,0.00,60.90,179.60,685.51,234.36,451.15,,,865.11,630.75,1.51,0.00,37.00,1.10,19475364,2026-09-18T05:16:05Z
C,orig,2e_K500,async_win,128,1,1,0.00,42.30,183.25,560.80,232.48,246.88,81.44,90.00,744.05,430.13,1.53,0.00,37.00,1.10,19475976,2026-09-18T05:16:05Z
C,orig,2e_K500,async_bulk,128,1,1,0.00,45.90,181.48,523.25,223.27,217.10,82.89,90.00,704.73,398.58,1.51,0.00,37.00,1.10,19475800,2026-09-18T05:16:05Z
C,orig,2f_top14,pread,128,1,1,0.00,100.00,179.00,1217.01,208.14,1008.87,,,1396.01,1187.87,1.56,16.00,34.00,1.10,19475592,2026-09-18T05:16:05Z
C,orig,2f_top14,async,128,1,1,0.00,100.00,180.85,279.29,198.81,80.47,,,460.14,261.32,1.57,17.00,32.00,1.10,19476728,2026-09-18T05:16:06Z
C,orig,2f_top14,async_win,128,1,1,0.00,100.00,177.39,275.59,196.65,16.71,62.23,9.00,452.98,194.10,1.55,17.00,32.00,1.10,19476500,2026-09-18T05:16:06Z
C,orig,2f_top14,async_bulk,128,1,1,0.00,100.00,183.56,273.03,194.90,16.52,61.62,9.00,456.59,200.08,1.55,17.00,32.00,1.10,19477164,2026-09-18T05:16:06Z
C,orig,2f_top28,pread,128,1,1,0.00,100.00,177.54,1343.22,233.05,1110.17,,,1520.76,1287.71,1.56,15.00,33.00,1.10,19478112,2026-09-18T05:16:06Z
C,orig,2f_top28,async,128,1,1,0.00,100.00,182.24,340.16,242.26,97.89,,,522.40,280.13,1.59,16.00,33.00,1.10,19458864,2026-09-18T05:16:07Z
C,orig,2f_top28,async_win,128,1,1,0.00,100.00,179.24,321.17,227.89,30.78,62.51,13.00,500.41,210.02,1.57,16.00,33.00,1.10,19465440,2026-09-18T05:16:07Z
C,orig,2f_top28,async_bulk,128,1,1,0.00,100.00,177.37,313.72,225.10,25.97,62.65,13.00,491.09,203.34,1.57,16.00,33.00,1.10,19467432,2026-09-18T05:16:07Z
C,orig,2f_top100,pread,128,1,1,0.00,100.00,180.50,1262.68,84.12,1178.57,,,1443.18,1359.07,1.54,11.00,33.00,1.10,19467116,2026-09-18T05:16:07Z
C,orig,2f_top100,async,128,1,1,0.00,100.00,184.15,407.40,226.42,180.98,,,591.55,365.13,1.55,14.00,33.00,1.10,19472640,2026-09-18T05:16:08Z
C,orig,2f_top100,async_win,128,1,1,0.00,100.00,178.53,374.26,223.26,84.67,66.33,32.00,552.79,263.20,1.54,14.00,33.00,1.10,19472844,2026-09-18T05:16:08Z
C,orig,2f_top100,async_bulk,128,1,1,0.00,100.00,180.36,367.29,225.27,75.64,66.38,32.00,547.65,256.00,1.55,14.00,33.00,1.10,19475820,2026-09-18T05:16:08Z
C,orig,2f_top500,pread,128,1,1,0.00,100.00,92.83,2845.31,87.58,2757.72,,,2938.14,2850.55,1.50,0.00,37.00,1.10,19475932,2026-09-18T05:16:08Z
C,orig,2f_top500,async,128,1,1,0.00,100.00,95.36,1006.38,234.14,772.24,,,1101.74,867.60,1.53,0.00,37.00,1.10,19477368,2026-09-18T05:16:09Z
C,orig,2f_top500,async_win,128,1,1,0.00,100.00,94.34,597.07,230.51,277.74,88.82,15.00,691.41,372.08,1.51,0.00,37.00,1.10,19477544,2026-09-18T05:16:09Z
C,orig,2f_top500,async_bulk,128,1,1,0.00,13.40,759.95,362.80,233.72,37.86,91.22,2.00,1122.75,797.81,1.56,19.00,29.00,1.10,19478152,2026-09-18T05:16:09Z
C,orig,2f_slru,pread,128,1,1,0.00,100.00,92.87,2810.99,92.03,2718.96,,,2903.86,2811.83,1.52,0.00,37.00,1.10,19479192,2026-09-18T05:16:10Z
C,orig,2f_slru,async,128,1,1,0.00,100.00,94.73,986.95,206.38,780.57,,,1081.68,875.30,1.52,0.00,37.00,1.10,19478936,2026-09-18T05:16:10Z
C,orig,2f_slru,async_win,128,1,1,0.00,100.00,95.57,560.02,207.08,262.82,90.12,15.00,655.59,358.39,1.51,0.00,37.00,1.10,19480776,2026-09-18T05:16:10Z
C,orig,2f_slru,async_bulk,128,1,1,0.00,13.40,731.63,334.12,206.72,36.59,90.81,2.00,1065.75,768.22,1.58,19.00,29.00,1.10,19479668,2026-09-18T05:16:10Z
C,orig,leaf_freq_K10,pread,128,1,1,0.00,100.00,669.19,812.45,86.46,725.99,,,1481.64,1395.18,1.57,19.00,30.00,1.10,19479776,2026-09-18T05:16:11Z
C,orig,leaf_freq_K10,async,128,1,1,0.00,100.00,680.16,270.34,196.04,74.30,,,950.50,754.46,1.57,19.00,29.00,1.10,19479628,2026-09-18T05:16:11Z
C,orig,leaf_freq_K10,async_win,128,1,1,0.00,100.00,571.26,268.08,193.96,12.80,61.33,6.00,839.34,584.06,1.57,19.00,29.00,1.10,19479000,2026-09-18T05:16:11Z
C,orig,leaf_freq_K10,async_bulk,128,1,1,0.00,100.00,568.43,267.76,194.31,12.37,61.09,6.00,836.19,580.80,1.60,19.00,29.00,1.10,19480748,2026-09-18T05:16:11Z
C,orig,leaf_rand_K10,pread,128,1,1,0.00,100.00,842.17,915.53,137.22,778.31,,,1757.70,1620.48,1.59,20.00,27.00,1.10,19481876,2026-09-18T05:16:12Z
C,orig,leaf_rand_K10,async,128,1,1,0.00,100.00,837.63,275.02,197.78,77.23,,,1112.65,914.86,1.59,20.00,27.00,1.10,19458004,2026-09-18T05:16:12Z
C,orig,leaf_rand_K10,async_win,128,1,1,0.00,100.00,874.99,272.30,196.96,14.84,60.50,10.00,1147.29,889.83,1.59,20.00,27.00,1.10,19468888,2026-09-18T05:16:12Z
C,orig,leaf_rand_K10,async_bulk,128,1,1,0.00,100.00,766.43,274.19,197.08,15.86,61.24,10.00,1040.62,782.29,1.57,20.00,27.00,1.09,19472092,2026-09-18T05:16:12Z
C,orig,learned_markov_14,pread,128,1,1,0.00,100.00,182.03,1226.17,120.61,1105.57,,,1408.20,1287.60,1.56,16.00,34.00,1.09,19472708,2026-09-18T05:16:13Z
C,orig,learned_markov_14,async,128,1,1,0.00,100.00,178.89,273.88,193.44,80.44,,,452.77,259.33,1.56,17.00,32.00,1.09,19478196,2026-09-18T05:16:13Z
C,orig,learned_markov_14,async_win,128,1,1,0.00,100.00,179.57,272.98,194.43,17.27,61.28,9.00,452.55,196.84,1.56,17.00,32.00,1.09,19479360,2026-09-18T05:16:13Z
C,orig,learned_markov_14,async_bulk,128,1,1,0.00,100.00,179.00,275.09,196.48,16.98,61.63,9.00,454.09,195.98,1.59,17.00,32.00,1.09,19480380,2026-09-18T05:16:13Z
C,orig,learned_markov_28,pread,128,1,1,0.00,100.00,179.73,1225.43,118.45,1106.98,,,1405.16,1286.71,1.56,15.00,33.00,1.09,19480820,2026-09-18T05:16:14Z
C,orig,learned_markov_28,async,128,1,1,0.00,100.00,188.05,328.26,232.33,95.93,,,516.31,283.98,1.57,16.00,33.00,1.09,19480488,2026-09-18T05:16:14Z
C,orig,learned_markov_28,async_win,128,1,1,0.00,100.00,182.16,321.86,227.51,32.20,62.15,13.00,504.02,214.36,1.57,16.00,33.00,1.09,19481592,2026-09-18T05:16:14Z
C,orig,learned_markov_28,async_bulk,128,1,1,0.00,100.00,180.13,318.80,227.63,28.30,62.87,13.00,498.93,208.43,1.55,16.00,33.00,1.09,19481212,2026-09-18T05:16:14Z
C_hit,orig,layers_5,pread,128,1,1,0.00,100.00,559.80,563.46,117.49,445.97,,,1123.26,1005.77,1.65,38.00,51.00,1.09,19482168,2026-09-18T05:16:15Z
C_hit,orig,layers_5,async,128,1,1,0.00,100.00,559.17,297.95,229.51,68.44,,,857.12,627.61,1.66,38.00,51.00,1.09,19482304,2026-09-18T05:16:15Z
C_hit,orig,layers_5,async_win,128,1,1,0.00,100.00,556.19,291.80,223.69,7.83,60.27,2.00,847.99,564.02,1.64,38.00,51.00,1.09,19482816,2026-09-18T05:16:15Z
C_hit,orig,layers_5,async_bulk,128,1,1,0.00,100.00,559.57,290.94,223.37,7.16,60.40,2.00,850.51,566.73,1.66,38.00,51.00,1.09,19483292,2026-09-18T05:16:16Z
C_hit,orig,layers_92,pread,128,1,1,0.00,100.00,566.37,8104.85,229.88,7874.97,,,8671.22,8441.34,1.64,39.00,53.00,1.09,19483488,2026-09-18T05:16:16Z
C_hit,orig,layers_92,async,128,1,1,0.00,100.00,562.86,420.66,231.40,189.27,,,983.52,752.13,1.68,39.00,53.00,1.09,19483448,2026-09-18T05:16:16Z
C_hit,orig,layers_92,async_win,128,1,1,0.00,100.00,569.77,430.04,220.33,144.81,64.89,87.00,999.81,714.58,1.64,39.00,53.00,1.09,19483940,2026-09-18T05:16:16Z
C_hit,orig,layers_92,async_bulk,128,1,1,0.00,100.00,562.89,449.62,270.34,111.09,68.19,87.00,1012.51,673.98,1.66,39.00,53.00,1.09,19484516,2026-09-18T05:16:17Z
C_hit,orig,2d,pread,128,1,1,0.00,100.00,558.05,667.67,231.66,436.01,,,1225.72,994.06,1.66,39.00,53.00,1.09,19485644,2026-09-18T05:16:17Z
C_hit,orig,2d,async,128,1,1,0.00,100.00,937.32,306.29,236.34,69.95,,,1243.61,1007.27,1.79,39.00,53.00,1.56,19461332,2026-09-18T05:16:17Z
C_hit,orig,2d,async_win,128,1,1,0.00,100.00,562.83,295.25,225.88,8.20,61.17,3.00,858.08,571.03,1.65,39.00,53.00,1.56,19461816,2026-09-18T05:16:17Z
C_hit,orig,2d,async_bulk,128,1,1,0.00,100.00,3561.64,938.59,870.01,7.68,60.90,3.00,4500.23,3569.32,1.74,39.00,53.00,1.56,19461692,2026-09-18T05:16:18Z
C_hit,orig,2e_K10,pread,128,1,1,0.00,100.00,502.18,1128.88,152.73,976.15,,,1631.06,1478.33,1.65,37.00,52.00,1.56,19461744,2026-09-18T05:16:18Z
C_hit,orig,2e_K10,async,128,1,1,0.00,100.00,565.63,267.44,185.50,81.94,,,833.07,647.57,1.68,39.00,53.00,1.56,19463100,2026-09-18T05:16:18Z
C_hit,orig,2e_K10,async_win,128,1,1,0.00,100.00,556.15,257.29,181.04,15.37,60.88,6.00,813.44,571.52,1.65,39.00,53.00,1.56,19463908,2026-09-18T05:16:19Z
C_hit,orig,2e_K10,async_bulk,128,1,1,0.00,100.00,565.30,262.32,184.72,15.80,61.81,6.00,827.62,581.10,1.64,39.00,53.00,1.56,19463980,2026-09-18T05:16:19Z
C_hit,orig,2e_K500,pread,128,1,1,0.00,100.00,182.28,3424.28,119.69,3304.59,,,3606.56,3486.87,1.55,9.00,61.00,1.56,19483108,2026-09-18T05:16:19Z
C_hit,orig,2e_K500,async,128,1,1,0.00,62.40,183.62,976.17,197.35,778.82,,,1159.79,962.44,1.56,9.00,61.00,1.56,19482608,2026-09-18T05:16:19Z
C_hit,orig,2e_K500,async_win,128,1,1,0.00,37.80,183.15,669.67,195.62,344.89,129.16,139.00,852.82,528.04,1.56,9.00,61.00,1.56,19482488,2026-09-18T05:16:20Z
C_hit,orig,2e_K500,async_bulk,128,1,1,0.00,39.00,183.59,707.79,194.63,384.42,128.74,139.00,891.38,568.01,1.55,9.00,61.00,1.56,19483144,2026-09-18T05:16:20Z
C_hit,orig,2f_top14,pread,128,1,1,0.00,100.00,569.37,993.15,115.63,877.52,,,1562.52,1446.89,1.65,37.00,52.00,1.56,19483560,2026-09-18T05:16:20Z
C_hit,orig,2f_top14,async,128,1,1,0.00,100.00,568.50,311.95,231.75,80.19,,,880.45,648.69,1.66,39.00,53.00,1.56,19484088,2026-09-18T05:16:20Z
C_hit,orig,2f_top14,async_win,128,1,1,0.00,100.00,561.43,311.18,232.27,17.82,61.09,6.00,872.61,579.25,1.66,39.00,53.00,1.56,19484452,2026-09-18T05:16:21Z
C_hit,orig,2f_top14,async_bulk,128,1,1,0.00,100.00,560.90,307.35,226.56,18.10,62.69,6.00,868.25,579.00,1.65,39.00,53.00,1.56,19485048,2026-09-18T05:16:21Z
C_hit,orig,2f_top28,pread,128,1,1,0.00,100.00,565.84,1030.42,119.50,910.92,,,1596.26,1476.76,1.64,36.00,53.00,1.56,19485816,2026-09-18T05:16:21Z
C_hit,orig,2f_top28,async,128,1,1,0.00,100.00,565.25,303.81,202.88,100.93,,,869.06,666.18,1.65,38.00,51.00,1.56,19485880,2026-09-18T05:16:21Z
C_hit,orig,2f_top28,async_win,128,1,1,0.00,100.00,566.30,852.17,719.00,24.69,108.48,8.00,1418.47,590.99,1.66,38.00,51.00,1.56,19486868,2026-09-18T05:16:22Z
C_hit,orig,2f_top28,async_bulk,128,1,1,0.00,100.00,506.02,288.26,197.48,28.30,62.48,8.00,794.28,534.32,1.66,38.00,51.00,1.56,19486764,2026-09-18T05:16:22Z
C_hit,orig,2f_top100,pread,128,1,1,0.00,100.00,512.02,1295.39,199.79,1095.60,,,1807.41,1607.62,1.64,31.00,54.00,1.52,19479124,2026-09-18T05:16:22Z
C_hit,orig,2f_top100,async,128,1,1,0.00,100.00,558.61,376.65,202.09,174.56,,,935.26,733.17,1.63,33.00,53.00,1.52,19471892,2026-09-18T05:16:23Z
C_hit,orig,2f_top100,async_win,128,1,1,0.00,100.00,561.35,347.83,199.96,83.01,64.87,28.00,909.18,644.36,1.62,33.00,53.00,1.52,19472860,2026-09-18T05:16:23Z
C_hit,orig,2f_top100,async_bulk,128,1,1,0.00,100.00,525.16,331.17,196.23,68.75,66.19,28.00,856.33,593.91,1.65,33.00,53.00,1.52,19473048,2026-09-18T05:16:23Z
C_hit,orig,2f_top500,pread,128,1,1,0.00,100.00,186.90,3229.81,116.24,3113.57,,,3416.71,3300.47,1.55,9.00,61.00,1.52,19479892,2026-09-18T05:16:23Z
C_hit,orig,2f_top500,async,128,1,1,0.00,43.80,183.77,852.29,202.92,649.37,,,1036.06,833.14,1.56,10.00,61.00,1.52,19478824,2026-09-18T05:16:24Z
C_hit,orig,2f_top500,async_win,128,1,1,0.00,41.80,183.54,681.28,197.16,394.23,89.89,138.00,864.82,577.77,1.57,10.00,61.00,1.52,19479760,2026-09-18T05:16:24Z
C_hit,orig,2f_top500,async_bulk,128,1,1,0.00,39.00,185.27,646.32,197.36,358.87,90.09,138.00,831.59,544.14,1.56,10.00,61.00,1.52,19483244,2026-09-18T05:16:24Z
C_hit,orig,2f_slru,pread,128,1,1,0.00,100.00,95.50,4625.90,234.05,4391.85,,,4721.40,4487.35,1.51,0.00,62.00,1.52,19459040,2026-09-18T05:16:24Z
C_hit,orig,2f_slru,async,128,1,1,0.00,100.00,101.28,1651.52,238.55,1412.97,,,1752.80,1514.25,1.53,0.00,62.00,1.52,19459816,2026-09-18T05:16:25Z
C_hit,orig,2f_slru,async_win,128,1,1,0.00,100.00,99.06,864.74,227.97,479.98,156.78,29.00,963.80,579.04,1.52,0.00,62.00,1.52,19460112,2026-09-18T05:16:25Z
C_hit,orig,2f_slru,async_bulk,128,1,1,0.00,7.00,469.15,428.62,229.19,43.07,156.35,2.00,897.77,512.22,1.63,37.00,50.00,1.52,19458716,2026-09-18T05:16:25Z
C_hit,orig,leaf_freq_K10,pread,128,1,1,0.00,100.00,588.62,632.78,119.14,513.64,,,1221.40,1102.26,1.66,36.00,54.00,1.52,19458076,2026-09-18T05:16:25Z
C_hit,orig,leaf_freq_K10,async,128,1,1,0.00,100.00,583.00,271.37,196.74,74.63,,,854.37,657.63,1.66,38.00,51.00,1.52,19460044,2026-09-18T05:16:26Z
C_hit,orig,leaf_freq_K10,async_win,128,1,1,0.00,100.00,509.51,262.58,192.48,9.68,60.42,3.00,772.09,519.19,1.64,38.00,51.00,1.52,19460624,2026-09-18T05:16:26Z
C_hit,orig,leaf_freq_K10,async_bulk,128,1,1,0.00,100.00,570.55,269.17,197.53,9.85,61.79,3.00,839.72,580.40,1.66,38.00,51.00,1.52,19460916,2026-09-18T05:16:26Z
C_hit,orig,leaf_rand_K10,pread,128,1,1,0.00,100.00,565.24,1020.01,153.81,866.20,,,1585.25,1431.44,1.64,38.00,51.00,1.52,19461432,2026-09-18T05:16:27Z
C_hit,orig,leaf_rand_K10,async,128,1,1,0.00,100.00,576.03,268.50,193.00,75.49,,,844.53,651.52,1.66,38.00,51.00,1.52,19462272,2026-09-18T05:16:27Z
C_hit,orig,leaf_rand_K10,async_win,128,1,1,0.00,100.00,578.64,265.03,189.92,14.26,60.85,10.00,843.67,592.90,1.66,38.00,51.00,1.52,19463196,2026-09-18T05:16:27Z
C_hit,orig,leaf_rand_K10,async_bulk,128,1,1,0.00,100.00,574.40,262.40,189.28,14.08,59.05,10.00,836.80,588.48,1.66,38.00,51.00,1.55,19464104,2026-09-18T05:16:27Z
C_hit,orig,learned_markov_14,pread,128,1,1,0.00,100.00,501.46,1029.39,153.22,876.17,,,1530.85,1377.63,1.65,37.00,52.00,1.55,19451404,2026-09-18T05:16:28Z
C_hit,orig,learned_markov_14,async,128,1,1,0.00,100.00,564.04,273.46,194.81,78.66,,,837.50,642.70,1.70,39.00,53.00,1.55,19459760,2026-09-18T05:16:28Z
C_hit,orig,learned_markov_14,async_win,128,1,1,0.00,100.00,554.27,267.29,190.66,15.72,60.91,6.00,821.56,569.99,1.66,39.00,53.00,1.55,19460716,2026-09-18T05:16:28Z
C_hit,orig,learned_markov_14,async_bulk,128,1,1,0.00,100.00,564.02,270.16,189.96,17.82,62.38,6.00,834.18,581.84,1.67,39.00,53.00,1.55,19462128,2026-09-18T05:16:28Z
C_hit,orig,learned_markov_28,pread,128,1,1,0.00,100.00,559.59,1171.23,233.21,938.02,,,1730.82,1497.61,1.63,36.00,53.00,1.55,19462968,2026-09-18T05:16:29Z
C_hit,orig,learned_markov_28,async,128,1,1,0.00,100.00,567.80,329.79,230.84,98.95,,,897.59,666.75,1.65,38.00,51.00,1.55,19463456,2026-09-18T05:16:29Z
C_hit,orig,learned_markov_28,async_win,128,1,1,0.00,100.00,507.04,316.73,230.83,24.76,61.13,8.00,823.77,531.80,1.64,38.00,51.00,1.55,19463884,2026-09-18T05:16:29Z
C_hit,orig,learned_markov_28,async_bulk,128,1,1,0.00,100.00,508.45,314.57,224.81,26.83,62.93,8.00,823.02,535.28,1.64,38.00,51.00,1.55,19463752,2026-09-18T05:16:30Z
A,orig,baseline,baseline,128,2,0,0.00,0.00,1072.32,0.00,0.00,0.00,,,1072.32,1072.32,2.14,189.00,265.00,1.55,19464628,2026-09-18T05:16:30Z
B,orig,baseline,baseline,128,2,0,0.00,0.00,915.76,0.00,0.00,0.00,,,915.76,915.76,2.18,187.00,260.00,1.55,19463048,2026-09-18T05:16:30Z
C,orig,baseline,baseline,128,2,0,0.00,0.00,849.80,0.00,0.00,0.00,,,849.80,849.80,1.57,20.00,27.00,1.55,19464496,2026-09-18T05:16:30Z
C_hit,orig,baseline,baseline,128,2,0,0.00,0.00,591.80,0.00,0.00,0.00,,,591.80,591.80,1.65,38.00,51.00,1.55,19465324,2026-09-18T05:16:31Z
A,orig,layers_5,pread,128,2,0,0.00,100.00,996.67,668.05,224.49,443.55,,,1664.72,1440.22,2.12,188.00,268.00,1.55,19466068,2026-09-18T05:16:31Z
A,orig,layers_5,async,128,2,0,0.00,100.00,1000.04,296.95,226.58,70.37,,,1296.99,1070.41,2.15,189.00,268.00,1.55,19466276,2026-09-18T05:16:31Z
A,orig,layers_5,async_win,128,2,0,0.00,100.00,861.51,291.20,222.26,7.34,61.60,2.00,1152.71,868.85,2.08,189.00,268.00,1.55,19467300,2026-09-18T05:16:32Z
A,orig,layers_5,async_bulk,128,2,0,0.00,100.00,1013.62,362.26,289.38,8.63,64.25,2.00,1375.88,1022.25,2.20,189.00,268.00,1.55,19467988,2026-09-18T05:16:32Z
A,orig,layers_92,pread,128,2,0,0.00,100.00,600.01,8286.66,227.05,8059.61,,,8886.67,8659.62,2.16,188.00,273.00,1.51,19468396,2026-09-18T05:16:32Z
A,orig,layers_92,async,128,2,0,0.00,100.00,593.78,429.75,223.78,205.97,,,1023.53,799.75,2.14,189.00,272.00,1.51,19468944,2026-09-18T05:16:33Z
A,orig,layers_92,async_win,128,2,0,0.00,100.00,597.82,398.76,226.06,104.65,68.06,87.00,996.58,702.47,2.17,189.00,272.00,1.51,19457668,2026-09-18T05:16:33Z
A,orig,layers_92,async_bulk,128,2,0,0.00,100.00,592.62,426.69,226.91,131.61,68.18,87.00,1019.31,724.23,2.17,189.00,272.00,1.51,19461976,2026-09-18T05:16:33Z
A,orig,2d,pread,128,2,0,0.00,100.00,591.92,1945.16,225.93,1719.23,,,2537.08,2311.15,2.11,188.00,273.00,1.51,19462636,2026-09-18T05:16:34Z
A,orig,2d,async,128,2,0,0.00,100.00,596.18,314.06,227.46,86.60,,,910.24,682.78,2.16,189.00,272.00,1.51,19466516,2026-09-18T05:16:34Z
A,orig,2d,async_win,128,2,0,0.00,100.00,596.91,309.24,225.32,21.97,61.95,13.00,906.15,618.88,2.14,189.00,272.00,1.51,19466088,2026-09-18T05:16:34Z
A,orig,2d,async_bulk,128,2,0,0.00,100.00,1128.31,310.69,229.07,23.08,58.54,13.00,1439.00,1151.39,2.14,189.00,272.00,1.51,19469644,2026-09-18T05:16:35Z
A,orig,2e_K10,pread,128,2,0,0.00,100.00,589.76,2779.91,224.15,2555.76,,,3369.67,3145.52,2.14,189.00,284.00,1.51,19468820,2026-09-18T05:16:35Z
A,orig,2e_K10,async,128,2,0,0.00,100.00,592.19,326.67,227.03,99.65,,,918.86,691.84,2.13,190.00,283.00,1.51,19467884,2026-09-18T05:16:35Z
A,orig,2e_K10,async_win,128,2,0,0.00,100.00,607.61,330.66,231.19,31.49,67.99,23.00,938.27,639.10,2.19,190.00,283.00,1.51,19468112,2026-09-18T05:16:36Z
A,orig,2e_K10,async_bulk,128,2,0,0.00,100.00,593.36,328.25,226.01,40.05,62.19,23.00,921.61,633.41,2.15,190.00,283.00,1.51,19468788,2026-09-18T05:16:36Z
A,orig,2e_K500,pread,128,2,0,0.00,100.00,182.96,18709.39,225.33,18484.05,,,18892.35,18667.01,1.69,53.00,320.00,1.51,19469944,2026-09-18T05:16:36Z
A,orig,2e_K500,async,128,2,0,0.00,100.00,641.98,1079.80,224.77,855.03,,,1721.78,1497.01,2.15,194.00,395.00,1.51,19470704,2026-09-18T05:16:36Z
A,orig,2e_K500,async_win,128,2,0,0.00,100.00,641.93,1084.22,227.70,765.10,91.42,471.00,1726.15,1407.03,2.10,194.00,395.00,1.51,19470840,2026-09-18T05:16:37Z
A,orig,2e_K500,async_bulk,128,2,0,0.00,99.40,638.41,2084.60,1159.05,554.20,371.35,471.00,2723.01,1192.61,2.10,194.00,396.00,1.51,19471396,2026-09-18T05:16:37Z
A,orig,2f_top14,pread,128,2,0,0.00,100.00,528.84,1501.22,225.09,1276.13,,,2030.06,1804.97,2.16,191.00,271.00,1.47,19472336,2026-09-18T05:16:37Z
A,orig,2f_top14,async,128,2,0,0.00,100.00,598.60,308.48,228.68,79.80,,,907.08,678.40,2.14,191.00,271.00,1.47,19473444,2026-09-18T05:16:38Z
A,orig,2f_top14,async_win,128,2,0,0.00,100.00,610.81,377.80,245.04,19.11,113.65,13.00,988.61,629.92,2.17,191.00,271.00,1.47,19474628,2026-09-18T05:16:38Z
A,orig,2f_top14,async_bulk,128,2,0,0.00,100.00,586.40,307.92,225.69,21.86,60.36,13.00,894.32,608.26,2.11,191.00,271.00,1.47,19456444,2026-09-18T05:16:38Z
A,orig,2f_top28,pread,128,2,0,0.00,100.00,593.95,2543.58,224.57,2319.01,,,3137.53,2912.96,2.12,191.00,290.00,1.47,19455760,2026-09-18T05:16:39Z
A,orig,2f_top28,async,128,2,0,0.00,100.00,529.42,326.94,224.63,102.30,,,856.36,631.72,2.15,191.00,290.00,1.47,19455236,2026-09-18T05:16:39Z
A,orig,2f_top28,async_win,128,2,0,0.00,100.00,593.37,321.85,222.35,36.81,62.69,27.00,915.22,630.18,2.13,191.00,290.00,1.47,19462972,2026-09-18T05:16:39Z
A,orig,2f_top28,async_bulk,128,2,0,0.00,100.00,525.73,324.60,223.14,39.04,62.42,27.00,850.33,564.77,2.09,191.00,290.00,1.47,19477172,2026-09-18T05:16:40Z
A,orig,2f_top100,pread,128,2,0,0.00,100.00,595.68,8927.95,230.01,8697.93,,,9523.63,9293.61,2.12,186.00,315.00,1.47,19477780,2026-09-18T05:16:40Z
A,orig,2f_top100,async,128,2,0,0.00,68.00,563.19,443.74,226.19,217.55,,,1006.93,780.74,2.13,191.00,311.00,1.47,19478836,2026-09-18T05:16:40Z
A,orig,2f_top100,async_win,128,2,0,0.00,84.00,593.18,433.73,237.78,128.26,67.69,98.00,1026.91,721.44,2.15,191.00,310.00,1.47,19479248,2026-09-18T05:16:41Z
A,orig,2f_top100,async_bulk,128,2,0,0.00,100.00,596.83,411.20,226.50,118.73,65.97,98.00,1008.03,715.56,2.11,191.00,310.00,1.47,19480172,2026-09-18T05:16:41Z
A,orig,2f_top500,pread,128,2,0,0.00,100.00,185.78,19207.14,224.81,18982.33,,,19392.92,19168.11,1.69,54.00,322.00,1.47,19482396,2026-09-18T05:16:41Z
A,orig,2f_top500,async,128,2,0,0.00,100.00,571.84,1092.74,224.41,868.33,,,1664.58,1440.17,2.13,193.00,401.00,1.47,19482692,2026-09-18T05:16:42Z
A,orig,2f_top500,async_win,128,2,0,0.00,100.00,575.97,1073.92,224.16,721.97,127.79,460.00,1649.89,1297.94,2.10,193.00,396.00,1.47,19483212,2026-09-18T05:16:42Z
A,orig,2f_top500,async_bulk,128,2,0,0.00,100.00,570.57,1082.20,224.42,728.01,129.77,460.00,1652.77,1298.58,2.11,193.00,395.00,1.47,19484084,2026-09-18T05:16:42Z
A,orig,2f_slru,pread,128,2,0,0.00,100.00,100.17,18304.37,225.82,18078.54,,,18404.54,18178.71,1.54,0.00,278.00,1.59,19486248,2026-09-18T05:16:42Z
A,orig,2f_slru,async,128,2,0,0.00,100.00,102.60,7453.87,226.61,7227.27,,,7556.47,7329.87,1.57,0.00,278.00,1.59,19482176,2026-09-18T05:16:43Z
A,orig,2f_slru,async_win,128,2,0,0.00,83.30,100.27,2557.47,225.23,1916.62,415.61,138.00,2657.74,2016.89,1.56,0.00,278.00,1.59,19481928,2026-09-18T05:16:43Z
A,orig,2f_slru,async_bulk,128,2,0,0.00,1.40,907.24,712.79,225.05,84.04,403.70,2.00,1620.03,991.28,2.10,188.00,263.00,1.59,19488352,2026-09-18T05:16:43Z
A,orig,leaf_freq_K10,pread,128,2,0,0.00,100.00,1019.48,1162.58,221.50,941.08,,,2182.06,1960.56,2.19,188.00,278.00,1.59,19469724,2026-09-18T05:16:44Z
A,orig,leaf_freq_K10,async,128,2,0,0.00,100.00,936.76,300.60,225.25,75.34,,,1237.36,1012.10,2.11,188.00,278.00,1.59,19469936,2026-09-18T05:16:44Z
A,orig,leaf_freq_K10,async_win,128,2,0,0.00,100.00,1006.45,299.04,224.57,13.78,60.69,10.00,1305.49,1020.23,2.12,188.00,278.00,1.59,19476100,2026-09-18T05:16:44Z
A,orig,leaf_freq_K10,async_bulk,128,2,0,0.00,100.00,1012.25,302.09,229.44,15.18,57.47,10.00,1314.34,1027.43,2.16,188.00,278.00,1.59,19478080,2026-09-18T05:16:45Z
A,orig,leaf_rand_K10,pread,128,2,0,0.00,100.00,1014.80,1145.71,224.77,920.94,,,2160.51,1935.74,2.12,189.00,266.00,1.59,19463028,2026-09-18T05:16:45Z
A,orig,leaf_rand_K10,async,128,2,0,0.00,100.00,1019.50,300.46,224.62,75.84,,,1319.96,1095.34,2.13,189.00,266.00,1.59,19465220,2026-09-18T05:16:45Z
A,orig,leaf_rand_K10,async_win,128,2,0,0.00,100.00,1012.05,301.52,223.61,15.76,62.15,10.00,1313.57,1027.81,2.15,189.00,266.00,1.59,19463724,2026-09-18T05:16:46Z
A,orig,leaf_rand_K10,async_bulk,128,2,0,0.00,100.00,1009.21,300.05,223.36,15.45,61.24,10.00,1309.26,1024.66,2.13,189.00,266.00,1.59,19464172,2026-09-18T05:16:46Z
A,orig,learned_markov_14,pread,128,2,0,0.00,100.00,603.21,5183.26,333.40,4849.86,,,5786.47,5453.07,2.11,189.00,273.00,1.59,19465080,2026-09-18T05:16:46Z
A,orig,learned_markov_14,async,128,2,0,0.00,100.00,590.30,308.59,224.73,83.86,,,898.89,674.16,2.17,189.00,273.00,1.59,19466700,2026-09-18T05:16:46Z
A,orig,learned_markov_14,async_win,128,2,0,0.00,100.00,593.86,301.96,223.79,17.30,60.87,13.00,895.82,611.16,2.10,189.00,272.00,1.59,19467984,2026-09-18T05:16:47Z
A,orig,learned_markov_14,async_bulk,128,2,0,0.00,35.70,627.30,807.81,447.22,19.91,340.68,13.00,1435.11,647.21,2.15,189.00,273.00,1.59,19467488,2026-09-18T05:16:47Z
A,orig,learned_markov_28,pread,128,2,0,0.00,100.00,596.62,2668.34,223.55,2444.79,,,3264.96,3041.41,2.10,189.00,276.00,1.54,19469896,2026-09-18T05:16:47Z
A,orig,learned_markov_28,async,128,2,0,0.00,100.00,599.25,328.40,226.52,101.88,,,927.65,701.13,2.12,189.00,275.00,1.54,19470608,2026-09-18T05:16:48Z
A,orig,learned_markov_28,async_win,128,2,0,0.00,100.00,595.72,323.07,225.79,34.28,62.99,26.00,918.79,630.00,2.12,189.00,275.00,1.54,19472364,2026-09-18T05:16:48Z
A,orig,learned_markov_28,async_bulk,128,2,0,0.00,100.00,594.46,328.26,226.55,39.55,62.16,26.00,922.72,634.01,2.13,189.00,275.00,1.54,19473700,2026-09-18T05:16:48Z
B,orig,layers_5,pread,128,2,0,0.00,100.00,914.92,665.64,224.23,441.41,,,1580.56,1356.33,2.19,186.00,260.00,1.54,19457800,2026-09-18T05:16:49Z
B,orig,layers_5,async,128,2,0,0.00,100.00,941.92,289.55,221.94,67.62,,,1231.47,1009.54,2.23,187.00,260.00,1.54,19458972,2026-09-18T05:16:49Z
B,orig,layers_5,async_win,128,2,0,0.00,100.00,780.68,289.87,221.35,7.96,60.55,2.00,1070.55,788.64,2.14,187.00,260.00,1.54,19463224,2026-09-18T05:16:49Z
B,orig,layers_5,async_bulk,128,2,0,0.00,0.00,913.03,1479.95,1130.42,8.79,340.74,2.00,2392.98,921.82,2.14,187.00,260.00,1.54,19463884,2026-09-18T05:16:50Z
B,orig,layers_92,pread,128,2,0,0.00,100.00,524.53,8207.47,227.89,7979.58,,,8732.00,8504.11,2.19,186.00,267.00,1.54,19463672,2026-09-18T05:16:50Z
B,orig,layers_92,async,128,2,0,0.00,100.00,526.94,424.26,223.87,200.39,,,951.20,727.33,2.17,187.00,266.00,1.54,19466288,2026-09-18T05:16:50Z
B,orig,layers_92,async_win,128,2,0,0.00,100.00,646.87,418.86,228.03,119.15,71.67,87.00,1065.73,766.02,2.17,187.00,266.00,1.54,19466760,2026-09-18T05:16:51Z
B,orig,layers_92,async_bulk,128,2,0,0.00,100.00,526.75,425.71,223.52,136.76,65.43,87.00,952.46,663.51,2.20,187.00,266.00,1.54,19467436,2026-09-18T05:16:51Z
B,orig,2d,pread,128,2,0,0.00,100.00,523.56,1910.76,224.05,1686.71,,,2434.32,2210.27,2.15,186.00,267.00,1.54,19469012,2026-09-18T05:16:51Z
B,orig,2d,async,128,2,0,0.00,100.00,528.40,310.69,224.88,85.81,,,839.09,614.21,2.22,187.00,266.00,1.54,19466500,2026-09-18T05:16:52Z
B,orig,2d,async_win,128,2,0,0.00,100.00,525.38,308.43,224.81,21.97,61.65,13.00,833.81,547.35,2.20,187.00,266.00,1.54,19466616,2026-09-18T05:16:52Z
B,orig,2d,async_bulk,128,2,0,0.00,100.00,527.11,310.88,226.81,22.17,61.91,13.00,837.99,549.28,2.17,187.00,266.00,1.50,19468956,2026-09-18T05:16:52Z
B,orig,2e_K10,pread,128,2,0,0.00,100.00,526.56,2832.32,226.63,2605.70,,,3358.88,3132.26,2.18,187.00,267.00,1.50,19468436,2026-09-18T05:16:53Z
B,orig,2e_K10,async,128,2,0,0.00,100.00,525.61,327.41,222.93,104.48,,,853.02,630.09,2.18,188.00,267.00,1.50,19469104,2026-09-18T05:16:53Z
B,orig,2e_K10,async_win,128,2,0,0.00,100.00,458.81,348.25,224.25,61.65,62.36,23.00,807.06,520.46,2.17,188.00,267.00,1.50,19471660,2026-09-18T05:16:53Z
B,orig,2e_K10,async_bulk,128,2,0,0.00,100.00,526.57,320.64,225.58,33.11,61.95,23.00,847.21,559.68,2.20,188.00,267.00,1.50,19471128,2026-09-18T05:16:54Z
B,orig,2e_K500,pread,128,2,0,0.00,100.00,195.07,18884.13,226.79,18657.35,,,19079.20,18852.42,1.81,73.00,312.00,1.50,19459708,2026-09-18T05:16:54Z
B,orig,2e_K500,async,128,2,0,0.00,100.00,182.10,1089.61,225.18,864.42,,,1271.71,1046.52,2.22,187.00,320.00,1.50,19469512,2026-09-18T05:16:54Z
B,orig,2e_K500,async_win,128,2,0,0.00,100.00,181.36,993.08,226.44,677.28,89.35,461.00,1174.44,858.64,2.15,187.00,314.00,1.50,19471280,2026-09-18T05:16:55Z
B,orig,2e_K500,async_bulk,128,2,0,0.00,100.00,182.03,1074.19,221.34,755.49,97.36,461.00,1256.22,937.52,2.14,187.00,314.00,1.50,19472180,2026-09-18T05:16:55Z
B,orig,2f_top14,pread,128,2,0,0.00,100.00,558.32,1398.68,234.25,1164.43,,,1957.00,1722.75,2.24,188.00,265.00,1.50,19473020,2026-09-18T05:16:55Z
B,orig,2f_top14,async,128,2,0,0.00,100.00,522.92,304.80,223.71,81.09,,,827.72,604.01,2.16,188.00,266.00,1.50,19474972,2026-09-18T05:16:56Z
B,orig,2f_top14,async_win,128,2,0,0.00,100.00,530.38,307.25,224.41,20.72,62.12,13.00,837.63,551.10,2.16,188.00,266.00,1.50,19474912,2026-09-18T05:16:56Z
B,orig,2f_top14,async_bulk,128,2,0,0.00,100.00,532.44,308.90,226.47,20.02,62.41,13.00,841.34,552.46,2.24,188.00,266.00,1.50,19474832,2026-09-18T05:16:56Z
B,orig,2f_top28,pread,128,2,0,0.00,100.00,528.91,2655.10,222.84,2432.26,,,3184.01,2961.17,2.17,188.00,267.00,1.50,19475312,2026-09-18T05:16:56Z
B,orig,2f_top28,async,128,2,0,0.00,100.00,528.05,326.95,223.90,103.05,,,855.00,631.10,2.16,188.00,268.00,1.50,19476164,2026-09-18T05:16:57Z
B,orig,2f_top28,async_win,128,2,0,0.00,100.00,528.26,330.68,229.06,38.62,63.00,27.00,858.94,566.88,2.18,188.00,267.00,1.50,19475872,2026-09-18T05:16:57Z
B,orig,2f_top28,async_bulk,128,2,0,0.00,100.00,532.77,324.87,223.70,39.62,61.55,27.00,857.64,572.39,2.17,188.00,268.00,1.46,19476868,2026-09-18T05:16:57Z
B,orig,2f_top100,pread,128,2,0,0.00,100.00,530.10,8754.40,226.91,8527.49,,,9284.50,9057.59,2.17,187.00,272.00,1.46,19477760,2026-09-18T05:16:58Z
B,orig,2f_top100,async,128,2,0,0.00,100.00,461.32,418.75,223.16,195.59,,,880.07,656.91,2.16,187.00,272.00,1.46,19478980,2026-09-18T05:16:58Z
B,orig,2f_top100,async_win,128,2,0,0.00,100.00,535.25,423.98,226.25,131.09,66.65,97.00,959.23,666.34,2.17,187.00,273.00,1.46,19478780,2026-09-18T05:16:58Z
B,orig,2f_top100,async_bulk,128,2,0,0.00,100.00,1480.51,410.14,229.20,112.56,68.38,97.00,1890.65,1593.07,2.19,187.00,272.00,1.46,19479956,2026-09-18T05:16:59Z
B,orig,2f_top500,pread,128,2,0,0.00,100.00,179.81,18510.54,223.41,18287.13,,,18690.35,18466.94,1.80,74.00,316.00,1.46,19478940,2026-09-18T05:16:59Z
B,orig,2f_top500,async,128,2,0,0.00,100.00,181.88,1034.34,226.03,808.30,,,1216.22,990.18,2.17,187.00,313.00,1.46,19472072,2026-09-18T05:16:59Z
B,orig,2f_top500,async_win,128,2,0,0.00,100.00,190.04,1087.28,243.59,697.83,145.86,448.00,1277.32,887.87,2.20,187.00,316.00,1.46,19473364,2026-09-18T05:17:00Z
B,orig,2f_top500,async_bulk,128,2,0,0.00,100.00,184.74,1027.34,224.64,713.53,89.17,448.00,1212.08,898.27,2.20,187.00,313.00,1.46,19481344,2026-09-18T05:17:00Z
B,orig,2f_slru,pread,128,2,0,0.00,100.00,99.14,17999.71,224.96,17774.75,,,18098.85,17873.89,1.56,0.00,278.00,1.46,19483292,2026-09-18T05:17:00Z
B,orig,2f_slru,async,128,2,0,0.00,100.00,97.79,7459.52,222.30,7237.22,,,7557.31,7335.01,1.60,0.00,278.00,1.46,19480240,2026-09-18T05:17:01Z
B,orig,2f_slru,async_win,128,2,0,0.00,84.80,97.29,2660.18,225.34,2022.68,412.15,139.00,2757.47,2119.97,1.59,0.00,278.00,1.46,19481100,2026-09-18T05:17:01Z
B,orig,2f_slru,async_bulk,128,2,0,0.00,2.20,849.92,730.03,225.57,94.44,410.02,3.00,1579.95,944.36,2.15,184.00,259.00,1.46,19485124,2026-09-18T05:17:01Z
B,orig,leaf_freq_K10,pread,128,2,0,0.00,100.00,923.61,1068.57,223.81,844.76,,,1992.18,1768.37,2.17,187.00,260.00,1.46,19486908,2026-09-18T05:17:01Z
B,orig,leaf_freq_K10,async,128,2,0,0.00,100.00,812.24,304.78,230.86,73.92,,,1117.02,886.16,2.14,187.00,260.00,1.46,19486940,2026-09-18T05:17:02Z
B,orig,leaf_freq_K10,async_win,128,2,0,0.00,100.00,919.31,300.73,225.12,14.22,61.39,10.00,1220.04,933.53,2.18,187.00,260.00,1.46,19487648,2026-09-18T05:17:02Z
B,orig,leaf_freq_K10,async_bulk,128,2,0,0.00,100.00,919.50,298.29,222.66,14.81,60.82,10.00,1217.79,934.31,2.15,187.00,260.00,1.42,19489424,2026-09-18T05:17:02Z
B,orig,leaf_rand_K10,pread,128,2,0,0.00,100.00,926.96,1123.67,223.88,899.79,,,2050.63,1826.75,2.25,188.00,261.00,1.42,19490240,2026-09-18T05:17:03Z
B,orig,leaf_rand_K10,async,128,2,0,0.00,100.00,918.33,302.18,226.16,76.01,,,1220.51,994.34,2.21,188.00,261.00,1.42,19491412,2026-09-18T05:17:03Z
B,orig,leaf_rand_K10,async_win,128,2,0,0.00,100.00,881.77,303.34,226.43,15.32,61.60,10.00,1185.11,897.09,2.15,188.00,261.00,1.42,19491904,2026-09-18T05:17:03Z
B,orig,leaf_rand_K10,async_bulk,128,2,0,0.00,100.00,877.24,302.13,223.33,17.48,61.31,10.00,1179.37,894.72,2.22,188.00,261.00,1.42,19490740,2026-09-18T05:17:04Z
B,orig,learned_markov_14,pread,128,2,0,0.00,100.00,529.30,1421.60,223.49,1198.11,,,1950.90,1727.41,2.19,187.00,265.00,1.42,19492024,2026-09-18T05:17:04Z
B,orig,learned_markov_14,async,128,2,0,0.00,100.00,463.17,307.39,226.04,81.34,,,770.56,544.51,2.18,187.00,265.00,1.42,19482136,2026-09-18T05:17:04Z
B,orig,learned_markov_14,async_win,128,2,0,0.00,100.00,525.07,302.26,222.79,19.36,60.11,13.00,827.33,544.43,2.21,187.00,264.00,1.42,19475580,2026-09-18T05:17:05Z
B,orig,learned_markov_14,async_bulk,128,2,0,0.00,100.00,524.10,304.14,224.16,18.92,61.06,13.00,828.24,543.02,2.16,187.00,265.00,1.42,19476192,2026-09-18T05:17:05Z
B,orig,learned_markov_28,pread,128,2,0,0.00,100.00,462.36,2441.94,224.66,2217.28,,,2904.30,2679.64,2.16,187.00,265.00,1.42,19462620,2026-09-18T05:17:05Z
B,orig,learned_markov_28,async,128,2,0,0.00,100.00,525.18,324.17,223.45,100.72,,,849.35,625.90,2.15,187.00,265.00,1.42,19462640,2026-09-18T05:17:06Z
B,orig,learned_markov_28,async_win,128,2,0,0.00,100.00,464.25,330.21,226.62,41.46,62.14,27.00,794.46,505.71,2.14,187.00,265.00,1.42,19464040,2026-09-18T05:17:06Z
B,orig,learned_markov_28,async_bulk,128,2,0,0.00,100.00,528.69,325.90,228.00,34.35,63.55,27.00,854.59,563.04,2.17,187.00,265.00,1.42,19464956,2026-09-18T05:17:06Z
C,orig,layers_5,pread,128,2,0,0.00,100.00,814.71,660.79,223.29,437.50,,,1475.50,1252.21,1.59,20.00,27.00,1.42,19460232,2026-09-18T05:17:07Z
C,orig,layers_5,async,128,2,0,0.00,100.00,793.65,295.66,226.10,69.55,,,1089.31,863.20,1.56,20.00,27.00,1.42,19461828,2026-09-18T05:17:07Z
C,orig,layers_5,async_win,128,2,0,0.00,100.00,822.64,293.89,223.96,7.49,62.44,2.00,1116.53,830.13,1.57,20.00,27.00,1.42,19460932,2026-09-18T05:17:07Z
C,orig,layers_5,async_bulk,128,2,0,0.00,100.00,850.43,294.02,225.65,7.64,60.72,2.00,1144.45,858.07,1.57,20.00,27.00,1.39,19463496,2026-09-18T05:17:07Z
C,orig,layers_92,pread,128,2,0,0.00,100.00,473.18,8124.35,225.37,7898.97,,,8597.53,8372.15,1.57,18.00,30.00,1.39,19462672,2026-09-18T05:17:08Z
C,orig,layers_92,async,128,2,0,0.00,100.00,474.50,438.84,224.71,214.12,,,913.34,688.62,1.59,18.00,30.00,1.39,19464272,2026-09-18T05:17:08Z
C,orig,layers_92,async_win,128,2,0,0.00,100.00,472.12,405.84,224.68,114.58,66.59,87.00,877.96,586.70,1.55,18.00,30.00,1.39,19465220,2026-09-18T05:17:08Z
C,orig,layers_92,async_bulk,128,2,0,0.00,100.00,470.31,417.76,223.32,128.78,65.65,87.00,888.07,599.09,1.56,18.00,30.00,1.39,19465004,2026-09-18T05:17:08Z
C,orig,2d,pread,128,2,0,0.00,100.00,441.12,572.87,222.99,349.88,,,1013.99,791.00,1.57,18.00,30.00,1.39,19466848,2026-09-18T05:17:09Z
C,orig,2d,async,128,2,0,0.00,100.00,471.27,292.82,224.41,68.41,,,764.09,539.68,1.57,18.00,30.00,1.39,19466056,2026-09-18T05:17:09Z
C,orig,2d,async_win,128,2,0,0.00,100.00,438.81,290.11,221.20,7.56,61.34,2.00,728.92,446.37,1.57,18.00,30.00,1.39,19468400,2026-09-18T05:17:09Z
C,orig,2d,async_bulk,128,2,0,0.00,100.00,442.88,294.16,225.38,6.88,61.90,2.00,737.04,449.76,1.56,18.00,30.00,1.39,19468404,2026-09-18T05:17:09Z
C,orig,2e_K10,pread,128,2,0,0.00,100.00,177.12,1372.27,225.05,1147.22,,,1549.39,1324.34,1.59,17.00,33.00,1.39,19446404,2026-09-18T05:17:10Z
C,orig,2e_K10,async,128,2,0,0.00,100.00,180.61,302.16,223.23,78.93,,,482.77,259.54,1.57,17.00,32.00,1.39,19448160,2026-09-18T05:17:10Z
C,orig,2e_K10,async_win,128,2,0,0.00,100.00,176.42,304.00,224.82,16.99,62.19,8.00,480.42,193.41,1.56,17.00,32.00,1.39,19450104,2026-09-18T05:17:10Z
C,orig,2e_K10,async_bulk,128,2,0,0.00,100.00,179.56,301.19,222.14,17.40,61.65,8.00,480.75,196.96,1.55,17.00,32.00,1.39,19450116,2026-09-18T05:17:11Z
C,orig,2e_K500,pread,128,2,0,0.00,100.00,180.22,2607.47,224.94,2382.53,,,2787.69,2562.75,1.51,0.00,37.00,1.39,19450068,2026-09-18T05:17:11Z
C,orig,2e_K500,async,128,2,0,0.00,69.20,182.79,708.28,222.36,485.92,,,891.07,668.71,1.53,0.00,37.00,1.39,19450012,2026-09-18T05:17:11Z
C,orig,2e_K500,async_win,128,2,0,0.00,42.30,180.94,528.19,227.16,217.32,83.72,90.00,709.13,398.26,1.51,0.00,37.00,1.39,19456472,2026-09-18T05:17:11Z
C,orig,2e_K500,async_bulk,128,2,0,0.00,100.00,181.58,543.49,225.35,232.90,85.24,90.00,725.07,414.48,1.51,0.00,37.00,1.39,19461524,2026-09-18T05:17:12Z
C,orig,2f_top14,pread,128,2,0,0.00,100.00,178.68,1327.22,222.64,1104.59,,,1505.90,1283.27,1.55,16.00,34.00,1.39,19461836,2026-09-18T05:17:12Z
C,orig,2f_top14,async,128,2,0,0.00,100.00,178.84,306.75,225.85,80.89,,,485.59,259.73,1.57,17.00,32.00,1.39,19464504,2026-09-18T05:17:12Z
C,orig,2f_top14,async_win,128,2,0,0.00,100.00,183.85,304.70,224.96,17.01,62.73,9.00,488.55,200.86,1.56,17.00,32.00,1.36,19464960,2026-09-18T05:17:12Z
C,orig,2f_top14,async_bulk,128,2,0,0.00,100.00,177.30,309.23,226.18,18.49,64.56,9.00,486.53,195.79,1.57,17.00,32.00,1.36,19462640,2026-09-18T05:17:13Z
C,orig,2f_top28,pread,128,2,0,0.00,100.00,255.65,1317.15,236.50,1080.65,,,1572.80,1336.30,1.58,15.00,33.00,1.36,19463880,2026-09-18T05:17:13Z
C,orig,2f_top28,async,128,2,0,0.00,100.00,182.06,331.96,229.24,102.72,,,514.02,284.78,1.57,16.00,33.00,1.36,19465052,2026-09-18T05:17:13Z
C,orig,2f_top28,async_win,128,2,0,0.00,100.00,179.74,313.97,224.15,26.58,63.24,13.00,493.71,206.32,1.56,16.00,33.00,1.36,19465300,2026-09-18T05:17:13Z
C,orig,2f_top28,async_bulk,128,2,0,0.00,100.00,185.02,318.50,224.09,30.90,63.51,13.00,503.52,215.92,1.56,16.00,33.00,1.36,19465132,2026-09-18T05:17:14Z
C,orig,2f_top100,pread,128,2,0,0.00,100.00,177.42,1321.87,223.89,1097.97,,,1499.29,1275.39,1.54,11.00,33.00,1.36,19464324,2026-09-18T05:17:14Z
C,orig,2f_top100,async,128,2,0,0.00,100.00,182.88,416.32,226.56,189.77,,,599.20,372.65,1.55,14.00,33.00,1.36,19465164,2026-09-18T05:17:14Z
C,orig,2f_top100,async_win,128,2,0,0.00,100.00,182.03,358.34,222.04,70.02,66.28,32.00,540.37,252.05,1.55,14.00,33.00,1.36,19464844,2026-09-18T05:17:14Z
C,orig,2f_top100,async_bulk,128,2,0,0.00,80.00,180.57,389.96,233.48,84.96,71.52,32.00,570.53,265.53,1.55,14.00,33.00,1.36,19466452,2026-09-18T05:17:15Z
C,orig,2f_top500,pread,128,2,0,0.00,100.00,93.02,3023.55,224.34,2799.21,,,3116.57,2892.23,1.50,0.00,37.00,1.36,19455012,2026-09-18T05:17:15Z
C,orig,2f_top500,async,128,2,0,0.00,100.00,178.25,1020.78,223.67,797.11,,,1199.03,975.36,1.52,0.00,37.00,1.36,19457620,2026-09-18T05:17:15Z
C,orig,2f_top500,async_win,128,2,0,0.00,100.00,94.48,527.14,223.81,212.99,90.34,15.00,621.62,307.47,1.52,0.00,37.00,1.36,19463100,2026-09-18T05:17:15Z
C,orig,2f_top500,async_bulk,128,2,0,0.00,13.40,727.35,356.95,224.87,40.54,91.54,2.00,1084.30,767.89,1.57,19.00,29.00,1.36,19462580,2026-09-18T05:17:16Z
C,orig,2f_slru,pread,128,2,0,0.00,100.00,92.02,2970.36,224.67,2745.69,,,3062.38,2837.71,1.51,0.00,37.00,1.36,19465556,2026-09-18T05:17:16Z
C,orig,2f_slru,async,128,2,0,0.00,100.00,97.38,1016.35,223.24,793.11,,,1113.73,890.49,1.51,0.00,37.00,1.36,19467296,2026-09-18T05:17:16Z
C,orig,2f_slru,async_win,128,2,0,0.00,100.00,94.05,530.17,226.10,214.61,89.45,15.00,624.22,308.66,1.51,0.00,37.00,1.36,19468132,2026-09-18T05:17:16Z
C,orig,2f_slru,async_bulk,128,2,0,0.00,13.40,734.94,356.59,224.72,42.47,89.40,2.00,1091.53,777.41,1.56,19.00,29.00,1.36,19467196,2026-09-18T05:17:17Z
C,orig,leaf_freq_K10,pread,128,2,0,0.00,100.00,673.10,926.57,223.92,702.65,,,1599.67,1375.75,1.58,19.00,30.00,1.36,19467888,2026-09-18T05:17:17Z
C,orig,leaf_freq_K10,async,128,2,0,0.00,100.00,678.70,300.24,225.84,74.40,,,978.94,753.10,1.57,19.00,29.00,1.33,19468380,2026-09-18T05:17:17Z
C,orig,leaf_freq_K10,async_win,128,2,0,0.00,100.00,575.61,299.54,224.83,12.65,62.06,6.00,875.15,588.26,1.57,19.00,29.00,1.33,19468400,2026-09-18T05:17:18Z
C,orig,leaf_freq_K10,async_bulk,128,2,0,0.00,100.00,573.45,299.06,225.06,12.61,61.38,6.00,872.51,586.06,1.58,19.00,29.00,1.33,19469444,2026-09-18T05:17:18Z
C,orig,leaf_rand_K10,pread,128,2,0,0.00,100.00,794.64,1001.79,223.78,778.01,,,1796.43,1572.65,1.57,20.00,27.00,1.33,19471024,2026-09-18T05:17:18Z
C,orig,leaf_rand_K10,async,128,2,0,0.00,100.00,838.71,301.10,225.19,75.90,,,1139.81,914.61,1.56,20.00,27.00,1.33,19471316,2026-09-18T05:17:18Z
C,orig,leaf_rand_K10,async_win,128,2,0,0.00,100.00,836.69,301.65,223.98,16.76,60.90,10.00,1138.34,853.45,1.60,20.00,27.00,1.33,19471292,2026-09-18T05:17:19Z
C,orig,leaf_rand_K10,async_bulk,128,2,0,0.00,100.00,804.13,303.42,227.36,15.27,60.79,10.00,1107.55,819.40,1.56,20.00,27.00,1.33,19472548,2026-09-18T05:17:19Z
C,orig,learned_markov_14,pread,128,2,0,0.00,100.00,177.65,1331.41,225.87,1105.55,,,1509.06,1283.20,1.56,16.00,34.00,1.33,19472164,2026-09-18T05:17:19Z
C,orig,learned_markov_14,async,128,2,0,0.00,100.00,181.28,301.75,223.15,78.60,,,483.03,259.88,1.55,17.00,32.00,1.33,19474304,2026-09-18T05:17:19Z
C,orig,learned_markov_14,async_win,128,2,0,0.00,100.00,182.96,297.53,221.90,14.88,60.75,9.00,480.49,197.84,1.55,17.00,32.00,1.33,19474500,2026-09-18T05:17:20Z
C,orig,learned_markov_14,async_bulk,128,2,0,0.00,100.00,179.21,301.75,222.61,17.52,61.62,9.00,480.96,196.73,1.56,17.00,32.00,1.33,19474728,2026-09-18T05:17:20Z
C,orig,learned_markov_28,pread,128,2,0,0.00,100.00,183.60,1331.17,224.27,1106.90,,,1514.77,1290.50,1.56,15.00,33.00,1.33,19452012,2026-09-18T05:17:20Z
C,orig,learned_markov_28,async,128,2,0,0.00,100.00,179.75,327.40,225.94,101.46,,,507.15,281.21,1.57,16.00,33.00,1.33,19464424,2026-09-18T05:17:20Z
C,orig,learned_markov_28,async_win,128,2,0,0.00,100.00,180.69,317.60,225.24,29.27,63.08,13.00,498.29,209.96,1.57,16.00,33.00,1.33,19465692,2026-09-18T05:17:21Z
C,orig,learned_markov_28,async_bulk,128,2,0,0.00,100.00,178.04,319.19,225.36,31.28,62.55,13.00,497.23,209.32,1.57,16.00,33.00,1.33,19465908,2026-09-18T05:17:21Z
C_hit,orig,layers_5,pread,128,2,0,0.00,100.00,556.95,670.35,223.58,446.77,,,1227.30,1003.72,1.67,38.00,51.00,1.33,19469676,2026-09-18T05:17:21Z
C_hit,orig,layers_5,async,128,2,0,0.00,100.00,560.70,291.95,224.05,67.90,,,852.65,628.60,1.66,38.00,51.00,1.33,19469540,2026-09-18T05:17:21Z
C_hit,orig,layers_5,async_win,128,2,0,0.00,100.00,565.22,291.90,224.71,7.29,59.89,2.00,857.12,572.51,1.65,38.00,51.00,1.33,19470996,2026-09-18T05:17:22Z
C_hit,orig,layers_5,async_bulk,128,2,0,0.00,100.00,496.25,293.82,225.66,7.30,60.86,2.00,790.07,503.55,1.65,38.00,51.00,1.33,19471668,2026-09-18T05:17:22Z
C_hit,orig,layers_92,pread,128,2,0,0.00,100.00,565.04,8239.42,224.73,8014.69,,,8804.46,8579.73,1.65,39.00,53.00,1.30,19475560,2026-09-18T05:17:22Z
C_hit,orig,layers_92,async,128,2,0,0.00,100.00,556.99,425.69,226.00,199.70,,,982.68,756.69,1.66,39.00,53.00,1.30,19475660,2026-09-18T05:17:23Z
C_hit,orig,layers_92,async_win,128,2,0,0.00,100.00,563.09,411.17,226.40,113.21,71.56,87.00,974.26,676.30,1.69,39.00,53.00,1.30,19475880,2026-09-18T05:17:23Z
C_hit,orig,layers_92,async_bulk,128,2,0,0.00,100.00,502.62,409.28,224.61,119.37,65.29,87.00,911.90,621.99,1.64,39.00,53.00,1.30,19477040,2026-09-18T05:17:23Z
C_hit,orig,2d,pread,128,2,0,0.00,100.00,555.27,615.03,183.47,431.55,,,1170.30,986.82,1.65,39.00,53.00,1.30,19479864,2026-09-18T05:17:23Z
C_hit,orig,2d,async,128,2,0,0.00,100.00,563.16,249.52,180.78,68.74,,,812.68,631.90,1.67,39.00,53.00,1.30,19483732,2026-09-18T05:17:24Z
C_hit,orig,2d,async_win,128,2,0,0.00,100.00,561.48,259.02,189.29,8.12,61.61,3.00,820.50,569.60,1.65,39.00,53.00,1.30,19483676,2026-09-18T05:17:24Z
C_hit,orig,2d,async_bulk,128,2,0,0.00,100.00,562.61,260.45,192.08,7.79,60.57,3.00,823.06,570.40,1.66,39.00,53.00,1.30,19484420,2026-09-18T05:17:24Z
C_hit,orig,2e_K10,pread,128,2,0,0.00,100.00,566.33,1162.57,181.35,981.21,,,1728.90,1547.54,1.64,37.00,52.00,1.30,19485856,2026-09-18T05:17:24Z
C_hit,orig,2e_K10,async,128,2,0,0.00,100.00,502.38,267.43,186.78,80.65,,,769.81,583.03,1.65,39.00,53.00,1.30,19485848,2026-09-18T05:17:25Z
C_hit,orig,2e_K10,async_win,128,2,0,0.00,100.00,560.04,263.67,185.81,15.77,62.09,6.00,823.71,575.81,1.64,39.00,53.00,1.30,19486128,2026-09-18T05:17:25Z
C_hit,orig,2e_K10,async_bulk,128,2,0,0.00,100.00,562.36,260.57,183.93,15.28,61.37,6.00,822.93,577.64,1.64,39.00,53.00,1.30,19487756,2026-09-18T05:17:25Z
C_hit,orig,2e_K500,pread,128,2,0,0.00,100.00,175.92,3274.84,178.98,3095.86,,,3450.76,3271.78,1.56,9.00,61.00,1.30,19477756,2026-09-18T05:17:26Z
C_hit,orig,2e_K500,async,128,2,0,0.00,58.40,184.20,914.90,187.09,727.81,,,1099.10,912.01,1.58,9.00,61.00,1.30,19480796,2026-09-18T05:17:26Z
C_hit,orig,2e_K500,async_win,128,2,0,0.00,44.60,185.88,736.31,189.01,419.42,127.88,139.00,922.19,605.30,1.56,9.00,61.00,1.30,19468312,2026-09-18T05:17:26Z
C_hit,orig,2e_K500,async_bulk,128,2,0,0.00,32.90,182.13,661.51,185.02,348.26,128.23,139.00,843.64,530.39,1.57,9.00,61.00,1.30,19470544,2026-09-18T05:17:26Z
C_hit,orig,2f_top14,pread,128,2,0,0.00,100.00,566.59,1048.90,184.62,864.28,,,1615.49,1430.87,1.64,37.00,52.00,1.30,19470936,2026-09-18T05:17:27Z
C_hit,orig,2f_top14,async,128,2,0,0.00,100.00,568.88,261.91,184.48,77.44,,,830.79,646.32,1.66,39.00,53.00,1.30,19472932,2026-09-18T05:17:27Z
C_hit,orig,2f_top14,async_win,128,2,0,0.00,100.00,562.11,263.25,185.15,16.17,61.93,6.00,825.36,578.28,1.67,39.00,53.00,1.30,19475140,2026-09-18T05:17:27Z
C_hit,orig,2f_top14,async_bulk,128,2,0,0.00,100.00,558.88,259.86,183.05,14.56,62.25,6.00,818.74,573.44,1.65,39.00,53.00,1.28,19476556,2026-09-18T05:17:27Z
C_hit,orig,2f_top28,pread,128,2,0,0.00,100.00,570.31,1070.36,182.00,888.36,,,1640.67,1458.67,1.65,36.00,53.00,1.28,19477168,2026-09-18T05:17:28Z
C_hit,orig,2f_top28,async,128,2,0,0.00,100.00,562.77,281.00,184.02,96.98,,,843.77,659.75,1.65,38.00,51.00,1.28,19481844,2026-09-18T05:17:28Z
C_hit,orig,2f_top28,async_win,128,2,0,0.00,100.00,557.59,273.06,181.69,30.22,61.16,8.00,830.65,587.81,1.65,38.00,51.00,1.28,19482004,2026-09-18T05:17:28Z
C_hit,orig,2f_top28,async_bulk,128,2,0,0.00,100.00,573.46,273.09,185.07,21.02,67.01,8.00,846.55,594.48,1.64,38.00,51.00,1.28,19485708,2026-09-18T05:17:28Z
C_hit,orig,2f_top100,pread,128,2,0,0.00,100.00,509.61,1354.01,187.88,1166.12,,,1863.62,1675.73,1.62,31.00,54.00,1.28,19485708,2026-09-18T05:17:29Z
C_hit,orig,2f_top100,async,128,2,0,0.00,100.00,555.55,362.86,183.69,179.18,,,918.41,734.73,1.66,33.00,53.00,1.28,19485244,2026-09-18T05:17:29Z
C_hit,orig,2f_top100,async_win,128,2,0,0.00,100.00,526.58,323.95,186.06,71.64,66.24,28.00,850.53,598.22,1.63,33.00,53.00,1.28,19486500,2026-09-18T05:17:29Z
C_hit,orig,2f_top100,async_bulk,128,2,0,0.00,100.00,522.25,330.60,184.71,80.48,65.41,28.00,852.85,602.73,1.65,33.00,53.00,1.28,19486060,2026-09-18T05:17:30Z
C_hit,orig,2f_top500,pread,128,2,0,0.00,100.00,181.45,3272.14,182.76,3089.38,,,3453.59,3270.83,1.53,9.00,61.00,1.28,19487528,2026-09-18T05:17:30Z
C_hit,orig,2f_top500,async,128,2,0,0.00,54.40,185.67,914.83,183.51,731.32,,,1100.50,916.99,1.57,10.00,61.00,1.28,19486560,2026-09-18T05:17:30Z
C_hit,orig,2f_top500,async_win,128,2,0,0.00,32.60,182.46,612.37,184.62,337.99,89.77,138.00,794.83,520.45,1.56,10.00,61.00,1.28,19487868,2026-09-18T05:17:30Z
C_hit,orig,2f_top500,async_bulk,128,2,0,0.00,39.00,184.95,660.67,185.06,384.13,91.48,138.00,845.62,569.08,1.58,10.00,61.00,1.28,19469276,2026-09-18T05:17:31Z
C_hit,orig,2f_slru,pread,128,2,0,0.00,100.00,98.50,4738.30,185.27,4553.03,,,4836.80,4651.53,1.51,0.00,62.00,1.28,19480172,2026-09-18T05:17:31Z
C_hit,orig,2f_slru,async,128,2,0,0.00,100.00,96.31,1623.68,183.53,1440.16,,,1719.99,1536.47,1.53,0.00,62.00,1.28,19481840,2026-09-18T05:17:31Z
C_hit,orig,2f_slru,async_win,128,2,0,0.00,100.00,97.74,736.89,185.16,395.68,156.05,29.00,834.63,493.42,1.53,0.00,62.00,1.28,19482644,2026-09-18T05:17:31Z
C_hit,orig,2f_slru,async_bulk,128,2,0,0.00,7.00,470.28,388.33,184.56,47.18,156.59,2.00,858.61,517.46,1.64,37.00,50.00,1.28,19482476,2026-09-18T05:17:32Z
C_hit,orig,leaf_freq_K10,pread,128,2,0,0.00,100.00,566.07,769.85,183.71,586.14,,,1335.92,1152.21,1.64,36.00,54.00,1.28,19480236,2026-09-18T05:17:32Z
C_hit,orig,leaf_freq_K10,async,128,2,0,0.00,100.00,596.09,256.40,182.41,73.99,,,852.49,670.08,1.66,38.00,51.00,1.26,19482032,2026-09-18T05:17:32Z
C_hit,orig,leaf_freq_K10,async_win,128,2,0,0.00,100.00,574.25,253.92,181.65,11.44,60.83,3.00,828.17,585.69,1.65,38.00,51.00,1.26,19482860,2026-09-18T05:17:32Z
C_hit,orig,leaf_freq_K10,async_bulk,128,2,0,0.00,100.00,575.31,260.49,188.63,10.66,61.20,3.00,835.80,585.97,1.63,38.00,51.00,1.26,19481500,2026-09-18T05:17:33Z
C_hit,orig,leaf_rand_K10,pread,128,2,0,0.00,100.00,726.09,1055.79,187.18,868.60,,,1781.88,1594.69,1.66,38.00,51.00,1.26,19482472,2026-09-18T05:17:33Z
C_hit,orig,leaf_rand_K10,async,128,2,0,0.00,100.00,576.57,258.70,183.50,75.20,,,835.27,651.77,1.65,38.00,51.00,1.26,19482440,2026-09-18T05:17:33Z
C_hit,orig,leaf_rand_K10,async_win,128,2,0,0.00,100.00,573.46,268.13,186.65,14.43,67.06,10.00,841.59,587.89,1.67,38.00,51.00,1.26,19482316,2026-09-18T05:17:34Z
C_hit,orig,leaf_rand_K10,async_bulk,128,2,0,0.00,100.00,567.38,261.08,185.01,15.05,61.02,10.00,828.46,582.43,1.68,38.00,51.00,1.26,19483300,2026-09-18T05:17:34Z
C_hit,orig,learned_markov_14,pread,128,2,0,0.00,100.00,499.04,1064.62,182.73,881.89,,,1563.66,1380.93,1.66,37.00,52.00,1.26,19483340,2026-09-18T05:17:34Z
C_hit,orig,learned_markov_14,async,128,2,0,0.00,100.00,563.90,264.82,183.59,81.22,,,828.72,645.12,1.66,39.00,53.00,1.26,19484700,2026-09-18T05:17:34Z
C_hit,orig,learned_markov_14,async_win,128,2,0,0.00,100.00,562.80,258.34,183.34,14.31,60.68,6.00,821.14,577.11,1.66,39.00,53.00,1.26,19483644,2026-09-18T05:17:35Z
C_hit,orig,learned_markov_14,async_bulk,128,2,0,0.00,100.00,561.66,261.31,184.50,15.35,61.47,6.00,822.97,577.01,1.65,39.00,53.00,1.26,19483628,2026-09-18T05:17:35Z
C_hit,orig,learned_markov_28,pread,128,2,0,0.00,100.00,504.55,1097.16,183.77,913.40,,,1601.71,1417.95,1.64,36.00,53.00,1.26,19484884,2026-09-18T05:17:35Z
C_hit,orig,learned_markov_28,async,128,2,0,0.00,100.00,561.61,281.79,182.23,99.56,,,843.40,661.17,1.64,38.00,51.00,1.26,19484072,2026-09-18T05:17:35Z
C_hit,orig,learned_markov_28,async_win,128,2,0,0.00,100.00,506.20,276.75,186.39,27.27,63.09,8.00,782.95,533.47,1.64,38.00,51.00,1.26,19485580,2026-09-18T05:17:36Z
C_hit,orig,learned_markov_28,async_bulk,128,2,0,0.00,100.00,572.86,273.47,187.23,23.58,62.66,8.00,846.33,596.44,1.67,38.00,51.00,1.26,19467748,2026-09-18T05:17:36Z
A,orig,baseline,baseline,128,3,0,0.00,0.00,1021.58,0.00,0.00,0.00,,,1021.58,1021.58,2.13,189.00,265.00,1.26,19469040,2026-09-18T05:17:36Z
B,orig,baseline,baseline,128,3,0,0.00,0.00,927.58,0.00,0.00,0.00,,,927.58,927.58,2.32,187.00,260.00,1.26,19467592,2026-09-18T05:17:37Z
C,orig,baseline,baseline,128,3,0,0.00,0.00,787.02,0.00,0.00,0.00,,,787.02,787.02,1.56,20.00,27.00,1.26,19468660,2026-09-18T05:17:37Z
C_hit,orig,baseline,baseline,128,3,0,0.00,0.00,594.27,0.00,0.00,0.00,,,594.27,594.27,1.64,38.00,51.00,1.26,19470696,2026-09-18T05:17:37Z
A,orig,layers_5,pread,128,3,0,0.00,100.00,999.28,677.50,232.03,445.48,,,1676.78,1444.76,2.15,188.00,268.00,1.23,19471772,2026-09-18T05:17:37Z
A,orig,layers_5,async,128,3,0,0.00,100.00,996.65,299.43,227.83,71.61,,,1296.08,1068.26,2.12,189.00,268.00,1.23,19472820,2026-09-18T05:17:38Z
A,orig,layers_5,async_win,128,3,0,0.00,100.00,935.46,302.34,235.31,7.40,59.62,2.00,1237.80,942.86,2.18,189.00,268.00,1.23,19475504,2026-09-18T05:17:38Z
A,orig,layers_5,async_bulk,128,3,0,0.00,100.00,999.17,293.96,224.77,8.31,60.88,2.00,1293.13,1007.48,2.12,189.00,268.00,1.23,19480788,2026-09-18T05:17:38Z
A,orig,layers_92,pread,128,3,0,0.00,100.00,594.98,8112.14,223.86,7888.28,,,8707.12,8483.26,2.09,188.00,273.00,1.23,19481180,2026-09-18T05:17:39Z
A,orig,layers_92,async,128,3,0,0.00,100.00,595.18,414.90,225.85,189.04,,,1010.08,784.22,2.15,189.00,272.00,1.23,19485016,2026-09-18T05:17:39Z
A,orig,layers_92,async_win,128,3,0,0.00,100.00,594.20,427.85,224.73,137.64,65.48,87.00,1022.05,731.84,2.11,189.00,272.00,1.23,19486180,2026-09-18T05:17:39Z
A,orig,layers_92,async_bulk,128,3,0,0.00,100.00,604.16,417.50,224.89,126.57,66.03,87.00,1021.66,730.73,2.13,189.00,272.00,1.23,19486540,2026-09-18T05:17:40Z
A,orig,2d,pread,128,3,0,0.00,100.00,531.54,1931.22,226.01,1705.21,,,2462.76,2236.75,2.12,188.00,273.00,1.23,19485576,2026-09-18T05:17:40Z
A,orig,2d,async,128,3,0,0.00,100.00,592.20,315.86,227.47,88.40,,,908.06,680.60,2.13,189.00,272.00,1.23,19486084,2026-09-18T05:17:40Z
A,orig,2d,async_win,128,3,0,0.00,100.00,596.02,303.31,224.15,20.11,59.05,13.00,899.33,616.13,2.10,189.00,272.00,1.23,19486900,2026-09-18T05:17:41Z
A,orig,2d,async_bulk,128,3,0,0.00,100.00,594.56,310.27,225.94,21.47,62.87,13.00,904.83,616.03,2.14,189.00,272.00,1.23,19487776,2026-09-18T05:17:41Z
A,orig,2e_K10,pread,128,3,0,0.00,100.00,667.03,3902.82,223.52,3679.30,,,4569.85,4346.33,2.14,189.00,284.00,1.23,19500320,2026-09-18T05:17:41Z
A,orig,2e_K10,async,128,3,0,0.00,100.00,598.57,336.85,234.61,102.24,,,935.42,700.81,2.29,190.00,283.00,1.23,19506076,2026-09-18T05:17:42Z
A,orig,2e_K10,async_win,128,3,0,0.00,100.00,597.18,326.84,226.51,37.46,62.88,23.00,924.02,634.64,2.11,190.00,283.00,1.23,19507204,2026-09-18T05:17:42Z
A,orig,2e_K10,async_bulk,128,3,0,0.00,100.00,524.95,325.53,224.78,38.38,62.37,23.00,850.48,563.33,2.10,190.00,283.00,1.22,19507588,2026-09-18T05:17:42Z
A,orig,2e_K500,pread,128,3,0,0.00,100.00,305.23,19506.82,225.41,19281.40,,,19812.05,19586.63,1.70,53.00,321.00,1.22,19508084,2026-09-18T05:17:43Z
A,orig,2e_K500,async,128,3,0,0.00,100.00,635.51,1133.45,225.46,907.99,,,1768.96,1543.50,2.10,194.00,397.00,1.22,19508236,2026-09-18T05:17:43Z
A,orig,2e_K500,async_win,128,3,0,0.00,100.00,634.02,1068.55,230.30,746.30,91.94,471.00,1702.57,1380.32,2.10,194.00,395.00,1.22,19509288,2026-09-18T05:17:43Z
A,orig,2e_K500,async_bulk,128,3,0,0.00,100.00,635.38,1007.33,224.29,692.39,90.65,471.00,1642.71,1327.77,2.09,194.00,393.00,1.22,19508916,2026-09-18T05:17:44Z
A,orig,2f_top14,pread,128,3,0,0.00,100.00,603.43,1395.26,228.69,1166.57,,,1998.69,1770.00,2.13,191.00,271.00,1.22,19506676,2026-09-18T05:17:44Z
A,orig,2f_top14,async,128,3,0,0.00,100.00,592.28,311.19,227.12,84.07,,,903.47,676.35,2.19,191.00,271.00,1.22,19508256,2026-09-18T05:17:44Z
A,orig,2f_top14,async_win,128,3,0,0.00,100.00,594.13,309.91,226.94,20.60,62.38,13.00,904.04,614.73,2.13,191.00,271.00,1.22,19507224,2026-09-18T05:17:44Z
A,orig,2f_top14,async_bulk,128,3,0,0.00,100.00,598.18,303.99,224.06,18.45,61.48,13.00,902.17,616.63,2.14,191.00,271.00,1.22,19508104,2026-09-18T05:17:45Z
A,orig,2f_top28,pread,128,3,0,0.00,100.00,592.99,2624.70,225.12,2399.58,,,3217.69,2992.57,2.17,191.00,290.00,1.22,19508232,2026-09-18T05:17:45Z
A,orig,2f_top28,async,128,3,0,0.00,100.00,598.90,328.37,226.95,101.42,,,927.27,700.32,2.17,191.00,290.00,1.22,19507984,2026-09-18T05:17:45Z
A,orig,2f_top28,async_win,128,3,0,0.00,100.00,524.92,327.71,224.52,40.22,62.97,27.00,852.63,565.14,2.10,191.00,290.00,1.22,19508656,2026-09-18T05:17:46Z
A,orig,2f_top28,async_bulk,128,3,0,0.00,100.00,592.58,329.75,228.04,38.99,62.72,27.00,922.33,631.57,2.15,191.00,290.00,1.22,19509104,2026-09-18T05:17:46Z
A,orig,2f_top100,pread,128,3,0,0.00,100.00,586.89,8541.05,227.31,8313.74,,,9127.94,8900.63,2.13,186.00,315.00,1.22,19480368,2026-09-18T05:17:46Z
A,orig,2f_top100,async,128,3,0,0.00,100.00,1602.75,638.28,436.49,201.79,,,2241.03,1804.54,2.17,191.00,311.00,1.22,19491388,2026-09-18T05:17:47Z
A,orig,2f_top100,async_win,128,3,0,0.00,86.00,602.20,410.42,221.95,121.80,66.67,98.00,1012.62,724.00,2.16,191.00,310.00,1.22,19490932,2026-09-18T05:17:47Z
A,orig,2f_top100,async_bulk,128,3,0,0.00,82.00,596.17,446.00,243.33,136.07,66.61,98.00,1042.17,732.24,2.14,191.00,310.00,1.20,19492284,2026-09-18T05:17:47Z
A,orig,2f_top500,pread,128,3,0,0.00,100.00,463.52,30198.92,225.41,29973.50,,,30662.44,30437.02,1.79,54.00,323.00,1.20,19493432,2026-09-18T05:17:48Z
A,orig,2f_top500,async,128,3,0,0.00,24.60,977.01,994.64,225.53,769.11,,,1971.65,1746.12,2.15,193.00,400.00,1.20,19492556,2026-09-18T05:17:48Z
A,orig,2f_top500,async_win,128,3,0,0.00,100.00,568.59,1094.01,223.42,742.88,127.71,460.00,1662.60,1311.47,2.10,193.00,398.00,1.20,19493072,2026-09-18T05:17:48Z
A,orig,2f_top500,async_bulk,128,3,0,0.00,100.00,637.04,1060.28,229.17,703.59,127.52,460.00,1697.32,1340.63,2.12,193.00,400.00,1.20,19492276,2026-09-18T05:17:49Z
A,orig,2f_slru,pread,128,3,0,0.00,100.00,98.78,18158.86,225.88,17932.99,,,18257.64,18031.77,1.52,0.00,278.00,1.20,19493188,2026-09-18T05:17:49Z
A,orig,2f_slru,async,128,3,0,0.00,100.00,96.50,7412.95,226.01,7186.93,,,7509.45,7283.43,1.55,0.00,278.00,1.20,19490672,2026-09-18T05:17:49Z
A,orig,2f_slru,async_win,128,3,0,0.00,89.90,98.08,2645.68,224.66,2017.52,403.50,138.00,2743.76,2115.60,1.56,0.00,278.00,1.20,19491504,2026-09-18T05:17:49Z
A,orig,2f_slru,async_bulk,128,3,0,0.00,1.40,913.09,727.26,227.07,86.48,413.71,2.00,1640.35,999.57,2.13,188.00,263.00,1.20,19494064,2026-09-18T05:17:50Z
A,orig,leaf_freq_K10,pread,128,3,0,0.00,100.00,1011.22,1128.86,229.49,899.37,,,2140.08,1910.59,2.15,188.00,278.00,1.20,19494032,2026-09-18T05:17:50Z
A,orig,leaf_freq_K10,async,128,3,0,0.00,100.00,1005.94,300.51,225.17,75.34,,,1306.45,1081.28,2.13,188.00,278.00,1.20,19494288,2026-09-18T05:17:50Z
A,orig,leaf_freq_K10,async_win,128,3,0,0.00,100.00,1963.66,301.60,225.91,14.86,60.83,10.00,2265.26,1978.52,2.14,188.00,278.00,1.20,19494708,2026-09-18T05:17:51Z
A,orig,leaf_freq_K10,async_bulk,128,3,0,0.00,100.00,931.15,301.84,225.97,15.16,60.71,10.00,1232.99,946.31,2.08,188.00,278.00,1.20,19496376,2026-09-18T05:17:51Z
A,orig,leaf_rand_K10,pread,128,3,0,0.00,100.00,1009.55,1120.99,226.40,894.59,,,2130.54,1904.14,2.14,189.00,266.00,1.20,19497680,2026-09-18T05:17:51Z
A,orig,leaf_rand_K10,async,128,3,0,0.00,100.00,1009.31,1521.25,1446.55,74.70,,,2530.56,1084.01,2.22,189.00,266.00,1.20,19487952,2026-09-18T05:17:52Z
A,orig,leaf_rand_K10,async_win,128,3,0,0.00,100.00,1008.38,301.35,223.32,17.44,60.58,10.00,1309.73,1025.82,2.13,189.00,266.00,1.20,19488032,2026-09-18T05:17:52Z
A,orig,leaf_rand_K10,async_bulk,128,3,0,0.00,100.00,1015.19,299.71,223.80,14.49,61.42,10.00,1314.90,1029.68,2.14,189.00,266.00,1.18,19489496,2026-09-18T05:17:52Z
A,orig,learned_markov_14,pread,128,3,0,0.00,100.00,593.93,1472.99,225.97,1247.02,,,2066.92,1840.95,2.15,189.00,273.00,1.18,19489384,2026-09-18T05:17:53Z
A,orig,learned_markov_14,async,128,3,0,0.00,100.00,600.98,313.90,228.48,85.42,,,914.88,686.40,2.13,189.00,273.00,1.18,19490336,2026-09-18T05:17:53Z
A,orig,learned_markov_14,async_win,128,3,0,0.00,100.00,595.25,305.33,225.30,18.49,61.54,13.00,900.58,613.74,2.14,189.00,273.00,1.18,19490736,2026-09-18T05:17:53Z
A,orig,learned_markov_14,async_bulk,128,3,0,0.00,100.00,594.01,306.81,225.97,18.84,62.00,13.00,900.82,612.85,2.15,189.00,273.00,1.18,19489956,2026-09-18T05:17:54Z
A,orig,learned_markov_28,pread,128,3,0,0.00,100.00,591.37,2623.01,224.77,2398.24,,,3214.38,2989.61,2.12,189.00,276.00,1.18,19491004,2026-09-18T05:17:54Z
A,orig,learned_markov_28,async,128,3,0,0.00,100.00,590.32,843.09,266.21,576.88,,,1433.41,1167.20,2.10,189.00,274.00,1.18,19491308,2026-09-18T05:17:54Z
A,orig,learned_markov_28,async_win,128,3,0,0.00,100.00,594.65,322.48,226.63,33.63,62.22,26.00,917.13,628.28,2.13,189.00,274.00,1.18,19491696,2026-09-18T05:17:55Z
A,orig,learned_markov_28,async_bulk,128,3,0,0.00,100.00,591.59,329.04,226.03,40.10,62.92,26.00,920.63,631.69,2.12,189.00,274.00,1.18,19492208,2026-09-18T05:17:55Z
B,orig,layers_5,pread,128,3,0,0.00,100.00,803.81,2097.35,923.50,1173.86,,,2901.16,1977.67,2.30,186.00,260.00,1.18,19491116,2026-09-18T05:17:55Z
B,orig,layers_5,async,128,3,0,0.00,100.00,873.26,291.99,222.68,69.31,,,1165.25,942.57,2.16,187.00,260.00,1.18,19493688,2026-09-18T05:17:56Z
B,orig,layers_5,async_win,128,3,0,0.00,100.00,912.29,293.15,224.56,7.02,61.57,2.00,1205.44,919.31,2.16,187.00,260.00,1.18,19494980,2026-09-18T05:17:56Z
B,orig,layers_5,async_bulk,128,3,0,0.00,100.00,916.61,293.94,225.38,7.11,61.45,2.00,1210.55,923.72,2.20,187.00,260.00,1.18,19494220,2026-09-18T05:17:56Z
B,orig,layers_92,pread,128,3,0,0.00,100.00,520.20,8162.40,224.30,7938.10,,,8682.60,8458.30,2.15,186.00,267.00,1.18,19494524,2026-09-18T05:17:56Z
B,orig,layers_92,async,128,3,0,0.00,100.00,461.69,424.70,225.57,199.12,,,886.39,660.81,2.14,187.00,266.00,1.18,19484512,2026-09-18T05:17:57Z
B,orig,layers_92,async_win,128,3,0,0.00,100.00,523.29,433.21,221.84,144.99,66.38,87.00,956.50,668.28,2.20,187.00,266.00,1.18,19488548,2026-09-18T05:17:57Z
B,orig,layers_92,async_bulk,128,3,0,0.00,100.00,532.88,421.97,225.27,130.32,66.38,87.00,954.85,663.20,2.16,187.00,266.00,1.17,19488672,2026-09-18T05:17:57Z
B,orig,2d,pread,128,3,0,0.00,100.00,524.24,1888.06,226.12,1661.94,,,2412.30,2186.18,2.20,186.00,267.00,1.17,19488924,2026-09-18T05:17:58Z
B,orig,2d,async,128,3,0,0.00,100.00,523.83,306.49,222.08,84.41,,,830.32,608.24,2.16,187.00,266.00,1.17,19489436,2026-09-18T05:17:58Z
B,orig,2d,async_win,128,3,0,0.00,100.00,524.54,311.93,228.43,21.01,62.49,13.00,836.47,545.55,2.18,187.00,266.00,1.17,19489864,2026-09-18T05:17:58Z
B,orig,2d,async_bulk,128,3,0,0.00,100.00,696.08,322.99,233.90,22.15,66.94,13.00,1019.07,718.23,2.26,187.00,266.00,1.17,19490316,2026-09-18T05:17:59Z
B,orig,2e_K10,pread,128,3,0,0.00,100.00,523.58,2833.69,227.08,2606.61,,,3357.27,3130.19,2.18,187.00,267.00,1.17,19489684,2026-09-18T05:17:59Z
B,orig,2e_K10,async,128,3,0,0.00,100.00,527.76,325.88,223.69,102.19,,,853.64,629.95,2.17,188.00,267.00,1.17,19491176,2026-09-18T05:17:59Z
B,orig,2e_K10,async_win,128,3,0,0.00,100.00,462.51,317.61,221.82,34.06,61.73,23.00,780.12,496.57,2.32,188.00,267.00,1.17,19491224,2026-09-18T05:18:00Z
B,orig,2e_K10,async_bulk,128,3,0,0.00,100.00,466.01,323.93,224.31,37.35,62.27,23.00,789.94,503.36,2.17,188.00,267.00,1.17,19491572,2026-09-18T05:18:00Z
B,orig,2e_K500,pread,128,3,0,0.00,100.00,183.75,19031.00,224.64,18806.36,,,19214.75,18990.11,1.81,73.00,312.00,1.17,19491124,2026-09-18T05:18:00Z
B,orig,2e_K500,async,128,3,0,0.00,100.00,185.24,1100.73,225.51,875.22,,,1285.97,1060.46,2.18,187.00,314.00,1.17,19491152,2026-09-18T05:18:01Z
B,orig,2e_K500,async_win,128,3,0,0.00,100.00,181.31,1048.44,225.82,731.91,90.71,461.00,1229.75,913.22,2.16,187.00,312.00,1.17,19491068,2026-09-18T05:18:01Z
B,orig,2e_K500,async_bulk,128,3,0,0.00,100.00,182.01,1038.89,224.27,723.50,91.12,461.00,1220.90,905.51,2.15,187.00,317.00,1.17,19491992,2026-09-18T05:18:01Z
B,orig,2f_top14,pread,128,3,0,0.00,100.00,530.07,1464.14,218.70,1245.44,,,1994.21,1775.51,2.18,188.00,265.00,1.17,19508716,2026-09-18T05:18:02Z
B,orig,2f_top14,async,128,3,0,0.00,100.00,531.62,307.54,226.73,80.81,,,839.16,612.43,2.19,188.00,266.00,1.17,19509444,2026-09-18T05:18:02Z
B,orig,2f_top14,async_win,128,3,0,0.00,100.00,525.73,301.77,222.87,18.33,60.56,13.00,827.50,544.06,2.17,188.00,266.00,1.15,19501516,2026-09-18T05:18:02Z
B,orig,2f_top14,async_bulk,128,3,0,0.00,100.00,463.03,306.47,223.98,21.35,61.13,13.00,769.50,484.38,2.17,188.00,266.00,1.15,19508132,2026-09-18T05:18:03Z
B,orig,2f_top28,pread,128,3,0,0.00,100.00,535.32,2576.23,226.71,2349.53,,,3111.55,2884.85,2.19,188.00,267.00,1.15,19509040,2026-09-18T05:18:03Z
B,orig,2f_top28,async,128,3,0,0.00,100.00,558.54,334.64,231.95,102.69,,,893.18,661.23,2.22,188.00,268.00,1.15,19512872,2026-09-18T05:18:03Z
B,orig,2f_top28,async_win,128,3,0,0.00,100.00,529.62,328.72,225.43,40.79,62.50,27.00,858.34,570.41,2.20,188.00,268.00,1.15,19512772,2026-09-18T05:18:04Z
B,orig,2f_top28,async_bulk,128,3,0,0.00,100.00,524.78,328.48,224.50,41.09,62.89,27.00,853.26,565.87,2.15,188.00,268.00,1.15,19511548,2026-09-18T05:18:04Z
B,orig,2f_top100,pread,128,3,0,0.00,100.00,540.53,10597.36,228.17,10369.20,,,11137.89,10909.73,2.22,187.00,272.00,1.15,19512416,2026-09-18T05:18:04Z
B,orig,2f_top100,async,128,3,0,0.00,100.00,527.93,438.07,226.37,211.71,,,966.00,739.64,2.19,187.00,273.00,1.15,19511248,2026-09-18T05:18:05Z
B,orig,2f_top100,async_win,128,3,0,0.00,100.00,464.05,424.50,223.49,135.78,65.23,97.00,888.55,599.83,2.16,187.00,272.00,1.15,19511416,2026-09-18T05:18:05Z
B,orig,2f_top100,async_bulk,128,3,0,0.00,100.00,523.52,425.66,226.71,133.88,65.07,97.00,949.18,657.40,2.20,187.00,272.00,1.15,19511708,2026-09-18T05:18:05Z
B,orig,2f_top500,pread,128,3,0,0.00,100.00,183.31,18265.23,224.16,18041.07,,,18448.54,18224.38,1.83,74.00,317.00,1.15,19511852,2026-09-18T05:18:06Z
B,orig,2f_top500,async,128,3,0,0.00,100.00,183.91,1099.31,224.32,874.99,,,1283.22,1058.90,2.16,187.00,316.00,1.15,19512268,2026-09-18T05:18:06Z
B,orig,2f_top500,async_win,128,3,0,0.00,100.00,186.95,994.70,225.23,680.46,89.01,448.00,1181.65,867.41,2.16,187.00,315.00,1.15,19512104,2026-09-18T05:18:06Z
B,orig,2f_top500,async_bulk,128,3,0,0.00,100.00,183.12,1032.61,222.02,720.70,89.90,448.00,1215.73,903.82,2.18,187.00,313.00,1.15,19509072,2026-09-18T05:18:07Z
B,orig,2f_slru,pread,128,3,0,0.00,100.00,99.45,18267.81,223.57,18044.24,,,18367.26,18143.69,1.56,0.00,278.00,1.15,19507772,2026-09-18T05:18:07Z
B,orig,2f_slru,async,128,3,0,0.00,100.00,96.14,7558.89,228.55,7330.34,,,7655.03,7426.48,1.61,0.00,278.00,1.15,19480788,2026-09-18T05:18:07Z
B,orig,2f_slru,async_win,128,3,0,0.00,97.10,97.93,2798.61,225.01,2158.78,414.82,139.00,2896.54,2256.71,1.60,0.00,278.00,1.14,19481216,2026-09-18T05:18:07Z
B,orig,2f_slru,async_bulk,128,3,0,0.00,2.20,851.13,735.86,227.32,93.71,414.84,3.00,1586.99,944.84,2.16,184.00,259.00,1.14,19482588,2026-09-18T05:18:08Z
B,orig,leaf_freq_K10,pread,128,3,0,0.00,100.00,923.89,1093.71,223.72,869.99,,,2017.60,1793.88,2.18,187.00,260.00,1.14,19483564,2026-09-18T05:18:08Z
B,orig,leaf_freq_K10,async,128,3,0,0.00,100.00,927.15,321.14,240.50,80.64,,,1248.29,1007.79,2.25,187.00,260.00,1.14,19470796,2026-09-18T05:18:08Z
B,orig,leaf_freq_K10,async_win,128,3,0,0.00,100.00,871.86,302.10,223.80,16.09,62.21,10.00,1173.96,887.95,2.17,187.00,260.00,1.14,19478920,2026-09-18T05:18:09Z
B,orig,leaf_freq_K10,async_bulk,128,3,0,0.00,100.00,822.04,304.18,226.48,15.39,62.32,10.00,1126.22,837.43,2.16,187.00,260.00,1.14,19481108,2026-09-18T05:18:09Z
B,orig,leaf_rand_K10,pread,128,3,0,0.00,100.00,951.30,1124.41,226.44,897.98,,,2075.71,1849.28,2.21,188.00,261.00,1.14,19480884,2026-09-18T05:18:09Z
B,orig,leaf_rand_K10,async,128,3,0,0.00,100.00,954.51,301.36,224.94,76.41,,,1255.87,1030.92,2.18,188.00,261.00,1.14,19480628,2026-09-18T05:18:10Z
B,orig,leaf_rand_K10,async_win,128,3,0,0.00,100.00,882.66,301.53,225.56,14.55,61.41,10.00,1184.19,897.21,2.15,188.00,261.00,1.14,19481168,2026-09-18T05:18:10Z
B,orig,leaf_rand_K10,async_bulk,128,3,0,0.00,100.00,950.09,302.64,223.83,16.64,62.17,10.00,1252.73,966.73,2.20,188.00,261.00,1.14,19481048,2026-09-18T05:18:10Z
B,orig,learned_markov_14,pread,128,3,0,0.00,100.00,532.05,1417.44,226.09,1191.35,,,1949.49,1723.40,2.18,187.00,265.00,1.14,19480504,2026-09-18T05:18:11Z
B,orig,learned_markov_14,async,128,3,0,0.00,100.00,528.26,303.59,223.10,80.49,,,831.85,608.75,2.15,187.00,265.00,1.14,19481200,2026-09-18T05:18:11Z
B,orig,learned_markov_14,async_win,128,3,0,0.00,100.00,462.32,308.02,224.64,21.61,61.77,13.00,770.34,483.93,2.16,187.00,265.00,1.14,19481072,2026-09-18T05:18:11Z
B,orig,learned_markov_14,async_bulk,128,3,0,0.00,100.00,528.26,307.31,225.59,19.85,61.88,13.00,835.57,548.11,2.19,187.00,265.00,1.14,19480716,2026-09-18T05:18:12Z
B,orig,learned_markov_28,pread,128,3,0,0.00,100.00,531.04,2489.08,225.51,2263.57,,,3020.12,2794.61,2.18,187.00,265.00,1.14,19481544,2026-09-18T05:18:12Z
B,orig,learned_markov_28,async,128,3,0,0.00,100.00,530.72,329.22,227.08,102.14,,,859.94,632.86,2.19,187.00,265.00,1.13,19480748,2026-09-18T05:18:12Z
B,orig,learned_markov_28,async_win,128,3,0,0.00,100.00,526.51,327.84,223.73,41.00,63.11,27.00,854.35,567.51,2.23,187.00,265.00,1.13,19481068,2026-09-18T05:18:13Z
B,orig,learned_markov_28,async_bulk,128,3,0,0.00,100.00,532.90,333.90,227.96,38.28,67.66,27.00,866.80,571.18,2.19,187.00,265.00,1.13,19481084,2026-09-18T05:18:13Z
C,orig,layers_5,pread,128,3,0,0.00,100.00,822.29,665.40,224.12,441.28,,,1487.69,1263.57,1.56,20.00,27.00,1.13,19481108,2026-09-18T05:18:13Z
C,orig,layers_5,async,128,3,0,0.00,100.00,851.83,293.82,224.49,69.33,,,1145.65,921.16,1.56,20.00,27.00,1.13,19481776,2026-09-18T05:18:13Z
C,orig,layers_5,async_win,128,3,0,0.00,100.00,758.70,295.06,225.36,7.53,62.17,2.00,1053.76,766.23,1.58,20.00,27.00,1.13,19468256,2026-09-18T05:18:14Z
C,orig,layers_5,async_bulk,128,3,0,0.00,100.00,821.38,296.01,226.24,7.76,62.01,2.00,1117.39,829.14,1.58,20.00,27.00,1.13,19480268,2026-09-18T05:18:14Z
C,orig,layers_92,pread,128,3,0,0.00,100.00,470.50,8148.23,223.88,7924.35,,,8618.73,8394.85,1.58,18.00,30.00,1.13,19482424,2026-09-18T05:18:14Z
C,orig,layers_92,async,128,3,0,0.00,100.00,472.55,439.16,228.56,210.60,,,911.71,683.15,1.57,18.00,30.00,1.13,19483408,2026-09-18T05:18:14Z
C,orig,layers_92,async_win,128,3,0,0.00,100.00,473.64,406.88,225.35,115.10,66.44,87.00,880.52,588.74,1.61,18.00,30.00,1.13,19483872,2026-09-18T05:18:15Z
C,orig,layers_92,async_bulk,128,3,0,0.00,100.00,472.18,420.76,224.47,130.62,65.67,87.00,892.94,602.80,1.57,18.00,30.00,1.13,19484560,2026-09-18T05:18:15Z
C,orig,2d,pread,128,3,0,0.00,100.00,468.98,577.00,222.02,354.98,,,1045.98,823.96,1.58,18.00,30.00,1.13,19484708,2026-09-18T05:18:15Z
C,orig,2d,async,128,3,0,0.00,100.00,440.05,287.87,219.94,67.93,,,727.92,507.98,1.58,18.00,30.00,1.13,19484848,2026-09-18T05:18:15Z
C,orig,2d,async_win,128,3,0,0.00,100.00,473.17,297.44,224.59,7.84,65.00,2.00,770.61,481.01,1.57,18.00,30.00,1.13,19485232,2026-09-18T05:18:16Z
C,orig,2d,async_bulk,128,3,0,0.00,100.00,474.94,303.12,233.72,7.30,62.10,2.00,778.06,482.24,1.58,18.00,30.00,1.13,19486132,2026-09-18T05:18:16Z
C,orig,2e_K10,pread,128,3,0,0.00,100.00,177.50,1434.87,222.61,1212.26,,,1612.37,1389.76,1.61,17.00,33.00,1.13,19486244,2026-09-18T05:18:16Z
C,orig,2e_K10,async,128,3,0,0.00,100.00,179.50,308.33,226.15,82.19,,,487.83,261.69,1.57,17.00,32.00,1.13,19486656,2026-09-18T05:18:17Z
C,orig,2e_K10,async_win,128,3,0,0.00,100.00,180.06,302.82,223.84,16.37,62.61,8.00,482.88,196.43,1.58,17.00,32.00,1.13,19486764,2026-09-18T05:18:17Z
C,orig,2e_K10,async_bulk,128,3,0,0.00,100.00,177.55,302.91,223.59,16.80,62.52,8.00,480.46,194.35,1.57,17.00,32.00,1.13,19487452,2026-09-18T05:18:17Z
C,orig,2e_K500,pread,128,3,0,0.00,100.00,180.40,2432.51,224.56,2207.95,,,2612.91,2388.35,1.52,0.00,37.00,1.12,19487012,2026-09-18T05:18:17Z
C,orig,2e_K500,async,128,3,0,0.00,49.70,180.50,701.69,225.26,476.43,,,882.19,656.93,1.51,0.00,37.00,1.12,19487336,2026-09-18T05:18:18Z
C,orig,2e_K500,async_win,128,3,0,0.00,45.90,183.71,528.05,223.07,221.40,83.59,90.00,711.76,405.11,1.52,0.00,37.00,1.12,19488140,2026-09-18T05:18:18Z
C,orig,2e_K500,async_bulk,128,3,0,0.00,100.00,184.90,550.93,224.39,244.49,82.04,90.00,735.83,429.39,1.51,0.00,37.00,1.12,19487648,2026-09-18T05:18:18Z
C,orig,2f_top14,pread,128,3,0,0.00,100.00,179.78,1260.21,224.72,1035.49,,,1439.99,1215.27,1.56,16.00,34.00,1.12,19487840,2026-09-18T05:18:18Z
C,orig,2f_top14,async,128,3,0,0.00,100.00,179.48,304.64,225.13,79.51,,,484.12,258.99,1.55,17.00,32.00,1.12,19487136,2026-09-18T05:18:19Z
C,orig,2f_top14,async_win,128,3,0,0.00,100.00,181.46,303.42,223.79,17.43,62.20,9.00,484.88,198.89,1.57,17.00,32.00,1.12,19471824,2026-09-18T05:18:19Z
C,orig,2f_top14,async_bulk,128,3,0,0.00,100.00,177.83,304.54,224.82,17.46,62.26,9.00,482.37,195.29,1.57,17.00,32.00,1.12,19478616,2026-09-18T05:18:19Z
C,orig,2f_top28,pread,128,3,0,0.00,100.00,178.48,1336.31,227.43,1108.88,,,1514.79,1287.36,1.56,15.00,33.00,1.12,19479636,2026-09-18T05:18:19Z
C,orig,2f_top28,async,128,3,0,0.00,100.00,180.14,327.13,226.72,100.42,,,507.27,280.56,1.57,16.00,33.00,1.12,19479620,2026-09-18T05:18:20Z
C,orig,2f_top28,async_win,128,3,0,0.00,100.00,180.41,317.80,226.59,27.69,63.52,13.00,498.21,208.10,1.57,16.00,33.00,1.12,19480072,2026-09-18T05:18:20Z
C,orig,2f_top28,async_bulk,128,3,0,0.00,100.00,181.42,318.50,224.97,30.01,63.52,13.00,499.92,211.43,1.56,16.00,33.00,1.12,19480636,2026-09-18T05:18:20Z
C,orig,2f_top100,pread,128,3,0,0.00,100.00,181.29,1351.29,224.64,1126.65,,,1532.58,1307.94,1.54,11.00,33.00,1.12,19481244,2026-09-18T05:18:20Z
C,orig,2f_top100,async,128,3,0,0.00,100.00,180.14,413.29,224.00,189.29,,,593.43,369.43,1.58,14.00,33.00,1.12,19481540,2026-09-18T05:18:21Z
C,orig,2f_top100,async_win,128,3,0,0.00,68.00,180.00,365.08,226.66,71.59,66.83,32.00,545.08,251.59,1.56,14.00,33.00,1.12,19482460,2026-09-18T05:18:21Z
C,orig,2f_top100,async_bulk,128,3,0,0.00,100.00,179.24,370.88,222.04,81.37,67.47,32.00,550.12,260.61,1.54,14.00,33.00,1.12,19482484,2026-09-18T05:18:21Z
C,orig,2f_top500,pread,128,3,0,0.00,100.00,92.36,3008.72,222.88,2785.84,,,3101.08,2878.20,1.53,0.00,37.00,1.12,19482176,2026-09-18T05:18:21Z
C,orig,2f_top500,async,128,3,0,0.00,100.00,92.99,1041.10,223.57,817.53,,,1134.09,910.52,1.54,0.00,37.00,1.12,19483168,2026-09-18T05:18:22Z
C,orig,2f_top500,async_win,128,3,0,0.00,100.00,95.34,542.95,225.32,227.96,89.67,15.00,638.29,323.30,1.53,0.00,37.00,1.12,19487468,2026-09-18T05:18:22Z
C,orig,2f_top500,async_bulk,128,3,0,0.00,13.40,759.75,359.51,224.93,44.45,90.12,2.00,1119.26,804.20,1.58,19.00,29.00,1.11,19499836,2026-09-18T05:18:22Z
C,orig,2f_slru,pread,128,3,0,0.00,100.00,90.85,2865.12,225.01,2640.10,,,2955.97,2730.95,1.50,0.00,37.00,1.11,19501112,2026-09-18T05:18:23Z
C,orig,2f_slru,async,128,3,0,0.00,100.00,96.75,1034.64,225.00,809.64,,,1131.39,906.39,1.52,0.00,37.00,1.11,19501428,2026-09-18T05:18:23Z
C,orig,2f_slru,async_win,128,3,0,0.00,100.00,96.93,525.65,223.17,211.54,90.94,15.00,622.58,308.47,1.51,0.00,37.00,1.11,19502292,2026-09-18T05:18:23Z
C,orig,2f_slru,async_bulk,128,3,0,0.00,13.40,630.89,352.24,222.76,40.08,89.41,2.00,983.13,670.97,1.59,19.00,29.00,1.11,19502308,2026-09-18T05:18:23Z
C,orig,leaf_freq_K10,pread,128,3,0,0.00,100.00,670.60,936.13,227.03,709.10,,,1606.73,1379.70,1.58,19.00,30.00,1.11,19506472,2026-09-18T05:18:24Z
C,orig,leaf_freq_K10,async,128,3,0,0.00,100.00,576.12,306.40,232.43,73.97,,,882.52,650.09,1.57,19.00,29.00,1.11,19504772,2026-09-18T05:18:24Z
C,orig,leaf_freq_K10,async_win,128,3,0,0.00,100.00,571.03,295.54,222.51,12.36,60.66,6.00,866.57,583.39,1.57,19.00,29.00,1.11,19506252,2026-09-18T05:18:24Z
C,orig,leaf_freq_K10,async_bulk,128,3,0,0.00,100.00,573.45,301.08,226.45,12.96,61.67,6.00,874.53,586.41,1.57,19.00,29.00,1.11,19494448,2026-09-18T05:18:24Z
C,orig,leaf_rand_K10,pread,128,3,0,0.00,100.00,802.13,1000.35,224.13,776.22,,,1802.48,1578.35,1.56,20.00,27.00,1.11,19518724,2026-09-18T05:18:25Z
C,orig,leaf_rand_K10,async,128,3,0,0.00,100.00,841.01,302.46,225.69,76.77,,,1143.47,917.78,1.59,20.00,27.00,1.11,19520016,2026-09-18T05:18:25Z
C,orig,leaf_rand_K10,async_win,128,3,0,0.00,100.00,838.44,303.24,225.36,15.89,61.99,10.00,1141.68,854.33,1.57,20.00,27.00,1.11,19518756,2026-09-18T05:18:25Z
C,orig,leaf_rand_K10,async_bulk,128,3,0,0.00,100.00,872.06,300.20,224.69,14.48,61.03,10.00,1172.26,886.54,1.60,20.00,27.00,1.11,19518704,2026-09-18T05:18:25Z
C,orig,learned_markov_14,pread,128,3,0,0.00,100.00,181.09,1321.84,222.65,1099.19,,,1502.93,1280.28,1.56,16.00,34.00,1.11,19518296,2026-09-18T05:18:26Z
C,orig,learned_markov_14,async,128,3,0,0.00,100.00,181.90,305.49,225.73,79.76,,,487.39,261.66,1.57,17.00,32.00,1.11,19519552,2026-09-18T05:18:26Z
C,orig,learned_markov_14,async_win,128,3,0,0.00,100.00,181.17,301.58,224.48,15.89,61.20,9.00,482.75,197.06,1.55,17.00,32.00,1.11,19519948,2026-09-18T05:18:26Z
C,orig,learned_markov_14,async_bulk,128,3,0,0.00,100.00,179.68,304.66,227.11,16.02,61.54,9.00,484.34,195.70,1.56,17.00,32.00,1.11,19519548,2026-09-18T05:18:26Z
C,orig,learned_markov_28,pread,128,3,0,0.00,100.00,185.98,1325.95,222.93,1103.02,,,1511.93,1289.00,1.56,15.00,33.00,1.11,19519816,2026-09-18T05:18:27Z
C,orig,learned_markov_28,async,128,3,0,0.00,100.00,182.86,328.96,227.46,101.50,,,511.82,284.36,1.58,16.00,33.00,1.11,19520824,2026-09-18T05:18:27Z
C,orig,learned_markov_28,async_win,128,3,0,0.00,100.00,179.63,309.73,221.14,26.53,62.07,13.00,489.36,206.16,1.56,16.00,33.00,1.10,19521276,2026-09-18T05:18:27Z
C,orig,learned_markov_28,async_bulk,128,3,0,0.00,100.00,183.10,315.66,223.42,30.75,61.50,13.00,498.76,213.85,1.56,16.00,33.00,1.10,19501228,2026-09-18T05:18:27Z
C_hit,orig,layers_5,pread,128,3,0,0.00,100.00,498.69,665.76,220.65,445.12,,,1164.45,943.81,1.66,38.00,51.00,1.10,19501168,2026-09-18T05:18:28Z
C_hit,orig,layers_5,async,128,3,0,0.00,100.00,556.26,290.46,225.36,65.09,,,846.72,621.35,1.65,38.00,51.00,1.10,19501172,2026-09-18T05:18:28Z
C_hit,orig,layers_5,async_win,128,3,0,0.00,100.00,557.69,290.84,221.92,7.43,61.49,2.00,848.53,565.12,1.64,38.00,51.00,1.10,19501888,2026-09-18T05:18:28Z
C_hit,orig,layers_5,async_bulk,128,3,0,0.00,100.00,557.02,292.79,223.84,7.84,61.10,2.00,849.81,564.86,1.66,38.00,51.00,1.10,19502092,2026-09-18T05:18:29Z
C_hit,orig,layers_92,pread,128,3,0,0.00,100.00,565.73,8194.91,227.48,7967.43,,,8760.64,8533.16,1.67,39.00,53.00,1.10,19503184,2026-09-18T05:18:29Z
C_hit,orig,layers_92,async,128,3,0,0.00,100.00,559.50,423.76,224.51,199.24,,,983.26,758.74,1.69,39.00,53.00,1.10,19502760,2026-09-18T05:18:29Z
C_hit,orig,layers_92,async_win,128,3,0,0.00,100.00,559.56,411.94,228.15,113.96,69.83,87.00,971.50,673.52,1.71,39.00,53.00,1.10,19502920,2026-09-18T05:18:29Z
C_hit,orig,layers_92,async_bulk,128,3,0,0.00,100.00,559.97,420.92,225.28,130.35,65.28,87.00,980.89,690.32,1.65,39.00,53.00,1.10,19487492,2026-09-18T05:18:30Z
C_hit,orig,2d,pread,128,3,0,0.00,100.00,559.08,666.82,230.59,436.23,,,1225.90,995.31,1.67,39.00,53.00,1.10,19500412,2026-09-18T05:18:30Z
C_hit,orig,2d,async,128,3,0,0.00,100.00,496.61,302.69,233.06,69.63,,,799.30,566.24,1.67,39.00,53.00,1.10,19499804,2026-09-18T05:18:30Z
C_hit,orig,2d,async_win,128,3,0,0.00,100.00,562.69,301.79,232.18,7.91,61.70,3.00,864.48,570.60,1.65,39.00,53.00,1.10,19499684,2026-09-18T05:18:30Z
C_hit,orig,2d,async_bulk,128,3,0,0.00,100.00,561.81,300.16,231.90,7.57,60.69,3.00,861.97,569.38,1.67,39.00,53.00,1.10,19499972,2026-09-18T05:18:31Z
C_hit,orig,2e_K10,pread,128,3,0,0.00,100.00,501.24,1204.77,231.67,973.10,,,1706.01,1474.34,1.65,37.00,52.00,1.10,19500384,2026-09-18T05:18:31Z
C_hit,orig,2e_K10,async,128,3,0,0.00,100.00,501.93,312.63,232.79,79.84,,,814.56,581.77,1.65,39.00,53.00,1.10,19500808,2026-09-18T05:18:31Z
C_hit,orig,2e_K10,async_win,128,3,0,0.00,100.00,562.95,313.10,234.85,15.82,62.43,6.00,876.05,578.77,1.67,39.00,53.00,1.10,19501396,2026-09-18T05:18:32Z
C_hit,orig,2e_K10,async_bulk,128,3,0,0.00,100.00,560.97,309.93,232.62,16.30,61.02,6.00,870.90,577.27,1.65,39.00,53.00,1.10,19499680,2026-09-18T05:18:32Z
C_hit,orig,2e_K500,pread,128,3,0,0.00,100.00,178.86,3405.07,233.68,3171.39,,,3583.93,3350.25,1.55,9.00,61.00,1.10,19500196,2026-09-18T05:18:32Z
C_hit,orig,2e_K500,async,128,3,0,0.00,46.70,185.82,976.86,231.29,745.56,,,1162.68,931.38,1.56,9.00,61.00,1.17,19499020,2026-09-18T05:18:32Z
C_hit,orig,2e_K500,async_win,128,3,0,0.00,44.00,184.65,743.35,230.87,384.25,128.22,139.00,928.00,568.90,1.57,9.00,61.00,1.17,19496456,2026-09-18T05:18:33Z
C_hit,orig,2e_K500,async_bulk,128,3,0,0.00,32.90,186.43,727.34,234.48,364.43,128.43,139.00,913.77,550.86,1.56,9.00,61.00,1.17,19497028,2026-09-18T05:18:33Z
C_hit,orig,2f_top14,pread,128,3,0,0.00,100.00,499.10,1106.48,230.49,875.99,,,1605.58,1375.09,1.64,37.00,52.00,1.17,19498556,2026-09-18T05:18:33Z
C_hit,orig,2f_top14,async,128,3,0,0.00,100.00,1299.92,310.59,234.59,76.00,,,1610.51,1375.92,1.69,39.00,53.00,1.17,19498456,2026-09-18T05:18:33Z
C_hit,orig,2f_top14,async_win,128,3,0,0.00,100.00,559.44,307.89,231.85,14.64,61.41,6.00,867.33,574.08,1.64,39.00,53.00,1.17,19498348,2026-09-18T05:18:34Z
C_hit,orig,2f_top14,async_bulk,128,3,0,0.00,100.00,558.96,309.61,233.44,14.48,61.70,6.00,868.57,573.44,1.65,39.00,53.00,1.17,19498596,2026-09-18T05:18:34Z
C_hit,orig,2f_top28,pread,128,3,0,0.00,100.00,559.16,1130.77,231.43,899.34,,,1689.93,1458.50,1.64,36.00,53.00,1.17,19499588,2026-09-18T05:18:34Z
C_hit,orig,2f_top28,async,128,3,0,0.00,100.00,564.14,341.27,230.99,110.28,,,905.41,674.42,1.65,38.00,51.00,1.17,19499888,2026-09-18T05:18:34Z
C_hit,orig,2f_top28,async_win,128,3,0,0.00,100.00,509.21,316.14,229.39,23.80,62.96,8.00,825.35,533.01,1.66,38.00,51.00,1.17,19499944,2026-09-18T05:18:35Z
C_hit,orig,2f_top28,async_bulk,128,3,0,0.00,100.00,507.75,315.74,231.43,22.47,61.85,8.00,823.49,530.22,1.66,38.00,51.00,1.17,19483636,2026-09-18T05:18:35Z
C_hit,orig,2f_top100,pread,128,3,0,0.00,100.00,553.62,1856.81,231.94,1624.87,,,2410.43,2178.49,1.62,31.00,54.00,1.17,19483004,2026-09-18T05:18:35Z
C_hit,orig,2f_top100,async,128,3,0,0.00,100.00,569.12,416.68,232.04,184.65,,,985.80,753.77,1.63,33.00,53.00,1.17,19483764,2026-09-18T05:18:36Z
C_hit,orig,2f_top100,async_win,128,3,0,0.00,63.00,559.58,366.25,230.37,69.94,65.93,28.00,925.83,629.52,1.63,33.00,53.00,1.17,19484876,2026-09-18T05:18:36Z
C_hit,orig,2f_top100,async_bulk,128,3,0,0.00,100.00,525.00,376.14,229.22,80.72,66.19,28.00,901.14,605.72,1.64,33.00,53.00,1.17,19484832,2026-09-18T05:18:36Z
C_hit,orig,2f_top500,pread,128,3,0,0.00,100.00,182.82,3240.62,231.32,3009.30,,,3423.44,3192.12,1.57,9.00,61.00,1.17,19486616,2026-09-18T05:18:36Z
C_hit,orig,2f_top500,async,128,3,0,0.00,54.40,182.71,969.11,232.99,736.12,,,1151.82,918.83,1.56,10.00,61.00,1.17,19484540,2026-09-18T05:18:37Z
C_hit,orig,2f_top500,async_win,128,3,0,0.00,31.60,186.41,672.90,232.20,349.49,91.22,138.00,859.31,535.90,1.56,10.00,61.00,1.17,19485484,2026-09-18T05:18:37Z
C_hit,orig,2f_top500,async_bulk,128,3,0,0.00,45.60,189.36,847.98,235.21,496.00,116.76,138.00,1037.34,685.36,1.56,10.00,61.00,1.17,19485408,2026-09-18T05:18:37Z
C_hit,orig,2f_slru,pread,128,3,0,0.00,100.00,94.20,4811.35,231.16,4580.18,,,4905.55,4674.38,1.51,0.00,62.00,1.16,19487332,2026-09-18T05:18:37Z
C_hit,orig,2f_slru,async,128,3,0,0.00,100.00,97.45,1724.07,230.35,1493.72,,,1821.52,1591.17,1.52,0.00,62.00,1.16,19487872,2026-09-18T05:18:38Z
C_hit,orig,2f_slru,async_win,128,3,0,0.00,100.00,101.65,793.74,230.32,406.13,157.29,29.00,895.39,507.78,1.53,0.00,62.00,1.16,19487572,2026-09-18T05:18:38Z
C_hit,orig,2f_slru,async_bulk,128,3,0,0.00,7.00,476.95,437.37,232.81,47.56,157.00,2.00,914.32,524.51,1.66,37.00,50.00,1.16,19487868,2026-09-18T05:18:38Z
C_hit,orig,leaf_freq_K10,pread,128,3,0,0.00,100.00,593.38,815.23,233.15,582.08,,,1408.61,1175.46,1.64,36.00,54.00,1.16,19488012,2026-09-18T05:18:38Z
C_hit,orig,leaf_freq_K10,async,128,3,0,0.00,100.00,602.37,308.04,234.37,73.67,,,910.41,676.04,1.65,38.00,51.00,1.16,19487912,2026-09-18T05:18:39Z
C_hit,orig,leaf_freq_K10,async_win,128,3,0,0.00,100.00,578.70,304.98,232.67,10.87,61.45,3.00,883.68,589.57,1.67,38.00,51.00,1.16,19489148,2026-09-18T05:18:39Z
C_hit,orig,leaf_freq_K10,async_bulk,128,3,0,0.00,100.00,584.42,302.91,231.09,10.71,61.12,3.00,887.33,595.13,1.65,38.00,51.00,1.16,19488480,2026-09-18T05:18:39Z
C_hit,orig,leaf_rand_K10,pread,128,3,0,0.00,100.00,576.75,1100.56,232.23,868.33,,,1677.31,1445.08,1.67,38.00,51.00,1.16,19488784,2026-09-18T05:18:40Z
C_hit,orig,leaf_rand_K10,async,128,3,0,0.00,100.00,574.98,308.25,232.51,75.74,,,883.23,650.72,1.66,38.00,51.00,1.16,19488652,2026-09-18T05:18:40Z
C_hit,orig,leaf_rand_K10,async_win,128,3,0,0.00,100.00,581.48,314.48,233.23,15.71,65.54,10.00,895.96,597.19,1.68,38.00,51.00,1.16,19476552,2026-09-18T05:18:40Z
C_hit,orig,leaf_rand_K10,async_bulk,128,3,0,0.00,100.00,577.68,309.59,231.12,17.62,60.85,10.00,887.27,595.30,1.65,38.00,51.00,1.16,19484460,2026-09-18T05:18:40Z
C_hit,orig,learned_markov_14,pread,128,3,0,0.00,100.00,1262.14,1108.76,233.25,875.52,,,2370.90,2137.66,1.68,37.00,52.00,1.16,19484400,2026-09-18T05:18:41Z
C_hit,orig,learned_markov_14,async,128,3,0,0.00,100.00,564.54,310.60,229.40,81.20,,,875.14,645.74,1.64,39.00,53.00,1.16,19485300,2026-09-18T05:18:41Z
C_hit,orig,learned_markov_14,async_win,128,3,0,0.00,100.00,558.11,309.28,231.34,15.81,62.13,6.00,867.39,573.92,1.64,39.00,53.00,1.16,19486280,2026-09-18T05:18:41Z
C_hit,orig,learned_markov_14,async_bulk,128,3,0,0.00,100.00,556.43,307.99,231.22,15.37,61.41,6.00,864.42,571.80,1.68,39.00,53.00,1.16,19486452,2026-09-18T05:18:41Z
C_hit,orig,learned_markov_28,pread,128,3,0,0.00,100.00,503.53,1162.74,235.54,927.19,,,1666.27,1430.72,1.64,36.00,53.00,1.16,19486764,2026-09-18T05:18:42Z
C_hit,orig,learned_markov_28,async,128,3,0,0.00,100.00,571.08,330.06,233.99,96.07,,,901.14,667.15,1.65,38.00,51.00,1.16,19487124,2026-09-18T05:18:42Z
C_hit,orig,learned_markov_28,async_win,128,3,0,0.00,100.00,508.69,319.54,229.90,27.27,62.37,8.00,828.23,535.96,1.64,38.00,51.00,1.15,19487640,2026-09-18T05:18:42Z
C_hit,orig,learned_markov_28,async_bulk,128,3,0,0.00,100.00,506.73,319.89,230.36,26.43,63.10,8.00,826.62,533.16,1.64,38.00,51.00,1.15,19508108,2026-09-18T05:18:43Z
A,orig,baseline,baseline,128,4,0,0.00,0.00,1027.06,0.00,0.00,0.00,,,1027.06,1027.06,2.12,189.00,265.00,1.15,19509032,2026-09-18T05:18:43Z
B,orig,baseline,baseline,128,4,0,0.00,0.00,829.04,0.00,0.00,0.00,,,829.04,829.04,2.21,187.00,260.00,1.15,19509256,2026-09-18T05:18:43Z
C,orig,baseline,baseline,128,4,0,0.00,0.00,877.17,0.00,0.00,0.00,,,877.17,877.17,1.59,20.00,27.00,1.15,19509988,2026-09-18T05:18:43Z
C_hit,orig,baseline,baseline,128,4,0,0.00,0.00,586.97,0.00,0.00,0.00,,,586.97,586.97,1.64,38.00,51.00,1.15,19509332,2026-09-18T05:18:44Z
A,orig,layers_5,pread,128,4,0,0.00,100.00,928.47,674.96,226.70,448.26,,,1603.43,1376.73,2.09,188.00,268.00,1.15,19509308,2026-09-18T05:18:44Z
A,orig,layers_5,async,128,4,0,0.00,100.00,992.98,294.35,225.08,69.27,,,1287.33,1062.25,2.11,189.00,268.00,1.15,19509680,2026-09-18T05:18:44Z
A,orig,layers_5,async_win,128,4,0,0.00,100.00,1009.66,298.56,229.37,8.19,61.00,2.00,1308.22,1017.85,2.15,189.00,268.00,1.15,19510128,2026-09-18T05:18:45Z
A,orig,layers_5,async_bulk,128,4,0,0.00,100.00,1002.25,294.66,225.30,7.87,61.49,2.00,1296.91,1010.12,2.14,189.00,268.00,1.15,19511156,2026-09-18T05:18:45Z
A,orig,layers_92,pread,128,4,0,0.00,100.00,532.32,8105.58,227.25,7878.33,,,8637.90,8410.65,2.13,188.00,273.00,1.15,19502040,2026-09-18T05:18:45Z
A,orig,layers_92,async,128,4,0,0.00,100.00,592.09,426.75,225.81,200.95,,,1018.84,793.04,2.08,189.00,272.00,1.15,19513640,2026-09-18T05:18:46Z
A,orig,layers_92,async_win,128,4,0,0.00,100.00,596.45,429.46,233.97,128.76,66.72,87.00,1025.91,725.21,2.14,189.00,272.00,1.15,19514520,2026-09-18T05:18:46Z
A,orig,layers_92,async_bulk,128,4,0,0.00,100.00,598.60,399.16,226.06,110.09,63.02,87.00,997.76,708.69,2.19,189.00,272.00,1.15,19514844,2026-09-18T05:18:46Z
A,orig,2d,pread,128,4,0,0.00,100.00,596.14,1961.78,223.93,1737.85,,,2557.92,2333.99,2.13,188.00,273.00,1.15,19515320,2026-09-18T05:18:47Z
A,orig,2d,async,128,4,0,0.00,100.00,590.66,314.62,226.90,87.72,,,905.28,678.38,2.11,189.00,272.00,1.15,19515692,2026-09-18T05:18:47Z
A,orig,2d,async_win,128,4,0,0.00,100.00,585.98,310.60,224.15,21.26,65.19,13.00,896.58,607.24,2.28,189.00,272.00,1.13,19515880,2026-09-18T05:18:47Z
A,orig,2d,async_bulk,128,4,0,0.00,100.00,590.88,307.54,224.20,21.42,61.92,13.00,898.42,612.30,2.10,189.00,272.00,1.13,19516564,2026-09-18T05:18:48Z
A,orig,2e_K10,pread,128,4,0,0.00,100.00,593.98,2681.85,224.87,2456.98,,,3275.83,3050.96,2.11,189.00,284.00,1.13,19505704,2026-09-18T05:18:48Z
A,orig,2e_K10,async,128,4,0,0.00,100.00,598.74,320.72,225.03,95.69,,,919.46,694.43,2.15,190.00,283.00,1.13,19500332,2026-09-18T05:18:48Z
A,orig,2e_K10,async_win,128,4,0,0.00,100.00,591.36,326.40,227.07,36.55,62.79,23.00,917.76,627.91,2.17,190.00,283.00,1.13,19500380,2026-09-18T05:18:49Z
A,orig,2e_K10,async_bulk,128,4,0,0.00,100.00,525.72,328.97,224.84,41.25,62.88,23.00,854.69,566.97,2.12,190.00,283.00,1.13,19501320,2026-09-18T05:18:49Z
A,orig,2e_K500,pread,128,4,0,0.00,100.00,181.71,18158.45,224.34,17934.11,,,18340.16,18115.82,1.69,53.00,319.00,1.13,19501244,2026-09-18T05:18:49Z
A,orig,2e_K500,async,128,4,0,0.00,100.00,569.27,1115.08,224.72,890.35,,,1684.35,1459.62,2.11,194.00,395.00,1.13,19501724,2026-09-18T05:18:49Z
A,orig,2e_K500,async_win,128,4,0,0.00,100.00,640.98,1029.39,234.74,694.21,100.45,471.00,1670.37,1335.19,2.17,194.00,392.00,1.13,19501520,2026-09-18T05:18:50Z
A,orig,2e_K500,async_bulk,128,4,0,0.00,100.00,641.97,1019.44,223.67,702.17,93.60,471.00,1661.41,1344.14,2.11,194.00,398.00,1.13,19501176,2026-09-18T05:18:50Z
A,orig,2f_top14,pread,128,4,0,0.00,100.00,592.18,1413.05,224.86,1188.18,,,2005.23,1780.36,2.11,191.00,271.00,1.13,19502300,2026-09-18T05:18:50Z
A,orig,2f_top14,async,128,4,0,0.00,100.00,597.04,310.85,230.77,80.07,,,907.89,677.11,2.15,191.00,271.00,1.13,19481620,2026-09-18T05:18:51Z
A,orig,2f_top14,async_win,128,4,0,0.00,100.00,592.92,308.61,226.03,20.73,61.86,13.00,901.53,613.65,2.14,191.00,271.00,1.13,19482388,2026-09-18T05:18:51Z
A,orig,2f_top14,async_bulk,128,4,0,0.00,100.00,525.76,310.19,228.61,19.56,62.03,13.00,835.95,545.32,2.10,191.00,271.00,1.13,19484472,2026-09-18T05:18:51Z
A,orig,2f_top28,pread,128,4,0,0.00,100.00,594.08,2671.70,231.27,2440.43,,,3265.78,3034.51,2.17,191.00,291.00,1.13,19483656,2026-09-18T05:18:52Z
A,orig,2f_top28,async,128,4,0,0.00,100.00,595.56,322.32,224.89,97.42,,,917.88,692.98,2.14,191.00,290.00,1.13,19485316,2026-09-18T05:18:52Z
A,orig,2f_top28,async_win,128,4,0,0.00,39.30,590.46,935.10,554.68,34.23,346.19,27.00,1525.56,624.69,2.14,191.00,290.00,1.12,19484704,2026-09-18T05:18:52Z
A,orig,2f_top28,async_bulk,128,4,0,0.00,100.00,527.11,324.00,225.04,36.29,62.67,27.00,851.11,563.40,2.13,191.00,290.00,1.12,19486004,2026-09-18T05:18:53Z
A,orig,2f_top100,pread,128,4,0,0.00,100.00,584.25,8441.45,225.82,8215.63,,,9025.70,8799.88,2.11,186.00,316.00,1.12,19486820,2026-09-18T05:18:53Z
A,orig,2f_top100,async,128,4,0,0.00,100.00,617.84,421.41,231.46,189.96,,,1039.25,807.80,2.18,191.00,312.00,1.12,19487364,2026-09-18T05:18:53Z
A,orig,2f_top100,async_win,128,4,0,0.00,100.00,597.34,421.72,228.48,127.02,66.22,98.00,1019.06,724.36,2.16,191.00,310.00,1.12,19486960,2026-09-18T05:18:54Z
A,orig,2f_top100,async_bulk,128,4,0,0.00,100.00,601.54,425.46,226.15,133.06,66.25,98.00,1027.00,734.60,2.14,191.00,311.00,1.12,19487144,2026-09-18T05:18:54Z
A,orig,2f_top500,pread,128,4,0,0.00,100.00,186.62,18743.91,227.81,18516.10,,,18930.53,18702.72,1.70,54.00,322.00,1.12,19488436,2026-09-18T05:18:54Z
A,orig,2f_top500,async,128,4,0,0.00,100.00,646.13,1145.36,225.63,919.73,,,1791.49,1565.86,2.12,193.00,396.00,1.12,19489028,2026-09-18T05:18:55Z
A,orig,2f_top500,async_win,128,4,0,0.00,100.00,638.38,1086.46,226.35,731.94,128.17,460.00,1724.84,1370.32,2.11,193.00,397.00,1.12,19489376,2026-09-18T05:18:55Z
A,orig,2f_top500,async_bulk,128,4,0,0.00,100.00,643.50,1032.30,225.32,678.72,128.26,460.00,1675.80,1322.22,2.10,193.00,397.00,1.12,19489000,2026-09-18T05:18:55Z
A,orig,2f_slru,pread,128,4,0,0.00,100.00,97.40,17982.84,225.52,17757.32,,,18080.24,17854.72,1.54,0.00,278.00,1.12,19488860,2026-09-18T05:18:55Z
A,orig,2f_slru,async,128,4,0,0.00,100.00,98.89,12017.52,224.85,11792.67,,,12116.41,11891.56,1.56,0.00,278.00,1.12,19477348,2026-09-18T05:18:56Z
A,orig,2f_slru,async_win,128,4,0,0.00,84.80,96.56,2703.81,226.64,2073.33,403.85,138.00,2800.37,2169.89,1.57,0.00,278.00,1.12,19453124,2026-09-18T05:18:56Z
A,orig,2f_slru,async_bulk,128,4,0,0.00,1.40,1621.42,712.73,228.30,82.34,402.09,2.00,2334.15,1703.76,2.16,188.00,263.00,1.12,19456292,2026-09-18T05:18:56Z
A,orig,leaf_freq_K10,pread,128,4,0,0.00,100.00,1009.78,1158.01,228.54,929.47,,,2167.79,1939.25,2.14,188.00,278.00,1.12,19460044,2026-09-18T05:18:57Z
A,orig,leaf_freq_K10,async,128,4,0,0.00,100.00,1006.22,295.98,218.16,77.82,,,1302.20,1084.04,2.08,188.00,278.00,1.12,19461084,2026-09-18T05:18:57Z
A,orig,leaf_freq_K10,async_win,128,4,0,0.00,100.00,873.97,305.04,226.59,17.67,60.78,10.00,1179.01,891.64,2.13,188.00,278.00,1.11,19459768,2026-09-18T05:18:57Z
A,orig,leaf_freq_K10,async_bulk,128,4,0,0.00,100.00,1008.27,298.56,223.05,14.38,61.13,10.00,1306.83,1022.65,2.13,188.00,278.00,1.11,19459648,2026-09-18T05:18:58Z
A,orig,leaf_rand_K10,pread,128,4,0,0.00,100.00,1016.39,1090.54,224.77,865.77,,,2106.93,1882.16,2.13,189.00,266.00,1.11,19460368,2026-09-18T05:18:58Z
A,orig,leaf_rand_K10,async,128,4,0,0.00,100.00,1004.67,301.82,225.74,76.07,,,1306.49,1080.74,2.12,189.00,266.00,1.11,19462072,2026-09-18T05:18:58Z
A,orig,leaf_rand_K10,async_win,128,4,0,0.00,100.00,1010.62,304.81,223.79,19.41,61.62,10.00,1315.43,1030.03,2.13,189.00,266.00,1.11,19462808,2026-09-18T05:18:59Z
A,orig,leaf_rand_K10,async_bulk,128,4,0,0.00,100.00,1007.77,297.89,219.61,15.11,63.17,10.00,1305.66,1022.88,2.20,189.00,266.00,1.11,19462064,2026-09-18T05:18:59Z
A,orig,learned_markov_14,pread,128,4,0,0.00,100.00,593.52,1435.72,221.86,1213.86,,,2029.24,1807.38,2.10,189.00,273.00,1.11,19464584,2026-09-18T05:18:59Z
A,orig,learned_markov_14,async,128,4,0,0.00,100.00,598.89,304.20,225.47,78.73,,,903.09,677.62,2.12,189.00,273.00,1.11,19464964,2026-09-18T05:18:59Z
A,orig,learned_markov_14,async_win,128,4,0,0.00,100.00,535.30,355.69,270.07,21.50,64.12,13.00,890.99,556.80,2.17,189.00,273.00,1.11,19467348,2026-09-18T05:19:00Z
A,orig,learned_markov_14,async_bulk,128,4,0,0.00,100.00,591.48,308.08,224.33,21.70,62.05,13.00,899.56,613.18,2.08,189.00,273.00,1.11,19467340,2026-09-18T05:19:00Z
A,orig,learned_markov_28,pread,128,4,0,0.00,100.00,588.84,2619.83,223.67,2396.16,,,3208.67,2985.00,2.10,189.00,275.00,1.11,19467780,2026-09-18T05:19:00Z
A,orig,learned_markov_28,async,128,4,0,0.00,100.00,592.58,322.57,226.00,96.56,,,915.15,689.14,2.12,189.00,275.00,1.11,19469428,2026-09-18T05:19:01Z
A,orig,learned_markov_28,async_win,128,4,0,0.00,100.00,593.13,325.22,225.02,38.24,61.96,26.00,918.35,631.37,2.11,189.00,274.00,1.11,19457984,2026-09-18T05:19:01Z
A,orig,learned_markov_28,async_bulk,128,4,0,0.00,100.00,1724.51,320.06,224.15,34.13,61.78,26.00,2044.57,1758.64,2.18,189.00,274.00,1.11,19467776,2026-09-18T05:19:01Z
B,orig,layers_5,pread,128,4,0,0.00,100.00,906.66,671.43,224.19,447.24,,,1578.09,1353.90,2.20,186.00,260.00,1.11,19469492,2026-09-18T05:19:02Z
B,orig,layers_5,async,128,4,0,0.00,100.00,911.04,293.47,223.22,70.25,,,1204.51,981.29,2.17,187.00,260.00,1.11,19470156,2026-09-18T05:19:02Z
B,orig,layers_5,async_win,128,4,0,0.00,100.00,933.31,302.03,232.63,7.83,61.58,2.00,1235.34,941.14,2.24,187.00,260.00,1.10,19474420,2026-09-18T05:19:02Z
B,orig,layers_5,async_bulk,128,4,0,0.00,100.00,909.21,304.03,230.52,8.29,65.22,2.00,1213.24,917.50,2.18,187.00,260.00,1.10,19474672,2026-09-18T05:19:03Z
B,orig,layers_92,pread,128,4,0,0.00,100.00,526.83,8064.64,225.55,7839.09,,,8591.47,8365.92,2.16,186.00,267.00,1.10,19487236,2026-09-18T05:19:03Z
B,orig,layers_92,async,128,4,0,0.00,100.00,524.22,419.14,223.54,195.60,,,943.36,719.82,2.19,187.00,266.00,1.10,19486776,2026-09-18T05:19:03Z
B,orig,layers_92,async_win,128,4,0,0.00,100.00,523.58,422.94,224.02,133.58,65.33,87.00,946.52,657.16,2.14,187.00,266.00,1.10,19486552,2026-09-18T05:19:04Z
B,orig,layers_92,async_bulk,128,4,0,0.00,100.00,528.44,419.44,225.03,129.51,64.89,87.00,947.88,657.95,2.17,187.00,266.00,1.10,19484888,2026-09-18T05:19:04Z
B,orig,2d,pread,128,4,0,0.00,100.00,523.86,1961.34,225.34,1735.99,,,2485.20,2259.85,2.18,186.00,266.00,1.10,19484488,2026-09-18T05:19:04Z
B,orig,2d,async,128,4,0,0.00,100.00,522.07,312.48,226.82,85.66,,,834.55,607.73,2.15,187.00,266.00,1.10,19484632,2026-09-18T05:19:05Z
B,orig,2d,async_win,128,4,0,0.00,100.00,526.38,311.83,225.09,25.28,61.45,13.00,838.21,551.66,2.18,187.00,266.00,1.10,19485008,2026-09-18T05:19:05Z
B,orig,2d,async_bulk,128,4,0,0.00,100.00,527.55,309.86,226.81,21.45,61.61,13.00,837.41,549.00,2.19,187.00,266.00,1.10,19485912,2026-09-18T05:19:05Z
B,orig,2e_K10,pread,128,4,0,0.00,100.00,527.23,2779.55,225.11,2554.43,,,3306.78,3081.66,2.17,187.00,267.00,1.10,19486380,2026-09-18T05:19:06Z
B,orig,2e_K10,async,128,4,0,0.00,100.00,525.16,330.35,227.04,103.31,,,855.51,628.47,2.22,188.00,267.00,1.10,19488204,2026-09-18T05:19:06Z
B,orig,2e_K10,async_win,128,4,0,0.00,100.00,526.58,324.45,225.10,37.21,62.14,23.00,851.03,563.79,2.18,188.00,267.00,1.10,19489296,2026-09-18T05:19:06Z
B,orig,2e_K10,async_bulk,128,4,0,0.00,100.00,523.62,314.11,218.05,34.38,61.68,23.00,837.73,558.00,2.19,188.00,267.00,1.10,19478352,2026-09-18T05:19:07Z
B,orig,2e_K500,pread,128,4,0,0.00,100.00,180.39,36026.64,226.84,35799.80,,,36207.03,35980.19,1.81,73.00,312.00,1.10,19482996,2026-09-18T05:19:07Z
B,orig,2e_K500,async,128,4,0,0.00,100.00,183.76,1131.15,224.14,907.00,,,1314.91,1090.76,2.14,187.00,317.00,1.10,19486936,2026-09-18T05:19:07Z
B,orig,2e_K500,async_win,128,4,0,0.00,100.00,181.44,1073.32,224.47,758.20,90.65,461.00,1254.76,939.64,2.14,187.00,315.00,1.10,19487184,2026-09-18T05:19:08Z
B,orig,2e_K500,async_bulk,128,4,0,0.00,100.00,182.35,1004.45,222.82,690.41,91.22,461.00,1186.80,872.76,2.17,187.00,315.00,1.10,19488492,2026-09-18T05:19:08Z
B,orig,2f_top14,pread,128,4,0,0.00,100.00,530.32,1438.45,221.39,1217.07,,,1968.77,1747.39,2.15,188.00,265.00,1.10,19488776,2026-09-18T05:19:08Z
B,orig,2f_top14,async,128,4,0,0.00,100.00,525.48,305.73,225.11,80.61,,,831.21,606.09,2.20,188.00,266.00,1.10,19479896,2026-09-18T05:19:09Z
B,orig,2f_top14,async_win,128,4,0,0.00,100.00,529.45,309.16,228.17,18.55,62.45,13.00,838.61,548.00,2.22,188.00,266.00,1.10,19479904,2026-09-18T05:19:09Z
B,orig,2f_top14,async_bulk,128,4,0,0.00,100.00,529.29,307.42,226.06,19.92,61.44,13.00,836.71,549.21,2.17,188.00,266.00,1.10,19480824,2026-09-18T05:19:09Z
B,orig,2f_top28,pread,128,4,0,0.00,100.00,535.28,2542.08,224.90,2317.18,,,3077.36,2852.46,2.16,188.00,267.00,1.10,19481772,2026-09-18T05:19:09Z
B,orig,2f_top28,async,128,4,0,0.00,100.00,526.79,326.16,226.31,99.86,,,852.95,626.65,2.17,188.00,268.00,1.10,19482020,2026-09-18T05:19:10Z
B,orig,2f_top28,async_win,128,4,0,0.00,100.00,469.50,327.63,225.28,40.09,62.26,27.00,797.13,509.59,2.17,188.00,268.00,1.10,19481844,2026-09-18T05:19:10Z
B,orig,2f_top28,async_bulk,128,4,0,0.00,100.00,464.32,328.38,226.33,36.67,65.38,27.00,792.70,500.99,2.15,188.00,268.00,1.10,19482244,2026-09-18T05:19:10Z
B,orig,2f_top100,pread,128,4,0,0.00,100.00,524.33,9009.93,227.09,8782.84,,,9534.26,9307.17,2.19,187.00,272.00,1.10,19481452,2026-09-18T05:19:11Z
B,orig,2f_top100,async,128,4,0,0.00,100.00,525.02,438.26,225.33,212.93,,,963.28,737.95,2.15,187.00,272.00,1.10,19480628,2026-09-18T05:19:11Z
B,orig,2f_top100,async_win,128,4,0,0.00,100.00,574.41,417.95,223.51,128.37,66.06,97.00,992.36,702.78,2.21,187.00,272.00,1.10,19481264,2026-09-18T05:19:11Z
B,orig,2f_top100,async_bulk,128,4,0,0.00,100.00,530.00,429.70,225.72,138.88,65.09,97.00,959.70,668.88,2.18,187.00,271.00,1.10,19462648,2026-09-18T05:19:12Z
B,orig,2f_top500,pread,128,4,0,0.00,100.00,180.85,18212.08,224.19,17987.89,,,18392.93,18168.74,1.79,74.00,316.00,1.10,19462916,2026-09-18T05:19:12Z
B,orig,2f_top500,async,128,4,0,0.00,100.00,183.12,1046.27,223.00,823.27,,,1229.39,1006.39,2.14,187.00,311.00,1.17,19464316,2026-09-18T05:19:12Z
B,orig,2f_top500,async_win,128,4,0,0.00,100.00,182.65,1048.93,224.24,734.02,90.67,448.00,1231.58,916.67,2.15,187.00,315.00,1.17,19465024,2026-09-18T05:19:13Z
B,orig,2f_top500,async_bulk,128,4,0,0.00,100.00,185.22,1036.40,225.51,719.44,91.44,448.00,1221.62,904.66,2.16,187.00,314.00,1.17,19464808,2026-09-18T05:19:13Z
B,orig,2f_slru,pread,128,4,0,0.00,100.00,95.87,18287.16,223.11,18064.05,,,18383.03,18159.92,1.56,0.00,278.00,1.17,19466440,2026-09-18T05:19:13Z
B,orig,2f_slru,async,128,4,0,0.00,100.00,98.38,7381.59,226.27,7155.32,,,7479.97,7253.70,1.60,0.00,278.00,1.17,19464128,2026-09-18T05:19:14Z
B,orig,2f_slru,async_win,128,4,0,0.00,81.60,98.86,2592.43,222.96,1964.06,405.41,139.00,2691.29,2062.92,1.59,0.00,278.00,1.17,19466000,2026-09-18T05:19:14Z
B,orig,2f_slru,async_bulk,128,4,0,0.00,2.20,825.83,737.50,223.62,105.96,407.92,3.00,1563.33,931.79,2.16,184.00,259.00,1.17,19468004,2026-09-18T05:19:14Z
B,orig,leaf_freq_K10,pread,128,4,0,0.00,100.00,920.43,3314.80,1182.73,2132.07,,,4235.23,3052.50,2.22,187.00,260.00,1.17,19468792,2026-09-18T05:19:15Z
B,orig,leaf_freq_K10,async,128,4,0,0.00,100.00,917.93,299.82,224.13,75.69,,,1217.75,993.62,2.18,187.00,260.00,1.17,19469056,2026-09-18T05:19:15Z
B,orig,leaf_freq_K10,async_win,128,4,0,0.00,100.00,887.99,304.40,227.49,15.03,61.89,10.00,1192.39,903.02,2.17,187.00,260.00,1.17,19469044,2026-09-18T05:19:15Z
B,orig,leaf_freq_K10,async_bulk,128,4,0,0.00,100.00,813.82,302.33,224.03,16.91,61.39,10.00,1116.15,830.73,2.19,187.00,260.00,1.17,19469600,2026-09-18T05:19:15Z
B,orig,leaf_rand_K10,pread,128,4,0,0.00,100.00,928.27,1061.67,224.19,837.47,,,1989.94,1765.74,2.18,188.00,261.00,1.17,19469600,2026-09-18T05:19:16Z
B,orig,leaf_rand_K10,async,128,4,0,0.00,100.00,825.80,302.74,226.15,76.59,,,1128.54,902.39,2.15,188.00,261.00,1.17,19470764,2026-09-18T05:19:16Z
B,orig,leaf_rand_K10,async_win,128,4,0,0.00,100.00,940.64,305.04,226.76,15.78,62.51,10.00,1245.68,956.42,2.17,188.00,261.00,1.17,19471576,2026-09-18T05:19:16Z
B,orig,leaf_rand_K10,async_bulk,128,4,0,0.00,100.00,793.18,302.27,224.02,16.03,62.22,10.00,1095.45,809.21,2.19,188.00,261.00,1.17,19471508,2026-09-18T05:19:17Z
B,orig,learned_markov_14,pread,128,4,0,0.00,100.00,459.68,5359.67,220.38,5139.28,,,5819.35,5598.96,2.19,187.00,265.00,1.17,19465624,2026-09-18T05:19:17Z
B,orig,learned_markov_14,async,128,4,0,0.00,100.00,526.04,303.38,223.88,79.50,,,829.42,605.54,2.20,187.00,265.00,1.15,19469060,2026-09-18T05:19:17Z
B,orig,learned_markov_14,async_win,128,4,0,0.00,100.00,461.64,305.50,223.21,18.57,63.72,13.00,767.14,480.21,2.14,187.00,265.00,1.15,19474668,2026-09-18T05:19:18Z
B,orig,learned_markov_14,async_bulk,128,4,0,0.00,100.00,533.38,1315.59,762.19,20.06,533.34,13.00,1848.97,553.44,2.22,187.00,265.00,1.15,19476036,2026-09-18T05:19:18Z
B,orig,learned_markov_28,pread,128,4,0,0.00,100.00,527.98,2564.76,224.63,2340.13,,,3092.74,2868.11,2.16,187.00,265.00,1.15,19476884,2026-09-18T05:19:18Z
B,orig,learned_markov_28,async,128,4,0,0.00,100.00,529.03,332.11,227.03,105.09,,,861.14,634.12,2.21,187.00,265.00,1.15,19476692,2026-09-18T05:19:19Z
B,orig,learned_markov_28,async_win,128,4,0,0.00,100.00,535.56,325.74,224.75,38.21,62.78,27.00,861.30,573.77,2.23,187.00,265.00,1.15,19477232,2026-09-18T05:19:19Z
B,orig,learned_markov_28,async_bulk,128,4,0,0.00,100.00,531.51,332.02,225.04,43.87,63.11,27.00,863.53,575.38,2.18,187.00,265.00,1.15,19477688,2026-09-18T05:19:19Z
C,orig,layers_5,pread,128,4,0,0.00,100.00,830.87,661.91,225.10,436.81,,,1492.78,1267.68,1.58,20.00,27.00,1.15,19477148,2026-09-18T05:19:20Z
C,orig,layers_5,async,128,4,0,0.00,100.00,819.21,291.82,221.16,70.66,,,1111.03,889.87,1.61,20.00,27.00,1.15,19478924,2026-09-18T05:19:20Z
C,orig,layers_5,async_win,128,4,0,0.00,100.00,822.23,291.79,223.52,7.08,61.19,2.00,1114.02,829.31,1.57,20.00,27.00,1.15,19478576,2026-09-18T05:19:20Z
C,orig,layers_5,async_bulk,128,4,0,0.00,100.00,818.75,296.25,227.61,7.16,61.48,2.00,1115.00,825.91,1.58,20.00,27.00,1.15,19478416,2026-09-18T05:19:20Z
C,orig,layers_92,pread,128,4,0,0.00,100.00,472.01,8298.37,227.59,8070.78,,,8770.38,8542.79,1.57,18.00,30.00,1.15,19478300,2026-09-18T05:19:21Z
C,orig,layers_92,async,128,4,0,0.00,100.00,472.80,417.99,225.79,192.19,,,890.79,664.99,1.60,18.00,30.00,1.15,19479960,2026-09-18T05:19:21Z
C,orig,layers_92,async_win,128,4,0,0.00,100.00,403.55,422.86,225.37,130.95,66.53,87.00,826.41,534.50,1.57,18.00,30.00,1.15,19479032,2026-09-18T05:19:21Z
C,orig,layers_92,async_bulk,128,4,0,0.00,100.00,469.72,406.24,224.46,115.80,65.98,87.00,875.96,585.52,1.56,18.00,30.00,1.15,19478824,2026-09-18T05:19:21Z
C,orig,2d,pread,128,4,0,0.00,100.00,439.71,575.33,225.26,350.07,,,1015.04,789.78,1.57,18.00,30.00,1.15,19479344,2026-09-18T05:19:22Z
C,orig,2d,async,128,4,0,0.00,100.00,439.96,303.46,232.00,71.46,,,743.42,511.42,1.58,18.00,30.00,1.15,19479248,2026-09-18T05:19:22Z
C,orig,2d,async_win,128,4,0,0.00,100.00,399.93,285.74,221.24,7.36,57.14,2.00,685.67,407.29,1.59,18.00,30.00,1.14,19471824,2026-09-18T05:19:22Z
C,orig,2d,async_bulk,128,4,0,0.00,100.00,443.14,291.45,223.34,7.12,60.98,2.00,734.59,450.26,1.61,18.00,30.00,1.14,19472676,2026-09-18T05:19:23Z
C,orig,2e_K10,pread,128,4,0,0.00,100.00,178.06,1406.80,223.65,1183.14,,,1584.86,1361.20,1.56,17.00,33.00,1.14,19472852,2026-09-18T05:19:23Z
C,orig,2e_K10,async,128,4,0,0.00,100.00,178.41,301.36,222.47,78.89,,,479.77,257.30,1.59,17.00,32.00,1.14,19475436,2026-09-18T05:19:23Z
C,orig,2e_K10,async_win,128,4,0,0.00,100.00,177.20,304.54,226.69,16.38,61.48,8.00,481.74,193.58,1.57,17.00,32.00,1.14,19476200,2026-09-18T05:19:23Z
C,orig,2e_K10,async_bulk,128,4,0,0.00,100.00,175.85,299.57,220.96,16.90,61.72,8.00,475.42,192.75,1.58,17.00,32.00,1.14,19484872,2026-09-18T05:19:24Z
C,orig,2e_K500,pread,128,4,0,0.00,100.00,179.92,2496.57,223.35,2273.22,,,2676.49,2453.14,1.52,0.00,37.00,1.14,19484096,2026-09-18T05:19:24Z
C,orig,2e_K500,async,128,4,0,0.00,67.50,178.12,687.67,223.70,463.97,,,865.79,642.09,1.51,0.00,37.00,1.14,19484796,2026-09-18T05:19:24Z
C,orig,2e_K500,async_win,128,4,0,0.00,44.10,178.74,561.48,223.17,242.09,96.21,90.00,740.22,420.83,1.52,0.00,37.00,1.14,19485888,2026-09-18T05:19:24Z
C,orig,2e_K500,async_bulk,128,4,0,0.00,45.90,178.87,522.52,223.06,217.09,82.38,90.00,701.39,395.96,1.53,0.00,37.00,1.14,19485592,2026-09-18T05:19:25Z
C,orig,2f_top14,pread,128,4,0,0.00,100.00,180.42,1299.17,222.98,1076.19,,,1479.59,1256.61,1.56,16.00,34.00,1.14,19485672,2026-09-18T05:19:25Z
C,orig,2f_top14,async,128,4,0,0.00,100.00,176.32,302.41,222.45,79.96,,,478.73,256.28,1.55,17.00,32.00,1.14,19487460,2026-09-18T05:19:25Z
C,orig,2f_top14,async_win,128,4,0,0.00,100.00,176.80,303.27,223.47,18.00,61.80,9.00,480.07,194.80,1.56,17.00,32.00,1.14,19488056,2026-09-18T05:19:25Z
C,orig,2f_top14,async_bulk,128,4,0,0.00,100.00,176.06,301.40,224.22,15.55,61.63,9.00,477.46,191.61,1.56,17.00,32.00,1.14,19488628,2026-09-18T05:19:26Z
C,orig,2f_top28,pread,128,4,0,0.00,100.00,175.43,1294.95,221.22,1073.74,,,1470.38,1249.17,1.55,15.00,33.00,1.14,19489272,2026-09-18T05:19:26Z
C,orig,2f_top28,async,128,4,0,0.00,100.00,181.60,321.92,225.09,96.82,,,503.52,278.42,1.56,16.00,33.00,1.14,19489632,2026-09-18T05:19:26Z
C,orig,2f_top28,async_win,128,4,0,0.00,100.00,177.26,313.83,223.46,28.17,62.20,13.00,491.09,205.43,1.57,16.00,33.00,1.14,19491096,2026-09-18T05:19:26Z
C,orig,2f_top28,async_bulk,128,4,0,0.00,100.00,175.81,314.19,224.40,26.30,63.49,13.00,490.00,202.11,1.57,16.00,33.00,1.14,19491460,2026-09-18T05:19:27Z
C,orig,2f_top100,pread,128,4,0,0.00,100.00,178.04,1422.85,221.98,1200.87,,,1600.89,1378.91,1.58,11.00,33.00,1.14,19491788,2026-09-18T05:19:27Z
C,orig,2f_top100,async,128,4,0,0.00,100.00,177.45,401.44,224.89,176.54,,,578.89,353.99,1.57,14.00,33.00,1.13,19493104,2026-09-18T05:19:27Z
C,orig,2f_top100,async_win,128,4,0,0.00,100.00,178.19,374.15,222.84,86.42,64.89,32.00,552.34,264.61,1.56,14.00,33.00,1.13,19477552,2026-09-18T05:19:27Z
C,orig,2f_top100,async_bulk,128,4,0,0.00,100.00,178.12,359.76,223.12,69.72,66.92,32.00,537.88,247.84,1.56,14.00,33.00,1.13,19478424,2026-09-18T05:19:28Z
C,orig,2f_top500,pread,128,4,0,0.00,100.00,92.33,3045.75,220.44,2825.30,,,3138.08,2917.63,1.52,0.00,37.00,1.13,19479048,2026-09-18T05:19:28Z
C,orig,2f_top500,async,128,4,0,0.00,100.00,90.36,935.75,222.16,713.59,,,1026.11,803.95,1.53,0.00,37.00,1.13,19480684,2026-09-18T05:19:28Z
C,orig,2f_top500,async_win,128,4,0,0.00,100.00,93.28,570.43,224.63,256.48,89.32,15.00,663.71,349.76,1.52,0.00,37.00,1.13,19481700,2026-09-18T05:19:29Z
C,orig,2f_top500,async_bulk,128,4,0,0.00,13.40,759.47,351.11,223.32,38.15,89.64,2.00,1110.58,797.62,1.60,19.00,29.00,1.13,19479784,2026-09-18T05:19:29Z
C,orig,2f_slru,pread,128,4,0,0.00,100.00,91.80,3111.34,230.53,2880.81,,,3203.14,2972.61,1.50,0.00,37.00,1.13,19467812,2026-09-18T05:19:29Z
C,orig,2f_slru,async,128,4,0,0.00,100.00,244.50,948.57,223.21,725.36,,,1193.07,969.86,1.52,0.00,37.00,1.13,19469104,2026-09-18T05:19:29Z
C,orig,2f_slru,async_win,128,4,0,0.00,100.00,93.27,573.45,222.05,263.62,87.78,15.00,666.72,356.89,1.53,0.00,37.00,1.13,19469224,2026-09-18T05:19:30Z
C,orig,2f_slru,async_bulk,128,4,0,0.00,13.40,688.06,349.58,222.42,38.03,89.13,2.00,1037.64,726.09,1.56,19.00,29.00,1.13,19469176,2026-09-18T05:19:30Z
C,orig,leaf_freq_K10,pread,128,4,0,0.00,100.00,668.86,924.13,220.08,704.04,,,1592.99,1372.90,1.57,19.00,30.00,1.13,19468996,2026-09-18T05:19:30Z
C,orig,leaf_freq_K10,async,128,4,0,0.00,100.00,679.61,296.63,223.15,73.48,,,976.24,753.09,1.57,19.00,29.00,1.13,19469016,2026-09-18T05:19:30Z
C,orig,leaf_freq_K10,async_win,128,4,0,0.00,100.00,574.25,295.30,223.76,11.33,60.20,6.00,869.55,585.58,1.57,19.00,29.00,1.13,19469680,2026-09-18T05:19:31Z
C,orig,leaf_freq_K10,async_bulk,128,4,0,0.00,100.00,571.13,297.48,223.74,12.83,60.91,6.00,868.61,583.96,1.58,19.00,29.00,1.13,19469204,2026-09-18T05:19:31Z
C,orig,leaf_rand_K10,pread,128,4,0,0.00,100.00,834.83,1035.52,221.70,813.82,,,1870.35,1648.65,1.58,20.00,27.00,1.13,19469780,2026-09-18T05:19:31Z
C,orig,leaf_rand_K10,async,128,4,0,0.00,100.00,763.49,296.66,220.88,75.78,,,1060.15,839.27,1.59,20.00,27.00,1.13,19469392,2026-09-18T05:19:31Z
C,orig,leaf_rand_K10,async_win,128,4,0,0.00,100.00,864.50,298.48,222.00,15.31,61.18,10.00,1162.98,879.81,1.56,20.00,27.00,1.13,19470468,2026-09-18T05:19:32Z
C,orig,leaf_rand_K10,async_bulk,128,4,0,0.00,100.00,842.49,298.86,222.53,14.85,61.49,10.00,1141.35,857.34,1.57,20.00,27.00,1.13,19469428,2026-09-18T05:19:32Z
C,orig,learned_markov_14,pread,128,4,0,0.00,100.00,178.54,1266.38,223.28,1043.10,,,1444.92,1221.64,1.55,16.00,34.00,1.13,19470116,2026-09-18T05:19:32Z
C,orig,learned_markov_14,async,128,4,0,0.00,100.00,170.34,300.86,223.81,77.05,,,471.20,247.39,1.57,17.00,32.00,1.12,19470068,2026-09-18T05:19:32Z
C,orig,learned_markov_14,async_win,128,4,0,0.00,100.00,180.33,306.77,225.65,18.98,62.14,9.00,487.10,199.31,1.57,17.00,32.00,1.12,19460620,2026-09-18T05:19:33Z
C,orig,learned_markov_14,async_bulk,128,4,0,0.00,100.00,179.77,297.06,221.44,14.99,60.63,9.00,476.83,194.76,1.59,17.00,32.00,1.12,19462040,2026-09-18T05:19:33Z
C,orig,learned_markov_28,pread,128,4,0,0.00,100.00,178.10,1331.59,226.42,1105.18,,,1509.69,1283.28,1.61,15.00,33.00,1.12,19461824,2026-09-18T05:19:33Z
C,orig,learned_markov_28,async,128,4,0,0.00,100.00,178.34,316.69,221.57,95.12,,,495.03,273.46,1.58,16.00,33.00,1.12,19462544,2026-09-18T05:19:33Z
C,orig,learned_markov_28,async_win,128,4,0,0.00,100.00,177.39,313.22,222.63,29.11,61.48,13.00,490.61,206.50,1.58,16.00,33.00,1.12,19460668,2026-09-18T05:19:34Z
C,orig,learned_markov_28,async_bulk,128,4,0,0.00,100.00,177.76,308.41,219.78,27.32,61.30,13.00,486.17,205.08,1.59,16.00,33.00,1.12,19460428,2026-09-18T05:19:34Z
C_hit,orig,layers_5,pread,128,4,0,0.00,100.00,550.82,669.15,222.77,446.38,,,1219.97,997.20,1.68,38.00,51.00,1.12,19461200,2026-09-18T05:19:34Z
C_hit,orig,layers_5,async,128,4,0,0.00,100.00,551.14,284.08,216.03,68.06,,,835.22,619.20,1.67,38.00,51.00,1.12,19463200,2026-09-18T05:19:35Z
C_hit,orig,layers_5,async_win,128,4,0,0.00,100.00,563.84,291.59,223.54,7.67,60.37,2.00,855.43,571.51,1.65,38.00,51.00,1.12,19463292,2026-09-18T05:19:35Z
C_hit,orig,layers_5,async_bulk,128,4,0,0.00,100.00,553.79,290.31,222.66,6.64,61.01,2.00,844.10,560.43,1.66,38.00,51.00,1.12,19462380,2026-09-18T05:19:35Z
C_hit,orig,layers_92,pread,128,4,0,0.00,100.00,559.05,8007.59,225.00,7782.58,,,8566.64,8341.63,1.65,39.00,53.00,1.12,19461988,2026-09-18T05:19:35Z
C_hit,orig,layers_92,async,128,4,0,0.00,100.00,571.90,413.62,219.61,194.00,,,985.52,765.90,1.68,39.00,53.00,1.12,19462380,2026-09-18T05:19:36Z
C_hit,orig,layers_92,async_win,128,4,0,0.00,100.00,579.16,411.24,221.22,124.35,65.67,87.00,990.40,703.51,1.68,39.00,53.00,1.12,19461556,2026-09-18T05:19:36Z
C_hit,orig,layers_92,async_bulk,128,4,0,0.00,100.00,10398.61,400.00,223.35,111.89,64.76,87.00,10798.61,10510.50,1.75,39.00,53.00,1.12,19461860,2026-09-18T05:19:36Z
C_hit,orig,2d,pread,128,4,0,0.00,100.00,553.71,661.58,230.24,431.34,,,1215.29,985.05,1.65,39.00,53.00,1.12,19461136,2026-09-18T05:19:36Z
C_hit,orig,2d,async,128,4,0,0.00,100.00,558.58,297.26,228.09,69.17,,,855.84,627.75,1.69,39.00,53.00,1.12,19458452,2026-09-18T05:19:37Z
C_hit,orig,2d,async_win,128,4,0,0.00,100.00,560.35,293.57,224.22,8.29,61.06,3.00,853.92,568.64,1.66,39.00,53.00,1.12,19460228,2026-09-18T05:19:37Z
C_hit,orig,2d,async_bulk,128,4,0,0.00,100.00,554.99,299.14,230.76,8.21,60.17,3.00,854.13,563.20,1.64,39.00,53.00,1.11,19460644,2026-09-18T05:19:37Z
C_hit,orig,2e_K10,pread,128,4,0,0.00,100.00,567.30,1202.13,230.37,971.76,,,1769.43,1539.06,1.65,37.00,52.00,1.11,19461396,2026-09-18T05:19:38Z
C_hit,orig,2e_K10,async,128,4,0,0.00,100.00,500.07,310.11,230.90,79.21,,,810.18,579.28,1.68,39.00,53.00,1.11,19450372,2026-09-18T05:19:38Z
C_hit,orig,2e_K10,async_win,128,4,0,0.00,100.00,553.48,308.22,232.01,15.35,60.87,6.00,861.70,568.83,1.68,39.00,53.00,1.11,19466924,2026-09-18T05:19:38Z
C_hit,orig,2e_K10,async_bulk,128,4,0,0.00,100.00,553.67,310.89,233.08,16.42,61.40,6.00,864.56,570.09,1.66,39.00,53.00,1.11,19468736,2026-09-18T05:19:38Z
C_hit,orig,2e_K500,pread,128,4,0,0.00,100.00,178.41,3432.38,231.50,3200.89,,,3610.79,3379.30,1.56,9.00,61.00,1.11,19468364,2026-09-18T05:19:39Z
C_hit,orig,2e_K500,async,128,4,0,0.00,58.00,181.27,991.10,230.70,760.40,,,1172.37,941.67,1.58,9.00,61.00,1.11,19467356,2026-09-18T05:19:39Z
C_hit,orig,2e_K500,async_win,128,4,0,0.00,39.00,181.68,698.15,230.72,339.93,127.50,139.00,879.83,521.61,1.59,9.00,61.00,1.11,19468224,2026-09-18T05:19:39Z
C_hit,orig,2e_K500,async_bulk,128,4,0,0.00,36.80,181.80,718.89,230.93,359.85,128.11,139.00,900.69,541.65,1.59,9.00,61.00,1.11,19469300,2026-09-18T05:19:39Z
C_hit,orig,2f_top14,pread,128,4,0,0.00,100.00,561.08,1097.75,226.41,871.35,,,1658.83,1432.43,1.67,37.00,52.00,1.11,19469972,2026-09-18T05:19:40Z
C_hit,orig,2f_top14,async,128,4,0,0.00,100.00,566.22,310.33,230.31,80.02,,,876.55,646.24,1.69,39.00,53.00,1.11,19470356,2026-09-18T05:19:40Z
C_hit,orig,2f_top14,async_win,128,4,0,0.00,100.00,560.76,307.34,230.87,15.48,60.98,6.00,868.10,576.24,1.68,39.00,53.00,1.11,19470576,2026-09-18T05:19:40Z
C_hit,orig,2f_top14,async_bulk,128,4,0,0.00,100.00,563.55,306.60,231.34,14.15,61.10,6.00,870.15,577.70,1.67,39.00,53.00,1.11,19470548,2026-09-18T05:19:41Z
C_hit,orig,2f_top28,pread,128,4,0,0.00,100.00,567.75,1120.57,232.42,888.15,,,1688.32,1455.90,1.67,36.00,53.00,1.11,19470540,2026-09-18T05:19:41Z
C_hit,orig,2f_top28,async,128,4,0,0.00,100.00,560.23,324.07,230.03,94.04,,,884.30,654.27,1.69,38.00,51.00,1.11,19471404,2026-09-18T05:19:41Z
C_hit,orig,2f_top28,async_win,128,4,0,0.00,100.00,503.63,317.47,230.32,24.63,62.52,8.00,821.10,528.26,1.69,38.00,51.00,1.11,19472056,2026-09-18T05:19:41Z
C_hit,orig,2f_top28,async_bulk,128,4,0,0.00,100.00,518.15,313.45,229.56,22.73,61.16,8.00,831.60,540.88,1.69,38.00,51.00,1.11,19472272,2026-09-18T05:19:42Z
C_hit,orig,2f_top100,pread,128,4,0,0.00,100.00,519.00,1376.72,231.19,1145.53,,,1895.72,1664.53,1.65,31.00,54.00,1.11,19473020,2026-09-18T05:19:42Z
C_hit,orig,2f_top100,async,128,4,0,0.00,100.00,556.51,406.75,228.54,178.21,,,963.26,734.72,1.65,33.00,53.00,1.11,19474704,2026-09-18T05:19:42Z
C_hit,orig,2f_top100,async_win,128,4,0,0.00,100.00,522.42,371.59,229.49,76.39,65.70,28.00,894.01,598.81,1.67,33.00,53.00,1.10,19474268,2026-09-18T05:19:42Z
C_hit,orig,2f_top100,async_bulk,128,4,0,0.00,100.00,744.97,360.12,229.05,66.00,65.06,28.00,1105.09,810.97,1.68,33.00,53.00,1.10,19474996,2026-09-18T05:19:43Z
C_hit,orig,2f_top500,pread,128,4,0,0.00,100.00,178.98,3336.18,231.34,3104.84,,,3515.16,3283.82,1.58,9.00,61.00,1.10,19475212,2026-09-18T05:19:43Z
C_hit,orig,2f_top500,async,128,4,0,0.00,68.40,188.74,935.73,233.14,702.59,,,1124.47,891.33,1.58,10.00,61.00,1.10,19470680,2026-09-18T05:19:43Z
C_hit,orig,2f_top500,async_win,128,4,0,0.00,31.60,181.01,647.05,229.65,328.23,89.17,138.00,828.06,509.24,1.60,10.00,61.00,1.10,19470860,2026-09-18T05:19:43Z
C_hit,orig,2f_top500,async_bulk,128,4,0,0.00,39.00,181.35,2002.35,1129.90,331.00,541.44,138.00,2183.70,512.35,1.60,10.00,61.00,1.10,19473776,2026-09-18T05:19:44Z
C_hit,orig,2f_slru,pread,128,4,0,0.00,100.00,92.56,4847.36,229.57,4617.79,,,4939.92,4710.35,1.55,0.00,62.00,1.10,19475608,2026-09-18T05:19:44Z
C_hit,orig,2f_slru,async,128,4,0,0.00,100.00,93.02,1640.30,229.95,1410.35,,,1733.32,1503.37,1.55,0.00,62.00,1.10,19476448,2026-09-18T05:19:44Z
C_hit,orig,2f_slru,async_win,128,4,0,0.00,100.00,93.22,787.02,228.05,404.05,154.92,29.00,880.24,497.27,1.56,0.00,62.00,1.10,19476900,2026-09-18T05:19:45Z
C_hit,orig,2f_slru,async_bulk,128,4,0,0.00,7.00,466.19,432.78,228.32,49.11,155.35,2.00,898.97,515.30,1.66,37.00,50.00,1.10,19475460,2026-09-18T05:19:45Z
C_hit,orig,leaf_freq_K10,pread,128,4,0,0.00,100.00,569.23,817.13,231.66,585.46,,,1386.36,1154.69,1.67,36.00,54.00,1.10,19476932,2026-09-18T05:19:45Z
C_hit,orig,leaf_freq_K10,async,128,4,0,0.00,100.00,597.50,298.31,224.26,74.05,,,895.81,671.55,1.67,38.00,51.00,1.10,19478340,2026-09-18T05:19:45Z
C_hit,orig,leaf_freq_K10,async_win,128,4,0,0.00,100.00,571.31,300.37,230.25,10.20,59.91,3.00,871.68,581.51,1.66,38.00,51.00,1.10,19478680,2026-09-18T05:19:46Z
C_hit,orig,leaf_freq_K10,async_bulk,128,4,0,0.00,100.00,575.98,302.50,232.19,9.92,60.39,3.00,878.48,585.90,1.67,38.00,51.00,1.10,19479160,2026-09-18T05:19:46Z
C_hit,orig,leaf_rand_K10,pread,128,4,0,0.00,100.00,573.78,1100.40,229.91,870.49,,,1674.18,1444.27,1.67,38.00,51.00,1.10,19480276,2026-09-18T05:19:46Z
C_hit,orig,leaf_rand_K10,async,128,4,0,0.00,100.00,569.63,304.06,229.24,74.82,,,873.69,644.45,1.70,38.00,51.00,1.10,19479632,2026-09-18T05:19:46Z
C_hit,orig,leaf_rand_K10,async_win,128,4,0,0.00,100.00,569.33,305.48,229.78,15.32,60.38,10.00,874.81,584.65,1.67,38.00,51.00,1.10,19483072,2026-09-18T05:19:47Z
C_hit,orig,leaf_rand_K10,async_bulk,128,4,0,0.00,100.00,570.46,303.81,229.66,13.80,60.35,10.00,874.27,584.26,1.66,38.00,51.00,1.10,19483976,2026-09-18T05:19:47Z
C_hit,orig,learned_markov_14,pread,128,4,0,0.00,100.00,556.17,1094.43,230.69,863.73,,,1650.60,1419.90,1.72,37.00,52.00,1.09,19484508,2026-09-18T05:19:47Z
C_hit,orig,learned_markov_14,async,128,4,0,0.00,100.00,562.68,308.70,230.13,78.57,,,871.38,641.25,1.67,39.00,53.00,1.09,19485680,2026-09-18T05:19:48Z
C_hit,orig,learned_markov_14,async_win,128,4,0,0.00,100.00,557.96,304.76,229.72,13.89,61.16,6.00,862.72,571.85,1.68,39.00,53.00,1.09,19485672,2026-09-18T05:19:48Z
C_hit,orig,learned_markov_14,async_bulk,128,4,0,0.00,100.00,556.13,300.78,225.35,14.58,60.84,6.00,856.91,570.71,1.65,39.00,53.00,1.09,19485988,2026-09-18T05:19:48Z
C_hit,orig,learned_markov_28,pread,128,4,0,0.00,100.00,502.81,1103.01,222.77,880.25,,,1605.82,1383.06,1.65,36.00,53.00,1.09,19467260,2026-09-18T05:19:48Z
C_hit,orig,learned_markov_28,async,128,4,0,0.00,100.00,556.40,324.57,230.12,94.45,,,880.97,650.85,1.67,38.00,51.00,1.09,19484560,2026-09-18T05:19:49Z
C_hit,orig,learned_markov_28,async_win,128,4,0,0.00,100.00,507.53,312.55,229.11,24.93,58.51,8.00,820.08,532.46,1.69,38.00,51.00,1.09,19485504,2026-09-18T05:19:49Z
C_hit,orig,learned_markov_28,async_bulk,128,4,0,0.00,100.00,505.11,318.09,229.99,25.16,62.94,8.00,823.20,530.27,1.66,38.00,51.00,1.09,19485460,2026-09-18T05:19:49Z
A,orig,baseline,baseline,128,5,0,0.00,0.00,1012.85,0.00,0.00,0.00,,,1012.85,1012.85,2.14,189.00,265.00,1.09,19475900,2026-09-18T05:19:49Z
B,orig,baseline,baseline,128,5,0,0.00,0.00,960.31,0.00,0.00,0.00,,,960.31,960.31,2.35,187.00,260.00,1.09,19475956,2026-09-18T05:19:50Z
C,orig,baseline,baseline,128,5,0,0.00,0.00,850.23,0.00,0.00,0.00,,,850.23,850.23,1.57,20.00,27.00,1.09,19476368,2026-09-18T05:19:50Z
C_hit,orig,baseline,baseline,128,5,0,0.00,0.00,590.04,0.00,0.00,0.00,,,590.04,590.04,1.66,38.00,51.00,1.09,19476672,2026-09-18T05:19:50Z
A,orig,layers_5,pread,128,5,0,0.00,100.00,999.77,674.17,225.94,448.22,,,1673.94,1447.99,2.14,188.00,268.00,1.09,19477328,2026-09-18T05:19:51Z
A,orig,layers_5,async,128,5,0,0.00,100.00,994.76,297.99,228.23,69.76,,,1292.75,1064.52,2.15,189.00,268.00,1.09,19476056,2026-09-18T05:19:51Z
A,orig,layers_5,async_win,128,5,0,0.00,100.00,1008.58,307.65,236.88,6.72,64.04,2.00,1316.23,1015.30,2.16,189.00,268.00,1.09,19476736,2026-09-18T05:19:51Z
A,orig,layers_5,async_bulk,128,5,0,0.00,100.00,1003.98,302.31,233.22,7.21,61.88,2.00,1306.29,1011.19,2.15,189.00,268.00,1.09,19475184,2026-09-18T05:19:52Z
A,orig,layers_92,pread,128,5,0,0.00,100.00,594.02,8157.75,227.15,7930.60,,,8751.77,8524.62,2.14,188.00,273.00,1.09,19476328,2026-09-18T05:19:52Z
A,orig,layers_92,async,128,5,0,0.00,100.00,527.22,422.25,223.95,198.30,,,949.47,725.52,2.15,189.00,272.00,1.08,19476840,2026-09-18T05:19:52Z
A,orig,layers_92,async_win,128,5,0,0.00,100.00,594.48,414.19,223.60,124.59,65.99,87.00,1008.67,719.07,2.12,189.00,272.00,1.08,19476960,2026-09-18T05:19:53Z
A,orig,layers_92,async_bulk,128,5,0,0.00,100.00,598.35,425.28,228.33,130.62,66.33,87.00,1023.63,728.97,2.12,189.00,272.00,1.08,19477128,2026-09-18T05:19:53Z
A,orig,2d,pread,128,5,0,0.00,100.00,595.05,1944.60,227.36,1717.24,,,2539.65,2312.29,2.12,188.00,273.00,1.08,19476912,2026-09-18T05:19:53Z
A,orig,2d,async,128,5,0,0.00,100.00,589.51,313.68,228.68,85.00,,,903.19,674.51,2.12,189.00,272.00,1.08,19458700,2026-09-18T05:19:54Z
A,orig,2d,async_win,128,5,0,0.00,100.00,1594.54,307.25,225.88,22.89,58.48,13.00,1901.79,1617.43,2.16,189.00,272.00,1.08,19451540,2026-09-18T05:19:54Z
A,orig,2d,async_bulk,128,5,0,0.00,100.00,591.93,315.17,228.98,23.95,62.25,13.00,907.10,615.88,2.15,189.00,272.00,1.08,19455404,2026-09-18T05:19:54Z
A,orig,2e_K10,pread,128,5,0,0.00,100.00,594.67,2726.79,227.50,2499.29,,,3321.46,3093.96,2.16,189.00,284.00,1.08,19456900,2026-09-18T05:19:55Z
A,orig,2e_K10,async,128,5,0,0.00,100.00,536.94,348.18,228.68,119.50,,,885.12,656.44,2.29,190.00,283.00,1.08,19456664,2026-09-18T05:19:55Z
A,orig,2e_K10,async_win,128,5,0,0.00,100.00,594.54,327.23,226.04,37.78,63.40,23.00,921.77,632.32,2.16,190.00,283.00,1.08,19458280,2026-09-18T05:19:55Z
A,orig,2e_K10,async_bulk,128,5,0,0.00,100.00,591.83,324.19,226.71,35.54,61.95,23.00,916.02,627.37,2.13,190.00,283.00,1.08,19459904,2026-09-18T05:19:56Z
A,orig,2e_K500,pread,128,5,0,0.00,100.00,192.72,26464.93,223.27,26241.66,,,26657.65,26434.38,1.71,53.00,321.00,1.08,19460812,2026-09-18T05:19:56Z
A,orig,2e_K500,async,128,5,0,0.00,17.60,927.66,981.51,224.76,756.75,,,1909.17,1684.41,2.14,194.00,395.00,1.08,19460300,2026-09-18T05:19:56Z
A,orig,2e_K500,async_win,128,5,0,0.00,100.00,636.27,1072.37,225.75,755.56,91.05,471.00,1708.64,1391.83,2.09,194.00,393.00,1.08,19463120,2026-09-18T05:19:56Z
A,orig,2e_K500,async_bulk,128,5,0,0.00,100.00,638.10,1021.65,227.77,701.81,92.07,471.00,1659.75,1339.91,2.13,194.00,394.00,1.08,19463360,2026-09-18T05:19:57Z
A,orig,2f_top14,pread,128,5,0,0.00,100.00,590.23,1482.48,227.88,1254.60,,,2072.71,1844.83,2.16,191.00,271.00,1.08,19465296,2026-09-18T05:19:57Z
A,orig,2f_top14,async,128,5,0,0.00,100.00,594.76,1193.44,1111.57,81.87,,,1788.20,676.63,2.15,191.00,271.00,1.08,19465288,2026-09-18T05:19:57Z
A,orig,2f_top14,async_win,128,5,0,0.00,100.00,590.36,308.29,225.27,21.00,62.02,13.00,898.65,611.36,2.17,191.00,271.00,1.08,19467820,2026-09-18T05:19:58Z
A,orig,2f_top14,async_bulk,128,5,0,0.00,100.00,600.87,306.63,226.50,18.21,61.92,13.00,907.50,619.08,2.15,191.00,271.00,1.08,19469084,2026-09-18T05:19:58Z
A,orig,2f_top28,pread,128,5,0,0.00,100.00,596.12,2601.13,232.98,2368.15,,,3197.25,2964.27,2.19,191.00,290.00,1.08,19470552,2026-09-18T05:19:58Z
A,orig,2f_top28,async,128,5,0,0.00,100.00,591.31,326.07,224.17,101.90,,,917.38,693.21,2.10,191.00,290.00,1.08,19469764,2026-09-18T05:19:59Z
A,orig,2f_top28,async_win,128,5,0,0.00,100.00,599.68,327.11,225.36,38.57,63.17,27.00,926.79,638.25,2.18,191.00,290.00,1.08,19444764,2026-09-18T05:19:59Z
A,orig,2f_top28,async_bulk,128,5,0,0.00,100.00,597.61,326.04,227.03,35.74,63.28,27.00,923.65,633.35,2.28,191.00,291.00,1.08,19449204,2026-09-18T05:19:59Z
A,orig,2f_top100,pread,128,5,0,0.00,100.00,588.58,8821.08,228.59,8592.49,,,9409.66,9181.07,2.12,186.00,315.00,1.08,19449704,2026-09-18T05:20:00Z
A,orig,2f_top100,async,128,5,0,0.00,100.00,596.11,448.34,224.01,224.33,,,1044.45,820.44,2.15,191.00,310.00,1.08,19449828,2026-09-18T05:20:00Z
A,orig,2f_top100,async_win,128,5,0,0.00,100.00,595.51,418.25,227.33,124.28,66.64,98.00,1013.76,719.79,2.16,191.00,311.00,1.08,19452492,2026-09-18T05:20:00Z
A,orig,2f_top100,async_bulk,128,5,0,0.00,84.00,597.08,427.04,226.61,134.64,65.79,98.00,1024.12,731.72,2.13,191.00,310.00,1.08,19453332,2026-09-18T05:20:01Z
A,orig,2f_top500,pread,128,5,0,0.00,100.00,183.44,17969.13,224.35,17744.78,,,18152.57,17928.22,1.69,54.00,320.00,1.08,19434208,2026-09-18T05:20:01Z
A,orig,2f_top500,async,128,5,0,0.00,100.00,636.64,1105.23,232.70,872.53,,,1741.87,1509.17,2.13,193.00,400.00,1.08,19434076,2026-09-18T05:20:01Z
A,orig,2f_top500,async_win,128,5,0,0.00,100.00,638.72,1108.04,227.74,750.12,130.19,460.00,1746.76,1388.84,2.11,193.00,396.00,1.08,19436152,2026-09-18T05:20:02Z
A,orig,2f_top500,async_bulk,128,5,0,0.00,100.00,651.18,1017.85,228.73,658.30,130.83,460.00,1669.03,1309.48,2.18,193.00,394.00,1.08,19435912,2026-09-18T05:20:02Z
A,orig,2f_slru,pread,128,5,0,0.00,100.00,97.09,17625.89,223.44,17402.45,,,17722.98,17499.54,1.54,0.00,278.00,1.08,19438812,2026-09-18T05:20:02Z
A,orig,2f_slru,async,128,5,0,0.00,100.00,97.77,7388.58,226.07,7162.51,,,7486.35,7260.28,1.58,0.00,278.00,1.07,19436184,2026-09-18T05:20:02Z
A,orig,2f_slru,async_win,128,5,0,0.00,81.20,98.78,2558.47,225.72,1928.85,403.90,138.00,2657.25,2027.63,1.57,0.00,278.00,1.07,19437136,2026-09-18T05:20:03Z
A,orig,2f_slru,async_bulk,128,5,0,0.00,1.40,780.50,714.15,225.81,83.39,404.95,2.00,1494.65,863.89,2.14,188.00,263.00,1.07,19440544,2026-09-18T05:20:03Z
A,orig,leaf_freq_K10,pread,128,5,0,0.00,100.00,1013.84,1157.06,229.55,927.50,,,2170.90,1941.34,2.16,188.00,278.00,1.07,19443076,2026-09-18T05:20:03Z
A,orig,leaf_freq_K10,async,128,5,0,0.00,100.00,1014.24,301.10,225.36,75.73,,,1315.34,1089.97,2.15,188.00,278.00,1.07,19445428,2026-09-18T05:20:04Z
A,orig,leaf_freq_K10,async_win,128,5,0,0.00,100.00,877.78,306.75,228.55,14.94,63.26,10.00,1184.53,892.72,2.11,188.00,278.00,1.07,19445656,2026-09-18T05:20:04Z
A,orig,leaf_freq_K10,async_bulk,128,5,0,0.00,100.00,1010.91,301.62,225.81,14.72,61.09,10.00,1312.53,1025.63,2.14,188.00,278.00,1.07,19458288,2026-09-18T05:20:04Z
A,orig,leaf_rand_K10,pread,128,5,0,0.00,100.00,1007.67,1122.38,222.34,900.04,,,2130.05,1907.71,2.14,189.00,266.00,1.07,19467672,2026-09-18T05:20:05Z
A,orig,leaf_rand_K10,async,128,5,0,0.00,100.00,1736.98,299.45,224.71,74.74,,,2036.43,1811.72,2.20,189.00,266.00,1.07,19470016,2026-09-18T05:20:05Z
A,orig,leaf_rand_K10,async_win,128,5,0,0.00,100.00,1000.83,300.60,224.34,15.11,61.15,10.00,1301.43,1015.94,2.13,189.00,266.00,1.07,19474244,2026-09-18T05:20:05Z
A,orig,leaf_rand_K10,async_bulk,128,5,0,0.00,100.00,1013.14,309.40,229.15,16.62,63.63,10.00,1322.54,1029.76,2.15,189.00,266.00,1.07,19474316,2026-09-18T05:20:06Z
A,orig,learned_markov_14,pread,128,5,0,0.00,100.00,605.67,1562.11,261.58,1300.53,,,2167.78,1906.20,2.20,189.00,273.00,1.07,19474928,2026-09-18T05:20:06Z
A,orig,learned_markov_14,async,128,5,0,0.00,100.00,593.00,306.39,224.39,81.99,,,899.39,674.99,2.10,189.00,273.00,1.07,19477384,2026-09-18T05:20:06Z
A,orig,learned_markov_14,async_win,128,5,0,0.00,100.00,528.90,311.60,229.25,20.21,62.14,13.00,840.50,549.11,2.11,189.00,273.00,1.07,19476040,2026-09-18T05:20:07Z
A,orig,learned_markov_14,async_bulk,128,5,0,0.00,100.00,592.07,305.35,224.44,19.57,61.35,13.00,897.42,611.64,2.17,189.00,272.00,1.07,19476868,2026-09-18T05:20:07Z
A,orig,learned_markov_28,pread,128,5,0,0.00,100.00,591.71,2622.37,224.06,2398.31,,,3214.08,2990.02,2.11,189.00,275.00,1.07,19477740,2026-09-18T05:20:07Z
A,orig,learned_markov_28,async,128,5,0,0.00,100.00,592.97,329.24,225.51,103.72,,,922.21,696.69,2.13,189.00,275.00,1.07,19479072,2026-09-18T05:20:08Z
A,orig,learned_markov_28,async_win,128,5,0,0.00,100.00,595.36,330.22,228.64,39.61,61.97,26.00,925.58,634.97,2.11,189.00,274.00,1.07,19480980,2026-09-18T05:20:08Z
A,orig,learned_markov_28,async_bulk,128,5,0,0.00,100.00,595.32,329.54,226.69,44.60,58.25,26.00,924.86,639.92,2.13,189.00,274.00,1.07,19482316,2026-09-18T05:20:08Z
B,orig,layers_5,pread,128,5,0,0.00,100.00,1875.96,670.44,225.72,444.73,,,2546.40,2320.69,2.16,186.00,260.00,1.07,19481924,2026-09-18T05:20:08Z
B,orig,layers_5,async,128,5,0,0.00,100.00,913.25,298.32,227.34,70.98,,,1211.57,984.23,2.18,187.00,260.00,1.07,19483400,2026-09-18T05:20:09Z
B,orig,layers_5,async_win,128,5,0,0.00,100.00,869.28,295.76,226.95,8.24,60.57,2.00,1165.04,877.52,2.17,187.00,260.00,1.07,19484840,2026-09-18T05:20:09Z
B,orig,layers_5,async_bulk,128,5,0,0.00,100.00,918.79,291.73,222.45,7.19,62.09,2.00,1210.52,925.98,2.24,187.00,260.00,1.07,19488000,2026-09-18T05:20:09Z
B,orig,layers_92,pread,128,5,0,0.00,100.00,529.43,8470.08,228.02,8242.06,,,8999.51,8771.49,2.21,186.00,267.00,1.07,19471328,2026-09-18T05:20:10Z
B,orig,layers_92,async,128,5,0,0.00,100.00,532.37,450.06,238.63,211.43,,,982.43,743.80,2.20,187.00,265.00,1.07,19472192,2026-09-18T05:20:10Z
B,orig,layers_92,async_win,128,5,0,0.00,100.00,532.78,426.92,233.88,126.83,66.21,87.00,959.70,659.61,2.24,187.00,266.00,1.07,19472828,2026-09-18T05:20:10Z
B,orig,layers_92,async_bulk,128,5,0,0.00,100.00,529.18,423.03,228.19,129.74,65.09,87.00,952.21,658.92,2.18,187.00,266.00,1.07,19469780,2026-09-18T05:20:11Z
B,orig,2d,pread,128,5,0,0.00,100.00,526.84,1945.41,224.94,1720.46,,,2472.25,2247.30,2.20,186.00,267.00,1.07,19469976,2026-09-18T05:20:11Z
B,orig,2d,async,128,5,0,0.00,100.00,548.72,416.20,327.66,88.55,,,964.92,637.27,2.27,187.00,266.00,1.07,19472804,2026-09-18T05:20:11Z
B,orig,2d,async_win,128,5,0,0.00,100.00,532.96,325.82,239.89,23.41,62.52,13.00,858.78,556.37,2.25,187.00,266.00,1.07,19471844,2026-09-18T05:20:12Z
B,orig,2d,async_bulk,128,5,0,0.00,100.00,530.39,309.76,226.19,21.53,62.04,13.00,840.15,551.92,2.22,187.00,266.00,1.07,19472448,2026-09-18T05:20:12Z
B,orig,2e_K10,pread,128,5,0,0.00,100.00,527.07,2825.32,225.68,2599.64,,,3352.39,3126.71,2.22,187.00,267.00,1.14,19472896,2026-09-18T05:20:12Z
B,orig,2e_K10,async,128,5,0,0.00,100.00,528.61,379.77,278.01,101.76,,,908.38,630.37,2.20,188.00,267.00,1.14,19473556,2026-09-18T05:20:13Z
B,orig,2e_K10,async_win,128,5,0,0.00,100.00,530.93,326.93,228.12,36.61,62.20,23.00,857.86,567.54,2.21,188.00,267.00,1.14,19474976,2026-09-18T05:20:13Z
B,orig,2e_K10,async_bulk,128,5,0,0.00,100.00,462.15,318.70,222.06,33.64,63.00,23.00,780.85,495.79,2.19,188.00,266.00,1.14,19474740,2026-09-18T05:20:13Z
B,orig,2e_K500,pread,128,5,0,0.00,100.00,183.09,18709.42,224.33,18485.08,,,18892.51,18668.17,1.84,73.00,313.00,1.14,19475016,2026-09-18T05:20:14Z
B,orig,2e_K500,async,128,5,0,0.00,100.00,184.30,1137.00,224.21,912.79,,,1321.30,1097.09,2.19,187.00,315.00,1.14,19474924,2026-09-18T05:20:14Z
B,orig,2e_K500,async_win,128,5,0,0.00,100.00,182.67,1022.85,225.99,705.03,91.84,461.00,1205.52,887.70,2.20,187.00,315.00,1.14,19475596,2026-09-18T05:20:14Z
B,orig,2e_K500,async_bulk,128,5,0,0.00,100.00,180.85,1068.54,224.27,754.18,90.09,461.00,1249.39,935.03,2.18,187.00,314.00,1.14,19477080,2026-09-18T05:20:15Z
B,orig,2f_top14,pread,128,5,0,0.00,100.00,530.00,1510.04,222.79,1287.25,,,2040.04,1817.25,2.23,188.00,265.00,1.14,19468632,2026-09-18T05:20:15Z
B,orig,2f_top14,async,128,5,0,0.00,100.00,526.43,302.89,223.07,79.82,,,829.32,606.25,2.22,188.00,266.00,1.14,19469224,2026-09-18T05:20:15Z
B,orig,2f_top14,async_win,128,5,0,0.00,100.00,526.55,307.29,227.17,18.23,61.89,13.00,833.84,544.78,2.21,188.00,266.00,1.14,19470232,2026-09-18T05:20:16Z
B,orig,2f_top14,async_bulk,128,5,0,0.00,100.00,537.76,322.64,238.77,19.15,64.72,13.00,860.40,556.91,2.26,188.00,266.00,1.14,19471328,2026-09-18T05:20:16Z
B,orig,2f_top28,pread,128,5,0,0.00,100.00,467.87,2684.66,224.06,2460.60,,,3152.53,2928.47,2.18,188.00,267.00,1.14,19472556,2026-09-18T05:20:16Z
B,orig,2f_top28,async,128,5,0,0.00,100.00,527.91,323.90,224.21,99.69,,,851.81,627.60,2.21,188.00,268.00,1.14,19473116,2026-09-18T05:20:17Z
B,orig,2f_top28,async_win,128,5,0,0.00,100.00,526.13,337.50,233.39,39.27,64.84,27.00,863.63,565.40,2.38,188.00,268.00,1.14,19473360,2026-09-18T05:20:17Z
B,orig,2f_top28,async_bulk,128,5,0,0.00,100.00,531.64,326.05,225.16,39.28,61.60,27.00,857.69,570.92,2.22,188.00,268.00,1.13,19474768,2026-09-18T05:20:17Z
B,orig,2f_top100,pread,128,5,0,0.00,100.00,527.31,8787.96,223.74,8564.22,,,9315.27,9091.53,2.17,187.00,272.00,1.13,19474476,2026-09-18T05:20:18Z
B,orig,2f_top100,async,128,5,0,0.00,100.00,532.92,426.00,227.49,198.51,,,958.92,731.43,2.24,187.00,272.00,1.13,19474960,2026-09-18T05:20:18Z
B,orig,2f_top100,async_win,128,5,0,0.00,100.00,524.86,420.67,226.40,128.96,65.31,97.00,945.53,653.82,2.17,187.00,272.00,1.13,19475400,2026-09-18T05:20:18Z
B,orig,2f_top100,async_bulk,128,5,0,0.00,100.00,531.84,420.81,224.94,130.03,65.83,97.00,952.65,661.87,2.21,187.00,272.00,1.13,19473672,2026-09-18T05:20:19Z
B,orig,2f_top500,pread,128,5,0,0.00,100.00,189.82,18506.51,225.09,18281.42,,,18696.33,18471.24,1.82,74.00,318.00,1.13,19473748,2026-09-18T05:20:19Z
B,orig,2f_top500,async,128,5,0,0.00,100.00,183.26,1084.89,223.41,861.48,,,1268.15,1044.74,2.19,187.00,313.00,1.13,19473212,2026-09-18T05:20:19Z
B,orig,2f_top500,async_win,128,5,0,0.00,100.00,184.59,1046.42,226.94,729.82,89.66,448.00,1231.01,914.41,2.21,187.00,314.00,1.13,19473252,2026-09-18T05:20:20Z
B,orig,2f_top500,async_bulk,128,5,0,0.00,100.00,185.41,985.43,224.90,671.84,88.69,448.00,1170.84,857.25,2.19,187.00,314.00,1.13,19473212,2026-09-18T05:20:20Z
B,orig,2f_slru,pread,128,5,0,0.00,100.00,98.39,18480.50,224.35,18256.15,,,18578.89,18354.54,1.59,0.00,278.00,1.13,19463460,2026-09-18T05:20:20Z
B,orig,2f_slru,async,128,5,0,0.00,100.00,97.53,7444.49,227.06,7217.43,,,7542.02,7314.96,1.64,0.00,278.00,1.13,19462392,2026-09-18T05:20:21Z
B,orig,2f_slru,async_win,128,5,0,0.00,89.90,99.24,2632.49,226.34,1988.58,417.57,139.00,2731.73,2087.82,1.63,0.00,278.00,1.13,19463288,2026-09-18T05:20:21Z
B,orig,2f_slru,async_bulk,128,5,0,0.00,2.20,817.21,754.10,229.25,108.29,416.55,3.00,1571.31,925.50,2.21,184.00,259.00,1.13,19465576,2026-09-18T05:20:21Z
B,orig,leaf_freq_K10,pread,128,5,0,0.00,100.00,944.80,1157.19,228.98,928.21,,,2101.99,1873.01,2.20,187.00,260.00,1.13,19466652,2026-09-18T05:20:21Z
B,orig,leaf_freq_K10,async,128,5,0,0.00,100.00,917.75,299.49,224.24,75.25,,,1217.24,993.00,2.22,187.00,260.00,1.13,19472580,2026-09-18T05:20:22Z
B,orig,leaf_freq_K10,async_win,128,5,0,0.00,100.00,890.79,309.23,234.67,13.84,60.72,10.00,1200.02,904.63,2.24,187.00,260.00,1.13,19472384,2026-09-18T05:20:22Z
B,orig,leaf_freq_K10,async_bulk,128,5,0,0.00,100.00,918.75,301.66,225.45,14.47,61.74,10.00,1220.41,933.22,2.21,187.00,260.00,1.12,19472860,2026-09-18T05:20:22Z
B,orig,leaf_rand_K10,pread,128,5,0,0.00,100.00,964.48,1066.25,224.62,841.63,,,2030.73,1806.11,2.20,188.00,261.00,1.12,19473048,2026-09-18T05:20:23Z
B,orig,leaf_rand_K10,async,128,5,0,0.00,100.00,948.96,297.72,221.74,75.98,,,1246.68,1024.94,2.20,188.00,261.00,1.12,19473124,2026-09-18T05:20:23Z
B,orig,leaf_rand_K10,async_win,128,5,0,0.00,100.00,853.20,303.81,223.74,18.06,62.01,10.00,1157.01,871.26,2.19,188.00,261.00,1.12,19473700,2026-09-18T05:20:23Z
B,orig,leaf_rand_K10,async_bulk,128,5,0,0.00,100.00,922.24,302.39,225.73,14.85,61.81,10.00,1224.63,937.09,2.20,188.00,261.00,1.12,19474696,2026-09-18T05:20:24Z
B,orig,learned_markov_14,pread,128,5,0,0.00,100.00,462.40,1439.71,224.74,1214.96,,,1902.11,1677.36,2.22,187.00,265.00,1.12,19473804,2026-09-18T05:20:24Z
B,orig,learned_markov_14,async,128,5,0,0.00,100.00,530.12,307.70,226.09,81.60,,,837.82,611.72,2.21,187.00,265.00,1.12,19474668,2026-09-18T05:20:24Z
B,orig,learned_markov_14,async_win,128,5,0,0.00,100.00,530.56,299.59,218.22,18.75,62.62,13.00,830.15,549.31,2.20,187.00,265.00,1.12,19475048,2026-09-18T05:20:25Z
B,orig,learned_markov_14,async_bulk,128,5,0,0.00,100.00,576.58,313.49,226.15,22.15,65.19,13.00,890.07,598.73,2.26,187.00,265.00,1.12,19492972,2026-09-18T05:20:25Z
B,orig,learned_markov_28,pread,128,5,0,0.00,100.00,467.01,2442.10,226.40,2215.71,,,2909.11,2682.72,2.19,187.00,265.00,1.12,19472868,2026-09-18T05:20:25Z
B,orig,learned_markov_28,async,128,5,0,0.00,100.00,528.57,325.01,223.78,101.23,,,853.58,629.80,2.20,187.00,264.00,1.12,19487732,2026-09-18T05:20:26Z
B,orig,learned_markov_28,async_win,128,5,0,0.00,100.00,530.65,324.75,225.00,37.35,62.40,27.00,855.40,568.00,2.21,187.00,265.00,1.12,19488080,2026-09-18T05:20:26Z
B,orig,learned_markov_28,async_bulk,128,5,0,0.00,100.00,526.02,329.84,227.40,39.49,62.95,27.00,855.86,565.51,2.20,187.00,265.00,1.12,19489512,2026-09-18T05:20:26Z
C,orig,layers_5,pread,128,5,0,0.00,100.00,842.08,11923.06,546.23,11376.83,,,12765.14,12218.91,1.63,20.00,27.00,1.12,19490808,2026-09-18T05:20:27Z
C,orig,layers_5,async,128,5,0,0.00,100.00,820.60,291.44,221.46,69.98,,,1112.04,890.58,1.61,20.00,27.00,1.12,19491100,2026-09-18T05:20:27Z
C,orig,layers_5,async_win,128,5,0,0.00,100.00,822.89,290.72,222.08,7.39,61.24,2.00,1113.61,830.28,1.59,20.00,27.00,1.12,19492100,2026-09-18T05:20:27Z
C,orig,layers_5,async_bulk,128,5,0,0.00,100.00,821.74,292.40,224.64,6.69,61.06,2.00,1114.14,828.43,1.62,20.00,27.00,1.11,19491016,2026-09-18T05:20:27Z
C,orig,layers_92,pread,128,5,0,0.00,100.00,471.56,8184.24,226.66,7957.58,,,8655.80,8429.14,1.59,18.00,30.00,1.11,19490088,2026-09-18T05:20:28Z
C,orig,layers_92,async,128,5,0,0.00,100.00,474.82,420.75,225.48,195.27,,,895.57,670.09,1.62,18.00,30.00,1.11,19490964,2026-09-18T05:20:28Z
C,orig,layers_92,async_win,128,5,0,0.00,100.00,472.81,417.02,223.91,127.57,65.54,87.00,889.83,600.38,1.59,18.00,30.00,1.11,19490844,2026-09-18T05:20:28Z
C,orig,layers_92,async_bulk,128,5,0,0.00,100.00,473.46,408.58,227.09,114.82,66.67,87.00,882.04,588.28,1.60,18.00,30.00,1.11,19490548,2026-09-18T05:20:28Z
C,orig,2d,pread,128,5,0,0.00,100.00,470.94,589.49,226.95,362.54,,,1060.43,833.48,1.59,18.00,30.00,1.11,19491844,2026-09-18T05:20:29Z
C,orig,2d,async,128,5,0,0.00,100.00,445.27,294.17,224.37,69.80,,,739.44,515.07,1.60,18.00,30.00,1.11,19492456,2026-09-18T05:20:29Z
C,orig,2d,async_win,128,5,0,0.00,100.00,444.23,294.47,224.67,7.35,62.45,2.00,738.70,451.58,1.61,18.00,30.00,1.11,19491900,2026-09-18T05:20:29Z
C,orig,2d,async_bulk,128,5,0,0.00,100.00,445.29,294.95,226.39,7.06,61.51,2.00,740.24,452.35,1.58,18.00,30.00,1.11,19492024,2026-09-18T05:20:30Z
C,orig,2e_K10,pread,128,5,0,0.00,100.00,179.43,1454.66,230.95,1223.71,,,1634.09,1403.14,1.57,17.00,33.00,1.11,19491520,2026-09-18T05:20:30Z
C,orig,2e_K10,async,128,5,0,0.00,100.00,179.64,306.75,226.83,79.92,,,486.39,259.56,1.59,17.00,32.00,1.11,19492412,2026-09-18T05:20:30Z
C,orig,2e_K10,async_win,128,5,0,0.00,100.00,183.05,305.60,225.84,18.07,61.69,8.00,488.65,201.12,1.58,17.00,32.00,1.11,19483576,2026-09-18T05:20:30Z
C,orig,2e_K10,async_bulk,128,5,0,0.00,100.00,179.39,303.88,223.95,18.38,61.55,8.00,483.27,197.77,1.60,17.00,32.00,1.11,19483088,2026-09-18T05:20:31Z
C,orig,2e_K500,pread,128,5,0,0.00,100.00,179.49,2577.17,224.89,2352.27,,,2756.66,2531.76,1.53,0.00,37.00,1.11,19483284,2026-09-18T05:20:31Z
C,orig,2e_K500,async,128,5,0,0.00,69.50,181.46,675.23,223.10,452.13,,,856.69,633.59,1.57,0.00,37.00,1.11,19482884,2026-09-18T05:20:31Z
C,orig,2e_K500,async_win,128,5,0,0.00,45.90,182.01,546.34,225.91,237.96,82.47,90.00,728.35,419.97,1.54,0.00,37.00,1.11,19472272,2026-09-18T05:20:31Z
C,orig,2e_K500,async_bulk,128,5,0,0.00,100.00,179.02,530.11,222.27,225.38,82.45,90.00,709.13,404.40,1.55,0.00,37.00,1.11,19479696,2026-09-18T05:20:32Z
C,orig,2f_top14,pread,128,5,0,0.00,100.00,187.86,1315.16,226.25,1088.91,,,1503.02,1276.77,1.59,16.00,34.00,1.11,19484504,2026-09-18T05:20:32Z
C,orig,2f_top14,async,128,5,0,0.00,100.00,184.19,305.83,226.32,79.51,,,490.02,263.70,1.61,17.00,32.00,1.11,19484712,2026-09-18T05:20:32Z
C,orig,2f_top14,async_win,128,5,0,0.00,100.00,186.56,302.97,225.10,16.45,61.41,9.00,489.53,203.01,1.61,17.00,32.00,1.10,19485000,2026-09-18T05:20:32Z
C,orig,2f_top14,async_bulk,128,5,0,0.00,100.00,181.98,305.69,226.74,16.68,62.28,9.00,487.67,198.66,1.61,17.00,32.00,1.10,19483368,2026-09-18T05:20:33Z
C,orig,2f_top28,pread,128,5,0,0.00,100.00,179.08,1325.63,225.85,1099.78,,,1504.71,1278.86,1.60,15.00,33.00,1.10,19484152,2026-09-18T05:20:33Z
C,orig,2f_top28,async,128,5,0,0.00,100.00,175.74,319.16,222.81,96.35,,,494.90,272.09,1.61,16.00,33.00,1.10,19484092,2026-09-18T05:20:33Z
C,orig,2f_top28,async_win,128,5,0,0.00,100.00,176.67,312.25,222.15,28.47,61.63,13.00,488.92,205.14,1.59,16.00,33.00,1.10,19480944,2026-09-18T05:20:33Z
C,orig,2f_top28,async_bulk,128,5,0,0.00,100.00,180.94,321.07,227.32,30.45,63.31,13.00,502.01,211.39,1.62,16.00,33.00,1.10,19480796,2026-09-18T05:20:34Z
C,orig,2f_top100,pread,128,5,0,0.00,100.00,179.86,1428.44,223.50,1204.94,,,1608.30,1384.80,1.58,11.00,33.00,1.10,19481972,2026-09-18T05:20:34Z
C,orig,2f_top100,async,128,5,0,0.00,100.00,175.94,403.31,223.38,179.93,,,579.25,355.87,1.60,14.00,33.00,1.10,19482808,2026-09-18T05:20:34Z
C,orig,2f_top100,async_win,128,5,0,0.00,100.00,177.21,366.07,224.18,75.79,66.09,32.00,543.28,253.00,1.58,14.00,33.00,1.10,19483540,2026-09-18T05:20:35Z
C,orig,2f_top100,async_bulk,128,5,0,0.00,100.00,176.36,357.72,222.02,69.83,65.87,32.00,534.08,246.19,1.60,14.00,33.00,1.10,19483608,2026-09-18T05:20:35Z
C,orig,2f_top500,pread,128,5,0,0.00,100.00,92.75,3039.64,225.47,2814.16,,,3132.39,2906.91,1.53,0.00,37.00,1.10,19484064,2026-09-18T05:20:35Z
C,orig,2f_top500,async,128,5,0,0.00,100.00,91.27,988.86,221.67,767.19,,,1080.13,858.46,1.56,0.00,37.00,1.10,19484956,2026-09-18T05:20:35Z
C,orig,2f_top500,async_win,128,5,0,0.00,100.00,92.39,582.93,226.53,263.18,93.22,15.00,675.32,355.57,1.54,0.00,37.00,1.10,19485412,2026-09-18T05:20:36Z
C,orig,2f_top500,async_bulk,128,5,0,0.00,13.40,759.34,353.48,223.27,40.87,89.34,2.00,1112.82,800.21,1.60,19.00,29.00,1.10,19483804,2026-09-18T05:20:36Z
C,orig,2f_slru,pread,128,5,0,0.00,100.00,95.33,3148.23,224.24,2923.99,,,3243.56,3019.32,1.55,0.00,37.00,1.10,19485156,2026-09-18T05:20:36Z
C,orig,2f_slru,async,128,5,0,0.00,100.00,92.33,972.71,224.51,748.20,,,1065.04,840.53,1.54,0.00,37.00,1.10,19486520,2026-09-18T05:20:36Z
C,orig,2f_slru,async_win,128,5,0,0.00,100.00,92.80,565.21,224.12,252.41,88.69,15.00,658.01,345.21,1.55,0.00,37.00,1.10,19471336,2026-09-18T05:20:37Z
C,orig,2f_slru,async_bulk,128,5,0,0.00,13.40,728.57,352.88,223.44,38.13,91.31,2.00,1081.45,766.70,1.62,19.00,29.00,1.10,19484524,2026-09-18T05:20:37Z
C,orig,leaf_freq_K10,pread,128,5,0,0.00,100.00,569.60,956.93,224.81,732.12,,,1526.53,1301.72,1.59,19.00,30.00,1.10,19485172,2026-09-18T05:20:37Z
C,orig,leaf_freq_K10,async,128,5,0,0.00,100.00,674.04,296.21,224.17,72.03,,,970.25,746.07,1.61,19.00,29.00,1.09,19484556,2026-09-18T05:20:37Z
C,orig,leaf_freq_K10,async_win,128,5,0,0.00,100.00,568.47,297.74,224.42,12.62,60.69,6.00,866.21,581.09,1.62,19.00,29.00,1.09,19485272,2026-09-18T05:20:38Z
C,orig,leaf_freq_K10,async_bulk,128,5,0,0.00,100.00,569.26,294.39,222.09,11.89,60.41,6.00,863.65,581.15,1.60,19.00,29.00,1.09,19484164,2026-09-18T05:20:38Z
C,orig,leaf_rand_K10,pread,128,5,0,0.00,100.00,837.82,1028.88,223.02,805.87,,,1866.70,1643.69,1.63,20.00,27.00,1.09,19485452,2026-09-18T05:20:38Z
C,orig,leaf_rand_K10,async,128,5,0,0.00,100.00,866.78,301.18,223.85,77.33,,,1167.96,944.11,1.59,20.00,27.00,1.09,19485088,2026-09-18T05:20:39Z
C,orig,leaf_rand_K10,async_win,128,5,0,0.00,100.00,871.18,306.50,231.09,14.37,61.03,10.00,1177.68,885.55,1.61,20.00,27.00,1.09,19485240,2026-09-18T05:20:39Z
C,orig,leaf_rand_K10,async_bulk,128,5,0,0.00,100.00,834.30,301.12,223.04,17.14,60.94,10.00,1135.42,851.44,1.62,20.00,27.00,1.09,19486692,2026-09-18T05:20:39Z
C,orig,learned_markov_14,pread,128,5,0,0.00,100.00,177.69,1267.60,224.08,1043.52,,,1445.29,1221.21,1.61,16.00,34.00,1.09,19486316,2026-09-18T05:20:39Z
C,orig,learned_markov_14,async,128,5,0,0.00,100.00,175.18,301.40,223.24,78.16,,,476.58,253.34,1.60,17.00,32.00,1.09,19489368,2026-09-18T05:20:40Z
C,orig,learned_markov_14,async_win,128,5,0,0.00,100.00,176.42,297.77,220.44,16.81,60.51,9.00,474.19,193.23,1.61,17.00,32.00,1.09,19489080,2026-09-18T05:20:40Z
C,orig,learned_markov_14,async_bulk,128,5,0,0.00,100.00,178.41,303.54,225.04,17.60,60.90,9.00,481.95,196.01,1.59,17.00,32.00,1.09,19490420,2026-09-18T05:20:40Z
C,orig,learned_markov_28,pread,128,5,0,0.00,100.00,180.24,1256.82,223.11,1033.71,,,1437.06,1213.95,1.59,15.00,33.00,1.09,19489908,2026-09-18T05:20:40Z
C,orig,learned_markov_28,async,128,5,0,0.00,100.00,176.75,320.86,224.42,96.44,,,497.61,273.19,1.60,16.00,33.00,1.09,19490636,2026-09-18T05:20:41Z
C,orig,learned_markov_28,async_win,128,5,0,0.00,100.00,178.28,313.51,223.21,28.00,62.30,13.00,491.79,206.28,1.59,16.00,33.00,1.09,19491064,2026-09-18T05:20:41Z
C,orig,learned_markov_28,async_bulk,128,5,0,0.00,100.00,178.75,313.91,224.93,27.19,61.79,13.00,492.66,205.94,1.60,16.00,33.00,1.09,19491788,2026-09-18T05:20:41Z
C_hit,orig,layers_5,pread,128,5,0,0.00,100.00,554.54,670.24,222.70,447.54,,,1224.78,1002.08,1.70,38.00,51.00,1.09,19491328,2026-09-18T05:20:41Z
C_hit,orig,layers_5,async,128,5,0,0.00,100.00,553.82,293.17,224.21,68.96,,,846.99,622.78,1.70,38.00,51.00,1.09,19491788,2026-09-18T05:20:42Z
C_hit,orig,layers_5,async_win,128,5,0,0.00,100.00,555.73,290.99,222.13,8.11,60.76,2.00,846.72,563.84,1.70,38.00,51.00,1.09,19484776,2026-09-18T05:20:42Z
C_hit,orig,layers_5,async_bulk,128,5,0,0.00,100.00,562.83,359.49,288.88,7.58,63.03,2.00,922.32,570.41,1.70,38.00,51.00,1.08,19486004,2026-09-18T05:20:42Z
C_hit,orig,layers_92,pread,128,5,0,0.00,100.00,563.97,8181.41,224.56,7956.85,,,8745.38,8520.82,1.69,39.00,53.00,1.08,19486180,2026-09-18T05:20:43Z
C_hit,orig,layers_92,async,128,5,0,0.00,100.00,6829.99,429.65,221.11,208.54,,,7259.64,7038.53,1.76,39.00,53.00,1.08,19485400,2026-09-18T05:20:43Z
C_hit,orig,layers_92,async_win,128,5,0,0.00,100.00,562.36,405.99,222.34,118.55,65.10,87.00,968.35,680.91,1.69,39.00,53.00,1.08,19486020,2026-09-18T05:20:43Z
C_hit,orig,layers_92,async_bulk,128,5,0,0.00,100.00,559.32,407.85,219.89,123.05,64.90,87.00,967.17,682.37,1.67,39.00,53.00,1.08,19486788,2026-09-18T05:20:43Z
C_hit,orig,2d,pread,128,5,0,0.00,100.00,554.06,657.76,225.51,432.24,,,1211.82,986.30,1.67,39.00,53.00,1.08,19487524,2026-09-18T05:20:44Z
C_hit,orig,2d,async,128,5,0,0.00,100.00,558.71,288.14,223.20,64.94,,,846.85,623.65,1.68,39.00,53.00,1.08,19486596,2026-09-18T05:20:44Z
C_hit,orig,2d,async_win,128,5,0,0.00,100.00,561.88,299.02,227.73,9.47,61.83,3.00,860.90,571.35,1.71,39.00,53.00,1.08,19486992,2026-09-18T05:20:44Z
C_hit,orig,2d,async_bulk,128,5,0,0.00,100.00,560.01,293.39,224.43,8.24,60.72,3.00,853.40,568.25,1.69,39.00,53.00,1.08,19487136,2026-09-18T05:20:44Z
C_hit,orig,2e_K10,pread,128,5,0,0.00,100.00,497.25,1196.37,226.24,970.13,,,1693.62,1467.38,1.69,37.00,52.00,1.08,19488108,2026-09-18T05:20:45Z
C_hit,orig,2e_K10,async,128,5,0,0.00,100.00,558.56,305.13,224.49,80.64,,,863.69,639.20,1.68,39.00,53.00,1.08,19488540,2026-09-18T05:20:45Z
C_hit,orig,2e_K10,async_win,128,5,0,0.00,100.00,561.82,321.24,243.12,15.59,62.54,6.00,883.06,577.41,1.69,39.00,53.00,1.08,19489060,2026-09-18T05:20:45Z
C_hit,orig,2e_K10,async_bulk,128,5,0,0.00,100.00,560.92,302.68,225.20,15.62,61.86,6.00,863.60,576.54,1.68,39.00,53.00,1.08,19503152,2026-09-18T05:20:46Z
C_hit,orig,2e_K500,pread,128,5,0,0.00,100.00,178.80,8067.88,549.86,7518.02,,,8246.68,7696.82,1.58,9.00,61.00,1.08,19503160,2026-09-18T05:20:46Z
C_hit,orig,2e_K500,async,128,5,0,0.00,46.30,180.36,913.00,226.39,686.61,,,1093.36,866.97,1.61,9.00,61.00,1.08,19503288,2026-09-18T05:20:46Z
C_hit,orig,2e_K500,async_win,128,5,0,0.00,44.00,180.34,714.86,222.34,364.99,127.54,139.00,895.20,545.33,1.59,9.00,61.00,1.08,19504292,2026-09-18T05:20:46Z
C_hit,orig,2e_K500,async_bulk,128,5,0,0.00,100.00,178.62,693.03,225.62,339.26,128.16,139.00,871.65,517.88,1.63,9.00,61.00,1.08,19504612,2026-09-18T05:20:47Z
C_hit,orig,2f_top14,pread,128,5,0,0.00,100.00,563.73,1101.13,223.74,877.39,,,1664.86,1441.12,1.69,37.00,52.00,1.08,19505916,2026-09-18T05:20:47Z
C_hit,orig,2f_top14,async,128,5,0,0.00,100.00,500.68,303.57,225.21,78.36,,,804.25,579.04,1.67,39.00,53.00,1.08,19507600,2026-09-18T05:20:47Z
C_hit,orig,2f_top14,async_win,128,5,0,0.00,100.00,559.37,302.39,225.32,15.80,61.27,6.00,861.76,575.17,1.70,39.00,53.00,1.08,19497600,2026-09-18T05:20:47Z
C_hit,orig,2f_top14,async_bulk,128,5,0,0.00,100.00,558.03,301.63,225.08,15.70,60.84,6.00,859.66,573.73,1.69,39.00,53.00,1.08,19498140,2026-09-18T05:20:48Z
C_hit,orig,2f_top28,pread,128,5,0,0.00,100.00,504.08,1144.47,223.58,920.89,,,1648.55,1424.97,1.69,36.00,53.00,1.08,19498976,2026-09-18T05:20:48Z
C_hit,orig,2f_top28,async,128,5,0,0.00,100.00,561.30,319.15,224.45,94.70,,,880.45,656.00,1.67,38.00,51.00,1.08,19499260,2026-09-18T05:20:48Z
C_hit,orig,2f_top28,async_win,128,5,0,0.00,100.00,505.86,312.07,224.01,26.22,61.84,8.00,817.93,532.08,1.68,38.00,51.00,1.08,19498852,2026-09-18T05:20:49Z
C_hit,orig,2f_top28,async_bulk,128,5,0,0.00,100.00,507.35,313.09,226.62,24.79,61.69,8.00,820.44,532.14,1.67,38.00,51.00,1.08,19499184,2026-09-18T05:20:49Z
C_hit,orig,2f_top100,pread,128,5,0,0.00,100.00,516.54,1344.95,223.93,1121.02,,,1861.49,1637.56,1.64,31.00,54.00,1.08,19500056,2026-09-18T05:20:49Z
C_hit,orig,2f_top100,async,128,5,0,0.00,100.00,561.47,407.39,233.67,173.72,,,968.86,735.19,1.75,33.00,53.00,1.08,19500716,2026-09-18T05:20:49Z
C_hit,orig,2f_top100,async_win,128,5,0,0.00,100.00,560.35,361.67,223.39,72.50,65.78,28.00,922.02,632.85,1.68,33.00,53.00,1.08,19500352,2026-09-18T05:20:50Z
C_hit,orig,2f_top100,async_bulk,128,5,0,0.00,100.00,553.89,361.08,223.02,72.18,65.88,28.00,914.97,626.07,1.71,33.00,53.00,1.08,19500208,2026-09-18T05:20:50Z
C_hit,orig,2f_top500,pread,128,5,0,0.00,100.00,181.29,3348.01,223.26,3124.76,,,3529.30,3306.05,1.57,9.00,61.00,1.08,19502312,2026-09-18T05:20:50Z
C_hit,orig,2f_top500,async,128,5,0,0.00,55.00,181.61,918.08,223.25,694.83,,,1099.69,876.44,1.59,10.00,61.00,1.08,19501748,2026-09-18T05:20:50Z
C_hit,orig,2f_top500,async_win,128,5,0,0.00,31.60,180.14,646.83,225.28,332.06,89.49,138.00,826.97,512.20,1.61,10.00,61.00,1.08,19485948,2026-09-18T05:20:51Z
C_hit,orig,2f_top500,async_bulk,128,5,0,0.00,39.00,183.29,685.45,224.41,370.34,90.70,138.00,868.74,553.63,1.61,10.00,61.00,1.08,19485712,2026-09-18T05:20:51Z
C_hit,orig,2f_slru,pread,128,5,0,0.00,100.00,89.45,4760.29,223.53,4536.76,,,4849.74,4626.21,1.55,0.00,62.00,1.08,19484996,2026-09-18T05:20:51Z
C_hit,orig,2f_slru,async,128,5,0,0.00,100.00,94.08,1640.04,222.58,1417.46,,,1734.12,1511.54,1.57,0.00,62.00,1.08,19485424,2026-09-18T05:20:51Z
C_hit,orig,2f_slru,async_win,128,5,0,0.00,100.00,95.59,790.44,223.61,409.64,157.19,29.00,886.03,505.23,1.57,0.00,62.00,1.08,19483192,2026-09-18T05:20:52Z
C_hit,orig,2f_slru,async_bulk,128,5,0,0.00,7.00,466.38,422.48,224.58,41.53,156.37,2.00,888.86,507.91,1.68,37.00,50.00,1.08,19483212,2026-09-18T05:20:52Z
C_hit,orig,leaf_freq_K10,pread,128,5,0,0.00,100.00,589.99,806.60,223.13,583.47,,,1396.59,1173.46,1.67,36.00,54.00,1.07,19484164,2026-09-18T05:20:52Z
C_hit,orig,leaf_freq_K10,async,128,5,0,0.00,100.00,595.11,295.63,222.25,73.38,,,890.74,668.49,1.67,38.00,51.00,1.07,19484364,2026-09-18T05:20:53Z
C_hit,orig,leaf_freq_K10,async_win,128,5,0,0.00,100.00,572.49,295.48,223.81,9.93,61.74,3.00,867.97,582.42,1.70,38.00,51.00,1.07,19470988,2026-09-18T05:20:53Z
C_hit,orig,leaf_freq_K10,async_bulk,128,5,0,0.00,100.00,572.44,288.92,219.46,10.58,58.88,3.00,861.36,583.02,1.69,38.00,51.00,1.07,19480584,2026-09-18T05:20:53Z
C_hit,orig,leaf_rand_K10,pread,128,5,0,0.00,100.00,586.20,1171.32,226.90,944.42,,,1757.52,1530.62,1.68,38.00,51.00,1.07,19480940,2026-09-18T05:20:53Z
C_hit,orig,leaf_rand_K10,async,128,5,0,0.00,100.00,570.32,297.77,223.51,74.26,,,868.09,644.58,1.69,38.00,51.00,1.07,19481264,2026-09-18T05:20:54Z
C_hit,orig,leaf_rand_K10,async_win,128,5,0,0.00,100.00,572.11,303.69,225.30,15.43,62.96,10.00,875.80,587.54,1.71,38.00,51.00,1.07,19481072,2026-09-18T05:20:54Z
C_hit,orig,leaf_rand_K10,async_bulk,128,5,0,0.00,100.00,570.37,298.83,223.54,15.08,60.21,10.00,869.20,585.45,1.69,38.00,51.00,1.07,19482628,2026-09-18T05:20:54Z
C_hit,orig,learned_markov_14,pread,128,5,0,0.00,100.00,558.34,1135.05,221.13,913.92,,,1693.39,1472.26,1.68,37.00,52.00,1.07,19483272,2026-09-18T05:20:55Z
C_hit,orig,learned_markov_14,async,128,5,0,0.00,100.00,565.68,303.24,224.36,78.88,,,868.92,644.56,1.69,39.00,53.00,1.07,19483452,2026-09-18T05:20:55Z
C_hit,orig,learned_markov_14,async_win,128,5,0,0.00,100.00,557.20,299.80,224.32,14.24,61.24,6.00,857.00,571.44,1.66,39.00,53.00,1.07,19483304,2026-09-18T05:20:55Z
C_hit,orig,learned_markov_14,async_bulk,128,5,0,0.00,100.00,559.10,302.33,226.19,15.26,60.88,6.00,861.43,574.36,1.69,39.00,53.00,1.07,19482672,2026-09-18T05:20:55Z
C_hit,orig,learned_markov_28,pread,128,5,0,0.00,100.00,558.79,1205.05,225.04,980.00,,,1763.84,1538.79,1.70,36.00,53.00,1.07,19480904,2026-09-18T05:20:56Z
C_hit,orig,learned_markov_28,async,128,5,0,0.00,100.00,558.22,322.69,226.37,96.32,,,880.91,654.54,1.70,38.00,51.00,1.07,19481956,2026-09-18T05:20:56Z
C_hit,orig,learned_markov_28,async_win,128,5,0,0.00,100.00,505.39,314.43,225.65,26.95,61.83,8.00,819.82,532.34,1.69,38.00,51.00,1.07,19481972,2026-09-18T05:20:56Z
C_hit,orig,learned_markov_28,async_bulk,128,5,0,0.00,100.00,522.52,991.52,515.77,23.88,451.88,8.00,1514.04,546.40,1.68,38.00,51.00,1.07,19481136,2026-09-18T05:20:56Z
A,orig,baseline,baseline,128,6,0,0.00,0.00,1026.11,0.00,0.00,0.00,,,1026.11,1026.11,2.17,189.00,265.00,1.07,19481048,2026-09-18T05:20:57Z
B,orig,baseline,baseline,128,6,0,0.00,0.00,907.07,0.00,0.00,0.00,,,907.07,907.07,2.20,187.00,260.00,1.07,19480368,2026-09-18T05:20:57Z
C,orig,baseline,baseline,128,6,0,0.00,0.00,887.04,0.00,0.00,0.00,,,887.04,887.04,1.60,20.00,27.00,1.06,19483020,2026-09-18T05:20:57Z
C_hit,orig,baseline,baseline,128,6,0,0.00,0.00,591.49,0.00,0.00,0.00,,,591.49,591.49,1.66,38.00,51.00,1.06,19484320,2026-09-18T05:20:58Z
A,orig,layers_5,pread,128,6,0,0.00,100.00,864.41,665.77,222.22,443.55,,,1530.18,1307.96,2.14,188.00,268.00,1.06,19483832,2026-09-18T05:20:58Z
A,orig,layers_5,async,128,6,0,0.00,100.00,1002.10,300.85,229.91,70.93,,,1302.95,1073.03,2.17,189.00,268.00,1.06,19466980,2026-09-18T05:20:58Z
A,orig,layers_5,async_win,128,6,0,0.00,100.00,1002.00,1651.48,1113.47,7.00,531.01,2.00,2653.48,1009.00,2.18,189.00,268.00,1.06,19467324,2026-09-18T05:20:59Z
A,orig,layers_5,async_bulk,128,6,0,0.00,100.00,929.18,293.20,224.42,7.50,61.28,2.00,1222.38,936.68,2.12,189.00,268.00,1.06,19466364,2026-09-18T05:20:59Z
A,orig,layers_92,pread,128,6,0,0.00,100.00,598.91,8162.89,226.97,7935.92,,,8761.80,8534.83,2.15,188.00,273.00,1.06,19468548,2026-09-18T05:20:59Z
A,orig,layers_92,async,128,6,0,0.00,100.00,602.97,431.18,235.75,195.43,,,1034.15,798.40,2.20,189.00,272.00,1.06,19469988,2026-09-18T05:21:00Z
A,orig,layers_92,async_win,128,6,0,0.00,100.00,594.10,411.41,224.87,124.59,61.95,87.00,1005.51,718.69,2.13,189.00,272.00,1.06,19471932,2026-09-18T05:21:00Z
A,orig,layers_92,async_bulk,128,6,0,0.00,100.00,594.02,419.38,225.91,127.23,66.25,87.00,1013.40,721.25,2.13,189.00,272.00,1.06,19472608,2026-09-18T05:21:00Z
A,orig,2d,pread,128,6,0,0.00,100.00,594.92,1925.65,226.00,1699.66,,,2520.57,2294.58,2.22,188.00,273.00,1.06,19473712,2026-09-18T05:21:01Z
A,orig,2d,async,128,6,0,0.00,100.00,594.67,313.34,227.09,86.25,,,908.01,680.92,2.16,189.00,272.00,1.06,19474148,2026-09-18T05:21:01Z
A,orig,2d,async_win,128,6,0,0.00,100.00,596.91,312.43,225.47,24.99,61.97,13.00,909.34,621.90,2.14,189.00,272.00,1.06,19476084,2026-09-18T05:21:01Z
A,orig,2d,async_bulk,128,6,0,0.00,100.00,588.80,312.81,226.21,24.83,61.78,13.00,901.61,613.63,2.11,189.00,272.00,1.06,19479088,2026-09-18T05:21:01Z
A,orig,2e_K10,pread,128,6,0,0.00,100.00,595.37,2700.91,228.54,2472.37,,,3296.28,3067.74,2.17,189.00,284.00,1.06,19478848,2026-09-18T05:21:02Z
A,orig,2e_K10,async,128,6,0,0.00,100.00,596.40,1342.63,963.59,379.04,,,1939.03,975.44,2.17,190.00,283.00,1.06,19479460,2026-09-18T05:21:02Z
A,orig,2e_K10,async_win,128,6,0,0.00,100.00,590.77,320.74,224.74,33.00,63.00,23.00,911.51,623.77,2.15,190.00,283.00,1.06,19481284,2026-09-18T05:21:02Z
A,orig,2e_K10,async_bulk,128,6,0,0.00,100.00,524.49,330.73,227.25,41.05,62.44,23.00,855.22,565.54,2.12,190.00,283.00,1.06,19481068,2026-09-18T05:21:03Z
A,orig,2e_K500,pread,128,6,0,0.00,100.00,186.73,19280.76,229.51,19051.25,,,19467.49,19237.98,1.72,53.00,321.00,1.06,19482100,2026-09-18T05:21:03Z
A,orig,2e_K500,async,128,6,0,0.00,100.00,640.48,1136.00,227.88,908.12,,,1776.48,1548.60,2.13,194.00,397.00,1.06,19462256,2026-09-18T05:21:03Z
A,orig,2e_K500,async_win,128,6,0,0.00,100.00,640.23,1065.05,223.52,750.10,91.43,471.00,1705.28,1390.33,2.13,194.00,398.00,1.06,19467904,2026-09-18T05:21:04Z
A,orig,2e_K500,async_bulk,128,6,0,0.00,100.00,637.43,1022.72,227.19,703.70,91.83,471.00,1660.15,1341.13,2.13,194.00,392.00,1.06,19465560,2026-09-18T05:21:04Z
A,orig,2f_top14,pread,128,6,0,0.00,100.00,598.26,1414.58,226.52,1188.06,,,2012.84,1786.32,2.16,191.00,271.00,1.06,19467260,2026-09-18T05:21:04Z
A,orig,2f_top14,async,128,6,0,0.00,100.00,607.13,313.34,231.40,81.94,,,920.47,689.07,2.21,191.00,271.00,1.06,19467272,2026-09-18T05:21:05Z
A,orig,2f_top14,async_win,128,6,0,0.00,100.00,528.17,305.45,225.19,18.90,61.37,13.00,833.62,547.07,2.14,191.00,271.00,1.06,19467448,2026-09-18T05:21:05Z
A,orig,2f_top14,async_bulk,128,6,0,0.00,100.00,592.05,307.15,224.58,19.92,62.65,13.00,899.20,611.97,2.17,191.00,271.00,1.06,19468100,2026-09-18T05:21:05Z
A,orig,2f_top28,pread,128,6,0,0.00,100.00,605.62,2629.24,230.06,2399.18,,,3234.86,3004.80,2.22,191.00,291.00,1.06,19468912,2026-09-18T05:21:06Z
A,orig,2f_top28,async,128,6,0,0.00,100.00,599.87,328.17,224.37,103.80,,,928.04,703.67,2.16,191.00,291.00,1.06,19480636,2026-09-18T05:21:06Z
A,orig,2f_top28,async_win,128,6,0,0.00,100.00,592.61,328.12,227.44,38.01,62.67,27.00,920.73,630.62,2.17,191.00,290.00,1.06,19480856,2026-09-18T05:21:06Z
A,orig,2f_top28,async_bulk,128,6,0,0.00,100.00,535.16,329.61,231.12,35.90,62.59,27.00,864.77,571.06,2.15,191.00,290.00,1.06,19480156,2026-09-18T05:21:07Z
A,orig,2f_top100,pread,128,6,0,0.00,100.00,592.84,8795.57,225.19,8570.37,,,9388.41,9163.21,2.15,186.00,315.00,1.06,19481100,2026-09-18T05:21:07Z
A,orig,2f_top100,async,128,6,0,0.00,100.00,594.18,446.72,230.30,216.42,,,1040.90,810.60,2.15,191.00,311.00,1.05,19480908,2026-09-18T05:21:07Z
A,orig,2f_top100,async_win,128,6,0,0.00,100.00,592.87,415.80,226.23,123.61,65.96,98.00,1008.67,716.48,2.17,191.00,312.00,1.05,19481580,2026-09-18T05:21:08Z
A,orig,2f_top100,async_bulk,128,6,0,0.00,100.00,592.13,438.16,223.74,148.54,65.88,98.00,1030.29,740.67,2.16,191.00,310.00,1.05,19481324,2026-09-18T05:21:08Z
A,orig,2f_top500,pread,128,6,0,0.00,100.00,186.28,18946.13,226.56,18719.58,,,19132.41,18905.86,1.76,54.00,322.00,1.05,19482172,2026-09-18T05:21:08Z
A,orig,2f_top500,async,128,6,0,0.00,100.00,637.52,1097.21,227.60,869.62,,,1734.73,1507.14,2.13,193.00,399.00,1.05,19482564,2026-09-18T05:21:09Z
A,orig,2f_top500,async_win,128,6,0,0.00,100.00,580.23,1092.26,226.83,736.75,128.69,460.00,1672.49,1316.98,2.14,193.00,396.00,1.05,19482500,2026-09-18T05:21:09Z
A,orig,2f_top500,async_bulk,128,6,0,0.00,100.00,595.16,1026.30,234.25,661.32,130.73,460.00,1621.46,1256.48,2.20,193.00,396.00,1.05,19483976,2026-09-18T05:21:09Z
A,orig,2f_slru,pread,128,6,0,0.00,100.00,100.44,18070.33,225.14,17845.19,,,18170.77,17945.63,1.57,0.00,278.00,1.05,19466732,2026-09-18T05:21:09Z
A,orig,2f_slru,async,128,6,0,0.00,100.00,100.51,7412.20,224.60,7187.59,,,7512.71,7288.10,1.56,0.00,278.00,1.05,19465276,2026-09-18T05:21:10Z
A,orig,2f_slru,async_win,128,6,0,0.00,81.90,97.84,2551.21,227.77,1921.86,401.57,138.00,2649.05,2019.70,1.58,0.00,278.00,1.05,19472220,2026-09-18T05:21:10Z
A,orig,2f_slru,async_bulk,128,6,0,0.00,1.40,781.53,724.10,227.88,86.35,409.87,2.00,1505.63,867.88,2.09,188.00,263.00,1.05,19474420,2026-09-18T05:21:10Z
A,orig,leaf_freq_K10,pread,128,6,0,0.00,100.00,1010.22,1155.41,226.38,929.04,,,2165.63,1939.26,2.13,188.00,278.00,1.05,19476816,2026-09-18T05:21:11Z
A,orig,leaf_freq_K10,async,128,6,0,0.00,100.00,943.91,302.17,225.62,76.54,,,1246.08,1020.45,2.12,188.00,278.00,1.05,19480616,2026-09-18T05:21:11Z
A,orig,leaf_freq_K10,async_win,128,6,0,0.00,100.00,1011.96,309.42,232.47,15.06,61.90,10.00,1321.38,1027.02,2.14,188.00,278.00,1.05,19462888,2026-09-18T05:21:11Z
A,orig,leaf_freq_K10,async_bulk,128,6,0,0.00,100.00,1013.12,302.92,226.92,14.87,61.13,10.00,1316.04,1027.99,2.15,188.00,278.00,1.05,19463704,2026-09-18T05:21:12Z
A,orig,leaf_rand_K10,pread,128,6,0,0.00,100.00,1009.75,1124.15,224.98,899.17,,,2133.90,1908.92,2.14,189.00,266.00,1.05,19464752,2026-09-18T05:21:12Z
A,orig,leaf_rand_K10,async,128,6,0,0.00,100.00,2312.83,303.62,226.06,77.56,,,2616.45,2390.39,2.21,189.00,266.00,1.05,19467328,2026-09-18T05:21:12Z
A,orig,leaf_rand_K10,async_win,128,6,0,0.00,100.00,1018.67,299.67,222.94,16.40,60.33,10.00,1318.34,1035.07,2.17,189.00,266.00,1.05,19469680,2026-09-18T05:21:13Z
A,orig,leaf_rand_K10,async_bulk,128,6,0,0.00,100.00,1014.30,305.93,228.27,15.65,62.01,10.00,1320.23,1029.95,2.20,189.00,266.00,1.05,19469104,2026-09-18T05:21:13Z
A,orig,learned_markov_14,pread,128,6,0,0.00,100.00,529.82,1757.39,229.75,1527.64,,,2287.21,2057.46,2.17,189.00,273.00,1.05,19471944,2026-09-18T05:21:13Z
A,orig,learned_markov_14,async,128,6,0,0.00,100.00,598.33,306.61,226.83,79.78,,,904.94,678.11,2.16,189.00,273.00,1.05,19473388,2026-09-18T05:21:13Z
A,orig,learned_markov_14,async_win,128,6,0,0.00,100.00,592.27,305.65,224.78,20.10,60.77,13.00,897.92,612.37,2.12,189.00,273.00,1.05,19474016,2026-09-18T05:21:14Z
A,orig,learned_markov_14,async_bulk,128,6,0,0.00,100.00,598.65,303.16,223.89,18.17,61.09,13.00,901.81,616.82,2.21,189.00,272.00,1.05,19478712,2026-09-18T05:21:14Z
A,orig,learned_markov_28,pread,128,6,0,0.00,100.00,527.41,2680.67,224.48,2456.19,,,3208.08,2983.60,2.13,189.00,275.00,1.05,19479512,2026-09-18T05:21:14Z
A,orig,learned_markov_28,async,128,6,0,0.00,100.00,528.01,331.89,226.48,105.42,,,859.90,633.43,2.12,189.00,274.00,1.05,19480280,2026-09-18T05:21:15Z
A,orig,learned_markov_28,async_win,128,6,0,0.00,100.00,590.95,336.99,236.28,34.30,66.41,26.00,927.94,625.25,2.18,189.00,275.00,1.05,19455636,2026-09-18T05:21:15Z
A,orig,learned_markov_28,async_bulk,128,6,0,0.00,100.00,530.43,332.24,226.72,43.52,62.00,26.00,862.67,573.95,2.11,189.00,274.00,1.05,19456892,2026-09-18T05:21:15Z
B,orig,layers_5,pread,128,6,0,0.00,100.00,2150.01,666.67,223.55,443.12,,,2816.68,2593.13,2.22,186.00,260.00,1.05,19457544,2026-09-18T05:21:16Z
B,orig,layers_5,async,128,6,0,0.00,100.00,904.41,293.84,224.08,69.76,,,1198.25,974.17,2.21,187.00,260.00,1.05,19460524,2026-09-18T05:21:16Z
B,orig,layers_5,async_win,128,6,0,0.00,100.00,916.83,295.60,226.65,7.70,61.24,2.00,1212.43,924.53,2.21,187.00,260.00,1.05,19462604,2026-09-18T05:21:16Z
B,orig,layers_5,async_bulk,128,6,0,0.00,100.00,809.81,296.46,225.58,7.24,63.63,2.00,1106.27,817.05,2.24,187.00,260.00,1.05,19462744,2026-09-18T05:21:17Z
B,orig,layers_92,pread,128,6,0,0.00,100.00,465.33,8309.33,229.03,8080.30,,,8774.66,8545.63,2.18,186.00,267.00,1.05,19462240,2026-09-18T05:21:17Z
B,orig,layers_92,async,128,6,0,0.00,100.00,522.87,436.47,226.95,209.52,,,959.34,732.39,2.22,187.00,266.00,1.05,19463048,2026-09-18T05:21:17Z
B,orig,layers_92,async_win,128,6,0,0.00,100.00,520.22,431.08,233.30,129.80,67.98,87.00,951.30,650.02,2.34,187.00,266.00,1.05,19464060,2026-09-18T05:21:18Z
B,orig,layers_92,async_bulk,128,6,0,0.00,100.00,528.19,426.54,226.47,133.72,66.36,87.00,954.73,661.91,2.21,187.00,266.00,1.05,19464812,2026-09-18T05:21:18Z
B,orig,2d,pread,128,6,0,0.00,100.00,524.60,1843.07,225.15,1617.91,,,2367.67,2142.51,2.15,186.00,267.00,1.05,19465520,2026-09-18T05:21:18Z
B,orig,2d,async,128,6,0,0.00,100.00,526.48,319.17,222.48,96.69,,,845.65,623.17,2.28,187.00,266.00,1.05,19467720,2026-09-18T05:21:19Z
B,orig,2d,async_win,128,6,0,0.00,100.00,531.29,311.29,226.91,22.11,62.27,13.00,842.58,553.40,2.22,187.00,266.00,1.05,19466960,2026-09-18T05:21:19Z
B,orig,2d,async_bulk,128,6,0,0.00,100.00,528.47,309.45,226.31,21.38,61.77,13.00,837.92,549.85,2.21,187.00,266.00,1.05,19469052,2026-09-18T05:21:19Z
B,orig,2e_K10,pread,128,6,0,0.00,100.00,984.90,2764.48,225.25,2539.22,,,3749.38,3524.12,2.25,187.00,267.00,1.05,19467956,2026-09-18T05:21:20Z
B,orig,2e_K10,async,128,6,0,0.00,100.00,529.25,326.94,226.00,100.95,,,856.19,630.20,2.20,188.00,267.00,1.05,19468196,2026-09-18T05:21:20Z
B,orig,2e_K10,async_win,128,6,0,0.00,100.00,522.85,318.57,223.09,38.07,57.41,23.00,841.42,560.92,2.19,188.00,267.00,1.05,19450872,2026-09-18T05:21:20Z
B,orig,2e_K10,async_bulk,128,6,0,0.00,100.00,528.02,322.34,224.60,35.20,62.54,23.00,850.36,563.22,2.23,188.00,266.00,1.05,19451860,2026-09-18T05:21:21Z
B,orig,2e_K500,pread,128,6,0,0.00,100.00,186.77,18797.01,226.34,18570.68,,,18983.78,18757.45,1.83,73.00,313.00,1.05,19452192,2026-09-18T05:21:21Z
B,orig,2e_K500,async,128,6,0,0.00,100.00,183.63,1127.98,226.51,901.48,,,1311.61,1085.11,2.18,187.00,316.00,1.05,19455132,2026-09-18T05:21:21Z
B,orig,2e_K500,async_win,128,6,0,0.00,100.00,183.60,1013.61,224.45,696.43,92.72,461.00,1197.21,880.03,2.19,187.00,316.00,1.05,19455264,2026-09-18T05:21:22Z
B,orig,2e_K500,async_bulk,128,6,0,0.00,100.00,184.14,1054.26,224.03,738.65,91.58,461.00,1238.40,922.79,2.18,187.00,316.00,1.05,19455520,2026-09-18T05:21:22Z
B,orig,2f_top14,pread,128,6,0,0.00,100.00,532.34,4913.08,230.07,4683.01,,,5445.42,5215.35,2.19,188.00,265.00,1.04,19460732,2026-09-18T05:21:22Z
B,orig,2f_top14,async,128,6,0,0.00,100.00,524.71,302.77,222.64,80.13,,,827.48,604.84,2.16,188.00,266.00,1.04,19460108,2026-09-18T05:21:23Z
B,orig,2f_top14,async_win,128,6,0,0.00,100.00,526.71,307.05,226.04,19.95,61.05,13.00,833.76,546.66,2.22,188.00,266.00,1.04,19461744,2026-09-18T05:21:23Z
B,orig,2f_top14,async_bulk,128,6,0,0.00,100.00,536.54,317.34,232.39,19.82,65.13,13.00,853.88,556.36,2.26,188.00,266.00,1.04,19466868,2026-09-18T05:21:23Z
B,orig,2f_top28,pread,128,6,0,0.00,100.00,462.14,2684.36,224.73,2459.62,,,3146.50,2921.76,2.19,188.00,267.00,1.04,19466424,2026-09-18T05:21:24Z
B,orig,2f_top28,async,128,6,0,0.00,100.00,528.40,326.58,224.26,102.32,,,854.98,630.72,2.21,188.00,268.00,1.04,19467156,2026-09-18T05:21:24Z
B,orig,2f_top28,async_win,128,6,0,0.00,100.00,463.99,339.91,233.78,41.37,64.76,27.00,803.90,505.36,2.28,188.00,268.00,1.04,19470768,2026-09-18T05:21:24Z
B,orig,2f_top28,async_bulk,128,6,0,0.00,100.00,526.13,327.72,226.70,39.29,61.73,27.00,853.85,565.42,2.21,188.00,268.00,1.04,19471172,2026-09-18T05:21:25Z
B,orig,2f_top100,pread,128,6,0,0.00,100.00,530.41,8679.71,224.99,8454.72,,,9210.12,8985.13,2.22,187.00,272.00,1.04,19471096,2026-09-18T05:21:25Z
B,orig,2f_top100,async,128,6,0,0.00,100.00,534.79,1041.63,850.38,191.25,,,1576.42,726.04,2.28,187.00,271.00,1.04,19474400,2026-09-18T05:21:25Z
B,orig,2f_top100,async_win,128,6,0,0.00,100.00,542.07,413.55,234.11,118.38,61.05,97.00,955.62,660.45,2.22,187.00,272.00,1.04,19461356,2026-09-18T05:21:26Z
B,orig,2f_top100,async_bulk,128,6,0,0.00,100.00,527.98,421.11,224.89,130.58,65.64,97.00,949.09,658.56,2.20,187.00,272.00,1.04,19462788,2026-09-18T05:21:26Z
B,orig,2f_top500,pread,128,6,0,0.00,100.00,187.92,32398.40,226.01,32172.39,,,32586.32,32360.31,1.84,74.00,315.00,1.04,19463168,2026-09-18T05:21:26Z
B,orig,2f_top500,async,128,6,0,0.00,100.00,185.04,1110.53,225.42,885.10,,,1295.57,1070.14,2.18,187.00,313.00,1.04,19479692,2026-09-18T05:21:27Z
B,orig,2f_top500,async_win,128,6,0,0.00,100.00,185.90,1034.88,226.18,718.47,90.23,448.00,1220.78,904.37,2.20,187.00,316.00,1.04,19480508,2026-09-18T05:21:27Z
B,orig,2f_top500,async_bulk,128,6,0,0.00,100.00,189.15,991.43,225.21,675.41,90.81,448.00,1180.58,864.56,2.23,187.00,313.00,1.04,19480436,2026-09-18T05:21:27Z
B,orig,2f_slru,pread,128,6,0,0.00,100.00,97.63,17919.89,221.18,17698.72,,,18017.52,17796.35,1.58,0.00,278.00,1.04,19483336,2026-09-18T05:21:28Z
B,orig,2f_slru,async,128,6,0,0.00,100.00,97.38,7425.95,223.80,7202.15,,,7523.33,7299.53,1.62,0.00,278.00,1.04,19480624,2026-09-18T05:21:28Z
B,orig,2f_slru,async_win,128,6,0,0.00,86.60,98.97,2573.70,226.91,1936.13,410.66,139.00,2672.67,2035.10,1.65,0.00,278.00,1.04,19483680,2026-09-18T05:21:28Z
B,orig,2f_slru,async_bulk,128,6,0,0.00,2.20,726.76,744.87,228.64,107.89,408.34,3.00,1471.63,834.65,2.19,184.00,259.00,1.04,19487232,2026-09-18T05:21:28Z
B,orig,leaf_freq_K10,pread,128,6,0,0.00,100.00,947.56,1088.88,224.47,864.40,,,2036.44,1811.96,2.26,187.00,260.00,1.04,19489680,2026-09-18T05:21:29Z
B,orig,leaf_freq_K10,async,128,6,0,0.00,100.00,922.71,303.50,225.57,77.93,,,1226.21,1000.64,2.18,187.00,260.00,1.04,19489804,2026-09-18T05:21:29Z
B,orig,leaf_freq_K10,async_win,128,6,0,0.00,100.00,860.47,299.65,224.52,13.89,61.24,10.00,1160.12,874.36,2.19,187.00,260.00,1.04,19494552,2026-09-18T05:21:29Z
B,orig,leaf_freq_K10,async_bulk,128,6,0,0.00,100.00,878.79,300.02,223.78,14.99,61.26,10.00,1178.81,893.78,2.18,187.00,260.00,1.04,19494396,2026-09-18T05:21:30Z
B,orig,leaf_rand_K10,pread,128,6,0,0.00,100.00,919.62,1064.93,225.78,839.15,,,1984.55,1758.77,2.19,188.00,261.00,1.04,19494800,2026-09-18T05:21:30Z
B,orig,leaf_rand_K10,async,128,6,0,0.00,100.00,825.88,350.48,273.32,77.16,,,1176.36,903.04,2.28,188.00,261.00,1.04,19495352,2026-09-18T05:21:30Z
B,orig,leaf_rand_K10,async_win,128,6,0,0.00,100.00,823.67,305.42,224.82,18.70,61.91,10.00,1129.09,842.37,2.19,188.00,261.00,1.04,19494576,2026-09-18T05:21:31Z
B,orig,leaf_rand_K10,async_bulk,128,6,0,0.00,100.00,889.42,302.07,224.60,15.87,61.60,10.00,1191.49,905.29,2.20,188.00,261.00,1.04,19494492,2026-09-18T05:21:31Z
B,orig,learned_markov_14,pread,128,6,0,0.00,100.00,536.35,1482.20,225.81,1256.38,,,2018.55,1792.73,2.22,187.00,265.00,1.04,19489696,2026-09-18T05:21:31Z
B,orig,learned_markov_14,async,128,6,0,0.00,100.00,532.94,309.15,225.43,83.72,,,842.09,616.66,2.21,187.00,265.00,1.04,19466664,2026-09-18T05:21:32Z
B,orig,learned_markov_14,async_win,128,6,0,0.00,100.00,528.53,304.70,224.04,19.04,61.63,13.00,833.23,547.57,2.21,187.00,265.00,1.04,19468056,2026-09-18T05:21:32Z
B,orig,learned_markov_14,async_bulk,128,6,0,0.00,100.00,532.43,310.51,228.63,20.27,61.62,13.00,842.94,552.70,2.27,187.00,265.00,1.04,19470440,2026-09-18T05:21:32Z
B,orig,learned_markov_28,pread,128,6,0,0.00,100.00,527.27,2632.12,225.68,2406.43,,,3159.39,2933.70,2.20,187.00,265.00,1.04,19470872,2026-09-18T05:21:33Z
B,orig,learned_markov_28,async,128,6,0,0.00,100.00,523.48,317.64,220.06,97.57,,,841.12,621.05,2.17,187.00,265.00,1.04,19469556,2026-09-18T05:21:33Z
B,orig,learned_markov_28,async_win,128,6,0,0.00,100.00,528.89,330.52,225.56,38.33,66.63,27.00,859.41,567.22,2.23,187.00,266.00,1.04,19472236,2026-09-18T05:21:33Z
B,orig,learned_markov_28,async_bulk,128,6,0,0.00,100.00,531.43,322.30,225.78,33.47,63.04,27.00,853.73,564.90,2.21,187.00,265.00,1.04,19473376,2026-09-18T05:21:34Z
C,orig,layers_5,pread,128,6,0,0.00,100.00,824.61,675.88,224.01,451.87,,,1500.49,1276.48,1.60,20.00,27.00,1.04,19473420,2026-09-18T05:21:34Z
C,orig,layers_5,async,128,6,0,0.00,100.00,822.46,300.83,226.10,74.73,,,1123.29,897.19,1.59,20.00,27.00,1.04,19475052,2026-09-18T05:21:34Z
C,orig,layers_5,async_win,128,6,0,0.00,100.00,853.85,294.36,225.90,7.31,61.16,2.00,1148.21,861.16,1.60,20.00,27.00,1.04,19475608,2026-09-18T05:21:34Z
C,orig,layers_5,async_bulk,128,6,0,0.00,100.00,819.94,293.39,224.15,6.86,62.38,2.00,1113.33,826.80,1.60,20.00,27.00,1.04,19473132,2026-09-18T05:21:35Z
C,orig,layers_92,pread,128,6,0,0.00,100.00,473.39,8225.86,224.17,8001.69,,,8699.25,8475.08,1.58,18.00,30.00,1.04,19473072,2026-09-18T05:21:35Z
C,orig,layers_92,async,128,6,0,0.00,100.00,471.23,426.86,225.82,201.04,,,898.09,672.27,1.59,18.00,30.00,1.04,19474452,2026-09-18T05:21:35Z
C,orig,layers_92,async_win,128,6,0,0.00,100.00,474.08,416.64,226.90,122.77,66.98,87.00,890.72,596.85,1.59,18.00,30.00,1.04,19475072,2026-09-18T05:21:35Z
C,orig,layers_92,async_bulk,128,6,0,0.00,100.00,402.07,410.37,223.08,121.86,65.43,87.00,812.44,523.93,1.56,18.00,30.00,1.04,19474616,2026-09-18T05:21:36Z
C,orig,2d,pread,128,6,0,0.00,100.00,439.81,572.94,224.84,348.09,,,1012.75,787.90,1.57,18.00,30.00,1.04,19475704,2026-09-18T05:21:36Z
C,orig,2d,async,128,6,0,0.00,100.00,445.03,293.86,224.65,69.21,,,738.89,514.24,1.58,18.00,30.00,1.04,19478992,2026-09-18T05:21:36Z
C,orig,2d,async_win,128,6,0,0.00,100.00,445.21,291.21,222.90,6.98,61.33,2.00,736.42,452.19,1.57,18.00,30.00,1.04,19479280,2026-09-18T05:21:37Z
C,orig,2d,async_bulk,128,6,0,0.00,100.00,374.22,295.66,226.90,7.58,61.17,2.00,669.88,381.80,1.59,18.00,30.00,1.04,19470100,2026-09-18T05:21:37Z
C,orig,2e_K10,pread,128,6,0,0.00,100.00,179.76,1444.18,224.71,1219.47,,,1623.94,1399.23,1.60,17.00,33.00,1.04,19471416,2026-09-18T05:21:37Z
C,orig,2e_K10,async,128,6,0,0.00,100.00,178.57,301.21,223.08,78.13,,,479.78,256.70,1.59,17.00,32.00,1.11,19475612,2026-09-18T05:21:37Z
C,orig,2e_K10,async_win,128,6,0,0.00,100.00,178.40,301.14,223.32,15.63,62.19,8.00,479.54,194.03,1.58,17.00,32.00,1.11,19475444,2026-09-18T05:21:38Z
C,orig,2e_K10,async_bulk,128,6,0,0.00,100.00,177.52,305.88,226.41,16.94,62.53,8.00,483.40,194.46,1.57,17.00,32.00,1.11,19476096,2026-09-18T05:21:38Z
C,orig,2e_K500,pread,128,6,0,0.00,100.00,176.97,2396.21,223.41,2172.80,,,2573.18,2349.77,1.51,0.00,37.00,1.11,19475880,2026-09-18T05:21:38Z
C,orig,2e_K500,async,128,6,0,0.00,47.90,178.26,684.34,223.80,460.54,,,862.60,638.80,1.53,0.00,37.00,1.11,19478080,2026-09-18T05:21:38Z
C,orig,2e_K500,async_win,128,6,0,0.00,55.60,182.11,544.60,224.32,235.71,84.57,90.00,726.71,417.82,1.53,0.00,37.00,1.11,19478512,2026-09-18T05:21:39Z
C,orig,2e_K500,async_bulk,128,6,0,0.00,42.30,180.14,539.89,222.72,218.91,98.27,90.00,720.03,399.05,1.56,0.00,37.00,1.11,19478652,2026-09-18T05:21:39Z
C,orig,2f_top14,pread,128,6,0,0.00,100.00,180.61,1332.07,227.35,1104.73,,,1512.68,1285.34,1.59,16.00,34.00,1.11,19478816,2026-09-18T05:21:39Z
C,orig,2f_top14,async,128,6,0,0.00,100.00,177.46,307.07,225.57,81.49,,,484.53,258.95,1.62,17.00,32.00,1.11,19479292,2026-09-18T05:21:39Z
C,orig,2f_top14,async_win,128,6,0,0.00,100.00,174.78,302.41,220.63,16.36,65.41,9.00,477.19,191.14,1.61,17.00,32.00,1.11,19479996,2026-09-18T05:21:40Z
C,orig,2f_top14,async_bulk,128,6,0,0.00,100.00,177.19,300.19,223.22,16.08,60.88,9.00,477.38,193.27,1.58,17.00,32.00,1.11,19480052,2026-09-18T05:21:40Z
C,orig,2f_top28,pread,128,6,0,0.00,100.00,177.85,1336.47,224.96,1111.51,,,1514.32,1289.36,1.56,15.00,33.00,1.11,19480280,2026-09-18T05:21:40Z
C,orig,2f_top28,async,128,6,0,0.00,100.00,177.35,320.31,224.08,96.23,,,497.66,273.58,1.57,16.00,33.00,1.11,19480408,2026-09-18T05:21:40Z
C,orig,2f_top28,async_win,128,6,0,0.00,100.00,179.19,312.81,222.13,28.86,61.82,13.00,492.00,208.05,1.61,16.00,33.00,1.11,19482448,2026-09-18T05:21:41Z
C,orig,2f_top28,async_bulk,128,6,0,0.00,100.00,176.47,309.67,222.22,25.40,62.06,13.00,486.14,201.87,1.63,16.00,33.00,1.11,19482904,2026-09-18T05:21:41Z
C,orig,2f_top100,pread,128,6,0,0.00,100.00,177.64,1386.47,222.84,1163.63,,,1564.11,1341.27,1.57,11.00,33.00,1.11,19483212,2026-09-18T05:21:41Z
C,orig,2f_top100,async,128,6,0,0.00,100.00,177.30,395.71,219.84,175.87,,,573.01,353.17,1.60,14.00,33.00,1.11,19482620,2026-09-18T05:21:42Z
C,orig,2f_top100,async_win,128,6,0,0.00,100.00,175.32,367.16,224.55,75.84,66.77,32.00,542.48,251.16,1.58,14.00,33.00,1.11,19482612,2026-09-18T05:21:42Z
C,orig,2f_top100,async_bulk,128,6,0,0.00,100.00,178.74,355.09,221.09,70.84,63.16,32.00,533.83,249.58,1.60,14.00,33.00,1.11,19478716,2026-09-18T05:21:42Z
C,orig,2f_top500,pread,128,6,0,0.00,100.00,89.78,3111.67,224.50,2887.17,,,3201.45,2976.95,1.52,0.00,37.00,1.10,19479172,2026-09-18T05:21:42Z
C,orig,2f_top500,async,128,6,0,0.00,100.00,92.17,955.10,222.79,732.31,,,1047.27,824.48,1.53,0.00,37.00,1.10,19481952,2026-09-18T05:21:43Z
C,orig,2f_top500,async_win,128,6,0,0.00,100.00,93.44,585.48,225.78,268.62,91.07,15.00,678.92,362.06,1.53,0.00,37.00,1.10,19482152,2026-09-18T05:21:43Z
C,orig,2f_top500,async_bulk,128,6,0,0.00,13.40,767.84,351.63,221.88,39.08,90.67,2.00,1119.47,806.92,1.60,19.00,29.00,1.10,19484140,2026-09-18T05:21:43Z
C,orig,2f_slru,pread,128,6,0,0.00,100.00,91.76,3086.04,223.46,2862.58,,,3177.80,2954.34,1.53,0.00,37.00,1.10,19483780,2026-09-18T05:21:43Z
C,orig,2f_slru,async,128,6,0,0.00,100.00,91.72,991.53,224.04,767.49,,,1083.25,859.21,1.55,0.00,37.00,1.10,19487696,2026-09-18T05:21:44Z
C,orig,2f_slru,async_win,128,6,0,0.00,100.00,93.76,597.04,223.61,283.81,89.62,15.00,690.80,377.57,1.54,0.00,37.00,1.10,19488408,2026-09-18T05:21:44Z
C,orig,2f_slru,async_bulk,128,6,0,0.00,13.40,761.44,349.31,222.92,37.78,88.61,2.00,1110.75,799.22,1.60,19.00,29.00,1.10,19491224,2026-09-18T05:21:44Z
C,orig,leaf_freq_K10,pread,128,6,0,0.00,100.00,670.76,937.49,226.12,711.38,,,1608.25,1382.14,1.61,19.00,30.00,1.10,19490240,2026-09-18T05:21:44Z
C,orig,leaf_freq_K10,async,128,6,0,0.00,100.00,674.30,297.92,223.89,74.03,,,972.22,748.33,1.60,19.00,29.00,1.10,19490948,2026-09-18T05:21:45Z
C,orig,leaf_freq_K10,async_win,128,6,0,0.00,100.00,572.79,294.15,221.79,12.22,60.14,6.00,866.94,585.01,1.57,19.00,29.00,1.10,19491276,2026-09-18T05:21:45Z
C,orig,leaf_freq_K10,async_bulk,128,6,0,0.00,100.00,573.35,298.83,226.59,11.85,60.39,6.00,872.18,585.20,1.60,19.00,29.00,1.10,19494024,2026-09-18T05:21:45Z
C,orig,leaf_rand_K10,pread,128,6,0,0.00,100.00,840.03,1028.43,223.03,805.40,,,1868.46,1645.43,1.59,20.00,27.00,1.10,19493784,2026-09-18T05:21:45Z
C,orig,leaf_rand_K10,async,128,6,0,0.00,100.00,833.17,302.44,226.51,75.93,,,1135.61,909.10,1.59,20.00,27.00,1.10,19497980,2026-09-18T05:21:46Z
C,orig,leaf_rand_K10,async_win,128,6,0,0.00,100.00,835.51,297.79,222.48,15.10,60.21,10.00,1133.30,850.61,1.58,20.00,27.00,1.10,19498160,2026-09-18T05:21:46Z
C,orig,leaf_rand_K10,async_bulk,128,6,0,0.00,100.00,830.68,297.66,221.71,15.08,60.88,10.00,1128.34,845.76,1.59,20.00,27.00,1.10,19498200,2026-09-18T05:21:46Z
C,orig,learned_markov_14,pread,128,6,0,0.00,100.00,178.15,1228.79,220.26,1008.53,,,1406.94,1186.68,1.56,16.00,34.00,1.10,19495764,2026-09-18T05:21:46Z
C,orig,learned_markov_14,async,128,6,0,0.00,100.00,177.64,298.73,222.07,76.66,,,476.37,254.30,1.59,17.00,32.00,1.10,19513452,2026-09-18T05:21:47Z
C,orig,learned_markov_14,async_win,128,6,0,0.00,100.00,179.13,300.13,222.12,17.06,60.95,9.00,479.26,196.19,1.60,17.00,32.00,1.10,19513152,2026-09-18T05:21:47Z
C,orig,learned_markov_14,async_bulk,128,6,0,0.00,100.00,175.25,304.12,221.99,20.04,62.10,9.00,479.37,195.29,1.58,17.00,32.00,1.10,19509516,2026-09-18T05:21:47Z
C,orig,learned_markov_28,pread,128,6,0,0.00,100.00,181.25,3928.14,223.52,3704.62,,,4109.39,3885.87,1.56,15.00,33.00,1.10,19502420,2026-09-18T05:21:48Z
C,orig,learned_markov_28,async,128,6,0,0.00,100.00,180.15,322.71,222.83,99.88,,,502.86,280.03,1.58,16.00,33.00,1.10,19503956,2026-09-18T05:21:48Z
C,orig,learned_markov_28,async_win,128,6,0,0.00,100.00,183.17,318.94,226.82,29.65,62.48,13.00,502.11,212.82,1.59,16.00,33.00,1.10,19504248,2026-09-18T05:21:48Z
C,orig,learned_markov_28,async_bulk,128,6,0,0.00,100.00,177.57,311.70,221.76,28.19,61.75,13.00,489.27,205.76,1.61,16.00,33.00,1.10,19504312,2026-09-18T05:21:48Z
C_hit,orig,layers_5,pread,128,6,0,0.00,100.00,557.10,672.65,226.12,446.53,,,1229.75,1003.63,1.70,38.00,51.00,1.10,19504832,2026-09-18T05:21:49Z
C_hit,orig,layers_5,async,128,6,0,0.00,100.00,553.21,291.33,222.95,68.38,,,844.54,621.59,1.69,38.00,51.00,1.10,19504668,2026-09-18T05:21:49Z
C_hit,orig,layers_5,async_win,128,6,0,0.00,100.00,633.53,295.07,226.00,7.56,61.51,2.00,928.60,641.09,1.66,38.00,51.00,1.10,19505528,2026-09-18T05:21:49Z
C_hit,orig,layers_5,async_bulk,128,6,0,0.00,100.00,562.09,287.87,221.20,7.08,59.59,2.00,849.96,569.17,1.67,38.00,51.00,1.10,19506340,2026-09-18T05:21:49Z
C_hit,orig,layers_92,pread,128,6,0,0.00,100.00,556.75,8008.58,220.95,7787.63,,,8565.33,8344.38,1.68,39.00,53.00,1.10,19506576,2026-09-18T05:21:50Z
C_hit,orig,layers_92,async,128,6,0,0.00,100.00,559.78,1062.66,881.00,181.66,,,1622.44,741.44,1.72,39.00,53.00,1.10,19506740,2026-09-18T05:21:50Z
C_hit,orig,layers_92,async_win,128,6,0,0.00,100.00,558.18,395.71,222.19,108.83,64.69,87.00,953.89,667.01,1.67,39.00,53.00,1.10,19506692,2026-09-18T05:21:50Z
C_hit,orig,layers_92,async_bulk,128,6,0,0.00,100.00,563.33,399.25,223.14,111.36,64.75,87.00,962.58,674.69,1.69,39.00,53.00,1.10,19505952,2026-09-18T05:21:51Z
C_hit,orig,2d,pread,128,6,0,0.00,100.00,559.02,631.28,195.93,435.35,,,1190.30,994.37,1.66,39.00,53.00,1.10,19506856,2026-09-18T05:21:51Z
C_hit,orig,2d,async,128,6,0,0.00,100.00,560.05,265.16,196.84,68.32,,,825.21,628.37,1.67,39.00,53.00,1.10,19506480,2026-09-18T05:21:51Z
C_hit,orig,2d,async_win,128,6,0,0.00,100.00,556.42,264.12,195.23,8.45,60.44,3.00,820.54,564.87,1.68,39.00,53.00,1.10,19507284,2026-09-18T05:21:51Z
C_hit,orig,2d,async_bulk,128,6,0,0.00,100.00,562.33,259.52,189.77,8.20,61.56,3.00,821.85,570.53,1.67,39.00,53.00,1.10,19507264,2026-09-18T05:21:52Z
C_hit,orig,2e_K10,pread,128,6,0,0.00,100.00,492.76,1168.19,198.90,969.28,,,1660.95,1462.04,1.65,37.00,52.00,1.10,19490436,2026-09-18T05:21:52Z
C_hit,orig,2e_K10,async,128,6,0,0.00,100.00,564.84,278.27,197.23,81.04,,,843.11,645.88,1.66,39.00,53.00,1.10,19490408,2026-09-18T05:21:52Z
C_hit,orig,2e_K10,async_win,128,6,0,0.00,100.00,568.75,335.76,254.22,17.38,64.16,6.00,904.51,586.13,1.68,39.00,53.00,1.17,19491956,2026-09-18T05:21:52Z
C_hit,orig,2e_K10,async_bulk,128,6,0,0.00,100.00,552.06,270.78,194.34,15.48,60.96,6.00,822.84,567.54,1.67,39.00,53.00,1.17,19490800,2026-09-18T05:21:53Z
C_hit,orig,2e_K500,pread,128,6,0,0.00,100.00,179.17,3242.20,197.08,3045.11,,,3421.37,3224.28,1.58,9.00,61.00,1.17,19490856,2026-09-18T05:21:53Z
C_hit,orig,2e_K500,async,128,6,0,0.00,45.70,178.10,902.29,194.99,707.30,,,1080.39,885.40,1.58,9.00,61.00,1.17,19491184,2026-09-18T05:21:53Z
C_hit,orig,2e_K500,async_win,128,6,0,0.00,39.00,180.19,717.97,192.37,392.53,133.07,139.00,898.16,572.72,1.58,9.00,61.00,1.17,19477636,2026-09-18T05:21:54Z
C_hit,orig,2e_K500,async_bulk,128,6,0,0.00,30.30,186.11,667.79,195.08,342.54,130.16,139.00,853.90,528.65,1.61,9.00,61.00,1.17,19477636,2026-09-18T05:21:54Z
C_hit,orig,2f_top14,pread,128,6,0,0.00,100.00,555.93,1070.22,193.74,876.48,,,1626.15,1432.41,1.66,37.00,52.00,1.17,19478896,2026-09-18T05:21:54Z
C_hit,orig,2f_top14,async,128,6,0,0.00,100.00,500.15,270.30,193.04,77.26,,,770.45,577.41,1.66,39.00,53.00,1.17,19484948,2026-09-18T05:21:54Z
C_hit,orig,2f_top14,async_win,128,6,0,0.00,100.00,497.58,271.20,195.20,15.00,61.01,6.00,768.78,512.58,1.66,39.00,53.00,1.17,19484880,2026-09-18T05:21:55Z
C_hit,orig,2f_top14,async_bulk,128,6,0,0.00,100.00,561.77,270.38,196.05,13.52,60.81,6.00,832.15,575.29,1.67,39.00,53.00,1.17,19488152,2026-09-18T05:21:55Z
C_hit,orig,2f_top28,pread,128,6,0,0.00,100.00,501.56,1067.86,194.90,872.96,,,1569.42,1374.52,1.67,36.00,53.00,1.17,19489248,2026-09-18T05:21:55Z
C_hit,orig,2f_top28,async,128,6,0,0.00,100.00,561.73,289.65,194.60,95.05,,,851.38,656.78,1.71,38.00,51.00,1.17,19491840,2026-09-18T05:21:55Z
C_hit,orig,2f_top28,async_win,128,6,0,0.00,100.00,504.14,283.31,195.13,26.26,61.93,8.00,787.45,530.40,1.68,38.00,51.00,1.17,19491888,2026-09-18T05:21:56Z
C_hit,orig,2f_top28,async_bulk,128,6,0,0.00,100.00,554.24,269.66,184.92,22.29,62.45,8.00,823.90,576.53,1.68,38.00,51.00,1.17,19492784,2026-09-18T05:21:56Z
C_hit,orig,2f_top100,pread,128,6,0,0.00,100.00,561.81,1337.17,195.35,1141.83,,,1898.98,1703.64,1.66,31.00,54.00,1.17,19493296,2026-09-18T05:21:56Z
C_hit,orig,2f_top100,async,128,6,0,0.00,100.00,975.49,369.33,196.44,172.90,,,1344.82,1148.39,1.67,33.00,53.00,1.17,19493176,2026-09-18T05:21:57Z
C_hit,orig,2f_top100,async_win,128,6,0,0.00,100.00,514.43,329.20,196.97,66.97,65.26,28.00,843.63,581.40,1.67,33.00,53.00,1.17,19492864,2026-09-18T05:21:57Z
C_hit,orig,2f_top100,async_bulk,128,6,0,0.00,100.00,559.29,334.51,194.25,74.68,65.58,28.00,893.80,633.97,1.67,33.00,53.00,1.17,19493236,2026-09-18T05:21:57Z
C_hit,orig,2f_top500,pread,128,6,0,0.00,100.00,179.57,3202.47,192.20,3010.27,,,3382.04,3189.84,1.56,9.00,61.00,1.15,19493856,2026-09-18T05:21:57Z
C_hit,orig,2f_top500,async,128,6,0,0.00,45.00,181.97,864.80,196.86,667.94,,,1046.77,849.91,1.58,10.00,61.00,1.15,19493236,2026-09-18T05:21:58Z
C_hit,orig,2f_top500,async_win,128,6,0,0.00,37.80,176.93,608.50,194.69,324.68,89.14,138.00,785.43,501.61,1.57,10.00,61.00,1.15,19494328,2026-09-18T05:21:58Z
C_hit,orig,2f_top500,async_bulk,128,6,0,0.00,39.00,179.45,651.95,194.49,365.35,92.11,138.00,831.40,544.80,1.60,10.00,61.00,1.15,19493932,2026-09-18T05:21:58Z
C_hit,orig,2f_slru,pread,128,6,0,0.00,100.00,92.33,5342.48,194.22,5148.27,,,5434.81,5240.60,1.53,0.00,62.00,1.15,19495676,2026-09-18T05:21:58Z
C_hit,orig,2f_slru,async,128,6,0,0.00,100.00,94.72,1618.15,194.97,1423.19,,,1712.87,1517.91,1.56,0.00,62.00,1.15,19475456,2026-09-18T05:21:59Z
C_hit,orig,2f_slru,async_win,128,6,0,0.00,100.00,94.51,750.34,193.18,397.44,159.72,29.00,844.85,491.95,1.57,0.00,62.00,1.15,19493184,2026-09-18T05:21:59Z
C_hit,orig,2f_slru,async_bulk,128,6,0,0.00,7.00,471.49,399.55,197.45,46.36,155.74,2.00,871.04,517.85,1.68,37.00,50.00,1.15,19494860,2026-09-18T05:21:59Z
C_hit,orig,leaf_freq_K10,pread,128,6,0,0.00,100.00,599.73,774.29,193.59,580.70,,,1374.02,1180.43,1.69,36.00,54.00,1.15,19494872,2026-09-18T05:21:59Z
C_hit,orig,leaf_freq_K10,async,128,6,0,0.00,100.00,595.71,269.44,195.25,74.19,,,865.15,669.90,1.68,38.00,51.00,1.15,19495840,2026-09-18T05:22:00Z
C_hit,orig,leaf_freq_K10,async_win,128,6,0,0.00,100.00,577.23,264.06,193.80,9.70,60.55,3.00,841.29,586.93,1.69,38.00,51.00,1.15,19494944,2026-09-18T05:22:00Z
C_hit,orig,leaf_freq_K10,async_bulk,128,6,0,0.00,100.00,574.21,267.12,195.75,11.06,60.31,3.00,841.33,585.27,1.67,38.00,51.00,1.15,19496040,2026-09-18T05:22:00Z
C_hit,orig,leaf_rand_K10,pread,128,6,0,0.00,100.00,569.64,1115.25,197.39,917.86,,,1684.89,1487.50,1.68,38.00,51.00,1.15,19496636,2026-09-18T05:22:01Z
C_hit,orig,leaf_rand_K10,async,128,6,0,0.00,100.00,575.28,274.04,198.28,75.75,,,849.32,651.03,1.71,38.00,51.00,1.15,19496880,2026-09-18T05:22:01Z
C_hit,orig,leaf_rand_K10,async_win,128,6,0,0.00,100.00,9888.53,264.04,188.97,13.83,61.24,10.00,10152.57,9902.36,1.78,38.00,51.00,1.15,19497072,2026-09-18T05:22:01Z
C_hit,orig,leaf_rand_K10,async_bulk,128,6,0,0.00,100.00,574.44,273.35,195.09,17.61,60.65,10.00,847.79,592.05,1.69,38.00,51.00,1.15,19496816,2026-09-18T05:22:01Z
C_hit,orig,learned_markov_14,pread,128,6,0,0.00,100.00,501.38,1112.68,194.50,918.19,,,1614.06,1419.57,1.68,37.00,52.00,1.15,19497196,2026-09-18T05:22:02Z
C_hit,orig,learned_markov_14,async,128,6,0,0.00,100.00,499.10,270.86,191.96,78.90,,,769.96,578.00,1.68,39.00,53.00,1.15,19495424,2026-09-18T05:22:02Z
C_hit,orig,learned_markov_14,async_win,128,6,0,0.00,100.00,563.53,274.00,195.67,16.55,61.79,6.00,837.53,580.08,1.70,39.00,53.00,1.15,19496400,2026-09-18T05:22:02Z
C_hit,orig,learned_markov_14,async_bulk,128,6,0,0.00,100.00,560.43,273.23,195.44,16.20,61.60,6.00,833.66,576.63,1.69,39.00,53.00,1.14,19496080,2026-09-18T05:22:02Z
C_hit,orig,learned_markov_28,pread,128,6,0,0.00,100.00,501.45,1072.13,186.35,885.78,,,1573.58,1387.23,1.68,36.00,53.00,1.14,19495400,2026-09-18T05:22:03Z
C_hit,orig,learned_markov_28,async,128,6,0,0.00,100.00,494.23,292.59,195.07,97.52,,,786.82,591.75,1.68,38.00,51.00,1.14,19494940,2026-09-18T05:22:03Z
C_hit,orig,learned_markov_28,async_win,128,6,0,0.00,100.00,515.79,282.88,195.45,25.52,61.92,8.00,798.67,541.31,1.68,38.00,51.00,1.14,19495232,2026-09-18T05:22:03Z
C_hit,orig,learned_markov_28,async_bulk,128,6,0,0.00,100.00,579.21,276.97,192.54,22.71,61.72,8.00,856.18,601.92,1.69,38.00,51.00,1.14,19494992,2026-09-18T05:22:04Z
A,orig,baseline,baseline,128,7,0,0.00,0.00,1028.51,0.00,0.00,0.00,,,1028.51,1028.51,2.16,189.00,265.00,1.14,19476012,2026-09-18T05:22:04Z
B,orig,baseline,baseline,128,7,0,0.00,0.00,863.49,0.00,0.00,0.00,,,863.49,863.49,2.17,187.00,260.00,1.14,19490728,2026-09-18T05:22:04Z
C,orig,baseline,baseline,128,7,0,0.00,0.00,815.65,0.00,0.00,0.00,,,815.65,815.65,1.58,20.00,27.00,1.14,19490248,2026-09-18T05:22:04Z
C_hit,orig,baseline,baseline,128,7,0,0.00,0.00,591.11,0.00,0.00,0.00,,,591.11,591.11,1.68,38.00,51.00,1.14,19491796,2026-09-18T05:22:05Z
A,orig,layers_5,async,128,7,0,0.00,100.00,861.05,300.19,229.41,70.78,,,1161.24,931.83,2.10,189.00,268.00,1.14,19489948,2026-09-18T05:22:05Z
A,orig,layers_5,async_win,128,7,0,0.00,100.00,997.51,292.65,224.54,7.56,60.54,2.00,1290.16,1005.07,2.14,189.00,268.00,1.14,19489520,2026-09-18T05:22:05Z
A,orig,layers_92,async,128,7,0,0.00,100.00,599.92,407.52,228.59,178.93,,,1007.44,778.85,2.17,189.00,272.00,1.14,19489992,2026-09-18T05:22:06Z
A,orig,layers_92,async_win,128,7,0,0.00,100.00,599.56,399.65,225.39,107.62,66.64,87.00,999.21,707.18,2.18,189.00,272.00,1.14,19490092,2026-09-18T05:22:06Z
A,orig,2d,async,128,7,0,0.00,100.00,591.39,311.04,225.74,85.29,,,902.43,676.68,2.13,189.00,272.00,1.14,19490780,2026-09-18T05:22:06Z
A,orig,2d,async_win,128,7,0,0.00,100.00,605.16,324.78,237.23,21.71,65.84,13.00,929.94,626.87,2.22,189.00,272.00,1.14,19491652,2026-09-18T05:22:07Z
A,orig,2e_K10,async,128,7,0,0.00,100.00,595.95,326.38,228.52,97.86,,,922.33,693.81,2.18,190.00,283.00,1.14,19490136,2026-09-18T05:22:07Z
A,orig,2e_K10,async_win,128,7,0,0.00,100.00,593.37,326.29,226.81,36.79,62.70,23.00,919.66,630.16,2.14,190.00,283.00,1.13,19508632,2026-09-18T05:22:07Z
A,orig,2e_K500,async,128,7,0,0.00,100.00,640.48,1074.48,228.68,845.80,,,1714.96,1486.28,2.15,194.00,396.00,1.13,19509300,2026-09-18T05:22:08Z
A,orig,2e_K500,async_win,128,7,0,0.00,100.00,639.16,1069.52,224.07,754.36,91.09,471.00,1708.68,1393.52,2.13,194.00,395.00,1.13,19509200,2026-09-18T05:22:08Z
A,orig,2f_top14,async,128,7,0,0.00,100.00,603.82,309.09,226.06,83.04,,,912.91,686.86,2.18,191.00,271.00,1.13,19510396,2026-09-18T05:22:08Z
A,orig,2f_top14,async_win,128,7,0,0.00,100.00,603.57,308.85,225.71,21.81,61.33,13.00,912.42,625.38,2.14,191.00,271.00,1.13,19510816,2026-09-18T05:22:09Z
A,orig,2f_top28,async,128,7,0,0.00,100.00,589.93,328.14,225.46,102.67,,,918.07,692.60,2.10,191.00,290.00,1.13,19511172,2026-09-18T05:22:09Z
A,orig,2f_top28,async_win,128,7,0,0.00,100.00,528.48,330.93,229.80,38.49,62.64,27.00,859.41,566.97,2.19,191.00,291.00,1.13,19511816,2026-09-18T05:22:09Z
A,orig,2f_top100,async,128,7,0,0.00,95.00,593.34,426.24,225.87,200.38,,,1019.58,793.72,2.18,191.00,310.00,1.13,19504372,2026-09-18T05:22:10Z
A,orig,2f_top100,async_win,128,7,0,0.00,100.00,596.81,433.49,226.53,140.10,66.86,98.00,1030.30,736.91,2.16,191.00,310.00,1.13,19504464,2026-09-18T05:22:10Z
A,orig,2f_top500,async,128,7,0,0.00,100.00,653.46,1092.56,229.08,863.48,,,1746.02,1516.94,2.20,193.00,399.00,1.13,19508372,2026-09-18T05:22:10Z
A,orig,2f_top500,async_win,128,7,0,0.00,100.00,579.58,1096.49,227.32,739.35,129.82,460.00,1676.07,1318.93,2.14,193.00,399.00,1.13,19509648,2026-09-18T05:22:11Z
A,orig,2f_slru,async,128,7,0,0.00,100.00,101.30,7318.78,232.66,7086.12,,,7420.08,7187.42,1.58,0.00,278.00,1.13,19507092,2026-09-18T05:22:11Z
A,orig,2f_slru,async_win,128,7,0,0.00,86.20,96.77,2584.64,226.43,1943.88,414.33,138.00,2681.41,2040.65,1.57,0.00,278.00,1.13,19507264,2026-09-18T05:22:11Z
A,orig,leaf_freq_K10,async,128,7,0,0.00,100.00,1024.62,299.59,225.69,73.90,,,1324.21,1098.52,2.13,188.00,278.00,1.13,19510368,2026-09-18T05:22:11Z
A,orig,leaf_freq_K10,async_win,128,7,0,0.00,100.00,1002.49,300.25,223.75,15.65,60.84,10.00,1302.74,1018.14,2.16,188.00,278.00,1.13,19509616,2026-09-18T05:22:12Z
A,orig,leaf_rand_K10,async,128,7,0,0.00,100.00,1010.59,299.08,224.16,74.92,,,1309.67,1085.51,2.16,189.00,266.00,1.13,19508808,2026-09-18T05:22:12Z
A,orig,leaf_rand_K10,async_win,128,7,0,0.00,100.00,1004.12,303.35,225.77,16.95,60.62,10.00,1307.47,1021.07,2.11,189.00,266.00,1.12,19502508,2026-09-18T05:22:12Z
A,orig,learned_markov_14,async,128,7,0,0.00,100.00,597.77,305.18,224.10,81.08,,,902.95,678.85,2.14,189.00,273.00,1.12,19499168,2026-09-18T05:22:13Z
A,orig,learned_markov_14,async_win,128,7,0,0.00,100.00,592.52,304.11,224.34,18.45,61.33,13.00,896.63,610.97,2.17,189.00,273.00,1.12,19499236,2026-09-18T05:22:13Z
A,orig,learned_markov_28,async,128,7,0,0.00,100.00,594.56,326.39,224.85,101.54,,,920.95,696.10,2.16,189.00,274.00,1.12,19499396,2026-09-18T05:22:13Z
A,orig,learned_markov_28,async_win,128,7,0,0.00,100.00,526.40,320.71,222.63,35.42,62.67,26.00,847.11,561.82,2.12,189.00,275.00,1.12,19499040,2026-09-18T05:22:14Z
B,orig,layers_5,async,128,7,0,0.00,100.00,910.05,297.62,227.72,69.90,,,1207.67,979.95,2.21,187.00,260.00,1.12,19499516,2026-09-18T05:22:14Z
B,orig,layers_5,async_win,128,7,0,0.00,100.00,910.83,1604.99,1072.68,7.37,524.94,2.00,2515.82,918.20,2.21,187.00,260.00,1.12,19499904,2026-09-18T05:22:14Z
B,orig,layers_92,async,128,7,0,0.00,100.00,530.48,433.76,224.41,209.35,,,964.24,739.83,2.24,187.00,266.00,1.12,19478476,2026-09-18T05:22:15Z
B,orig,layers_92,async_win,128,7,0,0.00,100.00,523.64,423.55,226.90,131.12,65.53,87.00,947.19,654.76,2.18,187.00,266.00,1.12,19491516,2026-09-18T05:22:15Z
B,orig,2d,async,128,7,0,0.00,100.00,527.03,315.07,227.78,87.30,,,842.10,614.33,2.24,187.00,266.00,1.12,19490916,2026-09-18T05:22:15Z
B,orig,2d,async_win,128,7,0,0.00,100.00,524.52,305.25,223.17,22.31,59.77,13.00,829.77,546.83,2.18,187.00,266.00,1.12,19491512,2026-09-18T05:22:16Z
B,orig,2e_K10,async,128,7,0,0.00,100.00,536.46,326.93,225.11,101.81,,,863.39,638.27,2.20,188.00,267.00,1.12,19491688,2026-09-18T05:22:16Z
B,orig,2e_K10,async_win,128,7,0,0.00,100.00,534.04,341.33,236.01,35.14,70.18,23.00,875.37,569.18,2.25,188.00,267.00,1.12,19491344,2026-09-18T05:22:16Z
B,orig,2e_K500,async,128,7,0,0.00,100.00,184.39,1120.14,228.92,891.22,,,1304.53,1075.61,2.22,187.00,315.00,1.12,19491268,2026-09-18T05:22:17Z
B,orig,2e_K500,async_win,128,7,0,0.00,100.00,180.88,1058.59,226.38,743.07,89.14,461.00,1239.47,923.95,2.15,187.00,311.00,1.12,19491604,2026-09-18T05:22:17Z
B,orig,2f_top14,async,128,7,0,0.00,100.00,589.72,309.66,227.45,82.22,,,899.38,671.94,2.22,188.00,266.00,1.12,19491548,2026-09-18T05:22:17Z
B,orig,2f_top14,async_win,128,7,0,0.00,100.00,527.53,311.19,223.47,21.68,66.04,13.00,838.72,549.21,2.21,188.00,266.00,1.11,19492004,2026-09-18T05:22:18Z
B,orig,2f_top28,async,128,7,0,0.00,100.00,531.75,329.07,226.55,102.52,,,860.82,634.27,2.21,188.00,268.00,1.11,19492888,2026-09-18T05:22:18Z
B,orig,2f_top28,async_win,128,7,0,0.00,100.00,529.53,323.90,224.00,37.85,62.05,27.00,853.43,567.38,2.31,188.00,268.00,1.11,19492488,2026-09-18T05:22:18Z
B,orig,2f_top100,async,128,7,0,0.00,100.00,524.98,439.20,224.98,214.21,,,964.18,739.19,2.21,187.00,272.00,1.11,19493380,2026-09-18T05:22:19Z
B,orig,2f_top100,async_win,128,7,0,0.00,100.00,465.37,426.60,224.52,136.51,65.57,97.00,891.97,601.88,2.18,187.00,272.00,1.11,19493444,2026-09-18T05:22:19Z
B,orig,2f_top500,async,128,7,0,0.00,100.00,182.79,1040.40,222.83,817.57,,,1223.19,1000.36,2.20,187.00,314.00,1.11,19492884,2026-09-18T05:22:19Z
B,orig,2f_top500,async_win,128,7,0,0.00,100.00,185.04,1080.73,227.15,763.01,90.57,448.00,1265.77,948.05,2.19,187.00,313.00,1.11,19492740,2026-09-18T05:22:20Z
B,orig,2f_slru,async,128,7,0,0.00,100.00,98.11,7572.37,537.55,7034.82,,,7670.48,7132.93,1.63,0.00,278.00,1.11,19482144,2026-09-18T05:22:20Z
B,orig,2f_slru,async_win,128,7,0,0.00,97.10,97.09,2877.57,224.15,2235.27,418.15,139.00,2974.66,2332.36,1.66,0.00,278.00,1.11,19471744,2026-09-18T05:22:20Z
B,orig,leaf_freq_K10,async,128,7,0,0.00,100.00,922.98,297.92,223.01,74.91,,,1220.90,997.89,2.21,187.00,260.00,1.11,19475544,2026-09-18T05:22:20Z
B,orig,leaf_freq_K10,async_win,128,7,0,0.00,100.00,954.06,320.19,242.93,14.74,62.53,10.00,1274.25,968.80,2.22,187.00,260.00,1.11,19475840,2026-09-18T05:22:21Z
B,orig,leaf_rand_K10,async,128,7,0,0.00,100.00,917.42,301.35,225.78,75.57,,,1218.77,992.99,2.22,188.00,261.00,1.11,19476008,2026-09-18T05:22:21Z
B,orig,leaf_rand_K10,async_win,128,7,0,0.00,100.00,815.34,297.88,222.49,14.56,60.83,10.00,1113.22,829.90,2.21,188.00,261.00,1.11,19476520,2026-09-18T05:22:21Z
B,orig,learned_markov_14,async,128,7,0,0.00,100.00,530.03,306.53,227.21,79.32,,,836.56,609.35,2.23,187.00,265.00,1.11,19475296,2026-09-18T05:22:22Z
B,orig,learned_markov_14,async_win,128,7,0,0.00,100.00,580.93,309.52,228.88,18.17,62.47,13.00,890.45,599.10,2.27,187.00,265.00,1.11,19475892,2026-09-18T05:22:22Z
B,orig,learned_markov_28,async,128,7,0,0.00,100.00,538.66,331.53,230.28,101.25,,,870.19,639.91,2.31,187.00,265.00,1.10,19475576,2026-09-18T05:22:22Z
B,orig,learned_markov_28,async_win,128,7,0,0.00,100.00,527.82,327.13,225.33,39.38,62.42,27.00,854.95,567.20,2.22,187.00,266.00,1.10,19475328,2026-09-18T05:22:23Z
C,orig,layers_5,async,128,7,0,0.00,100.00,768.68,295.87,226.31,69.55,,,1064.55,838.23,1.60,20.00,27.00,1.10,19474984,2026-09-18T05:22:23Z
C,orig,layers_5,async_win,128,7,0,0.00,100.00,818.19,296.06,226.91,7.37,61.78,2.00,1114.25,825.56,1.58,20.00,27.00,1.10,19475152,2026-09-18T05:22:23Z
C,orig,layers_92,async,128,7,0,0.00,100.00,471.22,434.96,224.19,210.77,,,906.18,681.99,1.57,18.00,30.00,1.10,19475536,2026-09-18T05:22:24Z
C,orig,layers_92,async_win,128,7,0,0.00,100.00,476.17,390.89,224.65,99.29,66.96,87.00,867.06,575.46,1.62,18.00,30.00,1.10,19474772,2026-09-18T05:22:24Z
C,orig,2d,async,128,7,0,0.00,100.00,473.08,294.75,226.48,68.28,,,767.83,541.36,1.61,18.00,30.00,1.10,19475304,2026-09-18T05:22:24Z
C,orig,2d,async_win,128,7,0,0.00,100.00,372.67,293.86,221.79,10.68,61.40,2.00,666.53,383.35,1.60,18.00,30.00,1.10,19474880,2026-09-18T05:22:24Z
C,orig,2e_K10,async,128,7,0,0.00,100.00,182.24,307.77,227.95,79.82,,,490.01,262.06,1.57,17.00,32.00,1.10,19475484,2026-09-18T05:22:25Z
C,orig,2e_K10,async_win,128,7,0,0.00,100.00,178.98,304.43,225.40,16.39,62.64,8.00,483.41,195.37,1.70,17.00,32.00,1.10,19475012,2026-09-18T05:22:25Z
C,orig,2e_K500,async,128,7,0,0.00,75.40,180.50,746.86,233.73,513.13,,,927.36,693.63,1.55,0.00,37.00,1.10,19462416,2026-09-18T05:22:25Z
C,orig,2e_K500,async_win,128,7,0,0.00,45.90,180.71,537.83,222.73,228.48,86.62,90.00,718.54,409.19,1.52,0.00,37.00,1.10,19475980,2026-09-18T05:22:25Z
C,orig,2f_top14,async,128,7,0,0.00,100.00,178.07,308.35,226.83,81.52,,,486.42,259.59,1.58,17.00,32.00,1.10,19475840,2026-09-18T05:22:26Z
C,orig,2f_top14,async_win,128,7,0,0.00,100.00,182.38,302.23,223.96,16.22,62.05,9.00,484.61,198.60,1.57,17.00,32.00,1.10,19477008,2026-09-18T05:22:26Z
C,orig,2f_top28,async,128,7,0,0.00,100.00,180.21,324.81,223.84,100.97,,,505.02,281.18,1.60,16.00,33.00,1.10,19477572,2026-09-18T05:22:26Z
C,orig,2f_top28,async_win,128,7,0,0.00,100.00,178.76,315.43,225.47,27.08,62.88,13.00,494.19,205.84,1.57,16.00,33.00,1.10,19477632,2026-09-18T05:22:26Z
C,orig,2f_top100,async,128,7,0,0.00,100.00,181.26,415.64,225.12,190.52,,,596.90,371.78,1.57,14.00,33.00,1.10,19477244,2026-09-18T05:22:27Z
C,orig,2f_top100,async_win,128,7,0,0.00,74.00,180.75,361.42,222.59,71.98,66.85,32.00,542.17,252.73,1.57,14.00,33.00,1.10,19477760,2026-09-18T05:22:27Z
C,orig,2f_top500,async,128,7,0,0.00,100.00,93.11,1051.44,225.49,825.94,,,1144.55,919.05,1.55,0.00,37.00,1.10,19478432,2026-09-18T05:22:27Z
C,orig,2f_top500,async_win,128,7,0,0.00,100.00,97.49,532.65,225.59,216.54,90.52,15.00,630.14,314.03,1.55,0.00,37.00,1.09,19479512,2026-09-18T05:22:27Z
C,orig,2f_slru,async,128,7,0,0.00,100.00,98.61,987.71,227.38,760.33,,,1086.32,858.94,1.52,0.00,37.00,1.09,19496184,2026-09-18T05:22:28Z
C,orig,2f_slru,async_win,128,7,0,0.00,100.00,95.56,547.21,226.12,231.41,89.69,15.00,642.77,326.97,1.51,0.00,37.00,1.09,19496056,2026-09-18T05:22:28Z
C,orig,leaf_freq_K10,async,128,7,0,0.00,100.00,574.35,300.03,226.09,73.95,,,874.38,648.30,1.61,19.00,29.00,1.09,19496080,2026-09-18T05:22:28Z
C,orig,leaf_freq_K10,async_win,128,7,0,0.00,100.00,570.65,303.95,224.35,17.06,62.54,6.00,874.60,587.71,1.58,19.00,29.00,1.09,19495324,2026-09-18T05:22:29Z
C,orig,leaf_rand_K10,async,128,7,0,0.00,100.00,842.75,298.52,223.37,75.15,,,1141.27,917.90,1.59,20.00,27.00,1.09,19495752,2026-09-18T05:22:29Z
C,orig,leaf_rand_K10,async_win,128,7,0,0.00,100.00,835.50,302.05,225.14,15.68,61.23,10.00,1137.55,851.18,1.59,20.00,27.00,1.09,19496332,2026-09-18T05:22:29Z
C,orig,learned_markov_14,async,128,7,0,0.00,100.00,174.52,302.47,223.93,78.54,,,476.99,253.06,1.58,17.00,32.00,1.09,19497508,2026-09-18T05:22:29Z
C,orig,learned_markov_14,async_win,128,7,0,0.00,100.00,179.11,296.43,218.22,17.65,60.55,9.00,475.54,196.76,1.57,17.00,32.00,1.09,19497480,2026-09-18T05:22:30Z
C,orig,learned_markov_28,async,128,7,0,0.00,100.00,181.93,326.09,226.76,99.34,,,508.02,281.27,1.57,16.00,33.00,1.09,19498160,2026-09-18T05:22:30Z
C,orig,learned_markov_28,async_win,128,7,0,0.00,100.00,172.22,313.29,224.86,26.22,62.21,13.00,485.51,198.44,1.56,16.00,33.00,1.09,19499024,2026-09-18T05:22:30Z
C_hit,orig,layers_5,async,128,7,0,0.00,100.00,558.93,293.35,224.30,69.05,,,852.28,627.98,1.65,38.00,51.00,1.09,19475084,2026-09-18T05:22:30Z
C_hit,orig,layers_5,async_win,128,7,0,0.00,100.00,570.56,294.07,225.03,7.67,61.37,2.00,864.63,578.23,1.69,38.00,51.00,1.09,19488536,2026-09-18T05:22:31Z
C_hit,orig,layers_92,async,128,7,0,0.00,100.00,617.41,436.03,225.09,210.94,,,1053.44,828.35,1.66,39.00,53.00,1.09,19489656,2026-09-18T05:22:31Z
C_hit,orig,layers_92,async_win,128,7,0,0.00,100.00,562.53,413.60,223.73,124.72,65.14,87.00,976.13,687.25,1.66,39.00,53.00,1.09,19489316,2026-09-18T05:22:31Z
C_hit,orig,2d,async,128,7,0,0.00,100.00,556.64,303.47,233.40,70.07,,,860.11,626.71,1.68,39.00,53.00,1.09,19489420,2026-09-18T05:22:31Z
C_hit,orig,2d,async_win,128,7,0,0.00,100.00,557.43,1779.74,1249.40,8.66,521.68,3.00,2337.17,566.09,1.67,39.00,53.00,1.09,19489300,2026-09-18T05:22:32Z
C_hit,orig,2e_K10,async,128,7,0,0.00,100.00,564.92,321.69,233.84,87.86,,,886.61,652.78,1.67,39.00,53.00,1.09,19489712,2026-09-18T05:22:32Z
C_hit,orig,2e_K10,async_win,128,7,0,0.00,100.00,1724.70,313.53,235.54,16.43,61.56,6.00,2038.23,1741.13,1.70,39.00,53.00,1.08,19490204,2026-09-18T05:22:32Z
C_hit,orig,2e_K500,async,128,7,0,0.00,46.10,181.93,969.97,234.69,735.28,,,1151.90,917.21,1.58,9.00,61.00,1.08,19489676,2026-09-18T05:22:33Z
C_hit,orig,2e_K500,async_win,128,7,0,0.00,100.00,183.18,756.59,233.04,394.12,129.43,139.00,939.77,577.30,1.57,9.00,61.00,1.08,19489696,2026-09-18T05:22:33Z
C_hit,orig,2f_top14,async,128,7,0,0.00,100.00,569.95,300.12,220.45,79.67,,,870.07,649.62,1.68,39.00,53.00,1.08,19484880,2026-09-18T05:22:33Z
C_hit,orig,2f_top14,async_win,128,7,0,0.00,100.00,560.46,308.55,232.91,14.57,61.08,6.00,869.01,575.03,1.64,39.00,53.00,1.08,19484668,2026-09-18T05:22:33Z
C_hit,orig,2f_top28,async,128,7,0,0.00,100.00,570.75,333.73,236.34,97.38,,,904.48,668.13,1.65,38.00,51.00,1.08,19485820,2026-09-18T05:22:34Z
C_hit,orig,2f_top28,async_win,128,7,0,0.00,100.00,507.90,324.70,237.70,24.62,62.39,8.00,832.60,532.52,1.65,38.00,51.00,1.08,19486544,2026-09-18T05:22:34Z
C_hit,orig,2f_top100,async,128,7,0,0.00,100.00,528.95,404.30,227.10,177.20,,,933.25,706.15,1.64,33.00,53.00,1.08,19486364,2026-09-18T05:22:34Z
C_hit,orig,2f_top100,async_win,128,7,0,0.00,100.00,524.48,380.04,233.31,80.24,66.50,28.00,904.52,604.72,1.63,33.00,53.00,1.08,19486488,2026-09-18T05:22:34Z
C_hit,orig,2f_top500,async,128,7,0,0.00,46.60,185.53,941.75,233.45,708.30,,,1127.28,893.83,1.58,10.00,61.00,1.08,19485908,2026-09-18T05:22:35Z
C_hit,orig,2f_top500,async_win,128,7,0,0.00,39.00,183.68,704.40,229.81,384.95,89.64,138.00,888.08,568.63,1.56,10.00,61.00,1.08,19484424,2026-09-18T05:22:35Z
C_hit,orig,2f_slru,async,128,7,0,0.00,100.00,94.99,1655.20,232.15,1423.06,,,1750.19,1518.05,1.55,0.00,62.00,1.08,19486400,2026-09-18T05:22:35Z
C_hit,orig,2f_slru,async_win,128,7,0,0.00,100.00,97.69,845.45,235.73,452.15,157.57,29.00,943.14,549.84,1.54,0.00,62.00,1.08,19486540,2026-09-18T05:22:35Z
C_hit,orig,leaf_freq_K10,async,128,7,0,0.00,100.00,583.13,300.52,224.22,76.30,,,883.65,659.43,1.67,38.00,51.00,1.08,19477640,2026-09-18T05:22:36Z
C_hit,orig,leaf_freq_K10,async_win,128,7,0,0.00,100.00,575.11,304.53,233.81,9.69,61.03,3.00,879.64,584.80,1.66,38.00,51.00,1.08,19478148,2026-09-18T05:22:36Z
C_hit,orig,leaf_rand_K10,async,128,7,0,0.00,100.00,571.18,309.79,231.99,77.81,,,880.97,648.99,1.65,38.00,51.00,1.08,19479168,2026-09-18T05:22:36Z
C_hit,orig,leaf_rand_K10,async_win,128,7,0,0.00,100.00,576.14,313.41,234.47,17.03,61.91,10.00,889.55,593.17,1.66,38.00,51.00,1.08,19479352,2026-09-18T05:22:37Z
C_hit,orig,learned_markov_14,async,128,7,0,0.00,100.00,564.15,312.94,233.28,79.66,,,877.09,643.81,1.66,39.00,53.00,1.08,19480212,2026-09-18T05:22:37Z
C_hit,orig,learned_markov_14,async_win,128,7,0,0.00,100.00,555.88,312.55,233.08,14.90,64.57,6.00,868.43,570.78,1.67,39.00,53.00,1.08,19481040,2026-09-18T05:22:37Z
C_hit,orig,learned_markov_28,async,128,7,0,0.00,100.00,552.84,333.97,235.92,98.04,,,886.81,650.88,1.74,38.00,51.00,1.08,19482072,2026-09-18T05:22:37Z
C_hit,orig,learned_markov_28,async_win,128,7,0,0.00,100.00,561.22,319.08,234.53,21.96,62.59,8.00,880.30,583.18,1.67,38.00,51.00,1.08,19482088,2026-09-18T05:22:38Z
A,orig,baseline,baseline,128,8,0,0.00,0.00,1018.72,0.00,0.00,0.00,,,1018.72,1018.72,2.15,189.00,265.00,1.08,19482016,2026-09-18T05:22:38Z
B,orig,baseline,baseline,128,8,0,0.00,0.00,831.38,0.00,0.00,0.00,,,831.38,831.38,2.15,187.00,260.00,1.08,19482684,2026-09-18T05:22:38Z
C,orig,baseline,baseline,128,8,0,0.00,0.00,790.78,0.00,0.00,0.00,,,790.78,790.78,1.57,20.00,27.00,1.08,19484260,2026-09-18T05:22:39Z
C_hit,orig,baseline,baseline,128,8,0,0.00,0.00,575.83,0.00,0.00,0.00,,,575.83,575.83,1.69,38.00,51.00,1.08,19482756,2026-09-18T05:22:39Z
A,orig,layers_5,async,128,8,0,0.00,100.00,992.17,297.93,228.35,69.58,,,1290.10,1061.75,2.13,189.00,268.00,1.08,19482524,2026-09-18T05:22:39Z
A,orig,layers_5,async_win,128,8,0,0.00,100.00,992.01,294.04,224.27,7.56,62.21,2.00,1286.05,999.57,2.13,189.00,268.00,1.08,19484576,2026-09-18T05:22:39Z
A,orig,layers_92,async,128,8,0,0.00,100.00,594.38,430.51,226.00,204.50,,,1024.89,798.88,2.15,189.00,272.00,1.08,19485784,2026-09-18T05:22:40Z
A,orig,layers_92,async_win,128,8,0,0.00,100.00,591.17,408.82,226.56,115.79,66.47,87.00,999.99,706.96,2.13,189.00,272.00,1.08,19485660,2026-09-18T05:22:40Z
A,orig,2d,async,128,8,0,0.00,100.00,602.58,308.93,224.53,84.40,,,911.51,686.98,2.19,189.00,272.00,1.08,19485756,2026-09-18T05:22:40Z
A,orig,2d,async_win,128,8,0,0.00,100.00,526.62,311.44,226.12,22.96,62.36,13.00,838.06,549.58,2.10,189.00,272.00,1.08,19486808,2026-09-18T05:22:41Z
A,orig,2e_K10,async,128,8,0,0.00,100.00,590.08,323.77,224.93,98.84,,,913.85,688.92,2.14,190.00,283.00,1.08,19473944,2026-09-18T05:22:41Z
A,orig,2e_K10,async_win,128,8,0,0.00,100.00,592.22,325.90,228.33,34.47,63.10,23.00,918.12,626.69,2.15,190.00,283.00,1.08,19477464,2026-09-18T05:22:41Z
A,orig,2e_K500,async,128,8,0,0.00,100.00,637.02,1124.88,228.90,895.98,,,1761.90,1533.00,2.11,194.00,392.00,1.08,19478664,2026-09-18T05:22:42Z
A,orig,2e_K500,async_win,128,8,0,0.00,43.20,638.85,10599.40,335.09,548.01,9716.30,471.00,11238.25,1186.86,2.12,194.00,397.00,1.08,19482644,2026-09-18T05:22:42Z
A,orig,2f_top14,async,128,8,0,0.00,100.00,594.01,308.87,226.76,82.11,,,902.88,676.12,2.14,191.00,271.00,1.23,19485876,2026-09-18T05:22:42Z
A,orig,2f_top14,async_win,128,8,0,0.00,100.00,598.07,307.09,226.70,19.21,61.19,13.00,905.16,617.28,2.12,191.00,271.00,1.23,19486076,2026-09-18T05:22:43Z
A,orig,2f_top28,async,128,8,0,0.00,100.00,601.94,341.67,237.35,104.33,,,943.61,706.27,2.20,191.00,290.00,1.23,19487080,2026-09-18T05:22:43Z
A,orig,2f_top28,async_win,128,8,0,0.00,100.00,594.02,328.45,224.64,38.37,65.43,27.00,922.47,632.39,2.13,191.00,290.00,1.23,19486504,2026-09-18T05:22:43Z
A,orig,2f_top100,async,128,8,0,0.00,100.00,593.00,430.64,226.45,204.19,,,1023.64,797.19,2.14,191.00,310.00,1.23,19486708,2026-09-18T05:22:44Z
A,orig,2f_top100,async_win,128,8,0,0.00,100.00,596.95,418.43,227.68,125.00,65.74,98.00,1015.38,721.95,2.17,191.00,311.00,1.23,19487792,2026-09-18T05:22:44Z
A,orig,2f_top500,async,128,8,0,0.00,16.20,807.51,993.73,229.31,764.42,,,1801.24,1571.93,2.12,193.00,397.00,1.23,19486800,2026-09-18T05:22:44Z
A,orig,2f_top500,async_win,128,8,0,0.00,100.00,571.27,1094.74,232.96,731.64,130.13,460.00,1666.01,1302.91,2.11,193.00,397.00,1.23,19487912,2026-09-18T05:22:45Z
A,orig,2f_slru,async,128,8,0,0.00,100.00,96.71,7218.96,226.44,6992.53,,,7315.67,7089.24,1.58,0.00,278.00,1.23,19486208,2026-09-18T05:22:45Z
A,orig,2f_slru,async_win,128,8,0,0.00,88.40,96.80,2663.60,226.64,2032.48,404.48,138.00,2760.40,2129.28,1.56,0.00,278.00,1.23,19485472,2026-09-18T05:22:45Z
A,orig,leaf_freq_K10,async,128,8,0,0.00,100.00,936.87,299.70,225.16,74.54,,,1236.57,1011.41,2.09,188.00,278.00,1.23,19489920,2026-09-18T05:22:45Z
A,orig,leaf_freq_K10,async_win,128,8,0,0.00,100.00,1006.26,302.73,225.12,15.77,61.84,10.00,1308.99,1022.03,2.13,188.00,278.00,1.23,19489928,2026-09-18T05:22:46Z
A,orig,leaf_rand_K10,async,128,8,0,0.00,100.00,1011.33,303.63,222.95,80.68,,,1314.96,1092.01,2.20,189.00,266.00,1.23,19478384,2026-09-18T05:22:46Z
A,orig,leaf_rand_K10,async_win,128,8,0,0.00,100.00,867.13,295.87,218.85,15.95,61.06,10.00,1163.00,883.08,2.08,189.00,266.00,1.23,19491024,2026-09-18T05:22:46Z
A,orig,learned_markov_14,async,128,8,0,0.00,100.00,601.69,304.96,223.69,81.27,,,906.65,682.96,2.13,189.00,273.00,1.23,19492472,2026-09-18T05:22:47Z
A,orig,learned_markov_14,async_win,128,8,0,0.00,100.00,591.56,318.13,238.61,18.48,61.03,13.00,909.69,610.04,2.20,189.00,272.00,1.23,19491980,2026-09-18T05:22:47Z
A,orig,learned_markov_28,async,128,8,0,0.00,100.00,595.26,325.50,224.25,101.25,,,920.76,696.51,2.13,189.00,275.00,1.21,19492976,2026-09-18T05:22:47Z
A,orig,learned_markov_28,async_win,128,8,0,0.00,100.00,594.15,330.39,226.25,42.48,61.67,26.00,924.54,636.63,2.14,189.00,275.00,1.21,19493312,2026-09-18T05:22:48Z
B,orig,layers_5,async,128,8,0,0.00,100.00,904.50,299.31,229.63,69.68,,,1203.81,974.18,2.23,187.00,260.00,1.21,19494068,2026-09-18T05:22:48Z
B,orig,layers_5,async_win,128,8,0,0.00,100.00,942.35,298.93,230.52,7.08,61.33,2.00,1241.28,949.43,2.23,187.00,260.00,1.21,19508304,2026-09-18T05:22:48Z
B,orig,layers_92,async,128,8,0,0.00,100.00,529.33,433.31,225.07,208.23,,,962.64,737.56,2.35,187.00,266.00,1.21,19508672,2026-09-18T05:22:49Z
B,orig,layers_92,async_win,128,8,0,0.00,100.00,527.50,404.92,224.62,114.87,65.43,87.00,932.42,642.37,2.17,187.00,266.00,1.21,19508608,2026-09-18T05:22:49Z
B,orig,2d,async,128,8,0,0.00,100.00,528.99,317.63,225.76,91.86,,,846.62,620.85,2.18,187.00,266.00,1.21,19509188,2026-09-18T05:22:49Z
B,orig,2d,async_win,128,8,0,0.00,100.00,539.08,314.25,231.65,20.17,62.44,13.00,853.33,559.25,2.25,187.00,266.00,1.21,19509932,2026-09-18T05:22:50Z
B,orig,2e_K10,async,128,8,0,0.00,100.00,531.54,333.69,226.33,107.36,,,865.23,638.90,2.20,188.00,267.00,1.21,19510160,2026-09-18T05:22:50Z
B,orig,2e_K10,async_win,128,8,0,0.00,100.00,527.10,327.25,227.00,37.37,62.89,23.00,854.35,564.47,2.20,188.00,267.00,1.21,19511488,2026-09-18T05:22:50Z
B,orig,2e_K500,async,128,8,0,0.00,100.00,179.71,1089.68,223.83,865.85,,,1269.39,1045.56,2.20,187.00,316.00,1.21,19512540,2026-09-18T05:22:51Z
B,orig,2e_K500,async_win,128,8,0,0.00,100.00,179.46,1009.54,229.73,689.33,90.48,461.00,1189.00,868.79,2.17,187.00,314.00,1.21,19511776,2026-09-18T05:22:51Z
B,orig,2f_top14,async,128,8,0,0.00,100.00,530.95,306.11,225.26,80.84,,,837.06,611.79,2.20,188.00,266.00,1.21,19509956,2026-09-18T05:22:51Z
B,orig,2f_top14,async_win,128,8,0,0.00,100.00,532.13,319.90,234.55,20.13,65.22,13.00,852.03,552.26,2.24,188.00,266.00,1.21,19497680,2026-09-18T05:22:52Z
B,orig,2f_top28,async,128,8,0,0.00,100.00,530.18,330.54,227.62,102.92,,,860.72,633.10,2.23,188.00,268.00,1.21,19502584,2026-09-18T05:22:52Z
B,orig,2f_top28,async_win,128,8,0,0.00,100.00,525.34,325.87,224.85,38.93,62.09,27.00,851.21,564.27,2.18,188.00,268.00,1.20,19504844,2026-09-18T05:22:52Z
B,orig,2f_top100,async,128,8,0,0.00,100.00,527.75,442.43,235.60,206.83,,,970.18,734.58,2.24,187.00,272.00,1.20,19507832,2026-09-18T05:22:53Z
B,orig,2f_top100,async_win,128,8,0,0.00,100.00,525.77,426.59,225.79,134.65,66.14,97.00,952.36,660.42,2.19,187.00,272.00,1.20,19507456,2026-09-18T05:22:53Z
B,orig,2f_top500,async,128,8,0,0.00,100.00,184.64,1096.80,226.37,870.44,,,1281.44,1055.08,2.19,187.00,312.00,1.20,19507268,2026-09-18T05:22:53Z
B,orig,2f_top500,async_win,128,8,0,0.00,100.00,183.41,1014.03,228.28,695.74,90.01,448.00,1197.44,879.15,2.23,187.00,317.00,1.20,19494392,2026-09-18T05:22:54Z
B,orig,2f_slru,async,128,8,0,0.00,100.00,97.37,7334.92,235.42,7099.50,,,7432.29,7196.87,1.62,0.00,278.00,1.20,19492984,2026-09-18T05:22:54Z
B,orig,2f_slru,async_win,128,8,0,0.00,85.20,96.42,2694.62,223.68,2063.03,407.91,139.00,2791.04,2159.45,1.64,0.00,278.00,1.20,19492064,2026-09-18T05:22:54Z
B,orig,leaf_freq_K10,async,128,8,0,0.00,100.00,851.08,299.08,223.73,75.35,,,1150.16,926.43,2.18,187.00,260.00,1.20,19495136,2026-09-18T05:22:54Z
B,orig,leaf_freq_K10,async_win,128,8,0,0.00,100.00,924.06,303.99,226.34,14.75,62.91,10.00,1228.05,938.81,2.19,187.00,260.00,1.20,19495004,2026-09-18T05:22:55Z
B,orig,leaf_rand_K10,async,128,8,0,0.00,100.00,925.50,305.77,231.70,74.08,,,1231.27,999.58,2.32,188.00,261.00,1.20,19494848,2026-09-18T05:22:55Z
B,orig,leaf_rand_K10,async_win,128,8,0,0.00,100.00,955.15,299.65,223.16,15.42,61.08,10.00,1254.80,970.57,2.19,188.00,261.00,1.20,19495612,2026-09-18T05:22:55Z
B,orig,learned_markov_14,async,128,8,0,0.00,100.00,527.23,306.58,225.12,81.45,,,833.81,608.68,2.16,187.00,265.00,1.20,19496256,2026-09-18T05:22:56Z
B,orig,learned_markov_14,async_win,128,8,0,0.00,100.00,558.26,310.08,226.85,20.30,62.94,13.00,868.34,578.56,2.20,187.00,265.00,1.20,19495832,2026-09-18T05:22:56Z
B,orig,learned_markov_28,async,128,8,0,0.00,100.00,529.86,327.98,226.72,101.26,,,857.84,631.12,2.19,187.00,265.00,1.20,19496748,2026-09-18T05:22:56Z
B,orig,learned_markov_28,async_win,128,8,0,0.00,100.00,528.22,330.20,227.01,40.15,63.05,27.00,858.42,568.37,2.20,187.00,265.00,1.20,19487820,2026-09-18T05:22:57Z
C,orig,layers_5,async,128,8,0,0.00,100.00,782.53,292.90,223.39,69.51,,,1075.43,852.04,1.58,20.00,27.00,1.20,19491676,2026-09-18T05:22:57Z
C,orig,layers_5,async_win,128,8,0,0.00,100.00,823.22,292.83,223.85,8.12,60.87,2.00,1116.05,831.34,1.58,20.00,27.00,1.18,19493260,2026-09-18T05:22:57Z
C,orig,layers_92,async,128,8,0,0.00,100.00,473.25,420.66,224.41,196.25,,,893.91,669.50,1.59,18.00,30.00,1.18,19492356,2026-09-18T05:22:58Z
C,orig,layers_92,async_win,128,8,0,0.00,100.00,402.63,420.12,221.69,133.09,65.34,87.00,822.75,535.72,1.59,18.00,30.00,1.18,19492816,2026-09-18T05:22:58Z
C,orig,2d,async,128,8,0,0.00,100.00,446.20,323.10,251.45,71.64,,,769.30,517.84,1.60,18.00,30.00,1.18,19493044,2026-09-18T05:22:58Z
C,orig,2d,async_win,128,8,0,0.00,100.00,441.27,295.82,226.06,7.18,62.57,2.00,737.09,448.45,1.58,18.00,30.00,1.18,19494012,2026-09-18T05:22:58Z
C,orig,2e_K10,async,128,8,0,0.00,100.00,644.13,305.40,225.23,80.17,,,949.53,724.30,1.61,17.00,32.00,1.18,19494848,2026-09-18T05:22:59Z
C,orig,2e_K10,async_win,128,8,0,0.00,100.00,182.14,303.02,224.88,15.46,62.68,8.00,485.16,197.60,1.57,17.00,32.00,1.18,19494536,2026-09-18T05:22:59Z
C,orig,2e_K500,async,128,8,0,0.00,71.00,183.07,707.93,227.05,480.88,,,891.00,663.95,1.51,0.00,37.00,1.18,19493780,2026-09-18T05:22:59Z
C,orig,2e_K500,async_win,128,8,0,0.00,45.90,178.53,522.45,223.94,215.15,83.36,90.00,700.98,393.68,1.52,0.00,37.00,1.18,19495368,2026-09-18T05:22:59Z
C,orig,2f_top14,async,128,8,0,0.00,100.00,179.63,301.66,223.01,78.65,,,481.29,258.28,1.59,17.00,32.00,1.18,19496048,2026-09-18T05:23:00Z
C,orig,2f_top14,async_win,128,8,0,0.00,100.00,180.97,303.82,225.00,16.89,61.93,9.00,484.79,197.86,1.57,17.00,32.00,1.18,19496520,2026-09-18T05:23:00Z
C,orig,2f_top28,async,128,8,0,0.00,100.00,183.22,328.57,223.57,105.00,,,511.79,288.22,1.59,16.00,33.00,1.18,19496308,2026-09-18T05:23:00Z
C,orig,2f_top28,async_win,128,8,0,0.00,100.00,180.64,314.40,223.45,27.67,63.28,13.00,495.04,208.31,1.58,16.00,33.00,1.18,19496224,2026-09-18T05:23:00Z
C,orig,2f_top100,async,128,8,0,0.00,100.00,181.13,410.30,224.74,185.56,,,591.43,366.69,1.55,14.00,33.00,1.18,19497004,2026-09-18T05:23:01Z
C,orig,2f_top100,async_win,128,8,0,0.00,100.00,179.39,362.79,224.60,71.41,66.78,32.00,542.18,250.80,1.59,14.00,33.00,1.18,19497876,2026-09-18T05:23:01Z
C,orig,2f_top500,async,128,8,0,0.00,100.00,94.40,1047.51,227.01,820.50,,,1141.91,914.90,1.54,0.00,37.00,1.18,19498156,2026-09-18T05:23:01Z
C,orig,2f_top500,async_win,128,8,0,0.00,100.00,95.61,538.51,225.60,223.50,89.41,15.00,634.12,319.11,1.52,0.00,37.00,1.18,19499384,2026-09-18T05:23:01Z
C,orig,2f_slru,async,128,8,0,0.00,100.00,95.88,1031.05,220.84,810.21,,,1126.93,906.09,1.51,0.00,37.00,1.18,19499584,2026-09-18T05:23:02Z
C,orig,2f_slru,async_win,128,8,0,0.00,100.00,93.83,535.06,239.26,204.81,90.98,15.00,628.89,298.64,1.52,0.00,37.00,1.18,19475500,2026-09-18T05:23:02Z
C,orig,leaf_freq_K10,async,128,8,0,0.00,100.00,680.47,300.25,225.45,74.80,,,980.72,755.27,1.58,19.00,29.00,1.18,19476784,2026-09-18T05:23:02Z
C,orig,leaf_freq_K10,async_win,128,8,0,0.00,100.00,573.28,297.86,224.03,13.28,60.55,6.00,871.14,586.56,1.58,19.00,29.00,1.16,19477512,2026-09-18T05:23:03Z
C,orig,leaf_rand_K10,async,128,8,0,0.00,100.00,710.50,297.59,223.45,74.14,,,1008.09,784.64,1.58,20.00,27.00,1.16,19478068,2026-09-18T05:23:03Z
C,orig,leaf_rand_K10,async_win,128,8,0,0.00,100.00,837.70,305.94,225.88,18.15,61.91,10.00,1143.64,855.85,1.58,20.00,27.00,1.16,19477864,2026-09-18T05:23:03Z
C,orig,learned_markov_14,async,128,8,0,0.00,100.00,179.47,303.45,224.19,79.26,,,482.92,258.73,1.60,17.00,32.00,1.16,19478760,2026-09-18T05:23:03Z
C,orig,learned_markov_14,async_win,128,8,0,0.00,100.00,178.95,305.18,223.82,19.88,61.49,9.00,484.13,198.83,1.57,17.00,32.00,1.16,19479184,2026-09-18T05:23:04Z
C,orig,learned_markov_28,async,128,8,0,0.00,100.00,181.97,321.24,224.20,97.04,,,503.21,279.01,1.57,16.00,33.00,1.16,19479312,2026-09-18T05:23:04Z
C,orig,learned_markov_28,async_win,128,8,0,0.00,100.00,176.31,313.41,225.30,25.83,62.28,13.00,489.72,202.14,1.58,16.00,33.00,1.16,19480544,2026-09-18T05:23:04Z
C_hit,orig,layers_5,async,128,8,0,0.00,100.00,554.27,292.80,223.54,69.26,,,847.07,623.53,1.66,38.00,51.00,1.16,19481128,2026-09-18T05:23:04Z
C_hit,orig,layers_5,async_win,128,8,0,0.00,100.00,555.02,288.69,221.64,7.37,59.68,2.00,843.71,562.39,1.67,38.00,51.00,1.16,19480932,2026-09-18T05:23:05Z
C_hit,orig,layers_92,async,128,8,0,0.00,100.00,556.72,423.94,225.35,198.58,,,980.66,755.30,1.66,39.00,53.00,1.16,19481188,2026-09-18T05:23:05Z
C_hit,orig,layers_92,async_win,128,8,0,0.00,100.00,564.78,490.61,241.64,108.28,140.69,87.00,1055.39,673.06,1.66,39.00,53.00,1.16,19481700,2026-09-18T05:23:05Z
C_hit,orig,2d,async,128,8,0,0.00,100.00,556.86,254.75,184.39,70.36,,,811.61,627.22,1.66,39.00,53.00,1.16,19482336,2026-09-18T05:23:05Z
C_hit,orig,2d,async_win,128,8,0,0.00,100.00,465.49,251.52,183.50,8.21,59.82,3.00,717.01,473.70,1.68,39.00,53.00,1.16,19482760,2026-09-18T05:23:06Z
C_hit,orig,2e_K10,async,128,8,0,0.00,100.00,495.43,262.64,183.40,79.24,,,758.07,574.67,1.67,39.00,53.00,1.16,19483576,2026-09-18T05:23:06Z
C_hit,orig,2e_K10,async_win,128,8,0,0.00,100.00,557.12,266.33,185.94,15.91,64.48,6.00,823.45,573.03,1.79,39.00,53.00,1.16,19483700,2026-09-18T05:23:06Z
C_hit,orig,2e_K500,async,128,8,0,0.00,47.30,179.55,899.48,184.14,715.35,,,1079.03,894.90,1.58,9.00,61.00,1.16,19482884,2026-09-18T05:23:07Z
C_hit,orig,2e_K500,async_win,128,8,0,0.00,36.80,178.22,672.36,186.85,357.37,128.14,139.00,850.58,535.59,1.58,9.00,61.00,1.16,19483640,2026-09-18T05:23:07Z
C_hit,orig,2f_top14,async,128,8,0,0.00,100.00,504.48,262.42,184.49,77.94,,,766.90,582.42,1.67,39.00,53.00,1.16,19473952,2026-09-18T05:23:07Z
C_hit,orig,2f_top14,async_win,128,8,0,0.00,100.00,561.61,261.29,185.03,15.52,60.74,6.00,822.90,577.13,1.69,39.00,53.00,1.23,19472532,2026-09-18T05:23:07Z
C_hit,orig,2f_top28,async,128,8,0,0.00,100.00,559.92,277.91,184.85,93.06,,,837.83,652.98,1.67,38.00,51.00,1.23,19473396,2026-09-18T05:23:08Z
C_hit,orig,2f_top28,async_win,128,8,0,0.00,100.00,506.77,269.98,183.53,25.41,61.03,8.00,776.75,532.18,1.66,38.00,51.00,1.23,19474532,2026-09-18T05:23:08Z
C_hit,orig,2f_top100,async,128,8,0,0.00,100.00,523.51,358.30,181.83,176.47,,,881.81,699.98,1.65,33.00,53.00,1.23,19474440,2026-09-18T05:23:08Z
C_hit,orig,2f_top100,async_win,128,8,0,0.00,100.00,518.50,328.76,185.08,72.97,70.71,28.00,847.26,591.47,1.65,33.00,53.00,1.23,19474684,2026-09-18T05:23:08Z
C_hit,orig,2f_top500,async,128,8,0,0.00,50.00,179.83,897.69,182.44,715.25,,,1077.52,895.08,1.58,10.00,61.00,1.23,19474960,2026-09-18T05:23:09Z
C_hit,orig,2f_top500,async_win,128,8,0,0.00,37.80,181.84,656.88,186.42,379.75,90.71,138.00,838.72,561.59,1.58,10.00,61.00,1.23,19475816,2026-09-18T05:23:09Z
C_hit,orig,2f_slru,async,128,8,0,0.00,100.00,95.38,1534.84,180.81,1354.03,,,1630.22,1449.41,1.55,0.00,62.00,1.23,19478348,2026-09-18T05:23:09Z
C_hit,orig,2f_slru,async_win,128,8,0,0.00,100.00,93.08,774.63,185.40,434.79,154.44,29.00,867.71,527.87,1.54,0.00,62.00,1.23,19479592,2026-09-18T05:23:09Z
C_hit,orig,leaf_freq_K10,async,128,8,0,0.00,100.00,575.38,257.46,184.59,72.88,,,832.84,648.26,1.69,38.00,51.00,1.23,19483440,2026-09-18T05:23:10Z
C_hit,orig,leaf_freq_K10,async_win,128,8,0,0.00,100.00,572.99,255.46,184.49,10.21,60.76,3.00,828.45,583.20,1.69,38.00,51.00,1.23,19484396,2026-09-18T05:23:10Z
C_hit,orig,leaf_rand_K10,async,128,8,0,0.00,100.00,566.51,259.77,185.17,74.60,,,826.28,641.11,1.67,38.00,51.00,1.23,19486580,2026-09-18T05:23:10Z
C_hit,orig,leaf_rand_K10,async_win,128,8,0,0.00,100.00,566.75,253.89,178.66,14.74,60.49,10.00,820.64,581.49,1.66,38.00,51.00,1.23,19489568,2026-09-18T05:23:11Z
C_hit,orig,learned_markov_14,async,128,8,0,0.00,100.00,561.38,263.31,184.81,78.50,,,824.69,639.88,1.67,39.00,53.00,1.23,19490312,2026-09-18T05:23:11Z
C_hit,orig,learned_markov_14,async_win,128,8,0,0.00,100.00,557.85,261.69,184.39,16.06,61.25,6.00,819.54,573.91,1.67,39.00,53.00,1.23,19491876,2026-09-18T05:23:11Z
C_hit,orig,learned_markov_28,async,128,8,0,0.00,100.00,559.13,280.48,184.39,96.09,,,839.61,655.22,1.66,38.00,51.00,1.23,19492496,2026-09-18T05:23:11Z
C_hit,orig,learned_markov_28,async_win,128,8,0,0.00,100.00,505.23,273.29,184.67,24.23,64.40,8.00,778.52,529.46,1.67,38.00,51.00,1.23,19494836,2026-09-18T05:23:12Z
A,orig,baseline,baseline,128,9,0,0.00,0.00,1020.88,0.00,0.00,0.00,,,1020.88,1020.88,2.15,189.00,265.00,1.23,19497852,2026-09-18T05:23:12Z
B,orig,baseline,baseline,128,9,0,0.00,0.00,937.72,0.00,0.00,0.00,,,937.72,937.72,2.23,187.00,260.00,1.21,19494088,2026-09-18T05:23:12Z
C,orig,baseline,baseline,128,9,0,0.00,0.00,752.54,0.00,0.00,0.00,,,752.54,752.54,1.57,20.00,27.00,1.21,19496440,2026-09-18T05:23:13Z
C_hit,orig,baseline,baseline,128,9,0,0.00,0.00,590.28,0.00,0.00,0.00,,,590.28,590.28,1.69,38.00,51.00,1.21,19496784,2026-09-18T05:23:13Z
A,orig,layers_5,async,128,9,0,0.00,100.00,986.64,296.75,226.69,70.06,,,1283.39,1056.70,2.16,189.00,268.00,1.21,19497664,2026-09-18T05:23:13Z
A,orig,layers_5,async_win,128,9,0,0.00,100.00,925.55,296.09,226.72,7.46,61.91,2.00,1221.64,933.01,2.13,189.00,268.00,1.21,19498840,2026-09-18T05:23:13Z
A,orig,layers_92,async,128,9,0,0.00,100.00,528.56,487.99,296.21,191.78,,,1016.55,720.34,2.26,189.00,272.00,1.21,19501324,2026-09-18T05:23:14Z
A,orig,layers_92,async_win,128,9,0,0.00,100.00,595.55,405.20,219.73,122.81,62.66,87.00,1000.75,718.36,2.14,189.00,272.00,1.21,19497464,2026-09-18T05:23:14Z
A,orig,2d,async,128,9,0,0.00,100.00,599.58,309.52,224.09,85.43,,,909.10,685.01,2.11,189.00,272.00,1.21,19496428,2026-09-18T05:23:14Z
A,orig,2d,async_win,128,9,0,0.00,100.00,590.11,312.87,228.15,22.40,62.32,13.00,902.98,612.51,2.16,189.00,272.00,1.21,19498864,2026-09-18T05:23:15Z
A,orig,2e_K10,async,128,9,0,0.00,100.00,591.64,328.66,226.13,102.52,,,920.30,694.16,2.12,190.00,283.00,1.21,19501276,2026-09-18T05:23:15Z
A,orig,2e_K10,async_win,128,9,0,0.00,100.00,595.65,334.96,226.47,42.41,66.08,23.00,930.61,638.06,2.16,190.00,283.00,1.21,19501420,2026-09-18T05:23:15Z
A,orig,2e_K500,async,128,9,0,0.00,100.00,632.98,1058.94,225.23,833.71,,,1691.92,1466.69,2.11,194.00,394.00,1.21,19501368,2026-09-18T05:23:16Z
A,orig,2e_K500,async_win,128,9,0,0.00,100.00,639.32,1075.82,224.61,760.59,90.62,471.00,1715.14,1399.91,2.12,194.00,394.00,1.21,19502940,2026-09-18T05:23:16Z
A,orig,2f_top14,async,128,9,0,0.00,100.00,594.50,783.74,238.94,544.80,,,1378.24,1139.30,2.14,191.00,271.00,1.21,19502704,2026-09-18T05:23:16Z
A,orig,2f_top14,async_win,128,9,0,0.00,100.00,587.48,317.07,233.69,21.39,61.99,13.00,904.55,608.87,2.11,191.00,271.00,1.21,19503484,2026-09-18T05:23:17Z
A,orig,2f_top28,async,128,9,0,0.00,100.00,595.56,330.09,226.19,103.91,,,925.65,699.47,2.14,191.00,290.00,1.21,19503912,2026-09-18T05:23:17Z
A,orig,2f_top28,async_win,128,9,0,0.00,100.00,601.89,379.70,275.30,38.94,65.46,27.00,981.59,640.83,2.22,191.00,290.00,1.20,19503368,2026-09-18T05:23:17Z
A,orig,2f_top100,async,128,9,0,0.00,100.00,592.31,444.35,225.66,218.68,,,1036.66,810.99,2.15,191.00,311.00,1.20,19476580,2026-09-18T05:23:18Z
A,orig,2f_top100,async_win,128,9,0,0.00,85.00,535.75,431.69,223.77,141.94,65.98,98.00,967.44,677.69,2.11,191.00,311.00,1.20,19487820,2026-09-18T05:23:18Z
A,orig,2f_top500,async,128,9,0,0.00,100.00,638.69,1084.03,226.15,857.88,,,1722.72,1496.57,2.15,193.00,401.00,1.20,19488860,2026-09-18T05:23:18Z
A,orig,2f_top500,async_win,128,9,0,0.00,100.00,570.98,1086.77,224.91,733.32,128.54,460.00,1657.75,1304.30,2.10,193.00,400.00,1.20,19489436,2026-09-18T05:23:19Z
A,orig,2f_slru,async,128,9,0,0.00,100.00,99.27,7205.24,226.15,6979.09,,,7304.51,7078.36,1.55,0.00,278.00,1.20,19487808,2026-09-18T05:23:19Z
A,orig,2f_slru,async_win,128,9,0,0.00,81.20,97.77,2543.55,225.05,1913.67,404.83,138.00,2641.32,2011.44,1.56,0.00,278.00,1.20,19486540,2026-09-18T05:23:19Z
A,orig,leaf_freq_K10,async,128,9,0,0.00,100.00,1009.26,298.80,224.60,74.20,,,1308.06,1083.46,2.13,188.00,278.00,1.20,19489996,2026-09-18T05:23:19Z
A,orig,leaf_freq_K10,async_win,128,9,0,0.00,100.00,1010.07,304.66,229.30,13.99,61.38,10.00,1314.73,1024.06,2.18,188.00,278.00,1.20,19490328,2026-09-18T05:23:20Z
A,orig,leaf_rand_K10,async,128,9,0,0.00,100.00,1004.56,300.99,224.62,76.36,,,1305.55,1080.92,2.12,189.00,266.00,1.20,19490592,2026-09-18T05:23:20Z
A,orig,leaf_rand_K10,async_win,128,9,0,0.00,100.00,1008.09,300.70,224.90,15.03,60.77,10.00,1308.79,1023.12,2.12,189.00,266.00,1.20,19490948,2026-09-18T05:23:20Z
A,orig,learned_markov_14,async,128,9,0,0.00,100.00,596.29,304.11,224.28,79.83,,,900.40,676.12,2.15,189.00,273.00,1.20,19491964,2026-09-18T05:23:21Z
A,orig,learned_markov_14,async_win,128,9,0,0.00,100.00,589.75,305.00,224.22,19.26,61.53,13.00,894.75,609.01,2.10,189.00,273.00,1.20,19491952,2026-09-18T05:23:21Z
A,orig,learned_markov_28,async,128,9,0,0.00,100.00,526.99,210.86,112.82,98.03,,,737.85,625.02,2.11,189.00,275.00,1.20,19491680,2026-09-18T05:23:21Z
A,orig,learned_markov_28,async_win,128,9,0,0.00,100.00,592.56,322.17,225.16,34.94,62.07,26.00,914.73,627.50,2.14,189.00,275.00,1.20,19491192,2026-09-18T05:23:22Z
B,orig,layers_5,async,128,9,0,0.00,100.00,915.78,294.10,224.79,69.31,,,1209.88,985.09,2.20,187.00,260.00,1.20,19492164,2026-09-18T05:23:22Z
B,orig,layers_5,async_win,128,9,0,0.00,100.00,810.44,299.88,233.57,7.86,58.45,2.00,1110.32,818.30,2.22,187.00,260.00,1.18,19492276,2026-09-18T05:23:22Z
B,orig,layers_92,async,128,9,0,0.00,100.00,524.52,434.75,225.16,209.58,,,959.27,734.10,2.17,187.00,266.00,1.18,19491924,2026-09-18T05:23:23Z
B,orig,layers_92,async_win,128,9,0,0.00,100.00,534.70,415.71,225.87,123.40,66.44,87.00,950.41,658.10,2.22,187.00,266.00,1.18,19479732,2026-09-18T05:23:23Z
B,orig,2d,async,128,9,0,0.00,100.00,525.88,309.80,222.83,86.97,,,835.68,612.85,2.20,187.00,265.00,1.18,19479560,2026-09-18T05:23:23Z
B,orig,2d,async_win,128,9,0,0.00,100.00,534.13,312.07,227.64,21.90,62.53,13.00,846.20,556.03,2.22,187.00,266.00,1.18,19479048,2026-09-18T05:23:24Z
B,orig,2e_K10,async,128,9,0,0.00,100.00,529.12,328.37,225.99,102.37,,,857.49,631.49,2.17,188.00,267.00,1.18,19479668,2026-09-18T05:23:24Z
B,orig,2e_K10,async_win,128,9,0,0.00,100.00,523.53,319.80,224.34,33.74,61.72,23.00,843.33,557.27,2.16,188.00,267.00,1.18,19479048,2026-09-18T05:23:24Z
B,orig,2e_K500,async,128,9,0,0.00,100.00,181.75,1126.87,223.62,903.25,,,1308.62,1085.00,2.15,187.00,313.00,1.18,19479488,2026-09-18T05:23:25Z
B,orig,2e_K500,async_win,128,9,0,0.00,100.00,181.16,1038.69,224.49,724.34,89.86,461.00,1219.85,905.50,2.19,187.00,317.00,1.18,19480284,2026-09-18T05:23:25Z
B,orig,2f_top14,async,128,9,0,0.00,100.00,467.47,298.97,222.10,76.87,,,766.44,544.34,2.16,188.00,266.00,1.18,19479708,2026-09-18T05:23:25Z
B,orig,2f_top14,async_win,128,9,0,0.00,100.00,526.15,305.99,225.28,19.12,61.58,13.00,832.14,545.27,2.17,188.00,266.00,1.18,19480424,2026-09-18T05:23:26Z
B,orig,2f_top28,async,128,9,0,0.00,100.00,874.76,320.92,224.68,96.24,,,1195.68,971.00,2.22,188.00,268.00,1.18,19480936,2026-09-18T05:23:26Z
B,orig,2f_top28,async_win,128,9,0,0.00,100.00,463.25,327.73,226.34,38.71,62.67,27.00,790.98,501.96,2.19,188.00,268.00,1.18,19481312,2026-09-18T05:23:26Z
B,orig,2f_top100,async,128,9,0,0.00,100.00,525.09,441.03,226.23,214.80,,,966.12,739.89,2.18,187.00,272.00,1.18,19481744,2026-09-18T05:23:27Z
B,orig,2f_top100,async_win,128,9,0,0.00,100.00,539.62,414.82,225.21,121.46,68.15,97.00,954.44,661.08,2.26,187.00,272.00,1.18,19482676,2026-09-18T05:23:27Z
B,orig,2f_top500,async,128,9,0,0.00,100.00,186.76,1109.15,224.99,884.16,,,1295.91,1070.92,2.20,187.00,313.00,1.18,19482380,2026-09-18T05:23:27Z
B,orig,2f_top500,async_win,128,9,0,0.00,100.00,183.14,1041.93,225.26,727.65,89.02,448.00,1225.07,910.79,2.19,187.00,309.00,1.16,19483592,2026-09-18T05:23:28Z
B,orig,2f_slru,async,128,9,0,0.00,100.00,94.70,7234.77,231.19,7003.58,,,7329.47,7098.28,1.60,0.00,278.00,1.16,19480876,2026-09-18T05:23:28Z
B,orig,2f_slru,async_win,128,9,0,0.00,96.40,101.07,2783.28,227.07,2141.47,414.75,139.00,2884.35,2242.54,1.62,0.00,278.00,1.16,19466784,2026-09-18T05:23:28Z
B,orig,leaf_freq_K10,async,128,9,0,0.00,100.00,851.91,511.84,430.52,81.32,,,1363.75,933.23,2.16,187.00,260.00,1.16,19479884,2026-09-18T05:23:28Z
B,orig,leaf_freq_K10,async_win,128,9,0,0.00,100.00,942.06,303.09,224.79,16.38,61.92,10.00,1245.15,958.44,2.17,187.00,260.00,1.16,19479972,2026-09-18T05:23:29Z
B,orig,leaf_rand_K10,async,128,9,0,0.00,100.00,929.04,301.91,226.18,75.73,,,1230.95,1004.77,2.20,188.00,261.00,1.16,19497904,2026-09-18T05:23:29Z
B,orig,leaf_rand_K10,async_win,128,9,0,0.00,100.00,932.66,478.05,238.85,16.91,222.29,10.00,1410.71,949.57,2.24,188.00,261.00,1.16,19498500,2026-09-18T05:23:29Z
B,orig,learned_markov_14,async,128,9,0,0.00,100.00,462.98,305.13,224.82,80.31,,,768.11,543.29,2.14,187.00,265.00,1.16,19498192,2026-09-18T05:23:30Z
B,orig,learned_markov_14,async_win,128,9,0,0.00,100.00,530.34,307.80,226.09,18.97,62.75,13.00,838.14,549.31,2.21,187.00,265.00,1.16,19497688,2026-09-18T05:23:30Z
B,orig,learned_markov_28,async,128,9,0,0.00,100.00,527.75,325.98,225.81,100.18,,,853.73,627.93,2.19,187.00,265.00,1.16,19498116,2026-09-18T05:23:30Z
B,orig,learned_markov_28,async_win,128,9,0,0.00,100.00,471.34,325.91,223.98,39.59,62.35,27.00,797.25,510.93,2.15,187.00,265.00,1.16,19498100,2026-09-18T05:23:31Z
C,orig,layers_5,async,128,9,0,0.00,100.00,853.35,296.20,226.27,69.93,,,1149.55,923.28,1.58,20.00,27.00,1.16,19498216,2026-09-18T05:23:31Z
C,orig,layers_5,async_win,128,9,0,0.00,100.00,822.33,292.11,222.60,8.00,61.52,2.00,1114.44,830.33,1.59,20.00,27.00,1.16,19499460,2026-09-18T05:23:31Z
C,orig,layers_92,async,128,9,0,0.00,100.00,472.88,429.63,224.80,204.82,,,902.51,677.70,1.59,18.00,30.00,1.16,19499512,2026-09-18T05:23:31Z
C,orig,layers_92,async_win,128,9,0,0.00,100.00,476.12,394.52,222.83,109.41,62.29,87.00,870.64,585.53,1.58,18.00,30.00,1.16,19500360,2026-09-18T05:23:32Z
C,orig,2d,async,128,9,0,0.00,100.00,477.61,288.50,221.17,67.34,,,766.11,544.95,1.57,18.00,30.00,1.16,19501076,2026-09-18T05:23:32Z
C,orig,2d,async_win,128,9,0,0.00,100.00,443.82,301.46,228.15,8.35,64.96,2.00,745.28,452.17,1.57,18.00,30.00,1.15,19501032,2026-09-18T05:23:32Z
C,orig,2e_K10,async,128,9,0,0.00,100.00,180.22,306.29,225.41,80.87,,,486.51,261.09,1.57,17.00,32.00,1.15,19501220,2026-09-18T05:23:33Z
C,orig,2e_K10,async_win,128,9,0,0.00,100.00,178.66,304.98,225.85,16.68,62.45,8.00,483.64,195.34,1.58,17.00,32.00,1.15,19500032,2026-09-18T05:23:33Z
C,orig,2e_K500,async,128,9,0,0.00,67.50,183.93,700.15,218.81,481.33,,,884.08,665.26,1.51,0.00,37.00,1.15,19500652,2026-09-18T05:23:33Z
C,orig,2e_K500,async_win,128,9,0,0.00,100.00,177.85,521.86,222.80,216.65,82.42,90.00,699.71,394.50,1.52,0.00,37.00,1.15,19482788,2026-09-18T05:23:33Z
C,orig,2f_top14,async,128,9,0,0.00,100.00,180.35,306.49,226.69,79.80,,,486.84,260.15,1.59,17.00,32.00,1.15,19493308,2026-09-18T05:23:34Z
C,orig,2f_top14,async_win,128,9,0,0.00,100.00,181.92,306.08,225.54,18.48,62.07,9.00,488.00,200.40,1.59,17.00,32.00,1.15,19495156,2026-09-18T05:23:34Z
C,orig,2f_top28,async,128,9,0,0.00,100.00,179.98,328.76,226.77,101.99,,,508.74,281.97,1.59,16.00,33.00,1.15,19495960,2026-09-18T05:23:34Z
C,orig,2f_top28,async_win,128,9,0,0.00,100.00,179.91,314.26,224.31,26.57,63.38,13.00,494.17,206.48,1.58,16.00,33.00,1.15,19484536,2026-09-18T05:23:34Z
C,orig,2f_top100,async,128,9,0,0.00,100.00,180.45,414.87,223.37,191.50,,,595.32,371.95,1.56,14.00,33.00,1.15,19484800,2026-09-18T05:23:35Z
C,orig,2f_top100,async_win,128,9,0,0.00,80.00,180.89,357.36,225.15,70.05,62.16,32.00,538.25,250.94,1.57,14.00,33.00,1.15,19486936,2026-09-18T05:23:35Z
C,orig,2f_top500,async,128,9,0,0.00,100.00,97.05,1023.46,224.90,798.55,,,1120.51,895.60,1.54,0.00,37.00,1.15,19485292,2026-09-18T05:23:35Z
C,orig,2f_top500,async_win,128,9,0,0.00,100.00,93.11,520.44,221.23,209.29,89.92,15.00,613.55,302.40,1.52,0.00,37.00,1.15,19483932,2026-09-18T05:23:35Z
C,orig,2f_slru,async,128,9,0,0.00,100.00,94.53,1029.05,223.53,805.52,,,1123.58,900.05,1.53,0.00,37.00,1.15,19483844,2026-09-18T05:23:36Z
C,orig,2f_slru,async_win,128,9,0,0.00,100.00,96.26,531.70,227.57,213.53,90.60,15.00,627.96,309.79,1.53,0.00,37.00,1.15,19482916,2026-09-18T05:23:36Z
C,orig,leaf_freq_K10,async,128,9,0,0.00,100.00,573.89,299.42,225.62,73.80,,,873.31,647.69,1.59,19.00,29.00,1.15,19481912,2026-09-18T05:23:36Z
C,orig,leaf_freq_K10,async_win,128,9,0,0.00,100.00,573.00,300.42,224.52,14.59,61.30,6.00,873.42,587.59,1.63,19.00,29.00,1.15,19482292,2026-09-18T05:23:36Z
C,orig,leaf_rand_K10,async,128,9,0,0.00,100.00,840.50,298.99,224.91,74.08,,,1139.49,914.58,1.59,20.00,27.00,1.15,19482348,2026-09-18T05:23:37Z
C,orig,leaf_rand_K10,async_win,128,9,0,0.00,100.00,766.92,302.54,225.41,15.44,61.69,10.00,1069.46,782.36,1.60,20.00,27.00,1.15,19485504,2026-09-18T05:23:37Z
C,orig,learned_markov_14,async,128,9,0,0.00,100.00,179.11,303.07,223.43,79.64,,,482.18,258.75,1.59,17.00,32.00,1.15,19486304,2026-09-18T05:23:37Z
C,orig,learned_markov_14,async_win,128,9,0,0.00,100.00,181.99,304.98,226.25,16.47,62.27,9.00,486.97,198.46,1.58,17.00,32.00,1.14,19485948,2026-09-18T05:23:38Z
C,orig,learned_markov_28,async,128,9,0,0.00,100.00,185.74,323.96,224.43,99.53,,,509.70,285.27,1.59,16.00,33.00,1.14,19486304,2026-09-18T05:23:38Z
C,orig,learned_markov_28,async_win,128,9,0,0.00,100.00,178.72,314.49,224.71,27.43,62.35,13.00,493.21,206.15,1.58,16.00,33.00,1.14,19486868,2026-09-18T05:23:38Z
C_hit,orig,layers_5,async,128,9,0,0.00,100.00,557.48,293.85,225.65,68.20,,,851.33,625.68,1.67,38.00,51.00,1.14,19487144,2026-09-18T05:23:38Z
C_hit,orig,layers_5,async_win,128,9,0,0.00,100.00,570.37,305.33,234.00,9.12,62.22,2.00,875.70,579.49,1.68,38.00,51.00,1.14,19473712,2026-09-18T05:23:39Z
C_hit,orig,layers_92,async,128,9,0,0.00,100.00,564.18,442.81,226.41,216.40,,,1006.99,780.58,1.67,39.00,53.00,1.14,19470784,2026-09-18T05:23:39Z
C_hit,orig,layers_92,async_win,128,9,0,0.00,100.00,563.00,410.18,223.12,122.20,64.86,87.00,973.18,685.20,1.68,39.00,53.00,1.14,19470808,2026-09-18T05:23:39Z
C_hit,orig,2d,async,128,9,0,0.00,100.00,562.49,266.50,196.27,70.23,,,828.99,632.72,1.67,39.00,53.00,1.14,19470388,2026-09-18T05:23:39Z
C_hit,orig,2d,async_win,128,9,0,0.00,100.00,563.17,274.48,202.96,8.72,62.80,3.00,837.65,571.89,1.69,39.00,53.00,1.14,19474768,2026-09-18T05:23:40Z
C_hit,orig,2e_K10,async,128,9,0,0.00,100.00,566.09,280.54,195.82,84.72,,,846.63,650.81,1.68,39.00,53.00,1.14,19475456,2026-09-18T05:23:40Z
C_hit,orig,2e_K10,async_win,128,9,0,0.00,100.00,567.05,274.44,198.79,17.94,57.70,6.00,841.49,584.99,1.74,39.00,53.00,1.14,19475684,2026-09-18T05:23:40Z
C_hit,orig,2e_K500,async,128,9,0,0.00,61.40,184.67,965.42,195.17,770.26,,,1150.09,954.93,1.59,9.00,61.00,1.14,19474724,2026-09-18T05:23:41Z
C_hit,orig,2e_K500,async_win,128,9,0,0.00,36.40,180.20,708.04,194.91,383.39,129.74,139.00,888.24,563.59,1.59,9.00,61.00,1.14,19475188,2026-09-18T05:23:41Z
C_hit,orig,2f_top14,async,128,9,0,0.00,100.00,504.70,272.95,195.42,77.54,,,777.65,582.24,1.66,39.00,53.00,1.14,19476560,2026-09-18T05:23:41Z
C_hit,orig,2f_top14,async_win,128,9,0,0.00,100.00,563.62,279.23,196.58,19.18,63.47,6.00,842.85,582.80,1.67,39.00,53.00,1.14,19477292,2026-09-18T05:23:41Z
C_hit,orig,2f_top28,async,128,9,0,0.00,100.00,561.27,290.32,194.09,96.23,,,851.59,657.50,1.69,38.00,51.00,1.14,19477428,2026-09-18T05:23:42Z
C_hit,orig,2f_top28,async_win,128,9,0,0.00,100.00,573.96,283.57,194.83,26.43,62.32,8.00,857.53,600.39,1.69,38.00,51.00,1.14,19478056,2026-09-18T05:23:42Z
C_hit,orig,2f_top100,async,128,9,0,0.00,100.00,496.24,374.31,195.62,178.70,,,870.55,674.94,1.65,33.00,53.00,1.14,19482440,2026-09-18T05:23:42Z
C_hit,orig,2f_top100,async_win,128,9,0,0.00,100.00,524.48,344.23,196.16,81.72,66.34,28.00,868.71,606.20,1.66,33.00,53.00,1.13,19483084,2026-09-18T05:23:42Z
C_hit,orig,2f_top500,async,128,9,0,0.00,45.80,185.74,908.82,197.53,711.29,,,1094.56,897.03,1.62,10.00,61.00,1.13,19482380,2026-09-18T05:23:43Z
C_hit,orig,2f_top500,async_win,128,9,0,0.00,39.00,188.82,689.63,196.21,402.77,90.65,138.00,878.45,591.59,1.58,10.00,61.00,1.13,19483600,2026-09-18T05:23:43Z
C_hit,orig,2f_slru,async,128,9,0,0.00,100.00,542.30,1609.45,195.53,1413.93,,,2151.75,1956.23,1.57,0.00,62.00,1.13,19487136,2026-09-18T05:23:43Z
C_hit,orig,2f_slru,async_win,128,9,0,0.00,100.00,97.97,813.03,195.88,459.32,157.83,29.00,911.00,557.29,1.55,0.00,62.00,1.13,19488368,2026-09-18T05:23:43Z
C_hit,orig,leaf_freq_K10,async,128,9,0,0.00,100.00,578.97,273.59,197.89,75.70,,,852.56,654.67,1.68,38.00,51.00,1.13,19488952,2026-09-18T05:23:44Z
C_hit,orig,leaf_freq_K10,async_win,128,9,0,0.00,100.00,578.66,263.58,191.38,10.87,61.33,3.00,842.24,589.53,1.68,38.00,51.00,1.13,19473580,2026-09-18T05:23:44Z
C_hit,orig,leaf_rand_K10,async,128,9,0,0.00,100.00,573.39,215.46,139.79,75.66,,,788.85,649.05,1.68,38.00,51.00,1.13,19476996,2026-09-18T05:23:44Z
C_hit,orig,leaf_rand_K10,async_win,128,9,0,0.00,100.00,576.20,272.18,196.04,14.70,61.45,10.00,848.38,590.90,1.67,38.00,51.00,1.13,19477568,2026-09-18T05:23:45Z
C_hit,orig,learned_markov_14,async,128,9,0,0.00,100.00,564.37,290.84,193.59,97.24,,,855.21,661.61,1.69,39.00,53.00,1.13,19477356,2026-09-18T05:23:45Z
C_hit,orig,learned_markov_14,async_win,128,9,0,0.00,100.00,558.55,273.86,195.69,16.38,61.79,6.00,832.41,574.93,1.68,39.00,53.00,1.13,19478384,2026-09-18T05:23:45Z
C_hit,orig,learned_markov_28,async,128,9,0,0.00,100.00,561.12,293.50,193.91,99.59,,,854.62,660.71,1.68,38.00,51.00,1.13,19478764,2026-09-18T05:23:45Z
C_hit,orig,learned_markov_28,async_win,128,9,0,0.00,100.00,496.86,280.11,191.19,24.60,64.32,8.00,776.97,521.46,1.69,38.00,51.00,1.13,19477912,2026-09-18T05:23:46Z
A,orig,baseline,baseline,128,10,0,0.00,0.00,1026.78,0.00,0.00,0.00,,,1026.78,1026.78,2.17,189.00,265.00,1.13,19478776,2026-09-18T05:23:46Z
B,orig,baseline,baseline,128,10,0,0.00,0.00,942.37,0.00,0.00,0.00,,,942.37,942.37,2.35,187.00,260.00,1.13,19479932,2026-09-18T05:23:46Z
C,orig,baseline,baseline,128,10,0,0.00,0.00,887.23,0.00,0.00,0.00,,,887.23,887.23,1.58,20.00,27.00,1.13,19480828,2026-09-18T05:23:47Z
C_hit,orig,baseline,baseline,128,10,0,0.00,0.00,537.77,0.00,0.00,0.00,,,537.77,537.77,1.65,38.00,51.00,1.13,19482044,2026-09-18T05:23:47Z
A,orig,layers_5,async,128,10,0,0.00,100.00,998.51,295.77,226.04,69.72,,,1294.28,1068.23,2.15,189.00,268.00,1.13,19481792,2026-09-18T05:23:47Z
A,orig,layers_5,async_win,128,10,0,0.00,100.00,934.10,290.50,221.35,7.70,61.45,2.00,1224.60,941.80,2.10,189.00,268.00,1.12,19483216,2026-09-18T05:23:47Z
A,orig,layers_92,async,128,10,0,0.00,100.00,541.66,432.19,230.58,201.61,,,973.85,743.27,2.18,189.00,272.00,1.12,19483752,2026-09-18T05:23:48Z
A,orig,layers_92,async_win,128,10,0,0.00,100.00,593.68,421.70,224.67,129.78,67.25,87.00,1015.38,723.46,2.17,189.00,272.00,1.12,19483396,2026-09-18T05:23:48Z
A,orig,2d,async,128,10,0,0.00,100.00,595.73,315.60,229.17,86.43,,,911.33,682.16,2.15,189.00,272.00,1.12,19484588,2026-09-18T05:23:48Z
A,orig,2d,async_win,128,10,0,0.00,100.00,595.05,312.10,226.73,22.57,62.80,13.00,907.15,617.62,2.17,189.00,272.00,1.12,19482892,2026-09-18T05:23:49Z
A,orig,2e_K10,async,128,10,0,0.00,100.00,597.24,327.38,225.33,102.04,,,924.62,699.28,2.16,190.00,283.00,1.12,19470268,2026-09-18T05:23:49Z
A,orig,2e_K10,async_win,128,10,0,0.00,100.00,595.44,322.99,224.82,34.19,63.97,23.00,918.43,629.63,2.14,190.00,283.00,1.12,19484804,2026-09-18T05:23:49Z
A,orig,2e_K500,async,128,10,0,0.00,100.00,644.30,1096.99,226.20,870.80,,,1741.29,1515.10,2.11,194.00,395.00,1.12,19486768,2026-09-18T05:23:50Z
A,orig,2e_K500,async_win,128,10,0,0.00,100.00,636.84,1065.22,224.09,750.44,90.69,471.00,1702.06,1387.28,2.12,194.00,394.00,1.12,19486424,2026-09-18T05:23:50Z
A,orig,2f_top14,async,128,10,0,0.00,100.00,601.68,306.70,226.65,80.05,,,908.38,681.73,2.16,191.00,271.00,1.12,19487496,2026-09-18T05:23:50Z
A,orig,2f_top14,async_win,128,10,0,0.00,100.00,594.54,305.32,225.87,17.90,61.55,13.00,899.86,612.44,2.14,191.00,271.00,1.12,19490084,2026-09-18T05:23:51Z
A,orig,2f_top28,async,128,10,0,0.00,100.00,591.38,333.70,227.21,106.49,,,925.08,697.87,2.14,191.00,290.00,1.12,19491744,2026-09-18T05:23:51Z
A,orig,2f_top28,async_win,128,10,0,0.00,100.00,597.51,337.76,233.89,37.91,65.96,27.00,935.27,635.42,2.29,191.00,290.00,1.12,19489572,2026-09-18T05:23:51Z
A,orig,2f_top100,async,128,10,0,0.00,100.00,592.76,440.99,226.95,214.04,,,1033.75,806.80,2.16,191.00,310.00,1.12,19489644,2026-09-18T05:23:52Z
A,orig,2f_top100,async_win,128,10,0,0.00,100.00,598.15,426.11,224.99,134.12,67.00,98.00,1024.26,732.27,2.13,191.00,310.00,1.12,19488624,2026-09-18T05:23:52Z
A,orig,2f_top500,async,128,10,0,0.00,100.00,641.90,1083.02,225.74,857.27,,,1724.92,1499.17,2.12,193.00,400.00,1.11,19490932,2026-09-18T05:23:52Z
A,orig,2f_top500,async_win,128,10,0,0.00,100.00,569.20,1101.83,229.28,741.52,131.03,460.00,1671.03,1310.72,2.10,193.00,397.00,1.11,19491356,2026-09-18T05:23:53Z
A,orig,2f_slru,async,128,10,0,0.00,100.00,100.24,7198.48,224.64,6973.84,,,7298.72,7074.08,1.56,0.00,278.00,1.11,19488992,2026-09-18T05:23:53Z
A,orig,2f_slru,async_win,128,10,0,0.00,84.10,99.43,2586.57,224.55,1951.73,410.29,138.00,2686.00,2051.16,1.58,0.00,278.00,1.11,19489368,2026-09-18T05:23:53Z
A,orig,leaf_freq_K10,async,128,10,0,0.00,100.00,1013.38,303.74,227.60,76.14,,,1317.12,1089.52,2.15,188.00,278.00,1.11,19492764,2026-09-18T05:23:53Z
A,orig,leaf_freq_K10,async_win,128,10,0,0.00,100.00,1013.65,303.09,227.71,14.64,60.74,10.00,1316.74,1028.29,2.15,188.00,278.00,1.11,19493176,2026-09-18T05:23:54Z
A,orig,leaf_rand_K10,async,128,10,0,0.00,100.00,1013.55,302.43,227.27,75.16,,,1315.98,1088.71,2.14,189.00,266.00,1.11,19493940,2026-09-18T05:23:54Z
A,orig,leaf_rand_K10,async_win,128,10,0,0.00,100.00,1013.35,303.30,227.49,14.83,60.98,10.00,1316.65,1028.18,2.16,189.00,266.00,1.11,19481956,2026-09-18T05:23:54Z
A,orig,learned_markov_14,async,128,10,0,0.00,100.00,592.05,308.16,226.60,81.56,,,900.21,673.61,2.15,189.00,273.00,1.11,19479756,2026-09-18T05:23:55Z
A,orig,learned_markov_14,async_win,128,10,0,0.00,100.00,597.63,313.32,225.91,25.71,61.70,13.00,910.95,623.34,2.13,189.00,273.00,1.11,19481204,2026-09-18T05:23:55Z
A,orig,learned_markov_28,async,128,10,0,0.00,100.00,598.10,321.34,225.21,96.13,,,919.44,694.23,2.13,189.00,275.00,1.11,19482316,2026-09-18T05:23:55Z
A,orig,learned_markov_28,async_win,128,10,0,0.00,100.00,594.70,321.17,224.07,34.70,62.41,26.00,915.87,629.40,2.14,189.00,275.00,1.11,19482060,2026-09-18T05:23:56Z
B,orig,layers_5,async,128,10,0,0.00,100.00,913.31,294.40,225.11,69.29,,,1207.71,982.60,2.17,187.00,260.00,1.11,19482908,2026-09-18T05:23:56Z
B,orig,layers_5,async_win,128,10,0,0.00,100.00,910.49,292.27,225.48,7.39,59.39,2.00,1202.76,917.88,2.23,187.00,260.00,1.11,19483812,2026-09-18T05:23:56Z
B,orig,layers_92,async,128,10,0,0.00,100.00,464.71,424.94,225.47,199.47,,,889.65,664.18,2.22,187.00,266.00,1.11,19483648,2026-09-18T05:23:57Z
B,orig,layers_92,async_win,128,10,0,0.00,100.00,463.48,422.21,224.58,132.34,65.29,87.00,885.69,595.82,2.16,187.00,266.00,1.11,19483596,2026-09-18T05:23:57Z
B,orig,2d,async,128,10,0,0.00,100.00,570.21,310.75,225.30,85.45,,,880.96,655.66,2.21,187.00,266.00,1.10,19485952,2026-09-18T05:23:57Z
B,orig,2d,async_win,128,10,0,0.00,100.00,527.25,306.00,222.68,21.64,61.68,13.00,833.25,548.89,2.17,187.00,266.00,1.10,19486040,2026-09-18T05:23:58Z
B,orig,2e_K10,async,128,10,0,0.00,100.00,529.01,328.13,226.06,102.07,,,857.14,631.08,2.20,188.00,267.00,1.10,19486808,2026-09-18T05:23:58Z
B,orig,2e_K10,async_win,128,10,0,0.00,100.00,527.72,321.13,225.56,33.00,62.57,23.00,848.85,560.72,2.21,188.00,267.00,1.10,19487532,2026-09-18T05:23:58Z
B,orig,2e_K500,async,128,10,0,0.00,100.00,181.13,1130.36,230.31,900.04,,,1311.49,1081.17,2.19,187.00,316.00,1.10,19488500,2026-09-18T05:23:59Z
B,orig,2e_K500,async_win,128,10,0,0.00,100.00,179.79,1057.64,225.14,740.79,91.70,461.00,1237.43,920.58,2.23,187.00,315.00,1.10,19488892,2026-09-18T05:23:59Z
B,orig,2f_top14,async,128,10,0,0.00,100.00,529.52,301.68,221.67,80.01,,,831.20,609.53,2.16,188.00,266.00,1.10,19489184,2026-09-18T05:23:59Z
B,orig,2f_top14,async_win,128,10,0,0.00,100.00,530.02,308.33,227.73,19.36,61.24,13.00,838.35,549.38,2.22,188.00,266.00,1.10,19462416,2026-09-18T05:24:00Z
B,orig,2f_top28,async,128,10,0,0.00,100.00,527.07,322.67,225.33,97.33,,,849.74,624.40,2.19,188.00,268.00,1.10,19461916,2026-09-18T05:24:00Z
B,orig,2f_top28,async_win,128,10,0,0.00,100.00,527.87,318.74,222.48,33.79,62.47,27.00,846.61,561.66,2.17,188.00,268.00,1.10,19466736,2026-09-18T05:24:00Z
B,orig,2f_top100,async,128,10,0,0.00,100.00,531.73,436.91,226.18,210.74,,,968.64,742.47,2.17,187.00,272.00,1.10,19467156,2026-09-18T05:24:01Z
B,orig,2f_top100,async_win,128,10,0,0.00,100.00,535.04,432.17,239.93,124.46,67.78,97.00,967.21,659.50,2.24,187.00,272.00,1.10,19466036,2026-09-18T05:24:01Z
B,orig,2f_top500,async,128,10,0,0.00,100.00,184.52,1094.28,222.91,871.37,,,1278.80,1055.89,2.17,187.00,312.00,1.10,19470240,2026-09-18T05:24:01Z
B,orig,2f_top500,async_win,128,10,0,0.00,100.00,183.24,1035.18,224.97,719.96,90.24,448.00,1218.42,903.20,2.16,187.00,315.00,1.10,19471204,2026-09-18T05:24:02Z
B,orig,2f_slru,async,128,10,0,0.00,100.00,112.47,7224.02,222.35,7001.67,,,7336.49,7114.14,1.63,0.00,278.00,1.10,19468892,2026-09-18T05:24:02Z
B,orig,2f_slru,async_win,128,10,0,0.00,94.90,96.83,2719.84,223.43,2076.51,419.91,139.00,2816.67,2173.34,1.64,0.00,278.00,1.10,19468456,2026-09-18T05:24:02Z
B,orig,leaf_freq_K10,async,128,10,0,0.00,100.00,952.79,314.01,230.92,83.09,,,1266.80,1035.88,2.25,187.00,260.00,1.09,19474336,2026-09-18T05:24:02Z
B,orig,leaf_freq_K10,async_win,128,10,0,0.00,100.00,939.51,305.19,228.28,15.56,61.36,10.00,1244.70,955.07,2.17,187.00,260.00,1.09,19474016,2026-09-18T05:24:03Z
B,orig,leaf_rand_K10,async,128,10,0,0.00,100.00,928.13,302.35,227.15,75.20,,,1230.48,1003.33,2.21,188.00,261.00,1.09,19474564,2026-09-18T05:24:03Z
B,orig,leaf_rand_K10,async_win,128,10,0,0.00,100.00,926.96,322.73,239.76,17.89,65.07,10.00,1249.69,944.85,2.26,188.00,261.00,1.09,19479560,2026-09-18T05:24:03Z
B,orig,learned_markov_14,async,128,10,0,0.00,100.00,529.45,306.45,226.88,79.57,,,835.90,609.02,2.19,187.00,265.00,1.09,19479680,2026-09-18T05:24:04Z
B,orig,learned_markov_14,async_win,128,10,0,0.00,100.00,480.17,305.71,223.25,20.07,62.40,13.00,785.88,500.24,2.18,187.00,265.00,1.09,19479056,2026-09-18T05:24:04Z
B,orig,learned_markov_28,async,128,10,0,0.00,100.00,534.45,324.10,225.56,98.53,,,858.55,632.98,2.20,187.00,266.00,1.09,19481300,2026-09-18T05:24:04Z
B,orig,learned_markov_28,async_win,128,10,0,0.00,100.00,530.87,329.65,225.52,41.06,63.07,27.00,860.52,571.93,2.21,187.00,265.00,1.09,19480588,2026-09-18T05:24:05Z
C,orig,layers_5,async,128,10,0,0.00,100.00,846.90,296.56,224.94,71.61,,,1143.46,918.51,1.59,20.00,27.00,1.09,19472900,2026-09-18T05:24:05Z
C,orig,layers_5,async_win,128,10,0,0.00,100.00,821.68,296.29,226.88,7.74,61.67,2.00,1117.97,829.42,1.58,20.00,27.00,1.09,19474812,2026-09-18T05:24:05Z
C,orig,layers_92,async,128,10,0,0.00,100.00,474.45,432.21,225.82,206.39,,,906.66,680.84,1.59,18.00,30.00,1.09,19474448,2026-09-18T05:24:06Z
C,orig,layers_92,async_win,128,10,0,0.00,100.00,469.07,393.28,221.60,104.77,66.92,87.00,862.35,573.84,1.58,18.00,30.00,1.09,19475704,2026-09-18T05:24:06Z
C,orig,2d,async,128,10,0,0.00,100.00,444.23,293.38,224.29,69.09,,,737.61,513.32,1.57,18.00,30.00,1.09,19473528,2026-09-18T05:24:06Z
C,orig,2d,async_win,128,10,0,0.00,100.00,441.76,293.53,224.05,7.68,61.80,2.00,735.29,449.44,1.59,18.00,30.00,1.09,19475500,2026-09-18T05:24:06Z
C,orig,2e_K10,async,128,10,0,0.00,100.00,179.93,304.22,223.69,80.53,,,484.15,260.46,1.58,17.00,32.00,1.09,19474668,2026-09-18T05:24:07Z
C,orig,2e_K10,async_win,128,10,0,0.00,100.00,181.35,300.62,223.46,15.70,61.47,8.00,481.97,197.05,1.58,17.00,32.00,1.09,19475720,2026-09-18T05:24:07Z
C,orig,2e_K500,async,128,10,0,0.00,65.40,182.86,704.28,229.15,475.13,,,887.14,657.99,1.54,0.00,37.00,1.09,19474960,2026-09-18T05:24:07Z
C,orig,2e_K500,async_win,128,10,0,0.00,42.30,179.69,528.93,222.15,222.87,83.92,90.00,708.62,402.56,1.53,0.00,37.00,1.16,19477592,2026-09-18T05:24:07Z
C,orig,2f_top14,async,128,10,0,0.00,100.00,179.14,302.72,223.21,79.51,,,481.86,258.65,1.58,17.00,32.00,1.16,19478228,2026-09-18T05:24:08Z
C,orig,2f_top14,async_win,128,10,0,0.00,100.00,176.72,299.51,221.28,16.31,61.93,9.00,476.23,193.03,1.59,17.00,32.00,1.16,19477968,2026-09-18T05:24:08Z
C,orig,2f_top28,async,128,10,0,0.00,100.00,176.43,321.86,225.75,96.10,,,498.29,272.53,1.57,16.00,33.00,1.16,19478384,2026-09-18T05:24:08Z
C,orig,2f_top28,async_win,128,10,0,0.00,100.00,176.71,313.06,223.33,26.76,62.97,13.00,489.77,203.47,1.62,16.00,33.00,1.16,19479824,2026-09-18T05:24:08Z
C,orig,2f_top100,async,128,10,0,0.00,100.00,183.07,409.92,226.16,183.76,,,592.99,366.83,1.56,14.00,33.00,1.16,19480608,2026-09-18T05:24:09Z
C,orig,2f_top100,async_win,128,10,0,0.00,100.00,174.57,364.61,220.35,78.88,65.37,32.00,539.18,253.45,1.56,14.00,33.00,1.16,19480736,2026-09-18T05:24:09Z
C,orig,2f_top500,async,128,10,0,0.00,100.00,86.72,1024.84,226.83,798.01,,,1111.56,884.73,1.52,0.00,37.00,1.16,19481940,2026-09-18T05:24:09Z
C,orig,2f_top500,async_win,128,10,0,0.00,100.00,91.61,539.01,222.48,227.08,89.46,15.00,630.62,318.69,1.53,0.00,37.00,1.16,19481848,2026-09-18T05:24:09Z
C,orig,2f_slru,async,128,10,0,0.00,100.00,92.59,1034.83,220.17,814.65,,,1127.42,907.24,1.52,0.00,37.00,1.16,19497564,2026-09-18T05:24:10Z
C,orig,2f_slru,async_win,128,10,0,0.00,100.00,94.37,537.65,219.84,228.68,89.13,15.00,632.02,323.05,1.52,0.00,37.00,1.16,19498120,2026-09-18T05:24:10Z
C,orig,leaf_freq_K10,async,128,10,0,0.00,100.00,704.78,295.65,222.27,73.38,,,1000.43,778.16,1.61,19.00,29.00,1.16,19498576,2026-09-18T05:24:10Z
C,orig,leaf_freq_K10,async_win,128,10,0,0.00,100.00,575.38,298.33,225.90,12.48,59.95,6.00,873.71,587.86,1.61,19.00,29.00,1.16,19496464,2026-09-18T05:24:11Z
C,orig,leaf_rand_K10,async,128,10,0,0.00,100.00,836.65,298.42,223.05,75.37,,,1135.07,912.02,1.60,20.00,27.00,1.16,19497268,2026-09-18T05:24:11Z
C,orig,leaf_rand_K10,async_win,128,10,0,0.00,100.00,768.53,299.11,222.64,16.21,60.26,10.00,1067.64,784.74,1.58,20.00,27.00,1.16,19497588,2026-09-18T05:24:11Z
C,orig,learned_markov_14,async,128,10,0,0.00,100.00,179.17,299.08,221.85,77.24,,,478.25,256.41,1.58,17.00,32.00,1.16,19500108,2026-09-18T05:24:11Z
C,orig,learned_markov_14,async_win,128,10,0,0.00,100.00,181.53,301.82,224.18,16.13,61.51,9.00,483.35,197.66,1.61,17.00,32.00,1.16,19499888,2026-09-18T05:24:12Z
C,orig,learned_markov_28,async,128,10,0,0.00,100.00,178.77,319.04,222.69,96.35,,,497.81,275.12,1.57,16.00,33.00,1.16,19499820,2026-09-18T05:24:12Z
C,orig,learned_markov_28,async_win,128,10,0,0.00,100.00,174.69,310.24,222.15,25.21,62.89,13.00,484.93,199.90,1.57,16.00,33.00,1.16,19500708,2026-09-18T05:24:12Z
C_hit,orig,layers_5,async,128,10,0,0.00,100.00,559.75,294.57,226.26,68.31,,,854.32,628.06,1.68,38.00,51.00,1.15,19501732,2026-09-18T05:24:12Z
C_hit,orig,layers_5,async_win,128,10,0,0.00,100.00,555.24,288.98,221.34,7.13,60.51,2.00,844.22,562.37,1.67,38.00,51.00,1.15,19499024,2026-09-18T05:24:13Z
C_hit,orig,layers_92,async,128,10,0,0.00,100.00,552.63,419.19,222.03,197.16,,,971.82,749.79,1.70,39.00,53.00,1.15,19500084,2026-09-18T05:24:13Z
C_hit,orig,layers_92,async_win,128,10,0,0.00,100.00,557.74,403.52,220.49,118.25,64.78,87.00,961.26,675.99,1.66,39.00,53.00,1.15,19501168,2026-09-18T05:24:13Z
C_hit,orig,2d,async,128,10,0,0.00,100.00,560.23,262.05,193.57,68.48,,,822.28,628.71,1.67,39.00,53.00,1.15,19502148,2026-09-18T05:24:13Z
C_hit,orig,2d,async_win,128,10,0,0.00,100.00,489.39,261.69,191.05,7.44,63.20,3.00,751.08,496.83,1.67,39.00,53.00,1.15,19501784,2026-09-18T05:24:14Z
C_hit,orig,2e_K10,async,128,10,0,0.00,100.00,502.09,274.30,194.16,80.13,,,776.39,582.22,1.70,39.00,53.00,1.15,19502724,2026-09-18T05:24:14Z
C_hit,orig,2e_K10,async_win,128,10,0,0.00,100.00,560.76,264.61,186.20,14.76,63.65,6.00,825.37,575.52,1.72,39.00,53.00,1.15,19504264,2026-09-18T05:24:14Z
C_hit,orig,2e_K500,async,128,10,0,0.00,55.20,180.36,916.34,188.91,727.44,,,1096.70,907.80,1.57,9.00,61.00,1.15,19503184,2026-09-18T05:24:15Z
C_hit,orig,2e_K500,async_win,128,10,0,0.00,39.00,179.27,685.75,193.25,363.00,129.49,139.00,865.02,542.27,1.59,9.00,61.00,1.15,19502372,2026-09-18T05:24:15Z
C_hit,orig,2f_top14,async,128,10,0,0.00,100.00,504.58,256.61,176.46,80.15,,,761.19,584.73,1.68,39.00,53.00,1.15,19492936,2026-09-18T05:24:15Z
C_hit,orig,2f_top14,async_win,128,10,0,0.00,100.00,564.16,273.01,196.85,14.61,61.55,6.00,837.17,578.77,1.67,39.00,53.00,1.15,19493680,2026-09-18T05:24:15Z
C_hit,orig,2f_top28,async,128,10,0,0.00,100.00,560.62,287.89,194.13,93.76,,,848.51,654.38,1.67,38.00,51.00,1.15,19494828,2026-09-18T05:24:16Z
C_hit,orig,2f_top28,async_win,128,10,0,0.00,100.00,507.53,276.78,191.79,24.26,60.73,8.00,784.31,531.79,1.69,38.00,51.00,1.15,19496120,2026-09-18T05:24:16Z
C_hit,orig,2f_top100,async,128,10,0,0.00,100.00,521.80,375.49,194.89,180.60,,,897.29,702.40,1.66,33.00,53.00,1.15,19494348,2026-09-18T05:24:16Z
C_hit,orig,2f_top100,async_win,128,10,0,0.00,60.00,557.50,332.67,191.77,75.48,65.41,28.00,890.17,632.98,1.66,33.00,53.00,1.15,19476508,2026-09-18T05:24:16Z
C_hit,orig,2f_top500,async,128,10,0,0.00,43.80,180.07,844.62,193.15,651.47,,,1024.69,831.54,1.62,10.00,61.00,1.15,19476920,2026-09-18T05:24:17Z
C_hit,orig,2f_top500,async_win,128,10,0,0.00,42.80,184.31,655.11,194.35,368.92,91.84,138.00,839.42,553.23,1.58,10.00,61.00,1.15,19476464,2026-09-18T05:24:17Z
C_hit,orig,2f_slru,async,128,10,0,0.00,100.00,95.10,1595.54,194.37,1401.17,,,1690.64,1496.27,1.55,0.00,62.00,1.15,19477704,2026-09-18T05:24:17Z
C_hit,orig,2f_slru,async_win,128,10,0,0.00,100.00,94.40,769.88,189.58,424.68,155.62,29.00,864.28,519.08,1.54,0.00,62.00,1.14,19478540,2026-09-18T05:24:17Z
C_hit,orig,leaf_freq_K10,async,128,10,0,0.00,100.00,577.00,279.74,200.86,78.88,,,856.74,655.88,1.72,38.00,51.00,1.14,19478540,2026-09-18T05:24:18Z
C_hit,orig,leaf_freq_K10,async_win,128,10,0,0.00,100.00,570.68,263.40,193.06,9.50,60.84,3.00,834.08,580.18,1.67,38.00,51.00,1.14,19478564,2026-09-18T05:24:18Z
C_hit,orig,leaf_rand_K10,async,128,10,0,0.00,100.00,574.12,10699.83,10233.09,466.74,,,11273.95,1040.86,1.65,38.00,51.00,1.14,19477896,2026-09-18T05:24:18Z
C_hit,orig,leaf_rand_K10,async_win,128,10,0,0.00,100.00,570.61,267.79,193.67,13.83,60.29,10.00,838.40,584.44,1.68,38.00,51.00,1.14,19478256,2026-09-18T05:24:19Z
C_hit,orig,learned_markov_14,async,128,10,0,0.00,100.00,501.70,271.71,193.87,77.84,,,773.41,579.54,1.68,39.00,53.00,1.14,19478668,2026-09-18T05:24:19Z
C_hit,orig,learned_markov_14,async_win,128,10,0,0.00,100.00,554.33,270.19,193.03,16.29,60.87,6.00,824.52,570.62,1.67,39.00,53.00,1.14,19478836,2026-09-18T05:24:19Z
C_hit,orig,learned_markov_28,async,128,10,0,0.00,71.40,495.61,291.73,194.92,96.81,,,787.34,592.42,1.66,38.00,51.00,1.14,19479400,2026-09-18T05:24:19Z
C_hit,orig,learned_markov_28,async_win,128,10,0,0.00,100.00,557.93,275.40,192.22,22.22,60.95,8.00,833.33,580.15,1.67,38.00,51.00,1.14,19480428,2026-09-18T05:24:20Z
A,orig,baseline,baseline,128,11,0,0.00,0.00,1017.38,0.00,0.00,0.00,,,1017.38,1017.38,2.16,189.00,265.00,1.14,19480708,2026-09-18T05:24:20Z
B,orig,baseline,baseline,128,11,0,0.00,0.00,905.38,0.00,0.00,0.00,,,905.38,905.38,2.25,187.00,260.00,1.14,19479016,2026-09-18T05:24:20Z
C,orig,baseline,baseline,128,11,0,0.00,0.00,848.10,0.00,0.00,0.00,,,848.10,848.10,1.59,20.00,27.00,1.14,19480032,2026-09-18T05:24:21Z
C_hit,orig,baseline,baseline,128,11,0,0.00,0.00,586.91,0.00,0.00,0.00,,,586.91,586.91,1.67,38.00,51.00,1.14,19481044,2026-09-18T05:24:21Z
A,orig,layers_5,async,128,11,0,0.00,100.00,999.35,294.23,224.27,69.96,,,1293.58,1069.31,2.15,189.00,268.00,1.14,19481556,2026-09-18T05:24:21Z
A,orig,layers_5,async_win,128,11,0,0.00,100.00,993.88,293.61,225.21,7.48,60.91,2.00,1287.49,1001.36,2.10,189.00,268.00,1.14,19481988,2026-09-18T05:24:22Z
A,orig,layers_92,async,128,11,0,0.00,100.00,529.38,410.97,219.28,191.69,,,940.35,721.07,2.20,189.00,272.00,1.14,19481924,2026-09-18T05:24:22Z
A,orig,layers_92,async_win,128,11,0,0.00,100.00,593.12,414.22,226.57,121.45,66.20,87.00,1007.34,714.57,2.15,189.00,272.00,1.14,19482104,2026-09-18T05:24:22Z
A,orig,2d,async,128,11,0,0.00,100.00,594.06,314.24,228.46,85.78,,,908.30,679.84,2.13,189.00,272.00,1.13,19484764,2026-09-18T05:24:22Z
A,orig,2d,async_win,128,11,0,0.00,100.00,596.23,315.14,229.57,22.37,63.20,13.00,911.37,618.60,2.13,189.00,272.00,1.13,19485180,2026-09-18T05:24:23Z
A,orig,2e_K10,async,128,11,0,0.00,100.00,598.41,329.73,225.87,103.86,,,928.14,702.27,2.17,190.00,283.00,1.13,19486656,2026-09-18T05:24:23Z
A,orig,2e_K10,async_win,128,11,0,0.00,100.00,591.54,323.59,224.75,35.97,62.87,23.00,915.13,627.51,2.12,190.00,283.00,1.13,19486864,2026-09-18T05:24:23Z
A,orig,2e_K500,async,128,11,0,0.00,100.00,567.45,1056.36,223.23,833.13,,,1623.81,1400.58,2.13,194.00,396.00,1.13,19486372,2026-09-18T05:24:24Z
A,orig,2e_K500,async_win,128,11,0,0.00,100.00,638.28,1082.86,226.65,765.85,90.36,471.00,1721.14,1404.13,2.12,194.00,394.00,1.13,19487036,2026-09-18T05:24:24Z
A,orig,2f_top14,async,128,11,0,0.00,100.00,1406.77,305.82,225.36,80.46,,,1712.59,1487.23,2.16,191.00,271.00,1.13,19487336,2026-09-18T05:24:24Z
A,orig,2f_top14,async_win,128,11,0,0.00,100.00,599.68,305.19,225.21,18.61,61.37,13.00,904.87,618.29,2.16,191.00,271.00,1.13,19487340,2026-09-18T05:24:25Z
A,orig,2f_top28,async,128,11,0,0.00,100.00,590.65,328.47,226.40,102.07,,,919.12,692.72,2.22,191.00,290.00,1.13,19488808,2026-09-18T05:24:25Z
A,orig,2f_top28,async_win,128,11,0,0.00,100.00,597.67,335.40,235.07,33.50,66.83,27.00,933.07,631.17,2.19,191.00,290.00,1.13,19489488,2026-09-18T05:24:25Z
A,orig,2f_top100,async,128,11,0,0.00,100.00,594.79,431.88,225.66,206.22,,,1026.67,801.01,2.15,191.00,311.00,1.13,19489688,2026-09-18T05:24:26Z
A,orig,2f_top100,async_win,128,11,0,0.00,100.00,593.99,425.65,220.81,138.23,66.61,98.00,1019.64,732.22,2.15,191.00,310.00,1.13,19490240,2026-09-18T05:24:26Z
A,orig,2f_top500,async,128,11,0,0.00,100.00,642.80,1086.65,226.04,860.61,,,1729.45,1503.41,2.12,193.00,399.00,1.13,19490456,2026-09-18T05:24:26Z
A,orig,2f_top500,async_win,128,11,0,0.00,100.00,569.87,1100.96,226.19,745.35,129.42,460.00,1670.83,1315.22,2.09,193.00,395.00,1.13,19490748,2026-09-18T05:24:27Z
A,orig,2f_slru,async,128,11,0,0.00,100.00,96.52,7209.61,226.61,6983.01,,,7306.13,7079.53,1.62,0.00,278.00,1.13,19480176,2026-09-18T05:24:27Z
A,orig,2f_slru,async_win,128,11,0,0.00,93.50,97.23,2826.39,223.26,2199.11,404.02,138.00,2923.62,2296.34,1.56,0.00,278.00,1.13,19480372,2026-09-18T05:24:27Z
A,orig,leaf_freq_K10,async,128,11,0,0.00,100.00,1009.72,300.25,225.12,75.13,,,1309.97,1084.85,2.11,188.00,278.00,1.12,19483856,2026-09-18T05:24:28Z
A,orig,leaf_freq_K10,async_win,128,11,0,0.00,100.00,1007.80,300.73,224.24,15.55,60.94,10.00,1308.53,1023.35,2.13,188.00,278.00,1.12,19484648,2026-09-18T05:24:28Z
A,orig,leaf_rand_K10,async,128,11,0,0.00,100.00,1014.17,299.57,224.45,75.12,,,1313.74,1089.29,2.14,189.00,266.00,1.12,19484484,2026-09-18T05:24:28Z
A,orig,leaf_rand_K10,async_win,128,11,0,0.00,100.00,1007.51,302.74,224.24,14.16,64.34,10.00,1310.25,1021.67,2.12,189.00,266.00,1.12,19484084,2026-09-18T05:24:28Z
A,orig,learned_markov_14,async,128,11,0,0.00,100.00,595.07,306.92,224.43,82.48,,,901.99,677.55,2.12,189.00,273.00,1.12,19485512,2026-09-18T05:24:29Z
A,orig,learned_markov_14,async_win,128,11,0,0.00,100.00,603.26,306.21,223.62,20.11,62.48,13.00,909.47,623.37,2.14,189.00,273.00,1.12,19486836,2026-09-18T05:24:29Z
A,orig,learned_markov_28,async,128,11,0,0.00,100.00,598.74,321.90,224.70,97.20,,,920.64,695.94,2.11,189.00,275.00,1.12,19487444,2026-09-18T05:24:29Z
A,orig,learned_markov_28,async_win,128,11,0,0.00,100.00,596.69,320.05,223.33,34.10,62.62,26.00,916.74,630.79,2.14,189.00,275.00,1.12,19486104,2026-09-18T05:24:30Z
B,orig,layers_5,async,128,11,0,0.00,100.00,927.16,297.28,226.98,70.30,,,1224.44,997.46,2.20,187.00,260.00,1.12,19510544,2026-09-18T05:24:30Z
B,orig,layers_5,async_win,128,11,0,0.00,100.00,913.60,353.32,237.28,7.48,108.56,2.00,1266.92,921.08,2.22,187.00,260.00,1.12,19509828,2026-09-18T05:24:30Z
B,orig,layers_92,async,128,11,0,0.00,100.00,529.43,418.31,222.52,195.79,,,947.74,725.22,2.21,187.00,266.00,1.12,19510052,2026-09-18T05:24:31Z
B,orig,layers_92,async_win,128,11,0,0.00,100.00,529.66,417.07,224.59,127.00,65.48,87.00,946.73,656.66,2.14,187.00,266.00,1.12,19509928,2026-09-18T05:24:31Z
B,orig,2d,async,128,11,0,0.00,100.00,648.83,310.09,224.71,85.38,,,958.92,734.21,2.21,187.00,266.00,1.12,19509996,2026-09-18T05:24:31Z
B,orig,2d,async_win,128,11,0,0.00,100.00,526.74,310.43,226.29,21.88,62.26,13.00,837.17,548.62,2.20,187.00,266.00,1.12,19510180,2026-09-18T05:24:32Z
B,orig,2e_K10,async,128,11,0,0.00,100.00,525.76,322.49,224.09,98.39,,,848.25,624.15,2.18,188.00,267.00,1.12,19511056,2026-09-18T05:24:32Z
B,orig,2e_K10,async_win,128,11,0,0.00,100.00,545.95,320.72,224.65,33.60,62.47,23.00,866.67,579.55,2.25,188.00,267.00,1.19,19491008,2026-09-18T05:24:32Z
B,orig,2e_K500,async,128,11,0,0.00,100.00,179.73,1050.98,225.28,825.69,,,1230.71,1005.42,2.17,187.00,314.00,1.19,19500668,2026-09-18T05:24:33Z
B,orig,2e_K500,async_win,128,11,0,0.00,100.00,184.52,1063.24,224.23,743.31,95.70,461.00,1247.76,927.83,2.18,187.00,317.00,1.19,19502084,2026-09-18T05:24:33Z
B,orig,2f_top14,async,128,11,0,0.00,100.00,526.90,300.49,220.60,79.88,,,827.39,606.78,2.17,188.00,266.00,1.19,19503044,2026-09-18T05:24:33Z
B,orig,2f_top14,async_win,128,11,0,0.00,100.00,527.53,306.50,224.38,19.58,62.54,13.00,834.03,547.11,2.19,188.00,266.00,1.19,19504484,2026-09-18T05:24:34Z
B,orig,2f_top28,async,128,11,0,0.00,100.00,523.85,319.94,222.96,96.98,,,843.79,620.83,2.20,188.00,268.00,1.19,19505408,2026-09-18T05:24:34Z
B,orig,2f_top28,async_win,128,11,0,0.00,100.00,527.28,326.27,226.28,37.74,62.26,27.00,853.55,565.02,2.19,188.00,268.00,1.19,19506060,2026-09-18T05:24:34Z
B,orig,2f_top100,async,128,11,0,0.00,100.00,528.18,440.20,223.93,216.27,,,968.38,744.45,2.17,187.00,272.00,1.19,19505988,2026-09-18T05:24:35Z
B,orig,2f_top100,async_win,128,11,0,0.00,100.00,464.29,420.26,227.61,125.27,67.39,97.00,884.55,589.56,2.29,187.00,272.00,1.19,19503636,2026-09-18T05:24:35Z
B,orig,2f_top500,async,128,11,0,0.00,100.00,187.56,1096.58,222.07,874.51,,,1284.14,1062.07,2.17,187.00,312.00,1.19,19500540,2026-09-18T05:24:35Z
B,orig,2f_top500,async_win,128,11,0,0.00,100.00,250.21,1041.04,228.24,723.19,89.61,448.00,1291.25,973.40,2.15,187.00,312.00,1.19,19490072,2026-09-18T05:24:36Z
B,orig,2f_slru,async,128,11,0,0.00,100.00,101.16,7291.79,224.84,7066.95,,,7392.95,7168.11,1.63,0.00,278.00,1.19,19487896,2026-09-18T05:24:36Z
B,orig,2f_slru,async_win,128,11,0,0.00,86.60,103.12,2702.42,224.78,2055.50,422.13,139.00,2805.54,2158.62,1.61,0.00,278.00,1.19,19487312,2026-09-18T05:24:36Z
B,orig,leaf_freq_K10,async,128,11,0,0.00,100.00,813.07,306.17,228.03,78.14,,,1119.24,891.21,2.22,187.00,260.00,1.19,19489720,2026-09-18T05:24:37Z
B,orig,leaf_freq_K10,async_win,128,11,0,0.00,100.00,883.34,301.79,223.99,16.57,61.23,10.00,1185.13,899.91,2.13,187.00,260.00,1.19,19488148,2026-09-18T05:24:37Z
B,orig,leaf_rand_K10,async,128,11,0,0.00,100.00,919.94,298.79,223.51,75.28,,,1218.73,995.22,2.19,188.00,261.00,1.19,19488196,2026-09-18T05:24:37Z
B,orig,leaf_rand_K10,async_win,128,11,0,0.00,100.00,812.75,305.28,223.27,18.25,63.77,10.00,1118.03,831.00,2.26,188.00,261.00,1.17,19488208,2026-09-18T05:24:37Z
B,orig,learned_markov_14,async,128,11,0,0.00,100.00,525.55,298.54,220.32,78.22,,,824.09,603.77,2.16,187.00,265.00,1.17,19484304,2026-09-18T05:24:38Z
B,orig,learned_markov_14,async_win,128,11,0,0.00,100.00,536.07,309.13,225.94,20.44,62.76,13.00,845.20,556.51,2.18,187.00,265.00,1.17,19488984,2026-09-18T05:24:38Z
B,orig,learned_markov_28,async,128,11,0,0.00,100.00,530.16,322.84,223.93,98.91,,,853.00,629.07,2.21,187.00,265.00,1.17,19490216,2026-09-18T05:24:38Z
B,orig,learned_markov_28,async_win,128,11,0,0.00,100.00,530.01,324.69,222.81,38.97,62.91,27.00,854.70,568.98,2.22,187.00,265.00,1.17,19490796,2026-09-18T05:24:39Z
C,orig,layers_5,async,128,11,0,0.00,100.00,876.20,293.80,224.78,69.02,,,1170.00,945.22,1.61,20.00,27.00,1.17,19491636,2026-09-18T05:24:39Z
C,orig,layers_5,async_win,128,11,0,0.00,100.00,820.88,289.79,221.40,7.17,61.22,2.00,1110.67,828.05,1.58,20.00,27.00,1.17,19492580,2026-09-18T05:24:39Z
C,orig,layers_92,async,128,11,0,0.00,100.00,474.43,435.19,224.77,210.41,,,909.62,684.84,1.57,18.00,30.00,1.17,19493156,2026-09-18T05:24:40Z
C,orig,layers_92,async_win,128,11,0,0.00,100.00,475.94,416.41,224.67,124.77,66.97,87.00,892.35,600.71,1.59,18.00,30.00,1.17,19492840,2026-09-18T05:24:40Z
C,orig,2d,async,128,11,0,0.00,100.00,443.25,290.87,222.65,68.22,,,734.12,511.47,1.59,18.00,30.00,1.17,19493056,2026-09-18T05:24:40Z
C,orig,2d,async_win,128,11,0,0.00,100.00,444.24,291.80,221.80,7.09,62.91,2.00,736.04,451.33,1.56,18.00,30.00,1.17,19493784,2026-09-18T05:24:40Z
C,orig,2e_K10,async,128,11,0,0.00,100.00,179.55,305.18,223.46,81.72,,,484.73,261.27,1.58,17.00,32.00,1.17,19494636,2026-09-18T05:24:41Z
C,orig,2e_K10,async_win,128,11,0,0.00,100.00,180.11,303.92,222.89,18.32,62.72,8.00,484.03,198.43,1.60,17.00,32.00,1.17,19494592,2026-09-18T05:24:41Z
C,orig,2e_K500,async,128,11,0,0.00,65.40,181.92,698.85,223.67,475.18,,,880.77,657.10,1.53,0.00,37.00,1.17,19493484,2026-09-18T05:24:41Z
C,orig,2e_K500,async_win,128,11,0,0.00,100.00,180.34,530.90,220.43,225.21,85.25,90.00,711.24,405.55,1.52,0.00,37.00,1.17,19493236,2026-09-18T05:24:41Z
C,orig,2f_top14,async,128,11,0,0.00,100.00,178.77,303.19,222.18,81.01,,,481.96,259.78,1.59,17.00,32.00,1.17,19493844,2026-09-18T05:24:42Z
C,orig,2f_top14,async_win,128,11,0,0.00,100.00,187.54,303.41,223.19,17.50,62.72,9.00,490.95,205.04,1.58,17.00,32.00,1.17,19494032,2026-09-18T05:24:42Z
C,orig,2f_top28,async,128,11,0,0.00,100.00,179.03,321.50,222.98,98.53,,,500.53,277.56,1.57,16.00,33.00,1.17,19494708,2026-09-18T05:24:42Z
C,orig,2f_top28,async_win,128,11,0,0.00,100.00,175.54,312.67,223.49,25.88,63.30,13.00,488.21,201.42,1.56,16.00,33.00,1.16,19495016,2026-09-18T05:24:42Z
C,orig,2f_top100,async,128,11,0,0.00,100.00,179.70,401.38,222.66,178.73,,,581.08,358.43,1.55,14.00,33.00,1.16,19495660,2026-09-18T05:24:43Z
C,orig,2f_top100,async_win,128,11,0,0.00,100.00,176.23,359.11,220.94,74.28,63.89,32.00,535.34,250.51,1.58,14.00,33.00,1.16,19479736,2026-09-18T05:24:43Z
C,orig,2f_top500,async,128,11,0,0.00,100.00,90.53,1031.43,220.25,811.17,,,1121.96,901.70,1.53,0.00,37.00,1.16,19481068,2026-09-18T05:24:43Z
C,orig,2f_top500,async_win,128,11,0,0.00,100.00,99.41,533.67,221.21,222.40,90.07,15.00,633.08,321.81,1.54,0.00,37.00,1.16,19481268,2026-09-18T05:24:43Z
C,orig,2f_slru,async,128,11,0,0.00,100.00,92.88,1005.02,222.85,782.17,,,1097.90,875.05,1.52,0.00,37.00,1.16,19480660,2026-09-18T05:24:44Z
C,orig,2f_slru,async_win,128,11,0,0.00,100.00,91.51,531.74,223.22,219.44,89.08,15.00,623.25,310.95,1.53,0.00,37.00,1.16,19481804,2026-09-18T05:24:44Z
C,orig,leaf_freq_K10,async,128,11,0,0.00,100.00,568.83,295.19,222.75,72.44,,,864.02,641.27,1.58,19.00,29.00,1.16,19480448,2026-09-18T05:24:44Z
C,orig,leaf_freq_K10,async_win,128,11,0,0.00,100.00,570.78,293.48,221.92,11.50,60.06,6.00,864.26,582.28,1.60,19.00,29.00,1.16,19480656,2026-09-18T05:24:45Z
C,orig,leaf_rand_K10,async,128,11,0,0.00,100.00,840.54,296.45,222.45,74.00,,,1136.99,914.54,1.60,20.00,27.00,1.16,19480824,2026-09-18T05:24:45Z
C,orig,leaf_rand_K10,async_win,128,11,0,0.00,100.00,833.29,296.26,220.72,14.68,60.87,10.00,1129.55,847.97,1.58,20.00,27.00,1.16,19480480,2026-09-18T05:24:45Z
C,orig,learned_markov_14,async,128,11,0,0.00,100.00,178.89,300.04,222.65,77.39,,,478.93,256.28,1.58,17.00,32.00,1.16,19481500,2026-09-18T05:24:45Z
C,orig,learned_markov_14,async_win,128,11,0,0.00,100.00,179.21,297.67,220.85,16.06,60.76,9.00,476.88,195.27,1.58,17.00,32.00,1.16,19480080,2026-09-18T05:24:46Z
C,orig,learned_markov_28,async,128,11,0,0.00,100.00,177.53,316.29,221.06,95.23,,,493.82,272.76,1.58,16.00,33.00,1.16,19480656,2026-09-18T05:24:46Z
C,orig,learned_markov_28,async_win,128,11,0,0.00,100.00,177.01,305.92,219.57,25.23,61.12,13.00,482.93,202.24,1.58,16.00,33.00,1.16,19481572,2026-09-18T05:24:46Z
C_hit,orig,layers_5,async,128,11,0,0.00,100.00,555.99,291.56,223.17,68.39,,,847.55,624.38,1.67,38.00,51.00,1.16,19481804,2026-09-18T05:24:46Z
C_hit,orig,layers_5,async_win,128,11,0,0.00,100.00,556.24,291.92,222.05,9.93,59.94,2.00,848.16,566.17,1.67,38.00,51.00,1.16,19482768,2026-09-18T05:24:47Z
C_hit,orig,layers_92,async,128,11,0,0.00,100.00,561.32,417.60,222.60,195.00,,,978.92,756.32,1.66,39.00,52.00,1.16,19482540,2026-09-18T05:24:47Z
C_hit,orig,layers_92,async_win,128,11,0,0.00,100.00,556.42,397.93,221.58,111.34,65.01,87.00,954.35,667.76,1.67,39.00,53.00,1.16,19482968,2026-09-18T05:24:47Z
C_hit,orig,2d,async,128,11,0,0.00,100.00,557.69,259.96,191.69,68.27,,,817.65,625.96,1.66,39.00,53.00,1.15,19483612,2026-09-18T05:24:47Z
C_hit,orig,2d,async_win,128,11,0,0.00,100.00,560.53,261.92,192.38,8.19,61.35,3.00,822.45,568.72,1.68,39.00,53.00,1.15,19483980,2026-09-18T05:24:48Z
C_hit,orig,2e_K10,async,128,11,0,0.00,100.00,562.57,270.60,190.37,80.23,,,833.17,642.80,1.67,39.00,53.00,1.15,19484880,2026-09-18T05:24:48Z
C_hit,orig,2e_K10,async_win,128,11,0,0.00,100.00,560.19,267.10,188.93,15.09,63.09,6.00,827.29,575.28,1.72,39.00,53.00,1.15,19470208,2026-09-18T05:24:48Z
C_hit,orig,2e_K500,async,128,11,0,0.00,46.90,178.26,924.74,192.90,731.84,,,1103.00,910.10,1.58,9.00,61.00,1.15,19470664,2026-09-18T05:24:49Z
C_hit,orig,2e_K500,async_win,128,11,0,0.00,100.00,180.14,693.29,191.71,372.33,129.25,139.00,873.43,552.47,1.58,9.00,61.00,1.15,19471824,2026-09-18T05:24:49Z
C_hit,orig,2f_top14,async,128,11,0,0.00,100.00,566.93,270.38,191.96,78.42,,,837.31,645.35,1.68,39.00,53.00,1.15,19473788,2026-09-18T05:24:49Z
C_hit,orig,2f_top14,async_win,128,11,0,0.00,100.00,559.05,269.34,192.26,16.59,60.48,6.00,828.39,575.64,1.67,39.00,53.00,1.15,19473140,2026-09-18T05:24:49Z
C_hit,orig,2f_top28,async,128,11,0,0.00,100.00,557.46,283.93,190.78,93.16,,,841.39,650.62,1.69,38.00,51.00,1.15,19473304,2026-09-18T05:24:50Z
C_hit,orig,2f_top28,async_win,128,11,0,0.00,100.00,506.85,280.59,193.87,25.35,61.37,8.00,787.44,532.20,1.68,38.00,51.00,1.15,19474596,2026-09-18T05:24:50Z
C_hit,orig,2f_top100,async,128,11,0,0.00,100.00,524.48,374.25,193.74,180.51,,,898.73,704.99,1.66,33.00,53.00,1.15,19474652,2026-09-18T05:24:50Z
C_hit,orig,2f_top100,async_win,128,11,0,0.00,100.00,570.27,322.36,181.83,74.30,66.22,28.00,892.63,644.57,1.65,33.00,53.00,1.15,19475284,2026-09-18T05:24:50Z
C_hit,orig,2f_top500,async,128,11,0,0.00,43.80,181.45,829.83,183.40,646.43,,,1011.28,827.88,1.60,10.00,61.00,1.15,19489236,2026-09-18T05:24:51Z
C_hit,orig,2f_top500,async_win,128,11,0,0.00,32.80,182.33,649.45,191.72,360.38,97.35,138.00,831.78,542.71,1.58,10.00,61.00,1.15,19489732,2026-09-18T05:24:51Z
C_hit,orig,2f_slru,async,128,11,0,0.00,100.00,91.98,1677.63,193.28,1484.35,,,1769.61,1576.33,1.56,0.00,62.00,1.15,19490544,2026-09-18T05:24:51Z
C_hit,orig,2f_slru,async_win,128,11,0,0.00,100.00,93.00,768.66,191.22,418.44,159.00,29.00,861.66,511.44,1.54,0.00,62.00,1.15,19491744,2026-09-18T05:24:51Z
C_hit,orig,leaf_freq_K10,async,128,11,0,0.00,100.00,585.37,266.54,192.70,73.84,,,851.91,659.21,1.70,38.00,51.00,1.15,19491876,2026-09-18T05:24:52Z
C_hit,orig,leaf_freq_K10,async_win,128,11,0,0.00,100.00,574.33,263.36,192.75,10.38,60.22,3.00,837.69,584.71,1.67,38.00,51.00,1.15,19491088,2026-09-18T05:24:52Z
C_hit,orig,leaf_rand_K10,async,128,11,0,0.00,100.00,577.36,264.45,190.33,74.12,,,841.81,651.48,1.67,38.00,51.00,1.13,19492380,2026-09-18T05:24:52Z
C_hit,orig,leaf_rand_K10,async_win,128,11,0,0.00,100.00,567.19,267.53,191.90,14.73,60.91,10.00,834.72,581.92,1.65,38.00,51.00,1.13,19493320,2026-09-18T05:24:53Z
C_hit,orig,learned_markov_14,async,128,11,0,0.00,100.00,501.79,271.51,187.62,83.89,,,773.30,585.68,1.66,39.00,53.00,1.13,19493440,2026-09-18T05:24:53Z
C_hit,orig,learned_markov_14,async_win,128,11,0,0.00,100.00,558.35,271.39,194.99,15.22,61.19,6.00,829.74,573.57,1.65,39.00,53.00,1.13,19493736,2026-09-18T05:24:53Z
C_hit,orig,learned_markov_28,async,128,11,0,0.00,100.00,567.94,298.52,198.77,99.75,,,866.46,667.69,1.71,38.00,51.00,1.13,19491264,2026-09-18T05:24:53Z
C_hit,orig,learned_markov_28,async_win,128,11,0,0.00,100.00,504.17,276.77,190.57,25.07,61.13,8.00,780.94,529.24,1.65,38.00,51.00,1.13,19492320,2026-09-18T05:24:54Z
A,orig,lp_sorted,pread,128,1,1,0.00,100.00,98.92,18281.09,146.35,18134.74,,,18380.01,18233.66,1.54,0.00,278.00,1.13,19494932,2026-09-18T05:24:54Z
A,orig,lp_sorted,async,128,1,1,0.00,100.00,464.94,7370.52,149.70,7220.82,,,7835.46,7685.76,1.57,0.00,278.00,1.13,19492660,2026-09-18T05:24:54Z
A,orig,lp_shuf,pread,128,1,1,0.00,100.00,103.50,280629.91,146.66,280483.26,,,280733.41,280586.76,1.54,0.00,278.00,1.13,19495180,2026-09-18T05:24:55Z
A,orig,lp_shuf,async,128,1,1,0.00,100.00,99.01,7227.69,147.17,7080.52,,,7326.70,7179.53,1.57,0.00,278.00,1.13,19494596,2026-09-18T05:24:55Z
B,orig,lp_sorted,pread,128,1,1,0.00,100.00,98.25,18171.23,145.96,18025.27,,,18269.48,18123.52,1.57,0.00,278.00,1.13,19498500,2026-09-18T05:24:55Z
B,orig,lp_sorted,async,128,1,1,0.00,100.00,100.82,7401.22,145.59,7255.62,,,7502.04,7356.44,1.63,0.00,278.00,1.13,19497132,2026-09-18T05:24:56Z
B,orig,lp_shuf,pread,128,1,1,0.00,100.00,105.69,279312.93,182.75,279130.17,,,279418.62,279235.86,1.59,0.00,278.00,1.13,19482580,2026-09-18T05:24:56Z
B,orig,lp_shuf,async,128,1,1,0.00,100.00,98.69,7233.69,179.11,7054.58,,,7332.38,7153.27,1.61,0.00,278.00,1.13,19480956,2026-09-18T05:24:57Z
C,orig,lp_sorted,pread,128,1,1,0.00,100.00,94.86,2965.34,181.76,2783.57,,,3060.20,2878.43,1.51,0.00,37.00,1.13,19483512,2026-09-18T05:24:57Z
C,orig,lp_sorted,async,128,1,1,0.00,100.00,95.97,964.23,182.96,781.27,,,1060.20,877.24,1.53,0.00,37.00,1.13,19485028,2026-09-18T05:24:57Z
C,orig,lp_shuf,pread,128,1,1,0.00,100.00,95.89,30162.76,180.82,29981.94,,,30258.65,30077.83,1.51,0.00,37.00,1.12,19485164,2026-09-18T05:24:57Z
C,orig,lp_shuf,async,128,1,1,0.00,100.00,94.75,911.92,185.75,726.17,,,1006.67,820.92,1.54,0.00,37.00,1.12,19486224,2026-09-18T05:24:58Z
C_hit,orig,lp_sorted,pread,128,1,1,0.00,100.00,99.77,4794.24,182.74,4611.50,,,4894.01,4711.27,1.53,0.00,62.00,1.12,19485708,2026-09-18T05:24:58Z
C_hit,orig,lp_sorted,async,128,1,1,0.00,100.00,99.81,1609.51,185.66,1423.85,,,1709.32,1523.66,1.54,0.00,62.00,1.12,19485944,2026-09-18T05:24:58Z
C_hit,orig,lp_shuf,pread,128,1,1,0.00,100.00,97.81,52467.11,158.70,52308.42,,,52564.92,52406.23,1.54,0.00,62.00,1.12,19486868,2026-09-18T05:24:58Z
C_hit,orig,lp_shuf,async,128,1,1,0.00,99.70,99.67,1601.09,159.09,1442.00,,,1700.76,1541.67,1.55,0.00,62.00,1.12,19486732,2026-09-18T05:24:59Z
A,orig,lp_sorted,pread,128,2,0,0.00,100.00,98.78,17550.37,158.99,17391.38,,,17649.15,17490.16,1.57,0.00,278.00,1.12,19487972,2026-09-18T05:24:59Z
A,orig,lp_shuf,pread,128,2,0,0.00,100.00,103.39,283237.19,157.41,283079.79,,,283340.58,283183.18,1.54,0.00,278.00,1.12,19488520,2026-09-18T05:25:00Z
B,orig,lp_sorted,pread,128,2,0,0.00,100.00,98.48,18055.00,157.14,17897.86,,,18153.48,17996.34,1.60,0.00,278.00,1.12,19489008,2026-09-18T05:25:00Z
B,orig,lp_shuf,pread,128,2,0,0.00,100.00,105.92,277800.51,159.39,277641.12,,,277906.43,277747.04,1.58,0.00,278.00,1.12,19490736,2026-09-18T05:25:00Z
C,orig,lp_sorted,pread,128,2,0,0.00,100.00,94.41,2900.22,158.59,2741.64,,,2994.63,2836.05,1.55,0.00,37.00,1.12,19490952,2026-09-18T05:25:01Z
C,orig,lp_shuf,pread,128,2,0,0.00,100.00,94.83,30031.45,154.84,29876.61,,,30126.28,29971.44,1.51,0.00,37.00,1.12,19460996,2026-09-18T05:25:01Z
C_hit,orig,lp_sorted,pread,128,2,0,0.00,100.00,96.20,4530.92,156.99,4373.93,,,4627.12,4470.13,1.58,0.00,62.00,1.12,19462896,2026-09-18T05:25:01Z
C_hit,orig,lp_shuf,pread,128,2,0,0.00,100.00,96.01,52870.47,152.76,52717.72,,,52966.48,52813.73,1.58,0.00,62.00,1.12,19464072,2026-09-18T05:25:02Z
A,orig,lp_sorted,pread,128,3,0,0.00,100.00,97.59,17613.56,156.99,17456.58,,,17711.15,17554.17,1.57,0.00,278.00,1.12,19464756,2026-09-18T05:25:02Z
A,orig,lp_shuf,pread,128,3,0,0.00,100.00,104.86,286735.49,157.42,286578.08,,,286840.35,286682.94,1.53,0.00,278.00,1.11,19464840,2026-09-18T05:25:02Z
B,orig,lp_sorted,pread,128,3,0,0.00,100.00,97.71,18605.52,155.32,18450.20,,,18703.23,18547.91,1.62,0.00,278.00,1.11,19462832,2026-09-18T05:25:03Z
B,orig,lp_shuf,pread,128,3,0,0.00,100.00,104.75,279053.25,156.63,278896.61,,,279158.00,279001.36,1.60,0.00,278.00,1.11,19463772,2026-09-18T05:25:03Z
C,orig,lp_sorted,pread,128,3,0,0.00,100.00,88.42,2885.23,157.19,2728.05,,,2973.65,2816.47,1.51,0.00,37.00,1.11,19465176,2026-09-18T05:25:03Z
C,orig,lp_shuf,pread,128,3,0,0.00,100.00,94.86,30192.59,158.82,30033.77,,,30287.45,30128.63,1.51,0.00,37.00,1.11,19465740,2026-09-18T05:25:04Z
C_hit,orig,lp_sorted,pread,128,3,0,0.00,100.00,95.91,4674.85,156.78,4518.06,,,4770.76,4613.97,1.56,0.00,62.00,1.11,19453500,2026-09-18T05:25:04Z
C_hit,orig,lp_shuf,pread,128,3,0,0.00,100.00,97.95,53119.40,156.57,52962.83,,,53217.35,53060.78,1.59,0.00,62.00,1.11,19456212,2026-09-18T05:25:04Z
A,orig,lp_sorted,pread,128,4,0,0.00,100.00,98.16,18434.92,156.69,18278.24,,,18533.08,18376.40,1.53,0.00,278.00,1.11,19457476,2026-09-18T05:25:05Z
A,orig,lp_shuf,pread,128,4,0,0.00,100.00,106.89,285936.63,157.10,285779.53,,,286043.52,285886.42,1.54,0.00,278.00,1.11,19459572,2026-09-18T05:25:05Z
B,orig,lp_sorted,pread,128,4,0,0.00,100.00,98.98,18426.11,155.76,18270.35,,,18525.09,18369.33,1.57,0.00,278.00,1.11,19462196,2026-09-18T05:25:05Z
B,orig,lp_shuf,pread,128,4,0,0.00,100.00,103.61,278827.86,157.49,278670.38,,,278931.47,278773.99,1.59,0.00,278.00,1.11,19463184,2026-09-18T05:25:06Z
C,orig,lp_sorted,pread,128,4,0,0.00,100.00,93.85,2907.96,157.83,2750.13,,,3001.81,2843.98,1.52,0.00,37.00,1.11,19466100,2026-09-18T05:25:06Z
C,orig,lp_shuf,pread,128,4,0,0.00,100.00,95.59,30046.43,156.79,29889.64,,,30142.02,29985.23,1.51,0.00,37.00,1.11,19466532,2026-09-18T05:25:06Z
C_hit,orig,lp_sorted,pread,128,4,0,0.00,100.00,96.30,4559.95,166.56,4393.39,,,4656.25,4489.69,1.53,0.00,62.00,1.11,19464916,2026-09-18T05:25:07Z
C_hit,orig,lp_shuf,pread,128,4,0,0.00,100.00,102.37,52950.37,156.85,52793.52,,,53052.74,52895.89,1.57,0.00,62.00,1.11,19466068,2026-09-18T05:25:07Z
A,orig,lp_sorted,pread,128,5,0,0.00,100.00,98.48,18225.40,156.53,18068.86,,,18323.88,18167.34,1.53,0.00,278.00,1.10,19466164,2026-09-18T05:25:07Z
A,orig,lp_shuf,pread,128,5,0,0.00,100.00,108.01,285329.00,157.13,285171.87,,,285437.01,285279.88,1.55,0.00,278.00,1.10,19465900,2026-09-18T05:25:08Z
B,orig,lp_sorted,pread,128,5,0,0.00,100.00,101.70,18394.41,158.00,18236.42,,,18496.11,18338.12,1.57,0.00,278.00,1.10,19466956,2026-09-18T05:25:08Z
B,orig,lp_shuf,pread,128,5,0,0.00,100.00,98.59,287804.34,158.06,287646.28,,,287902.93,287744.87,1.61,0.00,278.00,1.10,19467668,2026-09-18T05:25:09Z
C,orig,lp_sorted,pread,128,5,0,0.00,100.00,94.22,2918.49,155.41,2763.07,,,3012.71,2857.29,1.52,0.00,37.00,1.10,19468352,2026-09-18T05:25:09Z
C,orig,lp_shuf,pread,128,5,0,0.00,100.00,95.54,30019.31,158.02,29861.29,,,30114.85,29956.83,1.50,0.00,37.00,1.10,19467540,2026-09-18T05:25:09Z
C_hit,orig,lp_sorted,pread,128,5,0,0.00,100.00,100.91,4708.95,156.27,4552.68,,,4809.86,4653.59,1.55,0.00,62.00,1.10,19467696,2026-09-18T05:25:10Z
C_hit,orig,lp_shuf,pread,128,5,0,0.00,100.00,99.48,52728.59,157.58,52571.01,,,52828.07,52670.49,1.54,0.00,62.00,1.10,19468712,2026-09-18T05:25:10Z
A,orig,lp_sorted,pread,128,6,0,0.00,100.00,98.62,17324.45,157.00,17167.45,,,17423.07,17266.07,1.55,0.00,278.00,1.10,19468472,2026-09-18T05:25:10Z
A,orig,lp_shuf,pread,128,6,0,0.00,100.00,103.78,285024.25,157.36,284866.90,,,285128.03,284970.68,1.55,0.00,278.00,1.10,19469228,2026-09-18T05:25:11Z
B,orig,lp_sorted,pread,128,6,0,0.00,100.00,100.98,18518.11,155.18,18362.92,,,18619.09,18463.90,1.60,0.00,278.00,1.10,19470192,2026-09-18T05:25:11Z
B,orig,lp_shuf,pread,128,6,0,0.00,100.00,102.59,288661.62,157.94,288503.69,,,288764.21,288606.28,1.59,0.00,278.00,1.10,19477800,2026-09-18T05:25:12Z
C,orig,lp_sorted,pread,128,6,0,0.00,100.00,94.82,2990.58,157.03,2833.55,,,3085.40,2928.37,1.51,0.00,37.00,1.10,19478660,2026-09-18T05:25:12Z
C,orig,lp_shuf,pread,128,6,0,0.00,100.00,94.76,29986.95,156.78,29830.17,,,30081.71,29924.93,1.53,0.00,37.00,1.10,19478668,2026-09-18T05:25:12Z
C_hit,orig,lp_sorted,pread,128,6,0,0.00,100.00,97.45,4705.71,158.61,4547.10,,,4803.16,4644.55,1.55,0.00,62.00,1.10,19479356,2026-09-18T05:25:12Z
C_hit,orig,lp_shuf,pread,128,6,0,0.00,100.00,97.97,52963.49,155.21,52808.28,,,53061.46,52906.25,1.52,0.00,62.00,1.10,19479828,2026-09-18T05:25:13Z
A,vacuum,baseline,baseline,128,1,1,0.00,0.00,946.10,0.00,0.00,0.00,,,946.10,946.10,1.98,148.00,212.00,1.10,19370968,2026-09-18T05:25:16Z
A,ta,baseline,baseline,128,1,1,0.00,0.00,1217.78,0.00,0.00,0.00,,,1217.78,1217.78,2.16,189.00,259.00,1.10,19371140,2026-09-18T05:25:16Z
A,1gb,baseline,baseline,128,1,1,0.00,0.00,1499.36,0.00,0.00,0.00,,,1499.36,1499.36,2.14,190.00,267.00,1.10,19372064,2026-09-18T05:25:16Z
B,vacuum,baseline,baseline,128,1,1,0.00,0.00,977.86,0.00,0.00,0.00,,,977.86,977.86,2.06,144.00,233.00,1.10,19373976,2026-09-18T05:25:17Z
B,ta,baseline,baseline,128,1,1,0.00,0.00,735.05,0.00,0.00,0.00,,,735.05,735.05,2.21,190.00,268.00,1.10,19374148,2026-09-18T05:25:17Z
B,1gb,baseline,baseline,128,1,1,0.00,0.00,1183.74,0.00,0.00,0.00,,,1183.74,1183.74,2.20,188.00,262.00,1.10,19375548,2026-09-18T05:25:17Z
C,vacuum,baseline,baseline,128,1,1,0.00,0.00,1162.61,0.00,0.00,0.00,,,1162.61,1162.61,1.51,12.00,29.00,1.09,19377120,2026-09-18T05:25:17Z
C,ta,baseline,baseline,128,1,1,0.00,0.00,834.80,0.00,0.00,0.00,,,834.80,834.80,1.60,19.00,30.00,1.09,19377240,2026-09-18T05:25:18Z
C,1gb,baseline,baseline,128,1,1,0.00,0.00,1197.94,0.00,0.00,0.00,,,1197.94,1197.94,1.68,40.00,52.00,1.09,19375268,2026-09-18T05:25:18Z
A,vacuum,layers_5,pread,128,1,1,0.00,100.00,868.31,779.11,195.83,583.28,,,1647.42,1451.59,1.99,149.00,214.00,1.09,19376716,2026-09-18T05:25:18Z
A,vacuum,layers_5,async,128,1,1,0.00,100.00,897.66,268.16,196.88,71.28,,,1165.82,968.94,2.01,150.00,212.00,1.09,19378204,2026-09-18T05:25:19Z
A,vacuum,layers_92,pread,128,1,1,0.00,100.00,411.13,7673.31,208.75,7464.55,,,8084.44,7875.68,2.03,145.00,225.00,1.09,19378532,2026-09-18T05:25:19Z
A,vacuum,layers_92,async,128,1,1,0.00,100.00,420.14,397.51,205.87,191.64,,,817.65,611.78,2.00,146.00,223.00,1.09,19379044,2026-09-18T05:25:19Z
A,vacuum,2d,pread,128,1,1,0.00,100.00,401.26,1360.21,204.61,1155.59,,,1761.47,1556.85,2.00,145.00,225.00,1.09,19370032,2026-09-18T05:25:20Z
A,vacuum,2d,async,128,1,1,0.00,100.00,416.20,290.78,209.62,81.15,,,706.98,497.35,2.02,146.00,223.00,1.09,19374480,2026-09-18T05:25:20Z
A,vacuum,2e_K10,pread,128,1,1,0.00,100.00,404.09,2202.92,204.07,1998.85,,,2607.01,2402.94,2.01,147.00,229.00,1.09,19377572,2026-09-18T05:25:20Z
A,vacuum,2e_K10,async,128,1,1,0.00,100.00,410.63,301.80,211.87,89.93,,,712.43,500.56,2.03,148.00,227.00,1.09,19378956,2026-09-18T05:25:20Z
A,vacuum,2e_K500,pread,128,1,1,0.00,100.00,459.65,15451.28,205.70,15245.58,,,15910.93,15705.23,1.89,126.00,419.00,1.09,19378580,2026-09-18T05:25:21Z
A,vacuum,2e_K500,async,128,1,1,0.00,18.00,407.72,948.31,206.77,741.54,,,1356.03,1149.26,1.97,145.00,335.00,1.09,19379500,2026-09-18T05:25:21Z
A,vacuum,2f_slru,pread,128,1,1,0.00,100.00,98.19,14102.67,206.27,13896.40,,,14200.86,13994.59,1.53,0.00,214.00,1.09,19383516,2026-09-18T05:25:21Z
A,vacuum,2f_slru,async,128,1,1,0.00,100.00,98.17,5640.93,196.25,5444.68,,,5739.10,5542.85,1.55,0.00,214.00,1.09,19384228,2026-09-18T05:25:22Z
A,vacuum,leaf_freq_K10,pread,128,1,1,0.00,100.00,990.82,1114.31,213.25,901.05,,,2105.13,1891.87,2.05,149.00,217.00,1.09,19384640,2026-09-18T05:25:22Z
A,vacuum,leaf_freq_K10,async,128,1,1,0.00,100.00,991.61,288.43,212.68,75.75,,,1280.04,1067.36,2.03,149.00,217.00,1.09,19387320,2026-09-18T05:25:22Z
A,vacuum,leaf_rand_K10,pread,128,1,1,0.00,100.00,887.62,1120.18,205.44,914.74,,,2007.80,1802.36,2.05,148.00,212.00,1.16,19386784,2026-09-18T05:25:23Z
A,vacuum,leaf_rand_K10,async,128,1,1,0.00,100.00,854.25,271.16,196.01,75.15,,,1125.41,929.40,1.97,148.00,212.00,1.16,19387340,2026-09-18T05:25:23Z
A,ta,layers_5,pread,128,1,1,0.00,100.00,997.62,461.11,209.88,251.22,,,1458.73,1248.84,2.15,189.00,259.00,1.16,19389776,2026-09-18T05:25:23Z
A,ta,layers_5,async,128,1,1,0.00,100.00,1001.41,278.69,208.38,70.31,,,1280.10,1071.72,2.17,189.00,259.00,1.16,19388836,2026-09-18T05:25:24Z
A,ta,layers_92,pread,128,1,1,0.00,100.00,594.64,970.53,208.65,761.88,,,1565.17,1356.52,2.13,186.00,260.00,1.16,19389572,2026-09-18T05:25:24Z
A,ta,layers_92,async,128,1,1,0.00,100.00,580.64,374.23,209.17,165.06,,,954.87,745.70,2.14,188.00,259.00,1.16,19390036,2026-09-18T05:25:24Z
A,ta,2d,pread,128,1,1,0.00,100.00,568.52,1003.39,209.23,794.15,,,1571.91,1362.67,2.15,187.00,260.00,1.16,19392624,2026-09-18T05:25:24Z
A,ta,2d,async,128,1,1,0.00,100.00,591.66,325.24,208.09,117.15,,,916.90,708.81,2.16,188.00,259.00,1.16,19392224,2026-09-18T05:25:25Z
A,ta,2e_K10,pread,128,1,1,0.00,100.00,924.58,2206.59,213.82,1992.77,,,3131.17,2917.35,2.19,188.00,269.00,1.16,19391900,2026-09-18T05:25:25Z
A,ta,2e_K10,async,128,1,1,0.00,71.90,590.86,333.17,204.69,128.48,,,924.03,719.34,2.15,189.00,268.00,1.16,19391964,2026-09-18T05:25:25Z
A,ta,2e_K500,pread,128,1,1,0.00,100.00,547.59,17655.03,239.47,17415.56,,,18202.62,17963.15,1.79,72.00,325.00,1.16,19392336,2026-09-18T05:25:26Z
A,ta,2e_K500,async,128,1,1,0.00,40.80,1269.40,966.64,230.28,736.35,,,2236.04,2005.75,2.17,192.00,382.00,1.16,19393504,2026-09-18T05:25:26Z
A,ta,2f_slru,pread,128,1,1,0.00,100.00,98.33,17609.43,237.99,17371.44,,,17707.76,17469.77,1.54,0.00,279.00,1.16,19395904,2026-09-18T05:25:26Z
A,ta,2f_slru,async,128,1,1,0.00,100.00,97.18,7338.48,239.41,7099.07,,,7435.66,7196.25,1.59,0.00,279.00,1.16,19394224,2026-09-18T05:25:27Z
A,ta,leaf_freq_K10,pread,128,1,1,0.00,100.00,946.67,1157.98,234.26,923.72,,,2104.65,1870.39,2.11,190.00,268.00,1.16,19396740,2026-09-18T05:25:27Z
A,ta,leaf_freq_K10,async,128,1,1,0.00,100.00,956.42,301.99,226.96,75.03,,,1258.41,1031.45,2.11,190.00,268.00,1.16,19398840,2026-09-18T05:25:27Z
A,ta,leaf_rand_K10,pread,128,1,1,0.00,100.00,1101.15,1585.27,243.89,1341.38,,,2686.42,2442.53,2.19,189.00,259.00,1.15,19398816,2026-09-18T05:25:28Z
A,ta,leaf_rand_K10,async,128,1,1,0.00,100.00,1107.97,315.32,240.64,74.68,,,1423.29,1182.65,2.16,189.00,259.00,1.15,19398680,2026-09-18T05:25:28Z
A,1gb,layers_5,pread,128,1,1,0.00,100.00,1345.21,711.29,235.49,475.80,,,2056.50,1821.01,2.17,189.00,269.00,1.15,19401672,2026-09-18T05:25:28Z
A,1gb,layers_5,async,128,1,1,0.00,100.00,1470.93,305.16,231.44,73.73,,,1776.09,1544.66,2.16,190.00,268.00,1.15,19401268,2026-09-18T05:25:29Z
A,1gb,layers_92,pread,128,1,1,0.00,100.00,1003.77,8162.83,242.95,7919.88,,,9166.60,8923.65,2.19,189.00,274.00,1.15,19401980,2026-09-18T05:25:29Z
A,1gb,layers_92,async,128,1,1,0.00,100.00,981.48,435.91,236.72,199.19,,,1417.39,1180.67,2.17,190.00,272.00,1.15,19403796,2026-09-18T05:25:29Z
A,1gb,2d,pread,128,1,1,0.00,100.00,614.89,2141.97,205.33,1936.64,,,2756.86,2551.53,2.23,188.00,275.00,1.15,19404168,2026-09-18T05:25:30Z
A,1gb,2d,async,128,1,1,0.00,100.00,580.12,291.80,200.97,90.83,,,871.92,670.95,2.15,189.00,273.00,1.15,19404400,2026-09-18T05:25:30Z
A,1gb,2e_K10,pread,128,1,1,0.00,100.00,606.60,2898.30,205.26,2693.04,,,3504.90,3299.64,2.19,189.00,288.00,1.15,19395532,2026-09-18T05:25:30Z
A,1gb,2e_K10,async,128,1,1,0.00,100.00,607.53,301.28,198.22,103.05,,,908.81,710.58,2.21,190.00,286.00,1.15,19396288,2026-09-18T05:25:31Z
A,1gb,2e_K500,pread,128,1,1,0.00,100.00,184.80,19191.18,205.15,18986.04,,,19375.98,19170.84,1.71,53.00,324.00,1.15,19397000,2026-09-18T05:25:31Z
A,1gb,2e_K500,async,128,1,1,0.00,100.00,648.47,1104.52,206.34,898.18,,,1752.99,1546.65,2.15,194.00,398.00,1.15,19399032,2026-09-18T05:25:31Z
A,1gb,2f_slru,pread,128,1,1,0.00,100.00,97.58,31246.35,201.63,31044.72,,,31343.93,31142.30,1.57,0.00,280.00,1.15,19401604,2026-09-18T05:25:32Z
A,1gb,2f_slru,async,128,1,1,0.00,100.00,98.97,7369.90,185.27,7184.63,,,7468.87,7283.60,1.60,0.00,280.00,1.15,19402392,2026-09-18T05:25:32Z
A,1gb,leaf_freq_K10,pread,128,1,1,0.00,100.00,1424.90,1125.84,227.77,898.07,,,2550.74,2322.97,2.15,189.00,280.00,1.15,19405776,2026-09-18T05:25:32Z
A,1gb,leaf_freq_K10,async,128,1,1,0.00,100.00,1578.80,313.97,238.52,75.45,,,1892.77,1654.25,2.17,189.00,280.00,1.14,19405616,2026-09-18T05:25:33Z
A,1gb,leaf_rand_K10,pread,128,1,1,0.00,100.00,1458.98,1188.75,192.93,995.81,,,2647.73,2454.79,2.16,190.00,266.00,1.14,19403176,2026-09-18T05:25:33Z
A,1gb,leaf_rand_K10,async,128,1,1,0.00,100.00,1432.81,267.66,189.53,78.14,,,1700.47,1510.95,2.18,190.00,266.00,1.14,19407796,2026-09-18T05:25:33Z
B,vacuum,layers_5,pread,128,1,1,0.00,100.00,902.88,792.99,201.18,591.81,,,1695.87,1494.69,2.06,144.00,235.00,1.14,19410132,2026-09-18T05:25:34Z
B,vacuum,layers_5,async,128,1,1,0.00,100.00,882.74,275.27,205.01,70.25,,,1158.01,952.99,2.05,144.00,233.00,1.14,19411004,2026-09-18T05:25:34Z
B,vacuum,layers_92,pread,128,1,1,0.00,100.00,553.20,7651.53,210.70,7440.83,,,8204.73,7994.03,2.09,143.00,234.00,1.14,19412032,2026-09-18T05:25:34Z
B,vacuum,layers_92,async,128,1,1,0.00,100.00,580.75,397.34,203.42,193.91,,,978.09,774.66,2.07,143.00,232.00,1.14,19412860,2026-09-18T05:25:34Z
B,vacuum,2d,pread,128,1,1,0.00,100.00,517.37,1389.36,204.54,1184.82,,,1906.73,1702.19,2.05,143.00,234.00,1.14,19413396,2026-09-18T05:25:35Z
B,vacuum,2d,async,128,1,1,0.00,100.00,552.22,282.51,205.69,76.82,,,834.73,629.04,2.08,143.00,232.00,1.14,19414008,2026-09-18T05:25:35Z
B,vacuum,2e_K10,pread,128,1,1,0.00,100.00,518.40,2214.21,199.91,2014.30,,,2732.61,2532.70,2.09,144.00,236.00,1.14,19403160,2026-09-18T05:25:35Z
B,vacuum,2e_K10,async,128,1,1,0.00,100.00,564.17,296.86,204.17,92.68,,,861.03,656.85,2.06,144.00,235.00,1.14,19416880,2026-09-18T05:25:36Z
B,vacuum,2e_K500,pread,128,1,1,0.00,100.00,182.35,13249.23,206.16,13043.07,,,13431.58,13225.42,1.62,4.00,229.00,1.14,19417308,2026-09-18T05:25:36Z
B,vacuum,2e_K500,async,128,1,1,0.00,100.00,181.96,1086.37,195.11,891.27,,,1268.33,1073.23,2.01,142.00,288.00,1.14,19417936,2026-09-18T05:25:36Z
B,vacuum,2f_slru,pread,128,1,1,0.00,100.00,100.65,23946.59,227.31,23719.29,,,24047.24,23819.94,1.59,0.00,214.00,1.14,19419100,2026-09-18T05:25:37Z
B,vacuum,2f_slru,async,128,1,1,0.00,100.00,99.40,5687.40,216.94,5470.47,,,5786.80,5569.87,1.62,0.00,214.00,1.14,19410216,2026-09-18T05:25:37Z
B,vacuum,leaf_freq_K10,pread,128,1,1,0.00,100.00,998.62,1041.47,136.54,904.93,,,2040.09,1903.55,2.08,145.00,233.00,1.14,19404788,2026-09-18T05:25:37Z
B,vacuum,leaf_freq_K10,async,128,1,1,0.00,100.00,988.95,271.28,196.38,74.90,,,1260.23,1063.85,2.06,145.00,233.00,1.12,19408332,2026-09-18T05:25:37Z
B,vacuum,leaf_rand_K10,pread,128,1,1,0.00,100.00,1013.66,1114.78,216.64,898.14,,,2128.44,1911.80,2.07,144.00,233.00,1.12,19408484,2026-09-18T05:25:38Z
B,vacuum,leaf_rand_K10,async,128,1,1,0.00,100.00,1069.80,299.76,220.18,79.58,,,1369.56,1149.38,2.07,144.00,233.00,1.12,19409364,2026-09-18T05:25:38Z
B,ta,layers_5,pread,128,1,1,0.00,100.00,514.55,451.40,202.04,249.36,,,965.95,763.91,2.19,190.00,269.00,1.12,19411648,2026-09-18T05:25:38Z
B,ta,layers_5,async,128,1,1,0.00,100.00,923.42,265.99,197.06,68.93,,,1189.41,992.35,2.22,190.00,267.00,1.12,19410108,2026-09-18T05:25:39Z
B,ta,layers_92,pread,128,1,1,0.00,100.00,581.33,1036.51,204.24,832.26,,,1617.84,1413.59,2.24,187.00,268.00,1.12,19410784,2026-09-18T05:25:39Z
B,ta,layers_92,async,128,1,1,0.00,100.00,559.95,372.45,196.15,176.30,,,932.40,736.25,2.19,189.00,267.00,1.12,19410168,2026-09-18T05:25:39Z
B,ta,2d,pread,128,1,1,0.00,100.00,541.26,996.85,201.18,795.68,,,1538.11,1336.94,2.23,188.00,267.00,1.12,19410524,2026-09-18T05:25:40Z
B,ta,2d,async,128,1,1,0.00,66.00,569.99,323.14,206.44,116.70,,,893.13,686.69,2.23,189.00,267.00,1.12,19411272,2026-09-18T05:25:40Z
B,ta,2e_K10,pread,128,1,1,0.00,100.00,507.80,2091.57,216.70,1874.88,,,2599.37,2382.68,2.18,189.00,268.00,1.12,19411260,2026-09-18T05:25:40Z
B,ta,2e_K10,async,128,1,1,0.00,100.00,538.75,351.63,217.95,133.68,,,890.38,672.43,2.22,190.00,268.00,1.12,19401224,2026-09-18T05:25:41Z
B,ta,2e_K500,pread,128,1,1,0.00,100.00,182.64,17700.22,203.56,17496.66,,,17882.86,17679.30,1.90,91.00,325.00,1.12,19402036,2026-09-18T05:25:41Z
B,ta,2e_K500,async,128,1,1,0.00,49.90,180.00,1018.84,206.34,812.50,,,1198.84,992.50,2.16,183.00,317.00,1.12,19400960,2026-09-18T05:25:41Z
B,ta,2f_slru,pread,128,1,1,0.00,100.00,271.52,28751.29,205.69,28545.60,,,29022.81,28817.12,1.61,0.00,279.00,1.12,19401348,2026-09-18T05:25:42Z
B,ta,2f_slru,async,128,1,1,0.00,100.00,95.80,7350.22,195.52,7154.70,,,7446.02,7250.50,1.61,0.00,279.00,1.12,19397924,2026-09-18T05:25:42Z
B,ta,leaf_freq_K10,pread,128,1,1,0.00,100.00,704.61,1098.53,204.21,894.31,,,1803.14,1598.92,2.18,191.00,269.00,1.12,19402052,2026-09-18T05:25:42Z
B,ta,leaf_freq_K10,async,128,1,1,0.00,100.00,704.90,276.87,202.17,74.70,,,981.77,779.60,2.22,191.00,269.00,1.11,19403092,2026-09-18T05:25:43Z
B,ta,leaf_rand_K10,pread,128,1,1,0.00,100.00,681.93,1097.32,203.63,893.69,,,1779.25,1575.62,2.20,190.00,268.00,1.11,19402856,2026-09-18T05:25:43Z
B,ta,leaf_rand_K10,async,128,1,1,0.00,100.00,674.91,265.35,192.00,73.35,,,940.26,748.26,2.21,190.00,268.00,1.11,19403056,2026-09-18T05:25:43Z
B,1gb,layers_5,pread,128,1,1,0.00,100.00,1092.07,674.06,200.08,473.98,,,1766.13,1566.05,2.21,187.00,261.00,1.11,19403944,2026-09-18T05:25:44Z
B,1gb,layers_5,async,128,1,1,0.00,100.00,1153.39,272.38,202.51,69.87,,,1425.77,1223.26,2.20,188.00,261.00,1.11,19404432,2026-09-18T05:25:44Z
B,1gb,layers_92,pread,128,1,1,0.00,100.00,858.04,8074.49,206.28,7868.21,,,8932.53,8726.25,2.19,187.00,267.00,1.11,19405876,2026-09-18T05:25:44Z
B,1gb,layers_92,async,128,1,1,0.00,100.00,788.18,405.03,196.00,209.03,,,1193.21,997.21,2.18,188.00,266.00,1.11,19406336,2026-09-18T05:25:45Z
B,1gb,2d,pread,128,1,1,0.00,100.00,526.06,2015.73,200.98,1814.75,,,2541.79,2340.81,2.22,186.00,268.00,1.11,19406124,2026-09-18T05:25:45Z
B,1gb,2d,async,128,1,1,0.00,100.00,515.81,286.69,202.70,83.99,,,802.50,599.80,2.21,187.00,267.00,1.11,19407652,2026-09-18T05:25:45Z
B,1gb,2e_K10,pread,128,1,1,0.00,100.00,576.59,3040.64,194.79,2845.85,,,3617.23,3422.44,2.20,187.00,268.00,1.11,19407452,2026-09-18T05:25:46Z
B,1gb,2e_K10,async,128,1,1,0.00,100.00,493.69,302.00,194.59,107.41,,,795.69,601.10,2.22,188.00,268.00,1.11,19398132,2026-09-18T05:25:46Z
B,1gb,2e_K500,pread,128,1,1,0.00,100.00,181.38,34141.02,236.03,33904.99,,,34322.40,34086.37,1.78,56.00,313.00,1.11,19398936,2026-09-18T05:25:46Z
B,1gb,2e_K500,async,128,1,1,0.00,100.00,182.75,1123.06,234.05,889.01,,,1305.81,1071.76,2.18,186.00,319.00,1.11,19398856,2026-09-18T05:25:47Z
B,1gb,2f_slru,pread,128,1,1,0.00,100.00,98.78,19041.74,206.67,18835.07,,,19140.52,18933.85,1.61,0.00,280.00,1.11,19399496,2026-09-18T05:25:47Z
B,1gb,2f_slru,async,128,1,1,0.00,100.00,102.71,7456.90,194.70,7262.20,,,7559.61,7364.91,1.62,0.00,280.00,1.11,19400024,2026-09-18T05:25:47Z
B,1gb,leaf_freq_K10,pread,128,1,1,0.00,100.00,1186.66,1069.85,201.70,868.15,,,2256.51,2054.81,2.21,188.00,262.00,1.10,19400224,2026-09-18T05:25:48Z
B,1gb,leaf_freq_K10,async,128,1,1,0.00,100.00,1286.72,281.10,205.13,75.96,,,1567.82,1362.68,2.22,188.00,262.00,1.10,19399952,2026-09-18T05:25:48Z
B,1gb,leaf_rand_K10,pread,128,1,1,0.00,100.00,1369.46,1032.90,203.06,829.84,,,2402.36,2199.30,2.25,188.00,261.00,1.10,19399668,2026-09-18T05:25:48Z
B,1gb,leaf_rand_K10,async,128,1,1,0.00,100.00,1238.29,276.99,197.02,79.97,,,1515.28,1318.26,2.20,188.00,261.00,1.10,19399968,2026-09-18T05:25:49Z
C,vacuum,layers_5,pread,128,1,1,0.00,100.00,1060.25,790.70,202.91,587.78,,,1850.95,1648.03,1.52,12.00,29.00,1.10,19400384,2026-09-18T05:25:49Z
C,vacuum,layers_5,async,128,1,1,0.00,100.00,984.60,273.83,203.19,70.64,,,1258.43,1055.24,1.51,12.00,29.00,1.10,19401224,2026-09-18T05:25:49Z
C,vacuum,layers_92,pread,128,1,1,0.00,100.00,674.28,7541.46,202.35,7339.11,,,8215.74,8013.39,1.52,12.00,31.00,1.10,19400620,2026-09-18T05:25:49Z
C,vacuum,layers_92,async,128,1,1,0.00,100.00,661.93,391.66,206.27,185.39,,,1053.59,847.32,1.53,12.00,31.00,1.10,19401080,2026-09-18T05:25:50Z
C,vacuum,2d,pread,128,1,1,0.00,100.00,600.34,621.23,203.54,417.69,,,1221.57,1018.03,1.52,12.00,31.00,1.10,19402124,2026-09-18T05:25:50Z
C,vacuum,2d,async,128,1,1,0.00,100.00,636.87,276.29,204.96,71.33,,,913.16,708.20,1.53,12.00,31.00,1.10,19402424,2026-09-18T05:25:50Z
C,vacuum,2e_K10,pread,128,1,1,0.00,100.00,179.38,1395.17,205.87,1189.31,,,1574.55,1368.69,1.52,12.00,35.00,1.10,19402812,2026-09-18T05:25:50Z
C,vacuum,2e_K10,async,128,1,1,0.00,92.90,177.91,285.14,204.88,80.26,,,463.05,258.17,1.53,12.00,33.00,1.10,19403244,2026-09-18T05:25:51Z
C,vacuum,2e_K500,pread,128,1,1,0.00,100.00,180.55,2240.74,202.57,2038.17,,,2421.29,2218.72,1.50,0.00,30.00,1.10,19403632,2026-09-18T05:25:51Z
C,vacuum,2e_K500,async,128,1,1,0.00,47.90,180.40,662.63,200.74,461.89,,,843.03,642.29,1.48,0.00,30.00,1.10,19390284,2026-09-18T05:25:51Z
C,vacuum,2f_slru,pread,128,1,1,0.00,100.00,91.66,3152.66,190.04,2962.62,,,3244.32,3054.28,1.49,0.00,30.00,1.10,19387052,2026-09-18T05:25:51Z
C,vacuum,2f_slru,async,128,1,1,0.00,100.00,100.59,777.30,189.26,588.04,,,877.89,688.63,1.48,0.00,30.00,1.10,19386540,2026-09-18T05:25:52Z
C,vacuum,leaf_freq_K10,pread,128,1,1,0.00,100.00,792.73,755.53,204.34,551.19,,,1548.26,1343.92,1.52,12.00,33.00,1.10,19383816,2026-09-18T05:25:52Z
C,vacuum,leaf_freq_K10,async,128,1,1,0.00,100.00,793.13,273.77,199.81,73.97,,,1066.90,867.10,1.52,12.00,31.00,1.10,19399804,2026-09-18T05:25:52Z
C,vacuum,leaf_rand_K10,pread,128,1,1,0.00,100.00,1150.54,951.77,202.81,748.96,,,2102.31,1899.50,1.53,12.00,29.00,1.10,19399684,2026-09-18T05:25:52Z
C,vacuum,leaf_rand_K10,async,128,1,1,0.00,100.00,1150.18,266.27,193.15,73.12,,,1416.45,1223.30,1.52,12.00,29.00,1.10,19400836,2026-09-18T05:25:53Z
C,ta,layers_5,pread,128,1,1,0.00,100.00,779.36,450.94,204.72,246.21,,,1230.30,1025.57,1.59,19.00,30.00,1.10,19402216,2026-09-18T05:25:53Z
C,ta,layers_5,async,128,1,1,0.00,100.00,791.04,275.62,206.33,69.29,,,1066.66,860.33,1.59,19.00,30.00,1.10,19406268,2026-09-18T05:25:53Z
C,ta,layers_92,pread,128,1,1,0.00,100.00,383.39,1022.71,201.91,820.80,,,1406.10,1204.19,1.59,18.00,31.00,1.10,19406816,2026-09-18T05:25:54Z
C,ta,layers_92,async,128,1,1,0.00,33.70,441.10,367.62,203.49,164.13,,,808.72,605.23,1.61,18.00,31.00,1.10,19407648,2026-09-18T05:25:54Z
C,ta,2d,pread,128,1,1,0.00,100.00,421.59,1031.53,205.42,826.11,,,1453.12,1247.70,1.59,18.00,31.00,1.10,19408620,2026-09-18T05:25:54Z
C,ta,2d,async,128,1,1,0.00,64.60,447.74,312.07,195.49,116.58,,,759.81,564.32,1.59,18.00,31.00,1.10,19407360,2026-09-18T05:25:54Z
C,ta,2e_K10,pread,128,1,1,0.00,100.00,180.17,1607.63,201.54,1406.09,,,1787.80,1586.26,1.58,17.00,33.00,1.10,19408108,2026-09-18T05:25:55Z
C,ta,2e_K10,async,128,1,1,0.00,62.10,180.41,332.40,204.33,128.07,,,512.81,308.48,1.60,17.00,32.00,1.10,19409472,2026-09-18T05:25:55Z
C,ta,2e_K500,pread,128,1,1,0.00,100.00,178.88,3650.55,200.41,3450.15,,,3829.43,3629.03,1.53,0.00,38.00,1.10,19409240,2026-09-18T05:25:55Z
C,ta,2e_K500,async,128,1,1,0.00,100.00,181.61,790.35,200.60,589.75,,,971.96,771.36,1.53,0.00,38.00,1.10,19411900,2026-09-18T05:25:55Z
C,ta,2f_slru,pread,128,1,1,0.00,100.00,95.17,3603.34,202.95,3400.38,,,3698.51,3495.55,1.52,0.00,38.00,1.10,19412212,2026-09-18T05:25:56Z
C,ta,2f_slru,async,128,1,1,0.00,100.00,94.15,1027.30,204.53,822.77,,,1121.45,916.92,1.56,0.00,38.00,1.10,19412612,2026-09-18T05:25:56Z
C,ta,leaf_freq_K10,pread,128,1,1,0.00,100.00,879.06,903.94,206.34,697.60,,,1783.00,1576.66,1.62,18.00,32.00,1.10,19412620,2026-09-18T05:25:56Z
C,ta,leaf_freq_K10,async,128,1,1,0.00,100.00,927.43,281.46,205.96,75.50,,,1208.89,1002.93,1.61,18.00,31.00,1.10,19396916,2026-09-18T05:25:56Z
C,ta,leaf_rand_K10,pread,128,1,1,0.00,100.00,796.34,1103.65,200.51,903.15,,,1899.99,1699.49,1.61,19.00,30.00,1.10,19398228,2026-09-18T05:25:57Z
C,ta,leaf_rand_K10,async,128,1,1,0.00,100.00,794.28,278.11,201.08,77.03,,,1072.39,871.31,1.60,19.00,30.00,1.10,19402208,2026-09-18T05:25:57Z
C,1gb,layers_5,pread,128,1,1,0.00,100.00,1069.53,585.94,200.04,385.90,,,1655.47,1455.43,1.68,40.00,51.00,1.10,19403492,2026-09-18T05:25:57Z
C,1gb,layers_5,async,128,1,1,0.00,100.00,1098.02,268.86,200.27,68.59,,,1366.88,1166.61,1.68,40.00,51.00,1.17,19392692,2026-09-18T05:25:58Z
C,1gb,layers_92,pread,128,1,1,0.00,100.00,1205.10,7967.38,201.71,7765.67,,,9172.48,8970.77,1.69,38.00,54.00,1.17,19394792,2026-09-18T05:25:58Z
C,1gb,layers_92,async,128,1,1,0.00,100.00,1152.30,1725.58,1084.11,641.47,,,2877.88,1793.77,1.71,38.00,54.00,1.17,19396612,2026-09-18T05:25:58Z
C,1gb,2d,pread,128,1,1,0.00,100.00,515.79,910.68,198.53,712.15,,,1426.47,1227.94,1.69,37.00,59.00,1.17,19395720,2026-09-18T05:25:58Z
C,1gb,2d,async,128,1,1,0.00,100.00,490.16,269.23,196.33,72.90,,,759.39,563.06,1.69,37.00,59.00,1.17,19396336,2026-09-18T05:25:59Z
C,1gb,2e_K10,pread,128,1,1,0.00,100.00,180.69,1779.43,202.28,1577.14,,,1960.12,1757.83,1.67,36.00,66.00,1.17,19397388,2026-09-18T05:25:59Z
C,1gb,2e_K10,async,128,1,1,0.00,100.00,145.64,283.70,197.91,85.79,,,429.34,231.43,1.67,36.00,66.00,1.17,19398444,2026-09-18T05:25:59Z
C,1gb,2e_K500,pread,128,1,1,0.00,100.00,175.62,4739.66,200.51,4539.15,,,4915.28,4714.77,1.56,1.00,67.00,1.17,19399896,2026-09-18T05:26:00Z
C,1gb,2e_K500,async,128,1,1,0.00,100.00,178.22,914.59,193.88,720.72,,,1092.81,898.94,1.66,37.00,106.00,1.17,19399396,2026-09-18T05:26:00Z
C,1gb,2f_slru,pread,128,1,1,0.00,100.00,96.01,7608.09,562.37,7045.73,,,7704.10,7141.74,1.55,0.00,64.00,1.17,19396260,2026-09-18T05:26:00Z
C,1gb,2f_slru,async,128,1,1,0.00,100.00,95.70,1897.19,212.70,1684.49,,,1992.89,1780.19,1.56,0.00,64.00,1.17,19397276,2026-09-18T05:26:00Z
C,1gb,leaf_freq_K10,pread,128,1,1,0.00,100.00,925.95,1097.98,200.33,897.66,,,2023.93,1823.61,1.67,38.00,63.00,1.17,19397228,2026-09-18T05:26:01Z
C,1gb,leaf_freq_K10,async,128,1,1,0.00,100.00,850.28,276.38,202.12,74.26,,,1126.66,924.54,1.69,38.00,63.00,1.17,19395788,2026-09-18T05:26:01Z
C,1gb,leaf_rand_K10,pread,128,1,1,0.00,100.00,1248.03,1042.41,202.31,840.10,,,2290.44,2088.13,1.70,40.00,51.00,1.17,19397204,2026-09-18T05:26:01Z
C,1gb,leaf_rand_K10,async,128,1,1,0.00,100.00,1221.98,277.66,203.15,74.51,,,1499.64,1296.49,1.72,40.00,51.00,1.17,19396540,2026-09-18T05:26:02Z
A,vacuum,baseline,baseline,128,2,0,0.00,0.00,962.02,0.00,0.00,0.00,,,962.02,962.02,2.02,148.00,212.00,1.17,19390204,2026-09-18T05:26:02Z
A,ta,baseline,baseline,128,2,0,0.00,0.00,1130.42,0.00,0.00,0.00,,,1130.42,1130.42,2.17,189.00,259.00,1.17,19390764,2026-09-18T05:26:02Z
A,1gb,baseline,baseline,128,2,0,0.00,0.00,1573.23,0.00,0.00,0.00,,,1573.23,1573.23,2.17,190.00,267.00,1.15,19391116,2026-09-18T05:26:03Z
B,vacuum,baseline,baseline,128,2,0,0.00,0.00,996.96,0.00,0.00,0.00,,,996.96,996.96,2.07,144.00,233.00,1.15,19393188,2026-09-18T05:26:03Z
B,ta,baseline,baseline,128,2,0,0.00,0.00,675.76,0.00,0.00,0.00,,,675.76,675.76,2.16,190.00,268.00,1.15,19394796,2026-09-18T05:26:03Z
B,1gb,baseline,baseline,128,2,0,0.00,0.00,1147.10,0.00,0.00,0.00,,,1147.10,1147.10,2.19,188.00,262.00,1.15,19394152,2026-09-18T05:26:04Z
C,vacuum,baseline,baseline,128,2,0,0.00,0.00,1137.44,0.00,0.00,0.00,,,1137.44,1137.44,1.53,12.00,29.00,1.15,19396492,2026-09-18T05:26:04Z
C,ta,baseline,baseline,128,2,0,0.00,0.00,819.83,0.00,0.00,0.00,,,819.83,819.83,1.60,19.00,30.00,1.15,19395604,2026-09-18T05:26:04Z
C,1gb,baseline,baseline,128,2,0,0.00,0.00,1167.84,0.00,0.00,0.00,,,1167.84,1167.84,1.69,40.00,52.00,1.15,19396072,2026-09-18T05:26:04Z
A,vacuum,layers_5,pread,128,2,0,0.00,100.00,843.86,783.05,197.86,585.19,,,1626.91,1429.05,2.08,149.00,214.00,1.15,19398292,2026-09-18T05:26:05Z
A,vacuum,layers_5,async,128,2,0,0.00,100.00,932.49,265.09,195.52,69.57,,,1197.58,1002.06,2.01,150.00,212.00,1.15,19398768,2026-09-18T05:26:05Z
A,vacuum,layers_92,pread,128,2,0,0.00,100.00,408.86,7591.95,195.06,7396.90,,,8000.81,7805.76,1.99,145.00,225.00,1.15,19401148,2026-09-18T05:26:05Z
A,vacuum,layers_92,async,128,2,0,0.00,100.00,413.54,372.77,195.92,176.85,,,786.31,590.39,2.01,146.00,223.00,1.15,19401684,2026-09-18T05:26:06Z
A,vacuum,2d,pread,128,2,0,0.00,100.00,406.57,1382.03,196.17,1185.86,,,1788.60,1592.43,2.00,145.00,225.00,1.15,19401440,2026-09-18T05:26:06Z
A,vacuum,2d,async,128,2,0,0.00,100.00,404.62,499.23,419.20,80.03,,,903.85,484.65,2.07,146.00,223.00,1.15,19400464,2026-09-18T05:26:06Z
A,vacuum,2e_K10,pread,128,2,0,0.00,100.00,409.38,2184.41,194.64,1989.77,,,2593.79,2399.15,2.01,147.00,229.00,1.15,19400536,2026-09-18T05:26:07Z
A,vacuum,2e_K10,async,128,2,0,0.00,100.00,412.99,286.75,195.67,91.08,,,699.74,504.07,2.01,148.00,227.00,1.15,19395792,2026-09-18T05:26:07Z
A,vacuum,2e_K500,pread,128,2,0,0.00,100.00,452.76,16390.03,195.84,16194.19,,,16842.79,16646.95,1.91,126.00,422.00,1.15,19404172,2026-09-18T05:26:07Z
A,vacuum,2e_K500,async,128,2,0,0.00,33.20,399.71,939.09,196.02,743.07,,,1338.80,1142.78,1.98,145.00,333.00,1.14,19405560,2026-09-18T05:26:07Z
A,vacuum,2f_slru,pread,128,2,0,0.00,100.00,2862.20,23234.73,199.09,23035.64,,,26096.93,25897.84,1.58,0.00,214.00,1.14,19405556,2026-09-18T05:26:08Z
A,vacuum,2f_slru,async,128,2,0,0.00,100.00,98.06,5582.78,195.35,5387.43,,,5680.84,5485.49,1.56,0.00,214.00,1.14,19406076,2026-09-18T05:26:08Z
A,vacuum,leaf_freq_K10,pread,128,2,0,0.00,100.00,988.72,1125.32,193.54,931.77,,,2114.04,1920.49,2.02,149.00,217.00,1.14,19406448,2026-09-18T05:26:08Z
A,vacuum,leaf_freq_K10,async,128,2,0,0.00,100.00,958.99,269.82,194.34,75.48,,,1228.81,1034.47,2.02,149.00,217.00,1.14,19406672,2026-09-18T05:26:09Z
A,vacuum,leaf_rand_K10,pread,128,2,0,0.00,100.00,985.48,1092.87,192.74,900.13,,,2078.35,1885.61,2.04,148.00,212.00,1.14,19407004,2026-09-18T05:26:09Z
A,vacuum,leaf_rand_K10,async,128,2,0,0.00,100.00,996.73,870.33,512.73,357.59,,,1867.06,1354.32,2.03,148.00,212.00,1.14,19407468,2026-09-18T05:26:09Z
A,ta,layers_5,pread,128,2,0,0.00,100.00,967.66,448.62,195.54,253.09,,,1416.28,1220.75,2.16,189.00,259.00,1.14,19408112,2026-09-18T05:26:10Z
A,ta,layers_5,async,128,2,0,0.00,100.00,1049.52,262.90,194.28,68.63,,,1312.42,1118.15,2.15,189.00,259.00,1.14,19408060,2026-09-18T05:26:10Z
A,ta,layers_92,pread,128,2,0,0.00,100.00,599.08,1019.14,196.19,822.95,,,1618.22,1422.03,2.16,186.00,260.00,1.14,19408740,2026-09-18T05:26:10Z
A,ta,layers_92,async,128,2,0,0.00,100.00,563.08,373.32,194.87,178.46,,,936.40,741.54,2.16,188.00,259.00,1.14,19409808,2026-09-18T05:26:10Z
A,ta,2d,pread,128,2,0,0.00,100.00,1270.52,962.78,196.24,766.54,,,2233.30,2037.06,2.19,187.00,260.00,1.14,19410300,2026-09-18T05:26:11Z
A,ta,2d,async,128,2,0,0.00,66.00,592.46,309.84,194.93,114.92,,,902.30,707.38,2.13,188.00,259.00,1.14,19409712,2026-09-18T05:26:11Z
A,ta,2e_K10,pread,128,2,0,0.00,100.00,564.34,2096.83,195.71,1901.12,,,2661.17,2465.46,2.11,188.00,269.00,1.14,19410828,2026-09-18T05:26:11Z
A,ta,2e_K10,async,128,2,0,0.00,100.00,575.28,328.56,197.56,131.00,,,903.84,706.28,2.23,189.00,268.00,1.14,19412356,2026-09-18T05:26:12Z
A,ta,2e_K500,pread,128,2,0,0.00,100.00,590.57,17762.66,184.92,17577.74,,,18353.23,18168.31,1.77,72.00,328.00,1.14,19395368,2026-09-18T05:26:12Z
A,ta,2e_K500,async,128,2,0,0.00,53.70,638.71,976.45,187.80,788.64,,,1615.16,1427.35,2.14,192.00,385.00,1.13,19400372,2026-09-18T05:26:12Z
A,ta,2f_slru,pread,128,2,0,0.00,100.00,96.20,17058.51,187.20,16871.31,,,17154.71,16967.51,1.56,0.00,279.00,1.13,19411392,2026-09-18T05:26:13Z
A,ta,2f_slru,async,128,2,0,0.00,100.00,99.14,7322.55,184.81,7137.74,,,7421.69,7236.88,1.57,0.00,279.00,1.13,19409616,2026-09-18T05:26:13Z
A,ta,leaf_freq_K10,pread,128,2,0,0.00,100.00,916.81,1145.98,190.41,955.58,,,2062.79,1872.39,2.30,190.00,268.00,1.13,19415224,2026-09-18T05:26:13Z
A,ta,leaf_freq_K10,async,128,2,0,0.00,100.00,1102.42,258.90,184.20,74.70,,,1361.32,1177.12,2.11,190.00,268.00,1.13,19419356,2026-09-18T05:26:14Z
A,ta,leaf_rand_K10,pread,128,2,0,0.00,100.00,988.36,1056.38,188.15,868.22,,,2044.74,1856.58,2.15,189.00,259.00,1.13,19419184,2026-09-18T05:26:14Z
A,ta,leaf_rand_K10,async,128,2,0,0.00,100.00,1133.30,263.10,187.23,75.86,,,1396.40,1209.16,2.19,189.00,259.00,1.13,19424076,2026-09-18T05:26:14Z
A,1gb,layers_5,pread,128,2,0,0.00,100.00,1424.85,691.51,185.19,506.32,,,2116.36,1931.17,2.17,189.00,269.00,1.13,19425992,2026-09-18T05:26:15Z
A,1gb,layers_5,async,128,2,0,0.00,100.00,1328.28,254.02,185.00,69.02,,,1582.30,1397.30,2.11,190.00,268.00,1.13,19426792,2026-09-18T05:26:15Z
A,1gb,layers_92,pread,128,2,0,0.00,100.00,1002.98,10478.91,185.66,10293.25,,,11481.89,11296.23,2.26,189.00,274.00,1.13,19428116,2026-09-18T05:26:15Z
A,1gb,layers_92,async,128,2,0,0.00,100.00,1012.79,395.46,186.98,208.48,,,1408.25,1221.27,2.20,190.00,272.00,1.13,19427424,2026-09-18T05:26:16Z
A,1gb,2d,pread,128,2,0,0.00,100.00,574.46,1991.74,184.78,1806.97,,,2566.20,2381.43,2.16,188.00,275.00,1.13,19429924,2026-09-18T05:26:16Z
A,1gb,2d,async,128,2,0,0.00,100.00,612.09,276.90,188.02,88.88,,,888.99,700.97,2.22,189.00,273.00,1.13,19429692,2026-09-18T05:26:16Z
A,1gb,2e_K10,pread,128,2,0,0.00,100.00,643.11,3014.90,187.68,2827.22,,,3658.01,3470.33,2.16,189.00,288.00,1.13,19429664,2026-09-18T05:26:17Z
A,1gb,2e_K10,async,128,2,0,0.00,100.00,578.34,294.25,187.51,106.74,,,872.59,685.08,2.18,190.00,286.00,1.13,19429784,2026-09-18T05:26:17Z
A,1gb,2e_K500,pread,128,2,0,0.00,100.00,182.48,29752.14,187.71,29564.42,,,29934.62,29746.90,1.75,53.00,324.00,1.20,19431072,2026-09-18T05:26:17Z
A,1gb,2e_K500,async,128,2,0,0.00,100.00,704.70,1036.11,197.14,838.97,,,1740.81,1543.67,2.13,194.00,397.00,1.20,19435116,2026-09-18T05:26:18Z
A,1gb,2f_slru,pread,128,2,0,0.00,100.00,98.94,18788.69,186.46,18602.23,,,18887.63,18701.17,1.56,0.00,280.00,1.20,19425252,2026-09-18T05:26:18Z
A,1gb,2f_slru,async,128,2,0,0.00,100.00,96.71,7449.98,186.31,7263.67,,,7546.69,7360.38,1.58,0.00,280.00,1.20,19423960,2026-09-18T05:26:18Z
A,1gb,leaf_freq_K10,pread,128,2,0,0.00,100.00,1457.22,1113.30,185.76,927.54,,,2570.52,2384.76,2.15,189.00,280.00,1.20,19427044,2026-09-18T05:26:19Z
A,1gb,leaf_freq_K10,async,128,2,0,0.00,100.00,1540.79,264.54,185.92,78.62,,,1805.33,1619.41,2.18,189.00,280.00,1.20,19427556,2026-09-18T05:26:19Z
A,1gb,leaf_rand_K10,pread,128,2,0,0.00,100.00,1534.23,1085.43,186.74,898.69,,,2619.66,2432.92,2.17,190.00,266.00,1.20,19428120,2026-09-18T05:26:19Z
A,1gb,leaf_rand_K10,async,128,2,0,0.00,100.00,1422.68,264.57,187.63,76.93,,,1687.25,1499.61,2.14,190.00,266.00,1.20,19427576,2026-09-18T05:26:20Z
B,vacuum,layers_5,pread,128,2,0,0.00,100.00,866.15,770.63,185.08,585.55,,,1636.78,1451.70,2.04,144.00,235.00,1.20,19429108,2026-09-18T05:26:20Z
B,vacuum,layers_5,async,128,2,0,0.00,100.00,962.16,257.18,187.08,70.10,,,1219.34,1032.26,2.09,144.00,233.00,1.20,19428788,2026-09-18T05:26:20Z
B,vacuum,layers_92,pread,128,2,0,0.00,100.00,551.63,7596.36,186.78,7409.58,,,8147.99,7961.21,2.05,143.00,234.00,1.20,19428392,2026-09-18T05:26:21Z
B,vacuum,layers_92,async,128,2,0,0.00,100.00,514.85,373.50,188.59,184.91,,,888.35,699.76,2.10,143.00,232.00,1.20,19428720,2026-09-18T05:26:21Z
B,vacuum,2d,pread,128,2,0,0.00,100.00,519.13,1371.77,187.17,1184.60,,,1890.90,1703.73,2.05,143.00,234.00,1.20,19426984,2026-09-18T05:26:21Z
B,vacuum,2d,async,128,2,0,0.00,100.00,553.48,263.50,186.40,77.09,,,816.98,630.57,2.07,143.00,232.00,1.20,19426908,2026-09-18T05:26:21Z
B,vacuum,2e_K10,pread,128,2,0,0.00,100.00,552.38,2328.19,185.37,2142.82,,,2880.57,2695.20,2.06,144.00,236.00,1.20,19427320,2026-09-18T05:26:22Z
B,vacuum,2e_K10,async,128,2,0,0.00,100.00,482.75,273.99,185.79,88.20,,,756.74,570.95,2.11,144.00,235.00,1.20,19426296,2026-09-18T05:26:22Z
B,vacuum,2e_K500,pread,128,2,0,0.00,100.00,180.79,17455.91,190.91,17265.00,,,17636.70,17445.79,1.65,4.00,229.00,1.18,19425316,2026-09-18T05:26:22Z
B,vacuum,2e_K500,async,128,2,0,0.00,24.80,184.39,897.91,187.09,710.82,,,1082.30,895.21,2.04,142.00,283.00,1.18,19414532,2026-09-18T05:26:23Z
B,vacuum,2f_slru,pread,128,2,0,0.00,100.00,95.09,13780.36,184.94,13595.42,,,13875.45,13690.51,1.57,0.00,214.00,1.18,19414964,2026-09-18T05:26:23Z
B,vacuum,2f_slru,async,128,2,0,0.00,100.00,97.75,5677.57,185.86,5491.72,,,5775.32,5589.47,1.63,0.00,214.00,1.18,19415640,2026-09-18T05:26:23Z
B,vacuum,leaf_freq_K10,pread,128,2,0,0.00,100.00,1008.83,1119.20,188.91,930.29,,,2128.03,1939.12,2.07,145.00,233.00,1.18,19415152,2026-09-18T05:26:24Z
B,vacuum,leaf_freq_K10,async,128,2,0,0.00,100.00,1094.99,260.02,185.96,74.06,,,1355.01,1169.05,2.08,145.00,233.00,1.18,19415128,2026-09-18T05:26:24Z
B,vacuum,leaf_rand_K10,pread,128,2,0,0.00,100.00,958.15,1045.12,186.90,858.22,,,2003.27,1816.37,2.06,144.00,233.00,1.18,19416492,2026-09-18T05:26:24Z
B,vacuum,leaf_rand_K10,async,128,2,0,0.00,100.00,1009.59,260.05,185.66,74.39,,,1269.64,1083.98,2.06,144.00,233.00,1.18,19416700,2026-09-18T05:26:24Z
B,ta,layers_5,pread,128,2,0,0.00,100.00,511.57,437.28,188.04,249.24,,,948.85,760.81,2.21,190.00,269.00,1.18,19417360,2026-09-18T05:26:25Z
B,ta,layers_5,async,128,2,0,0.00,100.00,992.04,253.96,185.93,68.03,,,1246.00,1060.07,2.30,190.00,267.00,1.18,19416704,2026-09-18T05:26:25Z
B,ta,layers_92,pread,128,2,0,0.00,100.00,569.06,1001.67,184.43,817.25,,,1570.73,1386.31,2.20,187.00,268.00,1.18,19418248,2026-09-18T05:26:25Z
B,ta,layers_92,async,128,2,0,0.00,100.00,563.21,355.73,185.89,169.84,,,918.94,733.05,2.14,189.00,267.00,1.18,19418204,2026-09-18T05:26:26Z
B,ta,2d,pread,128,2,0,0.00,100.00,540.95,980.79,186.90,793.89,,,1521.74,1334.84,2.22,188.00,267.00,1.18,19418744,2026-09-18T05:26:26Z
B,ta,2d,async,128,2,0,0.00,53.20,536.70,307.49,189.11,118.38,,,844.19,655.08,2.26,189.00,267.00,1.18,19418980,2026-09-18T05:26:26Z
B,ta,2e_K10,pread,128,2,0,0.00,100.00,577.50,2155.91,187.32,1968.59,,,2733.41,2546.09,2.21,189.00,268.00,1.18,19421940,2026-09-18T05:26:27Z
B,ta,2e_K10,async,128,2,0,0.00,71.90,502.34,317.12,187.33,129.78,,,819.46,632.12,2.21,190.00,268.00,1.18,19422208,2026-09-18T05:26:27Z
B,ta,2e_K500,pread,128,2,0,0.00,100.00,180.49,36671.44,275.72,36395.72,,,36851.93,36576.21,1.94,91.00,326.00,1.17,19422348,2026-09-18T05:26:27Z
B,ta,2e_K500,async,128,2,0,0.00,45.20,181.64,993.32,185.18,808.14,,,1174.96,989.78,2.18,183.00,318.00,1.17,19421728,2026-09-18T05:26:28Z
B,ta,2f_slru,pread,128,2,0,0.00,100.00,95.77,17834.29,183.13,17651.16,,,17930.06,17746.93,1.61,0.00,279.00,1.17,19403680,2026-09-18T05:26:28Z
B,ta,2f_slru,async,128,2,0,0.00,100.00,97.34,7535.37,189.32,7346.05,,,7632.71,7443.39,1.64,0.00,279.00,1.17,19401932,2026-09-18T05:26:28Z
B,ta,leaf_freq_K10,pread,128,2,0,0.00,100.00,703.17,1047.72,184.94,862.78,,,1750.89,1565.95,2.17,191.00,269.00,1.17,19405280,2026-09-18T05:26:29Z
B,ta,leaf_freq_K10,async,128,2,0,0.00,100.00,721.99,261.15,187.58,73.57,,,983.14,795.56,2.27,191.00,269.00,1.17,19405756,2026-09-18T05:26:29Z
B,ta,leaf_rand_K10,pread,128,2,0,0.00,100.00,716.74,1109.22,185.55,923.67,,,1825.96,1640.41,2.22,190.00,268.00,1.17,19409920,2026-09-18T05:26:29Z
B,ta,leaf_rand_K10,async,128,2,0,0.00,100.00,785.60,257.77,187.70,70.07,,,1043.37,855.67,2.22,190.00,268.00,1.17,19409216,2026-09-18T05:26:30Z
B,1gb,layers_5,pread,128,2,0,0.00,100.00,1093.71,731.01,188.38,542.63,,,1824.72,1636.34,2.27,187.00,261.00,1.17,19409356,2026-09-18T05:26:30Z
B,1gb,layers_5,async,128,2,0,0.00,100.00,1211.83,257.05,187.77,69.28,,,1468.88,1281.11,2.20,188.00,261.00,1.17,19411840,2026-09-18T05:26:30Z
B,1gb,layers_92,pread,128,2,0,0.00,100.00,853.05,8039.01,187.96,7851.05,,,8892.06,8704.10,2.17,187.00,267.00,1.17,19412224,2026-09-18T05:26:31Z
B,1gb,layers_92,async,128,2,0,0.00,100.00,895.52,376.66,187.33,189.33,,,1272.18,1084.85,2.27,188.00,266.00,1.17,19412524,2026-09-18T05:26:31Z
B,1gb,2d,pread,128,2,0,0.00,100.00,483.46,2132.83,187.14,1945.69,,,2616.29,2429.15,2.20,186.00,268.00,1.17,19413048,2026-09-18T05:26:31Z
B,1gb,2d,async,128,2,0,0.00,100.00,497.32,272.85,185.04,87.81,,,770.17,585.13,2.20,187.00,267.00,1.17,19414472,2026-09-18T05:26:32Z
B,1gb,2e_K10,pread,128,2,0,0.00,100.00,491.29,2971.98,190.67,2781.31,,,3463.27,3272.60,2.24,187.00,268.00,1.17,19414428,2026-09-18T05:26:32Z
B,1gb,2e_K10,async,128,2,0,0.00,100.00,485.52,290.48,186.42,104.06,,,776.00,589.58,2.18,188.00,268.00,1.16,19414796,2026-09-18T05:26:32Z
B,1gb,2e_K500,pread,128,2,0,0.00,100.00,182.69,19402.80,228.02,19174.78,,,19585.49,19357.47,1.76,56.00,313.00,1.16,19415288,2026-09-18T05:26:33Z
B,1gb,2e_K500,async,128,2,0,0.00,100.00,153.68,1094.68,230.10,864.58,,,1248.36,1018.26,2.28,186.00,318.00,1.16,19434776,2026-09-18T05:26:33Z
B,1gb,2f_slru,pread,128,2,0,0.00,100.00,96.61,18921.05,229.51,18691.54,,,19017.66,18788.15,1.61,0.00,280.00,1.16,19431612,2026-09-18T05:26:33Z
B,1gb,2f_slru,async,128,2,0,0.00,100.00,101.44,7473.16,228.50,7244.66,,,7574.60,7346.10,1.63,0.00,280.00,1.16,19427820,2026-09-18T05:26:34Z
B,1gb,leaf_freq_K10,pread,128,2,0,0.00,100.00,1237.57,1156.94,223.18,933.76,,,2394.51,2171.33,2.22,188.00,262.00,1.16,19430876,2026-09-18T05:26:34Z
B,1gb,leaf_freq_K10,async,128,2,0,0.00,100.00,1250.38,303.66,229.02,74.64,,,1554.04,1325.02,2.20,188.00,262.00,1.16,19432800,2026-09-18T05:26:34Z
B,1gb,leaf_rand_K10,pread,128,2,0,0.00,100.00,1113.34,1116.07,228.52,887.55,,,2229.41,2000.89,2.14,188.00,261.00,1.16,19433276,2026-09-18T05:26:35Z
B,1gb,leaf_rand_K10,async,128,2,0,0.00,100.00,1369.83,304.20,227.49,76.72,,,1674.03,1446.55,2.22,188.00,261.00,1.16,19433596,2026-09-18T05:26:35Z
C,vacuum,layers_5,pread,128,2,0,0.00,100.00,1070.00,815.45,229.52,585.93,,,1885.45,1655.93,1.54,12.00,29.00,1.16,19433960,2026-09-18T05:26:35Z
C,vacuum,layers_5,async,128,2,0,0.00,100.00,918.49,296.34,227.16,69.18,,,1214.83,987.67,1.51,12.00,29.00,1.16,19432132,2026-09-18T05:26:36Z
C,vacuum,layers_92,pread,128,2,0,0.00,100.00,628.01,7600.19,226.42,7373.77,,,8228.20,8001.78,1.51,12.00,31.00,1.16,19431112,2026-09-18T05:26:36Z
C,vacuum,layers_92,async,128,2,0,0.00,100.00,633.79,407.19,229.05,178.13,,,1040.98,811.92,1.53,12.00,31.00,1.16,19432708,2026-09-18T05:26:36Z
C,vacuum,2d,pread,128,2,0,0.00,100.00,659.69,645.32,228.18,417.14,,,1305.01,1076.83,1.53,12.00,31.00,1.16,19433192,2026-09-18T05:26:36Z
C,vacuum,2d,async,128,2,0,0.00,100.00,588.59,294.27,226.74,67.54,,,882.86,656.13,1.53,12.00,31.00,1.16,19433580,2026-09-18T05:26:37Z
C,vacuum,2e_K10,pread,128,2,0,0.00,100.00,176.11,1501.07,230.88,1270.19,,,1677.18,1446.30,1.56,12.00,35.00,1.16,19430788,2026-09-18T05:26:37Z
C,vacuum,2e_K10,async,128,2,0,0.00,92.90,176.76,304.57,225.64,78.93,,,481.33,255.69,1.52,12.00,33.00,1.16,19431900,2026-09-18T05:26:37Z
C,vacuum,2e_K500,pread,128,2,0,0.00,100.00,177.87,2517.49,226.75,2290.75,,,2695.36,2468.62,1.49,0.00,30.00,1.14,19433912,2026-09-18T05:26:37Z
C,vacuum,2e_K500,async,128,2,0,0.00,47.90,178.41,695.66,228.77,466.89,,,874.07,645.30,1.49,0.00,30.00,1.14,19434460,2026-09-18T05:26:38Z
C,vacuum,2f_slru,pread,128,2,0,0.00,100.00,89.23,3185.45,225.01,2960.44,,,3274.68,3049.67,1.47,0.00,30.00,1.14,19434716,2026-09-18T05:26:38Z
C,vacuum,2f_slru,async,128,2,0,0.00,100.00,93.87,819.12,226.55,592.57,,,912.99,686.44,1.49,0.00,30.00,1.14,19434856,2026-09-18T05:26:38Z
C,vacuum,leaf_freq_K10,pread,128,2,0,0.00,100.00,659.00,783.65,226.45,557.21,,,1442.65,1216.21,1.52,12.00,33.00,1.14,19408896,2026-09-18T05:26:38Z
C,vacuum,leaf_freq_K10,async,128,2,0,0.00,100.00,785.66,295.78,224.00,71.78,,,1081.44,857.44,1.53,12.00,31.00,1.14,19418752,2026-09-18T05:26:39Z
C,vacuum,leaf_rand_K10,pread,128,2,0,0.00,100.00,1151.47,1042.46,230.78,811.68,,,2193.93,1963.15,1.53,12.00,29.00,1.14,19420320,2026-09-18T05:26:39Z
C,vacuum,leaf_rand_K10,async,128,2,0,0.00,100.00,1117.75,303.42,227.42,76.00,,,1421.17,1193.75,1.53,12.00,29.00,1.14,19420964,2026-09-18T05:26:39Z
C,ta,layers_5,pread,128,2,0,0.00,100.00,771.34,479.27,227.01,252.26,,,1250.61,1023.60,1.60,19.00,30.00,1.14,19425476,2026-09-18T05:26:39Z
C,ta,layers_5,async,128,2,0,0.00,100.00,791.60,292.78,225.45,67.33,,,1084.38,858.93,1.60,19.00,30.00,1.14,19426376,2026-09-18T05:26:40Z
C,ta,layers_92,pread,128,2,0,0.00,100.00,378.09,1077.54,226.20,851.34,,,1455.63,1229.43,1.60,18.00,31.00,1.14,19425416,2026-09-18T05:26:40Z
C,ta,layers_92,async,128,2,0,0.00,100.00,440.16,396.20,227.34,168.87,,,836.36,609.03,1.61,18.00,31.00,1.14,19426472,2026-09-18T05:26:40Z
C,ta,2d,pread,128,2,0,0.00,100.00,420.08,1053.75,225.55,828.20,,,1473.83,1248.28,1.59,18.00,31.00,1.14,19426172,2026-09-18T05:26:40Z
C,ta,2d,async,128,2,0,0.00,64.60,443.73,342.75,227.43,115.32,,,786.48,559.05,1.59,18.00,31.00,1.14,19427744,2026-09-18T05:26:41Z
C,ta,2e_K10,pread,128,2,0,0.00,100.00,227.08,1822.99,227.32,1595.67,,,2050.07,1822.75,1.59,17.00,33.00,1.14,19427280,2026-09-18T05:26:41Z
C,ta,2e_K10,async,128,2,0,0.00,100.00,178.95,354.89,227.16,127.73,,,533.84,306.68,1.59,17.00,32.00,1.14,19428072,2026-09-18T05:26:41Z
C,ta,2e_K500,pread,128,2,0,0.00,100.00,177.32,3697.86,227.69,3470.18,,,3875.18,3647.50,1.54,0.00,38.00,1.14,19428532,2026-09-18T05:26:41Z
C,ta,2e_K500,async,128,2,0,0.00,100.00,182.36,823.93,228.54,595.39,,,1006.29,777.75,1.55,0.00,38.00,1.14,19427972,2026-09-18T05:26:42Z
C,ta,2f_slru,pread,128,2,0,0.00,100.00,89.81,3725.82,227.46,3498.37,,,3815.63,3588.18,1.53,0.00,38.00,1.14,19428244,2026-09-18T05:26:42Z
C,ta,2f_slru,async,128,2,0,0.00,100.00,90.31,1078.17,226.46,851.71,,,1168.48,942.02,1.54,0.00,38.00,1.14,19429004,2026-09-18T05:26:42Z
C,ta,leaf_freq_K10,pread,128,2,0,0.00,100.00,941.72,899.55,227.24,672.31,,,1841.27,1614.03,1.60,18.00,32.00,1.13,19428724,2026-09-18T05:26:43Z
C,ta,leaf_freq_K10,async,128,2,0,0.00,100.00,884.44,298.25,224.73,73.52,,,1182.69,957.96,1.60,18.00,31.00,1.13,19429540,2026-09-18T05:26:43Z
C,ta,leaf_rand_K10,pread,128,2,0,0.00,100.00,793.84,1099.81,230.25,869.55,,,1893.65,1663.39,1.59,19.00,30.00,1.13,19430304,2026-09-18T05:26:43Z
C,ta,leaf_rand_K10,async,128,2,0,0.00,100.00,799.23,302.42,228.02,74.40,,,1101.65,873.63,1.60,19.00,30.00,1.13,19429984,2026-09-18T05:26:43Z
C,1gb,layers_5,pread,128,2,0,0.00,100.00,1107.22,700.39,227.22,473.17,,,1807.61,1580.39,1.70,40.00,51.00,1.13,19409896,2026-09-18T05:26:44Z
C,1gb,layers_5,async,128,2,0,0.00,100.00,1089.16,299.60,230.37,69.23,,,1388.76,1158.39,1.69,40.00,51.00,1.13,19412700,2026-09-18T05:26:44Z
C,1gb,layers_92,pread,128,2,0,0.00,100.00,1205.17,8831.82,555.59,8276.23,,,10036.99,9481.40,1.69,38.00,54.00,1.13,19413204,2026-09-18T05:26:44Z
C,1gb,layers_92,async,128,2,0,0.00,100.00,1198.64,441.84,228.48,213.36,,,1640.48,1412.00,1.69,38.00,54.00,1.13,19413676,2026-09-18T05:26:44Z
C,1gb,2d,pread,128,2,0,0.00,100.00,519.03,856.50,225.36,631.14,,,1375.53,1150.17,1.69,37.00,59.00,1.13,19415780,2026-09-18T05:26:45Z
C,1gb,2d,async,128,2,0,0.00,100.00,548.42,299.89,227.30,72.60,,,848.31,621.02,1.70,37.00,59.00,1.13,19415636,2026-09-18T05:26:45Z
C,1gb,2e_K10,pread,128,2,0,0.00,100.00,177.47,1736.13,225.87,1510.27,,,1913.60,1687.74,1.67,36.00,66.00,1.13,19416360,2026-09-18T05:26:45Z
C,1gb,2e_K10,async,128,2,0,0.00,100.00,149.42,307.68,223.73,83.95,,,457.10,233.37,1.67,36.00,66.00,1.13,19414728,2026-09-18T05:26:46Z
C,1gb,2e_K500,pread,128,2,0,0.00,100.00,181.18,4771.82,226.84,4544.98,,,4953.00,4726.16,1.56,1.00,67.00,1.13,19415100,2026-09-18T05:26:46Z
C,1gb,2e_K500,async,128,2,0,0.00,100.00,182.45,884.99,226.96,658.04,,,1067.44,840.49,1.70,37.00,102.00,1.13,19415852,2026-09-18T05:26:46Z
C,1gb,2f_slru,pread,128,2,0,0.00,100.00,95.69,5559.95,228.52,5331.43,,,5655.64,5427.12,1.55,0.00,64.00,1.13,19417376,2026-09-18T05:26:46Z
C,1gb,2f_slru,async,128,2,0,0.00,100.00,96.14,1871.57,228.26,1643.31,,,1967.71,1739.45,1.59,0.00,64.00,1.13,19417952,2026-09-18T05:26:47Z
C,1gb,leaf_freq_K10,pread,128,2,0,0.00,100.00,908.41,1122.08,226.58,895.50,,,2030.49,1803.91,1.67,38.00,63.00,1.13,19417860,2026-09-18T05:26:47Z
C,1gb,leaf_freq_K10,async,128,2,0,0.00,100.00,852.18,298.90,226.10,72.80,,,1151.08,924.98,1.68,38.00,63.00,1.12,19417900,2026-09-18T05:26:47Z
C,1gb,leaf_rand_K10,pread,128,2,0,0.00,100.00,1390.26,1123.43,226.82,896.62,,,2513.69,2286.88,1.70,40.00,51.00,1.12,19418392,2026-09-18T05:26:48Z
C,1gb,leaf_rand_K10,async,128,2,0,0.00,100.00,1363.32,303.29,227.84,75.45,,,1666.61,1438.77,1.71,40.00,51.00,1.12,19418860,2026-09-18T05:26:48Z
A,vacuum,baseline,baseline,128,3,0,0.00,0.00,979.14,0.00,0.00,0.00,,,979.14,979.14,2.05,148.00,212.00,1.12,19418636,2026-09-18T05:26:48Z
A,ta,baseline,baseline,128,3,0,0.00,0.00,1156.43,0.00,0.00,0.00,,,1156.43,1156.43,2.15,189.00,259.00,1.12,19419984,2026-09-18T05:26:49Z
A,1gb,baseline,baseline,128,3,0,0.00,0.00,1467.22,0.00,0.00,0.00,,,1467.22,1467.22,2.16,190.00,267.00,1.12,19392736,2026-09-18T05:26:49Z
B,vacuum,baseline,baseline,128,3,0,0.00,0.00,1087.01,0.00,0.00,0.00,,,1087.01,1087.01,2.09,144.00,233.00,1.12,19407852,2026-09-18T05:26:49Z
B,ta,baseline,baseline,128,3,0,0.00,0.00,691.12,0.00,0.00,0.00,,,691.12,691.12,2.14,190.00,268.00,1.12,19409316,2026-09-18T05:26:50Z
B,1gb,baseline,baseline,128,3,0,0.00,0.00,1218.82,0.00,0.00,0.00,,,1218.82,1218.82,2.20,188.00,262.00,1.12,19408604,2026-09-18T05:26:50Z
C,vacuum,baseline,baseline,128,3,0,0.00,0.00,1166.09,0.00,0.00,0.00,,,1166.09,1166.09,1.55,12.00,29.00,1.12,19410508,2026-09-18T05:26:50Z
C,ta,baseline,baseline,128,3,0,0.00,0.00,816.38,0.00,0.00,0.00,,,816.38,816.38,1.58,19.00,30.00,1.12,19410988,2026-09-18T05:26:50Z
C,1gb,baseline,baseline,128,3,0,0.00,0.00,1173.19,0.00,0.00,0.00,,,1173.19,1173.19,1.67,40.00,52.00,1.12,19409588,2026-09-18T05:26:51Z
A,vacuum,layers_5,pread,128,3,0,0.00,100.00,800.68,782.28,196.43,585.85,,,1582.96,1386.53,1.98,149.00,214.00,1.12,19410332,2026-09-18T05:26:51Z
A,vacuum,layers_5,async,128,3,0,0.00,100.00,898.41,257.77,187.92,69.85,,,1156.18,968.26,2.03,150.00,212.00,1.12,19411156,2026-09-18T05:26:51Z
A,vacuum,layers_92,pread,128,3,0,0.00,100.00,411.65,7552.30,191.74,7360.56,,,7963.95,7772.21,2.01,145.00,225.00,1.12,19408984,2026-09-18T05:26:52Z
A,vacuum,layers_92,async,128,3,0,0.00,100.00,423.29,371.08,190.08,181.00,,,794.37,604.29,2.01,146.00,223.00,1.12,19406044,2026-09-18T05:26:52Z
A,vacuum,2d,pread,128,3,0,0.00,100.00,404.46,1384.55,195.55,1189.01,,,1789.01,1593.47,2.04,145.00,225.00,1.12,19405120,2026-09-18T05:26:52Z
A,vacuum,2d,async,128,3,0,0.00,100.00,402.91,274.35,194.00,80.35,,,677.26,483.26,1.99,146.00,223.00,1.11,19405412,2026-09-18T05:26:53Z
A,vacuum,2e_K10,pread,128,3,0,0.00,100.00,406.95,2230.82,193.25,2037.57,,,2637.77,2444.52,2.03,147.00,229.00,1.11,19405656,2026-09-18T05:26:53Z
A,vacuum,2e_K10,async,128,3,0,0.00,100.00,481.26,287.35,196.92,90.43,,,768.61,571.69,2.04,148.00,227.00,1.11,19404844,2026-09-18T05:26:53Z
A,vacuum,2e_K500,pread,128,3,0,0.00,100.00,454.40,16123.98,194.46,15929.52,,,16578.38,16383.92,1.89,126.00,418.00,1.11,19405316,2026-09-18T05:26:54Z
A,vacuum,2e_K500,async,128,3,0,0.00,15.60,585.64,879.93,196.59,683.35,,,1465.57,1268.99,2.01,145.00,335.00,1.11,19422056,2026-09-18T05:26:54Z
A,vacuum,2f_slru,pread,128,3,0,0.00,100.00,96.38,13768.25,197.03,13571.22,,,13864.63,13667.60,1.53,0.00,214.00,1.11,19422556,2026-09-18T05:26:54Z
A,vacuum,2f_slru,async,128,3,0,0.00,100.00,99.27,5659.09,194.59,5464.49,,,5758.36,5563.76,1.56,0.00,214.00,1.11,19403204,2026-09-18T05:26:54Z
A,vacuum,leaf_freq_K10,pread,128,3,0,0.00,100.00,955.34,1078.04,191.51,886.53,,,2033.38,1841.87,2.06,149.00,217.00,1.11,19409380,2026-09-18T05:26:55Z
A,vacuum,leaf_freq_K10,async,128,3,0,0.00,100.00,988.60,272.15,196.76,75.39,,,1260.75,1063.99,2.01,149.00,217.00,1.11,19409612,2026-09-18T05:26:55Z
A,vacuum,leaf_rand_K10,pread,128,3,0,0.00,100.00,920.62,1087.02,194.19,892.83,,,2007.64,1813.45,2.03,148.00,212.00,1.11,19410596,2026-09-18T05:26:55Z
A,vacuum,leaf_rand_K10,async,128,3,0,0.00,100.00,949.09,270.89,193.12,77.77,,,1219.98,1026.86,1.97,148.00,212.00,1.11,19411092,2026-09-18T05:26:56Z
A,ta,layers_5,pread,128,3,0,0.00,100.00,1947.17,443.07,196.11,246.96,,,2390.24,2194.13,2.12,189.00,259.00,1.11,19414516,2026-09-18T05:26:56Z
A,ta,layers_5,async,128,3,0,0.00,100.00,1074.02,266.66,196.82,69.84,,,1340.68,1143.86,2.17,189.00,259.00,1.11,19413496,2026-09-18T05:26:56Z
A,ta,layers_92,pread,128,3,0,0.00,100.00,598.49,1046.61,194.43,852.18,,,1645.10,1450.67,2.09,186.00,260.00,1.11,19414544,2026-09-18T05:26:57Z
A,ta,layers_92,async,128,3,0,0.00,100.00,537.62,366.78,195.81,170.97,,,904.40,708.59,2.20,188.00,259.00,1.11,19414960,2026-09-18T05:26:57Z
A,ta,2d,pread,128,3,0,0.00,100.00,567.22,1020.64,197.65,822.99,,,1587.86,1390.21,2.16,187.00,260.00,1.11,19413908,2026-09-18T05:26:57Z
A,ta,2d,async,128,3,0,0.00,100.00,554.03,315.08,195.09,120.00,,,869.11,674.03,2.14,188.00,259.00,1.10,19414200,2026-09-18T05:26:57Z
A,ta,2e_K10,pread,128,3,0,0.00,100.00,595.01,2085.61,195.00,1890.61,,,2680.62,2485.62,2.14,188.00,269.00,1.10,19415176,2026-09-18T05:26:58Z
A,ta,2e_K10,async,128,3,0,0.00,100.00,586.09,320.25,188.44,131.81,,,906.34,717.90,2.12,189.00,268.00,1.10,19415196,2026-09-18T05:26:58Z
A,ta,2e_K500,pread,128,3,0,0.00,100.00,583.15,17865.73,186.92,17678.81,,,18448.88,18261.96,1.76,72.00,326.00,1.10,19415756,2026-09-18T05:26:58Z
A,ta,2e_K500,async,128,3,0,0.00,25.20,646.49,898.67,188.15,710.52,,,1545.16,1357.01,2.13,192.00,383.00,1.10,19415780,2026-09-18T05:26:59Z
A,ta,2f_slru,pread,128,3,0,0.00,100.00,94.08,17598.09,183.03,17415.05,,,17692.17,17509.13,1.56,0.00,279.00,1.10,19400780,2026-09-18T05:26:59Z
A,ta,2f_slru,async,128,3,0,0.00,100.00,95.63,7385.31,211.32,7173.99,,,7480.94,7269.62,1.57,0.00,279.00,1.10,19398468,2026-09-18T05:26:59Z
A,ta,leaf_freq_K10,pread,128,3,0,0.00,100.00,962.71,1082.37,186.28,896.08,,,2045.08,1858.79,2.15,190.00,268.00,1.10,19401080,2026-09-18T05:27:00Z
A,ta,leaf_freq_K10,async,128,3,0,0.00,100.00,1063.10,262.12,186.66,75.46,,,1325.22,1138.56,2.15,190.00,268.00,1.10,19401424,2026-09-18T05:27:00Z
A,ta,leaf_rand_K10,pread,128,3,0,0.00,100.00,1080.68,1107.03,183.44,923.60,,,2187.71,2004.28,2.16,189.00,259.00,1.10,19400828,2026-09-18T05:27:00Z
A,ta,leaf_rand_K10,async,128,3,0,0.00,100.00,1075.48,261.12,186.26,74.86,,,1336.60,1150.34,2.18,189.00,259.00,1.10,19388760,2026-09-18T05:27:01Z
A,1gb,layers_5,pread,128,3,0,0.00,100.00,1420.34,708.35,184.81,523.54,,,2128.69,1943.88,2.17,189.00,269.00,1.10,19388572,2026-09-18T05:27:01Z
A,1gb,layers_5,async,128,3,0,0.00,100.00,1360.65,259.16,190.11,69.05,,,1619.81,1429.70,2.16,190.00,268.00,1.10,19390540,2026-09-18T05:27:01Z
A,1gb,layers_92,pread,128,3,0,0.00,100.00,983.99,7973.63,186.81,7786.82,,,8957.62,8770.81,2.19,189.00,274.00,1.10,19390664,2026-09-18T05:27:02Z
A,1gb,layers_92,async,128,3,0,0.00,100.00,851.27,272.47,74.80,197.67,,,1123.74,1048.94,2.20,190.00,272.00,1.10,19389084,2026-09-18T05:27:02Z
A,1gb,2d,pread,128,3,0,0.00,100.00,640.91,2135.55,186.63,1948.91,,,2776.46,2589.82,2.15,188.00,275.00,1.10,19389008,2026-09-18T05:27:02Z
A,1gb,2d,async,128,3,0,0.00,100.00,614.93,274.45,186.47,87.98,,,889.38,702.91,2.13,189.00,273.00,1.09,19389088,2026-09-18T05:27:03Z
A,1gb,2e_K10,pread,128,3,0,0.00,100.00,569.15,2977.58,223.48,2754.10,,,3546.73,3323.25,2.30,189.00,288.00,1.09,19389436,2026-09-18T05:27:03Z
A,1gb,2e_K10,async,128,3,0,0.00,100.00,603.14,286.93,184.75,102.18,,,890.07,705.32,2.16,190.00,286.00,1.09,19390132,2026-09-18T05:27:03Z
A,1gb,2e_K500,pread,128,3,0,0.00,100.00,184.03,19446.11,187.25,19258.86,,,19630.14,19442.89,1.72,53.00,324.00,1.09,19391316,2026-09-18T05:27:04Z
A,1gb,2e_K500,async,128,3,0,0.00,100.00,691.92,1055.39,192.73,862.66,,,1747.31,1554.58,2.19,194.00,398.00,1.09,19390288,2026-09-18T05:27:04Z
A,1gb,2f_slru,pread,128,3,0,0.00,100.00,99.54,18838.61,186.52,18652.09,,,18938.15,18751.63,1.58,0.00,280.00,1.09,19392140,2026-09-18T05:27:04Z
A,1gb,2f_slru,async,128,3,0,0.00,100.00,99.88,7424.88,193.41,7231.47,,,7524.76,7331.35,1.61,0.00,280.00,1.09,19390596,2026-09-18T05:27:05Z
A,1gb,leaf_freq_K10,pread,128,3,0,0.00,100.00,1483.39,1115.68,187.78,927.89,,,2599.07,2411.28,2.14,189.00,280.00,1.09,19393180,2026-09-18T05:27:05Z
A,1gb,leaf_freq_K10,async,128,3,0,0.00,100.00,1430.33,260.73,185.60,75.13,,,1691.06,1505.46,2.15,189.00,280.00,1.09,19394804,2026-09-18T05:27:05Z
A,1gb,leaf_rand_K10,pread,128,3,0,0.00,100.00,1501.03,1087.27,187.99,899.28,,,2588.30,2400.31,2.19,190.00,266.00,1.09,19391356,2026-09-18T05:27:06Z
A,1gb,leaf_rand_K10,async,128,3,0,0.00,100.00,1424.83,265.32,186.53,78.79,,,1690.15,1503.62,2.18,190.00,266.00,1.09,19372948,2026-09-18T05:27:06Z
B,vacuum,layers_5,pread,128,3,0,0.00,100.00,905.24,773.76,188.52,585.24,,,1679.00,1490.48,2.09,144.00,235.00,1.09,19374976,2026-09-18T05:27:06Z
B,vacuum,layers_5,async,128,3,0,0.00,100.00,871.07,870.42,796.71,73.71,,,1741.49,944.78,2.05,144.00,233.00,1.09,19374912,2026-09-18T05:27:07Z
B,vacuum,layers_92,pread,128,3,0,0.00,100.00,479.02,7726.60,188.50,7538.10,,,8205.62,8017.12,2.05,143.00,234.00,1.09,19373868,2026-09-18T05:27:07Z
B,vacuum,layers_92,async,128,3,0,0.00,100.00,558.30,368.46,187.88,180.58,,,926.76,738.88,2.09,143.00,232.00,1.09,19374876,2026-09-18T05:27:07Z
B,vacuum,2d,pread,128,3,0,0.00,100.00,583.21,3215.55,199.16,3016.38,,,3798.76,3599.59,2.06,143.00,234.00,1.08,19375404,2026-09-18T05:27:07Z
B,vacuum,2d,async,128,3,0,0.00,100.00,547.87,265.24,188.27,76.96,,,813.11,624.83,2.06,143.00,232.00,1.08,19375696,2026-09-18T05:27:08Z
B,vacuum,2e_K10,pread,128,3,0,0.00,100.00,521.20,2254.40,185.09,2069.31,,,2775.60,2590.51,2.07,144.00,236.00,1.08,19376320,2026-09-18T05:27:08Z
B,vacuum,2e_K10,async,128,3,0,0.00,100.00,582.93,280.13,188.66,91.47,,,863.06,674.40,2.06,144.00,235.00,1.08,19377072,2026-09-18T05:27:08Z
B,vacuum,2e_K500,pread,128,3,0,0.00,100.00,182.74,14615.29,186.13,14429.16,,,14798.03,14611.90,1.59,4.00,229.00,1.08,19377276,2026-09-18T05:27:09Z
B,vacuum,2e_K500,async,128,3,0,0.00,23.60,922.78,899.41,222.11,677.30,,,1822.19,1600.08,2.05,142.00,283.00,1.08,19376988,2026-09-18T05:27:09Z
B,vacuum,2f_slru,pread,128,3,0,0.00,100.00,97.48,13984.58,184.92,13799.67,,,14082.06,13897.15,1.56,0.00,214.00,1.08,19378928,2026-09-18T05:27:09Z
B,vacuum,2f_slru,async,128,3,0,0.00,100.00,95.67,5670.14,185.75,5484.39,,,5765.81,5580.06,1.60,0.00,214.00,1.08,19379356,2026-09-18T05:27:10Z
B,vacuum,leaf_freq_K10,pread,128,3,0,0.00,100.00,1089.41,1082.72,185.81,896.91,,,2172.13,1986.32,2.07,145.00,233.00,1.08,19377768,2026-09-18T05:27:10Z
B,vacuum,leaf_freq_K10,async,128,3,0,0.00,100.00,976.74,288.59,213.32,75.27,,,1265.33,1052.01,2.05,145.00,233.00,1.08,19378456,2026-09-18T05:27:10Z
B,vacuum,leaf_rand_K10,pread,128,3,0,0.00,100.00,924.85,1053.59,192.23,861.36,,,1978.44,1786.21,2.04,144.00,233.00,1.08,19379252,2026-09-18T05:27:10Z
B,vacuum,leaf_rand_K10,async,128,3,0,0.00,100.00,891.35,263.85,187.87,75.97,,,1155.20,967.32,2.04,144.00,233.00,1.08,19379120,2026-09-18T05:27:11Z
B,ta,layers_5,pread,128,3,0,0.00,100.00,514.46,436.65,185.79,250.86,,,951.11,765.32,2.23,190.00,269.00,1.08,19370348,2026-09-18T05:27:11Z
B,ta,layers_5,async,128,3,0,0.00,100.00,917.64,254.06,185.42,68.64,,,1171.70,986.28,2.22,190.00,267.00,1.08,19375444,2026-09-18T05:27:11Z
B,ta,layers_92,pread,128,3,0,0.00,100.00,571.11,993.09,187.83,805.25,,,1564.20,1376.36,2.22,187.00,268.00,1.08,19376912,2026-09-18T05:27:12Z
B,ta,layers_92,async,128,3,0,0.00,45.70,512.60,1725.76,1073.79,651.97,,,2238.36,1164.57,2.19,189.00,267.00,1.08,19380740,2026-09-18T05:27:12Z
B,ta,2d,pread,128,3,0,0.00,100.00,577.92,1041.87,188.94,852.93,,,1619.79,1430.85,2.23,188.00,267.00,1.16,19381896,2026-09-18T05:27:12Z
B,ta,2d,async,128,3,0,0.00,66.00,563.86,305.19,186.01,119.18,,,869.05,683.04,2.20,189.00,267.00,1.16,19382772,2026-09-18T05:27:13Z
B,ta,2e_K10,pread,128,3,0,0.00,100.00,503.23,2466.96,194.41,2272.55,,,2970.19,2775.78,2.33,189.00,268.00,1.16,19383712,2026-09-18T05:27:13Z
B,ta,2e_K10,async,128,3,0,0.00,71.90,503.94,312.80,181.97,130.83,,,816.74,634.77,2.19,190.00,268.00,1.16,19385956,2026-09-18T05:27:13Z
B,ta,2e_K500,pread,128,3,0,0.00,100.00,181.78,16913.12,185.04,16728.08,,,17094.90,16909.86,1.87,91.00,327.00,1.16,19386392,2026-09-18T05:27:14Z
B,ta,2e_K500,async,128,3,0,0.00,23.00,4781.55,918.30,191.08,727.22,,,5699.85,5508.77,2.25,183.00,317.00,1.16,19405828,2026-09-18T05:27:14Z
B,ta,2f_slru,pread,128,3,0,0.00,100.00,97.10,17958.34,188.91,17769.43,,,18055.44,17866.53,1.61,0.00,279.00,1.16,19407504,2026-09-18T05:27:14Z
B,ta,2f_slru,async,128,3,0,0.00,100.00,147.35,7385.25,186.01,7199.24,,,7532.60,7346.59,1.64,0.00,279.00,1.16,19405952,2026-09-18T05:27:15Z
B,ta,leaf_freq_K10,pread,128,3,0,0.00,100.00,679.00,1112.32,187.36,924.96,,,1791.32,1603.96,2.22,191.00,269.00,1.16,19415644,2026-09-18T05:27:15Z
B,ta,leaf_freq_K10,async,128,3,0,0.00,100.00,679.87,262.33,187.99,74.34,,,942.20,754.21,2.20,191.00,269.00,1.16,19416388,2026-09-18T05:27:15Z
B,ta,leaf_rand_K10,pread,128,3,0,0.00,100.00,626.31,1191.63,255.82,935.81,,,1817.94,1562.12,2.27,190.00,268.00,1.16,19419368,2026-09-18T05:27:16Z
B,ta,leaf_rand_K10,async,128,3,0,0.00,100.00,709.69,264.22,187.03,77.19,,,973.91,786.88,2.21,190.00,268.00,1.16,19419980,2026-09-18T05:27:16Z
B,1gb,layers_5,pread,128,3,0,0.00,100.00,1163.47,667.29,187.94,479.35,,,1830.76,1642.82,2.21,187.00,261.00,1.16,19420648,2026-09-18T05:27:16Z
B,1gb,layers_5,async,128,3,0,0.00,100.00,1164.43,260.84,189.67,71.17,,,1425.27,1235.60,2.36,188.00,261.00,1.16,19402032,2026-09-18T05:27:17Z
B,1gb,layers_92,pread,128,3,0,0.00,100.00,945.86,8246.93,187.11,8059.82,,,9192.79,9005.68,2.21,187.00,267.00,1.16,19402328,2026-09-18T05:27:17Z
B,1gb,layers_92,async,128,3,0,0.00,100.00,754.10,359.01,164.11,194.91,,,1113.11,949.01,2.20,188.00,266.00,1.15,19405700,2026-09-18T05:27:17Z
B,1gb,2d,pread,128,3,0,0.00,100.00,545.05,2165.55,185.08,1980.47,,,2710.60,2525.52,2.19,186.00,268.00,1.15,19406816,2026-09-18T05:27:18Z
B,1gb,2d,async,128,3,0,0.00,100.00,527.66,278.67,187.10,91.57,,,806.33,619.23,2.20,187.00,267.00,1.15,19407376,2026-09-18T05:27:18Z
B,1gb,2e_K10,pread,128,3,0,0.00,100.00,515.83,3158.91,279.12,2879.80,,,3674.74,3395.63,2.24,187.00,268.00,1.15,19407224,2026-09-18T05:27:18Z
B,1gb,2e_K10,async,128,3,0,0.00,100.00,551.73,291.84,186.84,105.00,,,843.57,656.73,2.20,188.00,268.00,1.15,19407524,2026-09-18T05:27:19Z
B,1gb,2e_K500,pread,128,3,0,0.00,100.00,186.02,18864.35,187.38,18676.97,,,19050.37,18862.99,1.77,56.00,312.00,1.15,19408408,2026-09-18T05:27:19Z
B,1gb,2e_K500,async,128,3,0,0.00,100.00,155.43,1054.56,191.68,862.88,,,1209.99,1018.31,2.24,186.00,318.00,1.15,19398732,2026-09-18T05:27:19Z
B,1gb,2f_slru,pread,128,3,0,0.00,100.00,98.65,18937.02,186.95,18750.07,,,19035.67,18848.72,1.60,0.00,280.00,1.15,19392428,2026-09-18T05:27:20Z
B,1gb,2f_slru,async,128,3,0,0.00,100.00,99.93,7464.99,189.89,7275.10,,,7564.92,7375.03,1.65,0.00,280.00,1.15,19389656,2026-09-18T05:27:20Z
B,1gb,leaf_freq_K10,pread,128,3,0,0.00,100.00,1232.90,1114.30,185.72,928.58,,,2347.20,2161.48,2.26,188.00,262.00,1.15,19391944,2026-09-18T05:27:20Z
B,1gb,leaf_freq_K10,async,128,3,0,0.00,100.00,1248.30,261.87,185.88,75.99,,,1510.17,1324.29,2.22,188.00,262.00,1.15,19392356,2026-09-18T05:27:21Z
B,1gb,leaf_rand_K10,pread,128,3,0,0.00,100.00,1218.42,1048.18,186.44,861.74,,,2266.60,2080.16,2.22,188.00,261.00,1.15,19392928,2026-09-18T05:27:21Z
B,1gb,leaf_rand_K10,async,128,3,0,0.00,100.00,1172.85,282.87,206.07,76.80,,,1455.72,1249.65,2.18,188.00,261.00,1.15,19392212,2026-09-18T05:27:21Z
C,vacuum,layers_5,pread,128,3,0,0.00,100.00,1055.40,771.87,185.97,585.90,,,1827.27,1641.30,1.52,12.00,29.00,1.15,19378164,2026-09-18T05:27:22Z
C,vacuum,layers_5,async,128,3,0,0.00,100.00,1171.15,263.62,189.33,74.30,,,1434.77,1245.45,1.52,12.00,29.00,1.15,19387424,2026-09-18T05:27:22Z
C,vacuum,layers_92,pread,128,3,0,0.00,100.00,663.48,7598.25,186.49,7411.76,,,8261.73,8075.24,1.53,12.00,31.00,1.15,19392228,2026-09-18T05:27:22Z
C,vacuum,layers_92,async,128,3,0,0.00,100.00,668.40,369.92,186.51,183.41,,,1038.32,851.81,1.52,12.00,31.00,1.13,19392720,2026-09-18T05:27:22Z
C,vacuum,2d,pread,128,3,0,0.00,100.00,657.21,603.68,186.36,417.32,,,1260.89,1074.53,1.52,12.00,31.00,1.13,19396808,2026-09-18T05:27:23Z
C,vacuum,2d,async,128,3,0,0.00,100.00,600.25,254.09,185.86,68.23,,,854.34,668.48,1.52,12.00,31.00,1.13,19397616,2026-09-18T05:27:23Z
C,vacuum,2e_K10,pread,128,3,0,0.00,100.00,178.03,1392.60,184.66,1207.94,,,1570.63,1385.97,1.51,12.00,35.00,1.13,19399976,2026-09-18T05:27:23Z
C,vacuum,2e_K10,async,128,3,0,0.00,92.90,179.03,263.67,182.04,81.62,,,442.70,260.65,1.52,12.00,33.00,1.13,19400644,2026-09-18T05:27:23Z
C,vacuum,2e_K500,pread,128,3,0,0.00,100.00,179.65,2563.42,185.56,2377.86,,,2743.07,2557.51,1.48,0.00,30.00,1.13,19403080,2026-09-18T05:27:24Z
C,vacuum,2e_K500,async,128,3,0,0.00,75.10,178.95,673.29,187.96,485.32,,,852.24,664.27,1.48,0.00,30.00,1.13,19404416,2026-09-18T05:27:24Z
C,vacuum,2f_slru,pread,128,3,0,0.00,100.00,91.76,3119.77,193.47,2926.29,,,3211.53,3018.05,1.45,0.00,30.00,1.13,19404564,2026-09-18T05:27:24Z
C,vacuum,2f_slru,async,128,3,0,0.00,100.00,93.82,781.37,186.27,595.10,,,875.19,688.92,1.49,0.00,30.00,1.13,19405204,2026-09-18T05:27:24Z
C,vacuum,leaf_freq_K10,pread,128,3,0,0.00,100.00,723.73,767.78,186.18,581.60,,,1491.51,1305.33,1.51,12.00,33.00,1.13,19405164,2026-09-18T05:27:25Z
C,vacuum,leaf_freq_K10,async,128,3,0,0.00,100.00,666.78,258.19,184.63,73.56,,,924.97,740.34,1.52,12.00,31.00,1.13,19405828,2026-09-18T05:27:25Z
C,vacuum,leaf_rand_K10,pread,128,3,0,0.00,100.00,1143.69,1017.55,185.84,831.71,,,2161.24,1975.40,1.52,12.00,29.00,1.13,19406944,2026-09-18T05:27:25Z
C,vacuum,leaf_rand_K10,async,128,3,0,0.00,100.00,1119.35,263.29,186.89,76.39,,,1382.64,1195.74,1.54,12.00,29.00,1.13,19407384,2026-09-18T05:27:25Z
C,ta,layers_5,pread,128,3,0,0.00,100.00,793.23,433.69,184.94,248.76,,,1226.92,1041.99,1.64,19.00,30.00,1.13,19406344,2026-09-18T05:27:26Z
C,ta,layers_5,async,128,3,0,0.00,100.00,787.34,254.74,184.87,69.87,,,1042.08,857.21,1.59,19.00,30.00,1.13,19407576,2026-09-18T05:27:26Z
C,ta,layers_92,pread,128,3,0,0.00,100.00,450.96,1036.95,185.69,851.26,,,1487.91,1302.22,1.59,18.00,31.00,1.13,19407340,2026-09-18T05:27:26Z
C,ta,layers_92,async,128,3,0,0.00,42.40,445.41,364.57,187.43,177.14,,,809.98,622.55,1.58,18.00,31.00,1.13,19407112,2026-09-18T05:27:27Z
C,ta,2d,pread,128,3,0,0.00,100.00,418.81,1044.21,186.24,857.97,,,1463.02,1276.78,1.60,18.00,31.00,1.13,19408360,2026-09-18T05:27:27Z
C,ta,2d,async,128,3,0,0.00,91.70,454.30,306.45,194.70,111.75,,,760.75,566.05,1.61,18.00,31.00,1.13,19393076,2026-09-18T05:27:27Z
C,ta,2e_K10,pread,128,3,0,0.00,100.00,178.10,1718.58,185.09,1533.49,,,1896.68,1711.59,1.62,17.00,33.00,1.13,19394936,2026-09-18T05:27:27Z
C,ta,2e_K10,async,128,3,0,0.00,70.70,179.15,316.87,187.06,129.80,,,496.02,308.95,1.60,17.00,32.00,1.12,19395552,2026-09-18T05:27:28Z
C,ta,2e_K500,pread,128,3,0,0.00,100.00,184.05,3765.40,184.69,3580.71,,,3949.45,3764.76,1.54,0.00,38.00,1.12,19395812,2026-09-18T05:27:28Z
C,ta,2e_K500,async,128,3,0,0.00,100.00,180.94,763.71,183.46,580.25,,,944.65,761.19,1.55,0.00,38.00,1.12,19395848,2026-09-18T05:27:28Z
C,ta,2f_slru,pread,128,3,0,0.00,100.00,90.88,3523.25,183.53,3339.73,,,3614.13,3430.61,1.53,0.00,38.00,1.12,19396220,2026-09-18T05:27:28Z
C,ta,2f_slru,async,128,3,0,0.00,100.00,94.18,1027.08,185.59,841.49,,,1121.26,935.67,1.54,0.00,38.00,1.12,19397404,2026-09-18T05:27:29Z
C,ta,leaf_freq_K10,pread,128,3,0,0.00,100.00,912.92,877.58,184.37,693.21,,,1790.50,1606.13,1.63,18.00,32.00,1.12,19396600,2026-09-18T05:27:29Z
C,ta,leaf_freq_K10,async,128,3,0,0.00,100.00,854.12,259.54,183.84,75.70,,,1113.66,929.82,1.59,18.00,31.00,1.12,19397144,2026-09-18T05:27:29Z
C,ta,leaf_rand_K10,pread,128,3,0,0.00,100.00,796.54,1020.92,184.35,836.57,,,1817.46,1633.11,1.61,19.00,30.00,1.12,19396780,2026-09-18T05:27:29Z
C,ta,leaf_rand_K10,async,128,3,0,0.00,100.00,797.58,258.67,184.04,74.63,,,1056.25,872.21,1.61,19.00,30.00,1.12,19396924,2026-09-18T05:27:30Z
C,1gb,layers_5,pread,128,3,0,0.00,100.00,1093.80,640.75,192.78,447.96,,,1734.55,1541.76,1.70,40.00,51.00,1.12,19397184,2026-09-18T05:27:30Z
C,1gb,layers_5,async,128,3,0,0.00,100.00,1129.71,253.70,185.52,68.18,,,1383.41,1197.89,1.70,40.00,51.00,1.12,19397260,2026-09-18T05:27:30Z
C,1gb,layers_92,pread,128,3,0,0.00,100.00,1258.05,10774.08,185.45,10588.63,,,12032.13,11846.68,1.70,38.00,54.00,1.12,19397136,2026-09-18T05:27:31Z
C,1gb,layers_92,async,128,3,0,0.00,100.00,1098.96,379.84,185.65,194.19,,,1478.80,1293.15,1.67,38.00,54.00,1.12,19397584,2026-09-18T05:27:31Z
C,1gb,2d,pread,128,3,0,0.00,100.00,479.06,778.08,184.78,593.30,,,1257.14,1072.36,1.66,37.00,59.00,1.12,19397328,2026-09-18T05:27:31Z
C,1gb,2d,async,128,3,0,0.00,100.00,545.57,257.80,185.04,72.76,,,803.37,618.33,1.67,37.00,59.00,1.12,19397536,2026-09-18T05:27:31Z
C,1gb,2e_K10,pread,128,3,0,0.00,100.00,148.50,1614.18,183.98,1430.21,,,1762.68,1578.71,1.69,36.00,66.00,1.12,19398560,2026-09-18T05:27:32Z
C,1gb,2e_K10,async,128,3,0,0.00,100.00,152.77,266.90,181.55,85.35,,,419.67,238.12,1.67,36.00,66.00,1.12,19397180,2026-09-18T05:27:32Z
C,1gb,2e_K500,pread,128,3,0,0.00,100.00,181.18,4851.50,191.62,4659.88,,,5032.68,4841.06,1.56,1.00,67.00,1.12,19389300,2026-09-18T05:27:32Z
C,1gb,2e_K500,async,128,3,0,0.00,100.00,187.42,858.38,185.39,673.00,,,1045.80,860.42,1.70,37.00,106.00,1.11,19391636,2026-09-18T05:27:33Z
C,1gb,2f_slru,pread,128,3,0,0.00,100.00,95.67,5435.19,186.22,5248.97,,,5530.86,5344.64,1.56,0.00,64.00,1.11,19392212,2026-09-18T05:27:33Z
C,1gb,2f_slru,async,128,3,0,0.00,100.00,97.73,1847.96,179.86,1668.11,,,1945.69,1765.84,1.59,0.00,64.00,1.11,19392880,2026-09-18T05:27:33Z
C,1gb,leaf_freq_K10,pread,128,3,0,0.00,100.00,871.57,1082.81,184.94,897.87,,,1954.38,1769.44,1.68,38.00,63.00,1.11,19394012,2026-09-18T05:27:33Z
C,1gb,leaf_freq_K10,async,128,3,0,0.00,100.00,859.73,256.89,183.08,73.81,,,1116.62,933.54,1.68,38.00,63.00,1.11,19393068,2026-09-18T05:27:34Z
C,1gb,leaf_rand_K10,pread,128,3,0,0.00,100.00,1163.13,1021.64,187.04,834.60,,,2184.77,1997.73,1.69,40.00,51.00,1.11,19394212,2026-09-18T05:27:34Z
C,1gb,leaf_rand_K10,async,128,3,0,0.00,100.00,1170.85,259.35,184.50,74.85,,,1430.20,1245.70,1.70,40.00,51.00,1.11,19394508,2026-09-18T05:27:34Z
A,vacuum,baseline,baseline,128,4,0,0.00,0.00,925.54,0.00,0.00,0.00,,,925.54,925.54,2.04,148.00,212.00,1.11,19406632,2026-09-18T05:27:35Z
A,ta,baseline,baseline,128,4,0,0.00,0.00,1062.48,0.00,0.00,0.00,,,1062.48,1062.48,2.17,189.00,259.00,1.11,19406888,2026-09-18T05:27:35Z
A,1gb,baseline,baseline,128,4,0,0.00,0.00,1462.47,0.00,0.00,0.00,,,1462.47,1462.47,2.19,190.00,267.00,1.11,19405812,2026-09-18T05:27:35Z
B,vacuum,baseline,baseline,128,4,0,0.00,0.00,1035.68,0.00,0.00,0.00,,,1035.68,1035.68,2.12,144.00,233.00,1.11,19406580,2026-09-18T05:27:36Z
B,ta,baseline,baseline,128,4,0,0.00,0.00,807.56,0.00,0.00,0.00,,,807.56,807.56,2.19,190.00,268.00,1.11,19407736,2026-09-18T05:27:36Z
B,1gb,baseline,baseline,128,4,0,0.00,0.00,1115.81,0.00,0.00,0.00,,,1115.81,1115.81,2.16,188.00,262.00,1.11,19406860,2026-09-18T05:27:36Z
C,vacuum,baseline,baseline,128,4,0,0.00,0.00,1164.92,0.00,0.00,0.00,,,1164.92,1164.92,1.54,12.00,29.00,1.11,19409416,2026-09-18T05:27:37Z
C,ta,baseline,baseline,128,4,0,0.00,0.00,816.72,0.00,0.00,0.00,,,816.72,816.72,1.61,19.00,30.00,1.11,19410792,2026-09-18T05:27:37Z
C,1gb,baseline,baseline,128,4,0,0.00,0.00,1232.98,0.00,0.00,0.00,,,1232.98,1232.98,1.72,40.00,52.00,1.11,19409940,2026-09-18T05:27:37Z
A,vacuum,layers_5,pread,128,4,0,0.00,100.00,837.01,779.41,195.68,583.73,,,1616.42,1420.74,2.00,149.00,214.00,1.18,19396484,2026-09-18T05:27:37Z
A,vacuum,layers_5,async,128,4,0,0.00,100.00,873.57,264.26,194.98,69.28,,,1137.83,942.85,2.01,150.00,212.00,1.18,19407884,2026-09-18T05:27:38Z
A,vacuum,layers_92,pread,128,4,0,0.00,100.00,411.97,7518.96,194.27,7324.69,,,7930.93,7736.66,1.97,145.00,225.00,1.18,19406980,2026-09-18T05:27:38Z
A,vacuum,layers_92,async,128,4,0,0.00,100.00,409.10,379.88,195.91,183.98,,,788.98,593.08,2.00,146.00,223.00,1.18,19406908,2026-09-18T05:27:38Z
A,vacuum,2d,pread,128,4,0,0.00,100.00,414.05,1379.97,197.95,1182.02,,,1794.02,1596.07,2.09,145.00,225.00,1.18,19409884,2026-09-18T05:27:39Z
A,vacuum,2d,async,128,4,0,0.00,100.00,423.72,275.47,197.03,78.44,,,699.19,502.16,2.04,146.00,223.00,1.18,19410796,2026-09-18T05:27:39Z
A,vacuum,2e_K10,pread,128,4,0,0.00,100.00,414.13,2192.03,196.11,1995.92,,,2606.16,2410.05,2.01,147.00,229.00,1.18,19410052,2026-09-18T05:27:39Z
A,vacuum,2e_K10,async,128,4,0,0.00,100.00,413.84,287.30,197.12,90.18,,,701.14,504.02,2.02,148.00,227.00,1.18,19410572,2026-09-18T05:27:40Z
A,vacuum,2e_K500,pread,128,4,0,0.00,100.00,457.59,15566.20,195.49,15370.71,,,16023.79,15828.30,1.90,126.00,418.00,1.18,19393900,2026-09-18T05:27:40Z
A,vacuum,2e_K500,async,128,4,0,0.00,100.00,402.97,1052.02,199.59,852.42,,,1454.99,1255.39,2.03,145.00,336.00,1.18,19392048,2026-09-18T05:27:40Z
A,vacuum,2f_slru,pread,128,4,0,0.00,100.00,98.08,13475.76,195.03,13280.73,,,13573.84,13378.81,1.54,0.00,214.00,1.18,19392492,2026-09-18T05:27:40Z
A,vacuum,2f_slru,async,128,4,0,0.00,100.00,98.59,5650.30,196.70,5453.60,,,5748.89,5552.19,1.57,0.00,214.00,1.18,19392940,2026-09-18T05:27:41Z
A,vacuum,leaf_freq_K10,pread,128,4,0,0.00,100.00,1003.34,1127.06,197.74,929.32,,,2130.40,1932.66,2.04,149.00,217.00,1.18,19392484,2026-09-18T05:27:41Z
A,vacuum,leaf_freq_K10,async,128,4,0,0.00,100.00,979.11,270.03,195.03,75.00,,,1249.14,1054.11,2.01,149.00,217.00,1.18,19393124,2026-09-18T05:27:41Z
A,vacuum,leaf_rand_K10,pread,128,4,0,0.00,100.00,1003.41,1096.10,197.28,898.82,,,2099.51,1902.23,2.03,148.00,212.00,1.18,19392484,2026-09-18T05:27:42Z
A,vacuum,leaf_rand_K10,async,128,4,0,0.00,100.00,1017.26,278.04,201.27,76.77,,,1295.30,1094.03,2.04,148.00,212.00,1.18,19392116,2026-09-18T05:27:42Z
A,ta,layers_5,pread,128,4,0,0.00,100.00,870.66,449.45,196.91,252.54,,,1320.11,1123.20,2.15,189.00,259.00,1.18,19392800,2026-09-18T05:27:42Z
A,ta,layers_5,async,128,4,0,0.00,100.00,982.28,265.89,196.15,69.74,,,1248.17,1052.02,2.15,189.00,259.00,1.17,19375296,2026-09-18T05:27:43Z
A,ta,layers_92,pread,128,4,0,0.00,100.00,564.09,1017.14,197.70,819.44,,,1581.23,1383.53,2.15,186.00,260.00,1.17,19386384,2026-09-18T05:27:43Z
A,ta,layers_92,async,128,4,0,0.00,4.30,617.96,725.03,519.46,205.58,,,1342.99,823.54,2.14,188.00,259.00,1.17,19387224,2026-09-18T05:27:43Z
A,ta,2d,pread,128,4,0,0.00,100.00,568.77,952.06,192.05,760.01,,,1520.83,1328.78,2.09,187.00,260.00,1.17,19387420,2026-09-18T05:27:44Z
A,ta,2d,async,128,4,0,0.00,100.00,558.31,315.94,195.53,120.42,,,874.25,678.73,2.15,188.00,259.00,1.17,19387928,2026-09-18T05:27:44Z
A,ta,2e_K10,pread,128,4,0,0.00,100.00,568.70,2060.65,198.32,1862.33,,,2629.35,2431.03,2.19,188.00,269.00,1.17,19388224,2026-09-18T05:27:44Z
A,ta,2e_K10,async,128,4,0,0.00,100.00,590.26,326.41,195.79,130.62,,,916.67,720.88,2.16,189.00,268.00,1.17,19388520,2026-09-18T05:27:45Z
A,ta,2e_K500,pread,128,4,0,0.00,100.00,575.81,17289.63,189.10,17100.52,,,17865.44,17676.33,1.77,72.00,325.00,1.17,19389184,2026-09-18T05:27:45Z
A,ta,2e_K500,async,128,4,0,0.00,25.20,592.88,897.65,185.34,712.31,,,1490.53,1305.19,2.13,192.00,386.00,1.17,19389620,2026-09-18T05:27:45Z
A,ta,2f_slru,pread,128,4,0,0.00,100.00,96.22,17353.94,187.20,17166.74,,,17450.16,17262.96,1.54,0.00,279.00,1.17,19390576,2026-09-18T05:27:45Z
A,ta,2f_slru,async,128,4,0,0.00,100.00,96.50,7332.08,188.93,7143.15,,,7428.58,7239.65,1.57,0.00,279.00,1.17,19387860,2026-09-18T05:27:46Z
A,ta,leaf_freq_K10,pread,128,4,0,0.00,100.00,995.86,1086.15,188.35,897.80,,,2082.01,1893.66,2.15,190.00,268.00,1.17,19390836,2026-09-18T05:27:46Z
A,ta,leaf_freq_K10,async,128,4,0,0.00,100.00,1012.42,259.54,184.70,74.84,,,1271.96,1087.26,2.09,190.00,268.00,1.17,19391900,2026-09-18T05:27:46Z
A,ta,leaf_rand_K10,pread,128,4,0,0.00,100.00,1135.83,1118.61,185.74,932.87,,,2254.44,2068.70,2.18,189.00,259.00,1.17,19392260,2026-09-18T05:27:47Z
A,ta,leaf_rand_K10,async,128,4,0,0.00,100.00,1047.15,260.48,186.32,74.16,,,1307.63,1121.31,2.13,189.00,259.00,1.17,19392140,2026-09-18T05:27:47Z
A,1gb,layers_5,pread,128,4,0,0.00,100.00,1422.84,1189.81,223.59,966.22,,,2612.65,2389.06,2.16,189.00,269.00,1.17,19392784,2026-09-18T05:27:47Z
A,1gb,layers_5,async,128,4,0,0.00,100.00,1397.52,254.44,185.51,68.93,,,1651.96,1466.45,2.18,190.00,268.00,1.16,19396632,2026-09-18T05:27:48Z
A,1gb,layers_92,pread,128,4,0,0.00,100.00,919.67,7899.34,184.78,7714.56,,,8819.01,8634.23,2.18,189.00,274.00,1.16,19393924,2026-09-18T05:27:48Z
A,1gb,layers_92,async,128,4,0,0.00,100.00,980.78,386.36,196.09,190.27,,,1367.14,1171.05,2.36,190.00,272.00,1.16,19393160,2026-09-18T05:27:48Z
A,1gb,2d,pread,128,4,0,0.00,100.00,579.31,2002.71,187.64,1815.07,,,2582.02,2394.38,2.18,188.00,275.00,1.16,19394172,2026-09-18T05:27:49Z
A,1gb,2d,async,128,4,0,0.00,100.00,602.85,828.77,463.47,365.30,,,1431.62,968.15,2.16,189.00,273.00,1.16,19394432,2026-09-18T05:27:49Z
A,1gb,2e_K10,pread,128,4,0,0.00,100.00,638.76,3011.36,185.38,2825.98,,,3650.12,3464.74,2.18,189.00,288.00,1.16,19395296,2026-09-18T05:27:49Z
A,1gb,2e_K10,async,128,4,0,0.00,100.00,606.26,292.04,186.96,105.08,,,898.30,711.34,2.17,190.00,286.00,1.16,19395004,2026-09-18T05:27:50Z
A,1gb,2e_K500,pread,128,4,0,0.00,100.00,181.68,30054.52,194.78,29859.74,,,30236.20,30041.42,1.71,53.00,325.00,1.16,19395708,2026-09-18T05:27:50Z
A,1gb,2e_K500,async,128,4,0,0.00,100.00,711.11,1066.68,184.27,882.42,,,1777.79,1593.53,2.15,194.00,399.00,1.16,19395784,2026-09-18T05:27:50Z
A,1gb,2f_slru,pread,128,4,0,0.00,100.00,101.03,18889.56,187.79,18701.76,,,18990.59,18802.79,1.57,0.00,280.00,1.16,19397020,2026-09-18T05:27:51Z
A,1gb,2f_slru,async,128,4,0,0.00,100.00,129.62,13005.90,195.21,12810.70,,,13135.52,12940.32,1.59,0.00,280.00,1.16,19396516,2026-09-18T05:27:51Z
A,1gb,leaf_freq_K10,pread,128,4,0,0.00,100.00,1496.26,1084.27,187.13,897.14,,,2580.53,2393.40,2.19,189.00,280.00,1.16,19396056,2026-09-18T05:27:51Z
A,1gb,leaf_freq_K10,async,128,4,0,0.00,100.00,1510.52,260.18,183.57,76.61,,,1770.70,1587.13,2.19,189.00,280.00,1.16,19396764,2026-09-18T05:27:52Z
A,1gb,leaf_rand_K10,pread,128,4,0,0.00,100.00,1447.24,1084.07,185.78,898.29,,,2531.31,2345.53,2.18,190.00,266.00,1.16,19397208,2026-09-18T05:27:52Z
A,1gb,leaf_rand_K10,async,128,4,0,0.00,100.00,1390.17,262.42,186.44,75.98,,,1652.59,1466.15,2.15,190.00,266.00,1.16,19397592,2026-09-18T05:27:52Z
B,vacuum,layers_5,pread,128,4,0,0.00,100.00,940.19,775.80,187.88,587.92,,,1715.99,1528.11,2.05,144.00,235.00,1.14,19398564,2026-09-18T05:27:53Z
B,vacuum,layers_5,async,128,4,0,0.00,100.00,902.31,256.04,185.92,70.12,,,1158.35,972.43,2.08,144.00,233.00,1.14,19398736,2026-09-18T05:27:53Z
B,vacuum,layers_92,pread,128,4,0,0.00,100.00,554.41,7516.81,186.68,7330.13,,,8071.22,7884.54,2.06,143.00,234.00,1.14,19383396,2026-09-18T05:27:53Z
B,vacuum,layers_92,async,128,4,0,0.00,100.00,559.14,383.18,201.03,182.15,,,942.32,741.29,2.13,143.00,232.00,1.14,19385296,2026-09-18T05:27:54Z
B,vacuum,2d,pread,128,4,0,0.00,100.00,581.73,1372.80,187.80,1185.00,,,1954.53,1766.73,2.06,143.00,234.00,1.14,19385876,2026-09-18T05:27:54Z
B,vacuum,2d,async,128,4,0,0.00,100.00,517.43,267.26,188.99,78.28,,,784.69,595.71,2.05,143.00,232.00,1.14,19386892,2026-09-18T05:27:54Z
B,vacuum,2e_K10,pread,128,4,0,0.00,100.00,519.67,2339.57,187.28,2152.29,,,2859.24,2671.96,2.09,144.00,236.00,1.14,19388252,2026-09-18T05:27:55Z
B,vacuum,2e_K10,async,128,4,0,0.00,100.00,517.56,273.51,184.74,88.78,,,791.07,606.34,2.05,144.00,235.00,1.14,19389144,2026-09-18T05:27:55Z
B,vacuum,2e_K500,pread,128,4,0,0.00,100.00,183.16,13511.33,187.76,13323.57,,,13694.49,13506.73,1.60,4.00,229.00,1.14,19404620,2026-09-18T05:27:55Z
B,vacuum,2e_K500,async,128,4,0,0.00,100.00,181.84,1008.59,186.36,822.23,,,1190.43,1004.07,2.01,142.00,285.00,1.14,19408576,2026-09-18T05:27:55Z
B,vacuum,2f_slru,pread,128,4,0,0.00,100.00,96.64,13956.63,186.00,13770.63,,,14053.27,13867.27,1.58,0.00,214.00,1.14,19409988,2026-09-18T05:27:56Z
B,vacuum,2f_slru,async,128,4,0,0.00,100.00,101.13,5740.96,188.01,5552.95,,,5842.09,5654.08,1.62,0.00,214.00,1.14,19414172,2026-09-18T05:27:56Z
B,vacuum,leaf_freq_K10,pread,128,4,0,0.00,100.00,960.92,1082.81,187.20,895.60,,,2043.73,1856.52,2.05,145.00,233.00,1.14,19414420,2026-09-18T05:27:56Z
B,vacuum,leaf_freq_K10,async,128,4,0,0.00,100.00,1036.03,289.99,214.28,75.70,,,1326.02,1111.73,2.11,145.00,233.00,1.14,19415644,2026-09-18T05:27:57Z
B,vacuum,leaf_rand_K10,pread,128,4,0,0.00,100.00,928.46,1048.13,187.27,860.86,,,1976.59,1789.32,2.05,144.00,233.00,1.14,19415280,2026-09-18T05:27:57Z
B,vacuum,leaf_rand_K10,async,128,4,0,0.00,100.00,1006.52,263.38,188.30,75.08,,,1269.90,1081.60,2.06,144.00,233.00,1.14,19415620,2026-09-18T05:27:57Z
B,ta,layers_5,pread,128,4,0,0.00,100.00,516.24,436.41,188.15,248.26,,,952.65,764.50,2.20,190.00,269.00,1.21,19416456,2026-09-18T05:27:58Z
B,ta,layers_5,async,128,4,0,0.00,100.00,921.07,253.74,186.23,67.51,,,1174.81,988.58,2.21,190.00,267.00,1.21,19416708,2026-09-18T05:27:58Z
B,ta,layers_92,pread,128,4,0,0.00,100.00,575.22,1032.91,185.02,847.89,,,1608.13,1423.11,2.16,187.00,268.00,1.21,19417540,2026-09-18T05:27:58Z
B,ta,layers_92,async,128,4,0,0.00,46.70,557.81,356.86,187.78,169.08,,,914.67,726.89,2.21,189.00,267.00,1.21,19409716,2026-09-18T05:27:59Z
B,ta,2d,pread,128,4,0,0.00,100.00,539.41,1040.82,183.90,856.92,,,1580.23,1396.33,2.22,188.00,267.00,1.21,19415220,2026-09-18T05:27:59Z
B,ta,2d,async,128,4,0,0.00,66.00,545.08,298.61,179.66,118.95,,,843.69,664.03,2.21,189.00,267.00,1.21,19418492,2026-09-18T05:27:59Z
B,ta,2e_K10,pread,128,4,0,0.00,100.00,476.40,2150.54,187.51,1963.03,,,2626.94,2439.43,2.22,189.00,268.00,1.21,19419112,2026-09-18T05:27:59Z
B,ta,2e_K10,async,128,4,0,0.00,96.50,482.25,319.97,190.21,129.76,,,802.22,612.01,2.22,190.00,268.00,1.21,19419580,2026-09-18T05:28:00Z
B,ta,2e_K500,pread,128,4,0,0.00,100.00,182.97,36017.25,192.78,35824.46,,,36200.22,36007.43,1.94,91.00,326.00,1.21,19420372,2026-09-18T05:28:00Z
B,ta,2e_K500,async,128,4,0,0.00,43.70,183.83,980.51,187.66,792.85,,,1164.34,976.68,2.18,183.00,317.00,1.21,19406860,2026-09-18T05:28:00Z
B,ta,2f_slru,pread,128,4,0,0.00,100.00,97.53,17443.05,187.00,17256.04,,,17540.58,17353.57,1.60,0.00,279.00,1.21,19409120,2026-09-18T05:28:01Z
B,ta,2f_slru,async,128,4,0,0.00,100.00,97.83,7352.33,188.19,7164.14,,,7450.16,7261.97,1.63,0.00,279.00,1.21,19407136,2026-09-18T05:28:01Z
B,ta,leaf_freq_K10,pread,128,4,0,0.00,100.00,718.70,1115.28,185.27,930.01,,,1833.98,1648.71,2.20,191.00,269.00,1.21,19409992,2026-09-18T05:28:01Z
B,ta,leaf_freq_K10,async,128,4,0,0.00,100.00,686.29,864.75,790.37,74.39,,,1551.04,760.68,2.22,191.00,269.00,1.21,19410292,2026-09-18T05:28:02Z
B,ta,leaf_rand_K10,pread,128,4,0,0.00,100.00,652.56,1082.97,185.89,897.08,,,1735.53,1549.64,2.20,190.00,268.00,1.21,19410332,2026-09-18T05:28:02Z
B,ta,leaf_rand_K10,async,128,4,0,0.00,100.00,674.60,260.70,185.68,75.02,,,935.30,749.62,2.18,190.00,268.00,1.19,19410188,2026-09-18T05:28:02Z
B,1gb,layers_5,pread,128,4,0,0.00,100.00,1229.42,887.68,217.70,669.98,,,2117.10,1899.40,2.25,187.00,261.00,1.19,19407436,2026-09-18T05:28:03Z
B,1gb,layers_5,async,128,4,0,0.00,100.00,1183.38,254.00,184.15,69.85,,,1437.38,1253.23,2.23,188.00,261.00,1.19,19408428,2026-09-18T05:28:03Z
B,1gb,layers_92,pread,128,4,0,0.00,100.00,896.58,8083.85,187.85,7895.99,,,8980.43,8792.57,2.21,187.00,267.00,1.19,19408472,2026-09-18T05:28:03Z
B,1gb,layers_92,async,128,4,0,0.00,100.00,863.97,393.85,208.09,185.76,,,1257.82,1049.73,2.25,188.00,266.00,1.19,19388324,2026-09-18T05:28:04Z
B,1gb,2d,pread,128,4,0,0.00,100.00,552.75,2028.19,185.44,1842.76,,,2580.94,2395.51,2.22,186.00,268.00,1.19,19387824,2026-09-18T05:28:04Z
B,1gb,2d,async,128,4,0,0.00,100.00,522.98,275.86,187.46,88.40,,,798.84,611.38,2.21,187.00,267.00,1.19,19389520,2026-09-18T05:28:04Z
B,1gb,2e_K10,pread,128,4,0,0.00,100.00,1141.13,2945.75,187.07,2758.68,,,4086.88,3899.81,2.19,187.00,268.00,1.19,19389544,2026-09-18T05:28:05Z
B,1gb,2e_K10,async,128,4,0,0.00,100.00,552.06,289.73,188.66,101.07,,,841.79,653.13,2.23,188.00,268.00,1.19,19389700,2026-09-18T05:28:05Z
B,1gb,2e_K500,pread,128,4,0,0.00,100.00,184.35,19596.48,187.96,19408.52,,,19780.83,19592.87,1.79,56.00,313.00,1.19,19390232,2026-09-18T05:28:05Z
B,1gb,2e_K500,async,128,4,0,0.00,100.00,185.84,1033.18,179.41,853.77,,,1219.02,1039.61,2.28,186.00,320.00,1.19,19391712,2026-09-18T05:28:06Z
B,1gb,2f_slru,pread,128,4,0,0.00,100.00,107.66,19190.36,189.45,19000.91,,,19298.02,19108.57,1.63,0.00,280.00,1.19,19391832,2026-09-18T05:28:06Z
B,1gb,2f_slru,async,128,4,0,0.00,100.00,100.83,7466.07,184.02,7282.05,,,7566.90,7382.88,1.62,0.00,280.00,1.19,19390000,2026-09-18T05:28:06Z
B,1gb,leaf_freq_K10,pread,128,4,0,0.00,100.00,1294.28,1106.65,181.55,925.10,,,2400.93,2219.38,2.22,188.00,262.00,1.19,19393388,2026-09-18T05:28:07Z
B,1gb,leaf_freq_K10,async,128,4,0,0.00,100.00,1216.12,261.37,186.56,74.81,,,1477.49,1290.93,2.20,188.00,262.00,1.19,19393592,2026-09-18T05:28:07Z
B,1gb,leaf_rand_K10,pread,128,4,0,0.00,100.00,1154.65,1050.42,183.13,867.29,,,2205.07,2021.94,2.17,188.00,261.00,1.18,19395316,2026-09-18T05:28:07Z
B,1gb,leaf_rand_K10,async,128,4,0,0.00,100.00,1309.17,259.77,183.90,75.87,,,1568.94,1385.04,2.25,188.00,261.00,1.18,19395320,2026-09-18T05:28:08Z
C,vacuum,layers_5,pread,128,4,0,0.00,100.00,1057.64,768.51,183.00,585.51,,,1826.15,1643.15,1.52,12.00,29.00,1.18,19396536,2026-09-18T05:28:08Z
C,vacuum,layers_5,async,128,4,0,0.00,100.00,1051.48,250.57,181.63,68.94,,,1302.05,1120.42,1.52,12.00,29.00,1.18,19396892,2026-09-18T05:28:08Z
C,vacuum,layers_92,pread,128,4,0,0.00,100.00,662.28,7658.28,180.24,7478.04,,,8320.56,8140.32,1.52,12.00,31.00,1.18,19396324,2026-09-18T05:28:09Z
C,vacuum,layers_92,async,128,4,0,0.00,100.00,603.02,374.09,184.62,189.48,,,977.11,792.50,1.53,12.00,31.00,1.18,19397764,2026-09-18T05:28:09Z
C,vacuum,2d,pread,128,4,0,0.00,100.00,659.01,600.76,185.16,415.60,,,1259.77,1074.61,1.55,12.00,31.00,1.18,19396112,2026-09-18T05:28:09Z
C,vacuum,2d,async,128,4,0,0.00,100.00,598.61,245.48,176.96,68.52,,,844.09,667.13,1.52,12.00,31.00,1.18,19383128,2026-09-18T05:28:09Z
C,vacuum,2e_K10,pread,128,4,0,0.00,100.00,178.46,1486.43,184.53,1301.91,,,1664.89,1480.37,1.52,12.00,35.00,1.18,19382520,2026-09-18T05:28:10Z
C,vacuum,2e_K10,async,128,4,0,0.00,92.90,176.98,268.61,188.63,79.97,,,445.59,256.95,1.52,12.00,33.00,1.18,19383680,2026-09-18T05:28:10Z
C,vacuum,2e_K500,pread,128,4,0,0.00,100.00,178.95,2386.85,184.63,2202.22,,,2565.80,2381.17,1.50,0.00,30.00,1.18,19384028,2026-09-18T05:28:10Z
C,vacuum,2e_K500,async,128,4,0,0.00,60.40,179.09,650.78,182.50,468.28,,,829.87,647.37,1.52,0.00,30.00,1.18,19383828,2026-09-18T05:28:10Z
C,vacuum,2f_slru,pread,128,4,0,0.00,100.00,90.55,3061.53,182.08,2879.44,,,3152.08,2969.99,1.47,0.00,30.00,1.18,19384224,2026-09-18T05:28:11Z
C,vacuum,2f_slru,async,128,4,0,0.00,100.00,91.95,773.04,181.95,591.09,,,864.99,683.04,1.49,0.00,30.00,1.18,19384508,2026-09-18T05:28:11Z
C,vacuum,leaf_freq_K10,pread,128,4,0,0.00,100.00,722.87,763.12,183.76,579.37,,,1485.99,1302.24,1.53,12.00,33.00,1.18,19384220,2026-09-18T05:28:11Z
C,vacuum,leaf_freq_K10,async,128,4,0,0.00,100.00,792.07,258.31,183.22,75.09,,,1050.38,867.16,1.53,12.00,31.00,1.18,19384888,2026-09-18T05:28:11Z
C,vacuum,leaf_rand_K10,pread,128,4,0,0.00,100.00,1068.41,1017.85,182.23,835.62,,,2086.26,1904.03,1.52,12.00,29.00,1.18,19387004,2026-09-18T05:28:12Z
C,vacuum,leaf_rand_K10,async,128,4,0,0.00,100.00,1088.77,257.03,182.21,74.82,,,1345.80,1163.59,1.51,12.00,29.00,1.18,19387976,2026-09-18T05:28:12Z
C,ta,layers_5,pread,128,4,0,0.00,100.00,767.60,430.73,182.35,248.38,,,1198.33,1015.98,1.60,19.00,30.00,1.18,19387100,2026-09-18T05:28:12Z
C,ta,layers_5,async,128,4,0,0.00,100.00,794.66,250.51,182.01,68.50,,,1045.17,863.16,1.60,19.00,30.00,1.16,19387356,2026-09-18T05:28:12Z
C,ta,layers_92,pread,128,4,0,0.00,100.00,453.55,1031.15,182.04,849.11,,,1484.70,1302.66,1.59,18.00,31.00,1.16,19387444,2026-09-18T05:28:13Z
C,ta,layers_92,async,128,4,0,0.00,32.60,379.03,352.98,186.58,166.40,,,732.01,545.43,1.62,18.00,31.00,1.16,19388376,2026-09-18T05:28:13Z
C,ta,2d,pread,128,4,0,0.00,100.00,419.68,1035.85,181.41,854.44,,,1455.53,1274.12,1.61,18.00,31.00,1.16,19389532,2026-09-18T05:28:13Z
C,ta,2d,async,128,4,0,0.00,64.60,447.22,298.34,181.83,116.51,,,745.56,563.73,1.59,18.00,31.00,1.16,19391192,2026-09-18T05:28:13Z
C,ta,2e_K10,pread,128,4,0,0.00,100.00,176.29,1704.73,177.76,1526.97,,,1881.02,1703.26,1.59,17.00,33.00,1.16,19391028,2026-09-18T05:28:14Z
C,ta,2e_K10,async,128,4,0,0.00,70.70,176.58,310.96,183.20,127.76,,,487.54,304.34,1.59,17.00,32.00,1.16,19392024,2026-09-18T05:28:14Z
C,ta,2e_K500,pread,128,4,0,0.00,100.00,177.11,3352.72,179.90,3172.82,,,3529.83,3349.93,1.54,0.00,38.00,1.16,19391784,2026-09-18T05:28:14Z
C,ta,2e_K500,async,128,4,0,0.00,100.00,179.38,778.94,181.97,596.97,,,958.32,776.35,1.54,0.00,38.00,1.16,19381760,2026-09-18T05:28:14Z
C,ta,2f_slru,pread,128,4,0,0.00,100.00,90.91,3544.78,182.41,3362.37,,,3635.69,3453.28,1.53,0.00,38.00,1.16,19382024,2026-09-18T05:28:15Z
C,ta,2f_slru,async,128,4,0,0.00,100.00,90.68,1025.09,178.38,846.71,,,1115.77,937.39,1.54,0.00,38.00,1.16,19382860,2026-09-18T05:28:15Z
C,ta,leaf_freq_K10,pread,128,4,0,0.00,100.00,940.40,847.01,177.26,669.75,,,1787.41,1610.15,1.61,18.00,32.00,1.16,19385392,2026-09-18T05:28:15Z
C,ta,leaf_freq_K10,async,128,4,0,0.00,100.00,889.77,420.31,343.41,76.91,,,1310.08,966.68,1.60,18.00,31.00,1.16,19400724,2026-09-18T05:28:16Z
C,ta,leaf_rand_K10,pread,128,4,0,0.00,100.00,800.80,1053.95,183.44,870.51,,,1854.75,1671.31,1.61,19.00,30.00,1.16,19405396,2026-09-18T05:28:16Z
C,ta,leaf_rand_K10,async,128,4,0,0.00,100.00,796.00,258.41,182.35,76.05,,,1054.41,872.05,1.59,19.00,30.00,1.16,19405728,2026-09-18T05:28:16Z
C,1gb,layers_5,pread,128,4,0,0.00,100.00,1099.94,629.08,181.03,448.05,,,1729.02,1547.99,1.68,40.00,51.00,1.16,19410012,2026-09-18T05:28:16Z
C,1gb,layers_5,async,128,4,0,0.00,100.00,1108.32,248.21,180.46,67.75,,,1356.53,1176.07,1.68,40.00,51.00,1.16,19410968,2026-09-18T05:28:17Z
C,1gb,layers_92,pread,128,4,0,0.00,100.00,1198.42,8050.53,181.59,7868.93,,,9248.95,9067.35,1.71,38.00,54.00,1.16,19410932,2026-09-18T05:28:17Z
C,1gb,layers_92,async,128,4,0,0.00,100.00,1110.00,380.99,182.88,198.10,,,1490.99,1308.10,1.67,38.00,54.00,1.16,19411932,2026-09-18T05:28:17Z
C,1gb,2d,pread,128,4,0,0.00,100.00,515.91,805.41,180.59,624.83,,,1321.32,1140.74,1.68,37.00,59.00,1.15,19412576,2026-09-18T05:28:18Z
C,1gb,2d,async,128,4,0,0.00,100.00,479.32,252.68,180.31,72.37,,,732.00,551.69,1.66,37.00,59.00,1.15,19413120,2026-09-18T05:28:18Z
C,1gb,2e_K10,pread,128,4,0,0.00,100.00,153.13,1633.95,187.43,1446.52,,,1787.08,1599.65,1.68,36.00,66.00,1.15,19413176,2026-09-18T05:28:18Z
C,1gb,2e_K10,async,128,4,0,0.00,100.00,178.19,268.14,183.11,85.03,,,446.33,263.22,1.67,36.00,66.00,1.15,19415684,2026-09-18T05:28:18Z
C,1gb,2e_K500,pread,128,4,0,0.00,100.00,181.83,4688.53,181.86,4506.67,,,4870.36,4688.50,1.58,1.00,67.00,1.15,19416128,2026-09-18T05:28:19Z
C,1gb,2e_K500,async,128,4,0,0.00,100.00,782.13,866.05,180.36,685.69,,,1648.18,1467.82,1.68,37.00,107.00,1.15,19416376,2026-09-18T05:28:19Z
C,1gb,2f_slru,pread,128,4,0,0.00,100.00,96.86,5591.84,186.51,5405.33,,,5688.70,5502.19,1.54,0.00,64.00,1.15,19416760,2026-09-18T05:28:19Z
C,1gb,2f_slru,async,128,4,0,0.00,100.00,95.29,1877.44,191.88,1685.56,,,1972.73,1780.85,1.58,0.00,64.00,1.15,19418740,2026-09-18T05:28:20Z
C,1gb,leaf_freq_K10,pread,128,4,0,0.00,100.00,865.56,1106.61,181.65,924.96,,,1972.17,1790.52,1.68,38.00,63.00,1.15,19421528,2026-09-18T05:28:20Z
C,1gb,leaf_freq_K10,async,128,4,0,0.00,100.00,966.59,256.73,182.80,73.93,,,1223.32,1040.52,1.69,38.00,63.00,1.15,19423288,2026-09-18T05:28:20Z
C,1gb,leaf_rand_K10,pread,128,4,0,0.00,100.00,1213.25,1044.74,181.96,862.78,,,2257.99,2076.03,1.69,40.00,51.00,1.15,19403828,2026-09-18T05:28:20Z
C,1gb,leaf_rand_K10,async,128,4,0,0.00,100.00,1223.12,255.06,180.44,74.62,,,1478.18,1297.74,1.69,40.00,51.00,1.15,19404524,2026-09-18T05:28:21Z
A,vacuum,baseline,baseline,128,5,0,0.00,0.00,936.61,0.00,0.00,0.00,,,936.61,936.61,2.03,148.00,212.00,1.15,19405604,2026-09-18T05:28:21Z
A,ta,baseline,baseline,128,5,0,0.00,0.00,1028.50,0.00,0.00,0.00,,,1028.50,1028.50,2.12,189.00,259.00,1.15,19406116,2026-09-18T05:28:21Z
A,1gb,baseline,baseline,128,5,0,0.00,0.00,1359.47,0.00,0.00,0.00,,,1359.47,1359.47,2.17,190.00,267.00,1.15,19406716,2026-09-18T05:28:22Z
B,vacuum,baseline,baseline,128,5,0,0.00,0.00,1075.42,0.00,0.00,0.00,,,1075.42,1075.42,2.10,144.00,233.00,1.15,19408972,2026-09-18T05:28:22Z
B,ta,baseline,baseline,128,5,0,0.00,0.00,734.18,0.00,0.00,0.00,,,734.18,734.18,2.19,190.00,268.00,1.15,19409156,2026-09-18T05:28:22Z
B,1gb,baseline,baseline,128,5,0,0.00,0.00,1156.32,0.00,0.00,0.00,,,1156.32,1156.32,2.23,188.00,262.00,1.22,19407940,2026-09-18T05:28:23Z
C,vacuum,baseline,baseline,128,5,0,0.00,0.00,1063.53,0.00,0.00,0.00,,,1063.53,1063.53,1.52,12.00,29.00,1.22,19409476,2026-09-18T05:28:23Z
C,ta,baseline,baseline,128,5,0,0.00,0.00,822.56,0.00,0.00,0.00,,,822.56,822.56,1.61,19.00,30.00,1.22,19410096,2026-09-18T05:28:23Z
C,1gb,baseline,baseline,128,5,0,0.00,0.00,1181.73,0.00,0.00,0.00,,,1181.73,1181.73,1.68,40.00,52.00,1.22,19408532,2026-09-18T05:28:23Z
A,vacuum,layers_5,pread,128,5,0,0.00,100.00,837.09,780.29,195.76,584.53,,,1617.38,1421.62,2.03,149.00,214.00,1.22,19410512,2026-09-18T05:28:24Z
A,vacuum,layers_5,async,128,5,0,0.00,100.00,865.44,262.99,194.12,68.88,,,1128.43,934.32,2.00,150.00,212.00,1.22,19410968,2026-09-18T05:28:24Z
A,vacuum,layers_92,pread,128,5,0,0.00,100.00,411.72,7584.64,193.25,7391.39,,,7996.36,7803.11,2.00,145.00,225.00,1.22,19411140,2026-09-18T05:28:24Z
A,vacuum,layers_92,async,128,5,0,0.00,100.00,410.86,383.64,193.79,189.85,,,794.50,600.71,2.01,146.00,223.00,1.22,19411252,2026-09-18T05:28:25Z
A,vacuum,2d,pread,128,5,0,0.00,100.00,451.76,1387.36,198.72,1188.63,,,1839.12,1640.39,2.13,145.00,225.00,1.22,19412148,2026-09-18T05:28:25Z
A,vacuum,2d,async,128,5,0,0.00,100.00,413.55,273.25,195.07,78.19,,,686.80,491.74,1.98,146.00,223.00,1.22,19412168,2026-09-18T05:28:25Z
A,vacuum,2e_K10,pread,128,5,0,0.00,100.00,400.49,2156.40,192.26,1964.14,,,2556.89,2364.63,2.00,147.00,229.00,1.22,19394836,2026-09-18T05:28:26Z
A,vacuum,2e_K10,async,128,5,0,0.00,100.00,415.26,286.77,195.09,91.68,,,702.03,506.94,2.00,148.00,227.00,1.22,19405820,2026-09-18T05:28:26Z
A,vacuum,2e_K500,pread,128,5,0,0.00,100.00,461.05,16120.79,194.22,15926.57,,,16581.84,16387.62,1.89,126.00,419.00,1.22,19407240,2026-09-18T05:28:26Z
A,vacuum,2e_K500,async,128,5,0,0.00,15.60,2603.68,885.14,197.08,688.06,,,3488.82,3291.74,2.03,145.00,335.00,1.22,19407260,2026-09-18T05:28:27Z
A,vacuum,2f_slru,pread,128,5,0,0.00,100.00,95.44,14119.80,196.59,13923.21,,,14215.24,14018.65,1.54,0.00,214.00,1.22,19408636,2026-09-18T05:28:27Z
A,vacuum,2f_slru,async,128,5,0,0.00,100.00,95.39,5641.34,193.74,5447.60,,,5736.73,5542.99,1.62,0.00,214.00,1.22,19408212,2026-09-18T05:28:27Z
A,vacuum,leaf_freq_K10,pread,128,5,0,0.00,100.00,995.93,1126.31,196.39,929.92,,,2122.24,1925.85,2.01,149.00,217.00,1.28,19408952,2026-09-18T05:28:27Z
A,vacuum,leaf_freq_K10,async,128,5,0,0.00,100.00,956.21,269.37,194.42,74.95,,,1225.58,1031.16,2.02,149.00,217.00,1.28,19409344,2026-09-18T05:28:28Z
A,vacuum,leaf_rand_K10,pread,128,5,0,0.00,100.00,1025.84,1124.95,196.09,928.87,,,2150.79,1954.71,2.03,148.00,212.00,1.28,19409788,2026-09-18T05:28:28Z
A,vacuum,leaf_rand_K10,async,128,5,0,0.00,100.00,998.48,270.66,188.59,82.07,,,1269.14,1080.55,2.00,148.00,212.00,1.28,19409528,2026-09-18T05:28:28Z
A,ta,layers_5,pread,128,5,0,0.00,100.00,936.24,696.41,439.65,256.76,,,1632.65,1193.00,2.16,189.00,259.00,1.28,19410524,2026-09-18T05:28:29Z
A,ta,layers_5,async,128,5,0,0.00,100.00,972.59,263.79,195.69,68.10,,,1236.38,1040.69,2.14,189.00,259.00,1.28,19410124,2026-09-18T05:28:29Z
A,ta,layers_92,pread,128,5,0,0.00,100.00,602.11,958.88,196.39,762.49,,,1560.99,1364.60,2.13,186.00,260.00,1.28,19410948,2026-09-18T05:28:29Z
A,ta,layers_92,async,128,5,0,0.00,100.00,595.37,361.11,188.81,172.30,,,956.48,767.67,2.19,188.00,259.00,1.28,19411964,2026-09-18T05:28:30Z
A,ta,2d,pread,128,5,0,0.00,100.00,568.27,1018.66,195.12,823.54,,,1586.93,1391.81,2.18,187.00,260.00,1.28,19412072,2026-09-18T05:28:30Z
A,ta,2d,async,128,5,0,0.00,66.00,560.43,319.96,195.37,124.59,,,880.39,685.02,2.15,188.00,259.00,1.28,19411992,2026-09-18T05:28:30Z
A,ta,2e_K10,pread,128,5,0,0.00,100.00,529.82,2119.28,194.28,1925.00,,,2649.10,2454.82,2.18,188.00,269.00,1.28,19412220,2026-09-18T05:28:31Z
A,ta,2e_K10,async,128,5,0,0.00,100.00,629.94,325.52,196.42,129.10,,,955.46,759.04,2.18,189.00,268.00,1.28,19388724,2026-09-18T05:28:31Z
A,ta,2e_K500,pread,128,5,0,0.00,100.00,586.69,17377.46,185.72,17191.74,,,17964.15,17778.43,1.77,72.00,326.00,1.28,19394620,2026-09-18T05:28:31Z
A,ta,2e_K500,async,128,5,0,0.00,40.00,648.53,929.97,186.24,743.73,,,1578.50,1392.26,2.12,192.00,383.00,1.28,19394324,2026-09-18T05:28:32Z
A,ta,2f_slru,pread,128,5,0,0.00,100.00,97.25,18646.48,184.34,18462.14,,,18743.73,18559.39,1.58,0.00,279.00,1.28,19395596,2026-09-18T05:28:32Z
A,ta,2f_slru,async,128,5,0,0.00,100.00,96.34,7295.27,187.73,7107.53,,,7391.61,7203.87,1.58,0.00,279.00,1.28,19395284,2026-09-18T05:28:32Z
A,ta,leaf_freq_K10,pread,128,5,0,0.00,100.00,983.56,1107.34,184.84,922.50,,,2090.90,1906.06,2.11,190.00,268.00,1.26,19396444,2026-09-18T05:28:32Z
A,ta,leaf_freq_K10,async,128,5,0,0.00,100.00,950.59,260.80,186.18,74.62,,,1211.39,1025.21,2.14,190.00,268.00,1.26,19397280,2026-09-18T05:28:33Z
A,ta,leaf_rand_K10,pread,128,5,0,0.00,100.00,953.50,1111.02,187.35,923.67,,,2064.52,1877.17,2.15,189.00,259.00,1.26,19395560,2026-09-18T05:28:33Z
A,ta,leaf_rand_K10,async,128,5,0,0.00,100.00,1083.47,262.43,186.88,75.55,,,1345.90,1159.02,2.15,189.00,259.00,1.26,19397076,2026-09-18T05:28:33Z
A,1gb,layers_5,pread,128,5,0,0.00,100.00,1454.59,569.81,78.76,491.05,,,2024.40,1945.64,2.17,189.00,269.00,1.26,19397812,2026-09-18T05:28:34Z
A,1gb,layers_5,async,128,5,0,0.00,100.00,1392.29,253.69,186.19,67.50,,,1645.98,1459.79,2.21,190.00,268.00,1.26,19397724,2026-09-18T05:28:34Z
A,1gb,layers_92,pread,128,5,0,0.00,100.00,911.30,8024.01,187.66,7836.34,,,8935.31,8747.64,2.16,189.00,274.00,1.26,19399408,2026-09-18T05:28:34Z
A,1gb,layers_92,async,128,5,0,0.00,100.00,962.62,408.58,205.34,203.24,,,1371.20,1165.86,2.22,190.00,272.00,1.26,19398516,2026-09-18T05:28:35Z
A,1gb,2d,pread,128,5,0,0.00,100.00,613.61,2109.97,186.33,1923.64,,,2723.58,2537.25,2.17,188.00,275.00,1.26,19398976,2026-09-18T05:28:35Z
A,1gb,2d,async,128,5,0,0.00,100.00,643.93,274.34,185.49,88.85,,,918.27,732.78,2.19,189.00,273.00,1.26,19400024,2026-09-18T05:28:35Z
A,1gb,2e_K10,pread,128,5,0,0.00,100.00,884.32,2999.24,194.83,2804.41,,,3883.56,3688.73,2.25,189.00,288.00,1.26,19414832,2026-09-18T05:28:36Z
A,1gb,2e_K10,async,128,5,0,0.00,100.00,577.81,290.38,185.42,104.96,,,868.19,682.77,2.13,190.00,286.00,1.26,19413852,2026-09-18T05:28:36Z
A,1gb,2e_K500,pread,128,5,0,0.00,100.00,184.95,19121.84,194.19,18927.65,,,19306.79,19112.60,1.73,53.00,324.00,1.26,19407772,2026-09-18T05:28:36Z
A,1gb,2e_K500,async,128,5,0,0.00,100.00,682.60,1057.97,181.21,876.76,,,1740.57,1559.36,2.21,194.00,401.00,1.26,19410188,2026-09-18T05:28:37Z
A,1gb,2f_slru,pread,128,5,0,0.00,100.00,99.62,19598.87,187.91,19410.96,,,19698.49,19510.58,1.56,0.00,280.00,1.26,19411420,2026-09-18T05:28:37Z
A,1gb,2f_slru,async,128,5,0,0.00,100.00,107.16,7425.75,187.48,7238.27,,,7532.91,7345.43,1.61,0.00,280.00,1.26,19409200,2026-09-18T05:28:37Z
A,1gb,leaf_freq_K10,pread,128,5,0,0.00,100.00,1537.18,1111.36,185.49,925.87,,,2648.54,2463.05,2.14,189.00,280.00,1.24,19411740,2026-09-18T05:28:38Z
A,1gb,leaf_freq_K10,async,128,5,0,0.00,100.00,1492.38,278.87,203.89,74.98,,,1771.25,1567.36,2.17,189.00,280.00,1.24,19411712,2026-09-18T05:28:38Z
A,1gb,leaf_rand_K10,pread,128,5,0,0.00,100.00,1427.69,1089.50,194.34,895.15,,,2517.19,2322.84,2.18,190.00,266.00,1.24,19412928,2026-09-18T05:28:38Z
A,1gb,leaf_rand_K10,async,128,5,0,0.00,100.00,1381.79,262.59,187.39,75.20,,,1644.38,1456.99,2.15,190.00,266.00,1.24,19413264,2026-09-18T05:28:39Z
B,vacuum,layers_5,pread,128,5,0,0.00,100.00,910.24,773.44,186.79,586.65,,,1683.68,1496.89,2.07,144.00,235.00,1.24,19413684,2026-09-18T05:28:39Z
B,vacuum,layers_5,async,128,5,0,0.00,80.00,894.03,531.93,461.47,70.46,,,1425.96,964.49,2.07,144.00,233.00,1.24,19417584,2026-09-18T05:28:39Z
B,vacuum,layers_92,pread,128,5,0,0.00,100.00,513.52,7641.62,185.98,7455.64,,,8155.14,7969.16,2.03,143.00,234.00,1.24,19418864,2026-09-18T05:28:40Z
B,vacuum,layers_92,async,128,5,0,0.00,100.00,560.14,379.51,189.73,189.79,,,939.65,749.93,2.05,143.00,232.00,1.24,19418688,2026-09-18T05:28:40Z
B,vacuum,2d,pread,128,5,0,0.00,100.00,464.86,1368.82,186.67,1182.15,,,1833.68,1647.01,2.05,143.00,234.00,1.24,19419688,2026-09-18T05:28:40Z
B,vacuum,2d,async,128,5,0,0.00,100.00,511.53,262.01,185.67,76.34,,,773.54,587.87,2.00,143.00,232.00,1.24,19419824,2026-09-18T05:28:41Z
B,vacuum,2e_K10,pread,128,5,0,0.00,100.00,549.49,2277.67,185.74,2091.93,,,2827.16,2641.42,2.04,144.00,236.00,1.24,19409016,2026-09-18T05:28:41Z
B,vacuum,2e_K10,async,128,5,0,0.00,100.00,522.81,280.99,189.74,91.25,,,803.80,614.06,2.06,144.00,235.00,1.24,19406904,2026-09-18T05:28:41Z
B,vacuum,2e_K500,pread,128,5,0,0.00,100.00,184.06,13652.08,187.08,13465.00,,,13836.14,13649.06,1.62,4.00,229.00,1.24,19407248,2026-09-18T05:28:41Z
B,vacuum,2e_K500,async,128,5,0,0.00,100.00,184.63,1107.21,196.76,910.45,,,1291.84,1095.08,2.03,142.00,286.00,1.24,19407340,2026-09-18T05:28:42Z
B,vacuum,2f_slru,pread,128,5,0,0.00,100.00,96.44,14601.17,187.32,14413.85,,,14697.61,14510.29,1.57,0.00,214.00,1.24,19408000,2026-09-18T05:28:42Z
B,vacuum,2f_slru,async,128,5,0,0.00,100.00,95.91,5673.29,185.28,5488.01,,,5769.20,5583.92,1.62,0.00,214.00,1.24,19401620,2026-09-18T05:28:42Z
B,vacuum,leaf_freq_K10,pread,128,5,0,0.00,100.00,1081.37,1080.00,185.07,894.93,,,2161.37,1976.30,2.06,145.00,233.00,1.30,19398336,2026-09-18T05:28:43Z
B,vacuum,leaf_freq_K10,async,128,5,0,0.00,100.00,966.55,264.28,187.73,76.54,,,1230.83,1043.09,2.04,145.00,233.00,1.30,19398768,2026-09-18T05:28:43Z
B,vacuum,leaf_rand_K10,pread,128,5,0,0.00,100.00,1062.87,1053.22,186.74,866.48,,,2116.09,1929.35,2.06,144.00,233.00,1.30,19401260,2026-09-18T05:28:43Z
B,vacuum,leaf_rand_K10,async,128,5,0,0.00,100.00,1001.11,264.29,188.25,76.03,,,1265.40,1077.14,2.03,144.00,233.00,1.30,19401136,2026-09-18T05:28:44Z
B,ta,layers_5,pread,128,5,0,0.00,100.00,525.88,444.72,185.44,259.28,,,970.60,785.16,2.20,190.00,269.00,1.30,19401548,2026-09-18T05:28:44Z
B,ta,layers_5,async,128,5,0,0.00,100.00,915.48,253.31,185.54,67.77,,,1168.79,983.25,2.15,190.00,267.00,1.30,19403008,2026-09-18T05:28:44Z
B,ta,layers_92,pread,128,5,0,0.00,100.00,578.49,990.07,188.72,801.35,,,1568.56,1379.84,2.19,187.00,268.00,1.30,19404136,2026-09-18T05:28:45Z
B,ta,layers_92,async,128,5,0,0.00,100.00,551.99,358.15,190.01,168.15,,,910.14,720.14,2.18,189.00,267.00,1.30,19403960,2026-09-18T05:28:45Z
B,ta,2d,pread,128,5,0,0.00,100.00,541.30,1004.80,183.96,820.84,,,1546.10,1362.14,2.18,188.00,267.00,1.30,19405720,2026-09-18T05:28:45Z
B,ta,2d,async,128,5,0,0.00,66.00,568.48,307.18,186.99,120.19,,,875.66,688.67,2.21,189.00,267.00,1.30,19405652,2026-09-18T05:28:45Z
B,ta,2e_K10,pread,128,5,0,0.00,100.00,590.37,2335.05,190.57,2144.48,,,2925.42,2734.85,2.25,189.00,268.00,1.30,19405348,2026-09-18T05:28:46Z
B,ta,2e_K10,async,128,5,0,0.00,71.90,503.99,320.41,186.84,133.57,,,824.40,637.56,2.17,190.00,268.00,1.30,19405232,2026-09-18T05:28:46Z
B,ta,2e_K500,pread,128,5,0,0.00,100.00,181.70,16485.72,186.26,16299.45,,,16667.42,16481.15,1.87,91.00,326.00,1.30,19406152,2026-09-18T05:28:46Z
B,ta,2e_K500,async,128,5,0,0.00,36.90,199.37,942.38,188.22,754.16,,,1141.75,953.53,2.19,183.00,316.00,1.30,19408580,2026-09-18T05:28:47Z
B,ta,2f_slru,pread,128,5,0,0.00,100.00,97.86,17317.46,186.01,17131.45,,,17415.32,17229.31,1.59,0.00,279.00,1.30,19409580,2026-09-18T05:28:47Z
B,ta,2f_slru,async,128,5,0,0.00,100.00,95.30,7298.22,187.07,7111.15,,,7393.52,7206.45,1.63,0.00,279.00,1.27,19408728,2026-09-18T05:28:47Z
B,ta,leaf_freq_K10,pread,128,5,0,0.00,100.00,778.64,1118.24,186.92,931.32,,,1896.88,1709.96,2.22,191.00,269.00,1.27,19407140,2026-09-18T05:28:48Z
B,ta,leaf_freq_K10,async,128,5,0,0.00,100.00,676.23,261.46,185.16,76.30,,,937.69,752.53,2.22,191.00,269.00,1.27,19408448,2026-09-18T05:28:48Z
B,ta,leaf_rand_K10,pread,128,5,0,0.00,100.00,695.31,1149.41,204.38,945.03,,,1844.72,1640.34,2.33,190.00,268.00,1.27,19410180,2026-09-18T05:28:48Z
B,ta,leaf_rand_K10,async,128,5,0,0.00,100.00,782.00,262.61,187.88,74.73,,,1044.61,856.73,2.19,190.00,268.00,1.27,19410508,2026-09-18T05:28:49Z
B,1gb,layers_5,pread,128,5,0,0.00,100.00,1119.56,694.04,186.83,507.21,,,1813.60,1626.77,2.17,187.00,261.00,1.27,19410776,2026-09-18T05:28:49Z
B,1gb,layers_5,async,128,5,0,0.00,100.00,1023.44,268.79,194.92,73.87,,,1292.23,1097.31,2.23,188.00,261.00,1.27,19411364,2026-09-18T05:28:49Z
B,1gb,layers_92,pread,128,5,0,0.00,100.00,894.09,8132.68,187.61,7945.07,,,9026.77,8839.16,2.19,187.00,267.00,1.27,19411816,2026-09-18T05:28:50Z
B,1gb,layers_92,async,128,5,0,0.00,100.00,756.77,397.29,185.09,212.20,,,1154.06,968.97,2.18,188.00,266.00,1.27,19411320,2026-09-18T05:28:50Z
B,1gb,2d,pread,128,5,0,0.00,100.00,1046.37,2046.52,192.45,1854.07,,,3092.89,2900.44,2.23,186.00,268.00,1.27,19411944,2026-09-18T05:28:50Z
B,1gb,2d,async,128,5,0,0.00,100.00,485.52,273.54,184.76,88.78,,,759.06,574.30,2.17,187.00,267.00,1.27,19412136,2026-09-18T05:28:51Z
B,1gb,2e_K10,pread,128,5,0,0.00,100.00,524.34,2908.85,190.78,2718.07,,,3433.19,3242.41,2.20,187.00,268.00,1.27,19412412,2026-09-18T05:28:51Z
B,1gb,2e_K10,async,128,5,0,0.00,100.00,596.60,297.40,189.43,107.97,,,894.00,704.57,2.22,188.00,268.00,1.27,19410748,2026-09-18T05:28:51Z
B,1gb,2e_K500,pread,128,5,0,0.00,100.00,185.58,19376.05,228.90,19147.15,,,19561.63,19332.73,1.78,56.00,313.00,1.27,19410044,2026-09-18T05:28:52Z
B,1gb,2e_K500,async,128,5,0,0.00,100.00,154.63,1133.35,229.63,903.72,,,1287.98,1058.35,2.16,186.00,319.00,1.27,19410668,2026-09-18T05:28:52Z
B,1gb,2f_slru,pread,128,5,0,0.00,100.00,97.24,28059.29,235.34,27823.95,,,28156.53,27921.19,1.58,0.00,280.00,1.25,19409968,2026-09-18T05:28:52Z
B,1gb,2f_slru,async,128,5,0,0.00,100.00,101.22,7509.46,229.54,7279.92,,,7610.68,7381.14,1.64,0.00,280.00,1.25,19408472,2026-09-18T05:28:53Z
B,1gb,leaf_freq_K10,pread,128,5,0,0.00,100.00,1314.63,1125.46,226.03,899.42,,,2440.09,2214.05,2.22,188.00,262.00,1.25,19400996,2026-09-18T05:28:53Z
B,1gb,leaf_freq_K10,async,128,5,0,0.00,100.00,1240.50,305.41,229.31,76.10,,,1545.91,1316.60,2.24,188.00,262.00,1.25,19400336,2026-09-18T05:28:53Z
B,1gb,leaf_rand_K10,pread,128,5,0,0.00,100.00,1371.42,1090.61,230.92,859.69,,,2462.03,2231.11,2.19,188.00,261.00,1.25,19402820,2026-09-18T05:28:54Z
B,1gb,leaf_rand_K10,async,128,5,0,0.00,100.00,1148.19,307.12,230.44,76.67,,,1455.31,1224.86,2.16,188.00,261.00,1.25,19404176,2026-09-18T05:28:54Z
C,vacuum,layers_5,pread,128,5,0,0.00,100.00,1030.46,854.84,230.34,624.49,,,1885.30,1654.95,1.50,12.00,29.00,1.25,19405136,2026-09-18T05:28:54Z
C,vacuum,layers_5,async,128,5,0,0.00,100.00,1059.96,299.78,230.65,69.13,,,1359.74,1129.09,1.50,12.00,29.00,1.25,19405120,2026-09-18T05:28:55Z
C,vacuum,layers_92,pread,128,5,0,0.00,100.00,503.05,8229.95,391.75,7838.21,,,8733.00,8341.26,1.50,12.00,31.00,1.25,19405328,2026-09-18T05:28:55Z
C,vacuum,layers_92,async,128,5,0,0.00,100.00,633.62,415.23,226.63,188.60,,,1048.85,822.22,1.51,12.00,31.00,1.25,19406940,2026-09-18T05:28:55Z
C,vacuum,2d,pread,128,5,0,0.00,100.00,633.44,662.52,233.09,429.44,,,1295.96,1062.88,1.52,12.00,31.00,1.25,19407652,2026-09-18T05:28:55Z
C,vacuum,2d,async,128,5,0,0.00,100.00,653.72,293.39,224.84,68.55,,,947.11,722.27,1.52,12.00,31.00,1.25,19408284,2026-09-18T05:28:56Z
C,vacuum,2e_K10,pread,128,5,0,0.00,100.00,180.14,1207.60,238.73,968.87,,,1387.74,1149.01,1.51,12.00,35.00,1.25,19408548,2026-09-18T05:28:56Z
C,vacuum,2e_K10,async,128,5,0,0.00,100.00,176.15,308.97,228.11,80.86,,,485.12,257.01,1.50,12.00,33.00,1.25,19428844,2026-09-18T05:28:56Z
C,vacuum,2e_K500,pread,128,5,0,0.00,100.00,180.39,4550.86,558.43,3992.43,,,4731.25,4172.82,1.45,0.00,30.00,1.25,19430104,2026-09-18T05:28:56Z
C,vacuum,2e_K500,async,128,5,0,0.00,47.90,181.18,682.70,233.44,449.26,,,863.88,630.44,1.46,0.00,30.00,1.25,19431348,2026-09-18T05:28:57Z
C,vacuum,2f_slru,pread,128,5,0,0.00,100.00,94.50,4437.62,1562.11,2875.52,,,4532.12,2970.02,1.46,0.00,30.00,1.25,19432308,2026-09-18T05:28:57Z
C,vacuum,2f_slru,async,128,5,0,0.00,100.00,92.97,786.06,230.53,555.52,,,879.03,648.49,1.48,0.00,30.00,1.25,19432984,2026-09-18T05:28:57Z
C,vacuum,leaf_freq_K10,pread,128,5,0,0.00,100.00,799.45,659.64,226.41,433.24,,,1459.09,1232.69,1.51,12.00,33.00,1.23,19432952,2026-09-18T05:28:57Z
C,vacuum,leaf_freq_K10,async,128,5,0,0.00,100.00,659.04,300.99,226.66,74.33,,,960.03,733.37,1.53,12.00,31.00,1.23,19435756,2026-09-18T05:28:58Z
C,vacuum,leaf_rand_K10,pread,128,5,0,0.00,100.00,1122.72,978.29,229.74,748.55,,,2101.01,1871.27,1.51,12.00,29.00,1.23,19436844,2026-09-18T05:28:58Z
C,vacuum,leaf_rand_K10,async,128,5,0,0.00,100.00,1003.06,300.63,227.03,73.61,,,1303.69,1076.67,1.50,12.00,29.00,1.23,19436960,2026-09-18T05:28:58Z
C,ta,layers_5,pread,128,5,0,0.00,100.00,701.31,473.54,226.95,246.59,,,1174.85,947.90,1.58,19.00,30.00,1.23,19415380,2026-09-18T05:28:58Z
C,ta,layers_5,async,128,5,0,0.00,100.00,784.02,293.43,224.87,68.56,,,1077.45,852.58,1.58,19.00,30.00,1.23,19423724,2026-09-18T05:28:59Z
C,ta,layers_92,pread,128,5,0,0.00,100.00,450.14,1044.75,227.58,817.18,,,1494.89,1267.32,1.57,18.00,31.00,1.23,19424020,2026-09-18T05:28:59Z
C,ta,layers_92,async,128,5,0,0.00,100.00,440.06,389.95,226.25,163.70,,,830.01,603.76,1.59,18.00,31.00,1.23,19424808,2026-09-18T05:28:59Z
C,ta,2d,pread,128,5,0,0.00,100.00,419.64,1046.28,223.60,822.68,,,1465.92,1242.32,1.58,18.00,31.00,1.23,19424444,2026-09-18T05:28:59Z
C,ta,2d,async,128,5,0,0.00,64.60,448.33,343.85,228.66,115.19,,,792.18,563.52,1.58,18.00,31.00,1.23,19423972,2026-09-18T05:29:00Z
C,ta,2e_K10,pread,128,5,0,0.00,100.00,176.81,1695.35,227.80,1467.55,,,1872.16,1644.36,1.58,17.00,33.00,1.23,19424576,2026-09-18T05:29:00Z
C,ta,2e_K10,async,128,5,0,0.00,62.10,176.86,353.61,225.92,127.69,,,530.47,304.55,1.57,17.00,32.00,1.23,19424564,2026-09-18T05:29:00Z
C,ta,2e_K500,pread,128,5,0,0.00,100.00,180.81,3664.48,229.71,3434.77,,,3845.29,3615.58,1.54,0.00,38.00,1.23,19425380,2026-09-18T05:29:00Z
C,ta,2e_K500,async,128,5,0,0.00,100.00,178.90,795.80,224.68,571.11,,,974.70,750.01,1.53,0.00,38.00,1.23,19425804,2026-09-18T05:29:01Z
C,ta,2f_slru,pread,128,5,0,0.00,100.00,91.25,3518.98,226.84,3292.14,,,3610.23,3383.39,1.56,0.00,38.00,1.23,19426964,2026-09-18T05:29:01Z
C,ta,2f_slru,async,128,5,0,0.00,100.00,89.90,1045.21,227.06,818.16,,,1135.11,908.06,1.52,0.00,38.00,1.23,19427932,2026-09-18T05:29:01Z
C,ta,leaf_freq_K10,pread,128,5,0,0.00,100.00,839.06,896.61,229.21,667.39,,,1735.67,1506.45,1.58,18.00,32.00,1.23,19411944,2026-09-18T05:29:02Z
C,ta,leaf_freq_K10,async,128,5,0,0.00,100.00,915.73,302.56,228.25,74.31,,,1218.29,990.04,1.60,18.00,31.00,1.23,19408868,2026-09-18T05:29:02Z
C,ta,leaf_rand_K10,pread,128,5,0,0.00,100.00,791.98,1126.21,226.12,900.08,,,1918.19,1692.06,1.61,19.00,30.00,1.23,19409580,2026-09-18T05:29:02Z
C,ta,leaf_rand_K10,async,128,5,0,0.00,100.00,793.82,302.91,228.07,74.84,,,1096.73,868.66,1.58,19.00,30.00,1.23,19411056,2026-09-18T05:29:02Z
C,1gb,layers_5,pread,128,5,0,0.00,100.00,1187.52,621.60,228.44,393.16,,,1809.12,1580.68,1.68,40.00,51.00,1.21,19410860,2026-09-18T05:29:03Z
C,1gb,layers_5,async,128,5,0,0.00,100.00,1231.06,296.97,228.24,68.73,,,1528.03,1299.79,1.67,40.00,51.00,1.21,19412364,2026-09-18T05:29:03Z
C,1gb,layers_92,pread,128,5,0,0.00,100.00,1151.64,7966.26,229.87,7736.39,,,9117.90,8888.03,1.69,38.00,54.00,1.21,19412416,2026-09-18T05:29:03Z
C,1gb,layers_92,async,128,5,0,0.00,100.00,2685.25,626.68,318.79,307.89,,,3311.93,2993.14,1.69,38.00,54.00,1.21,19412232,2026-09-18T05:29:03Z
C,1gb,2d,pread,128,5,0,0.00,100.00,488.72,935.60,226.71,708.89,,,1424.32,1197.61,1.68,37.00,59.00,1.21,19394132,2026-09-18T05:29:04Z
C,1gb,2d,async,128,5,0,0.00,100.00,491.04,298.82,225.22,73.60,,,789.86,564.64,1.66,37.00,59.00,1.21,19394712,2026-09-18T05:29:04Z
C,1gb,2e_K10,pread,128,5,0,0.00,100.00,147.49,1748.45,227.26,1521.19,,,1895.94,1668.68,1.65,36.00,66.00,1.21,19399372,2026-09-18T05:29:04Z
C,1gb,2e_K10,async,128,5,0,0.00,100.00,150.05,314.24,228.46,85.78,,,464.29,235.83,1.67,36.00,66.00,1.21,19398940,2026-09-18T05:29:05Z
C,1gb,2e_K500,pread,128,5,0,0.00,100.00,186.76,4920.42,227.45,4692.97,,,5107.18,4879.73,1.54,1.00,67.00,1.21,19398744,2026-09-18T05:29:05Z
C,1gb,2e_K500,async,128,5,0,0.00,100.00,186.84,946.37,227.20,719.17,,,1133.21,906.01,1.64,37.00,107.00,1.21,19399472,2026-09-18T05:29:05Z
C,1gb,2f_slru,pread,128,5,0,0.00,100.00,469.94,5783.90,309.78,5474.12,,,6253.84,5944.06,1.54,0.00,64.00,1.21,19399284,2026-09-18T05:29:05Z
C,1gb,2f_slru,async,128,5,0,0.00,100.00,95.38,1911.03,228.15,1682.88,,,2006.41,1778.26,1.56,0.00,64.00,1.21,19400416,2026-09-18T05:29:06Z
C,1gb,leaf_freq_K10,pread,128,5,0,0.00,100.00,864.72,1122.89,228.32,894.57,,,1987.61,1759.29,1.67,38.00,63.00,1.21,19399456,2026-09-18T05:29:06Z
C,1gb,leaf_freq_K10,async,128,5,0,0.00,100.00,853.66,299.01,225.79,73.22,,,1152.67,926.88,1.66,38.00,63.00,1.21,19400968,2026-09-18T05:29:06Z
C,1gb,leaf_rand_K10,pread,128,5,0,0.00,100.00,1201.47,1060.14,225.33,834.81,,,2261.61,2036.28,1.70,40.00,51.00,1.21,19401048,2026-09-18T05:29:07Z
C,1gb,leaf_rand_K10,async,128,5,0,0.00,100.00,1190.29,300.23,225.66,74.56,,,1490.52,1264.85,1.67,40.00,51.00,1.21,19401880,2026-09-18T05:29:07Z
A,vacuum,baseline,baseline,128,6,0,0.00,0.00,921.67,0.00,0.00,0.00,,,921.67,921.67,2.02,148.00,212.00,1.21,19402356,2026-09-18T05:29:07Z
A,ta,baseline,baseline,128,6,0,0.00,0.00,1131.48,0.00,0.00,0.00,,,1131.48,1131.48,2.20,189.00,259.00,1.20,19403464,2026-09-18T05:29:08Z
A,1gb,baseline,baseline,128,6,0,0.00,0.00,1452.02,0.00,0.00,0.00,,,1452.02,1452.02,2.14,190.00,267.00,1.20,19402200,2026-09-18T05:29:08Z
B,vacuum,baseline,baseline,128,6,0,0.00,0.00,935.85,0.00,0.00,0.00,,,935.85,935.85,2.01,144.00,233.00,1.20,19404428,2026-09-18T05:29:08Z
B,ta,baseline,baseline,128,6,0,0.00,0.00,1785.15,0.00,0.00,0.00,,,1785.15,1785.15,2.19,190.00,268.00,1.20,19406136,2026-09-18T05:29:09Z
B,1gb,baseline,baseline,128,6,0,0.00,0.00,1222.92,0.00,0.00,0.00,,,1222.92,1222.92,2.24,188.00,262.00,1.20,19397504,2026-09-18T05:29:09Z
C,vacuum,baseline,baseline,128,6,0,0.00,0.00,1133.66,0.00,0.00,0.00,,,1133.66,1133.66,1.52,12.00,29.00,1.20,19404400,2026-09-18T05:29:09Z
C,ta,baseline,baseline,128,6,0,0.00,0.00,824.50,0.00,0.00,0.00,,,824.50,824.50,1.60,19.00,30.00,1.20,19405728,2026-09-18T05:29:09Z
C,1gb,baseline,baseline,128,6,0,0.00,0.00,1190.80,0.00,0.00,0.00,,,1190.80,1190.80,1.65,40.00,52.00,1.20,19405200,2026-09-18T05:29:10Z
A,vacuum,layers_5,pread,128,6,0,0.00,100.00,849.38,781.36,195.97,585.39,,,1630.74,1434.77,2.07,149.00,214.00,1.20,19405844,2026-09-18T05:29:10Z
A,vacuum,layers_5,async,128,6,0,0.00,100.00,867.02,266.74,195.90,70.84,,,1133.76,937.86,1.99,150.00,212.00,1.20,19406496,2026-09-18T05:29:10Z
A,vacuum,layers_92,pread,128,6,0,0.00,100.00,413.59,7731.70,194.92,7536.78,,,8145.29,7950.37,2.00,145.00,225.00,1.20,19406816,2026-09-18T05:29:11Z
A,vacuum,layers_92,async,128,6,0,0.00,100.00,426.26,386.23,197.23,189.00,,,812.49,615.26,2.00,146.00,223.00,1.20,19410632,2026-09-18T05:29:11Z
A,vacuum,2d,pread,128,6,0,0.00,100.00,409.43,1358.93,195.23,1163.71,,,1768.36,1573.14,1.99,145.00,225.00,1.20,19410632,2026-09-18T05:29:11Z
A,vacuum,2d,async,128,6,0,0.00,100.00,411.66,274.66,196.62,78.04,,,686.32,489.70,2.01,146.00,223.00,1.20,19412000,2026-09-18T05:29:12Z
A,vacuum,2e_K10,pread,128,6,0,0.00,100.00,412.82,2212.57,195.36,2017.21,,,2625.39,2430.03,2.00,147.00,229.00,1.20,19411184,2026-09-18T05:29:12Z
A,vacuum,2e_K10,async,128,6,0,0.00,100.00,407.53,283.25,193.23,90.02,,,690.78,497.55,2.01,148.00,227.00,1.20,19410440,2026-09-18T05:29:12Z
A,vacuum,2e_K500,pread,128,6,0,0.00,100.00,473.56,15538.12,197.42,15340.70,,,16011.68,15814.26,1.90,126.00,419.00,1.26,19409608,2026-09-18T05:29:12Z
A,vacuum,2e_K500,async,128,6,0,0.00,100.00,394.54,1073.16,194.19,878.97,,,1467.70,1273.51,1.94,145.00,332.00,1.26,19408304,2026-09-18T05:29:13Z
A,vacuum,2f_slru,pread,128,6,0,0.00,100.00,105.11,24424.77,193.67,24231.10,,,24529.88,24336.21,1.56,0.00,214.00,1.26,19411148,2026-09-18T05:29:13Z
A,vacuum,2f_slru,async,128,6,0,0.00,100.00,98.45,5631.17,197.96,5433.20,,,5729.62,5531.65,1.54,0.00,214.00,1.26,19412472,2026-09-18T05:29:13Z
A,vacuum,leaf_freq_K10,pread,128,6,0,0.00,100.00,2091.87,1113.54,189.25,924.30,,,3205.41,3016.17,2.01,149.00,217.00,1.26,19411556,2026-09-18T05:29:14Z
A,vacuum,leaf_freq_K10,async,128,6,0,0.00,100.00,990.09,271.69,195.94,75.75,,,1261.78,1065.84,2.04,149.00,217.00,1.26,19411660,2026-09-18T05:29:14Z
A,vacuum,leaf_rand_K10,pread,128,6,0,0.00,100.00,990.66,1065.23,193.96,871.27,,,2055.89,1861.93,2.00,148.00,212.00,1.26,19401000,2026-09-18T05:29:14Z
A,vacuum,leaf_rand_K10,async,128,6,0,0.00,100.00,993.73,266.15,189.40,76.75,,,1259.88,1070.48,2.03,148.00,212.00,1.26,19401384,2026-09-18T05:29:15Z
A,ta,layers_5,pread,128,6,0,0.00,100.00,972.23,445.63,194.89,250.74,,,1417.86,1222.97,2.14,189.00,259.00,1.26,19402244,2026-09-18T05:29:15Z
A,ta,layers_5,async,128,6,0,0.00,100.00,943.84,278.33,208.15,70.18,,,1222.17,1014.02,2.13,189.00,259.00,1.26,19402264,2026-09-18T05:29:15Z
A,ta,layers_92,pread,128,6,0,0.00,100.00,597.14,977.85,195.77,782.08,,,1574.99,1379.22,2.14,186.00,260.00,1.26,19402552,2026-09-18T05:29:16Z
A,ta,layers_92,async,128,6,0,0.00,100.00,590.11,371.12,194.09,177.02,,,961.23,767.13,2.10,188.00,259.00,1.26,19403228,2026-09-18T05:29:16Z
A,ta,2d,pread,128,6,0,0.00,100.00,629.87,993.74,196.94,796.80,,,1623.61,1426.67,2.20,187.00,260.00,1.26,19403340,2026-09-18T05:29:16Z
A,ta,2d,async,128,6,0,0.00,48.90,594.53,311.24,196.51,114.73,,,905.77,709.26,2.12,188.00,259.00,1.26,19402988,2026-09-18T05:29:16Z
A,ta,2e_K10,pread,128,6,0,0.00,100.00,502.80,2210.74,194.01,2016.72,,,2713.54,2519.52,2.12,188.00,269.00,1.26,19420888,2026-09-18T05:29:17Z
A,ta,2e_K10,async,128,6,0,0.00,100.00,598.97,320.59,192.22,128.37,,,919.56,727.34,2.20,189.00,268.00,1.26,19420656,2026-09-18T05:29:17Z
A,ta,2e_K500,pread,128,6,0,0.00,100.00,579.34,17747.75,186.74,17561.01,,,18327.09,18140.35,1.75,72.00,326.00,1.24,19421772,2026-09-18T05:29:17Z
A,ta,2e_K500,async,128,6,0,0.00,52.10,616.20,989.59,185.44,804.15,,,1605.79,1420.35,2.10,192.00,386.00,1.24,19421276,2026-09-18T05:29:18Z
A,ta,2f_slru,pread,128,6,0,0.00,100.00,98.42,17242.15,183.69,17058.45,,,17340.57,17156.87,1.55,0.00,279.00,1.24,19422344,2026-09-18T05:29:18Z
A,ta,2f_slru,async,128,6,0,0.00,100.00,97.45,7386.43,186.78,7199.65,,,7483.88,7297.10,1.55,0.00,279.00,1.24,19419776,2026-09-18T05:29:18Z
A,ta,leaf_freq_K10,pread,128,6,0,0.00,100.00,1138.17,1121.69,187.12,934.57,,,2259.86,2072.74,2.16,190.00,268.00,1.24,19422932,2026-09-18T05:29:19Z
A,ta,leaf_freq_K10,async,128,6,0,0.00,100.00,1054.24,268.09,191.35,76.74,,,1322.33,1130.98,2.13,190.00,268.00,1.24,19422752,2026-09-18T05:29:19Z
A,ta,leaf_rand_K10,pread,128,6,0,0.00,100.00,960.01,1084.89,186.97,897.92,,,2044.90,1857.93,2.11,189.00,259.00,1.24,19422736,2026-09-18T05:29:19Z
A,ta,leaf_rand_K10,async,128,6,0,0.00,100.00,1124.99,262.85,185.65,77.20,,,1387.84,1202.19,2.14,189.00,259.00,1.24,19415400,2026-09-18T05:29:20Z
A,1gb,layers_5,pread,128,6,0,0.00,100.00,1305.24,629.89,187.92,441.97,,,1935.13,1747.21,2.14,189.00,269.00,1.24,19418220,2026-09-18T05:29:20Z
A,1gb,layers_5,async,128,6,0,0.00,100.00,1365.17,256.18,184.15,72.04,,,1621.35,1437.21,2.17,190.00,268.00,1.24,19420560,2026-09-18T05:29:20Z
A,1gb,layers_92,pread,128,6,0,0.00,100.00,941.09,8203.66,184.68,8018.99,,,9144.75,8960.08,2.15,189.00,274.00,1.24,19421416,2026-09-18T05:29:21Z
A,1gb,layers_92,async,128,6,0,0.00,100.00,916.43,401.50,186.89,214.60,,,1317.93,1131.03,2.14,190.00,272.00,1.24,19420332,2026-09-18T05:29:21Z
A,1gb,2d,pread,128,6,0,0.00,100.00,609.02,2098.05,186.09,1911.96,,,2707.07,2520.98,2.14,188.00,275.00,1.24,19421528,2026-09-18T05:29:21Z
A,1gb,2d,async,128,6,0,0.00,100.00,641.16,275.50,187.13,88.37,,,916.66,729.53,2.16,189.00,273.00,1.24,19421388,2026-09-18T05:29:22Z
A,1gb,2e_K10,pread,128,6,0,0.00,100.00,607.13,2882.56,188.32,2694.24,,,3489.69,3301.37,2.14,189.00,288.00,1.24,19403732,2026-09-18T05:29:22Z
A,1gb,2e_K10,async,128,6,0,0.00,100.00,610.75,288.04,184.64,103.40,,,898.79,714.15,2.17,190.00,286.00,1.24,19405072,2026-09-18T05:29:22Z
A,1gb,2e_K500,pread,128,6,0,0.00,100.00,183.14,19717.26,185.86,19531.40,,,19900.40,19714.54,1.71,53.00,324.00,1.22,19405264,2026-09-18T05:29:23Z
A,1gb,2e_K500,async,128,6,0,0.00,100.00,708.15,1092.59,187.36,905.23,,,1800.74,1613.38,2.09,194.00,397.00,1.22,19406160,2026-09-18T05:29:23Z
A,1gb,2f_slru,pread,128,6,0,0.00,100.00,102.91,28611.18,194.13,28417.05,,,28714.09,28519.96,1.57,0.00,280.00,1.22,19407848,2026-09-18T05:29:23Z
A,1gb,2f_slru,async,128,6,0,0.00,100.00,100.07,7397.04,188.07,7208.96,,,7497.11,7309.03,1.58,0.00,280.00,1.22,19405672,2026-09-18T05:29:23Z
A,1gb,leaf_freq_K10,pread,128,6,0,0.00,100.00,1518.63,1089.87,188.87,901.00,,,2608.50,2419.63,2.16,189.00,280.00,1.22,19408492,2026-09-18T05:29:24Z
A,1gb,leaf_freq_K10,async,128,6,0,0.00,100.00,1476.61,260.30,184.73,75.57,,,1736.91,1552.18,2.14,189.00,280.00,1.22,19408520,2026-09-18T05:29:24Z
A,1gb,leaf_rand_K10,pread,128,6,0,0.00,100.00,1550.91,1079.83,187.30,892.53,,,2630.74,2443.44,2.15,190.00,266.00,1.22,19409376,2026-09-18T05:29:24Z
A,1gb,leaf_rand_K10,async,128,6,0,0.00,100.00,1425.37,261.77,185.43,76.34,,,1687.14,1501.71,2.12,190.00,266.00,1.22,19388280,2026-09-18T05:29:25Z
B,vacuum,layers_5,pread,128,6,0,0.00,100.00,1575.48,787.03,198.18,588.85,,,2362.51,2164.33,2.06,144.00,235.00,1.22,19392772,2026-09-18T05:29:25Z
B,vacuum,layers_5,async,128,6,0,0.00,100.00,864.48,255.45,185.17,70.28,,,1119.93,934.76,2.01,144.00,233.00,1.22,19393224,2026-09-18T05:29:25Z
B,vacuum,layers_92,pread,128,6,0,0.00,100.00,551.83,7595.19,186.27,7408.92,,,8147.02,7960.75,2.10,143.00,234.00,1.22,19393132,2026-09-18T05:29:26Z
B,vacuum,layers_92,async,128,6,0,0.00,100.00,550.05,368.89,186.68,182.21,,,918.94,732.26,2.05,143.00,232.00,1.22,19393372,2026-09-18T05:29:26Z
B,vacuum,2d,pread,128,6,0,0.00,100.00,519.54,1346.51,186.82,1159.69,,,1866.05,1679.23,2.04,143.00,234.00,1.22,19394756,2026-09-18T05:29:26Z
B,vacuum,2d,async,128,6,0,0.00,100.00,552.10,269.93,191.41,78.52,,,822.03,630.62,2.06,143.00,232.00,1.22,19394252,2026-09-18T05:29:27Z
B,vacuum,2e_K10,pread,128,6,0,0.00,100.00,518.85,2245.74,187.23,2058.51,,,2764.59,2577.36,2.06,144.00,236.00,1.22,19393260,2026-09-18T05:29:27Z
B,vacuum,2e_K10,async,128,6,0,0.00,100.00,517.21,273.07,184.49,88.59,,,790.28,605.80,2.05,144.00,235.00,1.22,19393992,2026-09-18T05:29:27Z
B,vacuum,2e_K500,pread,128,6,0,0.00,100.00,182.84,14683.91,183.31,14500.59,,,14866.75,14683.43,1.59,4.00,229.00,1.20,19394812,2026-09-18T05:29:28Z
B,vacuum,2e_K500,async,128,6,0,0.00,23.20,184.64,920.00,186.10,733.90,,,1104.64,918.54,2.00,142.00,286.00,1.20,19395680,2026-09-18T05:29:28Z
B,vacuum,2f_slru,pread,128,6,0,0.00,100.00,95.62,14288.57,184.19,14104.39,,,14384.19,14200.01,1.58,0.00,214.00,1.20,19395408,2026-09-18T05:29:28Z
B,vacuum,2f_slru,async,128,6,0,0.00,100.00,98.80,5640.76,184.26,5456.50,,,5739.56,5555.30,1.62,0.00,214.00,1.20,19397188,2026-09-18T05:29:28Z
B,vacuum,leaf_freq_K10,pread,128,6,0,0.00,100.00,1032.54,1076.05,187.19,888.86,,,2108.59,1921.40,2.11,145.00,233.00,1.20,19396408,2026-09-18T05:29:29Z
B,vacuum,leaf_freq_K10,async,128,6,0,0.00,100.00,1064.15,263.69,188.61,75.08,,,1327.84,1139.23,2.09,145.00,233.00,1.20,19398676,2026-09-18T05:29:29Z
B,vacuum,leaf_rand_K10,pread,128,6,0,0.00,100.00,1066.48,1054.58,187.92,866.66,,,2121.06,1933.14,2.03,144.00,233.00,1.20,19400336,2026-09-18T05:29:29Z
B,vacuum,leaf_rand_K10,async,128,6,0,0.00,100.00,921.45,260.36,184.48,75.88,,,1181.81,997.33,2.06,144.00,233.00,1.20,19400180,2026-09-18T05:29:30Z
B,ta,layers_5,pread,128,6,0,0.00,100.00,520.87,436.42,187.40,249.02,,,957.29,769.89,2.23,190.00,269.00,1.20,19384124,2026-09-18T05:29:30Z
B,ta,layers_5,async,128,6,0,0.00,100.00,982.49,254.88,185.47,69.41,,,1237.37,1051.90,2.22,190.00,267.00,1.20,19386212,2026-09-18T05:29:30Z
B,ta,layers_92,pread,128,6,0,0.00,100.00,574.44,997.36,194.18,803.18,,,1571.80,1377.62,2.21,187.00,268.00,1.20,19386724,2026-09-18T05:29:31Z
B,ta,layers_92,async,128,6,0,0.00,48.90,560.22,367.13,186.45,180.68,,,927.35,740.90,2.19,189.00,267.00,1.20,19386968,2026-09-18T05:29:31Z
B,ta,2d,pread,128,6,0,0.00,100.00,534.42,1006.76,186.76,820.00,,,1541.18,1354.42,2.18,188.00,267.00,1.20,19390824,2026-09-18T05:29:31Z
B,ta,2d,async,128,6,0,0.00,100.00,589.56,303.04,188.25,114.79,,,892.60,704.35,2.24,189.00,267.00,1.20,19390452,2026-09-18T05:29:32Z
B,ta,2e_K10,pread,128,6,0,0.00,100.00,508.59,2144.60,185.01,1959.59,,,2653.19,2468.18,2.19,189.00,268.00,1.20,19391272,2026-09-18T05:29:32Z
B,ta,2e_K10,async,128,6,0,0.00,70.20,543.05,318.55,189.93,128.62,,,861.60,671.67,2.26,190.00,268.00,1.20,19392416,2026-09-18T05:29:32Z
B,ta,2e_K500,pread,128,6,0,0.00,100.00,180.71,22016.31,186.11,21830.20,,,22197.02,22010.91,1.90,91.00,326.00,1.18,19393800,2026-09-18T05:29:33Z
B,ta,2e_K500,async,128,6,0,0.00,43.90,181.04,1002.79,189.82,812.98,,,1183.83,994.02,2.19,183.00,315.00,1.18,19393980,2026-09-18T05:29:33Z
B,ta,2f_slru,pread,128,6,0,0.00,100.00,98.39,30000.44,189.99,29810.46,,,30098.83,29908.85,1.60,0.00,279.00,1.18,19394512,2026-09-18T05:29:33Z
B,ta,2f_slru,async,128,6,0,0.00,100.00,97.28,7316.16,185.86,7130.30,,,7413.44,7227.58,1.63,0.00,279.00,1.18,19392952,2026-09-18T05:29:34Z
B,ta,leaf_freq_K10,pread,128,6,0,0.00,100.00,714.44,1080.92,182.81,898.11,,,1795.36,1612.55,2.22,191.00,269.00,1.18,19394444,2026-09-18T05:29:34Z
B,ta,leaf_freq_K10,async,128,6,0,0.00,100.00,771.09,261.42,186.36,75.06,,,1032.51,846.15,2.21,191.00,269.00,1.18,19396520,2026-09-18T05:29:34Z
B,ta,leaf_rand_K10,pread,128,6,0,0.00,100.00,721.38,1083.70,187.52,896.17,,,1805.08,1617.55,2.20,190.00,268.00,1.18,19396592,2026-09-18T05:29:35Z
B,ta,leaf_rand_K10,async,128,6,0,0.00,100.00,688.90,267.79,190.17,77.63,,,956.69,766.53,2.27,190.00,268.00,1.18,19397264,2026-09-18T05:29:35Z
B,1gb,layers_5,pread,128,6,0,0.00,100.00,1258.90,693.65,187.58,506.07,,,1952.55,1764.97,2.23,187.00,261.00,1.18,19390416,2026-09-18T05:29:35Z
B,1gb,layers_5,async,128,6,0,0.00,100.00,1125.71,256.32,187.01,69.31,,,1382.03,1195.02,2.21,188.00,261.00,1.18,19391084,2026-09-18T05:29:36Z
B,1gb,layers_92,pread,128,6,0,0.00,100.00,791.86,7948.56,224.27,7724.29,,,8740.42,8516.15,2.26,187.00,267.00,1.18,19391944,2026-09-18T05:29:36Z
B,1gb,layers_92,async,128,6,0,0.00,100.00,884.81,404.99,186.37,218.62,,,1289.80,1103.43,2.21,188.00,266.00,1.18,19392088,2026-09-18T05:29:36Z
B,1gb,2d,pread,128,6,0,0.00,100.00,490.57,2091.45,188.41,1903.04,,,2582.02,2393.61,2.20,186.00,268.00,1.18,19392448,2026-09-18T05:29:37Z
B,1gb,2d,async,128,6,0,0.00,100.00,1296.67,271.59,188.05,83.54,,,1568.26,1380.21,2.25,187.00,267.00,1.18,19392920,2026-09-18T05:29:37Z
B,1gb,2e_K10,pread,128,6,0,0.00,100.00,522.23,2982.09,186.82,2795.27,,,3504.32,3317.50,2.26,187.00,268.00,1.18,19415464,2026-09-18T05:29:37Z
B,1gb,2e_K10,async,128,6,0,0.00,100.00,453.05,291.67,186.96,104.71,,,744.72,557.76,2.19,188.00,268.00,1.17,19416072,2026-09-18T05:29:38Z
B,1gb,2e_K500,pread,128,6,0,0.00,100.00,181.86,32072.23,221.45,31850.78,,,32254.09,32032.64,1.81,56.00,312.00,1.17,19415932,2026-09-18T05:29:38Z
B,1gb,2e_K500,async,128,6,0,0.00,100.00,182.25,1080.67,225.39,855.28,,,1262.92,1037.53,2.21,186.00,319.00,1.17,19416056,2026-09-18T05:29:38Z
B,1gb,2f_slru,pread,128,6,0,0.00,100.00,98.39,19008.00,228.56,18779.44,,,19106.39,18877.83,1.62,0.00,280.00,1.17,19416424,2026-09-18T05:29:39Z
B,1gb,2f_slru,async,128,6,0,0.00,100.00,101.17,7525.28,238.80,7286.48,,,7626.45,7387.65,1.65,0.00,280.00,1.17,19416776,2026-09-18T05:29:39Z
B,1gb,leaf_freq_K10,pread,128,6,0,0.00,100.00,1177.19,1093.95,223.39,870.56,,,2271.14,2047.75,2.19,188.00,262.00,1.17,19418856,2026-09-18T05:29:39Z
B,1gb,leaf_freq_K10,async,128,6,0,0.00,100.00,1311.16,301.64,225.81,75.82,,,1612.80,1386.98,2.20,188.00,262.00,1.17,19419536,2026-09-18T05:29:40Z
B,1gb,leaf_rand_K10,pread,128,6,0,0.00,100.00,1304.88,1088.02,224.57,863.44,,,2392.90,2168.32,2.23,188.00,261.00,1.17,19419848,2026-09-18T05:29:40Z
B,1gb,leaf_rand_K10,async,128,6,0,0.00,100.00,1149.63,300.33,224.62,75.71,,,1449.96,1225.34,2.16,188.00,261.00,1.17,19420576,2026-09-18T05:29:40Z
C,vacuum,layers_5,pread,128,6,0,0.00,100.00,1050.64,809.26,221.58,587.68,,,1859.90,1638.32,1.55,12.00,29.00,1.17,19409812,2026-09-18T05:29:41Z
C,vacuum,layers_5,async,128,6,0,0.00,100.00,1057.26,298.58,228.60,69.98,,,1355.84,1127.24,1.54,12.00,29.00,1.17,19411976,2026-09-18T05:29:41Z
C,vacuum,layers_92,pread,128,6,0,0.00,100.00,630.61,7537.54,226.03,7311.51,,,8168.15,7942.12,1.52,12.00,31.00,1.17,19412016,2026-09-18T05:29:41Z
C,vacuum,layers_92,async,128,6,0,0.00,100.00,632.98,409.34,226.16,183.18,,,1042.32,816.16,1.54,12.00,31.00,1.17,19413504,2026-09-18T05:29:41Z
C,vacuum,2d,pread,128,6,0,0.00,100.00,654.90,641.29,225.32,415.96,,,1296.19,1070.86,1.53,12.00,31.00,1.17,19413672,2026-09-18T05:29:42Z
C,vacuum,2d,async,128,6,0,0.00,100.00,655.75,293.46,224.43,69.03,,,949.21,724.78,1.52,12.00,31.00,1.17,19415432,2026-09-18T05:29:42Z
C,vacuum,2e_K10,pread,128,6,0,0.00,100.00,180.07,1480.06,223.56,1256.50,,,1660.13,1436.57,1.53,12.00,35.00,1.17,19415064,2026-09-18T05:29:42Z
C,vacuum,2e_K10,async,128,6,0,0.00,100.00,177.21,306.83,225.79,81.03,,,484.04,258.24,1.54,12.00,33.00,1.17,19406508,2026-09-18T05:29:42Z
C,vacuum,2e_K500,pread,128,6,0,0.00,100.00,178.73,2227.74,222.15,2005.59,,,2406.47,2184.32,1.49,0.00,30.00,1.24,19405252,2026-09-18T05:29:43Z
C,vacuum,2e_K500,async,128,6,0,0.00,60.10,179.93,691.14,227.56,463.58,,,871.07,643.51,1.48,0.00,30.00,1.24,19406720,2026-09-18T05:29:43Z
C,vacuum,2f_slru,pread,128,6,0,0.00,100.00,91.69,3051.79,223.68,2828.11,,,3143.48,2919.80,1.48,0.00,30.00,1.24,19406048,2026-09-18T05:29:43Z
C,vacuum,2f_slru,async,128,6,0,0.00,100.00,93.52,791.09,225.26,565.82,,,884.61,659.34,1.49,0.00,30.00,1.24,19406860,2026-09-18T05:29:43Z
C,vacuum,leaf_freq_K10,pread,128,6,0,0.00,100.00,659.24,717.78,225.17,492.61,,,1377.02,1151.85,1.51,12.00,33.00,1.24,19406092,2026-09-18T05:29:44Z
C,vacuum,leaf_freq_K10,async,128,6,0,0.00,100.00,669.30,295.67,225.29,70.37,,,964.97,739.67,1.52,12.00,31.00,1.24,19410668,2026-09-18T05:29:44Z
C,vacuum,leaf_rand_K10,pread,128,6,0,0.00,100.00,976.60,968.26,223.09,745.17,,,1944.86,1721.77,1.52,12.00,29.00,1.24,19411368,2026-09-18T05:29:44Z
C,vacuum,leaf_rand_K10,async,128,6,0,0.00,100.00,1066.63,300.74,224.53,76.20,,,1367.37,1142.83,1.52,12.00,29.00,1.24,19411344,2026-09-18T05:29:44Z
C,ta,layers_5,pread,128,6,0,0.00,100.00,774.28,477.52,225.27,252.25,,,1251.80,1026.53,1.60,19.00,30.00,1.24,19412524,2026-09-18T05:29:45Z
C,ta,layers_5,async,128,6,0,0.00,100.00,770.02,297.50,227.50,70.00,,,1067.52,840.02,1.60,19.00,30.00,1.24,19412512,2026-09-18T05:29:45Z
C,ta,layers_92,pread,128,6,0,0.00,100.00,458.00,1081.28,225.45,855.83,,,1539.28,1313.83,1.60,18.00,31.00,1.24,19413452,2026-09-18T05:29:45Z
C,ta,layers_92,async,128,6,0,0.00,42.40,439.47,386.25,222.84,163.41,,,825.72,602.88,1.60,18.00,31.00,1.24,19413984,2026-09-18T05:29:45Z
C,ta,2d,pread,128,6,0,0.00,100.00,417.56,1079.98,224.40,855.58,,,1497.54,1273.14,1.60,18.00,31.00,1.24,19413712,2026-09-18T05:29:46Z
C,ta,2d,async,128,6,0,0.00,64.60,449.55,346.67,229.48,117.19,,,796.22,566.74,1.65,18.00,31.00,1.24,19415032,2026-09-18T05:29:46Z
C,ta,2e_K10,pread,128,6,0,0.00,100.00,181.93,1829.70,226.50,1603.20,,,2011.63,1785.13,1.59,17.00,33.00,1.24,19415524,2026-09-18T05:29:46Z
C,ta,2e_K10,async,128,6,0,0.00,100.00,179.86,350.76,224.85,125.91,,,530.62,305.77,1.63,17.00,32.00,1.24,19415840,2026-09-18T05:29:47Z
C,ta,2e_K500,pread,128,6,0,0.00,100.00,182.38,3509.16,225.30,3283.85,,,3691.54,3466.23,1.55,0.00,38.00,1.24,19416628,2026-09-18T05:29:47Z
C,ta,2e_K500,async,128,6,0,0.00,100.00,181.44,797.58,227.70,569.88,,,979.02,751.32,1.54,0.00,38.00,1.24,19417100,2026-09-18T05:29:47Z
C,ta,2f_slru,pread,128,6,0,0.00,100.00,92.07,3530.27,225.81,3304.45,,,3622.34,3396.52,1.52,0.00,38.00,1.24,19417824,2026-09-18T05:29:47Z
C,ta,2f_slru,async,128,6,0,0.00,100.00,95.76,1058.09,226.15,831.94,,,1153.85,927.70,1.54,0.00,38.00,1.22,19417824,2026-09-18T05:29:48Z
C,ta,leaf_freq_K10,pread,128,6,0,0.00,100.00,911.20,954.92,223.36,731.57,,,1866.12,1642.77,1.63,18.00,32.00,1.22,19417944,2026-09-18T05:29:48Z
C,ta,leaf_freq_K10,async,128,6,0,0.00,100.00,588.14,304.07,229.17,74.90,,,892.21,663.04,1.60,18.00,31.00,1.22,19421252,2026-09-18T05:29:48Z
C,ta,leaf_rand_K10,pread,128,6,0,0.00,100.00,806.62,1073.11,225.00,848.10,,,1879.73,1654.72,1.60,19.00,30.00,1.22,19421440,2026-09-18T05:29:48Z
C,ta,leaf_rand_K10,async,128,6,0,0.00,100.00,792.56,301.33,226.16,75.16,,,1093.89,867.72,1.61,19.00,30.00,1.22,19420452,2026-09-18T05:29:49Z
C,1gb,layers_5,pread,128,6,0,0.00,100.00,1113.75,635.61,225.64,409.96,,,1749.36,1523.71,1.68,40.00,51.00,1.22,19421200,2026-09-18T05:29:49Z
C,1gb,layers_5,async,128,6,0,0.00,100.00,1169.14,296.28,225.81,70.46,,,1465.42,1239.60,1.68,40.00,51.00,1.22,19421976,2026-09-18T05:29:49Z
C,1gb,layers_92,pread,128,6,0,0.00,100.00,1242.32,7892.75,225.32,7667.43,,,9135.07,8909.75,1.67,38.00,54.00,1.22,19422244,2026-09-18T05:29:49Z
C,1gb,layers_92,async,128,6,0,0.00,100.00,2672.93,433.83,235.58,198.24,,,3106.76,2871.17,1.71,38.00,54.00,1.22,19422552,2026-09-18T05:29:50Z
C,1gb,2d,pread,128,6,0,0.00,100.00,521.13,943.98,231.83,712.15,,,1465.11,1233.28,1.68,37.00,59.00,1.22,19422724,2026-09-18T05:29:50Z
C,1gb,2d,async,128,6,0,0.00,100.00,490.69,298.82,225.55,73.27,,,789.51,563.96,1.67,37.00,59.00,1.22,19423680,2026-09-18T05:29:50Z
C,1gb,2e_K10,pread,128,6,0,0.00,100.00,151.20,1751.25,227.91,1523.34,,,1902.45,1674.54,1.68,36.00,66.00,1.22,19423584,2026-09-18T05:29:51Z
C,1gb,2e_K10,async,128,6,0,0.00,100.00,154.97,316.03,229.65,86.38,,,471.00,241.35,1.67,36.00,66.00,1.22,19424388,2026-09-18T05:29:51Z
C,1gb,2e_K500,pread,128,6,0,0.00,100.00,186.36,5029.11,229.00,4800.10,,,5215.47,4986.46,1.55,1.00,67.00,1.22,19395928,2026-09-18T05:29:51Z
C,1gb,2e_K500,async,128,6,0,0.00,100.00,185.81,982.02,226.78,755.24,,,1167.83,941.05,1.65,37.00,106.00,1.22,19397212,2026-09-18T05:29:51Z
C,1gb,2f_slru,pread,128,6,0,0.00,100.00,94.77,17262.87,225.78,17037.09,,,17357.64,17131.86,1.55,0.00,64.00,1.22,19393056,2026-09-18T05:29:52Z
C,1gb,2f_slru,async,128,6,0,0.00,100.00,107.52,1896.62,231.03,1665.58,,,2004.14,1773.10,1.57,0.00,64.00,1.22,19394964,2026-09-18T05:29:52Z
C,1gb,leaf_freq_K10,pread,128,6,0,0.00,100.00,866.69,1092.21,225.39,866.82,,,1958.90,1733.51,1.67,38.00,63.00,1.20,19394372,2026-09-18T05:29:52Z
C,1gb,leaf_freq_K10,async,128,6,0,0.00,100.00,936.04,299.04,224.51,74.53,,,1235.08,1010.57,1.68,38.00,63.00,1.20,19394620,2026-09-18T05:29:53Z
C,1gb,leaf_rand_K10,pread,128,6,0,0.00,100.00,1139.99,1064.61,227.29,837.32,,,2204.60,1977.31,1.67,40.00,51.00,1.20,19394508,2026-09-18T05:29:53Z
C,1gb,leaf_rand_K10,async,128,6,0,0.00,100.00,2150.15,305.55,228.90,76.64,,,2455.70,2226.79,1.70,40.00,51.00,1.20,19395588,2026-09-18T05:29:53Z
A,vacuum,baseline,baseline,128,7,0,0.00,0.00,948.37,0.00,0.00,0.00,,,948.37,948.37,2.01,148.00,212.00,1.20,19396176,2026-09-18T05:29:54Z
A,ta,baseline,baseline,128,7,0,0.00,0.00,997.84,0.00,0.00,0.00,,,997.84,997.84,2.16,189.00,259.00,1.20,19394016,2026-09-18T05:29:54Z
A,1gb,baseline,baseline,128,7,0,0.00,0.00,1574.72,0.00,0.00,0.00,,,1574.72,1574.72,2.20,190.00,267.00,1.20,19394432,2026-09-18T05:29:54Z
B,vacuum,baseline,baseline,128,7,0,0.00,0.00,989.88,0.00,0.00,0.00,,,989.88,989.88,2.08,144.00,233.00,1.20,19395960,2026-09-18T05:29:55Z
B,ta,baseline,baseline,128,7,0,0.00,0.00,724.54,0.00,0.00,0.00,,,724.54,724.54,2.19,190.00,268.00,1.20,19395800,2026-09-18T05:29:55Z
B,1gb,baseline,baseline,128,7,0,0.00,0.00,1177.33,0.00,0.00,0.00,,,1177.33,1177.33,2.21,188.00,262.00,1.20,19396728,2026-09-18T05:29:55Z
C,vacuum,baseline,baseline,128,7,0,0.00,0.00,1163.40,0.00,0.00,0.00,,,1163.40,1163.40,1.53,12.00,29.00,1.20,19398560,2026-09-18T05:29:55Z
C,ta,baseline,baseline,128,7,0,0.00,0.00,2102.25,0.00,0.00,0.00,,,2102.25,2102.25,1.65,19.00,30.00,1.20,19400108,2026-09-18T05:29:56Z
C,1gb,baseline,baseline,128,7,0,0.00,0.00,1253.65,0.00,0.00,0.00,,,1253.65,1253.65,1.69,40.00,52.00,1.20,19397364,2026-09-18T05:29:56Z
A,vacuum,layers_5,async,128,7,0,0.00,100.00,869.43,264.48,194.71,69.77,,,1133.91,939.20,2.03,150.00,212.00,1.20,19379128,2026-09-18T05:29:56Z
A,vacuum,layers_92,async,128,7,0,0.00,100.00,416.77,386.30,200.76,185.54,,,803.07,602.31,2.03,146.00,223.00,1.20,19387848,2026-09-18T05:29:57Z
A,vacuum,2d,async,128,7,0,0.00,100.00,418.15,276.84,198.40,78.44,,,694.99,496.59,2.01,146.00,223.00,1.20,19389156,2026-09-18T05:29:57Z
A,vacuum,2e_K10,async,128,7,0,0.00,100.00,1509.22,284.75,193.54,91.20,,,1793.97,1600.42,2.04,148.00,227.00,1.20,19391804,2026-09-18T05:29:57Z
A,vacuum,2e_K500,async,128,7,0,0.00,100.00,393.65,1091.79,195.59,896.21,,,1485.44,1289.86,1.95,145.00,335.00,1.18,19403732,2026-09-18T05:29:58Z
A,vacuum,2f_slru,async,128,7,0,0.00,100.00,97.93,5544.16,194.28,5349.88,,,5642.09,5447.81,1.57,0.00,214.00,1.18,19405208,2026-09-18T05:29:58Z
A,vacuum,leaf_freq_K10,async,128,7,0,0.00,100.00,1056.27,270.25,195.95,74.30,,,1326.52,1130.57,2.03,149.00,217.00,1.18,19403636,2026-09-18T05:29:58Z
A,vacuum,leaf_rand_K10,async,128,7,0,0.00,100.00,983.66,271.28,195.26,76.02,,,1254.94,1059.68,2.01,148.00,212.00,1.18,19403512,2026-09-18T05:29:58Z
A,ta,layers_5,async,128,7,0,0.00,100.00,1008.38,262.96,194.26,68.70,,,1271.34,1077.08,2.14,189.00,259.00,1.18,19403260,2026-09-18T05:29:59Z
A,ta,layers_92,async,128,7,0,0.00,100.00,528.29,372.51,195.28,177.23,,,900.80,705.52,2.12,188.00,259.00,1.18,19403708,2026-09-18T05:29:59Z
A,ta,2d,async,128,7,0,0.00,66.00,556.99,313.89,195.98,117.91,,,870.88,674.90,2.15,188.00,259.00,1.18,19405300,2026-09-18T05:29:59Z
A,ta,2e_K10,async,128,7,0,0.00,100.00,590.05,323.32,197.34,125.98,,,913.37,716.03,2.15,189.00,268.00,1.18,19405800,2026-09-18T05:30:00Z
A,ta,2e_K500,async,128,7,0,0.00,45.70,639.86,1001.12,186.52,814.60,,,1640.98,1454.46,2.14,192.00,384.00,1.18,19405948,2026-09-18T05:30:00Z
A,ta,2f_slru,async,128,7,0,0.00,96.30,98.03,11963.14,77.69,11885.46,,,12061.17,11983.49,1.58,0.00,279.00,1.18,19404420,2026-09-18T05:30:00Z
A,ta,leaf_freq_K10,async,128,7,0,0.00,100.00,1102.29,262.15,187.67,74.48,,,1364.44,1176.77,2.16,190.00,268.00,1.18,19407148,2026-09-18T05:30:01Z
A,ta,leaf_rand_K10,async,128,7,0,0.00,100.00,990.36,265.48,187.96,77.52,,,1255.84,1067.88,2.18,189.00,259.00,1.18,19378196,2026-09-18T05:30:01Z
A,1gb,layers_5,async,128,7,0,0.00,100.00,1459.76,256.56,187.76,68.80,,,1716.32,1528.56,2.25,190.00,268.00,1.18,19382280,2026-09-18T05:30:01Z
A,1gb,layers_92,async,128,7,0,0.00,100.00,889.96,420.85,186.33,234.52,,,1310.81,1124.48,2.19,190.00,272.00,1.18,19362624,2026-09-18T05:30:02Z
A,1gb,2d,async,128,7,0,0.00,100.00,626.31,274.47,186.10,88.37,,,900.78,714.68,2.13,189.00,273.00,1.18,19363276,2026-09-18T05:30:02Z
A,1gb,2e_K10,async,128,7,0,0.00,100.00,642.16,1185.18,750.51,434.67,,,1827.34,1076.83,2.22,190.00,286.00,1.18,19365964,2026-09-18T05:30:02Z
A,1gb,2e_K500,async,128,7,0,0.00,100.00,679.00,1112.89,189.51,923.39,,,1791.89,1602.39,2.13,194.00,396.00,1.17,19366908,2026-09-18T05:30:03Z
A,1gb,2f_slru,async,128,7,0,0.00,100.00,103.14,7184.29,185.03,6999.26,,,7287.43,7102.40,1.58,0.00,280.00,1.17,19361660,2026-09-18T05:30:03Z
A,1gb,leaf_freq_K10,async,128,7,0,0.00,100.00,1612.02,263.27,187.04,76.23,,,1875.29,1688.25,2.20,189.00,280.00,1.17,19365784,2026-09-18T05:30:03Z
A,1gb,leaf_rand_K10,async,128,7,0,0.00,100.00,1400.52,263.12,186.91,76.20,,,1663.64,1476.72,2.17,190.00,266.00,1.17,19366636,2026-09-18T05:30:04Z
B,vacuum,layers_5,async,128,7,0,0.00,100.00,879.42,257.37,187.89,69.48,,,1136.79,948.90,2.07,144.00,233.00,1.17,19366800,2026-09-18T05:30:04Z
B,vacuum,layers_92,async,128,7,0,0.00,100.00,592.97,370.92,185.01,185.91,,,963.89,778.88,2.07,143.00,232.00,1.17,19369508,2026-09-18T05:30:04Z
B,vacuum,2d,async,128,7,0,0.00,100.00,526.41,261.81,188.03,73.78,,,788.22,600.19,2.06,143.00,232.00,1.17,19369636,2026-09-18T05:30:05Z
B,vacuum,2e_K10,async,128,7,0,0.00,100.00,564.93,282.74,189.59,93.16,,,847.67,658.09,2.22,144.00,235.00,1.17,19369988,2026-09-18T05:30:05Z
B,vacuum,2e_K500,async,128,7,0,0.00,29.30,182.30,930.97,186.88,744.09,,,1113.27,926.39,2.03,142.00,287.00,1.17,19371080,2026-09-18T05:30:05Z
B,vacuum,2f_slru,async,128,7,0,0.00,100.00,99.48,6146.99,507.52,5639.46,,,6246.47,5738.94,1.60,0.00,214.00,1.17,19371224,2026-09-18T05:30:05Z
B,vacuum,leaf_freq_K10,async,128,7,0,0.00,100.00,1026.81,257.53,183.93,73.61,,,1284.34,1100.42,2.03,145.00,233.00,1.17,19370512,2026-09-18T05:30:06Z
B,vacuum,leaf_rand_K10,async,128,7,0,0.00,100.00,956.30,257.10,182.70,74.40,,,1213.40,1030.70,2.05,144.00,233.00,1.17,19372616,2026-09-18T05:30:06Z
B,ta,layers_5,async,128,7,0,0.00,100.00,952.89,252.79,180.98,71.81,,,1205.68,1024.70,2.21,190.00,267.00,1.17,19375780,2026-09-18T05:30:06Z
B,ta,layers_92,async,128,7,0,0.00,100.00,554.53,365.14,186.42,178.72,,,919.67,733.25,2.16,189.00,267.00,1.17,19376628,2026-09-18T05:30:07Z
B,ta,2d,async,128,7,0,0.00,66.00,506.41,303.14,186.52,116.62,,,809.55,623.03,2.26,189.00,267.00,1.17,19376024,2026-09-18T05:30:07Z
B,ta,2e_K10,async,128,7,0,0.00,70.20,572.39,318.62,187.84,130.78,,,891.01,703.17,2.24,190.00,268.00,1.24,19378664,2026-09-18T05:30:07Z
B,ta,2e_K500,async,128,7,0,0.00,49.00,181.80,992.90,185.84,807.06,,,1174.70,988.86,2.19,183.00,314.00,1.24,19379556,2026-09-18T05:30:08Z
B,ta,2f_slru,async,128,7,0,0.00,90.20,94.92,7196.15,187.13,7009.02,,,7291.07,7103.94,1.64,0.00,279.00,1.24,19380120,2026-09-18T05:30:08Z
B,ta,leaf_freq_K10,async,128,7,0,0.00,100.00,688.57,263.15,187.67,75.48,,,951.72,764.05,2.22,191.00,269.00,1.24,19383424,2026-09-18T05:30:08Z
B,ta,leaf_rand_K10,async,128,7,0,0.00,100.00,656.41,262.64,187.28,75.36,,,919.05,731.77,2.20,190.00,268.00,1.24,19383880,2026-09-18T05:30:09Z
B,1gb,layers_5,async,128,7,0,0.00,100.00,1278.44,257.13,188.75,68.38,,,1535.57,1346.82,2.23,188.00,261.00,1.24,19384524,2026-09-18T05:30:09Z
B,1gb,layers_92,async,128,7,0,0.00,100.00,793.28,396.76,187.45,209.30,,,1190.04,1002.58,2.22,188.00,266.00,1.24,19386028,2026-09-18T05:30:09Z
B,1gb,2d,async,128,7,0,0.00,100.00,527.59,267.90,179.82,88.08,,,795.49,615.67,2.21,187.00,267.00,1.24,19386400,2026-09-18T05:30:10Z
B,1gb,2e_K10,async,128,7,0,0.00,100.00,546.71,293.83,190.49,103.34,,,840.54,650.05,2.21,188.00,268.00,1.24,19386468,2026-09-18T05:30:10Z
B,1gb,2e_K500,async,128,7,0,0.00,100.00,184.52,1127.10,232.58,894.52,,,1311.62,1079.04,2.18,186.00,320.00,1.24,19387724,2026-09-18T05:30:10Z
B,1gb,2f_slru,async,128,7,0,0.00,100.00,101.02,7289.55,233.03,7056.52,,,7390.57,7157.54,1.64,0.00,280.00,1.24,19385336,2026-09-18T05:30:11Z
B,1gb,leaf_freq_K10,async,128,7,0,0.00,100.00,1259.89,307.29,233.13,74.16,,,1567.18,1334.05,2.25,188.00,262.00,1.24,19388244,2026-09-18T05:30:11Z
B,1gb,leaf_rand_K10,async,128,7,0,0.00,100.00,1179.48,309.24,232.44,76.80,,,1488.72,1256.28,2.20,188.00,261.00,1.24,19390668,2026-09-18T05:30:11Z
C,vacuum,layers_5,async,128,7,0,0.00,100.00,1262.13,317.38,245.30,72.08,,,1579.51,1334.21,1.55,12.00,29.00,1.24,19391036,2026-09-18T05:30:12Z
C,vacuum,layers_92,async,128,7,0,0.00,100.00,598.41,416.24,231.72,184.53,,,1014.65,782.94,1.52,12.00,31.00,1.24,19391492,2026-09-18T05:30:12Z
C,vacuum,2d,async,128,7,0,0.00,100.00,623.71,299.46,229.88,69.58,,,923.17,693.29,1.58,12.00,31.00,1.24,19394164,2026-09-18T05:30:12Z
C,vacuum,2e_K10,async,128,7,0,0.00,92.90,178.10,315.30,232.71,82.59,,,493.40,260.69,1.55,12.00,33.00,1.30,19379312,2026-09-18T05:30:12Z
C,vacuum,2e_K500,async,128,7,0,0.00,60.10,176.92,713.08,229.61,483.47,,,890.00,660.39,1.49,0.00,30.00,1.30,19394752,2026-09-18T05:30:13Z
C,vacuum,2f_slru,async,128,7,0,0.00,100.00,94.65,782.13,230.85,551.28,,,876.78,645.93,1.48,0.00,30.00,1.30,19394464,2026-09-18T05:30:13Z
C,vacuum,leaf_freq_K10,async,128,7,0,0.00,100.00,792.22,305.28,231.34,73.95,,,1097.50,866.17,1.54,12.00,31.00,1.30,19397556,2026-09-18T05:30:13Z
C,vacuum,leaf_rand_K10,async,128,7,0,0.00,100.00,1146.36,303.56,227.97,75.59,,,1449.92,1221.95,1.54,12.00,29.00,1.30,19397012,2026-09-18T05:30:13Z
C,ta,layers_5,async,128,7,0,0.00,100.00,790.39,301.24,231.27,69.96,,,1091.63,860.35,1.61,19.00,30.00,1.30,19397624,2026-09-18T05:30:14Z
C,ta,layers_92,async,128,7,0,0.00,42.40,436.31,395.84,232.12,163.73,,,832.15,600.04,1.60,18.00,31.00,1.30,19399996,2026-09-18T05:30:14Z
C,ta,2d,async,128,7,0,0.00,64.60,439.95,350.52,232.51,118.01,,,790.47,557.96,1.59,18.00,31.00,1.30,19401996,2026-09-18T05:30:14Z
C,ta,2e_K10,async,128,7,0,0.00,60.30,176.26,355.78,230.77,125.00,,,532.04,301.26,1.59,17.00,32.00,1.30,19401536,2026-09-18T05:30:14Z
C,ta,2e_K500,async,128,7,0,0.00,100.00,178.44,825.52,233.96,591.56,,,1003.96,770.00,1.55,0.00,38.00,1.30,19401896,2026-09-18T05:30:15Z
C,ta,2f_slru,async,128,7,0,0.00,100.00,95.08,1029.96,234.77,795.18,,,1125.04,890.26,1.55,0.00,38.00,1.30,19402760,2026-09-18T05:30:15Z
C,ta,leaf_freq_K10,async,128,7,0,0.00,100.00,921.42,302.89,229.99,72.90,,,1224.31,994.32,1.61,18.00,31.00,1.30,19404220,2026-09-18T05:30:15Z
C,ta,leaf_rand_K10,async,128,7,0,0.00,100.00,720.17,306.44,231.87,74.57,,,1026.61,794.74,1.62,19.00,30.00,1.30,19404068,2026-09-18T05:30:16Z
C,1gb,layers_5,async,128,7,0,0.00,100.00,1219.08,300.89,232.16,68.73,,,1519.97,1287.81,1.69,40.00,51.00,1.30,19403764,2026-09-18T05:30:16Z
C,1gb,layers_92,async,128,7,0,0.00,100.00,1234.67,415.08,228.43,186.65,,,1649.75,1421.32,1.70,38.00,54.00,1.30,19403736,2026-09-18T05:30:16Z
C,1gb,2d,async,128,7,0,0.00,100.00,453.69,302.64,230.37,72.27,,,756.33,525.96,1.68,37.00,59.00,1.30,19405136,2026-09-18T05:30:16Z
C,1gb,2e_K10,async,128,7,0,0.00,100.00,148.22,950.66,865.74,84.92,,,1098.88,233.14,1.67,36.00,66.00,1.30,19404932,2026-09-18T05:30:17Z
C,1gb,2e_K500,async,128,7,0,0.00,100.00,181.06,929.00,231.71,697.29,,,1110.06,878.35,1.67,37.00,105.00,1.30,19405148,2026-09-18T05:30:17Z
C,1gb,2f_slru,async,128,7,0,0.00,100.00,97.22,1876.17,234.50,1641.67,,,1973.39,1738.89,1.57,0.00,64.00,1.30,19406068,2026-09-18T05:30:17Z
C,1gb,leaf_freq_K10,async,128,7,0,0.00,100.00,980.65,307.96,232.55,75.41,,,1288.61,1056.06,1.70,38.00,63.00,1.27,19404628,2026-09-18T05:30:18Z
C,1gb,leaf_rand_K10,async,128,7,0,0.00,100.00,1289.74,309.50,232.56,76.94,,,1599.24,1366.68,1.70,40.00,51.00,1.27,19400352,2026-09-18T05:30:18Z
A,vacuum,baseline,baseline,128,8,0,0.00,0.00,978.89,0.00,0.00,0.00,,,978.89,978.89,2.05,148.00,212.00,1.27,19420544,2026-09-18T05:30:18Z
A,ta,baseline,baseline,128,8,0,0.00,0.00,1150.37,0.00,0.00,0.00,,,1150.37,1150.37,2.14,189.00,259.00,1.27,19421032,2026-09-18T05:30:18Z
A,1gb,baseline,baseline,128,8,0,0.00,0.00,1455.19,0.00,0.00,0.00,,,1455.19,1455.19,2.19,190.00,267.00,1.27,19420456,2026-09-18T05:30:19Z
B,vacuum,baseline,baseline,128,8,0,0.00,0.00,908.45,0.00,0.00,0.00,,,908.45,908.45,2.19,144.00,233.00,1.27,19420996,2026-09-18T05:30:19Z
B,ta,baseline,baseline,128,8,0,0.00,0.00,710.78,0.00,0.00,0.00,,,710.78,710.78,2.22,190.00,268.00,1.27,19422460,2026-09-18T05:30:19Z
B,1gb,baseline,baseline,128,8,0,0.00,0.00,1184.25,0.00,0.00,0.00,,,1184.25,1184.25,2.21,188.00,262.00,1.27,19421296,2026-09-18T05:30:20Z
C,vacuum,baseline,baseline,128,8,0,0.00,0.00,1167.43,0.00,0.00,0.00,,,1167.43,1167.43,1.53,12.00,29.00,1.27,19423332,2026-09-18T05:30:20Z
C,ta,baseline,baseline,128,8,0,0.00,0.00,814.27,0.00,0.00,0.00,,,814.27,814.27,1.62,19.00,30.00,1.27,19423572,2026-09-18T05:30:20Z
C,1gb,baseline,baseline,128,8,0,0.00,0.00,1351.09,0.00,0.00,0.00,,,1351.09,1351.09,1.69,40.00,52.00,1.27,19422912,2026-09-18T05:30:21Z
A,vacuum,layers_5,async,128,8,0,0.00,100.00,911.35,266.77,196.82,69.95,,,1178.12,981.30,2.04,150.00,212.00,1.27,19423844,2026-09-18T05:30:21Z
A,vacuum,layers_92,async,128,8,0,0.00,100.00,423.29,389.43,198.87,190.56,,,812.72,613.85,2.05,146.00,223.00,1.27,19424160,2026-09-18T05:30:21Z
A,vacuum,2d,async,128,8,0,0.00,100.00,408.38,273.88,196.34,77.55,,,682.26,485.93,2.00,146.00,223.00,1.27,19423276,2026-09-18T05:30:22Z
A,vacuum,2e_K10,async,128,8,0,0.00,100.00,405.86,281.46,194.01,87.44,,,687.32,493.30,2.02,148.00,227.00,1.27,19423428,2026-09-18T05:30:22Z
A,vacuum,2e_K500,async,128,8,0,0.00,100.00,409.35,1229.80,258.52,971.29,,,1639.15,1380.64,2.03,145.00,334.00,1.27,19425284,2026-09-18T05:30:22Z
A,vacuum,2f_slru,async,128,8,0,0.00,100.00,99.06,5539.68,196.23,5343.45,,,5638.74,5442.51,1.57,0.00,214.00,1.25,19425720,2026-09-18T05:30:22Z
A,vacuum,leaf_freq_K10,async,128,8,0,0.00,100.00,995.56,271.11,194.12,76.98,,,1266.67,1072.54,2.03,149.00,217.00,1.25,19426088,2026-09-18T05:30:23Z
A,vacuum,leaf_rand_K10,async,128,8,0,0.00,100.00,984.02,270.44,195.21,75.23,,,1254.46,1059.25,2.02,148.00,212.00,1.25,19427152,2026-09-18T05:30:23Z
A,ta,layers_5,async,128,8,0,0.00,100.00,1010.02,265.20,196.19,69.01,,,1275.22,1079.03,2.17,189.00,259.00,1.25,19391468,2026-09-18T05:30:23Z
A,ta,layers_92,async,128,8,0,0.00,42.40,763.92,364.73,196.56,168.17,,,1128.65,932.09,2.25,188.00,259.00,1.25,19400416,2026-09-18T05:30:24Z
A,ta,2d,async,128,8,0,0.00,63.80,596.98,313.29,198.43,114.86,,,910.27,711.84,2.17,188.00,259.00,1.25,19400300,2026-09-18T05:30:24Z
A,ta,2e_K10,async,128,8,0,0.00,100.00,631.91,324.32,194.51,129.81,,,956.23,761.72,2.14,189.00,268.00,1.25,19401592,2026-09-18T05:30:24Z
A,ta,2e_K500,async,128,8,0,0.00,38.90,1062.82,913.79,192.74,721.05,,,1976.61,1783.87,2.24,192.00,383.00,1.25,19401376,2026-09-18T05:30:25Z
A,ta,2f_slru,async,128,8,0,0.00,100.00,98.73,7103.66,187.23,6916.43,,,7202.39,7015.16,1.57,0.00,279.00,1.25,19398760,2026-09-18T05:30:25Z
A,ta,leaf_freq_K10,async,128,8,0,0.00,100.00,1027.69,260.84,187.26,73.58,,,1288.53,1101.27,2.15,190.00,268.00,1.25,19403440,2026-09-18T05:30:25Z
A,ta,leaf_rand_K10,async,128,8,0,0.00,100.00,915.35,264.05,187.70,76.34,,,1179.40,991.69,2.13,189.00,259.00,1.25,19404332,2026-09-18T05:30:26Z
A,1gb,layers_5,async,128,8,0,0.00,100.00,1268.81,255.83,187.14,68.69,,,1524.64,1337.50,2.15,190.00,268.00,1.25,19404608,2026-09-18T05:30:26Z
A,1gb,layers_92,async,128,8,0,0.00,100.00,938.70,397.71,186.33,211.38,,,1336.41,1150.08,2.15,190.00,272.00,1.25,19405980,2026-09-18T05:30:26Z
A,1gb,2d,async,128,8,0,0.00,100.00,639.79,278.58,186.35,92.23,,,918.37,732.02,2.18,189.00,273.00,1.25,19406708,2026-09-18T05:30:27Z
A,1gb,2e_K10,async,128,8,0,0.00,100.00,610.64,297.02,187.45,109.57,,,907.66,720.21,2.16,190.00,286.00,1.25,19407340,2026-09-18T05:30:27Z
A,1gb,2e_K500,async,128,8,0,0.00,100.00,677.58,1096.25,186.35,909.90,,,1773.83,1587.48,2.16,194.00,397.00,1.25,19409140,2026-09-18T05:30:27Z
A,1gb,2f_slru,async,128,8,0,0.00,100.00,101.52,7110.29,186.01,6924.28,,,7211.81,7025.80,1.60,0.00,280.00,1.23,19407004,2026-09-18T05:30:28Z
A,1gb,leaf_freq_K10,async,128,8,0,0.00,100.00,1394.02,266.46,186.42,80.04,,,1660.48,1474.06,2.13,189.00,280.00,1.23,19410044,2026-09-18T05:30:28Z
A,1gb,leaf_rand_K10,async,128,8,0,0.00,100.00,1466.61,298.32,218.56,79.76,,,1764.93,1546.37,2.21,190.00,266.00,1.23,19410796,2026-09-18T05:30:28Z
B,vacuum,layers_5,async,128,8,0,0.00,100.00,934.92,256.59,187.04,69.55,,,1191.51,1004.47,2.07,144.00,233.00,1.23,19399608,2026-09-18T05:30:29Z
B,vacuum,layers_92,async,128,8,0,0.00,100.00,558.28,361.33,177.94,183.40,,,919.61,741.68,2.07,143.00,232.00,1.23,19409132,2026-09-18T05:30:29Z
B,vacuum,2d,async,128,8,0,0.00,100.00,513.45,267.08,188.86,78.23,,,780.53,591.68,2.04,143.00,232.00,1.23,19411740,2026-09-18T05:30:29Z
B,vacuum,2e_K10,async,128,8,0,0.00,100.00,527.41,276.45,187.15,89.30,,,803.86,616.71,2.05,144.00,235.00,1.23,19412720,2026-09-18T05:30:30Z
B,vacuum,2e_K500,async,128,8,0,0.00,24.80,182.91,936.00,187.24,748.76,,,1118.91,931.67,2.01,142.00,289.00,1.23,19413404,2026-09-18T05:30:30Z
B,vacuum,2f_slru,async,128,8,0,0.00,100.00,98.98,5550.86,188.51,5362.34,,,5649.84,5461.32,1.61,0.00,214.00,1.23,19414192,2026-09-18T05:30:30Z
B,vacuum,leaf_freq_K10,async,128,8,0,0.00,100.00,1000.57,258.36,185.59,72.77,,,1258.93,1073.34,2.05,145.00,233.00,1.23,19414808,2026-09-18T05:30:30Z
B,vacuum,leaf_rand_K10,async,128,8,0,0.00,100.00,1010.15,259.73,185.48,74.25,,,1269.88,1084.40,2.17,144.00,233.00,1.23,19414824,2026-09-18T05:30:31Z
B,ta,layers_5,async,128,8,0,0.00,100.00,990.50,256.57,188.01,68.56,,,1247.07,1059.06,2.21,190.00,267.00,1.23,19415396,2026-09-18T05:30:31Z
B,ta,layers_92,async,128,8,0,0.00,100.00,561.66,365.03,186.67,178.36,,,926.69,740.02,2.18,189.00,267.00,1.23,19416744,2026-09-18T05:30:31Z
B,ta,2d,async,128,8,0,0.00,66.00,570.46,301.12,186.95,114.17,,,871.58,684.63,2.19,189.00,267.00,1.23,19416536,2026-09-18T05:30:32Z
B,ta,2e_K10,async,128,8,0,0.00,71.90,544.52,318.69,186.31,132.38,,,863.21,676.90,2.24,190.00,268.00,1.23,19417504,2026-09-18T05:30:32Z
B,ta,2e_K500,async,128,8,0,0.00,26.10,186.19,955.24,186.87,768.37,,,1141.43,954.56,2.19,183.00,315.00,1.21,19417480,2026-09-18T05:30:32Z
B,ta,2f_slru,async,128,8,0,0.00,100.00,98.17,7188.24,187.20,7001.04,,,7286.41,7099.21,1.63,0.00,279.00,1.21,19415272,2026-09-18T05:30:33Z
B,ta,leaf_freq_K10,async,128,8,0,0.00,100.00,708.36,262.05,187.29,74.76,,,970.41,783.12,2.20,191.00,269.00,1.21,19417340,2026-09-18T05:30:33Z
B,ta,leaf_rand_K10,async,128,8,0,0.00,100.00,723.43,263.25,186.05,77.20,,,986.68,800.63,2.24,190.00,268.00,1.21,19416876,2026-09-18T05:30:33Z
B,1gb,layers_5,async,128,8,0,0.00,100.00,1221.58,255.25,186.02,69.23,,,1476.83,1290.81,2.23,188.00,261.00,1.21,19416956,2026-09-18T05:30:34Z
B,1gb,layers_92,async,128,8,0,0.00,100.00,815.03,395.65,186.15,209.50,,,1210.68,1024.53,2.23,188.00,266.00,1.21,19413176,2026-09-18T05:30:34Z
B,1gb,2d,async,128,8,0,0.00,100.00,490.73,306.24,187.20,119.03,,,796.97,609.76,2.25,187.00,267.00,1.21,19415556,2026-09-18T05:30:34Z
B,1gb,2e_K10,async,128,8,0,0.00,100.00,524.91,295.72,186.37,109.35,,,820.63,634.26,2.19,188.00,268.00,1.21,19415788,2026-09-18T05:30:35Z
B,1gb,2e_K500,async,128,8,0,0.00,100.00,185.11,1105.14,195.59,909.55,,,1290.25,1094.66,2.19,186.00,319.00,1.21,19416116,2026-09-18T05:30:35Z
B,1gb,2f_slru,async,128,8,0,0.00,100.00,98.67,7282.83,196.28,7086.55,,,7381.50,7185.22,1.63,0.00,280.00,1.21,19413624,2026-09-18T05:30:35Z
B,1gb,leaf_freq_K10,async,128,8,0,0.00,100.00,1242.10,271.94,196.04,75.90,,,1514.04,1318.00,2.21,188.00,262.00,1.21,19413936,2026-09-18T05:30:36Z
B,1gb,leaf_rand_K10,async,128,8,0,0.00,100.00,1318.68,271.33,196.28,75.05,,,1590.01,1393.73,2.21,188.00,261.00,1.21,19414680,2026-09-18T05:30:36Z
C,vacuum,layers_5,async,128,8,0,0.00,100.00,1025.29,263.87,193.44,70.42,,,1289.16,1095.71,1.54,12.00,29.00,1.21,19413536,2026-09-18T05:30:36Z
C,vacuum,layers_92,async,128,8,0,0.00,100.00,637.48,375.10,186.38,188.71,,,1012.58,826.19,1.51,12.00,31.00,1.21,19413932,2026-09-18T05:30:37Z
C,vacuum,2d,async,128,8,0,0.00,100.00,631.64,268.17,195.91,72.27,,,899.81,703.91,1.51,12.00,31.00,1.21,19413692,2026-09-18T05:30:37Z
C,vacuum,2e_K10,async,128,8,0,0.00,100.00,177.38,277.05,196.15,80.90,,,454.43,258.28,1.53,12.00,33.00,1.21,19413448,2026-09-18T05:30:37Z
C,vacuum,2e_K500,async,128,8,0,0.00,85.50,178.29,679.56,201.11,478.45,,,857.85,656.74,1.47,0.00,30.00,1.21,19414512,2026-09-18T05:30:37Z
C,vacuum,2f_slru,async,128,8,0,0.00,100.00,95.32,759.10,194.28,564.82,,,854.42,660.14,1.47,0.00,30.00,1.20,19415176,2026-09-18T05:30:38Z
C,vacuum,leaf_freq_K10,async,128,8,0,0.00,100.00,656.83,270.81,195.75,75.06,,,927.64,731.89,1.55,12.00,31.00,1.20,19414740,2026-09-18T05:30:38Z
C,vacuum,leaf_rand_K10,async,128,8,0,0.00,100.00,1145.24,270.23,194.21,76.02,,,1415.47,1221.26,1.52,12.00,29.00,1.20,19415852,2026-09-18T05:30:38Z
C,ta,layers_5,async,128,8,0,0.00,100.00,782.92,261.09,192.26,68.83,,,1044.01,851.75,1.62,19.00,30.00,1.20,19417212,2026-09-18T05:30:38Z
C,ta,layers_92,async,128,8,0,0.00,100.00,446.49,360.07,195.46,164.61,,,806.56,611.10,1.59,18.00,31.00,1.20,19431240,2026-09-18T05:30:39Z
C,ta,2d,async,128,8,0,0.00,64.60,384.93,312.80,195.65,117.15,,,697.73,502.08,1.59,18.00,31.00,1.20,19431528,2026-09-18T05:30:39Z
C,ta,2e_K10,async,128,8,0,0.00,70.70,178.68,325.55,195.10,130.46,,,504.23,309.14,1.58,17.00,32.00,1.20,19432552,2026-09-18T05:30:39Z
C,ta,2e_K500,async,128,8,0,0.00,100.00,180.37,782.64,193.86,588.78,,,963.01,769.15,1.53,0.00,38.00,1.20,19415780,2026-09-18T05:30:39Z
C,ta,2f_slru,async,128,8,0,0.00,100.00,95.08,996.33,192.88,803.45,,,1091.41,898.53,1.54,0.00,38.00,1.20,19427980,2026-09-18T05:30:40Z
C,ta,leaf_freq_K10,async,128,8,0,0.00,100.00,922.08,261.30,186.62,74.68,,,1183.38,996.76,1.59,18.00,31.00,1.20,19428208,2026-09-18T05:30:40Z
C,ta,leaf_rand_K10,async,128,8,0,0.00,100.00,801.95,269.83,194.76,75.07,,,1071.78,877.02,1.61,19.00,30.00,1.20,19428988,2026-09-18T05:30:40Z
C,1gb,layers_5,async,128,8,0,0.00,100.00,1182.84,262.94,194.46,68.49,,,1445.78,1251.33,1.70,40.00,51.00,1.20,19428620,2026-09-18T05:30:40Z
C,1gb,layers_92,async,128,8,0,0.00,100.00,1294.79,395.12,195.50,199.62,,,1689.91,1494.41,1.69,38.00,54.00,1.20,19428976,2026-09-18T05:30:41Z
C,1gb,2d,async,128,8,0,0.00,100.00,487.01,268.11,195.16,72.96,,,755.12,559.97,1.66,37.00,59.00,1.20,19428828,2026-09-18T05:30:41Z
C,1gb,2e_K10,async,128,8,0,0.00,100.00,458.93,288.32,197.27,91.05,,,747.25,549.98,1.68,36.00,66.00,1.20,19429048,2026-09-18T05:30:41Z
C,1gb,2e_K500,async,128,8,0,0.00,100.00,184.36,888.61,195.61,693.00,,,1072.97,877.36,1.66,37.00,105.00,1.20,19429384,2026-09-18T05:30:42Z
C,1gb,2f_slru,async,128,8,0,0.00,100.00,101.17,1924.03,193.88,1730.15,,,2025.20,1831.32,1.56,0.00,64.00,1.20,19430444,2026-09-18T05:30:42Z
C,1gb,leaf_freq_K10,async,128,8,0,0.00,100.00,1025.16,270.02,195.13,74.89,,,1295.18,1100.05,1.70,38.00,63.00,1.20,19429892,2026-09-18T05:30:42Z
C,1gb,leaf_rand_K10,async,128,8,0,0.00,100.00,1220.82,268.28,193.48,74.80,,,1489.10,1295.62,1.67,40.00,51.00,1.18,19430416,2026-09-18T05:30:42Z
A,vacuum,baseline,baseline,128,9,0,0.00,0.00,943.32,0.00,0.00,0.00,,,943.32,943.32,2.03,148.00,212.00,1.18,19426716,2026-09-18T05:30:43Z
A,ta,baseline,baseline,128,9,0,0.00,0.00,972.35,0.00,0.00,0.00,,,972.35,972.35,2.15,189.00,259.00,1.18,19428240,2026-09-18T05:30:43Z
A,1gb,baseline,baseline,128,9,0,0.00,0.00,1418.34,0.00,0.00,0.00,,,1418.34,1418.34,2.16,190.00,267.00,1.18,19426036,2026-09-18T05:30:43Z
B,vacuum,baseline,baseline,128,9,0,0.00,0.00,1045.57,0.00,0.00,0.00,,,1045.57,1045.57,2.05,144.00,233.00,1.18,19428388,2026-09-18T05:30:44Z
B,ta,baseline,baseline,128,9,0,0.00,0.00,734.34,0.00,0.00,0.00,,,734.34,734.34,2.22,190.00,268.00,1.18,19413620,2026-09-18T05:30:44Z
B,1gb,baseline,baseline,128,9,0,0.00,0.00,1287.61,0.00,0.00,0.00,,,1287.61,1287.61,2.20,188.00,262.00,1.18,19412240,2026-09-18T05:30:44Z
C,vacuum,baseline,baseline,128,9,0,0.00,0.00,1168.67,0.00,0.00,0.00,,,1168.67,1168.67,1.51,12.00,29.00,1.18,19414248,2026-09-18T05:30:45Z
C,ta,baseline,baseline,128,9,0,0.00,0.00,823.10,0.00,0.00,0.00,,,823.10,823.10,1.58,19.00,30.00,1.18,19414276,2026-09-18T05:30:45Z
C,1gb,baseline,baseline,128,9,0,0.00,0.00,1222.82,0.00,0.00,0.00,,,1222.82,1222.82,1.67,40.00,52.00,1.18,19414280,2026-09-18T05:30:45Z
A,vacuum,layers_5,async,128,9,0,0.00,100.00,822.84,279.40,207.32,72.08,,,1102.24,894.92,2.04,150.00,212.00,1.18,19386756,2026-09-18T05:30:46Z
A,vacuum,layers_92,async,128,9,0,0.00,100.00,418.27,989.12,798.36,190.76,,,1407.39,609.03,2.06,146.00,223.00,1.18,19388176,2026-09-18T05:30:46Z
A,vacuum,2d,async,128,9,0,0.00,100.00,421.58,274.54,195.54,79.00,,,696.12,500.58,2.04,146.00,223.00,1.18,19389712,2026-09-18T05:30:46Z
A,vacuum,2e_K10,async,128,9,0,0.00,100.00,414.24,286.87,194.45,92.42,,,701.11,506.66,2.00,148.00,227.00,1.18,19391804,2026-09-18T05:30:47Z
A,vacuum,2e_K500,async,128,9,0,0.00,100.00,408.40,1039.38,194.60,844.79,,,1447.78,1253.19,2.00,145.00,332.00,1.18,19391864,2026-09-18T05:30:47Z
A,vacuum,2f_slru,async,128,9,0,0.00,100.00,98.83,5538.60,194.99,5343.62,,,5637.43,5442.45,1.58,0.00,214.00,1.18,19392576,2026-09-18T05:30:47Z
A,vacuum,leaf_freq_K10,async,128,9,0,0.00,100.00,1522.99,270.33,195.24,75.09,,,1793.32,1598.08,2.03,149.00,217.00,1.16,19392644,2026-09-18T05:30:47Z
A,vacuum,leaf_rand_K10,async,128,9,0,0.00,100.00,995.48,272.14,196.41,75.73,,,1267.62,1071.21,2.02,148.00,212.00,1.16,19392912,2026-09-18T05:30:48Z
A,ta,layers_5,async,128,9,0,0.00,100.00,947.43,264.81,195.49,69.32,,,1212.24,1016.75,2.14,189.00,259.00,1.16,19392948,2026-09-18T05:30:48Z
A,ta,layers_92,async,128,9,0,0.00,50.00,586.15,360.88,195.52,165.36,,,947.03,751.51,2.15,188.00,259.00,1.16,19394144,2026-09-18T05:30:48Z
A,ta,2d,async,128,9,0,0.00,66.00,561.64,315.17,193.88,121.29,,,876.81,682.93,2.14,188.00,259.00,1.16,19394000,2026-09-18T05:30:49Z
A,ta,2e_K10,async,128,9,0,0.00,100.00,8937.06,371.45,238.63,132.82,,,9308.51,9069.88,2.24,189.00,268.00,1.16,19394608,2026-09-18T05:30:49Z
A,ta,2e_K500,async,128,9,0,0.00,27.40,596.69,886.56,186.28,700.28,,,1483.25,1296.97,2.14,192.00,384.00,1.16,19394700,2026-09-18T05:30:49Z
A,ta,2f_slru,async,128,9,0,0.00,100.00,100.57,7092.66,189.03,6903.63,,,7193.23,7004.20,1.57,0.00,279.00,1.16,19392928,2026-09-18T05:30:50Z
A,ta,leaf_freq_K10,async,128,9,0,0.00,100.00,1072.22,264.07,188.58,75.48,,,1336.29,1147.70,2.14,190.00,268.00,1.16,19395660,2026-09-18T05:30:50Z
A,ta,leaf_rand_K10,async,128,9,0,0.00,100.00,1077.66,261.11,185.23,75.88,,,1338.77,1153.54,2.15,189.00,259.00,1.16,19396036,2026-09-18T05:30:50Z
A,1gb,layers_5,async,128,9,0,0.00,100.00,1370.38,253.83,185.95,67.88,,,1624.21,1438.26,2.17,190.00,268.00,1.16,19392772,2026-09-18T05:30:51Z
A,1gb,layers_92,async,128,9,0,0.00,100.00,977.67,381.70,186.65,195.05,,,1359.37,1172.72,2.21,190.00,272.00,1.16,19387844,2026-09-18T05:30:51Z
A,1gb,2d,async,128,9,0,0.00,100.00,616.84,274.09,185.78,88.31,,,890.93,705.15,2.18,189.00,273.00,1.16,19387996,2026-09-18T05:30:51Z
A,1gb,2e_K10,async,128,9,0,0.00,100.00,611.04,290.74,187.03,103.70,,,901.78,714.74,2.17,190.00,286.00,1.16,19387388,2026-09-18T05:30:52Z
A,1gb,2e_K500,async,128,9,0,0.00,100.00,645.29,1046.13,187.92,858.20,,,1691.42,1503.49,2.17,194.00,398.00,1.16,19387892,2026-09-18T05:30:52Z
A,1gb,2f_slru,async,128,9,0,0.00,100.00,94.55,7221.76,188.04,7033.71,,,7316.31,7128.26,1.58,0.00,280.00,1.16,19385952,2026-09-18T05:30:52Z
A,1gb,leaf_freq_K10,async,128,9,0,0.00,100.00,1454.31,261.53,186.15,75.38,,,1715.84,1529.69,2.17,189.00,280.00,1.15,19388748,2026-09-18T05:30:53Z
A,1gb,leaf_rand_K10,async,128,9,0,0.00,100.00,1508.77,267.81,185.72,82.09,,,1776.58,1590.86,2.16,190.00,266.00,1.15,19389376,2026-09-18T05:30:53Z
B,vacuum,layers_5,async,128,9,0,0.00,100.00,905.94,256.94,187.10,69.84,,,1162.88,975.78,2.08,144.00,233.00,1.15,19389476,2026-09-18T05:30:53Z
B,vacuum,layers_92,async,128,9,0,0.00,100.00,1464.74,358.62,185.71,172.91,,,1823.36,1637.65,2.08,143.00,232.00,1.15,19390440,2026-09-18T05:30:54Z
B,vacuum,2d,async,128,9,0,0.00,100.00,581.12,264.66,184.94,79.72,,,845.78,660.84,2.07,143.00,232.00,1.15,19391088,2026-09-18T05:30:54Z
B,vacuum,2e_K10,async,128,9,0,0.00,100.00,551.23,276.76,185.99,90.77,,,827.99,642.00,2.08,144.00,235.00,1.15,19391680,2026-09-18T05:30:54Z
B,vacuum,2e_K500,async,128,9,0,0.00,99.80,180.37,1041.82,197.70,844.12,,,1222.19,1024.49,2.02,142.00,286.00,1.15,19392736,2026-09-18T05:30:54Z
B,vacuum,2f_slru,async,128,9,0,0.00,100.00,99.42,5604.29,185.99,5418.30,,,5703.71,5517.72,1.62,0.00,214.00,1.15,19393432,2026-09-18T05:30:55Z
B,vacuum,leaf_freq_K10,async,128,9,0,0.00,100.00,963.31,258.92,185.10,73.82,,,1222.23,1037.13,2.04,145.00,233.00,1.15,19392848,2026-09-18T05:30:55Z
B,vacuum,leaf_rand_K10,async,128,9,0,0.00,100.00,1070.70,258.62,184.88,73.74,,,1329.32,1144.44,2.09,144.00,233.00,1.15,19394688,2026-09-18T05:30:55Z
B,ta,layers_5,async,128,9,0,0.00,100.00,920.32,253.85,186.66,67.19,,,1174.17,987.51,2.15,190.00,267.00,1.15,19395400,2026-09-18T05:30:56Z
B,ta,layers_92,async,128,9,0,0.00,100.00,580.58,375.29,199.15,176.13,,,955.87,756.71,2.27,189.00,267.00,1.15,19398436,2026-09-18T05:30:56Z
B,ta,2d,async,128,9,0,0.00,66.00,505.40,306.15,187.40,118.75,,,811.55,624.15,2.20,189.00,267.00,1.15,19399548,2026-09-18T05:30:56Z
B,ta,2e_K10,async,128,9,0,0.00,71.90,505.82,319.54,188.14,131.40,,,825.36,637.22,2.21,190.00,268.00,1.15,19400240,2026-09-18T05:30:57Z
B,ta,2e_K500,async,128,9,0,0.00,57.60,672.86,972.46,187.42,785.04,,,1645.32,1457.90,2.19,183.00,319.00,1.15,19401000,2026-09-18T05:30:57Z
B,ta,2f_slru,async,128,9,0,0.00,100.00,98.44,7258.83,187.69,7071.14,,,7357.27,7169.58,1.62,0.00,279.00,1.15,19398928,2026-09-18T05:30:57Z
B,ta,leaf_freq_K10,async,128,9,0,0.00,100.00,705.07,260.48,186.31,74.17,,,965.55,779.24,2.21,191.00,269.00,1.14,19401728,2026-09-18T05:30:58Z
B,ta,leaf_rand_K10,async,128,9,0,0.00,100.00,642.45,260.07,185.62,74.45,,,902.52,716.90,2.19,190.00,268.00,1.14,19401908,2026-09-18T05:30:58Z
B,1gb,layers_5,async,128,9,0,0.00,100.00,1124.62,257.75,187.02,70.73,,,1382.37,1195.35,2.20,188.00,261.00,1.14,19401624,2026-09-18T05:30:58Z
B,1gb,layers_92,async,128,9,0,0.00,100.00,856.42,381.16,184.73,196.43,,,1237.58,1052.85,2.24,188.00,266.00,1.14,19402924,2026-09-18T05:30:59Z
B,1gb,2d,async,128,9,0,0.00,100.00,483.22,272.84,184.92,87.93,,,756.06,571.15,2.19,187.00,267.00,1.14,19402700,2026-09-18T05:30:59Z
B,1gb,2e_K10,async,128,9,0,0.00,100.00,495.37,291.21,186.28,104.93,,,786.58,600.30,2.20,188.00,268.00,1.14,19419800,2026-09-18T05:30:59Z
B,1gb,2e_K500,async,128,9,0,0.00,100.00,152.56,1133.87,224.64,909.23,,,1286.43,1061.79,2.19,186.00,318.00,1.14,19420028,2026-09-18T05:31:00Z
B,1gb,2f_slru,async,128,9,0,0.00,100.00,102.84,7344.03,223.65,7120.38,,,7446.87,7223.22,1.65,0.00,280.00,1.14,19417092,2026-09-18T05:31:00Z
B,1gb,leaf_freq_K10,async,128,9,0,0.00,100.00,1202.38,301.15,226.28,74.87,,,1503.53,1277.25,2.18,188.00,262.00,1.14,19421336,2026-09-18T05:31:00Z
B,1gb,leaf_rand_K10,async,128,9,0,0.00,100.00,1872.47,304.98,226.32,78.66,,,2177.45,1951.13,2.25,188.00,261.00,1.14,19421376,2026-09-18T05:31:01Z
C,vacuum,layers_5,async,128,9,0,0.00,100.00,1050.66,292.82,223.37,69.45,,,1343.48,1120.11,1.52,12.00,29.00,1.14,19421904,2026-09-18T05:31:01Z
C,vacuum,layers_92,async,128,9,0,0.00,100.00,631.60,413.51,224.73,188.77,,,1045.11,820.37,1.55,12.00,31.00,1.14,19422160,2026-09-18T05:31:01Z
C,vacuum,2d,async,128,9,0,0.00,100.00,626.50,292.21,223.62,68.59,,,918.71,695.09,1.51,12.00,31.00,1.14,19405444,2026-09-18T05:31:01Z
C,vacuum,2e_K10,async,128,9,0,0.00,100.00,185.71,305.17,225.53,79.64,,,490.88,265.35,1.51,12.00,33.00,1.14,19419396,2026-09-18T05:31:02Z
C,vacuum,2e_K500,async,128,9,0,0.00,59.80,182.80,682.63,225.06,457.57,,,865.43,640.37,1.48,0.00,30.00,1.14,19419532,2026-09-18T05:31:02Z
C,vacuum,2f_slru,async,128,9,0,0.00,100.00,95.91,808.60,226.24,582.37,,,904.51,678.28,1.49,0.00,30.00,1.14,19420204,2026-09-18T05:31:02Z
C,vacuum,leaf_freq_K10,async,128,9,0,0.00,100.00,784.37,299.04,224.32,74.72,,,1083.41,859.09,1.53,12.00,31.00,1.21,19420032,2026-09-18T05:31:02Z
C,vacuum,leaf_rand_K10,async,128,9,0,0.00,100.00,1118.53,298.61,224.08,74.53,,,1417.14,1193.06,1.51,12.00,29.00,1.21,19420744,2026-09-18T05:31:03Z
C,ta,layers_5,async,128,9,0,0.00,100.00,787.44,293.11,223.67,69.44,,,1080.55,856.88,1.59,19.00,30.00,1.21,19420940,2026-09-18T05:31:03Z
C,ta,layers_92,async,128,9,0,0.00,33.70,443.71,394.86,220.44,174.42,,,838.57,618.13,1.60,18.00,31.00,1.21,19421888,2026-09-18T05:31:03Z
C,ta,2d,async,128,9,0,0.00,100.00,450.82,340.95,224.48,116.47,,,791.77,567.29,1.61,18.00,31.00,1.21,19422412,2026-09-18T05:31:03Z
C,ta,2e_K10,async,128,9,0,0.00,100.00,180.71,352.81,222.63,130.19,,,533.52,310.90,1.60,17.00,32.00,1.21,19423256,2026-09-18T05:31:04Z
C,ta,2e_K500,async,128,9,0,0.00,100.00,183.81,799.61,223.26,576.35,,,983.42,760.16,1.55,0.00,38.00,1.21,19423040,2026-09-18T05:31:04Z
C,ta,2f_slru,async,128,9,0,0.00,100.00,96.61,1093.81,225.37,868.43,,,1190.42,965.04,1.54,0.00,38.00,1.21,19422888,2026-09-18T05:31:04Z
C,ta,leaf_freq_K10,async,128,9,0,0.00,100.00,948.24,300.25,227.22,73.03,,,1248.49,1021.27,1.59,18.00,31.00,1.21,19413764,2026-09-18T05:31:04Z
C,ta,leaf_rand_K10,async,128,9,0,0.00,100.00,798.86,298.73,221.72,77.01,,,1097.59,875.87,1.59,19.00,30.00,1.21,19414676,2026-09-18T05:31:05Z
C,1gb,layers_5,async,128,9,0,0.00,100.00,1117.39,292.00,223.88,68.12,,,1409.39,1185.51,1.69,40.00,51.00,1.21,19414096,2026-09-18T05:31:05Z
C,1gb,layers_92,async,128,9,0,0.00,100.00,1110.66,436.08,223.88,212.20,,,1546.74,1322.86,1.68,38.00,54.00,1.21,19414152,2026-09-18T05:31:05Z
C,1gb,2d,async,128,9,0,0.00,100.00,549.44,299.05,224.68,74.37,,,848.49,623.81,1.67,37.00,59.00,1.21,19414096,2026-09-18T05:31:06Z
C,1gb,2e_K10,async,128,9,0,0.00,100.00,158.60,311.06,223.76,87.29,,,469.66,245.89,1.71,36.00,66.00,1.21,19415188,2026-09-18T05:31:06Z
C,1gb,2e_K500,async,128,9,0,0.00,100.00,182.83,942.68,224.35,718.33,,,1125.51,901.16,1.65,37.00,106.00,1.21,19415756,2026-09-18T05:31:06Z
C,1gb,2f_slru,async,128,9,0,0.00,100.00,99.72,1735.62,224.47,1511.15,,,1835.34,1610.87,1.56,0.00,64.00,1.21,19416312,2026-09-18T05:31:06Z
C,1gb,leaf_freq_K10,async,128,9,0,0.00,100.00,887.52,302.82,224.85,77.97,,,1190.34,965.49,1.68,38.00,63.00,1.21,19396148,2026-09-18T05:31:07Z
C,1gb,leaf_rand_K10,async,128,9,0,0.00,100.00,1231.23,301.93,225.86,76.06,,,1533.16,1307.29,1.68,40.00,51.00,1.21,19396660,2026-09-18T05:31:07Z
A,vacuum,baseline,baseline,128,10,0,0.00,0.00,967.64,0.00,0.00,0.00,,,967.64,967.64,2.02,148.00,212.00,1.21,19397900,2026-09-18T05:31:07Z
A,ta,baseline,baseline,128,10,0,0.00,0.00,1080.89,0.00,0.00,0.00,,,1080.89,1080.89,2.22,189.00,259.00,1.19,19398048,2026-09-18T05:31:08Z
A,1gb,baseline,baseline,128,10,0,0.00,0.00,1391.91,0.00,0.00,0.00,,,1391.91,1391.91,2.14,190.00,267.00,1.19,19397724,2026-09-18T05:31:08Z
B,vacuum,baseline,baseline,128,10,0,0.00,0.00,1032.42,0.00,0.00,0.00,,,1032.42,1032.42,2.05,144.00,233.00,1.19,19400708,2026-09-18T05:31:08Z
B,ta,baseline,baseline,128,10,0,0.00,0.00,795.66,0.00,0.00,0.00,,,795.66,795.66,2.25,190.00,268.00,1.19,19400668,2026-09-18T05:31:09Z
B,1gb,baseline,baseline,128,10,0,0.00,0.00,1193.37,0.00,0.00,0.00,,,1193.37,1193.37,2.17,188.00,262.00,1.19,19401448,2026-09-18T05:31:09Z
C,vacuum,baseline,baseline,128,10,0,0.00,0.00,1137.17,0.00,0.00,0.00,,,1137.17,1137.17,1.51,12.00,29.00,1.19,19403396,2026-09-18T05:31:09Z
C,ta,baseline,baseline,128,10,0,0.00,0.00,827.67,0.00,0.00,0.00,,,827.67,827.67,1.60,19.00,30.00,1.19,19404272,2026-09-18T05:31:10Z
C,1gb,baseline,baseline,128,10,0,0.00,0.00,1319.65,0.00,0.00,0.00,,,1319.65,1319.65,1.67,40.00,52.00,1.19,19404000,2026-09-18T05:31:10Z
A,vacuum,layers_5,async,128,10,0,0.00,100.00,853.03,267.98,197.96,70.02,,,1121.01,923.05,2.08,150.00,212.00,1.19,19405360,2026-09-18T05:31:10Z
A,vacuum,layers_92,async,128,10,0,0.00,100.00,412.61,371.69,196.58,175.11,,,784.30,587.72,2.01,146.00,223.00,1.19,19405092,2026-09-18T05:31:10Z
A,vacuum,2d,async,128,10,0,0.00,100.00,411.24,269.07,194.74,74.33,,,680.31,485.57,2.01,146.00,223.00,1.19,19405712,2026-09-18T05:31:11Z
A,vacuum,2e_K10,async,128,10,0,0.00,100.00,412.97,286.48,195.25,91.23,,,699.45,504.20,2.00,148.00,227.00,1.19,19406376,2026-09-18T05:31:11Z
A,vacuum,2e_K500,async,128,10,0,0.00,100.00,383.20,1073.50,196.09,877.41,,,1456.70,1260.61,1.97,145.00,332.00,1.19,19406432,2026-09-18T05:31:11Z
A,vacuum,2f_slru,async,128,10,0,0.00,100.00,117.96,5560.23,196.99,5363.24,,,5678.19,5481.20,1.56,0.00,214.00,1.19,19407608,2026-09-18T05:31:12Z
A,vacuum,leaf_freq_K10,async,128,10,0,0.00,100.00,953.57,269.27,194.85,74.42,,,1222.84,1027.99,2.02,149.00,217.00,1.19,19400168,2026-09-18T05:31:12Z
A,vacuum,leaf_rand_K10,async,128,10,0,0.00,100.00,988.97,606.56,525.14,81.42,,,1595.53,1070.39,2.01,148.00,212.00,1.19,19400332,2026-09-18T05:31:12Z
A,ta,layers_5,async,128,10,0,0.00,100.00,1076.35,264.44,194.75,69.69,,,1340.79,1146.04,2.17,189.00,259.00,1.18,19401656,2026-09-18T05:31:13Z
A,ta,layers_92,async,128,10,0,0.00,51.10,554.54,374.27,197.60,176.67,,,928.81,731.21,2.16,188.00,259.00,1.18,19402348,2026-09-18T05:31:13Z
A,ta,2d,async,128,10,0,0.00,87.20,567.00,1743.62,1169.83,573.79,,,2310.62,1140.79,2.19,188.00,259.00,1.18,19405988,2026-09-18T05:31:13Z
A,ta,2e_K10,async,128,10,0,0.00,71.90,564.51,326.89,196.27,130.63,,,891.40,695.14,2.16,189.00,268.00,1.18,19407780,2026-09-18T05:31:14Z
A,ta,2e_K500,async,128,10,0,0.00,55.90,637.98,1027.97,186.61,841.36,,,1665.95,1479.34,2.11,192.00,382.00,1.18,19407200,2026-09-18T05:31:14Z
A,ta,2f_slru,async,128,10,0,0.00,100.00,99.25,7067.72,187.61,6880.10,,,7166.97,6979.35,1.57,0.00,279.00,1.18,19409620,2026-09-18T05:31:14Z
A,ta,leaf_freq_K10,async,128,10,0,0.00,100.00,988.56,258.16,183.18,74.98,,,1246.72,1063.54,2.14,190.00,268.00,1.18,19412360,2026-09-18T05:31:14Z
A,ta,leaf_rand_K10,async,128,10,0,0.00,100.00,1017.41,590.13,516.28,73.85,,,1607.54,1091.26,2.13,189.00,259.00,1.18,19415104,2026-09-18T05:31:15Z
A,1gb,layers_5,async,128,10,0,0.00,100.00,1418.27,256.31,188.18,68.13,,,1674.58,1486.40,2.13,190.00,268.00,1.18,19414276,2026-09-18T05:31:15Z
A,1gb,layers_92,async,128,10,0,0.00,100.00,940.90,385.75,187.59,198.15,,,1326.65,1139.05,2.13,190.00,272.00,1.18,19415112,2026-09-18T05:31:15Z
A,1gb,2d,async,128,10,0,0.00,100.00,616.26,281.52,194.41,87.11,,,897.78,703.37,2.21,189.00,273.00,1.18,19419908,2026-09-18T05:31:16Z
A,1gb,2e_K10,async,128,10,0,0.00,100.00,569.95,283.64,184.65,99.00,,,853.59,668.95,2.11,190.00,286.00,1.18,19419596,2026-09-18T05:31:16Z
A,1gb,2e_K500,async,128,10,0,0.00,100.00,612.55,1068.51,187.79,880.72,,,1681.06,1493.27,2.15,194.00,395.00,1.18,19419988,2026-09-18T05:31:16Z
A,1gb,2f_slru,async,128,10,0,0.00,100.00,103.39,7156.39,188.62,6967.76,,,7259.78,7071.15,1.59,0.00,280.00,1.18,19417696,2026-09-18T05:31:17Z
A,1gb,leaf_freq_K10,async,128,10,0,0.00,100.00,1490.66,266.23,189.57,76.67,,,1756.89,1567.33,2.19,189.00,280.00,1.18,19404580,2026-09-18T05:31:17Z
A,1gb,leaf_rand_K10,async,128,10,0,0.00,100.00,1341.30,264.15,187.96,76.18,,,1605.45,1417.48,2.17,190.00,266.00,1.16,19407548,2026-09-18T05:31:17Z
B,vacuum,layers_5,async,128,10,0,0.00,100.00,975.68,255.77,185.60,70.17,,,1231.45,1045.85,2.05,144.00,233.00,1.16,19409012,2026-09-18T05:31:18Z
B,vacuum,layers_92,async,128,10,0,0.00,100.00,559.31,370.02,188.01,182.00,,,929.33,741.31,2.12,143.00,232.00,1.16,19409716,2026-09-18T05:31:18Z
B,vacuum,2d,async,128,10,0,0.00,100.00,520.86,262.40,186.39,76.01,,,783.26,596.87,2.04,143.00,232.00,1.16,19410964,2026-09-18T05:31:18Z
B,vacuum,2e_K10,async,128,10,0,0.00,100.00,586.73,294.16,193.88,100.29,,,880.89,687.02,2.08,144.00,235.00,1.16,19411524,2026-09-18T05:31:19Z
B,vacuum,2e_K500,async,128,10,0,0.00,21.10,186.25,910.93,185.23,725.70,,,1097.18,911.95,2.02,142.00,288.00,1.16,19412488,2026-09-18T05:31:19Z
B,vacuum,2f_slru,async,128,10,0,0.00,100.00,99.02,5500.54,193.70,5306.84,,,5599.56,5405.86,1.60,0.00,214.00,1.16,19429184,2026-09-18T05:31:19Z
B,vacuum,leaf_freq_K10,async,128,10,0,0.00,100.00,953.59,260.09,185.28,74.81,,,1213.68,1028.40,2.09,145.00,233.00,1.16,19400388,2026-09-18T05:31:20Z
B,vacuum,leaf_rand_K10,async,128,10,0,0.00,100.00,1010.73,266.17,189.00,77.17,,,1276.90,1087.90,2.06,144.00,233.00,1.16,19401332,2026-09-18T05:31:20Z
B,ta,layers_5,async,128,10,0,0.00,100.00,918.85,251.39,182.34,69.05,,,1170.24,987.90,2.19,190.00,267.00,1.16,19403520,2026-09-18T05:31:20Z
B,ta,layers_92,async,128,10,0,0.00,50.00,569.04,363.67,188.04,175.63,,,932.71,744.67,2.19,189.00,267.00,1.16,19405388,2026-09-18T05:31:21Z
B,ta,2d,async,128,10,0,0.00,66.00,561.94,1182.85,1070.68,112.17,,,1744.79,674.11,2.20,189.00,267.00,1.16,19402412,2026-09-18T05:31:21Z
B,ta,2e_K10,async,128,10,0,0.00,71.90,571.53,312.39,185.86,126.53,,,883.92,698.06,2.20,190.00,268.00,1.16,19404052,2026-09-18T05:31:21Z
B,ta,2e_K500,async,128,10,0,0.00,49.40,181.96,1004.67,185.78,818.89,,,1186.63,1000.85,2.19,183.00,316.00,1.16,19404496,2026-09-18T05:31:22Z
B,ta,2f_slru,async,128,10,0,0.00,100.00,93.98,7223.63,198.01,7025.62,,,7317.61,7119.60,1.63,0.00,279.00,1.16,19402004,2026-09-18T05:31:22Z
B,ta,leaf_freq_K10,async,128,10,0,0.00,100.00,728.54,262.23,187.20,75.03,,,990.77,803.57,2.22,191.00,269.00,1.16,19408028,2026-09-18T05:31:22Z
B,ta,leaf_rand_K10,async,128,10,0,0.00,100.00,657.90,259.02,187.16,71.86,,,916.92,729.76,2.22,190.00,268.00,1.23,19400200,2026-09-18T05:31:22Z
B,1gb,layers_5,async,128,10,0,0.00,100.00,1146.71,250.72,182.58,68.14,,,1397.43,1214.85,2.20,188.00,261.00,1.23,19401568,2026-09-18T05:31:23Z
B,1gb,layers_92,async,128,10,0,0.00,100.00,833.44,384.31,186.22,198.09,,,1217.75,1031.53,2.22,188.00,266.00,1.23,19403484,2026-09-18T05:31:23Z
B,1gb,2d,async,128,10,0,0.00,100.00,496.10,275.03,187.35,87.67,,,771.13,583.77,2.20,187.00,267.00,1.23,19405148,2026-09-18T05:31:23Z
B,1gb,2e_K10,async,128,10,0,0.00,100.00,550.12,287.09,184.69,102.40,,,837.21,652.52,2.21,188.00,268.00,1.23,19406076,2026-09-18T05:31:24Z
B,1gb,2e_K500,async,128,10,0,0.00,100.00,188.11,1086.55,182.82,903.73,,,1274.66,1091.84,2.20,186.00,318.00,1.23,19408332,2026-09-18T05:31:24Z
B,1gb,2f_slru,async,128,10,0,0.00,100.00,102.94,7275.34,188.16,7087.18,,,7378.28,7190.12,1.66,0.00,280.00,1.23,19407032,2026-09-18T05:31:24Z
B,1gb,leaf_freq_K10,async,128,10,0,0.00,100.00,1367.50,253.60,181.72,71.88,,,1621.10,1439.38,2.26,188.00,262.00,1.23,19401284,2026-09-18T05:31:25Z
B,1gb,leaf_rand_K10,async,128,10,0,0.00,100.00,1185.44,262.64,183.97,78.68,,,1448.08,1264.12,2.20,188.00,261.00,1.23,19402036,2026-09-18T05:31:25Z
C,vacuum,layers_5,async,128,10,0,0.00,100.00,1047.52,253.26,183.54,69.71,,,1300.78,1117.23,1.53,12.00,29.00,1.23,19403620,2026-09-18T05:31:25Z
C,vacuum,layers_92,async,128,10,0,0.00,100.00,632.45,372.57,186.16,186.41,,,1005.02,818.86,1.52,12.00,31.00,1.23,19403044,2026-09-18T05:31:26Z
C,vacuum,2d,async,128,10,0,0.00,100.00,665.32,253.77,184.89,68.88,,,919.09,734.20,1.54,12.00,31.00,1.23,19404196,2026-09-18T05:31:26Z
C,vacuum,2e_K10,async,128,10,0,0.00,92.90,183.53,260.61,180.67,79.94,,,444.14,263.47,1.54,12.00,33.00,1.23,19404664,2026-09-18T05:31:26Z
C,vacuum,2e_K500,async,128,10,0,0.00,83.40,182.29,663.05,184.55,478.50,,,845.34,660.79,1.49,0.00,30.00,1.23,19403808,2026-09-18T05:31:26Z
C,vacuum,2f_slru,async,128,10,0,0.00,100.00,95.08,742.19,184.85,557.34,,,837.27,652.42,1.50,0.00,30.00,1.23,19404672,2026-09-18T05:31:27Z
C,vacuum,leaf_freq_K10,async,128,10,0,0.00,100.00,793.86,259.24,183.93,75.31,,,1053.10,869.17,1.52,12.00,31.00,1.23,19405024,2026-09-18T05:31:27Z
C,vacuum,leaf_rand_K10,async,128,10,0,0.00,100.00,1051.56,258.46,183.81,74.65,,,1310.02,1126.21,1.53,12.00,29.00,1.23,19405500,2026-09-18T05:31:27Z
C,ta,layers_5,async,128,10,0,0.00,100.00,792.69,254.95,184.12,70.83,,,1047.64,863.52,1.59,19.00,30.00,1.21,19405720,2026-09-18T05:31:27Z
C,ta,layers_92,async,128,10,0,0.00,28.30,387.00,353.12,182.80,170.32,,,740.12,557.32,1.62,18.00,31.00,1.21,19406808,2026-09-18T05:31:28Z
C,ta,2d,async,128,10,0,0.00,100.00,442.32,313.17,188.39,124.77,,,755.49,567.09,1.62,18.00,31.00,1.21,19391316,2026-09-18T05:31:28Z
C,ta,2e_K10,async,128,10,0,0.00,100.00,181.18,314.16,185.12,129.04,,,495.34,310.22,1.61,17.00,32.00,1.21,19398008,2026-09-18T05:31:28Z
C,ta,2e_K500,async,128,10,0,0.00,100.00,182.18,780.59,178.40,602.19,,,962.77,784.37,1.55,0.00,38.00,1.21,19398240,2026-09-18T05:31:29Z
C,ta,2f_slru,async,128,10,0,0.00,100.00,95.52,956.18,183.37,772.81,,,1051.70,868.33,1.55,0.00,38.00,1.21,19398568,2026-09-18T05:31:29Z
C,ta,leaf_freq_K10,async,128,10,0,0.00,100.00,894.49,260.41,185.36,75.05,,,1154.90,969.54,1.61,18.00,31.00,1.21,19398972,2026-09-18T05:31:29Z
C,ta,leaf_rand_K10,async,128,10,0,0.00,100.00,724.25,254.11,179.94,74.17,,,978.36,798.42,1.59,19.00,30.00,1.21,19403864,2026-09-18T05:31:29Z
C,1gb,layers_5,async,128,10,0,0.00,100.00,1214.07,251.21,182.77,68.44,,,1465.28,1282.51,1.69,40.00,51.00,1.21,19403624,2026-09-18T05:31:30Z
C,1gb,layers_92,async,128,10,0,0.00,100.00,1338.47,379.61,182.15,197.46,,,1718.08,1535.93,1.73,38.00,54.00,1.21,19405708,2026-09-18T05:31:30Z
C,1gb,2d,async,128,10,0,0.00,100.00,487.49,256.02,182.85,73.17,,,743.51,560.66,1.67,37.00,59.00,1.21,19408684,2026-09-18T05:31:30Z
C,1gb,2e_K10,async,128,10,0,0.00,100.00,152.46,368.75,284.91,83.85,,,521.21,236.31,1.68,36.00,66.00,1.21,19407844,2026-09-18T05:31:30Z
C,1gb,2e_K500,async,128,10,0,0.00,100.00,182.42,839.69,183.09,656.59,,,1022.11,839.01,1.65,37.00,105.00,1.21,19408908,2026-09-18T05:31:31Z
C,1gb,2f_slru,async,128,10,0,0.00,100.00,100.03,1901.09,180.56,1720.54,,,2001.12,1820.57,1.57,0.00,64.00,1.21,19410124,2026-09-18T05:31:31Z
C,1gb,leaf_freq_K10,async,128,10,0,0.00,100.00,947.32,254.50,180.69,73.81,,,1201.82,1021.13,1.70,38.00,63.00,1.21,19410948,2026-09-18T05:31:31Z
C,1gb,leaf_rand_K10,async,128,10,0,0.00,100.00,1210.27,257.98,182.35,75.62,,,1468.25,1285.89,1.69,40.00,51.00,1.21,19410572,2026-09-18T05:31:32Z
A,vacuum,baseline,baseline,128,11,0,0.00,0.00,1017.48,0.00,0.00,0.00,,,1017.48,1017.48,2.06,148.00,212.00,1.21,19410228,2026-09-18T05:31:32Z
A,ta,baseline,baseline,128,11,0,0.00,0.00,966.41,0.00,0.00,0.00,,,966.41,966.41,2.12,189.00,259.00,1.21,19413476,2026-09-18T05:31:32Z
A,1gb,baseline,baseline,128,11,0,0.00,0.00,1359.20,0.00,0.00,0.00,,,1359.20,1359.20,2.16,190.00,267.00,1.19,19412888,2026-09-18T05:31:33Z
B,vacuum,baseline,baseline,128,11,0,0.00,0.00,988.90,0.00,0.00,0.00,,,988.90,988.90,2.13,144.00,233.00,1.19,19414008,2026-09-18T05:31:33Z
B,ta,baseline,baseline,128,11,0,0.00,0.00,676.87,0.00,0.00,0.00,,,676.87,676.87,2.17,190.00,268.00,1.19,19418972,2026-09-18T05:31:33Z
B,1gb,baseline,baseline,128,11,0,0.00,0.00,1142.76,0.00,0.00,0.00,,,1142.76,1142.76,2.19,188.00,262.00,1.19,19419436,2026-09-18T05:31:34Z
C,vacuum,baseline,baseline,128,11,0,0.00,0.00,1164.28,0.00,0.00,0.00,,,1164.28,1164.28,1.54,12.00,29.00,1.19,19418256,2026-09-18T05:31:34Z
C,ta,baseline,baseline,128,11,0,0.00,0.00,816.65,0.00,0.00,0.00,,,816.65,816.65,1.59,19.00,30.00,1.19,19421316,2026-09-18T05:31:34Z
C,1gb,baseline,baseline,128,11,0,0.00,0.00,1186.84,0.00,0.00,0.00,,,1186.84,1186.84,1.73,40.00,52.00,1.19,19420212,2026-09-18T05:31:34Z
A,vacuum,layers_5,async,128,11,0,0.00,100.00,869.84,265.25,195.72,69.53,,,1135.09,939.37,1.99,150.00,212.00,1.19,19421172,2026-09-18T05:31:35Z
A,vacuum,layers_92,async,128,11,0,0.00,100.00,424.58,369.31,195.57,173.75,,,793.89,598.33,2.03,146.00,223.00,1.19,19421660,2026-09-18T05:31:35Z
A,vacuum,2d,async,128,11,0,0.00,100.00,404.71,272.69,194.04,78.65,,,677.40,483.36,2.00,146.00,223.00,1.19,19421268,2026-09-18T05:31:35Z
A,vacuum,2e_K10,async,128,11,0,0.00,100.00,411.81,288.07,197.56,90.51,,,699.88,502.32,2.02,148.00,227.00,1.19,19421640,2026-09-18T05:31:36Z
A,vacuum,2e_K500,async,128,11,0,0.00,20.50,1353.55,917.45,195.16,722.29,,,2271.00,2075.84,1.98,145.00,336.00,1.19,19422112,2026-09-18T05:31:36Z
A,vacuum,2f_slru,async,128,11,0,0.00,100.00,99.89,5566.12,195.38,5370.75,,,5666.01,5470.64,1.56,0.00,214.00,1.19,19424372,2026-09-18T05:31:36Z
A,vacuum,leaf_freq_K10,async,128,11,0,0.00,100.00,991.88,274.17,199.33,74.83,,,1266.05,1066.71,2.06,149.00,217.00,1.19,19423468,2026-09-18T05:31:37Z
A,vacuum,leaf_rand_K10,async,128,11,0,0.00,100.00,995.40,268.43,193.66,74.76,,,1263.83,1070.16,1.97,148.00,212.00,1.19,19423224,2026-09-18T05:31:37Z
A,ta,layers_5,async,128,11,0,0.00,100.00,1036.93,263.88,195.71,68.17,,,1300.81,1105.10,2.16,189.00,259.00,1.19,19422884,2026-09-18T05:31:37Z
A,ta,layers_92,async,128,11,0,0.00,6.50,596.33,1316.61,884.71,431.89,,,1912.94,1028.22,2.20,188.00,259.00,1.18,19424256,2026-09-18T05:31:38Z
A,ta,2d,async,128,11,0,0.00,100.00,633.72,315.76,195.58,120.19,,,949.48,753.91,2.15,188.00,259.00,1.18,19423864,2026-09-18T05:31:38Z
A,ta,2e_K10,async,128,11,0,0.00,100.00,602.33,324.72,195.10,129.62,,,927.05,731.95,2.14,189.00,268.00,1.18,19424284,2026-09-18T05:31:38Z
A,ta,2e_K500,async,128,11,0,0.00,26.00,600.71,890.82,187.09,703.72,,,1491.53,1304.43,2.13,192.00,382.00,1.18,19411488,2026-09-18T05:31:38Z
A,ta,2f_slru,async,128,11,0,0.00,100.00,100.38,7172.23,186.42,6985.80,,,7272.61,7086.18,1.60,0.00,279.00,1.18,19410100,2026-09-18T05:31:39Z
A,ta,leaf_freq_K10,async,128,11,0,0.00,100.00,1118.77,1013.33,472.19,541.14,,,2132.10,1659.91,2.15,190.00,268.00,1.18,19412260,2026-09-18T05:31:39Z
A,ta,leaf_rand_K10,async,128,11,0,0.00,100.00,1078.86,258.28,184.48,73.80,,,1337.14,1152.66,2.17,189.00,259.00,1.18,19413704,2026-09-18T05:31:39Z
A,1gb,layers_5,async,128,11,0,0.00,100.00,1403.54,255.01,186.71,68.30,,,1658.55,1471.84,2.18,190.00,268.00,1.18,19413332,2026-09-18T05:31:40Z
A,1gb,layers_92,async,128,11,0,0.00,100.00,947.88,384.22,194.07,190.15,,,1332.10,1138.03,2.21,190.00,272.00,1.18,19428368,2026-09-18T05:31:40Z
A,1gb,2d,async,128,11,0,0.00,100.00,641.83,274.33,184.14,90.19,,,916.16,732.02,2.17,189.00,273.00,1.18,19430004,2026-09-18T05:31:40Z
A,1gb,2e_K10,async,128,11,0,0.00,100.00,611.99,295.39,187.20,108.19,,,907.38,720.18,2.13,190.00,286.00,1.18,19429200,2026-09-18T05:31:41Z
A,1gb,2e_K500,async,128,11,0,0.00,100.00,1522.48,1035.84,187.19,848.64,,,2558.32,2371.12,2.16,194.00,399.00,1.18,19429104,2026-09-18T05:31:41Z
A,1gb,2f_slru,async,128,11,0,0.00,100.00,103.38,7125.44,191.80,6933.64,,,7228.82,7037.02,1.58,0.00,280.00,1.18,19427588,2026-09-18T05:31:41Z
A,1gb,leaf_freq_K10,async,128,11,0,0.00,100.00,1460.93,262.94,186.71,76.23,,,1723.87,1537.16,2.15,189.00,280.00,1.18,19431184,2026-09-18T05:31:42Z
A,1gb,leaf_rand_K10,async,128,11,0,0.00,100.00,1419.08,316.48,191.58,124.89,,,1735.56,1543.97,2.21,190.00,266.00,1.18,19430976,2026-09-18T05:31:42Z
B,vacuum,layers_5,async,128,11,0,0.00,100.00,914.82,262.08,187.62,74.46,,,1176.90,989.28,2.07,144.00,233.00,1.16,19432588,2026-09-18T05:31:42Z
B,vacuum,layers_92,async,128,11,0,0.00,100.00,556.24,378.21,187.42,190.79,,,934.45,747.03,2.06,143.00,232.00,1.16,19433380,2026-09-18T05:31:43Z
B,vacuum,2d,async,128,11,0,0.00,100.00,520.98,262.91,184.84,78.08,,,783.89,599.06,2.08,143.00,232.00,1.16,19433728,2026-09-18T05:31:43Z
B,vacuum,2e_K10,async,128,11,0,0.00,100.00,523.33,277.92,187.25,90.67,,,801.25,614.00,2.07,144.00,235.00,1.16,19434232,2026-09-18T05:31:43Z
B,vacuum,2e_K500,async,128,11,0,0.00,15.40,188.47,890.61,182.94,707.66,,,1079.08,896.13,2.02,142.00,288.00,1.16,19434900,2026-09-18T05:31:44Z
B,vacuum,2f_slru,async,128,11,0,0.00,100.00,100.01,5689.92,189.09,5500.82,,,5789.93,5600.83,1.61,0.00,214.00,1.16,19432712,2026-09-18T05:31:44Z
B,vacuum,leaf_freq_K10,async,128,11,0,0.00,100.00,1002.79,259.82,185.67,74.15,,,1262.61,1076.94,2.08,145.00,233.00,1.16,19431000,2026-09-18T05:31:44Z
B,vacuum,leaf_rand_K10,async,128,11,0,0.00,100.00,930.02,260.86,186.18,74.68,,,1190.88,1004.70,2.05,144.00,233.00,1.16,19421740,2026-09-18T05:31:45Z
B,ta,layers_5,async,128,11,0,0.00,100.00,919.04,252.69,185.24,67.46,,,1171.73,986.50,2.18,190.00,267.00,1.16,19422836,2026-09-18T05:31:45Z
B,ta,layers_92,async,128,11,0,0.00,42.40,561.89,364.38,187.30,177.08,,,926.27,738.97,2.21,189.00,267.00,1.16,19410688,2026-09-18T05:31:45Z
B,ta,2d,async,128,11,0,0.00,100.00,560.26,304.16,188.37,115.79,,,864.42,676.05,2.21,189.00,267.00,1.16,19411872,2026-09-18T05:31:45Z
B,ta,2e_K10,async,128,11,0,0.00,70.20,506.26,318.00,186.29,131.71,,,824.26,637.97,2.20,190.00,268.00,1.16,19411964,2026-09-18T05:31:46Z
B,ta,2e_K500,async,128,11,0,0.00,14.80,771.84,1527.52,796.49,731.03,,,2299.36,1502.87,2.17,183.00,319.00,1.16,19411324,2026-09-18T05:31:46Z
B,ta,2f_slru,async,128,11,0,0.00,100.00,97.77,7132.16,186.22,6945.94,,,7229.93,7043.71,1.64,0.00,279.00,1.16,19408144,2026-09-18T05:31:46Z
B,ta,leaf_freq_K10,async,128,11,0,0.00,100.00,720.60,263.74,189.40,74.34,,,984.34,794.94,2.21,191.00,269.00,1.16,19411012,2026-09-18T05:31:47Z
B,ta,leaf_rand_K10,async,128,11,0,0.00,100.00,712.59,264.92,189.70,75.22,,,977.51,787.81,2.25,190.00,268.00,1.16,19411984,2026-09-18T05:31:47Z
B,1gb,layers_5,async,128,11,0,0.00,100.00,1218.99,254.71,187.33,67.38,,,1473.70,1286.37,2.21,188.00,261.00,1.15,19412276,2026-09-18T05:31:47Z
B,1gb,layers_92,async,128,11,0,0.00,100.00,867.90,398.89,188.91,209.99,,,1266.79,1077.89,2.22,188.00,266.00,1.15,19411516,2026-09-18T05:31:48Z
B,1gb,2d,async,128,11,0,0.00,100.00,494.50,286.66,195.97,90.69,,,781.16,585.19,2.36,187.00,267.00,1.15,19412296,2026-09-18T05:31:48Z
B,1gb,2e_K10,async,128,11,0,0.00,100.00,525.15,292.52,187.24,105.28,,,817.67,630.43,2.22,188.00,268.00,1.15,19413460,2026-09-18T05:31:48Z
B,1gb,2e_K500,async,128,11,0,0.00,100.00,185.27,1078.76,221.88,856.88,,,1264.03,1042.15,2.19,186.00,320.00,1.15,19414292,2026-09-18T05:31:49Z
B,1gb,2f_slru,async,128,11,0,0.00,100.00,102.30,7274.07,226.37,7047.70,,,7376.37,7150.00,1.63,0.00,280.00,1.15,19413028,2026-09-18T05:31:49Z
B,1gb,leaf_freq_K10,async,128,11,0,0.00,100.00,1247.97,297.25,222.77,74.48,,,1545.22,1322.45,2.20,188.00,262.00,1.15,19413900,2026-09-18T05:31:49Z
B,1gb,leaf_rand_K10,async,128,11,0,0.00,100.00,1261.54,291.99,218.44,73.55,,,1553.53,1335.09,2.27,188.00,261.00,1.15,19411932,2026-09-18T05:31:50Z
C,vacuum,layers_5,async,128,11,0,0.00,100.00,1051.76,294.53,224.11,70.42,,,1346.29,1122.18,1.53,12.00,29.00,1.15,19403804,2026-09-18T05:31:50Z
C,vacuum,layers_92,async,128,11,0,0.00,100.00,636.77,406.70,224.82,181.88,,,1043.47,818.65,1.52,12.00,31.00,1.15,19406328,2026-09-18T05:31:50Z
C,vacuum,2d,async,128,11,0,0.00,100.00,655.17,293.58,224.91,68.67,,,948.75,723.84,1.51,12.00,31.00,1.15,19405404,2026-09-18T05:31:51Z
C,vacuum,2e_K10,async,128,11,0,0.00,92.90,178.25,300.40,221.58,78.83,,,478.65,257.08,1.54,12.00,33.00,1.15,19406160,2026-09-18T05:31:51Z
C,vacuum,2e_K500,async,128,11,0,0.00,60.40,181.44,679.25,225.03,454.21,,,860.69,635.65,1.48,0.00,30.00,1.15,19406200,2026-09-18T05:31:51Z
C,vacuum,2f_slru,async,128,11,0,0.00,100.00,92.84,862.11,224.47,637.64,,,954.95,730.48,1.48,0.00,30.00,1.15,19406668,2026-09-18T05:31:51Z
C,vacuum,leaf_freq_K10,async,128,11,0,0.00,100.00,793.02,298.06,223.60,74.46,,,1091.08,867.48,1.52,12.00,31.00,1.15,19405232,2026-09-18T05:31:52Z
C,vacuum,leaf_rand_K10,async,128,11,0,0.00,100.00,1153.60,301.79,226.10,75.69,,,1455.39,1229.29,1.52,12.00,29.00,1.15,19405716,2026-09-18T05:31:52Z
C,ta,layers_5,async,128,11,0,0.00,100.00,785.94,292.89,223.65,69.24,,,1078.83,855.18,1.59,19.00,30.00,1.15,19404848,2026-09-18T05:31:52Z
C,ta,layers_92,async,128,11,0,0.00,100.00,439.93,396.08,223.74,172.34,,,836.01,612.27,1.59,18.00,31.00,1.14,19405684,2026-09-18T05:31:52Z
C,ta,2d,async,128,11,0,0.00,47.90,450.41,338.33,223.64,114.69,,,788.74,565.10,1.60,18.00,31.00,1.14,19405776,2026-09-18T05:31:53Z
C,ta,2e_K10,async,128,11,0,0.00,100.00,183.27,355.86,225.79,130.06,,,539.13,313.33,1.59,17.00,32.00,1.14,19405856,2026-09-18T05:31:53Z
C,ta,2e_K500,async,128,11,0,0.00,100.00,184.09,813.18,224.24,588.94,,,997.27,773.03,1.54,0.00,38.00,1.14,19406264,2026-09-18T05:31:53Z
C,ta,2f_slru,async,128,11,0,0.00,100.00,93.70,1054.50,222.21,832.29,,,1148.20,925.99,1.53,0.00,38.00,1.14,19407520,2026-09-18T05:31:53Z
C,ta,leaf_freq_K10,async,128,11,0,0.00,100.00,949.21,296.43,222.28,74.15,,,1245.64,1023.36,1.60,18.00,31.00,1.14,19406684,2026-09-18T05:31:54Z
C,ta,leaf_rand_K10,async,128,11,0,0.00,100.00,794.57,297.46,222.81,74.65,,,1092.03,869.22,1.58,19.00,30.00,1.14,19407720,2026-09-18T05:31:54Z
C,1gb,layers_5,async,128,11,0,0.00,100.00,1096.16,291.94,223.72,68.22,,,1388.10,1164.38,1.69,40.00,51.00,1.14,19406816,2026-09-18T05:31:54Z
C,1gb,layers_92,async,128,11,0,0.00,100.00,1117.51,432.01,225.80,206.21,,,1549.52,1323.72,1.68,38.00,54.00,1.14,19406792,2026-09-18T05:31:55Z
C,1gb,2d,async,128,11,0,0.00,100.00,521.72,290.75,219.40,71.34,,,812.47,593.06,1.69,37.00,59.00,1.14,19406832,2026-09-18T05:31:55Z
C,1gb,2e_K10,async,128,11,0,0.00,100.00,149.30,305.00,221.20,83.81,,,454.30,233.11,1.67,36.00,66.00,1.14,19388276,2026-09-18T05:31:55Z
C,1gb,2e_K500,async,128,11,0,0.00,100.00,182.41,930.13,229.65,700.48,,,1112.54,882.89,1.66,37.00,107.00,1.14,19393908,2026-09-18T05:31:55Z
C,1gb,2f_slru,async,128,11,0,0.00,100.00,89.79,1882.77,223.94,1658.83,,,1972.56,1748.62,1.57,0.00,64.00,1.14,19393224,2026-09-18T05:31:56Z
C,1gb,leaf_freq_K10,async,128,11,0,0.00,100.00,826.90,294.83,221.16,73.67,,,1121.73,900.57,1.69,38.00,63.00,1.14,19393608,2026-09-18T05:31:56Z
C,1gb,leaf_rand_K10,async,128,11,0,0.00,100.00,1398.47,300.77,224.49,76.27,,,1699.24,1474.74,1.69,40.00,51.00,1.14,19396212,2026-09-18T05:31:56Z
