workload,db,strategy,arm,ra_kb,rep,warmup,cold_pct,delivery_pct,first_query_us,preproc_us,open_us,deliver_us,parse_us,ranges,e2e_us,e2e_warm_us,avg_us,majflt,minflt,load,memavail_kb,ts
A,vacuum,baseline,baseline,128,1,1,0.00,0.00,946.10,0.00,0.00,0.00,,,946.10,946.10,1.98,148.00,212.00,1.10,19370968,2026-09-18T05:25:16Z
A,ta,baseline,baseline,128,1,1,0.00,0.00,1217.78,0.00,0.00,0.00,,,1217.78,1217.78,2.16,189.00,259.00,1.10,19371140,2026-09-18T05:25:16Z
A,1gb,baseline,baseline,128,1,1,0.00,0.00,1499.36,0.00,0.00,0.00,,,1499.36,1499.36,2.14,190.00,267.00,1.10,19372064,2026-09-18T05:25:16Z
B,vacuum,baseline,baseline,128,1,1,0.00,0.00,977.86,0.00,0.00,0.00,,,977.86,977.86,2.06,144.00,233.00,1.10,19373976,2026-09-18T05:25:17Z
B,ta,baseline,baseline,128,1,1,0.00,0.00,735.05,0.00,0.00,0.00,,,735.05,735.05,2.21,190.00,268.00,1.10,19374148,2026-09-18T05:25:17Z
B,1gb,baseline,baseline,128,1,1,0.00,0.00,1183.74,0.00,0.00,0.00,,,1183.74,1183.74,2.20,188.00,262.00,1.10,19375548,2026-09-18T05:25:17Z
C,vacuum,baseline,baseline,128,1,1,0.00,0.00,1162.61,0.00,0.00,0.00,,,1162.61,1162.61,1.51,12.00,29.00,1.09,19377120,2026-09-18T05:25:17Z
C,ta,baseline,baseline,128,1,1,0.00,0.00,834.80,0.00,0.00,0.00,,,834.80,834.80,1.60,19.00,30.00,1.09,19377240,2026-09-18T05:25:18Z
C,1gb,baseline,baseline,128,1,1,0.00,0.00,1197.94,0.00,0.00,0.00,,,1197.94,1197.94,1.68,40.00,52.00,1.09,19375268,2026-09-18T05:25:18Z
A,vacuum,layers_5,pread,128,1,1,0.00,100.00,868.31,779.11,195.83,583.28,,,1647.42,1451.59,1.99,149.00,214.00,1.09,19376716,2026-09-18T05:25:18Z
A,vacuum,layers_5,async,128,1,1,0.00,100.00,897.66,268.16,196.88,71.28,,,1165.82,968.94,2.01,150.00,212.00,1.09,19378204,2026-09-18T05:25:19Z
A,vacuum,layers_92,pread,128,1,1,0.00,100.00,411.13,7673.31,208.75,7464.55,,,8084.44,7875.68,2.03,145.00,225.00,1.09,19378532,2026-09-18T05:25:19Z
A,vacuum,layers_92,async,128,1,1,0.00,100.00,420.14,397.51,205.87,191.64,,,817.65,611.78,2.00,146.00,223.00,1.09,19379044,2026-09-18T05:25:19Z
A,vacuum,2d,pread,128,1,1,0.00,100.00,401.26,1360.21,204.61,1155.59,,,1761.47,1556.85,2.00,145.00,225.00,1.09,19370032,2026-09-18T05:25:20Z
A,vacuum,2d,async,128,1,1,0.00,100.00,416.20,290.78,209.62,81.15,,,706.98,497.35,2.02,146.00,223.00,1.09,19374480,2026-09-18T05:25:20Z
A,vacuum,2e_K10,pread,128,1,1,0.00,100.00,404.09,2202.92,204.07,1998.85,,,2607.01,2402.94,2.01,147.00,229.00,1.09,19377572,2026-09-18T05:25:20Z
A,vacuum,2e_K10,async,128,1,1,0.00,100.00,410.63,301.80,211.87,89.93,,,712.43,500.56,2.03,148.00,227.00,1.09,19378956,2026-09-18T05:25:20Z
A,vacuum,2e_K500,pread,128,1,1,0.00,100.00,459.65,15451.28,205.70,15245.58,,,15910.93,15705.23,1.89,126.00,419.00,1.09,19378580,2026-09-18T05:25:21Z
A,vacuum,2e_K500,async,128,1,1,0.00,18.00,407.72,948.31,206.77,741.54,,,1356.03,1149.26,1.97,145.00,335.00,1.09,19379500,2026-09-18T05:25:21Z
A,vacuum,2f_slru,pread,128,1,1,0.00,100.00,98.19,14102.67,206.27,13896.40,,,14200.86,13994.59,1.53,0.00,214.00,1.09,19383516,2026-09-18T05:25:21Z
A,vacuum,2f_slru,async,128,1,1,0.00,100.00,98.17,5640.93,196.25,5444.68,,,5739.10,5542.85,1.55,0.00,214.00,1.09,19384228,2026-09-18T05:25:22Z
A,vacuum,leaf_freq_K10,pread,128,1,1,0.00,100.00,990.82,1114.31,213.25,901.05,,,2105.13,1891.87,2.05,149.00,217.00,1.09,19384640,2026-09-18T05:25:22Z
A,vacuum,leaf_freq_K10,async,128,1,1,0.00,100.00,991.61,288.43,212.68,75.75,,,1280.04,1067.36,2.03,149.00,217.00,1.09,19387320,2026-09-18T05:25:22Z
A,vacuum,leaf_rand_K10,pread,128,1,1,0.00,100.00,887.62,1120.18,205.44,914.74,,,2007.80,1802.36,2.05,148.00,212.00,1.16,19386784,2026-09-18T05:25:23Z
A,vacuum,leaf_rand_K10,async,128,1,1,0.00,100.00,854.25,271.16,196.01,75.15,,,1125.41,929.40,1.97,148.00,212.00,1.16,19387340,2026-09-18T05:25:23Z
A,ta,layers_5,pread,128,1,1,0.00,100.00,997.62,461.11,209.88,251.22,,,1458.73,1248.84,2.15,189.00,259.00,1.16,19389776,2026-09-18T05:25:23Z
A,ta,layers_5,async,128,1,1,0.00,100.00,1001.41,278.69,208.38,70.31,,,1280.10,1071.72,2.17,189.00,259.00,1.16,19388836,2026-09-18T05:25:24Z
A,ta,layers_92,pread,128,1,1,0.00,100.00,594.64,970.53,208.65,761.88,,,1565.17,1356.52,2.13,186.00,260.00,1.16,19389572,2026-09-18T05:25:24Z
A,ta,layers_92,async,128,1,1,0.00,100.00,580.64,374.23,209.17,165.06,,,954.87,745.70,2.14,188.00,259.00,1.16,19390036,2026-09-18T05:25:24Z
A,ta,2d,pread,128,1,1,0.00,100.00,568.52,1003.39,209.23,794.15,,,1571.91,1362.67,2.15,187.00,260.00,1.16,19392624,2026-09-18T05:25:24Z
A,ta,2d,async,128,1,1,0.00,100.00,591.66,325.24,208.09,117.15,,,916.90,708.81,2.16,188.00,259.00,1.16,19392224,2026-09-18T05:25:25Z
A,ta,2e_K10,pread,128,1,1,0.00,100.00,924.58,2206.59,213.82,1992.77,,,3131.17,2917.35,2.19,188.00,269.00,1.16,19391900,2026-09-18T05:25:25Z
A,ta,2e_K10,async,128,1,1,0.00,71.90,590.86,333.17,204.69,128.48,,,924.03,719.34,2.15,189.00,268.00,1.16,19391964,2026-09-18T05:25:25Z
A,ta,2e_K500,pread,128,1,1,0.00,100.00,547.59,17655.03,239.47,17415.56,,,18202.62,17963.15,1.79,72.00,325.00,1.16,19392336,2026-09-18T05:25:26Z
A,ta,2e_K500,async,128,1,1,0.00,40.80,1269.40,966.64,230.28,736.35,,,2236.04,2005.75,2.17,192.00,382.00,1.16,19393504,2026-09-18T05:25:26Z
A,ta,2f_slru,pread,128,1,1,0.00,100.00,98.33,17609.43,237.99,17371.44,,,17707.76,17469.77,1.54,0.00,279.00,1.16,19395904,2026-09-18T05:25:26Z
A,ta,2f_slru,async,128,1,1,0.00,100.00,97.18,7338.48,239.41,7099.07,,,7435.66,7196.25,1.59,0.00,279.00,1.16,19394224,2026-09-18T05:25:27Z
A,ta,leaf_freq_K10,pread,128,1,1,0.00,100.00,946.67,1157.98,234.26,923.72,,,2104.65,1870.39,2.11,190.00,268.00,1.16,19396740,2026-09-18T05:25:27Z
A,ta,leaf_freq_K10,async,128,1,1,0.00,100.00,956.42,301.99,226.96,75.03,,,1258.41,1031.45,2.11,190.00,268.00,1.16,19398840,2026-09-18T05:25:27Z
A,ta,leaf_rand_K10,pread,128,1,1,0.00,100.00,1101.15,1585.27,243.89,1341.38,,,2686.42,2442.53,2.19,189.00,259.00,1.15,19398816,2026-09-18T05:25:28Z
A,ta,leaf_rand_K10,async,128,1,1,0.00,100.00,1107.97,315.32,240.64,74.68,,,1423.29,1182.65,2.16,189.00,259.00,1.15,19398680,2026-09-18T05:25:28Z
A,1gb,layers_5,pread,128,1,1,0.00,100.00,1345.21,711.29,235.49,475.80,,,2056.50,1821.01,2.17,189.00,269.00,1.15,19401672,2026-09-18T05:25:28Z
A,1gb,layers_5,async,128,1,1,0.00,100.00,1470.93,305.16,231.44,73.73,,,1776.09,1544.66,2.16,190.00,268.00,1.15,19401268,2026-09-18T05:25:29Z
A,1gb,layers_92,pread,128,1,1,0.00,100.00,1003.77,8162.83,242.95,7919.88,,,9166.60,8923.65,2.19,189.00,274.00,1.15,19401980,2026-09-18T05:25:29Z
A,1gb,layers_92,async,128,1,1,0.00,100.00,981.48,435.91,236.72,199.19,,,1417.39,1180.67,2.17,190.00,272.00,1.15,19403796,2026-09-18T05:25:29Z
A,1gb,2d,pread,128,1,1,0.00,100.00,614.89,2141.97,205.33,1936.64,,,2756.86,2551.53,2.23,188.00,275.00,1.15,19404168,2026-09-18T05:25:30Z
A,1gb,2d,async,128,1,1,0.00,100.00,580.12,291.80,200.97,90.83,,,871.92,670.95,2.15,189.00,273.00,1.15,19404400,2026-09-18T05:25:30Z
A,1gb,2e_K10,pread,128,1,1,0.00,100.00,606.60,2898.30,205.26,2693.04,,,3504.90,3299.64,2.19,189.00,288.00,1.15,19395532,2026-09-18T05:25:30Z
A,1gb,2e_K10,async,128,1,1,0.00,100.00,607.53,301.28,198.22,103.05,,,908.81,710.58,2.21,190.00,286.00,1.15,19396288,2026-09-18T05:25:31Z
A,1gb,2e_K500,pread,128,1,1,0.00,100.00,184.80,19191.18,205.15,18986.04,,,19375.98,19170.84,1.71,53.00,324.00,1.15,19397000,2026-09-18T05:25:31Z
A,1gb,2e_K500,async,128,1,1,0.00,100.00,648.47,1104.52,206.34,898.18,,,1752.99,1546.65,2.15,194.00,398.00,1.15,19399032,2026-09-18T05:25:31Z
A,1gb,2f_slru,pread,128,1,1,0.00,100.00,97.58,31246.35,201.63,31044.72,,,31343.93,31142.30,1.57,0.00,280.00,1.15,19401604,2026-09-18T05:25:32Z
A,1gb,2f_slru,async,128,1,1,0.00,100.00,98.97,7369.90,185.27,7184.63,,,7468.87,7283.60,1.60,0.00,280.00,1.15,19402392,2026-09-18T05:25:32Z
A,1gb,leaf_freq_K10,pread,128,1,1,0.00,100.00,1424.90,1125.84,227.77,898.07,,,2550.74,2322.97,2.15,189.00,280.00,1.15,19405776,2026-09-18T05:25:32Z
A,1gb,leaf_freq_K10,async,128,1,1,0.00,100.00,1578.80,313.97,238.52,75.45,,,1892.77,1654.25,2.17,189.00,280.00,1.14,19405616,2026-09-18T05:25:33Z
A,1gb,leaf_rand_K10,pread,128,1,1,0.00,100.00,1458.98,1188.75,192.93,995.81,,,2647.73,2454.79,2.16,190.00,266.00,1.14,19403176,2026-09-18T05:25:33Z
A,1gb,leaf_rand_K10,async,128,1,1,0.00,100.00,1432.81,267.66,189.53,78.14,,,1700.47,1510.95,2.18,190.00,266.00,1.14,19407796,2026-09-18T05:25:33Z
B,vacuum,layers_5,pread,128,1,1,0.00,100.00,902.88,792.99,201.18,591.81,,,1695.87,1494.69,2.06,144.00,235.00,1.14,19410132,2026-09-18T05:25:34Z
B,vacuum,layers_5,async,128,1,1,0.00,100.00,882.74,275.27,205.01,70.25,,,1158.01,952.99,2.05,144.00,233.00,1.14,19411004,2026-09-18T05:25:34Z
B,vacuum,layers_92,pread,128,1,1,0.00,100.00,553.20,7651.53,210.70,7440.83,,,8204.73,7994.03,2.09,143.00,234.00,1.14,19412032,2026-09-18T05:25:34Z
B,vacuum,layers_92,async,128,1,1,0.00,100.00,580.75,397.34,203.42,193.91,,,978.09,774.66,2.07,143.00,232.00,1.14,19412860,2026-09-18T05:25:34Z
B,vacuum,2d,pread,128,1,1,0.00,100.00,517.37,1389.36,204.54,1184.82,,,1906.73,1702.19,2.05,143.00,234.00,1.14,19413396,2026-09-18T05:25:35Z
B,vacuum,2d,async,128,1,1,0.00,100.00,552.22,282.51,205.69,76.82,,,834.73,629.04,2.08,143.00,232.00,1.14,19414008,2026-09-18T05:25:35Z
B,vacuum,2e_K10,pread,128,1,1,0.00,100.00,518.40,2214.21,199.91,2014.30,,,2732.61,2532.70,2.09,144.00,236.00,1.14,19403160,2026-09-18T05:25:35Z
B,vacuum,2e_K10,async,128,1,1,0.00,100.00,564.17,296.86,204.17,92.68,,,861.03,656.85,2.06,144.00,235.00,1.14,19416880,2026-09-18T05:25:36Z
B,vacuum,2e_K500,pread,128,1,1,0.00,100.00,182.35,13249.23,206.16,13043.07,,,13431.58,13225.42,1.62,4.00,229.00,1.14,19417308,2026-09-18T05:25:36Z
B,vacuum,2e_K500,async,128,1,1,0.00,100.00,181.96,1086.37,195.11,891.27,,,1268.33,1073.23,2.01,142.00,288.00,1.14,19417936,2026-09-18T05:25:36Z
B,vacuum,2f_slru,pread,128,1,1,0.00,100.00,100.65,23946.59,227.31,23719.29,,,24047.24,23819.94,1.59,0.00,214.00,1.14,19419100,2026-09-18T05:25:37Z
B,vacuum,2f_slru,async,128,1,1,0.00,100.00,99.40,5687.40,216.94,5470.47,,,5786.80,5569.87,1.62,0.00,214.00,1.14,19410216,2026-09-18T05:25:37Z
B,vacuum,leaf_freq_K10,pread,128,1,1,0.00,100.00,998.62,1041.47,136.54,904.93,,,2040.09,1903.55,2.08,145.00,233.00,1.14,19404788,2026-09-18T05:25:37Z
B,vacuum,leaf_freq_K10,async,128,1,1,0.00,100.00,988.95,271.28,196.38,74.90,,,1260.23,1063.85,2.06,145.00,233.00,1.12,19408332,2026-09-18T05:25:37Z
B,vacuum,leaf_rand_K10,pread,128,1,1,0.00,100.00,1013.66,1114.78,216.64,898.14,,,2128.44,1911.80,2.07,144.00,233.00,1.12,19408484,2026-09-18T05:25:38Z
B,vacuum,leaf_rand_K10,async,128,1,1,0.00,100.00,1069.80,299.76,220.18,79.58,,,1369.56,1149.38,2.07,144.00,233.00,1.12,19409364,2026-09-18T05:25:38Z
B,ta,layers_5,pread,128,1,1,0.00,100.00,514.55,451.40,202.04,249.36,,,965.95,763.91,2.19,190.00,269.00,1.12,19411648,2026-09-18T05:25:38Z
B,ta,layers_5,async,128,1,1,0.00,100.00,923.42,265.99,197.06,68.93,,,1189.41,992.35,2.22,190.00,267.00,1.12,19410108,2026-09-18T05:25:39Z
B,ta,layers_92,pread,128,1,1,0.00,100.00,581.33,1036.51,204.24,832.26,,,1617.84,1413.59,2.24,187.00,268.00,1.12,19410784,2026-09-18T05:25:39Z
B,ta,layers_92,async,128,1,1,0.00,100.00,559.95,372.45,196.15,176.30,,,932.40,736.25,2.19,189.00,267.00,1.12,19410168,2026-09-18T05:25:39Z
B,ta,2d,pread,128,1,1,0.00,100.00,541.26,996.85,201.18,795.68,,,1538.11,1336.94,2.23,188.00,267.00,1.12,19410524,2026-09-18T05:25:40Z
B,ta,2d,async,128,1,1,0.00,66.00,569.99,323.14,206.44,116.70,,,893.13,686.69,2.23,189.00,267.00,1.12,19411272,2026-09-18T05:25:40Z
B,ta,2e_K10,pread,128,1,1,0.00,100.00,507.80,2091.57,216.70,1874.88,,,2599.37,2382.68,2.18,189.00,268.00,1.12,19411260,2026-09-18T05:25:40Z
B,ta,2e_K10,async,128,1,1,0.00,100.00,538.75,351.63,217.95,133.68,,,890.38,672.43,2.22,190.00,268.00,1.12,19401224,2026-09-18T05:25:41Z
B,ta,2e_K500,pread,128,1,1,0.00,100.00,182.64,17700.22,203.56,17496.66,,,17882.86,17679.30,1.90,91.00,325.00,1.12,19402036,2026-09-18T05:25:41Z
B,ta,2e_K500,async,128,1,1,0.00,49.90,180.00,1018.84,206.34,812.50,,,1198.84,992.50,2.16,183.00,317.00,1.12,19400960,2026-09-18T05:25:41Z
B,ta,2f_slru,pread,128,1,1,0.00,100.00,271.52,28751.29,205.69,28545.60,,,29022.81,28817.12,1.61,0.00,279.00,1.12,19401348,2026-09-18T05:25:42Z
B,ta,2f_slru,async,128,1,1,0.00,100.00,95.80,7350.22,195.52,7154.70,,,7446.02,7250.50,1.61,0.00,279.00,1.12,19397924,2026-09-18T05:25:42Z
B,ta,leaf_freq_K10,pread,128,1,1,0.00,100.00,704.61,1098.53,204.21,894.31,,,1803.14,1598.92,2.18,191.00,269.00,1.12,19402052,2026-09-18T05:25:42Z
B,ta,leaf_freq_K10,async,128,1,1,0.00,100.00,704.90,276.87,202.17,74.70,,,981.77,779.60,2.22,191.00,269.00,1.11,19403092,2026-09-18T05:25:43Z
B,ta,leaf_rand_K10,pread,128,1,1,0.00,100.00,681.93,1097.32,203.63,893.69,,,1779.25,1575.62,2.20,190.00,268.00,1.11,19402856,2026-09-18T05:25:43Z
B,ta,leaf_rand_K10,async,128,1,1,0.00,100.00,674.91,265.35,192.00,73.35,,,940.26,748.26,2.21,190.00,268.00,1.11,19403056,2026-09-18T05:25:43Z
B,1gb,layers_5,pread,128,1,1,0.00,100.00,1092.07,674.06,200.08,473.98,,,1766.13,1566.05,2.21,187.00,261.00,1.11,19403944,2026-09-18T05:25:44Z
B,1gb,layers_5,async,128,1,1,0.00,100.00,1153.39,272.38,202.51,69.87,,,1425.77,1223.26,2.20,188.00,261.00,1.11,19404432,2026-09-18T05:25:44Z
B,1gb,layers_92,pread,128,1,1,0.00,100.00,858.04,8074.49,206.28,7868.21,,,8932.53,8726.25,2.19,187.00,267.00,1.11,19405876,2026-09-18T05:25:44Z
B,1gb,layers_92,async,128,1,1,0.00,100.00,788.18,405.03,196.00,209.03,,,1193.21,997.21,2.18,188.00,266.00,1.11,19406336,2026-09-18T05:25:45Z
B,1gb,2d,pread,128,1,1,0.00,100.00,526.06,2015.73,200.98,1814.75,,,2541.79,2340.81,2.22,186.00,268.00,1.11,19406124,2026-09-18T05:25:45Z
B,1gb,2d,async,128,1,1,0.00,100.00,515.81,286.69,202.70,83.99,,,802.50,599.80,2.21,187.00,267.00,1.11,19407652,2026-09-18T05:25:45Z
B,1gb,2e_K10,pread,128,1,1,0.00,100.00,576.59,3040.64,194.79,2845.85,,,3617.23,3422.44,2.20,187.00,268.00,1.11,19407452,2026-09-18T05:25:46Z
B,1gb,2e_K10,async,128,1,1,0.00,100.00,493.69,302.00,194.59,107.41,,,795.69,601.10,2.22,188.00,268.00,1.11,19398132,2026-09-18T05:25:46Z
B,1gb,2e_K500,pread,128,1,1,0.00,100.00,181.38,34141.02,236.03,33904.99,,,34322.40,34086.37,1.78,56.00,313.00,1.11,19398936,2026-09-18T05:25:46Z
B,1gb,2e_K500,async,128,1,1,0.00,100.00,182.75,1123.06,234.05,889.01,,,1305.81,1071.76,2.18,186.00,319.00,1.11,19398856,2026-09-18T05:25:47Z
B,1gb,2f_slru,pread,128,1,1,0.00,100.00,98.78,19041.74,206.67,18835.07,,,19140.52,18933.85,1.61,0.00,280.00,1.11,19399496,2026-09-18T05:25:47Z
B,1gb,2f_slru,async,128,1,1,0.00,100.00,102.71,7456.90,194.70,7262.20,,,7559.61,7364.91,1.62,0.00,280.00,1.11,19400024,2026-09-18T05:25:47Z
B,1gb,leaf_freq_K10,pread,128,1,1,0.00,100.00,1186.66,1069.85,201.70,868.15,,,2256.51,2054.81,2.21,188.00,262.00,1.10,19400224,2026-09-18T05:25:48Z
B,1gb,leaf_freq_K10,async,128,1,1,0.00,100.00,1286.72,281.10,205.13,75.96,,,1567.82,1362.68,2.22,188.00,262.00,1.10,19399952,2026-09-18T05:25:48Z
B,1gb,leaf_rand_K10,pread,128,1,1,0.00,100.00,1369.46,1032.90,203.06,829.84,,,2402.36,2199.30,2.25,188.00,261.00,1.10,19399668,2026-09-18T05:25:48Z
B,1gb,leaf_rand_K10,async,128,1,1,0.00,100.00,1238.29,276.99,197.02,79.97,,,1515.28,1318.26,2.20,188.00,261.00,1.10,19399968,2026-09-18T05:25:49Z
C,vacuum,layers_5,pread,128,1,1,0.00,100.00,1060.25,790.70,202.91,587.78,,,1850.95,1648.03,1.52,12.00,29.00,1.10,19400384,2026-09-18T05:25:49Z
C,vacuum,layers_5,async,128,1,1,0.00,100.00,984.60,273.83,203.19,70.64,,,1258.43,1055.24,1.51,12.00,29.00,1.10,19401224,2026-09-18T05:25:49Z
C,vacuum,layers_92,pread,128,1,1,0.00,100.00,674.28,7541.46,202.35,7339.11,,,8215.74,8013.39,1.52,12.00,31.00,1.10,19400620,2026-09-18T05:25:49Z
C,vacuum,layers_92,async,128,1,1,0.00,100.00,661.93,391.66,206.27,185.39,,,1053.59,847.32,1.53,12.00,31.00,1.10,19401080,2026-09-18T05:25:50Z
C,vacuum,2d,pread,128,1,1,0.00,100.00,600.34,621.23,203.54,417.69,,,1221.57,1018.03,1.52,12.00,31.00,1.10,19402124,2026-09-18T05:25:50Z
C,vacuum,2d,async,128,1,1,0.00,100.00,636.87,276.29,204.96,71.33,,,913.16,708.20,1.53,12.00,31.00,1.10,19402424,2026-09-18T05:25:50Z
C,vacuum,2e_K10,pread,128,1,1,0.00,100.00,179.38,1395.17,205.87,1189.31,,,1574.55,1368.69,1.52,12.00,35.00,1.10,19402812,2026-09-18T05:25:50Z
C,vacuum,2e_K10,async,128,1,1,0.00,92.90,177.91,285.14,204.88,80.26,,,463.05,258.17,1.53,12.00,33.00,1.10,19403244,2026-09-18T05:25:51Z
C,vacuum,2e_K500,pread,128,1,1,0.00,100.00,180.55,2240.74,202.57,2038.17,,,2421.29,2218.72,1.50,0.00,30.00,1.10,19403632,2026-09-18T05:25:51Z
C,vacuum,2e_K500,async,128,1,1,0.00,47.90,180.40,662.63,200.74,461.89,,,843.03,642.29,1.48,0.00,30.00,1.10,19390284,2026-09-18T05:25:51Z
C,vacuum,2f_slru,pread,128,1,1,0.00,100.00,91.66,3152.66,190.04,2962.62,,,3244.32,3054.28,1.49,0.00,30.00,1.10,19387052,2026-09-18T05:25:51Z
C,vacuum,2f_slru,async,128,1,1,0.00,100.00,100.59,777.30,189.26,588.04,,,877.89,688.63,1.48,0.00,30.00,1.10,19386540,2026-09-18T05:25:52Z
C,vacuum,leaf_freq_K10,pread,128,1,1,0.00,100.00,792.73,755.53,204.34,551.19,,,1548.26,1343.92,1.52,12.00,33.00,1.10,19383816,2026-09-18T05:25:52Z
C,vacuum,leaf_freq_K10,async,128,1,1,0.00,100.00,793.13,273.77,199.81,73.97,,,1066.90,867.10,1.52,12.00,31.00,1.10,19399804,2026-09-18T05:25:52Z
C,vacuum,leaf_rand_K10,pread,128,1,1,0.00,100.00,1150.54,951.77,202.81,748.96,,,2102.31,1899.50,1.53,12.00,29.00,1.10,19399684,2026-09-18T05:25:52Z
C,vacuum,leaf_rand_K10,async,128,1,1,0.00,100.00,1150.18,266.27,193.15,73.12,,,1416.45,1223.30,1.52,12.00,29.00,1.10,19400836,2026-09-18T05:25:53Z
C,ta,layers_5,pread,128,1,1,0.00,100.00,779.36,450.94,204.72,246.21,,,1230.30,1025.57,1.59,19.00,30.00,1.10,19402216,2026-09-18T05:25:53Z
C,ta,layers_5,async,128,1,1,0.00,100.00,791.04,275.62,206.33,69.29,,,1066.66,860.33,1.59,19.00,30.00,1.10,19406268,2026-09-18T05:25:53Z
C,ta,layers_92,pread,128,1,1,0.00,100.00,383.39,1022.71,201.91,820.80,,,1406.10,1204.19,1.59,18.00,31.00,1.10,19406816,2026-09-18T05:25:54Z
C,ta,layers_92,async,128,1,1,0.00,33.70,441.10,367.62,203.49,164.13,,,808.72,605.23,1.61,18.00,31.00,1.10,19407648,2026-09-18T05:25:54Z
C,ta,2d,pread,128,1,1,0.00,100.00,421.59,1031.53,205.42,826.11,,,1453.12,1247.70,1.59,18.00,31.00,1.10,19408620,2026-09-18T05:25:54Z
C,ta,2d,async,128,1,1,0.00,64.60,447.74,312.07,195.49,116.58,,,759.81,564.32,1.59,18.00,31.00,1.10,19407360,2026-09-18T05:25:54Z
C,ta,2e_K10,pread,128,1,1,0.00,100.00,180.17,1607.63,201.54,1406.09,,,1787.80,1586.26,1.58,17.00,33.00,1.10,19408108,2026-09-18T05:25:55Z
C,ta,2e_K10,async,128,1,1,0.00,62.10,180.41,332.40,204.33,128.07,,,512.81,308.48,1.60,17.00,32.00,1.10,19409472,2026-09-18T05:25:55Z
C,ta,2e_K500,pread,128,1,1,0.00,100.00,178.88,3650.55,200.41,3450.15,,,3829.43,3629.03,1.53,0.00,38.00,1.10,19409240,2026-09-18T05:25:55Z
C,ta,2e_K500,async,128,1,1,0.00,100.00,181.61,790.35,200.60,589.75,,,971.96,771.36,1.53,0.00,38.00,1.10,19411900,2026-09-18T05:25:55Z
C,ta,2f_slru,pread,128,1,1,0.00,100.00,95.17,3603.34,202.95,3400.38,,,3698.51,3495.55,1.52,0.00,38.00,1.10,19412212,2026-09-18T05:25:56Z
C,ta,2f_slru,async,128,1,1,0.00,100.00,94.15,1027.30,204.53,822.77,,,1121.45,916.92,1.56,0.00,38.00,1.10,19412612,2026-09-18T05:25:56Z
C,ta,leaf_freq_K10,pread,128,1,1,0.00,100.00,879.06,903.94,206.34,697.60,,,1783.00,1576.66,1.62,18.00,32.00,1.10,19412620,2026-09-18T05:25:56Z
C,ta,leaf_freq_K10,async,128,1,1,0.00,100.00,927.43,281.46,205.96,75.50,,,1208.89,1002.93,1.61,18.00,31.00,1.10,19396916,2026-09-18T05:25:56Z
C,ta,leaf_rand_K10,pread,128,1,1,0.00,100.00,796.34,1103.65,200.51,903.15,,,1899.99,1699.49,1.61,19.00,30.00,1.10,19398228,2026-09-18T05:25:57Z
C,ta,leaf_rand_K10,async,128,1,1,0.00,100.00,794.28,278.11,201.08,77.03,,,1072.39,871.31,1.60,19.00,30.00,1.10,19402208,2026-09-18T05:25:57Z
C,1gb,layers_5,pread,128,1,1,0.00,100.00,1069.53,585.94,200.04,385.90,,,1655.47,1455.43,1.68,40.00,51.00,1.10,19403492,2026-09-18T05:25:57Z
C,1gb,layers_5,async,128,1,1,0.00,100.00,1098.02,268.86,200.27,68.59,,,1366.88,1166.61,1.68,40.00,51.00,1.17,19392692,2026-09-18T05:25:58Z
C,1gb,layers_92,pread,128,1,1,0.00,100.00,1205.10,7967.38,201.71,7765.67,,,9172.48,8970.77,1.69,38.00,54.00,1.17,19394792,2026-09-18T05:25:58Z
C,1gb,layers_92,async,128,1,1,0.00,100.00,1152.30,1725.58,1084.11,641.47,,,2877.88,1793.77,1.71,38.00,54.00,1.17,19396612,2026-09-18T05:25:58Z
C,1gb,2d,pread,128,1,1,0.00,100.00,515.79,910.68,198.53,712.15,,,1426.47,1227.94,1.69,37.00,59.00,1.17,19395720,2026-09-18T05:25:58Z
C,1gb,2d,async,128,1,1,0.00,100.00,490.16,269.23,196.33,72.90,,,759.39,563.06,1.69,37.00,59.00,1.17,19396336,2026-09-18T05:25:59Z
C,1gb,2e_K10,pread,128,1,1,0.00,100.00,180.69,1779.43,202.28,1577.14,,,1960.12,1757.83,1.67,36.00,66.00,1.17,19397388,2026-09-18T05:25:59Z
C,1gb,2e_K10,async,128,1,1,0.00,100.00,145.64,283.70,197.91,85.79,,,429.34,231.43,1.67,36.00,66.00,1.17,19398444,2026-09-18T05:25:59Z
C,1gb,2e_K500,pread,128,1,1,0.00,100.00,175.62,4739.66,200.51,4539.15,,,4915.28,4714.77,1.56,1.00,67.00,1.17,19399896,2026-09-18T05:26:00Z
C,1gb,2e_K500,async,128,1,1,0.00,100.00,178.22,914.59,193.88,720.72,,,1092.81,898.94,1.66,37.00,106.00,1.17,19399396,2026-09-18T05:26:00Z
C,1gb,2f_slru,pread,128,1,1,0.00,100.00,96.01,7608.09,562.37,7045.73,,,7704.10,7141.74,1.55,0.00,64.00,1.17,19396260,2026-09-18T05:26:00Z
C,1gb,2f_slru,async,128,1,1,0.00,100.00,95.70,1897.19,212.70,1684.49,,,1992.89,1780.19,1.56,0.00,64.00,1.17,19397276,2026-09-18T05:26:00Z
C,1gb,leaf_freq_K10,pread,128,1,1,0.00,100.00,925.95,1097.98,200.33,897.66,,,2023.93,1823.61,1.67,38.00,63.00,1.17,19397228,2026-09-18T05:26:01Z
C,1gb,leaf_freq_K10,async,128,1,1,0.00,100.00,850.28,276.38,202.12,74.26,,,1126.66,924.54,1.69,38.00,63.00,1.17,19395788,2026-09-18T05:26:01Z
C,1gb,leaf_rand_K10,pread,128,1,1,0.00,100.00,1248.03,1042.41,202.31,840.10,,,2290.44,2088.13,1.70,40.00,51.00,1.17,19397204,2026-09-18T05:26:01Z
C,1gb,leaf_rand_K10,async,128,1,1,0.00,100.00,1221.98,277.66,203.15,74.51,,,1499.64,1296.49,1.72,40.00,51.00,1.17,19396540,2026-09-18T05:26:02Z
A,vacuum,baseline,baseline,128,2,0,0.00,0.00,962.02,0.00,0.00,0.00,,,962.02,962.02,2.02,148.00,212.00,1.17,19390204,2026-09-18T05:26:02Z
A,ta,baseline,baseline,128,2,0,0.00,0.00,1130.42,0.00,0.00,0.00,,,1130.42,1130.42,2.17,189.00,259.00,1.17,19390764,2026-09-18T05:26:02Z
A,1gb,baseline,baseline,128,2,0,0.00,0.00,1573.23,0.00,0.00,0.00,,,1573.23,1573.23,2.17,190.00,267.00,1.15,19391116,2026-09-18T05:26:03Z
B,vacuum,baseline,baseline,128,2,0,0.00,0.00,996.96,0.00,0.00,0.00,,,996.96,996.96,2.07,144.00,233.00,1.15,19393188,2026-09-18T05:26:03Z
B,ta,baseline,baseline,128,2,0,0.00,0.00,675.76,0.00,0.00,0.00,,,675.76,675.76,2.16,190.00,268.00,1.15,19394796,2026-09-18T05:26:03Z
B,1gb,baseline,baseline,128,2,0,0.00,0.00,1147.10,0.00,0.00,0.00,,,1147.10,1147.10,2.19,188.00,262.00,1.15,19394152,2026-09-18T05:26:04Z
C,vacuum,baseline,baseline,128,2,0,0.00,0.00,1137.44,0.00,0.00,0.00,,,1137.44,1137.44,1.53,12.00,29.00,1.15,19396492,2026-09-18T05:26:04Z
C,ta,baseline,baseline,128,2,0,0.00,0.00,819.83,0.00,0.00,0.00,,,819.83,819.83,1.60,19.00,30.00,1.15,19395604,2026-09-18T05:26:04Z
C,1gb,baseline,baseline,128,2,0,0.00,0.00,1167.84,0.00,0.00,0.00,,,1167.84,1167.84,1.69,40.00,52.00,1.15,19396072,2026-09-18T05:26:04Z
A,vacuum,layers_5,pread,128,2,0,0.00,100.00,843.86,783.05,197.86,585.19,,,1626.91,1429.05,2.08,149.00,214.00,1.15,19398292,2026-09-18T05:26:05Z
A,vacuum,layers_5,async,128,2,0,0.00,100.00,932.49,265.09,195.52,69.57,,,1197.58,1002.06,2.01,150.00,212.00,1.15,19398768,2026-09-18T05:26:05Z
A,vacuum,layers_92,pread,128,2,0,0.00,100.00,408.86,7591.95,195.06,7396.90,,,8000.81,7805.76,1.99,145.00,225.00,1.15,19401148,2026-09-18T05:26:05Z
A,vacuum,layers_92,async,128,2,0,0.00,100.00,413.54,372.77,195.92,176.85,,,786.31,590.39,2.01,146.00,223.00,1.15,19401684,2026-09-18T05:26:06Z
A,vacuum,2d,pread,128,2,0,0.00,100.00,406.57,1382.03,196.17,1185.86,,,1788.60,1592.43,2.00,145.00,225.00,1.15,19401440,2026-09-18T05:26:06Z
A,vacuum,2d,async,128,2,0,0.00,100.00,404.62,499.23,419.20,80.03,,,903.85,484.65,2.07,146.00,223.00,1.15,19400464,2026-09-18T05:26:06Z
A,vacuum,2e_K10,pread,128,2,0,0.00,100.00,409.38,2184.41,194.64,1989.77,,,2593.79,2399.15,2.01,147.00,229.00,1.15,19400536,2026-09-18T05:26:07Z
A,vacuum,2e_K10,async,128,2,0,0.00,100.00,412.99,286.75,195.67,91.08,,,699.74,504.07,2.01,148.00,227.00,1.15,19395792,2026-09-18T05:26:07Z
A,vacuum,2e_K500,pread,128,2,0,0.00,100.00,452.76,16390.03,195.84,16194.19,,,16842.79,16646.95,1.91,126.00,422.00,1.15,19404172,2026-09-18T05:26:07Z
A,vacuum,2e_K500,async,128,2,0,0.00,33.20,399.71,939.09,196.02,743.07,,,1338.80,1142.78,1.98,145.00,333.00,1.14,19405560,2026-09-18T05:26:07Z
A,vacuum,2f_slru,pread,128,2,0,0.00,100.00,2862.20,23234.73,199.09,23035.64,,,26096.93,25897.84,1.58,0.00,214.00,1.14,19405556,2026-09-18T05:26:08Z
A,vacuum,2f_slru,async,128,2,0,0.00,100.00,98.06,5582.78,195.35,5387.43,,,5680.84,5485.49,1.56,0.00,214.00,1.14,19406076,2026-09-18T05:26:08Z
A,vacuum,leaf_freq_K10,pread,128,2,0,0.00,100.00,988.72,1125.32,193.54,931.77,,,2114.04,1920.49,2.02,149.00,217.00,1.14,19406448,2026-09-18T05:26:08Z
A,vacuum,leaf_freq_K10,async,128,2,0,0.00,100.00,958.99,269.82,194.34,75.48,,,1228.81,1034.47,2.02,149.00,217.00,1.14,19406672,2026-09-18T05:26:09Z
A,vacuum,leaf_rand_K10,pread,128,2,0,0.00,100.00,985.48,1092.87,192.74,900.13,,,2078.35,1885.61,2.04,148.00,212.00,1.14,19407004,2026-09-18T05:26:09Z
A,vacuum,leaf_rand_K10,async,128,2,0,0.00,100.00,996.73,870.33,512.73,357.59,,,1867.06,1354.32,2.03,148.00,212.00,1.14,19407468,2026-09-18T05:26:09Z
A,ta,layers_5,pread,128,2,0,0.00,100.00,967.66,448.62,195.54,253.09,,,1416.28,1220.75,2.16,189.00,259.00,1.14,19408112,2026-09-18T05:26:10Z
A,ta,layers_5,async,128,2,0,0.00,100.00,1049.52,262.90,194.28,68.63,,,1312.42,1118.15,2.15,189.00,259.00,1.14,19408060,2026-09-18T05:26:10Z
A,ta,layers_92,pread,128,2,0,0.00,100.00,599.08,1019.14,196.19,822.95,,,1618.22,1422.03,2.16,186.00,260.00,1.14,19408740,2026-09-18T05:26:10Z
A,ta,layers_92,async,128,2,0,0.00,100.00,563.08,373.32,194.87,178.46,,,936.40,741.54,2.16,188.00,259.00,1.14,19409808,2026-09-18T05:26:10Z
A,ta,2d,pread,128,2,0,0.00,100.00,1270.52,962.78,196.24,766.54,,,2233.30,2037.06,2.19,187.00,260.00,1.14,19410300,2026-09-18T05:26:11Z
A,ta,2d,async,128,2,0,0.00,66.00,592.46,309.84,194.93,114.92,,,902.30,707.38,2.13,188.00,259.00,1.14,19409712,2026-09-18T05:26:11Z
A,ta,2e_K10,pread,128,2,0,0.00,100.00,564.34,2096.83,195.71,1901.12,,,2661.17,2465.46,2.11,188.00,269.00,1.14,19410828,2026-09-18T05:26:11Z
A,ta,2e_K10,async,128,2,0,0.00,100.00,575.28,328.56,197.56,131.00,,,903.84,706.28,2.23,189.00,268.00,1.14,19412356,2026-09-18T05:26:12Z
A,ta,2e_K500,pread,128,2,0,0.00,100.00,590.57,17762.66,184.92,17577.74,,,18353.23,18168.31,1.77,72.00,328.00,1.14,19395368,2026-09-18T05:26:12Z
A,ta,2e_K500,async,128,2,0,0.00,53.70,638.71,976.45,187.80,788.64,,,1615.16,1427.35,2.14,192.00,385.00,1.13,19400372,2026-09-18T05:26:12Z
A,ta,2f_slru,pread,128,2,0,0.00,100.00,96.20,17058.51,187.20,16871.31,,,17154.71,16967.51,1.56,0.00,279.00,1.13,19411392,2026-09-18T05:26:13Z
A,ta,2f_slru,async,128,2,0,0.00,100.00,99.14,7322.55,184.81,7137.74,,,7421.69,7236.88,1.57,0.00,279.00,1.13,19409616,2026-09-18T05:26:13Z
A,ta,leaf_freq_K10,pread,128,2,0,0.00,100.00,916.81,1145.98,190.41,955.58,,,2062.79,1872.39,2.30,190.00,268.00,1.13,19415224,2026-09-18T05:26:13Z
A,ta,leaf_freq_K10,async,128,2,0,0.00,100.00,1102.42,258.90,184.20,74.70,,,1361.32,1177.12,2.11,190.00,268.00,1.13,19419356,2026-09-18T05:26:14Z
A,ta,leaf_rand_K10,pread,128,2,0,0.00,100.00,988.36,1056.38,188.15,868.22,,,2044.74,1856.58,2.15,189.00,259.00,1.13,19419184,2026-09-18T05:26:14Z
A,ta,leaf_rand_K10,async,128,2,0,0.00,100.00,1133.30,263.10,187.23,75.86,,,1396.40,1209.16,2.19,189.00,259.00,1.13,19424076,2026-09-18T05:26:14Z
A,1gb,layers_5,pread,128,2,0,0.00,100.00,1424.85,691.51,185.19,506.32,,,2116.36,1931.17,2.17,189.00,269.00,1.13,19425992,2026-09-18T05:26:15Z
A,1gb,layers_5,async,128,2,0,0.00,100.00,1328.28,254.02,185.00,69.02,,,1582.30,1397.30,2.11,190.00,268.00,1.13,19426792,2026-09-18T05:26:15Z
A,1gb,layers_92,pread,128,2,0,0.00,100.00,1002.98,10478.91,185.66,10293.25,,,11481.89,11296.23,2.26,189.00,274.00,1.13,19428116,2026-09-18T05:26:15Z
A,1gb,layers_92,async,128,2,0,0.00,100.00,1012.79,395.46,186.98,208.48,,,1408.25,1221.27,2.20,190.00,272.00,1.13,19427424,2026-09-18T05:26:16Z
A,1gb,2d,pread,128,2,0,0.00,100.00,574.46,1991.74,184.78,1806.97,,,2566.20,2381.43,2.16,188.00,275.00,1.13,19429924,2026-09-18T05:26:16Z
A,1gb,2d,async,128,2,0,0.00,100.00,612.09,276.90,188.02,88.88,,,888.99,700.97,2.22,189.00,273.00,1.13,19429692,2026-09-18T05:26:16Z
A,1gb,2e_K10,pread,128,2,0,0.00,100.00,643.11,3014.90,187.68,2827.22,,,3658.01,3470.33,2.16,189.00,288.00,1.13,19429664,2026-09-18T05:26:17Z
A,1gb,2e_K10,async,128,2,0,0.00,100.00,578.34,294.25,187.51,106.74,,,872.59,685.08,2.18,190.00,286.00,1.13,19429784,2026-09-18T05:26:17Z
A,1gb,2e_K500,pread,128,2,0,0.00,100.00,182.48,29752.14,187.71,29564.42,,,29934.62,29746.90,1.75,53.00,324.00,1.20,19431072,2026-09-18T05:26:17Z
A,1gb,2e_K500,async,128,2,0,0.00,100.00,704.70,1036.11,197.14,838.97,,,1740.81,1543.67,2.13,194.00,397.00,1.20,19435116,2026-09-18T05:26:18Z
A,1gb,2f_slru,pread,128,2,0,0.00,100.00,98.94,18788.69,186.46,18602.23,,,18887.63,18701.17,1.56,0.00,280.00,1.20,19425252,2026-09-18T05:26:18Z
A,1gb,2f_slru,async,128,2,0,0.00,100.00,96.71,7449.98,186.31,7263.67,,,7546.69,7360.38,1.58,0.00,280.00,1.20,19423960,2026-09-18T05:26:18Z
A,1gb,leaf_freq_K10,pread,128,2,0,0.00,100.00,1457.22,1113.30,185.76,927.54,,,2570.52,2384.76,2.15,189.00,280.00,1.20,19427044,2026-09-18T05:26:19Z
A,1gb,leaf_freq_K10,async,128,2,0,0.00,100.00,1540.79,264.54,185.92,78.62,,,1805.33,1619.41,2.18,189.00,280.00,1.20,19427556,2026-09-18T05:26:19Z
A,1gb,leaf_rand_K10,pread,128,2,0,0.00,100.00,1534.23,1085.43,186.74,898.69,,,2619.66,2432.92,2.17,190.00,266.00,1.20,19428120,2026-09-18T05:26:19Z
A,1gb,leaf_rand_K10,async,128,2,0,0.00,100.00,1422.68,264.57,187.63,76.93,,,1687.25,1499.61,2.14,190.00,266.00,1.20,19427576,2026-09-18T05:26:20Z
B,vacuum,layers_5,pread,128,2,0,0.00,100.00,866.15,770.63,185.08,585.55,,,1636.78,1451.70,2.04,144.00,235.00,1.20,19429108,2026-09-18T05:26:20Z
B,vacuum,layers_5,async,128,2,0,0.00,100.00,962.16,257.18,187.08,70.10,,,1219.34,1032.26,2.09,144.00,233.00,1.20,19428788,2026-09-18T05:26:20Z
B,vacuum,layers_92,pread,128,2,0,0.00,100.00,551.63,7596.36,186.78,7409.58,,,8147.99,7961.21,2.05,143.00,234.00,1.20,19428392,2026-09-18T05:26:21Z
B,vacuum,layers_92,async,128,2,0,0.00,100.00,514.85,373.50,188.59,184.91,,,888.35,699.76,2.10,143.00,232.00,1.20,19428720,2026-09-18T05:26:21Z
B,vacuum,2d,pread,128,2,0,0.00,100.00,519.13,1371.77,187.17,1184.60,,,1890.90,1703.73,2.05,143.00,234.00,1.20,19426984,2026-09-18T05:26:21Z
B,vacuum,2d,async,128,2,0,0.00,100.00,553.48,263.50,186.40,77.09,,,816.98,630.57,2.07,143.00,232.00,1.20,19426908,2026-09-18T05:26:21Z
B,vacuum,2e_K10,pread,128,2,0,0.00,100.00,552.38,2328.19,185.37,2142.82,,,2880.57,2695.20,2.06,144.00,236.00,1.20,19427320,2026-09-18T05:26:22Z
B,vacuum,2e_K10,async,128,2,0,0.00,100.00,482.75,273.99,185.79,88.20,,,756.74,570.95,2.11,144.00,235.00,1.20,19426296,2026-09-18T05:26:22Z
B,vacuum,2e_K500,pread,128,2,0,0.00,100.00,180.79,17455.91,190.91,17265.00,,,17636.70,17445.79,1.65,4.00,229.00,1.18,19425316,2026-09-18T05:26:22Z
B,vacuum,2e_K500,async,128,2,0,0.00,24.80,184.39,897.91,187.09,710.82,,,1082.30,895.21,2.04,142.00,283.00,1.18,19414532,2026-09-18T05:26:23Z
B,vacuum,2f_slru,pread,128,2,0,0.00,100.00,95.09,13780.36,184.94,13595.42,,,13875.45,13690.51,1.57,0.00,214.00,1.18,19414964,2026-09-18T05:26:23Z
B,vacuum,2f_slru,async,128,2,0,0.00,100.00,97.75,5677.57,185.86,5491.72,,,5775.32,5589.47,1.63,0.00,214.00,1.18,19415640,2026-09-18T05:26:23Z
B,vacuum,leaf_freq_K10,pread,128,2,0,0.00,100.00,1008.83,1119.20,188.91,930.29,,,2128.03,1939.12,2.07,145.00,233.00,1.18,19415152,2026-09-18T05:26:24Z
B,vacuum,leaf_freq_K10,async,128,2,0,0.00,100.00,1094.99,260.02,185.96,74.06,,,1355.01,1169.05,2.08,145.00,233.00,1.18,19415128,2026-09-18T05:26:24Z
B,vacuum,leaf_rand_K10,pread,128,2,0,0.00,100.00,958.15,1045.12,186.90,858.22,,,2003.27,1816.37,2.06,144.00,233.00,1.18,19416492,2026-09-18T05:26:24Z
B,vacuum,leaf_rand_K10,async,128,2,0,0.00,100.00,1009.59,260.05,185.66,74.39,,,1269.64,1083.98,2.06,144.00,233.00,1.18,19416700,2026-09-18T05:26:24Z
B,ta,layers_5,pread,128,2,0,0.00,100.00,511.57,437.28,188.04,249.24,,,948.85,760.81,2.21,190.00,269.00,1.18,19417360,2026-09-18T05:26:25Z
B,ta,layers_5,async,128,2,0,0.00,100.00,992.04,253.96,185.93,68.03,,,1246.00,1060.07,2.30,190.00,267.00,1.18,19416704,2026-09-18T05:26:25Z
B,ta,layers_92,pread,128,2,0,0.00,100.00,569.06,1001.67,184.43,817.25,,,1570.73,1386.31,2.20,187.00,268.00,1.18,19418248,2026-09-18T05:26:25Z
B,ta,layers_92,async,128,2,0,0.00,100.00,563.21,355.73,185.89,169.84,,,918.94,733.05,2.14,189.00,267.00,1.18,19418204,2026-09-18T05:26:26Z
B,ta,2d,pread,128,2,0,0.00,100.00,540.95,980.79,186.90,793.89,,,1521.74,1334.84,2.22,188.00,267.00,1.18,19418744,2026-09-18T05:26:26Z
B,ta,2d,async,128,2,0,0.00,53.20,536.70,307.49,189.11,118.38,,,844.19,655.08,2.26,189.00,267.00,1.18,19418980,2026-09-18T05:26:26Z
B,ta,2e_K10,pread,128,2,0,0.00,100.00,577.50,2155.91,187.32,1968.59,,,2733.41,2546.09,2.21,189.00,268.00,1.18,19421940,2026-09-18T05:26:27Z
B,ta,2e_K10,async,128,2,0,0.00,71.90,502.34,317.12,187.33,129.78,,,819.46,632.12,2.21,190.00,268.00,1.18,19422208,2026-09-18T05:26:27Z
B,ta,2e_K500,pread,128,2,0,0.00,100.00,180.49,36671.44,275.72,36395.72,,,36851.93,36576.21,1.94,91.00,326.00,1.17,19422348,2026-09-18T05:26:27Z
B,ta,2e_K500,async,128,2,0,0.00,45.20,181.64,993.32,185.18,808.14,,,1174.96,989.78,2.18,183.00,318.00,1.17,19421728,2026-09-18T05:26:28Z
B,ta,2f_slru,pread,128,2,0,0.00,100.00,95.77,17834.29,183.13,17651.16,,,17930.06,17746.93,1.61,0.00,279.00,1.17,19403680,2026-09-18T05:26:28Z
B,ta,2f_slru,async,128,2,0,0.00,100.00,97.34,7535.37,189.32,7346.05,,,7632.71,7443.39,1.64,0.00,279.00,1.17,19401932,2026-09-18T05:26:28Z
B,ta,leaf_freq_K10,pread,128,2,0,0.00,100.00,703.17,1047.72,184.94,862.78,,,1750.89,1565.95,2.17,191.00,269.00,1.17,19405280,2026-09-18T05:26:29Z
B,ta,leaf_freq_K10,async,128,2,0,0.00,100.00,721.99,261.15,187.58,73.57,,,983.14,795.56,2.27,191.00,269.00,1.17,19405756,2026-09-18T05:26:29Z
B,ta,leaf_rand_K10,pread,128,2,0,0.00,100.00,716.74,1109.22,185.55,923.67,,,1825.96,1640.41,2.22,190.00,268.00,1.17,19409920,2026-09-18T05:26:29Z
B,ta,leaf_rand_K10,async,128,2,0,0.00,100.00,785.60,257.77,187.70,70.07,,,1043.37,855.67,2.22,190.00,268.00,1.17,19409216,2026-09-18T05:26:30Z
B,1gb,layers_5,pread,128,2,0,0.00,100.00,1093.71,731.01,188.38,542.63,,,1824.72,1636.34,2.27,187.00,261.00,1.17,19409356,2026-09-18T05:26:30Z
B,1gb,layers_5,async,128,2,0,0.00,100.00,1211.83,257.05,187.77,69.28,,,1468.88,1281.11,2.20,188.00,261.00,1.17,19411840,2026-09-18T05:26:30Z
B,1gb,layers_92,pread,128,2,0,0.00,100.00,853.05,8039.01,187.96,7851.05,,,8892.06,8704.10,2.17,187.00,267.00,1.17,19412224,2026-09-18T05:26:31Z
B,1gb,layers_92,async,128,2,0,0.00,100.00,895.52,376.66,187.33,189.33,,,1272.18,1084.85,2.27,188.00,266.00,1.17,19412524,2026-09-18T05:26:31Z
B,1gb,2d,pread,128,2,0,0.00,100.00,483.46,2132.83,187.14,1945.69,,,2616.29,2429.15,2.20,186.00,268.00,1.17,19413048,2026-09-18T05:26:31Z
B,1gb,2d,async,128,2,0,0.00,100.00,497.32,272.85,185.04,87.81,,,770.17,585.13,2.20,187.00,267.00,1.17,19414472,2026-09-18T05:26:32Z
B,1gb,2e_K10,pread,128,2,0,0.00,100.00,491.29,2971.98,190.67,2781.31,,,3463.27,3272.60,2.24,187.00,268.00,1.17,19414428,2026-09-18T05:26:32Z
B,1gb,2e_K10,async,128,2,0,0.00,100.00,485.52,290.48,186.42,104.06,,,776.00,589.58,2.18,188.00,268.00,1.16,19414796,2026-09-18T05:26:32Z
B,1gb,2e_K500,pread,128,2,0,0.00,100.00,182.69,19402.80,228.02,19174.78,,,19585.49,19357.47,1.76,56.00,313.00,1.16,19415288,2026-09-18T05:26:33Z
B,1gb,2e_K500,async,128,2,0,0.00,100.00,153.68,1094.68,230.10,864.58,,,1248.36,1018.26,2.28,186.00,318.00,1.16,19434776,2026-09-18T05:26:33Z
B,1gb,2f_slru,pread,128,2,0,0.00,100.00,96.61,18921.05,229.51,18691.54,,,19017.66,18788.15,1.61,0.00,280.00,1.16,19431612,2026-09-18T05:26:33Z
B,1gb,2f_slru,async,128,2,0,0.00,100.00,101.44,7473.16,228.50,7244.66,,,7574.60,7346.10,1.63,0.00,280.00,1.16,19427820,2026-09-18T05:26:34Z
B,1gb,leaf_freq_K10,pread,128,2,0,0.00,100.00,1237.57,1156.94,223.18,933.76,,,2394.51,2171.33,2.22,188.00,262.00,1.16,19430876,2026-09-18T05:26:34Z
B,1gb,leaf_freq_K10,async,128,2,0,0.00,100.00,1250.38,303.66,229.02,74.64,,,1554.04,1325.02,2.20,188.00,262.00,1.16,19432800,2026-09-18T05:26:34Z
B,1gb,leaf_rand_K10,pread,128,2,0,0.00,100.00,1113.34,1116.07,228.52,887.55,,,2229.41,2000.89,2.14,188.00,261.00,1.16,19433276,2026-09-18T05:26:35Z
B,1gb,leaf_rand_K10,async,128,2,0,0.00,100.00,1369.83,304.20,227.49,76.72,,,1674.03,1446.55,2.22,188.00,261.00,1.16,19433596,2026-09-18T05:26:35Z
C,vacuum,layers_5,pread,128,2,0,0.00,100.00,1070.00,815.45,229.52,585.93,,,1885.45,1655.93,1.54,12.00,29.00,1.16,19433960,2026-09-18T05:26:35Z
C,vacuum,layers_5,async,128,2,0,0.00,100.00,918.49,296.34,227.16,69.18,,,1214.83,987.67,1.51,12.00,29.00,1.16,19432132,2026-09-18T05:26:36Z
C,vacuum,layers_92,pread,128,2,0,0.00,100.00,628.01,7600.19,226.42,7373.77,,,8228.20,8001.78,1.51,12.00,31.00,1.16,19431112,2026-09-18T05:26:36Z
C,vacuum,layers_92,async,128,2,0,0.00,100.00,633.79,407.19,229.05,178.13,,,1040.98,811.92,1.53,12.00,31.00,1.16,19432708,2026-09-18T05:26:36Z
C,vacuum,2d,pread,128,2,0,0.00,100.00,659.69,645.32,228.18,417.14,,,1305.01,1076.83,1.53,12.00,31.00,1.16,19433192,2026-09-18T05:26:36Z
C,vacuum,2d,async,128,2,0,0.00,100.00,588.59,294.27,226.74,67.54,,,882.86,656.13,1.53,12.00,31.00,1.16,19433580,2026-09-18T05:26:37Z
C,vacuum,2e_K10,pread,128,2,0,0.00,100.00,176.11,1501.07,230.88,1270.19,,,1677.18,1446.30,1.56,12.00,35.00,1.16,19430788,2026-09-18T05:26:37Z
C,vacuum,2e_K10,async,128,2,0,0.00,92.90,176.76,304.57,225.64,78.93,,,481.33,255.69,1.52,12.00,33.00,1.16,19431900,2026-09-18T05:26:37Z
C,vacuum,2e_K500,pread,128,2,0,0.00,100.00,177.87,2517.49,226.75,2290.75,,,2695.36,2468.62,1.49,0.00,30.00,1.14,19433912,2026-09-18T05:26:37Z
C,vacuum,2e_K500,async,128,2,0,0.00,47.90,178.41,695.66,228.77,466.89,,,874.07,645.30,1.49,0.00,30.00,1.14,19434460,2026-09-18T05:26:38Z
C,vacuum,2f_slru,pread,128,2,0,0.00,100.00,89.23,3185.45,225.01,2960.44,,,3274.68,3049.67,1.47,0.00,30.00,1.14,19434716,2026-09-18T05:26:38Z
C,vacuum,2f_slru,async,128,2,0,0.00,100.00,93.87,819.12,226.55,592.57,,,912.99,686.44,1.49,0.00,30.00,1.14,19434856,2026-09-18T05:26:38Z
C,vacuum,leaf_freq_K10,pread,128,2,0,0.00,100.00,659.00,783.65,226.45,557.21,,,1442.65,1216.21,1.52,12.00,33.00,1.14,19408896,2026-09-18T05:26:38Z
C,vacuum,leaf_freq_K10,async,128,2,0,0.00,100.00,785.66,295.78,224.00,71.78,,,1081.44,857.44,1.53,12.00,31.00,1.14,19418752,2026-09-18T05:26:39Z
C,vacuum,leaf_rand_K10,pread,128,2,0,0.00,100.00,1151.47,1042.46,230.78,811.68,,,2193.93,1963.15,1.53,12.00,29.00,1.14,19420320,2026-09-18T05:26:39Z
C,vacuum,leaf_rand_K10,async,128,2,0,0.00,100.00,1117.75,303.42,227.42,76.00,,,1421.17,1193.75,1.53,12.00,29.00,1.14,19420964,2026-09-18T05:26:39Z
C,ta,layers_5,pread,128,2,0,0.00,100.00,771.34,479.27,227.01,252.26,,,1250.61,1023.60,1.60,19.00,30.00,1.14,19425476,2026-09-18T05:26:39Z
C,ta,layers_5,async,128,2,0,0.00,100.00,791.60,292.78,225.45,67.33,,,1084.38,858.93,1.60,19.00,30.00,1.14,19426376,2026-09-18T05:26:40Z
C,ta,layers_92,pread,128,2,0,0.00,100.00,378.09,1077.54,226.20,851.34,,,1455.63,1229.43,1.60,18.00,31.00,1.14,19425416,2026-09-18T05:26:40Z
C,ta,layers_92,async,128,2,0,0.00,100.00,440.16,396.20,227.34,168.87,,,836.36,609.03,1.61,18.00,31.00,1.14,19426472,2026-09-18T05:26:40Z
C,ta,2d,pread,128,2,0,0.00,100.00,420.08,1053.75,225.55,828.20,,,1473.83,1248.28,1.59,18.00,31.00,1.14,19426172,2026-09-18T05:26:40Z
C,ta,2d,async,128,2,0,0.00,64.60,443.73,342.75,227.43,115.32,,,786.48,559.05,1.59,18.00,31.00,1.14,19427744,2026-09-18T05:26:41Z
C,ta,2e_K10,pread,128,2,0,0.00,100.00,227.08,1822.99,227.32,1595.67,,,2050.07,1822.75,1.59,17.00,33.00,1.14,19427280,2026-09-18T05:26:41Z
C,ta,2e_K10,async,128,2,0,0.00,100.00,178.95,354.89,227.16,127.73,,,533.84,306.68,1.59,17.00,32.00,1.14,19428072,2026-09-18T05:26:41Z
C,ta,2e_K500,pread,128,2,0,0.00,100.00,177.32,3697.86,227.69,3470.18,,,3875.18,3647.50,1.54,0.00,38.00,1.14,19428532,2026-09-18T05:26:41Z
C,ta,2e_K500,async,128,2,0,0.00,100.00,182.36,823.93,228.54,595.39,,,1006.29,777.75,1.55,0.00,38.00,1.14,19427972,2026-09-18T05:26:42Z
C,ta,2f_slru,pread,128,2,0,0.00,100.00,89.81,3725.82,227.46,3498.37,,,3815.63,3588.18,1.53,0.00,38.00,1.14,19428244,2026-09-18T05:26:42Z
C,ta,2f_slru,async,128,2,0,0.00,100.00,90.31,1078.17,226.46,851.71,,,1168.48,942.02,1.54,0.00,38.00,1.14,19429004,2026-09-18T05:26:42Z
C,ta,leaf_freq_K10,pread,128,2,0,0.00,100.00,941.72,899.55,227.24,672.31,,,1841.27,1614.03,1.60,18.00,32.00,1.13,19428724,2026-09-18T05:26:43Z
C,ta,leaf_freq_K10,async,128,2,0,0.00,100.00,884.44,298.25,224.73,73.52,,,1182.69,957.96,1.60,18.00,31.00,1.13,19429540,2026-09-18T05:26:43Z
C,ta,leaf_rand_K10,pread,128,2,0,0.00,100.00,793.84,1099.81,230.25,869.55,,,1893.65,1663.39,1.59,19.00,30.00,1.13,19430304,2026-09-18T05:26:43Z
C,ta,leaf_rand_K10,async,128,2,0,0.00,100.00,799.23,302.42,228.02,74.40,,,1101.65,873.63,1.60,19.00,30.00,1.13,19429984,2026-09-18T05:26:43Z
C,1gb,layers_5,pread,128,2,0,0.00,100.00,1107.22,700.39,227.22,473.17,,,1807.61,1580.39,1.70,40.00,51.00,1.13,19409896,2026-09-18T05:26:44Z
C,1gb,layers_5,async,128,2,0,0.00,100.00,1089.16,299.60,230.37,69.23,,,1388.76,1158.39,1.69,40.00,51.00,1.13,19412700,2026-09-18T05:26:44Z
C,1gb,layers_92,pread,128,2,0,0.00,100.00,1205.17,8831.82,555.59,8276.23,,,10036.99,9481.40,1.69,38.00,54.00,1.13,19413204,2026-09-18T05:26:44Z
C,1gb,layers_92,async,128,2,0,0.00,100.00,1198.64,441.84,228.48,213.36,,,1640.48,1412.00,1.69,38.00,54.00,1.13,19413676,2026-09-18T05:26:44Z
C,1gb,2d,pread,128,2,0,0.00,100.00,519.03,856.50,225.36,631.14,,,1375.53,1150.17,1.69,37.00,59.00,1.13,19415780,2026-09-18T05:26:45Z
C,1gb,2d,async,128,2,0,0.00,100.00,548.42,299.89,227.30,72.60,,,848.31,621.02,1.70,37.00,59.00,1.13,19415636,2026-09-18T05:26:45Z
C,1gb,2e_K10,pread,128,2,0,0.00,100.00,177.47,1736.13,225.87,1510.27,,,1913.60,1687.74,1.67,36.00,66.00,1.13,19416360,2026-09-18T05:26:45Z
C,1gb,2e_K10,async,128,2,0,0.00,100.00,149.42,307.68,223.73,83.95,,,457.10,233.37,1.67,36.00,66.00,1.13,19414728,2026-09-18T05:26:46Z
C,1gb,2e_K500,pread,128,2,0,0.00,100.00,181.18,4771.82,226.84,4544.98,,,4953.00,4726.16,1.56,1.00,67.00,1.13,19415100,2026-09-18T05:26:46Z
C,1gb,2e_K500,async,128,2,0,0.00,100.00,182.45,884.99,226.96,658.04,,,1067.44,840.49,1.70,37.00,102.00,1.13,19415852,2026-09-18T05:26:46Z
C,1gb,2f_slru,pread,128,2,0,0.00,100.00,95.69,5559.95,228.52,5331.43,,,5655.64,5427.12,1.55,0.00,64.00,1.13,19417376,2026-09-18T05:26:46Z
C,1gb,2f_slru,async,128,2,0,0.00,100.00,96.14,1871.57,228.26,1643.31,,,1967.71,1739.45,1.59,0.00,64.00,1.13,19417952,2026-09-18T05:26:47Z
C,1gb,leaf_freq_K10,pread,128,2,0,0.00,100.00,908.41,1122.08,226.58,895.50,,,2030.49,1803.91,1.67,38.00,63.00,1.13,19417860,2026-09-18T05:26:47Z
C,1gb,leaf_freq_K10,async,128,2,0,0.00,100.00,852.18,298.90,226.10,72.80,,,1151.08,924.98,1.68,38.00,63.00,1.12,19417900,2026-09-18T05:26:47Z
C,1gb,leaf_rand_K10,pread,128,2,0,0.00,100.00,1390.26,1123.43,226.82,896.62,,,2513.69,2286.88,1.70,40.00,51.00,1.12,19418392,2026-09-18T05:26:48Z
C,1gb,leaf_rand_K10,async,128,2,0,0.00,100.00,1363.32,303.29,227.84,75.45,,,1666.61,1438.77,1.71,40.00,51.00,1.12,19418860,2026-09-18T05:26:48Z
A,vacuum,baseline,baseline,128,3,0,0.00,0.00,979.14,0.00,0.00,0.00,,,979.14,979.14,2.05,148.00,212.00,1.12,19418636,2026-09-18T05:26:48Z
A,ta,baseline,baseline,128,3,0,0.00,0.00,1156.43,0.00,0.00,0.00,,,1156.43,1156.43,2.15,189.00,259.00,1.12,19419984,2026-09-18T05:26:49Z
A,1gb,baseline,baseline,128,3,0,0.00,0.00,1467.22,0.00,0.00,0.00,,,1467.22,1467.22,2.16,190.00,267.00,1.12,19392736,2026-09-18T05:26:49Z
B,vacuum,baseline,baseline,128,3,0,0.00,0.00,1087.01,0.00,0.00,0.00,,,1087.01,1087.01,2.09,144.00,233.00,1.12,19407852,2026-09-18T05:26:49Z
B,ta,baseline,baseline,128,3,0,0.00,0.00,691.12,0.00,0.00,0.00,,,691.12,691.12,2.14,190.00,268.00,1.12,19409316,2026-09-18T05:26:50Z
B,1gb,baseline,baseline,128,3,0,0.00,0.00,1218.82,0.00,0.00,0.00,,,1218.82,1218.82,2.20,188.00,262.00,1.12,19408604,2026-09-18T05:26:50Z
C,vacuum,baseline,baseline,128,3,0,0.00,0.00,1166.09,0.00,0.00,0.00,,,1166.09,1166.09,1.55,12.00,29.00,1.12,19410508,2026-09-18T05:26:50Z
C,ta,baseline,baseline,128,3,0,0.00,0.00,816.38,0.00,0.00,0.00,,,816.38,816.38,1.58,19.00,30.00,1.12,19410988,2026-09-18T05:26:50Z
C,1gb,baseline,baseline,128,3,0,0.00,0.00,1173.19,0.00,0.00,0.00,,,1173.19,1173.19,1.67,40.00,52.00,1.12,19409588,2026-09-18T05:26:51Z
A,vacuum,layers_5,pread,128,3,0,0.00,100.00,800.68,782.28,196.43,585.85,,,1582.96,1386.53,1.98,149.00,214.00,1.12,19410332,2026-09-18T05:26:51Z
A,vacuum,layers_5,async,128,3,0,0.00,100.00,898.41,257.77,187.92,69.85,,,1156.18,968.26,2.03,150.00,212.00,1.12,19411156,2026-09-18T05:26:51Z
A,vacuum,layers_92,pread,128,3,0,0.00,100.00,411.65,7552.30,191.74,7360.56,,,7963.95,7772.21,2.01,145.00,225.00,1.12,19408984,2026-09-18T05:26:52Z
A,vacuum,layers_92,async,128,3,0,0.00,100.00,423.29,371.08,190.08,181.00,,,794.37,604.29,2.01,146.00,223.00,1.12,19406044,2026-09-18T05:26:52Z
A,vacuum,2d,pread,128,3,0,0.00,100.00,404.46,1384.55,195.55,1189.01,,,1789.01,1593.47,2.04,145.00,225.00,1.12,19405120,2026-09-18T05:26:52Z
A,vacuum,2d,async,128,3,0,0.00,100.00,402.91,274.35,194.00,80.35,,,677.26,483.26,1.99,146.00,223.00,1.11,19405412,2026-09-18T05:26:53Z
A,vacuum,2e_K10,pread,128,3,0,0.00,100.00,406.95,2230.82,193.25,2037.57,,,2637.77,2444.52,2.03,147.00,229.00,1.11,19405656,2026-09-18T05:26:53Z
A,vacuum,2e_K10,async,128,3,0,0.00,100.00,481.26,287.35,196.92,90.43,,,768.61,571.69,2.04,148.00,227.00,1.11,19404844,2026-09-18T05:26:53Z
A,vacuum,2e_K500,pread,128,3,0,0.00,100.00,454.40,16123.98,194.46,15929.52,,,16578.38,16383.92,1.89,126.00,418.00,1.11,19405316,2026-09-18T05:26:54Z
A,vacuum,2e_K500,async,128,3,0,0.00,15.60,585.64,879.93,196.59,683.35,,,1465.57,1268.99,2.01,145.00,335.00,1.11,19422056,2026-09-18T05:26:54Z
A,vacuum,2f_slru,pread,128,3,0,0.00,100.00,96.38,13768.25,197.03,13571.22,,,13864.63,13667.60,1.53,0.00,214.00,1.11,19422556,2026-09-18T05:26:54Z
A,vacuum,2f_slru,async,128,3,0,0.00,100.00,99.27,5659.09,194.59,5464.49,,,5758.36,5563.76,1.56,0.00,214.00,1.11,19403204,2026-09-18T05:26:54Z
A,vacuum,leaf_freq_K10,pread,128,3,0,0.00,100.00,955.34,1078.04,191.51,886.53,,,2033.38,1841.87,2.06,149.00,217.00,1.11,19409380,2026-09-18T05:26:55Z
A,vacuum,leaf_freq_K10,async,128,3,0,0.00,100.00,988.60,272.15,196.76,75.39,,,1260.75,1063.99,2.01,149.00,217.00,1.11,19409612,2026-09-18T05:26:55Z
A,vacuum,leaf_rand_K10,pread,128,3,0,0.00,100.00,920.62,1087.02,194.19,892.83,,,2007.64,1813.45,2.03,148.00,212.00,1.11,19410596,2026-09-18T05:26:55Z
A,vacuum,leaf_rand_K10,async,128,3,0,0.00,100.00,949.09,270.89,193.12,77.77,,,1219.98,1026.86,1.97,148.00,212.00,1.11,19411092,2026-09-18T05:26:56Z
A,ta,layers_5,pread,128,3,0,0.00,100.00,1947.17,443.07,196.11,246.96,,,2390.24,2194.13,2.12,189.00,259.00,1.11,19414516,2026-09-18T05:26:56Z
A,ta,layers_5,async,128,3,0,0.00,100.00,1074.02,266.66,196.82,69.84,,,1340.68,1143.86,2.17,189.00,259.00,1.11,19413496,2026-09-18T05:26:56Z
A,ta,layers_92,pread,128,3,0,0.00,100.00,598.49,1046.61,194.43,852.18,,,1645.10,1450.67,2.09,186.00,260.00,1.11,19414544,2026-09-18T05:26:57Z
A,ta,layers_92,async,128,3,0,0.00,100.00,537.62,366.78,195.81,170.97,,,904.40,708.59,2.20,188.00,259.00,1.11,19414960,2026-09-18T05:26:57Z
A,ta,2d,pread,128,3,0,0.00,100.00,567.22,1020.64,197.65,822.99,,,1587.86,1390.21,2.16,187.00,260.00,1.11,19413908,2026-09-18T05:26:57Z
A,ta,2d,async,128,3,0,0.00,100.00,554.03,315.08,195.09,120.00,,,869.11,674.03,2.14,188.00,259.00,1.10,19414200,2026-09-18T05:26:57Z
A,ta,2e_K10,pread,128,3,0,0.00,100.00,595.01,2085.61,195.00,1890.61,,,2680.62,2485.62,2.14,188.00,269.00,1.10,19415176,2026-09-18T05:26:58Z
A,ta,2e_K10,async,128,3,0,0.00,100.00,586.09,320.25,188.44,131.81,,,906.34,717.90,2.12,189.00,268.00,1.10,19415196,2026-09-18T05:26:58Z
A,ta,2e_K500,pread,128,3,0,0.00,100.00,583.15,17865.73,186.92,17678.81,,,18448.88,18261.96,1.76,72.00,326.00,1.10,19415756,2026-09-18T05:26:58Z
A,ta,2e_K500,async,128,3,0,0.00,25.20,646.49,898.67,188.15,710.52,,,1545.16,1357.01,2.13,192.00,383.00,1.10,19415780,2026-09-18T05:26:59Z
A,ta,2f_slru,pread,128,3,0,0.00,100.00,94.08,17598.09,183.03,17415.05,,,17692.17,17509.13,1.56,0.00,279.00,1.10,19400780,2026-09-18T05:26:59Z
A,ta,2f_slru,async,128,3,0,0.00,100.00,95.63,7385.31,211.32,7173.99,,,7480.94,7269.62,1.57,0.00,279.00,1.10,19398468,2026-09-18T05:26:59Z
A,ta,leaf_freq_K10,pread,128,3,0,0.00,100.00,962.71,1082.37,186.28,896.08,,,2045.08,1858.79,2.15,190.00,268.00,1.10,19401080,2026-09-18T05:27:00Z
A,ta,leaf_freq_K10,async,128,3,0,0.00,100.00,1063.10,262.12,186.66,75.46,,,1325.22,1138.56,2.15,190.00,268.00,1.10,19401424,2026-09-18T05:27:00Z
A,ta,leaf_rand_K10,pread,128,3,0,0.00,100.00,1080.68,1107.03,183.44,923.60,,,2187.71,2004.28,2.16,189.00,259.00,1.10,19400828,2026-09-18T05:27:00Z
A,ta,leaf_rand_K10,async,128,3,0,0.00,100.00,1075.48,261.12,186.26,74.86,,,1336.60,1150.34,2.18,189.00,259.00,1.10,19388760,2026-09-18T05:27:01Z
A,1gb,layers_5,pread,128,3,0,0.00,100.00,1420.34,708.35,184.81,523.54,,,2128.69,1943.88,2.17,189.00,269.00,1.10,19388572,2026-09-18T05:27:01Z
A,1gb,layers_5,async,128,3,0,0.00,100.00,1360.65,259.16,190.11,69.05,,,1619.81,1429.70,2.16,190.00,268.00,1.10,19390540,2026-09-18T05:27:01Z
A,1gb,layers_92,pread,128,3,0,0.00,100.00,983.99,7973.63,186.81,7786.82,,,8957.62,8770.81,2.19,189.00,274.00,1.10,19390664,2026-09-18T05:27:02Z
A,1gb,layers_92,async,128,3,0,0.00,100.00,851.27,272.47,74.80,197.67,,,1123.74,1048.94,2.20,190.00,272.00,1.10,19389084,2026-09-18T05:27:02Z
A,1gb,2d,pread,128,3,0,0.00,100.00,640.91,2135.55,186.63,1948.91,,,2776.46,2589.82,2.15,188.00,275.00,1.10,19389008,2026-09-18T05:27:02Z
A,1gb,2d,async,128,3,0,0.00,100.00,614.93,274.45,186.47,87.98,,,889.38,702.91,2.13,189.00,273.00,1.09,19389088,2026-09-18T05:27:03Z
A,1gb,2e_K10,pread,128,3,0,0.00,100.00,569.15,2977.58,223.48,2754.10,,,3546.73,3323.25,2.30,189.00,288.00,1.09,19389436,2026-09-18T05:27:03Z
A,1gb,2e_K10,async,128,3,0,0.00,100.00,603.14,286.93,184.75,102.18,,,890.07,705.32,2.16,190.00,286.00,1.09,19390132,2026-09-18T05:27:03Z
A,1gb,2e_K500,pread,128,3,0,0.00,100.00,184.03,19446.11,187.25,19258.86,,,19630.14,19442.89,1.72,53.00,324.00,1.09,19391316,2026-09-18T05:27:04Z
A,1gb,2e_K500,async,128,3,0,0.00,100.00,691.92,1055.39,192.73,862.66,,,1747.31,1554.58,2.19,194.00,398.00,1.09,19390288,2026-09-18T05:27:04Z
A,1gb,2f_slru,pread,128,3,0,0.00,100.00,99.54,18838.61,186.52,18652.09,,,18938.15,18751.63,1.58,0.00,280.00,1.09,19392140,2026-09-18T05:27:04Z
A,1gb,2f_slru,async,128,3,0,0.00,100.00,99.88,7424.88,193.41,7231.47,,,7524.76,7331.35,1.61,0.00,280.00,1.09,19390596,2026-09-18T05:27:05Z
A,1gb,leaf_freq_K10,pread,128,3,0,0.00,100.00,1483.39,1115.68,187.78,927.89,,,2599.07,2411.28,2.14,189.00,280.00,1.09,19393180,2026-09-18T05:27:05Z
A,1gb,leaf_freq_K10,async,128,3,0,0.00,100.00,1430.33,260.73,185.60,75.13,,,1691.06,1505.46,2.15,189.00,280.00,1.09,19394804,2026-09-18T05:27:05Z
A,1gb,leaf_rand_K10,pread,128,3,0,0.00,100.00,1501.03,1087.27,187.99,899.28,,,2588.30,2400.31,2.19,190.00,266.00,1.09,19391356,2026-09-18T05:27:06Z
A,1gb,leaf_rand_K10,async,128,3,0,0.00,100.00,1424.83,265.32,186.53,78.79,,,1690.15,1503.62,2.18,190.00,266.00,1.09,19372948,2026-09-18T05:27:06Z
B,vacuum,layers_5,pread,128,3,0,0.00,100.00,905.24,773.76,188.52,585.24,,,1679.00,1490.48,2.09,144.00,235.00,1.09,19374976,2026-09-18T05:27:06Z
B,vacuum,layers_5,async,128,3,0,0.00,100.00,871.07,870.42,796.71,73.71,,,1741.49,944.78,2.05,144.00,233.00,1.09,19374912,2026-09-18T05:27:07Z
B,vacuum,layers_92,pread,128,3,0,0.00,100.00,479.02,7726.60,188.50,7538.10,,,8205.62,8017.12,2.05,143.00,234.00,1.09,19373868,2026-09-18T05:27:07Z
B,vacuum,layers_92,async,128,3,0,0.00,100.00,558.30,368.46,187.88,180.58,,,926.76,738.88,2.09,143.00,232.00,1.09,19374876,2026-09-18T05:27:07Z
B,vacuum,2d,pread,128,3,0,0.00,100.00,583.21,3215.55,199.16,3016.38,,,3798.76,3599.59,2.06,143.00,234.00,1.08,19375404,2026-09-18T05:27:07Z
B,vacuum,2d,async,128,3,0,0.00,100.00,547.87,265.24,188.27,76.96,,,813.11,624.83,2.06,143.00,232.00,1.08,19375696,2026-09-18T05:27:08Z
B,vacuum,2e_K10,pread,128,3,0,0.00,100.00,521.20,2254.40,185.09,2069.31,,,2775.60,2590.51,2.07,144.00,236.00,1.08,19376320,2026-09-18T05:27:08Z
B,vacuum,2e_K10,async,128,3,0,0.00,100.00,582.93,280.13,188.66,91.47,,,863.06,674.40,2.06,144.00,235.00,1.08,19377072,2026-09-18T05:27:08Z
B,vacuum,2e_K500,pread,128,3,0,0.00,100.00,182.74,14615.29,186.13,14429.16,,,14798.03,14611.90,1.59,4.00,229.00,1.08,19377276,2026-09-18T05:27:09Z
B,vacuum,2e_K500,async,128,3,0,0.00,23.60,922.78,899.41,222.11,677.30,,,1822.19,1600.08,2.05,142.00,283.00,1.08,19376988,2026-09-18T05:27:09Z
B,vacuum,2f_slru,pread,128,3,0,0.00,100.00,97.48,13984.58,184.92,13799.67,,,14082.06,13897.15,1.56,0.00,214.00,1.08,19378928,2026-09-18T05:27:09Z
B,vacuum,2f_slru,async,128,3,0,0.00,100.00,95.67,5670.14,185.75,5484.39,,,5765.81,5580.06,1.60,0.00,214.00,1.08,19379356,2026-09-18T05:27:10Z
B,vacuum,leaf_freq_K10,pread,128,3,0,0.00,100.00,1089.41,1082.72,185.81,896.91,,,2172.13,1986.32,2.07,145.00,233.00,1.08,19377768,2026-09-18T05:27:10Z
B,vacuum,leaf_freq_K10,async,128,3,0,0.00,100.00,976.74,288.59,213.32,75.27,,,1265.33,1052.01,2.05,145.00,233.00,1.08,19378456,2026-09-18T05:27:10Z
B,vacuum,leaf_rand_K10,pread,128,3,0,0.00,100.00,924.85,1053.59,192.23,861.36,,,1978.44,1786.21,2.04,144.00,233.00,1.08,19379252,2026-09-18T05:27:10Z
B,vacuum,leaf_rand_K10,async,128,3,0,0.00,100.00,891.35,263.85,187.87,75.97,,,1155.20,967.32,2.04,144.00,233.00,1.08,19379120,2026-09-18T05:27:11Z
B,ta,layers_5,pread,128,3,0,0.00,100.00,514.46,436.65,185.79,250.86,,,951.11,765.32,2.23,190.00,269.00,1.08,19370348,2026-09-18T05:27:11Z
B,ta,layers_5,async,128,3,0,0.00,100.00,917.64,254.06,185.42,68.64,,,1171.70,986.28,2.22,190.00,267.00,1.08,19375444,2026-09-18T05:27:11Z
B,ta,layers_92,pread,128,3,0,0.00,100.00,571.11,993.09,187.83,805.25,,,1564.20,1376.36,2.22,187.00,268.00,1.08,19376912,2026-09-18T05:27:12Z
B,ta,layers_92,async,128,3,0,0.00,45.70,512.60,1725.76,1073.79,651.97,,,2238.36,1164.57,2.19,189.00,267.00,1.08,19380740,2026-09-18T05:27:12Z
B,ta,2d,pread,128,3,0,0.00,100.00,577.92,1041.87,188.94,852.93,,,1619.79,1430.85,2.23,188.00,267.00,1.16,19381896,2026-09-18T05:27:12Z
B,ta,2d,async,128,3,0,0.00,66.00,563.86,305.19,186.01,119.18,,,869.05,683.04,2.20,189.00,267.00,1.16,19382772,2026-09-18T05:27:13Z
B,ta,2e_K10,pread,128,3,0,0.00,100.00,503.23,2466.96,194.41,2272.55,,,2970.19,2775.78,2.33,189.00,268.00,1.16,19383712,2026-09-18T05:27:13Z
B,ta,2e_K10,async,128,3,0,0.00,71.90,503.94,312.80,181.97,130.83,,,816.74,634.77,2.19,190.00,268.00,1.16,19385956,2026-09-18T05:27:13Z
B,ta,2e_K500,pread,128,3,0,0.00,100.00,181.78,16913.12,185.04,16728.08,,,17094.90,16909.86,1.87,91.00,327.00,1.16,19386392,2026-09-18T05:27:14Z
B,ta,2e_K500,async,128,3,0,0.00,23.00,4781.55,918.30,191.08,727.22,,,5699.85,5508.77,2.25,183.00,317.00,1.16,19405828,2026-09-18T05:27:14Z
B,ta,2f_slru,pread,128,3,0,0.00,100.00,97.10,17958.34,188.91,17769.43,,,18055.44,17866.53,1.61,0.00,279.00,1.16,19407504,2026-09-18T05:27:14Z
B,ta,2f_slru,async,128,3,0,0.00,100.00,147.35,7385.25,186.01,7199.24,,,7532.60,7346.59,1.64,0.00,279.00,1.16,19405952,2026-09-18T05:27:15Z
B,ta,leaf_freq_K10,pread,128,3,0,0.00,100.00,679.00,1112.32,187.36,924.96,,,1791.32,1603.96,2.22,191.00,269.00,1.16,19415644,2026-09-18T05:27:15Z
B,ta,leaf_freq_K10,async,128,3,0,0.00,100.00,679.87,262.33,187.99,74.34,,,942.20,754.21,2.20,191.00,269.00,1.16,19416388,2026-09-18T05:27:15Z
B,ta,leaf_rand_K10,pread,128,3,0,0.00,100.00,626.31,1191.63,255.82,935.81,,,1817.94,1562.12,2.27,190.00,268.00,1.16,19419368,2026-09-18T05:27:16Z
B,ta,leaf_rand_K10,async,128,3,0,0.00,100.00,709.69,264.22,187.03,77.19,,,973.91,786.88,2.21,190.00,268.00,1.16,19419980,2026-09-18T05:27:16Z
B,1gb,layers_5,pread,128,3,0,0.00,100.00,1163.47,667.29,187.94,479.35,,,1830.76,1642.82,2.21,187.00,261.00,1.16,19420648,2026-09-18T05:27:16Z
B,1gb,layers_5,async,128,3,0,0.00,100.00,1164.43,260.84,189.67,71.17,,,1425.27,1235.60,2.36,188.00,261.00,1.16,19402032,2026-09-18T05:27:17Z
B,1gb,layers_92,pread,128,3,0,0.00,100.00,945.86,8246.93,187.11,8059.82,,,9192.79,9005.68,2.21,187.00,267.00,1.16,19402328,2026-09-18T05:27:17Z
B,1gb,layers_92,async,128,3,0,0.00,100.00,754.10,359.01,164.11,194.91,,,1113.11,949.01,2.20,188.00,266.00,1.15,19405700,2026-09-18T05:27:17Z
B,1gb,2d,pread,128,3,0,0.00,100.00,545.05,2165.55,185.08,1980.47,,,2710.60,2525.52,2.19,186.00,268.00,1.15,19406816,2026-09-18T05:27:18Z
B,1gb,2d,async,128,3,0,0.00,100.00,527.66,278.67,187.10,91.57,,,806.33,619.23,2.20,187.00,267.00,1.15,19407376,2026-09-18T05:27:18Z
B,1gb,2e_K10,pread,128,3,0,0.00,100.00,515.83,3158.91,279.12,2879.80,,,3674.74,3395.63,2.24,187.00,268.00,1.15,19407224,2026-09-18T05:27:18Z
B,1gb,2e_K10,async,128,3,0,0.00,100.00,551.73,291.84,186.84,105.00,,,843.57,656.73,2.20,188.00,268.00,1.15,19407524,2026-09-18T05:27:19Z
B,1gb,2e_K500,pread,128,3,0,0.00,100.00,186.02,18864.35,187.38,18676.97,,,19050.37,18862.99,1.77,56.00,312.00,1.15,19408408,2026-09-18T05:27:19Z
B,1gb,2e_K500,async,128,3,0,0.00,100.00,155.43,1054.56,191.68,862.88,,,1209.99,1018.31,2.24,186.00,318.00,1.15,19398732,2026-09-18T05:27:19Z
B,1gb,2f_slru,pread,128,3,0,0.00,100.00,98.65,18937.02,186.95,18750.07,,,19035.67,18848.72,1.60,0.00,280.00,1.15,19392428,2026-09-18T05:27:20Z
B,1gb,2f_slru,async,128,3,0,0.00,100.00,99.93,7464.99,189.89,7275.10,,,7564.92,7375.03,1.65,0.00,280.00,1.15,19389656,2026-09-18T05:27:20Z
B,1gb,leaf_freq_K10,pread,128,3,0,0.00,100.00,1232.90,1114.30,185.72,928.58,,,2347.20,2161.48,2.26,188.00,262.00,1.15,19391944,2026-09-18T05:27:20Z
B,1gb,leaf_freq_K10,async,128,3,0,0.00,100.00,1248.30,261.87,185.88,75.99,,,1510.17,1324.29,2.22,188.00,262.00,1.15,19392356,2026-09-18T05:27:21Z
B,1gb,leaf_rand_K10,pread,128,3,0,0.00,100.00,1218.42,1048.18,186.44,861.74,,,2266.60,2080.16,2.22,188.00,261.00,1.15,19392928,2026-09-18T05:27:21Z
B,1gb,leaf_rand_K10,async,128,3,0,0.00,100.00,1172.85,282.87,206.07,76.80,,,1455.72,1249.65,2.18,188.00,261.00,1.15,19392212,2026-09-18T05:27:21Z
C,vacuum,layers_5,pread,128,3,0,0.00,100.00,1055.40,771.87,185.97,585.90,,,1827.27,1641.30,1.52,12.00,29.00,1.15,19378164,2026-09-18T05:27:22Z
C,vacuum,layers_5,async,128,3,0,0.00,100.00,1171.15,263.62,189.33,74.30,,,1434.77,1245.45,1.52,12.00,29.00,1.15,19387424,2026-09-18T05:27:22Z
C,vacuum,layers_92,pread,128,3,0,0.00,100.00,663.48,7598.25,186.49,7411.76,,,8261.73,8075.24,1.53,12.00,31.00,1.15,19392228,2026-09-18T05:27:22Z
C,vacuum,layers_92,async,128,3,0,0.00,100.00,668.40,369.92,186.51,183.41,,,1038.32,851.81,1.52,12.00,31.00,1.13,19392720,2026-09-18T05:27:22Z
C,vacuum,2d,pread,128,3,0,0.00,100.00,657.21,603.68,186.36,417.32,,,1260.89,1074.53,1.52,12.00,31.00,1.13,19396808,2026-09-18T05:27:23Z
C,vacuum,2d,async,128,3,0,0.00,100.00,600.25,254.09,185.86,68.23,,,854.34,668.48,1.52,12.00,31.00,1.13,19397616,2026-09-18T05:27:23Z
C,vacuum,2e_K10,pread,128,3,0,0.00,100.00,178.03,1392.60,184.66,1207.94,,,1570.63,1385.97,1.51,12.00,35.00,1.13,19399976,2026-09-18T05:27:23Z
C,vacuum,2e_K10,async,128,3,0,0.00,92.90,179.03,263.67,182.04,81.62,,,442.70,260.65,1.52,12.00,33.00,1.13,19400644,2026-09-18T05:27:23Z
C,vacuum,2e_K500,pread,128,3,0,0.00,100.00,179.65,2563.42,185.56,2377.86,,,2743.07,2557.51,1.48,0.00,30.00,1.13,19403080,2026-09-18T05:27:24Z
C,vacuum,2e_K500,async,128,3,0,0.00,75.10,178.95,673.29,187.96,485.32,,,852.24,664.27,1.48,0.00,30.00,1.13,19404416,2026-09-18T05:27:24Z
C,vacuum,2f_slru,pread,128,3,0,0.00,100.00,91.76,3119.77,193.47,2926.29,,,3211.53,3018.05,1.45,0.00,30.00,1.13,19404564,2026-09-18T05:27:24Z
C,vacuum,2f_slru,async,128,3,0,0.00,100.00,93.82,781.37,186.27,595.10,,,875.19,688.92,1.49,0.00,30.00,1.13,19405204,2026-09-18T05:27:24Z
C,vacuum,leaf_freq_K10,pread,128,3,0,0.00,100.00,723.73,767.78,186.18,581.60,,,1491.51,1305.33,1.51,12.00,33.00,1.13,19405164,2026-09-18T05:27:25Z
C,vacuum,leaf_freq_K10,async,128,3,0,0.00,100.00,666.78,258.19,184.63,73.56,,,924.97,740.34,1.52,12.00,31.00,1.13,19405828,2026-09-18T05:27:25Z
C,vacuum,leaf_rand_K10,pread,128,3,0,0.00,100.00,1143.69,1017.55,185.84,831.71,,,2161.24,1975.40,1.52,12.00,29.00,1.13,19406944,2026-09-18T05:27:25Z
C,vacuum,leaf_rand_K10,async,128,3,0,0.00,100.00,1119.35,263.29,186.89,76.39,,,1382.64,1195.74,1.54,12.00,29.00,1.13,19407384,2026-09-18T05:27:25Z
C,ta,layers_5,pread,128,3,0,0.00,100.00,793.23,433.69,184.94,248.76,,,1226.92,1041.99,1.64,19.00,30.00,1.13,19406344,2026-09-18T05:27:26Z
C,ta,layers_5,async,128,3,0,0.00,100.00,787.34,254.74,184.87,69.87,,,1042.08,857.21,1.59,19.00,30.00,1.13,19407576,2026-09-18T05:27:26Z
C,ta,layers_92,pread,128,3,0,0.00,100.00,450.96,1036.95,185.69,851.26,,,1487.91,1302.22,1.59,18.00,31.00,1.13,19407340,2026-09-18T05:27:26Z
C,ta,layers_92,async,128,3,0,0.00,42.40,445.41,364.57,187.43,177.14,,,809.98,622.55,1.58,18.00,31.00,1.13,19407112,2026-09-18T05:27:27Z
C,ta,2d,pread,128,3,0,0.00,100.00,418.81,1044.21,186.24,857.97,,,1463.02,1276.78,1.60,18.00,31.00,1.13,19408360,2026-09-18T05:27:27Z
C,ta,2d,async,128,3,0,0.00,91.70,454.30,306.45,194.70,111.75,,,760.75,566.05,1.61,18.00,31.00,1.13,19393076,2026-09-18T05:27:27Z
C,ta,2e_K10,pread,128,3,0,0.00,100.00,178.10,1718.58,185.09,1533.49,,,1896.68,1711.59,1.62,17.00,33.00,1.13,19394936,2026-09-18T05:27:27Z
C,ta,2e_K10,async,128,3,0,0.00,70.70,179.15,316.87,187.06,129.80,,,496.02,308.95,1.60,17.00,32.00,1.12,19395552,2026-09-18T05:27:28Z
C,ta,2e_K500,pread,128,3,0,0.00,100.00,184.05,3765.40,184.69,3580.71,,,3949.45,3764.76,1.54,0.00,38.00,1.12,19395812,2026-09-18T05:27:28Z
C,ta,2e_K500,async,128,3,0,0.00,100.00,180.94,763.71,183.46,580.25,,,944.65,761.19,1.55,0.00,38.00,1.12,19395848,2026-09-18T05:27:28Z
C,ta,2f_slru,pread,128,3,0,0.00,100.00,90.88,3523.25,183.53,3339.73,,,3614.13,3430.61,1.53,0.00,38.00,1.12,19396220,2026-09-18T05:27:28Z
C,ta,2f_slru,async,128,3,0,0.00,100.00,94.18,1027.08,185.59,841.49,,,1121.26,935.67,1.54,0.00,38.00,1.12,19397404,2026-09-18T05:27:29Z
C,ta,leaf_freq_K10,pread,128,3,0,0.00,100.00,912.92,877.58,184.37,693.21,,,1790.50,1606.13,1.63,18.00,32.00,1.12,19396600,2026-09-18T05:27:29Z
C,ta,leaf_freq_K10,async,128,3,0,0.00,100.00,854.12,259.54,183.84,75.70,,,1113.66,929.82,1.59,18.00,31.00,1.12,19397144,2026-09-18T05:27:29Z
C,ta,leaf_rand_K10,pread,128,3,0,0.00,100.00,796.54,1020.92,184.35,836.57,,,1817.46,1633.11,1.61,19.00,30.00,1.12,19396780,2026-09-18T05:27:29Z
C,ta,leaf_rand_K10,async,128,3,0,0.00,100.00,797.58,258.67,184.04,74.63,,,1056.25,872.21,1.61,19.00,30.00,1.12,19396924,2026-09-18T05:27:30Z
C,1gb,layers_5,pread,128,3,0,0.00,100.00,1093.80,640.75,192.78,447.96,,,1734.55,1541.76,1.70,40.00,51.00,1.12,19397184,2026-09-18T05:27:30Z
C,1gb,layers_5,async,128,3,0,0.00,100.00,1129.71,253.70,185.52,68.18,,,1383.41,1197.89,1.70,40.00,51.00,1.12,19397260,2026-09-18T05:27:30Z
C,1gb,layers_92,pread,128,3,0,0.00,100.00,1258.05,10774.08,185.45,10588.63,,,12032.13,11846.68,1.70,38.00,54.00,1.12,19397136,2026-09-18T05:27:31Z
C,1gb,layers_92,async,128,3,0,0.00,100.00,1098.96,379.84,185.65,194.19,,,1478.80,1293.15,1.67,38.00,54.00,1.12,19397584,2026-09-18T05:27:31Z
C,1gb,2d,pread,128,3,0,0.00,100.00,479.06,778.08,184.78,593.30,,,1257.14,1072.36,1.66,37.00,59.00,1.12,19397328,2026-09-18T05:27:31Z
C,1gb,2d,async,128,3,0,0.00,100.00,545.57,257.80,185.04,72.76,,,803.37,618.33,1.67,37.00,59.00,1.12,19397536,2026-09-18T05:27:31Z
C,1gb,2e_K10,pread,128,3,0,0.00,100.00,148.50,1614.18,183.98,1430.21,,,1762.68,1578.71,1.69,36.00,66.00,1.12,19398560,2026-09-18T05:27:32Z
C,1gb,2e_K10,async,128,3,0,0.00,100.00,152.77,266.90,181.55,85.35,,,419.67,238.12,1.67,36.00,66.00,1.12,19397180,2026-09-18T05:27:32Z
C,1gb,2e_K500,pread,128,3,0,0.00,100.00,181.18,4851.50,191.62,4659.88,,,5032.68,4841.06,1.56,1.00,67.00,1.12,19389300,2026-09-18T05:27:32Z
C,1gb,2e_K500,async,128,3,0,0.00,100.00,187.42,858.38,185.39,673.00,,,1045.80,860.42,1.70,37.00,106.00,1.11,19391636,2026-09-18T05:27:33Z
C,1gb,2f_slru,pread,128,3,0,0.00,100.00,95.67,5435.19,186.22,5248.97,,,5530.86,5344.64,1.56,0.00,64.00,1.11,19392212,2026-09-18T05:27:33Z
C,1gb,2f_slru,async,128,3,0,0.00,100.00,97.73,1847.96,179.86,1668.11,,,1945.69,1765.84,1.59,0.00,64.00,1.11,19392880,2026-09-18T05:27:33Z
C,1gb,leaf_freq_K10,pread,128,3,0,0.00,100.00,871.57,1082.81,184.94,897.87,,,1954.38,1769.44,1.68,38.00,63.00,1.11,19394012,2026-09-18T05:27:33Z
C,1gb,leaf_freq_K10,async,128,3,0,0.00,100.00,859.73,256.89,183.08,73.81,,,1116.62,933.54,1.68,38.00,63.00,1.11,19393068,2026-09-18T05:27:34Z
C,1gb,leaf_rand_K10,pread,128,3,0,0.00,100.00,1163.13,1021.64,187.04,834.60,,,2184.77,1997.73,1.69,40.00,51.00,1.11,19394212,2026-09-18T05:27:34Z
C,1gb,leaf_rand_K10,async,128,3,0,0.00,100.00,1170.85,259.35,184.50,74.85,,,1430.20,1245.70,1.70,40.00,51.00,1.11,19394508,2026-09-18T05:27:34Z
A,vacuum,baseline,baseline,128,4,0,0.00,0.00,925.54,0.00,0.00,0.00,,,925.54,925.54,2.04,148.00,212.00,1.11,19406632,2026-09-18T05:27:35Z
A,ta,baseline,baseline,128,4,0,0.00,0.00,1062.48,0.00,0.00,0.00,,,1062.48,1062.48,2.17,189.00,259.00,1.11,19406888,2026-09-18T05:27:35Z
A,1gb,baseline,baseline,128,4,0,0.00,0.00,1462.47,0.00,0.00,0.00,,,1462.47,1462.47,2.19,190.00,267.00,1.11,19405812,2026-09-18T05:27:35Z
B,vacuum,baseline,baseline,128,4,0,0.00,0.00,1035.68,0.00,0.00,0.00,,,1035.68,1035.68,2.12,144.00,233.00,1.11,19406580,2026-09-18T05:27:36Z
B,ta,baseline,baseline,128,4,0,0.00,0.00,807.56,0.00,0.00,0.00,,,807.56,807.56,2.19,190.00,268.00,1.11,19407736,2026-09-18T05:27:36Z
B,1gb,baseline,baseline,128,4,0,0.00,0.00,1115.81,0.00,0.00,0.00,,,1115.81,1115.81,2.16,188.00,262.00,1.11,19406860,2026-09-18T05:27:36Z
C,vacuum,baseline,baseline,128,4,0,0.00,0.00,1164.92,0.00,0.00,0.00,,,1164.92,1164.92,1.54,12.00,29.00,1.11,19409416,2026-09-18T05:27:37Z
C,ta,baseline,baseline,128,4,0,0.00,0.00,816.72,0.00,0.00,0.00,,,816.72,816.72,1.61,19.00,30.00,1.11,19410792,2026-09-18T05:27:37Z
C,1gb,baseline,baseline,128,4,0,0.00,0.00,1232.98,0.00,0.00,0.00,,,1232.98,1232.98,1.72,40.00,52.00,1.11,19409940,2026-09-18T05:27:37Z
A,vacuum,layers_5,pread,128,4,0,0.00,100.00,837.01,779.41,195.68,583.73,,,1616.42,1420.74,2.00,149.00,214.00,1.18,19396484,2026-09-18T05:27:37Z
A,vacuum,layers_5,async,128,4,0,0.00,100.00,873.57,264.26,194.98,69.28,,,1137.83,942.85,2.01,150.00,212.00,1.18,19407884,2026-09-18T05:27:38Z
A,vacuum,layers_92,pread,128,4,0,0.00,100.00,411.97,7518.96,194.27,7324.69,,,7930.93,7736.66,1.97,145.00,225.00,1.18,19406980,2026-09-18T05:27:38Z
A,vacuum,layers_92,async,128,4,0,0.00,100.00,409.10,379.88,195.91,183.98,,,788.98,593.08,2.00,146.00,223.00,1.18,19406908,2026-09-18T05:27:38Z
A,vacuum,2d,pread,128,4,0,0.00,100.00,414.05,1379.97,197.95,1182.02,,,1794.02,1596.07,2.09,145.00,225.00,1.18,19409884,2026-09-18T05:27:39Z
A,vacuum,2d,async,128,4,0,0.00,100.00,423.72,275.47,197.03,78.44,,,699.19,502.16,2.04,146.00,223.00,1.18,19410796,2026-09-18T05:27:39Z
A,vacuum,2e_K10,pread,128,4,0,0.00,100.00,414.13,2192.03,196.11,1995.92,,,2606.16,2410.05,2.01,147.00,229.00,1.18,19410052,2026-09-18T05:27:39Z
A,vacuum,2e_K10,async,128,4,0,0.00,100.00,413.84,287.30,197.12,90.18,,,701.14,504.02,2.02,148.00,227.00,1.18,19410572,2026-09-18T05:27:40Z
A,vacuum,2e_K500,pread,128,4,0,0.00,100.00,457.59,15566.20,195.49,15370.71,,,16023.79,15828.30,1.90,126.00,418.00,1.18,19393900,2026-09-18T05:27:40Z
A,vacuum,2e_K500,async,128,4,0,0.00,100.00,402.97,1052.02,199.59,852.42,,,1454.99,1255.39,2.03,145.00,336.00,1.18,19392048,2026-09-18T05:27:40Z
A,vacuum,2f_slru,pread,128,4,0,0.00,100.00,98.08,13475.76,195.03,13280.73,,,13573.84,13378.81,1.54,0.00,214.00,1.18,19392492,2026-09-18T05:27:40Z
A,vacuum,2f_slru,async,128,4,0,0.00,100.00,98.59,5650.30,196.70,5453.60,,,5748.89,5552.19,1.57,0.00,214.00,1.18,19392940,2026-09-18T05:27:41Z
A,vacuum,leaf_freq_K10,pread,128,4,0,0.00,100.00,1003.34,1127.06,197.74,929.32,,,2130.40,1932.66,2.04,149.00,217.00,1.18,19392484,2026-09-18T05:27:41Z
A,vacuum,leaf_freq_K10,async,128,4,0,0.00,100.00,979.11,270.03,195.03,75.00,,,1249.14,1054.11,2.01,149.00,217.00,1.18,19393124,2026-09-18T05:27:41Z
A,vacuum,leaf_rand_K10,pread,128,4,0,0.00,100.00,1003.41,1096.10,197.28,898.82,,,2099.51,1902.23,2.03,148.00,212.00,1.18,19392484,2026-09-18T05:27:42Z
A,vacuum,leaf_rand_K10,async,128,4,0,0.00,100.00,1017.26,278.04,201.27,76.77,,,1295.30,1094.03,2.04,148.00,212.00,1.18,19392116,2026-09-18T05:27:42Z
A,ta,layers_5,pread,128,4,0,0.00,100.00,870.66,449.45,196.91,252.54,,,1320.11,1123.20,2.15,189.00,259.00,1.18,19392800,2026-09-18T05:27:42Z
A,ta,layers_5,async,128,4,0,0.00,100.00,982.28,265.89,196.15,69.74,,,1248.17,1052.02,2.15,189.00,259.00,1.17,19375296,2026-09-18T05:27:43Z
A,ta,layers_92,pread,128,4,0,0.00,100.00,564.09,1017.14,197.70,819.44,,,1581.23,1383.53,2.15,186.00,260.00,1.17,19386384,2026-09-18T05:27:43Z
A,ta,layers_92,async,128,4,0,0.00,4.30,617.96,725.03,519.46,205.58,,,1342.99,823.54,2.14,188.00,259.00,1.17,19387224,2026-09-18T05:27:43Z
A,ta,2d,pread,128,4,0,0.00,100.00,568.77,952.06,192.05,760.01,,,1520.83,1328.78,2.09,187.00,260.00,1.17,19387420,2026-09-18T05:27:44Z
A,ta,2d,async,128,4,0,0.00,100.00,558.31,315.94,195.53,120.42,,,874.25,678.73,2.15,188.00,259.00,1.17,19387928,2026-09-18T05:27:44Z
A,ta,2e_K10,pread,128,4,0,0.00,100.00,568.70,2060.65,198.32,1862.33,,,2629.35,2431.03,2.19,188.00,269.00,1.17,19388224,2026-09-18T05:27:44Z
A,ta,2e_K10,async,128,4,0,0.00,100.00,590.26,326.41,195.79,130.62,,,916.67,720.88,2.16,189.00,268.00,1.17,19388520,2026-09-18T05:27:45Z
A,ta,2e_K500,pread,128,4,0,0.00,100.00,575.81,17289.63,189.10,17100.52,,,17865.44,17676.33,1.77,72.00,325.00,1.17,19389184,2026-09-18T05:27:45Z
A,ta,2e_K500,async,128,4,0,0.00,25.20,592.88,897.65,185.34,712.31,,,1490.53,1305.19,2.13,192.00,386.00,1.17,19389620,2026-09-18T05:27:45Z
A,ta,2f_slru,pread,128,4,0,0.00,100.00,96.22,17353.94,187.20,17166.74,,,17450.16,17262.96,1.54,0.00,279.00,1.17,19390576,2026-09-18T05:27:45Z
A,ta,2f_slru,async,128,4,0,0.00,100.00,96.50,7332.08,188.93,7143.15,,,7428.58,7239.65,1.57,0.00,279.00,1.17,19387860,2026-09-18T05:27:46Z
A,ta,leaf_freq_K10,pread,128,4,0,0.00,100.00,995.86,1086.15,188.35,897.80,,,2082.01,1893.66,2.15,190.00,268.00,1.17,19390836,2026-09-18T05:27:46Z
A,ta,leaf_freq_K10,async,128,4,0,0.00,100.00,1012.42,259.54,184.70,74.84,,,1271.96,1087.26,2.09,190.00,268.00,1.17,19391900,2026-09-18T05:27:46Z
A,ta,leaf_rand_K10,pread,128,4,0,0.00,100.00,1135.83,1118.61,185.74,932.87,,,2254.44,2068.70,2.18,189.00,259.00,1.17,19392260,2026-09-18T05:27:47Z
A,ta,leaf_rand_K10,async,128,4,0,0.00,100.00,1047.15,260.48,186.32,74.16,,,1307.63,1121.31,2.13,189.00,259.00,1.17,19392140,2026-09-18T05:27:47Z
A,1gb,layers_5,pread,128,4,0,0.00,100.00,1422.84,1189.81,223.59,966.22,,,2612.65,2389.06,2.16,189.00,269.00,1.17,19392784,2026-09-18T05:27:47Z
A,1gb,layers_5,async,128,4,0,0.00,100.00,1397.52,254.44,185.51,68.93,,,1651.96,1466.45,2.18,190.00,268.00,1.16,19396632,2026-09-18T05:27:48Z
A,1gb,layers_92,pread,128,4,0,0.00,100.00,919.67,7899.34,184.78,7714.56,,,8819.01,8634.23,2.18,189.00,274.00,1.16,19393924,2026-09-18T05:27:48Z
A,1gb,layers_92,async,128,4,0,0.00,100.00,980.78,386.36,196.09,190.27,,,1367.14,1171.05,2.36,190.00,272.00,1.16,19393160,2026-09-18T05:27:48Z
A,1gb,2d,pread,128,4,0,0.00,100.00,579.31,2002.71,187.64,1815.07,,,2582.02,2394.38,2.18,188.00,275.00,1.16,19394172,2026-09-18T05:27:49Z
A,1gb,2d,async,128,4,0,0.00,100.00,602.85,828.77,463.47,365.30,,,1431.62,968.15,2.16,189.00,273.00,1.16,19394432,2026-09-18T05:27:49Z
A,1gb,2e_K10,pread,128,4,0,0.00,100.00,638.76,3011.36,185.38,2825.98,,,3650.12,3464.74,2.18,189.00,288.00,1.16,19395296,2026-09-18T05:27:49Z
A,1gb,2e_K10,async,128,4,0,0.00,100.00,606.26,292.04,186.96,105.08,,,898.30,711.34,2.17,190.00,286.00,1.16,19395004,2026-09-18T05:27:50Z
A,1gb,2e_K500,pread,128,4,0,0.00,100.00,181.68,30054.52,194.78,29859.74,,,30236.20,30041.42,1.71,53.00,325.00,1.16,19395708,2026-09-18T05:27:50Z
A,1gb,2e_K500,async,128,4,0,0.00,100.00,711.11,1066.68,184.27,882.42,,,1777.79,1593.53,2.15,194.00,399.00,1.16,19395784,2026-09-18T05:27:50Z
A,1gb,2f_slru,pread,128,4,0,0.00,100.00,101.03,18889.56,187.79,18701.76,,,18990.59,18802.79,1.57,0.00,280.00,1.16,19397020,2026-09-18T05:27:51Z
A,1gb,2f_slru,async,128,4,0,0.00,100.00,129.62,13005.90,195.21,12810.70,,,13135.52,12940.32,1.59,0.00,280.00,1.16,19396516,2026-09-18T05:27:51Z
A,1gb,leaf_freq_K10,pread,128,4,0,0.00,100.00,1496.26,1084.27,187.13,897.14,,,2580.53,2393.40,2.19,189.00,280.00,1.16,19396056,2026-09-18T05:27:51Z
A,1gb,leaf_freq_K10,async,128,4,0,0.00,100.00,1510.52,260.18,183.57,76.61,,,1770.70,1587.13,2.19,189.00,280.00,1.16,19396764,2026-09-18T05:27:52Z
A,1gb,leaf_rand_K10,pread,128,4,0,0.00,100.00,1447.24,1084.07,185.78,898.29,,,2531.31,2345.53,2.18,190.00,266.00,1.16,19397208,2026-09-18T05:27:52Z
A,1gb,leaf_rand_K10,async,128,4,0,0.00,100.00,1390.17,262.42,186.44,75.98,,,1652.59,1466.15,2.15,190.00,266.00,1.16,19397592,2026-09-18T05:27:52Z
B,vacuum,layers_5,pread,128,4,0,0.00,100.00,940.19,775.80,187.88,587.92,,,1715.99,1528.11,2.05,144.00,235.00,1.14,19398564,2026-09-18T05:27:53Z
B,vacuum,layers_5,async,128,4,0,0.00,100.00,902.31,256.04,185.92,70.12,,,1158.35,972.43,2.08,144.00,233.00,1.14,19398736,2026-09-18T05:27:53Z
B,vacuum,layers_92,pread,128,4,0,0.00,100.00,554.41,7516.81,186.68,7330.13,,,8071.22,7884.54,2.06,143.00,234.00,1.14,19383396,2026-09-18T05:27:53Z
B,vacuum,layers_92,async,128,4,0,0.00,100.00,559.14,383.18,201.03,182.15,,,942.32,741.29,2.13,143.00,232.00,1.14,19385296,2026-09-18T05:27:54Z
B,vacuum,2d,pread,128,4,0,0.00,100.00,581.73,1372.80,187.80,1185.00,,,1954.53,1766.73,2.06,143.00,234.00,1.14,19385876,2026-09-18T05:27:54Z
B,vacuum,2d,async,128,4,0,0.00,100.00,517.43,267.26,188.99,78.28,,,784.69,595.71,2.05,143.00,232.00,1.14,19386892,2026-09-18T05:27:54Z
B,vacuum,2e_K10,pread,128,4,0,0.00,100.00,519.67,2339.57,187.28,2152.29,,,2859.24,2671.96,2.09,144.00,236.00,1.14,19388252,2026-09-18T05:27:55Z
B,vacuum,2e_K10,async,128,4,0,0.00,100.00,517.56,273.51,184.74,88.78,,,791.07,606.34,2.05,144.00,235.00,1.14,19389144,2026-09-18T05:27:55Z
B,vacuum,2e_K500,pread,128,4,0,0.00,100.00,183.16,13511.33,187.76,13323.57,,,13694.49,13506.73,1.60,4.00,229.00,1.14,19404620,2026-09-18T05:27:55Z
B,vacuum,2e_K500,async,128,4,0,0.00,100.00,181.84,1008.59,186.36,822.23,,,1190.43,1004.07,2.01,142.00,285.00,1.14,19408576,2026-09-18T05:27:55Z
B,vacuum,2f_slru,pread,128,4,0,0.00,100.00,96.64,13956.63,186.00,13770.63,,,14053.27,13867.27,1.58,0.00,214.00,1.14,19409988,2026-09-18T05:27:56Z
B,vacuum,2f_slru,async,128,4,0,0.00,100.00,101.13,5740.96,188.01,5552.95,,,5842.09,5654.08,1.62,0.00,214.00,1.14,19414172,2026-09-18T05:27:56Z
B,vacuum,leaf_freq_K10,pread,128,4,0,0.00,100.00,960.92,1082.81,187.20,895.60,,,2043.73,1856.52,2.05,145.00,233.00,1.14,19414420,2026-09-18T05:27:56Z
B,vacuum,leaf_freq_K10,async,128,4,0,0.00,100.00,1036.03,289.99,214.28,75.70,,,1326.02,1111.73,2.11,145.00,233.00,1.14,19415644,2026-09-18T05:27:57Z
B,vacuum,leaf_rand_K10,pread,128,4,0,0.00,100.00,928.46,1048.13,187.27,860.86,,,1976.59,1789.32,2.05,144.00,233.00,1.14,19415280,2026-09-18T05:27:57Z
B,vacuum,leaf_rand_K10,async,128,4,0,0.00,100.00,1006.52,263.38,188.30,75.08,,,1269.90,1081.60,2.06,144.00,233.00,1.14,19415620,2026-09-18T05:27:57Z
B,ta,layers_5,pread,128,4,0,0.00,100.00,516.24,436.41,188.15,248.26,,,952.65,764.50,2.20,190.00,269.00,1.21,19416456,2026-09-18T05:27:58Z
B,ta,layers_5,async,128,4,0,0.00,100.00,921.07,253.74,186.23,67.51,,,1174.81,988.58,2.21,190.00,267.00,1.21,19416708,2026-09-18T05:27:58Z
B,ta,layers_92,pread,128,4,0,0.00,100.00,575.22,1032.91,185.02,847.89,,,1608.13,1423.11,2.16,187.00,268.00,1.21,19417540,2026-09-18T05:27:58Z
B,ta,layers_92,async,128,4,0,0.00,46.70,557.81,356.86,187.78,169.08,,,914.67,726.89,2.21,189.00,267.00,1.21,19409716,2026-09-18T05:27:59Z
B,ta,2d,pread,128,4,0,0.00,100.00,539.41,1040.82,183.90,856.92,,,1580.23,1396.33,2.22,188.00,267.00,1.21,19415220,2026-09-18T05:27:59Z
B,ta,2d,async,128,4,0,0.00,66.00,545.08,298.61,179.66,118.95,,,843.69,664.03,2.21,189.00,267.00,1.21,19418492,2026-09-18T05:27:59Z
B,ta,2e_K10,pread,128,4,0,0.00,100.00,476.40,2150.54,187.51,1963.03,,,2626.94,2439.43,2.22,189.00,268.00,1.21,19419112,2026-09-18T05:27:59Z
B,ta,2e_K10,async,128,4,0,0.00,96.50,482.25,319.97,190.21,129.76,,,802.22,612.01,2.22,190.00,268.00,1.21,19419580,2026-09-18T05:28:00Z
B,ta,2e_K500,pread,128,4,0,0.00,100.00,182.97,36017.25,192.78,35824.46,,,36200.22,36007.43,1.94,91.00,326.00,1.21,19420372,2026-09-18T05:28:00Z
B,ta,2e_K500,async,128,4,0,0.00,43.70,183.83,980.51,187.66,792.85,,,1164.34,976.68,2.18,183.00,317.00,1.21,19406860,2026-09-18T05:28:00Z
B,ta,2f_slru,pread,128,4,0,0.00,100.00,97.53,17443.05,187.00,17256.04,,,17540.58,17353.57,1.60,0.00,279.00,1.21,19409120,2026-09-18T05:28:01Z
B,ta,2f_slru,async,128,4,0,0.00,100.00,97.83,7352.33,188.19,7164.14,,,7450.16,7261.97,1.63,0.00,279.00,1.21,19407136,2026-09-18T05:28:01Z
B,ta,leaf_freq_K10,pread,128,4,0,0.00,100.00,718.70,1115.28,185.27,930.01,,,1833.98,1648.71,2.20,191.00,269.00,1.21,19409992,2026-09-18T05:28:01Z
B,ta,leaf_freq_K10,async,128,4,0,0.00,100.00,686.29,864.75,790.37,74.39,,,1551.04,760.68,2.22,191.00,269.00,1.21,19410292,2026-09-18T05:28:02Z
B,ta,leaf_rand_K10,pread,128,4,0,0.00,100.00,652.56,1082.97,185.89,897.08,,,1735.53,1549.64,2.20,190.00,268.00,1.21,19410332,2026-09-18T05:28:02Z
B,ta,leaf_rand_K10,async,128,4,0,0.00,100.00,674.60,260.70,185.68,75.02,,,935.30,749.62,2.18,190.00,268.00,1.19,19410188,2026-09-18T05:28:02Z
B,1gb,layers_5,pread,128,4,0,0.00,100.00,1229.42,887.68,217.70,669.98,,,2117.10,1899.40,2.25,187.00,261.00,1.19,19407436,2026-09-18T05:28:03Z
B,1gb,layers_5,async,128,4,0,0.00,100.00,1183.38,254.00,184.15,69.85,,,1437.38,1253.23,2.23,188.00,261.00,1.19,19408428,2026-09-18T05:28:03Z
B,1gb,layers_92,pread,128,4,0,0.00,100.00,896.58,8083.85,187.85,7895.99,,,8980.43,8792.57,2.21,187.00,267.00,1.19,19408472,2026-09-18T05:28:03Z
B,1gb,layers_92,async,128,4,0,0.00,100.00,863.97,393.85,208.09,185.76,,,1257.82,1049.73,2.25,188.00,266.00,1.19,19388324,2026-09-18T05:28:04Z
B,1gb,2d,pread,128,4,0,0.00,100.00,552.75,2028.19,185.44,1842.76,,,2580.94,2395.51,2.22,186.00,268.00,1.19,19387824,2026-09-18T05:28:04Z
B,1gb,2d,async,128,4,0,0.00,100.00,522.98,275.86,187.46,88.40,,,798.84,611.38,2.21,187.00,267.00,1.19,19389520,2026-09-18T05:28:04Z
B,1gb,2e_K10,pread,128,4,0,0.00,100.00,1141.13,2945.75,187.07,2758.68,,,4086.88,3899.81,2.19,187.00,268.00,1.19,19389544,2026-09-18T05:28:05Z
B,1gb,2e_K10,async,128,4,0,0.00,100.00,552.06,289.73,188.66,101.07,,,841.79,653.13,2.23,188.00,268.00,1.19,19389700,2026-09-18T05:28:05Z
B,1gb,2e_K500,pread,128,4,0,0.00,100.00,184.35,19596.48,187.96,19408.52,,,19780.83,19592.87,1.79,56.00,313.00,1.19,19390232,2026-09-18T05:28:05Z
B,1gb,2e_K500,async,128,4,0,0.00,100.00,185.84,1033.18,179.41,853.77,,,1219.02,1039.61,2.28,186.00,320.00,1.19,19391712,2026-09-18T05:28:06Z
B,1gb,2f_slru,pread,128,4,0,0.00,100.00,107.66,19190.36,189.45,19000.91,,,19298.02,19108.57,1.63,0.00,280.00,1.19,19391832,2026-09-18T05:28:06Z
B,1gb,2f_slru,async,128,4,0,0.00,100.00,100.83,7466.07,184.02,7282.05,,,7566.90,7382.88,1.62,0.00,280.00,1.19,19390000,2026-09-18T05:28:06Z
B,1gb,leaf_freq_K10,pread,128,4,0,0.00,100.00,1294.28,1106.65,181.55,925.10,,,2400.93,2219.38,2.22,188.00,262.00,1.19,19393388,2026-09-18T05:28:07Z
B,1gb,leaf_freq_K10,async,128,4,0,0.00,100.00,1216.12,261.37,186.56,74.81,,,1477.49,1290.93,2.20,188.00,262.00,1.19,19393592,2026-09-18T05:28:07Z
B,1gb,leaf_rand_K10,pread,128,4,0,0.00,100.00,1154.65,1050.42,183.13,867.29,,,2205.07,2021.94,2.17,188.00,261.00,1.18,19395316,2026-09-18T05:28:07Z
B,1gb,leaf_rand_K10,async,128,4,0,0.00,100.00,1309.17,259.77,183.90,75.87,,,1568.94,1385.04,2.25,188.00,261.00,1.18,19395320,2026-09-18T05:28:08Z
C,vacuum,layers_5,pread,128,4,0,0.00,100.00,1057.64,768.51,183.00,585.51,,,1826.15,1643.15,1.52,12.00,29.00,1.18,19396536,2026-09-18T05:28:08Z
C,vacuum,layers_5,async,128,4,0,0.00,100.00,1051.48,250.57,181.63,68.94,,,1302.05,1120.42,1.52,12.00,29.00,1.18,19396892,2026-09-18T05:28:08Z
C,vacuum,layers_92,pread,128,4,0,0.00,100.00,662.28,7658.28,180.24,7478.04,,,8320.56,8140.32,1.52,12.00,31.00,1.18,19396324,2026-09-18T05:28:09Z
C,vacuum,layers_92,async,128,4,0,0.00,100.00,603.02,374.09,184.62,189.48,,,977.11,792.50,1.53,12.00,31.00,1.18,19397764,2026-09-18T05:28:09Z
C,vacuum,2d,pread,128,4,0,0.00,100.00,659.01,600.76,185.16,415.60,,,1259.77,1074.61,1.55,12.00,31.00,1.18,19396112,2026-09-18T05:28:09Z
C,vacuum,2d,async,128,4,0,0.00,100.00,598.61,245.48,176.96,68.52,,,844.09,667.13,1.52,12.00,31.00,1.18,19383128,2026-09-18T05:28:09Z
C,vacuum,2e_K10,pread,128,4,0,0.00,100.00,178.46,1486.43,184.53,1301.91,,,1664.89,1480.37,1.52,12.00,35.00,1.18,19382520,2026-09-18T05:28:10Z
C,vacuum,2e_K10,async,128,4,0,0.00,92.90,176.98,268.61,188.63,79.97,,,445.59,256.95,1.52,12.00,33.00,1.18,19383680,2026-09-18T05:28:10Z
C,vacuum,2e_K500,pread,128,4,0,0.00,100.00,178.95,2386.85,184.63,2202.22,,,2565.80,2381.17,1.50,0.00,30.00,1.18,19384028,2026-09-18T05:28:10Z
C,vacuum,2e_K500,async,128,4,0,0.00,60.40,179.09,650.78,182.50,468.28,,,829.87,647.37,1.52,0.00,30.00,1.18,19383828,2026-09-18T05:28:10Z
C,vacuum,2f_slru,pread,128,4,0,0.00,100.00,90.55,3061.53,182.08,2879.44,,,3152.08,2969.99,1.47,0.00,30.00,1.18,19384224,2026-09-18T05:28:11Z
C,vacuum,2f_slru,async,128,4,0,0.00,100.00,91.95,773.04,181.95,591.09,,,864.99,683.04,1.49,0.00,30.00,1.18,19384508,2026-09-18T05:28:11Z
C,vacuum,leaf_freq_K10,pread,128,4,0,0.00,100.00,722.87,763.12,183.76,579.37,,,1485.99,1302.24,1.53,12.00,33.00,1.18,19384220,2026-09-18T05:28:11Z
C,vacuum,leaf_freq_K10,async,128,4,0,0.00,100.00,792.07,258.31,183.22,75.09,,,1050.38,867.16,1.53,12.00,31.00,1.18,19384888,2026-09-18T05:28:11Z
C,vacuum,leaf_rand_K10,pread,128,4,0,0.00,100.00,1068.41,1017.85,182.23,835.62,,,2086.26,1904.03,1.52,12.00,29.00,1.18,19387004,2026-09-18T05:28:12Z
C,vacuum,leaf_rand_K10,async,128,4,0,0.00,100.00,1088.77,257.03,182.21,74.82,,,1345.80,1163.59,1.51,12.00,29.00,1.18,19387976,2026-09-18T05:28:12Z
C,ta,layers_5,pread,128,4,0,0.00,100.00,767.60,430.73,182.35,248.38,,,1198.33,1015.98,1.60,19.00,30.00,1.18,19387100,2026-09-18T05:28:12Z
C,ta,layers_5,async,128,4,0,0.00,100.00,794.66,250.51,182.01,68.50,,,1045.17,863.16,1.60,19.00,30.00,1.16,19387356,2026-09-18T05:28:12Z
C,ta,layers_92,pread,128,4,0,0.00,100.00,453.55,1031.15,182.04,849.11,,,1484.70,1302.66,1.59,18.00,31.00,1.16,19387444,2026-09-18T05:28:13Z
C,ta,layers_92,async,128,4,0,0.00,32.60,379.03,352.98,186.58,166.40,,,732.01,545.43,1.62,18.00,31.00,1.16,19388376,2026-09-18T05:28:13Z
C,ta,2d,pread,128,4,0,0.00,100.00,419.68,1035.85,181.41,854.44,,,1455.53,1274.12,1.61,18.00,31.00,1.16,19389532,2026-09-18T05:28:13Z
C,ta,2d,async,128,4,0,0.00,64.60,447.22,298.34,181.83,116.51,,,745.56,563.73,1.59,18.00,31.00,1.16,19391192,2026-09-18T05:28:13Z
C,ta,2e_K10,pread,128,4,0,0.00,100.00,176.29,1704.73,177.76,1526.97,,,1881.02,1703.26,1.59,17.00,33.00,1.16,19391028,2026-09-18T05:28:14Z
C,ta,2e_K10,async,128,4,0,0.00,70.70,176.58,310.96,183.20,127.76,,,487.54,304.34,1.59,17.00,32.00,1.16,19392024,2026-09-18T05:28:14Z
C,ta,2e_K500,pread,128,4,0,0.00,100.00,177.11,3352.72,179.90,3172.82,,,3529.83,3349.93,1.54,0.00,38.00,1.16,19391784,2026-09-18T05:28:14Z
C,ta,2e_K500,async,128,4,0,0.00,100.00,179.38,778.94,181.97,596.97,,,958.32,776.35,1.54,0.00,38.00,1.16,19381760,2026-09-18T05:28:14Z
C,ta,2f_slru,pread,128,4,0,0.00,100.00,90.91,3544.78,182.41,3362.37,,,3635.69,3453.28,1.53,0.00,38.00,1.16,19382024,2026-09-18T05:28:15Z
C,ta,2f_slru,async,128,4,0,0.00,100.00,90.68,1025.09,178.38,846.71,,,1115.77,937.39,1.54,0.00,38.00,1.16,19382860,2026-09-18T05:28:15Z
C,ta,leaf_freq_K10,pread,128,4,0,0.00,100.00,940.40,847.01,177.26,669.75,,,1787.41,1610.15,1.61,18.00,32.00,1.16,19385392,2026-09-18T05:28:15Z
C,ta,leaf_freq_K10,async,128,4,0,0.00,100.00,889.77,420.31,343.41,76.91,,,1310.08,966.68,1.60,18.00,31.00,1.16,19400724,2026-09-18T05:28:16Z
C,ta,leaf_rand_K10,pread,128,4,0,0.00,100.00,800.80,1053.95,183.44,870.51,,,1854.75,1671.31,1.61,19.00,30.00,1.16,19405396,2026-09-18T05:28:16Z
C,ta,leaf_rand_K10,async,128,4,0,0.00,100.00,796.00,258.41,182.35,76.05,,,1054.41,872.05,1.59,19.00,30.00,1.16,19405728,2026-09-18T05:28:16Z
C,1gb,layers_5,pread,128,4,0,0.00,100.00,1099.94,629.08,181.03,448.05,,,1729.02,1547.99,1.68,40.00,51.00,1.16,19410012,2026-09-18T05:28:16Z
C,1gb,layers_5,async,128,4,0,0.00,100.00,1108.32,248.21,180.46,67.75,,,1356.53,1176.07,1.68,40.00,51.00,1.16,19410968,2026-09-18T05:28:17Z
C,1gb,layers_92,pread,128,4,0,0.00,100.00,1198.42,8050.53,181.59,7868.93,,,9248.95,9067.35,1.71,38.00,54.00,1.16,19410932,2026-09-18T05:28:17Z
C,1gb,layers_92,async,128,4,0,0.00,100.00,1110.00,380.99,182.88,198.10,,,1490.99,1308.10,1.67,38.00,54.00,1.16,19411932,2026-09-18T05:28:17Z
C,1gb,2d,pread,128,4,0,0.00,100.00,515.91,805.41,180.59,624.83,,,1321.32,1140.74,1.68,37.00,59.00,1.15,19412576,2026-09-18T05:28:18Z
C,1gb,2d,async,128,4,0,0.00,100.00,479.32,252.68,180.31,72.37,,,732.00,551.69,1.66,37.00,59.00,1.15,19413120,2026-09-18T05:28:18Z
C,1gb,2e_K10,pread,128,4,0,0.00,100.00,153.13,1633.95,187.43,1446.52,,,1787.08,1599.65,1.68,36.00,66.00,1.15,19413176,2026-09-18T05:28:18Z
C,1gb,2e_K10,async,128,4,0,0.00,100.00,178.19,268.14,183.11,85.03,,,446.33,263.22,1.67,36.00,66.00,1.15,19415684,2026-09-18T05:28:18Z
C,1gb,2e_K500,pread,128,4,0,0.00,100.00,181.83,4688.53,181.86,4506.67,,,4870.36,4688.50,1.58,1.00,67.00,1.15,19416128,2026-09-18T05:28:19Z
C,1gb,2e_K500,async,128,4,0,0.00,100.00,782.13,866.05,180.36,685.69,,,1648.18,1467.82,1.68,37.00,107.00,1.15,19416376,2026-09-18T05:28:19Z
C,1gb,2f_slru,pread,128,4,0,0.00,100.00,96.86,5591.84,186.51,5405.33,,,5688.70,5502.19,1.54,0.00,64.00,1.15,19416760,2026-09-18T05:28:19Z
C,1gb,2f_slru,async,128,4,0,0.00,100.00,95.29,1877.44,191.88,1685.56,,,1972.73,1780.85,1.58,0.00,64.00,1.15,19418740,2026-09-18T05:28:20Z
C,1gb,leaf_freq_K10,pread,128,4,0,0.00,100.00,865.56,1106.61,181.65,924.96,,,1972.17,1790.52,1.68,38.00,63.00,1.15,19421528,2026-09-18T05:28:20Z
C,1gb,leaf_freq_K10,async,128,4,0,0.00,100.00,966.59,256.73,182.80,73.93,,,1223.32,1040.52,1.69,38.00,63.00,1.15,19423288,2026-09-18T05:28:20Z
C,1gb,leaf_rand_K10,pread,128,4,0,0.00,100.00,1213.25,1044.74,181.96,862.78,,,2257.99,2076.03,1.69,40.00,51.00,1.15,19403828,2026-09-18T05:28:20Z
C,1gb,leaf_rand_K10,async,128,4,0,0.00,100.00,1223.12,255.06,180.44,74.62,,,1478.18,1297.74,1.69,40.00,51.00,1.15,19404524,2026-09-18T05:28:21Z
A,vacuum,baseline,baseline,128,5,0,0.00,0.00,936.61,0.00,0.00,0.00,,,936.61,936.61,2.03,148.00,212.00,1.15,19405604,2026-09-18T05:28:21Z
A,ta,baseline,baseline,128,5,0,0.00,0.00,1028.50,0.00,0.00,0.00,,,1028.50,1028.50,2.12,189.00,259.00,1.15,19406116,2026-09-18T05:28:21Z
A,1gb,baseline,baseline,128,5,0,0.00,0.00,1359.47,0.00,0.00,0.00,,,1359.47,1359.47,2.17,190.00,267.00,1.15,19406716,2026-09-18T05:28:22Z
B,vacuum,baseline,baseline,128,5,0,0.00,0.00,1075.42,0.00,0.00,0.00,,,1075.42,1075.42,2.10,144.00,233.00,1.15,19408972,2026-09-18T05:28:22Z
B,ta,baseline,baseline,128,5,0,0.00,0.00,734.18,0.00,0.00,0.00,,,734.18,734.18,2.19,190.00,268.00,1.15,19409156,2026-09-18T05:28:22Z
B,1gb,baseline,baseline,128,5,0,0.00,0.00,1156.32,0.00,0.00,0.00,,,1156.32,1156.32,2.23,188.00,262.00,1.22,19407940,2026-09-18T05:28:23Z
C,vacuum,baseline,baseline,128,5,0,0.00,0.00,1063.53,0.00,0.00,0.00,,,1063.53,1063.53,1.52,12.00,29.00,1.22,19409476,2026-09-18T05:28:23Z
C,ta,baseline,baseline,128,5,0,0.00,0.00,822.56,0.00,0.00,0.00,,,822.56,822.56,1.61,19.00,30.00,1.22,19410096,2026-09-18T05:28:23Z
C,1gb,baseline,baseline,128,5,0,0.00,0.00,1181.73,0.00,0.00,0.00,,,1181.73,1181.73,1.68,40.00,52.00,1.22,19408532,2026-09-18T05:28:23Z
A,vacuum,layers_5,pread,128,5,0,0.00,100.00,837.09,780.29,195.76,584.53,,,1617.38,1421.62,2.03,149.00,214.00,1.22,19410512,2026-09-18T05:28:24Z
A,vacuum,layers_5,async,128,5,0,0.00,100.00,865.44,262.99,194.12,68.88,,,1128.43,934.32,2.00,150.00,212.00,1.22,19410968,2026-09-18T05:28:24Z
A,vacuum,layers_92,pread,128,5,0,0.00,100.00,411.72,7584.64,193.25,7391.39,,,7996.36,7803.11,2.00,145.00,225.00,1.22,19411140,2026-09-18T05:28:24Z
A,vacuum,layers_92,async,128,5,0,0.00,100.00,410.86,383.64,193.79,189.85,,,794.50,600.71,2.01,146.00,223.00,1.22,19411252,2026-09-18T05:28:25Z
A,vacuum,2d,pread,128,5,0,0.00,100.00,451.76,1387.36,198.72,1188.63,,,1839.12,1640.39,2.13,145.00,225.00,1.22,19412148,2026-09-18T05:28:25Z
A,vacuum,2d,async,128,5,0,0.00,100.00,413.55,273.25,195.07,78.19,,,686.80,491.74,1.98,146.00,223.00,1.22,19412168,2026-09-18T05:28:25Z
A,vacuum,2e_K10,pread,128,5,0,0.00,100.00,400.49,2156.40,192.26,1964.14,,,2556.89,2364.63,2.00,147.00,229.00,1.22,19394836,2026-09-18T05:28:26Z
A,vacuum,2e_K10,async,128,5,0,0.00,100.00,415.26,286.77,195.09,91.68,,,702.03,506.94,2.00,148.00,227.00,1.22,19405820,2026-09-18T05:28:26Z
A,vacuum,2e_K500,pread,128,5,0,0.00,100.00,461.05,16120.79,194.22,15926.57,,,16581.84,16387.62,1.89,126.00,419.00,1.22,19407240,2026-09-18T05:28:26Z
A,vacuum,2e_K500,async,128,5,0,0.00,15.60,2603.68,885.14,197.08,688.06,,,3488.82,3291.74,2.03,145.00,335.00,1.22,19407260,2026-09-18T05:28:27Z
A,vacuum,2f_slru,pread,128,5,0,0.00,100.00,95.44,14119.80,196.59,13923.21,,,14215.24,14018.65,1.54,0.00,214.00,1.22,19408636,2026-09-18T05:28:27Z
A,vacuum,2f_slru,async,128,5,0,0.00,100.00,95.39,5641.34,193.74,5447.60,,,5736.73,5542.99,1.62,0.00,214.00,1.22,19408212,2026-09-18T05:28:27Z
A,vacuum,leaf_freq_K10,pread,128,5,0,0.00,100.00,995.93,1126.31,196.39,929.92,,,2122.24,1925.85,2.01,149.00,217.00,1.28,19408952,2026-09-18T05:28:27Z
A,vacuum,leaf_freq_K10,async,128,5,0,0.00,100.00,956.21,269.37,194.42,74.95,,,1225.58,1031.16,2.02,149.00,217.00,1.28,19409344,2026-09-18T05:28:28Z
A,vacuum,leaf_rand_K10,pread,128,5,0,0.00,100.00,1025.84,1124.95,196.09,928.87,,,2150.79,1954.71,2.03,148.00,212.00,1.28,19409788,2026-09-18T05:28:28Z
A,vacuum,leaf_rand_K10,async,128,5,0,0.00,100.00,998.48,270.66,188.59,82.07,,,1269.14,1080.55,2.00,148.00,212.00,1.28,19409528,2026-09-18T05:28:28Z
A,ta,layers_5,pread,128,5,0,0.00,100.00,936.24,696.41,439.65,256.76,,,1632.65,1193.00,2.16,189.00,259.00,1.28,19410524,2026-09-18T05:28:29Z
A,ta,layers_5,async,128,5,0,0.00,100.00,972.59,263.79,195.69,68.10,,,1236.38,1040.69,2.14,189.00,259.00,1.28,19410124,2026-09-18T05:28:29Z
A,ta,layers_92,pread,128,5,0,0.00,100.00,602.11,958.88,196.39,762.49,,,1560.99,1364.60,2.13,186.00,260.00,1.28,19410948,2026-09-18T05:28:29Z
A,ta,layers_92,async,128,5,0,0.00,100.00,595.37,361.11,188.81,172.30,,,956.48,767.67,2.19,188.00,259.00,1.28,19411964,2026-09-18T05:28:30Z
A,ta,2d,pread,128,5,0,0.00,100.00,568.27,1018.66,195.12,823.54,,,1586.93,1391.81,2.18,187.00,260.00,1.28,19412072,2026-09-18T05:28:30Z
A,ta,2d,async,128,5,0,0.00,66.00,560.43,319.96,195.37,124.59,,,880.39,685.02,2.15,188.00,259.00,1.28,19411992,2026-09-18T05:28:30Z
A,ta,2e_K10,pread,128,5,0,0.00,100.00,529.82,2119.28,194.28,1925.00,,,2649.10,2454.82,2.18,188.00,269.00,1.28,19412220,2026-09-18T05:28:31Z
A,ta,2e_K10,async,128,5,0,0.00,100.00,629.94,325.52,196.42,129.10,,,955.46,759.04,2.18,189.00,268.00,1.28,19388724,2026-09-18T05:28:31Z
A,ta,2e_K500,pread,128,5,0,0.00,100.00,586.69,17377.46,185.72,17191.74,,,17964.15,17778.43,1.77,72.00,326.00,1.28,19394620,2026-09-18T05:28:31Z
A,ta,2e_K500,async,128,5,0,0.00,40.00,648.53,929.97,186.24,743.73,,,1578.50,1392.26,2.12,192.00,383.00,1.28,19394324,2026-09-18T05:28:32Z
A,ta,2f_slru,pread,128,5,0,0.00,100.00,97.25,18646.48,184.34,18462.14,,,18743.73,18559.39,1.58,0.00,279.00,1.28,19395596,2026-09-18T05:28:32Z
A,ta,2f_slru,async,128,5,0,0.00,100.00,96.34,7295.27,187.73,7107.53,,,7391.61,7203.87,1.58,0.00,279.00,1.28,19395284,2026-09-18T05:28:32Z
A,ta,leaf_freq_K10,pread,128,5,0,0.00,100.00,983.56,1107.34,184.84,922.50,,,2090.90,1906.06,2.11,190.00,268.00,1.26,19396444,2026-09-18T05:28:32Z
A,ta,leaf_freq_K10,async,128,5,0,0.00,100.00,950.59,260.80,186.18,74.62,,,1211.39,1025.21,2.14,190.00,268.00,1.26,19397280,2026-09-18T05:28:33Z
A,ta,leaf_rand_K10,pread,128,5,0,0.00,100.00,953.50,1111.02,187.35,923.67,,,2064.52,1877.17,2.15,189.00,259.00,1.26,19395560,2026-09-18T05:28:33Z
A,ta,leaf_rand_K10,async,128,5,0,0.00,100.00,1083.47,262.43,186.88,75.55,,,1345.90,1159.02,2.15,189.00,259.00,1.26,19397076,2026-09-18T05:28:33Z
A,1gb,layers_5,pread,128,5,0,0.00,100.00,1454.59,569.81,78.76,491.05,,,2024.40,1945.64,2.17,189.00,269.00,1.26,19397812,2026-09-18T05:28:34Z
A,1gb,layers_5,async,128,5,0,0.00,100.00,1392.29,253.69,186.19,67.50,,,1645.98,1459.79,2.21,190.00,268.00,1.26,19397724,2026-09-18T05:28:34Z
A,1gb,layers_92,pread,128,5,0,0.00,100.00,911.30,8024.01,187.66,7836.34,,,8935.31,8747.64,2.16,189.00,274.00,1.26,19399408,2026-09-18T05:28:34Z
A,1gb,layers_92,async,128,5,0,0.00,100.00,962.62,408.58,205.34,203.24,,,1371.20,1165.86,2.22,190.00,272.00,1.26,19398516,2026-09-18T05:28:35Z
A,1gb,2d,pread,128,5,0,0.00,100.00,613.61,2109.97,186.33,1923.64,,,2723.58,2537.25,2.17,188.00,275.00,1.26,19398976,2026-09-18T05:28:35Z
A,1gb,2d,async,128,5,0,0.00,100.00,643.93,274.34,185.49,88.85,,,918.27,732.78,2.19,189.00,273.00,1.26,19400024,2026-09-18T05:28:35Z
A,1gb,2e_K10,pread,128,5,0,0.00,100.00,884.32,2999.24,194.83,2804.41,,,3883.56,3688.73,2.25,189.00,288.00,1.26,19414832,2026-09-18T05:28:36Z
A,1gb,2e_K10,async,128,5,0,0.00,100.00,577.81,290.38,185.42,104.96,,,868.19,682.77,2.13,190.00,286.00,1.26,19413852,2026-09-18T05:28:36Z
A,1gb,2e_K500,pread,128,5,0,0.00,100.00,184.95,19121.84,194.19,18927.65,,,19306.79,19112.60,1.73,53.00,324.00,1.26,19407772,2026-09-18T05:28:36Z
A,1gb,2e_K500,async,128,5,0,0.00,100.00,682.60,1057.97,181.21,876.76,,,1740.57,1559.36,2.21,194.00,401.00,1.26,19410188,2026-09-18T05:28:37Z
A,1gb,2f_slru,pread,128,5,0,0.00,100.00,99.62,19598.87,187.91,19410.96,,,19698.49,19510.58,1.56,0.00,280.00,1.26,19411420,2026-09-18T05:28:37Z
A,1gb,2f_slru,async,128,5,0,0.00,100.00,107.16,7425.75,187.48,7238.27,,,7532.91,7345.43,1.61,0.00,280.00,1.26,19409200,2026-09-18T05:28:37Z
A,1gb,leaf_freq_K10,pread,128,5,0,0.00,100.00,1537.18,1111.36,185.49,925.87,,,2648.54,2463.05,2.14,189.00,280.00,1.24,19411740,2026-09-18T05:28:38Z
A,1gb,leaf_freq_K10,async,128,5,0,0.00,100.00,1492.38,278.87,203.89,74.98,,,1771.25,1567.36,2.17,189.00,280.00,1.24,19411712,2026-09-18T05:28:38Z
A,1gb,leaf_rand_K10,pread,128,5,0,0.00,100.00,1427.69,1089.50,194.34,895.15,,,2517.19,2322.84,2.18,190.00,266.00,1.24,19412928,2026-09-18T05:28:38Z
A,1gb,leaf_rand_K10,async,128,5,0,0.00,100.00,1381.79,262.59,187.39,75.20,,,1644.38,1456.99,2.15,190.00,266.00,1.24,19413264,2026-09-18T05:28:39Z
B,vacuum,layers_5,pread,128,5,0,0.00,100.00,910.24,773.44,186.79,586.65,,,1683.68,1496.89,2.07,144.00,235.00,1.24,19413684,2026-09-18T05:28:39Z
B,vacuum,layers_5,async,128,5,0,0.00,80.00,894.03,531.93,461.47,70.46,,,1425.96,964.49,2.07,144.00,233.00,1.24,19417584,2026-09-18T05:28:39Z
B,vacuum,layers_92,pread,128,5,0,0.00,100.00,513.52,7641.62,185.98,7455.64,,,8155.14,7969.16,2.03,143.00,234.00,1.24,19418864,2026-09-18T05:28:40Z
B,vacuum,layers_92,async,128,5,0,0.00,100.00,560.14,379.51,189.73,189.79,,,939.65,749.93,2.05,143.00,232.00,1.24,19418688,2026-09-18T05:28:40Z
B,vacuum,2d,pread,128,5,0,0.00,100.00,464.86,1368.82,186.67,1182.15,,,1833.68,1647.01,2.05,143.00,234.00,1.24,19419688,2026-09-18T05:28:40Z
B,vacuum,2d,async,128,5,0,0.00,100.00,511.53,262.01,185.67,76.34,,,773.54,587.87,2.00,143.00,232.00,1.24,19419824,2026-09-18T05:28:41Z
B,vacuum,2e_K10,pread,128,5,0,0.00,100.00,549.49,2277.67,185.74,2091.93,,,2827.16,2641.42,2.04,144.00,236.00,1.24,19409016,2026-09-18T05:28:41Z
B,vacuum,2e_K10,async,128,5,0,0.00,100.00,522.81,280.99,189.74,91.25,,,803.80,614.06,2.06,144.00,235.00,1.24,19406904,2026-09-18T05:28:41Z
B,vacuum,2e_K500,pread,128,5,0,0.00,100.00,184.06,13652.08,187.08,13465.00,,,13836.14,13649.06,1.62,4.00,229.00,1.24,19407248,2026-09-18T05:28:41Z
B,vacuum,2e_K500,async,128,5,0,0.00,100.00,184.63,1107.21,196.76,910.45,,,1291.84,1095.08,2.03,142.00,286.00,1.24,19407340,2026-09-18T05:28:42Z
B,vacuum,2f_slru,pread,128,5,0,0.00,100.00,96.44,14601.17,187.32,14413.85,,,14697.61,14510.29,1.57,0.00,214.00,1.24,19408000,2026-09-18T05:28:42Z
B,vacuum,2f_slru,async,128,5,0,0.00,100.00,95.91,5673.29,185.28,5488.01,,,5769.20,5583.92,1.62,0.00,214.00,1.24,19401620,2026-09-18T05:28:42Z
B,vacuum,leaf_freq_K10,pread,128,5,0,0.00,100.00,1081.37,1080.00,185.07,894.93,,,2161.37,1976.30,2.06,145.00,233.00,1.30,19398336,2026-09-18T05:28:43Z
B,vacuum,leaf_freq_K10,async,128,5,0,0.00,100.00,966.55,264.28,187.73,76.54,,,1230.83,1043.09,2.04,145.00,233.00,1.30,19398768,2026-09-18T05:28:43Z
B,vacuum,leaf_rand_K10,pread,128,5,0,0.00,100.00,1062.87,1053.22,186.74,866.48,,,2116.09,1929.35,2.06,144.00,233.00,1.30,19401260,2026-09-18T05:28:43Z
B,vacuum,leaf_rand_K10,async,128,5,0,0.00,100.00,1001.11,264.29,188.25,76.03,,,1265.40,1077.14,2.03,144.00,233.00,1.30,19401136,2026-09-18T05:28:44Z
B,ta,layers_5,pread,128,5,0,0.00,100.00,525.88,444.72,185.44,259.28,,,970.60,785.16,2.20,190.00,269.00,1.30,19401548,2026-09-18T05:28:44Z
B,ta,layers_5,async,128,5,0,0.00,100.00,915.48,253.31,185.54,67.77,,,1168.79,983.25,2.15,190.00,267.00,1.30,19403008,2026-09-18T05:28:44Z
B,ta,layers_92,pread,128,5,0,0.00,100.00,578.49,990.07,188.72,801.35,,,1568.56,1379.84,2.19,187.00,268.00,1.30,19404136,2026-09-18T05:28:45Z
B,ta,layers_92,async,128,5,0,0.00,100.00,551.99,358.15,190.01,168.15,,,910.14,720.14,2.18,189.00,267.00,1.30,19403960,2026-09-18T05:28:45Z
B,ta,2d,pread,128,5,0,0.00,100.00,541.30,1004.80,183.96,820.84,,,1546.10,1362.14,2.18,188.00,267.00,1.30,19405720,2026-09-18T05:28:45Z
B,ta,2d,async,128,5,0,0.00,66.00,568.48,307.18,186.99,120.19,,,875.66,688.67,2.21,189.00,267.00,1.30,19405652,2026-09-18T05:28:45Z
B,ta,2e_K10,pread,128,5,0,0.00,100.00,590.37,2335.05,190.57,2144.48,,,2925.42,2734.85,2.25,189.00,268.00,1.30,19405348,2026-09-18T05:28:46Z
B,ta,2e_K10,async,128,5,0,0.00,71.90,503.99,320.41,186.84,133.57,,,824.40,637.56,2.17,190.00,268.00,1.30,19405232,2026-09-18T05:28:46Z
B,ta,2e_K500,pread,128,5,0,0.00,100.00,181.70,16485.72,186.26,16299.45,,,16667.42,16481.15,1.87,91.00,326.00,1.30,19406152,2026-09-18T05:28:46Z
B,ta,2e_K500,async,128,5,0,0.00,36.90,199.37,942.38,188.22,754.16,,,1141.75,953.53,2.19,183.00,316.00,1.30,19408580,2026-09-18T05:28:47Z
B,ta,2f_slru,pread,128,5,0,0.00,100.00,97.86,17317.46,186.01,17131.45,,,17415.32,17229.31,1.59,0.00,279.00,1.30,19409580,2026-09-18T05:28:47Z
B,ta,2f_slru,async,128,5,0,0.00,100.00,95.30,7298.22,187.07,7111.15,,,7393.52,7206.45,1.63,0.00,279.00,1.27,19408728,2026-09-18T05:28:47Z
B,ta,leaf_freq_K10,pread,128,5,0,0.00,100.00,778.64,1118.24,186.92,931.32,,,1896.88,1709.96,2.22,191.00,269.00,1.27,19407140,2026-09-18T05:28:48Z
B,ta,leaf_freq_K10,async,128,5,0,0.00,100.00,676.23,261.46,185.16,76.30,,,937.69,752.53,2.22,191.00,269.00,1.27,19408448,2026-09-18T05:28:48Z
B,ta,leaf_rand_K10,pread,128,5,0,0.00,100.00,695.31,1149.41,204.38,945.03,,,1844.72,1640.34,2.33,190.00,268.00,1.27,19410180,2026-09-18T05:28:48Z
B,ta,leaf_rand_K10,async,128,5,0,0.00,100.00,782.00,262.61,187.88,74.73,,,1044.61,856.73,2.19,190.00,268.00,1.27,19410508,2026-09-18T05:28:49Z
B,1gb,layers_5,pread,128,5,0,0.00,100.00,1119.56,694.04,186.83,507.21,,,1813.60,1626.77,2.17,187.00,261.00,1.27,19410776,2026-09-18T05:28:49Z
B,1gb,layers_5,async,128,5,0,0.00,100.00,1023.44,268.79,194.92,73.87,,,1292.23,1097.31,2.23,188.00,261.00,1.27,19411364,2026-09-18T05:28:49Z
B,1gb,layers_92,pread,128,5,0,0.00,100.00,894.09,8132.68,187.61,7945.07,,,9026.77,8839.16,2.19,187.00,267.00,1.27,19411816,2026-09-18T05:28:50Z
B,1gb,layers_92,async,128,5,0,0.00,100.00,756.77,397.29,185.09,212.20,,,1154.06,968.97,2.18,188.00,266.00,1.27,19411320,2026-09-18T05:28:50Z
B,1gb,2d,pread,128,5,0,0.00,100.00,1046.37,2046.52,192.45,1854.07,,,3092.89,2900.44,2.23,186.00,268.00,1.27,19411944,2026-09-18T05:28:50Z
B,1gb,2d,async,128,5,0,0.00,100.00,485.52,273.54,184.76,88.78,,,759.06,574.30,2.17,187.00,267.00,1.27,19412136,2026-09-18T05:28:51Z
B,1gb,2e_K10,pread,128,5,0,0.00,100.00,524.34,2908.85,190.78,2718.07,,,3433.19,3242.41,2.20,187.00,268.00,1.27,19412412,2026-09-18T05:28:51Z
B,1gb,2e_K10,async,128,5,0,0.00,100.00,596.60,297.40,189.43,107.97,,,894.00,704.57,2.22,188.00,268.00,1.27,19410748,2026-09-18T05:28:51Z
B,1gb,2e_K500,pread,128,5,0,0.00,100.00,185.58,19376.05,228.90,19147.15,,,19561.63,19332.73,1.78,56.00,313.00,1.27,19410044,2026-09-18T05:28:52Z
B,1gb,2e_K500,async,128,5,0,0.00,100.00,154.63,1133.35,229.63,903.72,,,1287.98,1058.35,2.16,186.00,319.00,1.27,19410668,2026-09-18T05:28:52Z
B,1gb,2f_slru,pread,128,5,0,0.00,100.00,97.24,28059.29,235.34,27823.95,,,28156.53,27921.19,1.58,0.00,280.00,1.25,19409968,2026-09-18T05:28:52Z
B,1gb,2f_slru,async,128,5,0,0.00,100.00,101.22,7509.46,229.54,7279.92,,,7610.68,7381.14,1.64,0.00,280.00,1.25,19408472,2026-09-18T05:28:53Z
B,1gb,leaf_freq_K10,pread,128,5,0,0.00,100.00,1314.63,1125.46,226.03,899.42,,,2440.09,2214.05,2.22,188.00,262.00,1.25,19400996,2026-09-18T05:28:53Z
B,1gb,leaf_freq_K10,async,128,5,0,0.00,100.00,1240.50,305.41,229.31,76.10,,,1545.91,1316.60,2.24,188.00,262.00,1.25,19400336,2026-09-18T05:28:53Z
B,1gb,leaf_rand_K10,pread,128,5,0,0.00,100.00,1371.42,1090.61,230.92,859.69,,,2462.03,2231.11,2.19,188.00,261.00,1.25,19402820,2026-09-18T05:28:54Z
B,1gb,leaf_rand_K10,async,128,5,0,0.00,100.00,1148.19,307.12,230.44,76.67,,,1455.31,1224.86,2.16,188.00,261.00,1.25,19404176,2026-09-18T05:28:54Z
C,vacuum,layers_5,pread,128,5,0,0.00,100.00,1030.46,854.84,230.34,624.49,,,1885.30,1654.95,1.50,12.00,29.00,1.25,19405136,2026-09-18T05:28:54Z
C,vacuum,layers_5,async,128,5,0,0.00,100.00,1059.96,299.78,230.65,69.13,,,1359.74,1129.09,1.50,12.00,29.00,1.25,19405120,2026-09-18T05:28:55Z
C,vacuum,layers_92,pread,128,5,0,0.00,100.00,503.05,8229.95,391.75,7838.21,,,8733.00,8341.26,1.50,12.00,31.00,1.25,19405328,2026-09-18T05:28:55Z
C,vacuum,layers_92,async,128,5,0,0.00,100.00,633.62,415.23,226.63,188.60,,,1048.85,822.22,1.51,12.00,31.00,1.25,19406940,2026-09-18T05:28:55Z
C,vacuum,2d,pread,128,5,0,0.00,100.00,633.44,662.52,233.09,429.44,,,1295.96,1062.88,1.52,12.00,31.00,1.25,19407652,2026-09-18T05:28:55Z
C,vacuum,2d,async,128,5,0,0.00,100.00,653.72,293.39,224.84,68.55,,,947.11,722.27,1.52,12.00,31.00,1.25,19408284,2026-09-18T05:28:56Z
C,vacuum,2e_K10,pread,128,5,0,0.00,100.00,180.14,1207.60,238.73,968.87,,,1387.74,1149.01,1.51,12.00,35.00,1.25,19408548,2026-09-18T05:28:56Z
C,vacuum,2e_K10,async,128,5,0,0.00,100.00,176.15,308.97,228.11,80.86,,,485.12,257.01,1.50,12.00,33.00,1.25,19428844,2026-09-18T05:28:56Z
C,vacuum,2e_K500,pread,128,5,0,0.00,100.00,180.39,4550.86,558.43,3992.43,,,4731.25,4172.82,1.45,0.00,30.00,1.25,19430104,2026-09-18T05:28:56Z
C,vacuum,2e_K500,async,128,5,0,0.00,47.90,181.18,682.70,233.44,449.26,,,863.88,630.44,1.46,0.00,30.00,1.25,19431348,2026-09-18T05:28:57Z
C,vacuum,2f_slru,pread,128,5,0,0.00,100.00,94.50,4437.62,1562.11,2875.52,,,4532.12,2970.02,1.46,0.00,30.00,1.25,19432308,2026-09-18T05:28:57Z
C,vacuum,2f_slru,async,128,5,0,0.00,100.00,92.97,786.06,230.53,555.52,,,879.03,648.49,1.48,0.00,30.00,1.25,19432984,2026-09-18T05:28:57Z
C,vacuum,leaf_freq_K10,pread,128,5,0,0.00,100.00,799.45,659.64,226.41,433.24,,,1459.09,1232.69,1.51,12.00,33.00,1.23,19432952,2026-09-18T05:28:57Z
C,vacuum,leaf_freq_K10,async,128,5,0,0.00,100.00,659.04,300.99,226.66,74.33,,,960.03,733.37,1.53,12.00,31.00,1.23,19435756,2026-09-18T05:28:58Z
C,vacuum,leaf_rand_K10,pread,128,5,0,0.00,100.00,1122.72,978.29,229.74,748.55,,,2101.01,1871.27,1.51,12.00,29.00,1.23,19436844,2026-09-18T05:28:58Z
C,vacuum,leaf_rand_K10,async,128,5,0,0.00,100.00,1003.06,300.63,227.03,73.61,,,1303.69,1076.67,1.50,12.00,29.00,1.23,19436960,2026-09-18T05:28:58Z
C,ta,layers_5,pread,128,5,0,0.00,100.00,701.31,473.54,226.95,246.59,,,1174.85,947.90,1.58,19.00,30.00,1.23,19415380,2026-09-18T05:28:58Z
C,ta,layers_5,async,128,5,0,0.00,100.00,784.02,293.43,224.87,68.56,,,1077.45,852.58,1.58,19.00,30.00,1.23,19423724,2026-09-18T05:28:59Z
C,ta,layers_92,pread,128,5,0,0.00,100.00,450.14,1044.75,227.58,817.18,,,1494.89,1267.32,1.57,18.00,31.00,1.23,19424020,2026-09-18T05:28:59Z
C,ta,layers_92,async,128,5,0,0.00,100.00,440.06,389.95,226.25,163.70,,,830.01,603.76,1.59,18.00,31.00,1.23,19424808,2026-09-18T05:28:59Z
C,ta,2d,pread,128,5,0,0.00,100.00,419.64,1046.28,223.60,822.68,,,1465.92,1242.32,1.58,18.00,31.00,1.23,19424444,2026-09-18T05:28:59Z
C,ta,2d,async,128,5,0,0.00,64.60,448.33,343.85,228.66,115.19,,,792.18,563.52,1.58,18.00,31.00,1.23,19423972,2026-09-18T05:29:00Z
C,ta,2e_K10,pread,128,5,0,0.00,100.00,176.81,1695.35,227.80,1467.55,,,1872.16,1644.36,1.58,17.00,33.00,1.23,19424576,2026-09-18T05:29:00Z
C,ta,2e_K10,async,128,5,0,0.00,62.10,176.86,353.61,225.92,127.69,,,530.47,304.55,1.57,17.00,32.00,1.23,19424564,2026-09-18T05:29:00Z
C,ta,2e_K500,pread,128,5,0,0.00,100.00,180.81,3664.48,229.71,3434.77,,,3845.29,3615.58,1.54,0.00,38.00,1.23,19425380,2026-09-18T05:29:00Z
C,ta,2e_K500,async,128,5,0,0.00,100.00,178.90,795.80,224.68,571.11,,,974.70,750.01,1.53,0.00,38.00,1.23,19425804,2026-09-18T05:29:01Z
C,ta,2f_slru,pread,128,5,0,0.00,100.00,91.25,3518.98,226.84,3292.14,,,3610.23,3383.39,1.56,0.00,38.00,1.23,19426964,2026-09-18T05:29:01Z
C,ta,2f_slru,async,128,5,0,0.00,100.00,89.90,1045.21,227.06,818.16,,,1135.11,908.06,1.52,0.00,38.00,1.23,19427932,2026-09-18T05:29:01Z
C,ta,leaf_freq_K10,pread,128,5,0,0.00,100.00,839.06,896.61,229.21,667.39,,,1735.67,1506.45,1.58,18.00,32.00,1.23,19411944,2026-09-18T05:29:02Z
C,ta,leaf_freq_K10,async,128,5,0,0.00,100.00,915.73,302.56,228.25,74.31,,,1218.29,990.04,1.60,18.00,31.00,1.23,19408868,2026-09-18T05:29:02Z
C,ta,leaf_rand_K10,pread,128,5,0,0.00,100.00,791.98,1126.21,226.12,900.08,,,1918.19,1692.06,1.61,19.00,30.00,1.23,19409580,2026-09-18T05:29:02Z
C,ta,leaf_rand_K10,async,128,5,0,0.00,100.00,793.82,302.91,228.07,74.84,,,1096.73,868.66,1.58,19.00,30.00,1.23,19411056,2026-09-18T05:29:02Z
C,1gb,layers_5,pread,128,5,0,0.00,100.00,1187.52,621.60,228.44,393.16,,,1809.12,1580.68,1.68,40.00,51.00,1.21,19410860,2026-09-18T05:29:03Z
C,1gb,layers_5,async,128,5,0,0.00,100.00,1231.06,296.97,228.24,68.73,,,1528.03,1299.79,1.67,40.00,51.00,1.21,19412364,2026-09-18T05:29:03Z
C,1gb,layers_92,pread,128,5,0,0.00,100.00,1151.64,7966.26,229.87,7736.39,,,9117.90,8888.03,1.69,38.00,54.00,1.21,19412416,2026-09-18T05:29:03Z
C,1gb,layers_92,async,128,5,0,0.00,100.00,2685.25,626.68,318.79,307.89,,,3311.93,2993.14,1.69,38.00,54.00,1.21,19412232,2026-09-18T05:29:03Z
C,1gb,2d,pread,128,5,0,0.00,100.00,488.72,935.60,226.71,708.89,,,1424.32,1197.61,1.68,37.00,59.00,1.21,19394132,2026-09-18T05:29:04Z
C,1gb,2d,async,128,5,0,0.00,100.00,491.04,298.82,225.22,73.60,,,789.86,564.64,1.66,37.00,59.00,1.21,19394712,2026-09-18T05:29:04Z
C,1gb,2e_K10,pread,128,5,0,0.00,100.00,147.49,1748.45,227.26,1521.19,,,1895.94,1668.68,1.65,36.00,66.00,1.21,19399372,2026-09-18T05:29:04Z
C,1gb,2e_K10,async,128,5,0,0.00,100.00,150.05,314.24,228.46,85.78,,,464.29,235.83,1.67,36.00,66.00,1.21,19398940,2026-09-18T05:29:05Z
C,1gb,2e_K500,pread,128,5,0,0.00,100.00,186.76,4920.42,227.45,4692.97,,,5107.18,4879.73,1.54,1.00,67.00,1.21,19398744,2026-09-18T05:29:05Z
C,1gb,2e_K500,async,128,5,0,0.00,100.00,186.84,946.37,227.20,719.17,,,1133.21,906.01,1.64,37.00,107.00,1.21,19399472,2026-09-18T05:29:05Z
C,1gb,2f_slru,pread,128,5,0,0.00,100.00,469.94,5783.90,309.78,5474.12,,,6253.84,5944.06,1.54,0.00,64.00,1.21,19399284,2026-09-18T05:29:05Z
C,1gb,2f_slru,async,128,5,0,0.00,100.00,95.38,1911.03,228.15,1682.88,,,2006.41,1778.26,1.56,0.00,64.00,1.21,19400416,2026-09-18T05:29:06Z
C,1gb,leaf_freq_K10,pread,128,5,0,0.00,100.00,864.72,1122.89,228.32,894.57,,,1987.61,1759.29,1.67,38.00,63.00,1.21,19399456,2026-09-18T05:29:06Z
C,1gb,leaf_freq_K10,async,128,5,0,0.00,100.00,853.66,299.01,225.79,73.22,,,1152.67,926.88,1.66,38.00,63.00,1.21,19400968,2026-09-18T05:29:06Z
C,1gb,leaf_rand_K10,pread,128,5,0,0.00,100.00,1201.47,1060.14,225.33,834.81,,,2261.61,2036.28,1.70,40.00,51.00,1.21,19401048,2026-09-18T05:29:07Z
C,1gb,leaf_rand_K10,async,128,5,0,0.00,100.00,1190.29,300.23,225.66,74.56,,,1490.52,1264.85,1.67,40.00,51.00,1.21,19401880,2026-09-18T05:29:07Z
A,vacuum,baseline,baseline,128,6,0,0.00,0.00,921.67,0.00,0.00,0.00,,,921.67,921.67,2.02,148.00,212.00,1.21,19402356,2026-09-18T05:29:07Z
A,ta,baseline,baseline,128,6,0,0.00,0.00,1131.48,0.00,0.00,0.00,,,1131.48,1131.48,2.20,189.00,259.00,1.20,19403464,2026-09-18T05:29:08Z
A,1gb,baseline,baseline,128,6,0,0.00,0.00,1452.02,0.00,0.00,0.00,,,1452.02,1452.02,2.14,190.00,267.00,1.20,19402200,2026-09-18T05:29:08Z
B,vacuum,baseline,baseline,128,6,0,0.00,0.00,935.85,0.00,0.00,0.00,,,935.85,935.85,2.01,144.00,233.00,1.20,19404428,2026-09-18T05:29:08Z
B,ta,baseline,baseline,128,6,0,0.00,0.00,1785.15,0.00,0.00,0.00,,,1785.15,1785.15,2.19,190.00,268.00,1.20,19406136,2026-09-18T05:29:09Z
B,1gb,baseline,baseline,128,6,0,0.00,0.00,1222.92,0.00,0.00,0.00,,,1222.92,1222.92,2.24,188.00,262.00,1.20,19397504,2026-09-18T05:29:09Z
C,vacuum,baseline,baseline,128,6,0,0.00,0.00,1133.66,0.00,0.00,0.00,,,1133.66,1133.66,1.52,12.00,29.00,1.20,19404400,2026-09-18T05:29:09Z
C,ta,baseline,baseline,128,6,0,0.00,0.00,824.50,0.00,0.00,0.00,,,824.50,824.50,1.60,19.00,30.00,1.20,19405728,2026-09-18T05:29:09Z
C,1gb,baseline,baseline,128,6,0,0.00,0.00,1190.80,0.00,0.00,0.00,,,1190.80,1190.80,1.65,40.00,52.00,1.20,19405200,2026-09-18T05:29:10Z
A,vacuum,layers_5,pread,128,6,0,0.00,100.00,849.38,781.36,195.97,585.39,,,1630.74,1434.77,2.07,149.00,214.00,1.20,19405844,2026-09-18T05:29:10Z
A,vacuum,layers_5,async,128,6,0,0.00,100.00,867.02,266.74,195.90,70.84,,,1133.76,937.86,1.99,150.00,212.00,1.20,19406496,2026-09-18T05:29:10Z
A,vacuum,layers_92,pread,128,6,0,0.00,100.00,413.59,7731.70,194.92,7536.78,,,8145.29,7950.37,2.00,145.00,225.00,1.20,19406816,2026-09-18T05:29:11Z
A,vacuum,layers_92,async,128,6,0,0.00,100.00,426.26,386.23,197.23,189.00,,,812.49,615.26,2.00,146.00,223.00,1.20,19410632,2026-09-18T05:29:11Z
A,vacuum,2d,pread,128,6,0,0.00,100.00,409.43,1358.93,195.23,1163.71,,,1768.36,1573.14,1.99,145.00,225.00,1.20,19410632,2026-09-18T05:29:11Z
A,vacuum,2d,async,128,6,0,0.00,100.00,411.66,274.66,196.62,78.04,,,686.32,489.70,2.01,146.00,223.00,1.20,19412000,2026-09-18T05:29:12Z
A,vacuum,2e_K10,pread,128,6,0,0.00,100.00,412.82,2212.57,195.36,2017.21,,,2625.39,2430.03,2.00,147.00,229.00,1.20,19411184,2026-09-18T05:29:12Z
A,vacuum,2e_K10,async,128,6,0,0.00,100.00,407.53,283.25,193.23,90.02,,,690.78,497.55,2.01,148.00,227.00,1.20,19410440,2026-09-18T05:29:12Z
A,vacuum,2e_K500,pread,128,6,0,0.00,100.00,473.56,15538.12,197.42,15340.70,,,16011.68,15814.26,1.90,126.00,419.00,1.26,19409608,2026-09-18T05:29:12Z
A,vacuum,2e_K500,async,128,6,0,0.00,100.00,394.54,1073.16,194.19,878.97,,,1467.70,1273.51,1.94,145.00,332.00,1.26,19408304,2026-09-18T05:29:13Z
A,vacuum,2f_slru,pread,128,6,0,0.00,100.00,105.11,24424.77,193.67,24231.10,,,24529.88,24336.21,1.56,0.00,214.00,1.26,19411148,2026-09-18T05:29:13Z
A,vacuum,2f_slru,async,128,6,0,0.00,100.00,98.45,5631.17,197.96,5433.20,,,5729.62,5531.65,1.54,0.00,214.00,1.26,19412472,2026-09-18T05:29:13Z
A,vacuum,leaf_freq_K10,pread,128,6,0,0.00,100.00,2091.87,1113.54,189.25,924.30,,,3205.41,3016.17,2.01,149.00,217.00,1.26,19411556,2026-09-18T05:29:14Z
A,vacuum,leaf_freq_K10,async,128,6,0,0.00,100.00,990.09,271.69,195.94,75.75,,,1261.78,1065.84,2.04,149.00,217.00,1.26,19411660,2026-09-18T05:29:14Z
A,vacuum,leaf_rand_K10,pread,128,6,0,0.00,100.00,990.66,1065.23,193.96,871.27,,,2055.89,1861.93,2.00,148.00,212.00,1.26,19401000,2026-09-18T05:29:14Z
A,vacuum,leaf_rand_K10,async,128,6,0,0.00,100.00,993.73,266.15,189.40,76.75,,,1259.88,1070.48,2.03,148.00,212.00,1.26,19401384,2026-09-18T05:29:15Z
A,ta,layers_5,pread,128,6,0,0.00,100.00,972.23,445.63,194.89,250.74,,,1417.86,1222.97,2.14,189.00,259.00,1.26,19402244,2026-09-18T05:29:15Z
A,ta,layers_5,async,128,6,0,0.00,100.00,943.84,278.33,208.15,70.18,,,1222.17,1014.02,2.13,189.00,259.00,1.26,19402264,2026-09-18T05:29:15Z
A,ta,layers_92,pread,128,6,0,0.00,100.00,597.14,977.85,195.77,782.08,,,1574.99,1379.22,2.14,186.00,260.00,1.26,19402552,2026-09-18T05:29:16Z
A,ta,layers_92,async,128,6,0,0.00,100.00,590.11,371.12,194.09,177.02,,,961.23,767.13,2.10,188.00,259.00,1.26,19403228,2026-09-18T05:29:16Z
A,ta,2d,pread,128,6,0,0.00,100.00,629.87,993.74,196.94,796.80,,,1623.61,1426.67,2.20,187.00,260.00,1.26,19403340,2026-09-18T05:29:16Z
A,ta,2d,async,128,6,0,0.00,48.90,594.53,311.24,196.51,114.73,,,905.77,709.26,2.12,188.00,259.00,1.26,19402988,2026-09-18T05:29:16Z
A,ta,2e_K10,pread,128,6,0,0.00,100.00,502.80,2210.74,194.01,2016.72,,,2713.54,2519.52,2.12,188.00,269.00,1.26,19420888,2026-09-18T05:29:17Z
A,ta,2e_K10,async,128,6,0,0.00,100.00,598.97,320.59,192.22,128.37,,,919.56,727.34,2.20,189.00,268.00,1.26,19420656,2026-09-18T05:29:17Z
A,ta,2e_K500,pread,128,6,0,0.00,100.00,579.34,17747.75,186.74,17561.01,,,18327.09,18140.35,1.75,72.00,326.00,1.24,19421772,2026-09-18T05:29:17Z
A,ta,2e_K500,async,128,6,0,0.00,52.10,616.20,989.59,185.44,804.15,,,1605.79,1420.35,2.10,192.00,386.00,1.24,19421276,2026-09-18T05:29:18Z
A,ta,2f_slru,pread,128,6,0,0.00,100.00,98.42,17242.15,183.69,17058.45,,,17340.57,17156.87,1.55,0.00,279.00,1.24,19422344,2026-09-18T05:29:18Z
A,ta,2f_slru,async,128,6,0,0.00,100.00,97.45,7386.43,186.78,7199.65,,,7483.88,7297.10,1.55,0.00,279.00,1.24,19419776,2026-09-18T05:29:18Z
A,ta,leaf_freq_K10,pread,128,6,0,0.00,100.00,1138.17,1121.69,187.12,934.57,,,2259.86,2072.74,2.16,190.00,268.00,1.24,19422932,2026-09-18T05:29:19Z
A,ta,leaf_freq_K10,async,128,6,0,0.00,100.00,1054.24,268.09,191.35,76.74,,,1322.33,1130.98,2.13,190.00,268.00,1.24,19422752,2026-09-18T05:29:19Z
A,ta,leaf_rand_K10,pread,128,6,0,0.00,100.00,960.01,1084.89,186.97,897.92,,,2044.90,1857.93,2.11,189.00,259.00,1.24,19422736,2026-09-18T05:29:19Z
A,ta,leaf_rand_K10,async,128,6,0,0.00,100.00,1124.99,262.85,185.65,77.20,,,1387.84,1202.19,2.14,189.00,259.00,1.24,19415400,2026-09-18T05:29:20Z
A,1gb,layers_5,pread,128,6,0,0.00,100.00,1305.24,629.89,187.92,441.97,,,1935.13,1747.21,2.14,189.00,269.00,1.24,19418220,2026-09-18T05:29:20Z
A,1gb,layers_5,async,128,6,0,0.00,100.00,1365.17,256.18,184.15,72.04,,,1621.35,1437.21,2.17,190.00,268.00,1.24,19420560,2026-09-18T05:29:20Z
A,1gb,layers_92,pread,128,6,0,0.00,100.00,941.09,8203.66,184.68,8018.99,,,9144.75,8960.08,2.15,189.00,274.00,1.24,19421416,2026-09-18T05:29:21Z
A,1gb,layers_92,async,128,6,0,0.00,100.00,916.43,401.50,186.89,214.60,,,1317.93,1131.03,2.14,190.00,272.00,1.24,19420332,2026-09-18T05:29:21Z
A,1gb,2d,pread,128,6,0,0.00,100.00,609.02,2098.05,186.09,1911.96,,,2707.07,2520.98,2.14,188.00,275.00,1.24,19421528,2026-09-18T05:29:21Z
A,1gb,2d,async,128,6,0,0.00,100.00,641.16,275.50,187.13,88.37,,,916.66,729.53,2.16,189.00,273.00,1.24,19421388,2026-09-18T05:29:22Z
A,1gb,2e_K10,pread,128,6,0,0.00,100.00,607.13,2882.56,188.32,2694.24,,,3489.69,3301.37,2.14,189.00,288.00,1.24,19403732,2026-09-18T05:29:22Z
A,1gb,2e_K10,async,128,6,0,0.00,100.00,610.75,288.04,184.64,103.40,,,898.79,714.15,2.17,190.00,286.00,1.24,19405072,2026-09-18T05:29:22Z
A,1gb,2e_K500,pread,128,6,0,0.00,100.00,183.14,19717.26,185.86,19531.40,,,19900.40,19714.54,1.71,53.00,324.00,1.22,19405264,2026-09-18T05:29:23Z
A,1gb,2e_K500,async,128,6,0,0.00,100.00,708.15,1092.59,187.36,905.23,,,1800.74,1613.38,2.09,194.00,397.00,1.22,19406160,2026-09-18T05:29:23Z
A,1gb,2f_slru,pread,128,6,0,0.00,100.00,102.91,28611.18,194.13,28417.05,,,28714.09,28519.96,1.57,0.00,280.00,1.22,19407848,2026-09-18T05:29:23Z
A,1gb,2f_slru,async,128,6,0,0.00,100.00,100.07,7397.04,188.07,7208.96,,,7497.11,7309.03,1.58,0.00,280.00,1.22,19405672,2026-09-18T05:29:23Z
A,1gb,leaf_freq_K10,pread,128,6,0,0.00,100.00,1518.63,1089.87,188.87,901.00,,,2608.50,2419.63,2.16,189.00,280.00,1.22,19408492,2026-09-18T05:29:24Z
A,1gb,leaf_freq_K10,async,128,6,0,0.00,100.00,1476.61,260.30,184.73,75.57,,,1736.91,1552.18,2.14,189.00,280.00,1.22,19408520,2026-09-18T05:29:24Z
A,1gb,leaf_rand_K10,pread,128,6,0,0.00,100.00,1550.91,1079.83,187.30,892.53,,,2630.74,2443.44,2.15,190.00,266.00,1.22,19409376,2026-09-18T05:29:24Z
A,1gb,leaf_rand_K10,async,128,6,0,0.00,100.00,1425.37,261.77,185.43,76.34,,,1687.14,1501.71,2.12,190.00,266.00,1.22,19388280,2026-09-18T05:29:25Z
B,vacuum,layers_5,pread,128,6,0,0.00,100.00,1575.48,787.03,198.18,588.85,,,2362.51,2164.33,2.06,144.00,235.00,1.22,19392772,2026-09-18T05:29:25Z
B,vacuum,layers_5,async,128,6,0,0.00,100.00,864.48,255.45,185.17,70.28,,,1119.93,934.76,2.01,144.00,233.00,1.22,19393224,2026-09-18T05:29:25Z
B,vacuum,layers_92,pread,128,6,0,0.00,100.00,551.83,7595.19,186.27,7408.92,,,8147.02,7960.75,2.10,143.00,234.00,1.22,19393132,2026-09-18T05:29:26Z
B,vacuum,layers_92,async,128,6,0,0.00,100.00,550.05,368.89,186.68,182.21,,,918.94,732.26,2.05,143.00,232.00,1.22,19393372,2026-09-18T05:29:26Z
B,vacuum,2d,pread,128,6,0,0.00,100.00,519.54,1346.51,186.82,1159.69,,,1866.05,1679.23,2.04,143.00,234.00,1.22,19394756,2026-09-18T05:29:26Z
B,vacuum,2d,async,128,6,0,0.00,100.00,552.10,269.93,191.41,78.52,,,822.03,630.62,2.06,143.00,232.00,1.22,19394252,2026-09-18T05:29:27Z
B,vacuum,2e_K10,pread,128,6,0,0.00,100.00,518.85,2245.74,187.23,2058.51,,,2764.59,2577.36,2.06,144.00,236.00,1.22,19393260,2026-09-18T05:29:27Z
B,vacuum,2e_K10,async,128,6,0,0.00,100.00,517.21,273.07,184.49,88.59,,,790.28,605.80,2.05,144.00,235.00,1.22,19393992,2026-09-18T05:29:27Z
B,vacuum,2e_K500,pread,128,6,0,0.00,100.00,182.84,14683.91,183.31,14500.59,,,14866.75,14683.43,1.59,4.00,229.00,1.20,19394812,2026-09-18T05:29:28Z
B,vacuum,2e_K500,async,128,6,0,0.00,23.20,184.64,920.00,186.10,733.90,,,1104.64,918.54,2.00,142.00,286.00,1.20,19395680,2026-09-18T05:29:28Z
B,vacuum,2f_slru,pread,128,6,0,0.00,100.00,95.62,14288.57,184.19,14104.39,,,14384.19,14200.01,1.58,0.00,214.00,1.20,19395408,2026-09-18T05:29:28Z
B,vacuum,2f_slru,async,128,6,0,0.00,100.00,98.80,5640.76,184.26,5456.50,,,5739.56,5555.30,1.62,0.00,214.00,1.20,19397188,2026-09-18T05:29:28Z
B,vacuum,leaf_freq_K10,pread,128,6,0,0.00,100.00,1032.54,1076.05,187.19,888.86,,,2108.59,1921.40,2.11,145.00,233.00,1.20,19396408,2026-09-18T05:29:29Z
B,vacuum,leaf_freq_K10,async,128,6,0,0.00,100.00,1064.15,263.69,188.61,75.08,,,1327.84,1139.23,2.09,145.00,233.00,1.20,19398676,2026-09-18T05:29:29Z
B,vacuum,leaf_rand_K10,pread,128,6,0,0.00,100.00,1066.48,1054.58,187.92,866.66,,,2121.06,1933.14,2.03,144.00,233.00,1.20,19400336,2026-09-18T05:29:29Z
B,vacuum,leaf_rand_K10,async,128,6,0,0.00,100.00,921.45,260.36,184.48,75.88,,,1181.81,997.33,2.06,144.00,233.00,1.20,19400180,2026-09-18T05:29:30Z
B,ta,layers_5,pread,128,6,0,0.00,100.00,520.87,436.42,187.40,249.02,,,957.29,769.89,2.23,190.00,269.00,1.20,19384124,2026-09-18T05:29:30Z
B,ta,layers_5,async,128,6,0,0.00,100.00,982.49,254.88,185.47,69.41,,,1237.37,1051.90,2.22,190.00,267.00,1.20,19386212,2026-09-18T05:29:30Z
B,ta,layers_92,pread,128,6,0,0.00,100.00,574.44,997.36,194.18,803.18,,,1571.80,1377.62,2.21,187.00,268.00,1.20,19386724,2026-09-18T05:29:31Z
B,ta,layers_92,async,128,6,0,0.00,48.90,560.22,367.13,186.45,180.68,,,927.35,740.90,2.19,189.00,267.00,1.20,19386968,2026-09-18T05:29:31Z
B,ta,2d,pread,128,6,0,0.00,100.00,534.42,1006.76,186.76,820.00,,,1541.18,1354.42,2.18,188.00,267.00,1.20,19390824,2026-09-18T05:29:31Z
B,ta,2d,async,128,6,0,0.00,100.00,589.56,303.04,188.25,114.79,,,892.60,704.35,2.24,189.00,267.00,1.20,19390452,2026-09-18T05:29:32Z
B,ta,2e_K10,pread,128,6,0,0.00,100.00,508.59,2144.60,185.01,1959.59,,,2653.19,2468.18,2.19,189.00,268.00,1.20,19391272,2026-09-18T05:29:32Z
B,ta,2e_K10,async,128,6,0,0.00,70.20,543.05,318.55,189.93,128.62,,,861.60,671.67,2.26,190.00,268.00,1.20,19392416,2026-09-18T05:29:32Z
B,ta,2e_K500,pread,128,6,0,0.00,100.00,180.71,22016.31,186.11,21830.20,,,22197.02,22010.91,1.90,91.00,326.00,1.18,19393800,2026-09-18T05:29:33Z
B,ta,2e_K500,async,128,6,0,0.00,43.90,181.04,1002.79,189.82,812.98,,,1183.83,994.02,2.19,183.00,315.00,1.18,19393980,2026-09-18T05:29:33Z
B,ta,2f_slru,pread,128,6,0,0.00,100.00,98.39,30000.44,189.99,29810.46,,,30098.83,29908.85,1.60,0.00,279.00,1.18,19394512,2026-09-18T05:29:33Z
B,ta,2f_slru,async,128,6,0,0.00,100.00,97.28,7316.16,185.86,7130.30,,,7413.44,7227.58,1.63,0.00,279.00,1.18,19392952,2026-09-18T05:29:34Z
B,ta,leaf_freq_K10,pread,128,6,0,0.00,100.00,714.44,1080.92,182.81,898.11,,,1795.36,1612.55,2.22,191.00,269.00,1.18,19394444,2026-09-18T05:29:34Z
B,ta,leaf_freq_K10,async,128,6,0,0.00,100.00,771.09,261.42,186.36,75.06,,,1032.51,846.15,2.21,191.00,269.00,1.18,19396520,2026-09-18T05:29:34Z
B,ta,leaf_rand_K10,pread,128,6,0,0.00,100.00,721.38,1083.70,187.52,896.17,,,1805.08,1617.55,2.20,190.00,268.00,1.18,19396592,2026-09-18T05:29:35Z
B,ta,leaf_rand_K10,async,128,6,0,0.00,100.00,688.90,267.79,190.17,77.63,,,956.69,766.53,2.27,190.00,268.00,1.18,19397264,2026-09-18T05:29:35Z
B,1gb,layers_5,pread,128,6,0,0.00,100.00,1258.90,693.65,187.58,506.07,,,1952.55,1764.97,2.23,187.00,261.00,1.18,19390416,2026-09-18T05:29:35Z
B,1gb,layers_5,async,128,6,0,0.00,100.00,1125.71,256.32,187.01,69.31,,,1382.03,1195.02,2.21,188.00,261.00,1.18,19391084,2026-09-18T05:29:36Z
B,1gb,layers_92,pread,128,6,0,0.00,100.00,791.86,7948.56,224.27,7724.29,,,8740.42,8516.15,2.26,187.00,267.00,1.18,19391944,2026-09-18T05:29:36Z
B,1gb,layers_92,async,128,6,0,0.00,100.00,884.81,404.99,186.37,218.62,,,1289.80,1103.43,2.21,188.00,266.00,1.18,19392088,2026-09-18T05:29:36Z
B,1gb,2d,pread,128,6,0,0.00,100.00,490.57,2091.45,188.41,1903.04,,,2582.02,2393.61,2.20,186.00,268.00,1.18,19392448,2026-09-18T05:29:37Z
B,1gb,2d,async,128,6,0,0.00,100.00,1296.67,271.59,188.05,83.54,,,1568.26,1380.21,2.25,187.00,267.00,1.18,19392920,2026-09-18T05:29:37Z
B,1gb,2e_K10,pread,128,6,0,0.00,100.00,522.23,2982.09,186.82,2795.27,,,3504.32,3317.50,2.26,187.00,268.00,1.18,19415464,2026-09-18T05:29:37Z
B,1gb,2e_K10,async,128,6,0,0.00,100.00,453.05,291.67,186.96,104.71,,,744.72,557.76,2.19,188.00,268.00,1.17,19416072,2026-09-18T05:29:38Z
B,1gb,2e_K500,pread,128,6,0,0.00,100.00,181.86,32072.23,221.45,31850.78,,,32254.09,32032.64,1.81,56.00,312.00,1.17,19415932,2026-09-18T05:29:38Z
B,1gb,2e_K500,async,128,6,0,0.00,100.00,182.25,1080.67,225.39,855.28,,,1262.92,1037.53,2.21,186.00,319.00,1.17,19416056,2026-09-18T05:29:38Z
B,1gb,2f_slru,pread,128,6,0,0.00,100.00,98.39,19008.00,228.56,18779.44,,,19106.39,18877.83,1.62,0.00,280.00,1.17,19416424,2026-09-18T05:29:39Z
B,1gb,2f_slru,async,128,6,0,0.00,100.00,101.17,7525.28,238.80,7286.48,,,7626.45,7387.65,1.65,0.00,280.00,1.17,19416776,2026-09-18T05:29:39Z
B,1gb,leaf_freq_K10,pread,128,6,0,0.00,100.00,1177.19,1093.95,223.39,870.56,,,2271.14,2047.75,2.19,188.00,262.00,1.17,19418856,2026-09-18T05:29:39Z
B,1gb,leaf_freq_K10,async,128,6,0,0.00,100.00,1311.16,301.64,225.81,75.82,,,1612.80,1386.98,2.20,188.00,262.00,1.17,19419536,2026-09-18T05:29:40Z
B,1gb,leaf_rand_K10,pread,128,6,0,0.00,100.00,1304.88,1088.02,224.57,863.44,,,2392.90,2168.32,2.23,188.00,261.00,1.17,19419848,2026-09-18T05:29:40Z
B,1gb,leaf_rand_K10,async,128,6,0,0.00,100.00,1149.63,300.33,224.62,75.71,,,1449.96,1225.34,2.16,188.00,261.00,1.17,19420576,2026-09-18T05:29:40Z
C,vacuum,layers_5,pread,128,6,0,0.00,100.00,1050.64,809.26,221.58,587.68,,,1859.90,1638.32,1.55,12.00,29.00,1.17,19409812,2026-09-18T05:29:41Z
C,vacuum,layers_5,async,128,6,0,0.00,100.00,1057.26,298.58,228.60,69.98,,,1355.84,1127.24,1.54,12.00,29.00,1.17,19411976,2026-09-18T05:29:41Z
C,vacuum,layers_92,pread,128,6,0,0.00,100.00,630.61,7537.54,226.03,7311.51,,,8168.15,7942.12,1.52,12.00,31.00,1.17,19412016,2026-09-18T05:29:41Z
C,vacuum,layers_92,async,128,6,0,0.00,100.00,632.98,409.34,226.16,183.18,,,1042.32,816.16,1.54,12.00,31.00,1.17,19413504,2026-09-18T05:29:41Z
C,vacuum,2d,pread,128,6,0,0.00,100.00,654.90,641.29,225.32,415.96,,,1296.19,1070.86,1.53,12.00,31.00,1.17,19413672,2026-09-18T05:29:42Z
C,vacuum,2d,async,128,6,0,0.00,100.00,655.75,293.46,224.43,69.03,,,949.21,724.78,1.52,12.00,31.00,1.17,19415432,2026-09-18T05:29:42Z
C,vacuum,2e_K10,pread,128,6,0,0.00,100.00,180.07,1480.06,223.56,1256.50,,,1660.13,1436.57,1.53,12.00,35.00,1.17,19415064,2026-09-18T05:29:42Z
C,vacuum,2e_K10,async,128,6,0,0.00,100.00,177.21,306.83,225.79,81.03,,,484.04,258.24,1.54,12.00,33.00,1.17,19406508,2026-09-18T05:29:42Z
C,vacuum,2e_K500,pread,128,6,0,0.00,100.00,178.73,2227.74,222.15,2005.59,,,2406.47,2184.32,1.49,0.00,30.00,1.24,19405252,2026-09-18T05:29:43Z
C,vacuum,2e_K500,async,128,6,0,0.00,60.10,179.93,691.14,227.56,463.58,,,871.07,643.51,1.48,0.00,30.00,1.24,19406720,2026-09-18T05:29:43Z
C,vacuum,2f_slru,pread,128,6,0,0.00,100.00,91.69,3051.79,223.68,2828.11,,,3143.48,2919.80,1.48,0.00,30.00,1.24,19406048,2026-09-18T05:29:43Z
C,vacuum,2f_slru,async,128,6,0,0.00,100.00,93.52,791.09,225.26,565.82,,,884.61,659.34,1.49,0.00,30.00,1.24,19406860,2026-09-18T05:29:43Z
C,vacuum,leaf_freq_K10,pread,128,6,0,0.00,100.00,659.24,717.78,225.17,492.61,,,1377.02,1151.85,1.51,12.00,33.00,1.24,19406092,2026-09-18T05:29:44Z
C,vacuum,leaf_freq_K10,async,128,6,0,0.00,100.00,669.30,295.67,225.29,70.37,,,964.97,739.67,1.52,12.00,31.00,1.24,19410668,2026-09-18T05:29:44Z
C,vacuum,leaf_rand_K10,pread,128,6,0,0.00,100.00,976.60,968.26,223.09,745.17,,,1944.86,1721.77,1.52,12.00,29.00,1.24,19411368,2026-09-18T05:29:44Z
C,vacuum,leaf_rand_K10,async,128,6,0,0.00,100.00,1066.63,300.74,224.53,76.20,,,1367.37,1142.83,1.52,12.00,29.00,1.24,19411344,2026-09-18T05:29:44Z
C,ta,layers_5,pread,128,6,0,0.00,100.00,774.28,477.52,225.27,252.25,,,1251.80,1026.53,1.60,19.00,30.00,1.24,19412524,2026-09-18T05:29:45Z
C,ta,layers_5,async,128,6,0,0.00,100.00,770.02,297.50,227.50,70.00,,,1067.52,840.02,1.60,19.00,30.00,1.24,19412512,2026-09-18T05:29:45Z
C,ta,layers_92,pread,128,6,0,0.00,100.00,458.00,1081.28,225.45,855.83,,,1539.28,1313.83,1.60,18.00,31.00,1.24,19413452,2026-09-18T05:29:45Z
C,ta,layers_92,async,128,6,0,0.00,42.40,439.47,386.25,222.84,163.41,,,825.72,602.88,1.60,18.00,31.00,1.24,19413984,2026-09-18T05:29:45Z
C,ta,2d,pread,128,6,0,0.00,100.00,417.56,1079.98,224.40,855.58,,,1497.54,1273.14,1.60,18.00,31.00,1.24,19413712,2026-09-18T05:29:46Z
C,ta,2d,async,128,6,0,0.00,64.60,449.55,346.67,229.48,117.19,,,796.22,566.74,1.65,18.00,31.00,1.24,19415032,2026-09-18T05:29:46Z
C,ta,2e_K10,pread,128,6,0,0.00,100.00,181.93,1829.70,226.50,1603.20,,,2011.63,1785.13,1.59,17.00,33.00,1.24,19415524,2026-09-18T05:29:46Z
C,ta,2e_K10,async,128,6,0,0.00,100.00,179.86,350.76,224.85,125.91,,,530.62,305.77,1.63,17.00,32.00,1.24,19415840,2026-09-18T05:29:47Z
C,ta,2e_K500,pread,128,6,0,0.00,100.00,182.38,3509.16,225.30,3283.85,,,3691.54,3466.23,1.55,0.00,38.00,1.24,19416628,2026-09-18T05:29:47Z
C,ta,2e_K500,async,128,6,0,0.00,100.00,181.44,797.58,227.70,569.88,,,979.02,751.32,1.54,0.00,38.00,1.24,19417100,2026-09-18T05:29:47Z
C,ta,2f_slru,pread,128,6,0,0.00,100.00,92.07,3530.27,225.81,3304.45,,,3622.34,3396.52,1.52,0.00,38.00,1.24,19417824,2026-09-18T05:29:47Z
C,ta,2f_slru,async,128,6,0,0.00,100.00,95.76,1058.09,226.15,831.94,,,1153.85,927.70,1.54,0.00,38.00,1.22,19417824,2026-09-18T05:29:48Z
C,ta,leaf_freq_K10,pread,128,6,0,0.00,100.00,911.20,954.92,223.36,731.57,,,1866.12,1642.77,1.63,18.00,32.00,1.22,19417944,2026-09-18T05:29:48Z
C,ta,leaf_freq_K10,async,128,6,0,0.00,100.00,588.14,304.07,229.17,74.90,,,892.21,663.04,1.60,18.00,31.00,1.22,19421252,2026-09-18T05:29:48Z
C,ta,leaf_rand_K10,pread,128,6,0,0.00,100.00,806.62,1073.11,225.00,848.10,,,1879.73,1654.72,1.60,19.00,30.00,1.22,19421440,2026-09-18T05:29:48Z
C,ta,leaf_rand_K10,async,128,6,0,0.00,100.00,792.56,301.33,226.16,75.16,,,1093.89,867.72,1.61,19.00,30.00,1.22,19420452,2026-09-18T05:29:49Z
C,1gb,layers_5,pread,128,6,0,0.00,100.00,1113.75,635.61,225.64,409.96,,,1749.36,1523.71,1.68,40.00,51.00,1.22,19421200,2026-09-18T05:29:49Z
C,1gb,layers_5,async,128,6,0,0.00,100.00,1169.14,296.28,225.81,70.46,,,1465.42,1239.60,1.68,40.00,51.00,1.22,19421976,2026-09-18T05:29:49Z
C,1gb,layers_92,pread,128,6,0,0.00,100.00,1242.32,7892.75,225.32,7667.43,,,9135.07,8909.75,1.67,38.00,54.00,1.22,19422244,2026-09-18T05:29:49Z
C,1gb,layers_92,async,128,6,0,0.00,100.00,2672.93,433.83,235.58,198.24,,,3106.76,2871.17,1.71,38.00,54.00,1.22,19422552,2026-09-18T05:29:50Z
C,1gb,2d,pread,128,6,0,0.00,100.00,521.13,943.98,231.83,712.15,,,1465.11,1233.28,1.68,37.00,59.00,1.22,19422724,2026-09-18T05:29:50Z
C,1gb,2d,async,128,6,0,0.00,100.00,490.69,298.82,225.55,73.27,,,789.51,563.96,1.67,37.00,59.00,1.22,19423680,2026-09-18T05:29:50Z
C,1gb,2e_K10,pread,128,6,0,0.00,100.00,151.20,1751.25,227.91,1523.34,,,1902.45,1674.54,1.68,36.00,66.00,1.22,19423584,2026-09-18T05:29:51Z
C,1gb,2e_K10,async,128,6,0,0.00,100.00,154.97,316.03,229.65,86.38,,,471.00,241.35,1.67,36.00,66.00,1.22,19424388,2026-09-18T05:29:51Z
C,1gb,2e_K500,pread,128,6,0,0.00,100.00,186.36,5029.11,229.00,4800.10,,,5215.47,4986.46,1.55,1.00,67.00,1.22,19395928,2026-09-18T05:29:51Z
C,1gb,2e_K500,async,128,6,0,0.00,100.00,185.81,982.02,226.78,755.24,,,1167.83,941.05,1.65,37.00,106.00,1.22,19397212,2026-09-18T05:29:51Z
C,1gb,2f_slru,pread,128,6,0,0.00,100.00,94.77,17262.87,225.78,17037.09,,,17357.64,17131.86,1.55,0.00,64.00,1.22,19393056,2026-09-18T05:29:52Z
C,1gb,2f_slru,async,128,6,0,0.00,100.00,107.52,1896.62,231.03,1665.58,,,2004.14,1773.10,1.57,0.00,64.00,1.22,19394964,2026-09-18T05:29:52Z
C,1gb,leaf_freq_K10,pread,128,6,0,0.00,100.00,866.69,1092.21,225.39,866.82,,,1958.90,1733.51,1.67,38.00,63.00,1.20,19394372,2026-09-18T05:29:52Z
C,1gb,leaf_freq_K10,async,128,6,0,0.00,100.00,936.04,299.04,224.51,74.53,,,1235.08,1010.57,1.68,38.00,63.00,1.20,19394620,2026-09-18T05:29:53Z
C,1gb,leaf_rand_K10,pread,128,6,0,0.00,100.00,1139.99,1064.61,227.29,837.32,,,2204.60,1977.31,1.67,40.00,51.00,1.20,19394508,2026-09-18T05:29:53Z
C,1gb,leaf_rand_K10,async,128,6,0,0.00,100.00,2150.15,305.55,228.90,76.64,,,2455.70,2226.79,1.70,40.00,51.00,1.20,19395588,2026-09-18T05:29:53Z
A,vacuum,baseline,baseline,128,7,0,0.00,0.00,948.37,0.00,0.00,0.00,,,948.37,948.37,2.01,148.00,212.00,1.20,19396176,2026-09-18T05:29:54Z
A,ta,baseline,baseline,128,7,0,0.00,0.00,997.84,0.00,0.00,0.00,,,997.84,997.84,2.16,189.00,259.00,1.20,19394016,2026-09-18T05:29:54Z
A,1gb,baseline,baseline,128,7,0,0.00,0.00,1574.72,0.00,0.00,0.00,,,1574.72,1574.72,2.20,190.00,267.00,1.20,19394432,2026-09-18T05:29:54Z
B,vacuum,baseline,baseline,128,7,0,0.00,0.00,989.88,0.00,0.00,0.00,,,989.88,989.88,2.08,144.00,233.00,1.20,19395960,2026-09-18T05:29:55Z
B,ta,baseline,baseline,128,7,0,0.00,0.00,724.54,0.00,0.00,0.00,,,724.54,724.54,2.19,190.00,268.00,1.20,19395800,2026-09-18T05:29:55Z
B,1gb,baseline,baseline,128,7,0,0.00,0.00,1177.33,0.00,0.00,0.00,,,1177.33,1177.33,2.21,188.00,262.00,1.20,19396728,2026-09-18T05:29:55Z
C,vacuum,baseline,baseline,128,7,0,0.00,0.00,1163.40,0.00,0.00,0.00,,,1163.40,1163.40,1.53,12.00,29.00,1.20,19398560,2026-09-18T05:29:55Z
C,ta,baseline,baseline,128,7,0,0.00,0.00,2102.25,0.00,0.00,0.00,,,2102.25,2102.25,1.65,19.00,30.00,1.20,19400108,2026-09-18T05:29:56Z
C,1gb,baseline,baseline,128,7,0,0.00,0.00,1253.65,0.00,0.00,0.00,,,1253.65,1253.65,1.69,40.00,52.00,1.20,19397364,2026-09-18T05:29:56Z
A,vacuum,layers_5,async,128,7,0,0.00,100.00,869.43,264.48,194.71,69.77,,,1133.91,939.20,2.03,150.00,212.00,1.20,19379128,2026-09-18T05:29:56Z
A,vacuum,layers_92,async,128,7,0,0.00,100.00,416.77,386.30,200.76,185.54,,,803.07,602.31,2.03,146.00,223.00,1.20,19387848,2026-09-18T05:29:57Z
A,vacuum,2d,async,128,7,0,0.00,100.00,418.15,276.84,198.40,78.44,,,694.99,496.59,2.01,146.00,223.00,1.20,19389156,2026-09-18T05:29:57Z
A,vacuum,2e_K10,async,128,7,0,0.00,100.00,1509.22,284.75,193.54,91.20,,,1793.97,1600.42,2.04,148.00,227.00,1.20,19391804,2026-09-18T05:29:57Z
A,vacuum,2e_K500,async,128,7,0,0.00,100.00,393.65,1091.79,195.59,896.21,,,1485.44,1289.86,1.95,145.00,335.00,1.18,19403732,2026-09-18T05:29:58Z
A,vacuum,2f_slru,async,128,7,0,0.00,100.00,97.93,5544.16,194.28,5349.88,,,5642.09,5447.81,1.57,0.00,214.00,1.18,19405208,2026-09-18T05:29:58Z
A,vacuum,leaf_freq_K10,async,128,7,0,0.00,100.00,1056.27,270.25,195.95,74.30,,,1326.52,1130.57,2.03,149.00,217.00,1.18,19403636,2026-09-18T05:29:58Z
A,vacuum,leaf_rand_K10,async,128,7,0,0.00,100.00,983.66,271.28,195.26,76.02,,,1254.94,1059.68,2.01,148.00,212.00,1.18,19403512,2026-09-18T05:29:58Z
A,ta,layers_5,async,128,7,0,0.00,100.00,1008.38,262.96,194.26,68.70,,,1271.34,1077.08,2.14,189.00,259.00,1.18,19403260,2026-09-18T05:29:59Z
A,ta,layers_92,async,128,7,0,0.00,100.00,528.29,372.51,195.28,177.23,,,900.80,705.52,2.12,188.00,259.00,1.18,19403708,2026-09-18T05:29:59Z
A,ta,2d,async,128,7,0,0.00,66.00,556.99,313.89,195.98,117.91,,,870.88,674.90,2.15,188.00,259.00,1.18,19405300,2026-09-18T05:29:59Z
A,ta,2e_K10,async,128,7,0,0.00,100.00,590.05,323.32,197.34,125.98,,,913.37,716.03,2.15,189.00,268.00,1.18,19405800,2026-09-18T05:30:00Z
A,ta,2e_K500,async,128,7,0,0.00,45.70,639.86,1001.12,186.52,814.60,,,1640.98,1454.46,2.14,192.00,384.00,1.18,19405948,2026-09-18T05:30:00Z
A,ta,2f_slru,async,128,7,0,0.00,96.30,98.03,11963.14,77.69,11885.46,,,12061.17,11983.49,1.58,0.00,279.00,1.18,19404420,2026-09-18T05:30:00Z
A,ta,leaf_freq_K10,async,128,7,0,0.00,100.00,1102.29,262.15,187.67,74.48,,,1364.44,1176.77,2.16,190.00,268.00,1.18,19407148,2026-09-18T05:30:01Z
A,ta,leaf_rand_K10,async,128,7,0,0.00,100.00,990.36,265.48,187.96,77.52,,,1255.84,1067.88,2.18,189.00,259.00,1.18,19378196,2026-09-18T05:30:01Z
A,1gb,layers_5,async,128,7,0,0.00,100.00,1459.76,256.56,187.76,68.80,,,1716.32,1528.56,2.25,190.00,268.00,1.18,19382280,2026-09-18T05:30:01Z
A,1gb,layers_92,async,128,7,0,0.00,100.00,889.96,420.85,186.33,234.52,,,1310.81,1124.48,2.19,190.00,272.00,1.18,19362624,2026-09-18T05:30:02Z
A,1gb,2d,async,128,7,0,0.00,100.00,626.31,274.47,186.10,88.37,,,900.78,714.68,2.13,189.00,273.00,1.18,19363276,2026-09-18T05:30:02Z
A,1gb,2e_K10,async,128,7,0,0.00,100.00,642.16,1185.18,750.51,434.67,,,1827.34,1076.83,2.22,190.00,286.00,1.18,19365964,2026-09-18T05:30:02Z
A,1gb,2e_K500,async,128,7,0,0.00,100.00,679.00,1112.89,189.51,923.39,,,1791.89,1602.39,2.13,194.00,396.00,1.17,19366908,2026-09-18T05:30:03Z
A,1gb,2f_slru,async,128,7,0,0.00,100.00,103.14,7184.29,185.03,6999.26,,,7287.43,7102.40,1.58,0.00,280.00,1.17,19361660,2026-09-18T05:30:03Z
A,1gb,leaf_freq_K10,async,128,7,0,0.00,100.00,1612.02,263.27,187.04,76.23,,,1875.29,1688.25,2.20,189.00,280.00,1.17,19365784,2026-09-18T05:30:03Z
A,1gb,leaf_rand_K10,async,128,7,0,0.00,100.00,1400.52,263.12,186.91,76.20,,,1663.64,1476.72,2.17,190.00,266.00,1.17,19366636,2026-09-18T05:30:04Z
B,vacuum,layers_5,async,128,7,0,0.00,100.00,879.42,257.37,187.89,69.48,,,1136.79,948.90,2.07,144.00,233.00,1.17,19366800,2026-09-18T05:30:04Z
B,vacuum,layers_92,async,128,7,0,0.00,100.00,592.97,370.92,185.01,185.91,,,963.89,778.88,2.07,143.00,232.00,1.17,19369508,2026-09-18T05:30:04Z
B,vacuum,2d,async,128,7,0,0.00,100.00,526.41,261.81,188.03,73.78,,,788.22,600.19,2.06,143.00,232.00,1.17,19369636,2026-09-18T05:30:05Z
B,vacuum,2e_K10,async,128,7,0,0.00,100.00,564.93,282.74,189.59,93.16,,,847.67,658.09,2.22,144.00,235.00,1.17,19369988,2026-09-18T05:30:05Z
B,vacuum,2e_K500,async,128,7,0,0.00,29.30,182.30,930.97,186.88,744.09,,,1113.27,926.39,2.03,142.00,287.00,1.17,19371080,2026-09-18T05:30:05Z
B,vacuum,2f_slru,async,128,7,0,0.00,100.00,99.48,6146.99,507.52,5639.46,,,6246.47,5738.94,1.60,0.00,214.00,1.17,19371224,2026-09-18T05:30:05Z
B,vacuum,leaf_freq_K10,async,128,7,0,0.00,100.00,1026.81,257.53,183.93,73.61,,,1284.34,1100.42,2.03,145.00,233.00,1.17,19370512,2026-09-18T05:30:06Z
B,vacuum,leaf_rand_K10,async,128,7,0,0.00,100.00,956.30,257.10,182.70,74.40,,,1213.40,1030.70,2.05,144.00,233.00,1.17,19372616,2026-09-18T05:30:06Z
B,ta,layers_5,async,128,7,0,0.00,100.00,952.89,252.79,180.98,71.81,,,1205.68,1024.70,2.21,190.00,267.00,1.17,19375780,2026-09-18T05:30:06Z
B,ta,layers_92,async,128,7,0,0.00,100.00,554.53,365.14,186.42,178.72,,,919.67,733.25,2.16,189.00,267.00,1.17,19376628,2026-09-18T05:30:07Z
B,ta,2d,async,128,7,0,0.00,66.00,506.41,303.14,186.52,116.62,,,809.55,623.03,2.26,189.00,267.00,1.17,19376024,2026-09-18T05:30:07Z
B,ta,2e_K10,async,128,7,0,0.00,70.20,572.39,318.62,187.84,130.78,,,891.01,703.17,2.24,190.00,268.00,1.24,19378664,2026-09-18T05:30:07Z
B,ta,2e_K500,async,128,7,0,0.00,49.00,181.80,992.90,185.84,807.06,,,1174.70,988.86,2.19,183.00,314.00,1.24,19379556,2026-09-18T05:30:08Z
B,ta,2f_slru,async,128,7,0,0.00,90.20,94.92,7196.15,187.13,7009.02,,,7291.07,7103.94,1.64,0.00,279.00,1.24,19380120,2026-09-18T05:30:08Z
B,ta,leaf_freq_K10,async,128,7,0,0.00,100.00,688.57,263.15,187.67,75.48,,,951.72,764.05,2.22,191.00,269.00,1.24,19383424,2026-09-18T05:30:08Z
B,ta,leaf_rand_K10,async,128,7,0,0.00,100.00,656.41,262.64,187.28,75.36,,,919.05,731.77,2.20,190.00,268.00,1.24,19383880,2026-09-18T05:30:09Z
B,1gb,layers_5,async,128,7,0,0.00,100.00,1278.44,257.13,188.75,68.38,,,1535.57,1346.82,2.23,188.00,261.00,1.24,19384524,2026-09-18T05:30:09Z
B,1gb,layers_92,async,128,7,0,0.00,100.00,793.28,396.76,187.45,209.30,,,1190.04,1002.58,2.22,188.00,266.00,1.24,19386028,2026-09-18T05:30:09Z
B,1gb,2d,async,128,7,0,0.00,100.00,527.59,267.90,179.82,88.08,,,795.49,615.67,2.21,187.00,267.00,1.24,19386400,2026-09-18T05:30:10Z
B,1gb,2e_K10,async,128,7,0,0.00,100.00,546.71,293.83,190.49,103.34,,,840.54,650.05,2.21,188.00,268.00,1.24,19386468,2026-09-18T05:30:10Z
B,1gb,2e_K500,async,128,7,0,0.00,100.00,184.52,1127.10,232.58,894.52,,,1311.62,1079.04,2.18,186.00,320.00,1.24,19387724,2026-09-18T05:30:10Z
B,1gb,2f_slru,async,128,7,0,0.00,100.00,101.02,7289.55,233.03,7056.52,,,7390.57,7157.54,1.64,0.00,280.00,1.24,19385336,2026-09-18T05:30:11Z
B,1gb,leaf_freq_K10,async,128,7,0,0.00,100.00,1259.89,307.29,233.13,74.16,,,1567.18,1334.05,2.25,188.00,262.00,1.24,19388244,2026-09-18T05:30:11Z
B,1gb,leaf_rand_K10,async,128,7,0,0.00,100.00,1179.48,309.24,232.44,76.80,,,1488.72,1256.28,2.20,188.00,261.00,1.24,19390668,2026-09-18T05:30:11Z
C,vacuum,layers_5,async,128,7,0,0.00,100.00,1262.13,317.38,245.30,72.08,,,1579.51,1334.21,1.55,12.00,29.00,1.24,19391036,2026-09-18T05:30:12Z
C,vacuum,layers_92,async,128,7,0,0.00,100.00,598.41,416.24,231.72,184.53,,,1014.65,782.94,1.52,12.00,31.00,1.24,19391492,2026-09-18T05:30:12Z
C,vacuum,2d,async,128,7,0,0.00,100.00,623.71,299.46,229.88,69.58,,,923.17,693.29,1.58,12.00,31.00,1.24,19394164,2026-09-18T05:30:12Z
C,vacuum,2e_K10,async,128,7,0,0.00,92.90,178.10,315.30,232.71,82.59,,,493.40,260.69,1.55,12.00,33.00,1.30,19379312,2026-09-18T05:30:12Z
C,vacuum,2e_K500,async,128,7,0,0.00,60.10,176.92,713.08,229.61,483.47,,,890.00,660.39,1.49,0.00,30.00,1.30,19394752,2026-09-18T05:30:13Z
C,vacuum,2f_slru,async,128,7,0,0.00,100.00,94.65,782.13,230.85,551.28,,,876.78,645.93,1.48,0.00,30.00,1.30,19394464,2026-09-18T05:30:13Z
C,vacuum,leaf_freq_K10,async,128,7,0,0.00,100.00,792.22,305.28,231.34,73.95,,,1097.50,866.17,1.54,12.00,31.00,1.30,19397556,2026-09-18T05:30:13Z
C,vacuum,leaf_rand_K10,async,128,7,0,0.00,100.00,1146.36,303.56,227.97,75.59,,,1449.92,1221.95,1.54,12.00,29.00,1.30,19397012,2026-09-18T05:30:13Z
C,ta,layers_5,async,128,7,0,0.00,100.00,790.39,301.24,231.27,69.96,,,1091.63,860.35,1.61,19.00,30.00,1.30,19397624,2026-09-18T05:30:14Z
C,ta,layers_92,async,128,7,0,0.00,42.40,436.31,395.84,232.12,163.73,,,832.15,600.04,1.60,18.00,31.00,1.30,19399996,2026-09-18T05:30:14Z
C,ta,2d,async,128,7,0,0.00,64.60,439.95,350.52,232.51,118.01,,,790.47,557.96,1.59,18.00,31.00,1.30,19401996,2026-09-18T05:30:14Z
C,ta,2e_K10,async,128,7,0,0.00,60.30,176.26,355.78,230.77,125.00,,,532.04,301.26,1.59,17.00,32.00,1.30,19401536,2026-09-18T05:30:14Z
C,ta,2e_K500,async,128,7,0,0.00,100.00,178.44,825.52,233.96,591.56,,,1003.96,770.00,1.55,0.00,38.00,1.30,19401896,2026-09-18T05:30:15Z
C,ta,2f_slru,async,128,7,0,0.00,100.00,95.08,1029.96,234.77,795.18,,,1125.04,890.26,1.55,0.00,38.00,1.30,19402760,2026-09-18T05:30:15Z
C,ta,leaf_freq_K10,async,128,7,0,0.00,100.00,921.42,302.89,229.99,72.90,,,1224.31,994.32,1.61,18.00,31.00,1.30,19404220,2026-09-18T05:30:15Z
C,ta,leaf_rand_K10,async,128,7,0,0.00,100.00,720.17,306.44,231.87,74.57,,,1026.61,794.74,1.62,19.00,30.00,1.30,19404068,2026-09-18T05:30:16Z
C,1gb,layers_5,async,128,7,0,0.00,100.00,1219.08,300.89,232.16,68.73,,,1519.97,1287.81,1.69,40.00,51.00,1.30,19403764,2026-09-18T05:30:16Z
C,1gb,layers_92,async,128,7,0,0.00,100.00,1234.67,415.08,228.43,186.65,,,1649.75,1421.32,1.70,38.00,54.00,1.30,19403736,2026-09-18T05:30:16Z
C,1gb,2d,async,128,7,0,0.00,100.00,453.69,302.64,230.37,72.27,,,756.33,525.96,1.68,37.00,59.00,1.30,19405136,2026-09-18T05:30:16Z
C,1gb,2e_K10,async,128,7,0,0.00,100.00,148.22,950.66,865.74,84.92,,,1098.88,233.14,1.67,36.00,66.00,1.30,19404932,2026-09-18T05:30:17Z
C,1gb,2e_K500,async,128,7,0,0.00,100.00,181.06,929.00,231.71,697.29,,,1110.06,878.35,1.67,37.00,105.00,1.30,19405148,2026-09-18T05:30:17Z
C,1gb,2f_slru,async,128,7,0,0.00,100.00,97.22,1876.17,234.50,1641.67,,,1973.39,1738.89,1.57,0.00,64.00,1.30,19406068,2026-09-18T05:30:17Z
C,1gb,leaf_freq_K10,async,128,7,0,0.00,100.00,980.65,307.96,232.55,75.41,,,1288.61,1056.06,1.70,38.00,63.00,1.27,19404628,2026-09-18T05:30:18Z
C,1gb,leaf_rand_K10,async,128,7,0,0.00,100.00,1289.74,309.50,232.56,76.94,,,1599.24,1366.68,1.70,40.00,51.00,1.27,19400352,2026-09-18T05:30:18Z
A,vacuum,baseline,baseline,128,8,0,0.00,0.00,978.89,0.00,0.00,0.00,,,978.89,978.89,2.05,148.00,212.00,1.27,19420544,2026-09-18T05:30:18Z
A,ta,baseline,baseline,128,8,0,0.00,0.00,1150.37,0.00,0.00,0.00,,,1150.37,1150.37,2.14,189.00,259.00,1.27,19421032,2026-09-18T05:30:18Z
A,1gb,baseline,baseline,128,8,0,0.00,0.00,1455.19,0.00,0.00,0.00,,,1455.19,1455.19,2.19,190.00,267.00,1.27,19420456,2026-09-18T05:30:19Z
B,vacuum,baseline,baseline,128,8,0,0.00,0.00,908.45,0.00,0.00,0.00,,,908.45,908.45,2.19,144.00,233.00,1.27,19420996,2026-09-18T05:30:19Z
B,ta,baseline,baseline,128,8,0,0.00,0.00,710.78,0.00,0.00,0.00,,,710.78,710.78,2.22,190.00,268.00,1.27,19422460,2026-09-18T05:30:19Z
B,1gb,baseline,baseline,128,8,0,0.00,0.00,1184.25,0.00,0.00,0.00,,,1184.25,1184.25,2.21,188.00,262.00,1.27,19421296,2026-09-18T05:30:20Z
C,vacuum,baseline,baseline,128,8,0,0.00,0.00,1167.43,0.00,0.00,0.00,,,1167.43,1167.43,1.53,12.00,29.00,1.27,19423332,2026-09-18T05:30:20Z
C,ta,baseline,baseline,128,8,0,0.00,0.00,814.27,0.00,0.00,0.00,,,814.27,814.27,1.62,19.00,30.00,1.27,19423572,2026-09-18T05:30:20Z
C,1gb,baseline,baseline,128,8,0,0.00,0.00,1351.09,0.00,0.00,0.00,,,1351.09,1351.09,1.69,40.00,52.00,1.27,19422912,2026-09-18T05:30:21Z
A,vacuum,layers_5,async,128,8,0,0.00,100.00,911.35,266.77,196.82,69.95,,,1178.12,981.30,2.04,150.00,212.00,1.27,19423844,2026-09-18T05:30:21Z
A,vacuum,layers_92,async,128,8,0,0.00,100.00,423.29,389.43,198.87,190.56,,,812.72,613.85,2.05,146.00,223.00,1.27,19424160,2026-09-18T05:30:21Z
A,vacuum,2d,async,128,8,0,0.00,100.00,408.38,273.88,196.34,77.55,,,682.26,485.93,2.00,146.00,223.00,1.27,19423276,2026-09-18T05:30:22Z
A,vacuum,2e_K10,async,128,8,0,0.00,100.00,405.86,281.46,194.01,87.44,,,687.32,493.30,2.02,148.00,227.00,1.27,19423428,2026-09-18T05:30:22Z
A,vacuum,2e_K500,async,128,8,0,0.00,100.00,409.35,1229.80,258.52,971.29,,,1639.15,1380.64,2.03,145.00,334.00,1.27,19425284,2026-09-18T05:30:22Z
A,vacuum,2f_slru,async,128,8,0,0.00,100.00,99.06,5539.68,196.23,5343.45,,,5638.74,5442.51,1.57,0.00,214.00,1.25,19425720,2026-09-18T05:30:22Z
A,vacuum,leaf_freq_K10,async,128,8,0,0.00,100.00,995.56,271.11,194.12,76.98,,,1266.67,1072.54,2.03,149.00,217.00,1.25,19426088,2026-09-18T05:30:23Z
A,vacuum,leaf_rand_K10,async,128,8,0,0.00,100.00,984.02,270.44,195.21,75.23,,,1254.46,1059.25,2.02,148.00,212.00,1.25,19427152,2026-09-18T05:30:23Z
A,ta,layers_5,async,128,8,0,0.00,100.00,1010.02,265.20,196.19,69.01,,,1275.22,1079.03,2.17,189.00,259.00,1.25,19391468,2026-09-18T05:30:23Z
A,ta,layers_92,async,128,8,0,0.00,42.40,763.92,364.73,196.56,168.17,,,1128.65,932.09,2.25,188.00,259.00,1.25,19400416,2026-09-18T05:30:24Z
A,ta,2d,async,128,8,0,0.00,63.80,596.98,313.29,198.43,114.86,,,910.27,711.84,2.17,188.00,259.00,1.25,19400300,2026-09-18T05:30:24Z
A,ta,2e_K10,async,128,8,0,0.00,100.00,631.91,324.32,194.51,129.81,,,956.23,761.72,2.14,189.00,268.00,1.25,19401592,2026-09-18T05:30:24Z
A,ta,2e_K500,async,128,8,0,0.00,38.90,1062.82,913.79,192.74,721.05,,,1976.61,1783.87,2.24,192.00,383.00,1.25,19401376,2026-09-18T05:30:25Z
A,ta,2f_slru,async,128,8,0,0.00,100.00,98.73,7103.66,187.23,6916.43,,,7202.39,7015.16,1.57,0.00,279.00,1.25,19398760,2026-09-18T05:30:25Z
A,ta,leaf_freq_K10,async,128,8,0,0.00,100.00,1027.69,260.84,187.26,73.58,,,1288.53,1101.27,2.15,190.00,268.00,1.25,19403440,2026-09-18T05:30:25Z
A,ta,leaf_rand_K10,async,128,8,0,0.00,100.00,915.35,264.05,187.70,76.34,,,1179.40,991.69,2.13,189.00,259.00,1.25,19404332,2026-09-18T05:30:26Z
A,1gb,layers_5,async,128,8,0,0.00,100.00,1268.81,255.83,187.14,68.69,,,1524.64,1337.50,2.15,190.00,268.00,1.25,19404608,2026-09-18T05:30:26Z
A,1gb,layers_92,async,128,8,0,0.00,100.00,938.70,397.71,186.33,211.38,,,1336.41,1150.08,2.15,190.00,272.00,1.25,19405980,2026-09-18T05:30:26Z
A,1gb,2d,async,128,8,0,0.00,100.00,639.79,278.58,186.35,92.23,,,918.37,732.02,2.18,189.00,273.00,1.25,19406708,2026-09-18T05:30:27Z
A,1gb,2e_K10,async,128,8,0,0.00,100.00,610.64,297.02,187.45,109.57,,,907.66,720.21,2.16,190.00,286.00,1.25,19407340,2026-09-18T05:30:27Z
A,1gb,2e_K500,async,128,8,0,0.00,100.00,677.58,1096.25,186.35,909.90,,,1773.83,1587.48,2.16,194.00,397.00,1.25,19409140,2026-09-18T05:30:27Z
A,1gb,2f_slru,async,128,8,0,0.00,100.00,101.52,7110.29,186.01,6924.28,,,7211.81,7025.80,1.60,0.00,280.00,1.23,19407004,2026-09-18T05:30:28Z
A,1gb,leaf_freq_K10,async,128,8,0,0.00,100.00,1394.02,266.46,186.42,80.04,,,1660.48,1474.06,2.13,189.00,280.00,1.23,19410044,2026-09-18T05:30:28Z
A,1gb,leaf_rand_K10,async,128,8,0,0.00,100.00,1466.61,298.32,218.56,79.76,,,1764.93,1546.37,2.21,190.00,266.00,1.23,19410796,2026-09-18T05:30:28Z
B,vacuum,layers_5,async,128,8,0,0.00,100.00,934.92,256.59,187.04,69.55,,,1191.51,1004.47,2.07,144.00,233.00,1.23,19399608,2026-09-18T05:30:29Z
B,vacuum,layers_92,async,128,8,0,0.00,100.00,558.28,361.33,177.94,183.40,,,919.61,741.68,2.07,143.00,232.00,1.23,19409132,2026-09-18T05:30:29Z
B,vacuum,2d,async,128,8,0,0.00,100.00,513.45,267.08,188.86,78.23,,,780.53,591.68,2.04,143.00,232.00,1.23,19411740,2026-09-18T05:30:29Z
B,vacuum,2e_K10,async,128,8,0,0.00,100.00,527.41,276.45,187.15,89.30,,,803.86,616.71,2.05,144.00,235.00,1.23,19412720,2026-09-18T05:30:30Z
B,vacuum,2e_K500,async,128,8,0,0.00,24.80,182.91,936.00,187.24,748.76,,,1118.91,931.67,2.01,142.00,289.00,1.23,19413404,2026-09-18T05:30:30Z
B,vacuum,2f_slru,async,128,8,0,0.00,100.00,98.98,5550.86,188.51,5362.34,,,5649.84,5461.32,1.61,0.00,214.00,1.23,19414192,2026-09-18T05:30:30Z
B,vacuum,leaf_freq_K10,async,128,8,0,0.00,100.00,1000.57,258.36,185.59,72.77,,,1258.93,1073.34,2.05,145.00,233.00,1.23,19414808,2026-09-18T05:30:30Z
B,vacuum,leaf_rand_K10,async,128,8,0,0.00,100.00,1010.15,259.73,185.48,74.25,,,1269.88,1084.40,2.17,144.00,233.00,1.23,19414824,2026-09-18T05:30:31Z
B,ta,layers_5,async,128,8,0,0.00,100.00,990.50,256.57,188.01,68.56,,,1247.07,1059.06,2.21,190.00,267.00,1.23,19415396,2026-09-18T05:30:31Z
B,ta,layers_92,async,128,8,0,0.00,100.00,561.66,365.03,186.67,178.36,,,926.69,740.02,2.18,189.00,267.00,1.23,19416744,2026-09-18T05:30:31Z
B,ta,2d,async,128,8,0,0.00,66.00,570.46,301.12,186.95,114.17,,,871.58,684.63,2.19,189.00,267.00,1.23,19416536,2026-09-18T05:30:32Z
B,ta,2e_K10,async,128,8,0,0.00,71.90,544.52,318.69,186.31,132.38,,,863.21,676.90,2.24,190.00,268.00,1.23,19417504,2026-09-18T05:30:32Z
B,ta,2e_K500,async,128,8,0,0.00,26.10,186.19,955.24,186.87,768.37,,,1141.43,954.56,2.19,183.00,315.00,1.21,19417480,2026-09-18T05:30:32Z
B,ta,2f_slru,async,128,8,0,0.00,100.00,98.17,7188.24,187.20,7001.04,,,7286.41,7099.21,1.63,0.00,279.00,1.21,19415272,2026-09-18T05:30:33Z
B,ta,leaf_freq_K10,async,128,8,0,0.00,100.00,708.36,262.05,187.29,74.76,,,970.41,783.12,2.20,191.00,269.00,1.21,19417340,2026-09-18T05:30:33Z
B,ta,leaf_rand_K10,async,128,8,0,0.00,100.00,723.43,263.25,186.05,77.20,,,986.68,800.63,2.24,190.00,268.00,1.21,19416876,2026-09-18T05:30:33Z
B,1gb,layers_5,async,128,8,0,0.00,100.00,1221.58,255.25,186.02,69.23,,,1476.83,1290.81,2.23,188.00,261.00,1.21,19416956,2026-09-18T05:30:34Z
B,1gb,layers_92,async,128,8,0,0.00,100.00,815.03,395.65,186.15,209.50,,,1210.68,1024.53,2.23,188.00,266.00,1.21,19413176,2026-09-18T05:30:34Z
B,1gb,2d,async,128,8,0,0.00,100.00,490.73,306.24,187.20,119.03,,,796.97,609.76,2.25,187.00,267.00,1.21,19415556,2026-09-18T05:30:34Z
B,1gb,2e_K10,async,128,8,0,0.00,100.00,524.91,295.72,186.37,109.35,,,820.63,634.26,2.19,188.00,268.00,1.21,19415788,2026-09-18T05:30:35Z
B,1gb,2e_K500,async,128,8,0,0.00,100.00,185.11,1105.14,195.59,909.55,,,1290.25,1094.66,2.19,186.00,319.00,1.21,19416116,2026-09-18T05:30:35Z
B,1gb,2f_slru,async,128,8,0,0.00,100.00,98.67,7282.83,196.28,7086.55,,,7381.50,7185.22,1.63,0.00,280.00,1.21,19413624,2026-09-18T05:30:35Z
B,1gb,leaf_freq_K10,async,128,8,0,0.00,100.00,1242.10,271.94,196.04,75.90,,,1514.04,1318.00,2.21,188.00,262.00,1.21,19413936,2026-09-18T05:30:36Z
B,1gb,leaf_rand_K10,async,128,8,0,0.00,100.00,1318.68,271.33,196.28,75.05,,,1590.01,1393.73,2.21,188.00,261.00,1.21,19414680,2026-09-18T05:30:36Z
C,vacuum,layers_5,async,128,8,0,0.00,100.00,1025.29,263.87,193.44,70.42,,,1289.16,1095.71,1.54,12.00,29.00,1.21,19413536,2026-09-18T05:30:36Z
C,vacuum,layers_92,async,128,8,0,0.00,100.00,637.48,375.10,186.38,188.71,,,1012.58,826.19,1.51,12.00,31.00,1.21,19413932,2026-09-18T05:30:37Z
C,vacuum,2d,async,128,8,0,0.00,100.00,631.64,268.17,195.91,72.27,,,899.81,703.91,1.51,12.00,31.00,1.21,19413692,2026-09-18T05:30:37Z
C,vacuum,2e_K10,async,128,8,0,0.00,100.00,177.38,277.05,196.15,80.90,,,454.43,258.28,1.53,12.00,33.00,1.21,19413448,2026-09-18T05:30:37Z
C,vacuum,2e_K500,async,128,8,0,0.00,85.50,178.29,679.56,201.11,478.45,,,857.85,656.74,1.47,0.00,30.00,1.21,19414512,2026-09-18T05:30:37Z
C,vacuum,2f_slru,async,128,8,0,0.00,100.00,95.32,759.10,194.28,564.82,,,854.42,660.14,1.47,0.00,30.00,1.20,19415176,2026-09-18T05:30:38Z
C,vacuum,leaf_freq_K10,async,128,8,0,0.00,100.00,656.83,270.81,195.75,75.06,,,927.64,731.89,1.55,12.00,31.00,1.20,19414740,2026-09-18T05:30:38Z
C,vacuum,leaf_rand_K10,async,128,8,0,0.00,100.00,1145.24,270.23,194.21,76.02,,,1415.47,1221.26,1.52,12.00,29.00,1.20,19415852,2026-09-18T05:30:38Z
C,ta,layers_5,async,128,8,0,0.00,100.00,782.92,261.09,192.26,68.83,,,1044.01,851.75,1.62,19.00,30.00,1.20,19417212,2026-09-18T05:30:38Z
C,ta,layers_92,async,128,8,0,0.00,100.00,446.49,360.07,195.46,164.61,,,806.56,611.10,1.59,18.00,31.00,1.20,19431240,2026-09-18T05:30:39Z
C,ta,2d,async,128,8,0,0.00,64.60,384.93,312.80,195.65,117.15,,,697.73,502.08,1.59,18.00,31.00,1.20,19431528,2026-09-18T05:30:39Z
C,ta,2e_K10,async,128,8,0,0.00,70.70,178.68,325.55,195.10,130.46,,,504.23,309.14,1.58,17.00,32.00,1.20,19432552,2026-09-18T05:30:39Z
C,ta,2e_K500,async,128,8,0,0.00,100.00,180.37,782.64,193.86,588.78,,,963.01,769.15,1.53,0.00,38.00,1.20,19415780,2026-09-18T05:30:39Z
C,ta,2f_slru,async,128,8,0,0.00,100.00,95.08,996.33,192.88,803.45,,,1091.41,898.53,1.54,0.00,38.00,1.20,19427980,2026-09-18T05:30:40Z
C,ta,leaf_freq_K10,async,128,8,0,0.00,100.00,922.08,261.30,186.62,74.68,,,1183.38,996.76,1.59,18.00,31.00,1.20,19428208,2026-09-18T05:30:40Z
C,ta,leaf_rand_K10,async,128,8,0,0.00,100.00,801.95,269.83,194.76,75.07,,,1071.78,877.02,1.61,19.00,30.00,1.20,19428988,2026-09-18T05:30:40Z
C,1gb,layers_5,async,128,8,0,0.00,100.00,1182.84,262.94,194.46,68.49,,,1445.78,1251.33,1.70,40.00,51.00,1.20,19428620,2026-09-18T05:30:40Z
C,1gb,layers_92,async,128,8,0,0.00,100.00,1294.79,395.12,195.50,199.62,,,1689.91,1494.41,1.69,38.00,54.00,1.20,19428976,2026-09-18T05:30:41Z
C,1gb,2d,async,128,8,0,0.00,100.00,487.01,268.11,195.16,72.96,,,755.12,559.97,1.66,37.00,59.00,1.20,19428828,2026-09-18T05:30:41Z
C,1gb,2e_K10,async,128,8,0,0.00,100.00,458.93,288.32,197.27,91.05,,,747.25,549.98,1.68,36.00,66.00,1.20,19429048,2026-09-18T05:30:41Z
C,1gb,2e_K500,async,128,8,0,0.00,100.00,184.36,888.61,195.61,693.00,,,1072.97,877.36,1.66,37.00,105.00,1.20,19429384,2026-09-18T05:30:42Z
C,1gb,2f_slru,async,128,8,0,0.00,100.00,101.17,1924.03,193.88,1730.15,,,2025.20,1831.32,1.56,0.00,64.00,1.20,19430444,2026-09-18T05:30:42Z
C,1gb,leaf_freq_K10,async,128,8,0,0.00,100.00,1025.16,270.02,195.13,74.89,,,1295.18,1100.05,1.70,38.00,63.00,1.20,19429892,2026-09-18T05:30:42Z
C,1gb,leaf_rand_K10,async,128,8,0,0.00,100.00,1220.82,268.28,193.48,74.80,,,1489.10,1295.62,1.67,40.00,51.00,1.18,19430416,2026-09-18T05:30:42Z
A,vacuum,baseline,baseline,128,9,0,0.00,0.00,943.32,0.00,0.00,0.00,,,943.32,943.32,2.03,148.00,212.00,1.18,19426716,2026-09-18T05:30:43Z
A,ta,baseline,baseline,128,9,0,0.00,0.00,972.35,0.00,0.00,0.00,,,972.35,972.35,2.15,189.00,259.00,1.18,19428240,2026-09-18T05:30:43Z
A,1gb,baseline,baseline,128,9,0,0.00,0.00,1418.34,0.00,0.00,0.00,,,1418.34,1418.34,2.16,190.00,267.00,1.18,19426036,2026-09-18T05:30:43Z
B,vacuum,baseline,baseline,128,9,0,0.00,0.00,1045.57,0.00,0.00,0.00,,,1045.57,1045.57,2.05,144.00,233.00,1.18,19428388,2026-09-18T05:30:44Z
B,ta,baseline,baseline,128,9,0,0.00,0.00,734.34,0.00,0.00,0.00,,,734.34,734.34,2.22,190.00,268.00,1.18,19413620,2026-09-18T05:30:44Z
B,1gb,baseline,baseline,128,9,0,0.00,0.00,1287.61,0.00,0.00,0.00,,,1287.61,1287.61,2.20,188.00,262.00,1.18,19412240,2026-09-18T05:30:44Z
C,vacuum,baseline,baseline,128,9,0,0.00,0.00,1168.67,0.00,0.00,0.00,,,1168.67,1168.67,1.51,12.00,29.00,1.18,19414248,2026-09-18T05:30:45Z
C,ta,baseline,baseline,128,9,0,0.00,0.00,823.10,0.00,0.00,0.00,,,823.10,823.10,1.58,19.00,30.00,1.18,19414276,2026-09-18T05:30:45Z
C,1gb,baseline,baseline,128,9,0,0.00,0.00,1222.82,0.00,0.00,0.00,,,1222.82,1222.82,1.67,40.00,52.00,1.18,19414280,2026-09-18T05:30:45Z
A,vacuum,layers_5,async,128,9,0,0.00,100.00,822.84,279.40,207.32,72.08,,,1102.24,894.92,2.04,150.00,212.00,1.18,19386756,2026-09-18T05:30:46Z
A,vacuum,layers_92,async,128,9,0,0.00,100.00,418.27,989.12,798.36,190.76,,,1407.39,609.03,2.06,146.00,223.00,1.18,19388176,2026-09-18T05:30:46Z
A,vacuum,2d,async,128,9,0,0.00,100.00,421.58,274.54,195.54,79.00,,,696.12,500.58,2.04,146.00,223.00,1.18,19389712,2026-09-18T05:30:46Z
A,vacuum,2e_K10,async,128,9,0,0.00,100.00,414.24,286.87,194.45,92.42,,,701.11,506.66,2.00,148.00,227.00,1.18,19391804,2026-09-18T05:30:47Z
A,vacuum,2e_K500,async,128,9,0,0.00,100.00,408.40,1039.38,194.60,844.79,,,1447.78,1253.19,2.00,145.00,332.00,1.18,19391864,2026-09-18T05:30:47Z
A,vacuum,2f_slru,async,128,9,0,0.00,100.00,98.83,5538.60,194.99,5343.62,,,5637.43,5442.45,1.58,0.00,214.00,1.18,19392576,2026-09-18T05:30:47Z
A,vacuum,leaf_freq_K10,async,128,9,0,0.00,100.00,1522.99,270.33,195.24,75.09,,,1793.32,1598.08,2.03,149.00,217.00,1.16,19392644,2026-09-18T05:30:47Z
A,vacuum,leaf_rand_K10,async,128,9,0,0.00,100.00,995.48,272.14,196.41,75.73,,,1267.62,1071.21,2.02,148.00,212.00,1.16,19392912,2026-09-18T05:30:48Z
A,ta,layers_5,async,128,9,0,0.00,100.00,947.43,264.81,195.49,69.32,,,1212.24,1016.75,2.14,189.00,259.00,1.16,19392948,2026-09-18T05:30:48Z
A,ta,layers_92,async,128,9,0,0.00,50.00,586.15,360.88,195.52,165.36,,,947.03,751.51,2.15,188.00,259.00,1.16,19394144,2026-09-18T05:30:48Z
A,ta,2d,async,128,9,0,0.00,66.00,561.64,315.17,193.88,121.29,,,876.81,682.93,2.14,188.00,259.00,1.16,19394000,2026-09-18T05:30:49Z
A,ta,2e_K10,async,128,9,0,0.00,100.00,8937.06,371.45,238.63,132.82,,,9308.51,9069.88,2.24,189.00,268.00,1.16,19394608,2026-09-18T05:30:49Z
A,ta,2e_K500,async,128,9,0,0.00,27.40,596.69,886.56,186.28,700.28,,,1483.25,1296.97,2.14,192.00,384.00,1.16,19394700,2026-09-18T05:30:49Z
A,ta,2f_slru,async,128,9,0,0.00,100.00,100.57,7092.66,189.03,6903.63,,,7193.23,7004.20,1.57,0.00,279.00,1.16,19392928,2026-09-18T05:30:50Z
A,ta,leaf_freq_K10,async,128,9,0,0.00,100.00,1072.22,264.07,188.58,75.48,,,1336.29,1147.70,2.14,190.00,268.00,1.16,19395660,2026-09-18T05:30:50Z
A,ta,leaf_rand_K10,async,128,9,0,0.00,100.00,1077.66,261.11,185.23,75.88,,,1338.77,1153.54,2.15,189.00,259.00,1.16,19396036,2026-09-18T05:30:50Z
A,1gb,layers_5,async,128,9,0,0.00,100.00,1370.38,253.83,185.95,67.88,,,1624.21,1438.26,2.17,190.00,268.00,1.16,19392772,2026-09-18T05:30:51Z
A,1gb,layers_92,async,128,9,0,0.00,100.00,977.67,381.70,186.65,195.05,,,1359.37,1172.72,2.21,190.00,272.00,1.16,19387844,2026-09-18T05:30:51Z
A,1gb,2d,async,128,9,0,0.00,100.00,616.84,274.09,185.78,88.31,,,890.93,705.15,2.18,189.00,273.00,1.16,19387996,2026-09-18T05:30:51Z
A,1gb,2e_K10,async,128,9,0,0.00,100.00,611.04,290.74,187.03,103.70,,,901.78,714.74,2.17,190.00,286.00,1.16,19387388,2026-09-18T05:30:52Z
A,1gb,2e_K500,async,128,9,0,0.00,100.00,645.29,1046.13,187.92,858.20,,,1691.42,1503.49,2.17,194.00,398.00,1.16,19387892,2026-09-18T05:30:52Z
A,1gb,2f_slru,async,128,9,0,0.00,100.00,94.55,7221.76,188.04,7033.71,,,7316.31,7128.26,1.58,0.00,280.00,1.16,19385952,2026-09-18T05:30:52Z
A,1gb,leaf_freq_K10,async,128,9,0,0.00,100.00,1454.31,261.53,186.15,75.38,,,1715.84,1529.69,2.17,189.00,280.00,1.15,19388748,2026-09-18T05:30:53Z
A,1gb,leaf_rand_K10,async,128,9,0,0.00,100.00,1508.77,267.81,185.72,82.09,,,1776.58,1590.86,2.16,190.00,266.00,1.15,19389376,2026-09-18T05:30:53Z
B,vacuum,layers_5,async,128,9,0,0.00,100.00,905.94,256.94,187.10,69.84,,,1162.88,975.78,2.08,144.00,233.00,1.15,19389476,2026-09-18T05:30:53Z
B,vacuum,layers_92,async,128,9,0,0.00,100.00,1464.74,358.62,185.71,172.91,,,1823.36,1637.65,2.08,143.00,232.00,1.15,19390440,2026-09-18T05:30:54Z
B,vacuum,2d,async,128,9,0,0.00,100.00,581.12,264.66,184.94,79.72,,,845.78,660.84,2.07,143.00,232.00,1.15,19391088,2026-09-18T05:30:54Z
B,vacuum,2e_K10,async,128,9,0,0.00,100.00,551.23,276.76,185.99,90.77,,,827.99,642.00,2.08,144.00,235.00,1.15,19391680,2026-09-18T05:30:54Z
B,vacuum,2e_K500,async,128,9,0,0.00,99.80,180.37,1041.82,197.70,844.12,,,1222.19,1024.49,2.02,142.00,286.00,1.15,19392736,2026-09-18T05:30:54Z
B,vacuum,2f_slru,async,128,9,0,0.00,100.00,99.42,5604.29,185.99,5418.30,,,5703.71,5517.72,1.62,0.00,214.00,1.15,19393432,2026-09-18T05:30:55Z
B,vacuum,leaf_freq_K10,async,128,9,0,0.00,100.00,963.31,258.92,185.10,73.82,,,1222.23,1037.13,2.04,145.00,233.00,1.15,19392848,2026-09-18T05:30:55Z
B,vacuum,leaf_rand_K10,async,128,9,0,0.00,100.00,1070.70,258.62,184.88,73.74,,,1329.32,1144.44,2.09,144.00,233.00,1.15,19394688,2026-09-18T05:30:55Z
B,ta,layers_5,async,128,9,0,0.00,100.00,920.32,253.85,186.66,67.19,,,1174.17,987.51,2.15,190.00,267.00,1.15,19395400,2026-09-18T05:30:56Z
B,ta,layers_92,async,128,9,0,0.00,100.00,580.58,375.29,199.15,176.13,,,955.87,756.71,2.27,189.00,267.00,1.15,19398436,2026-09-18T05:30:56Z
B,ta,2d,async,128,9,0,0.00,66.00,505.40,306.15,187.40,118.75,,,811.55,624.15,2.20,189.00,267.00,1.15,19399548,2026-09-18T05:30:56Z
B,ta,2e_K10,async,128,9,0,0.00,71.90,505.82,319.54,188.14,131.40,,,825.36,637.22,2.21,190.00,268.00,1.15,19400240,2026-09-18T05:30:57Z
B,ta,2e_K500,async,128,9,0,0.00,57.60,672.86,972.46,187.42,785.04,,,1645.32,1457.90,2.19,183.00,319.00,1.15,19401000,2026-09-18T05:30:57Z
B,ta,2f_slru,async,128,9,0,0.00,100.00,98.44,7258.83,187.69,7071.14,,,7357.27,7169.58,1.62,0.00,279.00,1.15,19398928,2026-09-18T05:30:57Z
B,ta,leaf_freq_K10,async,128,9,0,0.00,100.00,705.07,260.48,186.31,74.17,,,965.55,779.24,2.21,191.00,269.00,1.14,19401728,2026-09-18T05:30:58Z
B,ta,leaf_rand_K10,async,128,9,0,0.00,100.00,642.45,260.07,185.62,74.45,,,902.52,716.90,2.19,190.00,268.00,1.14,19401908,2026-09-18T05:30:58Z
B,1gb,layers_5,async,128,9,0,0.00,100.00,1124.62,257.75,187.02,70.73,,,1382.37,1195.35,2.20,188.00,261.00,1.14,19401624,2026-09-18T05:30:58Z
B,1gb,layers_92,async,128,9,0,0.00,100.00,856.42,381.16,184.73,196.43,,,1237.58,1052.85,2.24,188.00,266.00,1.14,19402924,2026-09-18T05:30:59Z
B,1gb,2d,async,128,9,0,0.00,100.00,483.22,272.84,184.92,87.93,,,756.06,571.15,2.19,187.00,267.00,1.14,19402700,2026-09-18T05:30:59Z
B,1gb,2e_K10,async,128,9,0,0.00,100.00,495.37,291.21,186.28,104.93,,,786.58,600.30,2.20,188.00,268.00,1.14,19419800,2026-09-18T05:30:59Z
B,1gb,2e_K500,async,128,9,0,0.00,100.00,152.56,1133.87,224.64,909.23,,,1286.43,1061.79,2.19,186.00,318.00,1.14,19420028,2026-09-18T05:31:00Z
B,1gb,2f_slru,async,128,9,0,0.00,100.00,102.84,7344.03,223.65,7120.38,,,7446.87,7223.22,1.65,0.00,280.00,1.14,19417092,2026-09-18T05:31:00Z
B,1gb,leaf_freq_K10,async,128,9,0,0.00,100.00,1202.38,301.15,226.28,74.87,,,1503.53,1277.25,2.18,188.00,262.00,1.14,19421336,2026-09-18T05:31:00Z
B,1gb,leaf_rand_K10,async,128,9,0,0.00,100.00,1872.47,304.98,226.32,78.66,,,2177.45,1951.13,2.25,188.00,261.00,1.14,19421376,2026-09-18T05:31:01Z
C,vacuum,layers_5,async,128,9,0,0.00,100.00,1050.66,292.82,223.37,69.45,,,1343.48,1120.11,1.52,12.00,29.00,1.14,19421904,2026-09-18T05:31:01Z
C,vacuum,layers_92,async,128,9,0,0.00,100.00,631.60,413.51,224.73,188.77,,,1045.11,820.37,1.55,12.00,31.00,1.14,19422160,2026-09-18T05:31:01Z
C,vacuum,2d,async,128,9,0,0.00,100.00,626.50,292.21,223.62,68.59,,,918.71,695.09,1.51,12.00,31.00,1.14,19405444,2026-09-18T05:31:01Z
C,vacuum,2e_K10,async,128,9,0,0.00,100.00,185.71,305.17,225.53,79.64,,,490.88,265.35,1.51,12.00,33.00,1.14,19419396,2026-09-18T05:31:02Z
C,vacuum,2e_K500,async,128,9,0,0.00,59.80,182.80,682.63,225.06,457.57,,,865.43,640.37,1.48,0.00,30.00,1.14,19419532,2026-09-18T05:31:02Z
C,vacuum,2f_slru,async,128,9,0,0.00,100.00,95.91,808.60,226.24,582.37,,,904.51,678.28,1.49,0.00,30.00,1.14,19420204,2026-09-18T05:31:02Z
C,vacuum,leaf_freq_K10,async,128,9,0,0.00,100.00,784.37,299.04,224.32,74.72,,,1083.41,859.09,1.53,12.00,31.00,1.21,19420032,2026-09-18T05:31:02Z
C,vacuum,leaf_rand_K10,async,128,9,0,0.00,100.00,1118.53,298.61,224.08,74.53,,,1417.14,1193.06,1.51,12.00,29.00,1.21,19420744,2026-09-18T05:31:03Z
C,ta,layers_5,async,128,9,0,0.00,100.00,787.44,293.11,223.67,69.44,,,1080.55,856.88,1.59,19.00,30.00,1.21,19420940,2026-09-18T05:31:03Z
C,ta,layers_92,async,128,9,0,0.00,33.70,443.71,394.86,220.44,174.42,,,838.57,618.13,1.60,18.00,31.00,1.21,19421888,2026-09-18T05:31:03Z
C,ta,2d,async,128,9,0,0.00,100.00,450.82,340.95,224.48,116.47,,,791.77,567.29,1.61,18.00,31.00,1.21,19422412,2026-09-18T05:31:03Z
C,ta,2e_K10,async,128,9,0,0.00,100.00,180.71,352.81,222.63,130.19,,,533.52,310.90,1.60,17.00,32.00,1.21,19423256,2026-09-18T05:31:04Z
C,ta,2e_K500,async,128,9,0,0.00,100.00,183.81,799.61,223.26,576.35,,,983.42,760.16,1.55,0.00,38.00,1.21,19423040,2026-09-18T05:31:04Z
C,ta,2f_slru,async,128,9,0,0.00,100.00,96.61,1093.81,225.37,868.43,,,1190.42,965.04,1.54,0.00,38.00,1.21,19422888,2026-09-18T05:31:04Z
C,ta,leaf_freq_K10,async,128,9,0,0.00,100.00,948.24,300.25,227.22,73.03,,,1248.49,1021.27,1.59,18.00,31.00,1.21,19413764,2026-09-18T05:31:04Z
C,ta,leaf_rand_K10,async,128,9,0,0.00,100.00,798.86,298.73,221.72,77.01,,,1097.59,875.87,1.59,19.00,30.00,1.21,19414676,2026-09-18T05:31:05Z
C,1gb,layers_5,async,128,9,0,0.00,100.00,1117.39,292.00,223.88,68.12,,,1409.39,1185.51,1.69,40.00,51.00,1.21,19414096,2026-09-18T05:31:05Z
C,1gb,layers_92,async,128,9,0,0.00,100.00,1110.66,436.08,223.88,212.20,,,1546.74,1322.86,1.68,38.00,54.00,1.21,19414152,2026-09-18T05:31:05Z
C,1gb,2d,async,128,9,0,0.00,100.00,549.44,299.05,224.68,74.37,,,848.49,623.81,1.67,37.00,59.00,1.21,19414096,2026-09-18T05:31:06Z
C,1gb,2e_K10,async,128,9,0,0.00,100.00,158.60,311.06,223.76,87.29,,,469.66,245.89,1.71,36.00,66.00,1.21,19415188,2026-09-18T05:31:06Z
C,1gb,2e_K500,async,128,9,0,0.00,100.00,182.83,942.68,224.35,718.33,,,1125.51,901.16,1.65,37.00,106.00,1.21,19415756,2026-09-18T05:31:06Z
C,1gb,2f_slru,async,128,9,0,0.00,100.00,99.72,1735.62,224.47,1511.15,,,1835.34,1610.87,1.56,0.00,64.00,1.21,19416312,2026-09-18T05:31:06Z
C,1gb,leaf_freq_K10,async,128,9,0,0.00,100.00,887.52,302.82,224.85,77.97,,,1190.34,965.49,1.68,38.00,63.00,1.21,19396148,2026-09-18T05:31:07Z
C,1gb,leaf_rand_K10,async,128,9,0,0.00,100.00,1231.23,301.93,225.86,76.06,,,1533.16,1307.29,1.68,40.00,51.00,1.21,19396660,2026-09-18T05:31:07Z
A,vacuum,baseline,baseline,128,10,0,0.00,0.00,967.64,0.00,0.00,0.00,,,967.64,967.64,2.02,148.00,212.00,1.21,19397900,2026-09-18T05:31:07Z
A,ta,baseline,baseline,128,10,0,0.00,0.00,1080.89,0.00,0.00,0.00,,,1080.89,1080.89,2.22,189.00,259.00,1.19,19398048,2026-09-18T05:31:08Z
A,1gb,baseline,baseline,128,10,0,0.00,0.00,1391.91,0.00,0.00,0.00,,,1391.91,1391.91,2.14,190.00,267.00,1.19,19397724,2026-09-18T05:31:08Z
B,vacuum,baseline,baseline,128,10,0,0.00,0.00,1032.42,0.00,0.00,0.00,,,1032.42,1032.42,2.05,144.00,233.00,1.19,19400708,2026-09-18T05:31:08Z
B,ta,baseline,baseline,128,10,0,0.00,0.00,795.66,0.00,0.00,0.00,,,795.66,795.66,2.25,190.00,268.00,1.19,19400668,2026-09-18T05:31:09Z
B,1gb,baseline,baseline,128,10,0,0.00,0.00,1193.37,0.00,0.00,0.00,,,1193.37,1193.37,2.17,188.00,262.00,1.19,19401448,2026-09-18T05:31:09Z
C,vacuum,baseline,baseline,128,10,0,0.00,0.00,1137.17,0.00,0.00,0.00,,,1137.17,1137.17,1.51,12.00,29.00,1.19,19403396,2026-09-18T05:31:09Z
C,ta,baseline,baseline,128,10,0,0.00,0.00,827.67,0.00,0.00,0.00,,,827.67,827.67,1.60,19.00,30.00,1.19,19404272,2026-09-18T05:31:10Z
C,1gb,baseline,baseline,128,10,0,0.00,0.00,1319.65,0.00,0.00,0.00,,,1319.65,1319.65,1.67,40.00,52.00,1.19,19404000,2026-09-18T05:31:10Z
A,vacuum,layers_5,async,128,10,0,0.00,100.00,853.03,267.98,197.96,70.02,,,1121.01,923.05,2.08,150.00,212.00,1.19,19405360,2026-09-18T05:31:10Z
A,vacuum,layers_92,async,128,10,0,0.00,100.00,412.61,371.69,196.58,175.11,,,784.30,587.72,2.01,146.00,223.00,1.19,19405092,2026-09-18T05:31:10Z
A,vacuum,2d,async,128,10,0,0.00,100.00,411.24,269.07,194.74,74.33,,,680.31,485.57,2.01,146.00,223.00,1.19,19405712,2026-09-18T05:31:11Z
A,vacuum,2e_K10,async,128,10,0,0.00,100.00,412.97,286.48,195.25,91.23,,,699.45,504.20,2.00,148.00,227.00,1.19,19406376,2026-09-18T05:31:11Z
A,vacuum,2e_K500,async,128,10,0,0.00,100.00,383.20,1073.50,196.09,877.41,,,1456.70,1260.61,1.97,145.00,332.00,1.19,19406432,2026-09-18T05:31:11Z
A,vacuum,2f_slru,async,128,10,0,0.00,100.00,117.96,5560.23,196.99,5363.24,,,5678.19,5481.20,1.56,0.00,214.00,1.19,19407608,2026-09-18T05:31:12Z
A,vacuum,leaf_freq_K10,async,128,10,0,0.00,100.00,953.57,269.27,194.85,74.42,,,1222.84,1027.99,2.02,149.00,217.00,1.19,19400168,2026-09-18T05:31:12Z
A,vacuum,leaf_rand_K10,async,128,10,0,0.00,100.00,988.97,606.56,525.14,81.42,,,1595.53,1070.39,2.01,148.00,212.00,1.19,19400332,2026-09-18T05:31:12Z
A,ta,layers_5,async,128,10,0,0.00,100.00,1076.35,264.44,194.75,69.69,,,1340.79,1146.04,2.17,189.00,259.00,1.18,19401656,2026-09-18T05:31:13Z
A,ta,layers_92,async,128,10,0,0.00,51.10,554.54,374.27,197.60,176.67,,,928.81,731.21,2.16,188.00,259.00,1.18,19402348,2026-09-18T05:31:13Z
A,ta,2d,async,128,10,0,0.00,87.20,567.00,1743.62,1169.83,573.79,,,2310.62,1140.79,2.19,188.00,259.00,1.18,19405988,2026-09-18T05:31:13Z
A,ta,2e_K10,async,128,10,0,0.00,71.90,564.51,326.89,196.27,130.63,,,891.40,695.14,2.16,189.00,268.00,1.18,19407780,2026-09-18T05:31:14Z
A,ta,2e_K500,async,128,10,0,0.00,55.90,637.98,1027.97,186.61,841.36,,,1665.95,1479.34,2.11,192.00,382.00,1.18,19407200,2026-09-18T05:31:14Z
A,ta,2f_slru,async,128,10,0,0.00,100.00,99.25,7067.72,187.61,6880.10,,,7166.97,6979.35,1.57,0.00,279.00,1.18,19409620,2026-09-18T05:31:14Z
A,ta,leaf_freq_K10,async,128,10,0,0.00,100.00,988.56,258.16,183.18,74.98,,,1246.72,1063.54,2.14,190.00,268.00,1.18,19412360,2026-09-18T05:31:14Z
A,ta,leaf_rand_K10,async,128,10,0,0.00,100.00,1017.41,590.13,516.28,73.85,,,1607.54,1091.26,2.13,189.00,259.00,1.18,19415104,2026-09-18T05:31:15Z
A,1gb,layers_5,async,128,10,0,0.00,100.00,1418.27,256.31,188.18,68.13,,,1674.58,1486.40,2.13,190.00,268.00,1.18,19414276,2026-09-18T05:31:15Z
A,1gb,layers_92,async,128,10,0,0.00,100.00,940.90,385.75,187.59,198.15,,,1326.65,1139.05,2.13,190.00,272.00,1.18,19415112,2026-09-18T05:31:15Z
A,1gb,2d,async,128,10,0,0.00,100.00,616.26,281.52,194.41,87.11,,,897.78,703.37,2.21,189.00,273.00,1.18,19419908,2026-09-18T05:31:16Z
A,1gb,2e_K10,async,128,10,0,0.00,100.00,569.95,283.64,184.65,99.00,,,853.59,668.95,2.11,190.00,286.00,1.18,19419596,2026-09-18T05:31:16Z
A,1gb,2e_K500,async,128,10,0,0.00,100.00,612.55,1068.51,187.79,880.72,,,1681.06,1493.27,2.15,194.00,395.00,1.18,19419988,2026-09-18T05:31:16Z
A,1gb,2f_slru,async,128,10,0,0.00,100.00,103.39,7156.39,188.62,6967.76,,,7259.78,7071.15,1.59,0.00,280.00,1.18,19417696,2026-09-18T05:31:17Z
A,1gb,leaf_freq_K10,async,128,10,0,0.00,100.00,1490.66,266.23,189.57,76.67,,,1756.89,1567.33,2.19,189.00,280.00,1.18,19404580,2026-09-18T05:31:17Z
A,1gb,leaf_rand_K10,async,128,10,0,0.00,100.00,1341.30,264.15,187.96,76.18,,,1605.45,1417.48,2.17,190.00,266.00,1.16,19407548,2026-09-18T05:31:17Z
B,vacuum,layers_5,async,128,10,0,0.00,100.00,975.68,255.77,185.60,70.17,,,1231.45,1045.85,2.05,144.00,233.00,1.16,19409012,2026-09-18T05:31:18Z
B,vacuum,layers_92,async,128,10,0,0.00,100.00,559.31,370.02,188.01,182.00,,,929.33,741.31,2.12,143.00,232.00,1.16,19409716,2026-09-18T05:31:18Z
B,vacuum,2d,async,128,10,0,0.00,100.00,520.86,262.40,186.39,76.01,,,783.26,596.87,2.04,143.00,232.00,1.16,19410964,2026-09-18T05:31:18Z
B,vacuum,2e_K10,async,128,10,0,0.00,100.00,586.73,294.16,193.88,100.29,,,880.89,687.02,2.08,144.00,235.00,1.16,19411524,2026-09-18T05:31:19Z
B,vacuum,2e_K500,async,128,10,0,0.00,21.10,186.25,910.93,185.23,725.70,,,1097.18,911.95,2.02,142.00,288.00,1.16,19412488,2026-09-18T05:31:19Z
B,vacuum,2f_slru,async,128,10,0,0.00,100.00,99.02,5500.54,193.70,5306.84,,,5599.56,5405.86,1.60,0.00,214.00,1.16,19429184,2026-09-18T05:31:19Z
B,vacuum,leaf_freq_K10,async,128,10,0,0.00,100.00,953.59,260.09,185.28,74.81,,,1213.68,1028.40,2.09,145.00,233.00,1.16,19400388,2026-09-18T05:31:20Z
B,vacuum,leaf_rand_K10,async,128,10,0,0.00,100.00,1010.73,266.17,189.00,77.17,,,1276.90,1087.90,2.06,144.00,233.00,1.16,19401332,2026-09-18T05:31:20Z
B,ta,layers_5,async,128,10,0,0.00,100.00,918.85,251.39,182.34,69.05,,,1170.24,987.90,2.19,190.00,267.00,1.16,19403520,2026-09-18T05:31:20Z
B,ta,layers_92,async,128,10,0,0.00,50.00,569.04,363.67,188.04,175.63,,,932.71,744.67,2.19,189.00,267.00,1.16,19405388,2026-09-18T05:31:21Z
B,ta,2d,async,128,10,0,0.00,66.00,561.94,1182.85,1070.68,112.17,,,1744.79,674.11,2.20,189.00,267.00,1.16,19402412,2026-09-18T05:31:21Z
B,ta,2e_K10,async,128,10,0,0.00,71.90,571.53,312.39,185.86,126.53,,,883.92,698.06,2.20,190.00,268.00,1.16,19404052,2026-09-18T05:31:21Z
B,ta,2e_K500,async,128,10,0,0.00,49.40,181.96,1004.67,185.78,818.89,,,1186.63,1000.85,2.19,183.00,316.00,1.16,19404496,2026-09-18T05:31:22Z
B,ta,2f_slru,async,128,10,0,0.00,100.00,93.98,7223.63,198.01,7025.62,,,7317.61,7119.60,1.63,0.00,279.00,1.16,19402004,2026-09-18T05:31:22Z
B,ta,leaf_freq_K10,async,128,10,0,0.00,100.00,728.54,262.23,187.20,75.03,,,990.77,803.57,2.22,191.00,269.00,1.16,19408028,2026-09-18T05:31:22Z
B,ta,leaf_rand_K10,async,128,10,0,0.00,100.00,657.90,259.02,187.16,71.86,,,916.92,729.76,2.22,190.00,268.00,1.23,19400200,2026-09-18T05:31:22Z
B,1gb,layers_5,async,128,10,0,0.00,100.00,1146.71,250.72,182.58,68.14,,,1397.43,1214.85,2.20,188.00,261.00,1.23,19401568,2026-09-18T05:31:23Z
B,1gb,layers_92,async,128,10,0,0.00,100.00,833.44,384.31,186.22,198.09,,,1217.75,1031.53,2.22,188.00,266.00,1.23,19403484,2026-09-18T05:31:23Z
B,1gb,2d,async,128,10,0,0.00,100.00,496.10,275.03,187.35,87.67,,,771.13,583.77,2.20,187.00,267.00,1.23,19405148,2026-09-18T05:31:23Z
B,1gb,2e_K10,async,128,10,0,0.00,100.00,550.12,287.09,184.69,102.40,,,837.21,652.52,2.21,188.00,268.00,1.23,19406076,2026-09-18T05:31:24Z
B,1gb,2e_K500,async,128,10,0,0.00,100.00,188.11,1086.55,182.82,903.73,,,1274.66,1091.84,2.20,186.00,318.00,1.23,19408332,2026-09-18T05:31:24Z
B,1gb,2f_slru,async,128,10,0,0.00,100.00,102.94,7275.34,188.16,7087.18,,,7378.28,7190.12,1.66,0.00,280.00,1.23,19407032,2026-09-18T05:31:24Z
B,1gb,leaf_freq_K10,async,128,10,0,0.00,100.00,1367.50,253.60,181.72,71.88,,,1621.10,1439.38,2.26,188.00,262.00,1.23,19401284,2026-09-18T05:31:25Z
B,1gb,leaf_rand_K10,async,128,10,0,0.00,100.00,1185.44,262.64,183.97,78.68,,,1448.08,1264.12,2.20,188.00,261.00,1.23,19402036,2026-09-18T05:31:25Z
C,vacuum,layers_5,async,128,10,0,0.00,100.00,1047.52,253.26,183.54,69.71,,,1300.78,1117.23,1.53,12.00,29.00,1.23,19403620,2026-09-18T05:31:25Z
C,vacuum,layers_92,async,128,10,0,0.00,100.00,632.45,372.57,186.16,186.41,,,1005.02,818.86,1.52,12.00,31.00,1.23,19403044,2026-09-18T05:31:26Z
C,vacuum,2d,async,128,10,0,0.00,100.00,665.32,253.77,184.89,68.88,,,919.09,734.20,1.54,12.00,31.00,1.23,19404196,2026-09-18T05:31:26Z
C,vacuum,2e_K10,async,128,10,0,0.00,92.90,183.53,260.61,180.67,79.94,,,444.14,263.47,1.54,12.00,33.00,1.23,19404664,2026-09-18T05:31:26Z
C,vacuum,2e_K500,async,128,10,0,0.00,83.40,182.29,663.05,184.55,478.50,,,845.34,660.79,1.49,0.00,30.00,1.23,19403808,2026-09-18T05:31:26Z
C,vacuum,2f_slru,async,128,10,0,0.00,100.00,95.08,742.19,184.85,557.34,,,837.27,652.42,1.50,0.00,30.00,1.23,19404672,2026-09-18T05:31:27Z
C,vacuum,leaf_freq_K10,async,128,10,0,0.00,100.00,793.86,259.24,183.93,75.31,,,1053.10,869.17,1.52,12.00,31.00,1.23,19405024,2026-09-18T05:31:27Z
C,vacuum,leaf_rand_K10,async,128,10,0,0.00,100.00,1051.56,258.46,183.81,74.65,,,1310.02,1126.21,1.53,12.00,29.00,1.23,19405500,2026-09-18T05:31:27Z
C,ta,layers_5,async,128,10,0,0.00,100.00,792.69,254.95,184.12,70.83,,,1047.64,863.52,1.59,19.00,30.00,1.21,19405720,2026-09-18T05:31:27Z
C,ta,layers_92,async,128,10,0,0.00,28.30,387.00,353.12,182.80,170.32,,,740.12,557.32,1.62,18.00,31.00,1.21,19406808,2026-09-18T05:31:28Z
C,ta,2d,async,128,10,0,0.00,100.00,442.32,313.17,188.39,124.77,,,755.49,567.09,1.62,18.00,31.00,1.21,19391316,2026-09-18T05:31:28Z
C,ta,2e_K10,async,128,10,0,0.00,100.00,181.18,314.16,185.12,129.04,,,495.34,310.22,1.61,17.00,32.00,1.21,19398008,2026-09-18T05:31:28Z
C,ta,2e_K500,async,128,10,0,0.00,100.00,182.18,780.59,178.40,602.19,,,962.77,784.37,1.55,0.00,38.00,1.21,19398240,2026-09-18T05:31:29Z
C,ta,2f_slru,async,128,10,0,0.00,100.00,95.52,956.18,183.37,772.81,,,1051.70,868.33,1.55,0.00,38.00,1.21,19398568,2026-09-18T05:31:29Z
C,ta,leaf_freq_K10,async,128,10,0,0.00,100.00,894.49,260.41,185.36,75.05,,,1154.90,969.54,1.61,18.00,31.00,1.21,19398972,2026-09-18T05:31:29Z
C,ta,leaf_rand_K10,async,128,10,0,0.00,100.00,724.25,254.11,179.94,74.17,,,978.36,798.42,1.59,19.00,30.00,1.21,19403864,2026-09-18T05:31:29Z
C,1gb,layers_5,async,128,10,0,0.00,100.00,1214.07,251.21,182.77,68.44,,,1465.28,1282.51,1.69,40.00,51.00,1.21,19403624,2026-09-18T05:31:30Z
C,1gb,layers_92,async,128,10,0,0.00,100.00,1338.47,379.61,182.15,197.46,,,1718.08,1535.93,1.73,38.00,54.00,1.21,19405708,2026-09-18T05:31:30Z
C,1gb,2d,async,128,10,0,0.00,100.00,487.49,256.02,182.85,73.17,,,743.51,560.66,1.67,37.00,59.00,1.21,19408684,2026-09-18T05:31:30Z
C,1gb,2e_K10,async,128,10,0,0.00,100.00,152.46,368.75,284.91,83.85,,,521.21,236.31,1.68,36.00,66.00,1.21,19407844,2026-09-18T05:31:30Z
C,1gb,2e_K500,async,128,10,0,0.00,100.00,182.42,839.69,183.09,656.59,,,1022.11,839.01,1.65,37.00,105.00,1.21,19408908,2026-09-18T05:31:31Z
C,1gb,2f_slru,async,128,10,0,0.00,100.00,100.03,1901.09,180.56,1720.54,,,2001.12,1820.57,1.57,0.00,64.00,1.21,19410124,2026-09-18T05:31:31Z
C,1gb,leaf_freq_K10,async,128,10,0,0.00,100.00,947.32,254.50,180.69,73.81,,,1201.82,1021.13,1.70,38.00,63.00,1.21,19410948,2026-09-18T05:31:31Z
C,1gb,leaf_rand_K10,async,128,10,0,0.00,100.00,1210.27,257.98,182.35,75.62,,,1468.25,1285.89,1.69,40.00,51.00,1.21,19410572,2026-09-18T05:31:32Z
A,vacuum,baseline,baseline,128,11,0,0.00,0.00,1017.48,0.00,0.00,0.00,,,1017.48,1017.48,2.06,148.00,212.00,1.21,19410228,2026-09-18T05:31:32Z
A,ta,baseline,baseline,128,11,0,0.00,0.00,966.41,0.00,0.00,0.00,,,966.41,966.41,2.12,189.00,259.00,1.21,19413476,2026-09-18T05:31:32Z
A,1gb,baseline,baseline,128,11,0,0.00,0.00,1359.20,0.00,0.00,0.00,,,1359.20,1359.20,2.16,190.00,267.00,1.19,19412888,2026-09-18T05:31:33Z
B,vacuum,baseline,baseline,128,11,0,0.00,0.00,988.90,0.00,0.00,0.00,,,988.90,988.90,2.13,144.00,233.00,1.19,19414008,2026-09-18T05:31:33Z
B,ta,baseline,baseline,128,11,0,0.00,0.00,676.87,0.00,0.00,0.00,,,676.87,676.87,2.17,190.00,268.00,1.19,19418972,2026-09-18T05:31:33Z
B,1gb,baseline,baseline,128,11,0,0.00,0.00,1142.76,0.00,0.00,0.00,,,1142.76,1142.76,2.19,188.00,262.00,1.19,19419436,2026-09-18T05:31:34Z
C,vacuum,baseline,baseline,128,11,0,0.00,0.00,1164.28,0.00,0.00,0.00,,,1164.28,1164.28,1.54,12.00,29.00,1.19,19418256,2026-09-18T05:31:34Z
C,ta,baseline,baseline,128,11,0,0.00,0.00,816.65,0.00,0.00,0.00,,,816.65,816.65,1.59,19.00,30.00,1.19,19421316,2026-09-18T05:31:34Z
C,1gb,baseline,baseline,128,11,0,0.00,0.00,1186.84,0.00,0.00,0.00,,,1186.84,1186.84,1.73,40.00,52.00,1.19,19420212,2026-09-18T05:31:34Z
A,vacuum,layers_5,async,128,11,0,0.00,100.00,869.84,265.25,195.72,69.53,,,1135.09,939.37,1.99,150.00,212.00,1.19,19421172,2026-09-18T05:31:35Z
A,vacuum,layers_92,async,128,11,0,0.00,100.00,424.58,369.31,195.57,173.75,,,793.89,598.33,2.03,146.00,223.00,1.19,19421660,2026-09-18T05:31:35Z
A,vacuum,2d,async,128,11,0,0.00,100.00,404.71,272.69,194.04,78.65,,,677.40,483.36,2.00,146.00,223.00,1.19,19421268,2026-09-18T05:31:35Z
A,vacuum,2e_K10,async,128,11,0,0.00,100.00,411.81,288.07,197.56,90.51,,,699.88,502.32,2.02,148.00,227.00,1.19,19421640,2026-09-18T05:31:36Z
A,vacuum,2e_K500,async,128,11,0,0.00,20.50,1353.55,917.45,195.16,722.29,,,2271.00,2075.84,1.98,145.00,336.00,1.19,19422112,2026-09-18T05:31:36Z
A,vacuum,2f_slru,async,128,11,0,0.00,100.00,99.89,5566.12,195.38,5370.75,,,5666.01,5470.64,1.56,0.00,214.00,1.19,19424372,2026-09-18T05:31:36Z
A,vacuum,leaf_freq_K10,async,128,11,0,0.00,100.00,991.88,274.17,199.33,74.83,,,1266.05,1066.71,2.06,149.00,217.00,1.19,19423468,2026-09-18T05:31:37Z
A,vacuum,leaf_rand_K10,async,128,11,0,0.00,100.00,995.40,268.43,193.66,74.76,,,1263.83,1070.16,1.97,148.00,212.00,1.19,19423224,2026-09-18T05:31:37Z
A,ta,layers_5,async,128,11,0,0.00,100.00,1036.93,263.88,195.71,68.17,,,1300.81,1105.10,2.16,189.00,259.00,1.19,19422884,2026-09-18T05:31:37Z
A,ta,layers_92,async,128,11,0,0.00,6.50,596.33,1316.61,884.71,431.89,,,1912.94,1028.22,2.20,188.00,259.00,1.18,19424256,2026-09-18T05:31:38Z
A,ta,2d,async,128,11,0,0.00,100.00,633.72,315.76,195.58,120.19,,,949.48,753.91,2.15,188.00,259.00,1.18,19423864,2026-09-18T05:31:38Z
A,ta,2e_K10,async,128,11,0,0.00,100.00,602.33,324.72,195.10,129.62,,,927.05,731.95,2.14,189.00,268.00,1.18,19424284,2026-09-18T05:31:38Z
A,ta,2e_K500,async,128,11,0,0.00,26.00,600.71,890.82,187.09,703.72,,,1491.53,1304.43,2.13,192.00,382.00,1.18,19411488,2026-09-18T05:31:38Z
A,ta,2f_slru,async,128,11,0,0.00,100.00,100.38,7172.23,186.42,6985.80,,,7272.61,7086.18,1.60,0.00,279.00,1.18,19410100,2026-09-18T05:31:39Z
A,ta,leaf_freq_K10,async,128,11,0,0.00,100.00,1118.77,1013.33,472.19,541.14,,,2132.10,1659.91,2.15,190.00,268.00,1.18,19412260,2026-09-18T05:31:39Z
A,ta,leaf_rand_K10,async,128,11,0,0.00,100.00,1078.86,258.28,184.48,73.80,,,1337.14,1152.66,2.17,189.00,259.00,1.18,19413704,2026-09-18T05:31:39Z
A,1gb,layers_5,async,128,11,0,0.00,100.00,1403.54,255.01,186.71,68.30,,,1658.55,1471.84,2.18,190.00,268.00,1.18,19413332,2026-09-18T05:31:40Z
A,1gb,layers_92,async,128,11,0,0.00,100.00,947.88,384.22,194.07,190.15,,,1332.10,1138.03,2.21,190.00,272.00,1.18,19428368,2026-09-18T05:31:40Z
A,1gb,2d,async,128,11,0,0.00,100.00,641.83,274.33,184.14,90.19,,,916.16,732.02,2.17,189.00,273.00,1.18,19430004,2026-09-18T05:31:40Z
A,1gb,2e_K10,async,128,11,0,0.00,100.00,611.99,295.39,187.20,108.19,,,907.38,720.18,2.13,190.00,286.00,1.18,19429200,2026-09-18T05:31:41Z
A,1gb,2e_K500,async,128,11,0,0.00,100.00,1522.48,1035.84,187.19,848.64,,,2558.32,2371.12,2.16,194.00,399.00,1.18,19429104,2026-09-18T05:31:41Z
A,1gb,2f_slru,async,128,11,0,0.00,100.00,103.38,7125.44,191.80,6933.64,,,7228.82,7037.02,1.58,0.00,280.00,1.18,19427588,2026-09-18T05:31:41Z
A,1gb,leaf_freq_K10,async,128,11,0,0.00,100.00,1460.93,262.94,186.71,76.23,,,1723.87,1537.16,2.15,189.00,280.00,1.18,19431184,2026-09-18T05:31:42Z
A,1gb,leaf_rand_K10,async,128,11,0,0.00,100.00,1419.08,316.48,191.58,124.89,,,1735.56,1543.97,2.21,190.00,266.00,1.18,19430976,2026-09-18T05:31:42Z
B,vacuum,layers_5,async,128,11,0,0.00,100.00,914.82,262.08,187.62,74.46,,,1176.90,989.28,2.07,144.00,233.00,1.16,19432588,2026-09-18T05:31:42Z
B,vacuum,layers_92,async,128,11,0,0.00,100.00,556.24,378.21,187.42,190.79,,,934.45,747.03,2.06,143.00,232.00,1.16,19433380,2026-09-18T05:31:43Z
B,vacuum,2d,async,128,11,0,0.00,100.00,520.98,262.91,184.84,78.08,,,783.89,599.06,2.08,143.00,232.00,1.16,19433728,2026-09-18T05:31:43Z
B,vacuum,2e_K10,async,128,11,0,0.00,100.00,523.33,277.92,187.25,90.67,,,801.25,614.00,2.07,144.00,235.00,1.16,19434232,2026-09-18T05:31:43Z
B,vacuum,2e_K500,async,128,11,0,0.00,15.40,188.47,890.61,182.94,707.66,,,1079.08,896.13,2.02,142.00,288.00,1.16,19434900,2026-09-18T05:31:44Z
B,vacuum,2f_slru,async,128,11,0,0.00,100.00,100.01,5689.92,189.09,5500.82,,,5789.93,5600.83,1.61,0.00,214.00,1.16,19432712,2026-09-18T05:31:44Z
B,vacuum,leaf_freq_K10,async,128,11,0,0.00,100.00,1002.79,259.82,185.67,74.15,,,1262.61,1076.94,2.08,145.00,233.00,1.16,19431000,2026-09-18T05:31:44Z
B,vacuum,leaf_rand_K10,async,128,11,0,0.00,100.00,930.02,260.86,186.18,74.68,,,1190.88,1004.70,2.05,144.00,233.00,1.16,19421740,2026-09-18T05:31:45Z
B,ta,layers_5,async,128,11,0,0.00,100.00,919.04,252.69,185.24,67.46,,,1171.73,986.50,2.18,190.00,267.00,1.16,19422836,2026-09-18T05:31:45Z
B,ta,layers_92,async,128,11,0,0.00,42.40,561.89,364.38,187.30,177.08,,,926.27,738.97,2.21,189.00,267.00,1.16,19410688,2026-09-18T05:31:45Z
B,ta,2d,async,128,11,0,0.00,100.00,560.26,304.16,188.37,115.79,,,864.42,676.05,2.21,189.00,267.00,1.16,19411872,2026-09-18T05:31:45Z
B,ta,2e_K10,async,128,11,0,0.00,70.20,506.26,318.00,186.29,131.71,,,824.26,637.97,2.20,190.00,268.00,1.16,19411964,2026-09-18T05:31:46Z
B,ta,2e_K500,async,128,11,0,0.00,14.80,771.84,1527.52,796.49,731.03,,,2299.36,1502.87,2.17,183.00,319.00,1.16,19411324,2026-09-18T05:31:46Z
B,ta,2f_slru,async,128,11,0,0.00,100.00,97.77,7132.16,186.22,6945.94,,,7229.93,7043.71,1.64,0.00,279.00,1.16,19408144,2026-09-18T05:31:46Z
B,ta,leaf_freq_K10,async,128,11,0,0.00,100.00,720.60,263.74,189.40,74.34,,,984.34,794.94,2.21,191.00,269.00,1.16,19411012,2026-09-18T05:31:47Z
B,ta,leaf_rand_K10,async,128,11,0,0.00,100.00,712.59,264.92,189.70,75.22,,,977.51,787.81,2.25,190.00,268.00,1.16,19411984,2026-09-18T05:31:47Z
B,1gb,layers_5,async,128,11,0,0.00,100.00,1218.99,254.71,187.33,67.38,,,1473.70,1286.37,2.21,188.00,261.00,1.15,19412276,2026-09-18T05:31:47Z
B,1gb,layers_92,async,128,11,0,0.00,100.00,867.90,398.89,188.91,209.99,,,1266.79,1077.89,2.22,188.00,266.00,1.15,19411516,2026-09-18T05:31:48Z
B,1gb,2d,async,128,11,0,0.00,100.00,494.50,286.66,195.97,90.69,,,781.16,585.19,2.36,187.00,267.00,1.15,19412296,2026-09-18T05:31:48Z
B,1gb,2e_K10,async,128,11,0,0.00,100.00,525.15,292.52,187.24,105.28,,,817.67,630.43,2.22,188.00,268.00,1.15,19413460,2026-09-18T05:31:48Z
B,1gb,2e_K500,async,128,11,0,0.00,100.00,185.27,1078.76,221.88,856.88,,,1264.03,1042.15,2.19,186.00,320.00,1.15,19414292,2026-09-18T05:31:49Z
B,1gb,2f_slru,async,128,11,0,0.00,100.00,102.30,7274.07,226.37,7047.70,,,7376.37,7150.00,1.63,0.00,280.00,1.15,19413028,2026-09-18T05:31:49Z
B,1gb,leaf_freq_K10,async,128,11,0,0.00,100.00,1247.97,297.25,222.77,74.48,,,1545.22,1322.45,2.20,188.00,262.00,1.15,19413900,2026-09-18T05:31:49Z
B,1gb,leaf_rand_K10,async,128,11,0,0.00,100.00,1261.54,291.99,218.44,73.55,,,1553.53,1335.09,2.27,188.00,261.00,1.15,19411932,2026-09-18T05:31:50Z
C,vacuum,layers_5,async,128,11,0,0.00,100.00,1051.76,294.53,224.11,70.42,,,1346.29,1122.18,1.53,12.00,29.00,1.15,19403804,2026-09-18T05:31:50Z
C,vacuum,layers_92,async,128,11,0,0.00,100.00,636.77,406.70,224.82,181.88,,,1043.47,818.65,1.52,12.00,31.00,1.15,19406328,2026-09-18T05:31:50Z
C,vacuum,2d,async,128,11,0,0.00,100.00,655.17,293.58,224.91,68.67,,,948.75,723.84,1.51,12.00,31.00,1.15,19405404,2026-09-18T05:31:51Z
C,vacuum,2e_K10,async,128,11,0,0.00,92.90,178.25,300.40,221.58,78.83,,,478.65,257.08,1.54,12.00,33.00,1.15,19406160,2026-09-18T05:31:51Z
C,vacuum,2e_K500,async,128,11,0,0.00,60.40,181.44,679.25,225.03,454.21,,,860.69,635.65,1.48,0.00,30.00,1.15,19406200,2026-09-18T05:31:51Z
C,vacuum,2f_slru,async,128,11,0,0.00,100.00,92.84,862.11,224.47,637.64,,,954.95,730.48,1.48,0.00,30.00,1.15,19406668,2026-09-18T05:31:51Z
C,vacuum,leaf_freq_K10,async,128,11,0,0.00,100.00,793.02,298.06,223.60,74.46,,,1091.08,867.48,1.52,12.00,31.00,1.15,19405232,2026-09-18T05:31:52Z
C,vacuum,leaf_rand_K10,async,128,11,0,0.00,100.00,1153.60,301.79,226.10,75.69,,,1455.39,1229.29,1.52,12.00,29.00,1.15,19405716,2026-09-18T05:31:52Z
C,ta,layers_5,async,128,11,0,0.00,100.00,785.94,292.89,223.65,69.24,,,1078.83,855.18,1.59,19.00,30.00,1.15,19404848,2026-09-18T05:31:52Z
C,ta,layers_92,async,128,11,0,0.00,100.00,439.93,396.08,223.74,172.34,,,836.01,612.27,1.59,18.00,31.00,1.14,19405684,2026-09-18T05:31:52Z
C,ta,2d,async,128,11,0,0.00,47.90,450.41,338.33,223.64,114.69,,,788.74,565.10,1.60,18.00,31.00,1.14,19405776,2026-09-18T05:31:53Z
C,ta,2e_K10,async,128,11,0,0.00,100.00,183.27,355.86,225.79,130.06,,,539.13,313.33,1.59,17.00,32.00,1.14,19405856,2026-09-18T05:31:53Z
C,ta,2e_K500,async,128,11,0,0.00,100.00,184.09,813.18,224.24,588.94,,,997.27,773.03,1.54,0.00,38.00,1.14,19406264,2026-09-18T05:31:53Z
C,ta,2f_slru,async,128,11,0,0.00,100.00,93.70,1054.50,222.21,832.29,,,1148.20,925.99,1.53,0.00,38.00,1.14,19407520,2026-09-18T05:31:53Z
C,ta,leaf_freq_K10,async,128,11,0,0.00,100.00,949.21,296.43,222.28,74.15,,,1245.64,1023.36,1.60,18.00,31.00,1.14,19406684,2026-09-18T05:31:54Z
C,ta,leaf_rand_K10,async,128,11,0,0.00,100.00,794.57,297.46,222.81,74.65,,,1092.03,869.22,1.58,19.00,30.00,1.14,19407720,2026-09-18T05:31:54Z
C,1gb,layers_5,async,128,11,0,0.00,100.00,1096.16,291.94,223.72,68.22,,,1388.10,1164.38,1.69,40.00,51.00,1.14,19406816,2026-09-18T05:31:54Z
C,1gb,layers_92,async,128,11,0,0.00,100.00,1117.51,432.01,225.80,206.21,,,1549.52,1323.72,1.68,38.00,54.00,1.14,19406792,2026-09-18T05:31:55Z
C,1gb,2d,async,128,11,0,0.00,100.00,521.72,290.75,219.40,71.34,,,812.47,593.06,1.69,37.00,59.00,1.14,19406832,2026-09-18T05:31:55Z
C,1gb,2e_K10,async,128,11,0,0.00,100.00,149.30,305.00,221.20,83.81,,,454.30,233.11,1.67,36.00,66.00,1.14,19388276,2026-09-18T05:31:55Z
C,1gb,2e_K500,async,128,11,0,0.00,100.00,182.41,930.13,229.65,700.48,,,1112.54,882.89,1.66,37.00,107.00,1.14,19393908,2026-09-18T05:31:55Z
C,1gb,2f_slru,async,128,11,0,0.00,100.00,89.79,1882.77,223.94,1658.83,,,1972.56,1748.62,1.57,0.00,64.00,1.14,19393224,2026-09-18T05:31:56Z
C,1gb,leaf_freq_K10,async,128,11,0,0.00,100.00,826.90,294.83,221.16,73.67,,,1121.73,900.57,1.69,38.00,63.00,1.14,19393608,2026-09-18T05:31:56Z
C,1gb,leaf_rand_K10,async,128,11,0,0.00,100.00,1398.47,300.77,224.49,76.27,,,1699.24,1474.74,1.69,40.00,51.00,1.14,19396212,2026-09-18T05:31:56Z
