workload,db,strategy,arm,ra_kb,rep,warmup,cold_pct,delivery_pct,first_query_us,preproc_us,open_us,deliver_us,parse_us,ranges,e2e_us,e2e_warm_us,avg_us,majflt,minflt,load,memavail_kb,ts
A,orig,baseline,baseline,128,1,1,0.00,0.00,915.73,0.00,0.00,0.00,,,915.73,915.73,2.08,182.00,264.00,1.14,19457360,2026-09-18T05:31:57Z
B,orig,baseline,baseline,128,1,1,0.00,0.00,974.51,0.00,0.00,0.00,,,974.51,974.51,2.21,195.00,262.00,1.14,19460296,2026-09-18T05:31:57Z
C,orig,baseline,baseline,128,1,1,0.00,0.00,872.75,0.00,0.00,0.00,,,872.75,872.75,1.59,18.00,35.00,1.13,19461344,2026-09-18T05:31:58Z
C_hit,orig,baseline,baseline,128,1,1,0.00,0.00,582.05,0.00,0.00,0.00,,,582.05,582.05,1.64,37.00,62.00,1.13,19462660,2026-09-18T05:31:58Z
A,orig,layers_5,pread,128,1,1,0.00,100.00,854.46,594.61,153.18,441.43,,,1449.07,1295.89,2.13,184.00,262.00,1.13,19461688,2026-09-18T05:31:58Z
A,orig,layers_5,async,128,1,1,0.00,100.00,979.45,220.13,151.84,68.30,,,1199.58,1047.75,2.12,184.00,262.00,1.13,19465892,2026-09-18T05:31:58Z
A,orig,layers_5,async_win,128,1,1,0.00,100.00,919.82,220.02,150.42,7.76,61.84,2.00,1139.84,927.58,2.13,184.00,262.00,1.13,19466192,2026-09-18T05:31:59Z
A,orig,layers_5,async_bulk,128,1,1,0.00,100.00,848.72,213.22,142.87,7.67,62.68,2.00,1061.94,856.39,2.13,184.00,262.00,1.13,19467628,2026-09-18T05:31:59Z
A,orig,layers_92,pread,128,1,1,0.00,100.00,570.78,8127.82,151.12,7976.70,,,8698.60,8547.48,2.07,181.00,271.00,1.13,19467364,2026-09-18T05:31:59Z
A,orig,layers_92,async,128,1,1,0.00,100.00,572.04,349.10,155.07,194.03,,,921.14,766.07,2.12,181.00,271.00,1.13,19467732,2026-09-18T05:32:00Z
A,orig,layers_92,async_win,128,1,1,0.00,100.00,573.21,330.15,152.46,111.50,66.19,87.00,903.36,684.71,2.16,181.00,271.00,1.13,19467864,2026-09-18T05:32:00Z
A,orig,layers_92,async_bulk,128,1,1,0.00,100.00,571.12,332.80,152.26,114.54,66.00,87.00,903.92,685.66,2.17,181.00,271.00,1.13,19474220,2026-09-18T05:32:00Z
A,orig,2d,pread,128,1,1,0.00,100.00,570.46,1857.30,152.10,1705.21,,,2427.76,2275.67,2.12,181.00,271.00,1.13,19475672,2026-09-18T05:32:01Z
A,orig,2d,async,128,1,1,0.00,100.00,501.64,241.10,154.35,86.75,,,742.74,588.39,2.09,181.00,271.00,1.13,19476824,2026-09-18T05:32:01Z
A,orig,2d,async_win,128,1,1,0.00,100.00,568.19,242.68,152.10,27.39,63.19,13.00,810.87,595.58,2.12,181.00,271.00,1.13,19477628,2026-09-18T05:32:01Z
A,orig,2d,async_bulk,128,1,1,0.00,100.00,571.68,236.57,152.99,22.32,61.27,13.00,808.25,594.00,2.11,181.00,271.00,1.13,19477828,2026-09-18T05:32:02Z
A,orig,2e_K10,pread,128,1,1,0.00,100.00,181.05,2756.91,153.26,2603.66,,,2937.96,2784.71,2.13,181.00,287.00,1.13,19478840,2026-09-18T05:32:02Z
A,orig,2e_K10,async,128,1,1,0.00,100.00,181.02,248.93,150.13,98.80,,,429.95,279.82,2.14,181.00,287.00,1.13,19478840,2026-09-18T05:32:02Z
A,orig,2e_K10,async_win,128,1,1,0.00,100.00,182.68,237.32,143.64,32.04,61.63,23.00,420.00,214.72,2.11,181.00,287.00,1.12,19479804,2026-09-18T05:32:03Z
A,orig,2e_K10,async_bulk,128,1,1,0.00,100.00,184.62,240.68,142.72,31.85,66.11,23.00,425.30,216.47,2.11,181.00,287.00,1.12,19480004,2026-09-18T05:32:03Z
A,orig,2e_K500,pread,128,1,1,0.00,100.00,180.19,23342.59,151.46,23191.13,,,23522.78,23371.32,2.04,170.00,442.00,1.12,19480648,2026-09-18T05:32:03Z
A,orig,2e_K500,async,128,1,1,0.00,100.00,182.79,975.86,145.38,830.47,,,1158.65,1013.26,2.09,189.00,386.00,1.12,19480848,2026-09-18T05:32:04Z
A,orig,2e_K500,async_win,128,1,1,0.00,100.00,182.62,936.24,141.09,702.77,92.38,467.00,1118.86,885.39,2.10,189.00,386.00,1.12,19480520,2026-09-18T05:32:04Z
A,orig,2e_K500,async_bulk,128,1,1,0.00,100.00,181.95,910.84,142.13,677.77,90.94,467.00,1092.79,859.72,2.10,189.00,384.00,1.12,19480524,2026-09-18T05:32:04Z
A,orig,2f_top14,pread,128,1,1,0.00,100.00,569.76,1364.83,149.32,1215.51,,,1934.59,1785.27,2.12,183.00,277.00,1.12,19481152,2026-09-18T05:32:05Z
A,orig,2f_top14,async,128,1,1,0.00,100.00,569.77,230.25,149.71,80.54,,,800.02,650.31,2.13,183.00,277.00,1.12,19481056,2026-09-18T05:32:05Z
A,orig,2f_top14,async_win,128,1,1,0.00,100.00,573.11,225.90,143.37,21.13,61.40,13.00,799.01,594.24,2.13,183.00,277.00,1.12,19483144,2026-09-18T05:32:05Z
A,orig,2f_top14,async_bulk,128,1,1,0.00,100.00,510.39,223.05,142.59,19.18,61.29,13.00,733.44,529.57,2.06,183.00,277.00,1.12,19483292,2026-09-18T05:32:05Z
A,orig,2f_top28,pread,128,1,1,0.00,100.00,185.00,2579.63,150.02,2429.61,,,2764.63,2614.61,2.19,182.00,289.00,1.12,19459396,2026-09-18T05:32:06Z
A,orig,2f_top28,async,128,1,1,0.00,100.00,183.07,251.70,150.57,101.13,,,434.77,284.20,2.12,182.00,289.00,1.12,19460628,2026-09-18T05:32:06Z
A,orig,2f_top28,async_win,128,1,1,0.00,100.00,181.05,248.04,150.23,35.58,62.23,27.00,429.09,216.63,2.13,182.00,288.00,1.12,19465272,2026-09-18T05:32:06Z
A,orig,2f_top28,async_bulk,128,1,1,0.00,100.00,183.69,246.11,142.72,40.59,62.81,27.00,429.80,224.28,2.12,182.00,288.00,1.12,19463204,2026-09-18T05:32:07Z
A,orig,2f_top100,pread,128,1,1,0.00,100.00,181.94,8989.79,187.35,8802.44,,,9171.73,8984.38,2.13,185.00,315.00,1.12,19463476,2026-09-18T05:32:07Z
A,orig,2f_top100,async,128,1,1,0.00,100.00,186.32,378.44,185.99,192.45,,,564.76,378.77,2.11,185.00,319.00,1.11,19465788,2026-09-18T05:32:07Z
A,orig,2f_top100,async_win,128,1,1,0.00,100.00,183.98,369.22,185.41,116.41,67.41,98.00,553.20,300.39,2.13,185.00,319.00,1.11,19466184,2026-09-18T05:32:08Z
A,orig,2f_top100,async_bulk,128,1,1,0.00,100.00,182.87,381.36,185.22,129.90,66.24,98.00,564.23,312.77,2.16,185.00,317.00,1.11,19464928,2026-09-18T05:32:08Z
A,orig,2f_top500,pread,128,1,1,0.00,100.00,182.44,22101.05,184.95,21916.10,,,22283.49,22098.54,2.04,170.00,442.00,1.11,19467292,2026-09-18T05:32:08Z
A,orig,2f_top500,async,128,1,1,0.00,100.00,182.74,1004.68,188.49,816.18,,,1187.42,998.92,2.11,189.00,386.00,1.11,19466948,2026-09-18T05:32:09Z
A,orig,2f_top500,async_win,128,1,1,0.00,100.00,186.46,948.82,185.33,673.13,90.37,455.00,1135.28,859.59,2.13,189.00,385.00,1.11,19466804,2026-09-18T05:32:09Z
A,orig,2f_top500,async_bulk,128,1,1,0.00,100.00,185.88,948.77,188.92,670.48,89.38,455.00,1134.65,856.36,2.10,189.00,388.00,1.11,19469016,2026-09-18T05:32:09Z
A,orig,2f_slru,pread,128,1,1,0.00,100.00,98.62,17318.16,66.53,17251.62,,,17416.78,17350.24,1.53,0.00,278.00,1.11,19470052,2026-09-18T05:32:10Z
A,orig,2f_slru,async,128,1,1,0.00,100.00,97.40,7332.06,173.94,7158.12,,,7429.46,7255.52,1.54,0.00,278.00,1.11,19467740,2026-09-18T05:32:10Z
A,orig,2f_slru,async_win,128,1,1,0.00,79.50,99.25,2495.97,176.70,1922.58,396.70,138.00,2595.22,2021.83,1.55,0.00,278.00,1.11,19469768,2026-09-18T05:32:10Z
A,orig,2f_slru,async_bulk,128,1,1,0.00,1.50,764.54,655.81,178.56,78.81,398.45,2.00,1420.35,843.35,2.12,181.00,261.00,1.11,19473808,2026-09-18T05:32:10Z
A,orig,leaf_freq_K10,pread,128,1,1,0.00,100.00,593.27,997.53,69.22,928.31,,,1590.80,1521.58,2.13,182.00,280.00,1.11,19472844,2026-09-18T05:32:11Z
A,orig,leaf_freq_K10,async,128,1,1,0.00,100.00,533.77,253.20,177.45,75.74,,,786.97,609.51,2.14,182.00,280.00,1.11,19476828,2026-09-18T05:32:11Z
A,orig,leaf_freq_K10,async_win,128,1,1,0.00,100.00,535.59,250.49,174.16,14.67,61.67,10.00,786.08,550.26,2.13,182.00,280.00,1.11,19477064,2026-09-18T05:32:11Z
A,orig,leaf_freq_K10,async_bulk,128,1,1,0.00,100.00,536.48,250.38,173.72,14.42,62.25,10.00,786.86,550.90,2.15,182.00,280.00,1.11,19477276,2026-09-18T05:32:12Z
A,orig,leaf_rand_K10,pread,128,1,1,0.00,100.00,925.35,1054.93,154.98,899.95,,,1980.28,1825.30,2.15,182.00,264.00,1.11,19476340,2026-09-18T05:32:12Z
A,orig,leaf_rand_K10,async,128,1,1,0.00,100.00,892.18,222.66,145.46,77.19,,,1114.84,969.37,2.12,182.00,264.00,1.11,19479240,2026-09-18T05:32:12Z
A,orig,leaf_rand_K10,async_win,128,1,1,0.00,100.00,916.55,219.92,142.52,15.29,62.12,10.00,1136.47,931.84,2.10,182.00,264.00,1.10,19479400,2026-09-18T05:32:13Z
A,orig,leaf_rand_K10,async_bulk,128,1,1,0.00,100.00,890.00,219.26,142.94,14.56,61.77,10.00,1109.26,904.56,2.10,182.00,264.00,1.10,19479816,2026-09-18T05:32:13Z
A,orig,learned_markov_14,pread,128,1,1,0.00,100.00,569.96,1324.92,68.60,1256.32,,,1894.88,1826.28,2.12,181.00,272.00,1.10,19480788,2026-09-18T05:32:13Z
A,orig,learned_markov_14,async,128,1,1,0.00,100.00,573.88,262.29,177.51,84.78,,,836.17,658.66,2.11,181.00,272.00,1.10,19480852,2026-09-18T05:32:14Z
A,orig,learned_markov_14,async_win,128,1,1,0.00,100.00,569.22,259.18,175.26,20.62,63.30,13.00,828.40,589.84,2.13,181.00,272.00,1.10,19480492,2026-09-18T05:32:14Z
A,orig,learned_markov_14,async_bulk,128,1,1,0.00,100.00,569.29,251.28,170.97,20.75,59.56,13.00,820.57,590.04,2.11,181.00,272.00,1.10,19481080,2026-09-18T05:32:14Z
A,orig,learned_markov_28,pread,128,1,1,0.00,100.00,565.43,2507.24,68.13,2439.12,,,3072.67,3004.55,2.06,181.00,273.00,1.10,19481952,2026-09-18T05:32:15Z
A,orig,learned_markov_28,async,128,1,1,0.00,100.00,571.90,295.12,196.14,98.98,,,867.02,670.88,2.13,181.00,272.00,1.10,19481748,2026-09-18T05:32:15Z
A,orig,learned_markov_28,async_win,128,1,1,0.00,100.00,567.99,290.93,192.48,35.44,63.01,26.00,858.92,603.43,2.09,181.00,272.00,1.10,19481880,2026-09-18T05:32:15Z
A,orig,learned_markov_28,async_bulk,128,1,1,0.00,100.00,569.07,290.99,192.90,35.08,63.01,26.00,860.06,604.15,2.10,181.00,272.00,1.10,19483024,2026-09-18T05:32:15Z
B,orig,layers_5,pread,128,1,1,0.00,100.00,944.54,510.53,69.60,440.93,,,1455.07,1385.47,2.20,196.00,263.00,1.10,19483720,2026-09-18T05:32:16Z
B,orig,layers_5,async,128,1,1,0.00,100.00,878.62,251.36,180.70,70.66,,,1129.98,949.28,2.25,197.00,262.00,1.10,19460056,2026-09-18T05:32:16Z
B,orig,layers_5,async_win,128,1,1,0.00,100.00,872.72,249.11,180.42,7.51,61.17,2.00,1121.83,880.23,2.20,197.00,262.00,1.10,19464872,2026-09-18T05:32:16Z
B,orig,layers_5,async_bulk,128,1,1,0.00,100.00,836.06,251.23,180.85,7.87,62.52,2.00,1087.29,843.93,2.14,197.00,262.00,1.10,19465192,2026-09-18T05:32:17Z
B,orig,layers_92,pread,128,1,1,0.00,100.00,510.80,8184.65,104.33,8080.32,,,8695.45,8591.12,2.18,195.00,273.00,1.10,19465980,2026-09-18T05:32:17Z
B,orig,layers_92,async,128,1,1,0.00,100.00,542.08,337.24,139.38,197.86,,,879.32,739.94,2.21,197.00,269.00,1.09,19466112,2026-09-18T05:32:17Z
B,orig,layers_92,async_win,128,1,1,0.00,100.00,569.86,325.48,135.36,123.59,66.53,87.00,895.34,693.45,2.22,197.00,269.00,1.09,19466044,2026-09-18T05:32:18Z
B,orig,layers_92,async_bulk,128,1,1,0.00,100.00,573.40,322.27,136.47,119.06,66.73,87.00,895.67,692.46,2.22,197.00,269.00,1.09,19467876,2026-09-18T05:32:18Z
B,orig,2d,pread,128,1,1,0.00,100.00,500.16,1885.16,185.12,1700.05,,,2385.32,2200.21,2.13,195.00,273.00,1.09,19468880,2026-09-18T05:32:18Z
B,orig,2d,async,128,1,1,0.00,100.00,502.96,272.47,186.10,86.37,,,775.43,589.33,2.19,197.00,268.00,1.09,19469872,2026-09-18T05:32:19Z
B,orig,2d,async_win,128,1,1,0.00,100.00,540.72,271.80,185.12,24.93,61.76,13.00,812.52,565.65,2.20,197.00,269.00,1.09,19469312,2026-09-18T05:32:19Z
B,orig,2d,async_bulk,128,1,1,0.00,100.00,498.16,274.50,185.94,25.20,63.36,13.00,772.66,523.36,2.16,197.00,269.00,1.09,19472092,2026-09-18T05:32:19Z
B,orig,2e_K10,pread,128,1,1,0.00,100.00,481.25,2639.13,104.44,2534.70,,,3120.38,3015.95,2.21,195.00,273.00,1.09,19472164,2026-09-18T05:32:20Z
B,orig,2e_K10,async,128,1,1,0.00,100.00,508.02,231.66,131.23,100.44,,,739.68,608.46,2.14,197.00,269.00,1.09,19472996,2026-09-18T05:32:20Z
B,orig,2e_K10,async_win,128,1,1,0.00,100.00,444.95,235.01,132.81,38.18,64.02,23.00,679.96,483.13,2.22,197.00,269.00,1.09,19474376,2026-09-18T05:32:20Z
B,orig,2e_K10,async_bulk,128,1,1,0.00,100.00,501.42,231.34,131.16,37.00,63.19,23.00,732.76,538.42,2.18,197.00,269.00,1.09,19474976,2026-09-18T05:32:21Z
B,orig,2e_K500,pread,128,1,1,0.00,100.00,504.11,19626.41,102.72,19523.69,,,20130.52,20027.80,1.96,122.00,348.00,1.09,19492272,2026-09-18T05:32:21Z
B,orig,2e_K500,async,128,1,1,0.00,100.00,499.98,999.60,138.50,861.10,,,1499.58,1361.08,2.15,190.00,336.00,1.09,19493016,2026-09-18T05:32:21Z
B,orig,2e_K500,async_win,128,1,1,0.00,100.00,529.48,912.07,132.71,687.34,92.02,461.00,1441.55,1216.82,2.18,190.00,340.00,1.09,19480080,2026-09-18T05:32:22Z
B,orig,2e_K500,async_bulk,128,1,1,0.00,100.00,535.81,907.03,133.04,683.61,90.38,461.00,1442.84,1219.42,2.17,190.00,338.00,1.09,19481368,2026-09-18T05:32:22Z
B,orig,2f_top14,pread,128,1,1,0.00,100.00,474.35,1398.38,151.62,1246.76,,,1872.73,1721.11,2.23,197.00,268.00,1.09,19482260,2026-09-18T05:32:22Z
B,orig,2f_top14,async,128,1,1,0.00,100.00,505.59,236.91,155.34,81.57,,,742.50,587.16,2.16,197.00,268.00,1.08,19484084,2026-09-18T05:32:23Z
B,orig,2f_top14,async_win,128,1,1,0.00,100.00,545.16,226.25,143.32,20.95,61.99,13.00,771.41,566.11,2.22,197.00,268.00,1.08,19482392,2026-09-18T05:32:23Z
B,orig,2f_top14,async_bulk,128,1,1,0.00,100.00,506.50,226.65,144.66,20.39,61.60,13.00,733.15,526.89,2.19,197.00,268.00,1.08,19484828,2026-09-18T05:32:23Z
B,orig,2f_top28,pread,128,1,1,0.00,100.00,540.25,2485.99,177.79,2308.20,,,3026.24,2848.45,2.21,197.00,268.00,1.08,19485200,2026-09-18T05:32:24Z
B,orig,2f_top28,async,128,1,1,0.00,100.00,555.66,280.28,181.06,99.22,,,835.94,654.88,2.20,197.00,268.00,1.08,19485480,2026-09-18T05:32:24Z
B,orig,2f_top28,async_win,128,1,1,0.00,100.00,501.38,277.48,179.72,35.63,62.14,27.00,778.86,537.01,2.14,197.00,268.00,1.08,19484896,2026-09-18T05:32:24Z
B,orig,2f_top28,async_bulk,128,1,1,0.00,100.00,546.90,275.05,175.82,36.81,62.42,27.00,821.95,583.71,2.21,197.00,268.00,1.08,19486996,2026-09-18T05:32:25Z
B,orig,2f_top100,pread,128,1,1,0.00,100.00,538.48,8763.97,204.43,8559.53,,,9302.45,9098.01,2.19,194.00,294.00,1.08,19486484,2026-09-18T05:32:25Z
B,orig,2f_top100,async,128,1,1,0.00,100.00,540.03,437.51,237.00,200.52,,,977.54,740.55,2.31,196.00,287.00,1.08,19486568,2026-09-18T05:32:25Z
B,orig,2f_top100,async_win,128,1,1,0.00,100.00,506.35,423.73,235.42,121.61,66.69,98.00,930.08,627.96,2.14,196.00,287.00,1.08,19488236,2026-09-18T05:32:26Z
B,orig,2f_top100,async_bulk,128,1,1,0.00,100.00,509.63,412.20,226.25,119.50,66.45,98.00,921.83,629.13,2.19,196.00,287.00,1.08,19488332,2026-09-18T05:32:26Z
B,orig,2f_top500,pread,128,1,1,0.00,100.00,501.97,19692.00,85.52,19606.48,,,20193.97,20108.45,1.95,122.00,351.00,1.08,19475100,2026-09-18T05:32:26Z
B,orig,2f_top500,async,128,1,1,0.00,30.40,2469.79,963.90,233.10,730.80,,,3433.69,3200.59,2.17,190.00,339.00,1.08,19474100,2026-09-18T05:32:26Z
B,orig,2f_top500,async_win,128,1,1,0.00,100.00,493.11,1034.11,236.15,669.18,128.77,450.00,1527.22,1162.29,2.15,190.00,340.00,1.08,19475408,2026-09-18T05:32:27Z
B,orig,2f_top500,async_bulk,128,1,1,0.00,100.00,530.25,1035.48,233.29,671.73,130.46,450.00,1565.73,1201.98,2.20,190.00,342.00,1.08,19475804,2026-09-18T05:32:27Z
B,orig,2f_slru,pread,128,1,1,0.00,100.00,97.24,17826.32,203.25,17623.06,,,17923.56,17720.30,1.57,0.00,278.00,1.32,19476372,2026-09-18T05:32:27Z
B,orig,2f_slru,async,128,1,1,0.00,100.00,97.81,7427.36,251.07,7176.29,,,7525.17,7274.10,1.59,0.00,278.00,1.32,19473692,2026-09-18T05:32:28Z
B,orig,2f_slru,async_win,128,1,1,0.00,91.30,99.61,2671.77,245.41,2014.90,411.46,138.00,2771.38,2114.51,1.61,0.00,278.00,1.32,19474468,2026-09-18T05:32:28Z
B,orig,2f_slru,async_bulk,128,1,1,0.00,1.50,886.78,726.85,247.07,79.89,399.88,2.00,1613.63,966.67,2.20,194.00,260.00,1.32,19477512,2026-09-18T05:32:28Z
B,orig,leaf_freq_K10,pread,128,1,1,0.00,100.00,884.08,1005.99,140.56,865.43,,,1890.07,1749.51,2.21,195.00,262.00,1.32,19477908,2026-09-18T05:32:29Z
B,orig,leaf_freq_K10,async,128,1,1,0.00,100.00,887.01,260.25,185.77,74.48,,,1147.26,961.49,2.21,195.00,262.00,1.32,19477628,2026-09-18T05:32:29Z
B,orig,leaf_freq_K10,async_win,128,1,1,0.00,100.00,912.78,260.96,186.35,14.38,60.23,10.00,1173.74,927.16,2.19,195.00,262.00,1.32,19478040,2026-09-18T05:32:29Z
B,orig,leaf_freq_K10,async_bulk,128,1,1,0.00,100.00,887.05,265.04,188.18,15.14,61.72,10.00,1152.09,902.19,2.21,195.00,262.00,1.32,19478568,2026-09-18T05:32:30Z
B,orig,leaf_rand_K10,pread,128,1,1,0.00,100.00,846.23,1134.04,238.29,895.75,,,1980.27,1741.98,2.17,195.00,262.00,1.32,19478724,2026-09-18T05:32:30Z
B,orig,leaf_rand_K10,async,128,1,1,0.00,100.00,952.94,307.71,231.04,76.66,,,1260.65,1029.60,2.21,195.00,262.00,1.32,19478520,2026-09-18T05:32:30Z
B,orig,leaf_rand_K10,async_win,128,1,1,0.00,100.00,988.49,308.10,230.53,16.51,61.05,10.00,1296.59,1005.00,2.24,195.00,262.00,1.32,19478748,2026-09-18T05:32:31Z
B,orig,leaf_rand_K10,async_bulk,128,1,1,0.00,100.00,984.27,306.13,228.52,16.12,61.49,10.00,1290.40,1000.39,2.22,195.00,262.00,1.32,19478920,2026-09-18T05:32:31Z
B,orig,learned_markov_14,pread,128,1,1,0.00,100.00,505.34,1336.82,90.95,1245.87,,,1842.16,1751.21,2.21,197.00,268.00,1.32,19479308,2026-09-18T05:32:31Z
B,orig,learned_markov_14,async,128,1,1,0.00,100.00,501.08,335.05,253.97,81.08,,,836.13,582.16,2.17,197.00,268.00,1.32,19479960,2026-09-18T05:32:32Z
B,orig,learned_markov_14,async_win,128,1,1,0.00,100.00,547.14,329.19,249.37,19.11,60.71,13.00,876.33,566.25,2.21,197.00,268.00,1.32,19478384,2026-09-18T05:32:32Z
B,orig,learned_markov_14,async_bulk,128,1,1,0.00,100.00,547.35,332.01,248.25,18.87,64.90,13.00,879.36,566.22,2.23,197.00,268.00,1.32,19478648,2026-09-18T05:32:32Z
B,orig,learned_markov_28,pread,128,1,1,0.00,100.00,568.93,2633.31,202.04,2431.27,,,3202.24,3000.20,2.19,197.00,270.00,1.29,19479840,2026-09-18T05:32:33Z
B,orig,learned_markov_28,async,128,1,1,0.00,100.00,471.25,333.67,238.92,94.75,,,804.92,566.00,2.24,197.00,270.00,1.29,19472456,2026-09-18T05:32:33Z
B,orig,learned_markov_28,async_win,128,1,1,0.00,100.00,540.75,337.28,235.78,37.84,63.66,27.00,878.03,578.59,2.22,197.00,270.00,1.29,19473428,2026-09-18T05:32:33Z
B,orig,learned_markov_28,async_bulk,128,1,1,0.00,100.00,508.28,324.00,226.26,35.50,62.24,27.00,832.28,543.78,2.21,197.00,270.00,1.29,19474680,2026-09-18T05:32:33Z
C,orig,layers_5,pread,128,1,1,0.00,100.00,957.11,647.41,208.99,438.41,,,1604.52,1395.52,1.57,18.00,35.00,1.29,19474108,2026-09-18T05:32:34Z
C,orig,layers_5,async,128,1,1,0.00,100.00,939.32,268.81,198.77,70.03,,,1208.13,1009.35,1.58,18.00,35.00,1.29,19473236,2026-09-18T05:32:34Z
C,orig,layers_5,async_win,128,1,1,0.00,100.00,930.15,275.36,206.45,7.75,61.16,2.00,1205.51,937.90,1.60,18.00,35.00,1.29,19474352,2026-09-18T05:32:34Z
C,orig,layers_5,async_bulk,128,1,1,0.00,100.00,961.87,276.48,207.08,7.67,61.74,2.00,1238.35,969.54,1.57,18.00,35.00,1.29,19475092,2026-09-18T05:32:35Z
C,orig,layers_92,pread,128,1,1,0.00,100.00,512.13,8024.50,202.10,7822.40,,,8536.63,8334.53,1.57,18.00,38.00,1.29,19474804,2026-09-18T05:32:35Z
C,orig,layers_92,async,128,1,1,0.00,100.00,513.31,409.85,211.99,197.86,,,923.16,711.17,1.58,18.00,38.00,1.29,19476288,2026-09-18T05:32:35Z
C,orig,layers_92,async_win,128,1,1,0.00,100.00,550.16,385.61,208.02,112.13,65.45,87.00,935.77,662.29,1.58,18.00,38.00,1.29,19477048,2026-09-18T05:32:35Z
C,orig,layers_92,async_bulk,128,1,1,0.00,100.00,557.32,384.88,210.67,109.14,65.07,87.00,942.20,666.46,1.58,18.00,38.00,1.29,19475528,2026-09-18T05:32:36Z
C,orig,2d,pread,128,1,1,0.00,100.00,575.48,566.02,205.13,360.90,,,1141.50,936.38,1.58,18.00,38.00,1.29,19476160,2026-09-18T05:32:36Z
C,orig,2d,async,128,1,1,0.00,100.00,579.78,277.56,208.26,69.30,,,857.34,649.08,1.58,18.00,38.00,1.29,19476224,2026-09-18T05:32:36Z
C,orig,2d,async_win,128,1,1,0.00,100.00,583.43,279.81,210.74,8.01,61.06,2.00,863.24,591.44,1.59,18.00,38.00,1.29,19476808,2026-09-18T05:32:36Z
C,orig,2d,async_bulk,128,1,1,0.00,100.00,585.17,281.98,212.95,7.74,61.29,2.00,867.15,592.91,1.58,18.00,38.00,1.29,19477344,2026-09-18T05:32:37Z
C,orig,2e_K10,pread,128,1,1,0.00,100.00,500.53,1425.83,208.34,1217.49,,,1926.36,1718.02,1.55,17.00,41.00,1.29,19476760,2026-09-18T05:32:37Z
C,orig,2e_K10,async,128,1,1,0.00,100.00,576.73,277.87,198.56,79.31,,,854.60,656.04,1.57,18.00,40.00,1.29,19475696,2026-09-18T05:32:37Z
C,orig,2e_K10,async_win,128,1,1,0.00,100.00,578.26,277.78,199.16,18.29,60.33,8.00,856.04,596.55,1.57,18.00,40.00,1.27,19475660,2026-09-18T05:32:37Z
C,orig,2e_K10,async_bulk,128,1,1,0.00,100.00,510.87,273.63,196.93,16.00,60.70,8.00,784.50,526.87,1.59,18.00,40.00,1.27,19476328,2026-09-18T05:32:38Z
C,orig,2e_K500,pread,128,1,1,0.00,100.00,176.11,2415.84,201.24,2214.60,,,2591.95,2390.71,1.52,0.00,37.00,1.27,19479312,2026-09-18T05:32:38Z
C,orig,2e_K500,async,128,1,1,0.00,59.80,180.89,665.89,206.62,459.27,,,846.78,640.16,1.52,0.00,37.00,1.27,19480728,2026-09-18T05:32:38Z
C,orig,2e_K500,async_win,128,1,1,0.00,42.30,178.77,502.08,194.96,222.16,84.97,90.00,680.85,400.93,1.54,0.00,37.00,1.27,19482316,2026-09-18T05:32:38Z
C,orig,2e_K500,async_bulk,128,1,1,0.00,42.30,179.01,498.28,194.28,221.34,82.67,90.00,677.29,400.35,1.51,0.00,37.00,1.27,19482472,2026-09-18T05:32:39Z
C,orig,2f_top14,pread,128,1,1,0.00,100.00,188.81,1291.34,211.07,1080.27,,,1480.15,1269.08,1.56,16.00,41.00,1.27,19482368,2026-09-18T05:32:39Z
C,orig,2f_top14,async,128,1,1,0.00,100.00,589.28,289.06,208.64,80.42,,,878.34,669.70,1.56,17.00,40.00,1.27,19483192,2026-09-18T05:32:39Z
C,orig,2f_top14,async_win,128,1,1,0.00,100.00,582.92,276.14,196.36,17.74,62.04,9.00,859.06,600.66,1.57,17.00,40.00,1.27,19483356,2026-09-18T05:32:40Z
C,orig,2f_top14,async_bulk,128,1,1,0.00,100.00,550.78,267.97,188.54,18.09,61.34,9.00,818.75,568.87,1.57,17.00,40.00,1.27,19483832,2026-09-18T05:32:40Z
C,orig,2f_top28,pread,128,1,1,0.00,100.00,176.90,1235.11,205.68,1029.44,,,1412.01,1206.34,1.56,15.00,40.00,1.27,19483208,2026-09-18T05:32:40Z
C,orig,2f_top28,async,128,1,1,0.00,100.00,177.91,303.12,207.69,95.43,,,481.03,273.34,1.59,17.00,40.00,1.27,19483784,2026-09-18T05:32:40Z
C,orig,2f_top28,async_win,128,1,1,0.00,100.00,178.54,293.00,204.39,26.55,62.06,13.00,471.54,205.09,1.57,17.00,40.00,1.27,19484148,2026-09-18T05:32:41Z
C,orig,2f_top28,async_bulk,128,1,1,0.00,100.00,178.38,286.74,198.49,27.28,60.96,13.00,465.12,205.66,1.57,17.00,40.00,1.27,19483908,2026-09-18T05:32:41Z
C,orig,2f_top100,pread,128,1,1,0.00,100.00,178.37,1329.94,206.51,1123.43,,,1508.31,1301.80,1.57,10.00,39.00,1.27,19484096,2026-09-18T05:32:41Z
C,orig,2f_top100,async,128,1,1,0.00,100.00,177.55,384.04,206.29,177.75,,,561.59,355.30,1.55,13.00,38.00,1.27,19495392,2026-09-18T05:32:41Z
C,orig,2f_top100,async_win,128,1,1,0.00,100.00,181.21,345.61,207.71,72.08,65.82,32.00,526.82,253.29,1.56,13.00,38.00,1.27,19495736,2026-09-18T05:32:42Z
C,orig,2f_top100,async_bulk,128,1,1,0.00,100.00,179.57,345.59,207.39,71.89,66.31,32.00,525.16,251.46,1.58,13.00,38.00,1.27,19496832,2026-09-18T05:32:42Z
C,orig,2f_top500,pread,128,1,1,0.00,100.00,88.79,2827.49,202.20,2625.30,,,2916.28,2714.09,1.53,0.00,37.00,1.27,19496992,2026-09-18T05:32:42Z
C,orig,2f_top500,async,128,1,1,0.00,100.00,98.08,952.71,204.44,748.27,,,1050.79,846.35,1.53,0.00,37.00,1.27,19498428,2026-09-18T05:32:42Z
C,orig,2f_top500,async_win,128,1,1,0.00,100.00,91.61,502.10,198.07,214.63,89.40,15.00,593.71,306.24,1.52,0.00,37.00,1.25,19498264,2026-09-18T05:32:43Z
C,orig,2f_top500,async_bulk,128,1,1,0.00,13.60,843.17,331.35,205.33,37.08,88.95,2.00,1174.52,880.25,1.58,17.00,36.00,1.25,19498108,2026-09-18T05:32:43Z
C,orig,2f_slru,pread,128,1,1,0.00,100.00,91.53,2912.42,205.32,2707.10,,,3003.95,2798.63,1.51,0.00,37.00,1.25,19498904,2026-09-18T05:32:43Z
C,orig,2f_slru,async,128,1,1,0.00,100.00,92.94,991.80,205.68,786.13,,,1084.74,879.07,1.51,0.00,37.00,1.25,19484660,2026-09-18T05:32:43Z
C,orig,2f_slru,async_win,128,1,1,0.00,100.00,95.39,553.40,206.30,220.51,126.59,15.00,648.79,315.90,1.52,0.00,37.00,1.25,19485784,2026-09-18T05:32:44Z
C,orig,2f_slru,async_bulk,128,1,1,0.00,13.60,783.45,375.43,208.79,38.68,127.95,2.00,1158.88,822.13,1.58,17.00,36.00,1.25,19485504,2026-09-18T05:32:44Z
C,orig,leaf_freq_K10,pread,128,1,1,0.00,100.00,1058.91,916.51,191.48,725.03,,,1975.42,1783.94,1.58,17.00,38.00,1.25,19487216,2026-09-18T05:32:44Z
C,orig,leaf_freq_K10,async,128,1,1,0.00,100.00,1077.57,266.46,192.42,74.04,,,1344.03,1151.61,1.60,18.00,37.00,1.25,19487476,2026-09-18T05:32:44Z
C,orig,leaf_freq_K10,async_win,128,1,1,0.00,100.00,976.97,270.74,191.84,16.52,62.38,6.00,1247.71,993.49,1.56,18.00,37.00,1.25,19487400,2026-09-18T05:32:45Z
C,orig,leaf_freq_K10,async_bulk,128,1,1,0.00,100.00,979.79,260.31,183.21,12.94,64.15,6.00,1240.10,992.73,1.58,18.00,37.00,1.25,19487876,2026-09-18T05:32:45Z
C,orig,leaf_rand_K10,pread,128,1,1,0.00,100.00,951.57,1098.78,197.08,901.70,,,2050.35,1853.27,1.57,18.00,35.00,1.25,19488988,2026-09-18T05:32:45Z
C,orig,leaf_rand_K10,async,128,1,1,0.00,100.00,978.10,312.57,235.20,77.36,,,1290.67,1055.46,1.57,18.00,35.00,1.25,19489000,2026-09-18T05:32:45Z
C,orig,leaf_rand_K10,async_win,128,1,1,0.00,100.00,974.71,308.33,226.88,14.36,67.10,10.00,1283.04,989.07,1.57,18.00,35.00,1.25,19489124,2026-09-18T05:32:46Z
C,orig,leaf_rand_K10,async_bulk,128,1,1,0.00,100.00,980.14,301.96,225.19,15.58,61.19,10.00,1282.10,995.72,1.57,18.00,35.00,1.25,19490052,2026-09-18T05:32:46Z
C,orig,learned_markov_14,pread,128,1,1,0.00,100.00,192.09,1277.31,204.51,1072.80,,,1469.40,1264.89,1.57,16.00,41.00,1.25,19492128,2026-09-18T05:32:46Z
C,orig,learned_markov_14,async,128,1,1,0.00,100.00,525.70,322.56,242.18,80.38,,,848.26,606.08,1.57,17.00,40.00,1.25,19491072,2026-09-18T05:32:47Z
C,orig,learned_markov_14,async_win,128,1,1,0.00,100.00,582.12,311.06,231.97,17.68,61.41,9.00,893.18,599.80,1.58,17.00,40.00,1.25,19476528,2026-09-18T05:32:47Z
C,orig,learned_markov_14,async_bulk,128,1,1,0.00,100.00,576.24,309.26,230.81,16.91,61.53,9.00,885.50,593.15,1.60,17.00,40.00,1.25,19476352,2026-09-18T05:32:47Z
C,orig,learned_markov_28,pread,128,1,1,0.00,100.00,179.75,1227.23,120.31,1106.92,,,1406.98,1286.67,1.56,15.00,40.00,1.25,19477668,2026-09-18T05:32:47Z
C,orig,learned_markov_28,async,128,1,1,0.00,100.00,179.16,336.08,239.93,96.15,,,515.24,275.31,1.58,17.00,40.00,1.23,19477288,2026-09-18T05:32:48Z
C,orig,learned_markov_28,async_win,128,1,1,0.00,100.00,180.62,326.03,237.21,26.71,62.12,13.00,506.65,207.33,1.59,17.00,40.00,1.23,19477628,2026-09-18T05:32:48Z
C,orig,learned_markov_28,async_bulk,128,1,1,0.00,100.00,181.01,324.96,233.73,28.60,62.63,13.00,505.97,209.61,1.58,17.00,40.00,1.23,19477636,2026-09-18T05:32:48Z
C_hit,orig,layers_5,pread,128,1,1,0.00,100.00,547.63,562.50,120.94,441.56,,,1110.13,989.19,1.66,37.00,62.00,1.23,19478908,2026-09-18T05:32:48Z
C_hit,orig,layers_5,async,128,1,1,0.00,100.00,548.83,298.50,230.99,67.51,,,847.33,616.34,1.66,37.00,62.00,1.23,19479744,2026-09-18T05:32:49Z
C_hit,orig,layers_5,async_win,128,1,1,0.00,100.00,552.55,302.67,233.55,7.69,61.43,2.00,855.22,560.24,1.66,37.00,62.00,1.23,19480824,2026-09-18T05:32:49Z
C_hit,orig,layers_5,async_bulk,128,1,1,0.00,100.00,549.95,291.51,222.46,7.75,61.30,2.00,841.46,557.70,1.67,37.00,62.00,1.23,19483404,2026-09-18T05:32:49Z
C_hit,orig,layers_92,pread,128,1,1,0.00,100.00,393.82,7991.93,118.48,7873.44,,,8385.75,8267.26,1.65,37.00,64.00,1.23,19483292,2026-09-18T05:32:49Z
C_hit,orig,layers_92,async,128,1,1,0.00,100.00,461.11,394.94,199.76,195.18,,,856.05,656.29,1.68,37.00,64.00,1.23,19483708,2026-09-18T05:32:50Z
C_hit,orig,layers_92,async_win,128,1,1,0.00,100.00,402.29,379.34,204.97,107.82,66.56,87.00,781.63,510.11,1.68,37.00,64.00,1.23,19484184,2026-09-18T05:32:50Z
C_hit,orig,layers_92,async_bulk,128,1,1,0.00,100.00,405.75,377.33,204.27,107.23,65.82,87.00,783.08,512.98,1.66,37.00,64.00,1.23,19485548,2026-09-18T05:32:50Z
C_hit,orig,2d,pread,128,1,1,0.00,100.00,458.80,662.50,230.21,432.29,,,1121.30,891.09,1.66,37.00,64.00,1.23,19485164,2026-09-18T05:32:51Z
C_hit,orig,2d,async,128,1,1,0.00,100.00,401.79,304.24,235.01,69.23,,,706.03,471.02,1.66,37.00,64.00,1.23,19485968,2026-09-18T05:32:51Z
C_hit,orig,2d,async_win,128,1,1,0.00,100.00,459.85,298.70,228.79,8.66,61.26,3.00,758.55,468.51,1.66,37.00,64.00,1.23,19486180,2026-09-18T05:32:51Z
C_hit,orig,2d,async_bulk,128,1,1,0.00,100.00,464.10,302.92,233.43,8.26,61.23,3.00,767.02,472.36,1.65,37.00,64.00,1.23,19487808,2026-09-18T05:32:51Z
C_hit,orig,2e_K10,pread,128,1,1,0.00,100.00,176.16,1105.06,120.72,984.34,,,1281.22,1160.50,1.64,36.00,64.00,1.23,19486856,2026-09-18T05:32:52Z
C_hit,orig,2e_K10,async,128,1,1,0.00,100.00,445.22,303.76,223.07,80.69,,,748.98,525.91,1.66,37.00,64.00,1.23,19487548,2026-09-18T05:32:52Z
C_hit,orig,2e_K10,async_win,128,1,1,0.00,100.00,457.68,305.31,227.35,15.76,62.21,6.00,762.99,473.44,1.68,37.00,64.00,1.23,19484792,2026-09-18T05:32:52Z
C_hit,orig,2e_K10,async_bulk,128,1,1,0.00,100.00,447.53,304.70,228.10,15.87,60.73,6.00,752.23,463.40,1.66,37.00,64.00,1.21,19485192,2026-09-18T05:32:52Z
C_hit,orig,2e_K500,pread,128,1,1,0.00,100.00,177.04,3371.42,192.19,3179.23,,,3548.46,3356.27,1.56,10.00,64.00,1.21,19485156,2026-09-18T05:32:53Z
C_hit,orig,2e_K500,async,128,1,1,0.00,43.80,177.99,886.64,223.21,663.43,,,1064.63,841.42,1.57,12.00,63.00,1.21,19485368,2026-09-18T05:32:53Z
C_hit,orig,2e_K500,async_win,128,1,1,0.00,100.00,179.55,665.42,221.46,352.30,91.66,139.00,844.97,531.85,1.58,12.00,63.00,1.21,19485836,2026-09-18T05:32:53Z
C_hit,orig,2e_K500,async_bulk,128,1,1,0.00,37.80,180.16,659.00,224.86,342.19,91.94,139.00,839.16,522.35,1.56,12.00,63.00,1.21,19485724,2026-09-18T05:32:53Z
C_hit,orig,2f_top14,pread,128,1,1,0.00,100.00,175.22,1098.11,227.50,870.62,,,1273.33,1045.84,1.64,36.00,64.00,1.21,19483060,2026-09-18T05:32:54Z
C_hit,orig,2f_top14,async,128,1,1,0.00,100.00,409.26,308.48,227.97,80.51,,,717.74,489.77,1.65,37.00,64.00,1.21,19483108,2026-09-18T05:32:54Z
C_hit,orig,2f_top14,async_win,128,1,1,0.00,100.00,597.45,298.71,221.93,14.87,61.92,6.00,896.16,612.32,1.68,37.00,64.00,1.21,19464036,2026-09-18T05:32:54Z
C_hit,orig,2f_top14,async_bulk,128,1,1,0.00,100.00,511.89,305.27,221.92,21.25,62.11,6.00,817.16,533.14,1.69,37.00,64.00,1.21,19465040,2026-09-18T05:32:55Z
C_hit,orig,2f_top28,pread,128,1,1,0.00,100.00,174.87,1001.16,116.18,884.98,,,1176.03,1059.85,1.67,35.00,64.00,1.21,19464908,2026-09-18T05:32:55Z
C_hit,orig,2f_top28,async,128,1,1,0.00,100.00,187.01,340.25,241.86,98.39,,,527.26,285.40,1.66,36.00,64.00,1.21,19464804,2026-09-18T05:32:55Z
C_hit,orig,2f_top28,async_win,128,1,1,0.00,100.00,178.06,320.58,235.63,22.55,62.40,8.00,498.64,200.61,1.65,36.00,64.00,1.21,19465256,2026-09-18T05:32:55Z
C_hit,orig,2f_top28,async_bulk,128,1,1,0.00,100.00,178.83,316.92,233.31,21.48,62.13,8.00,495.75,200.31,1.65,36.00,64.00,1.21,19465568,2026-09-18T05:32:56Z
C_hit,orig,2f_top100,pread,128,1,1,0.00,100.00,177.66,1280.20,119.38,1160.81,,,1457.86,1338.47,1.64,31.00,63.00,1.21,19466400,2026-09-18T05:32:56Z
C_hit,orig,2f_top100,async,128,1,1,0.00,100.00,177.00,383.01,204.53,178.48,,,560.01,355.48,1.63,33.00,63.00,1.21,19466136,2026-09-18T05:32:56Z
C_hit,orig,2f_top100,async_win,128,1,1,0.00,100.00,178.84,338.54,203.51,69.01,66.01,28.00,517.38,247.85,1.64,33.00,63.00,1.21,19466740,2026-09-18T05:32:56Z
C_hit,orig,2f_top100,async_bulk,128,1,1,0.00,100.00,178.97,339.52,204.87,68.64,66.01,28.00,518.49,247.61,1.65,33.00,63.00,1.21,19466940,2026-09-18T05:32:57Z
C_hit,orig,2f_top500,pread,128,1,1,0.00,100.00,178.83,3155.79,117.66,3038.13,,,3334.62,3216.96,1.56,10.00,64.00,1.21,19467524,2026-09-18T05:32:57Z
C_hit,orig,2f_top500,async,128,1,1,0.00,45.40,180.80,900.99,223.73,677.26,,,1081.79,858.06,1.57,12.00,64.00,1.21,19466448,2026-09-18T05:32:57Z
C_hit,orig,2f_top500,async_win,128,1,1,0.00,32.80,179.83,651.60,222.21,337.94,91.44,138.00,831.43,517.77,1.57,12.00,64.00,1.19,19466784,2026-09-18T05:32:57Z
C_hit,orig,2f_top500,async_bulk,128,1,1,0.00,37.80,179.34,648.07,222.97,333.40,91.70,138.00,827.41,512.74,1.59,12.00,64.00,1.19,19466892,2026-09-18T05:32:58Z
C_hit,orig,2f_slru,pread,128,1,1,0.00,100.00,90.61,4848.31,118.89,4729.41,,,4938.92,4820.02,1.53,0.00,62.00,1.19,19466964,2026-09-18T05:32:58Z
C_hit,orig,2f_slru,async,128,1,1,0.00,100.00,91.30,1613.67,228.85,1384.82,,,1704.97,1476.12,1.56,0.00,62.00,1.19,19467200,2026-09-18T05:32:58Z
C_hit,orig,2f_slru,async_win,128,1,1,0.00,100.00,93.16,756.72,228.86,400.61,127.25,29.00,849.88,493.77,1.53,0.00,62.00,1.19,19468148,2026-09-18T05:32:59Z
C_hit,orig,2f_slru,async_bulk,128,1,1,0.00,7.00,293.92,394.41,225.95,41.54,126.92,2.00,688.33,335.46,1.70,36.00,61.00,1.19,19468048,2026-09-18T05:32:59Z
C_hit,orig,leaf_freq_K10,pread,128,1,1,0.00,100.00,193.47,703.27,119.05,584.22,,,896.74,777.69,1.64,36.00,63.00,1.19,19467572,2026-09-18T05:32:59Z
C_hit,orig,leaf_freq_K10,async,128,1,1,0.00,100.00,478.69,279.26,204.69,74.57,,,757.95,553.26,1.66,37.00,62.00,1.19,19452516,2026-09-18T05:32:59Z
C_hit,orig,leaf_freq_K10,async_win,128,1,1,0.00,100.00,460.78,281.48,197.93,21.37,62.18,3.00,742.26,482.15,1.66,37.00,62.00,1.19,19460372,2026-09-18T05:33:00Z
C_hit,orig,leaf_freq_K10,async_bulk,128,1,1,0.00,100.00,403.23,270.83,199.26,10.65,60.91,3.00,674.06,413.88,1.64,37.00,62.00,1.19,19460920,2026-09-18T05:33:00Z
C_hit,orig,leaf_rand_K10,pread,128,1,1,0.00,100.00,558.97,987.25,121.37,865.88,,,1546.22,1424.85,1.66,37.00,62.00,1.19,19462308,2026-09-18T05:33:00Z
C_hit,orig,leaf_rand_K10,async,128,1,1,0.00,100.00,557.83,225.78,150.98,74.79,,,783.61,632.62,1.64,37.00,62.00,1.19,19463060,2026-09-18T05:33:00Z
C_hit,orig,leaf_rand_K10,async_win,128,1,1,0.00,100.00,554.31,255.61,182.74,14.01,58.86,10.00,809.92,568.32,1.65,37.00,62.00,1.19,19463588,2026-09-18T05:33:01Z
C_hit,orig,leaf_rand_K10,async_bulk,128,1,1,0.00,100.00,564.98,227.78,150.34,14.95,62.49,10.00,792.76,579.93,1.66,37.00,62.00,1.19,19464136,2026-09-18T05:33:01Z
C_hit,orig,learned_markov_14,pread,128,1,1,0.00,100.00,178.77,1106.73,227.71,879.02,,,1285.50,1057.79,1.65,36.00,64.00,1.19,19463928,2026-09-18T05:33:01Z
C_hit,orig,learned_markov_14,async,128,1,1,0.00,100.00,407.19,251.51,152.36,99.16,,,658.70,506.35,1.65,37.00,64.00,1.19,19464104,2026-09-18T05:33:01Z
C_hit,orig,learned_markov_14,async_win,128,1,1,0.00,100.00,443.19,311.10,233.24,15.49,62.37,6.00,754.29,458.68,1.66,37.00,64.00,1.19,19463972,2026-09-18T05:33:02Z
C_hit,orig,learned_markov_14,async_bulk,128,1,1,0.00,100.00,441.90,226.59,148.81,15.94,61.84,6.00,668.49,457.84,1.65,37.00,64.00,1.19,19475192,2026-09-18T05:33:02Z
C_hit,orig,learned_markov_28,pread,128,1,1,0.00,100.00,180.32,1164.40,230.35,934.05,,,1344.72,1114.37,1.67,35.00,64.00,1.19,19477444,2026-09-18T05:33:02Z
C_hit,orig,learned_markov_28,async,128,1,1,0.00,100.00,176.91,255.07,155.16,99.91,,,431.98,276.82,1.66,36.00,64.00,1.17,19479528,2026-09-18T05:33:03Z
C_hit,orig,learned_markov_28,async_win,128,1,1,0.00,100.00,177.53,237.12,152.45,22.77,61.90,8.00,414.65,200.30,1.65,36.00,64.00,1.17,19487832,2026-09-18T05:33:03Z
C_hit,orig,learned_markov_28,async_bulk,128,1,1,0.00,100.00,178.47,248.07,158.77,26.49,62.81,8.00,426.54,204.96,1.68,36.00,64.00,1.17,19488732,2026-09-18T05:33:03Z
A,orig,baseline,baseline,128,2,0,0.00,0.00,877.13,0.00,0.00,0.00,,,877.13,877.13,2.12,182.00,264.00,1.17,19489468,2026-09-18T05:33:03Z
B,orig,baseline,baseline,128,2,0,0.00,0.00,888.92,0.00,0.00,0.00,,,888.92,888.92,2.16,195.00,262.00,1.17,19488724,2026-09-18T05:33:04Z
C,orig,baseline,baseline,128,2,0,0.00,0.00,901.66,0.00,0.00,0.00,,,901.66,901.66,1.57,18.00,35.00,1.17,19489024,2026-09-18T05:33:04Z
C_hit,orig,baseline,baseline,128,2,0,0.00,0.00,583.43,0.00,0.00,0.00,,,583.43,583.43,1.66,37.00,62.00,1.17,19490588,2026-09-18T05:33:04Z
A,orig,layers_5,pread,128,2,0,0.00,100.00,910.60,672.36,226.87,445.50,,,1582.96,1356.10,2.11,184.00,262.00,1.17,19489392,2026-09-18T05:33:05Z
A,orig,layers_5,async,128,2,0,0.00,100.00,942.31,293.75,225.23,68.52,,,1236.06,1010.83,2.14,184.00,262.00,1.17,19491312,2026-09-18T05:33:05Z
A,orig,layers_5,async_win,128,2,0,0.00,100.00,914.55,296.91,227.45,8.16,61.30,2.00,1211.46,922.71,2.12,184.00,262.00,1.17,19491856,2026-09-18T05:33:05Z
A,orig,layers_5,async_bulk,128,2,0,0.00,100.00,917.27,302.58,233.43,7.86,61.30,2.00,1219.85,925.13,2.14,184.00,262.00,1.17,19482616,2026-09-18T05:33:06Z
A,orig,layers_92,pread,128,2,0,0.00,100.00,506.24,8226.84,251.44,7975.40,,,8733.08,8481.64,2.09,181.00,271.00,1.17,19482932,2026-09-18T05:33:06Z
A,orig,layers_92,async,128,2,0,0.00,100.00,570.45,420.18,229.59,190.59,,,990.63,761.04,2.12,181.00,271.00,1.17,19483480,2026-09-18T05:33:06Z
A,orig,layers_92,async_win,128,2,0,0.00,100.00,570.06,403.57,226.74,113.00,63.83,87.00,973.63,683.06,2.12,181.00,271.00,1.17,19482168,2026-09-18T05:33:06Z
A,orig,layers_92,async_bulk,128,2,0,0.00,100.00,570.54,404.80,230.30,108.22,66.28,87.00,975.34,678.76,2.12,181.00,271.00,1.17,19480652,2026-09-18T05:33:07Z
A,orig,2d,pread,128,2,0,0.00,100.00,564.93,1929.96,226.28,1703.67,,,2494.89,2268.60,2.12,181.00,271.00,1.17,19469340,2026-09-18T05:33:07Z
A,orig,2d,async,128,2,0,0.00,100.00,497.15,312.46,225.34,87.11,,,809.61,584.26,2.06,181.00,271.00,1.16,19464944,2026-09-18T05:33:07Z
A,orig,2d,async_win,128,2,0,0.00,100.00,505.41,311.18,227.25,22.76,61.16,13.00,816.59,528.17,2.10,181.00,271.00,1.16,19465092,2026-09-18T05:33:08Z
A,orig,2d,async_bulk,128,2,0,0.00,100.00,567.54,314.32,228.57,23.31,62.44,13.00,881.86,590.85,2.13,181.00,271.00,1.16,19466600,2026-09-18T05:33:08Z
A,orig,2e_K10,pread,128,2,0,0.00,100.00,174.32,2815.63,229.37,2586.26,,,2989.95,2760.58,2.09,181.00,287.00,1.16,19467468,2026-09-18T05:33:08Z
A,orig,2e_K10,async,128,2,0,0.00,100.00,179.25,325.22,226.91,98.31,,,504.47,277.56,2.09,181.00,287.00,1.16,19467208,2026-09-18T05:33:09Z
A,orig,2e_K10,async_win,128,2,0,0.00,100.00,180.42,326.39,229.44,34.65,62.31,23.00,506.81,215.07,2.16,181.00,287.00,1.16,19467708,2026-09-18T05:33:09Z
A,orig,2e_K10,async_bulk,128,2,0,0.00,100.00,177.69,317.66,226.65,32.91,58.10,23.00,495.35,210.60,2.09,181.00,287.00,1.16,19469140,2026-09-18T05:33:09Z
A,orig,2e_K500,pread,128,2,0,0.00,100.00,182.06,22012.22,226.75,21785.47,,,22194.28,21967.53,2.04,170.00,443.00,1.16,19469592,2026-09-18T05:33:10Z
A,orig,2e_K500,async,128,2,0,0.00,100.00,183.62,1053.88,226.22,827.67,,,1237.50,1011.29,2.12,189.00,384.00,1.16,19469344,2026-09-18T05:33:10Z
A,orig,2e_K500,async_win,128,2,0,0.00,100.00,185.64,1004.92,227.52,687.23,90.17,467.00,1190.56,872.87,2.11,189.00,386.00,1.16,19470432,2026-09-18T05:33:10Z
A,orig,2e_K500,async_bulk,128,2,0,0.00,100.00,181.98,1005.37,229.23,684.76,91.38,467.00,1187.35,866.74,2.08,189.00,383.00,1.16,19470448,2026-09-18T05:33:11Z
A,orig,2f_top14,pread,128,2,0,0.00,100.00,570.58,1505.40,227.21,1278.19,,,2075.98,1848.77,2.12,183.00,277.00,1.16,19467828,2026-09-18T05:33:11Z
A,orig,2f_top14,async,128,2,0,0.00,100.00,568.33,310.23,230.63,79.60,,,878.56,647.93,2.11,183.00,277.00,1.16,19467628,2026-09-18T05:33:11Z
A,orig,2f_top14,async_win,128,2,0,0.00,100.00,503.41,309.62,226.87,21.41,61.35,13.00,813.03,524.82,2.07,183.00,277.00,1.16,19468124,2026-09-18T05:33:12Z
A,orig,2f_top14,async_bulk,128,2,0,0.00,100.00,572.35,306.06,226.41,18.80,60.85,13.00,878.41,591.15,2.10,183.00,277.00,1.16,19468572,2026-09-18T05:33:12Z
A,orig,2f_top28,pread,128,2,0,0.00,100.00,182.19,2634.22,227.12,2407.11,,,2816.41,2589.30,2.13,182.00,288.00,1.16,19469272,2026-09-18T05:33:12Z
A,orig,2f_top28,async,128,2,0,0.00,100.00,178.60,321.73,221.88,99.85,,,500.33,278.45,2.08,182.00,289.00,1.15,19468824,2026-09-18T05:33:12Z
A,orig,2f_top28,async_win,128,2,0,0.00,100.00,182.52,327.56,230.11,35.21,62.24,27.00,510.08,217.73,2.12,182.00,288.00,1.15,19468816,2026-09-18T05:33:13Z
A,orig,2f_top28,async_bulk,128,2,0,0.00,100.00,186.10,321.16,225.32,33.99,61.85,27.00,507.26,220.09,2.11,182.00,289.00,1.15,19469508,2026-09-18T05:33:13Z
A,orig,2f_top100,pread,128,2,0,0.00,100.00,180.75,9046.99,224.33,8822.66,,,9227.74,9003.41,2.11,185.00,316.00,1.15,19469700,2026-09-18T05:33:13Z
A,orig,2f_top100,async,128,2,0,0.00,100.00,180.58,423.36,227.67,195.69,,,603.94,376.27,2.18,185.00,319.00,1.15,19469744,2026-09-18T05:33:14Z
A,orig,2f_top100,async_win,128,2,0,0.00,100.00,179.19,409.34,223.68,121.30,64.36,98.00,588.53,300.49,2.12,185.00,319.00,1.15,19469276,2026-09-18T05:33:14Z
A,orig,2f_top100,async_bulk,128,2,0,0.00,100.00,181.88,408.78,226.09,116.72,65.96,98.00,590.66,298.60,2.15,185.00,318.00,1.15,19471600,2026-09-18T05:33:14Z
A,orig,2f_top500,pread,128,2,0,0.00,100.00,182.24,21916.10,226.41,21689.69,,,22098.34,21871.93,2.04,170.00,444.00,1.15,19471744,2026-09-18T05:33:15Z
A,orig,2f_top500,async,128,2,0,0.00,100.00,184.99,1030.52,233.00,797.52,,,1215.51,982.51,2.10,189.00,391.00,1.15,19472260,2026-09-18T05:33:15Z
A,orig,2f_top500,async_win,128,2,0,0.00,100.00,186.41,979.81,227.16,662.20,90.46,455.00,1166.22,848.61,2.13,189.00,388.00,1.15,19473768,2026-09-18T05:33:15Z
A,orig,2f_top500,async_bulk,128,2,0,0.00,100.00,183.46,982.12,227.86,663.45,90.81,455.00,1165.58,846.91,2.12,189.00,389.00,1.15,19473888,2026-09-18T05:33:16Z
A,orig,2f_slru,pread,128,2,0,0.00,100.00,97.04,17505.94,227.49,17278.46,,,17602.98,17375.50,1.55,0.00,278.00,1.15,19475588,2026-09-18T05:33:16Z
A,orig,2f_slru,async,128,2,0,0.00,100.00,97.51,7381.06,227.44,7153.62,,,7478.57,7251.13,1.56,0.00,278.00,1.15,19470092,2026-09-18T05:33:16Z
A,orig,2f_slru,async_win,128,2,0,0.00,93.40,102.83,2768.63,227.23,2128.61,412.79,138.00,2871.46,2231.44,1.56,0.00,278.00,1.15,19468772,2026-09-18T05:33:17Z
A,orig,2f_slru,async_bulk,128,2,0,0.00,1.50,799.01,705.62,229.36,79.18,397.08,2.00,1504.63,878.19,2.12,181.00,261.00,1.15,19469732,2026-09-18T05:33:17Z
A,orig,leaf_freq_K10,pread,128,2,0,0.00,100.00,527.72,1149.02,226.07,922.95,,,1676.74,1450.67,2.08,182.00,280.00,1.15,19471068,2026-09-18T05:33:17Z
A,orig,leaf_freq_K10,async,128,2,0,0.00,100.00,518.24,299.66,223.91,75.75,,,817.90,593.99,2.10,182.00,280.00,1.14,19471600,2026-09-18T05:33:17Z
A,orig,leaf_freq_K10,async_win,128,2,0,0.00,100.00,536.75,307.00,230.49,14.07,62.44,10.00,843.75,550.82,2.12,182.00,280.00,1.14,19471700,2026-09-18T05:33:18Z
A,orig,leaf_freq_K10,async_bulk,128,2,0,0.00,100.00,527.81,305.05,228.15,15.10,61.81,10.00,832.86,542.91,2.07,182.00,280.00,1.14,19472068,2026-09-18T05:33:18Z
A,orig,leaf_rand_K10,pread,128,2,0,0.00,100.00,853.28,1121.95,227.32,894.63,,,1975.23,1747.91,2.07,182.00,264.00,1.14,19473532,2026-09-18T05:33:18Z
A,orig,leaf_rand_K10,async,128,2,0,0.00,100.00,977.49,302.13,226.17,75.96,,,1279.62,1053.45,2.09,182.00,264.00,1.14,19473144,2026-09-18T05:33:19Z
A,orig,leaf_rand_K10,async_win,128,2,0,0.00,100.00,925.20,304.10,226.35,15.53,62.22,10.00,1229.30,940.73,2.14,182.00,264.00,1.14,19472856,2026-09-18T05:33:19Z
A,orig,leaf_rand_K10,async_bulk,128,2,0,0.00,100.00,966.37,300.88,223.95,14.77,62.17,10.00,1267.25,981.14,2.13,182.00,264.00,1.14,19473396,2026-09-18T05:33:19Z
A,orig,learned_markov_14,pread,128,2,0,0.00,100.00,570.28,1502.60,226.86,1275.74,,,2072.88,1846.02,2.09,181.00,272.00,1.14,19474232,2026-09-18T05:33:20Z
A,orig,learned_markov_14,async,128,2,0,0.00,100.00,572.73,307.63,226.32,81.31,,,880.36,654.04,2.12,181.00,272.00,1.14,19474512,2026-09-18T05:33:20Z
A,orig,learned_markov_14,async_win,128,2,0,0.00,100.00,572.23,308.54,227.39,19.62,61.54,13.00,880.77,591.85,2.09,181.00,272.00,1.14,19475192,2026-09-18T05:33:20Z
A,orig,learned_markov_14,async_bulk,128,2,0,0.00,100.00,570.53,307.71,227.60,18.64,61.47,13.00,878.24,589.17,2.09,181.00,272.00,1.14,19476088,2026-09-18T05:33:21Z
A,orig,learned_markov_28,pread,128,2,0,0.00,100.00,568.84,2710.62,226.60,2484.02,,,3279.46,3052.86,2.11,181.00,273.00,1.14,19475756,2026-09-18T05:33:21Z
A,orig,learned_markov_28,async,128,2,0,0.00,100.00,576.94,327.38,229.25,98.12,,,904.32,675.06,2.12,181.00,272.00,1.14,19476320,2026-09-18T05:33:21Z
A,orig,learned_markov_28,async_win,128,2,0,0.00,100.00,568.81,341.82,235.96,37.86,68.00,26.00,910.63,606.67,2.14,181.00,272.00,1.14,19475020,2026-09-18T05:33:22Z
A,orig,learned_markov_28,async_bulk,128,2,0,0.00,100.00,572.52,331.46,227.21,40.22,64.04,26.00,903.98,612.74,2.13,181.00,272.00,1.14,19474540,2026-09-18T05:33:22Z
B,orig,layers_5,pread,128,2,0,0.00,100.00,880.57,670.10,227.67,442.43,,,1550.67,1323.00,2.20,196.00,263.00,1.14,19475840,2026-09-18T05:33:22Z
B,orig,layers_5,async,128,2,0,0.00,100.00,877.03,304.57,235.46,69.11,,,1181.60,946.14,2.21,197.00,262.00,1.12,19495324,2026-09-18T05:33:23Z
B,orig,layers_5,async_win,128,2,0,0.00,100.00,837.82,297.50,227.88,7.88,61.74,2.00,1135.32,845.70,2.13,197.00,262.00,1.12,19495120,2026-09-18T05:33:23Z
B,orig,layers_5,async_bulk,128,2,0,0.00,100.00,833.99,298.96,228.45,8.32,62.20,2.00,1132.95,842.31,2.14,197.00,262.00,1.12,19493920,2026-09-18T05:33:23Z
B,orig,layers_92,pread,128,2,0,0.00,100.00,471.77,8233.16,225.27,8007.89,,,8704.93,8479.66,2.19,195.00,273.00,1.12,19495632,2026-09-18T05:33:23Z
B,orig,layers_92,async,128,2,0,0.00,100.00,521.87,471.76,237.58,234.18,,,993.63,756.05,2.20,197.00,268.00,1.12,19496616,2026-09-18T05:33:24Z
B,orig,layers_92,async_win,128,2,0,0.00,100.00,575.50,418.57,229.04,123.63,65.89,87.00,994.07,699.13,2.22,197.00,269.00,1.12,19496692,2026-09-18T05:33:24Z
B,orig,layers_92,async_bulk,128,2,0,0.00,100.00,503.94,401.90,224.16,108.75,68.99,87.00,905.84,612.69,2.19,197.00,269.00,1.12,19497140,2026-09-18T05:33:24Z
B,orig,2d,pread,128,2,0,0.00,100.00,507.22,1934.09,235.12,1698.96,,,2441.31,2206.18,2.20,195.00,272.00,1.12,19497752,2026-09-18T05:33:25Z
B,orig,2d,async,128,2,0,0.00,100.00,546.55,311.53,227.21,84.32,,,858.08,630.87,2.20,197.00,269.00,1.12,19497664,2026-09-18T05:33:25Z
B,orig,2d,async_win,128,2,0,0.00,100.00,569.87,312.10,225.72,22.10,64.27,13.00,881.97,591.97,2.19,197.00,269.00,1.12,19500164,2026-09-18T05:33:25Z
B,orig,2d,async_bulk,128,2,0,0.00,100.00,473.39,311.25,225.49,21.94,63.82,13.00,784.64,495.33,2.16,197.00,269.00,1.12,19499860,2026-09-18T05:33:26Z
B,orig,2e_K10,pread,128,2,0,0.00,100.00,503.47,2731.18,230.32,2500.86,,,3234.65,3004.33,2.15,195.00,273.00,1.12,19500620,2026-09-18T05:33:26Z
B,orig,2e_K10,async,128,2,0,0.00,100.00,503.35,325.78,227.86,97.92,,,829.13,601.27,2.22,197.00,269.00,1.12,19500452,2026-09-18T05:33:26Z
B,orig,2e_K10,async_win,128,2,0,0.00,100.00,479.87,323.59,227.60,33.44,62.55,23.00,803.46,513.31,2.21,197.00,269.00,1.12,19500924,2026-09-18T05:33:27Z
B,orig,2e_K10,async_bulk,128,2,0,0.00,100.00,542.26,324.66,227.97,33.02,63.67,23.00,866.92,575.28,2.23,197.00,269.00,1.12,19501852,2026-09-18T05:33:27Z
B,orig,2e_K500,pread,128,2,0,0.00,100.00,497.63,20115.70,226.89,19888.81,,,20613.33,20386.44,1.94,122.00,349.00,1.12,19474116,2026-09-18T05:33:27Z
B,orig,2e_K500,async,128,2,0,0.00,100.00,531.17,1097.59,230.96,866.63,,,1628.76,1397.80,2.16,190.00,336.00,1.43,19475532,2026-09-18T05:33:28Z
B,orig,2e_K500,async_win,128,2,0,0.00,100.00,457.86,999.29,227.80,681.03,90.46,461.00,1457.15,1138.89,2.15,190.00,336.00,1.43,19476884,2026-09-18T05:33:28Z
B,orig,2e_K500,async_bulk,128,2,0,0.00,100.00,492.00,996.17,228.80,676.57,90.80,461.00,1488.17,1168.57,2.17,190.00,336.00,1.43,19478800,2026-09-18T05:33:28Z
B,orig,2f_top14,pread,128,2,0,0.00,100.00,542.18,1444.73,226.90,1217.83,,,1986.91,1760.01,2.22,197.00,268.00,1.43,19478968,2026-09-18T05:33:29Z
B,orig,2f_top14,async,128,2,0,0.00,100.00,547.96,309.66,228.52,81.14,,,857.62,629.10,2.21,197.00,268.00,1.43,19479328,2026-09-18T05:33:29Z
B,orig,2f_top14,async_win,128,2,0,0.00,100.00,547.20,305.13,224.37,18.46,62.30,13.00,852.33,565.66,2.20,197.00,268.00,1.43,19479392,2026-09-18T05:33:29Z
B,orig,2f_top14,async_bulk,128,2,0,0.00,100.00,500.85,309.70,225.69,20.82,63.20,13.00,810.55,521.67,2.16,197.00,268.00,1.43,19479520,2026-09-18T05:33:30Z
B,orig,2f_top28,pread,128,2,0,0.00,100.00,540.61,2535.62,229.22,2306.40,,,3076.23,2847.01,2.21,197.00,268.00,1.43,19479540,2026-09-18T05:33:30Z
B,orig,2f_top28,async,128,2,0,0.00,100.00,479.46,331.21,229.72,101.49,,,810.67,580.95,2.21,197.00,268.00,1.43,19479568,2026-09-18T05:33:30Z
B,orig,2f_top28,async_win,128,2,0,0.00,100.00,575.24,324.62,229.90,34.62,60.09,27.00,899.86,609.86,2.21,197.00,268.00,1.43,19480096,2026-09-18T05:33:31Z
B,orig,2f_top28,async_bulk,128,2,0,0.00,100.00,501.77,327.68,226.06,39.52,62.10,27.00,829.45,541.29,2.18,197.00,268.00,1.43,19479760,2026-09-18T05:33:31Z
B,orig,2f_top100,pread,128,2,0,0.00,100.00,444.21,8492.97,201.52,8291.45,,,8937.18,8735.66,2.17,194.00,294.00,1.43,19479924,2026-09-18T05:33:31Z
B,orig,2f_top100,async,128,2,0,0.00,100.00,505.80,394.73,200.24,194.50,,,900.53,700.30,2.19,196.00,288.00,1.43,19481032,2026-09-18T05:33:32Z
B,orig,2f_top100,async_win,128,2,0,0.00,100.00,503.51,382.99,197.47,119.78,65.73,98.00,886.50,623.29,2.13,196.00,287.00,1.43,19479768,2026-09-18T05:33:32Z
B,orig,2f_top100,async_bulk,128,2,0,0.00,100.00,568.76,396.06,197.86,126.43,71.77,98.00,964.82,695.19,2.20,196.00,287.00,1.43,19479816,2026-09-18T05:33:32Z
B,orig,2f_top500,pread,128,2,0,0.00,100.00,517.88,19781.84,191.80,19590.04,,,20299.72,20107.92,1.97,122.00,351.00,1.40,19480804,2026-09-18T05:33:33Z
B,orig,2f_top500,async,128,2,0,0.00,35.40,574.24,948.97,194.70,754.28,,,1523.21,1328.52,2.19,190.00,344.00,1.40,19478268,2026-09-18T05:33:33Z
B,orig,2f_top500,async_win,128,2,0,0.00,100.00,531.18,1007.82,199.43,679.45,128.95,450.00,1539.00,1210.63,2.17,190.00,341.00,1.40,19478068,2026-09-18T05:33:33Z
B,orig,2f_top500,async_bulk,128,2,0,0.00,100.00,536.35,1006.23,199.55,677.43,129.25,450.00,1542.58,1213.78,2.18,190.00,341.00,1.40,19477524,2026-09-18T05:33:34Z
B,orig,2f_slru,pread,128,2,0,0.00,100.00,91.27,18408.28,196.26,18212.02,,,18499.55,18303.29,1.60,0.00,278.00,1.40,19477820,2026-09-18T05:33:34Z
B,orig,2f_slru,async,128,2,0,0.00,100.00,97.95,7345.55,198.06,7147.49,,,7443.50,7245.44,1.60,0.00,278.00,1.40,19474480,2026-09-18T05:33:34Z
B,orig,2f_slru,async_win,128,2,0,0.00,80.90,97.36,2565.56,197.92,1968.51,399.13,138.00,2662.92,2065.87,1.62,0.00,278.00,1.40,19475940,2026-09-18T05:33:34Z
B,orig,2f_slru,async_bulk,128,2,0,0.00,1.50,812.77,684.23,196.15,79.73,408.35,2.00,1497.00,892.50,2.19,194.00,260.00,1.40,19477696,2026-09-18T05:33:35Z
B,orig,leaf_freq_K10,pread,128,2,0,0.00,100.00,960.56,1066.56,201.11,865.45,,,2027.12,1826.01,2.21,195.00,262.00,1.40,19478304,2026-09-18T05:33:35Z
B,orig,leaf_freq_K10,async,128,2,0,0.00,100.00,887.22,271.43,197.56,73.87,,,1158.65,961.09,2.19,195.00,262.00,1.40,19478396,2026-09-18T05:33:35Z
B,orig,leaf_freq_K10,async_win,128,2,0,0.00,100.00,955.52,275.22,198.75,15.08,61.39,10.00,1230.74,970.60,2.22,195.00,262.00,1.40,19476916,2026-09-18T05:33:36Z
B,orig,leaf_freq_K10,async_bulk,128,2,0,0.00,100.00,884.49,274.20,198.14,14.99,61.06,10.00,1158.69,899.48,2.17,195.00,262.00,1.40,19477428,2026-09-18T05:33:36Z
B,orig,leaf_rand_K10,pread,128,2,0,0.00,100.00,914.13,1125.14,199.38,925.76,,,2039.27,1839.89,2.18,195.00,262.00,1.40,19477604,2026-09-18T05:33:36Z
B,orig,leaf_rand_K10,async,128,2,0,0.00,100.00,912.25,273.96,199.34,74.61,,,1186.21,986.86,2.17,195.00,262.00,1.40,19477632,2026-09-18T05:33:37Z
B,orig,leaf_rand_K10,async_win,128,2,0,0.00,100.00,980.58,275.12,199.88,14.76,60.48,10.00,1255.70,995.34,2.21,195.00,262.00,1.40,19478672,2026-09-18T05:33:37Z
B,orig,leaf_rand_K10,async_bulk,128,2,0,0.00,100.00,951.92,279.67,203.17,14.94,61.56,10.00,1231.59,966.86,2.21,195.00,262.00,1.40,19477280,2026-09-18T05:33:37Z
B,orig,learned_markov_14,pread,128,2,0,0.00,100.00,570.94,1444.37,199.97,1244.40,,,2015.31,1815.34,2.19,197.00,268.00,1.37,19477816,2026-09-18T05:33:38Z
B,orig,learned_markov_14,async,128,2,0,0.00,100.00,543.37,282.78,201.60,81.18,,,826.15,624.55,2.24,197.00,268.00,1.37,19460132,2026-09-18T05:33:38Z
B,orig,learned_markov_14,async_win,128,2,0,0.00,100.00,475.37,281.76,199.65,20.77,61.34,13.00,757.13,496.14,2.23,197.00,268.00,1.37,19467680,2026-09-18T05:33:38Z
B,orig,learned_markov_14,async_bulk,128,2,0,0.00,100.00,502.20,279.04,198.61,19.32,61.10,13.00,781.24,521.52,2.18,197.00,268.00,1.37,19469028,2026-09-18T05:33:39Z
B,orig,learned_markov_28,pread,128,2,0,0.00,100.00,539.28,2563.36,200.72,2362.64,,,3102.64,2901.92,2.22,197.00,270.00,1.37,19469604,2026-09-18T05:33:39Z
B,orig,learned_markov_28,async,128,2,0,0.00,100.00,502.04,295.38,198.54,96.83,,,797.42,598.87,2.20,197.00,270.00,1.37,19469584,2026-09-18T05:33:39Z
B,orig,learned_markov_28,async_win,128,2,0,0.00,100.00,481.14,285.96,188.95,35.03,61.99,27.00,767.10,516.17,2.20,197.00,270.00,1.37,19470212,2026-09-18T05:33:40Z
B,orig,learned_markov_28,async_bulk,128,2,0,0.00,100.00,494.03,294.78,197.55,34.91,62.32,27.00,788.81,528.94,2.18,197.00,270.00,1.37,19469892,2026-09-18T05:33:40Z
C,orig,layers_5,pread,128,2,0,0.00,100.00,894.14,636.91,196.88,440.03,,,1531.05,1334.17,1.58,18.00,35.00,1.37,19470888,2026-09-18T05:33:40Z
C,orig,layers_5,async,128,2,0,0.00,100.00,900.95,269.23,199.44,69.78,,,1170.18,970.73,1.56,18.00,35.00,1.37,19471612,2026-09-18T05:33:40Z
C,orig,layers_5,async_win,128,2,0,0.00,100.00,961.62,269.30,199.24,8.41,61.65,2.00,1230.92,970.03,1.58,18.00,35.00,1.37,19471552,2026-09-18T05:33:41Z
C,orig,layers_5,async_bulk,128,2,0,0.00,100.00,898.83,269.17,199.35,8.19,61.63,2.00,1168.00,907.02,1.59,18.00,35.00,1.37,19471480,2026-09-18T05:33:41Z
C,orig,layers_92,pread,128,2,0,0.00,100.00,553.04,8110.73,195.04,7915.69,,,8663.77,8468.73,1.58,18.00,38.00,1.37,19471704,2026-09-18T05:33:41Z
C,orig,layers_92,async,128,2,0,0.00,100.00,551.29,393.02,198.13,194.89,,,944.31,746.18,1.58,18.00,38.00,1.37,19473480,2026-09-18T05:33:41Z
C,orig,layers_92,async_win,128,2,0,0.00,100.00,554.68,373.85,196.81,108.10,68.94,87.00,928.53,662.78,1.58,18.00,38.00,1.37,19473192,2026-09-18T05:33:42Z
C,orig,layers_92,async_bulk,128,2,0,0.00,100.00,553.41,379.62,199.20,114.72,65.69,87.00,933.03,668.13,1.57,18.00,38.00,1.37,19473936,2026-09-18T05:33:42Z
C,orig,2d,pread,128,2,0,0.00,100.00,554.75,559.35,198.85,360.50,,,1114.10,915.25,1.57,18.00,38.00,1.37,19473836,2026-09-18T05:33:42Z
C,orig,2d,async,128,2,0,0.00,100.00,556.55,266.58,199.12,67.47,,,823.13,624.02,1.57,18.00,38.00,1.34,19474364,2026-09-18T05:33:42Z
C,orig,2d,async_win,128,2,0,0.00,100.00,580.77,268.49,199.82,7.37,61.30,2.00,849.26,588.14,1.59,18.00,38.00,1.34,19494536,2026-09-18T05:33:43Z
C,orig,2d,async_bulk,128,2,0,0.00,100.00,583.50,267.05,198.42,7.61,61.02,2.00,850.55,591.11,1.57,18.00,38.00,1.34,19494544,2026-09-18T05:33:43Z
C,orig,2e_K10,pread,128,2,0,0.00,100.00,568.65,1339.17,198.19,1140.97,,,1907.82,1709.62,1.56,17.00,41.00,1.34,19496188,2026-09-18T05:33:43Z
C,orig,2e_K10,async,128,2,0,0.00,100.00,583.04,265.59,184.66,80.93,,,848.63,663.97,1.58,18.00,40.00,1.34,19491180,2026-09-18T05:33:44Z
C,orig,2e_K10,async_win,128,2,0,0.00,100.00,578.05,277.82,198.92,17.33,61.57,8.00,855.87,595.38,1.58,18.00,40.00,1.34,19487428,2026-09-18T05:33:44Z
C,orig,2e_K10,async_bulk,128,2,0,0.00,100.00,550.88,275.72,194.48,18.25,62.99,8.00,826.60,569.13,1.56,18.00,40.00,1.34,19487604,2026-09-18T05:33:44Z
C,orig,2e_K500,pread,128,2,0,0.00,100.00,181.54,2475.10,196.05,2279.05,,,2656.64,2460.59,1.51,0.00,37.00,1.34,19488152,2026-09-18T05:33:44Z
C,orig,2e_K500,async,128,2,0,0.00,67.50,181.93,660.62,196.93,463.69,,,842.55,645.62,1.51,0.00,37.00,1.34,19488796,2026-09-18T05:33:45Z
C,orig,2e_K500,async_win,128,2,0,0.00,100.00,178.61,502.22,196.20,224.73,81.29,90.00,680.83,403.34,1.50,0.00,37.00,1.34,19489724,2026-09-18T05:33:45Z
C,orig,2e_K500,async_bulk,128,2,0,0.00,100.00,179.83,496.23,196.44,218.59,81.20,90.00,676.06,398.42,1.51,0.00,37.00,1.34,19489620,2026-09-18T05:33:45Z
C,orig,2f_top14,pread,128,2,0,0.00,100.00,188.85,1226.42,193.02,1033.40,,,1415.27,1222.25,1.55,16.00,41.00,1.34,19489772,2026-09-18T05:33:45Z
C,orig,2f_top14,async,128,2,0,0.00,100.00,579.09,274.62,194.79,79.83,,,853.71,658.92,1.55,17.00,40.00,1.34,19490456,2026-09-18T05:33:46Z
C,orig,2f_top14,async_win,128,2,0,0.00,100.00,577.79,271.69,194.78,16.29,60.62,9.00,849.48,594.08,1.58,17.00,40.00,1.34,19490820,2026-09-18T05:33:46Z
C,orig,2f_top14,async_bulk,128,2,0,0.00,100.00,581.72,271.19,194.54,16.01,60.64,9.00,852.91,597.73,1.59,17.00,40.00,1.34,19490408,2026-09-18T05:33:46Z
C,orig,2f_top28,pread,128,2,0,0.00,100.00,176.95,1315.42,198.77,1116.65,,,1492.37,1293.60,1.57,15.00,40.00,1.34,19490592,2026-09-18T05:33:46Z
C,orig,2f_top28,async,128,2,0,0.00,100.00,175.85,289.31,194.43,94.89,,,465.16,270.74,1.57,17.00,40.00,1.34,19491112,2026-09-18T05:33:47Z
C,orig,2f_top28,async_win,128,2,0,0.00,100.00,179.33,281.22,194.04,26.22,60.95,13.00,460.55,205.55,1.57,17.00,40.00,1.34,19491316,2026-09-18T05:33:47Z
C,orig,2f_top28,async_bulk,128,2,0,0.00,100.00,175.83,283.50,195.78,26.48,61.24,13.00,459.33,202.31,1.59,17.00,40.00,1.34,19491348,2026-09-18T05:33:47Z
C,orig,2f_top100,pread,128,2,0,0.00,100.00,176.40,1387.44,195.17,1192.27,,,1563.84,1368.67,1.54,10.00,39.00,1.31,19491244,2026-09-18T05:33:47Z
C,orig,2f_top100,async,128,2,0,0.00,100.00,179.17,372.85,195.49,177.36,,,552.02,356.53,1.55,13.00,38.00,1.31,19491320,2026-09-18T05:33:48Z
C,orig,2f_top100,async_win,128,2,0,0.00,100.00,181.74,335.72,197.04,73.71,64.97,32.00,517.46,255.45,1.55,13.00,38.00,1.31,19480928,2026-09-18T05:33:48Z
C,orig,2f_top100,async_bulk,128,2,0,0.00,100.00,177.96,330.08,195.19,68.74,66.15,32.00,508.04,246.70,1.57,13.00,38.00,1.31,19481808,2026-09-18T05:33:48Z
C,orig,2f_top500,pread,128,2,0,0.00,100.00,91.03,2864.47,196.12,2668.36,,,2955.50,2759.39,1.49,0.00,37.00,1.31,19481840,2026-09-18T05:33:48Z
C,orig,2f_top500,async,128,2,0,0.00,100.00,92.10,924.17,195.40,728.77,,,1016.27,820.87,1.51,0.00,37.00,1.31,19482364,2026-09-18T05:33:49Z
C,orig,2f_top500,async_win,128,2,0,0.00,100.00,91.13,504.65,195.06,218.66,90.93,15.00,595.78,309.79,1.51,0.00,37.00,1.31,19483352,2026-09-18T05:33:49Z
C,orig,2f_top500,async_bulk,128,2,0,0.00,13.60,814.82,340.56,212.10,37.81,90.65,2.00,1155.38,852.63,1.63,17.00,36.00,1.31,19482388,2026-09-18T05:33:49Z
C,orig,2f_slru,pread,128,2,0,0.00,100.00,86.54,2943.93,200.22,2743.72,,,3030.47,2830.26,1.50,0.00,37.00,1.31,19463384,2026-09-18T05:33:49Z
C,orig,2f_slru,async,128,2,0,0.00,100.00,97.10,1007.64,197.51,810.13,,,1104.74,907.23,1.52,0.00,37.00,1.31,19465724,2026-09-18T05:33:50Z
C,orig,2f_slru,async_win,128,2,0,0.00,100.00,91.37,548.71,195.01,226.70,127.01,15.00,640.08,318.07,1.53,0.00,37.00,1.31,19466352,2026-09-18T05:33:50Z
C,orig,2f_slru,async_bulk,128,2,0,0.00,13.60,840.96,364.54,197.71,40.43,126.40,2.00,1205.50,881.39,1.58,17.00,36.00,1.31,19464496,2026-09-18T05:33:50Z
C,orig,leaf_freq_K10,pread,128,2,0,0.00,100.00,1059.27,897.12,195.35,701.77,,,1956.39,1761.04,1.56,17.00,38.00,1.31,19465004,2026-09-18T05:33:51Z
C,orig,leaf_freq_K10,async,128,2,0,0.00,100.00,1079.20,272.27,197.40,74.87,,,1351.47,1154.07,1.58,18.00,37.00,1.31,19464316,2026-09-18T05:33:51Z
C,orig,leaf_freq_K10,async_win,128,2,0,0.00,100.00,945.50,267.53,197.45,12.58,57.50,6.00,1213.03,958.08,1.58,18.00,37.00,1.31,19465168,2026-09-18T05:33:51Z
C,orig,leaf_freq_K10,async_bulk,128,2,0,0.00,100.00,978.99,267.14,194.79,12.21,60.14,6.00,1246.13,991.20,1.57,18.00,37.00,1.31,19466348,2026-09-18T05:33:51Z
C,orig,leaf_rand_K10,pread,128,2,0,0.00,100.00,973.69,1097.72,196.97,900.75,,,2071.41,1874.44,1.58,18.00,35.00,1.31,19467008,2026-09-18T05:33:52Z
C,orig,leaf_rand_K10,async,128,2,0,0.00,100.00,938.50,271.96,196.30,75.66,,,1210.46,1014.16,1.56,18.00,35.00,1.31,19463672,2026-09-18T05:33:52Z
C,orig,leaf_rand_K10,async_win,128,2,0,0.00,100.00,868.89,275.60,198.05,15.74,61.81,10.00,1144.49,884.63,1.56,18.00,35.00,1.31,19464764,2026-09-18T05:33:52Z
C,orig,leaf_rand_K10,async_bulk,128,2,0,0.00,100.00,970.61,272.95,195.74,15.32,61.90,10.00,1243.56,985.93,1.56,18.00,35.00,1.31,19465748,2026-09-18T05:33:52Z
C,orig,learned_markov_14,pread,128,2,0,0.00,100.00,189.30,1296.68,197.96,1098.71,,,1485.98,1288.01,1.57,16.00,41.00,1.29,19466008,2026-09-18T05:33:53Z
C,orig,learned_markov_14,async,128,2,0,0.00,100.00,518.77,274.10,195.79,78.31,,,792.87,597.08,1.56,17.00,40.00,1.29,19466032,2026-09-18T05:33:53Z
C,orig,learned_markov_14,async_win,128,2,0,0.00,100.00,515.71,270.03,193.66,16.92,59.44,9.00,785.74,532.63,1.57,17.00,40.00,1.29,19465732,2026-09-18T05:33:53Z
C,orig,learned_markov_14,async_bulk,128,2,0,0.00,100.00,550.28,277.21,199.40,16.66,61.16,9.00,827.49,566.94,1.56,17.00,40.00,1.29,19466988,2026-09-18T05:33:53Z
C,orig,learned_markov_28,pread,128,2,0,0.00,100.00,175.46,1169.92,193.79,976.13,,,1345.38,1151.59,1.56,15.00,40.00,1.29,19467116,2026-09-18T05:33:54Z
C,orig,learned_markov_28,async,128,2,0,0.00,100.00,181.73,284.32,187.07,97.25,,,466.05,278.98,1.57,17.00,40.00,1.29,19467272,2026-09-18T05:33:54Z
C,orig,learned_markov_28,async_win,128,2,0,0.00,100.00,176.41,285.82,195.96,26.49,63.37,13.00,462.23,202.90,1.57,17.00,40.00,1.29,19467860,2026-09-18T05:33:54Z
C,orig,learned_markov_28,async_bulk,128,2,0,0.00,100.00,177.54,284.07,195.90,25.67,62.51,13.00,461.61,203.21,1.55,17.00,40.00,1.29,19468700,2026-09-18T05:33:54Z
C_hit,orig,layers_5,pread,128,2,0,0.00,100.00,548.96,638.84,197.19,441.65,,,1187.80,990.61,1.65,37.00,62.00,1.29,19455324,2026-09-18T05:33:55Z
C_hit,orig,layers_5,async,128,2,0,0.00,100.00,547.18,263.82,194.70,69.12,,,811.00,616.30,1.67,37.00,62.00,1.29,19463796,2026-09-18T05:33:55Z
C_hit,orig,layers_5,async_win,128,2,0,0.00,100.00,553.05,263.17,194.54,7.72,60.91,2.00,816.22,560.77,1.67,37.00,62.00,1.29,19465212,2026-09-18T05:33:55Z
C_hit,orig,layers_5,async_bulk,128,2,0,0.00,100.00,545.27,264.51,196.33,7.14,61.03,2.00,809.78,552.41,1.66,37.00,62.00,1.29,19465212,2026-09-18T05:33:55Z
C_hit,orig,layers_92,pread,128,2,0,0.00,100.00,462.65,8078.27,197.01,7881.26,,,8540.92,8343.91,1.64,37.00,64.00,1.29,19465368,2026-09-18T05:33:56Z
C_hit,orig,layers_92,async,128,2,0,0.00,100.00,461.32,388.02,196.65,191.37,,,849.34,652.69,1.63,37.00,64.00,1.29,19466720,2026-09-18T05:33:56Z
C_hit,orig,layers_92,async_win,128,2,0,0.00,100.00,464.44,377.57,196.72,116.22,64.63,87.00,842.01,580.66,1.65,37.00,64.00,1.29,19468652,2026-09-18T05:33:56Z
C_hit,orig,layers_92,async_bulk,128,2,0,0.00,100.00,405.19,381.60,196.50,119.92,65.18,87.00,786.79,525.11,1.65,37.00,64.00,1.29,19468544,2026-09-18T05:33:57Z
C_hit,orig,2d,pread,128,2,0,0.00,100.00,461.50,644.47,202.93,441.54,,,1105.97,903.04,1.65,37.00,64.00,1.29,19468672,2026-09-18T05:33:57Z
C_hit,orig,2d,async,128,2,0,0.00,100.00,459.61,287.53,219.06,68.47,,,747.14,528.08,1.63,37.00,64.00,1.29,19469260,2026-09-18T05:33:57Z
C_hit,orig,2d,async_win,128,2,0,0.00,100.00,404.35,265.26,196.03,8.12,61.11,3.00,669.61,412.47,1.64,37.00,64.00,1.29,19470744,2026-09-18T05:33:57Z
C_hit,orig,2d,async_bulk,128,2,0,0.00,100.00,405.85,267.68,197.21,8.67,61.81,3.00,673.53,414.52,1.64,37.00,64.00,1.26,19471216,2026-09-18T05:33:58Z
C_hit,orig,2e_K10,pread,128,2,0,0.00,100.00,176.02,1170.32,198.07,972.25,,,1346.34,1148.27,1.64,36.00,64.00,1.26,19470780,2026-09-18T05:33:58Z
C_hit,orig,2e_K10,async,128,2,0,0.00,100.00,451.69,277.74,196.78,80.96,,,729.43,532.65,1.64,37.00,64.00,1.26,19471668,2026-09-18T05:33:58Z
C_hit,orig,2e_K10,async_win,128,2,0,0.00,100.00,448.82,267.26,190.29,15.38,61.60,6.00,716.08,464.20,1.64,37.00,64.00,1.26,19472888,2026-09-18T05:33:58Z
C_hit,orig,2e_K10,async_bulk,128,2,0,0.00,100.00,446.98,275.02,197.70,15.00,62.32,6.00,722.00,461.98,1.64,37.00,64.00,1.26,19471200,2026-09-18T05:33:59Z
C_hit,orig,2e_K500,pread,128,2,0,0.00,100.00,178.94,3335.84,195.82,3140.02,,,3514.78,3318.96,1.53,10.00,64.00,1.26,19471604,2026-09-18T05:33:59Z
C_hit,orig,2e_K500,async,128,2,0,0.00,48.10,179.59,874.13,196.79,677.34,,,1053.72,856.93,1.57,12.00,63.00,1.26,19470632,2026-09-18T05:33:59Z
C_hit,orig,2e_K500,async_win,128,2,0,0.00,39.00,179.21,618.68,194.80,332.97,90.92,139.00,797.89,512.18,1.58,12.00,63.00,1.26,19469380,2026-09-18T05:33:59Z
C_hit,orig,2e_K500,async_bulk,128,2,0,0.00,100.00,178.03,630.95,195.62,343.52,91.81,139.00,808.98,521.55,1.61,12.00,63.00,1.26,19469768,2026-09-18T05:34:00Z
C_hit,orig,2f_top14,pread,128,2,0,0.00,100.00,178.31,1078.42,197.16,881.26,,,1256.73,1059.57,1.67,36.00,64.00,1.26,19466220,2026-09-18T05:34:00Z
C_hit,orig,2f_top14,async,128,2,0,0.00,100.00,405.42,273.86,195.72,78.14,,,679.28,483.56,1.67,37.00,64.00,1.26,19467764,2026-09-18T05:34:00Z
C_hit,orig,2f_top14,async_win,128,2,0,0.00,100.00,513.26,278.38,201.21,15.69,61.49,6.00,791.64,528.95,1.65,37.00,64.00,1.26,19467456,2026-09-18T05:34:01Z
C_hit,orig,2f_top14,async_bulk,128,2,0,0.00,100.00,439.75,274.46,196.64,15.72,62.10,6.00,714.21,455.47,1.66,37.00,64.00,1.26,19467580,2026-09-18T05:34:01Z
C_hit,orig,2f_top28,pread,128,2,0,0.00,100.00,175.96,1083.28,195.11,888.17,,,1259.24,1064.13,1.68,35.00,64.00,1.26,19468956,2026-09-18T05:34:01Z
C_hit,orig,2f_top28,async,128,2,0,0.00,100.00,171.31,289.30,194.86,94.45,,,460.61,265.76,1.63,36.00,64.00,1.26,19469848,2026-09-18T05:34:01Z
C_hit,orig,2f_top28,async_win,128,2,0,0.00,100.00,176.10,286.66,200.54,22.88,63.24,8.00,462.76,198.98,1.63,36.00,64.00,1.26,19469748,2026-09-18T05:34:02Z
C_hit,orig,2f_top28,async_bulk,128,2,0,0.00,100.00,176.70,287.94,201.57,23.20,63.17,8.00,464.64,199.90,1.66,36.00,64.00,1.26,19469652,2026-09-18T05:34:02Z
C_hit,orig,2f_top100,pread,128,2,0,0.00,100.00,178.54,1362.20,197.63,1164.57,,,1540.74,1343.11,1.62,31.00,63.00,1.26,19471296,2026-09-18T05:34:02Z
C_hit,orig,2f_top100,async,128,2,0,0.00,100.00,177.52,377.19,198.74,178.44,,,554.71,355.96,1.63,33.00,63.00,1.24,19471740,2026-09-18T05:34:02Z
C_hit,orig,2f_top100,async_win,128,2,0,0.00,100.00,179.62,328.75,190.44,72.63,65.68,28.00,508.37,252.25,1.62,33.00,63.00,1.24,19471304,2026-09-18T05:34:03Z
C_hit,orig,2f_top100,async_bulk,128,2,0,0.00,100.00,176.86,329.05,192.60,70.18,66.27,28.00,505.91,247.04,1.65,33.00,63.00,1.24,19472156,2026-09-18T05:34:03Z
C_hit,orig,2f_top500,pread,128,2,0,0.00,100.00,179.07,3291.59,196.67,3094.92,,,3470.66,3273.99,1.54,10.00,64.00,1.24,19480664,2026-09-18T05:34:03Z
C_hit,orig,2f_top500,async,128,2,0,0.00,45.00,175.47,851.32,195.04,656.28,,,1026.79,831.75,1.55,12.00,64.00,1.24,19480292,2026-09-18T05:34:03Z
C_hit,orig,2f_top500,async_win,128,2,0,0.00,37.80,179.95,617.22,195.52,326.57,95.13,138.00,797.17,506.52,1.57,12.00,64.00,1.24,19480996,2026-09-18T05:34:04Z
C_hit,orig,2f_top500,async_bulk,128,2,0,0.00,32.60,180.04,624.86,198.18,334.69,91.98,138.00,804.90,514.73,1.55,12.00,64.00,1.24,19482184,2026-09-18T05:34:04Z
C_hit,orig,2f_slru,pread,128,2,0,0.00,100.00,91.92,4524.67,187.20,4337.47,,,4616.59,4429.39,1.50,0.00,62.00,1.24,19481284,2026-09-18T05:34:04Z
C_hit,orig,2f_slru,async,128,2,0,0.00,100.00,94.21,1573.66,196.33,1377.33,,,1667.87,1471.54,1.56,0.00,62.00,1.24,19482000,2026-09-18T05:34:05Z
C_hit,orig,2f_slru,async_win,128,2,0,0.00,100.00,92.35,732.99,197.06,409.20,126.73,29.00,825.34,501.55,1.53,0.00,62.00,1.24,19482260,2026-09-18T05:34:05Z
C_hit,orig,2f_slru,async_bulk,128,2,0,0.00,7.00,290.71,366.44,195.56,43.80,127.08,2.00,657.15,334.51,1.65,36.00,61.00,1.24,19482948,2026-09-18T05:34:05Z
C_hit,orig,leaf_freq_K10,pread,128,2,0,0.00,100.00,194.68,785.16,196.15,589.01,,,979.84,783.69,1.64,36.00,63.00,1.24,19472768,2026-09-18T05:34:05Z
C_hit,orig,leaf_freq_K10,async,128,2,0,0.00,100.00,481.99,265.75,187.35,78.40,,,747.74,560.39,1.66,37.00,62.00,1.24,19477860,2026-09-18T05:34:06Z
C_hit,orig,leaf_freq_K10,async_win,128,2,0,0.00,100.00,410.37,267.84,195.77,10.56,61.52,3.00,678.21,420.93,1.65,37.00,62.00,1.24,19476800,2026-09-18T05:34:06Z
C_hit,orig,leaf_freq_K10,async_bulk,128,2,0,0.00,100.00,462.02,268.54,196.86,10.83,60.84,3.00,730.56,472.85,1.65,37.00,62.00,1.24,19479096,2026-09-18T05:34:06Z
C_hit,orig,leaf_rand_K10,pread,128,2,0,0.00,100.00,558.77,984.53,148.23,836.30,,,1543.30,1395.07,1.64,37.00,62.00,1.24,19479324,2026-09-18T05:34:06Z
C_hit,orig,leaf_rand_K10,async,128,2,0,0.00,100.00,554.98,223.16,147.58,75.58,,,778.14,630.56,1.64,37.00,62.00,1.24,19479116,2026-09-18T05:34:07Z
C_hit,orig,leaf_rand_K10,async_win,128,2,0,0.00,100.00,555.60,221.84,145.27,15.41,61.16,10.00,777.44,571.01,1.65,37.00,62.00,1.24,19478264,2026-09-18T05:34:07Z
C_hit,orig,leaf_rand_K10,async_bulk,128,2,0,0.00,100.00,554.85,223.16,148.41,13.71,61.03,10.00,778.01,568.56,1.65,37.00,62.00,1.24,19478952,2026-09-18T05:34:07Z
C_hit,orig,learned_markov_14,pread,128,2,0,0.00,100.00,176.27,1111.22,234.50,876.72,,,1287.49,1052.99,1.64,36.00,64.00,1.22,19479560,2026-09-18T05:34:07Z
C_hit,orig,learned_markov_14,async,128,2,0,0.00,100.00,408.00,233.04,151.37,81.67,,,641.04,489.67,1.64,37.00,64.00,1.22,19480680,2026-09-18T05:34:08Z
C_hit,orig,learned_markov_14,async_win,128,2,0,0.00,100.00,444.43,221.36,145.42,14.96,60.97,6.00,665.79,459.39,1.66,37.00,64.00,1.22,19481260,2026-09-18T05:34:08Z
C_hit,orig,learned_markov_14,async_bulk,128,2,0,0.00,100.00,514.90,223.74,147.29,15.63,60.82,6.00,738.64,530.53,1.63,37.00,64.00,1.22,19479436,2026-09-18T05:34:08Z
C_hit,orig,learned_markov_28,pread,128,2,0,0.00,100.00,177.24,1038.75,145.26,893.49,,,1215.99,1070.73,1.65,35.00,64.00,1.22,19466424,2026-09-18T05:34:09Z
C_hit,orig,learned_markov_28,async,128,2,0,0.00,100.00,177.42,324.47,229.23,95.24,,,501.89,272.66,1.64,36.00,64.00,1.22,19466232,2026-09-18T05:34:09Z
C_hit,orig,learned_markov_28,async_win,128,2,0,0.00,100.00,174.54,239.58,152.65,23.77,63.16,8.00,414.12,198.31,1.63,36.00,64.00,1.22,19466052,2026-09-18T05:34:09Z
C_hit,orig,learned_markov_28,async_bulk,128,2,0,0.00,100.00,176.87,230.72,144.80,24.32,61.61,8.00,407.59,201.19,1.64,36.00,64.00,1.22,19466628,2026-09-18T05:34:09Z
A,orig,baseline,baseline,128,3,0,0.00,0.00,901.50,0.00,0.00,0.00,,,901.50,901.50,2.11,182.00,264.00,1.22,19467200,2026-09-18T05:34:10Z
B,orig,baseline,baseline,128,3,0,0.00,0.00,935.83,0.00,0.00,0.00,,,935.83,935.83,2.20,195.00,262.00,1.22,19467272,2026-09-18T05:34:10Z
C,orig,baseline,baseline,128,3,0,0.00,0.00,970.64,0.00,0.00,0.00,,,970.64,970.64,1.57,18.00,35.00,1.22,19468544,2026-09-18T05:34:10Z
C_hit,orig,baseline,baseline,128,3,0,0.00,0.00,524.84,0.00,0.00,0.00,,,524.84,524.84,1.63,37.00,62.00,1.22,19468552,2026-09-18T05:34:11Z
A,orig,layers_5,pread,128,3,0,0.00,100.00,878.26,670.81,234.23,436.58,,,1549.07,1314.84,2.12,184.00,262.00,1.22,19450952,2026-09-18T05:34:11Z
A,orig,layers_5,async,128,3,0,0.00,100.00,956.70,297.53,228.90,68.63,,,1254.23,1025.33,2.14,184.00,262.00,1.22,19454704,2026-09-18T05:34:11Z
A,orig,layers_5,async_win,128,3,0,0.00,100.00,910.01,294.63,225.64,8.18,60.81,2.00,1204.64,918.19,2.08,184.00,262.00,1.22,19455480,2026-09-18T05:34:11Z
A,orig,layers_5,async_bulk,128,3,0,0.00,100.00,882.22,293.72,226.09,7.33,60.30,2.00,1175.94,889.55,2.10,184.00,262.00,1.22,19455048,2026-09-18T05:34:12Z
A,orig,layers_92,pread,128,3,0,0.00,100.00,566.22,11196.20,226.74,10969.46,,,11762.42,11535.68,2.11,181.00,271.00,1.22,19455220,2026-09-18T05:34:12Z
A,orig,layers_92,async,128,3,0,0.00,100.00,568.73,428.25,231.12,197.14,,,996.98,765.87,2.11,181.00,271.00,1.20,19460928,2026-09-18T05:34:12Z
A,orig,layers_92,async_win,128,3,0,0.00,100.00,566.78,399.24,226.87,106.07,66.31,87.00,966.02,672.85,2.10,181.00,271.00,1.20,19461224,2026-09-18T05:34:13Z
A,orig,layers_92,async_bulk,128,3,0,0.00,100.00,569.41,394.92,226.21,105.29,63.43,87.00,964.33,674.70,2.11,181.00,271.00,1.20,19462732,2026-09-18T05:34:13Z
A,orig,2d,pread,128,3,0,0.00,100.00,569.31,1929.05,226.10,1702.94,,,2498.36,2272.25,2.08,181.00,271.00,1.20,19462776,2026-09-18T05:34:13Z
A,orig,2d,async,128,3,0,0.00,100.00,565.01,310.58,226.10,84.48,,,875.59,649.49,2.05,181.00,271.00,1.20,19462332,2026-09-18T05:34:14Z
A,orig,2d,async_win,128,3,0,0.00,100.00,498.96,311.97,227.45,22.21,62.31,13.00,810.93,521.17,2.10,181.00,271.00,1.20,19464380,2026-09-18T05:34:14Z
A,orig,2d,async_bulk,128,3,0,0.00,100.00,565.43,314.38,226.49,25.94,61.96,13.00,879.81,591.37,2.10,181.00,271.00,1.20,19464992,2026-09-18T05:34:14Z
A,orig,2e_K10,pread,128,3,0,0.00,100.00,179.61,2818.48,227.32,2591.16,,,2998.09,2770.77,2.11,181.00,287.00,1.20,19466596,2026-09-18T05:34:15Z
A,orig,2e_K10,async,128,3,0,0.00,100.00,180.52,325.21,228.07,97.14,,,505.73,277.66,2.12,181.00,287.00,1.20,19466088,2026-09-18T05:34:15Z
A,orig,2e_K10,async_win,128,3,0,0.00,100.00,181.87,320.13,226.63,31.08,62.43,23.00,502.00,212.95,2.10,181.00,287.00,1.20,19465964,2026-09-18T05:34:15Z
A,orig,2e_K10,async_bulk,128,3,0,0.00,100.00,182.70,322.36,225.20,35.35,61.81,23.00,505.06,218.05,2.11,181.00,287.00,1.20,19465488,2026-09-18T05:34:16Z
A,orig,2e_K500,pread,128,3,0,0.00,100.00,181.82,22426.76,248.83,22177.93,,,22608.58,22359.75,2.03,170.00,441.00,1.20,19466192,2026-09-18T05:34:16Z
A,orig,2e_K500,async,128,3,0,0.00,100.00,182.69,1049.67,228.15,821.52,,,1232.36,1004.21,2.10,189.00,387.00,1.20,19455716,2026-09-18T05:34:16Z
A,orig,2e_K500,async_win,128,3,0,0.00,100.00,181.41,1039.45,226.70,721.80,90.96,467.00,1220.86,903.21,2.11,189.00,384.00,1.20,19457708,2026-09-18T05:34:17Z
A,orig,2e_K500,async_bulk,128,3,0,0.00,100.00,182.72,1022.72,228.92,701.80,92.00,467.00,1205.44,884.52,2.12,189.00,384.00,1.20,19457824,2026-09-18T05:34:17Z
A,orig,2f_top14,pread,128,3,0,0.00,100.00,569.29,1474.76,225.76,1249.00,,,2044.05,1818.29,2.13,183.00,277.00,1.20,19458844,2026-09-18T05:34:17Z
A,orig,2f_top14,async,128,3,0,0.00,100.00,568.53,312.72,229.35,83.37,,,881.25,651.90,2.11,183.00,277.00,1.19,19458816,2026-09-18T05:34:17Z
A,orig,2f_top14,async_win,128,3,0,0.00,100.00,572.95,307.76,227.50,18.28,61.98,13.00,880.71,591.23,2.15,183.00,277.00,1.19,19459764,2026-09-18T05:34:18Z
A,orig,2f_top14,async_bulk,128,3,0,0.00,100.00,572.99,310.18,229.11,19.42,61.66,13.00,883.17,592.41,2.13,183.00,277.00,1.19,19460544,2026-09-18T05:34:18Z
A,orig,2f_top28,pread,128,3,0,0.00,100.00,177.71,2654.32,229.40,2424.92,,,2832.03,2602.63,2.08,182.00,289.00,1.19,19461480,2026-09-18T05:34:18Z
A,orig,2f_top28,async,128,3,0,0.00,100.00,182.07,325.42,225.81,99.62,,,507.49,281.69,2.12,182.00,288.00,1.19,19461704,2026-09-18T05:34:19Z
A,orig,2f_top28,async_win,128,3,0,0.00,100.00,184.12,325.42,227.05,36.09,62.29,27.00,509.54,220.21,2.11,182.00,288.00,1.19,19461904,2026-09-18T05:34:19Z
A,orig,2f_top28,async_bulk,128,3,0,0.00,100.00,184.28,1024.56,925.47,37.05,62.04,27.00,1208.84,221.33,2.10,182.00,288.00,1.19,19462484,2026-09-18T05:34:19Z
A,orig,2f_top100,pread,128,3,0,0.00,100.00,180.89,9075.39,226.33,8849.07,,,9256.28,9029.96,2.12,185.00,318.00,1.19,19462520,2026-09-18T05:34:20Z
A,orig,2f_top100,async,128,3,0,0.00,100.00,181.42,427.99,224.49,203.50,,,609.41,384.92,2.13,185.00,318.00,1.19,19463848,2026-09-18T05:34:20Z
A,orig,2f_top100,async_win,128,3,0,0.00,100.00,184.38,417.75,235.15,116.17,66.42,98.00,602.13,300.55,2.14,185.00,319.00,1.19,19463848,2026-09-18T05:34:20Z
A,orig,2f_top100,async_bulk,128,3,0,0.00,100.00,182.56,409.80,226.81,116.98,66.01,98.00,592.36,299.54,2.13,185.00,319.00,1.19,19464244,2026-09-18T05:34:21Z
A,orig,2f_top500,pread,128,3,0,0.00,100.00,181.31,21682.32,224.18,21458.13,,,21863.63,21639.44,2.01,170.00,443.00,1.19,19465140,2026-09-18T05:34:21Z
A,orig,2f_top500,async,128,3,0,0.00,100.00,186.33,1042.03,229.05,812.98,,,1228.36,999.31,2.10,189.00,385.00,1.19,19455772,2026-09-18T05:34:21Z
A,orig,2f_top500,async_win,128,3,0,0.00,100.00,182.93,1025.97,225.11,710.25,90.60,455.00,1208.90,893.18,2.12,189.00,386.00,1.19,19456072,2026-09-18T05:34:22Z
A,orig,2f_top500,async_bulk,128,3,0,0.00,100.00,184.02,1008.72,229.01,688.90,90.80,455.00,1192.74,872.92,2.10,189.00,386.00,1.19,19456940,2026-09-18T05:34:22Z
A,orig,2f_slru,pread,128,3,0,0.00,100.00,100.31,18373.71,227.62,18146.09,,,18474.02,18246.40,1.60,0.00,278.00,1.19,19457228,2026-09-18T05:34:22Z
A,orig,2f_slru,async,128,3,0,0.00,100.00,99.01,7366.70,229.42,7137.28,,,7465.71,7236.29,1.54,0.00,278.00,1.17,19455444,2026-09-18T05:34:22Z
A,orig,2f_slru,async_win,128,3,0,0.00,78.80,92.94,2550.62,227.57,1923.22,399.84,138.00,2643.56,2016.16,1.56,0.00,278.00,1.17,19456640,2026-09-18T05:34:23Z
A,orig,2f_slru,async_bulk,128,3,0,0.00,1.50,815.96,704.06,226.18,79.24,398.65,2.00,1520.02,895.20,2.08,181.00,261.00,1.17,19458912,2026-09-18T05:34:23Z
A,orig,leaf_freq_K10,pread,128,3,0,0.00,100.00,530.13,1151.18,223.92,927.26,,,1681.31,1457.39,2.13,182.00,280.00,1.17,19459140,2026-09-18T05:34:23Z
A,orig,leaf_freq_K10,async,128,3,0,0.00,100.00,528.27,300.97,225.06,75.90,,,829.24,604.17,2.07,182.00,280.00,1.17,19473260,2026-09-18T05:34:24Z
A,orig,leaf_freq_K10,async_win,128,3,0,0.00,100.00,493.26,307.38,227.96,17.42,62.00,10.00,800.64,510.68,2.08,182.00,280.00,1.17,19473264,2026-09-18T05:34:24Z
A,orig,leaf_freq_K10,async_bulk,128,3,0,0.00,100.00,496.88,302.44,224.82,15.88,61.74,10.00,799.32,512.76,2.07,182.00,280.00,1.17,19474068,2026-09-18T05:34:24Z
A,orig,leaf_rand_K10,pread,128,3,0,0.00,100.00,982.88,1155.80,226.81,929.00,,,2138.68,1911.88,2.12,182.00,264.00,1.17,19474612,2026-09-18T05:34:25Z
A,orig,leaf_rand_K10,async,128,3,0,0.00,100.00,888.51,302.77,226.90,75.87,,,1191.28,964.38,2.07,182.00,264.00,1.17,19473888,2026-09-18T05:34:25Z
A,orig,leaf_rand_K10,async_win,128,3,0,0.00,100.00,989.46,310.27,229.04,18.64,62.60,10.00,1299.73,1008.10,2.17,182.00,264.00,1.17,19477108,2026-09-18T05:34:25Z
A,orig,leaf_rand_K10,async_bulk,128,3,0,0.00,100.00,910.66,303.62,225.03,17.26,61.33,10.00,1214.28,927.92,2.13,182.00,264.00,1.17,19477184,2026-09-18T05:34:26Z
A,orig,learned_markov_14,pread,128,3,0,0.00,100.00,569.05,1512.48,227.67,1284.82,,,2081.53,1853.87,2.11,181.00,272.00,1.17,19477480,2026-09-18T05:34:26Z
A,orig,learned_markov_14,async,128,3,0,0.00,100.00,568.21,312.83,230.67,82.15,,,881.04,650.36,2.12,181.00,272.00,1.17,19480380,2026-09-18T05:34:26Z
A,orig,learned_markov_14,async_win,128,3,0,0.00,100.00,566.82,311.82,228.52,21.54,61.76,13.00,878.64,588.36,2.06,181.00,272.00,1.17,19480704,2026-09-18T05:34:27Z
A,orig,learned_markov_14,async_bulk,128,3,0,0.00,100.00,568.80,310.93,227.03,21.34,62.56,13.00,879.73,590.14,2.11,181.00,272.00,1.17,19480320,2026-09-18T05:34:27Z
A,orig,learned_markov_28,pread,128,3,0,0.00,100.00,571.33,2687.28,229.43,2457.85,,,3258.61,3029.18,2.15,181.00,273.00,1.17,19483068,2026-09-18T05:34:27Z
A,orig,learned_markov_28,async,128,3,0,0.00,100.00,568.12,322.64,224.38,98.25,,,890.76,666.37,2.11,181.00,272.00,1.24,19480296,2026-09-18T05:34:27Z
A,orig,learned_markov_28,async_win,128,3,0,0.00,100.00,571.03,324.30,226.85,35.16,62.30,26.00,895.33,606.19,2.11,181.00,272.00,1.24,19481592,2026-09-18T05:34:28Z
A,orig,learned_markov_28,async_bulk,128,3,0,0.00,100.00,569.57,326.85,226.13,38.39,62.32,26.00,896.42,607.96,2.12,181.00,272.00,1.24,19483452,2026-09-18T05:34:28Z
B,orig,layers_5,pread,128,3,0,0.00,100.00,871.41,664.85,226.00,438.85,,,1536.26,1310.26,2.18,196.00,263.00,1.24,19485760,2026-09-18T05:34:28Z
B,orig,layers_5,async,128,3,0,0.00,100.00,901.85,297.09,227.53,69.56,,,1198.94,971.41,2.18,197.00,262.00,1.24,19484744,2026-09-18T05:34:29Z
B,orig,layers_5,async_win,128,3,0,0.00,100.00,952.29,296.18,225.90,7.78,62.51,2.00,1248.47,960.07,2.20,197.00,262.00,1.24,19471344,2026-09-18T05:34:29Z
B,orig,layers_5,async_bulk,128,3,0,0.00,100.00,946.73,298.65,228.45,8.28,61.93,2.00,1245.38,955.01,2.19,197.00,262.00,1.24,19472704,2026-09-18T05:34:29Z
B,orig,layers_92,pread,128,3,0,0.00,100.00,538.08,8279.33,227.45,8051.88,,,8817.41,8589.96,2.18,195.00,273.00,1.24,19472528,2026-09-18T05:34:30Z
B,orig,layers_92,async,128,3,0,0.00,100.00,503.24,428.82,228.49,200.33,,,932.06,703.57,2.17,197.00,268.00,1.24,19472892,2026-09-18T05:34:30Z
B,orig,layers_92,async_win,128,3,0,0.00,100.00,569.10,408.41,226.03,116.42,65.95,87.00,977.51,685.52,2.19,197.00,269.00,1.24,19473772,2026-09-18T05:34:30Z
B,orig,layers_92,async_bulk,128,3,0,0.00,100.00,570.21,418.85,227.22,126.20,65.43,87.00,989.06,696.41,2.20,197.00,269.00,1.24,19473804,2026-09-18T05:34:31Z
B,orig,2d,pread,128,3,0,0.00,100.00,451.40,1944.89,229.63,1715.26,,,2396.29,2166.66,2.20,195.00,273.00,1.24,19474444,2026-09-18T05:34:31Z
B,orig,2d,async,128,3,0,0.00,100.00,543.73,318.14,229.26,88.88,,,861.87,632.61,2.21,197.00,269.00,1.24,19474540,2026-09-18T05:34:31Z
B,orig,2d,async_win,128,3,0,0.00,100.00,539.82,316.14,229.50,23.84,62.80,13.00,855.96,563.66,2.20,197.00,269.00,1.24,19474920,2026-09-18T05:34:32Z
B,orig,2d,async_bulk,128,3,0,0.00,100.00,482.15,313.76,227.62,23.68,62.47,13.00,795.91,505.83,2.20,197.00,269.00,1.24,19475292,2026-09-18T05:34:32Z
B,orig,2e_K10,pread,128,3,0,0.00,100.00,473.21,2761.20,228.49,2532.71,,,3234.41,3005.92,2.18,195.00,273.00,1.24,19476856,2026-09-18T05:34:32Z
B,orig,2e_K10,async,128,3,0,0.00,100.00,542.33,326.54,227.62,98.93,,,868.87,641.26,2.23,197.00,269.00,1.22,19465100,2026-09-18T05:34:33Z
B,orig,2e_K10,async_win,128,3,0,0.00,100.00,499.90,321.30,226.00,32.80,62.50,23.00,821.20,532.70,2.17,197.00,268.00,1.22,19473612,2026-09-18T05:34:33Z
B,orig,2e_K10,async_bulk,128,3,0,0.00,100.00,538.07,324.08,227.86,32.45,63.77,23.00,862.15,570.52,2.20,197.00,269.00,1.22,19474016,2026-09-18T05:34:33Z
B,orig,2e_K500,pread,128,3,0,0.00,100.00,514.73,19790.01,225.16,19564.85,,,20304.74,20079.58,1.94,122.00,349.00,1.22,19472928,2026-09-18T05:34:34Z
B,orig,2e_K500,async,128,3,0,0.00,100.00,532.52,1077.77,229.30,848.47,,,1610.29,1380.99,2.17,190.00,336.00,1.22,19472852,2026-09-18T05:34:34Z
B,orig,2e_K500,async_win,128,3,0,0.00,100.00,458.90,1012.93,226.73,693.70,92.50,461.00,1471.83,1152.60,2.15,190.00,336.00,1.22,19474232,2026-09-18T05:34:34Z
B,orig,2e_K500,async_bulk,128,3,0,0.00,100.00,529.37,1017.83,229.81,696.48,91.54,461.00,1547.20,1225.85,2.15,190.00,334.00,1.22,19475244,2026-09-18T05:34:35Z
B,orig,2f_top14,pread,128,3,0,0.00,100.00,505.95,1473.77,226.67,1247.11,,,1979.72,1753.06,2.17,197.00,268.00,1.22,19475328,2026-09-18T05:34:35Z
B,orig,2f_top14,async,128,3,0,0.00,100.00,500.37,308.01,226.57,81.44,,,808.38,581.81,2.21,197.00,268.00,1.22,19474396,2026-09-18T05:34:35Z
B,orig,2f_top14,async_win,128,3,0,0.00,100.00,508.57,309.44,227.02,19.83,62.60,13.00,818.01,528.40,2.21,197.00,268.00,1.22,19475488,2026-09-18T05:34:36Z
B,orig,2f_top14,async_bulk,128,3,0,0.00,100.00,542.73,311.78,230.13,19.48,62.17,13.00,854.51,562.21,2.20,197.00,268.00,1.22,19475736,2026-09-18T05:34:36Z
B,orig,2f_top28,pread,128,3,0,0.00,100.00,477.44,2623.27,225.66,2397.62,,,3100.71,2875.06,2.21,197.00,268.00,1.22,19475044,2026-09-18T05:34:36Z
B,orig,2f_top28,async,128,3,0,0.00,100.00,569.95,326.18,227.52,98.67,,,896.13,668.62,2.19,197.00,268.00,1.22,19476500,2026-09-18T05:34:37Z
B,orig,2f_top28,async_win,128,3,0,0.00,100.00,471.04,325.28,227.09,35.59,62.61,27.00,796.32,506.63,2.20,197.00,268.00,1.22,19475988,2026-09-18T05:34:37Z
B,orig,2f_top28,async_bulk,128,3,0,0.00,100.00,474.55,328.38,228.94,37.43,62.01,27.00,802.93,511.98,2.23,197.00,268.00,1.22,19476644,2026-09-18T05:34:37Z
B,orig,2f_top100,pread,128,3,0,0.00,100.00,474.95,8367.88,196.85,8171.03,,,8842.83,8645.98,2.17,194.00,293.00,1.20,19477072,2026-09-18T05:34:38Z
B,orig,2f_top100,async,128,3,0,0.00,100.00,481.04,408.13,199.99,208.14,,,889.17,689.18,2.19,196.00,287.00,1.20,19470968,2026-09-18T05:34:38Z
B,orig,2f_top100,async_win,128,3,0,0.00,100.00,479.68,398.70,199.11,133.12,66.47,98.00,878.38,612.80,2.21,196.00,288.00,1.20,19475012,2026-09-18T05:34:38Z
B,orig,2f_top100,async_bulk,128,3,0,0.00,100.00,503.37,386.66,197.12,123.71,65.82,98.00,890.03,627.08,2.13,196.00,286.00,1.20,19477032,2026-09-18T05:34:38Z
B,orig,2f_top500,pread,128,3,0,0.00,100.00,497.43,19164.18,196.94,18967.24,,,19661.61,19464.67,1.93,122.00,352.00,1.20,19476964,2026-09-18T05:34:39Z
B,orig,2f_top500,async,128,3,0,0.00,24.80,842.58,954.61,203.73,750.87,,,1797.19,1593.45,2.16,190.00,339.00,1.20,19477884,2026-09-18T05:34:39Z
B,orig,2f_top500,async_win,128,3,0,0.00,100.00,530.87,992.66,195.72,667.56,129.38,450.00,1523.53,1198.43,2.14,190.00,340.00,1.20,19478732,2026-09-18T05:34:39Z
B,orig,2f_top500,async_bulk,128,3,0,0.00,100.00,561.70,992.18,198.40,660.94,132.84,450.00,1553.88,1222.64,2.14,190.00,341.00,1.20,19479392,2026-09-18T05:34:40Z
B,orig,2f_slru,pread,128,3,0,0.00,100.00,93.84,17806.35,198.52,17607.83,,,17900.19,17701.67,1.55,0.00,278.00,1.20,19479584,2026-09-18T05:34:40Z
B,orig,2f_slru,async,128,3,0,0.00,100.00,97.01,7343.38,196.31,7147.07,,,7440.39,7244.08,1.60,0.00,278.00,1.20,19476372,2026-09-18T05:34:40Z
B,orig,2f_slru,async_win,128,3,0,0.00,90.30,96.66,2617.39,198.64,2017.34,401.40,138.00,2714.05,2114.00,1.59,0.00,278.00,1.20,19477832,2026-09-18T05:34:41Z
B,orig,2f_slru,async_bulk,128,3,0,0.00,1.50,809.03,681.88,196.31,79.73,405.84,2.00,1490.91,888.76,2.15,194.00,260.00,1.20,19480668,2026-09-18T05:34:41Z
B,orig,leaf_freq_K10,pread,128,3,0,0.00,100.00,917.64,1089.54,196.42,893.12,,,2007.18,1810.76,2.19,195.00,262.00,1.20,19481580,2026-09-18T05:34:41Z
B,orig,leaf_freq_K10,async,128,3,0,0.00,100.00,915.19,274.51,198.78,75.72,,,1189.70,990.91,2.19,195.00,262.00,1.20,19482176,2026-09-18T05:34:42Z
B,orig,leaf_freq_K10,async_win,128,3,0,0.00,100.00,949.97,277.73,200.84,15.16,61.74,10.00,1227.70,965.13,2.20,195.00,262.00,1.20,19481900,2026-09-18T05:34:42Z
B,orig,leaf_freq_K10,async_bulk,128,3,0,0.00,100.00,849.36,275.20,199.10,15.54,60.55,10.00,1124.56,864.90,2.15,195.00,262.00,1.20,19482572,2026-09-18T05:34:42Z
B,orig,leaf_rand_K10,pread,128,3,0,0.00,100.00,896.27,1095.26,197.30,897.96,,,1991.53,1794.23,2.17,195.00,262.00,1.18,19483580,2026-09-18T05:34:42Z
B,orig,leaf_rand_K10,async,128,3,0,0.00,100.00,909.51,272.72,198.02,74.70,,,1182.23,984.21,2.15,195.00,262.00,1.18,19483644,2026-09-18T05:34:43Z
B,orig,leaf_rand_K10,async_win,128,3,0,0.00,100.00,960.00,275.50,198.13,15.16,62.21,10.00,1235.50,975.16,2.21,195.00,262.00,1.18,19475288,2026-09-18T05:34:43Z
B,orig,leaf_rand_K10,async_bulk,128,3,0,0.00,100.00,955.33,274.91,196.59,17.28,61.03,10.00,1230.24,972.61,2.20,195.00,262.00,1.18,19490088,2026-09-18T05:34:43Z
B,orig,learned_markov_14,pread,128,3,0,0.00,100.00,501.19,1441.08,198.21,1242.87,,,1942.27,1744.06,2.16,197.00,268.00,1.18,19489960,2026-09-18T05:34:44Z
B,orig,learned_markov_14,async,128,3,0,0.00,100.00,476.88,273.31,194.60,78.72,,,750.19,555.60,2.20,197.00,268.00,1.18,19504872,2026-09-18T05:34:44Z
B,orig,learned_markov_14,async_win,128,3,0,0.00,100.00,543.27,284.34,200.43,21.89,62.03,13.00,827.61,565.16,2.19,197.00,268.00,1.18,19505224,2026-09-18T05:34:44Z
B,orig,learned_markov_14,async_bulk,128,3,0,0.00,100.00,499.96,278.29,196.95,19.46,61.89,13.00,778.25,519.42,2.14,197.00,268.00,1.18,19505728,2026-09-18T05:34:45Z
B,orig,learned_markov_28,pread,128,3,0,0.00,100.00,469.67,2588.91,197.66,2391.25,,,3058.58,2860.92,2.16,197.00,270.00,1.18,19506076,2026-09-18T05:34:45Z
B,orig,learned_markov_28,async,128,3,0,0.00,100.00,539.01,293.47,196.95,96.52,,,832.48,635.53,2.17,197.00,270.00,1.18,19506156,2026-09-18T05:34:45Z
B,orig,learned_markov_28,async_win,128,3,0,0.00,100.00,541.99,291.39,195.82,34.17,61.40,27.00,833.38,576.16,2.21,197.00,270.00,1.18,19506352,2026-09-18T05:34:46Z
B,orig,learned_markov_28,async_bulk,128,3,0,0.00,100.00,469.50,301.21,196.21,35.99,69.01,27.00,770.71,505.49,2.13,197.00,270.00,1.18,19506692,2026-09-18T05:34:46Z
C,orig,layers_5,pread,128,3,0,0.00,100.00,891.73,639.98,200.20,439.79,,,1531.71,1331.52,1.56,18.00,35.00,1.18,19507036,2026-09-18T05:34:46Z
C,orig,layers_5,async,128,3,0,0.00,100.00,959.06,263.50,195.83,67.67,,,1222.56,1026.73,1.55,18.00,35.00,1.18,19507656,2026-09-18T05:34:47Z
C,orig,layers_5,async_win,128,3,0,0.00,100.00,960.20,262.88,196.35,7.65,58.88,2.00,1223.08,967.85,1.56,18.00,35.00,1.18,19507520,2026-09-18T05:34:47Z
C,orig,layers_5,async_bulk,128,3,0,0.00,100.00,958.89,266.93,197.70,8.52,60.71,2.00,1225.82,967.41,1.56,18.00,35.00,1.18,19508416,2026-09-18T05:34:47Z
C,orig,layers_92,pread,128,3,0,0.00,100.00,565.30,8231.87,200.87,8031.00,,,8797.17,8596.30,1.59,18.00,38.00,1.18,19506876,2026-09-18T05:34:47Z
C,orig,layers_92,async,128,3,0,0.00,100.00,546.97,386.04,196.28,189.76,,,933.01,736.73,1.59,18.00,38.00,1.17,19507736,2026-09-18T05:34:48Z
C,orig,layers_92,async_win,128,3,0,0.00,100.00,550.77,370.31,197.74,106.17,66.39,87.00,921.08,656.94,1.55,18.00,38.00,1.17,19507804,2026-09-18T05:34:48Z
C,orig,layers_92,async_bulk,128,3,0,0.00,100.00,1360.50,369.74,196.04,108.78,64.91,87.00,1730.24,1469.28,1.59,18.00,38.00,1.17,19508312,2026-09-18T05:34:48Z
C,orig,2d,pread,128,3,0,0.00,100.00,511.81,563.30,197.73,365.57,,,1075.11,877.38,1.58,18.00,38.00,1.17,19488220,2026-09-18T05:34:48Z
C,orig,2d,async,128,3,0,0.00,100.00,550.57,266.74,198.70,68.04,,,817.31,618.61,1.58,18.00,38.00,1.17,19497852,2026-09-18T05:34:49Z
C,orig,2d,async_win,128,3,0,0.00,100.00,552.43,266.26,198.44,7.08,60.73,2.00,818.69,559.51,1.57,18.00,38.00,1.17,19498404,2026-09-18T05:34:49Z
C,orig,2d,async_bulk,128,3,0,0.00,100.00,556.09,268.10,200.40,7.14,60.56,2.00,824.19,563.23,1.57,18.00,38.00,1.17,19499728,2026-09-18T05:34:49Z
C,orig,2e_K10,pread,128,3,0,0.00,100.00,567.62,1388.27,195.10,1193.17,,,1955.89,1760.79,1.59,17.00,41.00,1.17,19480496,2026-09-18T05:34:49Z
C,orig,2e_K10,async,128,3,0,0.00,100.00,580.64,279.35,197.71,81.63,,,859.99,662.27,1.59,18.00,40.00,1.17,19481168,2026-09-18T05:34:50Z
C,orig,2e_K10,async_win,128,3,0,0.00,100.00,581.54,274.78,197.00,16.85,60.92,8.00,856.32,598.39,1.57,18.00,40.00,1.17,19480776,2026-09-18T05:34:50Z
C,orig,2e_K10,async_bulk,128,3,0,0.00,100.00,592.04,276.18,197.76,16.23,62.19,8.00,868.22,608.27,1.56,18.00,40.00,1.17,19482560,2026-09-18T05:34:50Z
C,orig,2e_K500,pread,128,3,0,0.00,100.00,180.49,2370.51,199.18,2171.32,,,2551.00,2351.81,1.52,0.00,37.00,1.17,19482892,2026-09-18T05:34:50Z
C,orig,2e_K500,async,128,3,0,0.00,59.80,180.87,656.21,197.73,458.48,,,837.08,639.35,1.50,0.00,37.00,1.17,19483412,2026-09-18T05:34:51Z
C,orig,2e_K500,async_win,128,3,0,0.00,100.00,182.93,508.78,200.62,224.26,83.90,90.00,691.71,407.19,1.53,0.00,37.00,1.17,19484624,2026-09-18T05:34:51Z
C,orig,2e_K500,async_bulk,128,3,0,0.00,100.00,182.78,501.92,198.07,221.48,82.38,90.00,684.70,404.26,1.51,0.00,37.00,1.17,19483560,2026-09-18T05:34:51Z
C,orig,2f_top14,pread,128,3,0,0.00,100.00,191.31,1303.74,199.94,1103.81,,,1495.05,1295.12,1.57,16.00,41.00,1.17,19484444,2026-09-18T05:34:51Z
C,orig,2f_top14,async,128,3,0,0.00,100.00,558.50,275.23,196.79,78.44,,,833.73,636.94,1.56,17.00,40.00,1.17,19487452,2026-09-18T05:34:52Z
C,orig,2f_top14,async_win,128,3,0,0.00,100.00,520.61,274.34,196.25,15.87,62.22,9.00,794.95,536.48,1.56,17.00,40.00,1.17,19488484,2026-09-18T05:34:52Z
C,orig,2f_top14,async_bulk,128,3,0,0.00,100.00,580.68,277.44,198.39,17.78,61.27,9.00,858.12,598.46,1.56,17.00,40.00,1.17,19486432,2026-09-18T05:34:52Z
C,orig,2f_top28,pread,128,3,0,0.00,100.00,177.30,1295.29,197.90,1097.38,,,1472.59,1274.68,1.57,15.00,40.00,1.16,19487328,2026-09-18T05:34:53Z
C,orig,2f_top28,async,128,3,0,0.00,100.00,181.81,296.27,197.67,98.59,,,478.08,280.40,1.57,17.00,40.00,1.16,19485804,2026-09-18T05:34:53Z
C,orig,2f_top28,async_win,128,3,0,0.00,100.00,184.57,287.68,197.41,27.35,62.92,13.00,472.25,211.92,1.55,17.00,40.00,1.16,19486460,2026-09-18T05:34:53Z
C,orig,2f_top28,async_bulk,128,3,0,0.00,100.00,180.32,291.05,200.96,27.52,62.57,13.00,471.37,207.84,1.55,17.00,40.00,1.16,19485300,2026-09-18T05:34:53Z
C,orig,2f_top100,pread,128,3,0,0.00,100.00,181.38,1406.89,195.05,1211.85,,,1588.27,1393.23,1.54,10.00,39.00,1.16,19476524,2026-09-18T05:34:54Z
C,orig,2f_top100,async,128,3,0,0.00,100.00,181.03,370.72,196.53,174.19,,,551.75,355.22,1.56,13.00,38.00,1.16,19477924,2026-09-18T05:34:54Z
C,orig,2f_top100,async_win,128,3,0,0.00,100.00,181.06,333.45,197.55,70.32,65.57,32.00,514.51,251.38,1.56,13.00,38.00,1.16,19479460,2026-09-18T05:34:54Z
C,orig,2f_top100,async_bulk,128,3,0,0.00,80.00,180.03,331.14,196.05,69.17,65.92,32.00,511.17,249.20,1.54,13.00,38.00,1.16,19480220,2026-09-18T05:34:54Z
C,orig,2f_top500,pread,128,3,0,0.00,100.00,91.79,2757.34,193.93,2563.42,,,2849.13,2655.21,1.51,0.00,37.00,1.16,19480272,2026-09-18T05:34:55Z
C,orig,2f_top500,async,128,3,0,0.00,100.00,93.12,961.91,197.21,764.70,,,1055.03,857.82,1.51,0.00,37.00,1.16,19480568,2026-09-18T05:34:55Z
C,orig,2f_top500,async_win,128,3,0,0.00,100.00,92.62,506.45,196.65,219.35,90.45,15.00,599.07,311.97,1.51,0.00,37.00,1.16,19481608,2026-09-18T05:34:55Z
C,orig,2f_top500,async_bulk,128,3,0,0.00,13.60,832.18,325.27,194.79,41.00,89.49,2.00,1157.45,873.18,1.58,17.00,36.00,1.16,19481252,2026-09-18T05:34:55Z
C,orig,2f_slru,pread,128,3,0,0.00,100.00,91.08,2854.89,192.53,2662.36,,,2945.97,2753.44,1.50,0.00,37.00,1.16,19481612,2026-09-18T05:34:56Z
C,orig,2f_slru,async,128,3,0,0.00,100.00,94.65,988.67,193.49,795.17,,,1083.32,889.82,1.50,0.00,37.00,1.16,19481124,2026-09-18T05:34:56Z
C,orig,2f_slru,async_win,128,3,0,0.00,100.00,94.18,541.56,197.49,213.33,130.74,15.00,635.74,307.51,1.51,0.00,37.00,1.16,19481928,2026-09-18T05:34:56Z
C,orig,2f_slru,async_bulk,128,3,0,0.00,13.60,843.62,356.92,190.58,38.45,127.89,2.00,1200.54,882.07,1.56,17.00,36.00,1.16,19481884,2026-09-18T05:34:56Z
C,orig,leaf_freq_K10,pread,128,3,0,0.00,100.00,1064.17,901.49,194.51,706.98,,,1965.66,1771.15,1.56,17.00,38.00,1.16,19481808,2026-09-18T05:34:57Z
C,orig,leaf_freq_K10,async,128,3,0,0.00,100.00,967.81,271.33,197.07,74.26,,,1239.14,1042.07,1.56,18.00,37.00,1.16,19480828,2026-09-18T05:34:57Z
C,orig,leaf_freq_K10,async_win,128,3,0,0.00,100.00,974.45,268.33,194.37,12.40,61.57,6.00,1242.78,986.85,1.55,18.00,37.00,1.16,19482116,2026-09-18T05:34:57Z
C,orig,leaf_freq_K10,async_bulk,128,3,0,0.00,100.00,907.01,270.97,196.99,12.77,61.20,6.00,1177.98,919.78,1.55,18.00,37.00,1.14,19482932,2026-09-18T05:34:57Z
C,orig,leaf_rand_K10,pread,128,3,0,0.00,100.00,950.80,1091.80,189.52,902.29,,,2042.60,1853.09,1.57,18.00,35.00,1.14,19482580,2026-09-18T05:34:58Z
C,orig,leaf_rand_K10,async,128,3,0,0.00,100.00,948.68,272.26,198.49,73.77,,,1220.94,1022.45,1.58,18.00,35.00,1.14,19483408,2026-09-18T05:34:58Z
C,orig,leaf_rand_K10,async_win,128,3,0,0.00,100.00,945.50,274.33,196.93,16.64,60.75,10.00,1219.83,962.14,1.56,18.00,35.00,1.14,19482996,2026-09-18T05:34:58Z
C,orig,leaf_rand_K10,async_bulk,128,3,0,0.00,100.00,947.08,271.40,195.02,15.09,61.30,10.00,1218.48,962.17,1.57,18.00,35.00,1.14,19483292,2026-09-18T05:34:58Z
C,orig,learned_markov_14,pread,128,3,0,0.00,100.00,186.86,1297.56,194.69,1102.87,,,1484.42,1289.73,1.55,16.00,41.00,1.14,19482976,2026-09-18T05:34:59Z
C,orig,learned_markov_14,async,128,3,0,0.00,100.00,577.68,273.79,194.44,79.36,,,851.47,657.04,1.56,17.00,40.00,1.14,19461144,2026-09-18T05:34:59Z
C,orig,learned_markov_14,async_win,128,3,0,0.00,100.00,581.08,274.56,196.36,17.09,61.10,9.00,855.64,598.17,1.57,17.00,40.00,1.14,19463236,2026-09-18T05:34:59Z
C,orig,learned_markov_14,async_bulk,128,3,0,0.00,100.00,580.33,277.15,194.69,20.14,62.33,9.00,857.48,600.47,1.59,17.00,40.00,1.14,19464632,2026-09-18T05:35:00Z
C,orig,learned_markov_28,pread,128,3,0,0.00,100.00,174.67,1229.19,197.47,1031.72,,,1403.86,1206.39,1.55,15.00,40.00,1.14,19464968,2026-09-18T05:35:00Z
C,orig,learned_markov_28,async,128,3,0,0.00,100.00,176.58,288.47,194.07,94.40,,,465.05,270.98,1.55,17.00,40.00,1.14,19465632,2026-09-18T05:35:00Z
C,orig,learned_markov_28,async_win,128,3,0,0.00,100.00,176.93,286.93,197.95,26.94,62.04,13.00,463.86,203.87,1.59,17.00,40.00,1.14,19468452,2026-09-18T05:35:00Z
C,orig,learned_markov_28,async_bulk,128,3,0,0.00,100.00,179.49,285.25,194.97,26.88,63.40,13.00,464.74,206.37,1.57,17.00,40.00,1.14,19468364,2026-09-18T05:35:01Z
C_hit,orig,layers_5,pread,128,3,0,0.00,100.00,543.83,620.33,179.80,440.53,,,1164.16,984.36,1.64,37.00,62.00,1.14,19467952,2026-09-18T05:35:01Z
C_hit,orig,layers_5,async,128,3,0,0.00,100.00,549.14,264.94,196.46,68.48,,,814.08,617.62,1.67,37.00,62.00,1.14,19451336,2026-09-18T05:35:01Z
C_hit,orig,layers_5,async_win,128,3,0,0.00,100.00,554.42,260.63,193.78,6.81,60.04,2.00,815.05,561.23,1.64,37.00,62.00,1.14,19451552,2026-09-18T05:35:01Z
C_hit,orig,layers_5,async_bulk,128,3,0,0.00,100.00,487.46,265.99,197.96,7.19,60.83,2.00,753.45,494.65,1.65,37.00,62.00,1.14,19452544,2026-09-18T05:35:02Z
C_hit,orig,layers_92,pread,128,3,0,0.00,100.00,394.58,8157.93,197.89,7960.04,,,8552.51,8354.62,1.64,37.00,64.00,1.14,19452392,2026-09-18T05:35:02Z
C_hit,orig,layers_92,async,128,3,0,0.00,100.00,467.33,390.63,198.31,192.32,,,857.96,659.65,1.66,37.00,64.00,1.14,19455024,2026-09-18T05:35:02Z
C_hit,orig,layers_92,async_win,128,3,0,0.00,100.00,465.70,385.18,197.06,122.30,65.81,87.00,850.88,588.00,1.64,37.00,64.00,1.13,19455248,2026-09-18T05:35:02Z
C_hit,orig,layers_92,async_bulk,128,3,0,0.00,100.00,459.14,377.35,195.93,115.97,65.45,87.00,836.49,575.11,1.65,37.00,64.00,1.13,19456172,2026-09-18T05:35:03Z
C_hit,orig,2d,pread,128,3,0,0.00,100.00,463.02,629.74,195.05,434.70,,,1092.76,897.72,1.65,37.00,64.00,1.13,19456440,2026-09-18T05:35:03Z
C_hit,orig,2d,async,128,3,0,0.00,100.00,403.01,268.75,198.52,70.22,,,671.76,473.23,1.68,37.00,64.00,1.13,19460108,2026-09-18T05:35:03Z
C_hit,orig,2d,async_win,128,3,0,0.00,100.00,406.62,258.65,189.06,8.78,60.81,3.00,665.27,415.40,1.65,37.00,64.00,1.13,19460252,2026-09-18T05:35:04Z
C_hit,orig,2d,async_bulk,128,3,0,0.00,100.00,404.41,265.57,196.79,7.93,60.84,3.00,669.98,412.34,1.64,37.00,64.00,1.13,19459912,2026-09-18T05:35:04Z
C_hit,orig,2e_K10,pread,128,3,0,0.00,100.00,181.21,1178.27,197.69,980.57,,,1359.48,1161.78,1.64,36.00,64.00,1.13,19452704,2026-09-18T05:35:04Z
C_hit,orig,2e_K10,async,128,3,0,0.00,100.00,445.28,278.83,196.67,82.17,,,724.11,527.45,1.65,37.00,64.00,1.13,19463920,2026-09-18T05:35:04Z
C_hit,orig,2e_K10,async_win,128,3,0,0.00,100.00,514.51,275.59,197.91,16.35,61.33,6.00,790.10,530.86,1.64,37.00,64.00,1.13,19484240,2026-09-18T05:35:05Z
C_hit,orig,2e_K10,async_bulk,128,3,0,0.00,100.00,444.62,272.02,195.05,15.12,61.86,6.00,716.64,459.74,1.64,37.00,64.00,1.13,19485148,2026-09-18T05:35:05Z
C_hit,orig,2e_K500,pread,128,3,0,0.00,100.00,174.58,3346.75,191.05,3155.70,,,3521.33,3330.28,1.55,10.00,64.00,1.13,19484852,2026-09-18T05:35:05Z
C_hit,orig,2e_K500,async,128,3,0,0.00,45.10,178.51,892.37,197.44,694.93,,,1070.88,873.44,1.56,12.00,63.00,1.13,19484952,2026-09-18T05:35:05Z
C_hit,orig,2e_K500,async_win,128,3,0,0.00,31.10,182.26,628.79,199.88,336.80,92.11,139.00,811.05,519.06,1.57,12.00,63.00,1.13,19484588,2026-09-18T05:35:06Z
C_hit,orig,2e_K500,async_bulk,128,3,0,0.00,32.90,180.60,623.90,196.94,335.75,91.21,139.00,804.50,516.35,1.56,12.00,63.00,1.13,19485000,2026-09-18T05:35:06Z
C_hit,orig,2f_top14,pread,128,3,0,0.00,100.00,181.49,1085.12,195.43,889.69,,,1266.61,1071.18,1.64,36.00,64.00,1.13,19488692,2026-09-18T05:35:06Z
C_hit,orig,2f_top14,async,128,3,0,0.00,100.00,602.51,275.32,196.33,78.99,,,877.83,681.50,1.67,37.00,64.00,1.13,19488040,2026-09-18T05:35:06Z
C_hit,orig,2f_top14,async_win,128,3,0,0.00,100.00,513.96,270.73,195.28,14.70,60.76,6.00,784.69,528.66,1.66,37.00,64.00,1.13,19488760,2026-09-18T05:35:07Z
C_hit,orig,2f_top14,async_bulk,128,3,0,0.00,100.00,510.24,273.65,195.88,14.30,63.48,6.00,783.89,524.54,1.64,37.00,64.00,1.13,19487096,2026-09-18T05:35:07Z
C_hit,orig,2f_top28,pread,128,3,0,0.00,100.00,177.35,1082.12,196.51,885.62,,,1259.47,1062.97,1.63,35.00,64.00,1.13,19490284,2026-09-18T05:35:07Z
C_hit,orig,2f_top28,async,128,3,0,0.00,100.00,176.29,292.09,196.38,95.71,,,468.38,272.00,1.64,36.00,64.00,1.12,19491136,2026-09-18T05:35:08Z
C_hit,orig,2f_top28,async_win,128,3,0,0.00,100.00,175.33,280.59,195.05,23.41,62.13,8.00,455.92,198.74,1.65,36.00,64.00,1.12,19490764,2026-09-18T05:35:08Z
C_hit,orig,2f_top28,async_bulk,128,3,0,0.00,100.00,175.30,280.07,195.47,22.84,61.76,8.00,455.37,198.14,1.65,36.00,64.00,1.12,19491960,2026-09-18T05:35:08Z
C_hit,orig,2f_top100,pread,128,3,0,0.00,100.00,176.11,1349.79,196.06,1153.73,,,1525.90,1329.84,1.63,31.00,63.00,1.12,19492808,2026-09-18T05:35:08Z
C_hit,orig,2f_top100,async,128,3,0,0.00,100.00,176.44,373.78,196.92,176.86,,,550.22,353.30,1.63,33.00,63.00,1.12,19493104,2026-09-18T05:35:09Z
C_hit,orig,2f_top100,async_win,128,3,0,0.00,100.00,175.19,329.73,196.32,67.89,65.52,28.00,504.92,243.08,1.62,33.00,63.00,1.12,19493132,2026-09-18T05:35:09Z
C_hit,orig,2f_top100,async_bulk,128,3,0,0.00,100.00,176.32,330.39,196.55,68.05,65.79,28.00,506.71,244.37,1.64,33.00,63.00,1.12,19493824,2026-09-18T05:35:09Z
C_hit,orig,2f_top500,pread,128,3,0,0.00,100.00,177.45,3297.48,194.51,3102.97,,,3474.93,3280.42,1.58,10.00,64.00,1.12,19482076,2026-09-18T05:35:09Z
C_hit,orig,2f_top500,async,128,3,0,0.00,38.60,178.64,872.87,200.09,672.78,,,1051.51,851.42,1.57,12.00,64.00,1.12,19486104,2026-09-18T05:35:10Z
C_hit,orig,2f_top500,async_win,128,3,0,0.00,37.80,180.85,624.44,199.31,333.23,91.90,138.00,805.29,514.08,1.56,12.00,64.00,1.12,19469280,2026-09-18T05:35:10Z
C_hit,orig,2f_top500,async_bulk,128,3,0,0.00,32.40,181.60,614.71,196.98,327.08,90.64,138.00,796.31,508.68,1.56,12.00,64.00,1.12,19471728,2026-09-18T05:35:10Z
C_hit,orig,2f_slru,pread,128,3,0,0.00,100.00,91.01,4713.27,195.45,4517.82,,,4804.28,4608.83,1.53,0.00,62.00,1.12,19473280,2026-09-18T05:35:10Z
C_hit,orig,2f_slru,async,128,3,0,0.00,100.00,95.74,1546.40,192.76,1353.63,,,1642.14,1449.37,1.54,0.00,62.00,1.12,19473344,2026-09-18T05:35:11Z
C_hit,orig,2f_slru,async_win,128,3,0,0.00,100.00,92.83,727.94,199.59,397.06,131.30,29.00,820.77,489.89,1.54,0.00,62.00,1.12,19472892,2026-09-18T05:35:11Z
C_hit,orig,2f_slru,async_bulk,128,3,0,0.00,7.00,291.11,366.61,197.13,42.73,126.75,2.00,657.72,333.84,1.64,36.00,61.00,1.12,19474352,2026-09-18T05:35:11Z
C_hit,orig,leaf_freq_K10,pread,128,3,0,0.00,100.00,194.03,783.08,194.85,588.24,,,977.11,782.27,1.63,36.00,63.00,1.12,19473848,2026-09-18T05:35:11Z
C_hit,orig,leaf_freq_K10,async,128,3,0,0.00,100.00,485.50,270.41,195.52,74.89,,,755.91,560.39,1.64,37.00,62.00,1.12,19471920,2026-09-18T05:35:12Z
C_hit,orig,leaf_freq_K10,async_win,128,3,0,0.00,100.00,408.96,267.91,196.85,10.16,60.90,3.00,676.87,419.12,1.64,37.00,62.00,1.12,19472464,2026-09-18T05:35:12Z
C_hit,orig,leaf_freq_K10,async_bulk,128,3,0,0.00,100.00,405.31,266.86,196.04,9.65,61.17,3.00,672.17,414.96,1.66,37.00,62.00,1.12,19472744,2026-09-18T05:35:12Z
C_hit,orig,leaf_rand_K10,pread,128,3,0,0.00,100.00,557.22,982.84,148.73,834.11,,,1540.06,1391.33,1.64,37.00,62.00,1.11,19469380,2026-09-18T05:35:13Z
C_hit,orig,leaf_rand_K10,async,128,3,0,0.00,100.00,556.38,301.46,225.94,75.52,,,857.84,631.90,1.67,37.00,62.00,1.11,19471136,2026-09-18T05:35:13Z
C_hit,orig,leaf_rand_K10,async_win,128,3,0,0.00,100.00,557.42,225.78,149.25,13.83,62.71,10.00,783.20,571.25,1.64,37.00,62.00,1.11,19472292,2026-09-18T05:35:13Z
C_hit,orig,leaf_rand_K10,async_bulk,128,3,0,0.00,100.00,566.68,231.41,154.06,14.86,62.49,10.00,798.09,581.54,1.63,37.00,62.00,1.11,19471632,2026-09-18T05:35:13Z
C_hit,orig,learned_markov_14,pread,128,3,0,0.00,100.00,175.04,1017.43,148.73,868.70,,,1192.47,1043.74,1.64,36.00,64.00,1.11,19472184,2026-09-18T05:35:14Z
C_hit,orig,learned_markov_14,async,128,3,0,0.00,100.00,406.63,234.83,154.79,80.04,,,641.46,486.67,1.66,37.00,64.00,1.11,19472520,2026-09-18T05:35:14Z
C_hit,orig,learned_markov_14,async_win,128,3,0,0.00,100.00,446.14,262.63,184.73,14.60,63.31,6.00,708.77,460.74,1.64,37.00,64.00,1.11,19475084,2026-09-18T05:35:14Z
C_hit,orig,learned_markov_14,async_bulk,128,3,0,0.00,100.00,512.76,260.88,184.28,14.41,62.20,6.00,773.64,527.17,1.64,37.00,64.00,1.11,19475260,2026-09-18T05:35:14Z
C_hit,orig,learned_markov_28,pread,128,3,0,0.00,100.00,177.75,1059.99,155.60,904.39,,,1237.74,1082.14,1.66,35.00,64.00,1.11,19461916,2026-09-18T05:35:15Z
C_hit,orig,learned_markov_28,async,128,3,0,0.00,100.00,177.19,240.94,145.09,95.85,,,418.13,273.04,1.64,36.00,64.00,1.11,19463672,2026-09-18T05:35:15Z
C_hit,orig,learned_markov_28,async_win,128,3,0,0.00,100.00,179.16,237.49,152.19,22.88,62.42,8.00,416.65,202.04,1.64,36.00,64.00,1.11,19465112,2026-09-18T05:35:15Z
C_hit,orig,learned_markov_28,async_bulk,128,3,0,0.00,100.00,177.00,280.14,194.33,23.04,62.77,8.00,457.14,200.04,1.64,36.00,64.00,1.11,19465436,2026-09-18T05:35:16Z
A,orig,baseline,baseline,128,4,0,0.00,0.00,834.82,0.00,0.00,0.00,,,834.82,834.82,2.09,182.00,264.00,1.11,19465624,2026-09-18T05:35:16Z
B,orig,baseline,baseline,128,4,0,0.00,0.00,932.99,0.00,0.00,0.00,,,932.99,932.99,2.14,195.00,262.00,1.11,19468436,2026-09-18T05:35:16Z
C,orig,baseline,baseline,128,4,0,0.00,0.00,919.91,0.00,0.00,0.00,,,919.91,919.91,1.56,18.00,35.00,1.11,19470432,2026-09-18T05:35:16Z
C_hit,orig,baseline,baseline,128,4,0,0.00,0.00,585.76,0.00,0.00,0.00,,,585.76,585.76,1.66,37.00,62.00,1.11,19470692,2026-09-18T05:35:17Z
A,orig,layers_5,pread,128,4,0,0.00,100.00,818.15,687.94,237.71,450.24,,,1506.09,1268.39,2.06,184.00,262.00,1.11,19468996,2026-09-18T05:35:17Z
A,orig,layers_5,async,128,4,0,0.00,100.00,973.45,298.12,229.01,69.11,,,1271.57,1042.56,2.13,184.00,262.00,1.11,19472740,2026-09-18T05:35:17Z
A,orig,layers_5,async_win,128,4,0,0.00,100.00,904.83,295.79,226.84,7.68,61.27,2.00,1200.62,912.51,2.09,184.00,262.00,1.10,19473036,2026-09-18T05:35:18Z
A,orig,layers_5,async_bulk,128,4,0,0.00,100.00,912.00,296.71,227.50,8.26,60.95,2.00,1208.71,920.26,2.11,184.00,262.00,1.10,19473352,2026-09-18T05:35:18Z
A,orig,layers_92,pread,128,4,0,0.00,100.00,569.82,8313.57,228.11,8085.46,,,8883.39,8655.28,2.11,181.00,271.00,1.10,19475668,2026-09-18T05:35:18Z
A,orig,layers_92,async,128,4,0,0.00,100.00,564.61,420.01,227.44,192.57,,,984.62,757.18,2.05,181.00,271.00,1.10,19474908,2026-09-18T05:35:19Z
A,orig,layers_92,async_win,128,4,0,0.00,100.00,568.88,408.17,226.63,116.77,64.77,87.00,977.05,685.65,2.08,181.00,271.00,1.10,19472876,2026-09-18T05:35:19Z
A,orig,layers_92,async_bulk,128,4,0,0.00,100.00,569.74,411.90,227.19,119.04,65.67,87.00,981.64,688.78,2.11,181.00,271.00,1.10,19475228,2026-09-18T05:35:19Z
A,orig,2d,pread,128,4,0,0.00,100.00,502.86,1920.78,225.97,1694.81,,,2423.64,2197.67,2.09,181.00,271.00,1.10,19475096,2026-09-18T05:35:20Z
A,orig,2d,async,128,4,0,0.00,100.00,571.62,309.75,224.78,84.97,,,881.37,656.59,2.11,181.00,271.00,1.10,19473696,2026-09-18T05:35:20Z
A,orig,2d,async_win,128,4,0,0.00,100.00,565.08,312.43,227.03,22.50,62.90,13.00,877.51,587.58,2.12,181.00,271.00,1.10,19471652,2026-09-18T05:35:20Z
A,orig,2d,async_bulk,128,4,0,0.00,100.00,568.38,310.86,224.69,21.49,64.68,13.00,879.24,589.87,2.06,181.00,271.00,1.10,19472208,2026-09-18T05:35:20Z
A,orig,2e_K10,pread,128,4,0,0.00,100.00,176.89,2772.61,229.86,2542.75,,,2949.50,2719.64,2.11,181.00,287.00,1.10,19472796,2026-09-18T05:35:21Z
A,orig,2e_K10,async,128,4,0,0.00,100.00,178.32,320.58,224.05,96.53,,,498.90,274.85,2.08,181.00,287.00,1.10,19473164,2026-09-18T05:35:21Z
A,orig,2e_K10,async_win,128,4,0,0.00,100.00,180.16,322.26,226.95,32.35,62.96,23.00,502.42,212.51,2.11,181.00,287.00,1.10,19473252,2026-09-18T05:35:21Z
A,orig,2e_K10,async_bulk,128,4,0,0.00,100.00,178.60,321.16,226.01,32.61,62.54,23.00,499.76,211.21,2.11,181.00,287.00,1.10,19473136,2026-09-18T05:35:22Z
A,orig,2e_K500,pread,128,4,0,0.00,100.00,182.58,21915.82,224.27,21691.55,,,22098.40,21874.13,2.03,170.00,442.00,1.10,19474868,2026-09-18T05:35:22Z
A,orig,2e_K500,async,128,4,0,0.00,100.00,185.18,1050.03,225.06,824.97,,,1235.21,1010.15,2.11,189.00,384.00,1.10,19474220,2026-09-18T05:35:22Z
A,orig,2e_K500,async_win,128,4,0,0.00,100.00,182.01,990.68,227.38,672.82,90.49,467.00,1172.69,854.83,2.09,189.00,383.00,1.09,19474184,2026-09-18T05:35:23Z
A,orig,2e_K500,async_bulk,128,4,0,0.00,100.00,182.99,1002.76,227.39,685.40,89.97,467.00,1185.75,868.39,2.09,189.00,383.00,1.09,19475244,2026-09-18T05:35:23Z
A,orig,2f_top14,pread,128,4,0,0.00,100.00,571.21,1469.65,228.21,1241.44,,,2040.86,1812.65,2.12,183.00,277.00,1.09,19475820,2026-09-18T05:35:23Z
A,orig,2f_top14,async,128,4,0,0.00,100.00,566.64,311.35,231.09,80.25,,,877.99,646.89,2.10,183.00,277.00,1.09,19476152,2026-09-18T05:35:24Z
A,orig,2f_top14,async_win,128,4,0,0.00,100.00,579.16,308.84,228.48,18.41,61.96,13.00,888.00,597.57,2.14,183.00,277.00,1.09,19476952,2026-09-18T05:35:24Z
A,orig,2f_top14,async_bulk,128,4,0,0.00,100.00,571.51,307.74,227.67,18.73,61.34,13.00,879.25,590.24,2.10,183.00,277.00,1.09,19477436,2026-09-18T05:35:24Z
A,orig,2f_top28,pread,128,4,0,0.00,100.00,180.80,2687.84,231.41,2456.43,,,2868.64,2637.23,2.13,182.00,289.00,1.09,19478388,2026-09-18T05:35:25Z
A,orig,2f_top28,async,128,4,0,0.00,100.00,182.17,327.00,226.77,100.24,,,509.17,282.41,2.12,182.00,288.00,1.09,19477568,2026-09-18T05:35:25Z
A,orig,2f_top28,async_win,128,4,0,0.00,100.00,183.24,324.13,226.27,34.99,62.88,27.00,507.37,218.23,2.14,182.00,288.00,1.09,19488676,2026-09-18T05:35:25Z
A,orig,2f_top28,async_bulk,128,4,0,0.00,100.00,182.44,324.84,226.22,36.47,62.16,27.00,507.28,218.91,2.10,182.00,288.00,1.09,19489384,2026-09-18T05:35:26Z
A,orig,2f_top100,pread,128,4,0,0.00,100.00,184.95,9073.40,225.91,8847.48,,,9258.35,9032.43,2.15,185.00,318.00,1.09,19489080,2026-09-18T05:35:26Z
A,orig,2f_top100,async,128,4,0,0.00,100.00,181.77,423.34,227.97,195.37,,,605.11,377.14,2.15,185.00,319.00,1.09,19489852,2026-09-18T05:35:26Z
A,orig,2f_top100,async_win,128,4,0,0.00,100.00,181.08,412.93,227.07,119.50,66.36,98.00,594.01,300.58,2.13,185.00,319.00,1.09,19491316,2026-09-18T05:35:26Z
A,orig,2f_top100,async_bulk,128,4,0,0.00,100.00,181.19,415.10,229.32,119.55,66.23,98.00,596.29,300.74,2.13,185.00,316.00,1.09,19491484,2026-09-18T05:35:27Z
A,orig,2f_top500,pread,128,4,0,0.00,100.00,183.60,21974.51,227.40,21747.12,,,22158.11,21930.72,2.05,170.00,442.00,1.09,19491264,2026-09-18T05:35:27Z
A,orig,2f_top500,async,128,4,0,0.00,100.00,190.98,1027.23,224.31,802.92,,,1218.21,993.90,2.10,189.00,386.00,1.09,19490960,2026-09-18T05:35:27Z
A,orig,2f_top500,async_win,128,4,0,0.00,100.00,182.09,975.75,227.57,657.85,90.34,455.00,1157.84,839.94,2.10,189.00,385.00,1.09,19492252,2026-09-18T05:35:28Z
A,orig,2f_top500,async_bulk,128,4,0,0.00,100.00,183.81,980.73,227.41,662.40,90.92,455.00,1164.54,846.21,2.09,189.00,387.00,1.09,19492424,2026-09-18T05:35:28Z
A,orig,2f_slru,pread,128,4,0,0.00,100.00,91.32,18617.28,224.92,18392.36,,,18708.60,18483.68,1.51,0.00,278.00,1.09,19493412,2026-09-18T05:35:28Z
A,orig,2f_slru,async,128,4,0,0.00,100.00,97.93,7412.30,225.14,7187.15,,,7510.23,7285.08,1.54,0.00,278.00,1.09,19491296,2026-09-18T05:35:29Z
A,orig,2f_slru,async_win,128,4,0,0.00,79.50,98.72,2505.78,226.62,1883.11,396.06,138.00,2604.50,1981.83,1.56,0.00,278.00,1.09,19493652,2026-09-18T05:35:29Z
A,orig,2f_slru,async_bulk,128,4,0,0.00,1.50,882.93,694.26,227.70,80.52,386.05,2.00,1577.19,963.45,2.11,181.00,261.00,1.09,19496236,2026-09-18T05:35:29Z
A,orig,leaf_freq_K10,pread,128,4,0,0.00,100.00,524.12,1149.50,226.49,923.01,,,1673.62,1447.13,2.06,182.00,280.00,1.09,19497480,2026-09-18T05:35:30Z
A,orig,leaf_freq_K10,async,128,4,0,0.00,100.00,588.84,298.71,224.33,74.38,,,887.55,663.22,2.10,182.00,280.00,1.09,19496920,2026-09-18T05:35:30Z
A,orig,leaf_freq_K10,async_win,128,4,0,0.00,100.00,535.10,299.80,222.24,15.39,62.18,10.00,834.90,550.49,2.10,182.00,280.00,1.09,19497156,2026-09-18T05:35:30Z
A,orig,leaf_freq_K10,async_bulk,128,4,0,0.00,100.00,529.52,307.47,231.56,14.18,61.74,10.00,836.99,543.70,2.14,182.00,280.00,1.09,19464020,2026-09-18T05:35:30Z
A,orig,leaf_rand_K10,pread,128,4,0,0.00,100.00,953.69,1115.12,226.58,888.54,,,2068.81,1842.23,2.09,182.00,264.00,1.09,19465088,2026-09-18T05:35:31Z
A,orig,leaf_rand_K10,async,128,4,0,0.00,100.00,923.16,301.84,227.22,74.62,,,1225.00,997.78,2.15,182.00,264.00,1.09,19465084,2026-09-18T05:35:31Z
A,orig,leaf_rand_K10,async_win,128,4,0,0.00,100.00,994.13,303.92,227.64,14.23,62.06,10.00,1298.05,1008.36,2.11,182.00,264.00,1.09,19466968,2026-09-18T05:35:31Z
A,orig,leaf_rand_K10,async_bulk,128,4,0,0.00,100.00,949.81,303.76,225.53,15.84,62.39,10.00,1253.57,965.65,2.07,182.00,264.00,1.09,19467384,2026-09-18T05:35:32Z
A,orig,learned_markov_14,pread,128,4,0,0.00,100.00,568.98,1476.95,225.34,1251.60,,,2045.93,1820.58,2.08,181.00,272.00,1.09,19467736,2026-09-18T05:35:32Z
A,orig,learned_markov_14,async,128,4,0,0.00,100.00,566.17,309.30,228.57,80.73,,,875.47,646.90,2.11,181.00,272.00,1.09,19468120,2026-09-18T05:35:32Z
A,orig,learned_markov_14,async_win,128,4,0,0.00,100.00,569.57,311.21,227.97,22.02,61.23,13.00,880.78,591.59,2.11,181.00,272.00,1.08,19468508,2026-09-18T05:35:33Z
A,orig,learned_markov_14,async_bulk,128,4,0,0.00,100.00,569.45,309.51,227.40,19.98,62.14,13.00,878.96,589.43,2.09,181.00,272.00,1.08,19468904,2026-09-18T05:35:33Z
A,orig,learned_markov_28,pread,128,4,0,0.00,100.00,570.28,2651.74,225.93,2425.81,,,3222.02,2996.09,2.09,181.00,273.00,1.08,19471172,2026-09-18T05:35:33Z
A,orig,learned_markov_28,async,128,4,0,0.00,100.00,564.94,324.75,227.82,96.93,,,889.69,661.87,2.10,181.00,272.00,1.08,19471348,2026-09-18T05:35:34Z
A,orig,learned_markov_28,async_win,128,4,0,0.00,100.00,567.29,321.81,224.73,34.24,62.83,26.00,889.10,601.53,2.08,181.00,272.00,1.08,19467308,2026-09-18T05:35:34Z
A,orig,learned_markov_28,async_bulk,128,4,0,0.00,100.00,566.30,325.66,227.10,36.17,62.40,26.00,891.96,602.47,2.11,181.00,272.00,1.08,19466052,2026-09-18T05:35:34Z
B,orig,layers_5,pread,128,4,0,0.00,100.00,903.31,672.91,228.66,444.25,,,1576.22,1347.56,2.17,196.00,263.00,1.08,19466912,2026-09-18T05:35:35Z
B,orig,layers_5,async,128,4,0,0.00,100.00,877.00,299.84,228.21,71.64,,,1176.84,948.64,2.19,197.00,262.00,1.08,19467512,2026-09-18T05:35:35Z
B,orig,layers_5,async_win,128,4,0,0.00,100.00,917.05,298.17,229.26,7.87,61.04,2.00,1215.22,924.92,2.24,197.00,262.00,1.08,19468116,2026-09-18T05:35:35Z
B,orig,layers_5,async_bulk,128,4,0,0.00,100.00,973.35,298.39,228.89,7.30,62.20,2.00,1271.74,980.65,2.22,197.00,262.00,1.08,19467040,2026-09-18T05:35:36Z
B,orig,layers_92,pread,128,4,0,0.00,100.00,546.30,8142.23,230.63,7911.59,,,8688.53,8457.89,2.24,195.00,273.00,1.08,19459384,2026-09-18T05:35:36Z
B,orig,layers_92,async,128,4,0,0.00,100.00,478.52,421.63,229.29,192.34,,,900.15,670.86,2.20,197.00,269.00,1.08,19461520,2026-09-18T05:35:36Z
B,orig,layers_92,async_win,128,4,0,0.00,100.00,571.24,398.55,226.80,104.95,66.81,87.00,969.79,676.19,2.20,197.00,269.00,1.08,19462392,2026-09-18T05:35:37Z
B,orig,layers_92,async_bulk,128,4,0,0.00,100.00,499.35,399.05,225.15,108.28,65.61,87.00,898.40,607.63,2.15,197.00,268.00,1.08,19462652,2026-09-18T05:35:37Z
B,orig,2d,pread,128,4,0,0.00,100.00,501.54,1925.09,226.40,1698.69,,,2426.63,2200.23,2.18,195.00,273.00,1.08,19462916,2026-09-18T05:35:37Z
B,orig,2d,async,128,4,0,0.00,100.00,537.00,313.98,227.43,86.55,,,850.98,623.55,2.19,197.00,269.00,1.07,19462728,2026-09-18T05:35:37Z
B,orig,2d,async_win,128,4,0,0.00,100.00,473.33,309.44,226.87,20.72,61.86,13.00,782.77,494.05,2.21,197.00,269.00,1.07,19463404,2026-09-18T05:35:38Z
B,orig,2d,async_bulk,128,4,0,0.00,100.00,541.90,315.06,231.01,21.21,62.84,13.00,856.96,563.11,2.23,197.00,269.00,1.07,19462684,2026-09-18T05:35:38Z
B,orig,2e_K10,pread,128,4,0,0.00,100.00,524.53,2753.75,224.46,2529.28,,,3278.28,3053.81,2.15,195.00,273.00,1.07,19465488,2026-09-18T05:35:38Z
B,orig,2e_K10,async,128,4,0,0.00,100.00,474.12,329.65,227.00,102.65,,,803.77,576.77,2.25,197.00,269.00,1.07,19465752,2026-09-18T05:35:39Z
B,orig,2e_K10,async_win,128,4,0,0.00,100.00,535.33,323.39,226.32,33.68,63.39,23.00,858.72,569.01,2.20,197.00,269.00,1.07,19465848,2026-09-18T05:35:39Z
B,orig,2e_K10,async_bulk,128,4,0,0.00,100.00,541.67,321.45,225.94,33.20,62.31,23.00,863.12,574.87,2.19,197.00,269.00,1.07,19467548,2026-09-18T05:35:39Z
B,orig,2e_K500,pread,128,4,0,0.00,100.00,503.86,19429.33,226.34,19202.99,,,19933.19,19706.85,1.96,122.00,348.00,1.07,19467988,2026-09-18T05:35:40Z
B,orig,2e_K500,async,128,4,0,0.00,100.00,534.92,1105.99,228.16,877.83,,,1640.91,1412.75,2.17,190.00,336.00,1.07,19468684,2026-09-18T05:35:40Z
B,orig,2e_K500,async_win,128,4,0,0.00,100.00,529.00,1019.88,230.05,698.53,91.29,461.00,1548.88,1227.53,2.18,190.00,337.00,1.07,19469980,2026-09-18T05:35:40Z
B,orig,2e_K500,async_bulk,128,4,0,0.00,100.00,492.13,1002.49,228.16,681.70,92.62,461.00,1494.62,1173.83,2.14,190.00,334.00,1.07,19470836,2026-09-18T05:35:41Z
B,orig,2f_top14,pread,128,4,0,0.00,100.00,571.15,1506.27,226.07,1280.20,,,2077.42,1851.35,2.20,197.00,268.00,1.07,19468728,2026-09-18T05:35:41Z
B,orig,2f_top14,async,128,4,0,0.00,100.00,545.46,312.81,231.13,81.67,,,858.27,627.13,2.21,197.00,268.00,1.07,19469348,2026-09-18T05:35:41Z
B,orig,2f_top14,async_win,128,4,0,0.00,100.00,499.15,309.75,227.78,20.23,61.75,13.00,808.90,519.38,2.16,197.00,268.00,1.07,19470024,2026-09-18T05:35:42Z
B,orig,2f_top14,async_bulk,128,4,0,0.00,100.00,503.63,309.35,226.68,20.32,62.36,13.00,812.98,523.95,2.20,197.00,268.00,1.07,19473496,2026-09-18T05:35:42Z
B,orig,2f_top28,pread,128,4,0,0.00,100.00,506.64,2553.10,227.68,2325.42,,,3059.74,2832.06,2.17,197.00,268.00,1.07,19473264,2026-09-18T05:35:42Z
B,orig,2f_top28,async,128,4,0,0.00,100.00,471.25,328.70,231.28,97.42,,,799.95,568.67,2.19,197.00,268.00,1.07,19473528,2026-09-18T05:35:43Z
B,orig,2f_top28,async_win,128,4,0,0.00,100.00,542.11,332.91,232.80,36.42,63.69,27.00,875.02,578.53,2.21,197.00,268.00,1.07,19474284,2026-09-18T05:35:43Z
B,orig,2f_top28,async_bulk,128,4,0,0.00,100.00,539.90,328.08,228.59,35.53,63.96,27.00,867.98,575.43,2.21,197.00,268.00,1.07,19475060,2026-09-18T05:35:43Z
B,orig,2f_top100,pread,128,4,0,0.00,100.00,504.00,8651.59,196.04,8455.55,,,9155.59,8959.55,2.17,194.00,293.00,1.07,19475304,2026-09-18T05:35:44Z
B,orig,2f_top100,async,128,4,0,0.00,100.00,532.18,400.63,200.80,199.84,,,932.81,732.02,2.18,196.00,286.00,1.07,19475732,2026-09-18T05:35:44Z
B,orig,2f_top100,async_win,128,4,0,0.00,100.00,546.88,387.82,201.05,119.88,66.89,98.00,934.70,666.76,2.19,196.00,287.00,1.07,19475572,2026-09-18T05:35:44Z
B,orig,2f_top100,async_bulk,128,4,0,0.00,100.00,502.79,384.36,198.79,119.36,66.20,98.00,887.15,622.15,2.20,196.00,287.00,1.07,19476296,2026-09-18T05:35:45Z
B,orig,2f_top500,pread,128,4,0,0.00,100.00,559.32,19517.71,197.89,19319.81,,,20077.03,19879.13,1.96,122.00,353.00,1.07,19476220,2026-09-18T05:35:45Z
B,orig,2f_top500,async,128,4,0,0.00,17.60,1341.09,909.07,198.36,710.71,,,2250.16,2051.80,2.17,190.00,341.00,1.07,19476972,2026-09-18T05:35:45Z
B,orig,2f_top500,async_win,128,4,0,0.00,100.00,497.56,1582.52,712.04,735.76,134.71,450.00,2080.08,1233.32,2.14,190.00,341.00,1.07,19495336,2026-09-18T05:35:46Z
B,orig,2f_top500,async_bulk,128,4,0,0.00,100.00,495.32,996.90,199.21,668.77,128.93,450.00,1492.22,1164.09,2.15,190.00,340.00,1.07,19495960,2026-09-18T05:35:46Z
B,orig,2f_slru,pread,128,4,0,0.00,100.00,97.43,18103.02,200.36,17902.66,,,18200.45,18000.09,1.57,0.00,278.00,1.07,19497240,2026-09-18T05:35:46Z
B,orig,2f_slru,async,128,4,0,0.00,100.00,98.55,7386.15,201.79,7184.36,,,7484.70,7282.91,1.61,0.00,278.00,1.07,19484976,2026-09-18T05:35:46Z
B,orig,2f_slru,async_win,128,4,0,0.00,96.40,100.33,2735.48,199.06,2129.65,406.76,138.00,2835.81,2229.98,1.63,0.00,278.00,1.07,19485804,2026-09-18T05:35:47Z
B,orig,2f_slru,async_bulk,128,4,0,0.00,1.50,883.41,678.04,197.23,79.38,401.44,2.00,1561.45,962.79,2.20,194.00,260.00,1.07,19488060,2026-09-18T05:35:47Z
B,orig,leaf_freq_K10,pread,128,4,0,0.00,100.00,919.84,1096.30,200.17,896.13,,,2016.14,1815.97,2.19,195.00,262.00,1.07,19488348,2026-09-18T05:35:47Z
B,orig,leaf_freq_K10,async,128,4,0,0.00,100.00,913.55,275.38,199.38,75.99,,,1188.93,989.54,2.16,195.00,262.00,1.06,19489244,2026-09-18T05:35:48Z
B,orig,leaf_freq_K10,async_win,128,4,0,0.00,100.00,988.17,276.57,199.76,14.97,61.84,10.00,1264.74,1003.14,2.22,195.00,262.00,1.06,19489328,2026-09-18T05:35:48Z
B,orig,leaf_freq_K10,async_bulk,128,4,0,0.00,100.00,957.60,274.20,198.02,15.48,60.69,10.00,1231.80,973.08,2.22,195.00,262.00,1.06,19489520,2026-09-18T05:35:48Z
B,orig,leaf_rand_K10,pread,128,4,0,0.00,100.00,910.32,1088.99,196.10,892.89,,,1999.31,1803.21,2.15,195.00,262.00,1.06,19490128,2026-09-18T05:35:49Z
B,orig,leaf_rand_K10,async,128,4,0,0.00,100.00,916.62,275.24,199.25,75.99,,,1191.86,992.61,2.17,195.00,262.00,1.06,19490616,2026-09-18T05:35:49Z
B,orig,leaf_rand_K10,async_win,128,4,0,0.00,100.00,912.41,267.11,191.03,15.05,61.03,10.00,1179.52,927.46,2.19,195.00,262.00,1.06,19491140,2026-09-18T05:35:49Z
B,orig,leaf_rand_K10,async_bulk,128,4,0,0.00,100.00,973.21,275.07,198.57,14.84,61.66,10.00,1248.28,988.05,2.18,195.00,262.00,1.06,19491908,2026-09-18T05:35:50Z
B,orig,learned_markov_14,pread,128,4,0,0.00,100.00,538.70,1475.15,196.40,1278.75,,,2013.85,1817.45,2.20,197.00,268.00,1.06,19491984,2026-09-18T05:35:50Z
B,orig,learned_markov_14,async,128,4,0,0.00,100.00,547.61,279.14,198.73,80.41,,,826.75,628.02,2.20,197.00,268.00,1.06,19491664,2026-09-18T05:35:50Z
B,orig,learned_markov_14,async_win,128,4,0,0.00,100.00,499.41,277.69,197.08,19.17,61.45,13.00,777.10,518.58,2.16,197.00,268.00,1.06,19486608,2026-09-18T05:35:51Z
B,orig,learned_markov_14,async_bulk,128,4,0,0.00,100.00,500.13,277.90,196.01,20.35,61.55,13.00,778.03,520.48,2.17,197.00,268.00,1.06,19479892,2026-09-18T05:35:51Z
B,orig,learned_markov_28,pread,128,4,0,0.00,100.00,476.06,2595.62,200.41,2395.21,,,3071.68,2871.27,2.19,197.00,270.00,1.06,19480324,2026-09-18T05:35:51Z
B,orig,learned_markov_28,async,128,4,0,0.00,100.00,581.25,296.99,199.78,97.21,,,878.24,678.46,2.24,197.00,270.00,1.06,19478836,2026-09-18T05:35:52Z
B,orig,learned_markov_28,async_win,128,4,0,0.00,100.00,476.37,305.67,197.16,46.53,61.98,27.00,782.04,522.90,2.14,197.00,270.00,1.06,19479064,2026-09-18T05:35:52Z
B,orig,learned_markov_28,async_bulk,128,4,0,0.00,100.00,443.34,296.72,197.28,39.99,59.44,27.00,740.06,483.33,2.19,197.00,270.00,1.06,19476968,2026-09-18T05:35:52Z
C,orig,layers_5,pread,128,4,0,0.00,100.00,964.68,635.47,194.22,441.25,,,1600.15,1405.93,1.59,18.00,35.00,1.06,19466624,2026-09-18T05:35:52Z
C,orig,layers_5,async,128,4,0,0.00,100.00,832.99,265.29,196.65,68.64,,,1098.28,901.63,1.56,18.00,35.00,1.06,19466924,2026-09-18T05:35:53Z
C,orig,layers_5,async_win,128,4,0,0.00,100.00,890.52,264.96,197.37,7.54,60.05,2.00,1155.48,898.06,1.59,18.00,35.00,1.06,19467852,2026-09-18T05:35:53Z
C,orig,layers_5,async_bulk,128,4,0,0.00,100.00,931.51,267.62,198.37,8.04,61.20,2.00,1199.13,939.55,1.56,18.00,35.00,1.06,19468640,2026-09-18T05:35:53Z
C,orig,layers_92,pread,128,4,0,0.00,100.00,562.07,8071.27,199.90,7871.37,,,8633.34,8433.44,1.57,18.00,38.00,1.06,19469908,2026-09-18T05:35:54Z
C,orig,layers_92,async,128,4,0,0.00,100.00,547.85,393.51,196.45,197.06,,,941.36,744.91,1.56,18.00,38.00,1.06,19470452,2026-09-18T05:35:54Z
C,orig,layers_92,async_win,128,4,0,0.00,100.00,549.67,376.56,198.02,112.59,65.94,87.00,926.23,662.26,1.57,18.00,38.00,1.06,19471040,2026-09-18T05:35:54Z
C,orig,layers_92,async_bulk,128,4,0,0.00,100.00,551.76,376.90,200.96,110.15,65.79,87.00,928.66,661.91,1.58,18.00,38.00,1.06,19472660,2026-09-18T05:35:54Z
C,orig,2d,pread,128,4,0,0.00,100.00,546.46,556.69,198.46,358.22,,,1103.15,904.68,1.57,18.00,38.00,1.06,19473796,2026-09-18T05:35:55Z
C,orig,2d,async,128,4,0,0.00,100.00,520.98,265.59,198.05,67.54,,,786.57,588.52,1.55,18.00,38.00,1.06,19473604,2026-09-18T05:35:55Z
C,orig,2d,async_win,128,4,0,0.00,100.00,582.04,269.31,200.36,7.33,61.62,2.00,851.35,589.37,1.57,18.00,38.00,1.06,19472944,2026-09-18T05:35:55Z
C,orig,2d,async_bulk,128,4,0,0.00,100.00,582.27,260.45,191.27,10.25,58.93,2.00,842.72,592.52,1.57,18.00,38.00,1.06,19473964,2026-09-18T05:35:55Z
C,orig,2e_K10,pread,128,4,0,0.00,100.00,565.12,1408.36,198.48,1209.88,,,1973.48,1775.00,1.56,17.00,41.00,1.06,19475344,2026-09-18T05:35:56Z
C,orig,2e_K10,async,128,4,0,0.00,100.00,584.82,281.08,199.59,81.48,,,865.90,666.30,1.58,18.00,40.00,1.06,19473984,2026-09-18T05:35:56Z
C,orig,2e_K10,async_win,128,4,0,0.00,100.00,584.21,276.42,198.14,16.59,61.69,8.00,860.63,600.80,1.56,18.00,40.00,1.06,19474984,2026-09-18T05:35:56Z
C,orig,2e_K10,async_bulk,128,4,0,0.00,100.00,575.50,275.59,196.74,17.47,61.38,8.00,851.09,592.97,1.57,18.00,40.00,1.06,19474668,2026-09-18T05:35:56Z
C,orig,2e_K500,pread,128,4,0,0.00,100.00,179.58,2474.52,199.05,2275.47,,,2654.10,2455.05,1.49,0.00,37.00,1.06,19475632,2026-09-18T05:35:57Z
C,orig,2e_K500,async,128,4,0,0.00,68.30,181.59,650.03,197.01,453.02,,,831.62,634.61,1.50,0.00,37.00,1.06,19475152,2026-09-18T05:35:57Z
C,orig,2e_K500,async_win,128,4,0,0.00,97.60,180.40,497.19,197.82,217.41,81.96,90.00,677.59,397.81,1.51,0.00,37.00,1.06,19475196,2026-09-18T05:35:57Z
C,orig,2e_K500,async_bulk,128,4,0,0.00,42.30,181.32,501.51,198.13,220.91,82.47,90.00,682.83,402.23,1.51,0.00,37.00,1.05,19476244,2026-09-18T05:35:57Z
C,orig,2f_top14,pread,128,4,0,0.00,100.00,190.29,1298.34,197.14,1101.20,,,1488.63,1291.49,1.57,16.00,41.00,1.05,19472036,2026-09-18T05:35:58Z
C,orig,2f_top14,async,128,4,0,0.00,100.00,433.28,278.94,195.06,83.89,,,712.22,517.17,1.56,17.00,40.00,1.05,19472288,2026-09-18T05:35:58Z
C,orig,2f_top14,async_win,128,4,0,0.00,100.00,582.01,271.44,195.63,15.37,60.44,9.00,853.45,597.38,1.56,17.00,40.00,1.05,19473424,2026-09-18T05:35:58Z
C,orig,2f_top14,async_bulk,128,4,0,0.00,100.00,579.29,276.65,197.60,16.21,62.84,9.00,855.94,595.50,1.56,17.00,40.00,1.05,19473936,2026-09-18T05:35:58Z
C,orig,2f_top28,pread,128,4,0,0.00,100.00,175.47,1227.17,192.24,1034.92,,,1402.64,1210.39,1.53,15.00,40.00,1.05,19474788,2026-09-18T05:35:59Z
C,orig,2f_top28,async,128,4,0,0.00,100.00,178.77,290.29,197.59,92.69,,,469.06,271.46,1.56,17.00,40.00,1.05,19474940,2026-09-18T05:35:59Z
C,orig,2f_top28,async_win,128,4,0,0.00,100.00,177.61,284.26,193.91,28.05,62.30,13.00,461.87,205.66,1.55,17.00,40.00,1.05,19477340,2026-09-18T05:35:59Z
C,orig,2f_top28,async_bulk,128,4,0,0.00,100.00,179.75,287.40,198.96,26.37,62.07,13.00,467.15,206.12,1.56,17.00,40.00,1.05,19477900,2026-09-18T05:36:00Z
C,orig,2f_top100,pread,128,4,0,0.00,100.00,177.42,1391.05,195.51,1195.54,,,1568.47,1372.96,1.53,10.00,39.00,1.05,19477968,2026-09-18T05:36:00Z
C,orig,2f_top100,async,128,4,0,0.00,100.00,178.01,376.60,192.90,183.69,,,554.61,361.70,1.54,13.00,38.00,1.05,19477232,2026-09-18T05:36:00Z
C,orig,2f_top100,async_win,128,4,0,0.00,80.00,176.98,327.82,189.54,72.22,66.06,32.00,504.80,249.20,1.54,13.00,38.00,1.05,19479508,2026-09-18T05:36:00Z
C,orig,2f_top100,async_bulk,128,4,0,0.00,100.00,176.10,333.08,195.65,71.53,65.90,32.00,509.18,247.63,1.55,13.00,38.00,1.05,19479436,2026-09-18T05:36:01Z
C,orig,2f_top500,pread,128,4,0,0.00,100.00,91.04,2849.19,195.14,2654.05,,,2940.23,2745.09,1.50,0.00,37.00,1.05,19479508,2026-09-18T05:36:01Z
C,orig,2f_top500,async,128,4,0,0.00,100.00,94.57,916.87,195.66,721.22,,,1011.44,815.79,1.50,0.00,37.00,1.05,19480504,2026-09-18T05:36:01Z
C,orig,2f_top500,async_win,128,4,0,0.00,100.00,92.66,504.73,197.09,218.47,89.17,15.00,597.39,311.13,1.51,0.00,37.00,1.05,19483088,2026-09-18T05:36:01Z
C,orig,2f_top500,async_bulk,128,4,0,0.00,13.60,716.30,320.36,193.04,38.77,88.55,2.00,1036.66,755.07,1.56,17.00,36.00,1.05,19482912,2026-09-18T05:36:02Z
C,orig,2f_slru,pread,128,4,0,0.00,100.00,91.45,2803.51,198.12,2605.39,,,2894.96,2696.84,1.50,0.00,37.00,1.05,19483124,2026-09-18T05:36:02Z
C,orig,2f_slru,async,128,4,0,0.00,100.00,93.52,993.15,194.43,798.72,,,1086.67,892.24,1.51,0.00,37.00,1.05,19482928,2026-09-18T05:36:02Z
C,orig,2f_slru,async_win,128,4,0,0.00,100.00,89.39,548.21,195.63,224.51,128.07,15.00,637.60,313.90,1.54,0.00,37.00,1.05,19484452,2026-09-18T05:36:02Z
C,orig,2f_slru,async_bulk,128,4,0,0.00,13.60,776.35,363.32,196.53,38.53,128.26,2.00,1139.67,814.88,1.55,17.00,36.00,1.05,19484348,2026-09-18T05:36:03Z
C,orig,leaf_freq_K10,pread,128,4,0,0.00,100.00,1057.12,898.14,195.24,702.90,,,1955.26,1760.02,1.57,17.00,38.00,1.05,19471628,2026-09-18T05:36:03Z
C,orig,leaf_freq_K10,async,128,4,0,0.00,100.00,983.13,274.70,198.44,76.25,,,1257.83,1059.38,1.57,18.00,37.00,1.05,19485120,2026-09-18T05:36:03Z
C,orig,leaf_freq_K10,async_win,128,4,0,0.00,100.00,977.22,271.24,198.50,12.02,60.71,6.00,1248.46,989.24,1.56,18.00,37.00,1.05,19485376,2026-09-18T05:36:03Z
C,orig,leaf_freq_K10,async_bulk,128,4,0,0.00,100.00,914.20,269.77,195.49,12.20,62.08,6.00,1183.97,926.40,1.58,18.00,37.00,1.05,19486332,2026-09-18T05:36:04Z
C,orig,leaf_rand_K10,pread,128,4,0,0.00,100.00,904.45,1089.94,197.57,892.37,,,1994.39,1796.82,1.58,18.00,35.00,1.05,19485944,2026-09-18T05:36:04Z
C,orig,leaf_rand_K10,async,128,4,0,0.00,100.00,975.05,270.73,195.25,75.48,,,1245.78,1050.53,1.58,18.00,35.00,1.05,19485160,2026-09-18T05:36:04Z
C,orig,leaf_rand_K10,async_win,128,4,0,0.00,100.00,967.82,270.20,194.36,14.84,61.00,10.00,1238.02,982.66,1.56,18.00,35.00,1.05,19485568,2026-09-18T05:36:04Z
C,orig,leaf_rand_K10,async_bulk,128,4,0,0.00,100.00,902.19,271.46,196.00,14.69,60.77,10.00,1173.65,916.88,1.56,18.00,35.00,1.05,19486156,2026-09-18T05:36:05Z
C,orig,learned_markov_14,pread,128,4,0,0.00,100.00,190.55,1298.44,196.10,1102.34,,,1488.99,1292.89,1.55,16.00,41.00,1.05,19485856,2026-09-18T05:36:05Z
C,orig,learned_markov_14,async,128,4,0,0.00,100.00,586.84,281.08,200.89,80.19,,,867.92,667.03,1.55,17.00,40.00,1.05,19486908,2026-09-18T05:36:05Z
C,orig,learned_markov_14,async_win,128,4,0,0.00,100.00,591.79,279.14,201.54,15.76,61.85,9.00,870.93,607.55,1.56,17.00,40.00,1.05,19486864,2026-09-18T05:36:05Z
C,orig,learned_markov_14,async_bulk,128,4,0,0.00,100.00,550.94,273.77,196.97,16.14,60.66,9.00,824.71,567.08,1.56,17.00,40.00,1.05,19487928,2026-09-18T05:36:06Z
C,orig,learned_markov_28,pread,128,4,0,0.00,100.00,178.25,1309.49,196.52,1112.97,,,1487.74,1291.22,1.55,15.00,40.00,1.05,19502952,2026-09-18T05:36:06Z
C,orig,learned_markov_28,async,128,4,0,0.00,100.00,205.39,291.14,195.42,95.72,,,496.53,301.11,1.56,17.00,40.00,1.05,19503996,2026-09-18T05:36:06Z
C,orig,learned_markov_28,async_win,128,4,0,0.00,100.00,180.02,289.89,199.66,27.84,62.40,13.00,469.91,207.86,1.56,17.00,40.00,1.05,19504316,2026-09-18T05:36:06Z
C,orig,learned_markov_28,async_bulk,128,4,0,0.00,100.00,178.75,283.32,195.29,26.09,61.95,13.00,462.07,204.84,1.56,17.00,40.00,1.05,19503584,2026-09-18T05:36:07Z
C_hit,orig,layers_5,pread,128,4,0,0.00,100.00,545.96,634.44,195.95,438.50,,,1180.40,984.46,1.66,37.00,62.00,1.05,19503080,2026-09-18T05:36:07Z
C_hit,orig,layers_5,async,128,4,0,0.00,100.00,547.54,270.67,201.24,69.43,,,818.21,616.97,1.66,37.00,62.00,1.05,19504368,2026-09-18T05:36:07Z
C_hit,orig,layers_5,async_win,128,4,0,0.00,100.00,547.25,265.19,196.80,7.54,60.84,2.00,812.44,554.79,1.64,37.00,62.00,1.04,19505060,2026-09-18T05:36:08Z
C_hit,orig,layers_5,async_bulk,128,4,0,0.00,100.00,484.70,261.73,194.72,7.22,59.79,2.00,746.43,491.92,1.64,37.00,62.00,1.04,19505980,2026-09-18T05:36:08Z
C_hit,orig,layers_92,pread,128,4,0,0.00,100.00,502.84,8091.92,199.00,7892.92,,,8594.76,8395.76,1.64,37.00,64.00,1.04,19506004,2026-09-18T05:36:08Z
C_hit,orig,layers_92,async,128,4,0,0.00,100.00,409.12,381.86,195.71,186.15,,,790.98,595.27,1.64,37.00,64.00,1.04,19488052,2026-09-18T05:36:08Z
C_hit,orig,layers_92,async_win,128,4,0,0.00,100.00,457.89,361.96,193.47,103.32,65.16,87.00,819.85,561.21,1.66,37.00,64.00,1.04,19496944,2026-09-18T05:36:09Z
C_hit,orig,layers_92,async_bulk,128,4,0,0.00,100.00,462.56,373.76,199.23,109.20,65.32,87.00,836.32,571.76,1.67,37.00,64.00,1.04,19497656,2026-09-18T05:36:09Z
C_hit,orig,2d,pread,128,4,0,0.00,100.00,406.45,636.59,198.09,438.50,,,1043.04,844.95,1.64,37.00,64.00,1.04,19499396,2026-09-18T05:36:09Z
C_hit,orig,2d,async,128,4,0,0.00,100.00,460.92,262.66,194.73,67.94,,,723.58,528.86,1.66,37.00,64.00,1.04,19498768,2026-09-18T05:36:09Z
C_hit,orig,2d,async_win,128,4,0,0.00,100.00,406.00,265.72,196.30,8.45,60.98,3.00,671.72,414.45,1.65,37.00,64.00,1.04,19499836,2026-09-18T05:36:10Z
C_hit,orig,2d,async_bulk,128,4,0,0.00,100.00,390.02,266.77,197.45,8.88,60.44,3.00,656.79,398.90,1.66,37.00,64.00,1.04,19500160,2026-09-18T05:36:10Z
C_hit,orig,2e_K10,pread,128,4,0,0.00,100.00,175.04,1176.14,195.25,980.89,,,1351.18,1155.93,1.65,36.00,64.00,1.04,19500744,2026-09-18T05:36:10Z
C_hit,orig,2e_K10,async,128,4,0,0.00,100.00,443.55,282.53,197.94,84.59,,,726.08,528.14,1.66,37.00,64.00,1.04,19500524,2026-09-18T05:36:11Z
C_hit,orig,2e_K10,async_win,128,4,0,0.00,100.00,516.34,274.40,197.20,15.99,61.20,6.00,790.74,532.33,1.64,37.00,64.00,1.04,19500476,2026-09-18T05:36:11Z
C_hit,orig,2e_K10,async_bulk,128,4,0,0.00,100.00,442.57,277.71,196.84,18.07,62.80,6.00,720.28,460.64,1.64,37.00,64.00,1.04,19504536,2026-09-18T05:36:11Z
C_hit,orig,2e_K500,pread,128,4,0,0.00,100.00,178.04,3201.94,184.42,3017.52,,,3379.98,3195.56,1.55,10.00,64.00,1.04,19481176,2026-09-18T05:36:11Z
C_hit,orig,2e_K500,async,128,4,0,0.00,46.30,178.94,893.11,199.51,693.59,,,1072.05,872.53,1.56,12.00,63.00,1.04,19480972,2026-09-18T05:36:12Z
C_hit,orig,2e_K500,async_win,128,4,0,0.00,100.00,180.10,621.43,194.49,335.77,91.17,139.00,801.53,515.87,1.57,12.00,63.00,1.04,19481912,2026-09-18T05:36:12Z
C_hit,orig,2e_K500,async_bulk,128,4,0,0.00,32.90,178.44,630.06,202.45,335.40,92.21,139.00,808.50,513.84,1.58,12.00,63.00,1.04,19481612,2026-09-18T05:36:12Z
C_hit,orig,2f_top14,pread,128,4,0,0.00,100.00,176.94,1088.15,195.73,892.42,,,1265.09,1069.36,1.65,36.00,64.00,1.04,19483344,2026-09-18T05:36:12Z
C_hit,orig,2f_top14,async,128,4,0,0.00,100.00,404.79,266.50,189.17,77.33,,,671.29,482.12,1.65,37.00,64.00,1.12,19480780,2026-09-18T05:36:13Z
C_hit,orig,2f_top14,async_win,128,4,0,0.00,100.00,517.40,272.61,196.30,14.52,61.80,6.00,790.01,531.92,1.64,37.00,64.00,1.12,19479944,2026-09-18T05:36:13Z
C_hit,orig,2f_top14,async_bulk,128,4,0,0.00,100.00,452.59,273.36,196.93,15.52,60.91,6.00,725.95,468.11,1.64,37.00,64.00,1.12,19481000,2026-09-18T05:36:13Z
C_hit,orig,2f_top28,pread,128,4,0,0.00,100.00,176.20,1074.25,193.31,880.94,,,1250.45,1057.14,1.63,35.00,64.00,1.12,19481384,2026-09-18T05:36:13Z
C_hit,orig,2f_top28,async,128,4,0,0.00,100.00,176.88,291.79,197.17,94.62,,,468.67,271.50,1.63,36.00,64.00,1.12,19481796,2026-09-18T05:36:14Z
C_hit,orig,2f_top28,async_win,128,4,0,0.00,100.00,176.07,280.50,194.30,23.42,62.78,8.00,456.57,199.49,1.64,36.00,64.00,1.12,19473616,2026-09-18T05:36:14Z
C_hit,orig,2f_top28,async_bulk,128,4,0,0.00,100.00,179.94,283.88,197.04,24.68,62.17,8.00,463.82,204.62,1.64,36.00,64.00,1.12,19474528,2026-09-18T05:36:14Z
C_hit,orig,2f_top100,pread,128,4,0,0.00,100.00,189.34,1351.60,187.88,1163.72,,,1540.94,1353.06,1.62,31.00,63.00,1.12,19474888,2026-09-18T05:36:15Z
C_hit,orig,2f_top100,async,128,4,0,0.00,100.00,182.77,375.83,187.41,188.41,,,558.60,371.18,1.63,33.00,63.00,1.12,19474756,2026-09-18T05:36:15Z
C_hit,orig,2f_top100,async_win,128,4,0,0.00,100.00,177.94,327.57,194.50,67.16,65.91,28.00,505.51,245.10,1.65,33.00,63.00,1.12,19474860,2026-09-18T05:36:15Z
C_hit,orig,2f_top100,async_bulk,128,4,0,0.00,63.00,177.19,333.06,197.86,68.81,66.38,28.00,510.25,246.00,1.62,33.00,63.00,1.12,19475232,2026-09-18T05:36:15Z
C_hit,orig,2f_top500,pread,128,4,0,0.00,100.00,182.60,3215.96,196.83,3019.13,,,3398.56,3201.73,1.56,10.00,64.00,1.12,19475596,2026-09-18T05:36:16Z
C_hit,orig,2f_top500,async,128,4,0,0.00,44.40,180.13,887.71,195.30,692.41,,,1067.84,872.54,1.56,12.00,64.00,1.12,19475148,2026-09-18T05:36:16Z
C_hit,orig,2f_top500,async_win,128,4,0,0.00,31.00,178.59,621.45,196.42,333.73,91.30,138.00,800.04,512.32,1.57,12.00,64.00,1.12,19476612,2026-09-18T05:36:16Z
C_hit,orig,2f_top500,async_bulk,128,4,0,0.00,100.00,181.34,621.16,196.50,333.21,91.45,138.00,802.50,514.55,1.58,12.00,64.00,1.12,19477304,2026-09-18T05:36:16Z
C_hit,orig,2f_slru,pread,128,4,0,0.00,100.00,88.33,4780.35,195.22,4585.13,,,4868.68,4673.46,1.52,0.00,62.00,1.12,19478688,2026-09-18T05:36:17Z
C_hit,orig,2f_slru,async,128,4,0,0.00,100.00,95.73,1553.00,197.60,1355.40,,,1648.73,1451.13,1.52,0.00,62.00,1.12,19478812,2026-09-18T05:36:17Z
C_hit,orig,2f_slru,async_win,128,4,0,0.00,100.00,97.79,720.33,197.34,391.75,131.24,29.00,818.12,489.54,1.54,0.00,62.00,1.12,19478408,2026-09-18T05:36:17Z
C_hit,orig,2f_slru,async_bulk,128,4,0,0.00,7.00,292.87,367.17,195.76,43.28,128.13,2.00,660.04,336.15,1.63,36.00,61.00,1.12,19479016,2026-09-18T05:36:17Z
C_hit,orig,leaf_freq_K10,pread,128,4,0,0.00,100.00,195.47,783.82,198.64,585.18,,,979.29,780.65,1.64,36.00,63.00,1.11,19479804,2026-09-18T05:36:18Z
C_hit,orig,leaf_freq_K10,async,128,4,0,0.00,100.00,488.54,274.14,198.68,75.45,,,762.68,563.99,1.65,37.00,62.00,1.11,19479312,2026-09-18T05:36:18Z
C_hit,orig,leaf_freq_K10,async_win,128,4,0,0.00,100.00,467.74,272.86,199.53,10.91,62.42,3.00,740.60,478.65,1.64,37.00,62.00,1.11,19480188,2026-09-18T05:36:18Z
C_hit,orig,leaf_freq_K10,async_bulk,128,4,0,0.00,100.00,406.15,268.02,197.04,9.94,61.04,3.00,674.17,416.09,1.63,37.00,62.00,1.11,19479536,2026-09-18T05:36:18Z
C_hit,orig,leaf_rand_K10,pread,128,4,0,0.00,100.00,563.65,984.73,150.18,834.55,,,1548.38,1398.20,1.64,37.00,62.00,1.11,19478588,2026-09-18T05:36:19Z
C_hit,orig,leaf_rand_K10,async,128,4,0,0.00,100.00,561.34,228.72,151.78,76.94,,,790.06,638.28,1.63,37.00,62.00,1.11,19479120,2026-09-18T05:36:19Z
C_hit,orig,leaf_rand_K10,async_win,128,4,0,0.00,100.00,594.17,230.05,151.59,17.04,61.42,10.00,824.22,611.21,1.64,37.00,62.00,1.11,19467732,2026-09-18T05:36:19Z
C_hit,orig,leaf_rand_K10,async_bulk,128,4,0,0.00,100.00,498.78,229.23,151.47,16.08,61.69,10.00,728.01,514.86,1.64,37.00,62.00,1.11,19468496,2026-09-18T05:36:20Z
C_hit,orig,learned_markov_14,pread,128,4,0,0.00,100.00,179.62,1102.18,231.13,871.05,,,1281.80,1050.67,1.62,36.00,64.00,1.11,19468920,2026-09-18T05:36:20Z
C_hit,orig,learned_markov_14,async,128,4,0,0.00,100.00,413.47,278.15,198.41,79.74,,,691.62,493.21,1.64,37.00,64.00,1.11,19468744,2026-09-18T05:36:20Z
C_hit,orig,learned_markov_14,async_win,128,4,0,0.00,100.00,518.73,232.99,153.42,16.22,63.35,6.00,751.72,534.95,1.64,37.00,64.00,1.11,19469468,2026-09-18T05:36:20Z
C_hit,orig,learned_markov_14,async_bulk,128,4,0,0.00,100.00,516.34,264.99,187.34,15.88,61.77,6.00,781.33,532.22,1.64,37.00,64.00,1.11,19470552,2026-09-18T05:36:21Z
C_hit,orig,learned_markov_28,pread,128,4,0,0.00,100.00,179.36,1058.69,152.56,906.13,,,1238.05,1085.49,1.62,35.00,64.00,1.11,19471136,2026-09-18T05:36:21Z
C_hit,orig,learned_markov_28,async,128,4,0,0.00,100.00,185.79,249.25,152.56,96.69,,,435.04,282.48,1.64,36.00,64.00,1.11,19470820,2026-09-18T05:36:21Z
C_hit,orig,learned_markov_28,async_win,128,4,0,0.00,100.00,180.66,237.16,150.22,23.93,63.00,8.00,417.82,204.59,1.64,36.00,64.00,1.11,19470976,2026-09-18T05:36:21Z
C_hit,orig,learned_markov_28,async_bulk,128,4,0,0.00,100.00,180.69,290.71,204.34,23.26,63.10,8.00,471.40,203.95,1.63,36.00,64.00,1.11,19471280,2026-09-18T05:36:22Z
A,orig,baseline,baseline,128,5,0,0.00,0.00,940.84,0.00,0.00,0.00,,,940.84,940.84,2.06,182.00,264.00,1.11,19472236,2026-09-18T05:36:22Z
B,orig,baseline,baseline,128,5,0,0.00,0.00,985.65,0.00,0.00,0.00,,,985.65,985.65,2.22,195.00,262.00,1.11,19469408,2026-09-18T05:36:22Z
C,orig,baseline,baseline,128,5,0,0.00,0.00,936.53,0.00,0.00,0.00,,,936.53,936.53,1.56,18.00,35.00,1.10,19471172,2026-09-18T05:36:23Z
C_hit,orig,baseline,baseline,128,5,0,0.00,0.00,547.24,0.00,0.00,0.00,,,547.24,547.24,1.65,37.00,62.00,1.10,19472068,2026-09-18T05:36:23Z
A,orig,layers_5,pread,128,5,0,0.00,100.00,880.93,669.24,227.68,441.56,,,1550.17,1322.49,2.12,184.00,262.00,1.10,19470308,2026-09-18T05:36:23Z
A,orig,layers_5,async,128,5,0,0.00,100.00,898.20,293.31,224.16,69.15,,,1191.51,967.35,2.07,184.00,262.00,1.10,19472536,2026-09-18T05:36:23Z
A,orig,layers_5,async_win,128,5,0,0.00,100.00,844.52,294.82,226.50,8.23,60.10,2.00,1139.34,852.75,2.11,184.00,262.00,1.10,19470060,2026-09-18T05:36:24Z
A,orig,layers_5,async_bulk,128,5,0,0.00,100.00,878.63,298.03,227.88,8.50,61.66,2.00,1176.66,887.13,2.11,184.00,262.00,1.10,19470992,2026-09-18T05:36:24Z
A,orig,layers_92,pread,128,5,0,0.00,100.00,568.19,8215.91,226.75,7989.16,,,8784.10,8557.35,2.06,181.00,271.00,1.10,19459636,2026-09-18T05:36:24Z
A,orig,layers_92,async,128,5,0,0.00,100.00,572.51,408.31,226.57,181.74,,,980.82,754.25,2.12,181.00,271.00,1.10,19460332,2026-09-18T05:36:25Z
A,orig,layers_92,async_win,128,5,0,0.00,100.00,566.87,422.60,235.59,120.79,66.22,87.00,989.47,687.66,2.07,181.00,271.00,1.10,19460260,2026-09-18T05:36:25Z
A,orig,layers_92,async_bulk,128,5,0,0.00,100.00,608.02,469.67,238.19,160.92,70.56,87.00,1077.69,768.94,2.11,181.00,271.00,1.10,19461496,2026-09-18T05:36:25Z
A,orig,2d,pread,128,5,0,0.00,100.00,568.80,1973.80,230.57,1743.23,,,2542.60,2312.03,2.12,181.00,271.00,1.10,19462916,2026-09-18T05:36:26Z
A,orig,2d,async,128,5,0,0.00,100.00,569.24,323.44,237.79,85.65,,,892.68,654.89,2.13,181.00,271.00,1.10,19463160,2026-09-18T05:36:26Z
A,orig,2d,async_win,128,5,0,0.00,100.00,571.18,314.31,229.56,22.00,62.75,13.00,885.49,593.18,2.14,181.00,271.00,1.10,19486048,2026-09-18T05:36:26Z
A,orig,2d,async_bulk,128,5,0,0.00,100.00,569.09,312.01,227.31,23.23,61.47,13.00,881.10,592.32,2.14,181.00,271.00,1.10,19486460,2026-09-18T05:36:27Z
A,orig,2e_K10,pread,128,5,0,0.00,100.00,178.95,2799.89,234.36,2565.53,,,2978.84,2744.48,2.10,181.00,287.00,1.10,19487288,2026-09-18T05:36:27Z
A,orig,2e_K10,async,128,5,0,0.00,100.00,179.59,327.23,229.33,97.89,,,506.82,277.48,2.16,181.00,287.00,1.10,19487860,2026-09-18T05:36:27Z
A,orig,2e_K10,async_win,128,5,0,0.00,100.00,180.35,324.54,228.42,33.77,62.35,23.00,504.89,214.12,2.09,181.00,287.00,1.09,19487876,2026-09-18T05:36:28Z
A,orig,2e_K10,async_bulk,128,5,0,0.00,100.00,180.34,325.34,228.29,34.30,62.75,23.00,505.68,214.64,2.12,181.00,287.00,1.09,19486924,2026-09-18T05:36:28Z
A,orig,2e_K500,pread,128,5,0,0.00,100.00,186.19,22953.99,227.44,22726.55,,,23140.18,22912.74,2.03,170.00,443.00,1.09,19488404,2026-09-18T05:36:28Z
A,orig,2e_K500,async,128,5,0,0.00,100.00,182.83,1057.47,228.81,828.66,,,1240.30,1011.49,2.09,189.00,384.00,1.09,19488756,2026-09-18T05:36:29Z
A,orig,2e_K500,async_win,128,5,0,0.00,100.00,180.99,998.56,223.80,684.56,90.20,467.00,1179.55,865.55,2.08,189.00,383.00,1.09,19488628,2026-09-18T05:36:29Z
A,orig,2e_K500,async_bulk,128,5,0,0.00,100.00,181.77,1001.87,228.39,682.92,90.56,467.00,1183.64,864.69,2.11,189.00,385.00,1.09,19488732,2026-09-18T05:36:29Z
A,orig,2f_top14,pread,128,5,0,0.00,100.00,572.55,1505.33,227.34,1277.99,,,2077.88,1850.54,2.10,183.00,277.00,1.09,19489948,2026-09-18T05:36:30Z
A,orig,2f_top14,async,128,5,0,0.00,100.00,566.70,311.43,227.87,83.56,,,878.13,650.26,2.12,183.00,277.00,1.09,19489232,2026-09-18T05:36:30Z
A,orig,2f_top14,async_win,128,5,0,0.00,100.00,565.63,309.91,226.87,21.54,61.51,13.00,875.54,587.17,2.09,183.00,277.00,1.09,19490200,2026-09-18T05:36:30Z
A,orig,2f_top14,async_bulk,128,5,0,0.00,100.00,569.47,305.00,224.22,19.36,61.43,13.00,874.47,588.83,2.12,183.00,277.00,1.09,19471416,2026-09-18T05:36:30Z
A,orig,2f_top28,pread,128,5,0,0.00,100.00,177.54,2618.47,226.21,2392.27,,,2796.01,2569.81,2.09,182.00,289.00,1.09,19472116,2026-09-18T05:36:31Z
A,orig,2f_top28,async,128,5,0,0.00,100.00,179.55,328.47,226.34,102.13,,,508.02,281.68,2.10,182.00,289.00,1.09,19472512,2026-09-18T05:36:31Z
A,orig,2f_top28,async_win,128,5,0,0.00,100.00,179.93,326.65,224.71,38.72,63.22,27.00,506.58,218.65,2.09,182.00,289.00,1.09,19473620,2026-09-18T05:36:31Z
A,orig,2f_top28,async_bulk,128,5,0,0.00,100.00,180.71,326.48,226.54,38.41,61.54,27.00,507.19,219.12,2.11,182.00,288.00,1.09,19461808,2026-09-18T05:36:32Z
A,orig,2f_top100,pread,128,5,0,0.00,100.00,185.08,8930.88,226.19,8704.70,,,9115.96,8889.78,2.12,185.00,315.00,1.09,19457416,2026-09-18T05:36:32Z
A,orig,2f_top100,async,128,5,0,0.00,100.00,185.24,429.16,227.43,201.73,,,614.40,386.97,2.11,185.00,318.00,1.09,19457628,2026-09-18T05:36:32Z
A,orig,2f_top100,async_win,128,5,0,0.00,100.00,183.07,414.46,228.02,120.37,66.07,98.00,597.53,303.44,2.10,185.00,317.00,1.08,19457960,2026-09-18T05:36:33Z
A,orig,2f_top100,async_bulk,128,5,0,0.00,100.00,183.29,412.67,225.93,120.53,66.22,98.00,595.96,303.82,2.13,185.00,320.00,1.08,19458532,2026-09-18T05:36:33Z
A,orig,2f_top500,pread,128,5,0,0.00,100.00,182.39,21207.84,225.35,20982.49,,,21390.23,21164.88,2.02,170.00,444.00,1.08,19458556,2026-09-18T05:36:33Z
A,orig,2f_top500,async,128,5,0,0.00,100.00,182.61,1035.69,226.77,808.92,,,1218.30,991.53,2.10,189.00,387.00,1.08,19457028,2026-09-18T05:36:34Z
A,orig,2f_top500,async_win,128,5,0,0.00,100.00,182.70,984.51,227.64,666.33,90.54,455.00,1167.21,849.03,2.10,189.00,387.00,1.08,19457176,2026-09-18T05:36:34Z
A,orig,2f_top500,async_bulk,128,5,0,0.00,100.00,187.77,974.24,223.75,659.74,90.75,455.00,1162.01,847.51,2.09,189.00,387.00,1.08,19456368,2026-09-18T05:36:34Z
A,orig,2f_slru,pread,128,5,0,0.00,100.00,95.66,18295.79,225.26,18070.53,,,18391.45,18166.19,1.51,0.00,278.00,1.08,19458424,2026-09-18T05:36:35Z
A,orig,2f_slru,async,128,5,0,0.00,100.00,98.11,7303.09,228.72,7074.37,,,7401.20,7172.48,1.53,0.00,278.00,1.08,19458452,2026-09-18T05:36:35Z
A,orig,2f_slru,async_win,128,5,0,0.00,84.60,97.63,2571.45,225.74,1951.01,394.70,138.00,2669.08,2048.64,1.56,0.00,278.00,1.08,19456944,2026-09-18T05:36:35Z
A,orig,2f_slru,async_bulk,128,5,0,0.00,1.50,886.73,701.78,226.85,78.58,396.36,2.00,1588.51,965.31,2.09,181.00,261.00,1.08,19454504,2026-09-18T05:36:35Z
A,orig,leaf_freq_K10,pread,128,5,0,0.00,100.00,489.53,1119.83,226.59,893.24,,,1609.36,1382.77,2.10,182.00,280.00,1.08,19454620,2026-09-18T05:36:36Z
A,orig,leaf_freq_K10,async,128,5,0,0.00,100.00,598.50,303.66,227.01,76.65,,,902.16,675.15,2.13,182.00,280.00,1.08,19451872,2026-09-18T05:36:36Z
A,orig,leaf_freq_K10,async_win,128,5,0,0.00,100.00,594.63,303.69,227.01,15.28,61.41,10.00,898.32,609.91,2.12,182.00,280.00,1.08,19451432,2026-09-18T05:36:36Z
A,orig,leaf_freq_K10,async_bulk,128,5,0,0.00,100.00,567.55,308.06,231.47,14.34,62.26,10.00,875.61,581.89,2.11,182.00,280.00,1.08,19452804,2026-09-18T05:36:37Z
A,orig,leaf_rand_K10,pread,128,5,0,0.00,100.00,981.65,1154.54,228.10,926.44,,,2136.19,1908.09,2.10,182.00,264.00,1.08,19452840,2026-09-18T05:36:37Z
A,orig,leaf_rand_K10,async,128,5,0,0.00,100.00,995.61,303.61,227.27,76.34,,,1299.22,1071.95,2.11,182.00,264.00,1.08,19453604,2026-09-18T05:36:37Z
A,orig,leaf_rand_K10,async_win,128,5,0,0.00,100.00,850.53,306.86,228.91,16.02,61.93,10.00,1157.39,866.55,2.06,182.00,264.00,1.08,19454064,2026-09-18T05:36:38Z
A,orig,leaf_rand_K10,async_bulk,128,5,0,0.00,100.00,877.83,302.67,226.82,14.57,61.29,10.00,1180.50,892.40,2.09,182.00,264.00,1.08,19454340,2026-09-18T05:36:38Z
A,orig,learned_markov_14,pread,128,5,0,0.00,100.00,582.82,1482.53,227.95,1254.58,,,2065.35,1837.40,2.10,181.00,272.00,1.08,19456276,2026-09-18T05:36:38Z
A,orig,learned_markov_14,async,128,5,0,0.00,100.00,568.08,314.82,232.45,82.38,,,882.90,650.46,2.11,181.00,272.00,1.08,19456656,2026-09-18T05:36:39Z
A,orig,learned_markov_14,async_win,128,5,0,0.00,100.00,574.79,314.44,231.38,20.23,62.84,13.00,889.23,595.02,2.12,181.00,272.00,1.08,19456732,2026-09-18T05:36:39Z
A,orig,learned_markov_14,async_bulk,128,5,0,0.00,100.00,569.33,311.82,228.62,20.42,62.78,13.00,881.15,589.75,2.12,181.00,272.00,1.08,19456900,2026-09-18T05:36:39Z
A,orig,learned_markov_28,pread,128,5,0,0.00,100.00,565.58,2766.27,227.39,2538.88,,,3331.85,3104.46,2.08,181.00,273.00,1.08,19458628,2026-09-18T05:36:39Z
A,orig,learned_markov_28,async,128,5,0,0.00,100.00,567.44,327.51,227.75,99.76,,,894.95,667.20,2.11,181.00,272.00,1.08,19458280,2026-09-18T05:36:40Z
A,orig,learned_markov_28,async_win,128,5,0,0.00,100.00,566.26,321.75,225.33,33.77,62.64,26.00,888.01,600.03,2.09,181.00,272.00,1.08,19457540,2026-09-18T05:36:40Z
A,orig,learned_markov_28,async_bulk,128,5,0,0.00,100.00,571.43,329.22,229.50,36.26,63.46,26.00,900.65,607.69,2.10,181.00,272.00,1.08,19460512,2026-09-18T05:36:40Z
B,orig,layers_5,pread,128,5,0,0.00,100.00,903.90,667.29,227.52,439.78,,,1571.19,1343.68,2.17,196.00,263.00,1.08,19461100,2026-09-18T05:36:41Z
B,orig,layers_5,async,128,5,0,0.00,100.00,903.25,297.49,227.15,70.34,,,1200.74,973.59,2.21,197.00,262.00,1.08,19456316,2026-09-18T05:36:41Z
B,orig,layers_5,async_win,128,5,0,0.00,100.00,893.23,292.02,226.90,7.43,57.69,2.00,1185.25,900.66,2.21,197.00,262.00,1.08,19465968,2026-09-18T05:36:41Z
B,orig,layers_5,async_bulk,128,5,0,0.00,100.00,908.46,296.88,228.06,7.66,61.16,2.00,1205.34,916.12,2.19,197.00,262.00,1.08,19467124,2026-09-18T05:36:42Z
B,orig,layers_92,pread,128,5,0,0.00,100.00,471.75,8258.52,227.37,8031.15,,,8730.27,8502.90,2.15,195.00,272.00,1.08,19468148,2026-09-18T05:36:42Z
B,orig,layers_92,async,128,5,0,0.00,100.00,541.29,417.99,228.73,189.26,,,959.28,730.55,2.19,197.00,269.00,1.08,19469768,2026-09-18T05:36:42Z
B,orig,layers_92,async_win,128,5,0,0.00,100.00,569.49,403.45,228.34,109.33,65.78,87.00,972.94,678.82,2.19,197.00,269.00,1.07,19470292,2026-09-18T05:36:43Z
B,orig,layers_92,async_bulk,128,5,0,0.00,100.00,499.59,400.07,228.18,105.27,66.62,87.00,899.66,604.86,2.16,197.00,269.00,1.07,19470756,2026-09-18T05:36:43Z
B,orig,2d,pread,128,5,0,0.00,100.00,473.76,1928.37,227.03,1701.34,,,2402.13,2175.10,2.20,195.00,273.00,1.07,19472960,2026-09-18T05:36:43Z
B,orig,2d,async,128,5,0,0.00,100.00,576.39,319.55,230.89,88.66,,,895.94,665.05,2.20,197.00,269.00,1.07,19472900,2026-09-18T05:36:44Z
B,orig,2d,async_win,128,5,0,0.00,100.00,503.74,311.89,227.58,22.00,62.31,13.00,815.63,525.74,2.13,197.00,269.00,1.07,19473028,2026-09-18T05:36:44Z
B,orig,2d,async_bulk,128,5,0,0.00,100.00,477.69,306.94,223.94,21.02,61.98,13.00,784.63,498.71,2.22,197.00,269.00,1.07,19475148,2026-09-18T05:36:44Z
B,orig,2e_K10,pread,128,5,0,0.00,100.00,500.42,2812.02,225.51,2586.50,,,3312.44,3086.92,2.12,195.00,272.00,1.07,19475336,2026-09-18T05:36:45Z
B,orig,2e_K10,async,128,5,0,0.00,100.00,469.97,325.59,227.15,98.45,,,795.56,568.42,2.12,197.00,269.00,1.07,19475604,2026-09-18T05:36:45Z
B,orig,2e_K10,async_win,128,5,0,0.00,100.00,509.04,324.92,228.49,33.23,63.20,23.00,833.96,542.27,2.15,197.00,268.00,1.07,19475852,2026-09-18T05:36:45Z
B,orig,2e_K10,async_bulk,128,5,0,0.00,100.00,538.19,325.57,230.00,32.74,62.83,23.00,863.76,570.93,2.18,197.00,269.00,1.07,19477136,2026-09-18T05:36:46Z
B,orig,2e_K500,pread,128,5,0,0.00,100.00,493.83,18998.87,226.13,18772.74,,,19492.70,19266.57,1.93,122.00,346.00,1.07,19478420,2026-09-18T05:36:46Z
B,orig,2e_K500,async,128,5,0,0.00,100.00,497.43,1075.73,226.98,848.76,,,1573.16,1346.19,2.15,190.00,338.00,1.07,19479028,2026-09-18T05:36:46Z
B,orig,2e_K500,async_win,128,5,0,0.00,100.00,524.03,1013.05,226.53,695.34,91.19,461.00,1537.08,1219.37,2.16,190.00,332.00,1.07,19466504,2026-09-18T05:36:47Z
B,orig,2e_K500,async_bulk,128,5,0,0.00,100.00,534.71,1006.63,228.66,684.47,93.50,461.00,1541.34,1219.18,2.14,190.00,336.00,1.07,19480680,2026-09-18T05:36:47Z
B,orig,2f_top14,pread,128,5,0,0.00,100.00,468.17,1503.71,226.92,1276.79,,,1971.88,1744.96,2.15,197.00,268.00,1.07,19481660,2026-09-18T05:36:47Z
B,orig,2f_top14,async,128,5,0,0.00,100.00,540.65,304.49,224.41,80.08,,,845.14,620.73,2.19,197.00,268.00,1.07,19482332,2026-09-18T05:36:48Z
B,orig,2f_top14,async_win,128,5,0,0.00,100.00,474.32,313.03,228.66,21.06,63.31,13.00,787.35,495.38,2.19,197.00,268.00,1.07,19482716,2026-09-18T05:36:48Z
B,orig,2f_top14,async_bulk,128,5,0,0.00,100.00,475.48,313.71,230.19,21.47,62.05,13.00,789.19,496.95,2.19,197.00,268.00,1.07,19482876,2026-09-18T05:36:48Z
B,orig,2f_top28,pread,128,5,0,0.00,100.00,505.06,2581.93,228.89,2353.04,,,3086.99,2858.10,2.17,197.00,268.00,1.07,19483208,2026-09-18T05:36:48Z
B,orig,2f_top28,async,128,5,0,0.00,100.00,473.51,328.18,228.69,99.49,,,801.69,573.00,2.20,197.00,268.00,1.07,19485128,2026-09-18T05:36:49Z
B,orig,2f_top28,async_win,128,5,0,0.00,100.00,505.77,328.30,227.41,38.27,62.62,27.00,834.07,544.04,2.18,197.00,268.00,1.07,19485460,2026-09-18T05:36:49Z
B,orig,2f_top28,async_bulk,128,5,0,0.00,100.00,471.42,327.38,227.49,37.02,62.87,27.00,798.80,508.44,2.19,197.00,268.00,1.07,19485960,2026-09-18T05:36:49Z
B,orig,2f_top100,pread,128,5,0,0.00,100.00,499.72,8456.08,198.78,8257.30,,,8955.80,8757.02,2.15,194.00,293.00,1.07,19485492,2026-09-18T05:36:50Z
B,orig,2f_top100,async,128,5,0,0.00,100.00,509.30,403.26,198.33,204.93,,,912.56,714.23,2.19,196.00,287.00,1.07,19484512,2026-09-18T05:36:50Z
B,orig,2f_top100,async_win,128,5,0,0.00,100.00,498.11,388.35,195.89,125.70,66.77,98.00,886.46,623.81,2.14,196.00,287.00,1.07,19484724,2026-09-18T05:36:50Z
B,orig,2f_top100,async_bulk,128,5,0,0.00,100.00,569.80,392.76,198.82,127.82,66.11,98.00,962.56,697.62,2.19,196.00,287.00,1.07,19485612,2026-09-18T05:36:51Z
B,orig,2f_top500,pread,128,5,0,0.00,100.00,495.35,23442.40,196.59,23245.82,,,23937.75,23741.17,1.94,122.00,352.00,1.07,19486752,2026-09-18T05:36:51Z
B,orig,2f_top500,async,128,5,0,0.00,30.20,1616.04,925.23,196.77,728.46,,,2541.27,2344.50,2.16,190.00,339.00,1.07,19487316,2026-09-18T05:36:51Z
B,orig,2f_top500,async_win,128,5,0,0.00,100.00,533.74,1003.53,199.16,676.22,128.14,450.00,1537.27,1209.96,2.16,190.00,343.00,1.07,19488332,2026-09-18T05:36:52Z
B,orig,2f_top500,async_bulk,128,5,0,0.00,100.00,493.19,1050.52,199.25,721.78,129.48,450.00,1543.71,1214.97,2.14,190.00,338.00,1.07,19486144,2026-09-18T05:36:52Z
B,orig,2f_slru,pread,128,5,0,0.00,100.00,102.26,18678.74,196.96,18481.78,,,18781.00,18584.04,1.59,0.00,278.00,1.07,19469624,2026-09-18T05:36:52Z
B,orig,2f_slru,async,128,5,0,0.00,100.00,100.71,7336.72,200.43,7136.30,,,7437.43,7237.01,1.59,0.00,278.00,1.06,19467428,2026-09-18T05:36:53Z
B,orig,2f_slru,async_win,128,5,0,0.00,77.20,97.25,2507.47,198.75,1906.54,402.19,138.00,2604.72,2003.79,1.59,0.00,278.00,1.06,19469740,2026-09-18T05:36:53Z
B,orig,2f_slru,async_bulk,128,5,0,0.00,1.50,812.63,683.58,199.44,80.82,403.32,2.00,1496.21,893.45,2.14,194.00,260.00,1.06,19470448,2026-09-18T05:36:53Z
B,orig,leaf_freq_K10,pread,128,5,0,0.00,100.00,917.02,1087.93,197.74,890.19,,,2004.95,1807.21,2.18,195.00,262.00,1.06,19470744,2026-09-18T05:36:54Z
B,orig,leaf_freq_K10,async,128,5,0,0.00,100.00,895.13,277.73,200.27,77.47,,,1172.86,972.60,2.20,195.00,262.00,1.06,19471812,2026-09-18T05:36:54Z
B,orig,leaf_freq_K10,async_win,128,5,0,0.00,100.00,924.41,274.19,199.14,14.18,60.87,10.00,1198.60,938.59,2.21,195.00,262.00,1.06,19470976,2026-09-18T05:36:54Z
B,orig,leaf_freq_K10,async_bulk,128,5,0,0.00,100.00,953.06,277.64,199.55,15.68,62.42,10.00,1230.70,968.74,2.21,195.00,262.00,1.06,19472656,2026-09-18T05:36:54Z
B,orig,leaf_rand_K10,pread,128,5,0,0.00,100.00,880.63,1125.33,197.81,927.51,,,2005.96,1808.14,2.18,195.00,262.00,1.06,19472716,2026-09-18T05:36:55Z
B,orig,leaf_rand_K10,async,128,5,0,0.00,100.00,910.75,274.70,198.71,75.98,,,1185.45,986.73,2.17,195.00,262.00,1.06,19472744,2026-09-18T05:36:55Z
B,orig,leaf_rand_K10,async_win,128,5,0,0.00,100.00,952.12,276.57,199.79,15.69,61.09,10.00,1228.69,967.81,2.19,195.00,262.00,1.06,19474476,2026-09-18T05:36:55Z
B,orig,leaf_rand_K10,async_bulk,128,5,0,0.00,100.00,912.57,274.95,198.29,15.90,60.75,10.00,1187.52,928.47,2.16,195.00,262.00,1.06,19474852,2026-09-18T05:36:56Z
B,orig,learned_markov_14,pread,128,5,0,0.00,100.00,575.79,1412.05,200.06,1212.00,,,1987.84,1787.79,2.24,197.00,268.00,1.06,19475636,2026-09-18T05:36:56Z
B,orig,learned_markov_14,async,128,5,0,0.00,100.00,505.34,288.21,198.97,89.24,,,793.55,594.58,2.20,197.00,268.00,1.06,19475952,2026-09-18T05:36:56Z
B,orig,learned_markov_14,async_win,128,5,0,0.00,100.00,476.85,277.15,198.17,18.59,60.38,13.00,754.00,495.44,2.20,197.00,268.00,1.06,19476104,2026-09-18T05:36:57Z
B,orig,learned_markov_14,async_bulk,128,5,0,0.00,100.00,510.28,279.72,197.42,21.46,60.83,13.00,790.00,531.74,2.22,197.00,268.00,1.06,19475892,2026-09-18T05:36:57Z
B,orig,learned_markov_28,pread,128,5,0,0.00,100.00,545.04,2625.03,198.33,2426.70,,,3170.07,2971.74,2.23,197.00,270.00,1.06,19459044,2026-09-18T05:36:57Z
B,orig,learned_markov_28,async,128,5,0,0.00,100.00,470.22,295.55,197.70,97.84,,,765.77,568.06,2.18,197.00,270.00,1.06,19467088,2026-09-18T05:36:58Z
B,orig,learned_markov_28,async_win,128,5,0,0.00,100.00,502.56,297.25,198.60,35.97,62.68,27.00,799.81,538.53,2.20,197.00,270.00,1.06,19467616,2026-09-18T05:36:58Z
B,orig,learned_markov_28,async_bulk,128,5,0,0.00,100.00,467.01,292.31,196.43,35.19,60.69,27.00,759.32,502.20,2.14,197.00,270.00,1.06,19468728,2026-09-18T05:36:58Z
C,orig,layers_5,pread,128,5,0,0.00,100.00,959.35,635.27,198.70,436.57,,,1594.62,1395.92,1.56,18.00,35.00,1.06,19469308,2026-09-18T05:36:59Z
C,orig,layers_5,async,128,5,0,0.00,100.00,957.75,279.87,210.88,68.99,,,1237.62,1026.74,1.61,18.00,35.00,1.06,19469004,2026-09-18T05:36:59Z
C,orig,layers_5,async_win,128,5,0,0.00,100.00,964.06,269.23,199.85,8.03,61.35,2.00,1233.29,972.09,1.56,18.00,35.00,1.06,19470248,2026-09-18T05:36:59Z
C,orig,layers_5,async_bulk,128,5,0,0.00,100.00,959.98,266.28,197.34,8.04,60.89,2.00,1226.26,968.02,1.57,18.00,35.00,1.06,19469336,2026-09-18T05:36:59Z
C,orig,layers_92,pread,128,5,0,0.00,100.00,476.31,8181.45,196.47,7984.98,,,8657.76,8461.29,1.56,18.00,38.00,1.06,19470384,2026-09-18T05:37:00Z
C,orig,layers_92,async,128,5,0,0.00,100.00,557.11,383.19,197.89,185.30,,,940.30,742.41,1.60,18.00,38.00,1.06,19470512,2026-09-18T05:37:00Z
C,orig,layers_92,async_win,128,5,0,0.00,100.00,552.89,391.96,196.52,117.48,77.96,87.00,944.85,670.37,1.56,18.00,38.00,1.06,19472068,2026-09-18T05:37:00Z
C,orig,layers_92,async_bulk,128,5,0,0.00,100.00,545.72,372.58,197.22,110.13,65.23,87.00,918.30,655.85,1.56,18.00,38.00,1.06,19471256,2026-09-18T05:37:00Z
C,orig,2d,pread,128,5,0,0.00,100.00,578.92,557.77,197.60,360.17,,,1136.69,939.09,1.57,18.00,38.00,1.06,19472200,2026-09-18T05:37:01Z
C,orig,2d,async,128,5,0,0.00,100.00,581.38,265.76,196.87,68.89,,,847.14,650.27,1.56,18.00,38.00,1.06,19472800,2026-09-18T05:37:01Z
C,orig,2d,async_win,128,5,0,0.00,100.00,579.74,264.29,197.37,6.39,60.52,2.00,844.03,586.13,1.58,18.00,38.00,1.06,19475612,2026-09-18T05:37:01Z
C,orig,2d,async_bulk,128,5,0,0.00,100.00,580.66,268.01,199.38,6.88,61.75,2.00,848.67,587.54,1.58,18.00,38.00,1.06,19476608,2026-09-18T05:37:02Z
C,orig,2e_K10,pread,128,5,0,0.00,100.00,564.87,1416.34,199.72,1216.63,,,1981.21,1781.50,1.58,17.00,41.00,1.06,19477236,2026-09-18T05:37:02Z
C,orig,2e_K10,async,128,5,0,0.00,100.00,539.18,281.62,201.73,79.89,,,820.80,619.07,1.57,18.00,40.00,1.06,19474936,2026-09-18T05:37:02Z
C,orig,2e_K10,async_win,128,5,0,0.00,100.00,578.82,277.92,201.15,16.23,60.54,8.00,856.74,595.05,1.56,18.00,40.00,1.06,19474920,2026-09-18T05:37:02Z
C,orig,2e_K10,async_bulk,128,5,0,0.00,100.00,550.07,276.31,199.26,15.76,61.28,8.00,826.38,565.83,1.55,18.00,40.00,1.05,19476384,2026-09-18T05:37:03Z
C,orig,2e_K500,pread,128,5,0,0.00,100.00,177.98,2367.82,188.97,2178.85,,,2545.80,2356.83,1.51,0.00,37.00,1.05,19471764,2026-09-18T05:37:03Z
C,orig,2e_K500,async,128,5,0,0.00,65.40,180.74,660.38,198.18,462.20,,,841.12,642.94,1.51,0.00,37.00,1.05,19471900,2026-09-18T05:37:03Z
C,orig,2e_K500,async_win,128,5,0,0.00,100.00,183.78,502.96,201.43,218.71,82.83,90.00,686.74,402.49,1.52,0.00,37.00,1.05,19473624,2026-09-18T05:37:03Z
C,orig,2e_K500,async_bulk,128,5,0,0.00,100.00,183.16,498.69,200.27,215.92,82.50,90.00,681.85,399.08,1.51,0.00,37.00,1.05,19474116,2026-09-18T05:37:04Z
C,orig,2f_top14,pread,128,5,0,0.00,100.00,194.67,1300.91,198.05,1102.85,,,1495.58,1297.52,1.56,16.00,41.00,1.05,19473780,2026-09-18T05:37:04Z
C,orig,2f_top14,async,128,5,0,0.00,100.00,586.13,275.71,196.76,78.95,,,861.84,665.08,1.56,17.00,40.00,1.05,19474804,2026-09-18T05:37:04Z
C,orig,2f_top14,async_win,128,5,0,0.00,100.00,584.64,277.02,196.13,18.61,62.29,9.00,861.66,603.25,1.58,17.00,40.00,1.05,19471928,2026-09-18T05:37:04Z
C,orig,2f_top14,async_bulk,128,5,0,0.00,100.00,606.14,268.20,190.36,16.57,61.28,9.00,874.34,622.71,1.58,17.00,40.00,1.05,19471884,2026-09-18T05:37:05Z
C,orig,2f_top28,pread,128,5,0,0.00,100.00,180.23,1294.76,195.67,1099.09,,,1474.99,1279.32,1.56,15.00,40.00,1.05,19472676,2026-09-18T05:37:05Z
C,orig,2f_top28,async,128,5,0,0.00,100.00,182.57,292.60,196.31,96.29,,,475.17,278.86,1.58,17.00,40.00,1.05,19473648,2026-09-18T05:37:05Z
C,orig,2f_top28,async_win,128,5,0,0.00,100.00,178.00,286.60,197.95,26.89,61.76,13.00,464.60,204.89,1.55,17.00,40.00,1.05,19473448,2026-09-18T05:37:05Z
C,orig,2f_top28,async_bulk,128,5,0,0.00,100.00,181.41,287.90,197.79,27.52,62.59,13.00,469.31,208.93,1.55,17.00,40.00,1.05,19478660,2026-09-18T05:37:06Z
C,orig,2f_top100,pread,128,5,0,0.00,100.00,178.89,1387.07,197.81,1189.26,,,1565.96,1368.15,1.54,10.00,39.00,1.05,19479104,2026-09-18T05:37:06Z
C,orig,2f_top100,async,128,5,0,0.00,100.00,179.10,379.71,199.05,180.66,,,558.81,359.76,1.54,13.00,38.00,1.05,19479680,2026-09-18T05:37:06Z
C,orig,2f_top100,async_win,128,5,0,0.00,85.00,182.93,334.44,197.29,73.81,63.34,32.00,517.37,256.74,1.53,13.00,38.00,1.05,19477600,2026-09-18T05:37:06Z
C,orig,2f_top100,async_bulk,128,5,0,0.00,100.00,180.12,334.19,195.31,73.36,65.52,32.00,514.31,253.48,1.55,13.00,38.00,1.05,19477996,2026-09-18T05:37:07Z
C,orig,2f_top500,pread,128,5,0,0.00,100.00,94.71,2693.15,194.52,2498.64,,,2787.86,2593.35,1.52,0.00,37.00,1.05,19477824,2026-09-18T05:37:07Z
C,orig,2f_top500,async,128,5,0,0.00,100.00,97.05,966.19,198.57,767.61,,,1063.24,864.66,1.52,0.00,37.00,1.05,19478528,2026-09-18T05:37:07Z
C,orig,2f_top500,async_win,128,5,0,0.00,100.00,96.88,504.70,198.86,214.11,91.72,15.00,601.58,310.99,1.53,0.00,37.00,1.05,19494596,2026-09-18T05:37:07Z
C,orig,2f_top500,async_bulk,128,5,0,0.00,13.60,813.97,330.19,200.20,38.93,91.06,2.00,1144.16,852.90,1.56,17.00,36.00,1.05,19493556,2026-09-18T05:37:08Z
C,orig,2f_slru,pread,128,5,0,0.00,100.00,94.99,2822.83,200.72,2622.11,,,2917.82,2717.10,1.50,0.00,37.00,1.05,19493204,2026-09-18T05:37:08Z
C,orig,2f_slru,async,128,5,0,0.00,100.00,97.46,1022.47,201.25,821.23,,,1119.93,918.69,1.50,0.00,37.00,1.05,19494608,2026-09-18T05:37:08Z
C,orig,2f_slru,async_win,128,5,0,0.00,100.00,103.14,528.44,195.52,205.85,127.08,15.00,631.58,308.99,1.51,0.00,37.00,1.05,19494392,2026-09-18T05:37:08Z
C,orig,2f_slru,async_bulk,128,5,0,0.00,13.60,777.11,362.67,197.82,36.57,128.28,2.00,1139.78,813.68,1.56,17.00,36.00,1.05,19494520,2026-09-18T05:37:09Z
C,orig,leaf_freq_K10,pread,128,5,0,0.00,100.00,1063.62,964.52,198.27,766.25,,,2028.14,1829.87,1.55,17.00,38.00,1.05,19494132,2026-09-18T05:37:09Z
C,orig,leaf_freq_K10,async,128,5,0,0.00,100.00,951.17,273.69,198.14,75.55,,,1224.86,1026.72,1.55,18.00,37.00,1.05,19495840,2026-09-18T05:37:09Z
C,orig,leaf_freq_K10,async_win,128,5,0,0.00,100.00,965.71,274.66,199.66,13.09,61.92,6.00,1240.37,978.80,1.55,18.00,37.00,1.05,19495352,2026-09-18T05:37:10Z
C,orig,leaf_freq_K10,async_bulk,128,5,0,0.00,100.00,970.49,276.53,201.02,12.94,62.58,6.00,1247.02,983.43,1.56,18.00,37.00,1.05,19496464,2026-09-18T05:37:10Z
C,orig,leaf_rand_K10,pread,128,5,0,0.00,100.00,903.05,1060.98,196.49,864.50,,,1964.03,1767.55,1.58,18.00,35.00,1.05,19496660,2026-09-18T05:37:10Z
C,orig,leaf_rand_K10,async,128,5,0,0.00,100.00,970.89,272.74,198.00,74.74,,,1243.63,1045.63,1.56,18.00,35.00,1.05,19496220,2026-09-18T05:37:10Z
C,orig,leaf_rand_K10,async_win,128,5,0,0.00,100.00,978.80,272.97,195.97,14.97,62.04,10.00,1251.77,993.77,1.57,18.00,35.00,1.05,19497064,2026-09-18T05:37:11Z
C,orig,leaf_rand_K10,async_bulk,128,5,0,0.00,100.00,840.59,273.80,197.07,14.96,61.77,10.00,1114.39,855.55,1.60,18.00,35.00,1.05,19497140,2026-09-18T05:37:11Z
C,orig,learned_markov_14,pread,128,5,0,0.00,100.00,193.13,1245.36,196.43,1048.93,,,1438.49,1242.06,1.56,16.00,41.00,1.05,19497436,2026-09-18T05:37:11Z
C,orig,learned_markov_14,async,128,5,0,0.00,100.00,584.64,275.00,195.96,79.04,,,859.64,663.68,1.56,17.00,40.00,1.05,19497012,2026-09-18T05:37:11Z
C,orig,learned_markov_14,async_win,128,5,0,0.00,100.00,580.70,271.96,195.07,15.25,61.65,9.00,852.66,595.95,1.58,17.00,40.00,1.05,19497400,2026-09-18T05:37:12Z
C,orig,learned_markov_14,async_bulk,128,5,0,0.00,100.00,583.09,273.10,195.87,16.32,60.91,9.00,856.19,599.41,1.58,17.00,40.00,1.05,19497116,2026-09-18T05:37:12Z
C,orig,learned_markov_28,pread,128,5,0,0.00,100.00,180.88,1295.98,196.26,1099.72,,,1476.86,1280.60,1.54,15.00,40.00,1.05,19497612,2026-09-18T05:37:12Z
C,orig,learned_markov_28,async,128,5,0,0.00,100.00,176.60,293.16,197.05,96.11,,,469.76,272.71,1.58,17.00,40.00,1.05,19496940,2026-09-18T05:37:12Z
C,orig,learned_markov_28,async_win,128,5,0,0.00,100.00,178.38,285.84,197.79,25.62,62.43,13.00,464.22,204.00,1.58,17.00,40.00,1.04,19484624,2026-09-18T05:37:13Z
C,orig,learned_markov_28,async_bulk,128,5,0,0.00,100.00,178.03,281.52,193.94,25.66,61.93,13.00,459.55,203.69,1.57,17.00,40.00,1.04,19484360,2026-09-18T05:37:13Z
C_hit,orig,layers_5,pread,128,5,0,0.00,100.00,485.18,636.47,195.93,440.54,,,1121.65,925.72,1.65,37.00,62.00,1.04,19484756,2026-09-18T05:37:13Z
C_hit,orig,layers_5,async,128,5,0,0.00,100.00,544.80,267.50,192.85,74.65,,,812.30,619.45,1.65,37.00,62.00,1.04,19484376,2026-09-18T05:37:13Z
C_hit,orig,layers_5,async_win,128,5,0,0.00,100.00,547.16,265.90,196.99,7.80,61.10,2.00,813.06,554.96,1.66,37.00,62.00,1.04,19485488,2026-09-18T05:37:14Z
C_hit,orig,layers_5,async_bulk,128,5,0,0.00,100.00,547.57,265.01,196.44,7.28,61.28,2.00,812.58,554.85,1.68,37.00,62.00,1.04,19485516,2026-09-18T05:37:14Z
C_hit,orig,layers_92,pread,128,5,0,0.00,100.00,463.99,8095.68,196.47,7899.21,,,8559.67,8363.20,1.63,37.00,64.00,1.04,19484488,2026-09-18T05:37:14Z
C_hit,orig,layers_92,async,128,5,0,0.00,100.00,402.49,398.61,197.96,200.65,,,801.10,603.14,1.65,37.00,64.00,1.04,19474552,2026-09-18T05:37:15Z
C_hit,orig,layers_92,async_win,128,5,0,0.00,100.00,393.96,378.24,197.73,115.93,64.58,87.00,772.20,509.89,1.69,37.00,64.00,1.04,19475604,2026-09-18T05:37:15Z
C_hit,orig,layers_92,async_bulk,128,5,0,0.00,100.00,396.10,372.65,196.82,109.14,66.69,87.00,768.75,505.24,1.69,37.00,64.00,1.04,19476724,2026-09-18T05:37:15Z
C_hit,orig,2d,pread,128,5,0,0.00,100.00,470.91,632.28,197.75,434.53,,,1103.19,905.44,1.67,37.00,64.00,1.04,19477756,2026-09-18T05:37:15Z
C_hit,orig,2d,async,128,5,0,0.00,100.00,461.38,265.79,196.30,69.49,,,727.17,530.87,1.64,37.00,64.00,1.04,19478832,2026-09-18T05:37:16Z
C_hit,orig,2d,async_win,128,5,0,0.00,100.00,461.80,266.24,195.00,9.23,62.02,3.00,728.04,471.03,1.64,37.00,64.00,1.04,19478664,2026-09-18T05:37:16Z
C_hit,orig,2d,async_bulk,128,5,0,0.00,100.00,408.96,266.76,196.73,8.37,61.67,3.00,675.72,417.33,1.68,37.00,64.00,1.04,19478516,2026-09-18T05:37:16Z
C_hit,orig,2e_K10,pread,128,5,0,0.00,100.00,175.92,1175.86,195.51,980.35,,,1351.78,1156.27,1.63,36.00,64.00,1.04,19477932,2026-09-18T05:37:16Z
C_hit,orig,2e_K10,async,128,5,0,0.00,100.00,448.07,279.06,198.31,80.75,,,727.13,528.82,1.64,37.00,64.00,1.04,19479936,2026-09-18T05:37:17Z
C_hit,orig,2e_K10,async_win,128,5,0,0.00,100.00,517.33,276.83,198.49,16.78,61.56,6.00,794.16,534.11,1.63,37.00,64.00,1.04,19479880,2026-09-18T05:37:17Z
C_hit,orig,2e_K10,async_bulk,128,5,0,0.00,100.00,525.80,277.03,198.80,16.59,61.64,6.00,802.83,542.39,1.64,37.00,64.00,1.04,19480468,2026-09-18T05:37:17Z
C_hit,orig,2e_K500,pread,128,5,0,0.00,100.00,181.85,3372.75,199.12,3173.63,,,3554.60,3355.48,1.56,10.00,64.00,1.04,19480316,2026-09-18T05:37:17Z
C_hit,orig,2e_K500,async,128,5,0,0.00,46.70,181.87,886.79,198.67,688.11,,,1068.66,869.98,1.58,12.00,63.00,1.04,19479856,2026-09-18T05:37:18Z
C_hit,orig,2e_K500,async_win,128,5,0,0.00,32.90,183.98,622.07,198.92,331.72,91.42,139.00,806.05,515.70,1.57,12.00,63.00,1.04,19479384,2026-09-18T05:37:18Z
C_hit,orig,2e_K500,async_bulk,128,5,0,0.00,32.90,182.62,618.93,198.37,327.50,93.06,139.00,801.55,510.12,1.57,12.00,63.00,1.04,19480668,2026-09-18T05:37:18Z
C_hit,orig,2f_top14,pread,128,5,0,0.00,100.00,179.88,1119.26,200.44,918.83,,,1299.14,1098.71,1.63,36.00,64.00,1.04,19481040,2026-09-18T05:37:19Z
C_hit,orig,2f_top14,async,128,5,0,0.00,100.00,410.19,280.45,199.97,80.48,,,690.64,490.67,1.63,37.00,64.00,1.04,19481464,2026-09-18T05:37:19Z
C_hit,orig,2f_top14,async_win,128,5,0,0.00,100.00,443.37,276.87,198.03,16.37,62.47,6.00,720.24,459.74,1.68,37.00,64.00,1.04,19481044,2026-09-18T05:37:19Z
C_hit,orig,2f_top14,async_bulk,128,5,0,0.00,100.00,517.39,275.45,196.42,15.69,63.34,6.00,792.84,533.08,1.64,37.00,64.00,1.04,19480580,2026-09-18T05:37:19Z
C_hit,orig,2f_top28,pread,128,5,0,0.00,100.00,180.43,1143.22,198.51,944.71,,,1323.65,1125.14,1.66,35.00,64.00,1.04,19461692,2026-09-18T05:37:20Z
C_hit,orig,2f_top28,async,128,5,0,0.00,100.00,180.58,288.32,190.83,97.49,,,468.90,278.07,1.65,36.00,64.00,1.04,19474268,2026-09-18T05:37:20Z
C_hit,orig,2f_top28,async_win,128,5,0,0.00,100.00,182.26,283.19,197.35,23.93,61.92,8.00,465.45,206.19,1.64,36.00,64.00,1.04,19474636,2026-09-18T05:37:20Z
C_hit,orig,2f_top28,async_bulk,128,5,0,0.00,100.00,178.19,287.08,198.98,24.76,63.34,8.00,465.27,202.95,1.65,36.00,64.00,1.04,19474824,2026-09-18T05:37:20Z
C_hit,orig,2f_top100,pread,128,5,0,0.00,100.00,188.69,1320.14,197.87,1122.27,,,1508.83,1310.96,1.63,31.00,63.00,1.04,19476044,2026-09-18T05:37:21Z
C_hit,orig,2f_top100,async,128,5,0,0.00,100.00,179.49,379.02,198.41,180.61,,,558.51,360.10,1.62,33.00,63.00,1.04,19475984,2026-09-18T05:37:21Z
C_hit,orig,2f_top100,async_win,128,5,0,0.00,100.00,186.47,336.33,198.24,70.91,67.18,28.00,522.80,257.38,1.64,33.00,63.00,1.04,19478332,2026-09-18T05:37:21Z
C_hit,orig,2f_top100,async_bulk,128,5,0,0.00,100.00,181.05,332.33,197.59,68.32,66.42,28.00,513.38,249.37,1.64,33.00,63.00,1.04,19478156,2026-09-18T05:37:21Z
C_hit,orig,2f_top500,pread,128,5,0,0.00,100.00,179.50,3321.92,198.14,3123.77,,,3501.42,3303.27,1.58,10.00,64.00,1.04,19477340,2026-09-18T05:37:22Z
C_hit,orig,2f_top500,async,128,5,0,0.00,43.80,181.49,852.85,198.61,654.24,,,1034.34,835.73,1.57,12.00,64.00,1.04,19476924,2026-09-18T05:37:22Z
C_hit,orig,2f_top500,async_win,128,5,0,0.00,31.60,181.40,622.41,198.32,332.38,91.70,138.00,803.81,513.78,1.58,12.00,64.00,1.04,19477900,2026-09-18T05:37:22Z
C_hit,orig,2f_top500,async_bulk,128,5,0,0.00,37.80,182.24,611.26,199.84,320.43,90.99,138.00,793.50,502.67,1.56,12.00,64.00,1.04,19477316,2026-09-18T05:37:23Z
C_hit,orig,2f_slru,pread,128,5,0,0.00,100.00,94.35,4889.95,198.71,4691.24,,,4984.30,4785.59,1.52,0.00,62.00,1.04,19478376,2026-09-18T05:37:23Z
C_hit,orig,2f_slru,async,128,5,0,0.00,100.00,96.81,1620.46,198.62,1421.83,,,1717.27,1518.64,1.57,0.00,62.00,1.04,19478044,2026-09-18T05:37:23Z
C_hit,orig,2f_slru,async_win,128,5,0,0.00,96.50,119.40,718.67,198.62,391.94,128.11,29.00,838.07,511.34,1.51,0.00,62.00,1.04,19477044,2026-09-18T05:37:23Z
C_hit,orig,2f_slru,async_bulk,128,5,0,0.00,7.00,303.74,371.76,199.33,43.16,129.26,2.00,675.50,346.90,1.63,36.00,61.00,1.04,19477772,2026-09-18T05:37:24Z
C_hit,orig,leaf_freq_K10,pread,128,5,0,0.00,100.00,195.37,785.10,196.78,588.32,,,980.47,783.69,1.64,36.00,63.00,1.04,19477712,2026-09-18T05:37:24Z
C_hit,orig,leaf_freq_K10,async,128,5,0,0.00,100.00,487.70,271.85,195.95,75.90,,,759.55,563.60,1.63,37.00,62.00,1.04,19478256,2026-09-18T05:37:24Z
C_hit,orig,leaf_freq_K10,async_win,128,5,0,0.00,100.00,467.39,269.43,198.10,10.11,61.22,3.00,736.82,477.50,1.63,37.00,62.00,1.04,19478160,2026-09-18T05:37:24Z
C_hit,orig,leaf_freq_K10,async_bulk,128,5,0,0.00,100.00,463.50,272.45,200.20,10.17,62.09,3.00,735.95,473.67,1.63,37.00,62.00,1.04,19477940,2026-09-18T05:37:25Z
C_hit,orig,leaf_rand_K10,pread,128,5,0,0.00,100.00,560.66,1018.26,152.10,866.17,,,1578.92,1426.83,1.64,37.00,62.00,1.04,19463344,2026-09-18T05:37:25Z
C_hit,orig,leaf_rand_K10,async,128,5,0,0.00,100.00,564.34,227.62,151.81,75.81,,,791.96,640.15,1.64,37.00,62.00,1.04,19471712,2026-09-18T05:37:25Z
C_hit,orig,leaf_rand_K10,async_win,128,5,0,0.00,100.00,559.75,229.44,152.17,15.48,61.80,10.00,789.19,575.23,1.64,37.00,62.00,1.04,19471312,2026-09-18T05:37:25Z
C_hit,orig,leaf_rand_K10,async_bulk,128,5,0,0.00,100.00,558.92,279.46,202.34,15.25,61.87,10.00,838.38,574.17,1.64,37.00,62.00,1.04,19471688,2026-09-18T05:37:26Z
C_hit,orig,learned_markov_14,pread,128,5,0,0.00,100.00,180.21,1073.87,187.53,886.34,,,1254.08,1066.55,1.63,36.00,64.00,1.04,19471408,2026-09-18T05:37:26Z
C_hit,orig,learned_markov_14,async,128,5,0,0.00,100.00,411.08,232.61,152.61,80.00,,,643.69,491.08,1.67,37.00,64.00,1.04,19471884,2026-09-18T05:37:26Z
C_hit,orig,learned_markov_14,async_win,128,5,0,0.00,100.00,443.87,259.01,181.82,15.02,62.17,6.00,702.88,458.89,1.65,37.00,64.00,1.04,19472360,2026-09-18T05:37:27Z
C_hit,orig,learned_markov_14,async_bulk,128,5,0,0.00,100.00,520.22,226.76,150.62,13.99,62.15,6.00,746.98,534.21,1.62,37.00,64.00,1.04,19473380,2026-09-18T05:37:27Z
C_hit,orig,learned_markov_28,pread,128,5,0,0.00,100.00,173.16,1062.34,150.72,911.61,,,1235.50,1084.77,1.66,35.00,64.00,1.04,19474108,2026-09-18T05:37:27Z
C_hit,orig,learned_markov_28,async,128,5,0,0.00,100.00,182.11,247.67,150.37,97.29,,,429.78,279.40,1.63,36.00,64.00,1.04,19474992,2026-09-18T05:37:27Z
C_hit,orig,learned_markov_28,async_win,128,5,0,0.00,100.00,177.46,318.58,232.69,23.70,62.19,8.00,496.04,201.16,1.64,36.00,64.00,1.03,19474200,2026-09-18T05:37:28Z
C_hit,orig,learned_markov_28,async_bulk,128,5,0,0.00,100.00,177.23,241.79,155.22,23.54,63.03,8.00,419.02,200.77,1.64,36.00,64.00,1.03,19488256,2026-09-18T05:37:28Z
A,orig,baseline,baseline,128,6,0,0.00,0.00,875.81,0.00,0.00,0.00,,,875.81,875.81,2.09,182.00,264.00,1.03,19490428,2026-09-18T05:37:28Z
B,orig,baseline,baseline,128,6,0,0.00,0.00,972.86,0.00,0.00,0.00,,,972.86,972.86,2.18,195.00,262.00,1.03,19490280,2026-09-18T05:37:29Z
C,orig,baseline,baseline,128,6,0,0.00,0.00,833.42,0.00,0.00,0.00,,,833.42,833.42,1.57,18.00,35.00,1.03,19491064,2026-09-18T05:37:29Z
C_hit,orig,baseline,baseline,128,6,0,0.00,0.00,581.40,0.00,0.00,0.00,,,581.40,581.40,1.62,37.00,62.00,1.03,19490348,2026-09-18T05:37:29Z
A,orig,layers_5,pread,128,6,0,0.00,100.00,919.58,669.85,228.99,440.86,,,1589.43,1360.44,2.13,184.00,262.00,1.03,19489940,2026-09-18T05:37:29Z
A,orig,layers_5,async,128,6,0,0.00,100.00,940.86,299.31,229.44,69.87,,,1240.17,1010.73,2.12,184.00,262.00,1.03,19491120,2026-09-18T05:37:30Z
A,orig,layers_5,async_win,128,6,0,0.00,100.00,973.75,300.44,231.66,8.12,60.66,2.00,1274.19,981.87,2.11,184.00,262.00,1.03,19491352,2026-09-18T05:37:30Z
A,orig,layers_5,async_bulk,128,6,0,0.00,100.00,949.54,295.63,226.21,8.13,61.29,2.00,1245.17,957.67,2.13,184.00,262.00,1.03,19492148,2026-09-18T05:37:30Z
A,orig,layers_92,pread,128,6,0,0.00,100.00,577.46,8280.10,227.38,8052.72,,,8857.56,8630.18,2.12,181.00,271.00,1.03,19485944,2026-09-18T05:37:31Z
A,orig,layers_92,async,128,6,0,0.00,100.00,569.63,423.73,225.44,198.28,,,993.36,767.91,2.11,181.00,271.00,1.03,19487056,2026-09-18T05:37:31Z
A,orig,layers_92,async_win,128,6,0,0.00,100.00,571.41,412.82,231.34,116.69,64.78,87.00,984.23,688.10,2.12,181.00,271.00,1.03,19487668,2026-09-18T05:37:31Z
A,orig,layers_92,async_bulk,128,6,0,0.00,100.00,570.04,410.35,227.00,122.20,61.16,87.00,980.39,692.24,2.11,181.00,271.00,1.03,19487116,2026-09-18T05:37:32Z
A,orig,2d,pread,128,6,0,0.00,100.00,571.34,1940.67,230.87,1709.80,,,2512.01,2281.14,2.12,181.00,271.00,1.03,19488504,2026-09-18T05:37:32Z
A,orig,2d,async,128,6,0,0.00,100.00,580.87,312.78,226.84,85.94,,,893.65,666.81,2.14,181.00,271.00,1.03,19488536,2026-09-18T05:37:32Z
A,orig,2d,async_win,128,6,0,0.00,100.00,566.55,391.26,304.47,23.91,62.88,13.00,957.81,590.46,2.06,181.00,271.00,1.03,19489156,2026-09-18T05:37:33Z
A,orig,2d,async_bulk,128,6,0,0.00,100.00,566.09,311.85,225.33,24.02,62.50,13.00,877.94,590.11,2.09,181.00,271.00,1.03,19488772,2026-09-18T05:37:33Z
A,orig,2e_K10,pread,128,6,0,0.00,100.00,179.13,2789.43,226.78,2562.65,,,2968.56,2741.78,2.07,181.00,287.00,1.03,19481816,2026-09-18T05:37:33Z
A,orig,2e_K10,async,128,6,0,0.00,100.00,178.24,324.63,226.99,97.64,,,502.87,275.88,2.10,181.00,287.00,1.03,19480820,2026-09-18T05:37:33Z
A,orig,2e_K10,async_win,128,6,0,0.00,100.00,177.25,320.40,225.47,33.55,61.38,23.00,497.65,210.80,2.10,181.00,287.00,1.03,19481684,2026-09-18T05:37:34Z
A,orig,2e_K10,async_bulk,128,6,0,0.00,100.00,179.41,326.37,227.86,36.24,62.28,23.00,505.78,215.65,2.12,181.00,287.00,1.03,19481216,2026-09-18T05:37:34Z
A,orig,2e_K500,pread,128,6,0,0.00,100.00,182.93,22308.82,226.99,22081.84,,,22491.75,22264.77,2.03,170.00,443.00,1.03,19481668,2026-09-18T05:37:34Z
A,orig,2e_K500,async,128,6,0,0.00,100.00,183.01,1078.37,228.24,850.13,,,1261.38,1033.14,2.09,189.00,383.00,1.03,19481712,2026-09-18T05:37:35Z
A,orig,2e_K500,async_win,128,6,0,0.00,100.00,182.28,999.73,228.22,679.58,91.93,467.00,1182.01,861.86,2.12,189.00,385.00,1.03,19481020,2026-09-18T05:37:35Z
A,orig,2e_K500,async_bulk,128,6,0,0.00,100.00,180.73,1013.84,225.52,697.50,90.81,467.00,1194.57,878.23,2.09,189.00,384.00,1.03,19479640,2026-09-18T05:37:35Z
A,orig,2f_top14,pread,128,6,0,0.00,100.00,567.42,1475.61,227.93,1247.68,,,2043.03,1815.10,2.10,183.00,277.00,1.03,19477716,2026-09-18T05:37:36Z
A,orig,2f_top14,async,128,6,0,0.00,100.00,499.87,306.54,225.56,80.97,,,806.41,580.84,2.07,183.00,277.00,1.03,19466708,2026-09-18T05:37:36Z
A,orig,2f_top14,async_win,128,6,0,0.00,100.00,571.28,310.15,230.37,18.41,61.37,13.00,881.43,589.69,2.16,183.00,277.00,1.03,19467956,2026-09-18T05:37:36Z
A,orig,2f_top14,async_bulk,128,6,0,0.00,100.00,566.32,306.29,226.53,18.73,61.02,13.00,872.61,585.05,2.06,183.00,277.00,1.03,19467920,2026-09-18T05:37:37Z
A,orig,2f_top28,pread,128,6,0,0.00,100.00,180.60,2659.84,228.15,2431.69,,,2840.44,2612.29,2.12,182.00,288.00,1.03,19468012,2026-09-18T05:37:37Z
A,orig,2f_top28,async,128,6,0,0.00,100.00,183.51,325.56,227.89,97.67,,,509.07,281.18,2.09,182.00,288.00,1.03,19468520,2026-09-18T05:37:37Z
A,orig,2f_top28,async_win,128,6,0,0.00,100.00,181.13,326.88,227.76,37.41,61.71,27.00,508.01,218.54,2.12,182.00,288.00,1.03,19469036,2026-09-18T05:37:38Z
A,orig,2f_top28,async_bulk,128,6,0,0.00,100.00,180.88,327.48,227.39,37.79,62.30,27.00,508.36,218.67,2.09,182.00,288.00,1.03,19469128,2026-09-18T05:37:38Z
A,orig,2f_top100,pread,128,6,0,0.00,100.00,179.38,8971.74,225.09,8746.65,,,9151.12,8926.03,2.12,185.00,318.00,1.03,19468276,2026-09-18T05:37:38Z
A,orig,2f_top100,async,128,6,0,0.00,100.00,183.72,477.19,266.26,210.93,,,660.91,394.65,2.13,185.00,318.00,1.03,19468096,2026-09-18T05:37:39Z
A,orig,2f_top100,async_win,128,6,0,0.00,100.00,183.97,414.63,230.49,118.15,65.98,98.00,598.60,302.12,2.17,185.00,318.00,1.03,19468268,2026-09-18T05:37:39Z
A,orig,2f_top100,async_bulk,128,6,0,0.00,100.00,181.62,447.96,226.90,155.70,65.36,98.00,629.58,337.32,2.14,185.00,319.00,1.03,19469532,2026-09-18T05:37:39Z
A,orig,2f_top500,pread,128,6,0,0.00,100.00,184.12,22049.81,225.83,21823.97,,,22233.93,22008.09,2.02,170.00,444.00,1.03,19469560,2026-09-18T05:37:40Z
A,orig,2f_top500,async,128,6,0,0.00,100.00,180.18,1043.94,227.73,816.22,,,1224.12,996.40,2.09,189.00,388.00,1.03,19470504,2026-09-18T05:37:40Z
A,orig,2f_top500,async_win,128,6,0,0.00,100.00,183.77,996.55,242.22,662.91,91.43,455.00,1180.32,846.68,2.09,189.00,389.00,1.03,19470840,2026-09-18T05:37:40Z
A,orig,2f_top500,async_bulk,128,6,0,0.00,100.00,183.11,983.23,228.19,661.09,93.95,455.00,1166.34,844.20,2.10,189.00,385.00,1.03,19471580,2026-09-18T05:37:40Z
A,orig,2f_slru,pread,128,6,0,0.00,100.00,95.04,17846.69,226.80,17619.90,,,17941.73,17714.94,1.56,0.00,278.00,1.03,19472800,2026-09-18T05:37:41Z
A,orig,2f_slru,async,128,6,0,0.00,100.00,99.69,7404.31,227.91,7176.40,,,7504.00,7276.09,1.53,0.00,278.00,1.03,19470568,2026-09-18T05:37:41Z
A,orig,2f_slru,async_win,128,6,0,0.00,83.90,94.32,2641.12,229.10,2016.06,395.96,138.00,2735.44,2110.38,1.55,0.00,278.00,1.03,19460400,2026-09-18T05:37:41Z
A,orig,2f_slru,async_bulk,128,6,0,0.00,1.50,822.55,706.72,225.81,83.58,397.33,2.00,1529.27,906.13,2.10,181.00,261.00,1.03,19463808,2026-09-18T05:37:42Z
A,orig,leaf_freq_K10,pread,128,6,0,0.00,100.00,532.13,1157.12,227.60,929.53,,,1689.25,1461.66,2.12,182.00,280.00,1.03,19463292,2026-09-18T05:37:42Z
A,orig,leaf_freq_K10,async,128,6,0,0.00,100.00,528.67,302.89,224.81,78.08,,,831.56,606.75,2.07,182.00,280.00,1.03,19464068,2026-09-18T05:37:42Z
A,orig,leaf_freq_K10,async_win,128,6,0,0.00,100.00,526.55,306.63,228.60,15.76,62.27,10.00,833.18,542.31,2.10,182.00,280.00,1.02,19464548,2026-09-18T05:37:43Z
A,orig,leaf_freq_K10,async_bulk,128,6,0,0.00,100.00,464.89,303.20,225.97,14.72,62.51,10.00,768.09,479.61,2.11,182.00,280.00,1.02,19464676,2026-09-18T05:37:43Z
A,orig,leaf_rand_K10,pread,128,6,0,0.00,100.00,927.40,1127.35,227.90,899.45,,,2054.75,1826.85,2.12,182.00,264.00,1.02,19465884,2026-09-18T05:37:43Z
A,orig,leaf_rand_K10,async,128,6,0,0.00,100.00,956.77,300.68,225.39,75.28,,,1257.45,1032.05,2.12,182.00,264.00,1.02,19465496,2026-09-18T05:37:43Z
A,orig,leaf_rand_K10,async_win,128,6,0,0.00,100.00,957.83,303.84,227.98,14.46,61.41,10.00,1261.67,972.29,2.11,182.00,264.00,1.02,19464708,2026-09-18T05:37:44Z
A,orig,leaf_rand_K10,async_bulk,128,6,0,0.00,100.00,819.99,305.00,226.43,16.91,61.67,10.00,1124.99,836.90,2.07,182.00,264.00,1.02,19464928,2026-09-18T05:37:44Z
A,orig,learned_markov_14,pread,128,6,0,0.00,100.00,570.06,1444.42,227.68,1216.75,,,2014.48,1786.81,2.09,181.00,272.00,1.02,19464852,2026-09-18T05:37:44Z
A,orig,learned_markov_14,async,128,6,0,0.00,100.00,569.38,311.17,230.31,80.85,,,880.55,650.23,2.10,181.00,272.00,1.02,19465248,2026-09-18T05:37:45Z
A,orig,learned_markov_14,async_win,128,6,0,0.00,100.00,571.48,312.36,230.08,19.43,62.85,13.00,883.84,590.91,2.13,181.00,272.00,1.02,19465044,2026-09-18T05:37:45Z
A,orig,learned_markov_14,async_bulk,128,6,0,0.00,100.00,568.80,307.33,226.74,18.77,61.83,13.00,876.13,587.57,2.10,181.00,272.00,1.02,19465940,2026-09-18T05:37:45Z
A,orig,learned_markov_28,pread,128,6,0,0.00,100.00,572.54,2681.41,230.53,2450.88,,,3253.95,3023.42,2.10,181.00,273.00,1.02,19466172,2026-09-18T05:37:46Z
A,orig,learned_markov_28,async,128,6,0,0.00,100.00,570.83,325.59,224.38,101.21,,,896.42,672.04,2.12,181.00,272.00,1.02,19466696,2026-09-18T05:37:46Z
A,orig,learned_markov_28,async_win,128,6,0,0.00,100.00,571.10,330.17,231.13,35.87,63.17,26.00,901.27,606.97,2.12,181.00,272.00,1.02,19461904,2026-09-18T05:37:46Z
A,orig,learned_markov_28,async_bulk,128,6,0,0.00,100.00,568.02,327.55,228.84,34.56,64.14,26.00,895.57,602.58,2.10,181.00,272.00,1.02,19464528,2026-09-18T05:37:47Z
B,orig,layers_5,pread,128,6,0,0.00,100.00,978.87,669.89,227.93,441.96,,,1648.76,1420.83,2.21,196.00,263.00,1.02,19465780,2026-09-18T05:37:47Z
B,orig,layers_5,async,128,6,0,0.00,100.00,940.93,299.35,228.70,70.65,,,1240.28,1011.58,2.21,197.00,262.00,1.02,19467168,2026-09-18T05:37:47Z
B,orig,layers_5,async_win,128,6,0,0.00,100.00,835.72,295.05,225.79,8.12,61.15,2.00,1130.77,843.84,2.15,197.00,262.00,1.02,19467712,2026-09-18T05:37:48Z
B,orig,layers_5,async_bulk,128,6,0,0.00,100.00,945.96,295.97,227.02,7.42,61.53,2.00,1241.93,953.38,2.21,197.00,262.00,1.02,19468196,2026-09-18T05:37:48Z
B,orig,layers_92,pread,128,6,0,0.00,100.00,504.09,8227.27,226.60,8000.67,,,8731.36,8504.76,2.20,195.00,273.00,1.02,19470236,2026-09-18T05:37:48Z
B,orig,layers_92,async,128,6,0,0.00,100.00,475.69,422.83,227.35,195.49,,,898.52,671.18,2.21,197.00,269.00,1.02,19477872,2026-09-18T05:37:49Z
B,orig,layers_92,async_win,128,6,0,0.00,100.00,569.25,411.34,230.57,113.75,67.02,87.00,980.59,683.00,2.20,197.00,269.00,1.02,19478344,2026-09-18T05:37:49Z
B,orig,layers_92,async_bulk,128,6,0,0.00,100.00,500.86,416.31,226.15,124.02,66.14,87.00,917.17,624.88,2.15,197.00,269.00,1.02,19478872,2026-09-18T05:37:49Z
B,orig,2d,pread,128,6,0,0.00,100.00,500.24,1946.31,225.11,1721.20,,,2446.55,2221.44,2.14,195.00,273.00,1.02,19479088,2026-09-18T05:37:50Z
B,orig,2d,async,128,6,0,0.00,100.00,497.18,310.43,225.28,85.15,,,807.61,582.33,2.15,197.00,269.00,1.02,19479064,2026-09-18T05:37:50Z
B,orig,2d,async_win,128,6,0,0.00,100.00,499.82,311.25,225.39,23.37,62.49,13.00,811.07,523.19,2.16,197.00,269.00,1.02,19479640,2026-09-18T05:37:50Z
B,orig,2d,async_bulk,128,6,0,0.00,100.00,464.70,310.76,227.09,21.15,62.53,13.00,775.46,485.85,2.20,197.00,269.00,1.02,19481020,2026-09-18T05:37:51Z
B,orig,2e_K10,pread,128,6,0,0.00,100.00,508.83,2752.14,227.99,2524.16,,,3260.97,3032.99,2.14,195.00,273.00,1.02,19481708,2026-09-18T05:37:51Z
B,orig,2e_K10,async,128,6,0,0.00,100.00,535.24,325.26,226.72,98.55,,,860.50,633.79,2.19,197.00,269.00,1.02,19483716,2026-09-18T05:37:51Z
B,orig,2e_K10,async_win,128,6,0,0.00,100.00,539.73,323.22,228.08,32.62,62.52,23.00,862.95,572.35,2.22,197.00,269.00,1.02,19483740,2026-09-18T05:37:51Z
B,orig,2e_K10,async_bulk,128,6,0,0.00,100.00,472.31,321.51,226.26,32.94,62.32,23.00,793.82,505.25,2.19,197.00,269.00,1.02,19485316,2026-09-18T05:37:52Z
B,orig,2e_K500,pread,128,6,0,0.00,100.00,494.18,19265.16,228.28,19036.88,,,19759.34,19531.06,1.95,122.00,348.00,1.02,19486644,2026-09-18T05:37:52Z
B,orig,2e_K500,async,128,6,0,0.00,100.00,527.31,1075.12,228.46,846.66,,,1602.43,1373.97,2.16,190.00,340.00,1.10,19466720,2026-09-18T05:37:52Z
B,orig,2e_K500,async_win,128,6,0,0.00,100.00,495.66,995.99,223.31,682.51,90.17,461.00,1491.65,1178.17,2.15,190.00,339.00,1.10,19467992,2026-09-18T05:37:53Z
B,orig,2e_K500,async_bulk,128,6,0,0.00,100.00,489.82,1014.55,227.32,695.49,91.74,461.00,1504.37,1185.31,2.14,190.00,335.00,1.10,19467884,2026-09-18T05:37:53Z
B,orig,2f_top14,pread,128,6,0,0.00,100.00,570.99,1474.70,226.41,1248.29,,,2045.69,1819.28,2.20,197.00,268.00,1.10,19476888,2026-09-18T05:37:53Z
B,orig,2f_top14,async,128,6,0,0.00,100.00,573.02,313.49,230.33,83.16,,,886.51,656.18,2.20,197.00,268.00,1.10,19460464,2026-09-18T05:37:54Z
B,orig,2f_top14,async_win,128,6,0,0.00,100.00,541.86,314.18,229.68,21.85,62.65,13.00,856.04,563.71,2.24,197.00,268.00,1.10,19461060,2026-09-18T05:37:54Z
B,orig,2f_top14,async_bulk,128,6,0,0.00,100.00,503.72,308.22,225.61,20.88,61.73,13.00,811.94,524.60,2.16,197.00,268.00,1.10,19461792,2026-09-18T05:37:54Z
B,orig,2f_top28,pread,128,6,0,0.00,100.00,509.99,2563.68,227.44,2336.24,,,3073.67,2846.23,2.19,197.00,268.00,1.10,19462936,2026-09-18T05:37:55Z
B,orig,2f_top28,async,128,6,0,0.00,100.00,500.42,322.12,223.29,98.83,,,822.54,599.25,2.15,197.00,268.00,1.10,19462816,2026-09-18T05:37:55Z
B,orig,2f_top28,async_win,128,6,0,0.00,100.00,545.73,327.12,228.54,35.63,62.95,27.00,872.85,581.36,2.21,197.00,268.00,1.10,19464472,2026-09-18T05:37:55Z
B,orig,2f_top28,async_bulk,128,6,0,0.00,100.00,502.83,326.60,225.81,37.31,63.48,27.00,829.43,540.14,2.18,197.00,268.00,1.10,19464688,2026-09-18T05:37:56Z
B,orig,2f_top100,pread,128,6,0,0.00,100.00,542.34,8515.96,200.40,8315.56,,,9058.30,8857.90,2.17,194.00,294.00,1.10,19465316,2026-09-18T05:37:56Z
B,orig,2f_top100,async,128,6,0,0.00,100.00,511.91,398.06,195.18,202.88,,,909.97,714.79,2.18,196.00,288.00,1.10,19466852,2026-09-18T05:37:56Z
B,orig,2f_top100,async_win,128,6,0,0.00,100.00,477.89,449.52,206.40,170.76,72.37,98.00,927.41,648.65,2.17,196.00,288.00,1.10,19467168,2026-09-18T05:37:57Z
B,orig,2f_top100,async_bulk,128,6,0,0.00,100.00,546.98,391.70,199.20,125.62,66.88,98.00,938.68,672.60,2.18,196.00,288.00,1.10,19466864,2026-09-18T05:37:57Z
B,orig,2f_top500,pread,128,6,0,0.00,100.00,511.07,19304.69,199.10,19105.59,,,19815.76,19616.66,1.96,122.00,350.00,1.10,19467460,2026-09-18T05:37:57Z
B,orig,2f_top500,async,128,6,0,0.00,22.20,1277.04,931.89,197.92,733.97,,,2208.93,2011.01,2.16,190.00,341.00,1.09,19468992,2026-09-18T05:37:58Z
B,orig,2f_top500,async_win,128,6,0,0.00,100.00,490.85,1002.01,197.86,674.63,129.52,450.00,1492.86,1165.48,2.14,190.00,340.00,1.09,19463644,2026-09-18T05:37:58Z
B,orig,2f_top500,async_bulk,128,6,0,0.00,100.00,489.38,1017.28,197.70,691.16,128.42,450.00,1506.66,1180.54,2.16,190.00,341.00,1.09,19467860,2026-09-18T05:37:58Z
B,orig,2f_slru,pread,128,6,0,0.00,100.00,96.12,18465.65,197.72,18267.93,,,18561.77,18364.05,1.55,0.00,278.00,1.09,19468936,2026-09-18T05:37:59Z
B,orig,2f_slru,async,128,6,0,0.00,100.00,97.80,7349.33,198.72,7150.60,,,7447.13,7248.40,1.61,0.00,278.00,1.09,19466140,2026-09-18T05:37:59Z
B,orig,2f_slru,async_win,128,6,0,0.00,92.70,100.50,2652.14,198.68,2048.06,405.39,138.00,2752.64,2148.56,1.61,0.00,278.00,1.09,19466132,2026-09-18T05:37:59Z
B,orig,2f_slru,async_bulk,128,6,0,0.00,1.50,850.97,677.28,196.04,78.48,402.77,2.00,1528.25,929.45,2.21,194.00,260.00,1.09,19470160,2026-09-18T05:37:59Z
B,orig,leaf_freq_K10,pread,128,6,0,0.00,100.00,850.26,1092.57,200.79,891.79,,,1942.83,1742.05,2.15,195.00,262.00,1.09,19470768,2026-09-18T05:38:00Z
B,orig,leaf_freq_K10,async,128,6,0,0.00,100.00,977.40,273.06,198.05,75.01,,,1250.46,1052.41,2.20,195.00,262.00,1.09,19471184,2026-09-18T05:38:00Z
B,orig,leaf_freq_K10,async_win,128,6,0,0.00,100.00,953.53,273.16,197.19,15.39,60.58,10.00,1226.69,968.92,2.18,195.00,262.00,1.09,19472204,2026-09-18T05:38:00Z
B,orig,leaf_freq_K10,async_bulk,128,6,0,0.00,100.00,818.66,273.17,197.23,14.74,61.20,10.00,1091.83,833.40,2.14,195.00,262.00,1.09,19472436,2026-09-18T05:38:01Z
B,orig,leaf_rand_K10,pread,128,6,0,0.00,100.00,885.79,1097.19,196.21,900.98,,,1982.98,1786.77,2.18,195.00,262.00,1.09,19473076,2026-09-18T05:38:01Z
B,orig,leaf_rand_K10,async,128,6,0,0.00,100.00,910.51,273.44,196.84,76.60,,,1183.95,987.11,2.19,195.00,262.00,1.09,19475348,2026-09-18T05:38:01Z
B,orig,leaf_rand_K10,async_win,128,6,0,0.00,100.00,883.84,276.67,197.49,17.55,61.63,10.00,1160.51,901.39,2.18,195.00,262.00,1.09,19475496,2026-09-18T05:38:02Z
B,orig,leaf_rand_K10,async_bulk,128,6,0,0.00,100.00,885.60,281.84,199.53,20.15,62.16,10.00,1167.44,905.75,2.19,195.00,262.00,1.09,19474436,2026-09-18T05:38:02Z
B,orig,learned_markov_14,pread,128,6,0,0.00,100.00,503.15,1408.39,196.06,1212.33,,,1911.54,1715.48,2.15,197.00,268.00,1.09,19473864,2026-09-18T05:38:02Z
B,orig,learned_markov_14,async,128,6,0,0.00,100.00,503.79,276.80,197.01,79.79,,,780.59,583.58,2.15,197.00,268.00,1.08,19476080,2026-09-18T05:38:03Z
B,orig,learned_markov_14,async_win,128,6,0,0.00,100.00,441.56,280.04,198.08,20.01,61.95,13.00,721.60,461.57,2.17,197.00,268.00,1.08,19476444,2026-09-18T05:38:03Z
B,orig,learned_markov_14,async_bulk,128,6,0,0.00,100.00,472.09,279.92,199.28,19.05,61.60,13.00,752.01,491.14,2.21,197.00,268.00,1.08,19471572,2026-09-18T05:38:03Z
B,orig,learned_markov_28,pread,128,6,0,0.00,100.00,586.00,2526.09,198.18,2327.91,,,3112.09,2913.91,2.20,197.00,270.00,1.08,19472128,2026-09-18T05:38:04Z
B,orig,learned_markov_28,async,128,6,0,0.00,100.00,469.21,293.43,197.17,96.26,,,762.64,565.47,2.15,197.00,270.00,1.08,19472292,2026-09-18T05:38:04Z
B,orig,learned_markov_28,async_win,128,6,0,0.00,100.00,539.99,296.02,199.11,34.45,62.46,27.00,836.01,574.44,2.23,197.00,270.00,1.08,19472624,2026-09-18T05:38:04Z
B,orig,learned_markov_28,async_bulk,128,6,0,0.00,100.00,473.03,296.29,196.02,38.05,62.22,27.00,769.32,511.08,2.17,197.00,270.00,1.08,19473128,2026-09-18T05:38:05Z
C,orig,layers_5,pread,128,6,0,0.00,100.00,959.75,638.95,198.09,440.86,,,1598.70,1400.61,1.57,18.00,35.00,1.08,19473304,2026-09-18T05:38:05Z
C,orig,layers_5,async,128,6,0,0.00,100.00,956.02,267.11,196.83,70.28,,,1223.13,1026.30,1.57,18.00,35.00,1.08,19473864,2026-09-18T05:38:05Z
C,orig,layers_5,async_win,128,6,0,0.00,100.00,955.49,268.12,199.28,7.19,61.66,2.00,1223.61,962.68,1.56,18.00,35.00,1.08,19474800,2026-09-18T05:38:05Z
C,orig,layers_5,async_bulk,128,6,0,0.00,100.00,953.38,265.41,196.43,7.93,61.05,2.00,1218.79,961.31,1.57,18.00,35.00,1.08,19474732,2026-09-18T05:38:06Z
C,orig,layers_92,pread,128,6,0,0.00,100.00,515.18,8126.28,196.99,7929.29,,,8641.46,8444.47,1.57,18.00,38.00,1.08,19475324,2026-09-18T05:38:06Z
C,orig,layers_92,async,128,6,0,0.00,100.00,554.89,393.60,194.41,199.19,,,948.49,754.08,1.56,18.00,38.00,1.08,19475400,2026-09-18T05:38:06Z
C,orig,layers_92,async_win,128,6,0,0.00,100.00,552.28,374.86,197.41,112.00,65.45,87.00,927.14,664.28,1.56,18.00,38.00,1.08,19473952,2026-09-18T05:38:06Z
C,orig,layers_92,async_bulk,128,6,0,0.00,100.00,560.40,382.43,199.57,117.07,65.78,87.00,942.83,677.47,1.56,18.00,38.00,1.08,19474356,2026-09-18T05:38:07Z
C,orig,2d,pread,128,6,0,0.00,100.00,513.24,559.06,197.50,361.56,,,1072.30,874.80,1.56,18.00,38.00,1.08,19474556,2026-09-18T05:38:07Z
C,orig,2d,async,128,6,0,0.00,100.00,553.63,267.45,198.56,68.89,,,821.08,622.52,1.59,18.00,38.00,1.08,19475588,2026-09-18T05:38:07Z
C,orig,2d,async_win,128,6,0,0.00,100.00,580.61,266.25,197.47,7.37,61.41,2.00,846.86,587.98,1.56,18.00,38.00,1.08,19476352,2026-09-18T05:38:07Z
C,orig,2d,async_bulk,128,6,0,0.00,100.00,506.71,271.36,202.72,7.57,61.06,2.00,778.07,514.28,1.57,18.00,38.00,1.08,19476928,2026-09-18T05:38:08Z
C,orig,2e_K10,pread,128,6,0,0.00,100.00,564.50,1403.33,197.01,1206.32,,,1967.83,1770.82,1.58,17.00,41.00,1.08,19476068,2026-09-18T05:38:08Z
C,orig,2e_K10,async,128,6,0,0.00,100.00,585.90,281.32,201.68,79.64,,,867.22,665.54,1.56,18.00,40.00,1.08,19476424,2026-09-18T05:38:08Z
C,orig,2e_K10,async_win,128,6,0,0.00,100.00,511.40,271.43,194.62,15.91,60.91,8.00,782.83,527.31,1.56,18.00,40.00,1.08,19467864,2026-09-18T05:38:09Z
C,orig,2e_K10,async_bulk,128,6,0,0.00,100.00,583.22,272.65,195.49,16.15,61.02,8.00,855.87,599.37,1.57,18.00,40.00,1.08,19468812,2026-09-18T05:38:09Z
C,orig,2e_K500,pread,128,6,0,0.00,100.00,185.26,2478.50,197.55,2280.95,,,2663.76,2466.21,1.50,0.00,37.00,1.08,19489044,2026-09-18T05:38:09Z
C,orig,2e_K500,async,128,6,0,0.00,59.20,184.62,665.68,199.44,466.24,,,850.30,650.86,1.51,0.00,37.00,1.08,19489404,2026-09-18T05:38:09Z
C,orig,2e_K500,async_win,128,6,0,0.00,100.00,183.00,504.57,197.79,223.18,83.60,90.00,687.57,406.18,1.52,0.00,37.00,1.08,19489872,2026-09-18T05:38:10Z
C,orig,2e_K500,async_bulk,128,6,0,0.00,45.90,186.59,501.68,200.32,214.47,86.89,90.00,688.27,401.06,1.52,0.00,37.00,1.08,19490316,2026-09-18T05:38:10Z
C,orig,2f_top14,pread,128,6,0,0.00,100.00,193.40,1300.18,197.44,1102.74,,,1493.58,1296.14,1.56,16.00,41.00,1.08,19490252,2026-09-18T05:38:10Z
C,orig,2f_top14,async,128,6,0,0.00,100.00,459.41,279.12,196.86,82.27,,,738.53,541.68,1.57,17.00,40.00,1.08,19491028,2026-09-18T05:38:10Z
C,orig,2f_top14,async_win,128,6,0,0.00,100.00,584.38,274.93,196.71,17.43,60.78,9.00,859.31,601.81,1.58,17.00,40.00,1.08,19490364,2026-09-18T05:38:11Z
C,orig,2f_top14,async_bulk,128,6,0,0.00,100.00,587.57,268.06,191.11,16.30,60.65,9.00,855.63,603.87,1.56,17.00,40.00,1.08,19490852,2026-09-18T05:38:11Z
C,orig,2f_top28,pread,128,6,0,0.00,100.00,182.96,1311.07,197.69,1113.37,,,1494.03,1296.33,1.55,15.00,40.00,1.08,19490816,2026-09-18T05:38:11Z
C,orig,2f_top28,async,128,6,0,0.00,100.00,179.97,293.93,198.78,95.15,,,473.90,275.12,1.57,17.00,40.00,1.08,19490984,2026-09-18T05:38:11Z
C,orig,2f_top28,async_win,128,6,0,0.00,100.00,184.23,285.40,197.07,26.39,61.94,13.00,469.63,210.62,1.56,17.00,40.00,1.08,19490412,2026-09-18T05:38:12Z
C,orig,2f_top28,async_bulk,128,6,0,0.00,100.00,184.23,289.85,199.71,26.69,63.45,13.00,474.08,210.92,1.57,17.00,40.00,1.08,19490856,2026-09-18T05:38:12Z
C,orig,2f_top100,pread,128,6,0,0.00,100.00,177.39,1402.01,198.68,1203.32,,,1579.40,1380.71,1.54,10.00,39.00,1.08,19491312,2026-09-18T05:38:12Z
C,orig,2f_top100,async,128,6,0,0.00,100.00,186.05,379.35,200.02,179.34,,,565.40,365.39,1.55,13.00,38.00,1.08,19490960,2026-09-18T05:38:12Z
C,orig,2f_top100,async_win,128,6,0,0.00,100.00,180.88,356.41,197.68,92.50,66.22,32.00,537.29,273.38,1.54,13.00,38.00,1.07,19491984,2026-09-18T05:38:13Z
C,orig,2f_top100,async_bulk,128,6,0,0.00,100.00,182.62,331.27,195.94,70.45,64.88,32.00,513.89,253.07,1.57,13.00,38.00,1.07,19492256,2026-09-18T05:38:13Z
C,orig,2f_top500,pread,128,6,0,0.00,100.00,90.81,2793.00,194.76,2598.24,,,2883.81,2689.05,1.52,0.00,37.00,1.07,19492728,2026-09-18T05:38:13Z
C,orig,2f_top500,async,128,6,0,0.00,100.00,92.82,967.32,195.15,772.17,,,1060.14,864.99,1.50,0.00,37.00,1.07,19493544,2026-09-18T05:38:13Z
C,orig,2f_top500,async_win,128,6,0,0.00,100.00,94.67,501.95,197.14,214.56,90.25,15.00,596.62,309.23,1.54,0.00,37.00,1.07,19493892,2026-09-18T05:38:14Z
C,orig,2f_top500,async_bulk,128,6,0,0.00,13.60,842.37,316.94,189.76,38.21,88.97,2.00,1159.31,880.58,1.56,17.00,36.00,1.07,19495408,2026-09-18T05:38:14Z
C,orig,2f_slru,pread,128,6,0,0.00,100.00,91.99,2813.77,194.13,2619.64,,,2905.76,2711.63,1.51,0.00,37.00,1.07,19486888,2026-09-18T05:38:14Z
C,orig,2f_slru,async,128,6,0,0.00,100.00,92.81,976.45,198.62,777.82,,,1069.26,870.63,1.51,0.00,37.00,1.07,19488468,2026-09-18T05:38:14Z
C,orig,2f_slru,async_win,128,6,0,0.00,100.00,93.64,540.08,191.93,218.52,129.62,15.00,633.72,312.16,1.51,0.00,37.00,1.07,19489280,2026-09-18T05:38:15Z
C,orig,2f_slru,async_bulk,128,6,0,0.00,13.60,835.73,361.33,194.40,38.45,128.48,2.00,1197.06,874.18,1.59,17.00,36.00,1.07,19487812,2026-09-18T05:38:15Z
C,orig,leaf_freq_K10,pread,128,6,0,0.00,100.00,1061.72,906.52,197.52,709.00,,,1968.24,1770.72,1.56,17.00,38.00,1.07,19488912,2026-09-18T05:38:15Z
C,orig,leaf_freq_K10,async,128,6,0,0.00,100.00,955.19,275.12,201.21,73.91,,,1230.31,1029.10,1.56,18.00,37.00,1.07,19486656,2026-09-18T05:38:15Z
C,orig,leaf_freq_K10,async_win,128,6,0,0.00,100.00,963.65,269.12,195.75,12.50,60.86,6.00,1232.77,976.15,1.56,18.00,37.00,1.07,19486872,2026-09-18T05:38:16Z
C,orig,leaf_freq_K10,async_bulk,128,6,0,0.00,100.00,968.14,270.39,197.11,11.97,61.30,6.00,1238.53,980.11,1.57,18.00,37.00,1.07,19487268,2026-09-18T05:38:16Z
C,orig,leaf_rand_K10,pread,128,6,0,0.00,100.00,971.53,1096.56,198.34,898.22,,,2068.09,1869.75,1.57,18.00,35.00,1.07,19489044,2026-09-18T05:38:16Z
C,orig,leaf_rand_K10,async,128,6,0,0.00,100.00,968.73,263.72,187.33,76.38,,,1232.45,1045.11,1.56,18.00,35.00,1.07,19488724,2026-09-18T05:38:17Z
C,orig,leaf_rand_K10,async_win,128,6,0,0.00,100.00,971.38,274.44,195.66,17.49,61.28,10.00,1245.82,988.87,1.57,18.00,35.00,1.07,19489080,2026-09-18T05:38:17Z
C,orig,leaf_rand_K10,async_bulk,128,6,0,0.00,100.00,966.68,274.05,196.87,16.79,60.38,10.00,1240.73,983.47,1.56,18.00,35.00,1.07,19488568,2026-09-18T05:38:17Z
C,orig,learned_markov_14,pread,128,6,0,0.00,100.00,187.66,1202.72,195.31,1007.41,,,1390.38,1195.07,1.56,16.00,41.00,1.07,19488804,2026-09-18T05:38:17Z
C,orig,learned_markov_14,async,128,6,0,0.00,100.00,581.10,270.10,192.98,77.11,,,851.20,658.21,1.56,17.00,40.00,1.07,19488672,2026-09-18T05:38:18Z
C,orig,learned_markov_14,async_win,128,6,0,0.00,100.00,578.09,277.00,198.15,16.48,62.37,9.00,855.09,594.57,1.56,17.00,40.00,1.07,19488664,2026-09-18T05:38:18Z
C,orig,learned_markov_14,async_bulk,128,6,0,0.00,100.00,585.24,273.96,194.04,17.70,62.22,9.00,859.20,602.94,1.58,17.00,40.00,1.07,19489204,2026-09-18T05:38:18Z
C,orig,learned_markov_28,pread,128,6,0,0.00,100.00,176.96,1312.10,196.92,1115.18,,,1489.06,1292.14,1.57,15.00,40.00,1.07,19490088,2026-09-18T05:38:18Z
C,orig,learned_markov_28,async,128,6,0,0.00,100.00,175.84,288.95,192.93,96.02,,,464.79,271.86,1.57,17.00,40.00,1.07,19490140,2026-09-18T05:38:19Z
C,orig,learned_markov_28,async_win,128,6,0,0.00,100.00,176.93,284.61,195.52,26.64,62.45,13.00,461.54,203.57,1.58,17.00,40.00,1.07,19490928,2026-09-18T05:38:19Z
C,orig,learned_markov_28,async_bulk,128,6,0,0.00,100.00,176.81,282.61,194.19,26.53,61.90,13.00,459.42,203.34,1.57,17.00,40.00,1.07,19490944,2026-09-18T05:38:19Z
C_hit,orig,layers_5,pread,128,6,0,0.00,100.00,548.66,637.97,196.49,441.48,,,1186.63,990.14,1.65,37.00,62.00,1.07,19470320,2026-09-18T05:38:19Z
C_hit,orig,layers_5,async,128,6,0,0.00,100.00,550.55,262.47,193.64,68.83,,,813.02,619.38,1.66,37.00,62.00,1.07,19482704,2026-09-18T05:38:20Z
C_hit,orig,layers_5,async_win,128,6,0,0.00,100.00,547.97,266.70,197.80,7.71,61.20,2.00,814.67,555.68,1.65,37.00,62.00,1.07,19483316,2026-09-18T05:38:20Z
C_hit,orig,layers_5,async_bulk,128,6,0,0.00,100.00,550.94,267.85,199.28,7.88,60.70,2.00,818.79,558.82,1.65,37.00,62.00,1.07,19485372,2026-09-18T05:38:20Z
C_hit,orig,layers_92,pread,128,6,0,0.00,100.00,400.05,8164.69,197.86,7966.83,,,8564.74,8366.88,1.64,37.00,64.00,1.07,19485928,2026-09-18T05:38:20Z
C_hit,orig,layers_92,async,128,6,0,0.00,100.00,464.93,392.32,197.28,195.04,,,857.25,659.97,1.64,37.00,64.00,1.07,19486204,2026-09-18T05:38:21Z
C_hit,orig,layers_92,async_win,128,6,0,0.00,100.00,400.54,374.29,197.42,110.73,66.14,87.00,774.83,511.27,1.68,37.00,64.00,1.07,19486748,2026-09-18T05:38:21Z
C_hit,orig,layers_92,async_bulk,128,6,0,0.00,100.00,461.63,381.33,194.88,120.97,65.48,87.00,842.96,582.60,1.64,37.00,64.00,1.07,19487412,2026-09-18T05:38:21Z
C_hit,orig,2d,pread,128,6,0,0.00,100.00,408.97,629.76,194.56,435.21,,,1038.73,844.18,1.64,37.00,64.00,1.07,19486408,2026-09-18T05:38:22Z
C_hit,orig,2d,async,128,6,0,0.00,100.00,401.13,268.34,196.77,71.57,,,669.47,472.70,1.65,37.00,64.00,1.07,19486504,2026-09-18T05:38:22Z
C_hit,orig,2d,async_win,128,6,0,0.00,100.00,461.34,263.93,194.60,8.22,61.10,3.00,725.27,469.56,1.63,37.00,64.00,1.07,19486800,2026-09-18T05:38:22Z
C_hit,orig,2d,async_bulk,128,6,0,0.00,100.00,398.62,265.89,196.38,8.33,61.19,3.00,664.51,406.95,1.69,37.00,64.00,1.07,19487404,2026-09-18T05:38:22Z
C_hit,orig,2e_K10,pread,128,6,0,0.00,100.00,176.84,1201.98,200.12,1001.86,,,1378.82,1178.70,1.65,36.00,64.00,1.06,19487520,2026-09-18T05:38:23Z
C_hit,orig,2e_K10,async,128,6,0,0.00,100.00,447.08,278.05,196.73,81.32,,,725.13,528.40,1.65,37.00,64.00,1.06,19488232,2026-09-18T05:38:23Z
C_hit,orig,2e_K10,async_win,128,6,0,0.00,100.00,451.75,272.12,193.59,16.96,61.57,6.00,723.87,468.71,1.64,37.00,64.00,1.06,19488512,2026-09-18T05:38:23Z
C_hit,orig,2e_K10,async_bulk,128,6,0,0.00,100.00,516.73,276.67,199.17,16.23,61.27,6.00,793.40,532.96,1.63,37.00,64.00,1.06,19487556,2026-09-18T05:38:23Z
C_hit,orig,2e_K500,pread,128,6,0,0.00,100.00,179.59,3396.95,194.15,3202.80,,,3576.54,3382.39,1.55,10.00,64.00,1.06,19488072,2026-09-18T05:38:24Z
C_hit,orig,2e_K500,async,128,6,0,0.00,46.90,178.64,882.29,194.44,687.85,,,1060.93,866.49,1.56,12.00,63.00,1.06,19487104,2026-09-18T05:38:24Z
C_hit,orig,2e_K500,async_win,128,6,0,0.00,32.70,184.41,628.70,196.17,339.58,92.95,139.00,813.11,523.99,1.57,12.00,63.00,1.06,19488144,2026-09-18T05:38:24Z
C_hit,orig,2e_K500,async_bulk,128,6,0,0.00,30.30,179.68,619.07,193.45,333.32,92.30,139.00,798.75,513.00,1.56,12.00,63.00,1.06,19489588,2026-09-18T05:38:24Z
C_hit,orig,2f_top14,pread,128,6,0,0.00,100.00,176.18,1065.73,196.48,869.25,,,1241.91,1045.43,1.64,36.00,64.00,1.06,19472076,2026-09-18T05:38:25Z
C_hit,orig,2f_top14,async,128,6,0,0.00,100.00,411.89,275.48,196.51,78.97,,,687.37,490.86,1.64,37.00,64.00,1.06,19472156,2026-09-18T05:38:25Z
C_hit,orig,2f_top14,async_win,128,6,0,0.00,100.00,447.99,272.23,196.46,14.88,60.90,6.00,720.22,462.87,1.80,37.00,64.00,1.06,19474328,2026-09-18T05:38:25Z
C_hit,orig,2f_top14,async_bulk,128,6,0,0.00,100.00,511.03,270.81,193.90,15.50,61.41,6.00,781.84,526.53,1.63,37.00,64.00,1.06,19474176,2026-09-18T05:38:26Z
C_hit,orig,2f_top28,pread,128,6,0,0.00,100.00,175.37,1070.51,195.47,875.04,,,1245.88,1050.41,1.63,35.00,64.00,1.06,19474352,2026-09-18T05:38:26Z
C_hit,orig,2f_top28,async,128,6,0,0.00,100.00,177.13,292.01,196.06,95.95,,,469.14,273.08,1.66,36.00,64.00,1.06,19474896,2026-09-18T05:38:26Z
C_hit,orig,2f_top28,async_win,128,6,0,0.00,100.00,176.49,285.30,200.00,23.02,62.28,8.00,461.79,199.51,1.65,36.00,64.00,1.06,19476324,2026-09-18T05:38:26Z
C_hit,orig,2f_top28,async_bulk,128,6,0,0.00,100.00,177.65,283.01,196.27,23.26,63.48,8.00,460.66,200.91,1.65,36.00,64.00,1.06,19477704,2026-09-18T05:38:27Z
C_hit,orig,2f_top100,pread,128,6,0,0.00,100.00,178.99,1374.09,198.91,1175.18,,,1553.08,1354.17,1.63,31.00,63.00,1.06,19478348,2026-09-18T05:38:27Z
C_hit,orig,2f_top100,async,128,6,0,0.00,100.00,182.68,374.60,195.95,178.65,,,557.28,361.33,1.63,33.00,63.00,1.06,19479200,2026-09-18T05:38:27Z
C_hit,orig,2f_top100,async_win,128,6,0,0.00,100.00,181.95,325.96,189.56,69.64,66.77,28.00,507.91,251.59,1.62,33.00,63.00,1.06,19479024,2026-09-18T05:38:27Z
C_hit,orig,2f_top100,async_bulk,128,6,0,0.00,63.00,181.41,336.75,199.50,70.67,66.58,28.00,518.16,252.08,1.63,33.00,63.00,1.06,19480348,2026-09-18T05:38:28Z
C_hit,orig,2f_top500,pread,128,6,0,0.00,100.00,182.69,3202.96,198.02,3004.94,,,3385.65,3187.63,1.53,10.00,64.00,1.06,19480476,2026-09-18T05:38:28Z
C_hit,orig,2f_top500,async,128,6,0,0.00,43.80,184.53,851.00,198.48,652.52,,,1035.53,837.05,1.58,12.00,64.00,1.06,19481432,2026-09-18T05:38:28Z
C_hit,orig,2f_top500,async_win,128,6,0,0.00,100.00,179.24,615.87,195.94,327.59,92.34,138.00,795.11,506.83,1.60,12.00,64.00,1.06,19482384,2026-09-18T05:38:29Z
C_hit,orig,2f_top500,async_bulk,128,6,0,0.00,29.20,180.60,620.02,195.26,332.67,92.09,138.00,800.62,513.27,1.57,12.00,64.00,1.06,19481728,2026-09-18T05:38:29Z
C_hit,orig,2f_slru,pread,128,6,0,0.00,100.00,93.44,4515.34,196.45,4318.89,,,4608.78,4412.33,1.52,0.00,62.00,1.06,19482176,2026-09-18T05:38:29Z
C_hit,orig,2f_slru,async,128,6,0,0.00,100.00,94.88,1568.92,198.73,1370.19,,,1663.80,1465.07,1.53,0.00,62.00,1.06,19501860,2026-09-18T05:38:29Z
C_hit,orig,2f_slru,async_win,128,6,0,0.00,100.00,94.25,718.87,194.51,397.03,127.33,29.00,813.12,491.28,1.53,0.00,62.00,1.06,19502780,2026-09-18T05:38:30Z
C_hit,orig,2f_slru,async_bulk,128,6,0,0.00,7.00,295.33,365.15,193.59,44.77,126.78,2.00,660.48,340.10,1.64,36.00,61.00,1.06,19503412,2026-09-18T05:38:30Z
C_hit,orig,leaf_freq_K10,pread,128,6,0,0.00,100.00,206.02,785.02,197.24,587.77,,,991.04,793.79,1.63,36.00,63.00,1.06,19502852,2026-09-18T05:38:30Z
C_hit,orig,leaf_freq_K10,async,128,6,0,0.00,100.00,492.38,272.29,197.67,74.62,,,764.67,567.00,1.66,37.00,62.00,1.06,19478960,2026-09-18T05:38:30Z
C_hit,orig,leaf_freq_K10,async_win,128,6,0,0.00,100.00,464.44,268.97,196.97,10.41,61.59,3.00,733.41,474.85,1.65,37.00,62.00,1.06,19484804,2026-09-18T05:38:31Z
C_hit,orig,leaf_freq_K10,async_bulk,128,6,0,0.00,100.00,464.74,268.37,196.20,10.37,61.80,3.00,733.11,475.11,1.66,37.00,62.00,1.06,19485496,2026-09-18T05:38:31Z
C_hit,orig,leaf_rand_K10,pread,128,6,0,0.00,100.00,559.38,1022.59,149.71,872.88,,,1581.97,1432.26,1.64,37.00,62.00,1.06,19485532,2026-09-18T05:38:31Z
C_hit,orig,leaf_rand_K10,async,128,6,0,0.00,100.00,555.99,217.91,144.28,73.63,,,773.90,629.62,1.66,37.00,62.00,1.06,19485916,2026-09-18T05:38:31Z
C_hit,orig,leaf_rand_K10,async_win,128,6,0,0.00,100.00,559.33,224.40,149.08,13.98,61.34,10.00,783.73,573.31,1.64,37.00,62.00,1.06,19486220,2026-09-18T05:38:32Z
C_hit,orig,leaf_rand_K10,async_bulk,128,6,0,0.00,100.00,554.78,276.14,199.68,14.57,61.90,10.00,830.92,569.35,1.65,37.00,62.00,1.06,19486508,2026-09-18T05:38:32Z
C_hit,orig,learned_markov_14,pread,128,6,0,0.00,100.00,181.27,1015.48,150.17,865.31,,,1196.75,1046.58,1.67,36.00,64.00,1.06,19487424,2026-09-18T05:38:32Z
C_hit,orig,learned_markov_14,async,128,6,0,0.00,100.00,442.23,231.97,150.51,81.45,,,674.20,523.68,1.65,37.00,64.00,1.05,19487208,2026-09-18T05:38:33Z
C_hit,orig,learned_markov_14,async_win,128,6,0,0.00,100.00,517.94,260.96,183.60,14.34,63.02,6.00,778.90,532.28,1.63,37.00,64.00,1.05,19486604,2026-09-18T05:38:33Z
C_hit,orig,learned_markov_14,async_bulk,128,6,0,0.00,100.00,518.08,226.85,150.44,13.58,62.83,6.00,744.93,531.66,1.63,37.00,64.00,1.05,19487024,2026-09-18T05:38:33Z
C_hit,orig,learned_markov_28,pread,128,6,0,0.00,100.00,174.00,1020.73,147.30,873.43,,,1194.73,1047.43,1.63,35.00,64.00,1.05,19487164,2026-09-18T05:38:33Z
C_hit,orig,learned_markov_28,async,128,6,0,0.00,100.00,175.62,248.87,152.87,96.00,,,424.49,271.62,1.64,36.00,64.00,1.05,19487252,2026-09-18T05:38:34Z
C_hit,orig,learned_markov_28,async_win,128,6,0,0.00,100.00,176.91,238.69,152.02,23.55,63.12,8.00,415.60,200.46,1.67,36.00,64.00,1.05,19487184,2026-09-18T05:38:34Z
C_hit,orig,learned_markov_28,async_bulk,128,6,0,0.00,100.00,180.25,268.87,183.20,22.68,62.98,8.00,449.12,202.93,1.66,36.00,64.00,1.05,19486788,2026-09-18T05:38:34Z
A,orig,baseline,baseline,128,7,0,0.00,0.00,939.19,0.00,0.00,0.00,,,939.19,939.19,2.14,182.00,264.00,1.05,19488600,2026-09-18T05:38:34Z
B,orig,baseline,baseline,128,7,0,0.00,0.00,959.15,0.00,0.00,0.00,,,959.15,959.15,2.19,195.00,262.00,1.05,19478512,2026-09-18T05:38:35Z
C,orig,baseline,baseline,128,7,0,0.00,0.00,937.30,0.00,0.00,0.00,,,937.30,937.30,1.59,18.00,35.00,1.05,19479260,2026-09-18T05:38:35Z
C_hit,orig,baseline,baseline,128,7,0,0.00,0.00,521.06,0.00,0.00,0.00,,,521.06,521.06,1.64,37.00,62.00,1.05,19479356,2026-09-18T05:38:35Z
A,orig,layers_5,async,128,7,0,0.00,100.00,846.37,293.86,226.39,67.48,,,1140.23,913.85,2.08,184.00,262.00,1.05,19477996,2026-09-18T05:38:36Z
A,orig,layers_5,async_win,128,7,0,0.00,100.00,978.51,297.39,227.32,8.52,61.56,2.00,1275.90,987.03,2.10,184.00,262.00,1.05,19477988,2026-09-18T05:38:36Z
A,orig,layers_92,async,128,7,0,0.00,100.00,570.94,418.11,228.08,190.03,,,989.05,760.97,2.12,181.00,271.00,1.05,19475172,2026-09-18T05:38:36Z
A,orig,layers_92,async_win,128,7,0,0.00,100.00,572.21,410.47,228.28,120.46,61.74,87.00,982.68,692.67,2.09,181.00,271.00,1.05,19475692,2026-09-18T05:38:37Z
A,orig,2d,async,128,7,0,0.00,100.00,569.40,309.61,225.90,83.71,,,879.01,653.11,2.08,181.00,271.00,1.05,19476720,2026-09-18T05:38:37Z
A,orig,2d,async_win,128,7,0,0.00,100.00,568.13,314.11,228.35,23.41,62.35,13.00,882.24,591.54,2.09,181.00,271.00,1.05,19474616,2026-09-18T05:38:37Z
A,orig,2e_K10,async,128,7,0,0.00,100.00,179.44,324.79,227.09,97.70,,,504.23,277.14,2.12,181.00,287.00,1.05,19475688,2026-09-18T05:38:37Z
A,orig,2e_K10,async_win,128,7,0,0.00,100.00,180.91,325.50,229.73,33.14,62.63,23.00,506.41,214.05,2.12,181.00,287.00,1.05,19475448,2026-09-18T05:38:38Z
A,orig,2e_K500,async,128,7,0,0.00,100.00,179.16,1074.11,231.59,842.52,,,1253.27,1021.68,2.09,189.00,384.00,1.05,19476144,2026-09-18T05:38:38Z
A,orig,2e_K500,async_win,128,7,0,0.00,100.00,183.10,998.64,229.56,677.75,91.33,467.00,1181.74,860.85,2.09,189.00,386.00,1.05,19477788,2026-09-18T05:38:38Z
A,orig,2f_top14,async,128,7,0,0.00,100.00,571.81,306.27,226.96,79.31,,,878.08,651.12,2.08,183.00,277.00,1.05,19477952,2026-09-18T05:38:39Z
A,orig,2f_top14,async_win,128,7,0,0.00,100.00,574.72,303.12,224.88,19.92,58.32,13.00,877.84,594.64,2.10,183.00,277.00,1.05,19478064,2026-09-18T05:38:39Z
A,orig,2f_top28,async,128,7,0,0.00,100.00,181.77,326.16,227.98,98.19,,,507.93,279.96,2.10,182.00,288.00,1.05,19478868,2026-09-18T05:38:39Z
A,orig,2f_top28,async_win,128,7,0,0.00,100.00,182.55,327.89,226.40,36.96,64.53,27.00,510.44,219.51,2.11,182.00,288.00,1.05,19478352,2026-09-18T05:38:40Z
A,orig,2f_top100,async,128,7,0,0.00,100.00,186.06,422.38,229.52,192.86,,,608.44,378.92,2.08,185.00,318.00,1.05,19478180,2026-09-18T05:38:40Z
A,orig,2f_top100,async_win,128,7,0,0.00,100.00,182.67,411.79,227.56,119.59,64.64,98.00,594.46,302.26,2.12,185.00,318.00,1.05,19478756,2026-09-18T05:38:40Z
A,orig,2f_top500,async,128,7,0,0.00,100.00,184.78,1037.99,226.09,811.90,,,1222.77,996.68,2.08,189.00,387.00,1.05,19479236,2026-09-18T05:38:41Z
A,orig,2f_top500,async_win,128,7,0,0.00,100.00,186.52,977.53,228.53,659.26,89.74,455.00,1164.05,845.78,2.10,189.00,390.00,1.05,19480032,2026-09-18T05:38:41Z
A,orig,2f_slru,async,128,7,0,0.00,100.00,101.43,7080.92,227.88,6853.04,,,7182.35,6954.47,1.57,0.00,278.00,1.05,19478564,2026-09-18T05:38:41Z
A,orig,2f_slru,async_win,128,7,0,0.00,85.40,98.92,2663.80,227.04,2007.56,429.20,138.00,2762.72,2106.48,1.54,0.00,278.00,1.05,19479988,2026-09-18T05:38:41Z
A,orig,leaf_freq_K10,async,128,7,0,0.00,100.00,592.50,299.93,224.03,75.90,,,892.43,668.40,2.14,182.00,280.00,1.05,19466600,2026-09-18T05:38:42Z
A,orig,leaf_freq_K10,async_win,128,7,0,0.00,100.00,597.30,303.55,228.24,13.44,61.88,10.00,900.85,610.74,2.12,182.00,280.00,1.05,19465580,2026-09-18T05:38:42Z
A,orig,leaf_rand_K10,async,128,7,0,0.00,100.00,989.15,308.21,228.96,79.25,,,1297.36,1068.40,2.13,182.00,264.00,1.05,19465520,2026-09-18T05:38:42Z
A,orig,leaf_rand_K10,async_win,128,7,0,0.00,100.00,996.64,305.08,228.29,15.48,61.31,10.00,1301.72,1012.12,2.15,182.00,264.00,1.12,19465284,2026-09-18T05:38:43Z
A,orig,learned_markov_14,async,128,7,0,0.00,100.00,569.38,308.14,226.26,81.87,,,877.52,651.25,2.09,181.00,272.00,1.12,19467292,2026-09-18T05:38:43Z
A,orig,learned_markov_14,async_win,128,7,0,0.00,100.00,568.24,310.15,227.20,20.39,62.57,13.00,878.39,588.63,2.11,181.00,272.00,1.12,19468356,2026-09-18T05:38:43Z
A,orig,learned_markov_28,async,128,7,0,0.00,100.00,571.71,321.80,227.21,94.59,,,893.51,666.30,2.12,181.00,272.00,1.12,19468812,2026-09-18T05:38:44Z
A,orig,learned_markov_28,async_win,128,7,0,0.00,100.00,570.83,326.15,225.25,37.78,63.12,26.00,896.98,608.61,2.13,181.00,272.00,1.12,19468148,2026-09-18T05:38:44Z
B,orig,layers_5,async,128,7,0,0.00,100.00,903.94,296.80,226.53,70.27,,,1200.74,974.21,2.18,197.00,262.00,1.12,19470900,2026-09-18T05:38:44Z
B,orig,layers_5,async_win,128,7,0,0.00,100.00,902.27,295.61,227.46,6.98,61.16,2.00,1197.88,909.25,2.21,197.00,262.00,1.12,19470968,2026-09-18T05:38:45Z
B,orig,layers_92,async,128,7,0,0.00,100.00,542.55,425.81,228.33,197.48,,,968.36,740.03,2.20,197.00,269.00,1.12,19471148,2026-09-18T05:38:45Z
B,orig,layers_92,async_win,128,7,0,0.00,100.00,501.75,406.06,228.39,111.07,66.61,87.00,907.81,612.82,2.16,197.00,269.00,1.12,19472576,2026-09-18T05:38:45Z
B,orig,2d,async,128,7,0,0.00,100.00,498.97,308.31,224.06,84.25,,,807.28,583.22,2.16,197.00,269.00,1.12,19472284,2026-09-18T05:38:46Z
B,orig,2d,async_win,128,7,0,0.00,100.00,501.66,313.34,230.23,21.42,61.69,13.00,815.00,523.08,2.21,197.00,269.00,1.12,19472236,2026-09-18T05:38:46Z
B,orig,2e_K10,async,128,7,0,0.00,100.00,539.95,325.50,227.63,97.87,,,865.45,637.82,2.20,197.00,268.00,1.12,19472292,2026-09-18T05:38:46Z
B,orig,2e_K10,async_win,128,7,0,0.00,100.00,501.80,319.79,225.01,32.21,62.57,23.00,821.59,534.01,2.13,197.00,269.00,1.12,19471124,2026-09-18T05:38:47Z
B,orig,2e_K500,async,128,7,0,0.00,100.00,494.58,1065.40,226.11,839.30,,,1559.98,1333.88,2.17,190.00,338.00,1.12,19465964,2026-09-18T05:38:47Z
B,orig,2e_K500,async_win,128,7,0,0.00,100.00,561.52,1005.38,225.02,689.73,90.63,461.00,1566.90,1251.25,2.17,190.00,340.00,1.12,19468144,2026-09-18T05:38:47Z
B,orig,2f_top14,async,128,7,0,0.00,100.00,546.62,328.04,246.92,81.11,,,874.66,627.73,2.20,197.00,268.00,1.11,19467472,2026-09-18T05:38:48Z
B,orig,2f_top14,async_win,128,7,0,0.00,100.00,507.00,309.55,227.69,19.42,62.45,13.00,816.55,526.42,2.20,197.00,268.00,1.11,19467924,2026-09-18T05:38:48Z
B,orig,2f_top28,async,128,7,0,0.00,100.00,468.01,324.67,227.32,97.35,,,792.68,565.36,2.16,197.00,268.00,1.11,19470288,2026-09-18T05:38:48Z
B,orig,2f_top28,async_win,128,7,0,0.00,100.00,504.18,324.01,226.21,35.35,62.46,27.00,828.19,539.53,2.15,197.00,268.00,1.11,19470636,2026-09-18T05:38:49Z
B,orig,2f_top100,async,128,7,0,0.00,100.00,448.76,399.90,198.33,201.57,,,848.66,650.33,2.19,196.00,288.00,1.11,19469756,2026-09-18T05:38:49Z
B,orig,2f_top100,async_win,128,7,0,0.00,100.00,540.16,390.95,201.12,122.69,67.15,98.00,931.11,662.85,2.19,196.00,288.00,1.11,19470824,2026-09-18T05:38:49Z
B,orig,2f_top500,async,128,7,0,0.00,25.00,1161.10,927.66,199.14,728.52,,,2088.76,1889.62,2.17,190.00,339.00,1.11,19472196,2026-09-18T05:38:50Z
B,orig,2f_top500,async_win,128,7,0,0.00,100.00,493.07,996.94,198.09,670.04,128.81,450.00,1490.01,1163.11,2.14,190.00,339.00,1.11,19484784,2026-09-18T05:38:50Z
B,orig,2f_slru,async,128,7,0,0.00,100.00,99.45,7136.07,199.06,6937.00,,,7235.52,7036.45,1.60,0.00,278.00,1.11,19481996,2026-09-18T05:38:50Z
B,orig,2f_slru,async_win,128,7,0,0.00,91.10,98.87,2635.20,197.94,2028.17,409.09,138.00,2734.07,2127.04,1.58,0.00,278.00,1.11,19484468,2026-09-18T05:38:50Z
B,orig,leaf_freq_K10,async,128,7,0,0.00,100.00,818.42,271.31,196.70,74.61,,,1089.73,893.03,2.14,195.00,262.00,1.11,19487164,2026-09-18T05:38:51Z
B,orig,leaf_freq_K10,async_win,128,7,0,0.00,100.00,906.72,272.90,198.09,13.34,61.48,10.00,1179.62,920.06,2.13,195.00,262.00,1.11,19487360,2026-09-18T05:38:51Z
B,orig,leaf_rand_K10,async,128,7,0,0.00,100.00,923.11,276.82,201.58,75.24,,,1199.93,998.35,2.20,195.00,262.00,1.11,19487936,2026-09-18T05:38:51Z
B,orig,leaf_rand_K10,async_win,128,7,0,0.00,100.00,986.46,276.06,199.54,15.14,61.38,10.00,1262.52,1001.60,2.20,195.00,262.00,1.11,19488300,2026-09-18T05:38:52Z
B,orig,learned_markov_14,async,128,7,0,0.00,100.00,473.98,281.44,197.30,84.14,,,755.42,558.12,2.19,197.00,268.00,1.11,19488372,2026-09-18T05:38:52Z
B,orig,learned_markov_14,async_win,128,7,0,0.00,100.00,569.35,280.07,198.62,19.47,61.98,13.00,849.42,588.82,2.18,197.00,268.00,1.11,19482304,2026-09-18T05:38:52Z
B,orig,learned_markov_28,async,128,7,0,0.00,100.00,571.64,302.72,203.00,99.72,,,874.36,671.36,2.21,197.00,270.00,1.10,19497396,2026-09-18T05:38:53Z
B,orig,learned_markov_28,async_win,128,7,0,0.00,100.00,503.17,299.62,198.83,38.64,62.15,27.00,802.79,541.81,2.15,197.00,270.00,1.10,19497956,2026-09-18T05:38:53Z
C,orig,layers_5,async,128,7,0,0.00,100.00,893.78,265.02,196.38,68.64,,,1158.80,962.42,1.58,18.00,35.00,1.10,19500488,2026-09-18T05:38:53Z
C,orig,layers_5,async_win,128,7,0,0.00,100.00,930.84,268.33,198.39,8.72,61.23,2.00,1199.17,939.56,1.57,18.00,35.00,1.10,19499968,2026-09-18T05:38:53Z
C,orig,layers_92,async,128,7,0,0.00,100.00,554.32,402.37,199.99,202.38,,,956.69,756.70,1.60,18.00,38.00,1.10,19500052,2026-09-18T05:38:54Z
C,orig,layers_92,async_win,128,7,0,0.00,100.00,509.38,383.49,198.44,119.78,65.26,87.00,892.87,629.16,1.57,18.00,38.00,1.10,19500660,2026-09-18T05:38:54Z
C,orig,2d,async,128,7,0,0.00,100.00,587.68,269.07,199.50,69.57,,,856.75,657.25,1.58,18.00,38.00,1.10,19501928,2026-09-18T05:38:54Z
C,orig,2d,async_win,128,7,0,0.00,100.00,514.37,266.19,196.94,8.04,61.20,2.00,780.56,522.41,1.60,18.00,38.00,1.10,19501176,2026-09-18T05:38:55Z
C,orig,2e_K10,async,128,7,0,0.00,100.00,582.25,278.19,198.01,80.18,,,860.44,662.43,1.59,18.00,40.00,1.10,19501856,2026-09-18T05:38:55Z
C,orig,2e_K10,async_win,128,7,0,0.00,100.00,581.80,273.30,195.22,16.47,61.62,8.00,855.10,598.27,1.58,18.00,40.00,1.10,19500012,2026-09-18T05:38:55Z
C,orig,2e_K500,async,128,7,0,0.00,70.40,184.43,692.97,199.03,493.94,,,877.40,678.37,1.53,0.00,37.00,1.10,19484800,2026-09-18T05:38:55Z
C,orig,2e_K500,async_win,128,7,0,0.00,42.30,180.30,504.72,199.88,221.07,83.77,90.00,685.02,401.37,1.52,0.00,37.00,1.10,19485376,2026-09-18T05:38:56Z
C,orig,2f_top14,async,128,7,0,0.00,100.00,430.40,275.36,196.80,78.56,,,705.76,508.96,1.59,17.00,40.00,1.10,19485124,2026-09-18T05:38:56Z
C,orig,2f_top14,async_win,128,7,0,0.00,100.00,519.24,276.83,198.22,17.02,61.59,9.00,796.07,536.26,1.58,17.00,40.00,1.10,19484364,2026-09-18T05:38:56Z
C,orig,2f_top28,async,128,7,0,0.00,100.00,179.16,292.64,197.52,95.12,,,471.80,274.28,1.59,17.00,40.00,1.10,19484884,2026-09-18T05:38:56Z
C,orig,2f_top28,async_win,128,7,0,0.00,100.00,179.92,285.49,197.01,26.35,62.13,13.00,465.41,206.27,1.59,17.00,40.00,1.10,19485796,2026-09-18T05:38:57Z
C,orig,2f_top100,async,128,7,0,0.00,100.00,180.75,383.12,198.80,184.32,,,563.87,365.07,1.56,13.00,38.00,1.10,19485792,2026-09-18T05:38:57Z
C,orig,2f_top100,async_win,128,7,0,0.00,100.00,182.99,338.92,197.74,73.89,67.29,32.00,521.91,256.88,1.56,13.00,38.00,1.10,19484812,2026-09-18T05:38:57Z
C,orig,2f_top500,async,128,7,0,0.00,100.00,99.32,927.27,197.03,730.24,,,1026.59,829.56,1.53,0.00,37.00,1.10,19484604,2026-09-18T05:38:57Z
C,orig,2f_top500,async_win,128,7,0,0.00,100.00,101.99,535.77,200.49,244.95,90.33,15.00,637.76,346.94,1.51,0.00,37.00,1.09,19485832,2026-09-18T05:38:58Z
C,orig,2f_slru,async,128,7,0,0.00,100.00,95.84,981.57,196.88,784.69,,,1077.41,880.53,1.53,0.00,37.00,1.09,19475216,2026-09-18T05:38:58Z
C,orig,2f_slru,async_win,128,7,0,0.00,100.00,96.78,533.38,195.40,210.14,127.85,15.00,630.16,306.92,1.52,0.00,37.00,1.09,19476580,2026-09-18T05:38:58Z
C,orig,leaf_freq_K10,async,128,7,0,0.00,100.00,947.61,268.13,193.75,74.39,,,1215.74,1022.00,1.59,18.00,37.00,1.09,19475804,2026-09-18T05:38:58Z
C,orig,leaf_freq_K10,async_win,128,7,0,0.00,100.00,976.15,271.82,197.57,12.05,62.20,6.00,1247.97,988.20,1.60,18.00,37.00,1.09,19474716,2026-09-18T05:38:59Z
C,orig,leaf_rand_K10,async,128,7,0,0.00,100.00,908.27,270.72,193.43,77.28,,,1178.99,985.55,1.58,18.00,35.00,1.09,19475372,2026-09-18T05:38:59Z
C,orig,leaf_rand_K10,async_win,128,7,0,0.00,100.00,972.00,273.08,196.77,14.93,61.39,10.00,1245.08,986.93,1.61,18.00,35.00,1.09,19476720,2026-09-18T05:38:59Z
C,orig,learned_markov_14,async,128,7,0,0.00,100.00,486.96,274.04,193.46,80.57,,,761.00,567.53,1.59,17.00,40.00,1.09,19476776,2026-09-18T05:38:59Z
C,orig,learned_markov_14,async_win,128,7,0,0.00,100.00,582.77,274.83,197.10,17.01,60.71,9.00,857.60,599.78,1.62,17.00,40.00,1.09,19476852,2026-09-18T05:39:00Z
C,orig,learned_markov_28,async,128,7,0,0.00,100.00,180.53,290.72,195.02,95.70,,,471.25,276.23,1.59,17.00,40.00,1.09,19477368,2026-09-18T05:39:00Z
C,orig,learned_markov_28,async_win,128,7,0,0.00,100.00,181.18,285.88,196.45,26.63,62.80,13.00,467.06,207.81,1.57,17.00,40.00,1.09,19479296,2026-09-18T05:39:00Z
C_hit,orig,layers_5,async,128,7,0,0.00,100.00,549.73,266.70,196.75,69.95,,,816.43,619.68,1.66,37.00,62.00,1.09,19479424,2026-09-18T05:39:01Z
C_hit,orig,layers_5,async_win,128,7,0,0.00,100.00,549.85,264.84,196.26,7.54,61.03,2.00,814.69,557.39,1.66,37.00,62.00,1.09,19480060,2026-09-18T05:39:01Z
C_hit,orig,layers_92,async,128,7,0,0.00,100.00,405.02,394.72,196.79,197.93,,,799.74,602.95,1.67,37.00,64.00,1.09,19480864,2026-09-18T05:39:01Z
C_hit,orig,layers_92,async_win,128,7,0,0.00,100.00,464.61,377.88,195.61,117.33,64.94,87.00,842.49,581.94,1.66,37.00,64.00,1.09,19482064,2026-09-18T05:39:01Z
C_hit,orig,2d,async,128,7,0,0.00,100.00,394.49,264.26,195.11,69.15,,,658.75,463.64,1.66,37.00,64.00,1.09,19482472,2026-09-18T05:39:02Z
C_hit,orig,2d,async_win,128,7,0,0.00,100.00,406.62,266.55,196.52,8.27,61.77,3.00,673.17,414.89,1.66,37.00,64.00,1.09,19482040,2026-09-18T05:39:02Z
C_hit,orig,2e_K10,async,128,7,0,0.00,100.00,535.35,276.62,195.55,81.07,,,811.97,616.42,1.67,37.00,64.00,1.09,19482724,2026-09-18T05:39:02Z
C_hit,orig,2e_K10,async_win,128,7,0,0.00,100.00,448.04,275.40,197.67,15.88,61.85,6.00,723.44,463.92,1.66,37.00,64.00,1.09,19482548,2026-09-18T05:39:02Z
C_hit,orig,2e_K500,async,128,7,0,0.00,44.20,179.60,860.20,197.59,662.61,,,1039.80,842.21,1.59,12.00,63.00,1.09,19481512,2026-09-18T05:39:03Z
C_hit,orig,2e_K500,async_win,128,7,0,0.00,31.70,178.43,621.25,197.91,331.57,91.76,139.00,799.68,510.00,1.58,12.00,63.00,1.09,19482404,2026-09-18T05:39:03Z
C_hit,orig,2f_top14,async,128,7,0,0.00,100.00,513.34,265.68,187.90,77.78,,,779.02,591.12,1.69,37.00,64.00,1.09,19479812,2026-09-18T05:39:03Z
C_hit,orig,2f_top14,async_win,128,7,0,0.00,100.00,447.00,273.23,195.55,16.34,61.34,6.00,720.23,463.34,1.67,37.00,64.00,1.09,19480140,2026-09-18T05:39:04Z
C_hit,orig,2f_top28,async,128,7,0,0.00,100.00,178.32,298.92,194.82,104.11,,,477.24,282.43,1.66,36.00,64.00,1.09,19480648,2026-09-18T05:39:04Z
C_hit,orig,2f_top28,async_win,128,7,0,0.00,100.00,182.54,280.76,196.12,22.87,61.77,8.00,463.30,205.41,1.66,36.00,64.00,1.09,19480376,2026-09-18T05:39:04Z
C_hit,orig,2f_top100,async,128,7,0,0.00,100.00,175.10,370.44,194.28,176.15,,,545.54,351.25,1.64,33.00,63.00,1.09,19479408,2026-09-18T05:39:04Z
C_hit,orig,2f_top100,async_win,128,7,0,0.00,100.00,175.91,328.42,194.74,67.36,66.33,28.00,504.33,243.27,1.63,33.00,63.00,1.09,19479968,2026-09-18T05:39:05Z
C_hit,orig,2f_top500,async,128,7,0,0.00,44.00,178.62,847.11,194.03,653.09,,,1025.73,831.71,1.58,12.00,64.00,1.09,19479876,2026-09-18T05:39:05Z
C_hit,orig,2f_top500,async_win,128,7,0,0.00,100.00,178.68,630.85,196.41,342.17,92.26,138.00,809.53,520.85,1.58,12.00,64.00,1.09,19480868,2026-09-18T05:39:05Z
C_hit,orig,2f_slru,async,128,7,0,0.00,100.00,93.36,1596.84,197.60,1399.24,,,1690.20,1492.60,1.55,0.00,62.00,1.09,19482024,2026-09-18T05:39:05Z
C_hit,orig,2f_slru,async_win,128,7,0,0.00,100.00,94.54,724.92,195.73,402.35,126.85,29.00,819.46,496.89,1.54,0.00,62.00,1.09,19483680,2026-09-18T05:39:06Z
C_hit,orig,leaf_freq_K10,async,128,7,0,0.00,100.00,493.48,269.11,195.31,73.80,,,762.59,567.28,1.65,37.00,62.00,1.09,19483060,2026-09-18T05:39:06Z
C_hit,orig,leaf_freq_K10,async_win,128,7,0,0.00,100.00,462.21,260.56,190.65,9.19,60.72,3.00,722.77,471.40,1.65,37.00,62.00,1.09,19484056,2026-09-18T05:39:06Z
C_hit,orig,leaf_rand_K10,async,128,7,0,0.00,100.00,556.35,222.54,148.18,74.36,,,778.89,630.71,1.66,37.00,62.00,1.09,19484092,2026-09-18T05:39:06Z
C_hit,orig,leaf_rand_K10,async_win,128,7,0,0.00,100.00,495.35,273.95,198.40,14.19,61.37,10.00,769.30,509.54,1.65,37.00,62.00,1.09,19484668,2026-09-18T05:39:07Z
C_hit,orig,learned_markov_14,async,128,7,0,0.00,100.00,407.80,229.41,148.89,80.52,,,637.21,488.32,1.67,37.00,64.00,1.09,19484492,2026-09-18T05:39:07Z
C_hit,orig,learned_markov_14,async_win,128,7,0,0.00,100.00,522.69,226.49,149.32,15.04,62.13,6.00,749.18,537.73,1.70,37.00,64.00,1.09,19485884,2026-09-18T05:39:07Z
C_hit,orig,learned_markov_28,async,128,7,0,0.00,100.00,177.72,326.75,231.46,95.29,,,504.47,273.01,1.65,36.00,64.00,1.08,19485288,2026-09-18T05:39:08Z
C_hit,orig,learned_markov_28,async_win,128,7,0,0.00,100.00,181.29,235.44,150.14,22.71,62.59,8.00,416.73,204.00,1.66,36.00,64.00,1.08,19486164,2026-09-18T05:39:08Z
A,orig,baseline,baseline,128,8,0,0.00,0.00,955.00,0.00,0.00,0.00,,,955.00,955.00,2.12,182.00,264.00,1.08,19487324,2026-09-18T05:39:08Z
B,orig,baseline,baseline,128,8,0,0.00,0.00,975.95,0.00,0.00,0.00,,,975.95,975.95,2.23,195.00,262.00,1.08,19482008,2026-09-18T05:39:08Z
C,orig,baseline,baseline,128,8,0,0.00,0.00,873.47,0.00,0.00,0.00,,,873.47,873.47,1.59,18.00,35.00,1.08,19489052,2026-09-18T05:39:09Z
C_hit,orig,baseline,baseline,128,8,0,0.00,0.00,582.75,0.00,0.00,0.00,,,582.75,582.75,1.65,37.00,62.00,1.08,19489296,2026-09-18T05:39:09Z
A,orig,layers_5,async,128,8,0,0.00,100.00,913.57,292.25,223.21,69.04,,,1205.82,982.61,2.16,184.00,262.00,1.08,19489016,2026-09-18T05:39:09Z
A,orig,layers_5,async_win,128,8,0,0.00,100.00,921.48,299.82,229.64,8.19,62.00,2.00,1221.30,929.67,2.13,184.00,262.00,1.08,19488732,2026-09-18T05:39:10Z
A,orig,layers_92,async,128,8,0,0.00,100.00,572.64,424.90,226.61,198.29,,,997.54,770.93,2.12,181.00,271.00,1.08,19488504,2026-09-18T05:39:10Z
A,orig,layers_92,async_win,128,8,0,0.00,100.00,572.93,408.85,227.42,115.30,66.13,87.00,981.78,688.23,2.14,181.00,271.00,1.08,19488272,2026-09-18T05:39:10Z
A,orig,2d,async,128,8,0,0.00,100.00,570.67,310.74,226.22,84.52,,,881.41,655.19,2.12,181.00,271.00,1.08,19507356,2026-09-18T05:39:11Z
A,orig,2d,async_win,128,8,0,0.00,100.00,572.58,312.82,228.68,22.60,61.53,13.00,885.40,595.18,2.12,181.00,271.00,1.08,19508236,2026-09-18T05:39:11Z
A,orig,2e_K10,async,128,8,0,0.00,100.00,182.24,327.13,227.94,99.20,,,509.37,281.44,2.08,181.00,287.00,1.08,19508036,2026-09-18T05:39:11Z
A,orig,2e_K10,async_win,128,8,0,0.00,100.00,181.08,318.96,223.59,33.40,61.97,23.00,500.04,214.48,2.13,181.00,287.00,1.08,19508580,2026-09-18T05:39:11Z
A,orig,2e_K500,async,128,8,0,0.00,100.00,183.54,1066.67,230.25,836.41,,,1250.21,1019.95,2.12,189.00,384.00,1.08,19508440,2026-09-18T05:39:12Z
A,orig,2e_K500,async_win,128,8,0,0.00,100.00,184.72,1000.59,228.99,680.00,91.60,467.00,1185.31,864.72,2.11,189.00,387.00,1.08,19507392,2026-09-18T05:39:12Z
A,orig,2f_top14,async,128,8,0,0.00,100.00,573.47,305.67,227.42,78.25,,,879.14,651.72,2.13,183.00,277.00,1.08,19508112,2026-09-18T05:39:12Z
A,orig,2f_top14,async_win,128,8,0,0.00,100.00,505.99,307.65,225.71,19.93,62.02,13.00,813.64,525.92,2.08,183.00,277.00,1.07,19506624,2026-09-18T05:39:13Z
A,orig,2f_top28,async,128,8,0,0.00,100.00,182.64,322.15,226.68,95.47,,,504.79,278.11,2.12,182.00,288.00,1.07,19507180,2026-09-18T05:39:13Z
A,orig,2f_top28,async_win,128,8,0,0.00,100.00,182.09,333.44,230.22,38.57,64.64,27.00,515.53,220.66,2.14,182.00,288.00,1.07,19507936,2026-09-18T05:39:13Z
A,orig,2f_top100,async,128,8,0,0.00,100.00,186.85,424.49,226.41,198.07,,,611.34,384.92,2.12,185.00,319.00,1.07,19507872,2026-09-18T05:39:14Z
A,orig,2f_top100,async_win,128,8,0,0.00,100.00,189.96,428.44,230.67,132.13,65.63,98.00,618.40,322.09,2.15,185.00,316.00,1.07,19507924,2026-09-18T05:39:14Z
A,orig,2f_top500,async,128,8,0,0.00,100.00,182.57,1032.21,226.48,805.74,,,1214.78,988.31,2.11,189.00,389.00,1.07,19492936,2026-09-18T05:39:14Z
A,orig,2f_top500,async_win,128,8,0,0.00,100.00,184.20,1006.15,226.92,688.67,90.56,455.00,1190.35,872.87,2.11,189.00,387.00,1.07,19506576,2026-09-18T05:39:15Z
A,orig,2f_slru,async,128,8,0,0.00,100.00,98.31,7182.20,226.95,6955.26,,,7280.51,7053.57,1.59,0.00,278.00,1.07,19505512,2026-09-18T05:39:15Z
A,orig,2f_slru,async_win,128,8,0,0.00,86.10,96.17,2559.64,229.19,1932.59,397.86,138.00,2655.81,2028.76,1.57,0.00,278.00,1.07,19505580,2026-09-18T05:39:15Z
A,orig,leaf_freq_K10,async,128,8,0,0.00,100.00,529.20,302.47,226.65,75.82,,,831.67,605.02,2.14,182.00,280.00,1.07,19506484,2026-09-18T05:39:16Z
A,orig,leaf_freq_K10,async_win,128,8,0,0.00,100.00,594.46,298.95,222.79,14.50,61.67,10.00,893.41,608.96,2.15,182.00,280.00,1.07,19493528,2026-09-18T05:39:16Z
A,orig,leaf_rand_K10,async,128,8,0,0.00,100.00,897.96,305.71,227.33,78.39,,,1203.67,976.35,2.14,182.00,264.00,1.07,19494460,2026-09-18T05:39:16Z
A,orig,leaf_rand_K10,async_win,128,8,0,0.00,100.00,882.61,301.52,225.78,14.89,60.84,10.00,1184.13,897.50,2.12,182.00,264.00,1.07,19494844,2026-09-18T05:39:16Z
A,orig,learned_markov_14,async,128,8,0,0.00,100.00,572.73,306.67,226.66,80.01,,,879.40,652.74,2.11,181.00,272.00,1.07,19495736,2026-09-18T05:39:17Z
A,orig,learned_markov_14,async_win,128,8,0,0.00,100.00,569.99,312.87,227.44,23.39,62.04,13.00,882.86,593.38,2.12,181.00,272.00,1.07,19496164,2026-09-18T05:39:17Z
A,orig,learned_markov_28,async,128,8,0,0.00,100.00,571.54,333.88,229.57,104.31,,,905.42,675.85,2.12,181.00,272.00,1.07,19496548,2026-09-18T05:39:17Z
A,orig,learned_markov_28,async_win,128,8,0,0.00,100.00,572.89,332.96,233.92,35.60,63.44,26.00,905.85,608.49,2.11,181.00,272.00,1.15,19497360,2026-09-18T05:39:18Z
B,orig,layers_5,async,128,8,0,0.00,100.00,946.28,299.71,229.76,69.95,,,1245.99,1016.23,2.24,197.00,262.00,1.15,19497292,2026-09-18T05:39:18Z
B,orig,layers_5,async_win,128,8,0,0.00,100.00,883.59,295.51,226.72,7.39,61.40,2.00,1179.10,890.98,2.22,197.00,262.00,1.15,19497944,2026-09-18T05:39:18Z
B,orig,layers_92,async,128,8,0,0.00,100.00,501.95,424.95,226.99,197.96,,,926.90,699.91,2.17,197.00,269.00,1.15,19497340,2026-09-18T05:39:19Z
B,orig,layers_92,async_win,128,8,0,0.00,100.00,564.81,405.84,226.35,113.46,66.03,87.00,970.65,678.27,2.22,197.00,269.00,1.15,19497352,2026-09-18T05:39:19Z
B,orig,2d,async,128,8,0,0.00,100.00,568.98,317.88,231.66,86.22,,,886.86,655.20,2.25,197.00,269.00,1.15,19497996,2026-09-18T05:39:19Z
B,orig,2d,async_win,128,8,0,0.00,100.00,501.64,307.74,225.76,20.55,61.43,13.00,809.38,522.19,2.17,197.00,269.00,1.15,19498140,2026-09-18T05:39:20Z
B,orig,2e_K10,async,128,8,0,0.00,100.00,545.01,327.28,228.50,98.78,,,872.29,643.79,2.25,197.00,269.00,1.15,19481148,2026-09-18T05:39:20Z
B,orig,2e_K10,async_win,128,8,0,0.00,100.00,502.32,363.69,231.04,69.40,63.25,23.00,866.01,571.72,2.21,197.00,268.00,1.15,19482956,2026-09-18T05:39:20Z
B,orig,2e_K500,async,128,8,0,0.00,100.00,533.92,1051.40,229.61,821.78,,,1585.32,1355.70,2.14,190.00,342.00,1.15,19482644,2026-09-18T05:39:21Z
B,orig,2e_K500,async_win,128,8,0,0.00,100.00,508.18,997.63,226.40,678.41,92.83,461.00,1505.81,1186.59,2.17,190.00,336.00,1.15,19482692,2026-09-18T05:39:21Z
B,orig,2f_top14,async,128,8,0,0.00,100.00,502.33,302.56,222.45,80.11,,,804.89,582.44,2.16,197.00,268.00,1.15,19480812,2026-09-18T05:39:21Z
B,orig,2f_top14,async_win,128,8,0,0.00,100.00,504.89,309.75,227.59,19.92,62.25,13.00,814.64,524.81,2.20,197.00,268.00,1.15,19481892,2026-09-18T05:39:22Z
B,orig,2f_top28,async,128,8,0,0.00,100.00,476.27,323.21,225.08,98.12,,,799.48,574.39,2.24,197.00,268.00,1.15,19477320,2026-09-18T05:39:22Z
B,orig,2f_top28,async_win,128,8,0,0.00,100.00,581.54,327.12,225.87,38.57,62.68,27.00,908.66,620.11,2.23,197.00,268.00,1.15,19477948,2026-09-18T05:39:22Z
B,orig,2f_top100,async,128,8,0,0.00,100.00,504.61,391.24,197.38,193.85,,,895.85,698.46,2.20,196.00,287.00,1.14,19477740,2026-09-18T05:39:23Z
B,orig,2f_top100,async_win,128,8,0,0.00,100.00,474.91,418.98,196.78,156.50,65.69,98.00,893.89,631.41,2.20,196.00,288.00,1.14,19478084,2026-09-18T05:39:23Z
B,orig,2f_top500,async,128,8,0,0.00,100.00,535.11,1088.66,198.09,890.56,,,1623.77,1425.67,2.19,190.00,344.00,1.14,19479960,2026-09-18T05:39:23Z
B,orig,2f_top500,async_win,128,8,0,0.00,100.00,528.48,992.12,198.24,665.59,128.28,450.00,1520.60,1194.07,2.16,190.00,342.00,1.14,19479076,2026-09-18T05:39:24Z
B,orig,2f_slru,async,128,8,0,0.00,100.00,99.12,7216.27,197.81,7018.45,,,7315.39,7117.57,1.61,0.00,278.00,1.14,19478248,2026-09-18T05:39:24Z
B,orig,2f_slru,async_win,128,8,0,0.00,90.50,104.23,2634.20,198.26,2032.50,403.44,138.00,2738.43,2136.73,1.61,0.00,278.00,1.14,19478596,2026-09-18T05:39:24Z
B,orig,leaf_freq_K10,async,128,8,0,0.00,100.00,962.32,275.32,198.72,76.59,,,1237.64,1038.91,2.24,195.00,262.00,1.14,19481280,2026-09-18T05:39:24Z
B,orig,leaf_freq_K10,async_win,128,8,0,0.00,100.00,849.47,274.65,198.72,14.54,61.39,10.00,1124.12,864.01,2.17,195.00,262.00,1.14,19482228,2026-09-18T05:39:25Z
B,orig,leaf_rand_K10,async,128,8,0,0.00,100.00,918.85,273.42,199.04,74.38,,,1192.27,993.23,2.25,195.00,262.00,1.14,19466156,2026-09-18T05:39:25Z
B,orig,leaf_rand_K10,async_win,128,8,0,0.00,100.00,958.42,276.29,198.69,15.05,62.55,10.00,1234.71,973.47,2.20,195.00,262.00,1.14,19474156,2026-09-18T05:39:25Z
B,orig,learned_markov_14,async,128,8,0,0.00,100.00,480.88,278.95,198.80,80.15,,,759.83,561.03,2.22,197.00,268.00,1.14,19472048,2026-09-18T05:39:26Z
B,orig,learned_markov_14,async_win,128,8,0,0.00,100.00,546.08,280.02,196.60,21.73,61.69,13.00,826.10,567.81,2.22,197.00,268.00,1.14,19472488,2026-09-18T05:39:26Z
B,orig,learned_markov_28,async,128,8,0,0.00,100.00,474.66,298.75,199.71,99.05,,,773.41,573.71,2.21,197.00,270.00,1.14,19472844,2026-09-18T05:39:26Z
B,orig,learned_markov_28,async_win,128,8,0,0.00,100.00,539.24,300.62,198.33,39.70,62.58,27.00,839.86,578.94,2.23,197.00,270.00,1.14,19473400,2026-09-18T05:39:27Z
C,orig,layers_5,async,128,8,0,0.00,100.00,960.32,264.72,194.76,69.96,,,1225.04,1030.28,1.57,18.00,35.00,1.14,19474000,2026-09-18T05:39:27Z
C,orig,layers_5,async_win,128,8,0,0.00,100.00,897.29,262.78,193.88,7.37,61.53,2.00,1160.07,904.66,1.58,18.00,35.00,1.14,19474000,2026-09-18T05:39:27Z
C,orig,layers_92,async,128,8,0,0.00,100.00,549.84,400.73,201.00,199.74,,,950.57,749.58,1.57,18.00,38.00,1.12,19474840,2026-09-18T05:39:28Z
C,orig,layers_92,async_win,128,8,0,0.00,100.00,553.47,382.75,196.64,119.64,66.47,87.00,936.22,673.11,1.60,18.00,38.00,1.12,19475680,2026-09-18T05:39:28Z
C,orig,2d,async,128,8,0,0.00,100.00,513.65,266.18,198.76,67.42,,,779.83,581.07,1.59,18.00,38.00,1.12,19476076,2026-09-18T05:39:28Z
C,orig,2d,async_win,128,8,0,0.00,100.00,553.06,264.86,198.00,6.65,60.20,2.00,817.92,559.71,1.58,18.00,38.00,1.12,19476580,2026-09-18T05:39:28Z
C,orig,2e_K10,async,128,8,0,0.00,100.00,581.69,274.73,195.76,78.97,,,856.42,660.66,1.58,18.00,40.00,1.12,19476276,2026-09-18T05:39:29Z
C,orig,2e_K10,async_win,128,8,0,0.00,100.00,560.84,274.37,197.90,15.90,60.56,8.00,835.21,576.74,1.59,18.00,40.00,1.12,19476436,2026-09-18T05:39:29Z
C,orig,2e_K500,async,128,8,0,0.00,67.50,183.78,666.81,196.42,470.39,,,850.59,654.17,1.52,0.00,37.00,1.12,19475084,2026-09-18T05:39:29Z
C,orig,2e_K500,async_win,128,8,0,0.00,100.00,184.15,500.87,201.89,216.12,82.87,90.00,685.02,400.27,1.53,0.00,37.00,1.12,19475684,2026-09-18T05:39:29Z
C,orig,2f_top14,async,128,8,0,0.00,100.00,518.52,278.02,197.48,80.54,,,796.54,599.06,1.57,17.00,40.00,1.12,19475580,2026-09-18T05:39:30Z
C,orig,2f_top14,async_win,128,8,0,0.00,100.00,538.90,273.20,194.18,17.83,61.20,9.00,812.10,556.73,1.59,17.00,40.00,1.12,19476204,2026-09-18T05:39:30Z
C,orig,2f_top28,async,128,8,0,0.00,100.00,177.64,295.38,197.06,98.33,,,473.02,275.97,1.57,17.00,40.00,1.12,19476156,2026-09-18T05:39:30Z
C,orig,2f_top28,async_win,128,8,0,0.00,100.00,178.97,285.85,196.13,27.04,62.68,13.00,464.82,206.01,1.57,17.00,40.00,1.12,19461392,2026-09-18T05:39:30Z
C,orig,2f_top100,async,128,8,0,0.00,100.00,182.38,374.93,195.33,179.60,,,557.31,361.98,1.56,13.00,38.00,1.12,19473312,2026-09-18T05:39:31Z
C,orig,2f_top100,async_win,128,8,0,0.00,100.00,176.86,335.29,195.42,74.29,65.58,32.00,512.15,251.15,1.56,13.00,38.00,1.12,19494764,2026-09-18T05:39:31Z
C,orig,2f_top500,async,128,8,0,0.00,100.00,95.58,976.57,195.43,781.14,,,1072.15,876.72,1.55,0.00,37.00,1.12,19497324,2026-09-18T05:39:31Z
C,orig,2f_top500,async_win,128,8,0,0.00,100.00,92.01,498.81,193.81,216.79,88.22,15.00,590.82,308.80,1.53,0.00,37.00,1.12,19497404,2026-09-18T05:39:31Z
C,orig,2f_slru,async,128,8,0,0.00,100.00,98.53,981.50,195.54,785.96,,,1080.03,884.49,1.52,0.00,37.00,1.12,19497956,2026-09-18T05:39:32Z
C,orig,2f_slru,async_win,128,8,0,0.00,100.00,102.52,539.53,196.94,214.64,127.95,15.00,642.05,317.16,1.52,0.00,37.00,1.12,19498312,2026-09-18T05:39:32Z
C,orig,leaf_freq_K10,async,128,8,0,0.00,100.00,1092.52,269.51,195.35,74.16,,,1362.03,1166.68,1.59,18.00,37.00,1.12,19499488,2026-09-18T05:39:32Z
C,orig,leaf_freq_K10,async_win,128,8,0,0.00,100.00,967.51,267.22,190.33,15.93,60.96,6.00,1234.73,983.44,1.58,18.00,37.00,1.11,19499868,2026-09-18T05:39:32Z
C,orig,leaf_rand_K10,async,128,8,0,0.00,100.00,901.12,272.87,196.47,76.40,,,1173.99,977.52,1.57,18.00,35.00,1.11,19500044,2026-09-18T05:39:33Z
C,orig,leaf_rand_K10,async_win,128,8,0,0.00,100.00,941.23,272.30,195.65,14.86,61.80,10.00,1213.53,956.09,1.59,18.00,35.00,1.11,19500420,2026-09-18T05:39:33Z
C,orig,learned_markov_14,async,128,8,0,0.00,100.00,469.78,274.56,195.87,78.69,,,744.34,548.47,1.58,17.00,40.00,1.11,19502496,2026-09-18T05:39:33Z
C,orig,learned_markov_14,async_win,128,8,0,0.00,100.00,584.73,271.86,193.68,16.74,61.45,9.00,856.59,601.47,1.59,17.00,40.00,1.11,19502628,2026-09-18T05:39:34Z
C,orig,learned_markov_28,async,128,8,0,0.00,100.00,177.37,292.09,196.23,95.86,,,469.46,273.23,1.58,17.00,40.00,1.11,19502544,2026-09-18T05:39:34Z
C,orig,learned_markov_28,async_win,128,8,0,0.00,100.00,177.75,282.06,194.16,26.36,61.55,13.00,459.81,204.11,1.58,17.00,40.00,1.11,19504052,2026-09-18T05:39:34Z
C_hit,orig,layers_5,async,128,8,0,0.00,100.00,548.90,262.56,193.29,69.27,,,811.46,618.17,1.68,37.00,62.00,1.11,19504496,2026-09-18T05:39:34Z
C_hit,orig,layers_5,async_win,128,8,0,0.00,100.00,486.00,262.00,193.46,7.67,60.87,2.00,748.00,493.67,1.64,37.00,62.00,1.11,19504716,2026-09-18T05:39:35Z
C_hit,orig,layers_92,async,128,8,0,0.00,100.00,405.08,392.27,195.47,196.80,,,797.35,601.88,1.66,37.00,64.00,1.11,19505324,2026-09-18T05:39:35Z
C_hit,orig,layers_92,async_win,128,8,0,0.00,100.00,463.60,379.61,192.54,121.02,66.05,87.00,843.21,584.62,1.65,37.00,64.00,1.11,19505340,2026-09-18T05:39:35Z
C_hit,orig,2d,async,128,8,0,0.00,100.00,461.79,264.75,195.70,69.05,,,726.54,530.84,1.65,37.00,64.00,1.11,19502892,2026-09-18T05:39:35Z
C_hit,orig,2d,async_win,128,8,0,0.00,100.00,408.07,266.65,195.06,10.49,61.10,3.00,674.72,418.56,1.66,37.00,64.00,1.11,19500704,2026-09-18T05:39:36Z
C_hit,orig,2e_K10,async,128,8,0,0.00,100.00,452.23,276.83,195.41,81.42,,,729.06,533.65,1.65,37.00,64.00,1.11,19500792,2026-09-18T05:39:36Z
C_hit,orig,2e_K10,async_win,128,8,0,0.00,100.00,447.47,272.88,195.84,15.79,61.26,6.00,720.35,463.26,1.68,37.00,64.00,1.11,19495728,2026-09-18T05:39:36Z
C_hit,orig,2e_K500,async,128,8,0,0.00,46.70,188.38,871.94,194.89,677.05,,,1060.32,865.43,1.58,12.00,63.00,1.11,19495812,2026-09-18T05:39:36Z
C_hit,orig,2e_K500,async_win,128,8,0,0.00,32.90,186.02,641.71,196.09,353.57,92.04,139.00,827.73,539.59,1.61,12.00,63.00,1.11,19495796,2026-09-18T05:39:37Z
C_hit,orig,2f_top14,async,128,8,0,0.00,100.00,410.99,274.51,194.32,80.18,,,685.50,491.17,1.66,37.00,64.00,1.11,19497188,2026-09-18T05:39:37Z
C_hit,orig,2f_top14,async_win,128,8,0,0.00,100.00,521.11,276.19,199.74,15.50,60.95,6.00,797.30,536.61,1.69,37.00,64.00,1.11,19497280,2026-09-18T05:39:37Z
C_hit,orig,2f_top28,async,128,8,0,0.00,100.00,176.76,293.66,197.66,96.00,,,470.42,272.76,1.70,36.00,64.00,1.10,19497968,2026-09-18T05:39:38Z
C_hit,orig,2f_top28,async_win,128,8,0,0.00,100.00,183.28,286.11,199.16,23.67,63.28,8.00,469.39,206.95,1.66,36.00,64.00,1.10,19497356,2026-09-18T05:39:38Z
C_hit,orig,2f_top100,async,128,8,0,0.00,100.00,178.38,371.86,195.61,176.25,,,550.24,354.63,1.65,33.00,63.00,1.10,19498424,2026-09-18T05:39:38Z
C_hit,orig,2f_top100,async_win,128,8,0,0.00,58.00,177.71,334.03,199.09,68.80,66.13,28.00,511.74,246.51,1.65,33.00,63.00,1.10,19498336,2026-09-18T05:39:38Z
C_hit,orig,2f_top500,async,128,8,0,0.00,45.00,180.97,884.77,194.16,690.61,,,1065.74,871.58,1.61,12.00,64.00,1.10,19497992,2026-09-18T05:39:39Z
C_hit,orig,2f_top500,async_win,128,8,0,0.00,39.00,181.03,622.57,196.24,329.93,96.40,138.00,803.60,510.96,1.64,12.00,64.00,1.10,19497344,2026-09-18T05:39:39Z
C_hit,orig,2f_slru,async,128,8,0,0.00,100.00,92.66,1593.04,195.08,1397.96,,,1685.70,1490.62,1.55,0.00,62.00,1.10,19499056,2026-09-18T05:39:39Z
C_hit,orig,2f_slru,async_win,128,8,0,0.00,100.00,96.09,741.26,195.73,417.31,128.23,29.00,837.35,513.40,1.56,0.00,62.00,1.10,19499288,2026-09-18T05:39:39Z
C_hit,orig,leaf_freq_K10,async,128,8,0,0.00,100.00,485.58,266.60,195.90,70.70,,,752.18,556.28,1.67,37.00,62.00,1.10,19498920,2026-09-18T05:39:40Z
C_hit,orig,leaf_freq_K10,async_win,128,8,0,0.00,100.00,463.45,268.16,196.32,10.79,61.05,3.00,731.61,474.24,1.70,37.00,62.00,1.10,19499572,2026-09-18T05:39:40Z
C_hit,orig,leaf_rand_K10,async,128,8,0,0.00,100.00,566.94,224.38,149.60,74.78,,,791.32,641.72,1.69,37.00,62.00,1.10,19499760,2026-09-18T05:39:40Z
C_hit,orig,leaf_rand_K10,async_win,128,8,0,0.00,100.00,558.42,253.98,182.02,14.89,57.07,10.00,812.40,573.31,1.65,37.00,62.00,1.10,19500104,2026-09-18T05:39:41Z
C_hit,orig,learned_markov_14,async,128,8,0,0.00,100.00,412.95,229.21,149.76,79.45,,,642.16,492.40,1.68,37.00,64.00,1.10,19500480,2026-09-18T05:39:41Z
C_hit,orig,learned_markov_14,async_win,128,8,0,0.00,100.00,519.31,226.26,148.90,15.05,62.31,6.00,745.57,534.36,1.67,37.00,64.00,1.10,19499756,2026-09-18T05:39:41Z
C_hit,orig,learned_markov_28,async,128,8,0,0.00,100.00,188.18,282.43,185.34,97.09,,,470.61,285.27,1.66,36.00,64.00,1.10,19485924,2026-09-18T05:39:41Z
C_hit,orig,learned_markov_28,async_win,128,8,0,0.00,100.00,177.75,238.22,151.69,23.89,62.64,8.00,415.97,201.64,1.68,36.00,64.00,1.10,19476560,2026-09-18T05:39:42Z
A,orig,baseline,baseline,128,9,0,0.00,0.00,874.15,0.00,0.00,0.00,,,874.15,874.15,2.14,182.00,264.00,1.10,19477600,2026-09-18T05:39:42Z
B,orig,baseline,baseline,128,9,0,0.00,0.00,982.00,0.00,0.00,0.00,,,982.00,982.00,2.22,195.00,262.00,1.10,19477880,2026-09-18T05:39:42Z
C,orig,baseline,baseline,128,9,0,0.00,0.00,938.57,0.00,0.00,0.00,,,938.57,938.57,1.58,18.00,35.00,1.10,19477528,2026-09-18T05:39:43Z
C_hit,orig,baseline,baseline,128,9,0,0.00,0.00,588.27,0.00,0.00,0.00,,,588.27,588.27,1.65,37.00,62.00,1.10,19478024,2026-09-18T05:39:43Z
A,orig,layers_5,async,128,9,0,0.00,100.00,849.07,294.98,226.06,68.92,,,1144.05,917.99,2.10,184.00,262.00,1.10,19480256,2026-09-18T05:39:43Z
A,orig,layers_5,async_win,128,9,0,0.00,100.00,877.45,296.30,227.27,8.47,60.56,2.00,1173.75,885.92,2.10,184.00,262.00,1.10,19480412,2026-09-18T05:39:43Z
A,orig,layers_92,async,128,9,0,0.00,100.00,570.85,426.95,226.96,200.00,,,997.80,770.85,2.13,181.00,271.00,1.10,19479064,2026-09-18T05:39:44Z
A,orig,layers_92,async_win,128,9,0,0.00,100.00,573.11,411.06,226.99,118.43,65.64,87.00,984.17,691.54,2.13,181.00,271.00,1.10,19481040,2026-09-18T05:39:44Z
A,orig,2d,async,128,9,0,0.00,100.00,572.27,312.25,227.52,84.73,,,884.52,657.00,2.07,181.00,271.00,1.10,19481052,2026-09-18T05:39:44Z
A,orig,2d,async_win,128,9,0,0.00,100.00,496.24,309.81,226.28,22.10,61.43,13.00,806.05,518.34,2.08,181.00,271.00,1.10,19481828,2026-09-18T05:39:45Z
A,orig,2e_K10,async,128,9,0,0.00,100.00,184.02,327.19,229.48,97.70,,,511.21,281.72,2.14,181.00,287.00,1.10,19487524,2026-09-18T05:39:45Z
A,orig,2e_K10,async_win,128,9,0,0.00,100.00,176.77,330.44,228.02,35.13,67.30,23.00,507.21,211.90,2.15,181.00,287.00,1.10,19488752,2026-09-18T05:39:45Z
A,orig,2e_K500,async,128,9,0,0.00,100.00,648.83,1086.88,226.88,860.01,,,1735.71,1508.84,2.10,189.00,383.00,1.10,19488464,2026-09-18T05:39:46Z
A,orig,2e_K500,async_win,128,9,0,0.00,100.00,181.82,992.92,224.35,678.05,90.51,467.00,1174.74,859.87,2.08,189.00,386.00,1.10,19488628,2026-09-18T05:39:46Z
A,orig,2f_top14,async,128,9,0,0.00,100.00,570.47,311.11,230.25,80.85,,,881.58,651.32,2.12,183.00,277.00,1.10,19491220,2026-09-18T05:39:46Z
A,orig,2f_top14,async_win,128,9,0,0.00,100.00,572.53,315.32,225.44,19.58,70.30,13.00,887.85,592.11,2.12,183.00,277.00,1.10,19479824,2026-09-18T05:39:47Z
A,orig,2f_top28,async,128,9,0,0.00,100.00,177.96,324.94,226.47,98.47,,,502.90,276.43,2.14,182.00,289.00,1.10,19476100,2026-09-18T05:39:47Z
A,orig,2f_top28,async_win,128,9,0,0.00,100.00,183.04,328.15,226.55,40.35,61.26,27.00,511.19,223.39,2.15,182.00,288.00,1.10,19478108,2026-09-18T05:39:47Z
A,orig,2f_top100,async,128,9,0,0.00,100.00,184.96,422.65,231.11,191.54,,,607.61,376.50,2.12,185.00,319.00,1.09,19477016,2026-09-18T05:39:48Z
A,orig,2f_top100,async_win,128,9,0,0.00,100.00,183.03,410.57,227.27,117.99,65.31,98.00,593.60,301.02,2.13,185.00,320.00,1.09,19477640,2026-09-18T05:39:48Z
A,orig,2f_top500,async,128,9,0,0.00,100.00,184.34,1039.48,226.70,812.79,,,1223.82,997.13,2.12,189.00,386.00,1.09,19478684,2026-09-18T05:39:48Z
A,orig,2f_top500,async_win,128,9,0,0.00,100.00,185.05,989.05,225.91,673.85,89.29,455.00,1174.10,858.90,2.10,189.00,388.00,1.09,19480056,2026-09-18T05:39:48Z
A,orig,2f_slru,async,128,9,0,0.00,100.00,98.88,7089.01,227.46,6861.55,,,7187.89,6960.43,1.56,0.00,278.00,1.09,19478300,2026-09-18T05:39:49Z
A,orig,2f_slru,async_win,128,9,0,0.00,81.70,105.71,2548.43,228.20,1922.23,398.00,138.00,2654.14,2027.94,1.55,0.00,278.00,1.09,19478416,2026-09-18T05:39:49Z
A,orig,leaf_freq_K10,async,128,9,0,0.00,100.00,521.74,301.97,226.41,75.56,,,823.71,597.30,2.14,182.00,280.00,1.09,19482456,2026-09-18T05:39:49Z
A,orig,leaf_freq_K10,async_win,128,9,0,0.00,100.00,570.55,302.42,225.36,15.33,61.73,10.00,872.97,585.88,2.14,182.00,280.00,1.09,19482224,2026-09-18T05:39:50Z
A,orig,leaf_rand_K10,async,128,9,0,0.00,100.00,921.23,301.94,226.68,75.26,,,1223.17,996.49,2.12,182.00,264.00,1.09,19482436,2026-09-18T05:39:50Z
A,orig,leaf_rand_K10,async_win,128,9,0,0.00,100.00,932.97,304.08,227.05,15.30,61.74,10.00,1237.05,948.27,2.13,182.00,264.00,1.09,19483344,2026-09-18T05:39:50Z
A,orig,learned_markov_14,async,128,9,0,0.00,100.00,562.67,306.33,226.25,80.08,,,869.00,642.75,2.13,181.00,272.00,1.09,19485492,2026-09-18T05:39:51Z
A,orig,learned_markov_14,async_win,128,9,0,0.00,100.00,573.19,310.14,227.86,19.41,62.88,13.00,883.33,592.60,2.15,181.00,272.00,1.09,19486088,2026-09-18T05:39:51Z
A,orig,learned_markov_28,async,128,9,0,0.00,100.00,569.34,327.07,227.41,99.67,,,896.41,669.01,2.10,181.00,272.00,1.09,19486612,2026-09-18T05:39:51Z
A,orig,learned_markov_28,async_win,128,9,0,0.00,100.00,571.06,330.15,230.60,37.67,61.88,26.00,901.21,608.73,2.12,181.00,272.00,1.09,19495152,2026-09-18T05:39:52Z
B,orig,layers_5,async,128,9,0,0.00,100.00,902.04,297.28,227.98,69.30,,,1199.32,971.34,2.20,197.00,262.00,1.09,19493080,2026-09-18T05:39:52Z
B,orig,layers_5,async_win,128,9,0,0.00,100.00,874.49,295.66,225.41,7.83,62.41,2.00,1170.15,882.32,2.20,197.00,262.00,1.09,19495056,2026-09-18T05:39:52Z
B,orig,layers_92,async,128,9,0,0.00,100.00,476.50,422.80,229.26,193.53,,,899.30,670.03,2.23,197.00,269.00,1.08,19494548,2026-09-18T05:39:53Z
B,orig,layers_92,async_win,128,9,0,0.00,100.00,504.17,419.55,227.59,125.82,66.14,87.00,923.72,629.99,2.22,197.00,269.00,1.08,19495328,2026-09-18T05:39:53Z
B,orig,2d,async,128,9,0,0.00,100.00,542.03,315.45,229.04,86.41,,,857.48,628.44,2.25,197.00,269.00,1.08,19495440,2026-09-18T05:39:53Z
B,orig,2d,async_win,128,9,0,0.00,100.00,570.77,314.87,229.98,22.29,62.60,13.00,885.64,593.06,2.22,197.00,269.00,1.08,19495072,2026-09-18T05:39:54Z
B,orig,2e_K10,async,128,9,0,0.00,100.00,500.71,324.55,227.01,97.54,,,825.26,598.25,2.20,197.00,268.00,1.08,19496196,2026-09-18T05:39:54Z
B,orig,2e_K10,async_win,128,9,0,0.00,100.00,502.50,321.86,224.74,34.19,62.92,23.00,824.36,536.69,2.20,197.00,269.00,1.08,19496520,2026-09-18T05:39:54Z
B,orig,2e_K500,async,128,9,0,0.00,100.00,535.13,1068.90,237.26,831.64,,,1604.03,1366.77,2.16,190.00,339.00,1.08,19496860,2026-09-18T05:39:54Z
B,orig,2e_K500,async_win,128,9,0,0.00,100.00,523.10,998.60,226.53,681.10,90.97,461.00,1521.70,1204.20,2.16,190.00,335.00,1.08,19496624,2026-09-18T05:39:55Z
B,orig,2f_top14,async,128,9,0,0.00,100.00,544.76,307.18,226.78,80.40,,,851.94,625.16,2.22,197.00,268.00,1.08,19498044,2026-09-18T05:39:55Z
B,orig,2f_top14,async_win,128,9,0,0.00,100.00,538.89,307.55,226.15,19.04,62.37,13.00,846.44,557.93,2.21,197.00,268.00,1.08,19498432,2026-09-18T05:39:55Z
B,orig,2f_top28,async,128,9,0,0.00,100.00,511.17,326.23,228.02,98.22,,,837.40,609.39,2.24,197.00,268.00,1.08,19497700,2026-09-18T05:39:56Z
B,orig,2f_top28,async_win,128,9,0,0.00,100.00,479.55,331.45,229.96,37.46,64.03,27.00,811.00,517.01,2.23,197.00,268.00,1.08,19497648,2026-09-18T05:39:56Z
B,orig,2f_top100,async,128,9,0,0.00,100.00,502.75,411.03,198.78,212.25,,,913.78,715.00,2.17,196.00,288.00,1.08,19498020,2026-09-18T05:39:56Z
B,orig,2f_top100,async_win,128,9,0,0.00,100.00,501.95,385.38,196.89,122.63,65.86,98.00,887.33,624.58,2.21,196.00,288.00,1.08,19484792,2026-09-18T05:39:57Z
B,orig,2f_top500,async,128,9,0,0.00,31.00,1103.81,932.37,196.87,735.50,,,2036.18,1839.31,2.20,190.00,338.00,1.08,19485824,2026-09-18T05:39:57Z
B,orig,2f_top500,async_win,128,9,0,0.00,100.00,531.75,1012.17,201.28,681.78,129.11,450.00,1543.92,1213.53,2.17,190.00,339.00,1.08,19486536,2026-09-18T05:39:57Z
B,orig,2f_slru,async,128,9,0,0.00,100.00,97.68,7162.84,199.38,6963.45,,,7260.52,7061.13,1.63,0.00,278.00,1.07,19483580,2026-09-18T05:39:58Z
B,orig,2f_slru,async_win,128,9,0,0.00,81.60,99.72,2515.00,194.93,1921.49,398.58,138.00,2614.72,2021.21,1.63,0.00,278.00,1.07,19483668,2026-09-18T05:39:58Z
B,orig,leaf_freq_K10,async,128,9,0,0.00,100.00,914.44,273.70,199.11,74.59,,,1188.14,989.03,2.16,195.00,262.00,1.07,19486888,2026-09-18T05:39:58Z
B,orig,leaf_freq_K10,async_win,128,9,0,0.00,100.00,956.56,270.13,193.24,17.57,59.31,10.00,1226.69,974.13,2.21,195.00,262.00,1.07,19481436,2026-09-18T05:39:59Z
B,orig,leaf_rand_K10,async,128,9,0,0.00,100.00,918.75,274.51,199.04,75.46,,,1193.26,994.21,2.19,195.00,262.00,1.07,19482472,2026-09-18T05:39:59Z
B,orig,leaf_rand_K10,async_win,128,9,0,0.00,100.00,887.54,277.11,202.24,13.92,60.95,10.00,1164.65,901.46,2.22,195.00,262.00,1.07,19485020,2026-09-18T05:39:59Z
B,orig,learned_markov_14,async,128,9,0,0.00,100.00,542.76,279.03,199.54,79.49,,,821.79,622.25,2.21,197.00,268.00,1.07,19485072,2026-09-18T05:40:00Z
B,orig,learned_markov_14,async_win,128,9,0,0.00,100.00,470.42,278.42,197.04,20.61,60.77,13.00,748.84,491.03,2.16,197.00,268.00,1.07,19484624,2026-09-18T05:40:00Z
B,orig,learned_markov_28,async,128,9,0,0.00,100.00,468.74,295.56,198.79,96.76,,,764.30,565.50,2.18,197.00,270.00,1.07,19485476,2026-09-18T05:40:00Z
B,orig,learned_markov_28,async_win,128,9,0,0.00,100.00,473.90,295.72,197.91,35.42,62.39,27.00,769.62,509.32,2.22,197.00,270.00,1.07,19484064,2026-09-18T05:40:01Z
C,orig,layers_5,async,128,9,0,0.00,100.00,854.98,266.97,198.02,68.95,,,1121.95,923.93,1.57,18.00,35.00,1.07,19486116,2026-09-18T05:40:01Z
C,orig,layers_5,async_win,128,9,0,0.00,100.00,895.40,265.74,196.47,7.95,61.33,2.00,1161.14,903.35,1.57,18.00,35.00,1.07,19464132,2026-09-18T05:40:01Z
C,orig,layers_92,async,128,9,0,0.00,100.00,514.88,397.20,197.91,199.28,,,912.08,714.16,1.61,18.00,38.00,1.07,19466336,2026-09-18T05:40:01Z
C,orig,layers_92,async_win,128,9,0,0.00,100.00,521.16,367.51,195.22,106.04,66.25,87.00,888.67,627.20,1.60,18.00,38.00,1.07,19467080,2026-09-18T05:40:02Z
C,orig,2d,async,128,9,0,0.00,100.00,580.90,258.98,190.34,68.64,,,839.88,649.54,1.58,18.00,38.00,1.07,19467600,2026-09-18T05:40:02Z
C,orig,2d,async_win,128,9,0,0.00,100.00,583.84,266.03,198.72,6.70,60.60,2.00,849.87,590.54,1.61,18.00,38.00,1.07,19467876,2026-09-18T05:40:02Z
C,orig,2e_K10,async,128,9,0,0.00,100.00,651.24,271.36,193.74,77.62,,,922.60,728.86,1.58,18.00,40.00,1.07,19468480,2026-09-18T05:40:02Z
C,orig,2e_K10,async_win,128,9,0,0.00,100.00,553.05,281.19,203.26,16.23,61.70,8.00,834.24,569.28,1.57,18.00,40.00,1.07,19468244,2026-09-18T05:40:03Z
C,orig,2e_K500,async,128,9,0,0.00,66.30,182.91,653.68,198.57,455.11,,,836.59,638.02,1.54,0.00,37.00,1.07,19468192,2026-09-18T05:40:03Z
C,orig,2e_K500,async_win,128,9,0,0.00,42.30,183.72,499.48,200.39,216.64,82.45,90.00,683.20,400.36,1.56,0.00,37.00,1.07,19469692,2026-09-18T05:40:03Z
C,orig,2f_top14,async,128,9,0,0.00,100.00,466.22,271.59,191.74,79.85,,,737.81,546.07,1.57,17.00,40.00,1.07,19470576,2026-09-18T05:40:03Z
C,orig,2f_top14,async_win,128,9,0,0.00,100.00,558.04,276.14,197.75,17.46,60.92,9.00,834.18,575.50,1.57,17.00,40.00,1.07,19470692,2026-09-18T05:40:04Z
C,orig,2f_top28,async,128,9,0,0.00,100.00,181.37,295.80,197.88,97.91,,,477.17,279.28,1.59,17.00,40.00,1.07,19453684,2026-09-18T05:40:04Z
C,orig,2f_top28,async_win,128,9,0,0.00,100.00,176.95,284.30,197.09,25.00,62.21,13.00,461.25,201.95,1.59,17.00,40.00,1.07,19455372,2026-09-18T05:40:04Z
C,orig,2f_top100,async,128,9,0,0.00,100.00,179.55,373.11,197.02,176.09,,,552.66,355.64,1.56,13.00,38.00,1.07,19456036,2026-09-18T05:40:04Z
C,orig,2f_top100,async_win,128,9,0,0.00,100.00,180.90,339.32,194.63,78.88,65.81,32.00,520.22,259.78,1.56,13.00,38.00,1.07,19456612,2026-09-18T05:40:05Z
C,orig,2f_top500,async,128,9,0,0.00,100.00,96.25,957.45,198.55,758.90,,,1053.70,855.15,1.52,0.00,37.00,1.07,19456808,2026-09-18T05:40:05Z
C,orig,2f_top500,async_win,128,9,0,0.00,100.00,96.40,501.72,200.09,211.69,89.95,15.00,598.12,308.09,1.52,0.00,37.00,1.07,19458428,2026-09-18T05:40:05Z
C,orig,2f_slru,async,128,9,0,0.00,100.00,95.17,983.70,195.80,787.90,,,1078.87,883.07,1.51,0.00,37.00,1.07,19458160,2026-09-18T05:40:06Z
C,orig,2f_slru,async_win,128,9,0,0.00,100.00,95.30,535.07,195.16,212.71,127.20,15.00,630.37,308.01,1.57,0.00,37.00,1.07,19458904,2026-09-18T05:40:06Z
C,orig,leaf_freq_K10,async,128,9,0,0.00,100.00,968.61,273.04,197.19,75.85,,,1241.65,1044.46,1.57,18.00,37.00,1.07,19458348,2026-09-18T05:40:06Z
C,orig,leaf_freq_K10,async_win,128,9,0,0.00,100.00,975.72,265.94,193.78,11.42,60.74,6.00,1241.66,987.14,1.57,18.00,37.00,1.07,19460540,2026-09-18T05:40:06Z
C,orig,leaf_rand_K10,async,128,9,0,0.00,100.00,898.17,270.51,194.25,76.26,,,1168.68,974.43,1.58,18.00,35.00,1.07,19458120,2026-09-18T05:40:07Z
C,orig,leaf_rand_K10,async_win,128,9,0,0.00,100.00,941.38,273.14,196.47,15.12,61.56,10.00,1214.52,956.50,1.60,18.00,35.00,1.07,19458856,2026-09-18T05:40:07Z
C,orig,learned_markov_14,async,128,9,0,0.00,100.00,415.74,271.47,192.91,78.56,,,687.21,494.30,1.57,17.00,40.00,1.07,19459620,2026-09-18T05:40:07Z
C,orig,learned_markov_14,async_win,128,9,0,0.00,100.00,516.25,272.53,194.81,16.98,60.74,9.00,788.78,533.23,1.58,17.00,40.00,1.07,19461300,2026-09-18T05:40:07Z
C,orig,learned_markov_28,async,128,9,0,0.00,100.00,176.29,282.30,188.26,94.04,,,458.59,270.33,1.58,17.00,40.00,1.06,19461472,2026-09-18T05:40:08Z
C,orig,learned_markov_28,async_win,128,9,0,0.00,100.00,176.86,283.78,195.22,26.47,62.10,13.00,460.64,203.33,1.60,17.00,40.00,1.06,19461600,2026-09-18T05:40:08Z
C_hit,orig,layers_5,async,128,9,0,0.00,100.00,549.76,263.66,194.31,69.35,,,813.42,619.11,1.68,37.00,62.00,1.06,19461968,2026-09-18T05:40:08Z
C_hit,orig,layers_5,async_win,128,9,0,0.00,100.00,547.53,266.99,196.85,8.48,61.67,2.00,814.52,556.01,1.67,37.00,62.00,1.06,19461568,2026-09-18T05:40:08Z
C_hit,orig,layers_92,async,128,9,0,0.00,100.00,461.20,387.64,196.49,191.15,,,848.84,652.35,1.66,37.00,64.00,1.06,19462256,2026-09-18T05:40:09Z
C_hit,orig,layers_92,async_win,128,9,0,0.00,100.00,461.38,371.87,195.92,110.22,65.73,87.00,833.25,571.60,1.66,37.00,64.00,1.06,19463228,2026-09-18T05:40:09Z
C_hit,orig,2d,async,128,9,0,0.00,100.00,461.64,262.48,193.57,68.91,,,724.12,530.55,1.66,37.00,64.00,1.06,19472144,2026-09-18T05:40:09Z
C_hit,orig,2d,async_win,128,9,0,0.00,100.00,408.08,264.69,197.19,7.60,59.89,3.00,672.77,415.68,1.70,37.00,64.00,1.06,19472652,2026-09-18T05:40:10Z
C_hit,orig,2e_K10,async,128,9,0,0.00,100.00,443.25,276.79,195.14,81.65,,,720.04,524.90,1.66,37.00,64.00,1.06,19473352,2026-09-18T05:40:10Z
C_hit,orig,2e_K10,async_win,128,9,0,0.00,100.00,446.96,275.18,197.61,15.42,62.15,6.00,722.14,462.38,1.71,37.00,64.00,1.06,19473344,2026-09-18T05:40:10Z
C_hit,orig,2e_K500,async,128,9,0,0.00,46.30,175.57,875.54,193.96,681.58,,,1051.11,857.15,1.59,12.00,63.00,1.06,19472840,2026-09-18T05:40:10Z
C_hit,orig,2e_K500,async_win,128,9,0,0.00,31.70,181.62,630.47,198.93,336.74,94.79,139.00,812.09,518.36,1.58,12.00,63.00,1.06,19473800,2026-09-18T05:40:11Z
C_hit,orig,2f_top14,async,128,9,0,0.00,100.00,408.07,274.00,195.99,78.01,,,682.07,486.08,1.67,37.00,64.00,1.06,19474124,2026-09-18T05:40:11Z
C_hit,orig,2f_top14,async_win,128,9,0,0.00,100.00,512.65,269.61,193.68,14.81,61.12,6.00,782.26,527.46,1.68,37.00,64.00,1.06,19474860,2026-09-18T05:40:11Z
C_hit,orig,2f_top28,async,128,9,0,0.00,100.00,177.03,292.96,197.26,95.70,,,469.99,272.73,1.66,36.00,64.00,1.06,19475400,2026-09-18T05:40:11Z
C_hit,orig,2f_top28,async_win,128,9,0,0.00,100.00,175.23,278.15,192.64,23.30,62.21,8.00,453.38,198.53,1.66,36.00,64.00,1.06,19475724,2026-09-18T05:40:12Z
C_hit,orig,2f_top100,async,128,9,0,0.00,100.00,176.87,373.68,195.82,177.87,,,550.55,354.74,1.66,33.00,63.00,1.06,19490756,2026-09-18T05:40:12Z
C_hit,orig,2f_top100,async_win,128,9,0,0.00,100.00,182.21,331.20,197.43,68.47,65.30,28.00,513.41,250.68,1.64,33.00,63.00,1.06,19490896,2026-09-18T05:40:12Z
C_hit,orig,2f_top500,async,128,9,0,0.00,43.60,180.15,850.25,196.50,653.75,,,1030.40,833.90,1.59,12.00,64.00,1.06,19490392,2026-09-18T05:40:12Z
C_hit,orig,2f_top500,async_win,128,9,0,0.00,100.00,179.55,617.58,194.66,330.95,91.97,138.00,797.13,510.50,1.60,12.00,64.00,1.06,19489792,2026-09-18T05:40:13Z
C_hit,orig,2f_slru,async,128,9,0,0.00,100.00,91.76,1602.02,194.54,1407.49,,,1693.78,1499.25,1.55,0.00,62.00,1.06,19491100,2026-09-18T05:40:13Z
C_hit,orig,2f_slru,async_win,128,9,0,0.00,100.00,94.45,755.14,201.64,421.14,132.36,29.00,849.59,515.59,1.57,0.00,62.00,1.06,19492344,2026-09-18T05:40:13Z
C_hit,orig,leaf_freq_K10,async,128,9,0,0.00,100.00,480.74,269.15,194.43,74.72,,,749.89,555.46,1.66,37.00,62.00,1.06,19493204,2026-09-18T05:40:14Z
C_hit,orig,leaf_freq_K10,async_win,128,9,0,0.00,100.00,460.96,265.67,194.91,10.23,60.53,3.00,726.63,471.19,1.65,37.00,62.00,1.06,19490968,2026-09-18T05:40:14Z
C_hit,orig,leaf_rand_K10,async,128,9,0,0.00,100.00,557.88,271.46,196.48,74.98,,,829.34,632.86,1.68,37.00,62.00,1.06,19491772,2026-09-18T05:40:14Z
C_hit,orig,leaf_rand_K10,async_win,128,9,0,0.00,100.00,556.11,227.02,148.71,16.79,61.52,10.00,783.13,572.90,1.66,37.00,62.00,1.06,19476444,2026-09-18T05:40:14Z
C_hit,orig,learned_markov_14,async,128,9,0,0.00,100.00,403.35,276.70,191.63,85.07,,,680.05,488.42,1.67,37.00,64.00,1.06,19477840,2026-09-18T05:40:15Z
C_hit,orig,learned_markov_14,async_win,128,9,0,0.00,100.00,515.14,225.16,149.43,14.07,61.67,6.00,740.30,529.21,1.68,37.00,64.00,1.06,19478144,2026-09-18T05:40:15Z
C_hit,orig,learned_markov_28,async,128,9,0,0.00,100.00,180.49,247.85,149.33,98.52,,,428.34,279.01,1.68,36.00,64.00,1.06,19478848,2026-09-18T05:40:15Z
C_hit,orig,learned_markov_28,async_win,128,9,0,0.00,100.00,177.25,230.85,145.88,23.17,61.80,8.00,408.10,200.42,1.66,36.00,64.00,1.06,19480948,2026-09-18T05:40:15Z
A,orig,baseline,baseline,128,10,0,0.00,0.00,932.83,0.00,0.00,0.00,,,932.83,932.83,2.12,182.00,264.00,1.06,19480508,2026-09-18T05:40:16Z
B,orig,baseline,baseline,128,10,0,0.00,0.00,976.68,0.00,0.00,0.00,,,976.68,976.68,2.20,195.00,262.00,1.06,19481436,2026-09-18T05:40:16Z
C,orig,baseline,baseline,128,10,0,0.00,0.00,934.69,0.00,0.00,0.00,,,934.69,934.69,1.58,18.00,35.00,1.06,19482000,2026-09-18T05:40:16Z
C_hit,orig,baseline,baseline,128,10,0,0.00,0.00,584.19,0.00,0.00,0.00,,,584.19,584.19,1.66,37.00,62.00,1.06,19480700,2026-09-18T05:40:17Z
A,orig,layers_5,async,128,10,0,0.00,100.00,852.72,295.90,226.00,69.89,,,1148.62,922.61,2.13,184.00,262.00,1.06,19480696,2026-09-18T05:40:17Z
A,orig,layers_5,async_win,128,10,0,0.00,100.00,913.68,296.33,226.93,8.26,61.15,2.00,1210.01,921.94,2.15,184.00,262.00,1.06,19463956,2026-09-18T05:40:17Z
A,orig,layers_92,async,128,10,0,0.00,100.00,504.45,416.96,226.22,190.75,,,921.41,695.20,2.09,181.00,271.00,1.05,19463192,2026-09-18T05:40:18Z
A,orig,layers_92,async_win,128,10,0,0.00,100.00,568.75,398.67,224.46,108.67,65.53,87.00,967.42,677.42,2.13,181.00,271.00,1.05,19462520,2026-09-18T05:40:18Z
A,orig,2d,async,128,10,0,0.00,100.00,502.94,311.64,223.50,88.14,,,814.58,591.08,2.08,181.00,271.00,1.05,19463104,2026-09-18T05:40:18Z
A,orig,2d,async_win,128,10,0,0.00,100.00,567.53,308.42,225.23,21.22,61.97,13.00,875.95,588.75,2.11,181.00,271.00,1.05,19465004,2026-09-18T05:40:18Z
A,orig,2e_K10,async,128,10,0,0.00,100.00,179.31,327.07,228.01,99.07,,,506.38,278.38,2.14,181.00,287.00,1.05,19463868,2026-09-18T05:40:19Z
A,orig,2e_K10,async_win,128,10,0,0.00,100.00,178.70,327.74,226.81,38.62,62.31,23.00,506.44,217.32,2.14,181.00,287.00,1.05,19465024,2026-09-18T05:40:19Z
A,orig,2e_K500,async,128,10,0,0.00,100.00,182.27,1083.87,227.90,855.97,,,1266.14,1038.24,2.11,189.00,385.00,1.05,19465888,2026-09-18T05:40:19Z
A,orig,2e_K500,async_win,128,10,0,0.00,100.00,182.42,1011.39,227.95,693.15,90.29,467.00,1193.81,875.57,2.11,189.00,384.00,1.05,19465268,2026-09-18T05:40:20Z
A,orig,2f_top14,async,128,10,0,0.00,100.00,568.76,299.47,223.19,76.28,,,868.23,645.04,2.12,183.00,277.00,1.05,19470196,2026-09-18T05:40:20Z
A,orig,2f_top14,async_win,128,10,0,0.00,100.00,567.30,306.73,226.85,18.18,61.70,13.00,874.03,585.48,2.14,183.00,277.00,1.05,19472604,2026-09-18T05:40:20Z
A,orig,2f_top28,async,128,10,0,0.00,100.00,181.94,325.00,229.55,95.45,,,506.94,277.39,2.12,182.00,288.00,1.05,19472552,2026-09-18T05:40:21Z
A,orig,2f_top28,async_win,128,10,0,0.00,100.00,182.31,324.04,223.83,38.13,62.08,27.00,506.35,220.44,2.13,182.00,288.00,1.05,19472620,2026-09-18T05:40:21Z
A,orig,2f_top100,async,128,10,0,0.00,100.00,173.79,423.38,227.36,196.02,,,597.17,369.81,2.15,185.00,317.00,1.05,19472252,2026-09-18T05:40:21Z
A,orig,2f_top100,async_win,128,10,0,0.00,100.00,182.97,408.25,226.25,116.23,65.77,98.00,591.22,299.20,2.14,185.00,317.00,1.05,19472632,2026-09-18T05:40:22Z
A,orig,2f_top500,async,128,10,0,0.00,100.00,224.15,1030.95,228.51,802.44,,,1255.10,1026.59,2.12,189.00,388.00,1.05,19473108,2026-09-18T05:40:22Z
A,orig,2f_top500,async_win,128,10,0,0.00,100.00,188.31,983.73,225.69,665.96,92.07,455.00,1172.04,854.27,2.14,189.00,386.00,1.05,19473796,2026-09-18T05:40:22Z
A,orig,2f_slru,async,128,10,0,0.00,100.00,96.27,7092.85,223.45,6869.40,,,7189.12,6965.67,1.57,0.00,278.00,1.05,19472456,2026-09-18T05:40:23Z
A,orig,2f_slru,async_win,128,10,0,0.00,79.50,96.64,2541.17,225.32,1919.83,396.01,138.00,2637.81,2016.47,1.57,0.00,278.00,1.05,19472748,2026-09-18T05:40:23Z
A,orig,leaf_freq_K10,async,128,10,0,0.00,100.00,594.83,303.59,227.10,76.49,,,898.42,671.32,2.13,182.00,280.00,1.05,19473512,2026-09-18T05:40:23Z
A,orig,leaf_freq_K10,async_win,128,10,0,0.00,100.00,473.61,301.24,226.18,13.77,61.30,10.00,774.85,487.38,2.14,182.00,280.00,1.05,19475344,2026-09-18T05:40:23Z
A,orig,leaf_rand_K10,async,128,10,0,0.00,100.00,882.95,303.40,226.45,76.95,,,1186.35,959.90,2.13,182.00,264.00,1.05,19475536,2026-09-18T05:40:24Z
A,orig,leaf_rand_K10,async_win,128,10,0,0.00,100.00,930.17,306.47,228.35,15.10,63.02,10.00,1236.64,945.27,2.16,182.00,264.00,1.05,19479084,2026-09-18T05:40:24Z
A,orig,learned_markov_14,async,128,10,0,0.00,100.00,566.00,308.38,226.94,81.44,,,874.38,647.44,2.10,181.00,272.00,1.05,19479064,2026-09-18T05:40:24Z
A,orig,learned_markov_14,async_win,128,10,0,0.00,100.00,561.45,308.85,227.04,19.37,62.45,13.00,870.30,580.82,2.13,181.00,272.00,1.05,19480016,2026-09-18T05:40:25Z
A,orig,learned_markov_28,async,128,10,0,0.00,100.00,567.23,323.50,226.56,96.94,,,890.73,664.17,2.13,181.00,272.00,1.05,19459900,2026-09-18T05:40:25Z
A,orig,learned_markov_28,async_win,128,10,0,0.00,100.00,566.62,325.88,223.84,40.09,61.96,26.00,892.50,606.71,2.10,181.00,272.00,1.05,19461240,2026-09-18T05:40:25Z
B,orig,layers_5,async,128,10,0,0.00,100.00,900.85,294.03,223.18,70.85,,,1194.88,971.70,2.20,197.00,262.00,1.05,19461916,2026-09-18T05:40:26Z
B,orig,layers_5,async_win,128,10,0,0.00,100.00,837.27,295.73,226.12,8.20,61.41,2.00,1133.00,845.47,2.19,197.00,262.00,1.05,19462512,2026-09-18T05:40:26Z
B,orig,layers_92,async,128,10,0,0.00,100.00,546.08,422.49,225.06,197.43,,,968.57,743.51,2.20,197.00,269.00,1.05,19463148,2026-09-18T05:40:26Z
B,orig,layers_92,async_win,128,10,0,0.00,100.00,570.11,405.95,224.81,115.10,66.04,87.00,976.06,685.21,2.22,197.00,269.00,1.05,19463080,2026-09-18T05:40:27Z
B,orig,2d,async,128,10,0,0.00,100.00,498.99,308.53,223.63,84.90,,,807.52,583.89,2.17,197.00,269.00,1.05,19463696,2026-09-18T05:40:27Z
B,orig,2d,async_win,128,10,0,0.00,100.00,567.31,310.93,226.06,22.35,62.51,13.00,878.24,589.66,2.31,197.00,269.00,1.05,19463364,2026-09-18T05:40:27Z
B,orig,2e_K10,async,128,10,0,0.00,100.00,543.81,332.17,228.61,103.56,,,875.98,647.37,2.22,197.00,269.00,1.04,19463484,2026-09-18T05:40:28Z
B,orig,2e_K10,async_win,128,10,0,0.00,100.00,498.90,323.47,226.71,34.07,62.69,23.00,822.37,532.97,2.18,197.00,269.00,1.04,19463916,2026-09-18T05:40:28Z
B,orig,2e_K500,async,128,10,0,0.00,100.00,536.51,1069.00,227.03,841.97,,,1605.51,1378.48,2.17,190.00,338.00,1.04,19465100,2026-09-18T05:40:28Z
B,orig,2e_K500,async_win,128,10,0,0.00,100.00,530.22,1012.41,227.33,692.93,92.15,461.00,1542.63,1223.15,2.16,190.00,339.00,1.04,19465440,2026-09-18T05:40:29Z
B,orig,2f_top14,async,128,10,0,0.00,100.00,534.86,333.57,235.22,98.34,,,868.43,633.20,2.19,197.00,268.00,1.04,19465456,2026-09-18T05:40:29Z
B,orig,2f_top14,async_win,128,10,0,0.00,100.00,444.27,310.17,226.39,20.77,63.02,13.00,754.44,465.04,2.24,197.00,268.00,1.04,19467028,2026-09-18T05:40:29Z
B,orig,2f_top28,async,128,10,0,0.00,100.00,541.66,329.71,226.71,103.00,,,871.37,644.66,2.20,197.00,268.00,1.04,19466852,2026-09-18T05:40:30Z
B,orig,2f_top28,async_win,128,10,0,0.00,100.00,543.55,327.62,227.67,36.13,63.82,27.00,871.17,579.68,2.22,197.00,268.00,1.04,19467496,2026-09-18T05:40:30Z
B,orig,2f_top100,async,128,10,0,0.00,100.00,504.73,396.67,198.00,198.66,,,901.40,703.39,2.19,196.00,287.00,1.04,19467204,2026-09-18T05:40:30Z
B,orig,2f_top100,async_win,128,10,0,0.00,100.00,512.06,386.48,196.47,123.87,66.14,98.00,898.54,635.93,2.22,196.00,288.00,1.04,19445448,2026-09-18T05:40:31Z
B,orig,2f_top500,async,128,10,0,0.00,100.00,529.74,1070.00,198.00,872.00,,,1599.74,1401.74,2.16,190.00,341.00,1.04,19446504,2026-09-18T05:40:31Z
B,orig,2f_top500,async_win,128,10,0,0.00,100.00,529.25,990.29,199.75,661.97,128.56,450.00,1519.54,1191.22,2.18,190.00,345.00,1.04,19447852,2026-09-18T05:40:31Z
B,orig,2f_slru,async,128,10,0,0.00,100.00,99.97,7141.89,195.31,6946.58,,,7241.86,7046.55,1.60,0.00,278.00,1.04,19445392,2026-09-18T05:40:32Z
B,orig,2f_slru,async_win,128,10,0,0.00,81.60,99.60,2534.68,197.27,1930.15,407.26,138.00,2634.28,2029.75,1.64,0.00,278.00,1.04,19445772,2026-09-18T05:40:32Z
B,orig,leaf_freq_K10,async,128,10,0,0.00,100.00,887.91,271.42,196.42,75.00,,,1159.33,962.91,2.20,195.00,262.00,1.04,19447788,2026-09-18T05:40:32Z
B,orig,leaf_freq_K10,async_win,128,10,0,0.00,100.00,949.98,273.80,197.84,14.00,61.96,10.00,1223.78,963.98,2.22,195.00,262.00,1.04,19470872,2026-09-18T05:40:32Z
B,orig,leaf_rand_K10,async,128,10,0,0.00,100.00,915.52,272.48,196.85,75.63,,,1188.00,991.15,2.20,195.00,262.00,1.04,19470932,2026-09-18T05:40:33Z
B,orig,leaf_rand_K10,async_win,128,10,0,0.00,100.00,910.60,277.72,198.70,16.98,62.04,10.00,1188.32,927.58,2.15,195.00,262.00,1.04,19471292,2026-09-18T05:40:33Z
B,orig,learned_markov_14,async,128,10,0,0.00,100.00,473.50,276.11,196.98,79.13,,,749.61,552.63,2.20,197.00,268.00,1.04,19473276,2026-09-18T05:40:33Z
B,orig,learned_markov_14,async_win,128,10,0,0.00,100.00,504.32,273.68,195.16,17.99,60.52,13.00,778.00,522.31,2.20,197.00,268.00,1.04,19471516,2026-09-18T05:40:34Z
B,orig,learned_markov_28,async,128,10,0,0.00,100.00,544.85,294.23,197.61,96.62,,,839.08,641.47,2.21,197.00,270.00,1.04,19472416,2026-09-18T05:40:34Z
B,orig,learned_markov_28,async_win,128,10,0,0.00,100.00,545.00,291.76,193.88,35.92,61.97,27.00,836.76,580.92,2.22,197.00,270.00,1.04,19474588,2026-09-18T05:40:34Z
C,orig,layers_5,async,128,10,0,0.00,100.00,962.15,265.08,195.04,70.04,,,1227.23,1032.19,1.59,18.00,35.00,1.04,19474376,2026-09-18T05:40:35Z
C,orig,layers_5,async_win,128,10,0,0.00,100.00,963.82,266.15,197.78,7.34,61.02,2.00,1229.97,971.16,1.58,18.00,35.00,1.04,19475244,2026-09-18T05:40:35Z
C,orig,layers_92,async,128,10,0,0.00,100.00,477.82,395.37,197.22,198.15,,,873.19,675.97,1.57,18.00,38.00,1.04,19476220,2026-09-18T05:40:35Z
C,orig,layers_92,async_win,128,10,0,0.00,100.00,511.03,372.64,196.75,110.10,65.79,87.00,883.67,621.13,1.57,18.00,38.00,1.04,19476844,2026-09-18T05:40:35Z
C,orig,2d,async,128,10,0,0.00,100.00,514.25,266.69,197.41,69.28,,,780.94,583.53,1.59,18.00,38.00,1.04,19474164,2026-09-18T05:40:36Z
C,orig,2d,async_win,128,10,0,0.00,100.00,513.87,265.45,196.51,7.48,61.46,2.00,779.32,521.35,1.59,18.00,38.00,1.04,19475164,2026-09-18T05:40:36Z
C,orig,2e_K10,async,128,10,0,0.00,100.00,580.03,280.56,200.49,80.07,,,860.59,660.10,1.59,18.00,40.00,1.04,19476300,2026-09-18T05:40:36Z
C,orig,2e_K10,async_win,128,10,0,0.00,100.00,548.50,263.30,182.38,18.38,62.53,8.00,811.80,566.88,1.58,18.00,40.00,1.04,19475004,2026-09-18T05:40:36Z
C,orig,2e_K500,async,128,10,0,0.00,65.40,183.60,659.15,195.95,463.20,,,842.75,646.80,1.52,0.00,37.00,1.04,19476228,2026-09-18T05:40:37Z
C,orig,2e_K500,async_win,128,10,0,0.00,100.00,181.94,488.42,189.77,216.51,82.14,90.00,670.36,398.45,1.52,0.00,37.00,1.04,19477136,2026-09-18T05:40:37Z
C,orig,2f_top14,async,128,10,0,0.00,100.00,587.68,273.60,196.75,76.85,,,861.28,664.53,1.59,17.00,40.00,1.04,19479100,2026-09-18T05:40:37Z
C,orig,2f_top14,async_win,128,10,0,0.00,100.00,556.15,277.02,199.53,16.59,60.90,9.00,833.17,572.74,1.57,17.00,40.00,1.04,19479824,2026-09-18T05:40:38Z
C,orig,2f_top28,async,128,10,0,0.00,100.00,194.34,300.88,198.48,102.39,,,495.22,296.73,1.57,17.00,40.00,1.04,19462844,2026-09-18T05:40:38Z
C,orig,2f_top28,async_win,128,10,0,0.00,100.00,183.75,288.03,196.73,28.78,62.52,13.00,471.78,212.53,1.57,17.00,40.00,1.04,19463040,2026-09-18T05:40:38Z
C,orig,2f_top100,async,128,10,0,0.00,100.00,184.74,380.33,197.92,182.41,,,565.07,367.15,1.57,13.00,38.00,1.04,19464064,2026-09-18T05:40:38Z
C,orig,2f_top100,async_win,128,10,0,0.00,100.00,181.02,333.25,197.34,70.00,65.90,32.00,514.27,251.02,1.56,13.00,38.00,1.04,19464264,2026-09-18T05:40:39Z
C,orig,2f_top500,async,128,10,0,0.00,100.00,94.30,941.39,195.25,746.14,,,1035.69,840.44,1.52,0.00,37.00,1.04,19464732,2026-09-18T05:40:39Z
C,orig,2f_top500,async_win,128,10,0,0.00,100.00,95.94,499.18,196.98,212.01,90.19,15.00,595.12,307.95,1.52,0.00,37.00,1.04,19465028,2026-09-18T05:40:39Z
C,orig,2f_slru,async,128,10,0,0.00,100.00,96.75,974.68,196.96,777.72,,,1071.43,874.47,1.51,0.00,37.00,1.04,19466456,2026-09-18T05:40:39Z
C,orig,2f_slru,async_win,128,10,0,0.00,100.00,92.40,535.80,194.41,213.60,127.79,15.00,628.20,306.00,1.53,0.00,37.00,1.04,19467452,2026-09-18T05:40:40Z
C,orig,leaf_freq_K10,async,128,10,0,0.00,100.00,1085.87,271.43,196.40,75.03,,,1357.30,1160.90,1.58,18.00,37.00,1.04,19466032,2026-09-18T05:40:40Z
C,orig,leaf_freq_K10,async_win,128,10,0,0.00,100.00,937.61,264.88,192.95,11.30,60.62,6.00,1202.49,948.91,1.58,18.00,37.00,1.04,19467468,2026-09-18T05:40:40Z
C,orig,leaf_rand_K10,async,128,10,0,0.00,100.00,942.94,271.00,195.94,75.06,,,1213.94,1018.00,1.62,18.00,35.00,1.04,19473732,2026-09-18T05:40:40Z
C,orig,leaf_rand_K10,async_win,128,10,0,0.00,100.00,895.79,270.64,194.88,15.10,60.66,10.00,1166.43,910.89,1.60,18.00,35.00,1.04,19474140,2026-09-18T05:40:41Z
C,orig,learned_markov_14,async,128,10,0,0.00,100.00,584.85,277.10,196.80,80.30,,,861.95,665.15,1.59,17.00,40.00,1.04,19474096,2026-09-18T05:40:41Z
C,orig,learned_markov_14,async_win,128,10,0,0.00,100.00,581.77,274.74,196.41,16.96,61.37,9.00,856.51,598.73,1.59,17.00,40.00,1.04,19474332,2026-09-18T05:40:41Z
C,orig,learned_markov_28,async,128,10,0,0.00,100.00,181.26,292.96,193.98,98.98,,,474.22,280.24,1.60,17.00,40.00,1.04,19475156,2026-09-18T05:40:41Z
C,orig,learned_markov_28,async_win,128,10,0,0.00,100.00,176.52,284.29,195.06,26.85,62.39,13.00,460.81,203.37,1.58,17.00,40.00,1.04,19474768,2026-09-18T05:40:42Z
C_hit,orig,layers_5,async,128,10,0,0.00,100.00,547.78,265.37,196.50,68.87,,,813.15,616.65,1.71,37.00,62.00,1.04,19461856,2026-09-18T05:40:42Z
C_hit,orig,layers_5,async_win,128,10,0,0.00,100.00,549.67,262.64,194.43,7.86,60.36,2.00,812.31,557.53,1.69,37.00,62.00,1.04,19464196,2026-09-18T05:40:42Z
C_hit,orig,layers_92,async,128,10,0,0.00,100.00,456.12,391.51,195.19,196.32,,,847.63,652.44,1.69,37.00,64.00,1.03,19464172,2026-09-18T05:40:43Z
C_hit,orig,layers_92,async_win,128,10,0,0.00,100.00,461.55,386.56,197.22,123.72,65.61,87.00,848.11,585.27,1.67,37.00,64.00,1.03,19463788,2026-09-18T05:40:43Z
C_hit,orig,2d,async,128,10,0,0.00,100.00,407.23,266.11,196.18,69.93,,,673.34,477.16,1.68,37.00,64.00,1.03,19465448,2026-09-18T05:40:43Z
C_hit,orig,2d,async_win,128,10,0,0.00,100.00,407.23,265.83,196.35,8.36,61.12,3.00,673.06,415.59,1.67,37.00,64.00,1.03,19465580,2026-09-18T05:40:43Z
C_hit,orig,2e_K10,async,128,10,0,0.00,100.00,442.60,274.19,195.01,79.19,,,716.79,521.79,1.67,37.00,64.00,1.03,19465256,2026-09-18T05:40:44Z
C_hit,orig,2e_K10,async_win,128,10,0,0.00,100.00,518.32,281.56,195.49,24.00,62.08,6.00,799.88,542.32,1.66,37.00,64.00,1.03,19467696,2026-09-18T05:40:44Z
C_hit,orig,2e_K500,async,128,10,0,0.00,46.30,177.65,890.92,195.89,695.04,,,1068.57,872.69,1.59,12.00,63.00,1.03,19467824,2026-09-18T05:40:44Z
C_hit,orig,2e_K500,async_win,128,10,0,0.00,32.90,179.72,623.69,195.61,337.31,90.77,139.00,803.41,517.03,1.58,12.00,63.00,1.03,19467248,2026-09-18T05:40:44Z
C_hit,orig,2f_top14,async,128,10,0,0.00,100.00,410.75,274.30,195.78,78.52,,,685.05,489.27,1.67,37.00,64.00,1.03,19468752,2026-09-18T05:40:45Z
C_hit,orig,2f_top14,async_win,128,10,0,0.00,100.00,438.22,271.04,194.81,15.48,60.75,6.00,709.26,453.70,1.65,37.00,64.00,1.03,19468628,2026-09-18T05:40:45Z
C_hit,orig,2f_top28,async,128,10,0,0.00,100.00,175.68,293.36,196.54,96.82,,,469.04,272.50,1.65,36.00,64.00,1.03,19469344,2026-09-18T05:40:45Z
C_hit,orig,2f_top28,async_win,128,10,0,0.00,100.00,176.75,281.10,194.19,24.16,62.76,8.00,457.85,200.91,1.66,36.00,64.00,1.03,19469520,2026-09-18T05:40:45Z
C_hit,orig,2f_top100,async,128,10,0,0.00,100.00,176.81,371.88,194.37,177.51,,,548.69,354.32,1.66,33.00,63.00,1.03,19470592,2026-09-18T05:40:46Z
C_hit,orig,2f_top100,async_win,128,10,0,0.00,100.00,178.06,330.29,193.83,70.09,66.36,28.00,508.35,248.15,1.64,33.00,63.00,1.03,19470568,2026-09-18T05:40:46Z
C_hit,orig,2f_top500,async,128,10,0,0.00,45.20,180.50,849.79,194.12,655.66,,,1030.29,836.16,1.60,12.00,64.00,1.03,19470992,2026-09-18T05:40:46Z
C_hit,orig,2f_top500,async_win,128,10,0,0.00,29.20,178.44,622.22,195.21,336.25,90.76,138.00,800.66,514.69,1.57,12.00,64.00,1.03,19470872,2026-09-18T05:40:47Z
C_hit,orig,2f_slru,async,128,10,0,0.00,100.00,93.11,1561.53,199.11,1362.41,,,1654.64,1455.52,1.55,0.00,62.00,1.03,19472284,2026-09-18T05:40:47Z
C_hit,orig,2f_slru,async_win,128,10,0,0.00,100.00,93.06,726.66,194.18,404.81,127.67,29.00,819.72,497.87,1.55,0.00,62.00,1.03,19455512,2026-09-18T05:40:47Z
C_hit,orig,leaf_freq_K10,async,128,10,0,0.00,100.00,452.01,269.47,194.48,74.99,,,721.48,527.00,1.67,37.00,62.00,1.03,19468324,2026-09-18T05:40:47Z
C_hit,orig,leaf_freq_K10,async_win,128,10,0,0.00,100.00,460.39,265.18,194.19,10.43,60.56,3.00,725.57,470.82,1.65,37.00,62.00,1.03,19468460,2026-09-18T05:40:48Z
C_hit,orig,leaf_rand_K10,async,128,10,0,0.00,100.00,557.65,223.61,148.48,75.13,,,781.26,632.78,1.68,37.00,62.00,1.03,19469512,2026-09-18T05:40:48Z
C_hit,orig,leaf_rand_K10,async_win,128,10,0,0.00,100.00,559.30,222.21,147.11,14.52,60.58,10.00,781.51,573.82,1.67,37.00,62.00,1.03,19469416,2026-09-18T05:40:48Z
C_hit,orig,learned_markov_14,async,128,10,0,0.00,100.00,405.37,226.98,147.76,79.22,,,632.35,484.59,1.65,37.00,64.00,1.03,19470060,2026-09-18T05:40:48Z
C_hit,orig,learned_markov_14,async_win,128,10,0,0.00,100.00,517.73,308.41,233.15,13.90,61.37,6.00,826.14,531.63,1.66,37.00,64.00,1.03,19470784,2026-09-18T05:40:49Z
C_hit,orig,learned_markov_28,async,128,10,0,0.00,100.00,178.31,275.19,182.66,92.52,,,453.50,270.83,1.65,36.00,64.00,1.03,19470444,2026-09-18T05:40:49Z
C_hit,orig,learned_markov_28,async_win,128,10,0,0.00,100.00,178.25,231.90,146.31,23.29,62.30,8.00,410.15,201.54,1.65,36.00,64.00,1.03,19471268,2026-09-18T05:40:49Z
A,orig,baseline,baseline,128,11,0,0.00,0.00,829.17,0.00,0.00,0.00,,,829.17,829.17,2.10,182.00,264.00,1.03,19472164,2026-09-18T05:40:50Z
B,orig,baseline,baseline,128,11,0,0.00,0.00,875.60,0.00,0.00,0.00,,,875.60,875.60,2.17,195.00,262.00,1.03,19471560,2026-09-18T05:40:50Z
C,orig,baseline,baseline,128,11,0,0.00,0.00,969.29,0.00,0.00,0.00,,,969.29,969.29,1.57,18.00,35.00,1.03,19472008,2026-09-18T05:40:50Z
C_hit,orig,baseline,baseline,128,11,0,0.00,0.00,587.84,0.00,0.00,0.00,,,587.84,587.84,1.65,37.00,62.00,1.03,19471928,2026-09-18T05:40:50Z
A,orig,layers_5,async,128,11,0,0.00,100.00,973.54,294.35,225.24,69.11,,,1267.89,1042.65,2.15,184.00,262.00,1.03,19472796,2026-09-18T05:40:51Z
A,orig,layers_5,async_win,128,11,0,0.00,100.00,885.71,302.51,233.54,7.82,61.16,2.00,1188.22,893.53,2.14,184.00,262.00,1.03,19473060,2026-09-18T05:40:51Z
A,orig,layers_92,async,128,11,0,0.00,100.00,573.95,421.20,223.45,197.75,,,995.15,771.70,2.15,181.00,271.00,1.03,19472208,2026-09-18T05:40:51Z
A,orig,layers_92,async_win,128,11,0,0.00,100.00,623.66,460.05,235.94,154.28,69.82,87.00,1083.71,777.94,2.34,181.00,271.00,1.05,19504148,2026-09-18T05:41:56Z
A,orig,2d,async,128,11,0,0.00,100.00,498.75,314.40,229.06,85.34,,,813.15,584.09,2.09,181.00,271.00,1.05,19504188,2026-09-18T05:41:56Z
A,orig,2d,async_win,128,11,0,0.00,100.00,567.92,315.40,231.62,22.40,61.39,13.00,883.32,590.32,2.11,181.00,271.00,1.05,19505568,2026-09-18T05:41:57Z
A,orig,2e_K10,async,128,11,0,0.00,100.00,180.12,327.83,230.82,97.00,,,507.95,277.12,2.14,181.00,287.00,1.05,19505256,2026-09-18T05:41:57Z
A,orig,2e_K10,async_win,128,11,0,0.00,100.00,180.02,325.72,226.34,35.95,63.44,23.00,505.74,215.97,2.14,181.00,287.00,1.05,19505696,2026-09-18T05:41:57Z
A,orig,2e_K500,async,128,11,0,0.00,100.00,184.96,1075.03,226.04,848.99,,,1259.99,1033.95,2.11,189.00,386.00,1.04,19505796,2026-09-18T05:41:58Z
A,orig,2e_K500,async_win,128,11,0,0.00,100.00,180.07,1014.12,228.22,687.37,98.53,467.00,1194.19,867.44,2.13,189.00,388.00,1.04,19506504,2026-09-18T05:41:58Z
A,orig,2f_top14,async,128,11,0,0.00,100.00,568.91,306.80,227.24,79.56,,,875.71,648.47,2.12,183.00,277.00,1.04,19507364,2026-09-18T05:41:58Z
A,orig,2f_top14,async_win,128,11,0,0.00,100.00,568.75,307.38,224.29,20.89,62.20,13.00,876.13,589.64,2.14,183.00,277.00,1.04,19500152,2026-09-18T05:41:59Z
A,orig,2f_top28,async,128,11,0,0.00,100.00,179.53,322.09,225.91,96.18,,,501.62,275.71,2.13,182.00,288.00,1.04,19500324,2026-09-18T05:41:59Z
A,orig,2f_top28,async_win,128,11,0,0.00,100.00,182.49,323.46,225.97,35.57,61.92,27.00,505.95,218.06,2.12,182.00,288.00,1.04,19502240,2026-09-18T05:41:59Z
A,orig,2f_top100,async,128,11,0,0.00,100.00,181.60,419.18,227.25,191.93,,,600.78,373.53,2.15,185.00,318.00,1.04,19501728,2026-09-18T05:41:59Z
A,orig,2f_top100,async_win,128,11,0,0.00,100.00,179.11,413.24,229.91,118.71,64.61,98.00,592.35,297.82,2.17,185.00,320.00,1.04,19474968,2026-09-18T05:42:00Z
A,orig,2f_top500,async,128,11,0,0.00,100.00,183.01,1043.46,226.47,817.00,,,1226.47,1000.01,2.11,189.00,388.00,1.04,19473992,2026-09-18T05:42:00Z
A,orig,2f_top500,async_win,128,11,0,0.00,100.00,183.44,975.27,222.79,662.25,90.24,455.00,1158.71,845.69,2.09,189.00,387.00,1.04,19474792,2026-09-18T05:42:00Z
A,orig,2f_slru,async,128,11,0,0.00,100.00,98.16,7067.93,224.21,6843.72,,,7166.09,6941.88,1.57,0.00,278.00,1.04,19472972,2026-09-18T05:42:01Z
A,orig,2f_slru,async_win,128,11,0,0.00,77.30,98.58,2576.51,226.08,1948.38,402.06,138.00,2675.09,2046.96,1.56,0.00,278.00,1.04,19473104,2026-09-18T05:42:01Z
A,orig,leaf_freq_K10,async,128,11,0,0.00,100.00,468.28,300.87,226.03,74.83,,,769.15,543.11,2.09,182.00,280.00,1.04,19475696,2026-09-18T05:42:01Z
A,orig,leaf_freq_K10,async_win,128,11,0,0.00,100.00,589.98,303.50,226.31,15.19,62.01,10.00,893.48,605.17,2.13,182.00,280.00,1.04,19476428,2026-09-18T05:42:02Z
A,orig,leaf_rand_K10,async,128,11,0,0.00,100.00,984.50,307.45,230.55,76.89,,,1291.95,1061.39,2.13,182.00,264.00,1.04,19476752,2026-09-18T05:42:02Z
A,orig,leaf_rand_K10,async_win,128,11,0,0.00,100.00,958.99,303.88,227.53,14.67,61.69,10.00,1262.87,973.66,2.15,182.00,264.00,1.04,19477308,2026-09-18T05:42:02Z
A,orig,learned_markov_14,async,128,11,0,0.00,100.00,565.49,308.08,225.91,82.16,,,873.57,647.65,2.12,181.00,272.00,1.04,19477788,2026-09-18T05:42:03Z
A,orig,learned_markov_14,async_win,128,11,0,0.00,100.00,573.37,314.51,230.62,20.88,63.01,13.00,887.88,594.25,2.13,181.00,272.00,1.04,19478000,2026-09-18T05:42:03Z
A,orig,learned_markov_28,async,128,11,0,0.00,100.00,574.41,328.45,227.09,101.36,,,902.86,675.77,2.12,181.00,272.00,1.04,19477488,2026-09-18T05:42:03Z
A,orig,learned_markov_28,async_win,128,11,0,0.00,100.00,565.30,321.43,223.96,34.68,62.79,26.00,886.73,599.98,2.14,181.00,272.00,1.04,19478256,2026-09-18T05:42:04Z
B,orig,layers_5,async,128,11,0,0.00,100.00,837.32,295.99,225.74,70.24,,,1133.31,907.56,2.18,197.00,262.00,1.04,19467388,2026-09-18T05:42:04Z
B,orig,layers_5,async_win,128,11,0,0.00,100.00,958.38,297.34,227.29,7.93,62.12,2.00,1255.72,966.31,2.23,197.00,262.00,1.04,19472280,2026-09-18T05:42:04Z
B,orig,layers_92,async,128,11,0,0.00,100.00,499.57,427.05,225.84,201.21,,,926.62,700.78,2.19,197.00,269.00,1.04,19473336,2026-09-18T05:42:04Z
B,orig,layers_92,async_win,128,11,0,0.00,100.00,501.27,410.59,228.49,114.98,67.13,87.00,911.86,616.25,2.21,197.00,269.00,1.04,19474704,2026-09-18T05:42:05Z
B,orig,2d,async,128,11,0,0.00,100.00,567.63,313.70,227.30,86.40,,,881.33,654.03,2.22,197.00,269.00,1.04,19473884,2026-09-18T05:42:05Z
B,orig,2d,async_win,128,11,0,0.00,100.00,470.35,311.34,226.69,22.24,62.41,13.00,781.69,492.59,2.16,197.00,269.00,1.04,19475620,2026-09-18T05:42:05Z
B,orig,2e_K10,async,128,11,0,0.00,100.00,549.47,329.51,231.73,97.78,,,878.98,647.25,2.26,197.00,269.00,1.04,19473912,2026-09-18T05:42:06Z
B,orig,2e_K10,async_win,128,11,0,0.00,100.00,500.13,322.38,225.80,33.24,63.33,23.00,822.51,533.37,2.18,197.00,268.00,1.04,19473620,2026-09-18T05:42:06Z
B,orig,2e_K500,async,128,11,0,0.00,100.00,493.40,1055.91,225.65,830.26,,,1549.31,1323.66,2.17,190.00,337.00,1.04,19474168,2026-09-18T05:42:06Z
B,orig,2e_K500,async_win,128,11,0,0.00,100.00,494.29,999.42,225.85,682.37,91.19,461.00,1493.71,1176.66,2.17,190.00,337.00,1.04,19474788,2026-09-18T05:42:07Z
B,orig,2f_top14,async,128,11,0,0.00,100.00,469.97,308.59,227.37,81.22,,,778.56,551.19,2.17,197.00,268.00,1.04,19473688,2026-09-18T05:42:07Z
B,orig,2f_top14,async_win,128,11,0,0.00,100.00,542.19,309.76,227.30,20.30,62.17,13.00,851.95,562.49,2.23,197.00,268.00,1.04,19475644,2026-09-18T05:42:07Z
B,orig,2f_top28,async,128,11,0,0.00,100.00,508.65,321.60,221.48,100.12,,,830.25,608.77,2.21,197.00,268.00,1.04,19476584,2026-09-18T05:42:08Z
B,orig,2f_top28,async_win,128,11,0,0.00,100.00,498.31,325.15,226.03,35.59,63.53,27.00,823.46,533.90,2.16,197.00,268.00,1.04,19474776,2026-09-18T05:42:08Z
B,orig,2f_top100,async,128,11,0,0.00,100.00,504.80,393.17,197.65,195.52,,,897.97,700.32,2.20,196.00,288.00,1.04,19475828,2026-09-18T05:42:08Z
B,orig,2f_top100,async_win,128,11,0,0.00,100.00,505.96,386.17,198.58,120.64,66.95,98.00,892.13,626.60,2.18,196.00,287.00,1.04,19474556,2026-09-18T05:42:09Z
B,orig,2f_top500,async,128,11,0,0.00,31.60,720.83,929.30,196.20,733.10,,,1650.13,1453.93,2.16,190.00,340.00,1.04,19474484,2026-09-18T05:42:09Z
B,orig,2f_top500,async_win,128,11,0,0.00,100.00,527.05,1004.60,196.73,682.18,125.69,450.00,1531.65,1209.23,2.21,190.00,339.00,1.04,19466616,2026-09-18T05:42:09Z
B,orig,2f_slru,async,128,11,0,0.00,100.00,96.98,7140.31,196.34,6943.97,,,7237.29,7040.95,1.61,0.00,278.00,1.04,19464340,2026-09-18T05:42:10Z
B,orig,2f_slru,async_win,128,11,0,0.00,80.90,97.91,2512.90,198.71,1909.15,405.04,138.00,2610.81,2007.06,1.60,0.00,278.00,1.04,19465184,2026-09-18T05:42:10Z
B,orig,leaf_freq_K10,async,128,11,0,0.00,100.00,878.36,271.47,196.52,74.95,,,1149.83,953.31,2.16,195.00,262.00,1.04,19468168,2026-09-18T05:42:10Z
B,orig,leaf_freq_K10,async_win,128,11,0,0.00,100.00,911.62,275.95,199.57,14.77,61.61,10.00,1187.57,926.39,2.21,195.00,262.00,1.04,19469300,2026-09-18T05:42:11Z
B,orig,leaf_rand_K10,async,128,11,0,0.00,100.00,915.97,273.85,198.70,75.14,,,1189.82,991.11,2.20,195.00,262.00,1.04,19469120,2026-09-18T05:42:11Z
B,orig,leaf_rand_K10,async_win,128,11,0,0.00,100.00,964.33,270.74,194.47,14.99,61.28,10.00,1235.07,979.32,2.21,195.00,262.00,1.04,19469784,2026-09-18T05:42:11Z
B,orig,learned_markov_14,async,128,11,0,0.00,100.00,449.55,273.31,194.82,78.50,,,722.86,528.05,2.19,197.00,268.00,1.04,19470432,2026-09-18T05:42:12Z
B,orig,learned_markov_14,async_win,128,11,0,0.00,100.00,480.86,280.09,198.95,19.63,61.51,13.00,760.95,500.49,2.23,197.00,268.00,1.04,19471264,2026-09-18T05:42:12Z
B,orig,learned_markov_28,async,128,11,0,0.00,100.00,540.19,292.63,196.59,96.04,,,832.82,636.23,2.23,197.00,270.00,1.04,19471280,2026-09-18T05:42:12Z
B,orig,learned_markov_28,async_win,128,11,0,0.00,100.00,502.60,295.44,196.94,36.11,62.40,27.00,798.04,538.71,2.15,197.00,270.00,1.04,19472044,2026-09-18T05:42:12Z
C,orig,layers_5,async,128,11,0,0.00,100.00,931.66,267.47,198.12,69.35,,,1199.13,1001.01,1.58,18.00,35.00,1.03,19471588,2026-09-18T05:42:13Z
C,orig,layers_5,async_win,128,11,0,0.00,100.00,887.71,266.78,198.38,7.14,61.26,2.00,1154.49,894.85,1.57,18.00,35.00,1.03,19472460,2026-09-18T05:42:13Z
C,orig,layers_92,async,128,11,0,0.00,100.00,511.00,392.42,197.19,195.23,,,903.42,706.23,1.60,18.00,38.00,1.03,19472996,2026-09-18T05:42:13Z
C,orig,layers_92,async_win,128,11,0,0.00,100.00,545.12,371.44,195.84,110.86,64.74,87.00,916.56,655.98,1.58,18.00,38.00,1.03,19473620,2026-09-18T05:42:14Z
C,orig,2d,async,128,11,0,0.00,100.00,579.98,266.75,198.34,68.41,,,846.73,648.39,1.58,18.00,38.00,1.03,19474276,2026-09-18T05:42:14Z
C,orig,2d,async_win,128,11,0,0.00,100.00,512.60,266.22,199.06,6.48,60.67,2.00,778.82,519.08,1.58,18.00,38.00,1.03,19474420,2026-09-18T05:42:14Z
C,orig,2e_K10,async,128,11,0,0.00,100.00,583.29,266.41,188.82,77.58,,,849.70,660.87,1.58,18.00,40.00,1.03,19453440,2026-09-18T05:42:14Z
C,orig,2e_K10,async_win,128,11,0,0.00,100.00,574.72,269.49,191.07,16.24,62.18,8.00,844.21,590.96,1.59,18.00,40.00,1.03,19464388,2026-09-18T05:42:15Z
C,orig,2e_K500,async,128,11,0,0.00,60.90,184.03,659.27,198.01,461.26,,,843.30,645.29,1.53,0.00,37.00,1.03,19474604,2026-09-18T05:42:15Z
C,orig,2e_K500,async_win,128,11,0,0.00,100.00,181.17,503.51,196.88,224.40,82.22,90.00,684.68,405.57,1.53,0.00,37.00,1.03,19474740,2026-09-18T05:42:15Z
C,orig,2f_top14,async,128,11,0,0.00,100.00,591.68,291.19,202.28,88.91,,,882.87,680.59,1.57,17.00,40.00,1.03,19476952,2026-09-18T05:42:15Z
C,orig,2f_top14,async_win,128,11,0,0.00,100.00,592.02,277.15,198.06,17.39,61.70,9.00,869.17,609.41,1.59,17.00,40.00,1.03,19476888,2026-09-18T05:42:16Z
C,orig,2f_top28,async,128,11,0,0.00,100.00,178.48,293.82,197.06,96.76,,,472.30,275.24,1.59,17.00,40.00,1.03,19477256,2026-09-18T05:42:16Z
C,orig,2f_top28,async_win,128,11,0,0.00,100.00,180.62,285.14,196.34,27.47,61.33,13.00,465.76,208.09,1.57,17.00,40.00,1.03,19480440,2026-09-18T05:42:16Z
C,orig,2f_top100,async,128,11,0,0.00,100.00,180.88,375.21,196.43,178.79,,,556.09,359.67,1.56,13.00,38.00,1.03,19479788,2026-09-18T05:42:16Z
C,orig,2f_top100,async_win,128,11,0,0.00,100.00,183.94,340.80,199.85,73.81,67.15,32.00,524.74,257.75,1.58,13.00,38.00,1.03,19479648,2026-09-18T05:42:17Z
C,orig,2f_top500,async,128,11,0,0.00,100.00,96.03,959.10,196.76,762.34,,,1055.13,858.37,1.53,0.00,37.00,1.03,19480880,2026-09-18T05:42:17Z
C,orig,2f_top500,async_win,128,11,0,0.00,100.00,97.05,494.17,197.42,207.13,89.62,15.00,591.22,304.18,1.54,0.00,37.00,1.03,19484588,2026-09-18T05:42:17Z
C,orig,2f_slru,async,128,11,0,0.00,100.00,94.69,974.91,196.40,778.51,,,1069.60,873.20,1.53,0.00,37.00,1.03,19485232,2026-09-18T05:42:17Z
C,orig,2f_slru,async_win,128,11,0,0.00,100.00,95.34,534.63,194.46,212.21,127.97,15.00,629.97,307.55,1.54,0.00,37.00,1.03,19485536,2026-09-18T05:42:18Z
C,orig,leaf_freq_K10,async,128,11,0,0.00,100.00,950.97,270.07,195.64,74.43,,,1221.04,1025.40,1.59,18.00,37.00,1.03,19484100,2026-09-18T05:42:18Z
C,orig,leaf_freq_K10,async_win,128,11,0,0.00,100.00,900.19,271.48,197.06,13.31,61.10,6.00,1171.67,913.50,1.57,18.00,37.00,1.03,19488332,2026-09-18T05:42:18Z
C,orig,leaf_rand_K10,async,128,11,0,0.00,100.00,971.70,271.59,196.30,75.29,,,1243.29,1046.99,1.59,18.00,35.00,1.03,19488672,2026-09-18T05:42:18Z
C,orig,leaf_rand_K10,async_win,128,11,0,0.00,100.00,907.23,275.36,198.46,15.31,61.59,10.00,1182.59,922.54,1.57,18.00,35.00,1.03,19489436,2026-09-18T05:42:19Z
C,orig,learned_markov_14,async,128,11,0,0.00,100.00,454.55,271.44,192.22,79.22,,,725.99,533.77,1.59,17.00,40.00,1.03,19489528,2026-09-18T05:42:19Z
C,orig,learned_markov_14,async_win,128,11,0,0.00,100.00,584.01,280.02,200.19,17.64,62.19,9.00,864.03,601.65,1.61,17.00,40.00,1.03,19491656,2026-09-18T05:42:19Z
C,orig,learned_markov_28,async,128,11,0,0.00,100.00,183.00,296.03,197.16,98.87,,,479.03,281.87,1.59,17.00,40.00,1.03,19492144,2026-09-18T05:42:20Z
C,orig,learned_markov_28,async_win,128,11,0,0.00,100.00,182.96,288.25,199.44,26.39,62.43,13.00,471.21,209.35,1.57,17.00,40.00,1.03,19492060,2026-09-18T05:42:20Z
C_hit,orig,layers_5,async,128,11,0,0.00,100.00,554.29,268.29,198.48,69.81,,,822.58,624.10,1.66,37.00,62.00,1.03,19485112,2026-09-18T05:42:20Z
C_hit,orig,layers_5,async_win,128,11,0,0.00,100.00,550.21,268.49,196.00,7.58,64.91,2.00,818.70,557.79,1.67,37.00,62.00,1.03,19466316,2026-09-18T05:42:20Z
C_hit,orig,layers_92,async,128,11,0,0.00,100.00,462.07,395.97,198.35,197.62,,,858.04,659.69,1.65,37.00,64.00,1.03,19467060,2026-09-18T05:42:21Z
C_hit,orig,layers_92,async_win,128,11,0,0.00,100.00,461.13,367.17,197.58,103.89,65.70,87.00,828.30,565.02,1.70,37.00,64.00,1.03,19467404,2026-09-18T05:42:21Z
C_hit,orig,2d,async,128,11,0,0.00,100.00,465.56,279.87,209.76,70.10,,,745.43,535.66,1.65,37.00,64.00,1.03,19469048,2026-09-18T05:42:21Z
C_hit,orig,2d,async_win,128,11,0,0.00,100.00,409.08,267.55,198.12,8.28,61.16,3.00,676.63,417.36,1.66,37.00,64.00,1.03,19468460,2026-09-18T05:42:21Z
C_hit,orig,2e_K10,async,128,11,0,0.00,100.00,453.07,280.32,197.52,82.80,,,733.39,535.87,1.66,37.00,64.00,1.03,19468872,2026-09-18T05:42:22Z
C_hit,orig,2e_K10,async_win,128,11,0,0.00,100.00,520.05,276.22,199.11,15.60,61.51,6.00,796.27,535.65,1.66,37.00,64.00,1.03,19469252,2026-09-18T05:42:22Z
C_hit,orig,2e_K500,async,128,11,0,0.00,45.90,184.13,879.84,198.36,681.47,,,1063.97,865.60,1.60,12.00,63.00,1.03,19469924,2026-09-18T05:42:22Z
C_hit,orig,2e_K500,async_win,128,11,0,0.00,39.00,248.24,760.64,210.36,449.70,100.58,139.00,1008.88,697.94,1.58,12.00,63.00,1.03,19470628,2026-09-18T05:42:23Z
C_hit,orig,2f_top14,async,128,11,0,0.00,100.00,410.08,282.32,200.71,81.61,,,692.40,491.69,1.66,37.00,64.00,1.03,19472300,2026-09-18T05:42:23Z
C_hit,orig,2f_top14,async_win,128,11,0,0.00,100.00,513.23,275.52,197.85,16.58,61.09,6.00,788.75,529.81,1.67,37.00,64.00,1.03,19472180,2026-09-18T05:42:23Z
C_hit,orig,2f_top28,async,128,11,0,0.00,100.00,180.51,290.61,195.93,94.68,,,471.12,275.19,1.67,36.00,64.00,1.03,19472288,2026-09-18T05:42:23Z
C_hit,orig,2f_top28,async_win,128,11,0,0.00,100.00,179.10,285.93,200.11,22.45,63.37,8.00,465.03,201.55,1.65,36.00,64.00,1.03,19473368,2026-09-18T05:42:24Z
C_hit,orig,2f_top100,async,128,11,0,0.00,100.00,180.27,378.50,201.12,177.38,,,558.77,357.65,1.64,33.00,63.00,1.03,19476332,2026-09-18T05:42:24Z
C_hit,orig,2f_top100,async_win,128,11,0,0.00,100.00,186.04,335.50,196.15,72.82,66.53,28.00,521.54,258.86,1.65,33.00,63.00,1.03,19477624,2026-09-18T05:42:24Z
C_hit,orig,2f_top500,async,128,11,0,0.00,43.00,183.26,856.75,194.70,662.05,,,1040.01,845.31,1.58,12.00,64.00,1.03,19476860,2026-09-18T05:42:24Z
C_hit,orig,2f_top500,async_win,128,11,0,0.00,31.00,182.11,614.61,200.01,323.53,91.07,138.00,796.72,505.64,1.58,12.00,64.00,1.03,19477400,2026-09-18T05:42:25Z
C_hit,orig,2f_slru,async,128,11,0,0.00,100.00,97.97,1546.68,199.04,1347.63,,,1644.65,1445.60,1.54,0.00,62.00,1.03,19478216,2026-09-18T05:42:25Z
C_hit,orig,2f_slru,async_win,128,11,0,0.00,96.50,96.90,721.89,200.47,392.92,128.50,29.00,818.79,489.82,1.54,0.00,62.00,1.03,19480144,2026-09-18T05:42:25Z
C_hit,orig,leaf_freq_K10,async,128,11,0,0.00,100.00,496.97,272.96,196.39,76.57,,,769.93,573.54,1.72,37.00,62.00,1.03,19470948,2026-09-18T05:42:25Z
C_hit,orig,leaf_freq_K10,async_win,128,11,0,0.00,100.00,466.15,270.34,198.54,10.50,61.30,3.00,736.49,476.65,1.67,37.00,62.00,1.03,19472392,2026-09-18T05:42:26Z
C_hit,orig,leaf_rand_K10,async,128,11,0,0.00,100.00,560.93,226.72,147.58,79.14,,,787.65,640.07,1.67,37.00,62.00,1.03,19472056,2026-09-18T05:42:26Z
C_hit,orig,leaf_rand_K10,async_win,128,11,0,0.00,100.00,563.02,228.46,150.60,15.18,62.68,10.00,791.48,578.20,1.67,37.00,62.00,1.03,19474276,2026-09-18T05:42:26Z
C_hit,orig,learned_markov_14,async,128,11,0,0.00,100.00,411.54,274.77,194.90,79.87,,,686.31,491.41,1.66,37.00,64.00,1.03,19474556,2026-09-18T05:42:27Z
C_hit,orig,learned_markov_14,async_win,128,11,0,0.00,100.00,451.79,229.12,151.49,14.70,62.94,6.00,680.91,466.49,1.64,37.00,64.00,1.03,19475000,2026-09-18T05:42:27Z
C_hit,orig,learned_markov_28,async,128,11,0,0.00,100.00,181.10,247.73,150.62,97.10,,,428.83,278.20,1.66,36.00,64.00,1.03,19474704,2026-09-18T05:42:27Z
C_hit,orig,learned_markov_28,async_win,128,11,0,0.00,100.00,183.38,245.66,155.94,24.00,65.72,8.00,429.04,207.38,1.68,36.00,64.00,1.03,19475988,2026-09-18T05:42:27Z
