page_number,file_offset
1,0
2,4096
3,8192
4,12288
5,16384
6,20480
7,24576
8,28672
9,32768
10,36864
11,40960
12,45056
13,49152
14,53248
15,57344
16,61440
17,65536
18,69632
19,73728
20,77824
21,81920
22,86016
23,90112
24,94208
25,98304
26,102400
27,106496
28,110592
29,114688
30,118784
31,122880
32,126976
33,131072
34,135168
35,139264
36,143360
37,147456
38,151552
39,155648
40,159744
41,163840
42,167936
43,172032
44,176128
45,180224
46,184320
47,188416
48,192512
49,196608
50,200704
51,204800
52,208896
53,212992
54,217088
55,221184
56,225280
57,229376
58,233472
59,237568
60,241664
61,245760
62,249856
63,253952
64,258048
65,262144
66,266240
67,270336
68,274432
69,278528
70,282624
71,286720
72,290816
73,294912
74,299008
75,303104
76,307200
77,311296
78,315392
79,319488
80,323584
81,327680
82,331776
83,335872
84,339968
85,344064
86,348160
87,352256
88,356352
89,360448
90,364544
91,368640
92,372736
93,376832
94,380928
95,385024
96,389120
97,393216
98,397312
99,401408
100,405504
101,409600
102,413696
103,417792
104,421888
105,425984
106,430080
107,434176
108,438272
109,442368
110,446464
111,450560
112,454656
113,458752
114,462848
115,466944
116,471040
117,475136
118,479232
119,483328
120,487424
121,491520
122,495616
123,499712
124,503808
125,507904
126,512000
127,516096
128,520192
129,524288
130,528384
131,532480
132,536576
133,540672
134,544768
135,548864
136,552960
137,557056
138,561152
139,565248
140,569344
141,573440
142,577536
143,581632
144,585728
145,589824
146,593920
147,598016
148,602112
149,606208
150,610304
151,614400
152,618496
153,622592
154,626688
155,630784
156,634880
157,638976
158,643072
159,647168
160,651264
161,655360
162,659456
163,663552
164,667648
165,671744
166,675840
167,679936
168,684032
169,688128
170,692224
171,696320
172,700416
173,704512
174,708608
175,712704
176,716800
177,720896
178,724992
179,729088
180,733184
181,737280
182,741376
183,745472
184,749568
185,753664
186,757760
187,761856
188,765952
189,770048
190,774144
191,778240
192,782336
193,786432
194,790528
195,794624
196,798720
197,802816
198,806912
199,811008
200,815104
201,819200
202,823296
203,827392
204,831488
205,835584
206,839680
207,843776
208,847872
209,851968
210,856064
211,860160
212,864256
213,868352
214,872448
215,876544
216,880640
217,884736
218,888832
219,892928
220,897024
221,901120
222,905216
223,909312
224,913408
225,917504
226,921600
227,925696
228,929792
229,933888
230,937984
231,942080
232,946176
233,950272
234,954368
235,958464
236,962560
237,966656
238,970752
239,974848
240,978944
241,983040
242,987136
243,991232
244,995328
245,999424
246,1003520
247,1007616
248,1011712
249,1015808
250,1019904
251,1024000
252,1028096
253,1032192
254,1036288
255,1040384
256,1044480
257,1048576
258,1052672
259,1056768
260,1060864
261,1064960
262,1069056
263,1073152
264,1077248
265,1081344
266,1085440
267,1089536
268,1093632
269,1097728
270,1101824
271,1105920
272,1110016
273,1114112
274,1118208
275,1122304
276,1126400
277,1130496
278,1134592
279,1138688
280,1142784
281,1146880
282,1150976
283,1155072
284,1159168
285,1163264
286,1167360
287,1171456
288,1175552
289,1179648
290,1183744
291,1187840
292,1191936
293,1196032
294,1200128
295,1204224
296,1208320
297,1212416
298,1216512
299,1220608
300,1224704
301,1228800
302,1232896
303,1236992
304,1241088
305,1245184
306,1249280
307,1253376
308,1257472
309,1261568
310,1265664
311,1269760
312,1273856
313,1277952
314,1282048
315,1286144
316,1290240
317,1294336
318,1298432
319,1302528
320,1306624
321,1310720
322,1314816
323,1318912
324,1323008
325,1327104
326,1331200
327,1335296
328,1339392
329,1343488
330,1347584
331,1351680
332,1355776
333,1359872
334,1363968
335,1368064
336,1372160
337,1376256
338,1380352
339,1384448
340,1388544
341,1392640
342,1396736
343,1400832
344,1404928
345,1409024
346,1413120
347,1417216
348,1421312
349,1425408
350,1429504
351,1433600
352,1437696
353,1441792
354,1445888
355,1449984
356,1454080
357,1458176
358,1462272
359,1466368
360,1470464
361,1474560
362,1478656
363,1482752
364,1486848
365,1490944
366,1495040
367,1499136
368,1503232
369,1507328
370,1511424
371,1515520
372,1519616
373,1523712
374,1527808
375,1531904
376,1536000
377,1540096
378,1544192
379,1548288
380,1552384
381,1556480
382,1560576
383,1564672
384,1568768
385,1572864
386,1576960
387,1581056
388,1585152
389,1589248
390,1593344
391,1597440
392,1601536
393,1605632
394,1609728
395,1613824
396,1617920
397,1622016
398,1626112
399,1630208
400,1634304
401,1638400
402,1642496
403,1646592
404,1650688
405,1654784
406,1658880
407,1662976
408,1667072
409,1671168
410,1675264
411,1679360
412,1683456
413,1687552
414,1691648
415,1695744
416,1699840
417,1703936
418,1708032
419,1712128
420,1716224
421,1720320
422,1724416
423,1728512
424,1732608
425,1736704
426,1740800
427,1744896
428,1748992
429,1753088
430,1757184
431,1761280
432,1765376
433,1769472
434,1773568
435,1777664
436,1781760
437,1785856
438,1789952
439,1794048
440,1798144
441,1802240
442,1806336
443,1810432
444,1814528
445,1818624
446,1822720
447,1826816
448,1830912
449,1835008
450,1839104
451,1843200
452,1847296
453,1851392
454,1855488
455,1859584
456,1863680
457,1867776
458,1871872
459,1875968
460,1880064
461,1884160
462,1888256
463,1892352
464,1896448
465,1900544
466,1904640
467,1908736
468,1912832
469,1916928
470,1921024
471,1925120
472,1929216
473,1933312
474,1937408
475,1941504
476,1945600
477,1949696
478,1953792
479,1957888
480,1961984
481,1966080
482,1970176
483,1974272
484,1978368
485,1982464
486,1986560
487,1990656
488,1994752
489,1998848
490,2002944
491,2007040
492,2011136
493,2015232
494,2019328
495,2023424
496,2027520
497,2031616
498,2035712
499,2039808
500,2043904
501,2048000
502,2052096
503,2056192
504,2060288
505,2064384
506,2068480
507,2072576
508,2076672
509,2080768
510,2084864
511,2088960
512,2093056
513,2097152
514,2101248
515,2105344
516,2109440
517,2113536
518,2117632
519,2121728
520,2125824
521,2129920
522,2134016
523,2138112
524,2142208
525,2146304
526,2150400
527,2154496
528,2158592
529,2162688
530,2166784
531,2170880
532,2174976
533,2179072
534,2183168
535,2187264
536,2191360
537,2195456
538,2199552
539,2203648
540,2207744
541,2211840
542,2215936
543,2220032
544,2224128
545,2228224
546,2232320
547,2236416
548,2240512
549,2244608
550,2248704
551,2252800
552,2256896
553,2260992
554,2265088
555,2269184
556,2273280
557,2277376
558,2281472
559,2285568
560,2289664
561,2293760
562,2297856
563,2301952
564,2306048
565,2310144
566,2314240
567,2318336
568,2322432
569,2326528
570,2330624
571,2334720
572,2338816
573,2342912
574,2347008
575,2351104
576,2355200
577,2359296
578,2363392
579,2367488
580,2371584
581,2375680
582,2379776
583,2383872
584,2387968
585,2392064
586,2396160
587,2400256
588,2404352
589,2408448
590,2412544
591,2416640
592,2420736
593,2424832
594,2428928
595,2433024
596,2437120
597,2441216
598,2445312
599,2449408
600,2453504
601,2457600
602,2461696
603,2465792
604,2469888
605,2473984
606,2478080
607,2482176
608,2486272
609,2490368
610,2494464
611,2498560
612,2502656
613,2506752
614,2510848
615,2514944
616,2519040
617,2523136
618,2527232
619,2531328
620,2535424
621,2539520
622,2543616
623,2547712
624,2551808
625,2555904
626,2560000
627,2564096
628,2568192
629,2572288
630,2576384
631,2580480
632,2584576
633,2588672
634,2592768
635,2596864
636,2600960
637,2605056
638,2609152
639,2613248
640,2617344
641,2621440
642,2625536
643,2629632
644,2633728
645,2637824
646,2641920
647,2646016
648,2650112
649,2654208
650,2658304
651,2662400
652,2666496
653,2670592
654,2674688
655,2678784
656,2682880
657,2686976
658,2691072
659,2695168
660,2699264
661,2703360
662,2707456
663,2711552
664,2715648
665,2719744
666,2723840
667,2727936
668,2732032
669,2736128
670,2740224
671,2744320
672,2748416
673,2752512
674,2756608
675,2760704
676,2764800
677,2768896
678,2772992
679,2777088
680,2781184
681,2785280
682,2789376
683,2793472
684,2797568
685,2801664
686,2805760
687,2809856
688,2813952
689,2818048
690,2822144
691,2826240
692,2830336
693,2834432
694,2838528
695,2842624
696,2846720
697,2850816
698,2854912
699,2859008
700,2863104
701,2867200
702,2871296
703,2875392
704,2879488
705,2883584
706,2887680
707,2891776
708,2895872
709,2899968
710,2904064
711,2908160
712,2912256
713,2916352
714,2920448
715,2924544
716,2928640
717,2932736
718,2936832
719,2940928
720,2945024
721,2949120
722,2953216
723,2957312
724,2961408
725,2965504
726,2969600
727,2973696
728,2977792
729,2981888
730,2985984
731,2990080
732,2994176
733,2998272
734,3002368
735,3006464
736,3010560
737,3014656
738,3018752
739,3022848
740,3026944
741,3031040
742,3035136
743,3039232
744,3043328
745,3047424
746,3051520
747,3055616
748,3059712
749,3063808
750,3067904
751,3072000
752,3076096
753,3080192
754,3084288
755,3088384
756,3092480
757,3096576
758,3100672
759,3104768
760,3108864
761,3112960
762,3117056
763,3121152
764,3125248
765,3129344
766,3133440
767,3137536
768,3141632
769,3145728
770,3149824
771,3153920
772,3158016
773,3162112
774,3166208
775,3170304
776,3174400
777,3178496
778,3182592
779,3186688
780,3190784
781,3194880
782,3198976
783,3203072
784,3207168
785,3211264
786,3215360
787,3219456
788,3223552
789,3227648
790,3231744
791,3235840
792,3239936
793,3244032
794,3248128
795,3252224
796,3256320
797,3260416
798,3264512
799,3268608
800,3272704
801,3276800
802,3280896
803,3284992
804,3289088
805,3293184
806,3297280
807,3301376
808,3305472
809,3309568
810,3313664
811,3317760
812,3321856
813,3325952
814,3330048
815,3334144
816,3338240
817,3342336
818,3346432
819,3350528
820,3354624
821,3358720
822,3362816
823,3366912
824,3371008
825,3375104
826,3379200
827,3383296
828,3387392
829,3391488
830,3395584
831,3399680
832,3403776
833,3407872
834,3411968
835,3416064
836,3420160
837,3424256
838,3428352
839,3432448
840,3436544
841,3440640
842,3444736
843,3448832
844,3452928
845,3457024
846,3461120
847,3465216
848,3469312
849,3473408
850,3477504
851,3481600
852,3485696
853,3489792
854,3493888
855,3497984
856,3502080
857,3506176
858,3510272
859,3514368
860,3518464
861,3522560
862,3526656
863,3530752
864,3534848
865,3538944
866,3543040
867,3547136
868,3551232
869,3555328
870,3559424
871,3563520
872,3567616
873,3571712
874,3575808
875,3579904
876,3584000
877,3588096
878,3592192
879,3596288
880,3600384
881,3604480
882,3608576
883,3612672
884,3616768
885,3620864
886,3624960
887,3629056
888,3633152
889,3637248
890,3641344
891,3645440
892,3649536
893,3653632
894,3657728
895,3661824
896,3665920
897,3670016
898,3674112
899,3678208
900,3682304
901,3686400
902,3690496
903,3694592
904,3698688
905,3702784
906,3706880
907,3710976
908,3715072
909,3719168
910,3723264
911,3727360
912,3731456
913,3735552
914,3739648
915,3743744
916,3747840
917,3751936
918,3756032
919,3760128
920,3764224
921,3768320
922,3772416
923,3776512
924,3780608
925,3784704
926,3788800
927,3792896
928,3796992
929,3801088
930,3805184
931,3809280
932,3813376
933,3817472
934,3821568
935,3825664
936,3829760
937,3833856
938,3837952
939,3842048
940,3846144
941,3850240
942,3854336
943,3858432
944,3862528
945,3866624
946,3870720
947,3874816
948,3878912
949,3883008
950,3887104
951,3891200
952,3895296
953,3899392
954,3903488
955,3907584
956,3911680
957,3915776
958,3919872
959,3923968
960,3928064
961,3932160
962,3936256
963,3940352
964,3944448
965,3948544
966,3952640
967,3956736
968,3960832
969,3964928
970,3969024
971,3973120
972,3977216
973,3981312
974,3985408
975,3989504
976,3993600
977,3997696
978,4001792
979,4005888
980,4009984
981,4014080
982,4018176
983,4022272
984,4026368
985,4030464
986,4034560
987,4038656
988,4042752
989,4046848
990,4050944
991,4055040
992,4059136
993,4063232
994,4067328
995,4071424
996,4075520
997,4079616
998,4083712
999,4087808
1000,4091904
1001,4096000
1002,4100096
1003,4104192
1004,4108288
1005,4112384
1006,4116480
1007,4120576
1008,4124672
1009,4128768
1010,4132864
1011,4136960
1012,4141056
1013,4145152
1014,4149248
1015,4153344
1016,4157440
1017,4161536
1018,4165632
1019,4169728
1020,4173824
1021,4177920
1022,4182016
1023,4186112
1024,4190208
1025,4194304
1026,4198400
1027,4202496
1028,4206592
1029,4210688
1030,4214784
1031,4218880
1032,4222976
1033,4227072
1034,4231168
1035,4235264
1036,4239360
1037,4243456
1038,4247552
1039,4251648
1040,4255744
1041,4259840
1042,4263936
1043,4268032
1044,4272128
1045,4276224
1046,4280320
1047,4284416
1048,4288512
1049,4292608
1050,4296704
1051,4300800
1052,4304896
1053,4308992
1054,4313088
1055,4317184
1056,4321280
1057,4325376
1058,4329472
1059,4333568
1060,4337664
1061,4341760
1062,4345856
1063,4349952
1064,4354048
1065,4358144
1066,4362240
1067,4366336
1068,4370432
1069,4374528
1070,4378624
1071,4382720
1072,4386816
1073,4390912
1074,4395008
1075,4399104
1076,4403200
1077,4407296
1078,4411392
1079,4415488
1080,4419584
1081,4423680
1082,4427776
1083,4431872
1084,4435968
1085,4440064
1086,4444160
1087,4448256
1088,4452352
1089,4456448
1090,4460544
1091,4464640
1092,4468736
1093,4472832
1094,4476928
1095,4481024
1096,4485120
1097,4489216
1098,4493312
1099,4497408
1100,4501504
1101,4505600
1102,4509696
1103,4513792
1104,4517888
1105,4521984
1106,4526080
1107,4530176
1108,4534272
1109,4538368
1110,4542464
1111,4546560
1112,4550656
1113,4554752
1114,4558848
1115,4562944
1116,4567040
1117,4571136
1118,4575232
1119,4579328
1120,4583424
1121,4587520
1122,4591616
1123,4595712
1124,4599808
1125,4603904
1126,4608000
1127,4612096
1128,4616192
1129,4620288
1130,4624384
1131,4628480
1132,4632576
1133,4636672
1134,4640768
1135,4644864
1136,4648960
1137,4653056
1138,4657152
1139,4661248
1140,4665344
1141,4669440
1142,4673536
1143,4677632
1144,4681728
1145,4685824
1146,4689920
1147,4694016
1148,4698112
1149,4702208
1150,4706304
1151,4710400
1152,4714496
1153,4718592
1154,4722688
1155,4726784
1156,4730880
1157,4734976
1158,4739072
1159,4743168
1160,4747264
1161,4751360
1162,4755456
1163,4759552
1164,4763648
1165,4767744
1166,4771840
1167,4775936
1168,4780032
1169,4784128
1170,4788224
1171,4792320
1172,4796416
1173,4800512
1174,4804608
1175,4808704
1176,4812800
1177,4816896
1178,4820992
1179,4825088
1180,4829184
1181,4833280
1182,4837376
1183,4841472
1184,4845568
1185,4849664
1186,4853760
1187,4857856
1188,4861952
1189,4866048
1190,4870144
1191,4874240
1192,4878336
1193,4882432
1194,4886528
1195,4890624
1196,4894720
1197,4898816
1198,4902912
1199,4907008
1200,4911104
1201,4915200
1202,4919296
1203,4923392
1204,4927488
1205,4931584
1206,4935680
1207,4939776
1208,4943872
1209,4947968
1210,4952064
1211,4956160
1212,4960256
1213,4964352
1214,4968448
1215,4972544
1216,4976640
1217,4980736
1218,4984832
1219,4988928
1220,4993024
1221,4997120
1222,5001216
1223,5005312
1224,5009408
1225,5013504
1226,5017600
1227,5021696
1228,5025792
1229,5029888
1230,5033984
1231,5038080
1232,5042176
1233,5046272
1234,5050368
1235,5054464
1236,5058560
1237,5062656
1238,5066752
1239,5070848
1240,5074944
1241,5079040
1242,5083136
1243,5087232
1244,5091328
1245,5095424
1246,5099520
1247,5103616
1248,5107712
1249,5111808
1250,5115904
1251,5120000
1252,5124096
1253,5128192
1254,5132288
1255,5136384
1256,5140480
1257,5144576
1258,5148672
1259,5152768
1260,5156864
1261,5160960
1262,5165056
1263,5169152
1264,5173248
1265,5177344
1266,5181440
1267,5185536
1268,5189632
1269,5193728
1270,5197824
1271,5201920
1272,5206016
1273,5210112
1274,5214208
1275,5218304
1276,5222400
1277,5226496
1278,5230592
1279,5234688
1280,5238784
1281,5242880
1282,5246976
1283,5251072
1284,5255168
1285,5259264
1286,5263360
1287,5267456
1288,5271552
1289,5275648
1290,5279744
1291,5283840
1292,5287936
1293,5292032
1294,5296128
1295,5300224
1296,5304320
1297,5308416
1298,5312512
1299,5316608
1300,5320704
1301,5324800
1302,5328896
1303,5332992
1304,5337088
1305,5341184
1306,5345280
1307,5349376
1308,5353472
1309,5357568
1310,5361664
1311,5365760
1312,5369856
1313,5373952
1314,5378048
1315,5382144
1316,5386240
1317,5390336
1318,5394432
1319,5398528
1320,5402624
1321,5406720
1322,5410816
1323,5414912
1324,5419008
1325,5423104
1326,5427200
1327,5431296
1328,5435392
1329,5439488
1330,5443584
1331,5447680
1332,5451776
1333,5455872
1334,5459968
1335,5464064
1336,5468160
1337,5472256
1338,5476352
1339,5480448
1340,5484544
1341,5488640
1342,5492736
1343,5496832
1344,5500928
1345,5505024
1346,5509120
1347,5513216
1348,5517312
1349,5521408
1350,5525504
1351,5529600
1352,5533696
1353,5537792
1354,5541888
1355,5545984
1356,5550080
1357,5554176
1358,5558272
1359,5562368
1360,5566464
1361,5570560
1362,5574656
1363,5578752
1364,5582848
1365,5586944
1366,5591040
1367,5595136
1368,5599232
1369,5603328
1370,5607424
1371,5611520
1372,5615616
1373,5619712
1374,5623808
1375,5627904
1376,5632000
1377,5636096
1378,5640192
1379,5644288
1380,5648384
1381,5652480
1382,5656576
1383,5660672
1384,5664768
1385,5668864
1386,5672960
1387,5677056
1388,5681152
1389,5685248
1390,5689344
1391,5693440
1392,5697536
1393,5701632
1394,5705728
1395,5709824
1396,5713920
1397,5718016
1398,5722112
1399,5726208
1400,5730304
1401,5734400
1402,5738496
1403,5742592
1404,5746688
1405,5750784
1406,5754880
1407,5758976
1408,5763072
1409,5767168
1410,5771264
1411,5775360
1412,5779456
1413,5783552
1414,5787648
1415,5791744
1416,5795840
1417,5799936
1418,5804032
1419,5808128
1420,5812224
1421,5816320
1422,5820416
1423,5824512
1424,5828608
1425,5832704
1426,5836800
1427,5840896
1428,5844992
1429,5849088
1430,5853184
1431,5857280
1432,5861376
1433,5865472
1434,5869568
1435,5873664
1436,5877760
1437,5881856
1438,5885952
1439,5890048
1440,5894144
1441,5898240
1442,5902336
1443,5906432
1444,5910528
1445,5914624
1446,5918720
1447,5922816
1448,5926912
1449,5931008
1450,5935104
1451,5939200
1452,5943296
1453,5947392
1454,5951488
1455,5955584
1456,5959680
1457,5963776
1458,5967872
1459,5971968
1460,5976064
1461,5980160
1462,5984256
1463,5988352
1464,5992448
1465,5996544
1466,6000640
1467,6004736
1468,6008832
1469,6012928
1470,6017024
1471,6021120
1472,6025216
1473,6029312
1474,6033408
1475,6037504
1476,6041600
1477,6045696
1478,6049792
1479,6053888
1480,6057984
1481,6062080
1482,6066176
1483,6070272
1484,6074368
1485,6078464
1486,6082560
1487,6086656
1488,6090752
1489,6094848
1490,6098944
1491,6103040
1492,6107136
1493,6111232
1494,6115328
1495,6119424
1496,6123520
1497,6127616
1498,6131712
1499,6135808
1500,6139904
1501,6144000
1502,6148096
1503,6152192
1504,6156288
1505,6160384
1506,6164480
1507,6168576
1508,6172672
1509,6176768
1510,6180864
1511,6184960
1512,6189056
1513,6193152
1514,6197248
1515,6201344
1516,6205440
1517,6209536
1518,6213632
1519,6217728
1520,6221824
1521,6225920
1522,6230016
1523,6234112
1524,6238208
1525,6242304
1526,6246400
1527,6250496
1528,6254592
1529,6258688
1530,6262784
1531,6266880
1532,6270976
1533,6275072
1534,6279168
1535,6283264
1536,6287360
1537,6291456
1538,6295552
1539,6299648
1540,6303744
1541,6307840
1542,6311936
1543,6316032
1544,6320128
1545,6324224
1546,6328320
1547,6332416
1548,6336512
1549,6340608
1550,6344704
1551,6348800
1552,6352896
1553,6356992
1554,6361088
1555,6365184
1556,6369280
1557,6373376
1558,6377472
1559,6381568
1560,6385664
1561,6389760
1562,6393856
1563,6397952
1564,6402048
1565,6406144
1566,6410240
1567,6414336
1568,6418432
1569,6422528
1570,6426624
1571,6430720
1572,6434816
1573,6438912
1574,6443008
1575,6447104
1576,6451200
1577,6455296
1578,6459392
1579,6463488
1580,6467584
1581,6471680
1582,6475776
1583,6479872
1584,6483968
1585,6488064
1586,6492160
1587,6496256
1588,6500352
1589,6504448
1590,6508544
1591,6512640
1592,6516736
1593,6520832
1594,6524928
1595,6529024
1596,6533120
1597,6537216
1598,6541312
1599,6545408
1600,6549504
1601,6553600
1602,6557696
1603,6561792
1604,6565888
1605,6569984
1606,6574080
1607,6578176
1608,6582272
1609,6586368
1610,6590464
1611,6594560
1612,6598656
1613,6602752
1614,6606848
1615,6610944
1616,6615040
1617,6619136
1618,6623232
1619,6627328
1620,6631424
1621,6635520
1622,6639616
1623,6643712
1624,6647808
1625,6651904
1626,6656000
1627,6660096
1628,6664192
1629,6668288
1630,6672384
1631,6676480
1632,6680576
1633,6684672
1634,6688768
1635,6692864
1636,6696960
1637,6701056
1638,6705152
1639,6709248
1640,6713344
1641,6717440
1642,6721536
1643,6725632
1644,6729728
1645,6733824
1646,6737920
1647,6742016
1648,6746112
1649,6750208
1650,6754304
1651,6758400
1652,6762496
1653,6766592
1654,6770688
1655,6774784
1656,6778880
1657,6782976
1658,6787072
1659,6791168
1660,6795264
1661,6799360
1662,6803456
1663,6807552
1664,6811648
1665,6815744
1666,6819840
1667,6823936
1668,6828032
1669,6832128
1670,6836224
1671,6840320
1672,6844416
1673,6848512
1674,6852608
1675,6856704
1676,6860800
1677,6864896
1678,6868992
1679,6873088
1680,6877184
1681,6881280
1682,6885376
1683,6889472
1684,6893568
1685,6897664
1686,6901760
1687,6905856
1688,6909952
1689,6914048
1690,6918144
1691,6922240
1692,6926336
1693,6930432
1694,6934528
1695,6938624
1696,6942720
1697,6946816
1698,6950912
1699,6955008
1700,6959104
1701,6963200
1702,6967296
1703,6971392
1704,6975488
1705,6979584
1706,6983680
1707,6987776
1708,6991872
1709,6995968
1710,7000064
1711,7004160
1712,7008256
1713,7012352
1714,7016448
1715,7020544
1716,7024640
1717,7028736
1718,7032832
1719,7036928
1720,7041024
1721,7045120
1722,7049216
1723,7053312
1724,7057408
1725,7061504
1726,7065600
1727,7069696
1728,7073792
1729,7077888
1730,7081984
1731,7086080
1732,7090176
1733,7094272
1734,7098368
1735,7102464
1736,7106560
1737,7110656
1738,7114752
1739,7118848
1740,7122944
1741,7127040
1742,7131136
1743,7135232
1744,7139328
1745,7143424
1746,7147520
1747,7151616
1748,7155712
1749,7159808
1750,7163904
1751,7168000
1752,7172096
1753,7176192
1754,7180288
1755,7184384
1756,7188480
1757,7192576
1758,7196672
1759,7200768
1760,7204864
1761,7208960
1762,7213056
1763,7217152
1764,7221248
1765,7225344
1766,7229440
1767,7233536
1768,7237632
1769,7241728
1770,7245824
1771,7249920
1772,7254016
1773,7258112
1774,7262208
1775,7266304
1776,7270400
1777,7274496
1778,7278592
1779,7282688
1780,7286784
1781,7290880
1782,7294976
1783,7299072
1784,7303168
1785,7307264
1786,7311360
1787,7315456
1788,7319552
1789,7323648
1790,7327744
1791,7331840
1792,7335936
1793,7340032
1794,7344128
1795,7348224
1796,7352320
1797,7356416
1798,7360512
1799,7364608
1800,7368704
1801,7372800
1802,7376896
1803,7380992
1804,7385088
1805,7389184
1806,7393280
1807,7397376
1808,7401472
1809,7405568
1810,7409664
1811,7413760
1812,7417856
1813,7421952
1814,7426048
1815,7430144
1816,7434240
1817,7438336
1818,7442432
1819,7446528
1820,7450624
1821,7454720
1822,7458816
1823,7462912
1824,7467008
1825,7471104
1826,7475200
1827,7479296
1828,7483392
1829,7487488
1830,7491584
1831,7495680
1832,7499776
1833,7503872
1834,7507968
1835,7512064
1836,7516160
1837,7520256
1838,7524352
1839,7528448
1840,7532544
1841,7536640
1842,7540736
1843,7544832
1844,7548928
1845,7553024
1846,7557120
1847,7561216
1848,7565312
1849,7569408
1850,7573504
1851,7577600
1852,7581696
1853,7585792
1854,7589888
1855,7593984
1856,7598080
1857,7602176
1858,7606272
1859,7610368
1860,7614464
1861,7618560
1862,7622656
1863,7626752
1864,7630848
1865,7634944
1866,7639040
1867,7643136
1868,7647232
1869,7651328
1870,7655424
1871,7659520
1872,7663616
1873,7667712
1874,7671808
1875,7675904
1876,7680000
1877,7684096
1878,7688192
1879,7692288
1880,7696384
1881,7700480
1882,7704576
1883,7708672
1884,7712768
1885,7716864
1886,7720960
1887,7725056
1888,7729152
1889,7733248
1890,7737344
1891,7741440
1892,7745536
1893,7749632
1894,7753728
1895,7757824
1896,7761920
1897,7766016
1898,7770112
1899,7774208
1900,7778304
1901,7782400
1902,7786496
1903,7790592
1904,7794688
1905,7798784
1906,7802880
1907,7806976
1908,7811072
1909,7815168
1910,7819264
1911,7823360
1912,7827456
1913,7831552
1914,7835648
1915,7839744
1916,7843840
1917,7847936
1918,7852032
1919,7856128
1920,7860224
1921,7864320
1922,7868416
1923,7872512
1924,7876608
1925,7880704
1926,7884800
1927,7888896
1928,7892992
1929,7897088
1930,7901184
1931,7905280
1932,7909376
1933,7913472
1934,7917568
1935,7921664
1936,7925760
1937,7929856
1938,7933952
1939,7938048
1940,7942144
1941,7946240
1942,7950336
1943,7954432
1944,7958528
1945,7962624
1946,7966720
1947,7970816
1948,7974912
1949,7979008
1950,7983104
1951,7987200
1952,7991296
1953,7995392
1954,7999488
1955,8003584
1956,8007680
1957,8011776
1958,8015872
1959,8019968
1960,8024064
1961,8028160
1962,8032256
1963,8036352
1964,8040448
1965,8044544
1966,8048640
1967,8052736
1968,8056832
1969,8060928
1970,8065024
1971,8069120
1972,8073216
1973,8077312
1974,8081408
1975,8085504
1976,8089600
1977,8093696
1978,8097792
1979,8101888
1980,8105984
1981,8110080
1982,8114176
1983,8118272
1984,8122368
1985,8126464
1986,8130560
1987,8134656
1988,8138752
1989,8142848
1990,8146944
1991,8151040
1992,8155136
1993,8159232
1994,8163328
1995,8167424
1996,8171520
1997,8175616
1998,8179712
1999,8183808
2000,8187904
2001,8192000
2002,8196096
2003,8200192
2004,8204288
2005,8208384
2006,8212480
2007,8216576
2008,8220672
2009,8224768
2010,8228864
2011,8232960
2012,8237056
2013,8241152
2014,8245248
2015,8249344
2016,8253440
2017,8257536
2018,8261632
2019,8265728
2020,8269824
2021,8273920
2022,8278016
2023,8282112
2024,8286208
2025,8290304
2026,8294400
2027,8298496
2028,8302592
2029,8306688
2030,8310784
2031,8314880
2032,8318976
2033,8323072
2034,8327168
2035,8331264
2036,8335360
2037,8339456
2038,8343552
2039,8347648
2040,8351744
2041,8355840
2042,8359936
2043,8364032
2044,8368128
2045,8372224
2046,8376320
2047,8380416
2048,8384512
2049,8388608
2050,8392704
2051,8396800
2052,8400896
2053,8404992
2054,8409088
2055,8413184
2056,8417280
2057,8421376
2058,8425472
2059,8429568
2060,8433664
2061,8437760
2062,8441856
2063,8445952
2064,8450048
2065,8454144
2066,8458240
2067,8462336
2068,8466432
2069,8470528
2070,8474624
2071,8478720
2072,8482816
2073,8486912
2074,8491008
2075,8495104
2076,8499200
2077,8503296
2078,8507392
2079,8511488
2080,8515584
2081,8519680
2082,8523776
2083,8527872
2084,8531968
2085,8536064
2086,8540160
2087,8544256
2088,8548352
2089,8552448
2090,8556544
2091,8560640
2092,8564736
2093,8568832
2094,8572928
2095,8577024
2096,8581120
2097,8585216
2098,8589312
2099,8593408
2100,8597504
2101,8601600
2102,8605696
2103,8609792
2104,8613888
2105,8617984
2106,8622080
2107,8626176
2108,8630272
2109,8634368
2110,8638464
2111,8642560
2112,8646656
2113,8650752
2114,8654848
2115,8658944
2116,8663040
2117,8667136
2118,8671232
2119,8675328
2120,8679424
2121,8683520
2122,8687616
2123,8691712
2124,8695808
2125,8699904
2126,8704000
2127,8708096
2128,8712192
2129,8716288
2130,8720384
2131,8724480
2132,8728576
2133,8732672
2134,8736768
2135,8740864
2136,8744960
2137,8749056
2138,8753152
2139,8757248
2140,8761344
2141,8765440
2142,8769536
2143,8773632
2144,8777728
2145,8781824
2146,8785920
2147,8790016
2148,8794112
2149,8798208
2150,8802304
2151,8806400
2152,8810496
2153,8814592
2154,8818688
2155,8822784
2156,8826880
2157,8830976
2158,8835072
2159,8839168
2160,8843264
2161,8847360
2162,8851456
2163,8855552
2164,8859648
2165,8863744
2166,8867840
2167,8871936
2168,8876032
2169,8880128
2170,8884224
2171,8888320
2172,8892416
2173,8896512
2174,8900608
2175,8904704
2176,8908800
2177,8912896
2178,8916992
2179,8921088
2180,8925184
2181,8929280
2182,8933376
2183,8937472
2184,8941568
2185,8945664
2186,8949760
2187,8953856
2188,8957952
2189,8962048
2190,8966144
2191,8970240
2192,8974336
2193,8978432
2194,8982528
2195,8986624
2196,8990720
2197,8994816
2198,8998912
2199,9003008
2200,9007104
2201,9011200
2202,9015296
2203,9019392
2204,9023488
2205,9027584
2206,9031680
2207,9035776
2208,9039872
2209,9043968
2210,9048064
2211,9052160
2212,9056256
2213,9060352
2214,9064448
2215,9068544
2216,9072640
2217,9076736
2218,9080832
2219,9084928
2220,9089024
2221,9093120
2222,9097216
2223,9101312
2224,9105408
2225,9109504
2226,9113600
2227,9117696
2228,9121792
2229,9125888
2230,9129984
2231,9134080
2232,9138176
2233,9142272
2234,9146368
2235,9150464
2236,9154560
2237,9158656
2238,9162752
2239,9166848
2240,9170944
2241,9175040
2242,9179136
2243,9183232
2244,9187328
2245,9191424
2246,9195520
2247,9199616
2248,9203712
2249,9207808
2250,9211904
2251,9216000
2252,9220096
2253,9224192
2254,9228288
2255,9232384
2256,9236480
2257,9240576
2258,9244672
2259,9248768
2260,9252864
2261,9256960
2262,9261056
2263,9265152
2264,9269248
2265,9273344
2266,9277440
2267,9281536
2268,9285632
2269,9289728
2270,9293824
2271,9297920
2272,9302016
2273,9306112
2274,9310208
2275,9314304
2276,9318400
2277,9322496
2278,9326592
2279,9330688
2280,9334784
2281,9338880
2282,9342976
2283,9347072
2284,9351168
2285,9355264
2286,9359360
2287,9363456
2288,9367552
2289,9371648
2290,9375744
2291,9379840
2292,9383936
2293,9388032
2294,9392128
2295,9396224
2296,9400320
2297,9404416
2298,9408512
2299,9412608
2300,9416704
2301,9420800
2302,9424896
2303,9428992
2304,9433088
2305,9437184
2306,9441280
2307,9445376
2308,9449472
2309,9453568
2310,9457664
2311,9461760
2312,9465856
2313,9469952
2314,9474048
2315,9478144
2316,9482240
2317,9486336
2318,9490432
2319,9494528
2320,9498624
2321,9502720
2322,9506816
2323,9510912
2324,9515008
2325,9519104
2326,9523200
2327,9527296
2328,9531392
2329,9535488
2330,9539584
2331,9543680
2332,9547776
2333,9551872
2334,9555968
2335,9560064
2336,9564160
2337,9568256
2338,9572352
2339,9576448
2340,9580544
2341,9584640
2342,9588736
2343,9592832
2344,9596928
2345,9601024
2346,9605120
2347,9609216
2348,9613312
2349,9617408
2350,9621504
2351,9625600
2352,9629696
2353,9633792
2354,9637888
2355,9641984
2356,9646080
2357,9650176
2358,9654272
2359,9658368
2360,9662464
2361,9666560
2362,9670656
2363,9674752
2364,9678848
2365,9682944
2366,9687040
2367,9691136
2368,9695232
2369,9699328
2370,9703424
2371,9707520
2372,9711616
2373,9715712
2374,9719808
2375,9723904
2376,9728000
2377,9732096
2378,9736192
2379,9740288
2380,9744384
2381,9748480
2382,9752576
2383,9756672
2384,9760768
2385,9764864
2386,9768960
2387,9773056
2388,9777152
2389,9781248
2390,9785344
2391,9789440
2392,9793536
2393,9797632
2394,9801728
2395,9805824
2396,9809920
2397,9814016
2398,9818112
2399,9822208
2400,9826304
2401,9830400
2402,9834496
2403,9838592
2404,9842688
2405,9846784
2406,9850880
2407,9854976
2408,9859072
2409,9863168
2410,9867264
2411,9871360
2412,9875456
2413,9879552
2414,9883648
2415,9887744
2416,9891840
2417,9895936
2418,9900032
2419,9904128
2420,9908224
2421,9912320
2422,9916416
2423,9920512
2424,9924608
2425,9928704
2426,9932800
2427,9936896
2428,9940992
2429,9945088
2430,9949184
2431,9953280
2432,9957376
2433,9961472
2434,9965568
2435,9969664
2436,9973760
2437,9977856
2438,9981952
2439,9986048
2440,9990144
2441,9994240
2442,9998336
2443,10002432
2444,10006528
2445,10010624
2446,10014720
2447,10018816
2448,10022912
2449,10027008
2450,10031104
2451,10035200
2452,10039296
2453,10043392
2454,10047488
2455,10051584
2456,10055680
2457,10059776
2458,10063872
2459,10067968
2460,10072064
2461,10076160
2462,10080256
2463,10084352
2464,10088448
2465,10092544
2466,10096640
2467,10100736
2468,10104832
2469,10108928
2470,10113024
2471,10117120
2472,10121216
2473,10125312
2474,10129408
2475,10133504
2476,10137600
2477,10141696
2478,10145792
2479,10149888
2480,10153984
2481,10158080
2482,10162176
2483,10166272
2484,10170368
2485,10174464
2486,10178560
2487,10182656
2488,10186752
2489,10190848
2490,10194944
2491,10199040
2492,10203136
2493,10207232
2494,10211328
2495,10215424
2496,10219520
2497,10223616
2498,10227712
2499,10231808
2500,10235904
2501,10240000
2502,10244096
2503,10248192
2504,10252288
2505,10256384
2506,10260480
2507,10264576
2508,10268672
2509,10272768
2510,10276864
2511,10280960
2512,10285056
2513,10289152
2514,10293248
2515,10297344
2516,10301440
2517,10305536
2518,10309632
2519,10313728
2520,10317824
2521,10321920
2522,10326016
2523,10330112
2524,10334208
2525,10338304
2526,10342400
2527,10346496
2528,10350592
2529,10354688
2530,10358784
2531,10362880
2532,10366976
2533,10371072
2534,10375168
2535,10379264
2536,10383360
2537,10387456
2538,10391552
2539,10395648
2540,10399744
2541,10403840
2542,10407936
2543,10412032
2544,10416128
2545,10420224
2546,10424320
2547,10428416
2548,10432512
2549,10436608
2550,10440704
2551,10444800
2552,10448896
2553,10452992
2554,10457088
2555,10461184
2556,10465280
2557,10469376
2558,10473472
2559,10477568
2560,10481664
2561,10485760
2562,10489856
2563,10493952
2564,10498048
2565,10502144
2566,10506240
2567,10510336
2568,10514432
2569,10518528
2570,10522624
2571,10526720
2572,10530816
2573,10534912
2574,10539008
2575,10543104
2576,10547200
2577,10551296
2578,10555392
2579,10559488
2580,10563584
2581,10567680
2582,10571776
2583,10575872
2584,10579968
2585,10584064
2586,10588160
2587,10592256
2588,10596352
2589,10600448
2590,10604544
2591,10608640
2592,10612736
2593,10616832
2594,10620928
2595,10625024
2596,10629120
2597,10633216
2598,10637312
2599,10641408
2600,10645504
2601,10649600
2602,10653696
2603,10657792
2604,10661888
2605,10665984
2606,10670080
2607,10674176
2608,10678272
2609,10682368
2610,10686464
2611,10690560
2612,10694656
2613,10698752
2614,10702848
2615,10706944
2616,10711040
2617,10715136
2618,10719232
2619,10723328
2620,10727424
2621,10731520
2622,10735616
2623,10739712
2624,10743808
2625,10747904
2626,10752000
2627,10756096
2628,10760192
2629,10764288
2630,10768384
2631,10772480
2632,10776576
2633,10780672
2634,10784768
2635,10788864
2636,10792960
2637,10797056
2638,10801152
2639,10805248
2640,10809344
2641,10813440
2642,10817536
2643,10821632
2644,10825728
2645,10829824
2646,10833920
2647,10838016
2648,10842112
2649,10846208
2650,10850304
2651,10854400
2652,10858496
2653,10862592
2654,10866688
2655,10870784
2656,10874880
2657,10878976
2658,10883072
2659,10887168
2660,10891264
2661,10895360
2662,10899456
2663,10903552
2664,10907648
2665,10911744
2666,10915840
2667,10919936
2668,10924032
2669,10928128
2670,10932224
2671,10936320
2672,10940416
2673,10944512
2674,10948608
2675,10952704
2676,10956800
2677,10960896
2678,10964992
2679,10969088
2680,10973184
2681,10977280
2682,10981376
2683,10985472
2684,10989568
2685,10993664
2686,10997760
2687,11001856
2688,11005952
2689,11010048
2690,11014144
2691,11018240
2692,11022336
2693,11026432
2694,11030528
2695,11034624
2696,11038720
2697,11042816
2698,11046912
2699,11051008
2700,11055104
2701,11059200
2702,11063296
2703,11067392
2704,11071488
2705,11075584
2706,11079680
2707,11083776
2708,11087872
2709,11091968
2710,11096064
2711,11100160
2712,11104256
2713,11108352
2714,11112448
2715,11116544
2716,11120640
2717,11124736
2718,11128832
2719,11132928
2720,11137024
2721,11141120
2722,11145216
2723,11149312
2724,11153408
2725,11157504
2726,11161600
2727,11165696
2728,11169792
2729,11173888
2730,11177984
2731,11182080
2732,11186176
2733,11190272
2734,11194368
2735,11198464
2736,11202560
2737,11206656
2738,11210752
2739,11214848
2740,11218944
2741,11223040
2742,11227136
2743,11231232
2744,11235328
2745,11239424
2746,11243520
2747,11247616
2748,11251712
2749,11255808
2750,11259904
2751,11264000
2752,11268096
2753,11272192
2754,11276288
2755,11280384
2756,11284480
2757,11288576
2758,11292672
2759,11296768
2760,11300864
2761,11304960
2762,11309056
2763,11313152
2764,11317248
2765,11321344
2766,11325440
2767,11329536
2768,11333632
2769,11337728
2770,11341824
2771,11345920
2772,11350016
2773,11354112
2774,11358208
2775,11362304
2776,11366400
2777,11370496
2778,11374592
2779,11378688
2780,11382784
2781,11386880
2782,11390976
2783,11395072
2784,11399168
2785,11403264
2786,11407360
2787,11411456
2788,11415552
2789,11419648
2790,11423744
2791,11427840
2792,11431936
2793,11436032
2794,11440128
2795,11444224
2796,11448320
2797,11452416
2798,11456512
2799,11460608
2800,11464704
2801,11468800
2802,11472896
2803,11476992
2804,11481088
2805,11485184
2806,11489280
2807,11493376
2808,11497472
2809,11501568
2810,11505664
2811,11509760
2812,11513856
2813,11517952
2814,11522048
2815,11526144
2816,11530240
2817,11534336
2818,11538432
2819,11542528
2820,11546624
2821,11550720
2822,11554816
2823,11558912
2824,11563008
2825,11567104
2826,11571200
2827,11575296
2828,11579392
2829,11583488
2830,11587584
2831,11591680
2832,11595776
2833,11599872
2834,11603968
2835,11608064
2836,11612160
2837,11616256
2838,11620352
2839,11624448
2840,11628544
2841,11632640
2842,11636736
2843,11640832
2844,11644928
2845,11649024
2846,11653120
2847,11657216
2848,11661312
2849,11665408
2850,11669504
2851,11673600
2852,11677696
2853,11681792
2854,11685888
2855,11689984
2856,11694080
2857,11698176
2858,11702272
2859,11706368
2860,11710464
2861,11714560
2862,11718656
2863,11722752
2864,11726848
2865,11730944
2866,11735040
2867,11739136
2868,11743232
2869,11747328
2870,11751424
2871,11755520
2872,11759616
2873,11763712
2874,11767808
2875,11771904
2876,11776000
2877,11780096
2878,11784192
2879,11788288
2880,11792384
2881,11796480
2882,11800576
2883,11804672
2884,11808768
2885,11812864
2886,11816960
2887,11821056
2888,11825152
2889,11829248
2890,11833344
2891,11837440
2892,11841536
2893,11845632
2894,11849728
2895,11853824
2896,11857920
2897,11862016
2898,11866112
2899,11870208
2900,11874304
2901,11878400
2902,11882496
2903,11886592
2904,11890688
2905,11894784
2906,11898880
2907,11902976
2908,11907072
2909,11911168
2910,11915264
2911,11919360
2912,11923456
2913,11927552
2914,11931648
2915,11935744
2916,11939840
2917,11943936
2918,11948032
2919,11952128
2920,11956224
2921,11960320
2922,11964416
2923,11968512
2924,11972608
2925,11976704
2926,11980800
2927,11984896
2928,11988992
2929,11993088
2930,11997184
2931,12001280
2932,12005376
2933,12009472
2934,12013568
2935,12017664
2936,12021760
2937,12025856
2938,12029952
2939,12034048
2940,12038144
2941,12042240
2942,12046336
2943,12050432
2944,12054528
2945,12058624
2946,12062720
2947,12066816
2948,12070912
2949,12075008
2950,12079104
2951,12083200
2952,12087296
2953,12091392
2954,12095488
2955,12099584
2956,12103680
2957,12107776
2958,12111872
2959,12115968
2960,12120064
2961,12124160
2962,12128256
2963,12132352
2964,12136448
2965,12140544
2966,12144640
2967,12148736
2968,12152832
2969,12156928
2970,12161024
2971,12165120
2972,12169216
2973,12173312
2974,12177408
2975,12181504
2976,12185600
2977,12189696
2978,12193792
2979,12197888
2980,12201984
2981,12206080
2982,12210176
2983,12214272
2984,12218368
2985,12222464
2986,12226560
2987,12230656
2988,12234752
2989,12238848
2990,12242944
2991,12247040
2992,12251136
2993,12255232
2994,12259328
2995,12263424
2996,12267520
2997,12271616
2998,12275712
2999,12279808
3000,12283904
3001,12288000
3002,12292096
3003,12296192
3004,12300288
3005,12304384
3006,12308480
3007,12312576
3008,12316672
3009,12320768
3010,12324864
3011,12328960
3012,12333056
3013,12337152
3014,12341248
3015,12345344
3016,12349440
3017,12353536
3018,12357632
3019,12361728
3020,12365824
3021,12369920
3022,12374016
3023,12378112
3024,12382208
3025,12386304
3026,12390400
3027,12394496
3028,12398592
3029,12402688
3030,12406784
3031,12410880
3032,12414976
3033,12419072
3034,12423168
3035,12427264
3036,12431360
3037,12435456
3038,12439552
3039,12443648
3040,12447744
3041,12451840
3042,12455936
3043,12460032
3044,12464128
3045,12468224
3046,12472320
3047,12476416
3048,12480512
3049,12484608
3050,12488704
3051,12492800
3052,12496896
3053,12500992
3054,12505088
3055,12509184
3056,12513280
3057,12517376
3058,12521472
3059,12525568
3060,12529664
3061,12533760
3062,12537856
3063,12541952
3064,12546048
3065,12550144
3066,12554240
3067,12558336
3068,12562432
3069,12566528
3070,12570624
3071,12574720
3072,12578816
3073,12582912
3074,12587008
3075,12591104
3076,12595200
3077,12599296
3078,12603392
3079,12607488
3080,12611584
3081,12615680
3082,12619776
3083,12623872
3084,12627968
3085,12632064
3086,12636160
3087,12640256
3088,12644352
3089,12648448
3090,12652544
3091,12656640
3092,12660736
3093,12664832
3094,12668928
3095,12673024
3096,12677120
3097,12681216
3098,12685312
3099,12689408
3100,12693504
3101,12697600
3102,12701696
3103,12705792
3104,12709888
3105,12713984
3106,12718080
3107,12722176
3108,12726272
3109,12730368
3110,12734464
3111,12738560
3112,12742656
3113,12746752
3114,12750848
3115,12754944
3116,12759040
3117,12763136
3118,12767232
3119,12771328
3120,12775424
3121,12779520
3122,12783616
3123,12787712
3124,12791808
3125,12795904
3126,12800000
3127,12804096
3128,12808192
3129,12812288
3130,12816384
3131,12820480
3132,12824576
3133,12828672
3134,12832768
3135,12836864
3136,12840960
3137,12845056
3138,12849152
3139,12853248
3140,12857344
3141,12861440
3142,12865536
3143,12869632
3144,12873728
3145,12877824
3146,12881920
3147,12886016
3148,12890112
3149,12894208
3150,12898304
3151,12902400
3152,12906496
3153,12910592
3154,12914688
3155,12918784
3156,12922880
3157,12926976
3158,12931072
3159,12935168
3160,12939264
3161,12943360
3162,12947456
3163,12951552
3164,12955648
3165,12959744
3166,12963840
3167,12967936
3168,12972032
3169,12976128
3170,12980224
3171,12984320
3172,12988416
3173,12992512
3174,12996608
3175,13000704
3176,13004800
3177,13008896
3178,13012992
3179,13017088
3180,13021184
3181,13025280
3182,13029376
3183,13033472
3184,13037568
3185,13041664
3186,13045760
3187,13049856
3188,13053952
3189,13058048
3190,13062144
3191,13066240
3192,13070336
3193,13074432
3194,13078528
3195,13082624
3196,13086720
3197,13090816
3198,13094912
3199,13099008
3200,13103104
3201,13107200
3202,13111296
3203,13115392
3204,13119488
3205,13123584
3206,13127680
3207,13131776
3208,13135872
3209,13139968
3210,13144064
3211,13148160
3212,13152256
3213,13156352
3214,13160448
3215,13164544
3216,13168640
3217,13172736
3218,13176832
3219,13180928
3220,13185024
3221,13189120
3222,13193216
3223,13197312
3224,13201408
3225,13205504
3226,13209600
3227,13213696
3228,13217792
3229,13221888
3230,13225984
3231,13230080
3232,13234176
3233,13238272
3234,13242368
3235,13246464
3236,13250560
3237,13254656
3238,13258752
3239,13262848
3240,13266944
3241,13271040
3242,13275136
3243,13279232
3244,13283328
3245,13287424
3246,13291520
3247,13295616
3248,13299712
3249,13303808
3250,13307904
3251,13312000
3252,13316096
3253,13320192
3254,13324288
3255,13328384
3256,13332480
3257,13336576
3258,13340672
3259,13344768
3260,13348864
3261,13352960
3262,13357056
3263,13361152
3264,13365248
3265,13369344
3266,13373440
3267,13377536
3268,13381632
3269,13385728
3270,13389824
3271,13393920
3272,13398016
3273,13402112
3274,13406208
3275,13410304
3276,13414400
3277,13418496
3278,13422592
3279,13426688
3280,13430784
3281,13434880
3282,13438976
3283,13443072
3284,13447168
3285,13451264
3286,13455360
3287,13459456
3288,13463552
3289,13467648
3290,13471744
3291,13475840
3292,13479936
3293,13484032
3294,13488128
3295,13492224
3296,13496320
3297,13500416
3298,13504512
3299,13508608
3300,13512704
3301,13516800
3302,13520896
3303,13524992
3304,13529088
3305,13533184
3306,13537280
3307,13541376
3308,13545472
3309,13549568
3310,13553664
3311,13557760
3312,13561856
3313,13565952
3314,13570048
3315,13574144
3316,13578240
3317,13582336
3318,13586432
3319,13590528
3320,13594624
3321,13598720
3322,13602816
3323,13606912
3324,13611008
3325,13615104
3326,13619200
3327,13623296
3328,13627392
3329,13631488
3330,13635584
3331,13639680
3332,13643776
3333,13647872
3334,13651968
3335,13656064
3336,13660160
3337,13664256
3338,13668352
3339,13672448
3340,13676544
3341,13680640
3342,13684736
3343,13688832
3344,13692928
3345,13697024
3346,13701120
3347,13705216
3348,13709312
3349,13713408
3350,13717504
3351,13721600
3352,13725696
3353,13729792
3354,13733888
3355,13737984
3356,13742080
3357,13746176
3358,13750272
3359,13754368
3360,13758464
3361,13762560
3362,13766656
3363,13770752
3364,13774848
3365,13778944
3366,13783040
3367,13787136
3368,13791232
3369,13795328
3370,13799424
3371,13803520
3372,13807616
3373,13811712
3374,13815808
3375,13819904
3376,13824000
3377,13828096
3378,13832192
3379,13836288
3380,13840384
3381,13844480
3382,13848576
3383,13852672
3384,13856768
3385,13860864
3386,13864960
3387,13869056
3388,13873152
3389,13877248
3390,13881344
3391,13885440
3392,13889536
3393,13893632
3394,13897728
3395,13901824
3396,13905920
3397,13910016
3398,13914112
3399,13918208
3400,13922304
3401,13926400
3402,13930496
3403,13934592
3404,13938688
3405,13942784
3406,13946880
3407,13950976
3408,13955072
3409,13959168
3410,13963264
3411,13967360
3412,13971456
3413,13975552
3414,13979648
3415,13983744
3416,13987840
3417,13991936
3418,13996032
3419,14000128
3420,14004224
3421,14008320
3422,14012416
3423,14016512
3424,14020608
3425,14024704
3426,14028800
3427,14032896
3428,14036992
3429,14041088
3430,14045184
3431,14049280
3432,14053376
3433,14057472
3434,14061568
3435,14065664
3436,14069760
3437,14073856
3438,14077952
3439,14082048
3440,14086144
3441,14090240
3442,14094336
3443,14098432
3444,14102528
3445,14106624
3446,14110720
3447,14114816
3448,14118912
3449,14123008
3450,14127104
3451,14131200
3452,14135296
3453,14139392
3454,14143488
3455,14147584
3456,14151680
3457,14155776
3458,14159872
3459,14163968
3460,14168064
3461,14172160
3462,14176256
3463,14180352
3464,14184448
3465,14188544
3466,14192640
3467,14196736
3468,14200832
3469,14204928
3470,14209024
3471,14213120
3472,14217216
3473,14221312
3474,14225408
3475,14229504
3476,14233600
3477,14237696
3478,14241792
3479,14245888
3480,14249984
3481,14254080
3482,14258176
3483,14262272
3484,14266368
3485,14270464
3486,14274560
3487,14278656
3488,14282752
3489,14286848
3490,14290944
3491,14295040
3492,14299136
3493,14303232
3494,14307328
3495,14311424
3496,14315520
3497,14319616
3498,14323712
3499,14327808
3500,14331904
3501,14336000
3502,14340096
3503,14344192
3504,14348288
3505,14352384
3506,14356480
3507,14360576
3508,14364672
3509,14368768
3510,14372864
3511,14376960
3512,14381056
3513,14385152
3514,14389248
3515,14393344
3516,14397440
3517,14401536
3518,14405632
3519,14409728
3520,14413824
3521,14417920
3522,14422016
3523,14426112
3524,14430208
3525,14434304
3526,14438400
3527,14442496
3528,14446592
3529,14450688
3530,14454784
3531,14458880
3532,14462976
3533,14467072
3534,14471168
3535,14475264
3536,14479360
3537,14483456
3538,14487552
3539,14491648
3540,14495744
3541,14499840
3542,14503936
3543,14508032
3544,14512128
3545,14516224
3546,14520320
3547,14524416
3548,14528512
3549,14532608
3550,14536704
3551,14540800
3552,14544896
3553,14548992
3554,14553088
3555,14557184
3556,14561280
3557,14565376
3558,14569472
3559,14573568
3560,14577664
3561,14581760
3562,14585856
3563,14589952
3564,14594048
3565,14598144
3566,14602240
3567,14606336
3568,14610432
3569,14614528
3570,14618624
3571,14622720
3572,14626816
3573,14630912
3574,14635008
3575,14639104
3576,14643200
3577,14647296
3578,14651392
3579,14655488
3580,14659584
3581,14663680
3582,14667776
3583,14671872
3584,14675968
3585,14680064
3586,14684160
3587,14688256
3588,14692352
3589,14696448
3590,14700544
3591,14704640
3592,14708736
3593,14712832
3594,14716928
3595,14721024
3596,14725120
3597,14729216
3598,14733312
3599,14737408
3600,14741504
3601,14745600
3602,14749696
3603,14753792
3604,14757888
3605,14761984
3606,14766080
3607,14770176
3608,14774272
3609,14778368
3610,14782464
3611,14786560
3612,14790656
3613,14794752
3614,14798848
3615,14802944
3616,14807040
3617,14811136
3618,14815232
3619,14819328
3620,14823424
3621,14827520
3622,14831616
3623,14835712
3624,14839808
3625,14843904
3626,14848000
3627,14852096
3628,14856192
3629,14860288
3630,14864384
3631,14868480
3632,14872576
3633,14876672
3634,14880768
3635,14884864
3636,14888960
3637,14893056
3638,14897152
3639,14901248
3640,14905344
3641,14909440
3642,14913536
3643,14917632
3644,14921728
3645,14925824
3646,14929920
3647,14934016
3648,14938112
3649,14942208
3650,14946304
3651,14950400
3652,14954496
3653,14958592
3654,14962688
3655,14966784
3656,14970880
3657,14974976
3658,14979072
3659,14983168
3660,14987264
3661,14991360
3662,14995456
3663,14999552
3664,15003648
3665,15007744
3666,15011840
3667,15015936
3668,15020032
3669,15024128
3670,15028224
3671,15032320
3672,15036416
3673,15040512
3674,15044608
3675,15048704
3676,15052800
3677,15056896
3678,15060992
3679,15065088
3680,15069184
3681,15073280
3682,15077376
3683,15081472
3684,15085568
3685,15089664
3686,15093760
3687,15097856
3688,15101952
3689,15106048
3690,15110144
3691,15114240
3692,15118336
3693,15122432
3694,15126528
3695,15130624
3696,15134720
3697,15138816
3698,15142912
3699,15147008
3700,15151104
3701,15155200
3702,15159296
3703,15163392
3704,15167488
3705,15171584
3706,15175680
3707,15179776
3708,15183872
3709,15187968
3710,15192064
3711,15196160
3712,15200256
3713,15204352
3714,15208448
3715,15212544
3716,15216640
3717,15220736
3718,15224832
3719,15228928
3720,15233024
3721,15237120
3722,15241216
3723,15245312
3724,15249408
3725,15253504
3726,15257600
3727,15261696
3728,15265792
3729,15269888
3730,15273984
3731,15278080
3732,15282176
3733,15286272
3734,15290368
3735,15294464
3736,15298560
3737,15302656
3738,15306752
3739,15310848
3740,15314944
3741,15319040
3742,15323136
3743,15327232
3744,15331328
3745,15335424
3746,15339520
3747,15343616
3748,15347712
3749,15351808
3750,15355904
3751,15360000
3752,15364096
3753,15368192
3754,15372288
3755,15376384
3756,15380480
3757,15384576
3758,15388672
3759,15392768
3760,15396864
3761,15400960
3762,15405056
3763,15409152
3764,15413248
3765,15417344
3766,15421440
3767,15425536
3768,15429632
3769,15433728
3770,15437824
3771,15441920
3772,15446016
3773,15450112
3774,15454208
3775,15458304
3776,15462400
3777,15466496
3778,15470592
3779,15474688
3780,15478784
3781,15482880
3782,15486976
3783,15491072
3784,15495168
3785,15499264
3786,15503360
3787,15507456
3788,15511552
3789,15515648
3790,15519744
3791,15523840
3792,15527936
3793,15532032
3794,15536128
3795,15540224
3796,15544320
3797,15548416
3798,15552512
3799,15556608
3800,15560704
3801,15564800
3802,15568896
3803,15572992
3804,15577088
3805,15581184
3806,15585280
3807,15589376
3808,15593472
3809,15597568
3810,15601664
3811,15605760
3812,15609856
3813,15613952
3814,15618048
3815,15622144
3816,15626240
3818,15634432
3819,15638528
3820,15642624
3821,15646720
3822,15650816
3823,15654912
3824,15659008
3825,15663104
3826,15667200
3827,15671296
3828,15675392
3829,15679488
3830,15683584
3831,15687680
3832,15691776
3833,15695872
3834,15699968
3835,15704064
3836,15708160
3837,15712256
3838,15716352
3839,15720448
3840,15724544
3841,15728640
3842,15732736
3843,15736832
3844,15740928
3845,15745024
3846,15749120
3847,15753216
3848,15757312
3849,15761408
3850,15765504
3851,15769600
3852,15773696
3853,15777792
3854,15781888
3855,15785984
3856,15790080
3857,15794176
3858,15798272
3859,15802368
3860,15806464
3861,15810560
3862,15814656
3863,15818752
3864,15822848
3865,15826944
3866,15831040
3867,15835136
3868,15839232
3869,15843328
3870,15847424
3871,15851520
3872,15855616
3873,15859712
3874,15863808
3875,15867904
3876,15872000
3877,15876096
3878,15880192
3879,15884288
3880,15888384
3881,15892480
3882,15896576
3883,15900672
3884,15904768
3885,15908864
3886,15912960
3887,15917056
3888,15921152
3889,15925248
3890,15929344
3891,15933440
3892,15937536
3893,15941632
3894,15945728
3895,15949824
3896,15953920
3897,15958016
3898,15962112
3899,15966208
3900,15970304
3901,15974400
3902,15978496
3903,15982592
3904,15986688
3905,15990784
3906,15994880
3907,15998976
3908,16003072
3909,16007168
3910,16011264
3911,16015360
3912,16019456
3913,16023552
3914,16027648
3915,16031744
3916,16035840
3917,16039936
3918,16044032
3919,16048128
3920,16052224
3921,16056320
3922,16060416
3923,16064512
3924,16068608
3925,16072704
3926,16076800
3927,16080896
3928,16084992
3929,16089088
3930,16093184
3931,16097280
3932,16101376
3933,16105472
3934,16109568
3935,16113664
3936,16117760
3937,16121856
3938,16125952
3939,16130048
3940,16134144
3941,16138240
3942,16142336
3943,16146432
3944,16150528
3945,16154624
3946,16158720
3947,16162816
3948,16166912
3949,16171008
3950,16175104
3951,16179200
3952,16183296
3953,16187392
3954,16191488
3955,16195584
3956,16199680
3957,16203776
3958,16207872
3959,16211968
3960,16216064
3961,16220160
3962,16224256
3963,16228352
3964,16232448
3965,16236544
3966,16240640
3967,16244736
3968,16248832
3969,16252928
3970,16257024
3971,16261120
3972,16265216
3973,16269312
3974,16273408
3975,16277504
3976,16281600
3977,16285696
3978,16289792
3979,16293888
3980,16297984
3981,16302080
3982,16306176
3983,16310272
3984,16314368
3985,16318464
3986,16322560
3987,16326656
3988,16330752
3989,16334848
3990,16338944
3991,16343040
3992,16347136
3993,16351232
3994,16355328
3995,16359424
3996,16363520
3997,16367616
3998,16371712
3999,16375808
4000,16379904
4001,16384000
4002,16388096
4003,16392192
4004,16396288
4005,16400384
4006,16404480
4007,16408576
4008,16412672
4009,16416768
4010,16420864
4011,16424960
4012,16429056
4013,16433152
4014,16437248
4015,16441344
4016,16445440
4017,16449536
4018,16453632
4019,16457728
4020,16461824
4021,16465920
4022,16470016
4023,16474112
4024,16478208
4025,16482304
4026,16486400
4027,16490496
4028,16494592
4029,16498688
4030,16502784
4031,16506880
4032,16510976
4033,16515072
4034,16519168
4035,16523264
4036,16527360
4037,16531456
4038,16535552
4039,16539648
4040,16543744
4041,16547840
4042,16551936
4043,16556032
4044,16560128
4045,16564224
4046,16568320
4047,16572416
4048,16576512
4049,16580608
4050,16584704
4051,16588800
4052,16592896
4053,16596992
4054,16601088
4055,16605184
4056,16609280
4057,16613376
4058,16617472
4059,16621568
4060,16625664
4061,16629760
4062,16633856
4063,16637952
4064,16642048
4065,16646144
4066,16650240
4067,16654336
4068,16658432
4069,16662528
4070,16666624
4071,16670720
4072,16674816
4073,16678912
4074,16683008
4075,16687104
4076,16691200
4077,16695296
4078,16699392
4080,16707584
4081,16711680
4082,16715776
4083,16719872
4084,16723968
4085,16728064
4086,16732160
4087,16736256
4088,16740352
4089,16744448
4090,16748544
4091,16752640
4092,16756736
4093,16760832
4094,16764928
4095,16769024
4096,16773120
4097,16777216
4098,16781312
4099,16785408
4100,16789504
4101,16793600
4102,16797696
4103,16801792
4104,16805888
4105,16809984
4106,16814080
4107,16818176
4108,16822272
4109,16826368
4110,16830464
4111,16834560
4112,16838656
4113,16842752
4114,16846848
4115,16850944
4116,16855040
4117,16859136
4118,16863232
4119,16867328
4120,16871424
4121,16875520
4122,16879616
4123,16883712
4124,16887808
4125,16891904
4126,16896000
4127,16900096
4128,16904192
4129,16908288
4130,16912384
4131,16916480
4132,16920576
4133,16924672
4134,16928768
4135,16932864
4136,16936960
4137,16941056
4138,16945152
4139,16949248
4140,16953344
4141,16957440
4142,16961536
4143,16965632
4144,16969728
4145,16973824
4146,16977920
4147,16982016
4148,16986112
4149,16990208
4150,16994304
4151,16998400
4152,17002496
4153,17006592
4154,17010688
4155,17014784
4156,17018880
4157,17022976
4158,17027072
4159,17031168
4160,17035264
4161,17039360
4162,17043456
4163,17047552
4164,17051648
4165,17055744
4166,17059840
4167,17063936
4168,17068032
4169,17072128
4170,17076224
4171,17080320
4172,17084416
4173,17088512
4174,17092608
4175,17096704
4176,17100800
4177,17104896
4178,17108992
4179,17113088
4180,17117184
4181,17121280
4182,17125376
4183,17129472
4184,17133568
4185,17137664
4186,17141760
4187,17145856
4188,17149952
4189,17154048
4190,17158144
4191,17162240
4192,17166336
4193,17170432
4194,17174528
4195,17178624
4196,17182720
4197,17186816
4198,17190912
4199,17195008
4200,17199104
4201,17203200
4202,17207296
4203,17211392
4204,17215488
4205,17219584
4206,17223680
4207,17227776
4208,17231872
4209,17235968
4210,17240064
4211,17244160
4212,17248256
4213,17252352
4214,17256448
4215,17260544
4216,17264640
4217,17268736
4218,17272832
4219,17276928
4220,17281024
4221,17285120
4222,17289216
4223,17293312
4224,17297408
4225,17301504
4226,17305600
4227,17309696
4228,17313792
4229,17317888
4230,17321984
4231,17326080
4232,17330176
4233,17334272
4234,17338368
4235,17342464
4236,17346560
4237,17350656
4238,17354752
4239,17358848
4240,17362944
4241,17367040
4242,17371136
4243,17375232
4244,17379328
4245,17383424
4246,17387520
4247,17391616
4248,17395712
4249,17399808
4250,17403904
4251,17408000
4252,17412096
4253,17416192
4254,17420288
4255,17424384
4256,17428480
4257,17432576
4258,17436672
4259,17440768
4260,17444864
4261,17448960
4262,17453056
4263,17457152
4264,17461248
4265,17465344
4266,17469440
4267,17473536
4268,17477632
4269,17481728
4270,17485824
4271,17489920
4272,17494016
4273,17498112
4274,17502208
4275,17506304
4276,17510400
4277,17514496
4278,17518592
4279,17522688
4280,17526784
4281,17530880
4282,17534976
4283,17539072
4284,17543168
4285,17547264
4286,17551360
4287,17555456
4288,17559552
4289,17563648
4290,17567744
4291,17571840
4292,17575936
4293,17580032
4294,17584128
4295,17588224
4296,17592320
4297,17596416
4298,17600512
4299,17604608
4300,17608704
4301,17612800
4302,17616896
4303,17620992
4304,17625088
4305,17629184
4306,17633280
4307,17637376
4308,17641472
4309,17645568
4310,17649664
4311,17653760
4312,17657856
4313,17661952
4314,17666048
4315,17670144
4316,17674240
4317,17678336
4318,17682432
4319,17686528
4320,17690624
4321,17694720
4322,17698816
4323,17702912
4324,17707008
4325,17711104
4326,17715200
4327,17719296
4328,17723392
4329,17727488
4330,17731584
4331,17735680
4332,17739776
4333,17743872
4334,17747968
4335,17752064
4336,17756160
4337,17760256
4338,17764352
4339,17768448
4340,17772544
4341,17776640
4342,17780736
4343,17784832
4344,17788928
4345,17793024
4346,17797120
4347,17801216
4348,17805312
4349,17809408
4350,17813504
4351,17817600
4352,17821696
4353,17825792
4354,17829888
4355,17833984
4356,17838080
4357,17842176
4358,17846272
4359,17850368
4360,17854464
4361,17858560
4362,17862656
4363,17866752
4364,17870848
4365,17874944
4366,17879040
4367,17883136
4368,17887232
4369,17891328
4370,17895424
4371,17899520
4372,17903616
4373,17907712
4374,17911808
4375,17915904
4376,17920000
4377,17924096
4378,17928192
4379,17932288
4380,17936384
4381,17940480
4382,17944576
4383,17948672
4384,17952768
4385,17956864
4386,17960960
4387,17965056
4388,17969152
4389,17973248
4390,17977344
4391,17981440
4392,17985536
4393,17989632
4394,17993728
4395,17997824
4396,18001920
4397,18006016
4398,18010112
4399,18014208
4400,18018304
4401,18022400
4402,18026496
4403,18030592
4404,18034688
4405,18038784
4406,18042880
4407,18046976
4408,18051072
4409,18055168
4410,18059264
4411,18063360
4412,18067456
4413,18071552
4414,18075648
4415,18079744
4416,18083840
4417,18087936
4418,18092032
4419,18096128
4420,18100224
4421,18104320
4422,18108416
4423,18112512
4424,18116608
4425,18120704
4426,18124800
4427,18128896
4428,18132992
4429,18137088
4430,18141184
4431,18145280
4432,18149376
4433,18153472
4434,18157568
4435,18161664
4436,18165760
4437,18169856
4438,18173952
4439,18178048
4440,18182144
4441,18186240
4442,18190336
4443,18194432
4444,18198528
4445,18202624
4446,18206720
4447,18210816
4448,18214912
4449,18219008
4450,18223104
4451,18227200
4452,18231296
4453,18235392
4454,18239488
4455,18243584
4456,18247680
4457,18251776
4458,18255872
4459,18259968
4460,18264064
4461,18268160
4462,18272256
4463,18276352
4464,18280448
4465,18284544
4466,18288640
4467,18292736
4468,18296832
4469,18300928
4470,18305024
4471,18309120
4472,18313216
4473,18317312
4474,18321408
4475,18325504
4476,18329600
4477,18333696
4478,18337792
4479,18341888
4480,18345984
4481,18350080
4482,18354176
4483,18358272
4484,18362368
4485,18366464
4486,18370560
4487,18374656
4488,18378752
4489,18382848
4490,18386944
4491,18391040
4492,18395136
4493,18399232
4494,18403328
4495,18407424
4496,18411520
4497,18415616
4498,18419712
4499,18423808
4500,18427904
4501,18432000
4502,18436096
4503,18440192
4504,18444288
4505,18448384
4506,18452480
4507,18456576
4508,18460672
4509,18464768
4510,18468864
4511,18472960
4512,18477056
4513,18481152
4514,18485248
4515,18489344
4516,18493440
4517,18497536
4518,18501632
4519,18505728
4520,18509824
4521,18513920
4522,18518016
4523,18522112
4524,18526208
4525,18530304
4526,18534400
4527,18538496
4528,18542592
4529,18546688
4530,18550784
4531,18554880
4532,18558976
4533,18563072
4534,18567168
4535,18571264
4536,18575360
4537,18579456
4538,18583552
4539,18587648
4540,18591744
4541,18595840
4542,18599936
4543,18604032
4544,18608128
4545,18612224
4546,18616320
4547,18620416
4548,18624512
4549,18628608
4550,18632704
4551,18636800
4552,18640896
4553,18644992
4554,18649088
4555,18653184
4556,18657280
4557,18661376
4558,18665472
4559,18669568
4560,18673664
4561,18677760
4562,18681856
4563,18685952
4564,18690048
4565,18694144
4566,18698240
4567,18702336
4568,18706432
4569,18710528
4570,18714624
4571,18718720
4572,18722816
4573,18726912
4574,18731008
4575,18735104
4576,18739200
4577,18743296
4578,18747392
4579,18751488
4580,18755584
4581,18759680
4582,18763776
4583,18767872
4584,18771968
4585,18776064
4586,18780160
4587,18784256
4588,18788352
4589,18792448
4590,18796544
4591,18800640
4592,18804736
4593,18808832
4594,18812928
4595,18817024
4596,18821120
4597,18825216
4598,18829312
4599,18833408
4600,18837504
4601,18841600
4602,18845696
4603,18849792
4604,18853888
4605,18857984
4606,18862080
4607,18866176
4608,18870272
4609,18874368
4610,18878464
4611,18882560
4612,18886656
4613,18890752
4614,18894848
4615,18898944
4616,18903040
4617,18907136
4618,18911232
4619,18915328
4620,18919424
4621,18923520
4622,18927616
4623,18931712
4624,18935808
4625,18939904
4626,18944000
4627,18948096
4628,18952192
4629,18956288
4630,18960384
4631,18964480
4632,18968576
4633,18972672
4634,18976768
4635,18980864
4636,18984960
4637,18989056
4638,18993152
4639,18997248
4640,19001344
4641,19005440
4642,19009536
4643,19013632
4644,19017728
4645,19021824
4646,19025920
4647,19030016
4648,19034112
4649,19038208
4650,19042304
4651,19046400
4652,19050496
4653,19054592
4654,19058688
4655,19062784
4656,19066880
4657,19070976
4658,19075072
4659,19079168
4660,19083264
4661,19087360
4662,19091456
4663,19095552
4664,19099648
4665,19103744
4666,19107840
4667,19111936
4668,19116032
4669,19120128
4670,19124224
4671,19128320
4672,19132416
4673,19136512
4674,19140608
4675,19144704
4676,19148800
4677,19152896
4678,19156992
4679,19161088
4680,19165184
4681,19169280
4682,19173376
4683,19177472
4684,19181568
4685,19185664
4686,19189760
4687,19193856
4688,19197952
4689,19202048
4690,19206144
4691,19210240
4692,19214336
4693,19218432
4694,19222528
4695,19226624
4696,19230720
4697,19234816
4698,19238912
4699,19243008
4700,19247104
4701,19251200
4702,19255296
4703,19259392
4704,19263488
4705,19267584
4706,19271680
4707,19275776
4708,19279872
4709,19283968
4710,19288064
4711,19292160
4712,19296256
4713,19300352
4714,19304448
4715,19308544
4716,19312640
4717,19316736
4718,19320832
4719,19324928
4720,19329024
4721,19333120
4722,19337216
4723,19341312
4724,19345408
4725,19349504
4726,19353600
4727,19357696
4728,19361792
4729,19365888
4730,19369984
4731,19374080
4732,19378176
4733,19382272
4734,19386368
4735,19390464
4736,19394560
4737,19398656
4738,19402752
4739,19406848
4740,19410944
4741,19415040
4742,19419136
4743,19423232
4744,19427328
4745,19431424
4746,19435520
4747,19439616
4748,19443712
4749,19447808
4750,19451904
4751,19456000
4752,19460096
4753,19464192
4754,19468288
4755,19472384
4756,19476480
4757,19480576
4758,19484672
4759,19488768
4760,19492864
4761,19496960
4762,19501056
4763,19505152
4764,19509248
4765,19513344
4766,19517440
4767,19521536
4768,19525632
4769,19529728
4770,19533824
4771,19537920
4772,19542016
4773,19546112
4774,19550208
4775,19554304
4776,19558400
4777,19562496
4778,19566592
4779,19570688
4780,19574784
4781,19578880
4782,19582976
4783,19587072
4784,19591168
4785,19595264
4786,19599360
4787,19603456
4788,19607552
4789,19611648
4790,19615744
4791,19619840
4792,19623936
4793,19628032
4794,19632128
4795,19636224
4796,19640320
4797,19644416
4798,19648512
4799,19652608
4800,19656704
4801,19660800
4802,19664896
4803,19668992
4804,19673088
4805,19677184
4806,19681280
4807,19685376
4808,19689472
4809,19693568
4810,19697664
4811,19701760
4812,19705856
4813,19709952
4814,19714048
4815,19718144
4816,19722240
4817,19726336
4818,19730432
4819,19734528
4820,19738624
4821,19742720
4822,19746816
4823,19750912
4824,19755008
4825,19759104
4826,19763200
4827,19767296
4828,19771392
4829,19775488
4830,19779584
4831,19783680
4832,19787776
4833,19791872
4834,19795968
4835,19800064
4836,19804160
4837,19808256
4838,19812352
4839,19816448
4840,19820544
4841,19824640
4842,19828736
4843,19832832
4844,19836928
4845,19841024
4846,19845120
4847,19849216
4848,19853312
4849,19857408
4850,19861504
4851,19865600
4852,19869696
4853,19873792
4854,19877888
4855,19881984
4856,19886080
4857,19890176
4858,19894272
4859,19898368
4860,19902464
4861,19906560
4862,19910656
4863,19914752
4864,19918848
4865,19922944
4866,19927040
4867,19931136
4868,19935232
4869,19939328
4870,19943424
4871,19947520
4872,19951616
4873,19955712
4874,19959808
4875,19963904
4876,19968000
4877,19972096
4878,19976192
4879,19980288
4880,19984384
4881,19988480
4882,19992576
4883,19996672
4884,20000768
4885,20004864
4886,20008960
4887,20013056
4888,20017152
4889,20021248
4890,20025344
4891,20029440
4892,20033536
4893,20037632
4894,20041728
4895,20045824
4896,20049920
4897,20054016
4898,20058112
4899,20062208
4900,20066304
4901,20070400
4902,20074496
4903,20078592
4904,20082688
4905,20086784
4906,20090880
4907,20094976
4908,20099072
4909,20103168
4910,20107264
4911,20111360
4912,20115456
4913,20119552
4914,20123648
4915,20127744
4916,20131840
4917,20135936
4918,20140032
4919,20144128
4920,20148224
4921,20152320
4922,20156416
4923,20160512
4924,20164608
4925,20168704
4926,20172800
4927,20176896
4928,20180992
4929,20185088
4930,20189184
4931,20193280
4932,20197376
4933,20201472
4934,20205568
4935,20209664
4936,20213760
4937,20217856
4938,20221952
4939,20226048
4940,20230144
4941,20234240
4942,20238336
4943,20242432
4944,20246528
4945,20250624
4946,20254720
4947,20258816
4948,20262912
4949,20267008
4950,20271104
4951,20275200
4952,20279296
4953,20283392
4954,20287488
4955,20291584
4956,20295680
4957,20299776
4958,20303872
4959,20307968
4960,20312064
4961,20316160
4962,20320256
4963,20324352
4964,20328448
4965,20332544
4966,20336640
4967,20340736
4968,20344832
4969,20348928
4970,20353024
4971,20357120
4972,20361216
4973,20365312
4974,20369408
4975,20373504
4976,20377600
4977,20381696
4978,20385792
4979,20389888
4980,20393984
4981,20398080
4982,20402176
4983,20406272
4984,20410368
4985,20414464
4986,20418560
4987,20422656
4988,20426752
4989,20430848
4990,20434944
4991,20439040
4992,20443136
4993,20447232
4994,20451328
4995,20455424
4996,20459520
4997,20463616
4998,20467712
4999,20471808
5000,20475904
5001,20480000
5002,20484096
5003,20488192
5004,20492288
5005,20496384
5006,20500480
5007,20504576
5008,20508672
5009,20512768
5010,20516864
5011,20520960
5012,20525056
5013,20529152
5014,20533248
5015,20537344
5016,20541440
5017,20545536
5018,20549632
5019,20553728
5020,20557824
5021,20561920
5022,20566016
5023,20570112
5024,20574208
5025,20578304
5026,20582400
5027,20586496
5028,20590592
5029,20594688
5030,20598784
5031,20602880
5032,20606976
5033,20611072
5034,20615168
5035,20619264
5036,20623360
5037,20627456
5038,20631552
5039,20635648
5040,20639744
5041,20643840
5042,20647936
5043,20652032
5044,20656128
5045,20660224
5046,20664320
5047,20668416
5048,20672512
5049,20676608
5050,20680704
5051,20684800
5052,20688896
5053,20692992
5054,20697088
5055,20701184
5056,20705280
5057,20709376
5058,20713472
5059,20717568
5060,20721664
5061,20725760
5062,20729856
5063,20733952
5064,20738048
5065,20742144
5066,20746240
5067,20750336
5068,20754432
5069,20758528
5070,20762624
5071,20766720
5072,20770816
5073,20774912
5074,20779008
5075,20783104
5076,20787200
5077,20791296
5078,20795392
5079,20799488
5080,20803584
5081,20807680
5082,20811776
5083,20815872
5084,20819968
5085,20824064
5086,20828160
5087,20832256
5088,20836352
5089,20840448
5090,20844544
5091,20848640
5092,20852736
5093,20856832
5094,20860928
5095,20865024
5096,20869120
5097,20873216
5098,20877312
5099,20881408
5100,20885504
5101,20889600
5102,20893696
5103,20897792
5104,20901888
5105,20905984
5106,20910080
5107,20914176
5108,20918272
5109,20922368
5110,20926464
5111,20930560
5112,20934656
5113,20938752
5114,20942848
5115,20946944
5116,20951040
5117,20955136
5118,20959232
5119,20963328
5120,20967424
5121,20971520
5122,20975616
5123,20979712
5124,20983808
5125,20987904
5126,20992000
5127,20996096
5128,21000192
5129,21004288
5130,21008384
5131,21012480
5132,21016576
5133,21020672
5134,21024768
5135,21028864
5136,21032960
5137,21037056
5138,21041152
5139,21045248
5140,21049344
5141,21053440
5142,21057536
5143,21061632
5144,21065728
5145,21069824
5146,21073920
5147,21078016
5148,21082112
5149,21086208
5150,21090304
5151,21094400
5152,21098496
5153,21102592
5154,21106688
5155,21110784
5156,21114880
5157,21118976
5158,21123072
5159,21127168
5160,21131264
5161,21135360
5162,21139456
5163,21143552
5164,21147648
5165,21151744
5166,21155840
5167,21159936
5168,21164032
5169,21168128
5170,21172224
5171,21176320
5172,21180416
5173,21184512
5174,21188608
5175,21192704
5176,21196800
5177,21200896
5178,21204992
5179,21209088
5180,21213184
5181,21217280
5182,21221376
5183,21225472
5184,21229568
5185,21233664
5186,21237760
5187,21241856
5188,21245952
5189,21250048
5190,21254144
5191,21258240
5192,21262336
5193,21266432
5194,21270528
5195,21274624
5196,21278720
5197,21282816
5198,21286912
5199,21291008
5200,21295104
5201,21299200
5202,21303296
5203,21307392
5204,21311488
5205,21315584
5206,21319680
5207,21323776
5208,21327872
5209,21331968
5210,21336064
5211,21340160
5212,21344256
5213,21348352
5214,21352448
5215,21356544
5216,21360640
5217,21364736
5218,21368832
5219,21372928
5220,21377024
5221,21381120
5222,21385216
5223,21389312
5224,21393408
5225,21397504
5226,21401600
5227,21405696
5228,21409792
5229,21413888
5230,21417984
5231,21422080
5232,21426176
5233,21430272
5234,21434368
5235,21438464
5236,21442560
5237,21446656
5238,21450752
5239,21454848
5240,21458944
5241,21463040
5242,21467136
5243,21471232
5244,21475328
5245,21479424
5246,21483520
5247,21487616
5248,21491712
5249,21495808
5250,21499904
5251,21504000
5252,21508096
5253,21512192
5254,21516288
5255,21520384
5256,21524480
5257,21528576
5258,21532672
5259,21536768
5260,21540864
5261,21544960
5262,21549056
5263,21553152
5264,21557248
5265,21561344
5266,21565440
5267,21569536
5268,21573632
5269,21577728
5270,21581824
5271,21585920
5272,21590016
5273,21594112
5274,21598208
5275,21602304
5276,21606400
5277,21610496
5278,21614592
5279,21618688
5280,21622784
5281,21626880
5282,21630976
5283,21635072
5284,21639168
5285,21643264
5286,21647360
5287,21651456
5288,21655552
5289,21659648
5290,21663744
5291,21667840
5292,21671936
5293,21676032
5294,21680128
5295,21684224
5296,21688320
5297,21692416
5298,21696512
5299,21700608
5300,21704704
5301,21708800
5302,21712896
5303,21716992
5304,21721088
5305,21725184
5306,21729280
5307,21733376
5308,21737472
5309,21741568
5310,21745664
5311,21749760
5312,21753856
5313,21757952
5314,21762048
5315,21766144
5316,21770240
5317,21774336
5318,21778432
5319,21782528
5320,21786624
5321,21790720
5322,21794816
5323,21798912
5324,21803008
5325,21807104
5326,21811200
5327,21815296
5328,21819392
5329,21823488
5330,21827584
5331,21831680
5332,21835776
5333,21839872
5334,21843968
5335,21848064
5336,21852160
5337,21856256
5338,21860352
5339,21864448
5340,21868544
5341,21872640
5342,21876736
5343,21880832
5344,21884928
5345,21889024
5346,21893120
5347,21897216
5348,21901312
5349,21905408
5350,21909504
5351,21913600
5352,21917696
5353,21921792
5354,21925888
5355,21929984
5356,21934080
5357,21938176
5358,21942272
5359,21946368
5360,21950464
5361,21954560
5362,21958656
5363,21962752
5364,21966848
5365,21970944
5366,21975040
5367,21979136
5368,21983232
5369,21987328
5370,21991424
5371,21995520
5372,21999616
5373,22003712
5374,22007808
5375,22011904
5376,22016000
5377,22020096
5378,22024192
5379,22028288
5380,22032384
5381,22036480
5382,22040576
5383,22044672
5384,22048768
5385,22052864
5386,22056960
5387,22061056
5388,22065152
5389,22069248
5390,22073344
5391,22077440
5392,22081536
5393,22085632
5394,22089728
5395,22093824
5396,22097920
5397,22102016
5398,22106112
5399,22110208
5400,22114304
5401,22118400
5402,22122496
5403,22126592
5404,22130688
5405,22134784
5406,22138880
5407,22142976
5408,22147072
5409,22151168
5410,22155264
5411,22159360
5412,22163456
5413,22167552
5414,22171648
5415,22175744
5416,22179840
5417,22183936
5418,22188032
5419,22192128
5420,22196224
5421,22200320
5422,22204416
5423,22208512
5424,22212608
5425,22216704
5426,22220800
5427,22224896
5428,22228992
5429,22233088
5430,22237184
5431,22241280
5432,22245376
5433,22249472
5434,22253568
5435,22257664
5436,22261760
5437,22265856
5438,22269952
5439,22274048
5440,22278144
5441,22282240
5442,22286336
5443,22290432
5444,22294528
5445,22298624
5446,22302720
5447,22306816
5448,22310912
5449,22315008
5450,22319104
5451,22323200
5452,22327296
5453,22331392
5454,22335488
5455,22339584
5456,22343680
5457,22347776
5458,22351872
5459,22355968
5460,22360064
5461,22364160
5462,22368256
5463,22372352
5464,22376448
5465,22380544
5466,22384640
5467,22388736
5468,22392832
5469,22396928
5470,22401024
5471,22405120
5472,22409216
5473,22413312
5474,22417408
5475,22421504
5476,22425600
5477,22429696
5478,22433792
5479,22437888
5480,22441984
5481,22446080
5482,22450176
5483,22454272
5484,22458368
5485,22462464
5486,22466560
5487,22470656
5488,22474752
5489,22478848
5490,22482944
5491,22487040
5492,22491136
5493,22495232
5494,22499328
5495,22503424
5496,22507520
5497,22511616
5498,22515712
5499,22519808
5500,22523904
5501,22528000
5502,22532096
5503,22536192
5504,22540288
5505,22544384
5506,22548480
5507,22552576
5508,22556672
5509,22560768
5510,22564864
5511,22568960
5512,22573056
5513,22577152
5514,22581248
5515,22585344
5516,22589440
5517,22593536
5518,22597632
5519,22601728
5520,22605824
5521,22609920
5522,22614016
5523,22618112
5524,22622208
5525,22626304
5526,22630400
5527,22634496
5528,22638592
5529,22642688
5530,22646784
5531,22650880
5532,22654976
5533,22659072
5534,22663168
5535,22667264
5536,22671360
5537,22675456
5538,22679552
5539,22683648
5540,22687744
5541,22691840
5542,22695936
5543,22700032
5544,22704128
5545,22708224
5546,22712320
5547,22716416
5548,22720512
5549,22724608
5550,22728704
5551,22732800
5552,22736896
5553,22740992
5554,22745088
5555,22749184
5556,22753280
5557,22757376
5558,22761472
5559,22765568
5560,22769664
5561,22773760
5562,22777856
5563,22781952
5564,22786048
5565,22790144
5566,22794240
5567,22798336
5568,22802432
5569,22806528
5570,22810624
5571,22814720
5572,22818816
5573,22822912
5574,22827008
5575,22831104
5576,22835200
5577,22839296
5578,22843392
5579,22847488
5580,22851584
5581,22855680
5582,22859776
5583,22863872
5584,22867968
5585,22872064
5586,22876160
5587,22880256
5588,22884352
5589,22888448
5590,22892544
5591,22896640
5592,22900736
5593,22904832
5594,22908928
5595,22913024
5596,22917120
5597,22921216
5598,22925312
5599,22929408
5600,22933504
5601,22937600
5602,22941696
5603,22945792
5604,22949888
5605,22953984
5606,22958080
5607,22962176
5608,22966272
5609,22970368
5610,22974464
5611,22978560
5612,22982656
5613,22986752
5614,22990848
5615,22994944
5616,22999040
5617,23003136
5618,23007232
5619,23011328
5620,23015424
5621,23019520
5622,23023616
5623,23027712
5624,23031808
5625,23035904
5626,23040000
5627,23044096
5628,23048192
5629,23052288
5630,23056384
5631,23060480
5632,23064576
5633,23068672
5634,23072768
5635,23076864
5636,23080960
5637,23085056
5638,23089152
5639,23093248
5640,23097344
5641,23101440
5642,23105536
5643,23109632
5644,23113728
5645,23117824
5646,23121920
5647,23126016
5648,23130112
5649,23134208
5650,23138304
5651,23142400
5652,23146496
5653,23150592
5654,23154688
5655,23158784
5656,23162880
5657,23166976
5658,23171072
5659,23175168
5660,23179264
5661,23183360
5662,23187456
5663,23191552
5664,23195648
5665,23199744
5666,23203840
5667,23207936
5668,23212032
5669,23216128
5670,23220224
5671,23224320
5672,23228416
5673,23232512
5674,23236608
5675,23240704
5676,23244800
5677,23248896
5678,23252992
5679,23257088
5680,23261184
5681,23265280
5682,23269376
5683,23273472
5684,23277568
5685,23281664
5686,23285760
5687,23289856
5688,23293952
5689,23298048
5690,23302144
5691,23306240
5692,23310336
5693,23314432
5694,23318528
5695,23322624
5696,23326720
5697,23330816
5698,23334912
5699,23339008
5700,23343104
5701,23347200
5702,23351296
5703,23355392
5704,23359488
5705,23363584
5706,23367680
5707,23371776
5708,23375872
5709,23379968
5710,23384064
5711,23388160
5712,23392256
5713,23396352
5714,23400448
5715,23404544
5716,23408640
5717,23412736
5718,23416832
5719,23420928
5720,23425024
5721,23429120
5722,23433216
5723,23437312
5724,23441408
5725,23445504
5726,23449600
5727,23453696
5728,23457792
5729,23461888
5730,23465984
5731,23470080
5732,23474176
5733,23478272
5734,23482368
5735,23486464
5736,23490560
5737,23494656
5738,23498752
5739,23502848
5740,23506944
5741,23511040
5742,23515136
5743,23519232
5744,23523328
5745,23527424
5746,23531520
5747,23535616
5748,23539712
5749,23543808
5750,23547904
5751,23552000
5752,23556096
5753,23560192
5754,23564288
5755,23568384
5756,23572480
5757,23576576
5758,23580672
5759,23584768
5760,23588864
5761,23592960
5762,23597056
5763,23601152
5764,23605248
5765,23609344
5766,23613440
5767,23617536
5768,23621632
5769,23625728
5770,23629824
5771,23633920
5772,23638016
5773,23642112
5774,23646208
5775,23650304
5776,23654400
5777,23658496
5778,23662592
5779,23666688
5780,23670784
5781,23674880
5782,23678976
5783,23683072
5784,23687168
5785,23691264
5786,23695360
5787,23699456
5788,23703552
5789,23707648
5790,23711744
5791,23715840
5792,23719936
5793,23724032
5794,23728128
5795,23732224
5796,23736320
5797,23740416
5798,23744512
5799,23748608
5800,23752704
5801,23756800
5802,23760896
5803,23764992
5804,23769088
5805,23773184
5806,23777280
5807,23781376
5808,23785472
5809,23789568
5810,23793664
5811,23797760
5812,23801856
5813,23805952
5814,23810048
5815,23814144
5816,23818240
5817,23822336
5818,23826432
5819,23830528
5820,23834624
5821,23838720
5822,23842816
5823,23846912
5824,23851008
5825,23855104
5826,23859200
5827,23863296
5828,23867392
5829,23871488
5830,23875584
5831,23879680
5832,23883776
5833,23887872
5834,23891968
5835,23896064
5836,23900160
5837,23904256
5838,23908352
5839,23912448
5840,23916544
5841,23920640
5842,23924736
5843,23928832
5844,23932928
5845,23937024
5846,23941120
5847,23945216
5848,23949312
5849,23953408
5850,23957504
5851,23961600
5852,23965696
5853,23969792
5854,23973888
5855,23977984
5856,23982080
5857,23986176
5858,23990272
5859,23994368
5860,23998464
5861,24002560
5862,24006656
5863,24010752
5864,24014848
5865,24018944
5866,24023040
5867,24027136
5868,24031232
5869,24035328
5870,24039424
5871,24043520
5872,24047616
5873,24051712
5874,24055808
5875,24059904
5876,24064000
5877,24068096
5878,24072192
5879,24076288
5880,24080384
5881,24084480
5882,24088576
5883,24092672
5884,24096768
5885,24100864
5886,24104960
5887,24109056
5888,24113152
5889,24117248
5890,24121344
5891,24125440
5892,24129536
5893,24133632
5894,24137728
5895,24141824
5896,24145920
5897,24150016
5898,24154112
5899,24158208
5900,24162304
5901,24166400
5902,24170496
5903,24174592
5904,24178688
5905,24182784
5906,24186880
5907,24190976
5908,24195072
5909,24199168
5910,24203264
5911,24207360
5912,24211456
5913,24215552
5914,24219648
5915,24223744
5916,24227840
5917,24231936
5918,24236032
5919,24240128
5920,24244224
5921,24248320
5922,24252416
5923,24256512
5924,24260608
5925,24264704
5926,24268800
5927,24272896
5928,24276992
5929,24281088
5930,24285184
5931,24289280
5932,24293376
5933,24297472
5934,24301568
5935,24305664
5936,24309760
5937,24313856
5938,24317952
5939,24322048
5940,24326144
5941,24330240
5942,24334336
5943,24338432
5944,24342528
5945,24346624
5946,24350720
5947,24354816
5948,24358912
5949,24363008
5950,24367104
5951,24371200
5952,24375296
5953,24379392
5954,24383488
5955,24387584
5956,24391680
5957,24395776
5958,24399872
5959,24403968
5960,24408064
5961,24412160
5962,24416256
5963,24420352
5964,24424448
5965,24428544
5966,24432640
5967,24436736
5968,24440832
5969,24444928
5970,24449024
5971,24453120
5972,24457216
5973,24461312
5974,24465408
5975,24469504
5976,24473600
5977,24477696
5978,24481792
5979,24485888
5980,24489984
5981,24494080
5982,24498176
5983,24502272
5984,24506368
5985,24510464
5986,24514560
5987,24518656
5988,24522752
5989,24526848
5990,24530944
5991,24535040
5992,24539136
5993,24543232
5994,24547328
5995,24551424
5996,24555520
5997,24559616
5998,24563712
5999,24567808
6000,24571904
6001,24576000
6002,24580096
6003,24584192
6004,24588288
6005,24592384
6006,24596480
6007,24600576
6008,24604672
6009,24608768
6010,24612864
6011,24616960
6012,24621056
6013,24625152
6014,24629248
6015,24633344
6016,24637440
6017,24641536
6018,24645632
6019,24649728
6020,24653824
6021,24657920
6022,24662016
6023,24666112
6024,24670208
6025,24674304
6026,24678400
6027,24682496
6028,24686592
6029,24690688
6030,24694784
6031,24698880
6032,24702976
6033,24707072
6034,24711168
6035,24715264
6036,24719360
6037,24723456
6038,24727552
6039,24731648
6040,24735744
6041,24739840
6042,24743936
6043,24748032
6044,24752128
6045,24756224
6046,24760320
6047,24764416
6048,24768512
6049,24772608
6050,24776704
6051,24780800
6052,24784896
6053,24788992
6054,24793088
6055,24797184
6056,24801280
6057,24805376
6058,24809472
6059,24813568
6060,24817664
6061,24821760
6062,24825856
6063,24829952
6064,24834048
6065,24838144
6066,24842240
6067,24846336
6068,24850432
6069,24854528
6070,24858624
6071,24862720
6072,24866816
6073,24870912
6074,24875008
6075,24879104
6076,24883200
6077,24887296
6078,24891392
6079,24895488
6080,24899584
6081,24903680
6082,24907776
6083,24911872
6084,24915968
6085,24920064
6086,24924160
6087,24928256
6088,24932352
6089,24936448
6090,24940544
6091,24944640
6092,24948736
6093,24952832
6094,24956928
6095,24961024
6096,24965120
6097,24969216
6098,24973312
6099,24977408
6100,24981504
6101,24985600
6102,24989696
6103,24993792
6104,24997888
6105,25001984
6106,25006080
6107,25010176
6108,25014272
6109,25018368
6110,25022464
6111,25026560
6112,25030656
6113,25034752
6114,25038848
6115,25042944
6116,25047040
6117,25051136
6118,25055232
6119,25059328
6120,25063424
6121,25067520
6122,25071616
6123,25075712
6124,25079808
6125,25083904
6126,25088000
6127,25092096
6128,25096192
6129,25100288
6130,25104384
6131,25108480
6132,25112576
6133,25116672
6134,25120768
6135,25124864
6136,25128960
6137,25133056
6138,25137152
6139,25141248
6140,25145344
6141,25149440
6142,25153536
6143,25157632
6144,25161728
6145,25165824
6146,25169920
6147,25174016
6148,25178112
6149,25182208
6150,25186304
6151,25190400
6152,25194496
6153,25198592
6154,25202688
6155,25206784
6156,25210880
6157,25214976
6158,25219072
6159,25223168
6160,25227264
6161,25231360
6162,25235456
6163,25239552
6164,25243648
6165,25247744
6166,25251840
6167,25255936
6168,25260032
6169,25264128
6170,25268224
6171,25272320
6172,25276416
6173,25280512
6174,25284608
6175,25288704
6176,25292800
6177,25296896
6178,25300992
6179,25305088
6180,25309184
6181,25313280
6182,25317376
6183,25321472
6184,25325568
6185,25329664
6186,25333760
6187,25337856
6188,25341952
6189,25346048
6190,25350144
6191,25354240
6192,25358336
6193,25362432
6194,25366528
6195,25370624
6196,25374720
6197,25378816
6198,25382912
6199,25387008
6200,25391104
6201,25395200
6202,25399296
6203,25403392
6204,25407488
6205,25411584
6206,25415680
6207,25419776
6208,25423872
6209,25427968
6210,25432064
6211,25436160
6212,25440256
6213,25444352
6214,25448448
6215,25452544
6216,25456640
6217,25460736
6218,25464832
6219,25468928
6220,25473024
6221,25477120
6222,25481216
6223,25485312
6224,25489408
6225,25493504
6226,25497600
6227,25501696
6228,25505792
6229,25509888
6230,25513984
6231,25518080
6232,25522176
6233,25526272
6234,25530368
6235,25534464
6236,25538560
6237,25542656
6238,25546752
6239,25550848
6240,25554944
6241,25559040
6242,25563136
6243,25567232
6244,25571328
6245,25575424
6246,25579520
6247,25583616
6248,25587712
6249,25591808
6250,25595904
6251,25600000
6252,25604096
6253,25608192
6254,25612288
6255,25616384
6256,25620480
6257,25624576
6258,25628672
6259,25632768
6260,25636864
6261,25640960
6262,25645056
6263,25649152
6264,25653248
6265,25657344
6266,25661440
6267,25665536
6268,25669632
6269,25673728
6270,25677824
6271,25681920
6272,25686016
6273,25690112
6274,25694208
6275,25698304
6276,25702400
6277,25706496
6278,25710592
6279,25714688
6280,25718784
6281,25722880
6282,25726976
6283,25731072
6284,25735168
6285,25739264
6286,25743360
6287,25747456
6288,25751552
6289,25755648
6290,25759744
6291,25763840
6292,25767936
6293,25772032
6294,25776128
6295,25780224
6296,25784320
6297,25788416
6298,25792512
6299,25796608
6300,25800704
6301,25804800
6302,25808896
6303,25812992
6304,25817088
6305,25821184
6306,25825280
6307,25829376
6308,25833472
6309,25837568
6310,25841664
6311,25845760
6312,25849856
6313,25853952
6314,25858048
6315,25862144
6316,25866240
6317,25870336
6318,25874432
6319,25878528
6320,25882624
6321,25886720
6322,25890816
6323,25894912
6324,25899008
6325,25903104
6326,25907200
6327,25911296
6328,25915392
6329,25919488
6330,25923584
6331,25927680
6332,25931776
6333,25935872
6334,25939968
6335,25944064
6336,25948160
6337,25952256
6338,25956352
6339,25960448
6340,25964544
6341,25968640
6342,25972736
6343,25976832
6344,25980928
6345,25985024
6346,25989120
6347,25993216
6348,25997312
6349,26001408
6350,26005504
6351,26009600
6352,26013696
6353,26017792
6354,26021888
6355,26025984
6356,26030080
6357,26034176
6358,26038272
6359,26042368
6360,26046464
6361,26050560
6362,26054656
6363,26058752
6364,26062848
6365,26066944
6366,26071040
6367,26075136
6368,26079232
6369,26083328
6370,26087424
6371,26091520
6372,26095616
6373,26099712
6374,26103808
6375,26107904
6376,26112000
6377,26116096
6378,26120192
6379,26124288
6380,26128384
6381,26132480
6382,26136576
6383,26140672
6384,26144768
6385,26148864
6386,26152960
6387,26157056
6388,26161152
6389,26165248
6390,26169344
6391,26173440
6392,26177536
6393,26181632
6394,26185728
6395,26189824
6396,26193920
6397,26198016
6398,26202112
6399,26206208
6400,26210304
6401,26214400
6402,26218496
6403,26222592
6404,26226688
6405,26230784
6406,26234880
6407,26238976
6408,26243072
6409,26247168
6410,26251264
6411,26255360
6412,26259456
6413,26263552
6414,26267648
6415,26271744
6416,26275840
6417,26279936
6418,26284032
6419,26288128
6420,26292224
6421,26296320
6422,26300416
6423,26304512
6424,26308608
6425,26312704
6426,26316800
6427,26320896
6428,26324992
6429,26329088
6430,26333184
6431,26337280
6432,26341376
6433,26345472
6434,26349568
6435,26353664
6436,26357760
6437,26361856
6438,26365952
6439,26370048
6440,26374144
6441,26378240
6442,26382336
6443,26386432
6444,26390528
6445,26394624
6446,26398720
6447,26402816
6448,26406912
6449,26411008
6450,26415104
6451,26419200
6452,26423296
6453,26427392
6454,26431488
6455,26435584
6456,26439680
6457,26443776
6458,26447872
6459,26451968
6460,26456064
6461,26460160
6462,26464256
6463,26468352
6464,26472448
6465,26476544
6466,26480640
6467,26484736
6468,26488832
6469,26492928
6470,26497024
6471,26501120
6472,26505216
6473,26509312
6474,26513408
6475,26517504
6476,26521600
6477,26525696
6478,26529792
6479,26533888
6480,26537984
6481,26542080
6482,26546176
6483,26550272
6484,26554368
6485,26558464
6486,26562560
6487,26566656
6488,26570752
6489,26574848
6490,26578944
6491,26583040
6492,26587136
6493,26591232
6494,26595328
6495,26599424
6496,26603520
6497,26607616
6498,26611712
6499,26615808
6500,26619904
6501,26624000
6502,26628096
6503,26632192
6504,26636288
6505,26640384
6506,26644480
6507,26648576
6508,26652672
6509,26656768
6510,26660864
6511,26664960
6512,26669056
6513,26673152
6514,26677248
6515,26681344
6516,26685440
6517,26689536
6518,26693632
6519,26697728
6520,26701824
6521,26705920
6522,26710016
6523,26714112
6524,26718208
6525,26722304
6526,26726400
6527,26730496
6528,26734592
6529,26738688
6530,26742784
6531,26746880
6532,26750976
6533,26755072
6534,26759168
6535,26763264
6536,26767360
6537,26771456
6538,26775552
6539,26779648
6540,26783744
6541,26787840
6542,26791936
6543,26796032
6544,26800128
6545,26804224
6546,26808320
6547,26812416
6548,26816512
6549,26820608
6550,26824704
6551,26828800
6552,26832896
6553,26836992
6554,26841088
6555,26845184
6556,26849280
6557,26853376
6558,26857472
6559,26861568
6560,26865664
6561,26869760
6562,26873856
6563,26877952
6564,26882048
6565,26886144
6566,26890240
6567,26894336
6568,26898432
6569,26902528
6570,26906624
6571,26910720
6572,26914816
6573,26918912
6574,26923008
6575,26927104
6576,26931200
6577,26935296
6578,26939392
6579,26943488
6580,26947584
6581,26951680
6582,26955776
6583,26959872
6584,26963968
6585,26968064
6586,26972160
6587,26976256
6588,26980352
6589,26984448
6590,26988544
6591,26992640
6592,26996736
6593,27000832
6594,27004928
6595,27009024
6596,27013120
6597,27017216
6598,27021312
6599,27025408
6600,27029504
6601,27033600
6602,27037696
6603,27041792
6604,27045888
6605,27049984
6606,27054080
6607,27058176
6608,27062272
6609,27066368
6610,27070464
6611,27074560
6612,27078656
6613,27082752
6614,27086848
6615,27090944
6616,27095040
6617,27099136
6618,27103232
6619,27107328
6620,27111424
6621,27115520
6622,27119616
6623,27123712
6624,27127808
6625,27131904
6626,27136000
6627,27140096
6628,27144192
6629,27148288
6630,27152384
6631,27156480
6632,27160576
6633,27164672
6634,27168768
6635,27172864
6636,27176960
6637,27181056
6638,27185152
6639,27189248
6640,27193344
6641,27197440
6642,27201536
6643,27205632
6644,27209728
6645,27213824
6646,27217920
6647,27222016
6648,27226112
6649,27230208
6650,27234304
6651,27238400
6652,27242496
6653,27246592
6654,27250688
6655,27254784
6656,27258880
6657,27262976
6658,27267072
6659,27271168
6660,27275264
6661,27279360
6662,27283456
6663,27287552
6664,27291648
6665,27295744
6666,27299840
6667,27303936
6668,27308032
6669,27312128
6670,27316224
6671,27320320
6672,27324416
6673,27328512
6674,27332608
6675,27336704
6676,27340800
6677,27344896
6678,27348992
6679,27353088
6680,27357184
6681,27361280
6682,27365376
6683,27369472
6684,27373568
6685,27377664
6686,27381760
6687,27385856
6688,27389952
6689,27394048
6690,27398144
6691,27402240
6692,27406336
6693,27410432
6694,27414528
6695,27418624
6696,27422720
6697,27426816
6698,27430912
6699,27435008
6700,27439104
6701,27443200
6702,27447296
6703,27451392
6704,27455488
6705,27459584
6706,27463680
6707,27467776
6708,27471872
6709,27475968
6710,27480064
6711,27484160
6712,27488256
6713,27492352
6714,27496448
6715,27500544
6716,27504640
6717,27508736
6718,27512832
6719,27516928
6720,27521024
6721,27525120
6722,27529216
6723,27533312
6724,27537408
6725,27541504
6726,27545600
6727,27549696
6728,27553792
6729,27557888
6730,27561984
6731,27566080
6732,27570176
6733,27574272
6734,27578368
6735,27582464
6736,27586560
6737,27590656
6738,27594752
6739,27598848
6740,27602944
6741,27607040
6742,27611136
6743,27615232
6744,27619328
6745,27623424
6746,27627520
6747,27631616
6748,27635712
6749,27639808
6750,27643904
6751,27648000
6752,27652096
6753,27656192
6754,27660288
6755,27664384
6756,27668480
6757,27672576
6758,27676672
6759,27680768
6760,27684864
6761,27688960
6762,27693056
6763,27697152
6764,27701248
6765,27705344
6766,27709440
6767,27713536
6768,27717632
6769,27721728
6770,27725824
6771,27729920
6772,27734016
6773,27738112
6774,27742208
6775,27746304
6776,27750400
6777,27754496
6778,27758592
6779,27762688
6780,27766784
6781,27770880
6782,27774976
6783,27779072
6784,27783168
6785,27787264
6786,27791360
6787,27795456
6788,27799552
6789,27803648
6790,27807744
6791,27811840
6792,27815936
6793,27820032
6794,27824128
6795,27828224
6796,27832320
6797,27836416
6798,27840512
6799,27844608
6800,27848704
6801,27852800
6802,27856896
6803,27860992
6804,27865088
6805,27869184
6806,27873280
6807,27877376
6808,27881472
6809,27885568
6810,27889664
6811,27893760
6812,27897856
6813,27901952
6814,27906048
6815,27910144
6816,27914240
6817,27918336
6818,27922432
6819,27926528
6820,27930624
6821,27934720
6822,27938816
6823,27942912
6824,27947008
6825,27951104
6826,27955200
6827,27959296
6828,27963392
6829,27967488
6830,27971584
6831,27975680
6832,27979776
6833,27983872
6834,27987968
6835,27992064
6836,27996160
6837,28000256
6838,28004352
6839,28008448
6840,28012544
6841,28016640
6842,28020736
6843,28024832
6844,28028928
6845,28033024
6846,28037120
6847,28041216
6848,28045312
6849,28049408
6850,28053504
6851,28057600
6852,28061696
6853,28065792
6854,28069888
6855,28073984
6856,28078080
6857,28082176
6858,28086272
6859,28090368
6860,28094464
6861,28098560
6862,28102656
6863,28106752
6864,28110848
6865,28114944
6866,28119040
6867,28123136
6868,28127232
6869,28131328
6870,28135424
6871,28139520
6872,28143616
6873,28147712
6874,28151808
6875,28155904
6876,28160000
6877,28164096
6878,28168192
6879,28172288
6880,28176384
6881,28180480
6882,28184576
6883,28188672
6884,28192768
6885,28196864
6886,28200960
6887,28205056
6888,28209152
6889,28213248
6890,28217344
6891,28221440
6892,28225536
6893,28229632
6894,28233728
6895,28237824
6896,28241920
6897,28246016
6898,28250112
6899,28254208
6900,28258304
6901,28262400
6902,28266496
6903,28270592
6904,28274688
6905,28278784
6906,28282880
6907,28286976
6908,28291072
6909,28295168
6910,28299264
6911,28303360
6912,28307456
6913,28311552
6914,28315648
6915,28319744
6916,28323840
6917,28327936
6918,28332032
6919,28336128
6920,28340224
6921,28344320
6922,28348416
6923,28352512
6924,28356608
6925,28360704
6926,28364800
6927,28368896
6928,28372992
6929,28377088
6930,28381184
6931,28385280
6932,28389376
6933,28393472
6934,28397568
6935,28401664
6936,28405760
6937,28409856
6938,28413952
6939,28418048
6940,28422144
6941,28426240
6942,28430336
6943,28434432
6944,28438528
6945,28442624
6946,28446720
6947,28450816
6948,28454912
6949,28459008
6950,28463104
6951,28467200
6952,28471296
6953,28475392
6954,28479488
6955,28483584
6956,28487680
6957,28491776
6958,28495872
6959,28499968
6960,28504064
6961,28508160
6962,28512256
6963,28516352
6964,28520448
6965,28524544
6966,28528640
6967,28532736
6968,28536832
6969,28540928
6970,28545024
6971,28549120
6972,28553216
6973,28557312
6974,28561408
6975,28565504
6976,28569600
6977,28573696
6978,28577792
6979,28581888
6980,28585984
6981,28590080
6982,28594176
6983,28598272
6984,28602368
6985,28606464
6986,28610560
6987,28614656
6988,28618752
6989,28622848
6990,28626944
6991,28631040
6992,28635136
6993,28639232
6994,28643328
6995,28647424
6996,28651520
6997,28655616
6998,28659712
6999,28663808
7000,28667904
7001,28672000
7002,28676096
7003,28680192
7004,28684288
7005,28688384
7006,28692480
7007,28696576
7008,28700672
7009,28704768
7010,28708864
7011,28712960
7012,28717056
7013,28721152
7014,28725248
7015,28729344
7016,28733440
7017,28737536
7018,28741632
7019,28745728
7020,28749824
7021,28753920
7022,28758016
7023,28762112
7024,28766208
7025,28770304
7026,28774400
7027,28778496
7028,28782592
7029,28786688
7030,28790784
7031,28794880
7032,28798976
7033,28803072
7034,28807168
7035,28811264
7036,28815360
7037,28819456
7038,28823552
7039,28827648
7040,28831744
7041,28835840
7042,28839936
7043,28844032
7044,28848128
7045,28852224
7046,28856320
7047,28860416
7048,28864512
7049,28868608
7050,28872704
7051,28876800
7052,28880896
7053,28884992
7054,28889088
7055,28893184
7056,28897280
7057,28901376
7058,28905472
7059,28909568
7060,28913664
7061,28917760
7062,28921856
7063,28925952
7064,28930048
7065,28934144
7066,28938240
7067,28942336
7068,28946432
7069,28950528
7070,28954624
7071,28958720
7072,28962816
7073,28966912
7074,28971008
7075,28975104
7076,28979200
7077,28983296
7078,28987392
7079,28991488
7080,28995584
7081,28999680
7082,29003776
7083,29007872
7084,29011968
7085,29016064
7086,29020160
7087,29024256
7088,29028352
7089,29032448
7090,29036544
7091,29040640
7092,29044736
7093,29048832
7094,29052928
7095,29057024
7096,29061120
7097,29065216
7098,29069312
7099,29073408
7100,29077504
7101,29081600
7102,29085696
7103,29089792
7104,29093888
7105,29097984
7106,29102080
7107,29106176
7108,29110272
7109,29114368
7110,29118464
7111,29122560
7112,29126656
7113,29130752
7114,29134848
7115,29138944
7116,29143040
7117,29147136
7118,29151232
7119,29155328
7120,29159424
7121,29163520
7122,29167616
7123,29171712
7124,29175808
7125,29179904
7126,29184000
7127,29188096
7128,29192192
7129,29196288
7130,29200384
7131,29204480
7132,29208576
7133,29212672
7134,29216768
7135,29220864
7136,29224960
7137,29229056
7138,29233152
7139,29237248
7140,29241344
7141,29245440
7142,29249536
7143,29253632
7144,29257728
7145,29261824
7146,29265920
7147,29270016
7148,29274112
7149,29278208
7150,29282304
7151,29286400
7152,29290496
7153,29294592
7154,29298688
7155,29302784
7156,29306880
7157,29310976
7158,29315072
7159,29319168
7160,29323264
7161,29327360
7162,29331456
7163,29335552
7164,29339648
7165,29343744
7166,29347840
7167,29351936
7168,29356032
7169,29360128
7170,29364224
7171,29368320
7172,29372416
7173,29376512
7174,29380608
7175,29384704
7176,29388800
7177,29392896
7178,29396992
7179,29401088
7180,29405184
7181,29409280
7182,29413376
7183,29417472
7184,29421568
7185,29425664
7186,29429760
7187,29433856
7188,29437952
7189,29442048
7190,29446144
7191,29450240
7192,29454336
7193,29458432
7194,29462528
7195,29466624
7196,29470720
7197,29474816
7198,29478912
7199,29483008
7200,29487104
7201,29491200
7202,29495296
7203,29499392
7204,29503488
7205,29507584
7206,29511680
7207,29515776
7208,29519872
7209,29523968
7210,29528064
7211,29532160
7212,29536256
7213,29540352
7214,29544448
7215,29548544
7216,29552640
7217,29556736
7218,29560832
7219,29564928
7220,29569024
7221,29573120
7222,29577216
7223,29581312
7224,29585408
7225,29589504
7226,29593600
7227,29597696
7228,29601792
7229,29605888
7230,29609984
7231,29614080
7232,29618176
7233,29622272
7234,29626368
7235,29630464
7236,29634560
7237,29638656
7238,29642752
7239,29646848
7240,29650944
7241,29655040
7242,29659136
7243,29663232
7244,29667328
7245,29671424
7246,29675520
7247,29679616
7248,29683712
7249,29687808
7250,29691904
7251,29696000
7252,29700096
7253,29704192
7254,29708288
7255,29712384
7256,29716480
7257,29720576
7258,29724672
7259,29728768
7260,29732864
7261,29736960
7262,29741056
7263,29745152
7264,29749248
7265,29753344
7266,29757440
7267,29761536
7268,29765632
7269,29769728
7270,29773824
7271,29777920
7272,29782016
7273,29786112
7274,29790208
7275,29794304
7276,29798400
7277,29802496
7278,29806592
7279,29810688
7280,29814784
7281,29818880
7282,29822976
7283,29827072
7284,29831168
7285,29835264
7286,29839360
7287,29843456
7288,29847552
7289,29851648
7290,29855744
7291,29859840
7292,29863936
7293,29868032
7294,29872128
7295,29876224
7296,29880320
7297,29884416
7298,29888512
7299,29892608
7300,29896704
7301,29900800
7302,29904896
7303,29908992
7304,29913088
7305,29917184
7306,29921280
7307,29925376
7308,29929472
7309,29933568
7310,29937664
7311,29941760
7312,29945856
7313,29949952
7314,29954048
7315,29958144
7316,29962240
7317,29966336
7318,29970432
7319,29974528
7320,29978624
7321,29982720
7322,29986816
7323,29990912
7324,29995008
7325,29999104
7326,30003200
7327,30007296
7328,30011392
7329,30015488
7330,30019584
7331,30023680
7332,30027776
7333,30031872
7334,30035968
7335,30040064
7336,30044160
7337,30048256
7338,30052352
7339,30056448
7340,30060544
7341,30064640
7342,30068736
7343,30072832
7344,30076928
7345,30081024
7346,30085120
7347,30089216
7348,30093312
7349,30097408
7350,30101504
7351,30105600
7352,30109696
7353,30113792
7354,30117888
7355,30121984
7356,30126080
7357,30130176
7358,30134272
7359,30138368
7360,30142464
7361,30146560
7362,30150656
7363,30154752
7364,30158848
7365,30162944
7366,30167040
7367,30171136
7368,30175232
7369,30179328
7370,30183424
7371,30187520
7372,30191616
7373,30195712
7374,30199808
7375,30203904
7376,30208000
7377,30212096
7378,30216192
7379,30220288
7380,30224384
7381,30228480
7382,30232576
7383,30236672
7384,30240768
7385,30244864
7386,30248960
7387,30253056
7388,30257152
7389,30261248
7390,30265344
7391,30269440
7392,30273536
7393,30277632
7394,30281728
7395,30285824
7396,30289920
7397,30294016
7398,30298112
7399,30302208
7400,30306304
7401,30310400
7402,30314496
7403,30318592
7404,30322688
7405,30326784
7406,30330880
7407,30334976
7408,30339072
7409,30343168
7410,30347264
7411,30351360
7412,30355456
7413,30359552
7414,30363648
7415,30367744
7416,30371840
7417,30375936
7418,30380032
7419,30384128
7420,30388224
7421,30392320
7422,30396416
7423,30400512
7424,30404608
7425,30408704
7426,30412800
7427,30416896
7428,30420992
7429,30425088
7430,30429184
7431,30433280
7432,30437376
7433,30441472
7434,30445568
7435,30449664
7436,30453760
7437,30457856
7438,30461952
7439,30466048
7440,30470144
7441,30474240
7442,30478336
7443,30482432
7444,30486528
7445,30490624
7446,30494720
7447,30498816
7448,30502912
7449,30507008
7450,30511104
7451,30515200
7452,30519296
7453,30523392
7454,30527488
7455,30531584
7456,30535680
7457,30539776
7458,30543872
7459,30547968
7460,30552064
7461,30556160
7462,30560256
7463,30564352
7464,30568448
7465,30572544
7466,30576640
7467,30580736
7468,30584832
7469,30588928
7470,30593024
7471,30597120
7472,30601216
7473,30605312
7474,30609408
7475,30613504
7476,30617600
7477,30621696
7478,30625792
7479,30629888
7480,30633984
7481,30638080
7482,30642176
7483,30646272
7484,30650368
7485,30654464
7486,30658560
7487,30662656
7488,30666752
7489,30670848
7490,30674944
7491,30679040
7492,30683136
7493,30687232
7494,30691328
7495,30695424
7496,30699520
7497,30703616
7498,30707712
7499,30711808
7500,30715904
7501,30720000
7502,30724096
7503,30728192
7504,30732288
7505,30736384
7506,30740480
7507,30744576
7508,30748672
7509,30752768
7510,30756864
7511,30760960
7512,30765056
7513,30769152
7514,30773248
7515,30777344
7516,30781440
7517,30785536
7518,30789632
7519,30793728
7520,30797824
7521,30801920
7522,30806016
7523,30810112
7524,30814208
7525,30818304
7526,30822400
7527,30826496
7528,30830592
7529,30834688
7530,30838784
7531,30842880
7532,30846976
7533,30851072
7534,30855168
7535,30859264
7536,30863360
7537,30867456
7538,30871552
7539,30875648
7540,30879744
7541,30883840
7542,30887936
7543,30892032
7544,30896128
7545,30900224
7546,30904320
7547,30908416
7548,30912512
7549,30916608
7550,30920704
7551,30924800
7552,30928896
7553,30932992
7554,30937088
7555,30941184
7556,30945280
7557,30949376
7558,30953472
7559,30957568
7560,30961664
7561,30965760
7562,30969856
7563,30973952
7564,30978048
7565,30982144
7566,30986240
7567,30990336
7568,30994432
7569,30998528
7570,31002624
7571,31006720
7572,31010816
7573,31014912
7574,31019008
7575,31023104
7576,31027200
7577,31031296
7578,31035392
7579,31039488
7580,31043584
7581,31047680
7582,31051776
7583,31055872
7584,31059968
7585,31064064
7586,31068160
7587,31072256
7588,31076352
7589,31080448
7590,31084544
7591,31088640
7592,31092736
7593,31096832
7594,31100928
7595,31105024
7596,31109120
7597,31113216
7598,31117312
7599,31121408
7600,31125504
7601,31129600
7602,31133696
7603,31137792
7604,31141888
7605,31145984
7606,31150080
7607,31154176
7608,31158272
7609,31162368
7610,31166464
7611,31170560
7612,31174656
7613,31178752
7614,31182848
7615,31186944
7616,31191040
7617,31195136
7618,31199232
7619,31203328
7620,31207424
7621,31211520
7622,31215616
7623,31219712
7624,31223808
7625,31227904
7626,31232000
7627,31236096
7628,31240192
7629,31244288
7630,31248384
7631,31252480
7632,31256576
7633,31260672
7634,31264768
7635,31268864
7636,31272960
7637,31277056
7638,31281152
7639,31285248
7640,31289344
7641,31293440
7642,31297536
7643,31301632
7644,31305728
7645,31309824
7646,31313920
7647,31318016
7648,31322112
7649,31326208
7650,31330304
7651,31334400
7652,31338496
7653,31342592
7654,31346688
7655,31350784
7656,31354880
7657,31358976
7658,31363072
7659,31367168
7660,31371264
7661,31375360
7662,31379456
7663,31383552
7664,31387648
7665,31391744
7666,31395840
7667,31399936
7668,31404032
7669,31408128
7670,31412224
7671,31416320
7672,31420416
7673,31424512
7674,31428608
7675,31432704
7676,31436800
7677,31440896
7678,31444992
7679,31449088
7680,31453184
7681,31457280
7682,31461376
7683,31465472
7684,31469568
7685,31473664
7686,31477760
7687,31481856
7688,31485952
7689,31490048
7690,31494144
7691,31498240
7692,31502336
7693,31506432
7694,31510528
7695,31514624
7696,31518720
7697,31522816
7698,31526912
7699,31531008
7700,31535104
7701,31539200
7702,31543296
7703,31547392
7704,31551488
7705,31555584
7706,31559680
7707,31563776
7708,31567872
7709,31571968
7710,31576064
7711,31580160
7712,31584256
7713,31588352
7714,31592448
7715,31596544
7716,31600640
7717,31604736
7718,31608832
7719,31612928
7720,31617024
7721,31621120
7722,31625216
7723,31629312
7724,31633408
7725,31637504
7726,31641600
7727,31645696
7728,31649792
7729,31653888
7730,31657984
7731,31662080
7732,31666176
7733,31670272
7734,31674368
7735,31678464
7736,31682560
7737,31686656
7738,31690752
7739,31694848
7740,31698944
7741,31703040
7742,31707136
7743,31711232
7744,31715328
7745,31719424
7746,31723520
7747,31727616
7748,31731712
7749,31735808
7750,31739904
7751,31744000
7752,31748096
7753,31752192
7754,31756288
7755,31760384
7756,31764480
7757,31768576
7758,31772672
7759,31776768
7760,31780864
7761,31784960
7762,31789056
7763,31793152
7764,31797248
7765,31801344
7766,31805440
7767,31809536
7768,31813632
7769,31817728
7770,31821824
7771,31825920
7772,31830016
7773,31834112
7774,31838208
7775,31842304
7776,31846400
7777,31850496
7778,31854592
7779,31858688
7780,31862784
7781,31866880
7782,31870976
7783,31875072
7784,31879168
7785,31883264
7786,31887360
7787,31891456
7788,31895552
7789,31899648
7790,31903744
7791,31907840
7792,31911936
7793,31916032
7794,31920128
7795,31924224
7796,31928320
7797,31932416
7798,31936512
7799,31940608
7800,31944704
7801,31948800
7802,31952896
7803,31956992
7804,31961088
7805,31965184
7806,31969280
7807,31973376
7808,31977472
7809,31981568
7810,31985664
7811,31989760
7812,31993856
7813,31997952
7814,32002048
7815,32006144
7816,32010240
7817,32014336
7818,32018432
7819,32022528
7820,32026624
7821,32030720
7822,32034816
7823,32038912
7824,32043008
7825,32047104
7826,32051200
7827,32055296
7828,32059392
7829,32063488
7830,32067584
7831,32071680
7832,32075776
7833,32079872
7834,32083968
7835,32088064
7836,32092160
7837,32096256
7838,32100352
7839,32104448
7840,32108544
7841,32112640
7842,32116736
7843,32120832
7844,32124928
7845,32129024
7846,32133120
7847,32137216
7848,32141312
7849,32145408
7850,32149504
7851,32153600
7852,32157696
7853,32161792
7854,32165888
7855,32169984
7856,32174080
7857,32178176
7858,32182272
7859,32186368
7860,32190464
7861,32194560
7862,32198656
7863,32202752
7864,32206848
7865,32210944
7866,32215040
7867,32219136
7868,32223232
7869,32227328
7870,32231424
7871,32235520
7872,32239616
7873,32243712
7874,32247808
7875,32251904
7876,32256000
7877,32260096
7878,32264192
7879,32268288
7880,32272384
7881,32276480
7882,32280576
7883,32284672
7884,32288768
7885,32292864
7886,32296960
7887,32301056
7888,32305152
7889,32309248
7890,32313344
7891,32317440
7892,32321536
7893,32325632
7894,32329728
7895,32333824
7896,32337920
7897,32342016
7898,32346112
7899,32350208
7900,32354304
7901,32358400
7902,32362496
7903,32366592
7904,32370688
7905,32374784
7906,32378880
7907,32382976
7908,32387072
7909,32391168
7910,32395264
7911,32399360
7912,32403456
7913,32407552
7914,32411648
7915,32415744
7916,32419840
7917,32423936
7918,32428032
7919,32432128
7920,32436224
7921,32440320
7922,32444416
7923,32448512
7924,32452608
7925,32456704
7926,32460800
7927,32464896
7928,32468992
7929,32473088
7930,32477184
7931,32481280
7932,32485376
7933,32489472
7934,32493568
7935,32497664
7936,32501760
7937,32505856
7938,32509952
7939,32514048
7940,32518144
7941,32522240
7942,32526336
7943,32530432
7944,32534528
7945,32538624
7946,32542720
7947,32546816
7948,32550912
7949,32555008
7950,32559104
7951,32563200
7952,32567296
7953,32571392
7954,32575488
7955,32579584
7956,32583680
7957,32587776
7958,32591872
7959,32595968
7960,32600064
7961,32604160
7962,32608256
7963,32612352
7964,32616448
7965,32620544
7966,32624640
7967,32628736
7968,32632832
7969,32636928
7970,32641024
7971,32645120
7972,32649216
7973,32653312
7974,32657408
7975,32661504
7976,32665600
7977,32669696
7978,32673792
7979,32677888
7980,32681984
7981,32686080
7982,32690176
7983,32694272
7984,32698368
7985,32702464
7986,32706560
7987,32710656
7988,32714752
7989,32718848
7990,32722944
7991,32727040
7992,32731136
7993,32735232
7994,32739328
7995,32743424
7996,32747520
7997,32751616
7998,32755712
7999,32759808
8000,32763904
8001,32768000
8002,32772096
8003,32776192
8004,32780288
8005,32784384
8006,32788480
8007,32792576
8008,32796672
8009,32800768
8010,32804864
8011,32808960
8012,32813056
8013,32817152
8014,32821248
8015,32825344
8016,32829440
8017,32833536
8018,32837632
8019,32841728
8020,32845824
8021,32849920
8022,32854016
8023,32858112
8024,32862208
8025,32866304
8026,32870400
8027,32874496
8028,32878592
8029,32882688
8030,32886784
8031,32890880
8032,32894976
8033,32899072
8034,32903168
8035,32907264
8036,32911360
8037,32915456
8038,32919552
8039,32923648
8040,32927744
8041,32931840
8042,32935936
8043,32940032
8044,32944128
8045,32948224
8046,32952320
8047,32956416
8048,32960512
8049,32964608
8050,32968704
8051,32972800
8052,32976896
8053,32980992
8054,32985088
8055,32989184
8056,32993280
8057,32997376
8058,33001472
8059,33005568
8060,33009664
8061,33013760
8062,33017856
8063,33021952
8064,33026048
8065,33030144
8066,33034240
8067,33038336
8068,33042432
8069,33046528
8070,33050624
8071,33054720
8072,33058816
8073,33062912
8074,33067008
8075,33071104
8076,33075200
8077,33079296
8078,33083392
8079,33087488
8080,33091584
8081,33095680
8082,33099776
8083,33103872
8084,33107968
8085,33112064
8086,33116160
8087,33120256
8088,33124352
8089,33128448
8090,33132544
8091,33136640
8092,33140736
8093,33144832
8094,33148928
8095,33153024
8096,33157120
8097,33161216
8098,33165312
8099,33169408
8100,33173504
8101,33177600
8102,33181696
8103,33185792
8104,33189888
8105,33193984
8106,33198080
8107,33202176
8108,33206272
8109,33210368
8110,33214464
8111,33218560
8112,33222656
8113,33226752
8114,33230848
8115,33234944
8116,33239040
8117,33243136
8118,33247232
8119,33251328
8120,33255424
8121,33259520
8122,33263616
8123,33267712
8124,33271808
8125,33275904
8126,33280000
8127,33284096
8128,33288192
8129,33292288
8130,33296384
8131,33300480
8132,33304576
8133,33308672
8134,33312768
8135,33316864
8136,33320960
8137,33325056
8138,33329152
8139,33333248
8140,33337344
8141,33341440
8142,33345536
8143,33349632
8144,33353728
8145,33357824
8146,33361920
8147,33366016
8148,33370112
8149,33374208
8150,33378304
8151,33382400
8152,33386496
8153,33390592
8154,33394688
8155,33398784
8156,33402880
8157,33406976
8158,33411072
8159,33415168
8160,33419264
8161,33423360
8162,33427456
8163,33431552
8164,33435648
8165,33439744
8166,33443840
8167,33447936
8168,33452032
8169,33456128
8170,33460224
8171,33464320
8172,33468416
8173,33472512
8174,33476608
8175,33480704
8176,33484800
8177,33488896
8178,33492992
8179,33497088
8180,33501184
8181,33505280
8182,33509376
8183,33513472
8184,33517568
8185,33521664
8186,33525760
8187,33529856
8188,33533952
8189,33538048
8190,33542144
8191,33546240
8192,33550336
8193,33554432
8194,33558528
8195,33562624
8196,33566720
8197,33570816
8198,33574912
8199,33579008
8200,33583104
8201,33587200
8202,33591296
8203,33595392
8204,33599488
8205,33603584
8206,33607680
8207,33611776
8208,33615872
8209,33619968
8210,33624064
8211,33628160
8212,33632256
8213,33636352
8214,33640448
8215,33644544
8216,33648640
8217,33652736
8218,33656832
8219,33660928
8220,33665024
8221,33669120
8222,33673216
8223,33677312
8224,33681408
8225,33685504
8226,33689600
8227,33693696
8228,33697792
8229,33701888
8230,33705984
8231,33710080
8232,33714176
8233,33718272
8234,33722368
8235,33726464
8236,33730560
8237,33734656
8238,33738752
8239,33742848
8240,33746944
8241,33751040
8242,33755136
8243,33759232
8244,33763328
8245,33767424
8246,33771520
8248,33779712
8249,33783808
8250,33787904
8251,33792000
8252,33796096
8253,33800192
8254,33804288
8255,33808384
8256,33812480
8257,33816576
8258,33820672
8259,33824768
8260,33828864
8261,33832960
8262,33837056
8263,33841152
8264,33845248
8265,33849344
8266,33853440
8267,33857536
8268,33861632
8269,33865728
8270,33869824
8271,33873920
8272,33878016
8273,33882112
8274,33886208
8275,33890304
8276,33894400
8277,33898496
8278,33902592
8279,33906688
8280,33910784
8281,33914880
8282,33918976
8283,33923072
8284,33927168
8285,33931264
8286,33935360
8287,33939456
8288,33943552
8289,33947648
8290,33951744
8291,33955840
8292,33959936
8293,33964032
8294,33968128
8295,33972224
8296,33976320
8297,33980416
8298,33984512
8299,33988608
8300,33992704
8301,33996800
8302,34000896
8303,34004992
8304,34009088
8305,34013184
8306,34017280
8307,34021376
8308,34025472
8309,34029568
8310,34033664
8311,34037760
8312,34041856
8313,34045952
8314,34050048
8315,34054144
8316,34058240
8317,34062336
8318,34066432
8319,34070528
8320,34074624
8321,34078720
8322,34082816
8323,34086912
8324,34091008
8325,34095104
8326,34099200
8327,34103296
8328,34107392
8329,34111488
8330,34115584
8331,34119680
8332,34123776
8333,34127872
8334,34131968
8335,34136064
8336,34140160
8337,34144256
8338,34148352
8339,34152448
8340,34156544
8341,34160640
8342,34164736
8343,34168832
8344,34172928
8345,34177024
8346,34181120
8347,34185216
8348,34189312
8349,34193408
8350,34197504
8351,34201600
8352,34205696
8353,34209792
8354,34213888
8355,34217984
8356,34222080
8357,34226176
8358,34230272
8359,34234368
8360,34238464
8361,34242560
8362,34246656
8363,34250752
8364,34254848
8365,34258944
8366,34263040
8367,34267136
8368,34271232
8369,34275328
8370,34279424
8371,34283520
8372,34287616
8373,34291712
8374,34295808
8375,34299904
8376,34304000
8377,34308096
8378,34312192
8379,34316288
8380,34320384
8381,34324480
8382,34328576
8383,34332672
8384,34336768
8385,34340864
8386,34344960
8387,34349056
8388,34353152
8389,34357248
8390,34361344
8391,34365440
8392,34369536
8393,34373632
8394,34377728
8395,34381824
8396,34385920
8397,34390016
8398,34394112
8399,34398208
8400,34402304
8401,34406400
8402,34410496
8403,34414592
8404,34418688
8405,34422784
8406,34426880
8407,34430976
8408,34435072
8409,34439168
8410,34443264
8411,34447360
8412,34451456
8413,34455552
8414,34459648
8415,34463744
8416,34467840
8417,34471936
8418,34476032
8419,34480128
8420,34484224
8421,34488320
8422,34492416
8423,34496512
8424,34500608
8425,34504704
8426,34508800
8427,34512896
8428,34516992
8429,34521088
8430,34525184
8431,34529280
8432,34533376
8433,34537472
8434,34541568
8435,34545664
8436,34549760
8437,34553856
8438,34557952
8439,34562048
8440,34566144
8441,34570240
8442,34574336
8443,34578432
8444,34582528
8445,34586624
8446,34590720
8447,34594816
8448,34598912
8449,34603008
8450,34607104
8451,34611200
8452,34615296
8453,34619392
8454,34623488
8455,34627584
8456,34631680
8457,34635776
8458,34639872
8459,34643968
8460,34648064
8461,34652160
8462,34656256
8463,34660352
8464,34664448
8465,34668544
8466,34672640
8467,34676736
8468,34680832
8469,34684928
8470,34689024
8471,34693120
8472,34697216
8473,34701312
8474,34705408
8475,34709504
8476,34713600
8477,34717696
8478,34721792
8479,34725888
8480,34729984
8481,34734080
8482,34738176
8483,34742272
8484,34746368
8485,34750464
8486,34754560
8487,34758656
8488,34762752
8489,34766848
8490,34770944
8491,34775040
8492,34779136
8493,34783232
8494,34787328
8495,34791424
8496,34795520
8497,34799616
8498,34803712
8499,34807808
8500,34811904
8501,34816000
8502,34820096
8503,34824192
8504,34828288
8505,34832384
8506,34836480
8507,34840576
8508,34844672
8509,34848768
8510,34852864
8511,34856960
8512,34861056
8513,34865152
8514,34869248
8515,34873344
8516,34877440
8517,34881536
8518,34885632
8519,34889728
8520,34893824
8521,34897920
8522,34902016
8523,34906112
8524,34910208
8525,34914304
8526,34918400
8527,34922496
8528,34926592
8529,34930688
8530,34934784
8531,34938880
8532,34942976
8533,34947072
8534,34951168
8535,34955264
8536,34959360
8537,34963456
8538,34967552
8539,34971648
8540,34975744
8541,34979840
8542,34983936
8543,34988032
8544,34992128
8545,34996224
8546,35000320
8547,35004416
8548,35008512
8549,35012608
8550,35016704
8551,35020800
8552,35024896
8553,35028992
8554,35033088
8555,35037184
8556,35041280
8557,35045376
8558,35049472
8559,35053568
8560,35057664
8561,35061760
8562,35065856
8563,35069952
8564,35074048
8565,35078144
8566,35082240
8567,35086336
8568,35090432
8569,35094528
8570,35098624
8571,35102720
8572,35106816
8573,35110912
8574,35115008
8575,35119104
8576,35123200
8577,35127296
8578,35131392
8579,35135488
8580,35139584
8581,35143680
8582,35147776
8583,35151872
8584,35155968
8585,35160064
8586,35164160
8587,35168256
8588,35172352
8589,35176448
8590,35180544
8591,35184640
8592,35188736
8593,35192832
8594,35196928
8595,35201024
8596,35205120
8597,35209216
8598,35213312
8599,35217408
8600,35221504
8601,35225600
8602,35229696
8603,35233792
8604,35237888
8605,35241984
8606,35246080
8607,35250176
8608,35254272
8609,35258368
8610,35262464
8611,35266560
8612,35270656
8613,35274752
8614,35278848
8615,35282944
8616,35287040
8617,35291136
8618,35295232
8619,35299328
8620,35303424
8621,35307520
8622,35311616
8623,35315712
8624,35319808
8625,35323904
8626,35328000
8627,35332096
8628,35336192
8629,35340288
8630,35344384
8631,35348480
8632,35352576
8633,35356672
8634,35360768
8635,35364864
8636,35368960
8637,35373056
8638,35377152
8639,35381248
8640,35385344
8641,35389440
8642,35393536
8643,35397632
8644,35401728
8645,35405824
8646,35409920
8647,35414016
8648,35418112
8649,35422208
8650,35426304
8651,35430400
8652,35434496
8653,35438592
8654,35442688
8655,35446784
8656,35450880
8657,35454976
8658,35459072
8659,35463168
8660,35467264
8661,35471360
8662,35475456
8663,35479552
8664,35483648
8665,35487744
8666,35491840
8667,35495936
8668,35500032
8669,35504128
8670,35508224
8671,35512320
8672,35516416
8673,35520512
8674,35524608
8675,35528704
8676,35532800
8677,35536896
8678,35540992
8679,35545088
8680,35549184
8681,35553280
8682,35557376
8683,35561472
8684,35565568
8685,35569664
8686,35573760
8687,35577856
8688,35581952
8689,35586048
8690,35590144
8691,35594240
8692,35598336
8693,35602432
8694,35606528
8695,35610624
8696,35614720
8697,35618816
8698,35622912
8699,35627008
8700,35631104
8701,35635200
8702,35639296
8703,35643392
8704,35647488
8705,35651584
8706,35655680
8707,35659776
8708,35663872
8709,35667968
8710,35672064
8711,35676160
8712,35680256
8713,35684352
8714,35688448
8715,35692544
8716,35696640
8717,35700736
8718,35704832
8719,35708928
8720,35713024
8721,35717120
8722,35721216
8723,35725312
8724,35729408
8725,35733504
8726,35737600
8727,35741696
8728,35745792
8729,35749888
8730,35753984
8731,35758080
8732,35762176
8733,35766272
8734,35770368
8735,35774464
8736,35778560
8737,35782656
8738,35786752
8739,35790848
8740,35794944
8741,35799040
8742,35803136
8743,35807232
8744,35811328
8745,35815424
8746,35819520
8747,35823616
8748,35827712
8749,35831808
8750,35835904
8751,35840000
8752,35844096
8753,35848192
8754,35852288
8755,35856384
8756,35860480
8757,35864576
8758,35868672
8759,35872768
8760,35876864
8761,35880960
8762,35885056
8763,35889152
8764,35893248
8765,35897344
8766,35901440
8767,35905536
8768,35909632
8769,35913728
8770,35917824
8771,35921920
8772,35926016
8773,35930112
8774,35934208
8775,35938304
8776,35942400
8777,35946496
8778,35950592
8779,35954688
8780,35958784
8781,35962880
8782,35966976
8783,35971072
8784,35975168
8785,35979264
8786,35983360
8787,35987456
8788,35991552
8789,35995648
8790,35999744
8791,36003840
8792,36007936
8793,36012032
8794,36016128
8795,36020224
8796,36024320
8797,36028416
8798,36032512
8799,36036608
8800,36040704
8801,36044800
8802,36048896
8803,36052992
8804,36057088
8805,36061184
8806,36065280
8807,36069376
8808,36073472
8809,36077568
8810,36081664
8811,36085760
8812,36089856
8813,36093952
8814,36098048
8815,36102144
8816,36106240
8817,36110336
8818,36114432
8819,36118528
8820,36122624
8821,36126720
8822,36130816
8823,36134912
8824,36139008
8825,36143104
8826,36147200
8827,36151296
8828,36155392
8829,36159488
8830,36163584
8831,36167680
8832,36171776
8833,36175872
8834,36179968
8835,36184064
8836,36188160
8837,36192256
8838,36196352
8839,36200448
8840,36204544
8841,36208640
8842,36212736
8843,36216832
8844,36220928
8845,36225024
8846,36229120
8847,36233216
8848,36237312
8849,36241408
8850,36245504
8851,36249600
8852,36253696
8853,36257792
8854,36261888
8855,36265984
8856,36270080
8857,36274176
8858,36278272
8859,36282368
8860,36286464
8861,36290560
8862,36294656
8863,36298752
8864,36302848
8865,36306944
8866,36311040
8867,36315136
8868,36319232
8869,36323328
8870,36327424
8871,36331520
8872,36335616
8873,36339712
8874,36343808
8875,36347904
8876,36352000
8877,36356096
8878,36360192
8879,36364288
8880,36368384
8881,36372480
8882,36376576
8883,36380672
8884,36384768
8885,36388864
8886,36392960
8887,36397056
8888,36401152
8889,36405248
8890,36409344
8891,36413440
8892,36417536
8893,36421632
8894,36425728
8895,36429824
8896,36433920
8897,36438016
8898,36442112
8899,36446208
8900,36450304
8901,36454400
8902,36458496
8903,36462592
8904,36466688
8905,36470784
8906,36474880
8907,36478976
8908,36483072
8909,36487168
8910,36491264
8911,36495360
8912,36499456
8913,36503552
8914,36507648
8915,36511744
8916,36515840
8917,36519936
8918,36524032
8919,36528128
8920,36532224
8921,36536320
8922,36540416
8923,36544512
8924,36548608
8925,36552704
8926,36556800
8927,36560896
8928,36564992
8929,36569088
8930,36573184
8931,36577280
8932,36581376
8933,36585472
8934,36589568
8935,36593664
8936,36597760
8937,36601856
8938,36605952
8939,36610048
8940,36614144
8941,36618240
8942,36622336
8943,36626432
8944,36630528
8945,36634624
8946,36638720
8947,36642816
8948,36646912
8949,36651008
8950,36655104
8951,36659200
8952,36663296
8953,36667392
8954,36671488
8955,36675584
8956,36679680
8957,36683776
8958,36687872
8959,36691968
8960,36696064
8961,36700160
8962,36704256
8963,36708352
8964,36712448
8965,36716544
8966,36720640
8967,36724736
8968,36728832
8969,36732928
8970,36737024
8971,36741120
8972,36745216
8973,36749312
8974,36753408
8975,36757504
8976,36761600
8977,36765696
8978,36769792
8979,36773888
8980,36777984
8981,36782080
8982,36786176
8983,36790272
8984,36794368
8985,36798464
8986,36802560
8987,36806656
8988,36810752
8989,36814848
8990,36818944
8991,36823040
8992,36827136
8993,36831232
8994,36835328
8995,36839424
8996,36843520
8997,36847616
8998,36851712
8999,36855808
9000,36859904
9001,36864000
9002,36868096
9003,36872192
9004,36876288
9005,36880384
9006,36884480
9007,36888576
9008,36892672
9009,36896768
9010,36900864
9011,36904960
9012,36909056
9013,36913152
9014,36917248
9015,36921344
9016,36925440
9017,36929536
9018,36933632
9019,36937728
9020,36941824
9021,36945920
9022,36950016
9023,36954112
9024,36958208
9025,36962304
9026,36966400
9027,36970496
9028,36974592
9029,36978688
9030,36982784
9031,36986880
9032,36990976
9033,36995072
9034,36999168
9035,37003264
9036,37007360
9037,37011456
9038,37015552
9039,37019648
9040,37023744
9041,37027840
9042,37031936
9043,37036032
9044,37040128
9045,37044224
9046,37048320
9047,37052416
9048,37056512
9049,37060608
9050,37064704
9051,37068800
9052,37072896
9053,37076992
9054,37081088
9055,37085184
9056,37089280
9057,37093376
9058,37097472
9059,37101568
9060,37105664
9061,37109760
9062,37113856
9063,37117952
9064,37122048
9065,37126144
9066,37130240
9067,37134336
9068,37138432
9069,37142528
9070,37146624
9071,37150720
9072,37154816
9073,37158912
9074,37163008
9075,37167104
9076,37171200
9077,37175296
9078,37179392
9079,37183488
9080,37187584
9081,37191680
9082,37195776
9083,37199872
9084,37203968
9085,37208064
9086,37212160
9087,37216256
9088,37220352
9089,37224448
9090,37228544
9091,37232640
9092,37236736
9093,37240832
9094,37244928
9095,37249024
9096,37253120
9097,37257216
9098,37261312
9099,37265408
9100,37269504
9101,37273600
9102,37277696
9103,37281792
9104,37285888
9105,37289984
9106,37294080
9107,37298176
9108,37302272
9109,37306368
9110,37310464
9111,37314560
9112,37318656
9113,37322752
9114,37326848
9115,37330944
9116,37335040
9117,37339136
9118,37343232
9119,37347328
9120,37351424
9121,37355520
9122,37359616
9123,37363712
9124,37367808
9125,37371904
9126,37376000
9127,37380096
9128,37384192
9129,37388288
9130,37392384
9131,37396480
9132,37400576
9133,37404672
9134,37408768
9135,37412864
9136,37416960
9137,37421056
9138,37425152
9139,37429248
9140,37433344
9141,37437440
9142,37441536
9143,37445632
9144,37449728
9145,37453824
9146,37457920
9147,37462016
9148,37466112
9149,37470208
9150,37474304
9151,37478400
9152,37482496
9153,37486592
9154,37490688
9155,37494784
9156,37498880
9157,37502976
9158,37507072
9159,37511168
9160,37515264
9161,37519360
9162,37523456
9163,37527552
9164,37531648
9165,37535744
9166,37539840
9167,37543936
9168,37548032
9169,37552128
9170,37556224
9171,37560320
9172,37564416
9173,37568512
9174,37572608
9175,37576704
9176,37580800
9177,37584896
9178,37588992
9179,37593088
9180,37597184
9181,37601280
9182,37605376
9183,37609472
9184,37613568
9185,37617664
9186,37621760
9187,37625856
9188,37629952
9189,37634048
9190,37638144
9191,37642240
9192,37646336
9193,37650432
9194,37654528
9195,37658624
9196,37662720
9197,37666816
9198,37670912
9199,37675008
9200,37679104
9201,37683200
9202,37687296
9203,37691392
9204,37695488
9205,37699584
9206,37703680
9207,37707776
9208,37711872
9209,37715968
9210,37720064
9211,37724160
9212,37728256
9213,37732352
9214,37736448
9215,37740544
9216,37744640
9217,37748736
9218,37752832
9219,37756928
9220,37761024
9221,37765120
9222,37769216
9223,37773312
9224,37777408
9225,37781504
9226,37785600
9227,37789696
9228,37793792
9229,37797888
9230,37801984
9231,37806080
9232,37810176
9233,37814272
9234,37818368
9235,37822464
9236,37826560
9237,37830656
9238,37834752
9239,37838848
9240,37842944
9241,37847040
9242,37851136
9243,37855232
9244,37859328
9245,37863424
9246,37867520
9247,37871616
9248,37875712
9249,37879808
9250,37883904
9251,37888000
9252,37892096
9253,37896192
9254,37900288
9255,37904384
9256,37908480
9257,37912576
9258,37916672
9259,37920768
9260,37924864
9261,37928960
9262,37933056
9263,37937152
9264,37941248
9265,37945344
9266,37949440
9267,37953536
9268,37957632
9269,37961728
9270,37965824
9271,37969920
9272,37974016
9273,37978112
9274,37982208
9275,37986304
9276,37990400
9277,37994496
9278,37998592
9279,38002688
9280,38006784
9281,38010880
9282,38014976
9283,38019072
9284,38023168
9285,38027264
9286,38031360
9287,38035456
9288,38039552
9289,38043648
9290,38047744
9291,38051840
9292,38055936
9293,38060032
9294,38064128
9295,38068224
9296,38072320
9297,38076416
9298,38080512
9299,38084608
9300,38088704
9301,38092800
9302,38096896
9303,38100992
9304,38105088
9305,38109184
9306,38113280
9307,38117376
9308,38121472
9309,38125568
9310,38129664
9311,38133760
9312,38137856
9313,38141952
9314,38146048
9315,38150144
9316,38154240
9317,38158336
9318,38162432
9319,38166528
9320,38170624
9321,38174720
9322,38178816
9323,38182912
9324,38187008
9325,38191104
9326,38195200
9327,38199296
9328,38203392
9329,38207488
9330,38211584
9331,38215680
9332,38219776
9333,38223872
9334,38227968
9335,38232064
9336,38236160
9337,38240256
9338,38244352
9339,38248448
9340,38252544
9341,38256640
9342,38260736
9343,38264832
9344,38268928
9345,38273024
9346,38277120
9347,38281216
9348,38285312
9349,38289408
9350,38293504
9351,38297600
9352,38301696
9353,38305792
9354,38309888
9355,38313984
9356,38318080
9357,38322176
9358,38326272
9359,38330368
9360,38334464
9361,38338560
9362,38342656
9363,38346752
9364,38350848
9365,38354944
9366,38359040
9367,38363136
9368,38367232
9369,38371328
9370,38375424
9371,38379520
9372,38383616
9373,38387712
9374,38391808
9375,38395904
9376,38400000
9377,38404096
9378,38408192
9379,38412288
9380,38416384
9381,38420480
9382,38424576
9383,38428672
9384,38432768
9385,38436864
9386,38440960
9387,38445056
9388,38449152
9389,38453248
9390,38457344
9391,38461440
9392,38465536
9393,38469632
9394,38473728
9395,38477824
9396,38481920
9397,38486016
9398,38490112
9399,38494208
9400,38498304
9401,38502400
9402,38506496
9403,38510592
9404,38514688
9405,38518784
9406,38522880
9407,38526976
9408,38531072
9409,38535168
9410,38539264
9411,38543360
9412,38547456
9413,38551552
9414,38555648
9415,38559744
9416,38563840
9417,38567936
9418,38572032
9419,38576128
9420,38580224
9421,38584320
9422,38588416
9423,38592512
9424,38596608
9425,38600704
9426,38604800
9427,38608896
9428,38612992
9429,38617088
9430,38621184
9431,38625280
9432,38629376
9433,38633472
9434,38637568
9435,38641664
9436,38645760
9437,38649856
9438,38653952
9439,38658048
9440,38662144
9441,38666240
9442,38670336
9443,38674432
9444,38678528
9445,38682624
9446,38686720
9447,38690816
9448,38694912
9449,38699008
9450,38703104
9451,38707200
9452,38711296
9453,38715392
9454,38719488
9455,38723584
9456,38727680
9457,38731776
9458,38735872
9459,38739968
9460,38744064
9461,38748160
9462,38752256
9463,38756352
9464,38760448
9465,38764544
9466,38768640
9467,38772736
9468,38776832
9469,38780928
9470,38785024
9471,38789120
9472,38793216
9473,38797312
9474,38801408
9475,38805504
9476,38809600
9477,38813696
9478,38817792
9479,38821888
9480,38825984
9481,38830080
9482,38834176
9483,38838272
9484,38842368
9485,38846464
9486,38850560
9487,38854656
9488,38858752
9489,38862848
9490,38866944
9491,38871040
9492,38875136
9493,38879232
9494,38883328
9495,38887424
9496,38891520
9497,38895616
9498,38899712
9499,38903808
9500,38907904
9501,38912000
9502,38916096
9503,38920192
9504,38924288
9505,38928384
9506,38932480
9507,38936576
9508,38940672
9509,38944768
9510,38948864
9511,38952960
9512,38957056
9513,38961152
9514,38965248
9515,38969344
9516,38973440
9517,38977536
9518,38981632
9519,38985728
9520,38989824
9521,38993920
9522,38998016
9523,39002112
9524,39006208
9525,39010304
9526,39014400
9527,39018496
9528,39022592
9529,39026688
9530,39030784
9531,39034880
9532,39038976
9533,39043072
9534,39047168
9535,39051264
9536,39055360
9537,39059456
9538,39063552
9539,39067648
9540,39071744
9541,39075840
9542,39079936
9543,39084032
9544,39088128
9545,39092224
9546,39096320
9547,39100416
9548,39104512
9549,39108608
9550,39112704
9551,39116800
9552,39120896
9553,39124992
9554,39129088
9555,39133184
9556,39137280
9557,39141376
9558,39145472
9559,39149568
9560,39153664
9561,39157760
9562,39161856
9563,39165952
9564,39170048
9565,39174144
9566,39178240
9567,39182336
9568,39186432
9569,39190528
9570,39194624
9571,39198720
9572,39202816
9573,39206912
9574,39211008
9575,39215104
9576,39219200
9577,39223296
9578,39227392
9579,39231488
9580,39235584
9581,39239680
9582,39243776
9583,39247872
9584,39251968
9585,39256064
9586,39260160
9587,39264256
9588,39268352
9589,39272448
9590,39276544
9591,39280640
9592,39284736
9593,39288832
9594,39292928
9595,39297024
9596,39301120
9597,39305216
9598,39309312
9599,39313408
9600,39317504
9601,39321600
9602,39325696
9603,39329792
9604,39333888
9605,39337984
9606,39342080
9607,39346176
9608,39350272
9609,39354368
9610,39358464
9611,39362560
9612,39366656
9613,39370752
9614,39374848
9615,39378944
9616,39383040
9617,39387136
9618,39391232
9619,39395328
9620,39399424
9621,39403520
9622,39407616
9623,39411712
9624,39415808
9625,39419904
9626,39424000
9627,39428096
9628,39432192
9629,39436288
9630,39440384
9631,39444480
9632,39448576
9633,39452672
9634,39456768
9635,39460864
9636,39464960
9637,39469056
9638,39473152
9639,39477248
9640,39481344
9641,39485440
9642,39489536
9643,39493632
9644,39497728
9645,39501824
9646,39505920
9647,39510016
9648,39514112
9649,39518208
9650,39522304
9651,39526400
9652,39530496
9653,39534592
9654,39538688
9655,39542784
9656,39546880
9657,39550976
9658,39555072
9659,39559168
9660,39563264
9661,39567360
9662,39571456
9663,39575552
9664,39579648
9665,39583744
9666,39587840
9667,39591936
9668,39596032
9669,39600128
9670,39604224
9671,39608320
9672,39612416
9673,39616512
9674,39620608
9675,39624704
9676,39628800
9677,39632896
9678,39636992
9679,39641088
9680,39645184
9681,39649280
9682,39653376
9683,39657472
9684,39661568
9685,39665664
9686,39669760
9687,39673856
9688,39677952
9689,39682048
9690,39686144
9691,39690240
9692,39694336
9693,39698432
9694,39702528
9695,39706624
9696,39710720
9697,39714816
9698,39718912
9699,39723008
9700,39727104
9701,39731200
9702,39735296
9703,39739392
9704,39743488
9705,39747584
9706,39751680
9707,39755776
9708,39759872
9709,39763968
9710,39768064
9711,39772160
9712,39776256
9713,39780352
9714,39784448
9715,39788544
9716,39792640
9717,39796736
9718,39800832
9719,39804928
9720,39809024
9721,39813120
9722,39817216
9723,39821312
9724,39825408
9725,39829504
9726,39833600
9727,39837696
9728,39841792
9729,39845888
9730,39849984
9731,39854080
9732,39858176
9733,39862272
9734,39866368
9735,39870464
9736,39874560
9737,39878656
9738,39882752
9739,39886848
9740,39890944
9741,39895040
9742,39899136
9743,39903232
9744,39907328
9745,39911424
9746,39915520
9747,39919616
9748,39923712
9749,39927808
9750,39931904
9751,39936000
9752,39940096
9753,39944192
9754,39948288
9755,39952384
9756,39956480
9757,39960576
9758,39964672
9759,39968768
9760,39972864
9761,39976960
9762,39981056
9763,39985152
9764,39989248
9765,39993344
9766,39997440
9767,40001536
9768,40005632
9769,40009728
9770,40013824
9771,40017920
9772,40022016
9773,40026112
9774,40030208
9775,40034304
9776,40038400
9777,40042496
9778,40046592
9779,40050688
9780,40054784
9781,40058880
9782,40062976
9783,40067072
9784,40071168
9785,40075264
9786,40079360
9787,40083456
9788,40087552
9789,40091648
9790,40095744
9791,40099840
9792,40103936
9793,40108032
9794,40112128
9795,40116224
9796,40120320
9797,40124416
9798,40128512
9799,40132608
9800,40136704
9801,40140800
9802,40144896
9803,40148992
9804,40153088
9805,40157184
9806,40161280
9807,40165376
9808,40169472
9809,40173568
9810,40177664
9811,40181760
9812,40185856
9813,40189952
9814,40194048
9815,40198144
9816,40202240
9817,40206336
9818,40210432
9819,40214528
9820,40218624
9821,40222720
9822,40226816
9823,40230912
9824,40235008
9825,40239104
9826,40243200
9827,40247296
9828,40251392
9829,40255488
9830,40259584
9831,40263680
9832,40267776
9833,40271872
9834,40275968
9835,40280064
9836,40284160
9837,40288256
9838,40292352
9839,40296448
9840,40300544
9841,40304640
9842,40308736
9843,40312832
9844,40316928
9845,40321024
9846,40325120
9847,40329216
9848,40333312
9849,40337408
9850,40341504
9851,40345600
9852,40349696
9853,40353792
9854,40357888
9855,40361984
9856,40366080
9857,40370176
9858,40374272
9859,40378368
9860,40382464
9861,40386560
9862,40390656
9863,40394752
9864,40398848
9865,40402944
9866,40407040
9867,40411136
9868,40415232
9869,40419328
9870,40423424
9871,40427520
9872,40431616
9873,40435712
9874,40439808
9875,40443904
9876,40448000
9877,40452096
9878,40456192
9879,40460288
9880,40464384
9881,40468480
9882,40472576
9883,40476672
9884,40480768
9885,40484864
9886,40488960
9887,40493056
9888,40497152
9889,40501248
9890,40505344
9891,40509440
9892,40513536
9893,40517632
9894,40521728
9895,40525824
9896,40529920
9897,40534016
9898,40538112
9899,40542208
9900,40546304
9901,40550400
9902,40554496
9903,40558592
9904,40562688
9905,40566784
9906,40570880
9907,40574976
9908,40579072
9909,40583168
9910,40587264
9911,40591360
9912,40595456
9913,40599552
9914,40603648
9915,40607744
9916,40611840
9917,40615936
9918,40620032
9919,40624128
9920,40628224
9921,40632320
9922,40636416
9923,40640512
9924,40644608
9925,40648704
9926,40652800
9927,40656896
9928,40660992
9929,40665088
9930,40669184
9931,40673280
9932,40677376
9933,40681472
9934,40685568
9935,40689664
9936,40693760
9937,40697856
9938,40701952
9939,40706048
9940,40710144
9941,40714240
9942,40718336
9943,40722432
9944,40726528
9945,40730624
9946,40734720
9947,40738816
9948,40742912
9949,40747008
9950,40751104
9951,40755200
9952,40759296
9953,40763392
9954,40767488
9955,40771584
9956,40775680
9957,40779776
9958,40783872
9959,40787968
9960,40792064
9961,40796160
9962,40800256
9963,40804352
9964,40808448
9965,40812544
9966,40816640
9967,40820736
9968,40824832
9969,40828928
9970,40833024
9971,40837120
9972,40841216
9973,40845312
9974,40849408
9975,40853504
9976,40857600
9977,40861696
9978,40865792
9979,40869888
9980,40873984
9981,40878080
9982,40882176
9983,40886272
9984,40890368
9985,40894464
9986,40898560
9987,40902656
9988,40906752
9989,40910848
9990,40914944
9991,40919040
9992,40923136
9993,40927232
9994,40931328
9995,40935424
9996,40939520
9997,40943616
9998,40947712
9999,40951808
10000,40955904
10001,40960000
10002,40964096
10003,40968192
10004,40972288
10005,40976384
10006,40980480
10007,40984576
10008,40988672
10009,40992768
10010,40996864
10011,41000960
10012,41005056
10013,41009152
10014,41013248
10015,41017344
10016,41021440
10017,41025536
10018,41029632
10019,41033728
10020,41037824
10021,41041920
10022,41046016
10023,41050112
10024,41054208
10025,41058304
10026,41062400
10027,41066496
10028,41070592
10029,41074688
10030,41078784
10031,41082880
10032,41086976
10033,41091072
10034,41095168
10035,41099264
10036,41103360
10037,41107456
10038,41111552
10039,41115648
10040,41119744
10041,41123840
10042,41127936
10043,41132032
10044,41136128
10045,41140224
10046,41144320
10047,41148416
10048,41152512
10049,41156608
10050,41160704
10051,41164800
10052,41168896
10053,41172992
10054,41177088
10055,41181184
10056,41185280
10057,41189376
10058,41193472
10059,41197568
10060,41201664
10061,41205760
10062,41209856
10063,41213952
10064,41218048
10065,41222144
10066,41226240
10067,41230336
10068,41234432
10069,41238528
10070,41242624
10071,41246720
10072,41250816
10073,41254912
10074,41259008
10075,41263104
10076,41267200
10077,41271296
10078,41275392
10079,41279488
10080,41283584
10081,41287680
10082,41291776
10083,41295872
10084,41299968
10085,41304064
10086,41308160
10087,41312256
10088,41316352
10089,41320448
10090,41324544
10091,41328640
10092,41332736
10093,41336832
10094,41340928
10095,41345024
10096,41349120
10097,41353216
10098,41357312
10099,41361408
10100,41365504
10101,41369600
10102,41373696
10103,41377792
10104,41381888
10105,41385984
10106,41390080
10107,41394176
10108,41398272
10109,41402368
10110,41406464
10111,41410560
10112,41414656
10113,41418752
10114,41422848
10115,41426944
10116,41431040
10117,41435136
10118,41439232
10119,41443328
10120,41447424
10121,41451520
10122,41455616
10123,41459712
10124,41463808
10125,41467904
10126,41472000
10127,41476096
10128,41480192
10129,41484288
10130,41488384
10131,41492480
10132,41496576
10133,41500672
10134,41504768
10135,41508864
10136,41512960
10137,41517056
10138,41521152
10139,41525248
10140,41529344
10141,41533440
10142,41537536
10143,41541632
10144,41545728
10145,41549824
10146,41553920
10147,41558016
10148,41562112
10149,41566208
10150,41570304
10151,41574400
10152,41578496
10153,41582592
10154,41586688
10155,41590784
10156,41594880
10157,41598976
10158,41603072
10159,41607168
10160,41611264
10161,41615360
10162,41619456
10163,41623552
10164,41627648
10165,41631744
10166,41635840
10167,41639936
10168,41644032
10169,41648128
10170,41652224
10171,41656320
10172,41660416
10173,41664512
10174,41668608
10175,41672704
10176,41676800
10177,41680896
10178,41684992
10179,41689088
10180,41693184
10181,41697280
10182,41701376
10183,41705472
10184,41709568
10185,41713664
10186,41717760
10187,41721856
10188,41725952
10189,41730048
10190,41734144
10191,41738240
10192,41742336
10193,41746432
10194,41750528
10195,41754624
10196,41758720
10197,41762816
10198,41766912
10199,41771008
10200,41775104
10201,41779200
10202,41783296
10203,41787392
10204,41791488
10205,41795584
10206,41799680
10207,41803776
10208,41807872
10209,41811968
10210,41816064
10211,41820160
10212,41824256
10213,41828352
10214,41832448
10215,41836544
10216,41840640
10217,41844736
10218,41848832
10219,41852928
10220,41857024
10221,41861120
10222,41865216
10223,41869312
10224,41873408
10225,41877504
10226,41881600
10227,41885696
10228,41889792
10229,41893888
10230,41897984
10231,41902080
10232,41906176
10233,41910272
10234,41914368
10235,41918464
10236,41922560
10237,41926656
10238,41930752
10239,41934848
10240,41938944
10241,41943040
10242,41947136
10243,41951232
10244,41955328
10245,41959424
10246,41963520
10247,41967616
10248,41971712
10249,41975808
10250,41979904
10251,41984000
10252,41988096
10253,41992192
10254,41996288
10255,42000384
10256,42004480
10257,42008576
10258,42012672
10259,42016768
10260,42020864
10261,42024960
10262,42029056
10263,42033152
10264,42037248
10265,42041344
10266,42045440
10267,42049536
10268,42053632
10269,42057728
10270,42061824
10271,42065920
10272,42070016
10273,42074112
10274,42078208
10275,42082304
10276,42086400
10277,42090496
10278,42094592
10279,42098688
10280,42102784
10281,42106880
10282,42110976
10283,42115072
10284,42119168
10285,42123264
10286,42127360
10287,42131456
10288,42135552
10289,42139648
10290,42143744
10291,42147840
10292,42151936
10293,42156032
10294,42160128
10295,42164224
10296,42168320
10297,42172416
10298,42176512
10299,42180608
10300,42184704
10301,42188800
10302,42192896
10303,42196992
10304,42201088
10305,42205184
10306,42209280
10307,42213376
10308,42217472
10309,42221568
10310,42225664
10311,42229760
10312,42233856
10313,42237952
10314,42242048
10315,42246144
10316,42250240
10317,42254336
10318,42258432
10319,42262528
10320,42266624
10321,42270720
10322,42274816
10323,42278912
10324,42283008
10325,42287104
10326,42291200
10327,42295296
10328,42299392
10329,42303488
10330,42307584
10331,42311680
10332,42315776
10333,42319872
10334,42323968
10335,42328064
10336,42332160
10337,42336256
10338,42340352
10339,42344448
10340,42348544
10341,42352640
10342,42356736
10343,42360832
10344,42364928
10345,42369024
10346,42373120
10347,42377216
10348,42381312
10349,42385408
10350,42389504
10351,42393600
10352,42397696
10353,42401792
10354,42405888
10355,42409984
10356,42414080
10357,42418176
10358,42422272
10359,42426368
10360,42430464
10361,42434560
10362,42438656
10363,42442752
10364,42446848
10365,42450944
10366,42455040
10367,42459136
10368,42463232
10369,42467328
10370,42471424
10371,42475520
10372,42479616
10373,42483712
10374,42487808
10375,42491904
10376,42496000
10377,42500096
10378,42504192
10379,42508288
10380,42512384
10381,42516480
10382,42520576
10383,42524672
10384,42528768
10385,42532864
10386,42536960
10387,42541056
10388,42545152
10389,42549248
10390,42553344
10391,42557440
10392,42561536
10393,42565632
10394,42569728
10395,42573824
10396,42577920
10397,42582016
10398,42586112
10399,42590208
10400,42594304
10401,42598400
10402,42602496
10403,42606592
10404,42610688
10405,42614784
10406,42618880
10407,42622976
10408,42627072
10409,42631168
10410,42635264
10411,42639360
10412,42643456
10413,42647552
10414,42651648
10415,42655744
10416,42659840
10417,42663936
10418,42668032
10419,42672128
10420,42676224
10421,42680320
10422,42684416
10423,42688512
10424,42692608
10425,42696704
10426,42700800
10427,42704896
10428,42708992
10429,42713088
10430,42717184
10431,42721280
10432,42725376
10433,42729472
10434,42733568
10435,42737664
10436,42741760
10437,42745856
10438,42749952
10439,42754048
10440,42758144
10441,42762240
10442,42766336
10443,42770432
10444,42774528
10445,42778624
10446,42782720
10447,42786816
10448,42790912
10449,42795008
10450,42799104
10451,42803200
10452,42807296
10453,42811392
10454,42815488
10455,42819584
10456,42823680
10457,42827776
10458,42831872
10459,42835968
10460,42840064
10461,42844160
10462,42848256
10463,42852352
10464,42856448
10465,42860544
10466,42864640
10467,42868736
10468,42872832
10469,42876928
10470,42881024
10471,42885120
10472,42889216
10473,42893312
10474,42897408
10475,42901504
10476,42905600
10477,42909696
10478,42913792
10479,42917888
10480,42921984
10481,42926080
10482,42930176
10483,42934272
10484,42938368
10485,42942464
10486,42946560
10487,42950656
10488,42954752
10489,42958848
10490,42962944
10491,42967040
10492,42971136
10493,42975232
10494,42979328
10495,42983424
10496,42987520
10497,42991616
10498,42995712
10499,42999808
10500,43003904
10501,43008000
10502,43012096
10503,43016192
10504,43020288
10505,43024384
10506,43028480
10507,43032576
10508,43036672
10509,43040768
10510,43044864
10511,43048960
10512,43053056
10513,43057152
10514,43061248
10515,43065344
10516,43069440
10517,43073536
10518,43077632
10519,43081728
10520,43085824
10521,43089920
10522,43094016
10523,43098112
10524,43102208
10525,43106304
10526,43110400
10527,43114496
10528,43118592
10529,43122688
10530,43126784
10531,43130880
10532,43134976
10533,43139072
10534,43143168
10535,43147264
10536,43151360
10537,43155456
10538,43159552
10539,43163648
10540,43167744
10541,43171840
10542,43175936
10543,43180032
10544,43184128
10545,43188224
10546,43192320
10547,43196416
10548,43200512
10549,43204608
10550,43208704
10551,43212800
10552,43216896
10553,43220992
10554,43225088
10555,43229184
10556,43233280
10557,43237376
10558,43241472
10559,43245568
10560,43249664
10561,43253760
10562,43257856
10563,43261952
10564,43266048
10565,43270144
10566,43274240
10567,43278336
10568,43282432
10569,43286528
10570,43290624
10571,43294720
10572,43298816
10573,43302912
10574,43307008
10575,43311104
10576,43315200
10577,43319296
10578,43323392
10579,43327488
10580,43331584
10581,43335680
10582,43339776
10583,43343872
10584,43347968
10585,43352064
10586,43356160
10587,43360256
10588,43364352
10589,43368448
10590,43372544
10591,43376640
10592,43380736
10593,43384832
10594,43388928
10595,43393024
10596,43397120
10597,43401216
10598,43405312
10599,43409408
10600,43413504
10601,43417600
10602,43421696
10603,43425792
10604,43429888
10605,43433984
10606,43438080
10607,43442176
10608,43446272
10609,43450368
10610,43454464
10611,43458560
10612,43462656
10613,43466752
10614,43470848
10615,43474944
10616,43479040
10617,43483136
10618,43487232
10619,43491328
10620,43495424
10621,43499520
10622,43503616
10623,43507712
10624,43511808
10625,43515904
10626,43520000
10627,43524096
10628,43528192
10629,43532288
10630,43536384
10631,43540480
10632,43544576
10633,43548672
10634,43552768
10635,43556864
10636,43560960
10637,43565056
10638,43569152
10639,43573248
10640,43577344
10641,43581440
10642,43585536
10643,43589632
10644,43593728
10645,43597824
10646,43601920
10647,43606016
10648,43610112
10649,43614208
10650,43618304
10651,43622400
10652,43626496
10653,43630592
10654,43634688
10655,43638784
10656,43642880
10657,43646976
10658,43651072
10659,43655168
10660,43659264
10661,43663360
10662,43667456
10663,43671552
10664,43675648
10665,43679744
10666,43683840
10667,43687936
10668,43692032
10669,43696128
10670,43700224
10671,43704320
10672,43708416
10673,43712512
10674,43716608
10675,43720704
10676,43724800
10677,43728896
10678,43732992
10679,43737088
10680,43741184
10681,43745280
10682,43749376
10683,43753472
10684,43757568
10685,43761664
10686,43765760
10687,43769856
10688,43773952
10689,43778048
10690,43782144
10691,43786240
10692,43790336
10693,43794432
10694,43798528
10695,43802624
10696,43806720
10697,43810816
10698,43814912
10699,43819008
10700,43823104
10701,43827200
10702,43831296
10703,43835392
10704,43839488
10705,43843584
10706,43847680
10707,43851776
10708,43855872
10709,43859968
10710,43864064
10711,43868160
10712,43872256
10713,43876352
10714,43880448
10715,43884544
10716,43888640
10717,43892736
10718,43896832
10719,43900928
10720,43905024
10721,43909120
10722,43913216
10723,43917312
10724,43921408
10725,43925504
10726,43929600
10727,43933696
10728,43937792
10729,43941888
10730,43945984
10731,43950080
10732,43954176
10733,43958272
10734,43962368
10735,43966464
10736,43970560
10737,43974656
10738,43978752
10739,43982848
10740,43986944
10741,43991040
10742,43995136
10743,43999232
10744,44003328
10745,44007424
10746,44011520
10747,44015616
10748,44019712
10749,44023808
10750,44027904
10751,44032000
10752,44036096
10753,44040192
10754,44044288
10755,44048384
10756,44052480
10757,44056576
10758,44060672
10759,44064768
10760,44068864
10761,44072960
10762,44077056
10763,44081152
10764,44085248
10765,44089344
10766,44093440
10767,44097536
10768,44101632
10769,44105728
10770,44109824
10771,44113920
10772,44118016
10773,44122112
10774,44126208
10775,44130304
10776,44134400
10777,44138496
10778,44142592
10779,44146688
10780,44150784
10781,44154880
10782,44158976
10783,44163072
10784,44167168
10785,44171264
10786,44175360
10787,44179456
10788,44183552
10789,44187648
10790,44191744
10791,44195840
10792,44199936
10793,44204032
10794,44208128
10795,44212224
10796,44216320
10797,44220416
10798,44224512
10799,44228608
10800,44232704
10801,44236800
10802,44240896
10803,44244992
10804,44249088
10805,44253184
10806,44257280
10807,44261376
10808,44265472
10809,44269568
10810,44273664
10811,44277760
10812,44281856
10813,44285952
10814,44290048
10815,44294144
10816,44298240
10817,44302336
10818,44306432
10819,44310528
10820,44314624
10821,44318720
10822,44322816
10823,44326912
10824,44331008
10825,44335104
10826,44339200
10827,44343296
10828,44347392
10829,44351488
10830,44355584
10831,44359680
10832,44363776
10833,44367872
10834,44371968
10835,44376064
10836,44380160
10837,44384256
10838,44388352
10839,44392448
10840,44396544
10841,44400640
10842,44404736
10843,44408832
10844,44412928
10845,44417024
10846,44421120
10847,44425216
10848,44429312
10849,44433408
10850,44437504
10851,44441600
10852,44445696
10853,44449792
10854,44453888
10855,44457984
10856,44462080
10857,44466176
10858,44470272
10859,44474368
10860,44478464
10861,44482560
10862,44486656
10863,44490752
10864,44494848
10865,44498944
10866,44503040
10867,44507136
10868,44511232
10869,44515328
10870,44519424
10871,44523520
10872,44527616
10873,44531712
10874,44535808
10875,44539904
10876,44544000
10877,44548096
10878,44552192
10879,44556288
10880,44560384
10881,44564480
10882,44568576
10883,44572672
10884,44576768
10885,44580864
10886,44584960
10887,44589056
10888,44593152
10889,44597248
10890,44601344
10891,44605440
10892,44609536
10893,44613632
10894,44617728
10895,44621824
10896,44625920
10897,44630016
10898,44634112
10899,44638208
10900,44642304
10901,44646400
10902,44650496
10903,44654592
10904,44658688
10905,44662784
10906,44666880
10907,44670976
10908,44675072
10909,44679168
10910,44683264
10911,44687360
10912,44691456
10913,44695552
10914,44699648
10915,44703744
10916,44707840
10917,44711936
10918,44716032
10919,44720128
10920,44724224
10921,44728320
10922,44732416
10923,44736512
10924,44740608
10925,44744704
10926,44748800
10927,44752896
10928,44756992
10929,44761088
10930,44765184
10931,44769280
10932,44773376
10933,44777472
10934,44781568
10935,44785664
10936,44789760
10937,44793856
10938,44797952
10939,44802048
10940,44806144
10941,44810240
10942,44814336
10943,44818432
10944,44822528
10945,44826624
10946,44830720
10947,44834816
10948,44838912
10949,44843008
10950,44847104
10951,44851200
10952,44855296
10953,44859392
10954,44863488
10955,44867584
10956,44871680
10957,44875776
10958,44879872
10959,44883968
10960,44888064
10961,44892160
10962,44896256
10963,44900352
10964,44904448
10965,44908544
10966,44912640
10967,44916736
10968,44920832
10969,44924928
10970,44929024
10971,44933120
10972,44937216
10973,44941312
10974,44945408
10975,44949504
10976,44953600
10977,44957696
10978,44961792
10979,44965888
10980,44969984
10981,44974080
10982,44978176
10983,44982272
10984,44986368
10985,44990464
10986,44994560
10987,44998656
10988,45002752
10989,45006848
10990,45010944
10991,45015040
10992,45019136
10993,45023232
10994,45027328
10995,45031424
10996,45035520
10997,45039616
10998,45043712
10999,45047808
11000,45051904
11001,45056000
11002,45060096
11003,45064192
11004,45068288
11005,45072384
11006,45076480
11007,45080576
11008,45084672
11009,45088768
11010,45092864
11011,45096960
11012,45101056
11013,45105152
11014,45109248
11015,45113344
11016,45117440
11017,45121536
11018,45125632
11019,45129728
11020,45133824
11021,45137920
11022,45142016
11023,45146112
11024,45150208
11025,45154304
11026,45158400
11027,45162496
11028,45166592
11029,45170688
11030,45174784
11031,45178880
11032,45182976
11033,45187072
11034,45191168
11035,45195264
11036,45199360
11037,45203456
11038,45207552
11039,45211648
11040,45215744
11041,45219840
11042,45223936
11043,45228032
11044,45232128
11045,45236224
11046,45240320
11047,45244416
11048,45248512
11049,45252608
11050,45256704
11051,45260800
11052,45264896
11053,45268992
11054,45273088
11055,45277184
11056,45281280
11057,45285376
11058,45289472
11059,45293568
11060,45297664
11061,45301760
11062,45305856
11063,45309952
11064,45314048
11065,45318144
11066,45322240
11067,45326336
11068,45330432
11069,45334528
11070,45338624
11071,45342720
11072,45346816
11073,45350912
11074,45355008
11075,45359104
11076,45363200
11077,45367296
11078,45371392
11079,45375488
11080,45379584
11081,45383680
11082,45387776
11083,45391872
11084,45395968
11085,45400064
11086,45404160
11087,45408256
11088,45412352
11089,45416448
11090,45420544
11091,45424640
11092,45428736
11093,45432832
11094,45436928
11095,45441024
11096,45445120
11097,45449216
11098,45453312
11099,45457408
11100,45461504
11101,45465600
11102,45469696
11103,45473792
11104,45477888
11105,45481984
11106,45486080
11107,45490176
11108,45494272
11109,45498368
11110,45502464
11111,45506560
11112,45510656
11113,45514752
11114,45518848
11115,45522944
11116,45527040
11117,45531136
11118,45535232
11119,45539328
11120,45543424
11121,45547520
11122,45551616
11123,45555712
11124,45559808
11125,45563904
11126,45568000
11127,45572096
11128,45576192
11129,45580288
11130,45584384
11131,45588480
11132,45592576
11133,45596672
11134,45600768
11135,45604864
11136,45608960
11137,45613056
11138,45617152
11139,45621248
11140,45625344
11141,45629440
11142,45633536
11143,45637632
11144,45641728
11145,45645824
11146,45649920
11147,45654016
11148,45658112
11149,45662208
11150,45666304
11151,45670400
11152,45674496
11153,45678592
11154,45682688
11155,45686784
11156,45690880
11157,45694976
11158,45699072
11159,45703168
11160,45707264
11161,45711360
11162,45715456
11163,45719552
11164,45723648
11165,45727744
11166,45731840
11167,45735936
11168,45740032
11169,45744128
11170,45748224
11171,45752320
11172,45756416
11173,45760512
11174,45764608
11175,45768704
11176,45772800
11177,45776896
11178,45780992
11179,45785088
11180,45789184
11181,45793280
11182,45797376
11183,45801472
11184,45805568
11185,45809664
11186,45813760
11187,45817856
11188,45821952
11189,45826048
11190,45830144
11191,45834240
11192,45838336
11193,45842432
11194,45846528
11195,45850624
11196,45854720
11197,45858816
11198,45862912
11199,45867008
11200,45871104
11201,45875200
11202,45879296
11203,45883392
11204,45887488
11205,45891584
11206,45895680
11207,45899776
11208,45903872
11209,45907968
11210,45912064
11211,45916160
11212,45920256
11213,45924352
11214,45928448
11215,45932544
11216,45936640
11217,45940736
11218,45944832
11219,45948928
11220,45953024
11221,45957120
11222,45961216
11223,45965312
11224,45969408
11225,45973504
11226,45977600
11227,45981696
11228,45985792
11229,45989888
11230,45993984
11231,45998080
11232,46002176
11233,46006272
11234,46010368
11235,46014464
11236,46018560
11237,46022656
11238,46026752
11239,46030848
11240,46034944
11241,46039040
11242,46043136
11243,46047232
11244,46051328
11245,46055424
11246,46059520
11247,46063616
11248,46067712
11249,46071808
11250,46075904
11251,46080000
11252,46084096
11253,46088192
11254,46092288
11255,46096384
11256,46100480
11257,46104576
11258,46108672
11259,46112768
11260,46116864
11261,46120960
11262,46125056
11263,46129152
11264,46133248
11265,46137344
11266,46141440
11267,46145536
11268,46149632
11269,46153728
11270,46157824
11271,46161920
11272,46166016
11273,46170112
11274,46174208
11275,46178304
11276,46182400
11277,46186496
11278,46190592
11279,46194688
11280,46198784
11281,46202880
11282,46206976
11283,46211072
11284,46215168
11285,46219264
11286,46223360
11287,46227456
11288,46231552
11289,46235648
11290,46239744
11291,46243840
11292,46247936
11293,46252032
11294,46256128
11295,46260224
11296,46264320
11297,46268416
11298,46272512
11299,46276608
11300,46280704
11301,46284800
11302,46288896
11303,46292992
11304,46297088
11305,46301184
11306,46305280
11307,46309376
11308,46313472
11309,46317568
11310,46321664
11311,46325760
11312,46329856
11313,46333952
11314,46338048
11315,46342144
11316,46346240
11317,46350336
11318,46354432
11319,46358528
11320,46362624
11321,46366720
11322,46370816
11323,46374912
11324,46379008
11325,46383104
11326,46387200
11327,46391296
11328,46395392
11329,46399488
11330,46403584
11331,46407680
11332,46411776
11333,46415872
11334,46419968
11335,46424064
11336,46428160
11337,46432256
11338,46436352
11339,46440448
11340,46444544
11341,46448640
11342,46452736
11343,46456832
11344,46460928
11345,46465024
11346,46469120
11347,46473216
11348,46477312
11349,46481408
11350,46485504
11351,46489600
11352,46493696
11353,46497792
11354,46501888
11355,46505984
11356,46510080
11357,46514176
11358,46518272
11359,46522368
11360,46526464
11361,46530560
11362,46534656
11363,46538752
11364,46542848
11365,46546944
11366,46551040
11367,46555136
11368,46559232
11369,46563328
11370,46567424
11371,46571520
11372,46575616
11373,46579712
11374,46583808
11375,46587904
11376,46592000
11377,46596096
11378,46600192
11379,46604288
11380,46608384
11381,46612480
11382,46616576
11383,46620672
11384,46624768
11385,46628864
11386,46632960
11387,46637056
11388,46641152
11389,46645248
11390,46649344
11391,46653440
11392,46657536
11393,46661632
11394,46665728
11395,46669824
11396,46673920
11397,46678016
11398,46682112
11399,46686208
11400,46690304
11401,46694400
11402,46698496
11403,46702592
11404,46706688
11405,46710784
11406,46714880
11407,46718976
11408,46723072
11409,46727168
11410,46731264
11411,46735360
11412,46739456
11413,46743552
11414,46747648
11415,46751744
11416,46755840
11417,46759936
11418,46764032
11419,46768128
11420,46772224
11421,46776320
11422,46780416
11423,46784512
11424,46788608
11425,46792704
11426,46796800
11427,46800896
11428,46804992
11429,46809088
11430,46813184
11431,46817280
11432,46821376
11433,46825472
11434,46829568
11435,46833664
11436,46837760
11437,46841856
11438,46845952
11439,46850048
11440,46854144
11441,46858240
11442,46862336
11443,46866432
11444,46870528
11445,46874624
11446,46878720
11447,46882816
11448,46886912
11449,46891008
11450,46895104
11451,46899200
11452,46903296
11453,46907392
11454,46911488
11455,46915584
11456,46919680
11457,46923776
11458,46927872
11459,46931968
11460,46936064
11461,46940160
11462,46944256
11463,46948352
11464,46952448
11465,46956544
11466,46960640
11467,46964736
11468,46968832
11469,46972928
11470,46977024
11471,46981120
11472,46985216
11473,46989312
11474,46993408
11475,46997504
11476,47001600
11477,47005696
11478,47009792
11479,47013888
11480,47017984
11481,47022080
11482,47026176
11483,47030272
11484,47034368
11485,47038464
11486,47042560
11487,47046656
11488,47050752
11489,47054848
11490,47058944
11491,47063040
11492,47067136
11493,47071232
11494,47075328
11495,47079424
11496,47083520
11497,47087616
11498,47091712
11499,47095808
11500,47099904
11501,47104000
11502,47108096
11503,47112192
11504,47116288
11505,47120384
11506,47124480
11507,47128576
11508,47132672
11509,47136768
11510,47140864
11511,47144960
11512,47149056
11513,47153152
11514,47157248
11515,47161344
11516,47165440
11517,47169536
11518,47173632
11519,47177728
11520,47181824
11521,47185920
11522,47190016
11523,47194112
11524,47198208
11525,47202304
11526,47206400
11527,47210496
11528,47214592
11529,47218688
11530,47222784
11531,47226880
11532,47230976
11533,47235072
11534,47239168
11535,47243264
11536,47247360
11537,47251456
11538,47255552
11539,47259648
11540,47263744
11541,47267840
11542,47271936
11543,47276032
11544,47280128
11545,47284224
11546,47288320
11547,47292416
11548,47296512
11549,47300608
11550,47304704
11551,47308800
11552,47312896
11553,47316992
11554,47321088
11555,47325184
11556,47329280
11557,47333376
11558,47337472
11559,47341568
11560,47345664
11561,47349760
11562,47353856
11563,47357952
11564,47362048
11565,47366144
11566,47370240
11567,47374336
11568,47378432
11569,47382528
11570,47386624
11571,47390720
11572,47394816
11573,47398912
11574,47403008
11575,47407104
11576,47411200
11577,47415296
11578,47419392
11579,47423488
11580,47427584
11581,47431680
11582,47435776
11583,47439872
11584,47443968
11585,47448064
11586,47452160
11587,47456256
11588,47460352
11589,47464448
11590,47468544
11591,47472640
11592,47476736
11593,47480832
11594,47484928
11595,47489024
11596,47493120
11597,47497216
11598,47501312
11599,47505408
11600,47509504
11601,47513600
11602,47517696
11603,47521792
11604,47525888
11605,47529984
11606,47534080
11607,47538176
11608,47542272
11609,47546368
11610,47550464
11611,47554560
11612,47558656
11613,47562752
11614,47566848
11615,47570944
11616,47575040
11617,47579136
11618,47583232
11619,47587328
11620,47591424
11621,47595520
11622,47599616
11623,47603712
11624,47607808
11625,47611904
11626,47616000
11627,47620096
11628,47624192
11629,47628288
11630,47632384
11631,47636480
11632,47640576
11633,47644672
11634,47648768
11635,47652864
11636,47656960
11637,47661056
11638,47665152
11639,47669248
11640,47673344
11641,47677440
11642,47681536
11643,47685632
11644,47689728
11645,47693824
11646,47697920
11647,47702016
11648,47706112
11649,47710208
11650,47714304
11651,47718400
11652,47722496
11653,47726592
11654,47730688
11655,47734784
11656,47738880
11657,47742976
11658,47747072
11659,47751168
11660,47755264
11661,47759360
11662,47763456
11663,47767552
11664,47771648
11665,47775744
11666,47779840
11667,47783936
11668,47788032
11669,47792128
11670,47796224
11671,47800320
11672,47804416
11673,47808512
11674,47812608
11675,47816704
11676,47820800
11677,47824896
11678,47828992
11679,47833088
11680,47837184
11681,47841280
11682,47845376
11683,47849472
11684,47853568
11685,47857664
11686,47861760
11687,47865856
11688,47869952
11689,47874048
11690,47878144
11691,47882240
11692,47886336
11693,47890432
11694,47894528
11695,47898624
11696,47902720
11697,47906816
11698,47910912
11699,47915008
11700,47919104
11701,47923200
11702,47927296
11703,47931392
11704,47935488
11705,47939584
11706,47943680
11707,47947776
11708,47951872
11709,47955968
11710,47960064
11711,47964160
11712,47968256
11713,47972352
11714,47976448
11715,47980544
11716,47984640
11717,47988736
11718,47992832
11719,47996928
11720,48001024
11721,48005120
11722,48009216
11723,48013312
11724,48017408
11725,48021504
11726,48025600
11727,48029696
11728,48033792
11729,48037888
11730,48041984
11731,48046080
11732,48050176
11733,48054272
11734,48058368
11735,48062464
11736,48066560
11737,48070656
11738,48074752
11739,48078848
11740,48082944
11741,48087040
11742,48091136
11743,48095232
11744,48099328
11745,48103424
11746,48107520
11747,48111616
11748,48115712
11749,48119808
11750,48123904
11751,48128000
11752,48132096
11753,48136192
11754,48140288
11755,48144384
11756,48148480
11757,48152576
11758,48156672
11759,48160768
11760,48164864
11761,48168960
11762,48173056
11763,48177152
11764,48181248
11765,48185344
11766,48189440
11767,48193536
11768,48197632
11769,48201728
11770,48205824
11771,48209920
11772,48214016
11773,48218112
11774,48222208
11775,48226304
11776,48230400
11777,48234496
11778,48238592
11779,48242688
11780,48246784
11781,48250880
11782,48254976
11783,48259072
11784,48263168
11785,48267264
11786,48271360
11787,48275456
11788,48279552
11789,48283648
11790,48287744
11791,48291840
11792,48295936
11793,48300032
11794,48304128
11795,48308224
11796,48312320
11797,48316416
11798,48320512
11799,48324608
11800,48328704
11801,48332800
11802,48336896
11803,48340992
11804,48345088
11805,48349184
11806,48353280
11807,48357376
11808,48361472
11809,48365568
11810,48369664
11811,48373760
11812,48377856
11813,48381952
11814,48386048
11815,48390144
11816,48394240
11817,48398336
11818,48402432
11819,48406528
11820,48410624
11821,48414720
11822,48418816
11823,48422912
11824,48427008
11825,48431104
11826,48435200
11827,48439296
11828,48443392
11829,48447488
11830,48451584
11831,48455680
11832,48459776
11833,48463872
11834,48467968
11835,48472064
11836,48476160
11837,48480256
11838,48484352
11839,48488448
11840,48492544
11841,48496640
11842,48500736
11843,48504832
11844,48508928
11845,48513024
11846,48517120
11847,48521216
11848,48525312
11849,48529408
11850,48533504
11851,48537600
11852,48541696
11853,48545792
11854,48549888
11855,48553984
11856,48558080
11857,48562176
11858,48566272
11859,48570368
11860,48574464
11861,48578560
11862,48582656
11863,48586752
11864,48590848
11865,48594944
11866,48599040
11867,48603136
11868,48607232
11869,48611328
11870,48615424
11871,48619520
11872,48623616
11873,48627712
11874,48631808
11875,48635904
11876,48640000
11877,48644096
11878,48648192
11879,48652288
11880,48656384
11881,48660480
11882,48664576
11883,48668672
11884,48672768
11885,48676864
11886,48680960
11887,48685056
11888,48689152
11889,48693248
11890,48697344
11891,48701440
11892,48705536
11893,48709632
11894,48713728
11895,48717824
11896,48721920
11897,48726016
11898,48730112
11899,48734208
11900,48738304
11901,48742400
11902,48746496
11903,48750592
11904,48754688
11905,48758784
11906,48762880
11907,48766976
11908,48771072
11909,48775168
11910,48779264
11911,48783360
11912,48787456
11913,48791552
11914,48795648
11915,48799744
11916,48803840
11917,48807936
11918,48812032
11919,48816128
11920,48820224
11921,48824320
11922,48828416
11923,48832512
11924,48836608
11925,48840704
11926,48844800
11927,48848896
11928,48852992
11929,48857088
11930,48861184
11931,48865280
11932,48869376
11933,48873472
11934,48877568
11935,48881664
11936,48885760
11937,48889856
11938,48893952
11939,48898048
11940,48902144
11941,48906240
11942,48910336
11943,48914432
11944,48918528
11945,48922624
11946,48926720
11947,48930816
11948,48934912
11949,48939008
11950,48943104
11951,48947200
11952,48951296
11953,48955392
11954,48959488
11955,48963584
11956,48967680
11957,48971776
11958,48975872
11959,48979968
11960,48984064
11961,48988160
11962,48992256
11963,48996352
11964,49000448
11965,49004544
11966,49008640
11967,49012736
11968,49016832
11969,49020928
11970,49025024
11971,49029120
11972,49033216
11973,49037312
11974,49041408
11975,49045504
11976,49049600
11977,49053696
11978,49057792
11979,49061888
11980,49065984
11981,49070080
11982,49074176
11983,49078272
11984,49082368
11985,49086464
11986,49090560
11987,49094656
11988,49098752
11989,49102848
11990,49106944
11991,49111040
11992,49115136
11993,49119232
11994,49123328
11995,49127424
11996,49131520
11997,49135616
11998,49139712
11999,49143808
12000,49147904
12001,49152000
12002,49156096
12003,49160192
12004,49164288
12005,49168384
12006,49172480
12007,49176576
12008,49180672
12009,49184768
12010,49188864
12011,49192960
12012,49197056
12013,49201152
12014,49205248
12015,49209344
12016,49213440
12017,49217536
12018,49221632
12019,49225728
12020,49229824
12021,49233920
12022,49238016
12023,49242112
12024,49246208
12025,49250304
12026,49254400
12027,49258496
12028,49262592
12029,49266688
12030,49270784
12031,49274880
12032,49278976
12033,49283072
12034,49287168
12035,49291264
12036,49295360
12037,49299456
12038,49303552
12039,49307648
12040,49311744
12041,49315840
12042,49319936
12043,49324032
12044,49328128
12045,49332224
12046,49336320
12047,49340416
12048,49344512
12049,49348608
12050,49352704
12051,49356800
12052,49360896
12053,49364992
12054,49369088
12055,49373184
12056,49377280
12057,49381376
12058,49385472
12059,49389568
12060,49393664
12061,49397760
12062,49401856
12063,49405952
12064,49410048
12065,49414144
12066,49418240
12067,49422336
12068,49426432
12069,49430528
12070,49434624
12071,49438720
12072,49442816
12073,49446912
12074,49451008
12075,49455104
12076,49459200
12077,49463296
12078,49467392
12079,49471488
12080,49475584
12081,49479680
12082,49483776
12083,49487872
12084,49491968
12085,49496064
12086,49500160
12087,49504256
12088,49508352
12089,49512448
12090,49516544
12091,49520640
12092,49524736
12093,49528832
12094,49532928
12095,49537024
12096,49541120
12097,49545216
12098,49549312
12099,49553408
12100,49557504
12101,49561600
12102,49565696
12103,49569792
12104,49573888
12105,49577984
12106,49582080
12107,49586176
12108,49590272
12109,49594368
12110,49598464
12111,49602560
12112,49606656
12113,49610752
12114,49614848
12115,49618944
12116,49623040
12117,49627136
12118,49631232
12119,49635328
12120,49639424
12121,49643520
12122,49647616
12123,49651712
12124,49655808
12125,49659904
12126,49664000
12127,49668096
12128,49672192
12129,49676288
12130,49680384
12131,49684480
12132,49688576
12133,49692672
12134,49696768
12135,49700864
12136,49704960
12137,49709056
12138,49713152
12139,49717248
12140,49721344
12141,49725440
12142,49729536
12143,49733632
12144,49737728
12145,49741824
12146,49745920
12147,49750016
12148,49754112
12149,49758208
12150,49762304
12151,49766400
12152,49770496
12153,49774592
12154,49778688
12155,49782784
12156,49786880
12157,49790976
12158,49795072
12159,49799168
12160,49803264
12161,49807360
12162,49811456
12163,49815552
12164,49819648
12165,49823744
12166,49827840
12167,49831936
12168,49836032
12169,49840128
12170,49844224
12171,49848320
12172,49852416
12173,49856512
12174,49860608
12175,49864704
12176,49868800
12177,49872896
12178,49876992
12179,49881088
12180,49885184
12181,49889280
12182,49893376
12183,49897472
12184,49901568
12185,49905664
12186,49909760
12187,49913856
12188,49917952
12189,49922048
12190,49926144
12191,49930240
12192,49934336
12193,49938432
12194,49942528
12195,49946624
12196,49950720
12197,49954816
12198,49958912
12199,49963008
12200,49967104
12201,49971200
12202,49975296
12203,49979392
12204,49983488
12205,49987584
12206,49991680
12207,49995776
12208,49999872
12209,50003968
12210,50008064
12211,50012160
12212,50016256
12213,50020352
12214,50024448
12215,50028544
12216,50032640
12217,50036736
12218,50040832
12219,50044928
12220,50049024
12221,50053120
12222,50057216
12223,50061312
12224,50065408
12225,50069504
12226,50073600
12227,50077696
12228,50081792
12229,50085888
12230,50089984
12231,50094080
12232,50098176
12233,50102272
12234,50106368
12235,50110464
12236,50114560
12237,50118656
12238,50122752
12239,50126848
12240,50130944
12241,50135040
12242,50139136
12243,50143232
12244,50147328
12245,50151424
12246,50155520
12247,50159616
12248,50163712
12249,50167808
12250,50171904
12251,50176000
12252,50180096
12253,50184192
12254,50188288
12255,50192384
12256,50196480
12257,50200576
12258,50204672
12259,50208768
12260,50212864
12261,50216960
12262,50221056
12263,50225152
12264,50229248
12265,50233344
12266,50237440
12267,50241536
12268,50245632
12269,50249728
12270,50253824
12271,50257920
12272,50262016
12273,50266112
12274,50270208
12275,50274304
12276,50278400
12277,50282496
12278,50286592
12279,50290688
12280,50294784
12281,50298880
12282,50302976
12283,50307072
12284,50311168
12285,50315264
12286,50319360
12287,50323456
12288,50327552
12289,50331648
12290,50335744
12291,50339840
12292,50343936
12293,50348032
12294,50352128
12295,50356224
12296,50360320
12297,50364416
12298,50368512
12299,50372608
12300,50376704
12301,50380800
12302,50384896
12303,50388992
12304,50393088
12305,50397184
12306,50401280
12307,50405376
12308,50409472
12309,50413568
12310,50417664
12311,50421760
12312,50425856
12313,50429952
12314,50434048
12315,50438144
12316,50442240
12317,50446336
12318,50450432
12319,50454528
12320,50458624
12321,50462720
12322,50466816
12323,50470912
12324,50475008
12325,50479104
12326,50483200
12327,50487296
12328,50491392
12329,50495488
12330,50499584
12331,50503680
12332,50507776
12333,50511872
12334,50515968
12335,50520064
12336,50524160
12337,50528256
12338,50532352
12339,50536448
12340,50540544
12341,50544640
12342,50548736
12343,50552832
12344,50556928
12345,50561024
12346,50565120
12347,50569216
12348,50573312
12349,50577408
12350,50581504
12351,50585600
12352,50589696
12353,50593792
12354,50597888
12355,50601984
12356,50606080
12357,50610176
12358,50614272
12359,50618368
12360,50622464
12361,50626560
12362,50630656
12363,50634752
12364,50638848
12365,50642944
12366,50647040
12367,50651136
12368,50655232
12369,50659328
12370,50663424
12371,50667520
12372,50671616
12373,50675712
12374,50679808
12375,50683904
12376,50688000
12377,50692096
12378,50696192
12379,50700288
12380,50704384
12381,50708480
12382,50712576
12383,50716672
12384,50720768
12385,50724864
12386,50728960
12387,50733056
12388,50737152
12389,50741248
12390,50745344
12391,50749440
12392,50753536
12393,50757632
12394,50761728
12395,50765824
12396,50769920
12397,50774016
12398,50778112
12399,50782208
12400,50786304
12401,50790400
12402,50794496
12403,50798592
12404,50802688
12405,50806784
12406,50810880
12407,50814976
12408,50819072
12409,50823168
12410,50827264
12411,50831360
12412,50835456
12413,50839552
12414,50843648
12415,50847744
12416,50851840
12417,50855936
12418,50860032
12419,50864128
12420,50868224
12421,50872320
12422,50876416
12423,50880512
12424,50884608
12425,50888704
12426,50892800
12427,50896896
12428,50900992
12429,50905088
12430,50909184
12431,50913280
12432,50917376
12433,50921472
12434,50925568
12435,50929664
12436,50933760
12437,50937856
12438,50941952
12439,50946048
12440,50950144
12441,50954240
12442,50958336
12443,50962432
12444,50966528
12445,50970624
12446,50974720
12447,50978816
12448,50982912
12449,50987008
12450,50991104
12451,50995200
12452,50999296
12453,51003392
12454,51007488
12455,51011584
12456,51015680
12457,51019776
12458,51023872
12459,51027968
12460,51032064
12461,51036160
12462,51040256
12463,51044352
12464,51048448
12465,51052544
12466,51056640
12467,51060736
12468,51064832
12469,51068928
12470,51073024
12471,51077120
12472,51081216
12473,51085312
12474,51089408
12475,51093504
12476,51097600
12477,51101696
12478,51105792
12479,51109888
12480,51113984
12481,51118080
12482,51122176
12483,51126272
12484,51130368
12485,51134464
12486,51138560
12487,51142656
12488,51146752
12489,51150848
12490,51154944
12491,51159040
12492,51163136
12493,51167232
12494,51171328
12495,51175424
12496,51179520
12497,51183616
12498,51187712
12499,51191808
12500,51195904
12501,51200000
12502,51204096
12503,51208192
12504,51212288
12505,51216384
12506,51220480
12507,51224576
12508,51228672
12509,51232768
12510,51236864
12511,51240960
12512,51245056
12513,51249152
12514,51253248
12515,51257344
12516,51261440
12517,51265536
12518,51269632
12519,51273728
12520,51277824
12521,51281920
12522,51286016
12523,51290112
12524,51294208
12525,51298304
12526,51302400
12527,51306496
12528,51310592
12529,51314688
12530,51318784
12531,51322880
12532,51326976
12533,51331072
12534,51335168
12535,51339264
12536,51343360
12537,51347456
12538,51351552
12539,51355648
12540,51359744
12541,51363840
12542,51367936
12543,51372032
12544,51376128
12545,51380224
12546,51384320
12547,51388416
12548,51392512
12549,51396608
12550,51400704
12551,51404800
12552,51408896
12553,51412992
12554,51417088
12555,51421184
12556,51425280
12557,51429376
12558,51433472
12559,51437568
12560,51441664
12561,51445760
12562,51449856
12563,51453952
12564,51458048
12565,51462144
12566,51466240
12567,51470336
12568,51474432
12569,51478528
12570,51482624
12571,51486720
12572,51490816
12573,51494912
12574,51499008
12575,51503104
12576,51507200
12577,51511296
12578,51515392
12579,51519488
12580,51523584
12581,51527680
12582,51531776
12583,51535872
12584,51539968
12585,51544064
12586,51548160
12587,51552256
12588,51556352
12589,51560448
12590,51564544
12591,51568640
12592,51572736
12593,51576832
12594,51580928
12595,51585024
12596,51589120
12597,51593216
12598,51597312
12599,51601408
12600,51605504
12601,51609600
12602,51613696
12603,51617792
12604,51621888
12605,51625984
12606,51630080
12607,51634176
12608,51638272
12609,51642368
12610,51646464
12611,51650560
12612,51654656
12613,51658752
12614,51662848
12615,51666944
12616,51671040
12617,51675136
12618,51679232
12619,51683328
12620,51687424
12621,51691520
12622,51695616
12623,51699712
12624,51703808
12625,51707904
12626,51712000
12627,51716096
12628,51720192
12629,51724288
12630,51728384
12631,51732480
12632,51736576
12633,51740672
12634,51744768
12635,51748864
12636,51752960
12637,51757056
12638,51761152
12639,51765248
12640,51769344
12641,51773440
12642,51777536
12643,51781632
12644,51785728
12645,51789824
12646,51793920
12647,51798016
12648,51802112
12649,51806208
12650,51810304
12651,51814400
12652,51818496
12653,51822592
12654,51826688
12655,51830784
12656,51834880
12657,51838976
12658,51843072
12659,51847168
12660,51851264
12661,51855360
12662,51859456
12663,51863552
12664,51867648
12665,51871744
12666,51875840
12667,51879936
12668,51884032
12669,51888128
12670,51892224
12671,51896320
12672,51900416
12673,51904512
12674,51908608
12675,51912704
12676,51916800
12677,51920896
12678,51924992
12679,51929088
12680,51933184
12681,51937280
12682,51941376
12683,51945472
12684,51949568
12685,51953664
12686,51957760
12687,51961856
12688,51965952
12689,51970048
12690,51974144
12691,51978240
12692,51982336
12693,51986432
12694,51990528
12695,51994624
12696,51998720
12697,52002816
12698,52006912
12699,52011008
12700,52015104
12701,52019200
12702,52023296
12703,52027392
12704,52031488
12705,52035584
12706,52039680
12707,52043776
12708,52047872
12709,52051968
12710,52056064
12711,52060160
12712,52064256
12713,52068352
12714,52072448
12715,52076544
12716,52080640
12717,52084736
12718,52088832
12719,52092928
12720,52097024
12721,52101120
12722,52105216
12723,52109312
12724,52113408
12725,52117504
12726,52121600
12727,52125696
12728,52129792
12729,52133888
12730,52137984
12731,52142080
12732,52146176
12733,52150272
12734,52154368
12735,52158464
12736,52162560
12737,52166656
12738,52170752
12739,52174848
12740,52178944
12741,52183040
12742,52187136
12743,52191232
12744,52195328
12745,52199424
12746,52203520
12747,52207616
12748,52211712
12749,52215808
12750,52219904
12751,52224000
12752,52228096
12753,52232192
12754,52236288
12755,52240384
12756,52244480
12757,52248576
12758,52252672
12759,52256768
12760,52260864
12761,52264960
12762,52269056
12763,52273152
12764,52277248
12765,52281344
12766,52285440
12767,52289536
12768,52293632
12769,52297728
12770,52301824
12771,52305920
12772,52310016
12773,52314112
12774,52318208
12775,52322304
12776,52326400
12777,52330496
12778,52334592
12779,52338688
12780,52342784
12781,52346880
12782,52350976
12783,52355072
12784,52359168
12785,52363264
12786,52367360
12787,52371456
12788,52375552
12789,52379648
12790,52383744
12791,52387840
12792,52391936
12793,52396032
12794,52400128
12795,52404224
12796,52408320
12797,52412416
12798,52416512
12799,52420608
12800,52424704
12801,52428800
12802,52432896
12803,52436992
12804,52441088
12805,52445184
12806,52449280
12807,52453376
12808,52457472
12809,52461568
12810,52465664
12811,52469760
12812,52473856
12813,52477952
12814,52482048
12815,52486144
12816,52490240
12817,52494336
12818,52498432
12819,52502528
12820,52506624
12821,52510720
12822,52514816
12823,52518912
12824,52523008
12825,52527104
12826,52531200
12827,52535296
12828,52539392
12829,52543488
12830,52547584
12831,52551680
12832,52555776
12833,52559872
12834,52563968
12835,52568064
12836,52572160
12837,52576256
12838,52580352
12839,52584448
12840,52588544
12841,52592640
12842,52596736
12843,52600832
12844,52604928
12845,52609024
12846,52613120
12847,52617216
12848,52621312
12849,52625408
12850,52629504
12851,52633600
12852,52637696
12853,52641792
12854,52645888
12855,52649984
12856,52654080
12857,52658176
12858,52662272
12859,52666368
12860,52670464
12861,52674560
12862,52678656
12863,52682752
12864,52686848
12865,52690944
12866,52695040
12867,52699136
12868,52703232
12869,52707328
12870,52711424
12871,52715520
12872,52719616
12873,52723712
12874,52727808
12875,52731904
12876,52736000
12877,52740096
12878,52744192
12879,52748288
12880,52752384
12881,52756480
12882,52760576
12883,52764672
12884,52768768
12885,52772864
12886,52776960
12887,52781056
12888,52785152
12889,52789248
12890,52793344
12891,52797440
12892,52801536
12893,52805632
12894,52809728
12895,52813824
12896,52817920
12897,52822016
12898,52826112
12899,52830208
12900,52834304
12901,52838400
12902,52842496
12903,52846592
12904,52850688
12905,52854784
12906,52858880
12907,52862976
12908,52867072
12909,52871168
12910,52875264
12911,52879360
12912,52883456
12913,52887552
12914,52891648
12915,52895744
12916,52899840
12917,52903936
12918,52908032
12919,52912128
12920,52916224
12921,52920320
12922,52924416
12923,52928512
12924,52932608
12925,52936704
12926,52940800
12927,52944896
12928,52948992
12929,52953088
12930,52957184
12931,52961280
12932,52965376
12933,52969472
12934,52973568
12935,52977664
12936,52981760
12937,52985856
12938,52989952
12939,52994048
12940,52998144
12941,53002240
12942,53006336
12943,53010432
12944,53014528
12945,53018624
12946,53022720
12947,53026816
12948,53030912
12949,53035008
12950,53039104
12951,53043200
12952,53047296
12953,53051392
12954,53055488
12955,53059584
12956,53063680
12957,53067776
12958,53071872
12959,53075968
12960,53080064
12961,53084160
12962,53088256
12963,53092352
12964,53096448
12965,53100544
12966,53104640
12967,53108736
12968,53112832
12969,53116928
12970,53121024
12971,53125120
12972,53129216
12973,53133312
12974,53137408
12975,53141504
12976,53145600
12977,53149696
12978,53153792
12979,53157888
12980,53161984
12981,53166080
12982,53170176
12983,53174272
12984,53178368
12985,53182464
12986,53186560
12987,53190656
12988,53194752
12989,53198848
12990,53202944
12991,53207040
12992,53211136
12993,53215232
12994,53219328
12995,53223424
12996,53227520
12997,53231616
12998,53235712
12999,53239808
13000,53243904
13001,53248000
13002,53252096
13003,53256192
13004,53260288
13005,53264384
13006,53268480
13007,53272576
13008,53276672
13009,53280768
13010,53284864
13011,53288960
13012,53293056
13013,53297152
13014,53301248
13015,53305344
13016,53309440
13017,53313536
13018,53317632
13019,53321728
13020,53325824
13021,53329920
13022,53334016
13023,53338112
13024,53342208
13025,53346304
13026,53350400
13027,53354496
13028,53358592
13029,53362688
13030,53366784
13031,53370880
13032,53374976
13033,53379072
13034,53383168
13035,53387264
13036,53391360
13037,53395456
13038,53399552
13039,53403648
13040,53407744
13041,53411840
13042,53415936
13043,53420032
13044,53424128
13045,53428224
13046,53432320
13047,53436416
13048,53440512
13049,53444608
13050,53448704
13051,53452800
13052,53456896
13053,53460992
13054,53465088
13055,53469184
13056,53473280
13057,53477376
13058,53481472
13059,53485568
13060,53489664
13061,53493760
13062,53497856
13063,53501952
13064,53506048
13065,53510144
13066,53514240
13067,53518336
13068,53522432
13069,53526528
13070,53530624
13071,53534720
13072,53538816
13073,53542912
13074,53547008
13075,53551104
13076,53555200
13077,53559296
13078,53563392
13079,53567488
13080,53571584
13081,53575680
13082,53579776
13083,53583872
13084,53587968
13085,53592064
13086,53596160
13087,53600256
13088,53604352
13089,53608448
13090,53612544
13091,53616640
13092,53620736
13093,53624832
13094,53628928
13095,53633024
13096,53637120
13097,53641216
13098,53645312
13099,53649408
13100,53653504
13101,53657600
13102,53661696
13103,53665792
13104,53669888
13105,53673984
13106,53678080
13107,53682176
13108,53686272
13109,53690368
13110,53694464
13111,53698560
13112,53702656
13113,53706752
13114,53710848
13115,53714944
13116,53719040
13117,53723136
13118,53727232
13119,53731328
13120,53735424
13121,53739520
13122,53743616
13123,53747712
13124,53751808
13125,53755904
13126,53760000
13127,53764096
13128,53768192
13129,53772288
13130,53776384
13131,53780480
13132,53784576
13133,53788672
13134,53792768
13135,53796864
13136,53800960
13137,53805056
13138,53809152
13139,53813248
13140,53817344
13141,53821440
13142,53825536
13143,53829632
13144,53833728
13145,53837824
13146,53841920
13147,53846016
13148,53850112
13149,53854208
13150,53858304
13151,53862400
13152,53866496
13153,53870592
13154,53874688
13155,53878784
13156,53882880
13157,53886976
13158,53891072
13159,53895168
13160,53899264
13161,53903360
13162,53907456
13163,53911552
13164,53915648
13165,53919744
13166,53923840
13167,53927936
13168,53932032
13169,53936128
13170,53940224
13171,53944320
13172,53948416
13173,53952512
13174,53956608
13175,53960704
13176,53964800
13177,53968896
13178,53972992
13179,53977088
13180,53981184
13181,53985280
13182,53989376
13183,53993472
13184,53997568
13185,54001664
13186,54005760
13187,54009856
13188,54013952
13189,54018048
13190,54022144
13191,54026240
13192,54030336
13193,54034432
13194,54038528
13195,54042624
13196,54046720
13197,54050816
13198,54054912
13199,54059008
13200,54063104
13201,54067200
13202,54071296
13203,54075392
13204,54079488
13205,54083584
13206,54087680
13207,54091776
13208,54095872
13209,54099968
13210,54104064
13211,54108160
13212,54112256
13213,54116352
13214,54120448
13215,54124544
13216,54128640
13217,54132736
13218,54136832
13219,54140928
13220,54145024
13221,54149120
13222,54153216
13223,54157312
13224,54161408
13225,54165504
13226,54169600
13227,54173696
13228,54177792
13229,54181888
13230,54185984
13231,54190080
13232,54194176
13233,54198272
13234,54202368
13235,54206464
13236,54210560
13237,54214656
13238,54218752
13239,54222848
13240,54226944
13241,54231040
13242,54235136
13243,54239232
13244,54243328
13245,54247424
13246,54251520
13247,54255616
13248,54259712
13249,54263808
13250,54267904
13251,54272000
13252,54276096
13253,54280192
13254,54284288
13255,54288384
13256,54292480
13257,54296576
13258,54300672
13259,54304768
13260,54308864
13261,54312960
13262,54317056
13263,54321152
13264,54325248
13265,54329344
13266,54333440
13267,54337536
13268,54341632
13269,54345728
13270,54349824
13271,54353920
13272,54358016
13273,54362112
13274,54366208
13275,54370304
13276,54374400
13277,54378496
13278,54382592
13279,54386688
13280,54390784
13281,54394880
13282,54398976
13283,54403072
13284,54407168
13285,54411264
13286,54415360
13287,54419456
13288,54423552
13289,54427648
13290,54431744
13291,54435840
13292,54439936
13293,54444032
13294,54448128
13295,54452224
13296,54456320
13297,54460416
13298,54464512
13299,54468608
13300,54472704
13301,54476800
13302,54480896
13303,54484992
13304,54489088
13305,54493184
13306,54497280
13307,54501376
13308,54505472
13309,54509568
13310,54513664
13311,54517760
13312,54521856
13313,54525952
13314,54530048
13315,54534144
13316,54538240
13317,54542336
13318,54546432
13319,54550528
13320,54554624
13321,54558720
13322,54562816
13323,54566912
13324,54571008
13325,54575104
13326,54579200
13327,54583296
13328,54587392
13329,54591488
13330,54595584
13331,54599680
13332,54603776
13333,54607872
13334,54611968
13335,54616064
13336,54620160
13337,54624256
13338,54628352
13339,54632448
13340,54636544
13341,54640640
13342,54644736
13343,54648832
13344,54652928
13345,54657024
13346,54661120
13347,54665216
13348,54669312
13349,54673408
13350,54677504
13351,54681600
13352,54685696
13353,54689792
13354,54693888
13355,54697984
13356,54702080
13357,54706176
13358,54710272
13359,54714368
13360,54718464
13361,54722560
13362,54726656
13363,54730752
13364,54734848
13365,54738944
13366,54743040
13367,54747136
13368,54751232
13369,54755328
13370,54759424
13371,54763520
13372,54767616
13373,54771712
13374,54775808
13375,54779904
13376,54784000
13377,54788096
13378,54792192
13379,54796288
13380,54800384
13381,54804480
13382,54808576
13383,54812672
13384,54816768
13385,54820864
13386,54824960
13387,54829056
13388,54833152
13389,54837248
13390,54841344
13391,54845440
13392,54849536
13393,54853632
13394,54857728
13395,54861824
13396,54865920
13397,54870016
13398,54874112
13399,54878208
13400,54882304
13401,54886400
13402,54890496
13403,54894592
13404,54898688
13405,54902784
13406,54906880
13407,54910976
13408,54915072
13409,54919168
13410,54923264
13411,54927360
13412,54931456
13413,54935552
13414,54939648
13415,54943744
13416,54947840
13417,54951936
13418,54956032
13419,54960128
13420,54964224
13421,54968320
13422,54972416
13423,54976512
13424,54980608
13425,54984704
13426,54988800
13427,54992896
13428,54996992
13429,55001088
13430,55005184
13431,55009280
13432,55013376
13433,55017472
13434,55021568
13435,55025664
13436,55029760
13437,55033856
13438,55037952
13439,55042048
13440,55046144
13441,55050240
13442,55054336
13443,55058432
13444,55062528
13445,55066624
13446,55070720
13447,55074816
13448,55078912
13449,55083008
13450,55087104
13451,55091200
13452,55095296
13453,55099392
13454,55103488
13455,55107584
13456,55111680
13457,55115776
13458,55119872
13459,55123968
13460,55128064
13461,55132160
13462,55136256
13463,55140352
13464,55144448
13465,55148544
13466,55152640
13467,55156736
13468,55160832
13469,55164928
13470,55169024
13471,55173120
13472,55177216
13473,55181312
13474,55185408
13475,55189504
13476,55193600
13477,55197696
13478,55201792
13479,55205888
13480,55209984
13481,55214080
13482,55218176
13483,55222272
13484,55226368
13485,55230464
13486,55234560
13487,55238656
13488,55242752
13489,55246848
13490,55250944
13491,55255040
13492,55259136
13493,55263232
13494,55267328
13495,55271424
13496,55275520
13497,55279616
13498,55283712
13499,55287808
13500,55291904
13501,55296000
13502,55300096
13503,55304192
13504,55308288
13505,55312384
13506,55316480
13507,55320576
13508,55324672
13509,55328768
13510,55332864
13511,55336960
13512,55341056
13513,55345152
13514,55349248
13515,55353344
13516,55357440
13517,55361536
13518,55365632
13519,55369728
13520,55373824
13521,55377920
13522,55382016
13523,55386112
13524,55390208
13525,55394304
13526,55398400
13527,55402496
13528,55406592
13529,55410688
13530,55414784
13531,55418880
13532,55422976
13533,55427072
13534,55431168
13535,55435264
13536,55439360
13537,55443456
13538,55447552
13539,55451648
13540,55455744
13541,55459840
13542,55463936
13543,55468032
13544,55472128
13545,55476224
13546,55480320
13547,55484416
13548,55488512
13549,55492608
13550,55496704
13551,55500800
13552,55504896
13553,55508992
13554,55513088
13555,55517184
13556,55521280
13557,55525376
13558,55529472
13559,55533568
13560,55537664
13561,55541760
13562,55545856
13563,55549952
13564,55554048
13565,55558144
13566,55562240
13567,55566336
13568,55570432
13569,55574528
13570,55578624
13571,55582720
13572,55586816
13573,55590912
13574,55595008
13575,55599104
13576,55603200
13577,55607296
13578,55611392
13579,55615488
13580,55619584
13581,55623680
13582,55627776
13583,55631872
13584,55635968
13585,55640064
13586,55644160
13587,55648256
13588,55652352
13589,55656448
13590,55660544
13591,55664640
13592,55668736
13593,55672832
13594,55676928
13595,55681024
13596,55685120
13597,55689216
13598,55693312
13599,55697408
13600,55701504
13601,55705600
13602,55709696
13603,55713792
13604,55717888
13605,55721984
13606,55726080
13607,55730176
13608,55734272
13609,55738368
13610,55742464
13611,55746560
13612,55750656
13613,55754752
13614,55758848
13615,55762944
13616,55767040
13617,55771136
13618,55775232
13619,55779328
13620,55783424
13621,55787520
13622,55791616
13623,55795712
13624,55799808
13625,55803904
13626,55808000
13627,55812096
13628,55816192
13629,55820288
13630,55824384
13631,55828480
13632,55832576
13633,55836672
13634,55840768
13635,55844864
13636,55848960
13637,55853056
13638,55857152
13639,55861248
13640,55865344
13641,55869440
13642,55873536
13643,55877632
13644,55881728
13645,55885824
13646,55889920
13647,55894016
13648,55898112
13649,55902208
13650,55906304
13651,55910400
13652,55914496
13653,55918592
13654,55922688
13655,55926784
13656,55930880
13657,55934976
13658,55939072
13659,55943168
13660,55947264
13661,55951360
13662,55955456
13663,55959552
13664,55963648
13665,55967744
13666,55971840
13667,55975936
13668,55980032
13669,55984128
13670,55988224
13671,55992320
13672,55996416
13673,56000512
13674,56004608
13675,56008704
13676,56012800
13677,56016896
13678,56020992
13679,56025088
13680,56029184
13681,56033280
13682,56037376
13683,56041472
13684,56045568
13685,56049664
13686,56053760
13687,56057856
13688,56061952
13689,56066048
13690,56070144
13691,56074240
13692,56078336
13693,56082432
13694,56086528
13695,56090624
13696,56094720
13697,56098816
13698,56102912
13699,56107008
13700,56111104
13701,56115200
13702,56119296
13703,56123392
13704,56127488
13705,56131584
13706,56135680
13707,56139776
13708,56143872
13709,56147968
13710,56152064
13711,56156160
13712,56160256
13713,56164352
13714,56168448
13715,56172544
13716,56176640
13717,56180736
13718,56184832
13719,56188928
13720,56193024
13721,56197120
13722,56201216
13723,56205312
13724,56209408
13725,56213504
13726,56217600
13727,56221696
13728,56225792
13729,56229888
13730,56233984
13731,56238080
13732,56242176
13733,56246272
13734,56250368
13735,56254464
13736,56258560
13737,56262656
13738,56266752
13739,56270848
13740,56274944
13741,56279040
13742,56283136
13743,56287232
13744,56291328
13745,56295424
13746,56299520
13747,56303616
13748,56307712
13749,56311808
13750,56315904
13751,56320000
13752,56324096
13753,56328192
13754,56332288
13755,56336384
13756,56340480
13757,56344576
13758,56348672
13759,56352768
13760,56356864
13761,56360960
13762,56365056
13763,56369152
13764,56373248
13765,56377344
13766,56381440
13767,56385536
13768,56389632
13769,56393728
13770,56397824
13771,56401920
13772,56406016
13773,56410112
13774,56414208
13775,56418304
13776,56422400
13777,56426496
13778,56430592
13779,56434688
13780,56438784
13781,56442880
13782,56446976
13783,56451072
13784,56455168
13785,56459264
13786,56463360
13787,56467456
13788,56471552
13789,56475648
13790,56479744
13791,56483840
13792,56487936
13793,56492032
13794,56496128
13795,56500224
13796,56504320
13797,56508416
13798,56512512
13799,56516608
13800,56520704
13801,56524800
13802,56528896
13803,56532992
13804,56537088
13805,56541184
13806,56545280
13807,56549376
13808,56553472
13809,56557568
13810,56561664
13811,56565760
13812,56569856
13813,56573952
13814,56578048
13815,56582144
13816,56586240
13817,56590336
13818,56594432
13819,56598528
13820,56602624
13821,56606720
13822,56610816
13823,56614912
13824,56619008
13825,56623104
13826,56627200
13827,56631296
13828,56635392
13829,56639488
13830,56643584
13831,56647680
13832,56651776
13833,56655872
13834,56659968
13835,56664064
13836,56668160
13837,56672256
13838,56676352
13839,56680448
13840,56684544
13841,56688640
13842,56692736
13843,56696832
13844,56700928
13845,56705024
13846,56709120
13847,56713216
13848,56717312
13849,56721408
13850,56725504
13851,56729600
13852,56733696
13853,56737792
13854,56741888
13855,56745984
13856,56750080
13857,56754176
13858,56758272
13859,56762368
13860,56766464
13861,56770560
13862,56774656
13863,56778752
13864,56782848
13865,56786944
13866,56791040
13867,56795136
13868,56799232
13869,56803328
13870,56807424
13871,56811520
13872,56815616
13873,56819712
13874,56823808
13875,56827904
13876,56832000
13877,56836096
13878,56840192
13879,56844288
13880,56848384
13881,56852480
13882,56856576
13883,56860672
13884,56864768
13885,56868864
13886,56872960
13887,56877056
13888,56881152
13889,56885248
13890,56889344
13891,56893440
13892,56897536
13893,56901632
13894,56905728
13895,56909824
13896,56913920
13897,56918016
13898,56922112
13899,56926208
13900,56930304
13901,56934400
13902,56938496
13903,56942592
13904,56946688
13905,56950784
13906,56954880
13907,56958976
13908,56963072
13909,56967168
13910,56971264
13911,56975360
13912,56979456
13913,56983552
13914,56987648
13915,56991744
13916,56995840
13917,56999936
13918,57004032
13919,57008128
13920,57012224
13921,57016320
13922,57020416
13923,57024512
13924,57028608
13925,57032704
13926,57036800
13927,57040896
13928,57044992
13929,57049088
13930,57053184
13931,57057280
13932,57061376
13933,57065472
13934,57069568
13935,57073664
13936,57077760
13937,57081856
13938,57085952
13939,57090048
13940,57094144
13941,57098240
13942,57102336
13943,57106432
13944,57110528
13945,57114624
13946,57118720
13947,57122816
13948,57126912
13949,57131008
13950,57135104
13951,57139200
13952,57143296
13953,57147392
13954,57151488
13955,57155584
13956,57159680
13957,57163776
13958,57167872
13959,57171968
13960,57176064
13961,57180160
13962,57184256
13963,57188352
13964,57192448
13965,57196544
13966,57200640
13967,57204736
13968,57208832
13969,57212928
13970,57217024
13971,57221120
13972,57225216
13973,57229312
13974,57233408
13975,57237504
13976,57241600
13977,57245696
13978,57249792
13979,57253888
13980,57257984
13981,57262080
13982,57266176
13983,57270272
13984,57274368
13985,57278464
13986,57282560
13987,57286656
13988,57290752
13989,57294848
13990,57298944
13991,57303040
13992,57307136
13993,57311232
13994,57315328
13995,57319424
13996,57323520
13997,57327616
13998,57331712
13999,57335808
14000,57339904
14001,57344000
14002,57348096
14003,57352192
14004,57356288
14005,57360384
14006,57364480
14007,57368576
14008,57372672
14009,57376768
14010,57380864
14011,57384960
14012,57389056
14013,57393152
14014,57397248
14015,57401344
14016,57405440
14017,57409536
14018,57413632
14019,57417728
14020,57421824
14021,57425920
14022,57430016
14023,57434112
14024,57438208
14025,57442304
14026,57446400
14027,57450496
14028,57454592
14029,57458688
14030,57462784
14031,57466880
14032,57470976
14033,57475072
14034,57479168
14035,57483264
14036,57487360
14037,57491456
14038,57495552
14039,57499648
14040,57503744
14041,57507840
14042,57511936
14043,57516032
14044,57520128
14045,57524224
14046,57528320
14047,57532416
14048,57536512
14049,57540608
14050,57544704
14051,57548800
14052,57552896
14053,57556992
14054,57561088
14055,57565184
14056,57569280
14057,57573376
14058,57577472
14059,57581568
14060,57585664
14061,57589760
14062,57593856
14063,57597952
14064,57602048
14065,57606144
14066,57610240
14067,57614336
14068,57618432
14069,57622528
14070,57626624
14071,57630720
14072,57634816
14073,57638912
14074,57643008
14075,57647104
14076,57651200
14077,57655296
14078,57659392
14079,57663488
14080,57667584
14081,57671680
14082,57675776
14083,57679872
14084,57683968
14085,57688064
14086,57692160
14087,57696256
14088,57700352
14089,57704448
14090,57708544
14091,57712640
14092,57716736
14093,57720832
14094,57724928
14095,57729024
14096,57733120
14097,57737216
14098,57741312
14099,57745408
14100,57749504
14101,57753600
14102,57757696
14103,57761792
14104,57765888
14105,57769984
14106,57774080
14107,57778176
14108,57782272
14109,57786368
14110,57790464
14111,57794560
14112,57798656
14113,57802752
14114,57806848
14115,57810944
14116,57815040
14117,57819136
14118,57823232
14119,57827328
14120,57831424
14121,57835520
14122,57839616
14123,57843712
14124,57847808
14125,57851904
14126,57856000
14127,57860096
14128,57864192
14129,57868288
14130,57872384
14131,57876480
14132,57880576
14133,57884672
14134,57888768
14135,57892864
14136,57896960
14137,57901056
14138,57905152
14139,57909248
14140,57913344
14141,57917440
14142,57921536
14143,57925632
14144,57929728
14145,57933824
14146,57937920
14147,57942016
14148,57946112
14149,57950208
14150,57954304
14151,57958400
14152,57962496
14153,57966592
14154,57970688
14155,57974784
14156,57978880
14157,57982976
14158,57987072
14159,57991168
14160,57995264
14161,57999360
14162,58003456
14163,58007552
14164,58011648
14165,58015744
14166,58019840
14167,58023936
14168,58028032
14169,58032128
14170,58036224
14171,58040320
14172,58044416
14173,58048512
14174,58052608
14175,58056704
14176,58060800
14177,58064896
14178,58068992
14179,58073088
14180,58077184
14181,58081280
14182,58085376
14183,58089472
14184,58093568
14185,58097664
14186,58101760
14187,58105856
14188,58109952
14189,58114048
14190,58118144
14191,58122240
14192,58126336
14193,58130432
14194,58134528
14195,58138624
14196,58142720
14197,58146816
14198,58150912
14199,58155008
14200,58159104
14201,58163200
14202,58167296
14203,58171392
14204,58175488
14205,58179584
14206,58183680
14207,58187776
14208,58191872
14209,58195968
14210,58200064
14211,58204160
14212,58208256
14213,58212352
14214,58216448
14215,58220544
14216,58224640
14217,58228736
14218,58232832
14219,58236928
14220,58241024
14221,58245120
14222,58249216
14223,58253312
14224,58257408
14225,58261504
14226,58265600
14227,58269696
14228,58273792
14229,58277888
14230,58281984
14231,58286080
14232,58290176
14233,58294272
14234,58298368
14235,58302464
14236,58306560
14237,58310656
14238,58314752
14239,58318848
14240,58322944
14241,58327040
14242,58331136
14243,58335232
14244,58339328
14245,58343424
14246,58347520
14247,58351616
14248,58355712
14249,58359808
14250,58363904
14251,58368000
14252,58372096
14253,58376192
14254,58380288
14255,58384384
14256,58388480
14257,58392576
14258,58396672
14259,58400768
14260,58404864
14261,58408960
14262,58413056
14263,58417152
14264,58421248
14265,58425344
14266,58429440
14267,58433536
14268,58437632
14269,58441728
14270,58445824
14271,58449920
14272,58454016
14273,58458112
14274,58462208
14275,58466304
14276,58470400
14277,58474496
14278,58478592
14279,58482688
14280,58486784
14281,58490880
14282,58494976
14283,58499072
14284,58503168
14285,58507264
14286,58511360
14287,58515456
14288,58519552
14289,58523648
14290,58527744
14291,58531840
14292,58535936
14293,58540032
14294,58544128
14295,58548224
14296,58552320
14297,58556416
14298,58560512
14299,58564608
14300,58568704
14301,58572800
14302,58576896
14303,58580992
14304,58585088
14305,58589184
14306,58593280
14307,58597376
14308,58601472
14309,58605568
14310,58609664
14311,58613760
14312,58617856
14313,58621952
14314,58626048
14315,58630144
14316,58634240
14317,58638336
14318,58642432
14319,58646528
14320,58650624
14321,58654720
14322,58658816
14323,58662912
14324,58667008
14325,58671104
14326,58675200
14327,58679296
14328,58683392
14329,58687488
14330,58691584
14331,58695680
14332,58699776
14333,58703872
14334,58707968
14335,58712064
14336,58716160
14337,58720256
14338,58724352
14339,58728448
14340,58732544
14341,58736640
14342,58740736
14343,58744832
14344,58748928
14345,58753024
14346,58757120
14347,58761216
14348,58765312
14349,58769408
14350,58773504
14351,58777600
14352,58781696
14353,58785792
14354,58789888
14355,58793984
14356,58798080
14357,58802176
14358,58806272
14359,58810368
14360,58814464
14361,58818560
14362,58822656
14363,58826752
14364,58830848
14365,58834944
14366,58839040
14367,58843136
14368,58847232
14369,58851328
14370,58855424
14371,58859520
14372,58863616
14373,58867712
14374,58871808
14375,58875904
14376,58880000
14377,58884096
14378,58888192
14379,58892288
14380,58896384
14381,58900480
14382,58904576
14383,58908672
14384,58912768
14385,58916864
14386,58920960
14387,58925056
14388,58929152
14389,58933248
14390,58937344
14391,58941440
14392,58945536
14393,58949632
14394,58953728
14395,58957824
14396,58961920
14397,58966016
14398,58970112
14399,58974208
14400,58978304
14401,58982400
14402,58986496
14403,58990592
14404,58994688
14405,58998784
14406,59002880
14407,59006976
14408,59011072
14409,59015168
14410,59019264
14411,59023360
14412,59027456
14413,59031552
14414,59035648
14415,59039744
14416,59043840
14417,59047936
14418,59052032
14419,59056128
14420,59060224
14421,59064320
14422,59068416
14423,59072512
14424,59076608
14425,59080704
14426,59084800
14427,59088896
14428,59092992
14429,59097088
14430,59101184
14431,59105280
14432,59109376
14433,59113472
14434,59117568
14435,59121664
14436,59125760
14437,59129856
14438,59133952
14439,59138048
14440,59142144
14441,59146240
14442,59150336
14443,59154432
14444,59158528
14445,59162624
14446,59166720
14447,59170816
14448,59174912
14449,59179008
14450,59183104
14451,59187200
14452,59191296
14453,59195392
14454,59199488
14455,59203584
14456,59207680
14457,59211776
14458,59215872
14459,59219968
14460,59224064
14461,59228160
14462,59232256
14463,59236352
14464,59240448
14465,59244544
14466,59248640
14467,59252736
14468,59256832
14469,59260928
14470,59265024
14471,59269120
14472,59273216
14473,59277312
14474,59281408
14475,59285504
14476,59289600
14477,59293696
14478,59297792
14479,59301888
14480,59305984
14481,59310080
14482,59314176
14483,59318272
14484,59322368
14485,59326464
14486,59330560
14487,59334656
14488,59338752
14489,59342848
14490,59346944
14491,59351040
14492,59355136
14493,59359232
14494,59363328
14495,59367424
14496,59371520
14497,59375616
14498,59379712
14499,59383808
14500,59387904
14501,59392000
14502,59396096
14503,59400192
14504,59404288
14505,59408384
14506,59412480
14507,59416576
14508,59420672
14509,59424768
14510,59428864
14511,59432960
14512,59437056
14513,59441152
14514,59445248
14515,59449344
14516,59453440
14517,59457536
14518,59461632
14519,59465728
14520,59469824
14521,59473920
14522,59478016
14523,59482112
14524,59486208
14525,59490304
14526,59494400
14527,59498496
14528,59502592
14529,59506688
14530,59510784
14531,59514880
14532,59518976
14533,59523072
14534,59527168
14535,59531264
14536,59535360
14537,59539456
14538,59543552
14539,59547648
14540,59551744
14541,59555840
14542,59559936
14543,59564032
14544,59568128
14545,59572224
14546,59576320
14547,59580416
14548,59584512
14549,59588608
14550,59592704
14551,59596800
14552,59600896
14553,59604992
14554,59609088
14555,59613184
14556,59617280
14557,59621376
14558,59625472
14559,59629568
14560,59633664
14561,59637760
14562,59641856
14563,59645952
14564,59650048
14565,59654144
14566,59658240
14567,59662336
14568,59666432
14569,59670528
14570,59674624
14571,59678720
14572,59682816
14573,59686912
14574,59691008
14575,59695104
14576,59699200
14577,59703296
14578,59707392
14579,59711488
14580,59715584
14581,59719680
14582,59723776
14583,59727872
14584,59731968
14585,59736064
14586,59740160
14587,59744256
14588,59748352
14589,59752448
14590,59756544
14591,59760640
14592,59764736
14593,59768832
14594,59772928
14595,59777024
14596,59781120
14597,59785216
14598,59789312
14599,59793408
14600,59797504
14601,59801600
14602,59805696
14603,59809792
14604,59813888
14605,59817984
14606,59822080
14607,59826176
14608,59830272
14609,59834368
14610,59838464
14611,59842560
14612,59846656
14613,59850752
14614,59854848
14615,59858944
14616,59863040
14617,59867136
14618,59871232
14619,59875328
14620,59879424
14621,59883520
14622,59887616
14623,59891712
14624,59895808
14625,59899904
14626,59904000
14627,59908096
14628,59912192
14629,59916288
14630,59920384
14631,59924480
14632,59928576
14633,59932672
14634,59936768
14635,59940864
14636,59944960
14637,59949056
14638,59953152
14639,59957248
14640,59961344
14641,59965440
14642,59969536
14643,59973632
14644,59977728
14645,59981824
14646,59985920
14647,59990016
14648,59994112
14649,59998208
14650,60002304
14651,60006400
14652,60010496
14653,60014592
14654,60018688
14655,60022784
14656,60026880
14657,60030976
14658,60035072
14659,60039168
14660,60043264
14661,60047360
14662,60051456
14663,60055552
14664,60059648
14665,60063744
14666,60067840
14667,60071936
14668,60076032
14669,60080128
14670,60084224
14671,60088320
14672,60092416
14673,60096512
14674,60100608
14675,60104704
14676,60108800
14677,60112896
14678,60116992
14679,60121088
14680,60125184
14681,60129280
14682,60133376
14683,60137472
14684,60141568
14685,60145664
14686,60149760
14687,60153856
14688,60157952
14689,60162048
14690,60166144
14691,60170240
14692,60174336
14693,60178432
14694,60182528
14695,60186624
14696,60190720
14697,60194816
14698,60198912
14699,60203008
14700,60207104
14701,60211200
14702,60215296
14703,60219392
14704,60223488
14705,60227584
14706,60231680
14707,60235776
14708,60239872
14709,60243968
14710,60248064
14711,60252160
14712,60256256
14713,60260352
14714,60264448
14715,60268544
14716,60272640
14717,60276736
14718,60280832
14719,60284928
14720,60289024
14721,60293120
14722,60297216
14723,60301312
14724,60305408
14725,60309504
14726,60313600
14727,60317696
14728,60321792
14729,60325888
14730,60329984
14731,60334080
14732,60338176
14733,60342272
14734,60346368
14735,60350464
14736,60354560
14737,60358656
14738,60362752
14739,60366848
14740,60370944
14741,60375040
14742,60379136
14743,60383232
14744,60387328
14745,60391424
14746,60395520
14747,60399616
14748,60403712
14749,60407808
14750,60411904
14751,60416000
14752,60420096
14753,60424192
14754,60428288
14755,60432384
14756,60436480
14757,60440576
14758,60444672
14759,60448768
14760,60452864
14761,60456960
14762,60461056
14763,60465152
14764,60469248
14765,60473344
14766,60477440
14767,60481536
14768,60485632
14769,60489728
14770,60493824
14771,60497920
14772,60502016
14773,60506112
14774,60510208
14775,60514304
14776,60518400
14777,60522496
14778,60526592
14779,60530688
14780,60534784
14781,60538880
14782,60542976
14783,60547072
14784,60551168
14785,60555264
14786,60559360
14787,60563456
14788,60567552
14789,60571648
14790,60575744
14791,60579840
14792,60583936
14793,60588032
14794,60592128
14795,60596224
14796,60600320
14797,60604416
14798,60608512
14799,60612608
14800,60616704
14801,60620800
14802,60624896
14803,60628992
14804,60633088
14805,60637184
14806,60641280
14807,60645376
14808,60649472
14809,60653568
14810,60657664
14811,60661760
14812,60665856
14813,60669952
14814,60674048
14815,60678144
14816,60682240
14817,60686336
14818,60690432
14819,60694528
14820,60698624
14821,60702720
14822,60706816
14823,60710912
14824,60715008
14825,60719104
14826,60723200
14827,60727296
14828,60731392
14829,60735488
14830,60739584
14831,60743680
14832,60747776
14833,60751872
14834,60755968
14835,60760064
14836,60764160
14837,60768256
14838,60772352
14839,60776448
14840,60780544
14841,60784640
14842,60788736
14843,60792832
14844,60796928
14845,60801024
14846,60805120
14847,60809216
14848,60813312
14849,60817408
14850,60821504
14851,60825600
14852,60829696
14853,60833792
14854,60837888
14855,60841984
14856,60846080
14857,60850176
14858,60854272
14859,60858368
14860,60862464
14861,60866560
14862,60870656
14863,60874752
14864,60878848
14865,60882944
14866,60887040
14867,60891136
14868,60895232
14869,60899328
14870,60903424
14871,60907520
14872,60911616
14873,60915712
14874,60919808
14875,60923904
14876,60928000
14877,60932096
14878,60936192
14879,60940288
14880,60944384
14881,60948480
14882,60952576
14883,60956672
14884,60960768
14885,60964864
14886,60968960
14887,60973056
14888,60977152
14889,60981248
14890,60985344
14891,60989440
14892,60993536
14893,60997632
14894,61001728
14895,61005824
14896,61009920
14897,61014016
14898,61018112
14899,61022208
14900,61026304
14901,61030400
14902,61034496
14903,61038592
14904,61042688
14905,61046784
14906,61050880
14907,61054976
14908,61059072
14909,61063168
14910,61067264
14911,61071360
14912,61075456
14913,61079552
14914,61083648
14915,61087744
14916,61091840
14917,61095936
14918,61100032
14919,61104128
14920,61108224
14921,61112320
14922,61116416
14923,61120512
14924,61124608
14925,61128704
14926,61132800
14927,61136896
14928,61140992
14929,61145088
14930,61149184
14931,61153280
14932,61157376
14933,61161472
14934,61165568
14935,61169664
14936,61173760
14937,61177856
14938,61181952
14939,61186048
14940,61190144
14941,61194240
14942,61198336
14943,61202432
14944,61206528
14945,61210624
14946,61214720
14947,61218816
14948,61222912
14949,61227008
14950,61231104
14951,61235200
14952,61239296
14953,61243392
14954,61247488
14955,61251584
14956,61255680
14957,61259776
14958,61263872
14959,61267968
14960,61272064
14961,61276160
14962,61280256
14963,61284352
14964,61288448
14965,61292544
14966,61296640
14967,61300736
14968,61304832
14969,61308928
14970,61313024
14971,61317120
14972,61321216
14973,61325312
14974,61329408
14975,61333504
14976,61337600
14977,61341696
14978,61345792
14979,61349888
14980,61353984
14981,61358080
14982,61362176
14983,61366272
14984,61370368
14985,61374464
14986,61378560
14987,61382656
14988,61386752
14989,61390848
14990,61394944
14991,61399040
14992,61403136
14993,61407232
14994,61411328
14995,61415424
14996,61419520
14997,61423616
14998,61427712
14999,61431808
15000,61435904
15001,61440000
15002,61444096
15003,61448192
15004,61452288
15005,61456384
15006,61460480
15007,61464576
15008,61468672
15009,61472768
15010,61476864
15011,61480960
15012,61485056
15013,61489152
15014,61493248
15015,61497344
15016,61501440
15017,61505536
15018,61509632
15019,61513728
15020,61517824
15021,61521920
15022,61526016
15023,61530112
15024,61534208
15025,61538304
15026,61542400
15027,61546496
15028,61550592
15029,61554688
15030,61558784
15031,61562880
15032,61566976
15033,61571072
15034,61575168
15035,61579264
15036,61583360
15037,61587456
15038,61591552
15039,61595648
15040,61599744
15041,61603840
15042,61607936
15043,61612032
15044,61616128
15045,61620224
15046,61624320
15047,61628416
15048,61632512
15049,61636608
15050,61640704
15051,61644800
15052,61648896
15053,61652992
15054,61657088
15055,61661184
15056,61665280
15057,61669376
15058,61673472
15059,61677568
15060,61681664
15061,61685760
15062,61689856
15063,61693952
15064,61698048
15065,61702144
15066,61706240
15067,61710336
15068,61714432
15069,61718528
15070,61722624
15071,61726720
15072,61730816
15073,61734912
15074,61739008
15075,61743104
15077,61751296
15078,61755392
15079,61759488
15080,61763584
15081,61767680
15082,61771776
15083,61775872
15084,61779968
15085,61784064
15086,61788160
15087,61792256
15088,61796352
15089,61800448
15090,61804544
15091,61808640
15092,61812736
15093,61816832
15094,61820928
15095,61825024
15096,61829120
15097,61833216
15098,61837312
15099,61841408
15100,61845504
15101,61849600
15102,61853696
15103,61857792
15104,61861888
15105,61865984
15106,61870080
15107,61874176
15108,61878272
15109,61882368
15110,61886464
15111,61890560
15112,61894656
15113,61898752
15114,61902848
15115,61906944
15116,61911040
15117,61915136
15118,61919232
15119,61923328
15120,61927424
15121,61931520
15122,61935616
15123,61939712
15124,61943808
15125,61947904
15126,61952000
15127,61956096
15128,61960192
15129,61964288
15130,61968384
15131,61972480
15132,61976576
15133,61980672
15134,61984768
15135,61988864
15136,61992960
15137,61997056
15138,62001152
15139,62005248
15140,62009344
15141,62013440
15142,62017536
15143,62021632
15144,62025728
15145,62029824
15146,62033920
15147,62038016
15148,62042112
15149,62046208
15150,62050304
15151,62054400
15152,62058496
15153,62062592
15154,62066688
15155,62070784
15156,62074880
15157,62078976
15158,62083072
15159,62087168
15160,62091264
15161,62095360
15162,62099456
15163,62103552
15164,62107648
15165,62111744
15166,62115840
15167,62119936
15168,62124032
15169,62128128
15170,62132224
15171,62136320
15172,62140416
15173,62144512
15174,62148608
15175,62152704
15176,62156800
15177,62160896
15178,62164992
15179,62169088
15180,62173184
15181,62177280
15182,62181376
15183,62185472
15184,62189568
15185,62193664
15186,62197760
15187,62201856
15188,62205952
15189,62210048
15190,62214144
15191,62218240
15192,62222336
15193,62226432
15194,62230528
15195,62234624
15196,62238720
15197,62242816
15198,62246912
15199,62251008
15200,62255104
15201,62259200
15202,62263296
15203,62267392
15204,62271488
15205,62275584
15206,62279680
15207,62283776
15208,62287872
15209,62291968
15210,62296064
15211,62300160
15212,62304256
15213,62308352
15214,62312448
15215,62316544
15216,62320640
15217,62324736
15218,62328832
15219,62332928
15220,62337024
15221,62341120
15222,62345216
15223,62349312
15224,62353408
15225,62357504
15226,62361600
15227,62365696
15228,62369792
15229,62373888
15230,62377984
15231,62382080
15232,62386176
15233,62390272
15234,62394368
15235,62398464
15236,62402560
15237,62406656
15238,62410752
15239,62414848
15240,62418944
15241,62423040
15242,62427136
15243,62431232
15244,62435328
15245,62439424
15246,62443520
15247,62447616
15248,62451712
15249,62455808
15250,62459904
15251,62464000
15252,62468096
15253,62472192
15254,62476288
15255,62480384
15256,62484480
15257,62488576
15258,62492672
15259,62496768
15260,62500864
15261,62504960
15262,62509056
15263,62513152
15264,62517248
15265,62521344
15266,62525440
15267,62529536
15268,62533632
15269,62537728
15270,62541824
15271,62545920
15272,62550016
15273,62554112
15274,62558208
15275,62562304
15276,62566400
15277,62570496
15278,62574592
15279,62578688
15280,62582784
15281,62586880
15282,62590976
15283,62595072
15284,62599168
15285,62603264
15286,62607360
15287,62611456
15288,62615552
15289,62619648
15290,62623744
15291,62627840
15292,62631936
15293,62636032
15294,62640128
15295,62644224
15296,62648320
15297,62652416
15298,62656512
15299,62660608
15300,62664704
15301,62668800
15302,62672896
15303,62676992
15304,62681088
15305,62685184
15306,62689280
15307,62693376
15308,62697472
15309,62701568
15310,62705664
15311,62709760
15312,62713856
15313,62717952
15314,62722048
15315,62726144
15316,62730240
15317,62734336
15318,62738432
15319,62742528
15320,62746624
15321,62750720
15322,62754816
15323,62758912
15324,62763008
15325,62767104
15326,62771200
15327,62775296
15328,62779392
15329,62783488
15330,62787584
15331,62791680
15332,62795776
15333,62799872
15334,62803968
15335,62808064
15336,62812160
15337,62816256
15338,62820352
15339,62824448
15340,62828544
15341,62832640
15342,62836736
15343,62840832
15344,62844928
15345,62849024
15346,62853120
15347,62857216
15348,62861312
15349,62865408
15350,62869504
15351,62873600
15352,62877696
15353,62881792
15354,62885888
15355,62889984
15356,62894080
15357,62898176
15358,62902272
15359,62906368
15360,62910464
15361,62914560
15362,62918656
15363,62922752
15364,62926848
15365,62930944
15366,62935040
15367,62939136
15368,62943232
15369,62947328
15370,62951424
15371,62955520
15372,62959616
15373,62963712
15374,62967808
15375,62971904
15376,62976000
15377,62980096
15378,62984192
15379,62988288
15380,62992384
15381,62996480
15382,63000576
15383,63004672
15384,63008768
15385,63012864
15386,63016960
15387,63021056
15388,63025152
15389,63029248
15390,63033344
15391,63037440
15392,63041536
15393,63045632
15394,63049728
15395,63053824
15396,63057920
15397,63062016
15398,63066112
15399,63070208
15400,63074304
15401,63078400
15402,63082496
15403,63086592
15404,63090688
15405,63094784
15406,63098880
15407,63102976
15408,63107072
15409,63111168
15410,63115264
15411,63119360
15412,63123456
15413,63127552
15414,63131648
15415,63135744
15416,63139840
15417,63143936
15418,63148032
15419,63152128
15420,63156224
15421,63160320
15422,63164416
15423,63168512
15424,63172608
15425,63176704
15426,63180800
15427,63184896
15428,63188992
15429,63193088
15430,63197184
15431,63201280
15432,63205376
15433,63209472
15434,63213568
15435,63217664
15436,63221760
15437,63225856
15438,63229952
15439,63234048
15440,63238144
15441,63242240
15442,63246336
15443,63250432
15444,63254528
15445,63258624
15446,63262720
15447,63266816
15448,63270912
15449,63275008
15450,63279104
15451,63283200
15452,63287296
15453,63291392
15454,63295488
15455,63299584
15456,63303680
15457,63307776
15458,63311872
15459,63315968
15460,63320064
15461,63324160
15462,63328256
15463,63332352
15464,63336448
15465,63340544
15466,63344640
15467,63348736
15468,63352832
15469,63356928
15470,63361024
15471,63365120
15472,63369216
15473,63373312
15474,63377408
15475,63381504
15476,63385600
15477,63389696
15478,63393792
15479,63397888
15480,63401984
15481,63406080
15482,63410176
15483,63414272
15484,63418368
15485,63422464
15486,63426560
15487,63430656
15488,63434752
15489,63438848
15490,63442944
15491,63447040
15492,63451136
15493,63455232
15494,63459328
15495,63463424
15496,63467520
15497,63471616
15498,63475712
15499,63479808
15500,63483904
15501,63488000
15502,63492096
15503,63496192
15504,63500288
15505,63504384
15506,63508480
15507,63512576
15508,63516672
15509,63520768
15510,63524864
15511,63528960
15512,63533056
15513,63537152
15514,63541248
15515,63545344
15516,63549440
15517,63553536
15518,63557632
15519,63561728
15520,63565824
15521,63569920
15522,63574016
15523,63578112
15524,63582208
15525,63586304
15526,63590400
15527,63594496
15528,63598592
15529,63602688
15530,63606784
15531,63610880
15532,63614976
15533,63619072
15534,63623168
15535,63627264
15536,63631360
15537,63635456
15538,63639552
15539,63643648
15540,63647744
15541,63651840
15542,63655936
15543,63660032
15544,63664128
15545,63668224
15546,63672320
15547,63676416
15548,63680512
15549,63684608
15550,63688704
15551,63692800
15552,63696896
15553,63700992
15554,63705088
15555,63709184
15556,63713280
15557,63717376
15558,63721472
15559,63725568
15560,63729664
15561,63733760
15562,63737856
15563,63741952
15564,63746048
15565,63750144
15566,63754240
15567,63758336
15568,63762432
15569,63766528
15570,63770624
15571,63774720
15572,63778816
15573,63782912
15574,63787008
15575,63791104
15576,63795200
15577,63799296
15578,63803392
15579,63807488
15580,63811584
15581,63815680
15582,63819776
15583,63823872
15584,63827968
15585,63832064
15586,63836160
15587,63840256
15588,63844352
15589,63848448
15590,63852544
15591,63856640
15592,63860736
15593,63864832
15594,63868928
15595,63873024
15596,63877120
15597,63881216
15598,63885312
15599,63889408
15600,63893504
15601,63897600
15602,63901696
15603,63905792
15604,63909888
15605,63913984
15606,63918080
15607,63922176
15608,63926272
15609,63930368
15610,63934464
15611,63938560
15612,63942656
15613,63946752
15614,63950848
15615,63954944
15616,63959040
15617,63963136
15618,63967232
15619,63971328
15620,63975424
15621,63979520
15622,63983616
15623,63987712
15624,63991808
15625,63995904
15626,64000000
15627,64004096
15628,64008192
15629,64012288
15630,64016384
15631,64020480
15632,64024576
15633,64028672
15634,64032768
15635,64036864
15636,64040960
15637,64045056
15638,64049152
15639,64053248
15640,64057344
15641,64061440
15642,64065536
15643,64069632
15644,64073728
15645,64077824
15646,64081920
15647,64086016
15648,64090112
15649,64094208
15650,64098304
15651,64102400
15652,64106496
15653,64110592
15654,64114688
15655,64118784
15656,64122880
15657,64126976
15658,64131072
15659,64135168
15660,64139264
15661,64143360
15662,64147456
15663,64151552
15664,64155648
15665,64159744
15666,64163840
15667,64167936
15668,64172032
15669,64176128
15670,64180224
15671,64184320
15672,64188416
15673,64192512
15674,64196608
15675,64200704
15676,64204800
15677,64208896
15678,64212992
15679,64217088
15680,64221184
15681,64225280
15682,64229376
15683,64233472
15684,64237568
15685,64241664
15686,64245760
15687,64249856
15688,64253952
15689,64258048
15690,64262144
15691,64266240
15692,64270336
15693,64274432
15694,64278528
15695,64282624
15696,64286720
15697,64290816
15698,64294912
15699,64299008
15700,64303104
15701,64307200
15702,64311296
15703,64315392
15704,64319488
15705,64323584
15706,64327680
15707,64331776
15708,64335872
15709,64339968
15710,64344064
15711,64348160
15712,64352256
15713,64356352
15714,64360448
15715,64364544
15716,64368640
15717,64372736
15718,64376832
15719,64380928
15720,64385024
15721,64389120
15722,64393216
15723,64397312
15724,64401408
15725,64405504
15726,64409600
15727,64413696
15728,64417792
15729,64421888
15730,64425984
15731,64430080
15732,64434176
15733,64438272
15734,64442368
15735,64446464
15736,64450560
15737,64454656
15738,64458752
15739,64462848
15740,64466944
15741,64471040
15742,64475136
15743,64479232
15744,64483328
15745,64487424
15746,64491520
15747,64495616
15748,64499712
15749,64503808
15750,64507904
15751,64512000
15752,64516096
15753,64520192
15754,64524288
15755,64528384
15756,64532480
15757,64536576
15758,64540672
15759,64544768
15760,64548864
15761,64552960
15762,64557056
15763,64561152
15764,64565248
15765,64569344
15766,64573440
15767,64577536
15768,64581632
15769,64585728
15770,64589824
15771,64593920
15772,64598016
15773,64602112
15774,64606208
15775,64610304
15776,64614400
15777,64618496
15778,64622592
15779,64626688
15780,64630784
15781,64634880
15782,64638976
15783,64643072
15784,64647168
15785,64651264
15786,64655360
15787,64659456
15788,64663552
15789,64667648
15790,64671744
15791,64675840
15792,64679936
15793,64684032
15794,64688128
15795,64692224
15796,64696320
15797,64700416
15798,64704512
15799,64708608
15800,64712704
15801,64716800
15802,64720896
15803,64724992
15804,64729088
15805,64733184
15806,64737280
15807,64741376
15808,64745472
15809,64749568
15810,64753664
15811,64757760
15812,64761856
15813,64765952
15814,64770048
15815,64774144
15816,64778240
15817,64782336
15818,64786432
15819,64790528
15820,64794624
15821,64798720
15822,64802816
15823,64806912
15824,64811008
15825,64815104
15826,64819200
15827,64823296
15828,64827392
15829,64831488
15830,64835584
15831,64839680
15832,64843776
15833,64847872
15834,64851968
15835,64856064
15836,64860160
15837,64864256
15838,64868352
15839,64872448
15840,64876544
15841,64880640
15842,64884736
15843,64888832
15844,64892928
15845,64897024
15846,64901120
15847,64905216
15848,64909312
15849,64913408
15850,64917504
15851,64921600
15852,64925696
15853,64929792
15854,64933888
15855,64937984
15856,64942080
15857,64946176
15858,64950272
15859,64954368
15860,64958464
15861,64962560
15862,64966656
15863,64970752
15864,64974848
15865,64978944
15866,64983040
15867,64987136
15868,64991232
15869,64995328
15870,64999424
15871,65003520
15872,65007616
15873,65011712
15874,65015808
15875,65019904
15876,65024000
15877,65028096
15878,65032192
15879,65036288
15880,65040384
15881,65044480
15882,65048576
15883,65052672
15884,65056768
15885,65060864
15886,65064960
15887,65069056
15888,65073152
15889,65077248
15890,65081344
15891,65085440
15892,65089536
15893,65093632
15894,65097728
15895,65101824
15896,65105920
15897,65110016
15898,65114112
15899,65118208
15900,65122304
15901,65126400
15902,65130496
15903,65134592
15904,65138688
15905,65142784
15906,65146880
15907,65150976
15908,65155072
15909,65159168
15910,65163264
15911,65167360
15912,65171456
15913,65175552
15914,65179648
15915,65183744
15916,65187840
15917,65191936
15918,65196032
15919,65200128
15920,65204224
15921,65208320
15922,65212416
15923,65216512
15924,65220608
15925,65224704
15926,65228800
15927,65232896
15928,65236992
15929,65241088
15930,65245184
15931,65249280
15932,65253376
15933,65257472
15934,65261568
15935,65265664
15936,65269760
15937,65273856
15938,65277952
15939,65282048
15940,65286144
15941,65290240
15942,65294336
15943,65298432
15944,65302528
15945,65306624
15946,65310720
15947,65314816
15948,65318912
15949,65323008
15950,65327104
15951,65331200
15952,65335296
15953,65339392
15954,65343488
15955,65347584
15956,65351680
15957,65355776
15958,65359872
15959,65363968
15960,65368064
15961,65372160
15962,65376256
15963,65380352
15964,65384448
15965,65388544
15966,65392640
15967,65396736
15968,65400832
15969,65404928
15970,65409024
15971,65413120
15972,65417216
15973,65421312
15974,65425408
15975,65429504
15976,65433600
15977,65437696
15978,65441792
15979,65445888
15980,65449984
15981,65454080
15982,65458176
15983,65462272
15984,65466368
15985,65470464
15986,65474560
15987,65478656
15988,65482752
15989,65486848
15990,65490944
15991,65495040
15992,65499136
15993,65503232
15994,65507328
15995,65511424
15996,65515520
15997,65519616
15998,65523712
15999,65527808
16000,65531904
16001,65536000
16002,65540096
16003,65544192
16004,65548288
16005,65552384
16006,65556480
16007,65560576
16008,65564672
16009,65568768
16010,65572864
16011,65576960
16012,65581056
16013,65585152
16014,65589248
16015,65593344
16016,65597440
16017,65601536
16018,65605632
16019,65609728
16020,65613824
16021,65617920
16022,65622016
16023,65626112
16024,65630208
16025,65634304
16026,65638400
16027,65642496
16028,65646592
16029,65650688
16030,65654784
16031,65658880
16032,65662976
16033,65667072
16034,65671168
16035,65675264
16036,65679360
16037,65683456
16038,65687552
16039,65691648
16040,65695744
16041,65699840
16042,65703936
16043,65708032
16044,65712128
16045,65716224
16046,65720320
16047,65724416
16048,65728512
16049,65732608
16050,65736704
16051,65740800
16052,65744896
16053,65748992
16054,65753088
16055,65757184
16056,65761280
16057,65765376
16058,65769472
16059,65773568
16060,65777664
16061,65781760
16062,65785856
16063,65789952
16064,65794048
16065,65798144
16066,65802240
16067,65806336
16068,65810432
16069,65814528
16070,65818624
16071,65822720
16072,65826816
16073,65830912
16074,65835008
16075,65839104
16076,65843200
16077,65847296
16078,65851392
16079,65855488
16080,65859584
16081,65863680
16082,65867776
16083,65871872
16084,65875968
16085,65880064
16086,65884160
16087,65888256
16088,65892352
16089,65896448
16090,65900544
16091,65904640
16092,65908736
16093,65912832
16094,65916928
16095,65921024
16096,65925120
16097,65929216
16098,65933312
16099,65937408
16100,65941504
16101,65945600
16102,65949696
16103,65953792
16104,65957888
16105,65961984
16106,65966080
16107,65970176
16108,65974272
16109,65978368
16110,65982464
16111,65986560
16112,65990656
16113,65994752
16114,65998848
16115,66002944
16116,66007040
16117,66011136
16118,66015232
16119,66019328
16120,66023424
16121,66027520
16122,66031616
16123,66035712
16124,66039808
16125,66043904
16126,66048000
16127,66052096
16128,66056192
16129,66060288
16130,66064384
16131,66068480
16132,66072576
16133,66076672
16134,66080768
16135,66084864
16136,66088960
16137,66093056
16138,66097152
16139,66101248
16140,66105344
16141,66109440
16142,66113536
16143,66117632
16144,66121728
16145,66125824
16146,66129920
16147,66134016
16148,66138112
16149,66142208
16150,66146304
16151,66150400
16152,66154496
16153,66158592
16154,66162688
16155,66166784
16156,66170880
16157,66174976
16158,66179072
16159,66183168
16160,66187264
16161,66191360
16162,66195456
16163,66199552
16164,66203648
16165,66207744
16166,66211840
16167,66215936
16168,66220032
16169,66224128
16170,66228224
16171,66232320
16172,66236416
16173,66240512
16174,66244608
16175,66248704
16176,66252800
16177,66256896
16178,66260992
16179,66265088
16180,66269184
16181,66273280
16182,66277376
16183,66281472
16184,66285568
16185,66289664
16186,66293760
16187,66297856
16188,66301952
16189,66306048
16190,66310144
16191,66314240
16192,66318336
16193,66322432
16194,66326528
16195,66330624
16196,66334720
16197,66338816
16198,66342912
16199,66347008
16200,66351104
16201,66355200
16202,66359296
16203,66363392
16204,66367488
16205,66371584
16206,66375680
16207,66379776
16208,66383872
16209,66387968
16210,66392064
16211,66396160
16212,66400256
16213,66404352
16214,66408448
16215,66412544
16216,66416640
16217,66420736
16218,66424832
16219,66428928
16220,66433024
16221,66437120
16222,66441216
16223,66445312
16224,66449408
16225,66453504
16226,66457600
16227,66461696
16228,66465792
16229,66469888
16230,66473984
16231,66478080
16232,66482176
16233,66486272
16234,66490368
16235,66494464
16236,66498560
16237,66502656
16238,66506752
16239,66510848
16240,66514944
16241,66519040
16242,66523136
16243,66527232
16244,66531328
16245,66535424
16246,66539520
16247,66543616
16248,66547712
16249,66551808
16250,66555904
16251,66560000
16252,66564096
16253,66568192
16254,66572288
16255,66576384
16256,66580480
16257,66584576
16258,66588672
16259,66592768
16260,66596864
16261,66600960
16262,66605056
16263,66609152
16264,66613248
16265,66617344
16266,66621440
16267,66625536
16268,66629632
16269,66633728
16270,66637824
16271,66641920
16272,66646016
16273,66650112
16274,66654208
16275,66658304
16276,66662400
16277,66666496
16278,66670592
16279,66674688
16280,66678784
16281,66682880
16282,66686976
16283,66691072
16284,66695168
16285,66699264
16286,66703360
16287,66707456
16288,66711552
16289,66715648
16290,66719744
16291,66723840
16292,66727936
16293,66732032
16294,66736128
16295,66740224
16296,66744320
16297,66748416
16298,66752512
16299,66756608
16300,66760704
16301,66764800
16302,66768896
16303,66772992
16304,66777088
16305,66781184
16306,66785280
16307,66789376
16308,66793472
16309,66797568
16310,66801664
16311,66805760
16312,66809856
16313,66813952
16314,66818048
16315,66822144
16316,66826240
16317,66830336
16318,66834432
16319,66838528
16320,66842624
16321,66846720
16322,66850816
16323,66854912
16324,66859008
16325,66863104
16326,66867200
16327,66871296
16328,66875392
16329,66879488
16330,66883584
16331,66887680
16332,66891776
16333,66895872
16334,66899968
16335,66904064
16336,66908160
16337,66912256
16338,66916352
16339,66920448
16340,66924544
16341,66928640
16342,66932736
16343,66936832
16344,66940928
16345,66945024
16346,66949120
16347,66953216
16348,66957312
16349,66961408
16350,66965504
16351,66969600
16352,66973696
16353,66977792
16354,66981888
16355,66985984
16356,66990080
16357,66994176
16358,66998272
16359,67002368
16360,67006464
16361,67010560
16362,67014656
16363,67018752
16364,67022848
16365,67026944
16366,67031040
16367,67035136
16368,67039232
16369,67043328
16370,67047424
16371,67051520
16372,67055616
16373,67059712
16374,67063808
16375,67067904
16376,67072000
16377,67076096
16378,67080192
16379,67084288
16380,67088384
16381,67092480
16382,67096576
16383,67100672
16384,67104768
16385,67108864
16386,67112960
16387,67117056
16388,67121152
16389,67125248
16390,67129344
16391,67133440
16392,67137536
16393,67141632
16394,67145728
16395,67149824
16396,67153920
16397,67158016
16398,67162112
16399,67166208
16400,67170304
16401,67174400
16402,67178496
16403,67182592
16404,67186688
16405,67190784
16406,67194880
16407,67198976
16408,67203072
16409,67207168
16410,67211264
16411,67215360
16412,67219456
16413,67223552
16414,67227648
16415,67231744
16416,67235840
16417,67239936
16418,67244032
16419,67248128
16420,67252224
16421,67256320
16422,67260416
16423,67264512
16424,67268608
16425,67272704
16426,67276800
16427,67280896
16428,67284992
16429,67289088
16430,67293184
16431,67297280
16432,67301376
16433,67305472
16434,67309568
16435,67313664
16436,67317760
16437,67321856
16438,67325952
16439,67330048
16440,67334144
16441,67338240
16442,67342336
16443,67346432
16444,67350528
16445,67354624
16446,67358720
16447,67362816
16448,67366912
16449,67371008
16450,67375104
16451,67379200
16452,67383296
16453,67387392
16454,67391488
16455,67395584
16456,67399680
16457,67403776
16458,67407872
16459,67411968
16460,67416064
16461,67420160
16462,67424256
16463,67428352
16464,67432448
16465,67436544
16466,67440640
16467,67444736
16468,67448832
16469,67452928
16470,67457024
16471,67461120
16472,67465216
16473,67469312
16474,67473408
16475,67477504
16476,67481600
16477,67485696
16478,67489792
16479,67493888
16480,67497984
16481,67502080
16482,67506176
16483,67510272
16484,67514368
16485,67518464
16486,67522560
16487,67526656
16488,67530752
16489,67534848
16490,67538944
16491,67543040
16492,67547136
16493,67551232
16494,67555328
16495,67559424
16496,67563520
16497,67567616
16498,67571712
16499,67575808
16500,67579904
16501,67584000
16502,67588096
16503,67592192
16504,67596288
16505,67600384
16506,67604480
16507,67608576
16508,67612672
16509,67616768
16510,67620864
16511,67624960
16512,67629056
16513,67633152
16514,67637248
16515,67641344
16516,67645440
16517,67649536
16518,67653632
16519,67657728
16520,67661824
16521,67665920
16522,67670016
16523,67674112
16524,67678208
16525,67682304
16526,67686400
16527,67690496
16528,67694592
16529,67698688
16530,67702784
16531,67706880
16532,67710976
16533,67715072
16534,67719168
16535,67723264
16536,67727360
16537,67731456
16538,67735552
16539,67739648
16540,67743744
16541,67747840
16542,67751936
16543,67756032
16544,67760128
16545,67764224
16546,67768320
16547,67772416
16548,67776512
16549,67780608
16550,67784704
16551,67788800
16552,67792896
16553,67796992
16554,67801088
16555,67805184
16556,67809280
16557,67813376
16558,67817472
16559,67821568
16560,67825664
16561,67829760
16562,67833856
16563,67837952
16564,67842048
16565,67846144
16566,67850240
16567,67854336
16568,67858432
16569,67862528
16570,67866624
16571,67870720
16572,67874816
16573,67878912
16574,67883008
16575,67887104
16576,67891200
16577,67895296
16578,67899392
16579,67903488
16580,67907584
16581,67911680
16582,67915776
16583,67919872
16584,67923968
16585,67928064
16586,67932160
16587,67936256
16588,67940352
16589,67944448
16590,67948544
16591,67952640
16592,67956736
16593,67960832
16594,67964928
16595,67969024
16596,67973120
16597,67977216
16598,67981312
16599,67985408
16600,67989504
16601,67993600
16602,67997696
16603,68001792
16604,68005888
16605,68009984
16606,68014080
16607,68018176
16608,68022272
16609,68026368
16610,68030464
16611,68034560
16612,68038656
16613,68042752
16614,68046848
16615,68050944
16616,68055040
16617,68059136
16618,68063232
16619,68067328
16620,68071424
16621,68075520
16622,68079616
16623,68083712
16624,68087808
16625,68091904
16626,68096000
16627,68100096
16628,68104192
16629,68108288
16630,68112384
16631,68116480
16632,68120576
16633,68124672
16634,68128768
16635,68132864
16636,68136960
16637,68141056
16638,68145152
16639,68149248
16640,68153344
16641,68157440
16642,68161536
16643,68165632
16644,68169728
16645,68173824
16646,68177920
16647,68182016
16648,68186112
16649,68190208
16650,68194304
16651,68198400
16652,68202496
16653,68206592
16654,68210688
16655,68214784
16656,68218880
16657,68222976
16658,68227072
16659,68231168
16660,68235264
16661,68239360
16662,68243456
16663,68247552
16664,68251648
16665,68255744
16666,68259840
16667,68263936
16668,68268032
16669,68272128
16670,68276224
16671,68280320
16672,68284416
16673,68288512
16674,68292608
16675,68296704
16676,68300800
16677,68304896
16678,68308992
16679,68313088
16680,68317184
16681,68321280
16682,68325376
16683,68329472
16684,68333568
16685,68337664
16686,68341760
16687,68345856
16688,68349952
16689,68354048
16690,68358144
16691,68362240
16692,68366336
16693,68370432
16694,68374528
16695,68378624
16696,68382720
16697,68386816
16698,68390912
16699,68395008
16700,68399104
16701,68403200
16702,68407296
16703,68411392
16704,68415488
16705,68419584
16706,68423680
16707,68427776
16708,68431872
16709,68435968
16710,68440064
16711,68444160
16712,68448256
16713,68452352
16714,68456448
16715,68460544
16716,68464640
16717,68468736
16718,68472832
16719,68476928
16720,68481024
16721,68485120
16722,68489216
16723,68493312
16724,68497408
16725,68501504
16726,68505600
16727,68509696
16728,68513792
16729,68517888
16730,68521984
16731,68526080
16732,68530176
16733,68534272
16734,68538368
16735,68542464
16736,68546560
16737,68550656
16738,68554752
16739,68558848
16740,68562944
16741,68567040
16742,68571136
16743,68575232
16744,68579328
16745,68583424
16746,68587520
16747,68591616
16748,68595712
16749,68599808
16750,68603904
16751,68608000
16752,68612096
16753,68616192
16754,68620288
16755,68624384
16756,68628480
16757,68632576
16758,68636672
16759,68640768
16760,68644864
16761,68648960
16762,68653056
16763,68657152
16764,68661248
16765,68665344
16766,68669440
16767,68673536
16768,68677632
16769,68681728
16770,68685824
16771,68689920
16772,68694016
16773,68698112
16774,68702208
16775,68706304
16776,68710400
16777,68714496
16778,68718592
16779,68722688
16780,68726784
16781,68730880
16782,68734976
16783,68739072
16784,68743168
16785,68747264
16786,68751360
16787,68755456
16788,68759552
16789,68763648
16790,68767744
16791,68771840
16792,68775936
16793,68780032
16794,68784128
16795,68788224
16796,68792320
16797,68796416
16798,68800512
16799,68804608
16800,68808704
16801,68812800
16802,68816896
16803,68820992
16804,68825088
16805,68829184
16806,68833280
16807,68837376
16808,68841472
16809,68845568
16810,68849664
16811,68853760
16812,68857856
16813,68861952
16814,68866048
16815,68870144
16816,68874240
16817,68878336
16818,68882432
16819,68886528
16820,68890624
16821,68894720
16822,68898816
16823,68902912
16824,68907008
16825,68911104
16826,68915200
16827,68919296
16828,68923392
16829,68927488
16830,68931584
16831,68935680
16832,68939776
16833,68943872
16834,68947968
16835,68952064
16836,68956160
16837,68960256
16838,68964352
16839,68968448
16840,68972544
16841,68976640
16842,68980736
16843,68984832
16844,68988928
16845,68993024
16846,68997120
16847,69001216
16848,69005312
16849,69009408
16850,69013504
16851,69017600
16852,69021696
16853,69025792
16854,69029888
16855,69033984
16856,69038080
16857,69042176
16858,69046272
16859,69050368
16860,69054464
16861,69058560
16862,69062656
16863,69066752
16864,69070848
16865,69074944
16866,69079040
16867,69083136
16868,69087232
16869,69091328
16870,69095424
16871,69099520
16872,69103616
16873,69107712
16874,69111808
16875,69115904
16876,69120000
16877,69124096
16878,69128192
16879,69132288
16880,69136384
16881,69140480
16882,69144576
16883,69148672
16884,69152768
16885,69156864
16886,69160960
16887,69165056
16888,69169152
16889,69173248
16890,69177344
16891,69181440
16892,69185536
16893,69189632
16894,69193728
16895,69197824
16896,69201920
16897,69206016
16898,69210112
16899,69214208
16900,69218304
16901,69222400
16902,69226496
16903,69230592
16904,69234688
16905,69238784
16906,69242880
16907,69246976
16908,69251072
16909,69255168
16910,69259264
16911,69263360
16912,69267456
16913,69271552
16914,69275648
16915,69279744
16916,69283840
16917,69287936
16918,69292032
16919,69296128
16920,69300224
16921,69304320
16922,69308416
16923,69312512
16924,69316608
16925,69320704
16926,69324800
16927,69328896
16928,69332992
16929,69337088
16930,69341184
16931,69345280
16932,69349376
16933,69353472
16934,69357568
16935,69361664
16936,69365760
16937,69369856
16938,69373952
16939,69378048
16940,69382144
16941,69386240
16942,69390336
16943,69394432
16944,69398528
16945,69402624
16946,69406720
16947,69410816
16948,69414912
16949,69419008
16950,69423104
16951,69427200
16952,69431296
16953,69435392
16954,69439488
16955,69443584
16956,69447680
16957,69451776
16958,69455872
16959,69459968
16960,69464064
16961,69468160
16962,69472256
16963,69476352
16964,69480448
16965,69484544
16966,69488640
16967,69492736
16968,69496832
16969,69500928
16970,69505024
16971,69509120
16972,69513216
16973,69517312
16974,69521408
16975,69525504
16976,69529600
16977,69533696
16978,69537792
16979,69541888
16980,69545984
16981,69550080
16982,69554176
16983,69558272
16984,69562368
16985,69566464
16986,69570560
16987,69574656
16988,69578752
16989,69582848
16990,69586944
16991,69591040
16992,69595136
16993,69599232
16994,69603328
16995,69607424
16996,69611520
16997,69615616
16998,69619712
16999,69623808
17000,69627904
17001,69632000
17002,69636096
17003,69640192
17004,69644288
17005,69648384
17006,69652480
17007,69656576
17008,69660672
17009,69664768
17010,69668864
17011,69672960
17012,69677056
17013,69681152
17014,69685248
17015,69689344
17016,69693440
17017,69697536
17018,69701632
17019,69705728
17020,69709824
17021,69713920
17022,69718016
17023,69722112
17024,69726208
17025,69730304
17026,69734400
17027,69738496
17028,69742592
17029,69746688
17030,69750784
17031,69754880
17032,69758976
17033,69763072
17034,69767168
17035,69771264
17036,69775360
17037,69779456
17038,69783552
17039,69787648
17040,69791744
17041,69795840
17042,69799936
17043,69804032
17044,69808128
17045,69812224
17046,69816320
17047,69820416
17048,69824512
17049,69828608
17050,69832704
17051,69836800
17052,69840896
17053,69844992
17054,69849088
17055,69853184
17056,69857280
17057,69861376
17058,69865472
17059,69869568
17060,69873664
17061,69877760
17062,69881856
17063,69885952
17064,69890048
17065,69894144
17066,69898240
17067,69902336
17068,69906432
17069,69910528
17070,69914624
17071,69918720
17072,69922816
17073,69926912
17074,69931008
17075,69935104
17076,69939200
17077,69943296
17078,69947392
17079,69951488
17080,69955584
17081,69959680
17082,69963776
17083,69967872
17084,69971968
17085,69976064
17086,69980160
17087,69984256
17088,69988352
17089,69992448
17090,69996544
17091,70000640
17092,70004736
17093,70008832
17094,70012928
17095,70017024
17096,70021120
17097,70025216
17098,70029312
17099,70033408
17100,70037504
17101,70041600
17102,70045696
17103,70049792
17104,70053888
17105,70057984
17106,70062080
17107,70066176
17108,70070272
17109,70074368
17110,70078464
17111,70082560
17112,70086656
17113,70090752
17114,70094848
17115,70098944
17116,70103040
17117,70107136
17118,70111232
17119,70115328
17120,70119424
17121,70123520
17122,70127616
17123,70131712
17124,70135808
17125,70139904
17126,70144000
17127,70148096
17128,70152192
17129,70156288
17130,70160384
17131,70164480
17132,70168576
17133,70172672
17134,70176768
17135,70180864
17136,70184960
17137,70189056
17138,70193152
17139,70197248
17140,70201344
17141,70205440
17142,70209536
17143,70213632
17144,70217728
17145,70221824
17146,70225920
17147,70230016
17148,70234112
17149,70238208
17150,70242304
17151,70246400
17152,70250496
17153,70254592
17154,70258688
17155,70262784
17156,70266880
17157,70270976
17158,70275072
17159,70279168
17160,70283264
17161,70287360
17162,70291456
17163,70295552
17164,70299648
17165,70303744
17166,70307840
17167,70311936
17168,70316032
17169,70320128
17170,70324224
17171,70328320
17172,70332416
17173,70336512
17174,70340608
17175,70344704
17176,70348800
17177,70352896
17178,70356992
17179,70361088
17180,70365184
17181,70369280
17182,70373376
17183,70377472
17184,70381568
17185,70385664
17186,70389760
17187,70393856
17188,70397952
17189,70402048
17190,70406144
17191,70410240
17192,70414336
17193,70418432
17194,70422528
17195,70426624
17196,70430720
17197,70434816
17198,70438912
17199,70443008
17200,70447104
17201,70451200
17202,70455296
17203,70459392
17204,70463488
17205,70467584
17206,70471680
17207,70475776
17208,70479872
17209,70483968
17210,70488064
17211,70492160
17212,70496256
17213,70500352
17214,70504448
17215,70508544
17216,70512640
17217,70516736
17218,70520832
17219,70524928
17220,70529024
17221,70533120
17222,70537216
17223,70541312
17224,70545408
17225,70549504
17226,70553600
17227,70557696
17228,70561792
17229,70565888
17230,70569984
17231,70574080
17232,70578176
17233,70582272
17234,70586368
17235,70590464
17236,70594560
17237,70598656
17238,70602752
17239,70606848
17240,70610944
17241,70615040
17242,70619136
17243,70623232
17244,70627328
17245,70631424
17246,70635520
17247,70639616
17248,70643712
17249,70647808
17250,70651904
17251,70656000
17252,70660096
17253,70664192
17254,70668288
17255,70672384
17256,70676480
17257,70680576
17258,70684672
17259,70688768
17260,70692864
17261,70696960
17262,70701056
17263,70705152
17264,70709248
17265,70713344
17266,70717440
17267,70721536
17268,70725632
17269,70729728
17270,70733824
17271,70737920
17272,70742016
17273,70746112
17274,70750208
17275,70754304
17276,70758400
17277,70762496
17278,70766592
17279,70770688
17280,70774784
17281,70778880
17282,70782976
17283,70787072
17284,70791168
17285,70795264
17286,70799360
17287,70803456
17288,70807552
17289,70811648
17290,70815744
17291,70819840
17292,70823936
17293,70828032
17294,70832128
17295,70836224
17296,70840320
17297,70844416
17298,70848512
17299,70852608
17300,70856704
17301,70860800
17302,70864896
17303,70868992
17304,70873088
17305,70877184
17306,70881280
17307,70885376
17308,70889472
17309,70893568
17310,70897664
17311,70901760
17312,70905856
17313,70909952
17314,70914048
17315,70918144
17316,70922240
17317,70926336
17318,70930432
17319,70934528
17320,70938624
17321,70942720
17322,70946816
17323,70950912
17324,70955008
17325,70959104
17326,70963200
17327,70967296
17328,70971392
17329,70975488
17330,70979584
17331,70983680
17332,70987776
17333,70991872
17334,70995968
17335,71000064
17336,71004160
17337,71008256
17338,71012352
17339,71016448
17340,71020544
17341,71024640
17342,71028736
17343,71032832
17344,71036928
17345,71041024
17346,71045120
17347,71049216
17348,71053312
17349,71057408
17350,71061504
17351,71065600
17352,71069696
17353,71073792
17354,71077888
17355,71081984
17356,71086080
17357,71090176
17358,71094272
17359,71098368
17360,71102464
17361,71106560
17362,71110656
17363,71114752
17364,71118848
17365,71122944
17366,71127040
17367,71131136
17368,71135232
17369,71139328
17370,71143424
17371,71147520
17372,71151616
17373,71155712
17374,71159808
17375,71163904
17376,71168000
17377,71172096
17378,71176192
17379,71180288
17380,71184384
17381,71188480
17382,71192576
17383,71196672
17384,71200768
17385,71204864
17386,71208960
17387,71213056
17388,71217152
17389,71221248
17390,71225344
17391,71229440
17392,71233536
17393,71237632
17394,71241728
17395,71245824
17396,71249920
17397,71254016
17398,71258112
17399,71262208
17400,71266304
17401,71270400
17402,71274496
17403,71278592
17404,71282688
17405,71286784
17406,71290880
17407,71294976
17408,71299072
17409,71303168
17410,71307264
17411,71311360
17412,71315456
17413,71319552
17414,71323648
17415,71327744
17416,71331840
17417,71335936
17418,71340032
17419,71344128
17420,71348224
17421,71352320
17422,71356416
17423,71360512
17424,71364608
17425,71368704
17426,71372800
17427,71376896
17428,71380992
17429,71385088
17430,71389184
17431,71393280
17432,71397376
17433,71401472
17434,71405568
17435,71409664
17436,71413760
17437,71417856
17438,71421952
17439,71426048
17440,71430144
17441,71434240
17442,71438336
17443,71442432
17444,71446528
17445,71450624
17446,71454720
17447,71458816
17448,71462912
17449,71467008
17450,71471104
17451,71475200
17452,71479296
17453,71483392
17454,71487488
17455,71491584
17456,71495680
17457,71499776
17458,71503872
17459,71507968
17460,71512064
17461,71516160
17462,71520256
17463,71524352
17464,71528448
17465,71532544
17466,71536640
17467,71540736
17468,71544832
17469,71548928
17470,71553024
17471,71557120
17472,71561216
17473,71565312
17474,71569408
17475,71573504
17476,71577600
17477,71581696
17478,71585792
17479,71589888
17480,71593984
17481,71598080
17482,71602176
17483,71606272
17484,71610368
17485,71614464
17486,71618560
17487,71622656
17488,71626752
17489,71630848
17490,71634944
17491,71639040
17492,71643136
17493,71647232
17494,71651328
17495,71655424
17496,71659520
17497,71663616
17498,71667712
17499,71671808
17500,71675904
17501,71680000
17502,71684096
17503,71688192
17504,71692288
17505,71696384
17506,71700480
17507,71704576
17508,71708672
17509,71712768
17510,71716864
17511,71720960
17512,71725056
17513,71729152
17514,71733248
17515,71737344
17516,71741440
17517,71745536
17518,71749632
17519,71753728
17520,71757824
17521,71761920
17522,71766016
17523,71770112
17524,71774208
17525,71778304
17526,71782400
17527,71786496
17528,71790592
17529,71794688
17530,71798784
17531,71802880
17532,71806976
17533,71811072
17534,71815168
17535,71819264
17536,71823360
17537,71827456
17538,71831552
17539,71835648
17540,71839744
17541,71843840
17542,71847936
17543,71852032
17544,71856128
17545,71860224
17546,71864320
17547,71868416
17548,71872512
17549,71876608
17550,71880704
17551,71884800
17552,71888896
17553,71892992
17554,71897088
17555,71901184
17556,71905280
17557,71909376
17558,71913472
17559,71917568
17560,71921664
17561,71925760
17562,71929856
17563,71933952
17564,71938048
17565,71942144
17566,71946240
17567,71950336
17568,71954432
17569,71958528
17570,71962624
17571,71966720
17572,71970816
17573,71974912
17574,71979008
17575,71983104
17576,71987200
17577,71991296
17578,71995392
17579,71999488
17580,72003584
17581,72007680
17582,72011776
17583,72015872
17584,72019968
17585,72024064
17586,72028160
17587,72032256
17588,72036352
17589,72040448
17590,72044544
17591,72048640
17592,72052736
17593,72056832
17594,72060928
17595,72065024
17596,72069120
17597,72073216
17598,72077312
17599,72081408
17600,72085504
17601,72089600
17602,72093696
17603,72097792
17604,72101888
17605,72105984
17606,72110080
17607,72114176
17608,72118272
17609,72122368
17610,72126464
17611,72130560
17612,72134656
17613,72138752
17614,72142848
17615,72146944
17616,72151040
17617,72155136
17618,72159232
17619,72163328
17620,72167424
17621,72171520
17622,72175616
17623,72179712
17624,72183808
17625,72187904
17626,72192000
17627,72196096
17628,72200192
17629,72204288
17630,72208384
17631,72212480
17632,72216576
17633,72220672
17634,72224768
17635,72228864
17636,72232960
17637,72237056
17638,72241152
17639,72245248
17640,72249344
17641,72253440
17642,72257536
17643,72261632
17644,72265728
17645,72269824
17646,72273920
17647,72278016
17648,72282112
17649,72286208
17650,72290304
17651,72294400
17652,72298496
17653,72302592
17654,72306688
17655,72310784
17656,72314880
17657,72318976
17658,72323072
17659,72327168
17660,72331264
17661,72335360
17662,72339456
17663,72343552
17664,72347648
17665,72351744
17666,72355840
17667,72359936
17668,72364032
17669,72368128
17670,72372224
17671,72376320
17672,72380416
17673,72384512
17674,72388608
17675,72392704
17676,72396800
17677,72400896
17678,72404992
17679,72409088
17680,72413184
17681,72417280
17682,72421376
17683,72425472
17684,72429568
17685,72433664
17686,72437760
17687,72441856
17688,72445952
17689,72450048
17690,72454144
17691,72458240
17692,72462336
17693,72466432
17694,72470528
17695,72474624
17696,72478720
17697,72482816
17698,72486912
17699,72491008
17700,72495104
17701,72499200
17702,72503296
17703,72507392
17704,72511488
17705,72515584
17706,72519680
17707,72523776
17708,72527872
17709,72531968
17710,72536064
17711,72540160
17712,72544256
17713,72548352
17714,72552448
17715,72556544
17716,72560640
17717,72564736
17718,72568832
17719,72572928
17720,72577024
17721,72581120
17722,72585216
17723,72589312
17724,72593408
17725,72597504
17726,72601600
17727,72605696
17728,72609792
17729,72613888
17730,72617984
17731,72622080
17732,72626176
17733,72630272
17734,72634368
17735,72638464
17736,72642560
17737,72646656
17738,72650752
17739,72654848
17740,72658944
17741,72663040
17742,72667136
17743,72671232
17744,72675328
17745,72679424
17746,72683520
17747,72687616
17748,72691712
17749,72695808
17750,72699904
17751,72704000
17752,72708096
17753,72712192
17754,72716288
17755,72720384
17756,72724480
17757,72728576
17758,72732672
17759,72736768
17760,72740864
17761,72744960
17762,72749056
17763,72753152
17764,72757248
17765,72761344
17766,72765440
17767,72769536
17768,72773632
17769,72777728
17770,72781824
17771,72785920
17772,72790016
17773,72794112
17774,72798208
17775,72802304
17776,72806400
17777,72810496
17778,72814592
17779,72818688
17780,72822784
17781,72826880
17782,72830976
17783,72835072
17784,72839168
17785,72843264
17786,72847360
17787,72851456
17788,72855552
17789,72859648
17790,72863744
17791,72867840
17792,72871936
17793,72876032
17794,72880128
17795,72884224
17796,72888320
17797,72892416
17798,72896512
17799,72900608
17800,72904704
17801,72908800
17802,72912896
17803,72916992
17804,72921088
17805,72925184
17806,72929280
17807,72933376
17808,72937472
17809,72941568
17810,72945664
17811,72949760
17812,72953856
17813,72957952
17814,72962048
17815,72966144
17816,72970240
17817,72974336
17818,72978432
17819,72982528
17820,72986624
17821,72990720
17822,72994816
17823,72998912
17824,73003008
17825,73007104
17826,73011200
17827,73015296
17828,73019392
17829,73023488
17830,73027584
17831,73031680
17832,73035776
17833,73039872
17834,73043968
17835,73048064
17836,73052160
17837,73056256
17838,73060352
17839,73064448
17840,73068544
17841,73072640
17842,73076736
17843,73080832
17844,73084928
17845,73089024
17846,73093120
17847,73097216
17848,73101312
17849,73105408
17850,73109504
17851,73113600
17852,73117696
17853,73121792
17854,73125888
17855,73129984
17856,73134080
17857,73138176
17858,73142272
17859,73146368
17860,73150464
17861,73154560
17862,73158656
17863,73162752
17864,73166848
17865,73170944
17866,73175040
17867,73179136
17868,73183232
17869,73187328
17870,73191424
17871,73195520
17872,73199616
17873,73203712
17874,73207808
17875,73211904
17876,73216000
17877,73220096
17878,73224192
17879,73228288
17880,73232384
17881,73236480
17882,73240576
17883,73244672
17884,73248768
17885,73252864
17886,73256960
17887,73261056
17888,73265152
17889,73269248
17890,73273344
17891,73277440
17892,73281536
17893,73285632
17894,73289728
17895,73293824
17896,73297920
17897,73302016
17898,73306112
17899,73310208
17900,73314304
17901,73318400
17902,73322496
17903,73326592
17904,73330688
17905,73334784
17906,73338880
17907,73342976
17908,73347072
17909,73351168
17910,73355264
17911,73359360
17912,73363456
17913,73367552
17914,73371648
17915,73375744
17916,73379840
17917,73383936
17918,73388032
17919,73392128
17920,73396224
17921,73400320
17922,73404416
17923,73408512
17924,73412608
17925,73416704
17926,73420800
17927,73424896
17928,73428992
17929,73433088
17930,73437184
17931,73441280
17932,73445376
17933,73449472
17934,73453568
17935,73457664
17936,73461760
17937,73465856
17938,73469952
17939,73474048
17940,73478144
17941,73482240
17942,73486336
17943,73490432
17944,73494528
17945,73498624
17946,73502720
17947,73506816
17948,73510912
17949,73515008
17950,73519104
17951,73523200
17952,73527296
17953,73531392
17954,73535488
17955,73539584
17956,73543680
17957,73547776
17958,73551872
17959,73555968
17960,73560064
17961,73564160
17962,73568256
17963,73572352
17964,73576448
17965,73580544
17966,73584640
17967,73588736
17968,73592832
17969,73596928
17970,73601024
17971,73605120
17972,73609216
17973,73613312
17974,73617408
17975,73621504
17976,73625600
17977,73629696
17978,73633792
17979,73637888
17980,73641984
17981,73646080
17982,73650176
17983,73654272
17984,73658368
17985,73662464
17986,73666560
17987,73670656
17988,73674752
17989,73678848
17990,73682944
17991,73687040
17992,73691136
17993,73695232
17994,73699328
17995,73703424
17996,73707520
17997,73711616
17998,73715712
17999,73719808
18000,73723904
18001,73728000
18002,73732096
18003,73736192
18004,73740288
18005,73744384
18006,73748480
18007,73752576
18008,73756672
18009,73760768
18010,73764864
18011,73768960
18012,73773056
18013,73777152
18014,73781248
18015,73785344
18016,73789440
18017,73793536
18018,73797632
18019,73801728
18020,73805824
18021,73809920
18022,73814016
18023,73818112
18024,73822208
18025,73826304
18026,73830400
18027,73834496
18028,73838592
18029,73842688
18030,73846784
18031,73850880
18032,73854976
18033,73859072
18034,73863168
18035,73867264
18036,73871360
18037,73875456
18038,73879552
18039,73883648
18040,73887744
18041,73891840
18042,73895936
18043,73900032
18044,73904128
18045,73908224
18046,73912320
18047,73916416
18048,73920512
18049,73924608
18050,73928704
18051,73932800
18052,73936896
18053,73940992
18054,73945088
18055,73949184
18056,73953280
18057,73957376
18058,73961472
18059,73965568
18060,73969664
18061,73973760
18062,73977856
18063,73981952
18064,73986048
18065,73990144
18066,73994240
18067,73998336
18068,74002432
18069,74006528
18070,74010624
18071,74014720
18072,74018816
18073,74022912
18074,74027008
18075,74031104
18076,74035200
18077,74039296
18078,74043392
18079,74047488
18080,74051584
18081,74055680
18082,74059776
18083,74063872
18084,74067968
18085,74072064
18086,74076160
18087,74080256
18088,74084352
18089,74088448
18090,74092544
18091,74096640
18092,74100736
18093,74104832
18094,74108928
18095,74113024
18096,74117120
18097,74121216
18098,74125312
18099,74129408
18100,74133504
18101,74137600
18102,74141696
18103,74145792
18104,74149888
18105,74153984
18106,74158080
18107,74162176
18108,74166272
18109,74170368
18110,74174464
18111,74178560
18112,74182656
18113,74186752
18114,74190848
18115,74194944
18116,74199040
18117,74203136
18118,74207232
18119,74211328
18120,74215424
18121,74219520
18122,74223616
18123,74227712
18124,74231808
18125,74235904
18126,74240000
18127,74244096
18128,74248192
18129,74252288
18130,74256384
18131,74260480
18132,74264576
18133,74268672
18134,74272768
18135,74276864
18136,74280960
18137,74285056
18138,74289152
18139,74293248
18140,74297344
18141,74301440
18142,74305536
18143,74309632
18144,74313728
18145,74317824
18146,74321920
18147,74326016
18148,74330112
18149,74334208
18150,74338304
18151,74342400
18152,74346496
18153,74350592
18154,74354688
18155,74358784
18156,74362880
18157,74366976
18158,74371072
18159,74375168
18160,74379264
18161,74383360
18162,74387456
18163,74391552
18164,74395648
18165,74399744
18166,74403840
18167,74407936
18168,74412032
18169,74416128
18170,74420224
18171,74424320
18172,74428416
18173,74432512
18174,74436608
18175,74440704
18176,74444800
18177,74448896
18178,74452992
18179,74457088
18180,74461184
18181,74465280
18182,74469376
18183,74473472
18184,74477568
18185,74481664
18186,74485760
18187,74489856
18188,74493952
18189,74498048
18190,74502144
18191,74506240
18192,74510336
18193,74514432
18194,74518528
18195,74522624
18196,74526720
18197,74530816
18198,74534912
18199,74539008
18200,74543104
18201,74547200
18202,74551296
18203,74555392
18204,74559488
18205,74563584
18206,74567680
18207,74571776
18208,74575872
18209,74579968
18210,74584064
18211,74588160
18212,74592256
18213,74596352
18214,74600448
18215,74604544
18216,74608640
18217,74612736
18218,74616832
18219,74620928
18220,74625024
18221,74629120
18222,74633216
18223,74637312
18224,74641408
18225,74645504
18226,74649600
18227,74653696
18228,74657792
18229,74661888
18230,74665984
18231,74670080
18232,74674176
18233,74678272
18234,74682368
18235,74686464
18236,74690560
18237,74694656
18238,74698752
18239,74702848
18240,74706944
18241,74711040
18242,74715136
18243,74719232
18244,74723328
18245,74727424
18246,74731520
18247,74735616
18248,74739712
18249,74743808
18250,74747904
18251,74752000
18252,74756096
18253,74760192
18254,74764288
18255,74768384
18256,74772480
18257,74776576
18258,74780672
18259,74784768
18260,74788864
18261,74792960
18262,74797056
18263,74801152
18264,74805248
18265,74809344
18266,74813440
18267,74817536
18268,74821632
18269,74825728
18270,74829824
18271,74833920
18272,74838016
18273,74842112
18274,74846208
18275,74850304
18276,74854400
18277,74858496
18278,74862592
18279,74866688
18280,74870784
18281,74874880
18282,74878976
18283,74883072
18284,74887168
18285,74891264
18286,74895360
18287,74899456
18288,74903552
18289,74907648
18290,74911744
18291,74915840
18292,74919936
18293,74924032
18294,74928128
18295,74932224
18296,74936320
18297,74940416
18298,74944512
18299,74948608
18300,74952704
18301,74956800
18302,74960896
18303,74964992
18304,74969088
18305,74973184
18306,74977280
18307,74981376
18308,74985472
18309,74989568
18310,74993664
18311,74997760
18312,75001856
18313,75005952
18314,75010048
18315,75014144
18316,75018240
18317,75022336
18318,75026432
18319,75030528
18320,75034624
18321,75038720
18322,75042816
18323,75046912
18324,75051008
18325,75055104
18326,75059200
18327,75063296
18328,75067392
18329,75071488
18330,75075584
18331,75079680
18332,75083776
18333,75087872
18334,75091968
18335,75096064
18336,75100160
18337,75104256
18338,75108352
18339,75112448
18340,75116544
18341,75120640
18342,75124736
18343,75128832
18344,75132928
18345,75137024
18346,75141120
18347,75145216
18348,75149312
18349,75153408
18350,75157504
18351,75161600
18352,75165696
18353,75169792
18354,75173888
18355,75177984
18356,75182080
18357,75186176
18358,75190272
18359,75194368
18360,75198464
18361,75202560
18362,75206656
18363,75210752
18364,75214848
18365,75218944
18366,75223040
18367,75227136
18368,75231232
18369,75235328
18370,75239424
18371,75243520
18372,75247616
18373,75251712
18374,75255808
18375,75259904
18376,75264000
18377,75268096
18378,75272192
18379,75276288
18380,75280384
18381,75284480
18382,75288576
18383,75292672
18384,75296768
18385,75300864
18386,75304960
18387,75309056
18388,75313152
18389,75317248
18390,75321344
18391,75325440
18392,75329536
18393,75333632
18394,75337728
18395,75341824
18396,75345920
18397,75350016
18398,75354112
18399,75358208
18400,75362304
18401,75366400
18402,75370496
18403,75374592
18404,75378688
18405,75382784
18406,75386880
18407,75390976
18408,75395072
18409,75399168
18410,75403264
18411,75407360
18412,75411456
18413,75415552
18414,75419648
18415,75423744
18416,75427840
18417,75431936
18418,75436032
18419,75440128
18420,75444224
18421,75448320
18422,75452416
18423,75456512
18424,75460608
18425,75464704
18426,75468800
18427,75472896
18428,75476992
18429,75481088
18430,75485184
18431,75489280
18432,75493376
18433,75497472
18434,75501568
18435,75505664
18436,75509760
18437,75513856
18438,75517952
18439,75522048
18440,75526144
18441,75530240
18442,75534336
18443,75538432
18444,75542528
18445,75546624
18446,75550720
18447,75554816
18448,75558912
18449,75563008
18450,75567104
18451,75571200
18452,75575296
18453,75579392
18454,75583488
18455,75587584
18456,75591680
18457,75595776
18458,75599872
18459,75603968
18460,75608064
18461,75612160
18462,75616256
18463,75620352
18464,75624448
18465,75628544
18466,75632640
18467,75636736
18468,75640832
18469,75644928
18470,75649024
18471,75653120
18472,75657216
18473,75661312
18474,75665408
18475,75669504
18476,75673600
18477,75677696
18478,75681792
18479,75685888
18480,75689984
18481,75694080
18482,75698176
18483,75702272
18484,75706368
18485,75710464
18486,75714560
18487,75718656
18488,75722752
18489,75726848
18490,75730944
18491,75735040
18492,75739136
18493,75743232
18494,75747328
18495,75751424
18496,75755520
18497,75759616
18498,75763712
18499,75767808
18500,75771904
18501,75776000
18502,75780096
18503,75784192
18504,75788288
18505,75792384
18506,75796480
18507,75800576
18508,75804672
18509,75808768
18510,75812864
18511,75816960
18512,75821056
18513,75825152
18514,75829248
18515,75833344
18516,75837440
18517,75841536
18518,75845632
18519,75849728
18520,75853824
18521,75857920
18522,75862016
18523,75866112
18524,75870208
18525,75874304
18526,75878400
18527,75882496
18528,75886592
18529,75890688
18530,75894784
18531,75898880
18532,75902976
18533,75907072
18534,75911168
18535,75915264
18536,75919360
18537,75923456
18538,75927552
18539,75931648
18540,75935744
18541,75939840
18542,75943936
18543,75948032
18544,75952128
18545,75956224
18546,75960320
18547,75964416
18548,75968512
18549,75972608
18550,75976704
18551,75980800
18552,75984896
18553,75988992
18554,75993088
18555,75997184
18556,76001280
18557,76005376
18558,76009472
18559,76013568
18560,76017664
18561,76021760
18562,76025856
18563,76029952
18564,76034048
18565,76038144
18566,76042240
18567,76046336
18568,76050432
18569,76054528
18570,76058624
18571,76062720
18572,76066816
18573,76070912
18574,76075008
18575,76079104
18576,76083200
18577,76087296
18578,76091392
18579,76095488
18580,76099584
18581,76103680
18582,76107776
18583,76111872
18584,76115968
18585,76120064
18586,76124160
18587,76128256
18588,76132352
18589,76136448
18590,76140544
18591,76144640
18592,76148736
18593,76152832
18594,76156928
18595,76161024
18596,76165120
18597,76169216
18598,76173312
18599,76177408
18600,76181504
18601,76185600
18602,76189696
18603,76193792
18604,76197888
18605,76201984
18606,76206080
18607,76210176
18608,76214272
18609,76218368
18610,76222464
18611,76226560
18612,76230656
18613,76234752
18614,76238848
18615,76242944
18616,76247040
18617,76251136
18618,76255232
18619,76259328
18620,76263424
18621,76267520
18622,76271616
18623,76275712
18624,76279808
18625,76283904
18626,76288000
18627,76292096
18628,76296192
18629,76300288
18630,76304384
18631,76308480
18632,76312576
18633,76316672
18634,76320768
18635,76324864
18636,76328960
18637,76333056
18638,76337152
18639,76341248
18640,76345344
18641,76349440
18642,76353536
18643,76357632
18644,76361728
18645,76365824
18646,76369920
18647,76374016
18648,76378112
18649,76382208
18650,76386304
18651,76390400
18652,76394496
18653,76398592
18654,76402688
18655,76406784
18656,76410880
18657,76414976
18658,76419072
18659,76423168
18660,76427264
18661,76431360
18662,76435456
18663,76439552
18664,76443648
18665,76447744
18666,76451840
18667,76455936
18668,76460032
18669,76464128
18670,76468224
18671,76472320
18672,76476416
18673,76480512
18674,76484608
18675,76488704
18676,76492800
18677,76496896
18678,76500992
18679,76505088
18680,76509184
18681,76513280
18682,76517376
18683,76521472
18684,76525568
18685,76529664
18686,76533760
18687,76537856
18688,76541952
18689,76546048
18690,76550144
18691,76554240
18692,76558336
18693,76562432
18694,76566528
18695,76570624
18696,76574720
18697,76578816
18698,76582912
18699,76587008
18700,76591104
18701,76595200
18702,76599296
18703,76603392
18704,76607488
18705,76611584
18706,76615680
18707,76619776
18708,76623872
18709,76627968
18710,76632064
18711,76636160
18712,76640256
18713,76644352
18714,76648448
18715,76652544
18716,76656640
18717,76660736
18718,76664832
18719,76668928
18720,76673024
18721,76677120
18722,76681216
18723,76685312
18724,76689408
18725,76693504
18726,76697600
18727,76701696
18728,76705792
18729,76709888
18730,76713984
18731,76718080
18732,76722176
18733,76726272
18734,76730368
18735,76734464
18736,76738560
18737,76742656
18738,76746752
18739,76750848
18740,76754944
18741,76759040
18742,76763136
18743,76767232
18744,76771328
18745,76775424
18746,76779520
18747,76783616
18748,76787712
18749,76791808
18750,76795904
18751,76800000
18752,76804096
18753,76808192
18754,76812288
18755,76816384
18756,76820480
18757,76824576
18758,76828672
18759,76832768
18760,76836864
18761,76840960
18762,76845056
18763,76849152
18764,76853248
18765,76857344
18766,76861440
18767,76865536
18768,76869632
18769,76873728
18770,76877824
18771,76881920
18772,76886016
18773,76890112
18774,76894208
18775,76898304
18776,76902400
18777,76906496
18778,76910592
18779,76914688
18780,76918784
18781,76922880
18782,76926976
18783,76931072
18784,76935168
18785,76939264
18786,76943360
18787,76947456
18788,76951552
18789,76955648
18790,76959744
18791,76963840
18792,76967936
18793,76972032
18794,76976128
18795,76980224
18796,76984320
18797,76988416
18798,76992512
18799,76996608
18800,77000704
18801,77004800
18802,77008896
18803,77012992
18804,77017088
18805,77021184
18806,77025280
18807,77029376
18808,77033472
18809,77037568
18810,77041664
18811,77045760
18812,77049856
18813,77053952
18814,77058048
18815,77062144
18816,77066240
18817,77070336
18818,77074432
18819,77078528
18820,77082624
18821,77086720
18822,77090816
18823,77094912
18824,77099008
18825,77103104
18826,77107200
18827,77111296
18828,77115392
18829,77119488
18830,77123584
18831,77127680
18832,77131776
18833,77135872
18834,77139968
18835,77144064
18836,77148160
18837,77152256
18838,77156352
18839,77160448
18840,77164544
18841,77168640
18842,77172736
18843,77176832
18844,77180928
18845,77185024
18846,77189120
18847,77193216
18848,77197312
18849,77201408
18850,77205504
18851,77209600
18852,77213696
18853,77217792
18854,77221888
18855,77225984
18856,77230080
18857,77234176
18858,77238272
18859,77242368
18860,77246464
18861,77250560
18862,77254656
18863,77258752
18864,77262848
18865,77266944
18866,77271040
18867,77275136
18868,77279232
18869,77283328
18870,77287424
18871,77291520
18872,77295616
18873,77299712
18874,77303808
18875,77307904
18876,77312000
18877,77316096
18878,77320192
18879,77324288
18880,77328384
18881,77332480
18882,77336576
18883,77340672
18884,77344768
18885,77348864
18886,77352960
18887,77357056
18888,77361152
18889,77365248
18890,77369344
18891,77373440
18892,77377536
18893,77381632
18894,77385728
18895,77389824
18896,77393920
18897,77398016
18898,77402112
18899,77406208
18900,77410304
18901,77414400
18902,77418496
18903,77422592
18904,77426688
18905,77430784
18906,77434880
18907,77438976
18908,77443072
18909,77447168
18910,77451264
18911,77455360
18912,77459456
18913,77463552
18914,77467648
18915,77471744
18916,77475840
18917,77479936
18918,77484032
18919,77488128
18920,77492224
18921,77496320
18922,77500416
18923,77504512
18924,77508608
18925,77512704
18926,77516800
18927,77520896
18928,77524992
18929,77529088
18930,77533184
18931,77537280
18932,77541376
18933,77545472
18934,77549568
18935,77553664
18936,77557760
18937,77561856
18938,77565952
18939,77570048
18940,77574144
18941,77578240
18942,77582336
18943,77586432
18944,77590528
18945,77594624
18946,77598720
18947,77602816
18948,77606912
18949,77611008
18950,77615104
18951,77619200
18952,77623296
18953,77627392
18954,77631488
18955,77635584
18956,77639680
18957,77643776
18958,77647872
18959,77651968
18960,77656064
18961,77660160
18962,77664256
18963,77668352
18964,77672448
18965,77676544
18966,77680640
18967,77684736
18968,77688832
18969,77692928
18970,77697024
18971,77701120
18972,77705216
18973,77709312
18974,77713408
18975,77717504
18976,77721600
18977,77725696
18978,77729792
18979,77733888
18980,77737984
18981,77742080
18982,77746176
18983,77750272
18984,77754368
18985,77758464
18986,77762560
18987,77766656
18988,77770752
18989,77774848
18990,77778944
18991,77783040
18992,77787136
18993,77791232
18994,77795328
18995,77799424
18996,77803520
18997,77807616
18998,77811712
18999,77815808
19000,77819904
19001,77824000
19002,77828096
19003,77832192
19004,77836288
19005,77840384
19006,77844480
19007,77848576
19008,77852672
19009,77856768
19010,77860864
19011,77864960
19012,77869056
19013,77873152
19014,77877248
19015,77881344
19016,77885440
19017,77889536
19018,77893632
19019,77897728
19020,77901824
19021,77905920
19022,77910016
19023,77914112
19024,77918208
19025,77922304
19026,77926400
19027,77930496
19028,77934592
19029,77938688
19030,77942784
19031,77946880
19032,77950976
19033,77955072
19034,77959168
19035,77963264
19036,77967360
19037,77971456
19038,77975552
19039,77979648
19040,77983744
19041,77987840
19042,77991936
19043,77996032
19044,78000128
19045,78004224
19046,78008320
19047,78012416
19048,78016512
19049,78020608
19050,78024704
19051,78028800
19052,78032896
19053,78036992
19054,78041088
19055,78045184
19056,78049280
19057,78053376
19058,78057472
19059,78061568
19060,78065664
19061,78069760
19062,78073856
19063,78077952
19064,78082048
19065,78086144
19066,78090240
19067,78094336
19068,78098432
19069,78102528
19070,78106624
19071,78110720
19072,78114816
19073,78118912
19074,78123008
19075,78127104
19076,78131200
19077,78135296
19078,78139392
19079,78143488
19080,78147584
19081,78151680
19082,78155776
19083,78159872
19084,78163968
19085,78168064
19086,78172160
19087,78176256
19088,78180352
19089,78184448
19090,78188544
19091,78192640
19092,78196736
19093,78200832
19094,78204928
19095,78209024
19096,78213120
19097,78217216
19098,78221312
19099,78225408
19100,78229504
19101,78233600
19102,78237696
19103,78241792
19104,78245888
19105,78249984
19106,78254080
19107,78258176
19108,78262272
19109,78266368
19110,78270464
19111,78274560
19112,78278656
19113,78282752
19114,78286848
19115,78290944
19116,78295040
19117,78299136
19118,78303232
19119,78307328
19120,78311424
19121,78315520
19122,78319616
19123,78323712
19124,78327808
19125,78331904
19126,78336000
19127,78340096
19128,78344192
19129,78348288
19130,78352384
19131,78356480
19132,78360576
19133,78364672
19134,78368768
19135,78372864
19136,78376960
19137,78381056
19138,78385152
19139,78389248
19140,78393344
19141,78397440
19142,78401536
19143,78405632
19144,78409728
19145,78413824
19146,78417920
19147,78422016
19148,78426112
19149,78430208
19150,78434304
19151,78438400
19152,78442496
19153,78446592
19154,78450688
19155,78454784
19156,78458880
19157,78462976
19158,78467072
19159,78471168
19160,78475264
19161,78479360
19162,78483456
19163,78487552
19164,78491648
19165,78495744
19166,78499840
19167,78503936
19168,78508032
19169,78512128
19170,78516224
19171,78520320
19172,78524416
19173,78528512
19174,78532608
19175,78536704
19176,78540800
19177,78544896
19178,78548992
19179,78553088
19180,78557184
19181,78561280
19182,78565376
19183,78569472
19184,78573568
19185,78577664
19186,78581760
19187,78585856
19188,78589952
19189,78594048
19190,78598144
19191,78602240
19192,78606336
19193,78610432
19194,78614528
19195,78618624
19196,78622720
19197,78626816
19198,78630912
19199,78635008
19200,78639104
19201,78643200
19202,78647296
19203,78651392
19204,78655488
19205,78659584
19206,78663680
19207,78667776
19208,78671872
19209,78675968
19210,78680064
19211,78684160
19212,78688256
19213,78692352
19214,78696448
19215,78700544
19216,78704640
19217,78708736
19218,78712832
19219,78716928
19220,78721024
19221,78725120
19222,78729216
19223,78733312
19224,78737408
19225,78741504
19226,78745600
19227,78749696
19228,78753792
19229,78757888
19230,78761984
19231,78766080
19232,78770176
19233,78774272
19234,78778368
19235,78782464
19236,78786560
19237,78790656
19238,78794752
19239,78798848
19240,78802944
19241,78807040
19242,78811136
19243,78815232
19244,78819328
19245,78823424
19246,78827520
19247,78831616
19248,78835712
19249,78839808
19250,78843904
19251,78848000
19252,78852096
19253,78856192
19254,78860288
19255,78864384
19256,78868480
19257,78872576
19258,78876672
19259,78880768
19260,78884864
19261,78888960
19262,78893056
19263,78897152
19264,78901248
19265,78905344
19266,78909440
19267,78913536
19268,78917632
19269,78921728
19270,78925824
19271,78929920
19272,78934016
19273,78938112
19274,78942208
19275,78946304
19276,78950400
19277,78954496
19278,78958592
19279,78962688
19280,78966784
19281,78970880
19282,78974976
19283,78979072
19284,78983168
19285,78987264
19286,78991360
19287,78995456
19288,78999552
19289,79003648
19290,79007744
19291,79011840
19292,79015936
19293,79020032
19294,79024128
19295,79028224
19296,79032320
19297,79036416
19298,79040512
19299,79044608
19300,79048704
19301,79052800
19302,79056896
19303,79060992
19304,79065088
19305,79069184
19306,79073280
19307,79077376
19308,79081472
19309,79085568
19310,79089664
19311,79093760
19312,79097856
19313,79101952
19314,79106048
19315,79110144
19316,79114240
19317,79118336
19318,79122432
19319,79126528
19320,79130624
19321,79134720
19322,79138816
19323,79142912
19324,79147008
19325,79151104
19326,79155200
19327,79159296
19328,79163392
19329,79167488
19330,79171584
19331,79175680
19332,79179776
19333,79183872
19334,79187968
19335,79192064
19336,79196160
19337,79200256
19338,79204352
19339,79208448
19340,79212544
19341,79216640
19342,79220736
19343,79224832
19344,79228928
19345,79233024
19346,79237120
19347,79241216
19348,79245312
19349,79249408
19350,79253504
19351,79257600
19352,79261696
19353,79265792
19354,79269888
19355,79273984
19356,79278080
19357,79282176
19358,79286272
19359,79290368
19360,79294464
19361,79298560
19362,79302656
19363,79306752
19364,79310848
19365,79314944
19366,79319040
19367,79323136
19368,79327232
19369,79331328
19370,79335424
19371,79339520
19372,79343616
19373,79347712
19374,79351808
19375,79355904
19376,79360000
19377,79364096
19378,79368192
19379,79372288
19380,79376384
19381,79380480
19382,79384576
19383,79388672
19384,79392768
19385,79396864
19386,79400960
19387,79405056
19388,79409152
19389,79413248
19390,79417344
19391,79421440
19392,79425536
19393,79429632
19394,79433728
19395,79437824
19396,79441920
19397,79446016
19398,79450112
19399,79454208
19400,79458304
19401,79462400
19402,79466496
19403,79470592
19404,79474688
19405,79478784
19406,79482880
19407,79486976
19408,79491072
19409,79495168
19410,79499264
19411,79503360
19412,79507456
19413,79511552
19414,79515648
19415,79519744
19416,79523840
19417,79527936
19418,79532032
19419,79536128
19420,79540224
19421,79544320
19422,79548416
19423,79552512
19424,79556608
19425,79560704
19426,79564800
19427,79568896
19428,79572992
19429,79577088
19430,79581184
19431,79585280
19432,79589376
19433,79593472
19434,79597568
19435,79601664
19436,79605760
19437,79609856
19438,79613952
19439,79618048
19440,79622144
19441,79626240
19442,79630336
19443,79634432
19444,79638528
19445,79642624
19446,79646720
19447,79650816
19448,79654912
19449,79659008
19450,79663104
19451,79667200
19452,79671296
19453,79675392
19454,79679488
19455,79683584
19456,79687680
19457,79691776
19458,79695872
19459,79699968
19460,79704064
19461,79708160
19462,79712256
19463,79716352
19464,79720448
19465,79724544
19466,79728640
19467,79732736
19468,79736832
19469,79740928
19470,79745024
19471,79749120
19472,79753216
19473,79757312
19474,79761408
19475,79765504
19476,79769600
19477,79773696
19478,79777792
19479,79781888
19480,79785984
19481,79790080
19482,79794176
19483,79798272
19484,79802368
19485,79806464
19486,79810560
19487,79814656
19488,79818752
19489,79822848
19490,79826944
19491,79831040
19492,79835136
19493,79839232
19494,79843328
19495,79847424
19496,79851520
19497,79855616
19498,79859712
19499,79863808
19500,79867904
19501,79872000
19502,79876096
19503,79880192
19504,79884288
19505,79888384
19506,79892480
19507,79896576
19508,79900672
19509,79904768
19510,79908864
19511,79912960
19512,79917056
19513,79921152
19514,79925248
19515,79929344
19516,79933440
19517,79937536
19518,79941632
19519,79945728
19520,79949824
19521,79953920
19522,79958016
19523,79962112
19524,79966208
19525,79970304
19526,79974400
19527,79978496
19528,79982592
19529,79986688
19530,79990784
19531,79994880
19532,79998976
19533,80003072
19534,80007168
19535,80011264
19536,80015360
19537,80019456
19538,80023552
19539,80027648
19540,80031744
19541,80035840
19542,80039936
19543,80044032
19544,80048128
19545,80052224
19546,80056320
19547,80060416
19548,80064512
19549,80068608
19550,80072704
19551,80076800
19552,80080896
19553,80084992
19554,80089088
19555,80093184
19556,80097280
19557,80101376
19558,80105472
19559,80109568
19560,80113664
19561,80117760
19562,80121856
19563,80125952
19564,80130048
19565,80134144
19566,80138240
19567,80142336
19568,80146432
19569,80150528
19570,80154624
19571,80158720
19572,80162816
19573,80166912
19574,80171008
19575,80175104
19576,80179200
19577,80183296
19578,80187392
19579,80191488
19580,80195584
19581,80199680
19582,80203776
19583,80207872
19584,80211968
19585,80216064
19586,80220160
19587,80224256
19588,80228352
19589,80232448
19590,80236544
19591,80240640
19592,80244736
19593,80248832
19594,80252928
19595,80257024
19596,80261120
19597,80265216
19598,80269312
19599,80273408
19600,80277504
19601,80281600
19602,80285696
19603,80289792
19604,80293888
19605,80297984
19606,80302080
19607,80306176
19608,80310272
19609,80314368
19610,80318464
19611,80322560
19612,80326656
19613,80330752
19614,80334848
19615,80338944
19616,80343040
19617,80347136
19618,80351232
19619,80355328
19620,80359424
19621,80363520
19622,80367616
19623,80371712
19624,80375808
19625,80379904
19626,80384000
19627,80388096
19628,80392192
19629,80396288
19630,80400384
19631,80404480
19632,80408576
19633,80412672
19634,80416768
19635,80420864
19636,80424960
19637,80429056
19638,80433152
19639,80437248
19640,80441344
19641,80445440
19642,80449536
19643,80453632
19644,80457728
19645,80461824
19646,80465920
19647,80470016
19648,80474112
19649,80478208
19650,80482304
19651,80486400
19652,80490496
19653,80494592
19654,80498688
19655,80502784
19656,80506880
19657,80510976
19658,80515072
19659,80519168
19660,80523264
19661,80527360
19662,80531456
19663,80535552
19664,80539648
19665,80543744
19666,80547840
19667,80551936
19668,80556032
19669,80560128
19670,80564224
19671,80568320
19672,80572416
19673,80576512
19674,80580608
19675,80584704
19676,80588800
19677,80592896
19678,80596992
19679,80601088
19680,80605184
19681,80609280
19682,80613376
19683,80617472
19684,80621568
19685,80625664
19686,80629760
19687,80633856
19688,80637952
19689,80642048
19690,80646144
19691,80650240
19692,80654336
19693,80658432
19694,80662528
19695,80666624
19696,80670720
19697,80674816
19698,80678912
19699,80683008
19700,80687104
19701,80691200
19702,80695296
19703,80699392
19704,80703488
19705,80707584
19706,80711680
19707,80715776
19708,80719872
19709,80723968
19710,80728064
19711,80732160
19712,80736256
19713,80740352
19714,80744448
19715,80748544
19716,80752640
19717,80756736
19718,80760832
19719,80764928
19720,80769024
19721,80773120
19722,80777216
19723,80781312
19724,80785408
19725,80789504
19726,80793600
19727,80797696
19728,80801792
19729,80805888
19730,80809984
19731,80814080
19732,80818176
19733,80822272
19734,80826368
19735,80830464
19736,80834560
19737,80838656
19738,80842752
19739,80846848
19740,80850944
19741,80855040
19742,80859136
19743,80863232
19744,80867328
19745,80871424
19746,80875520
19747,80879616
19748,80883712
19749,80887808
19750,80891904
19751,80896000
19752,80900096
19753,80904192
19754,80908288
19755,80912384
19756,80916480
19757,80920576
19758,80924672
19759,80928768
19760,80932864
19761,80936960
19762,80941056
19763,80945152
19764,80949248
19765,80953344
19766,80957440
19767,80961536
19768,80965632
19769,80969728
19770,80973824
19771,80977920
19772,80982016
19773,80986112
19774,80990208
19775,80994304
19776,80998400
19777,81002496
19778,81006592
19779,81010688
19780,81014784
19781,81018880
19782,81022976
19783,81027072
19784,81031168
19785,81035264
19786,81039360
19787,81043456
19788,81047552
19789,81051648
19790,81055744
19791,81059840
19792,81063936
19793,81068032
19794,81072128
19795,81076224
19796,81080320
19797,81084416
19798,81088512
19799,81092608
19800,81096704
19801,81100800
19802,81104896
19803,81108992
19804,81113088
19805,81117184
19806,81121280
19807,81125376
19808,81129472
19809,81133568
19810,81137664
19811,81141760
19812,81145856
19813,81149952
19814,81154048
19815,81158144
19816,81162240
19817,81166336
19818,81170432
19819,81174528
19820,81178624
19821,81182720
19822,81186816
19823,81190912
19824,81195008
19825,81199104
19826,81203200
19827,81207296
19828,81211392
19829,81215488
19830,81219584
19831,81223680
19832,81227776
19833,81231872
19834,81235968
19835,81240064
19836,81244160
19837,81248256
19838,81252352
19839,81256448
19840,81260544
19841,81264640
19842,81268736
19843,81272832
19844,81276928
19845,81281024
19846,81285120
19847,81289216
19848,81293312
19849,81297408
19850,81301504
19851,81305600
19852,81309696
19853,81313792
19854,81317888
19855,81321984
19856,81326080
19857,81330176
19858,81334272
19859,81338368
19860,81342464
19861,81346560
19862,81350656
19863,81354752
19864,81358848
19865,81362944
19866,81367040
19867,81371136
19868,81375232
19869,81379328
19870,81383424
19871,81387520
19872,81391616
19873,81395712
19874,81399808
19875,81403904
19876,81408000
19877,81412096
19878,81416192
19879,81420288
19880,81424384
19881,81428480
19882,81432576
19883,81436672
19884,81440768
19885,81444864
19886,81448960
19887,81453056
19888,81457152
19889,81461248
19890,81465344
19891,81469440
19892,81473536
19893,81477632
19894,81481728
19895,81485824
19896,81489920
19897,81494016
19898,81498112
19899,81502208
19900,81506304
19901,81510400
19902,81514496
19903,81518592
19904,81522688
19905,81526784
19906,81530880
19907,81534976
19908,81539072
19909,81543168
19910,81547264
19911,81551360
19912,81555456
19913,81559552
19914,81563648
19915,81567744
19916,81571840
19917,81575936
19918,81580032
19919,81584128
19920,81588224
19921,81592320
19922,81596416
19923,81600512
19924,81604608
19925,81608704
19926,81612800
19927,81616896
19928,81620992
19929,81625088
19930,81629184
19931,81633280
19932,81637376
19933,81641472
19934,81645568
19935,81649664
19936,81653760
19937,81657856
19938,81661952
19939,81666048
19940,81670144
19941,81674240
19942,81678336
19943,81682432
19944,81686528
19945,81690624
19946,81694720
19947,81698816
19948,81702912
19949,81707008
19950,81711104
19951,81715200
19952,81719296
19953,81723392
19954,81727488
19955,81731584
19956,81735680
19957,81739776
19958,81743872
19959,81747968
19960,81752064
19961,81756160
19962,81760256
19963,81764352
19964,81768448
19965,81772544
19966,81776640
19967,81780736
19968,81784832
19969,81788928
19970,81793024
19971,81797120
19972,81801216
19973,81805312
19974,81809408
19975,81813504
19976,81817600
19977,81821696
19978,81825792
19979,81829888
19980,81833984
19981,81838080
19982,81842176
19983,81846272
19984,81850368
19985,81854464
19986,81858560
19987,81862656
19988,81866752
19989,81870848
19990,81874944
19991,81879040
19992,81883136
19993,81887232
19994,81891328
19995,81895424
19996,81899520
19997,81903616
19998,81907712
19999,81911808
20000,81915904
20001,81920000
20002,81924096
20003,81928192
20004,81932288
20005,81936384
20006,81940480
20007,81944576
20008,81948672
20009,81952768
20010,81956864
20011,81960960
20012,81965056
20013,81969152
20014,81973248
20015,81977344
20016,81981440
20017,81985536
20018,81989632
20019,81993728
20020,81997824
20021,82001920
20022,82006016
20023,82010112
20024,82014208
20025,82018304
20026,82022400
20027,82026496
20028,82030592
20029,82034688
20030,82038784
20031,82042880
20032,82046976
20033,82051072
20034,82055168
20035,82059264
20036,82063360
20037,82067456
20038,82071552
20039,82075648
20040,82079744
20041,82083840
20042,82087936
20043,82092032
20044,82096128
20045,82100224
20046,82104320
20047,82108416
20048,82112512
20049,82116608
20050,82120704
20051,82124800
20052,82128896
20053,82132992
20054,82137088
20055,82141184
20056,82145280
20057,82149376
20058,82153472
20059,82157568
20060,82161664
20061,82165760
20062,82169856
20063,82173952
20064,82178048
20065,82182144
20066,82186240
20067,82190336
20068,82194432
20069,82198528
20070,82202624
20071,82206720
20072,82210816
20073,82214912
20074,82219008
20075,82223104
20076,82227200
20077,82231296
20078,82235392
20079,82239488
20080,82243584
20081,82247680
20082,82251776
20083,82255872
20084,82259968
20085,82264064
20086,82268160
20087,82272256
20088,82276352
20089,82280448
20090,82284544
20091,82288640
20092,82292736
20093,82296832
20094,82300928
20095,82305024
20096,82309120
20097,82313216
20098,82317312
20099,82321408
20100,82325504
20101,82329600
20102,82333696
20103,82337792
20104,82341888
20105,82345984
20106,82350080
20107,82354176
20108,82358272
20109,82362368
20110,82366464
20111,82370560
20112,82374656
20113,82378752
20114,82382848
20115,82386944
20116,82391040
20117,82395136
20118,82399232
20119,82403328
20120,82407424
20121,82411520
20122,82415616
20123,82419712
20124,82423808
20125,82427904
20126,82432000
20127,82436096
20128,82440192
20129,82444288
20130,82448384
20131,82452480
20132,82456576
20133,82460672
20134,82464768
20135,82468864
20136,82472960
20137,82477056
20138,82481152
20139,82485248
20140,82489344
20141,82493440
20142,82497536
20143,82501632
20144,82505728
20145,82509824
20146,82513920
20147,82518016
20148,82522112
20149,82526208
20150,82530304
20151,82534400
20152,82538496
20153,82542592
20154,82546688
20155,82550784
20156,82554880
20157,82558976
20158,82563072
20159,82567168
20160,82571264
20161,82575360
20162,82579456
20163,82583552
20164,82587648
20165,82591744
20166,82595840
20167,82599936
20168,82604032
20169,82608128
20170,82612224
20171,82616320
20172,82620416
20173,82624512
20174,82628608
20175,82632704
20176,82636800
20177,82640896
20178,82644992
20179,82649088
20180,82653184
20181,82657280
20182,82661376
20183,82665472
20184,82669568
20185,82673664
20186,82677760
20187,82681856
20188,82685952
20189,82690048
20190,82694144
20191,82698240
20192,82702336
20193,82706432
20194,82710528
20195,82714624
20196,82718720
20197,82722816
20198,82726912
20199,82731008
20200,82735104
20201,82739200
20202,82743296
20203,82747392
20204,82751488
20205,82755584
20206,82759680
20207,82763776
20208,82767872
20209,82771968
20210,82776064
20211,82780160
20212,82784256
20213,82788352
20214,82792448
20215,82796544
20216,82800640
20217,82804736
20218,82808832
20219,82812928
20220,82817024
20221,82821120
20222,82825216
20223,82829312
20224,82833408
20225,82837504
20226,82841600
20227,82845696
20228,82849792
20229,82853888
20230,82857984
20231,82862080
20232,82866176
20233,82870272
20234,82874368
20235,82878464
20236,82882560
20237,82886656
20238,82890752
20239,82894848
20240,82898944
20241,82903040
20242,82907136
20243,82911232
20244,82915328
20245,82919424
20246,82923520
20247,82927616
20248,82931712
20249,82935808
20250,82939904
20251,82944000
20252,82948096
20253,82952192
20254,82956288
20255,82960384
20256,82964480
20257,82968576
20258,82972672
20259,82976768
20260,82980864
20261,82984960
20262,82989056
20263,82993152
20264,82997248
20265,83001344
20266,83005440
20267,83009536
20268,83013632
20269,83017728
20270,83021824
20271,83025920
20272,83030016
20273,83034112
20274,83038208
20275,83042304
20276,83046400
20277,83050496
20278,83054592
20279,83058688
20280,83062784
20281,83066880
20282,83070976
20283,83075072
20284,83079168
20285,83083264
20286,83087360
20287,83091456
20288,83095552
20289,83099648
20290,83103744
20291,83107840
20292,83111936
20293,83116032
20294,83120128
20295,83124224
20296,83128320
20297,83132416
20298,83136512
20299,83140608
20300,83144704
20301,83148800
20302,83152896
20303,83156992
20304,83161088
20305,83165184
20306,83169280
20307,83173376
20308,83177472
20309,83181568
20310,83185664
20311,83189760
20312,83193856
20313,83197952
20314,83202048
20315,83206144
20316,83210240
20317,83214336
20318,83218432
20319,83222528
20320,83226624
20321,83230720
20322,83234816
20323,83238912
20324,83243008
20325,83247104
20326,83251200
20327,83255296
20328,83259392
20329,83263488
20330,83267584
20331,83271680
20332,83275776
20333,83279872
20334,83283968
20335,83288064
20336,83292160
20337,83296256
20338,83300352
20339,83304448
20340,83308544
20341,83312640
20342,83316736
20343,83320832
20344,83324928
20345,83329024
20346,83333120
20347,83337216
20348,83341312
20349,83345408
20350,83349504
20351,83353600
20352,83357696
20353,83361792
20354,83365888
20355,83369984
20356,83374080
20357,83378176
20358,83382272
20359,83386368
20360,83390464
20361,83394560
20362,83398656
20363,83402752
20364,83406848
20365,83410944
20366,83415040
20367,83419136
20368,83423232
20369,83427328
20370,83431424
20371,83435520
20372,83439616
20373,83443712
20374,83447808
20375,83451904
20376,83456000
20377,83460096
20378,83464192
20379,83468288
20380,83472384
20381,83476480
20382,83480576
20383,83484672
20384,83488768
20385,83492864
20386,83496960
20387,83501056
20388,83505152
20389,83509248
20390,83513344
20391,83517440
20392,83521536
20393,83525632
20394,83529728
20395,83533824
20396,83537920
20397,83542016
20398,83546112
20399,83550208
20400,83554304
20401,83558400
20402,83562496
20403,83566592
20404,83570688
20405,83574784
20406,83578880
20407,83582976
20408,83587072
20409,83591168
20410,83595264
20411,83599360
20412,83603456
20413,83607552
20414,83611648
20415,83615744
20416,83619840
20417,83623936
20418,83628032
20419,83632128
20420,83636224
20421,83640320
20422,83644416
20423,83648512
20424,83652608
20425,83656704
20426,83660800
20427,83664896
20428,83668992
20429,83673088
20430,83677184
20431,83681280
20432,83685376
20433,83689472
20434,83693568
20435,83697664
20436,83701760
20437,83705856
20438,83709952
20439,83714048
20440,83718144
20441,83722240
20442,83726336
20443,83730432
20444,83734528
20445,83738624
20446,83742720
20447,83746816
20448,83750912
20449,83755008
20450,83759104
20451,83763200
20452,83767296
20453,83771392
20454,83775488
20455,83779584
20456,83783680
20457,83787776
20458,83791872
20459,83795968
20460,83800064
20461,83804160
20462,83808256
20463,83812352
20464,83816448
20465,83820544
20466,83824640
20467,83828736
20468,83832832
20469,83836928
20470,83841024
20471,83845120
20472,83849216
20473,83853312
20474,83857408
20475,83861504
20476,83865600
20477,83869696
20478,83873792
20479,83877888
20480,83881984
20481,83886080
20482,83890176
20483,83894272
20484,83898368
20485,83902464
20486,83906560
20487,83910656
20488,83914752
20489,83918848
20490,83922944
20491,83927040
20492,83931136
20493,83935232
20494,83939328
20495,83943424
20496,83947520
20497,83951616
20498,83955712
20499,83959808
20500,83963904
20501,83968000
20502,83972096
20503,83976192
20504,83980288
20505,83984384
20506,83988480
20507,83992576
20508,83996672
20509,84000768
20510,84004864
20511,84008960
20512,84013056
20513,84017152
20514,84021248
20515,84025344
20516,84029440
20517,84033536
20518,84037632
20519,84041728
20520,84045824
20521,84049920
20522,84054016
20523,84058112
20524,84062208
20525,84066304
20526,84070400
20527,84074496
20528,84078592
20529,84082688
20530,84086784
20531,84090880
20532,84094976
20533,84099072
20534,84103168
20535,84107264
20536,84111360
20537,84115456
20538,84119552
20539,84123648
20540,84127744
20541,84131840
20542,84135936
20543,84140032
20544,84144128
20545,84148224
20546,84152320
20547,84156416
20548,84160512
20549,84164608
20550,84168704
20551,84172800
20552,84176896
20553,84180992
20554,84185088
20555,84189184
20556,84193280
20557,84197376
20558,84201472
20559,84205568
20560,84209664
20561,84213760
20562,84217856
20563,84221952
20564,84226048
20565,84230144
20566,84234240
20567,84238336
20568,84242432
20569,84246528
20570,84250624
20571,84254720
20572,84258816
20573,84262912
20574,84267008
20575,84271104
20576,84275200
20577,84279296
20578,84283392
20579,84287488
20580,84291584
20581,84295680
20582,84299776
20583,84303872
20584,84307968
20585,84312064
20586,84316160
20587,84320256
20588,84324352
20589,84328448
20590,84332544
20591,84336640
20592,84340736
20593,84344832
20594,84348928
20595,84353024
20596,84357120
20597,84361216
20598,84365312
20599,84369408
20600,84373504
20601,84377600
20602,84381696
20603,84385792
20604,84389888
20605,84393984
20606,84398080
20607,84402176
20608,84406272
20609,84410368
20610,84414464
20611,84418560
20612,84422656
20613,84426752
20614,84430848
20615,84434944
20616,84439040
20617,84443136
20618,84447232
20619,84451328
20620,84455424
20621,84459520
20622,84463616
20623,84467712
20624,84471808
20625,84475904
20626,84480000
20627,84484096
20628,84488192
20629,84492288
20630,84496384
20631,84500480
20632,84504576
20633,84508672
20634,84512768
20635,84516864
20636,84520960
20637,84525056
20638,84529152
20639,84533248
20640,84537344
20641,84541440
20642,84545536
20643,84549632
20644,84553728
20645,84557824
20646,84561920
20647,84566016
20648,84570112
20649,84574208
20650,84578304
20651,84582400
20652,84586496
20653,84590592
20654,84594688
20655,84598784
20656,84602880
20657,84606976
20658,84611072
20659,84615168
20660,84619264
20661,84623360
20662,84627456
20663,84631552
20664,84635648
20665,84639744
20666,84643840
20667,84647936
20668,84652032
20669,84656128
20670,84660224
20671,84664320
20672,84668416
20673,84672512
20674,84676608
20675,84680704
20676,84684800
20677,84688896
20678,84692992
20679,84697088
20680,84701184
20681,84705280
20682,84709376
20683,84713472
20684,84717568
20685,84721664
20686,84725760
20687,84729856
20688,84733952
20689,84738048
20690,84742144
20691,84746240
20692,84750336
20693,84754432
20694,84758528
20695,84762624
20696,84766720
20697,84770816
20698,84774912
20699,84779008
20700,84783104
20701,84787200
20702,84791296
20703,84795392
20704,84799488
20705,84803584
20706,84807680
20707,84811776
20708,84815872
20709,84819968
20710,84824064
20711,84828160
20712,84832256
20713,84836352
20714,84840448
20715,84844544
20716,84848640
20717,84852736
20718,84856832
20719,84860928
20720,84865024
20721,84869120
20722,84873216
20723,84877312
20724,84881408
20725,84885504
20726,84889600
20727,84893696
20728,84897792
20729,84901888
20730,84905984
20731,84910080
20732,84914176
20733,84918272
20734,84922368
20735,84926464
20736,84930560
20737,84934656
20738,84938752
20739,84942848
20740,84946944
20741,84951040
20742,84955136
20743,84959232
20744,84963328
20745,84967424
20746,84971520
20747,84975616
20748,84979712
20749,84983808
20750,84987904
20751,84992000
20752,84996096
20753,85000192
20754,85004288
20755,85008384
20756,85012480
20757,85016576
20758,85020672
20759,85024768
20760,85028864
20761,85032960
20762,85037056
20763,85041152
20764,85045248
20765,85049344
20766,85053440
20767,85057536
20768,85061632
20769,85065728
20770,85069824
20771,85073920
20772,85078016
20773,85082112
20774,85086208
20775,85090304
20776,85094400
20777,85098496
20778,85102592
20779,85106688
20780,85110784
20781,85114880
20782,85118976
20783,85123072
20784,85127168
20785,85131264
20786,85135360
20787,85139456
20788,85143552
20789,85147648
20790,85151744
20791,85155840
20792,85159936
20793,85164032
20794,85168128
20795,85172224
20796,85176320
20797,85180416
20798,85184512
20799,85188608
20800,85192704
20801,85196800
20802,85200896
20803,85204992
20804,85209088
20805,85213184
20806,85217280
20807,85221376
20808,85225472
20809,85229568
20810,85233664
20811,85237760
20812,85241856
20813,85245952
20814,85250048
20815,85254144
20816,85258240
20817,85262336
20818,85266432
20819,85270528
20820,85274624
20821,85278720
20822,85282816
20823,85286912
20824,85291008
20825,85295104
20826,85299200
20827,85303296
20828,85307392
20829,85311488
20830,85315584
20831,85319680
20832,85323776
20833,85327872
20834,85331968
20835,85336064
20836,85340160
20837,85344256
20838,85348352
20839,85352448
20840,85356544
20841,85360640
20842,85364736
20843,85368832
20844,85372928
20845,85377024
20846,85381120
20847,85385216
20848,85389312
20849,85393408
20850,85397504
20851,85401600
20852,85405696
20853,85409792
20854,85413888
20855,85417984
20856,85422080
20857,85426176
20858,85430272
20859,85434368
20860,85438464
20861,85442560
20862,85446656
20863,85450752
20864,85454848
20865,85458944
20866,85463040
20867,85467136
20868,85471232
20869,85475328
20870,85479424
20871,85483520
20872,85487616
20873,85491712
20874,85495808
20875,85499904
20876,85504000
20877,85508096
20878,85512192
20879,85516288
20880,85520384
20881,85524480
20882,85528576
20883,85532672
20884,85536768
20885,85540864
20886,85544960
20887,85549056
20888,85553152
20889,85557248
20890,85561344
20891,85565440
20892,85569536
20893,85573632
20894,85577728
20895,85581824
20896,85585920
20897,85590016
20898,85594112
20899,85598208
20900,85602304
20901,85606400
20902,85610496
20903,85614592
20904,85618688
20905,85622784
20906,85626880
20907,85630976
20908,85635072
20909,85639168
20910,85643264
20911,85647360
20912,85651456
20913,85655552
20914,85659648
20915,85663744
20916,85667840
20917,85671936
20918,85676032
20919,85680128
20920,85684224
20921,85688320
20922,85692416
20923,85696512
20924,85700608
20925,85704704
20926,85708800
20927,85712896
20928,85716992
20929,85721088
20930,85725184
20931,85729280
20932,85733376
20933,85737472
20934,85741568
20935,85745664
20936,85749760
20937,85753856
20938,85757952
20939,85762048
20940,85766144
20941,85770240
20942,85774336
20943,85778432
20944,85782528
20945,85786624
20946,85790720
20947,85794816
20948,85798912
20949,85803008
20950,85807104
20951,85811200
20952,85815296
20953,85819392
20954,85823488
20955,85827584
20956,85831680
20957,85835776
20958,85839872
20959,85843968
20960,85848064
20961,85852160
20962,85856256
20963,85860352
20964,85864448
20965,85868544
20966,85872640
20967,85876736
20968,85880832
20969,85884928
20970,85889024
20971,85893120
20972,85897216
20973,85901312
20974,85905408
20975,85909504
20976,85913600
20977,85917696
20978,85921792
20979,85925888
20980,85929984
20981,85934080
20982,85938176
20983,85942272
20984,85946368
20985,85950464
20986,85954560
20987,85958656
20988,85962752
20989,85966848
20990,85970944
20991,85975040
20992,85979136
20993,85983232
20994,85987328
20995,85991424
20996,85995520
20997,85999616
20998,86003712
20999,86007808
21000,86011904
21001,86016000
21002,86020096
21003,86024192
21004,86028288
21005,86032384
21006,86036480
21007,86040576
21008,86044672
21009,86048768
21010,86052864
21011,86056960
21012,86061056
21013,86065152
21014,86069248
21015,86073344
21016,86077440
21017,86081536
21018,86085632
21019,86089728
21020,86093824
21021,86097920
21022,86102016
21023,86106112
21024,86110208
21025,86114304
21026,86118400
21027,86122496
21028,86126592
21029,86130688
21030,86134784
21031,86138880
21032,86142976
21033,86147072
21034,86151168
21035,86155264
21036,86159360
21037,86163456
21038,86167552
21039,86171648
21040,86175744
21041,86179840
21042,86183936
21043,86188032
21044,86192128
21045,86196224
21046,86200320
21047,86204416
21048,86208512
21049,86212608
21050,86216704
21051,86220800
21052,86224896
21053,86228992
21054,86233088
21055,86237184
21056,86241280
21057,86245376
21058,86249472
21059,86253568
21060,86257664
21061,86261760
21062,86265856
21063,86269952
21064,86274048
21065,86278144
21066,86282240
21067,86286336
21068,86290432
21069,86294528
21070,86298624
21071,86302720
21072,86306816
21073,86310912
21074,86315008
21075,86319104
21076,86323200
21077,86327296
21078,86331392
21079,86335488
21080,86339584
21081,86343680
21082,86347776
21083,86351872
21084,86355968
21085,86360064
21086,86364160
21087,86368256
21088,86372352
21089,86376448
21090,86380544
21091,86384640
21092,86388736
21093,86392832
21094,86396928
21095,86401024
21096,86405120
21097,86409216
21098,86413312
21099,86417408
21100,86421504
21101,86425600
21102,86429696
21103,86433792
21104,86437888
21105,86441984
21106,86446080
21107,86450176
21108,86454272
21109,86458368
21110,86462464
21111,86466560
21112,86470656
21113,86474752
21114,86478848
21115,86482944
21116,86487040
21117,86491136
21118,86495232
21119,86499328
21120,86503424
21121,86507520
21122,86511616
21123,86515712
21124,86519808
21125,86523904
21126,86528000
21127,86532096
21128,86536192
21129,86540288
21130,86544384
21131,86548480
21132,86552576
21133,86556672
21134,86560768
21135,86564864
21136,86568960
21137,86573056
21138,86577152
21139,86581248
21140,86585344
21141,86589440
21142,86593536
21143,86597632
21144,86601728
21145,86605824
21146,86609920
21147,86614016
21148,86618112
21149,86622208
21150,86626304
21151,86630400
21152,86634496
21153,86638592
21154,86642688
21155,86646784
21156,86650880
21157,86654976
21158,86659072
21159,86663168
21160,86667264
21161,86671360
21162,86675456
21163,86679552
21164,86683648
21165,86687744
21166,86691840
21167,86695936
21168,86700032
21169,86704128
21170,86708224
21171,86712320
21172,86716416
21173,86720512
21174,86724608
21175,86728704
21176,86732800
21177,86736896
21178,86740992
21179,86745088
21180,86749184
21181,86753280
21182,86757376
21183,86761472
21184,86765568
21185,86769664
21186,86773760
21187,86777856
21188,86781952
21189,86786048
21190,86790144
21191,86794240
21192,86798336
21193,86802432
21194,86806528
21195,86810624
21196,86814720
21197,86818816
21198,86822912
21199,86827008
21200,86831104
21201,86835200
21202,86839296
21203,86843392
21204,86847488
21205,86851584
21206,86855680
21207,86859776
21208,86863872
21209,86867968
21210,86872064
21211,86876160
21212,86880256
21213,86884352
21214,86888448
21215,86892544
21216,86896640
21217,86900736
21218,86904832
21219,86908928
21220,86913024
21221,86917120
21222,86921216
21223,86925312
21224,86929408
21225,86933504
21226,86937600
21227,86941696
21228,86945792
21229,86949888
21230,86953984
21231,86958080
21232,86962176
21233,86966272
21234,86970368
21235,86974464
21236,86978560
21237,86982656
21238,86986752
21239,86990848
21240,86994944
21241,86999040
21242,87003136
21243,87007232
21244,87011328
21245,87015424
21246,87019520
21247,87023616
21248,87027712
21249,87031808
21250,87035904
21251,87040000
21252,87044096
21253,87048192
21254,87052288
21255,87056384
21256,87060480
21257,87064576
21258,87068672
21259,87072768
21260,87076864
21261,87080960
21262,87085056
21263,87089152
21264,87093248
21265,87097344
21266,87101440
21267,87105536
21268,87109632
21269,87113728
21270,87117824
21271,87121920
21272,87126016
21273,87130112
21274,87134208
21275,87138304
21276,87142400
21277,87146496
21278,87150592
21279,87154688
21280,87158784
21281,87162880
21282,87166976
21283,87171072
21284,87175168
21285,87179264
21286,87183360
21287,87187456
21288,87191552
21289,87195648
21290,87199744
21291,87203840
21292,87207936
21293,87212032
21294,87216128
21295,87220224
21296,87224320
21297,87228416
21298,87232512
21299,87236608
21300,87240704
21301,87244800
21302,87248896
21303,87252992
21304,87257088
21305,87261184
21306,87265280
21307,87269376
21308,87273472
21309,87277568
21310,87281664
21311,87285760
21312,87289856
21313,87293952
21314,87298048
21315,87302144
21316,87306240
21317,87310336
21318,87314432
21319,87318528
21320,87322624
21321,87326720
21322,87330816
21323,87334912
21324,87339008
21325,87343104
21326,87347200
21327,87351296
21328,87355392
21329,87359488
21330,87363584
21331,87367680
21332,87371776
21333,87375872
21334,87379968
21335,87384064
21336,87388160
21337,87392256
21338,87396352
21339,87400448
21340,87404544
21341,87408640
21342,87412736
21343,87416832
21344,87420928
21345,87425024
21346,87429120
21347,87433216
21348,87437312
21349,87441408
21350,87445504
21351,87449600
21352,87453696
21353,87457792
21354,87461888
21355,87465984
21356,87470080
21357,87474176
21358,87478272
21359,87482368
21360,87486464
21361,87490560
21362,87494656
21363,87498752
21364,87502848
21365,87506944
21366,87511040
21367,87515136
21368,87519232
21369,87523328
21370,87527424
21371,87531520
21372,87535616
21373,87539712
21374,87543808
21375,87547904
21376,87552000
21377,87556096
21378,87560192
21379,87564288
21380,87568384
21381,87572480
21382,87576576
21383,87580672
21384,87584768
21385,87588864
21386,87592960
21387,87597056
21388,87601152
21389,87605248
21390,87609344
21391,87613440
21392,87617536
21393,87621632
21394,87625728
21395,87629824
21396,87633920
21397,87638016
21398,87642112
21399,87646208
21400,87650304
21401,87654400
21402,87658496
21403,87662592
21404,87666688
21405,87670784
21406,87674880
21407,87678976
21408,87683072
21409,87687168
21410,87691264
21411,87695360
21412,87699456
21413,87703552
21414,87707648
21415,87711744
21416,87715840
21417,87719936
21418,87724032
21419,87728128
21420,87732224
21421,87736320
21422,87740416
21423,87744512
21424,87748608
21425,87752704
21426,87756800
21427,87760896
21428,87764992
21429,87769088
21430,87773184
21431,87777280
21432,87781376
21433,87785472
21434,87789568
21435,87793664
21436,87797760
21437,87801856
21438,87805952
21439,87810048
21440,87814144
21441,87818240
21442,87822336
21443,87826432
21444,87830528
21445,87834624
21446,87838720
21447,87842816
21448,87846912
21449,87851008
21450,87855104
21451,87859200
21452,87863296
21453,87867392
21454,87871488
21455,87875584
21456,87879680
21457,87883776
21458,87887872
21459,87891968
21460,87896064
21461,87900160
21462,87904256
21463,87908352
21464,87912448
21465,87916544
21466,87920640
21467,87924736
21468,87928832
21469,87932928
21470,87937024
21471,87941120
21472,87945216
21473,87949312
21474,87953408
21475,87957504
21476,87961600
21477,87965696
21478,87969792
21479,87973888
21480,87977984
21481,87982080
21482,87986176
21483,87990272
21484,87994368
21485,87998464
21486,88002560
21487,88006656
21488,88010752
21489,88014848
21490,88018944
21491,88023040
21492,88027136
21493,88031232
21494,88035328
21495,88039424
21496,88043520
21497,88047616
21498,88051712
21499,88055808
21500,88059904
21501,88064000
21502,88068096
21503,88072192
21504,88076288
21505,88080384
21506,88084480
21507,88088576
21508,88092672
21509,88096768
21510,88100864
21511,88104960
21512,88109056
21513,88113152
21514,88117248
21515,88121344
21516,88125440
21517,88129536
21518,88133632
21519,88137728
21520,88141824
21521,88145920
21522,88150016
21523,88154112
21524,88158208
21525,88162304
21526,88166400
21527,88170496
21528,88174592
21529,88178688
21530,88182784
21531,88186880
21532,88190976
21533,88195072
21534,88199168
21535,88203264
21536,88207360
21537,88211456
21538,88215552
21539,88219648
21540,88223744
21541,88227840
21542,88231936
21543,88236032
21544,88240128
21545,88244224
21546,88248320
21547,88252416
21548,88256512
21549,88260608
21550,88264704
21551,88268800
21552,88272896
21553,88276992
21554,88281088
21555,88285184
21556,88289280
21557,88293376
21558,88297472
21559,88301568
21560,88305664
21561,88309760
21562,88313856
21563,88317952
21564,88322048
21565,88326144
21566,88330240
21567,88334336
21568,88338432
21569,88342528
21570,88346624
21571,88350720
21572,88354816
21573,88358912
21574,88363008
21575,88367104
21576,88371200
21577,88375296
21578,88379392
21579,88383488
21580,88387584
21581,88391680
21582,88395776
21583,88399872
21584,88403968
21585,88408064
21586,88412160
21587,88416256
21588,88420352
21589,88424448
21590,88428544
21591,88432640
21592,88436736
21593,88440832
21594,88444928
21595,88449024
21596,88453120
21597,88457216
21598,88461312
21599,88465408
21600,88469504
21601,88473600
21602,88477696
21603,88481792
21604,88485888
21605,88489984
21606,88494080
21607,88498176
21608,88502272
21609,88506368
21610,88510464
21611,88514560
21612,88518656
21613,88522752
21614,88526848
21615,88530944
21616,88535040
21617,88539136
21618,88543232
21619,88547328
21620,88551424
21621,88555520
21622,88559616
21623,88563712
21624,88567808
21625,88571904
21626,88576000
21627,88580096
21628,88584192
21629,88588288
21630,88592384
21631,88596480
21632,88600576
21633,88604672
21634,88608768
21635,88612864
21636,88616960
21637,88621056
21638,88625152
21639,88629248
21640,88633344
21641,88637440
21642,88641536
21643,88645632
21644,88649728
21645,88653824
21646,88657920
21647,88662016
21648,88666112
21649,88670208
21650,88674304
21651,88678400
21652,88682496
21653,88686592
21654,88690688
21655,88694784
21656,88698880
21657,88702976
21658,88707072
21659,88711168
21660,88715264
21661,88719360
21662,88723456
21663,88727552
21664,88731648
21665,88735744
21666,88739840
21667,88743936
21668,88748032
21669,88752128
21670,88756224
21671,88760320
21672,88764416
21673,88768512
21674,88772608
21675,88776704
21676,88780800
21677,88784896
21678,88788992
21679,88793088
21680,88797184
21681,88801280
21682,88805376
21683,88809472
21684,88813568
21685,88817664
21686,88821760
21687,88825856
21688,88829952
21689,88834048
21690,88838144
21691,88842240
21692,88846336
21693,88850432
21694,88854528
21695,88858624
21696,88862720
21697,88866816
21698,88870912
21699,88875008
21700,88879104
21701,88883200
21702,88887296
21703,88891392
21704,88895488
21705,88899584
21706,88903680
21707,88907776
21708,88911872
21709,88915968
21710,88920064
21711,88924160
21712,88928256
21713,88932352
21714,88936448
21715,88940544
21716,88944640
21717,88948736
21718,88952832
21719,88956928
21720,88961024
21721,88965120
21722,88969216
21723,88973312
21724,88977408
21725,88981504
21726,88985600
21727,88989696
21728,88993792
21729,88997888
21730,89001984
21731,89006080
21732,89010176
21733,89014272
21734,89018368
21735,89022464
21736,89026560
21737,89030656
21738,89034752
21739,89038848
21740,89042944
21741,89047040
21742,89051136
21743,89055232
21744,89059328
21745,89063424
21746,89067520
21747,89071616
21748,89075712
21749,89079808
21750,89083904
21751,89088000
21752,89092096
21753,89096192
21754,89100288
21755,89104384
21756,89108480
21757,89112576
21758,89116672
21759,89120768
21760,89124864
21761,89128960
21762,89133056
21763,89137152
21764,89141248
21765,89145344
21766,89149440
21767,89153536
21768,89157632
21769,89161728
21770,89165824
21771,89169920
21772,89174016
21773,89178112
21774,89182208
21775,89186304
21776,89190400
21777,89194496
21778,89198592
21779,89202688
21780,89206784
21781,89210880
21782,89214976
21783,89219072
21784,89223168
21785,89227264
21786,89231360
21787,89235456
21788,89239552
21789,89243648
21790,89247744
21791,89251840
21792,89255936
21793,89260032
21794,89264128
21795,89268224
21796,89272320
21797,89276416
21798,89280512
21799,89284608
21800,89288704
21801,89292800
21802,89296896
21803,89300992
21804,89305088
21805,89309184
21806,89313280
21807,89317376
21808,89321472
21809,89325568
21810,89329664
21811,89333760
21812,89337856
21813,89341952
21814,89346048
21815,89350144
21816,89354240
21817,89358336
21818,89362432
21819,89366528
21820,89370624
21821,89374720
21822,89378816
21823,89382912
21824,89387008
21825,89391104
21826,89395200
21827,89399296
21828,89403392
21829,89407488
21830,89411584
21831,89415680
21832,89419776
21833,89423872
21834,89427968
21835,89432064
21836,89436160
21837,89440256
21838,89444352
21839,89448448
21840,89452544
21841,89456640
21842,89460736
21843,89464832
21844,89468928
21845,89473024
21846,89477120
21847,89481216
21848,89485312
21849,89489408
21850,89493504
21851,89497600
21852,89501696
21853,89505792
21854,89509888
21855,89513984
21856,89518080
21857,89522176
21858,89526272
21859,89530368
21860,89534464
21861,89538560
21862,89542656
21863,89546752
21864,89550848
21865,89554944
21866,89559040
21867,89563136
21868,89567232
21869,89571328
21870,89575424
21871,89579520
21872,89583616
21873,89587712
21874,89591808
21875,89595904
21876,89600000
21877,89604096
21878,89608192
21879,89612288
21880,89616384
21881,89620480
21882,89624576
21883,89628672
21884,89632768
21885,89636864
21886,89640960
21887,89645056
21888,89649152
21889,89653248
21890,89657344
21891,89661440
21892,89665536
21893,89669632
21894,89673728
21895,89677824
21896,89681920
21897,89686016
21898,89690112
21899,89694208
21900,89698304
21901,89702400
21902,89706496
21903,89710592
21904,89714688
21905,89718784
21906,89722880
21907,89726976
21908,89731072
21909,89735168
21910,89739264
21911,89743360
21912,89747456
21913,89751552
21914,89755648
21915,89759744
21916,89763840
21917,89767936
21918,89772032
21919,89776128
21920,89780224
21921,89784320
21922,89788416
21923,89792512
21924,89796608
21925,89800704
21926,89804800
21927,89808896
21928,89812992
21929,89817088
21930,89821184
21931,89825280
21932,89829376
21933,89833472
21934,89837568
21935,89841664
21936,89845760
21937,89849856
21938,89853952
21939,89858048
21940,89862144
21941,89866240
21942,89870336
21943,89874432
21944,89878528
21945,89882624
21946,89886720
21947,89890816
21948,89894912
21949,89899008
21950,89903104
21951,89907200
21952,89911296
21953,89915392
21954,89919488
21955,89923584
21956,89927680
21957,89931776
21958,89935872
21959,89939968
21960,89944064
21961,89948160
21962,89952256
21963,89956352
21964,89960448
21965,89964544
21966,89968640
21967,89972736
21968,89976832
21969,89980928
21970,89985024
21971,89989120
21972,89993216
21973,89997312
21974,90001408
21975,90005504
21976,90009600
21977,90013696
21978,90017792
21979,90021888
21980,90025984
21981,90030080
21982,90034176
21983,90038272
21984,90042368
21985,90046464
21986,90050560
21987,90054656
21988,90058752
21989,90062848
21990,90066944
21991,90071040
21992,90075136
21993,90079232
21994,90083328
21995,90087424
21996,90091520
21997,90095616
21998,90099712
21999,90103808
22000,90107904
22001,90112000
22002,90116096
22003,90120192
22004,90124288
22005,90128384
22006,90132480
22007,90136576
22008,90140672
22009,90144768
22010,90148864
22011,90152960
22012,90157056
22013,90161152
22014,90165248
22015,90169344
22016,90173440
22017,90177536
22018,90181632
22019,90185728
22020,90189824
22021,90193920
22022,90198016
22023,90202112
22024,90206208
22025,90210304
22026,90214400
22027,90218496
22028,90222592
22029,90226688
22030,90230784
22031,90234880
22032,90238976
22033,90243072
22034,90247168
22035,90251264
22036,90255360
22037,90259456
22038,90263552
22039,90267648
22040,90271744
22041,90275840
22042,90279936
22043,90284032
22044,90288128
22045,90292224
22046,90296320
22047,90300416
22048,90304512
22049,90308608
22050,90312704
22051,90316800
22052,90320896
22053,90324992
22054,90329088
22055,90333184
22056,90337280
22057,90341376
22058,90345472
22059,90349568
22060,90353664
22061,90357760
22062,90361856
22063,90365952
22064,90370048
22065,90374144
22066,90378240
22067,90382336
22068,90386432
22069,90390528
22070,90394624
22071,90398720
22072,90402816
22073,90406912
22074,90411008
22075,90415104
22076,90419200
22077,90423296
22078,90427392
22079,90431488
22080,90435584
22081,90439680
22082,90443776
22083,90447872
22084,90451968
22085,90456064
22086,90460160
22087,90464256
22088,90468352
22089,90472448
22090,90476544
22091,90480640
22092,90484736
22093,90488832
22094,90492928
22095,90497024
22096,90501120
22097,90505216
22098,90509312
22099,90513408
22100,90517504
22101,90521600
22102,90525696
22103,90529792
22104,90533888
22105,90537984
22106,90542080
22107,90546176
22108,90550272
22109,90554368
22110,90558464
22111,90562560
22112,90566656
22113,90570752
22114,90574848
22115,90578944
22116,90583040
22117,90587136
22118,90591232
22119,90595328
22120,90599424
22121,90603520
22122,90607616
22123,90611712
22124,90615808
22125,90619904
22126,90624000
22127,90628096
22128,90632192
22129,90636288
22130,90640384
22131,90644480
22132,90648576
22133,90652672
22134,90656768
22135,90660864
22136,90664960
22137,90669056
22138,90673152
22139,90677248
22140,90681344
22141,90685440
22142,90689536
22143,90693632
22144,90697728
22145,90701824
22146,90705920
22147,90710016
22148,90714112
22149,90718208
22150,90722304
22151,90726400
22152,90730496
22153,90734592
22154,90738688
22155,90742784
22156,90746880
22157,90750976
22158,90755072
22159,90759168
22160,90763264
22161,90767360
22162,90771456
22163,90775552
22164,90779648
22165,90783744
22166,90787840
22167,90791936
22168,90796032
22169,90800128
22170,90804224
22171,90808320
22172,90812416
22173,90816512
22174,90820608
22175,90824704
22176,90828800
22177,90832896
22178,90836992
22179,90841088
22180,90845184
22181,90849280
22182,90853376
22183,90857472
22184,90861568
22185,90865664
22186,90869760
22187,90873856
22188,90877952
22189,90882048
22190,90886144
22191,90890240
22192,90894336
22193,90898432
22194,90902528
22195,90906624
22196,90910720
22197,90914816
22198,90918912
22199,90923008
22200,90927104
22201,90931200
22202,90935296
22203,90939392
22204,90943488
22205,90947584
22206,90951680
22207,90955776
22208,90959872
22209,90963968
22210,90968064
22211,90972160
22212,90976256
22213,90980352
22214,90984448
22215,90988544
22216,90992640
22217,90996736
22218,91000832
22219,91004928
22220,91009024
22221,91013120
22222,91017216
22223,91021312
22224,91025408
22225,91029504
22226,91033600
22227,91037696
22228,91041792
22229,91045888
22230,91049984
22231,91054080
22232,91058176
22233,91062272
22234,91066368
22235,91070464
22236,91074560
22237,91078656
22238,91082752
22239,91086848
22240,91090944
22241,91095040
22242,91099136
22243,91103232
22244,91107328
22245,91111424
22246,91115520
22247,91119616
22248,91123712
22249,91127808
22250,91131904
22251,91136000
22252,91140096
22253,91144192
22254,91148288
22255,91152384
22256,91156480
22257,91160576
22258,91164672
22259,91168768
22260,91172864
22261,91176960
22262,91181056
22263,91185152
22264,91189248
22265,91193344
22266,91197440
22267,91201536
22268,91205632
22269,91209728
22270,91213824
22271,91217920
22272,91222016
22273,91226112
22274,91230208
22275,91234304
22276,91238400
22277,91242496
22278,91246592
22279,91250688
22280,91254784
22281,91258880
22282,91262976
22283,91267072
22284,91271168
22285,91275264
22286,91279360
22287,91283456
22288,91287552
22289,91291648
22290,91295744
22291,91299840
22292,91303936
22293,91308032
22294,91312128
22295,91316224
22296,91320320
22297,91324416
22298,91328512
22299,91332608
22300,91336704
22301,91340800
22302,91344896
22303,91348992
22304,91353088
22305,91357184
22306,91361280
22307,91365376
22308,91369472
22309,91373568
22310,91377664
22311,91381760
22312,91385856
22313,91389952
22314,91394048
22315,91398144
22316,91402240
22317,91406336
22318,91410432
22319,91414528
22320,91418624
22321,91422720
22322,91426816
22323,91430912
22324,91435008
22325,91439104
22326,91443200
22327,91447296
22328,91451392
22329,91455488
22330,91459584
22331,91463680
22332,91467776
22333,91471872
22334,91475968
22335,91480064
22336,91484160
22337,91488256
22338,91492352
22339,91496448
22340,91500544
22341,91504640
22342,91508736
22343,91512832
22344,91516928
22345,91521024
22346,91525120
22347,91529216
22348,91533312
22349,91537408
22350,91541504
22351,91545600
22352,91549696
22353,91553792
22354,91557888
22355,91561984
22356,91566080
22357,91570176
22358,91574272
22359,91578368
22360,91582464
22361,91586560
22362,91590656
22363,91594752
22364,91598848
22365,91602944
22366,91607040
22367,91611136
22368,91615232
22369,91619328
22370,91623424
22371,91627520
22372,91631616
22373,91635712
22374,91639808
22375,91643904
22376,91648000
22377,91652096
22378,91656192
22379,91660288
22380,91664384
22381,91668480
22382,91672576
22383,91676672
22384,91680768
22385,91684864
22386,91688960
22387,91693056
22388,91697152
22389,91701248
22390,91705344
22391,91709440
22392,91713536
22393,91717632
22394,91721728
22395,91725824
22396,91729920
22397,91734016
22398,91738112
22399,91742208
22400,91746304
22401,91750400
22402,91754496
22403,91758592
22404,91762688
22405,91766784
22406,91770880
22407,91774976
22408,91779072
22409,91783168
22410,91787264
22411,91791360
22412,91795456
22413,91799552
22414,91803648
22415,91807744
22416,91811840
22417,91815936
22418,91820032
22419,91824128
22420,91828224
22421,91832320
22422,91836416
22423,91840512
22424,91844608
22425,91848704
22426,91852800
22427,91856896
22428,91860992
22429,91865088
22430,91869184
22431,91873280
22432,91877376
22433,91881472
22434,91885568
22435,91889664
22436,91893760
22437,91897856
22438,91901952
22439,91906048
22440,91910144
22441,91914240
22442,91918336
22443,91922432
22444,91926528
22445,91930624
22446,91934720
22447,91938816
22448,91942912
22449,91947008
22450,91951104
22451,91955200
22452,91959296
22453,91963392
22454,91967488
22455,91971584
22456,91975680
22457,91979776
22458,91983872
22459,91987968
22460,91992064
22461,91996160
22462,92000256
22463,92004352
22464,92008448
22465,92012544
22466,92016640
22467,92020736
22468,92024832
22469,92028928
22470,92033024
22471,92037120
22472,92041216
22473,92045312
22474,92049408
22475,92053504
22476,92057600
22477,92061696
22478,92065792
22479,92069888
22480,92073984
22481,92078080
22482,92082176
22483,92086272
22484,92090368
22485,92094464
22486,92098560
22487,92102656
22488,92106752
22489,92110848
22490,92114944
22491,92119040
22492,92123136
22493,92127232
22494,92131328
22495,92135424
22496,92139520
22497,92143616
22498,92147712
22499,92151808
22500,92155904
22501,92160000
22502,92164096
22503,92168192
22504,92172288
22505,92176384
22506,92180480
22507,92184576
22508,92188672
22509,92192768
22510,92196864
22511,92200960
22512,92205056
22513,92209152
22514,92213248
22515,92217344
22516,92221440
22517,92225536
22518,92229632
22519,92233728
22520,92237824
22521,92241920
22522,92246016
22523,92250112
22524,92254208
22525,92258304
22526,92262400
22527,92266496
22528,92270592
22529,92274688
22530,92278784
22531,92282880
22532,92286976
22533,92291072
22534,92295168
22535,92299264
22536,92303360
22537,92307456
22538,92311552
22539,92315648
22540,92319744
22541,92323840
22542,92327936
22543,92332032
22544,92336128
22545,92340224
22546,92344320
22547,92348416
22548,92352512
22549,92356608
22550,92360704
22551,92364800
22552,92368896
22553,92372992
22554,92377088
22555,92381184
22556,92385280
22557,92389376
22558,92393472
22559,92397568
22560,92401664
22561,92405760
22562,92409856
22563,92413952
22564,92418048
22565,92422144
22566,92426240
22567,92430336
22568,92434432
22569,92438528
22570,92442624
22571,92446720
22572,92450816
22573,92454912
22574,92459008
22575,92463104
22576,92467200
22577,92471296
22578,92475392
22579,92479488
22580,92483584
22581,92487680
22582,92491776
22583,92495872
22584,92499968
22585,92504064
22586,92508160
22587,92512256
22588,92516352
22589,92520448
22590,92524544
22591,92528640
22592,92532736
22593,92536832
22594,92540928
22595,92545024
22596,92549120
22597,92553216
22598,92557312
22599,92561408
22600,92565504
22601,92569600
22602,92573696
22603,92577792
22604,92581888
22605,92585984
22606,92590080
22607,92594176
22608,92598272
22609,92602368
22610,92606464
22611,92610560
22612,92614656
22613,92618752
22614,92622848
22615,92626944
22616,92631040
22617,92635136
22618,92639232
22619,92643328
22620,92647424
22621,92651520
22622,92655616
22623,92659712
22624,92663808
22625,92667904
22626,92672000
22627,92676096
22628,92680192
22629,92684288
22630,92688384
22631,92692480
22632,92696576
22633,92700672
22634,92704768
22635,92708864
22636,92712960
22637,92717056
22638,92721152
22639,92725248
22640,92729344
22641,92733440
22642,92737536
22643,92741632
22644,92745728
22645,92749824
22646,92753920
22647,92758016
22648,92762112
22649,92766208
22650,92770304
22651,92774400
22652,92778496
22653,92782592
22654,92786688
22655,92790784
22656,92794880
22657,92798976
22658,92803072
22659,92807168
22660,92811264
22661,92815360
22662,92819456
22663,92823552
22664,92827648
22665,92831744
22666,92835840
22667,92839936
22668,92844032
22669,92848128
22670,92852224
22671,92856320
22672,92860416
22673,92864512
22674,92868608
22675,92872704
22676,92876800
22677,92880896
22678,92884992
22679,92889088
22680,92893184
22681,92897280
22682,92901376
22683,92905472
22684,92909568
22685,92913664
22686,92917760
22687,92921856
22688,92925952
22689,92930048
22690,92934144
22691,92938240
22692,92942336
22693,92946432
22694,92950528
22695,92954624
22696,92958720
22697,92962816
22698,92966912
22699,92971008
22700,92975104
22701,92979200
22702,92983296
22703,92987392
22704,92991488
22705,92995584
22706,92999680
22707,93003776
22708,93007872
22709,93011968
22710,93016064
22711,93020160
22712,93024256
22713,93028352
22714,93032448
22715,93036544
22716,93040640
22717,93044736
22718,93048832
22719,93052928
22720,93057024
22721,93061120
22722,93065216
22723,93069312
22724,93073408
22725,93077504
22726,93081600
22727,93085696
22728,93089792
22729,93093888
22730,93097984
22731,93102080
22732,93106176
22733,93110272
22734,93114368
22735,93118464
22736,93122560
22737,93126656
22738,93130752
22739,93134848
22740,93138944
22741,93143040
22742,93147136
22743,93151232
22744,93155328
22745,93159424
22746,93163520
22747,93167616
22748,93171712
22749,93175808
22750,93179904
22751,93184000
22752,93188096
22753,93192192
22754,93196288
22755,93200384
22756,93204480
22757,93208576
22758,93212672
22759,93216768
22760,93220864
22761,93224960
22762,93229056
22763,93233152
22764,93237248
22765,93241344
22766,93245440
22767,93249536
22768,93253632
22769,93257728
22770,93261824
22771,93265920
22772,93270016
22773,93274112
22774,93278208
22775,93282304
22776,93286400
22777,93290496
22778,93294592
22779,93298688
22780,93302784
22781,93306880
22782,93310976
22783,93315072
22784,93319168
22785,93323264
22786,93327360
22787,93331456
22788,93335552
22789,93339648
22790,93343744
22791,93347840
22792,93351936
22793,93356032
22794,93360128
22795,93364224
22796,93368320
22797,93372416
22798,93376512
22799,93380608
22800,93384704
22801,93388800
22802,93392896
22803,93396992
22804,93401088
22805,93405184
22806,93409280
22807,93413376
22808,93417472
22809,93421568
22810,93425664
22811,93429760
22812,93433856
22813,93437952
22814,93442048
22815,93446144
22816,93450240
22817,93454336
22818,93458432
22819,93462528
22820,93466624
22821,93470720
22822,93474816
22823,93478912
22824,93483008
22825,93487104
22826,93491200
22827,93495296
22828,93499392
22829,93503488
22830,93507584
22831,93511680
22832,93515776
22833,93519872
22834,93523968
22835,93528064
22836,93532160
22837,93536256
22838,93540352
22839,93544448
22840,93548544
22841,93552640
22842,93556736
22843,93560832
22844,93564928
22845,93569024
22846,93573120
22847,93577216
22848,93581312
22849,93585408
22850,93589504
22851,93593600
22852,93597696
22853,93601792
22854,93605888
22855,93609984
22856,93614080
22857,93618176
22858,93622272
22859,93626368
22860,93630464
22861,93634560
22862,93638656
22863,93642752
22864,93646848
22865,93650944
22866,93655040
22867,93659136
22868,93663232
22869,93667328
22870,93671424
22871,93675520
22872,93679616
22873,93683712
22874,93687808
22875,93691904
22876,93696000
22877,93700096
22878,93704192
22879,93708288
22880,93712384
22881,93716480
22882,93720576
22883,93724672
22884,93728768
22885,93732864
22886,93736960
22887,93741056
22888,93745152
22889,93749248
22890,93753344
22891,93757440
22892,93761536
22893,93765632
22894,93769728
22895,93773824
22896,93777920
22897,93782016
22898,93786112
22899,93790208
22900,93794304
22901,93798400
22902,93802496
22903,93806592
22904,93810688
22905,93814784
22906,93818880
22907,93822976
22908,93827072
22909,93831168
22910,93835264
22911,93839360
22912,93843456
22913,93847552
22914,93851648
22915,93855744
22916,93859840
22917,93863936
22918,93868032
22919,93872128
22920,93876224
22921,93880320
22922,93884416
22923,93888512
22924,93892608
22925,93896704
22926,93900800
22927,93904896
22928,93908992
22929,93913088
22930,93917184
22931,93921280
22932,93925376
22933,93929472
22934,93933568
22935,93937664
22936,93941760
22937,93945856
22938,93949952
22939,93954048
22940,93958144
22941,93962240
22942,93966336
22943,93970432
22944,93974528
22945,93978624
22946,93982720
22947,93986816
22948,93990912
22949,93995008
22950,93999104
22951,94003200
22952,94007296
22953,94011392
22954,94015488
22955,94019584
22956,94023680
22957,94027776
22958,94031872
22959,94035968
22960,94040064
22961,94044160
22962,94048256
22963,94052352
22964,94056448
22965,94060544
22966,94064640
22967,94068736
22968,94072832
22969,94076928
22970,94081024
22971,94085120
22972,94089216
22973,94093312
22974,94097408
22975,94101504
22976,94105600
22977,94109696
22978,94113792
22979,94117888
22980,94121984
22981,94126080
22982,94130176
22983,94134272
22984,94138368
22985,94142464
22986,94146560
22987,94150656
22988,94154752
22989,94158848
22990,94162944
22991,94167040
22992,94171136
22993,94175232
22994,94179328
22995,94183424
22996,94187520
22997,94191616
22998,94195712
22999,94199808
23000,94203904
23001,94208000
23002,94212096
23003,94216192
23004,94220288
23005,94224384
23006,94228480
23007,94232576
23008,94236672
23009,94240768
23010,94244864
23011,94248960
23012,94253056
23013,94257152
23014,94261248
23015,94265344
23016,94269440
23017,94273536
23018,94277632
23019,94281728
23020,94285824
23021,94289920
23022,94294016
23023,94298112
23024,94302208
23025,94306304
23026,94310400
23027,94314496
23028,94318592
23029,94322688
23030,94326784
23031,94330880
23032,94334976
23033,94339072
23034,94343168
23035,94347264
23036,94351360
23037,94355456
23038,94359552
23039,94363648
23040,94367744
23041,94371840
23042,94375936
23043,94380032
23044,94384128
23045,94388224
23046,94392320
23047,94396416
23048,94400512
23049,94404608
23050,94408704
23051,94412800
23052,94416896
23053,94420992
23054,94425088
23055,94429184
23056,94433280
23057,94437376
23058,94441472
23059,94445568
23060,94449664
23061,94453760
23062,94457856
23063,94461952
23064,94466048
23065,94470144
23066,94474240
23067,94478336
23068,94482432
23069,94486528
23070,94490624
23071,94494720
23072,94498816
23073,94502912
23074,94507008
23075,94511104
23076,94515200
23077,94519296
23078,94523392
23079,94527488
23080,94531584
23081,94535680
23082,94539776
23083,94543872
23084,94547968
23085,94552064
23086,94556160
23087,94560256
23088,94564352
23089,94568448
23090,94572544
23091,94576640
23092,94580736
23093,94584832
23094,94588928
23095,94593024
23096,94597120
23097,94601216
23098,94605312
23099,94609408
23100,94613504
23101,94617600
23102,94621696
23103,94625792
23104,94629888
23105,94633984
23106,94638080
23107,94642176
23108,94646272
23109,94650368
23110,94654464
23111,94658560
23112,94662656
23113,94666752
23114,94670848
23115,94674944
23116,94679040
23117,94683136
23118,94687232
23119,94691328
23120,94695424
23121,94699520
23122,94703616
23123,94707712
23124,94711808
23125,94715904
23126,94720000
23127,94724096
23128,94728192
23129,94732288
23130,94736384
23131,94740480
23132,94744576
23133,94748672
23134,94752768
23135,94756864
23136,94760960
23137,94765056
23138,94769152
23139,94773248
23140,94777344
23141,94781440
23142,94785536
23143,94789632
23144,94793728
23145,94797824
23146,94801920
23147,94806016
23148,94810112
23149,94814208
23150,94818304
23151,94822400
23152,94826496
23153,94830592
23154,94834688
23155,94838784
23156,94842880
23157,94846976
23158,94851072
23159,94855168
23160,94859264
23161,94863360
23162,94867456
23163,94871552
23164,94875648
23165,94879744
23166,94883840
23167,94887936
23168,94892032
23169,94896128
23170,94900224
23171,94904320
23172,94908416
23173,94912512
23174,94916608
23175,94920704
23176,94924800
23177,94928896
23178,94932992
23179,94937088
23180,94941184
23181,94945280
23182,94949376
23183,94953472
23184,94957568
23185,94961664
23186,94965760
23187,94969856
23188,94973952
23189,94978048
23190,94982144
23191,94986240
23192,94990336
23193,94994432
23194,94998528
23195,95002624
23196,95006720
23197,95010816
23198,95014912
23199,95019008
23200,95023104
23201,95027200
23202,95031296
23203,95035392
23204,95039488
23205,95043584
23206,95047680
23207,95051776
23208,95055872
23209,95059968
23210,95064064
23211,95068160
23212,95072256
23213,95076352
23214,95080448
23215,95084544
23216,95088640
23217,95092736
23218,95096832
23219,95100928
23220,95105024
23221,95109120
23222,95113216
23223,95117312
23224,95121408
23225,95125504
23226,95129600
23227,95133696
23228,95137792
23229,95141888
23230,95145984
23231,95150080
23232,95154176
23233,95158272
23234,95162368
23235,95166464
23236,95170560
23237,95174656
23238,95178752
23239,95182848
23240,95186944
23241,95191040
23242,95195136
23243,95199232
23244,95203328
23245,95207424
23246,95211520
23247,95215616
23248,95219712
23249,95223808
23250,95227904
23251,95232000
23252,95236096
23253,95240192
23254,95244288
23255,95248384
23256,95252480
23257,95256576
23258,95260672
23259,95264768
23260,95268864
23261,95272960
23262,95277056
23263,95281152
23264,95285248
23265,95289344
23266,95293440
23267,95297536
23268,95301632
23269,95305728
23270,95309824
23271,95313920
23272,95318016
23273,95322112
23274,95326208
23275,95330304
23276,95334400
23277,95338496
23278,95342592
23279,95346688
23280,95350784
23281,95354880
23282,95358976
23283,95363072
23284,95367168
23285,95371264
23286,95375360
23287,95379456
23288,95383552
23289,95387648
23290,95391744
23291,95395840
23292,95399936
23293,95404032
23294,95408128
23295,95412224
23296,95416320
23297,95420416
23298,95424512
23299,95428608
23300,95432704
23301,95436800
23302,95440896
23303,95444992
23304,95449088
23305,95453184
23306,95457280
23307,95461376
23308,95465472
23309,95469568
23310,95473664
23311,95477760
23312,95481856
23313,95485952
23314,95490048
23315,95494144
23316,95498240
23317,95502336
23318,95506432
23319,95510528
23320,95514624
23321,95518720
23322,95522816
23323,95526912
23324,95531008
23325,95535104
23326,95539200
23327,95543296
23328,95547392
23329,95551488
23330,95555584
23331,95559680
23332,95563776
23333,95567872
23334,95571968
23335,95576064
23336,95580160
23337,95584256
23338,95588352
23339,95592448
23340,95596544
23341,95600640
23342,95604736
23343,95608832
23344,95612928
23345,95617024
23346,95621120
23347,95625216
23348,95629312
23349,95633408
23350,95637504
23351,95641600
23352,95645696
23353,95649792
23354,95653888
23355,95657984
23356,95662080
23357,95666176
23358,95670272
23359,95674368
23360,95678464
23361,95682560
23362,95686656
23363,95690752
23364,95694848
23365,95698944
23366,95703040
23367,95707136
23368,95711232
23369,95715328
23370,95719424
23371,95723520
23372,95727616
23373,95731712
23374,95735808
23375,95739904
23376,95744000
23377,95748096
23378,95752192
23379,95756288
23380,95760384
23381,95764480
23382,95768576
23383,95772672
23384,95776768
23385,95780864
23386,95784960
23387,95789056
23388,95793152
23389,95797248
23390,95801344
23391,95805440
23392,95809536
23393,95813632
23394,95817728
23395,95821824
23396,95825920
23397,95830016
23398,95834112
23399,95838208
23400,95842304
23401,95846400
23402,95850496
23403,95854592
23404,95858688
23405,95862784
23406,95866880
23407,95870976
23408,95875072
23409,95879168
23410,95883264
23411,95887360
23412,95891456
23413,95895552
23414,95899648
23415,95903744
23416,95907840
23417,95911936
23418,95916032
23419,95920128
23420,95924224
23421,95928320
23422,95932416
23423,95936512
23424,95940608
23425,95944704
23426,95948800
23427,95952896
23428,95956992
23429,95961088
23430,95965184
23431,95969280
23432,95973376
23433,95977472
23434,95981568
23435,95985664
23436,95989760
23437,95993856
23438,95997952
23439,96002048
23440,96006144
23441,96010240
23442,96014336
23443,96018432
23444,96022528
23445,96026624
23446,96030720
23447,96034816
23448,96038912
23449,96043008
23450,96047104
23451,96051200
23452,96055296
23453,96059392
23454,96063488
23455,96067584
23456,96071680
23457,96075776
23458,96079872
23459,96083968
23460,96088064
23461,96092160
23462,96096256
23463,96100352
23464,96104448
23465,96108544
23466,96112640
23467,96116736
23468,96120832
23469,96124928
23470,96129024
23471,96133120
23472,96137216
23473,96141312
23474,96145408
23475,96149504
23476,96153600
23477,96157696
23478,96161792
23479,96165888
23480,96169984
23481,96174080
23482,96178176
23483,96182272
23484,96186368
23485,96190464
23486,96194560
23487,96198656
23488,96202752
23489,96206848
23490,96210944
23491,96215040
23492,96219136
23493,96223232
23494,96227328
23495,96231424
23496,96235520
23497,96239616
23498,96243712
23499,96247808
23500,96251904
23501,96256000
23502,96260096
23503,96264192
23504,96268288
23505,96272384
23506,96276480
23507,96280576
23508,96284672
23509,96288768
23510,96292864
23511,96296960
23512,96301056
23513,96305152
23514,96309248
23515,96313344
23516,96317440
23517,96321536
23518,96325632
23519,96329728
23520,96333824
23521,96337920
23522,96342016
23523,96346112
23524,96350208
23525,96354304
23526,96358400
23527,96362496
23528,96366592
23529,96370688
23530,96374784
23531,96378880
23532,96382976
23533,96387072
23534,96391168
23535,96395264
23536,96399360
23537,96403456
23538,96407552
23539,96411648
23540,96415744
23541,96419840
23542,96423936
23543,96428032
23544,96432128
23545,96436224
23546,96440320
23547,96444416
23548,96448512
23549,96452608
23550,96456704
23551,96460800
23552,96464896
23553,96468992
23554,96473088
23555,96477184
23556,96481280
23557,96485376
23558,96489472
23559,96493568
23560,96497664
23561,96501760
23562,96505856
23563,96509952
23564,96514048
23565,96518144
23566,96522240
23567,96526336
23568,96530432
23569,96534528
23570,96538624
23571,96542720
23572,96546816
23573,96550912
23574,96555008
23575,96559104
23576,96563200
23577,96567296
23578,96571392
23579,96575488
23580,96579584
23581,96583680
23582,96587776
23583,96591872
23584,96595968
23585,96600064
23586,96604160
23587,96608256
23588,96612352
23589,96616448
23590,96620544
23591,96624640
23592,96628736
23593,96632832
23594,96636928
23595,96641024
23596,96645120
23597,96649216
23598,96653312
23599,96657408
23600,96661504
23601,96665600
23602,96669696
23603,96673792
23604,96677888
23605,96681984
23606,96686080
23607,96690176
23608,96694272
23609,96698368
23610,96702464
23611,96706560
23612,96710656
23613,96714752
23614,96718848
23615,96722944
23616,96727040
23617,96731136
23618,96735232
23619,96739328
23620,96743424
23621,96747520
23622,96751616
23623,96755712
23624,96759808
23625,96763904
23626,96768000
23627,96772096
23628,96776192
23629,96780288
23630,96784384
23631,96788480
23632,96792576
23633,96796672
23634,96800768
23635,96804864
23636,96808960
23637,96813056
23638,96817152
23639,96821248
23640,96825344
23641,96829440
23642,96833536
23643,96837632
23644,96841728
23645,96845824
23646,96849920
23647,96854016
23648,96858112
23649,96862208
23650,96866304
23651,96870400
23652,96874496
23653,96878592
23654,96882688
23655,96886784
23656,96890880
23657,96894976
23658,96899072
23659,96903168
23660,96907264
23661,96911360
23662,96915456
23663,96919552
23664,96923648
23665,96927744
23666,96931840
23667,96935936
23668,96940032
23669,96944128
23670,96948224
23671,96952320
23672,96956416
23673,96960512
23674,96964608
23675,96968704
23676,96972800
23677,96976896
23678,96980992
23679,96985088
23680,96989184
23681,96993280
23682,96997376
23683,97001472
23684,97005568
23685,97009664
23686,97013760
23687,97017856
23688,97021952
23689,97026048
23690,97030144
23691,97034240
23692,97038336
23693,97042432
23694,97046528
23695,97050624
23696,97054720
23697,97058816
23698,97062912
23699,97067008
23700,97071104
23701,97075200
23702,97079296
23703,97083392
23704,97087488
23705,97091584
23706,97095680
23707,97099776
23708,97103872
23709,97107968
23710,97112064
23711,97116160
23712,97120256
23713,97124352
23714,97128448
23715,97132544
23716,97136640
23717,97140736
23718,97144832
23719,97148928
23720,97153024
23721,97157120
23722,97161216
23723,97165312
23724,97169408
23725,97173504
23726,97177600
23727,97181696
23728,97185792
23729,97189888
23730,97193984
23731,97198080
23732,97202176
23733,97206272
23734,97210368
23735,97214464
23736,97218560
23737,97222656
23738,97226752
23739,97230848
23740,97234944
23741,97239040
23742,97243136
23743,97247232
23744,97251328
23745,97255424
23746,97259520
23747,97263616
23748,97267712
23749,97271808
23750,97275904
23751,97280000
23752,97284096
23753,97288192
23754,97292288
23755,97296384
23756,97300480
23757,97304576
23758,97308672
23759,97312768
23760,97316864
23761,97320960
23762,97325056
23763,97329152
23764,97333248
23765,97337344
23766,97341440
23767,97345536
23768,97349632
23769,97353728
23770,97357824
23771,97361920
23772,97366016
23773,97370112
23774,97374208
23775,97378304
23776,97382400
23777,97386496
23778,97390592
23779,97394688
23780,97398784
23781,97402880
23782,97406976
23783,97411072
23784,97415168
23785,97419264
23786,97423360
23787,97427456
23788,97431552
23789,97435648
23790,97439744
23791,97443840
23792,97447936
23793,97452032
23794,97456128
23795,97460224
23796,97464320
23797,97468416
23798,97472512
23799,97476608
23800,97480704
23801,97484800
23802,97488896
23803,97492992
23804,97497088
23805,97501184
23806,97505280
23807,97509376
23808,97513472
23809,97517568
23810,97521664
23811,97525760
23812,97529856
23813,97533952
23814,97538048
23815,97542144
23816,97546240
23817,97550336
23818,97554432
23819,97558528
23820,97562624
23821,97566720
23822,97570816
23823,97574912
23824,97579008
23825,97583104
23826,97587200
23827,97591296
23828,97595392
23829,97599488
23830,97603584
23831,97607680
23832,97611776
23833,97615872
23834,97619968
23835,97624064
23836,97628160
23837,97632256
23838,97636352
23839,97640448
23840,97644544
23841,97648640
23842,97652736
23843,97656832
23844,97660928
23845,97665024
23846,97669120
23847,97673216
23848,97677312
23849,97681408
23850,97685504
23851,97689600
23852,97693696
23853,97697792
23854,97701888
23855,97705984
23856,97710080
23857,97714176
23858,97718272
23859,97722368
23860,97726464
23861,97730560
23862,97734656
23863,97738752
23864,97742848
23865,97746944
23866,97751040
23867,97755136
23868,97759232
23869,97763328
23870,97767424
23871,97771520
23872,97775616
23873,97779712
23874,97783808
23875,97787904
23876,97792000
23877,97796096
23878,97800192
23879,97804288
23880,97808384
23881,97812480
23882,97816576
23883,97820672
23884,97824768
23885,97828864
23886,97832960
23887,97837056
23888,97841152
23889,97845248
23890,97849344
23891,97853440
23892,97857536
23893,97861632
23894,97865728
23895,97869824
23896,97873920
23897,97878016
23898,97882112
23899,97886208
23900,97890304
23901,97894400
23902,97898496
23903,97902592
23904,97906688
23905,97910784
23906,97914880
23907,97918976
23908,97923072
23909,97927168
23910,97931264
23911,97935360
23912,97939456
23913,97943552
23914,97947648
23915,97951744
23916,97955840
23917,97959936
23918,97964032
23919,97968128
23920,97972224
23921,97976320
23922,97980416
23923,97984512
23924,97988608
23925,97992704
23926,97996800
23927,98000896
23928,98004992
23929,98009088
23930,98013184
23931,98017280
23932,98021376
23933,98025472
23934,98029568
23935,98033664
23936,98037760
23937,98041856
23938,98045952
23939,98050048
23940,98054144
23941,98058240
23942,98062336
23943,98066432
23944,98070528
23945,98074624
23946,98078720
23947,98082816
23948,98086912
23949,98091008
23950,98095104
23951,98099200
23952,98103296
23953,98107392
23954,98111488
23955,98115584
23956,98119680
23957,98123776
23958,98127872
23959,98131968
23960,98136064
23961,98140160
23962,98144256
23963,98148352
23964,98152448
23965,98156544
23966,98160640
23967,98164736
23968,98168832
23969,98172928
23970,98177024
23971,98181120
23972,98185216
23973,98189312
23974,98193408
23975,98197504
23976,98201600
23977,98205696
23978,98209792
23979,98213888
23980,98217984
23981,98222080
23982,98226176
23983,98230272
23984,98234368
23985,98238464
23986,98242560
23987,98246656
23988,98250752
23989,98254848
23990,98258944
23991,98263040
23992,98267136
23993,98271232
23994,98275328
23995,98279424
23996,98283520
23997,98287616
23998,98291712
23999,98295808
24000,98299904
24001,98304000
24002,98308096
24003,98312192
24004,98316288
24005,98320384
24006,98324480
24007,98328576
24008,98332672
24009,98336768
24010,98340864
24011,98344960
24012,98349056
24013,98353152
24014,98357248
24015,98361344
24016,98365440
24017,98369536
24018,98373632
24019,98377728
24020,98381824
24021,98385920
24022,98390016
24023,98394112
24024,98398208
24025,98402304
24026,98406400
24027,98410496
24028,98414592
24029,98418688
24030,98422784
24031,98426880
24032,98430976
24033,98435072
24034,98439168
24035,98443264
24036,98447360
24037,98451456
24038,98455552
24039,98459648
24040,98463744
24041,98467840
24042,98471936
24043,98476032
24044,98480128
24045,98484224
24046,98488320
24047,98492416
24048,98496512
24049,98500608
24050,98504704
24051,98508800
24052,98512896
24053,98516992
24054,98521088
24055,98525184
24056,98529280
24057,98533376
24058,98537472
24059,98541568
24060,98545664
24061,98549760
24062,98553856
24063,98557952
24064,98562048
24065,98566144
24066,98570240
24067,98574336
24068,98578432
24069,98582528
24070,98586624
24071,98590720
24072,98594816
24073,98598912
24074,98603008
24075,98607104
24076,98611200
24077,98615296
24078,98619392
24079,98623488
24080,98627584
24081,98631680
24082,98635776
24083,98639872
24084,98643968
24085,98648064
24086,98652160
24087,98656256
24088,98660352
24089,98664448
24090,98668544
24091,98672640
24092,98676736
24093,98680832
24094,98684928
24095,98689024
24096,98693120
24097,98697216
24098,98701312
24099,98705408
24100,98709504
24101,98713600
24102,98717696
24103,98721792
24104,98725888
24105,98729984
24106,98734080
24107,98738176
24108,98742272
24109,98746368
24110,98750464
24111,98754560
24112,98758656
24113,98762752
24114,98766848
24115,98770944
24116,98775040
24117,98779136
24118,98783232
24119,98787328
24120,98791424
24121,98795520
24122,98799616
24123,98803712
24124,98807808
24125,98811904
24126,98816000
24127,98820096
24128,98824192
24129,98828288
24130,98832384
24131,98836480
24132,98840576
24133,98844672
24134,98848768
24135,98852864
24136,98856960
24137,98861056
24138,98865152
24139,98869248
24140,98873344
24141,98877440
24142,98881536
24143,98885632
24144,98889728
24145,98893824
24146,98897920
24147,98902016
24148,98906112
24149,98910208
24150,98914304
24151,98918400
24152,98922496
24153,98926592
24154,98930688
24155,98934784
24156,98938880
24157,98942976
24158,98947072
24159,98951168
24160,98955264
24161,98959360
24162,98963456
24163,98967552
24164,98971648
24165,98975744
24166,98979840
24167,98983936
24168,98988032
24169,98992128
24170,98996224
24171,99000320
24172,99004416
24173,99008512
24174,99012608
24175,99016704
24176,99020800
24177,99024896
24178,99028992
24179,99033088
24180,99037184
24181,99041280
24182,99045376
24183,99049472
24184,99053568
24185,99057664
24186,99061760
24187,99065856
24188,99069952
24189,99074048
24190,99078144
24191,99082240
24192,99086336
24193,99090432
24194,99094528
24195,99098624
24196,99102720
24197,99106816
24198,99110912
24199,99115008
24200,99119104
24201,99123200
24202,99127296
24203,99131392
24204,99135488
24205,99139584
24206,99143680
24207,99147776
24208,99151872
24209,99155968
24210,99160064
24211,99164160
24212,99168256
24213,99172352
24214,99176448
24215,99180544
24216,99184640
24217,99188736
24218,99192832
24219,99196928
24220,99201024
24221,99205120
24222,99209216
24223,99213312
24224,99217408
24225,99221504
24226,99225600
24227,99229696
24228,99233792
24229,99237888
24230,99241984
24231,99246080
24232,99250176
24233,99254272
24234,99258368
24235,99262464
24236,99266560
24237,99270656
24238,99274752
24239,99278848
24240,99282944
24241,99287040
24242,99291136
24243,99295232
24244,99299328
24245,99303424
24246,99307520
24247,99311616
24248,99315712
24249,99319808
24250,99323904
24251,99328000
24252,99332096
24253,99336192
24254,99340288
24255,99344384
24256,99348480
24257,99352576
24258,99356672
24259,99360768
24260,99364864
24261,99368960
24262,99373056
24263,99377152
24264,99381248
24265,99385344
24266,99389440
24267,99393536
24268,99397632
24269,99401728
24270,99405824
24271,99409920
24272,99414016
24273,99418112
24274,99422208
24275,99426304
24276,99430400
24277,99434496
24278,99438592
24279,99442688
24280,99446784
24281,99450880
24282,99454976
24283,99459072
24284,99463168
24285,99467264
24286,99471360
24287,99475456
24288,99479552
24289,99483648
24290,99487744
24291,99491840
24292,99495936
24293,99500032
24294,99504128
24295,99508224
24296,99512320
24297,99516416
24298,99520512
24299,99524608
24300,99528704
24301,99532800
24302,99536896
24303,99540992
24304,99545088
24305,99549184
24306,99553280
24307,99557376
24308,99561472
24309,99565568
24310,99569664
24311,99573760
24312,99577856
24313,99581952
24314,99586048
24315,99590144
24316,99594240
24317,99598336
24318,99602432
24319,99606528
24320,99610624
24321,99614720
24322,99618816
24323,99622912
24324,99627008
24325,99631104
24326,99635200
24327,99639296
24328,99643392
24329,99647488
24330,99651584
24331,99655680
24332,99659776
24333,99663872
24334,99667968
24335,99672064
24336,99676160
24337,99680256
24338,99684352
24339,99688448
24340,99692544
24341,99696640
24342,99700736
24343,99704832
24344,99708928
24345,99713024
24346,99717120
24347,99721216
24348,99725312
24349,99729408
24350,99733504
24351,99737600
24352,99741696
24353,99745792
24354,99749888
24355,99753984
24356,99758080
24357,99762176
24358,99766272
24359,99770368
24360,99774464
24361,99778560
24362,99782656
24363,99786752
24364,99790848
24365,99794944
24366,99799040
24367,99803136
24368,99807232
24369,99811328
24370,99815424
24371,99819520
24372,99823616
24373,99827712
24374,99831808
24375,99835904
24376,99840000
24377,99844096
24378,99848192
24379,99852288
24380,99856384
24381,99860480
24382,99864576
24383,99868672
24384,99872768
24385,99876864
24386,99880960
24387,99885056
24388,99889152
24389,99893248
24390,99897344
24391,99901440
24392,99905536
24393,99909632
24394,99913728
24395,99917824
24396,99921920
24397,99926016
24398,99930112
24399,99934208
24400,99938304
24401,99942400
24402,99946496
24403,99950592
24404,99954688
24405,99958784
24406,99962880
24407,99966976
24408,99971072
24409,99975168
24410,99979264
24411,99983360
24412,99987456
24413,99991552
24414,99995648
24415,99999744
24416,100003840
24417,100007936
24418,100012032
24419,100016128
24420,100020224
24421,100024320
24422,100028416
24423,100032512
24424,100036608
24425,100040704
24426,100044800
24427,100048896
24428,100052992
24429,100057088
24430,100061184
24431,100065280
24432,100069376
24433,100073472
24434,100077568
24435,100081664
24436,100085760
24437,100089856
24438,100093952
24439,100098048
24440,100102144
24441,100106240
24442,100110336
24443,100114432
24444,100118528
24445,100122624
24446,100126720
24447,100130816
24448,100134912
24449,100139008
24450,100143104
24451,100147200
24452,100151296
24453,100155392
24454,100159488
24455,100163584
24456,100167680
24457,100171776
24458,100175872
24459,100179968
24460,100184064
24461,100188160
24462,100192256
24463,100196352
24464,100200448
24465,100204544
24466,100208640
24467,100212736
24468,100216832
24469,100220928
24470,100225024
24471,100229120
24472,100233216
24473,100237312
24474,100241408
24475,100245504
24476,100249600
24477,100253696
24478,100257792
24479,100261888
24480,100265984
24481,100270080
24482,100274176
24483,100278272
24484,100282368
24485,100286464
24486,100290560
24487,100294656
24488,100298752
24489,100302848
24490,100306944
24491,100311040
24492,100315136
24493,100319232
24494,100323328
24495,100327424
24496,100331520
24497,100335616
24498,100339712
24499,100343808
24500,100347904
24501,100352000
24502,100356096
24503,100360192
24504,100364288
24505,100368384
24506,100372480
24507,100376576
24508,100380672
24509,100384768
24510,100388864
24511,100392960
24512,100397056
24513,100401152
24514,100405248
24515,100409344
24516,100413440
24517,100417536
24518,100421632
24519,100425728
24520,100429824
24521,100433920
24522,100438016
24523,100442112
24524,100446208
24525,100450304
24526,100454400
24527,100458496
24528,100462592
24529,100466688
24530,100470784
24531,100474880
24532,100478976
24533,100483072
24534,100487168
24535,100491264
24536,100495360
24537,100499456
24538,100503552
24539,100507648
24540,100511744
24541,100515840
24542,100519936
24543,100524032
24544,100528128
24545,100532224
24546,100536320
24547,100540416
24548,100544512
24549,100548608
24550,100552704
24551,100556800
24552,100560896
24553,100564992
24554,100569088
24555,100573184
24556,100577280
24557,100581376
24558,100585472
24559,100589568
24560,100593664
24561,100597760
24562,100601856
24563,100605952
24564,100610048
24565,100614144
24566,100618240
24567,100622336
24568,100626432
24569,100630528
24570,100634624
24571,100638720
24572,100642816
24573,100646912
24574,100651008
24575,100655104
24576,100659200
24577,100663296
24578,100667392
24579,100671488
24580,100675584
24581,100679680
24582,100683776
24583,100687872
24584,100691968
24585,100696064
24586,100700160
24587,100704256
24588,100708352
24589,100712448
24590,100716544
24591,100720640
24592,100724736
24593,100728832
24594,100732928
24595,100737024
24596,100741120
24597,100745216
24598,100749312
24599,100753408
24600,100757504
24601,100761600
24602,100765696
24603,100769792
24604,100773888
24605,100777984
24606,100782080
24607,100786176
24608,100790272
24609,100794368
24610,100798464
24611,100802560
24612,100806656
24613,100810752
24614,100814848
24615,100818944
24616,100823040
24617,100827136
24618,100831232
24619,100835328
24620,100839424
24621,100843520
24622,100847616
24623,100851712
24624,100855808
24625,100859904
24626,100864000
24627,100868096
24628,100872192
24629,100876288
24630,100880384
24631,100884480
24632,100888576
24633,100892672
24634,100896768
24635,100900864
24636,100904960
24637,100909056
24638,100913152
24639,100917248
24640,100921344
24641,100925440
24642,100929536
24643,100933632
24644,100937728
24645,100941824
24646,100945920
24647,100950016
24648,100954112
24649,100958208
24650,100962304
24651,100966400
24652,100970496
24653,100974592
24654,100978688
24655,100982784
24656,100986880
24657,100990976
24658,100995072
24659,100999168
24660,101003264
24661,101007360
24662,101011456
24663,101015552
24664,101019648
24665,101023744
24666,101027840
24667,101031936
24668,101036032
24669,101040128
24670,101044224
24671,101048320
24672,101052416
24673,101056512
24674,101060608
24675,101064704
24676,101068800
24677,101072896
24678,101076992
24679,101081088
24680,101085184
24681,101089280
24682,101093376
24683,101097472
24684,101101568
24685,101105664
24686,101109760
24687,101113856
24688,101117952
24689,101122048
24690,101126144
24691,101130240
24692,101134336
24693,101138432
24694,101142528
24695,101146624
24696,101150720
24697,101154816
24698,101158912
24699,101163008
24700,101167104
24701,101171200
24702,101175296
24703,101179392
24704,101183488
24705,101187584
24706,101191680
24707,101195776
24708,101199872
24709,101203968
24710,101208064
24711,101212160
24712,101216256
24713,101220352
24714,101224448
24715,101228544
24716,101232640
24717,101236736
24718,101240832
24719,101244928
24720,101249024
24721,101253120
24722,101257216
24723,101261312
24724,101265408
24725,101269504
24726,101273600
24727,101277696
24728,101281792
24729,101285888
24730,101289984
24731,101294080
24732,101298176
24733,101302272
24734,101306368
24735,101310464
24736,101314560
24737,101318656
24738,101322752
24739,101326848
24740,101330944
24741,101335040
24742,101339136
24743,101343232
24744,101347328
24745,101351424
24746,101355520
24747,101359616
24748,101363712
24749,101367808
24750,101371904
24751,101376000
24752,101380096
24753,101384192
24754,101388288
24755,101392384
24756,101396480
24757,101400576
24758,101404672
24759,101408768
24760,101412864
24761,101416960
24762,101421056
24763,101425152
24764,101429248
24765,101433344
24766,101437440
24767,101441536
24768,101445632
24769,101449728
24770,101453824
24771,101457920
24772,101462016
24773,101466112
24774,101470208
24775,101474304
24776,101478400
24777,101482496
24778,101486592
24779,101490688
24780,101494784
24781,101498880
24782,101502976
24783,101507072
24784,101511168
24785,101515264
24786,101519360
24787,101523456
24788,101527552
24789,101531648
24790,101535744
24791,101539840
24792,101543936
24793,101548032
24794,101552128
24795,101556224
24796,101560320
24797,101564416
24798,101568512
24799,101572608
24800,101576704
24801,101580800
24802,101584896
24803,101588992
24804,101593088
24805,101597184
24806,101601280
24807,101605376
24808,101609472
24809,101613568
24810,101617664
24811,101621760
24812,101625856
24813,101629952
24814,101634048
24815,101638144
24816,101642240
24817,101646336
24818,101650432
24819,101654528
24820,101658624
24821,101662720
24822,101666816
24823,101670912
24824,101675008
24825,101679104
24826,101683200
24827,101687296
24828,101691392
24829,101695488
24830,101699584
24831,101703680
24832,101707776
24833,101711872
24834,101715968
24835,101720064
24836,101724160
24837,101728256
24838,101732352
24839,101736448
24840,101740544
24841,101744640
24842,101748736
24843,101752832
24844,101756928
24845,101761024
24846,101765120
24847,101769216
24848,101773312
24849,101777408
24850,101781504
24851,101785600
24852,101789696
24853,101793792
24854,101797888
24855,101801984
24856,101806080
24857,101810176
24858,101814272
24859,101818368
24860,101822464
24861,101826560
24862,101830656
24863,101834752
24864,101838848
24865,101842944
24866,101847040
24867,101851136
24868,101855232
24869,101859328
24870,101863424
24871,101867520
24872,101871616
24873,101875712
24874,101879808
24875,101883904
24876,101888000
24877,101892096
24878,101896192
24879,101900288
24880,101904384
24881,101908480
24882,101912576
24883,101916672
24884,101920768
24885,101924864
24886,101928960
24887,101933056
24888,101937152
24889,101941248
24890,101945344
24891,101949440
24892,101953536
24893,101957632
24894,101961728
24895,101965824
24896,101969920
24897,101974016
24898,101978112
24899,101982208
24900,101986304
24901,101990400
24902,101994496
24903,101998592
24904,102002688
24905,102006784
24906,102010880
24907,102014976
24908,102019072
24909,102023168
24910,102027264
24911,102031360
24912,102035456
24913,102039552
24914,102043648
24915,102047744
24916,102051840
24917,102055936
24918,102060032
24919,102064128
24920,102068224
24921,102072320
24922,102076416
24923,102080512
24924,102084608
24925,102088704
24926,102092800
24927,102096896
24928,102100992
24929,102105088
24930,102109184
24931,102113280
24932,102117376
24933,102121472
24934,102125568
24935,102129664
24936,102133760
24937,102137856
24938,102141952
24939,102146048
24940,102150144
24941,102154240
24942,102158336
24943,102162432
24944,102166528
24945,102170624
24946,102174720
24947,102178816
24948,102182912
24949,102187008
24950,102191104
24951,102195200
24952,102199296
24953,102203392
24954,102207488
24955,102211584
24956,102215680
24957,102219776
24958,102223872
24959,102227968
24960,102232064
24961,102236160
24962,102240256
24963,102244352
24964,102248448
24965,102252544
24966,102256640
24967,102260736
24968,102264832
24969,102268928
24970,102273024
24971,102277120
24972,102281216
24973,102285312
24974,102289408
24975,102293504
24976,102297600
24977,102301696
24978,102305792
24979,102309888
24980,102313984
24981,102318080
24982,102322176
24983,102326272
24984,102330368
24985,102334464
24986,102338560
24987,102342656
24988,102346752
24989,102350848
24990,102354944
24991,102359040
24992,102363136
24993,102367232
24994,102371328
24995,102375424
24996,102379520
24997,102383616
24998,102387712
24999,102391808
25000,102395904
25001,102400000
25002,102404096
25003,102408192
25004,102412288
25005,102416384
25006,102420480
25007,102424576
25008,102428672
25009,102432768
25010,102436864
25011,102440960
25012,102445056
25013,102449152
25014,102453248
25015,102457344
25016,102461440
25017,102465536
25018,102469632
25019,102473728
25020,102477824
25021,102481920
25022,102486016
25023,102490112
25024,102494208
25025,102498304
25026,102502400
25027,102506496
25028,102510592
25029,102514688
25030,102518784
25031,102522880
25032,102526976
25033,102531072
25034,102535168
25035,102539264
25036,102543360
25037,102547456
25038,102551552
25039,102555648
25040,102559744
25041,102563840
25042,102567936
25043,102572032
25044,102576128
25045,102580224
25046,102584320
25047,102588416
25048,102592512
25049,102596608
25050,102600704
25051,102604800
25052,102608896
25053,102612992
25054,102617088
25055,102621184
25056,102625280
25057,102629376
25058,102633472
25059,102637568
25060,102641664
25061,102645760
25062,102649856
25063,102653952
25064,102658048
25065,102662144
25066,102666240
25067,102670336
25068,102674432
25069,102678528
25070,102682624
25071,102686720
25072,102690816
25073,102694912
25074,102699008
25075,102703104
25076,102707200
25077,102711296
25078,102715392
25079,102719488
25080,102723584
25081,102727680
25082,102731776
25083,102735872
25084,102739968
25085,102744064
25086,102748160
25087,102752256
25088,102756352
25089,102760448
25090,102764544
25091,102768640
25092,102772736
25093,102776832
25094,102780928
25095,102785024
25096,102789120
25097,102793216
25098,102797312
25099,102801408
25100,102805504
25101,102809600
25102,102813696
25103,102817792
25104,102821888
25105,102825984
25106,102830080
25107,102834176
25108,102838272
25109,102842368
25110,102846464
25111,102850560
25112,102854656
25113,102858752
25114,102862848
25115,102866944
25116,102871040
25117,102875136
25118,102879232
25119,102883328
25120,102887424
25121,102891520
25122,102895616
25123,102899712
25124,102903808
25125,102907904
25126,102912000
25127,102916096
25128,102920192
25129,102924288
25130,102928384
25131,102932480
25132,102936576
25133,102940672
25134,102944768
25135,102948864
25136,102952960
25137,102957056
25138,102961152
25139,102965248
25140,102969344
25141,102973440
25142,102977536
25143,102981632
25144,102985728
25145,102989824
25146,102993920
25147,102998016
25148,103002112
25149,103006208
25150,103010304
25151,103014400
25152,103018496
25153,103022592
25154,103026688
25155,103030784
25156,103034880
25157,103038976
25158,103043072
25159,103047168
25160,103051264
25161,103055360
25162,103059456
25163,103063552
25164,103067648
25165,103071744
25166,103075840
25167,103079936
25168,103084032
25169,103088128
25170,103092224
25171,103096320
25172,103100416
25173,103104512
25174,103108608
25175,103112704
25176,103116800
25177,103120896
25178,103124992
25179,103129088
25180,103133184
25181,103137280
25182,103141376
25183,103145472
25184,103149568
25185,103153664
25186,103157760
25187,103161856
25188,103165952
25189,103170048
25190,103174144
25191,103178240
25192,103182336
25193,103186432
25194,103190528
25195,103194624
25196,103198720
25197,103202816
25198,103206912
25199,103211008
25200,103215104
25201,103219200
25202,103223296
25203,103227392
25204,103231488
25205,103235584
25206,103239680
25207,103243776
25208,103247872
25209,103251968
25210,103256064
25211,103260160
25212,103264256
25213,103268352
25214,103272448
25215,103276544
25216,103280640
25217,103284736
25218,103288832
25219,103292928
25220,103297024
25221,103301120
25222,103305216
25223,103309312
25224,103313408
25225,103317504
25226,103321600
25227,103325696
25228,103329792
25229,103333888
25230,103337984
25231,103342080
25232,103346176
25233,103350272
25234,103354368
25235,103358464
25236,103362560
25237,103366656
25238,103370752
25239,103374848
25240,103378944
25241,103383040
25242,103387136
25243,103391232
25244,103395328
25245,103399424
25246,103403520
25247,103407616
25248,103411712
25249,103415808
25250,103419904
25251,103424000
25252,103428096
25253,103432192
25254,103436288
25255,103440384
25256,103444480
25257,103448576
25258,103452672
25259,103456768
25260,103460864
25261,103464960
25262,103469056
25263,103473152
25264,103477248
25265,103481344
25266,103485440
25267,103489536
25268,103493632
25269,103497728
25270,103501824
25271,103505920
25272,103510016
25273,103514112
25274,103518208
25275,103522304
25276,103526400
25277,103530496
25278,103534592
25279,103538688
25280,103542784
25281,103546880
25282,103550976
25283,103555072
25284,103559168
25285,103563264
25286,103567360
25287,103571456
25288,103575552
25289,103579648
25290,103583744
25291,103587840
25292,103591936
25293,103596032
25294,103600128
25295,103604224
25296,103608320
25297,103612416
25298,103616512
25299,103620608
25300,103624704
25301,103628800
25302,103632896
25303,103636992
25304,103641088
25305,103645184
25306,103649280
25307,103653376
25308,103657472
25309,103661568
25310,103665664
25311,103669760
25312,103673856
25313,103677952
25314,103682048
25315,103686144
25316,103690240
25317,103694336
25318,103698432
25319,103702528
25320,103706624
25321,103710720
25322,103714816
25323,103718912
25324,103723008
25325,103727104
25326,103731200
25327,103735296
25328,103739392
25329,103743488
25330,103747584
25331,103751680
25332,103755776
25333,103759872
25334,103763968
25335,103768064
25336,103772160
25337,103776256
25338,103780352
25339,103784448
25340,103788544
25341,103792640
25342,103796736
25343,103800832
25344,103804928
25345,103809024
25346,103813120
25347,103817216
25348,103821312
25349,103825408
25350,103829504
25351,103833600
25352,103837696
25353,103841792
25354,103845888
25355,103849984
25356,103854080
25357,103858176
25358,103862272
25359,103866368
25360,103870464
25361,103874560
25362,103878656
25363,103882752
25364,103886848
25365,103890944
25366,103895040
25367,103899136
25368,103903232
25369,103907328
25370,103911424
25371,103915520
25372,103919616
25373,103923712
25374,103927808
25375,103931904
25376,103936000
25377,103940096
25378,103944192
25379,103948288
25380,103952384
25381,103956480
25382,103960576
25383,103964672
25384,103968768
25385,103972864
25386,103976960
25387,103981056
25388,103985152
25389,103989248
25390,103993344
25391,103997440
25392,104001536
25393,104005632
25394,104009728
25395,104013824
25396,104017920
25397,104022016
25398,104026112
25399,104030208
25400,104034304
25401,104038400
25402,104042496
25403,104046592
25404,104050688
25405,104054784
25406,104058880
25407,104062976
25408,104067072
25409,104071168
25410,104075264
25411,104079360
25412,104083456
25413,104087552
25414,104091648
25415,104095744
25416,104099840
25417,104103936
25418,104108032
25419,104112128
25420,104116224
25421,104120320
25422,104124416
25423,104128512
25424,104132608
25425,104136704
25426,104140800
25427,104144896
25428,104148992
25429,104153088
25430,104157184
25431,104161280
25432,104165376
25433,104169472
25434,104173568
25435,104177664
25436,104181760
25437,104185856
25438,104189952
25439,104194048
25440,104198144
25441,104202240
25442,104206336
25443,104210432
25444,104214528
25445,104218624
25446,104222720
25447,104226816
25448,104230912
25449,104235008
25450,104239104
25451,104243200
25452,104247296
25453,104251392
25454,104255488
25455,104259584
25456,104263680
25457,104267776
25458,104271872
25459,104275968
25460,104280064
25461,104284160
25462,104288256
25463,104292352
25464,104296448
25465,104300544
25466,104304640
25467,104308736
25468,104312832
25469,104316928
25470,104321024
25471,104325120
25472,104329216
25473,104333312
25474,104337408
25475,104341504
25476,104345600
25477,104349696
25478,104353792
25479,104357888
25480,104361984
25481,104366080
25482,104370176
25483,104374272
25484,104378368
25485,104382464
25486,104386560
25487,104390656
25488,104394752
25489,104398848
25490,104402944
25491,104407040
25492,104411136
25493,104415232
25494,104419328
25495,104423424
25496,104427520
25497,104431616
25498,104435712
25499,104439808
25500,104443904
25501,104448000
25502,104452096
25503,104456192
25504,104460288
25505,104464384
25506,104468480
25507,104472576
25508,104476672
25509,104480768
25510,104484864
25511,104488960
25512,104493056
25513,104497152
25514,104501248
25515,104505344
25516,104509440
25517,104513536
25518,104517632
25519,104521728
25520,104525824
25521,104529920
25522,104534016
25523,104538112
25524,104542208
25525,104546304
25526,104550400
25527,104554496
25528,104558592
25529,104562688
25530,104566784
25531,104570880
25532,104574976
25533,104579072
25534,104583168
25535,104587264
25536,104591360
25537,104595456
25538,104599552
25539,104603648
25540,104607744
25541,104611840
25542,104615936
25543,104620032
25544,104624128
25545,104628224
25546,104632320
25547,104636416
25548,104640512
25549,104644608
25550,104648704
25551,104652800
25552,104656896
25553,104660992
25554,104665088
25555,104669184
25556,104673280
25557,104677376
25558,104681472
25559,104685568
25560,104689664
25561,104693760
25562,104697856
25563,104701952
25564,104706048
25565,104710144
25566,104714240
25567,104718336
25568,104722432
25569,104726528
25570,104730624
25571,104734720
25572,104738816
25573,104742912
25574,104747008
25575,104751104
25576,104755200
25577,104759296
25578,104763392
25579,104767488
25580,104771584
25581,104775680
25582,104779776
25583,104783872
25584,104787968
25585,104792064
25586,104796160
25587,104800256
25588,104804352
25589,104808448
25590,104812544
25591,104816640
25592,104820736
25593,104824832
25594,104828928
25595,104833024
25596,104837120
25597,104841216
25598,104845312
25599,104849408
25600,104853504
25601,104857600
25602,104861696
25603,104865792
25604,104869888
25605,104873984
25606,104878080
25607,104882176
25608,104886272
25609,104890368
25610,104894464
25611,104898560
25612,104902656
25613,104906752
25614,104910848
25615,104914944
25616,104919040
25617,104923136
25618,104927232
25619,104931328
25620,104935424
25621,104939520
25622,104943616
25623,104947712
25624,104951808
25625,104955904
25626,104960000
25627,104964096
25628,104968192
25629,104972288
25630,104976384
25631,104980480
25632,104984576
25633,104988672
25634,104992768
25635,104996864
25636,105000960
25637,105005056
25638,105009152
25639,105013248
25640,105017344
25641,105021440
25642,105025536
25643,105029632
25644,105033728
25645,105037824
25646,105041920
25647,105046016
25648,105050112
25649,105054208
25650,105058304
25651,105062400
25652,105066496
25653,105070592
25654,105074688
25655,105078784
25656,105082880
25657,105086976
25658,105091072
25659,105095168
25660,105099264
25661,105103360
25662,105107456
25663,105111552
25664,105115648
25665,105119744
25666,105123840
25667,105127936
25668,105132032
25669,105136128
25670,105140224
25671,105144320
25672,105148416
25673,105152512
25674,105156608
25675,105160704
25676,105164800
25677,105168896
25678,105172992
25679,105177088
25680,105181184
25681,105185280
25682,105189376
25683,105193472
25684,105197568
25685,105201664
25686,105205760
25687,105209856
25688,105213952
25689,105218048
25690,105222144
25691,105226240
25692,105230336
25693,105234432
25694,105238528
25695,105242624
25696,105246720
25697,105250816
25698,105254912
25699,105259008
25700,105263104
25701,105267200
25702,105271296
25703,105275392
25704,105279488
25705,105283584
25706,105287680
25707,105291776
25708,105295872
25709,105299968
25710,105304064
25711,105308160
25712,105312256
25713,105316352
25714,105320448
25715,105324544
25716,105328640
25717,105332736
25718,105336832
25719,105340928
25720,105345024
25721,105349120
25722,105353216
25723,105357312
25724,105361408
25725,105365504
25726,105369600
25727,105373696
25728,105377792
25729,105381888
25730,105385984
25731,105390080
25732,105394176
25733,105398272
25734,105402368
25735,105406464
25736,105410560
25737,105414656
25738,105418752
25739,105422848
25740,105426944
25741,105431040
25742,105435136
25743,105439232
25744,105443328
25745,105447424
25746,105451520
25747,105455616
25748,105459712
25749,105463808
25750,105467904
25751,105472000
25752,105476096
25753,105480192
25754,105484288
25755,105488384
25756,105492480
25757,105496576
25758,105500672
25759,105504768
25760,105508864
25761,105512960
25762,105517056
25763,105521152
25764,105525248
25765,105529344
25766,105533440
25767,105537536
25768,105541632
25769,105545728
25770,105549824
25771,105553920
25772,105558016
25773,105562112
25774,105566208
25775,105570304
25776,105574400
25777,105578496
25778,105582592
25779,105586688
25780,105590784
25781,105594880
25782,105598976
25783,105603072
25784,105607168
25785,105611264
25786,105615360
25787,105619456
25788,105623552
25789,105627648
25790,105631744
25791,105635840
25792,105639936
25793,105644032
25794,105648128
25795,105652224
25796,105656320
25797,105660416
25798,105664512
25799,105668608
25800,105672704
25801,105676800
25802,105680896
25803,105684992
25804,105689088
25805,105693184
25806,105697280
25807,105701376
25808,105705472
25809,105709568
25810,105713664
25811,105717760
25812,105721856
25813,105725952
25814,105730048
25815,105734144
25816,105738240
25817,105742336
25818,105746432
25819,105750528
25820,105754624
25821,105758720
25822,105762816
25823,105766912
25824,105771008
25825,105775104
25826,105779200
25827,105783296
25828,105787392
25829,105791488
25830,105795584
25831,105799680
25832,105803776
25833,105807872
25834,105811968
25835,105816064
25836,105820160
25837,105824256
25838,105828352
25839,105832448
25840,105836544
25841,105840640
25842,105844736
25843,105848832
25844,105852928
25845,105857024
25846,105861120
25847,105865216
25848,105869312
25849,105873408
25850,105877504
25851,105881600
25852,105885696
25853,105889792
25854,105893888
25855,105897984
25856,105902080
25857,105906176
25858,105910272
25859,105914368
25860,105918464
25861,105922560
25862,105926656
25863,105930752
25864,105934848
25865,105938944
25866,105943040
25867,105947136
25868,105951232
25869,105955328
25870,105959424
25871,105963520
25872,105967616
25873,105971712
25874,105975808
25875,105979904
25876,105984000
25877,105988096
25878,105992192
25879,105996288
25880,106000384
25881,106004480
25882,106008576
25883,106012672
25884,106016768
25885,106020864
25886,106024960
25887,106029056
25888,106033152
25889,106037248
25890,106041344
25891,106045440
25892,106049536
25893,106053632
25894,106057728
25895,106061824
25896,106065920
25897,106070016
25898,106074112
25899,106078208
25900,106082304
25901,106086400
25902,106090496
25903,106094592
25904,106098688
25905,106102784
25906,106106880
25907,106110976
25908,106115072
25909,106119168
25910,106123264
25911,106127360
25912,106131456
25913,106135552
25914,106139648
25915,106143744
25916,106147840
25917,106151936
25918,106156032
25919,106160128
25920,106164224
25921,106168320
25922,106172416
25923,106176512
25924,106180608
25925,106184704
25926,106188800
25927,106192896
25928,106196992
25929,106201088
25930,106205184
25931,106209280
25932,106213376
25933,106217472
25934,106221568
25935,106225664
25936,106229760
25937,106233856
25938,106237952
25939,106242048
25940,106246144
25941,106250240
25942,106254336
25943,106258432
25944,106262528
25945,106266624
25946,106270720
25947,106274816
25948,106278912
25949,106283008
25950,106287104
25951,106291200
25952,106295296
25953,106299392
25954,106303488
25955,106307584
25956,106311680
25957,106315776
25958,106319872
25959,106323968
25960,106328064
25961,106332160
25962,106336256
25963,106340352
25964,106344448
25965,106348544
25966,106352640
25967,106356736
25968,106360832
25969,106364928
25970,106369024
25971,106373120
25972,106377216
25973,106381312
25974,106385408
25975,106389504
25976,106393600
25977,106397696
25978,106401792
25979,106405888
25980,106409984
25981,106414080
25982,106418176
25983,106422272
25984,106426368
25985,106430464
25986,106434560
25987,106438656
25988,106442752
25989,106446848
25990,106450944
25991,106455040
25992,106459136
25993,106463232
25994,106467328
25995,106471424
25996,106475520
25997,106479616
25998,106483712
25999,106487808
26000,106491904
26001,106496000
26002,106500096
26003,106504192
26004,106508288
26005,106512384
26006,106516480
26007,106520576
26008,106524672
26009,106528768
26010,106532864
26011,106536960
26012,106541056
26013,106545152
26014,106549248
26015,106553344
26016,106557440
26017,106561536
26018,106565632
26019,106569728
26020,106573824
26021,106577920
26022,106582016
26023,106586112
26024,106590208
26025,106594304
26026,106598400
26027,106602496
26028,106606592
26029,106610688
26030,106614784
26031,106618880
26032,106622976
26033,106627072
26034,106631168
26035,106635264
26036,106639360
26037,106643456
26038,106647552
26039,106651648
26040,106655744
26041,106659840
26042,106663936
26043,106668032
26044,106672128
26045,106676224
26046,106680320
26047,106684416
26048,106688512
26049,106692608
26050,106696704
26051,106700800
26052,106704896
26053,106708992
26054,106713088
26055,106717184
26056,106721280
26057,106725376
26058,106729472
26059,106733568
26060,106737664
26061,106741760
26062,106745856
26063,106749952
26064,106754048
26065,106758144
26066,106762240
26067,106766336
26068,106770432
26069,106774528
26070,106778624
26071,106782720
26072,106786816
26073,106790912
26074,106795008
26075,106799104
26076,106803200
26077,106807296
26078,106811392
26079,106815488
26080,106819584
26081,106823680
26082,106827776
26083,106831872
26084,106835968
26085,106840064
26086,106844160
26087,106848256
26088,106852352
26089,106856448
26090,106860544
26091,106864640
26092,106868736
26093,106872832
26094,106876928
26095,106881024
26096,106885120
26097,106889216
26098,106893312
26099,106897408
26100,106901504
26101,106905600
26102,106909696
26103,106913792
26104,106917888
26105,106921984
26106,106926080
26107,106930176
26108,106934272
26109,106938368
26110,106942464
26111,106946560
26112,106950656
26113,106954752
26114,106958848
26115,106962944
26116,106967040
26117,106971136
26118,106975232
26119,106979328
26120,106983424
26121,106987520
26122,106991616
26123,106995712
26124,106999808
26125,107003904
26126,107008000
26127,107012096
26128,107016192
26129,107020288
26130,107024384
26131,107028480
26132,107032576
26133,107036672
26134,107040768
26135,107044864
26136,107048960
26137,107053056
26138,107057152
26139,107061248
26140,107065344
26141,107069440
26142,107073536
26143,107077632
26144,107081728
26145,107085824
26146,107089920
26147,107094016
26148,107098112
26149,107102208
26150,107106304
26151,107110400
26152,107114496
26153,107118592
26154,107122688
26155,107126784
26156,107130880
26157,107134976
26158,107139072
26159,107143168
26160,107147264
26161,107151360
26162,107155456
26163,107159552
26164,107163648
26165,107167744
26166,107171840
26167,107175936
26168,107180032
26169,107184128
26170,107188224
26171,107192320
26172,107196416
26173,107200512
26174,107204608
26175,107208704
26176,107212800
26177,107216896
26178,107220992
26179,107225088
26180,107229184
26181,107233280
26182,107237376
26183,107241472
26184,107245568
26185,107249664
26186,107253760
26187,107257856
26188,107261952
26189,107266048
26190,107270144
26191,107274240
26192,107278336
26193,107282432
26194,107286528
26195,107290624
26196,107294720
26197,107298816
26198,107302912
26199,107307008
26200,107311104
26201,107315200
26202,107319296
26203,107323392
26204,107327488
26205,107331584
26206,107335680
26207,107339776
26208,107343872
26209,107347968
26210,107352064
26211,107356160
26212,107360256
26213,107364352
26214,107368448
26215,107372544
26216,107376640
26217,107380736
26218,107384832
26219,107388928
26220,107393024
26221,107397120
26222,107401216
26223,107405312
26224,107409408
26225,107413504
26226,107417600
26227,107421696
26228,107425792
26229,107429888
26230,107433984
26231,107438080
26232,107442176
26233,107446272
26234,107450368
26235,107454464
26236,107458560
26237,107462656
26238,107466752
26239,107470848
26240,107474944
26241,107479040
26242,107483136
26243,107487232
26244,107491328
26245,107495424
26246,107499520
26247,107503616
26248,107507712
26249,107511808
26250,107515904
26251,107520000
26252,107524096
26253,107528192
26254,107532288
26255,107536384
26256,107540480
26257,107544576
26258,107548672
26259,107552768
26260,107556864
26261,107560960
26262,107565056
26263,107569152
26264,107573248
26265,107577344
26266,107581440
26267,107585536
26268,107589632
26269,107593728
26270,107597824
26271,107601920
26272,107606016
26273,107610112
26274,107614208
26275,107618304
26276,107622400
26277,107626496
26278,107630592
26279,107634688
26280,107638784
26281,107642880
26282,107646976
26283,107651072
26284,107655168
26285,107659264
26286,107663360
26287,107667456
26288,107671552
26289,107675648
26290,107679744
26291,107683840
26292,107687936
26293,107692032
26294,107696128
26295,107700224
26296,107704320
26297,107708416
26298,107712512
26299,107716608
26300,107720704
26301,107724800
26302,107728896
26303,107732992
26304,107737088
26305,107741184
26306,107745280
26307,107749376
26308,107753472
26309,107757568
26310,107761664
26311,107765760
26312,107769856
26313,107773952
26314,107778048
26315,107782144
26316,107786240
26317,107790336
26318,107794432
26319,107798528
26320,107802624
26321,107806720
26322,107810816
26323,107814912
26324,107819008
26325,107823104
26326,107827200
26327,107831296
26328,107835392
26329,107839488
26330,107843584
26331,107847680
