page_number,file_offset
1455,5955584
6492,26587136
7627,31236096
7417,30375936
10607,43442176
1541,6307840
26035,106635264
19886,81448960
16435,67313664
25348,103821312
24339,99688448
26283,107651072
16962,69472256
23628,96776192
14701,60211200
19764,80949248
22514,92213248
19786,81039360
3368,13791232
13682,56037376
14006,57364480
9663,39575552
15865,64978944
10045,41140224
17850,73109504
11109,45498368
24224,99217408
20210,82776064
7175,29384704
19596,80261120
21623,88563712
11780,48246784
14819,60694528
19622,80367616
2934,12013568
7036,28815360
23216,95088640
6097,24969216
25889,106037248
12814,52482048
10722,43913216
361,1474560
21058,86249472
1527,6250496
9290,38047744
8687,35577856
25196,103198720
7632,31256576
6395,26189824
25025,102498304
13989,57294848
4278,17518592
10133,41500672
1014,4149248
15766,64573440
25284,103559168
4619,18915328
19002,77828096
22828,93499392
19539,80027648
9132,37400576
23127,94724096
10970,44929024
575,2351104
22261,91176960
25233,103350272
12599,51601408
4158,17027072
22468,92024832
4519,18505728
20310,83185664
6651,27238400
16913,69271552
18980,77737984
18763,76849152
12974,53137408
10573,43302912
24556,100577280
12802,52432896
21923,89792512
19138,78385152
23519,96329728
23412,95891456
19157,78462976
1916,7843840
13443,55058432
25484,104378368
14962,61280256
14344,58748928
17989,73678848
11959,48979968
21210,86872064
4965,20332544
1607,6578176
24563,100605952
2300,9416704
12332,50507776
19918,81580032
4436,18165760
23485,96190464
12779,52338688
19420,79540224
481,1966080
9232,37810176
22970,94081024
12288,50327552
9498,38899712
21377,87556096
6349,26001408
24250,99323904
12946,53022720
5628,23048192
18940,77574144
14303,58580992
19797,81084416
9637,39469056
20949,85803008
14522,59478016
3673,15040512
21566,88330240
18461,75612160
13146,53841920
12684,51949568
15023,61530112
26074,106795008
5844,23932928
24436,100085760
9069,37142528
10674,43716608
20621,84459520
20169,82608128
23235,95166464
1790,7327744
25624,104951808
14105,57769984
11908,48771072
3527,14442496
21215,86892544
8300,33992704
26117,106971136
22978,94113792
10671,43704320
19465,79724544
25901,106086400
19226,78745600
9780,40054784
19769,80969728
9818,40210432
14279,58482688
8290,33951744
473,1933312
16144,66121728
20940,85766144
20881,85524480
21725,88981504
22952,94007296
14170,58036224
8730,35753984
2943,12050432
4590,18796544
9628,39432192
12279,50290688
11112,45510656
16390,67129344
1513,6193152
12261,50216960
26266,107581440
11470,46977024
20919,85680128
14917,61095936
6253,25608192
16700,68399104
14694,60182528
18012,73773056
543,2220032
16282,66686976
6814,27906048
26166,107171840
7498,30707712
19180,78557184
18767,76865536
19386,79400960
3690,15110144
17993,73695232
18036,73871360
10836,44380160
8610,35262464
17678,72404992
7121,29163520
24604,100773888
13964,57192448
3394,13897728
13405,54902784
11366,46551040
14095,57729024
15662,64147456
14040,57503744
23320,95514624
26217,107380736
9697,39714816
2435,9969664
15508,63516672
12938,52989952
15406,63098880
6363,26058752
11424,46788608
21152,86634496
2953,12091392
22065,90374144
18161,74383360
14328,58683392
10556,43233280
7884,32288768
21412,87699456
23715,97132544
24333,99663872
20178,82644992
11116,45527040
24515,100409344
16397,67158016
7017,28737536
7886,32296960
12185,49905664
11805,48349184
16067,65806336
20785,85131264
11228,45985792
2476,10137600
25486,104386560
12053,49364992
26215,107372544
11197,45858816
23345,95617024
17429,71385088
4046,16568320
23769,97353728
19802,81104896
10378,42504192
1793,7340032
7261,29736960
12505,51216384
5499,22519808
11987,49094656
7122,29167616
10794,44208128
15587,63840256
24385,99876864
10957,44875776
7238,29642752
17576,71987200
19334,79187968
12184,49901568
12608,51638272
13249,54263808
4956,20295680
21260,87076864
7108,29110272
19043,77996032
22920,93876224
7096,29061120
23435,95985664
20775,85090304
5095,20865024
589,2408448
5749,23543808
9292,38055936
14594,59772928
2060,8433664
13951,57139200
165,671744
6984,28602368
20290,83103744
971,3973120
12410,50827264
21921,89784320
17611,72130560
8334,34131968
4104,16805888
22116,90583040
14696,60190720
16750,68603904
9512,38957056
22925,93896704
20738,84938752
2796,11448320
9214,37736448
3604,14757888
12671,51896320
21315,87302144
26178,107220992
13605,55721984
25448,104230912
4851,19865600
544,2224128
19879,81420288
10127,41476096
15906,65146880
25415,104095744
19620,80359424
20292,83111936
25366,103895040
6946,28446720
2708,11087872
10926,44748800
23658,96899072
20055,82141184
242,987136
4858,19894272
9767,40001536
22370,91623424
19891,81469440
14586,59740160
9388,38449152
2183,8937472
10873,44531712
20052,82128896
3600,14741504
10182,41701376
1407,5758976
18068,74002432
14600,59797504
5589,22888448
12897,52822016
18738,76746752
13739,56270848
9015,36921344
10629,43532288
22142,90689536
12824,52523008
8048,32960512
15621,63979520
25058,102633472
1777,7274496
22811,93429760
15089,61800448
20762,85037056
4431,18145280
23779,97394688
2282,9342976
21441,87818240
15864,64974848
17571,71966720
17103,70049792
7131,29204480
8757,35864576
1948,7974912
11598,47501312
7629,31244288
9274,37982208
4173,17088512
4741,19415040
25134,102944768
26048,106688512
692,2830336
16210,66392064
25169,103088128
16995,69607424
10414,42651648
18544,75952128
3105,12713984
7651,31334400
7241,29655040
14877,60932096
8091,33136640
7220,29569024
25532,104574976
22577,92471296
4875,19963904
20638,84529152
12375,50683904
14239,58318848
15193,62226432
6450,26415104
5890,24121344
19246,78827520
17808,72937472
25515,104505344
7043,28844032
198,806912
12352,50589696
18100,74133504
18030,73846784
6642,27201536
16014,65589248
22449,91947008
17977,73629696
7625,31227904
179,729088
20422,83644416
24025,98402304
8285,33931264
3206,13127680
1653,6766592
9177,37584896
6709,27475968
1353,5537792
13071,53534720
19995,81895424
9474,38801408
19470,79745024
13175,53960704
2267,9281536
24176,99020800
2168,8876032
17169,70320128
11632,47640576
4810,19697664
10032,41086976
14505,59408384
13838,56676352
13169,53936128
5751,23552000
5896,24145920
10916,44707840
17049,69828608
21440,87814144
21927,89808896
15299,62660608
19799,81092608
16416,67235840
6624,27127808
2141,8765440
8995,36839424
1549,6340608
189,770048
22055,90333184
14524,59486208
10422,42684416
20753,85000192
14682,60133376
8712,35680256
5945,24346624
9668,39596032
5144,21065728
19005,77840384
13184,53997568
649,2654208
19017,77889536
19585,80216064
17889,73269248
23872,97775616
15265,62521344
4373,17907712
337,1376256
16552,67792896
8528,34926592
23274,95326208
1387,5677056
20560,84209664
12565,51462144
23480,96169984
10452,42807296
6219,25468928
9408,38531072
11572,47394816
18344,75132928
19045,78004224
12029,49266688
20430,83677184
9074,37163008
13410,54923264
10475,42901504
9507,38936576
15778,64622592
23437,95993856
20780,85110784
3324,13611008
16488,67530752
13827,56631296
15397,63062016
7314,29954048
4488,18378752
14924,61124608
14617,59867136
25088,102756352
12421,50872320
14305,58589184
22822,93474816
18669,76464128
12759,52256768
14612,59846656
3077,12599296
23836,97628160
3300,13512704
23755,97296384
21569,88342528
16121,66027520
9250,37883904
26222,107401216
13812,56569856
2256,9236480
17057,69861376
2096,8581120
10890,44601344
4264,17461248
1137,4653056
10401,42598400
18974,77713408
1991,8151040
11670,47796224
14931,61153280
22496,92139520
17489,71630848
3865,15826944
4320,17690624
4981,20398080
3075,12591104
4729,19365888
16326,66867200
10678,43732992
20415,83615744
21193,86802432
5414,22171648
14677,60112896
9395,38477824
7418,30380032
2704,11071488
5998,24563712
15991,65495040
8317,34062336
5057,20709376
11690,47878144
5572,22818816
25496,104427520
8968,36728832
10068,41234432
4836,19804160
13452,55095296
15973,65421312
19550,80072704
3454,14143488
10694,43798528
2453,10043392
17240,70610944
19588,80228352
17943,73490432
11019,45129728
2149,8798208
24004,98316288
6985,28606464
13495,55271424
9677,39632896
4789,19611648
17241,70615040
25294,103600128
7758,31772672
9449,38699008
23349,95633408
2536,10383360
10799,44228608
9019,36937728
24212,99168256
19272,78934016
22720,93057024
22623,92659712
9977,40861696
21430,87773184
24989,102350848
24775,101474304
21325,87343104
23297,95420416
23555,96477184
18046,73912320
10277,42090496
8926,36556800
311,1269760
7106,29102080
2431,9953280
1472,6025216
26072,106786816
25514,104501248
4959,20307968
23245,95207424
6102,24989696
13053,53460992
7135,29220864
9999,40951808
22698,92966912
5251,21504000
25146,102993920
12631,51732480
13926,57036800
9925,40648704
7227,29597696
19183,78569472
19581,80199680
4764,19509248
21780,89206784
3571,14622720
19912,81555456
21348,87437312
82,331776
8697,35618816
20745,84967424
14799,60612608
13786,56463360
15917,65191936
14783,60547072
4779,19570688
13065,53510144
2054,8409088
164,667648
18,69632
17172,70332416
13974,57233408
18149,74334208
13947,57122816
25263,103473152
10871,44523520
19857,81330176
21265,87097344
10165,41631744
16053,65748992
3916,16035840
11346,46469120
18039,73883648
13948,57126912
7559,30957568
21593,88440832
1499,6135808
11629,47628288
12563,51453952
23674,96964608
4433,18153472
16887,69165056
12204,49983488
20892,85569536
14360,58814464
7295,29876224
25576,104755200
2679,10969088
14352,58781696
17352,71069696
24405,99958784
18248,74739712
25065,102662144
14296,58552320
15526,63590400
22454,91967488
25900,106082304
23362,95686656
10545,43188224
157,638976
7717,31604736
12070,49434624
8679,35545088
12838,52580352
1919,7856128
2705,11075584
24954,102207488
17843,73080832
8130,33296384
20622,84463616
3015,12345344
17432,71397376
5549,22724608
1140,4665344
9375,38395904
19381,79380480
24296,99512320
18157,74366976
23463,96100352
16622,68079616
5544,22704128
19307,79077376
23067,94478336
2092,8564736
18411,75407360
18894,77385728
197,802816
19333,79183872
5546,22712320
893,3653632
24773,101466112
2746,11243520
15574,63787008
18189,74498048
12044,49328128
13498,55283712
25866,105943040
8592,35188736
13234,54202368
12393,50757632
3235,13246464
17603,72097792
21153,86638592
7383,30236672
23082,94539776
12953,53051392
18379,75276288
7217,29556736
10730,43945984
18950,77615104
4353,17825792
17025,69730304
13263,54321152
20648,84570112
18377,75268096
13613,55754752
19365,79314944
23144,94793728
21869,89571328
8999,36855808
6453,26427392
19538,80023552
20871,85483520
22879,93708288
5707,23371776
21009,86048768
16498,67571712
11872,48623616
22195,90906624
7144,29257728
21498,88051712
23475,96149504
14165,58015744
3986,16322560
24934,102125568
25287,103571456
13929,57049088
15055,61661184
4257,17432576
21567,88334336
18416,75427840
24435,100081664
22457,91979776
24732,101298176
13949,57131008
15787,64659456
5718,23416832
25978,106401792
11082,45387776
12731,52142080
1003,4104192
10695,43802624
13412,54931456
16122,66031616
24219,99196928
10702,43831296
6019,24649728
16819,68886528
9660,39563264
16201,66355200
2975,12181504
1773,7258112
21767,89153536
22017,90177536
19322,79138816
278,1134592
14640,59961344
12382,50712576
10852,44445696
16244,66531328
1705,6979584
19466,79728640
20062,82169856
2658,10883072
15785,64651264
16749,68599808
24066,98570240
23180,94941184
6448,26406912
13683,56041472
5781,23674880
17065,69894144
25681,105185280
15035,61579264
14016,57405440
7711,31580160
15164,62107648
11606,47534080
9457,38731776
4341,17776640
10828,44347392
7074,28971008
6807,27877376
5293,21676032
6790,27807744
8419,34480128
2805,11485184
12826,52531200
17689,72450048
6606,27054080
20894,85577728
4676,19148800
15800,64712704
4970,20353024
13446,55070720
11759,48160768
182,741376
10718,43896832
7989,32718848
17117,70107136
22923,93888512
4225,17301504
19748,80883712
4262,17453056
20971,85893120
8634,35360768
7155,29302784
21711,88924160
20895,85581824
25947,106274816
9082,37195776
12725,52117504
23875,97787904
20330,83267584
17088,69988352
11224,45969408
9430,38621184
18880,77328384
7595,31105024
15588,63844352
17558,71913472
19961,81756160
25764,105525248
12287,50323456
16336,66908160
24589,100712448
5894,24137728
23078,94523392
9600,39317504
21712,88928256
16128,66056192
19970,81793024
9544,39088128
10000,40955904
7289,29851648
25635,104996864
19710,80728064
19529,79986688
20670,84660224
2015,8249344
19440,79622144
1342,5492736
23433,95977472
13725,56213504
5792,23719936
1025,4194304
25386,103976960
5610,22974464
9022,36950016
25707,105291776
5373,22003712
20332,83275776
23725,97173504
694,2838528
9855,40361984
25695,105242624
13746,56299520
18711,76636160
1501,6144000
16285,66699264
9683,39657472
15773,64602112
5042,20647936
6412,26259456
406,1658880
1429,5849088
162,659456
25907,106110976
13376,54784000
20097,82313216
24306,99553280
22917,93863936
12255,50192384
5709,23379968
7677,31440896
20545,84148224
7352,30109696
11704,47935488
10021,41041920
26111,106946560
1857,7602176
24710,101208064
592,2420736
23311,95477760
7117,29147136
24303,99540992
24561,100597760
9218,37752832
19104,78245888
10192,41742336
5120,20967424
13271,54353920
5992,24539136
20636,84520960
15929,65241088
22355,91561984
17984,73658368
13366,54743040
2166,8867840
5578,22843392
15802,64720896
18471,75653120
5502,22532096
7968,32632832
9565,39174144
17415,71327744
26328,107835392
12973,53133312
3684,15085568
20488,83914752
2883,11804672
24812,101625856
11057,45285376
213,868352
10213,41828352
17295,70836224
18333,75087872
6582,26955776
6095,24961024
21707,88907776
3757,15384576
13921,57016320
14779,60530688
3058,12521472
853,3489792
10542,43175936
9256,37908480
9798,40128512
14399,58974208
12096,49541120
14660,60043264
8371,34283520
7975,32661504
3543,14508032
9144,37449728
5245,21479424
17400,71266304
23943,98066432
18008,73756672
16083,65871872
22553,92372992
16723,68493312
17771,72785920
1548,6336512
24682,101093376
22668,92844032
20805,85213184
21110,86462464
7310,29937664
9964,40808448
15567,63758336
7415,30367744
16209,66387968
2245,9191424
1188,4861952
3917,16039936
18430,75485184
14047,57532416
10090,41324544
25344,103804928
19930,81629184
11811,48373760
10523,43098112
9754,39948288
12891,52797440
13818,56594432
15958,65359872
11079,45375488
22462,92000256
21097,86409216
12349,50577408
15552,63696896
20833,85327872
20200,82735104
13972,57225216
16,61440
22716,93040640
3266,13373440
18514,75829248
5655,23158784
11343,46456832
4807,19685376
23397,95830016
13970,57217024
3407,13950976
21713,88932352
25814,105730048
6066,24842240
9390,38457344
11577,47415296
25987,106438656
16202,66359296
18998,77811712
7552,30928896
25459,104275968
22139,90677248
18981,77742080
11250,46075904
15938,65277952
24363,99786752
14104,57765888
26161,107151360
25502,104452096
19147,78422016
6852,28061696
13319,54550528
15502,63492096
9058,37097472
13833,56655872
6434,26349568
8930,36573184
6122,25071616
3980,16297984
20734,84922368
25726,105369600
23928,98004992
22284,91271168
6196,25374720
364,1486848
11702,47927296
2819,11542528
20954,85823488
23131,94740480
21071,86302720
8740,35794944
12613,51658752
13537,55443456
20985,85950464
14717,60276736
6044,24752128
24895,101965824
13381,54804480
16735,68542464
20990,85970944
4375,17915904
2471,10117120
2226,9113600
11034,45191168
12695,51994624
21230,86953984
20053,82132992
1564,6402048
4747,19439616
13320,54554624
6246,25579520
24656,100986880
22221,91013120
11183,45801472
14880,60944384
21970,89985024
14837,60768256
16792,68775936
9484,38842368
16676,68300800
25883,106012672
2094,8572928
22938,93949952
12783,52355072
6943,28434432
2356,9646080
19668,80556032
8596,35205120
12093,49528832
8254,33804288
9846,40325120
1880,7696384
24120,98791424
12087,49504256
22767,93249536
6738,27594752
14728,60321792
325,1327104
1644,6729728
3101,12697600
3426,14028800
10417,42663936
16265,66617344
24021,98385920
12406,50810880
19738,80842752
8608,35254272
22634,92704768
8295,33972224
9456,38727680
18321,75038720
20136,82472960
18728,76705792
9187,37625856
25338,103780352
20765,85049344
17985,73662464
25811,105717760
22921,93880320
3785,15499264
25531,104570880
10041,41123840
12647,51798016
18614,76238848
21536,88207360
16414,67227648
6149,25182208
4217,17268736
5162,21139456
11664,47771648
17659,72327168
11639,47669248
24808,101609472
13240,54226944
21298,87232512
9040,37023744
6025,24674304
22399,91742208
14490,59346944
4118,16863232
17538,71831552
9000,36859904
23815,97542144
4642,19009536
5382,22040576
11410,46731264
25387,103981056
16425,67272704
11835,48472064
22832,93515776
21405,87670784
12896,52817920
2996,12267520
107,434176
2698,11046912
2190,8966144
22566,92426240
9383,38428672
16041,65699840
11387,46637056
8584,35155968
25974,106385408
8970,36737024
502,2052096
11061,45301760
2523,10330112
4090,16748544
1194,4886528
24121,98795520
25969,106364928
10281,42106880
5946,24350720
5590,22892544
25473,104333312
12620,51687424
17387,71213056
5104,20901888
19564,80130048
22279,91250688
23780,97398784
5492,22491136
21959,89939968
25884,106016768
1043,4268032
11609,47546368
1231,5038080
14386,58920960
1612,6598656
12873,52723712
16492,67547136
21371,87531520
22595,92545024
15206,62279680
4171,17080320
13308,54505472
4186,17141760
22547,92348416
24763,101425152
24615,100818944
1747,7151616
24762,101421056
1967,8052736
19261,78888960
18327,75063296
21394,87625728
14122,57839616
12933,52969472
16064,65794048
4275,17506304
5051,20684800
10319,42262528
10076,41267200
19030,77942784
19251,78848000
7861,32194560
7686,31477760
6441,26378240
22673,92864512
9394,38473728
16314,66818048
11284,46215168
10392,42561536
20767,85057536
12389,50741248
20060,82161664
7321,29982720
22657,92798976
7084,29011968
23246,95211520
20800,85192704
8716,35696640
14615,59858944
12418,50860032
19729,80805888
25046,102584320
6308,25833472
7346,30085120
5594,22908928
20850,85397504
11762,48173056
16407,67198976
13007,53272576
356,1454080
7788,31895552
25953,106299392
5825,23855104
22899,93790208
20639,84533248
24297,99516416
9409,38535168
9066,37130240
24011,98344960
19897,81494016
25086,102748160
24037,98451456
17838,73060352
2868,11743232
17067,69902336
10974,44945408
12801,52428800
1065,4358144
26014,106549248
15371,62955520
4268,17477632
9528,39022592
22201,90931200
657,2686976
22011,90152960
523,2138112
408,1667072
15640,64057344
23263,95281152
347,1417216
25310,103665664
14354,58789888
1103,4513792
25327,103735296
16383,67100672
24639,100917248
24414,99995648
25211,103260160
3614,14798848
4835,19800064
10853,44449792
23493,96223232
17903,73326592
25467,104308736
9632,39448576
16057,65765376
13513,55345152
1825,7471104
10161,41615360
14453,59195392
24042,98471936
4860,19902464
23711,97116160
8389,34357248
3896,15953920
23429,95961088
15236,62402560
8891,36413440
14484,59322368
19728,80801792
4654,19058688
11041,45219840
10427,42704896
7834,32083968
6208,25423872
11655,47734784
4163,17047552
3880,15888384
8643,35397632
12459,51027968
11453,46907392
18501,75776000
9708,39759872
23380,95760384
524,2142208
10594,43388928
11162,45715456
12712,52064256
24033,98435072
6128,25096192
8413,34455552
1535,6283264
15287,62611456
7674,31428608
18837,77152256
17610,72126464
6941,28426240
21253,87048192
26105,106921984
21429,87769088
2197,8994816
23464,96104448
2921,11960320
17297,70844416
6537,26771456
25801,105676800
21942,89870336
16421,67256320
6324,25899008
21176,86732800
2061,8437760
937,3833856
4126,16896000
9422,38588416
17466,71536640
22025,90210304
7218,29560832
5419,22192128
22759,93216768
23275,95330304
23604,96677888
2830,11587584
12244,50147328
20025,82018304
7228,29601792
12399,50782208
14283,58499072
21772,89174016
1117,4571136
23304,95449088
2741,11223040
14687,60153856
17171,70328320
20306,83169280
14357,58802176
905,3702784
12262,50221056
1413,5783552
18979,77733888
19905,81526784
18307,74981376
16508,67612672
15421,63160320
16131,66068480
15871,65003520
18944,77590528
5605,22953984
14865,60882944
26131,107028480
15580,63811584
16790,68767744
10618,43487232
2074,8491008
16847,69001216
10313,42237952
3828,15675392
11409,46727168
13628,55816192
6841,28016640
3971,16261120
23257,95256576
6921,28344320
13898,56922112
16742,68571136
17604,72101888
154,626688
2992,12251136
718,2936832
226,921600
18666,76451840
21042,86183936
13983,57270272
2817,11534336
10710,43864064
8573,35110912
1611,6594560
13869,56803328
6477,26525696
443,1810432
23439,96002048
1657,6782976
15963,65380352
6565,26886144
24431,100065280
23552,96464896
11006,45076480
8136,33320960
20301,83148800
25887,106029056
5150,21090304
25135,102948864
10910,44683264
489,1998848
22239,91086848
2728,11169792
25843,105848832
3927,16080896
23108,94646272
3526,14438400
26172,107196416
16404,67186688
21752,89092096
6132,25112576
19510,79908864
4026,16486400
1697,6946816
24411,99983360
18437,75513856
9720,39809024
16275,66658304
14061,57589760
6487,26566656
17217,70516736
3713,15204352
17139,70197248
17725,72597504
21151,86630400
14288,58519552
931,3809280
2991,12247040
18829,77119488
12063,49405952
3660,14987264
1780,7286784
12272,50262016
11051,45260800
11887,48685056
19287,78995456
15291,62627840
11634,47648768
7514,30773248
5234,21434368
18264,74805248
2669,10928128
1623,6643712
9482,38834176
1225,5013504
4365,17874944
2511,10280960
6498,26611712
21831,89415680
21987,90054656
22311,91381760
5585,22872064
14361,58818560
14929,61145088
10909,44679168
4339,17768448
18373,75251712
7270,29773824
11032,45182976
15306,62689280
14734,60346368
5097,20873216
20100,82325504
2894,11849728
19346,79237120
24684,101101568
3352,13725696
6236,25538560
25892,106049536
25047,102588416
3327,13623296
185,753664
25424,104132608
19444,79638528
6629,27148288
18582,76107776
21117,86491136
4097,16777216
17799,72900608
23200,95023104
18634,76320768
24981,102318080
2185,8945664
25142,102977536
21072,86306816
2320,9498624
17883,73244672
5421,22200320
15632,64024576
4883,19996672
7811,31989760
16292,66727936
23906,97914880
8230,33705984
9097,37257216
24681,101089280
18462,75616256
13447,55074816
6008,24604672
10565,43270144
15366,62935040
14702,60215296
15706,64327680
16160,66187264
25673,105152512
9305,38109184
21940,89862144
21743,89055232
3890,15929344
877,3588096
8193,33554432
15082,61771776
25819,105750528
5112,20934656
20364,83406848
19894,81481728
12587,51552256
7226,29593600
1281,5242880
14579,59711488
10066,41226240
25345,103809024
14641,59965440
23340,95596544
24823,101670912
590,2412544
23202,95031296
9493,38879232
22603,92577792
11147,45654016
16648,68186112
7655,31350784
12010,49188864
23218,95096832
22478,92065792
12442,50958336
24787,101523456
20906,85626880
20730,84905984
22993,94175232
3594,14716928
7165,29343744
13945,57114624
19862,81350656
5369,21987328
9346,38277120
19722,80777216
13579,55615488
2613,10698752
16084,65875968
19244,78819328
3814,15618048
10539,43163648
11139,45621248
21020,86093824
2909,11911168
25220,103297024
24649,100958208
19689,80642048
17087,69984256
23163,94871552
23270,95309824
17855,73129984
26243,107487232
1875,7675904
22640,92729344
22378,91656192
4263,17457152
3999,16375808
7939,32514048
14232,58290176
6457,26443776
8032,32894976
25152,103018496
9709,39763968
693,2834432
12982,53170176
19570,80154624
20705,84803584
24869,101859328
16450,67375104
22138,90673152
17825,73007104
26211,107356160
12809,52461568
25796,105656320
24006,98324480
15014,61493248
4595,18817024
8038,32919552
26316,107786240
16253,66568192
5752,23556096
8216,33648640
23472,96137216
10527,43114496
8576,35123200
1040,4255744
21944,89878528
20416,83619840
12884,52768768
19717,80756736
3246,13291520
22474,92049408
12742,52187136
7766,31805440
16341,66928640
19128,78344192
12006,49172480
20925,85704704
8263,33841152
11491,47063040
2016,8253440
7366,30167040
8207,33611776
14900,61026304
23885,97828864
10233,41910272
8442,34574336
11728,48033792
16949,69419008
3899,15966208
22257,91160576
4060,16625664
9617,39387136
20457,83787776
12143,49733632
17314,70914048
1478,6049792
1163,4759552
21143,86597632
7333,30031872
20665,84639744
10081,41287680
11999,49143808
9426,38604800
15107,61874176
22807,93413376
25614,104910848
1260,5156864
20284,83079168
25208,103247872
7925,32456704
3511,14376960
2875,11771904
18500,75771904
13489,55246848
21346,87429120
20000,81915904
9466,38768640
527,2154496
24528,100462592
3147,12886016
8834,36179968
3387,13869056
13178,53972992
14965,61292544
12213,50020352
21914,89755648
207,843776
16096,65925120
11415,46751744
16018,65605632
24517,100417536
12115,49618944
3438,14077952
4786,19599360
4740,19410944
13839,56680448
9205,37699584
1363,5578752
2367,9691136
3116,12759040
11352,46493696
1620,6631424
24111,98754560
5395,22093824
6657,27262976
5508,22556672
4176,17100800
5359,21946368
20531,84090880
13658,55939072
5530,22646784
22591,92528640
13733,56246272
12050,49352704
3392,13889536
12499,51191808
2243,9183232
15916,65187840
6608,27062272
8715,35692544
5891,24125440
10408,42627072
23968,98168832
11696,47902720
16055,65757184
1487,6086656
20405,83574784
2657,10878976
20933,85737472
12227,50077696
15713,64356352
24416,100003840
16729,68517888
18038,73879552
14251,58368000
25369,103907328
3535,14475264
9625,39419904
3522,14422016
21556,88289280
10736,43970560
12428,50900992
6706,27463680
24118,98783232
17829,73023488
24211,99164160
24577,100663296
6782,27774976
11916,48803840
987,4038656
16357,66994176
4897,20054016
15341,62832640
18539,75931648
20941,85770240
700,2863104
6452,26423296
281,1146880
8163,33431552
1986,8130560
9682,39653376
21894,89673728
2654,10866688
24751,101376000
2093,8568832
4300,17608704
11459,46931968
381,1556480
18487,75718656
13448,55078912
17097,70025216
80,323584
9455,38723584
5237,21446656
8870,36327424
7369,30179328
5320,21786624
8160,33419264
1042,4263936
7071,28958720
8137,33325056
4782,19582976
23909,97927168
22885,93732864
2753,11272192
25276,103526400
724,2961408
12651,51814400
1347,5513216
8318,34066432
25413,104087552
2889,11829248
1312,5369856
17502,71684096
2137,8749056
13902,56938496
13897,56918016
21699,88875008
5080,20803584
19575,80175104
21904,89714688
12454,51007488
16529,67698688
13547,55484416
17289,70811648
10307,42213376
10025,41058304
3723,15245312
23521,96337920
22786,93327360
21123,86515712
1285,5259264
6486,26562560
12834,52563968
1899,7774208
2531,10362880
15858,64950272
8463,34660352
21929,89817088
21204,86847488
23050,94408704
12919,52912128
19932,81637376
18965,77676544
7813,31997952
3705,15171584
25835,105816064
2059,8429568
25430,104157184
12238,50122752
7746,31723520
13875,56827904
14960,61272064
23146,94801920
5009,20512768
5207,21323776
5769,23625728
17828,73019392
1911,7823360
14670,60084224
22444,91926528
6595,27009024
22525,92258304
5936,24309760
16656,68218880
23132,94744576
8079,33087488
24478,100257792
12830,52547584
5764,23605248
24204,99135488
25055,102621184
21445,87834624
20709,84819968
23401,95846400
6994,28643328
2544,10416128
6006,24596480
25710,105304064
3342,13684736
2997,12271616
25148,103002112
8243,33759232
8979,36773888
19785,81035264
23414,95899648
12584,51539968
14265,58425344
4402,18026496
2310,9457664
20382,83480576
21937,89849856
17108,70070272
17496,71659520
3139,12853248
9997,40943616
6267,25665536
7250,29691904
9301,38092800
2510,10276864
6063,24829952
2745,11239424
18559,76013568
15585,63832064
23221,95109120
11180,45789184
8364,34254848
5447,22306816
21014,86069248
23377,95748096
11691,47882240
5281,21626880
20542,84135936
19029,77938688
3291,13475840
959,3923968
21170,86708224
24636,100904960
6625,27131904
4534,18567168
11865,48594944
7986,32706560
24018,98373632
1426,5836800
22979,94117888
24041,98467840
11475,46997504
1839,7528448
19765,80953344
6825,27951104
1568,6418432
18632,76312576
2323,9510912
3738,15306752
4178,17108992
9864,40398848
3923,16064512
12321,50462720
5870,24039424
23709,97107968
16829,68927488
4130,16912384
8152,33386496
26034,106631168
14976,61337600
265,1081344
1538,6295552
23239,95182848
15689,64258048
15539,63643648
16603,68001792
7126,29184000
15644,64073728
8844,36220928
6407,26238976
23045,94388224
13726,56217600
11850,48533504
20402,83562496
15862,64966656
1728,7073792
15515,63545344
24210,99160064
3752,15364096
13611,55746560
19417,79527936
10169,41648128
13152,53866496
12596,51589120
15109,61882368
25767,105537536
5286,21647360
23695,97050624
17516,71741440
2535,10379264
22969,94076928
14097,57737216
10003,40968192
12902,52842496
7954,32575488
21255,87056384
8759,35872768
11478,47009792
22551,92364800
19297,79036416
25341,103792640
18864,77262848
3,8192
6705,27459584
9521,38993920
10963,44900352
3210,13144064
6559,26861568
10059,41197568
17724,72593408
5131,21012480
19840,81260544
5985,24510464
25607,104882176
21485,87998464
16855,69033984
18294,74928128
25825,105775104
3322,13602816
6780,27766784
24843,101752832
20754,85004288
4884,20000768
3113,12746752
17178,70356992
3273,13402112
12734,52154368
9722,39817216
14983,61366272
1984,8122368
18305,74973184
12035,49291264
10295,42164224
7525,30818304
6379,26124288
9998,40947712
7413,30359552
15011,61480960
12168,49836032
9588,39268352
8632,35352576
11312,46329856
24666,101027840
13908,56963072
14758,60444672
22571,92446720
5483,22454272
18258,74780672
1389,5685248
15788,64663552
141,573440
11556,47329280
14278,58478592
2053,8404992
7118,29151232
14825,60719104
11158,45699072
20278,83054592
8270,33869824
1211,4956160
14842,60788736
22223,91021312
22012,90157056
4311,17653760
13697,56098816
4561,18677760
23629,96780288
9505,38928384
26143,107077632
25166,103075840
7266,29757440
2194,8982528
16214,66408448
808,3305472
2641,10813440
3677,15056896
17936,73461760
15914,65179648
4245,17383424
8362,34246656
22975,94101504
6740,27602944
19848,81293312
12772,52310016
23130,94736384
24261,99368960
16319,66838528
18749,76791808
101,409600
6670,27316224
26152,107114496
5847,23945216
9516,38973440
602,2461696
18710,76632064
16145,66125824
8376,34304000
26126,107008000
26318,107794432
16710,68440064
6010,24612864
9803,40148992
26085,106840064
17170,70324224
20464,83816448
21266,87101440
5019,20553728
7405,30326784
8503,34824192
24450,100143104
12804,52441088
6803,27860992
13641,55869440
20367,83419136
26134,107040768
1146,4689920
17599,72081408
22132,90648576
7942,32526336
18231,74670080
373,1523712
2349,9617408
15534,63623168
13571,55582720
15370,62951424
21343,87416832
9548,39104512
11097,45449216
17140,70201344
3596,14725120
2807,11493376
13193,54034432
13698,56102912
15705,64323584
15174,62148608
24322,99618816
15976,65433600
22567,92430336
6503,26632192
10535,43147264
24067,98574336
16673,68288512
26321,107806720
19020,77901824
24014,98357248
21126,86528000
13478,55201792
16278,66670592
19611,80322560
23830,97603584
11143,45637632
11004,45068288
23648,96858112
6211,25436160
24738,101322752
7400,30306304
8826,36147200
6589,26984448
4380,17936384
19530,79990784
23208,95055872
16436,67317760
20042,82087936
933,3817472
23114,94670848
14393,58949632
402,1642496
19874,81399808
4429,18137088
23974,98193408
19175,78536704
20015,81977344
17371,71147520
19148,78426112
4009,16416768
24113,98762752
23000,94203904
1286,5263360
5343,21880832
4234,17338368
11108,45494272
21563,88317952
20817,85262336
18323,75046912
749,3063808
4489,18382848
442,1806336
18021,73809920
11646,47697920
18271,74833920
21302,87248896
6931,28385280
23378,95752192
1376,5632000
16505,67600384
25437,104185856
17142,70209536
1008,4124672
14971,61317120
20693,84754432
19795,81076224
21288,87191552
2058,8425472
9914,40603648
24126,98816000
19990,81874944
17279,70770688
11110,45502464
16126,66048000
11866,48599040
23035,94347264
10468,42872832
18813,77053952
13069,53526528
15860,64958464
3389,13877248
1774,7262208
22599,92561408
16365,67026944
25954,106303488
3346,13701120
19327,79159296
21686,88821760
23098,94605312
21179,86745088
4203,17211392
2236,9154560
9427,38608896
3580,14659584
10646,43601920
24367,99803136
6493,26591232
8084,33107968
11279,46194688
8002,32772096
23592,96628736
19552,80080896
22018,90181632
12206,49991680
3214,13160448
13118,53727232
12962,53088256
3096,12677120
20989,85966848
1696,6942720
8159,33415168
9784,40071168
9124,37367808
3010,12324864
15349,62865408
17305,70877184
16107,65970176
21125,86523904
1364,5582848
21005,86032384
14015,57401344
22177,90832896
21310,87281664
14282,58494976
23415,95903744
23763,97329152
2285,9355264
21947,89890816
22629,92684288
22761,93224960
13120,53735424
25301,103628800
7798,31936512
24637,100909056
1768,7237632
14091,57712640
11685,47857664
24735,101310464
8481,34734080
25246,103403520
11264,46133248
22659,92807168
4928,20180992
24464,100200448
23290,95391744
14032,57470976
24251,99328000
7479,30629888
20294,83120128
13462,55136256
2021,8273920
24868,101855232
11738,48074752
20507,83992576
9320,38170624
17474,71569408
7720,31617024
12869,52707328
24232,99250176
16701,68403200
10791,44195840
460,1880064
17640,72249344
2126,8704000
21901,89702400
15471,63365120
5795,23732224
6968,28536832
1430,5853184
14431,59105280
7079,28991488
2358,9654272
7164,29339648
6392,26177536
16224,66449408
19094,78204928
2043,8364032
16032,65662976
22612,92614656
24898,101978112
14436,59125760
12763,52273152
3874,15863808
19070,78106624
19869,81379328
23379,95756288
20747,84975616
860,3518464
23577,96567296
15612,63942656
24674,101060608
3117,12763136
17710,72536064
6547,26812416
6198,25382912
20676,84684800
25309,103661568
1244,5091328
24722,101257216
21075,86319104
9872,40431616
12690,51974144
12941,53002240
5164,21147648
12033,49283072
6382,26136576
984,4026368
3699,15147008
17222,70537216
10331,42311680
20547,84156416
2437,9977856
14273,58458112
9285,38027264
11152,45674496
17657,72318976
8893,36421632
9781,40058880
2157,8830976
6834,27987968
1890,7737344
21156,86650880
25510,104484864
4031,16506880
15863,64970752
10623,43507712
11971,49029120
21521,88145920
18678,76500992
21704,88895488
7780,31862784
6779,27762688
19081,78151680
15036,61583360
8417,34471936
23958,98127872
15992,65499136
20759,85024768
2682,10981376
1083,4431872
15127,61956096
9010,36900864
7790,31903744
25806,105697280
115,466944
1123,4595712
13745,56295424
15826,64819200
14230,58281984
13529,55410688
12270,50253824
25785,105611264
20512,84013056
15049,61636608
22121,90603520
23171,94904320
8519,34889728
12685,51953664
4532,18558976
5682,23269376
842,3444736
5843,23928832
15479,63397888
7211,29532160
13729,56229888
4379,17932288
13982,57266176
4351,17817600
11589,47464448
2689,11010048
9919,40624128
11314,46338048
17023,69722112
293,1196032
25604,104869888
18334,75091968
4601,18841600
14606,59822080
656,2682880
2674,10948608
21421,87736320
10150,41570304
377,1540096
25592,104820736
16807,68837376
247,1007616
14609,59834368
10581,43335680
2696,11038720
20166,82595840
7742,31707136
10290,42143744
6686,27381760
18734,76730368
3122,12783616
4390,17977344
16152,66154496
18817,77070336
23189,94978048
2891,11837440
16196,66334720
4670,19124224
17535,71819264
8490,34770944
5584,22867968
23272,95318016
4207,17227776
20823,85286912
11484,47034368
24218,99192832
2916,11939840
1851,7577600
4546,18616320
19106,78254080
17341,71024640
121,491520
19549,80068608
980,4009984
24220,99201024
7315,29958144
17914,73371648
11405,46710784
12550,51400704
5872,24047616
16317,66830336
11285,46219264
3627,14852096
18247,74735616
11106,45486080
25018,102469632
9550,39112704
12119,49635328
966,3952640
17299,70852608
18927,77520896
1484,6074368
14356,58798080
10858,44470272
2347,9609216
11862,48582656
7098,29069312
4062,16633856
7497,30703616
25249,103415808
12325,50479104
2268,9285632
7189,29442048
19586,80220160
19041,77987840
26198,107302912
6461,26460160
2905,11894784
11594,47484928
2936,12021760
5418,22188032
928,3796992
16665,68255744
23044,94384128
23323,95526912
25071,102686720
24020,98381824
18109,74170368
4276,17510400
16809,68845568
11384,46624768
17511,71720960
13631,55828480
17655,72310784
11686,47861760
6326,25907200
20874,85495808
19641,80445440
21472,87945216
25133,102940672
2778,11374592
10242,41947136
7649,31326208
25136,102952960
20029,82034688
19209,78675968
14106,57774080
21049,86212608
2770,11341824
1156,4730880
4882,19992576
9470,38785024
17443,71442432
14905,61046784
7768,31813632
9586,39260160
24914,102043648
11970,49025024
25716,105328640
17868,73183232
4755,19472384
380,1552384
8086,33116160
20937,85753856
6703,27451392
7810,31985664
4089,16744448
13978,57249792
21814,89346048
9811,40181760
20004,81932288
1185,4849664
21795,89268224
16825,68911104
22112,90566656
1152,4714496
18946,77598720
11875,48635904
644,2633728
11064,45314048
1367,5595136
12367,50651136
11273,46170112
5173,21184512
22549,92356608
6020,24653824
19534,80007168
11365,46546944
17841,73072640
503,2056192
25661,105103360
17954,73535488
4142,16961536
23956,98119680
24438,100093952
13644,55881728
6108,25014272
25823,105766912
20322,83234816
14780,60534784
5214,21352448
18538,75927552
11427,46800896
16011,65576960
17975,73621504
4716,19312640
4987,20422656
1247,5103616
6425,26312704
23781,97402880
1450,5935104
3687,15097856
11027,45162496
25194,103190528
21586,88412160
235,958464
8648,35418112
6930,28381184
8063,33021952
19443,79634432
15630,64016384
1729,7077888
9081,37191680
8880,36368384
17308,70889472
24103,98721792
20923,85696512
15075,61743104
9231,37806080
10530,43126784
24236,99266560
17824,73003008
8100,33173504
23673,96960512
5611,22978560
10787,44179456
22638,92721152
17310,70897664
22658,92803072
18285,74891264
15128,61960192
1638,6705152
21666,88739840
21032,86142976
9671,39608320
3129,12812288
6571,26910720
20086,82268160
15986,65474560
806,3297280
9619,39395328
13936,57077760
3774,15454208
5240,21458944
7341,30064640
19600,80277504
16798,68800512
3475,14229504
14616,59863040
20541,84131840
19822,81186816
14501,59392000
22580,92483584
9293,38060032
6802,27856896
24539,100507648
9469,38780928
15779,64626688
25041,102563840
10647,43606016
10154,41586688
24046,98488320
2385,9764864
20627,84484096
1545,6324224
3780,15478784
24476,100249600
9792,40103936
16176,66252800
10508,43036672
13219,54140928
2044,8368128
5252,21508096
19856,81326080
17817,72974336
18390,75321344
16778,68718592
18313,75005952
12642,51777536
11334,46419968
4633,18972672
3583,14671872
1060,4337664
23105,94633984
21542,88231936
1985,8126464
16651,68198400
2974,12177408
15729,64421888
9420,38580224
419,1712128
494,2019328
24908,102019072
9139,37429248
15886,65064960
20694,84758528
12598,51597312
14526,59494400
11373,46579712
18124,74231808
13499,55287808
2446,10014720
25143,102981632
20801,85196800
23192,94990336
3382,13848576
11505,47120384
4704,19263488
17707,72523776
9341,38256640
23878,97800192
20406,83578880
25361,103874560
5683,23273472
24292,99495936
6999,28663808
2335,9560064
4997,20463616
12209,50003968
759,3104768
18013,73777152
10737,43974656
23666,96931840
16461,67420160
16900,69218304
18698,76582912
19067,78094336
843,3448832
3825,15663104
15535,63627264
10967,44916736
5216,21360640
8167,33447936
20579,84287488
8052,32976896
10469,42876928
4458,18255872
15578,63803392
20285,83083264
2250,9211904
21177,86736896
16007,65560576
26255,107536384
3107,12722176
16655,68214784
20490,83922944
1214,4968448
88,356352
5137,21037056
819,3350528
1462,5984256
11800,48328704
11618,47583232
6167,25255936
6350,26005504
19699,80683008
6065,24838144
5976,24473600
2928,11988992
3380,13840384
11549,47300608
13503,55304192
8027,32874496
16800,68808704
12205,49987584
2403,9838592
2845,11649024
1936,7925760
23409,95879168
21417,87719936
19214,78696448
23801,97484800
14102,57757696
6433,26345472
2959,12115968
9269,37961728
14885,60964864
1995,8167424
9391,38461440
4802,19664896
21568,88338432
24942,102158336
13538,55447552
18700,76591104
11026,45158400
5520,22605824
25619,104931328
20688,84733952
12498,51187712
24928,102100992
9953,40763392
7928,32468992
14204,58175488
6285,25739264
13967,57204736
21366,87511040
10054,41177088
12252,50180096
25913,106135552
7791,31907840
10299,42180608
8553,35028992
24766,101437440
14491,59351040
18959,77651968
25605,104873984
16345,66945024
9184,37613568
20508,83996672
6676,27340800
9410,38539264
10371,42475520
13522,55382016
17463,71524352
25633,104988672
20904,85618688
13831,56647680
22483,92086272
5077,20791296
24860,101822464
13136,53800960
1868,7647232
15793,64684032
19262,78893056
24717,101236736
19296,79032320
22488,92106752
19687,80633856
21291,87203840
3230,13225984
16734,68538368
22289,91291648
18233,74678272
11266,46141440
6470,26497024
4773,19546112
152,618496
12407,50814976
6358,26038272
6889,28213248
11390,46649344
24625,100859904
3924,16068608
24320,99610624
9385,38436864
8173,33472512
22400,91746304
8536,34959360
10047,41148416
16646,68177920
14757,60440576
19178,78548992
10173,41664512
17548,71872512
5165,21151744
8428,34516992
6708,27471872
386,1576960
10109,41402368
887,3629056
7611,31170560
2363,9674752
21456,87879680
3854,15781888
5568,22802432
2444,10006528
24566,100618240
6038,24727552
15763,64561152
26176,107212800
15121,61931520
15772,64598016
8698,35622912
22390,91705344
17661,72335360
12822,52514816
19959,81747968
24531,100474880
22971,94085120
5661,23183360
14180,58077184
5810,23793664
15284,62599168
12882,52760576
20288,83095552
17006,69652480
6730,27561984
25886,106024960
1167,4775936
21941,89866240
5552,22736896
9071,37150720
10632,43544576
15262,62509056
15268,62533632
14495,59367424
23520,96333824
13107,53682176
25443,104210432
2926,11980800
4013,16433152
18713,76644352
20064,82178048
14478,59297792
12797,52412416
1598,6541312
26273,107610112
19345,79233024
17726,72601600
22625,92667904
22077,90423296
20920,85684224
21618,88543232
2981,12206080
11441,46858240
17072,69922816
25138,102961152
5101,20889600
3216,13168640
7922,32444416
22040,90271744
321,1310720
24148,98906112
5625,23035904
1255,5136384
14517,59457536
10057,41189376
24704,101183488
23722,97161216
5115,20946944
23890,97849344
21383,87580672
9489,38862848
1779,7282688
8817,36110336
5881,24084480
15410,63115264
13388,54833152
13743,56287232
8118,33247232
13841,56688640
4432,18149376
8288,33943552
19977,81821696
23442,96014336
9768,40005632
23394,95817728
7132,29208576
7652,31338496
9158,37507072
20492,83931136
12557,51429376
10289,42139648
16335,66904064
4279,17522688
22691,92938240
156,634880
15386,63016960
12058,49385472
225,917504
9715,39788544
18622,76271616
12129,49676288
13459,55123968
2380,9744384
24318,99602432
2500,10235904
8660,35467264
18195,74522624
14716,60272640
1186,4853760
3740,15314944
3674,15044608
20561,84213760
10637,43565056
8033,32899072
15364,62926848
15073,61734912
22374,91639808
22570,92442624
15613,63946752
13257,54296576
11973,49037312
9530,39030784
9027,36970496
6499,26615808
6996,28651520
13344,54652928
10748,44019712
13939,57090048
9680,39645184
19107,78258176
1824,7467008
16161,66191360
14079,57663488
22635,92708864
17354,71077888
19277,78954496
19934,81645568
10781,44154880
21164,86683648
12263,50225152
14969,61308928
21149,86622208
17226,70553600
1157,4734976
12047,49340416
6475,26517504
3647,14934016
3168,12972032
18984,77754368
25736,105410560
6310,25841664
5231,21422080
8338,34148352
21705,88899584
25686,105205760
4252,17412096
14622,59887616
12996,53227520
17089,69992448
1356,5550080
25606,104878080
17228,70561792
24342,99700736
60,241664
8742,35803136
1422,5820416
18067,73998336
4794,19632128
23252,95236096
78,315392
6191,25354240
19926,81612800
23528,96366592
25697,105250816
23197,95010816
20806,85217280
4226,17305600
25334,103763968
2627,10756096
20474,83857408
25542,104615936
2898,11866112
22824,93483008
9968,40824832
20822,85282816
12745,52199424
12566,51466240
23534,96391168
20540,84127744
16294,66736128
7765,31801344
14595,59777024
20984,85946368
3875,15867904
2048,8384512
4968,20344832
964,3944448
12767,52289536
12720,52097024
93,376832
13512,55341056
22849,93585408
19632,80408576
66,266240
11040,45215744
1842,7540736
6032,24702976
17919,73392128
25702,105271296
5443,22290432
1431,5857280
6442,26382336
10854,44453888
10712,43872256
17949,73515008
18908,77443072
22170,90804224
17823,72998912
21642,88641536
20466,83824640
7304,29913088
21433,87785472
19838,81252352
19973,81805312
7876,32256000
18026,73830400
19036,77967360
21115,86482944
9985,40894464
5183,21225472
11091,45424640
21633,88604672
16758,68636672
24859,101818368
6145,25165824
1300,5320704
14450,59183104
5467,22388736
5527,22634496
19109,78266368
2589,10600448
7727,31645696
22936,93941760
2116,8663040
11165,45727744
26059,106733568
16238,66506752
18849,77201408
17660,72331264
2249,9207808
18438,75517952
5118,20959232
20664,84635648
15016,61501440
10867,44507136
25451,104243200
6632,27160576
9109,37306368
15331,62791680
23466,96112640
21160,86667264
10943,44818432
880,3600384
11170,45748224
522,2134016
16685,68337664
5056,20705280
22168,90796032
1128,4616192
4292,17575936
20024,82014208
7013,28721152
12733,52150272
9002,36868096
22671,92856320
2454,10047488
16433,67305472
7024,28766208
18942,77582336
9778,40046592
24642,100929536
17339,71016448
12362,50630656
18085,74072064
18425,75464704
21919,89776128
22516,92221440
8767,35905536
7583,31055872
8452,34615296
18364,75214848
25885,106020864
14534,59527168
7394,30281728
18712,76640256
25846,105861120
13708,56143872
16615,68050944
23198,95014912
16871,69099520
22479,92069888
13029,53362688
21129,86540288
600,2453504
18237,74694656
24301,99532800
13735,56254464
18266,74813440
4567,18702336
9823,40230912
1723,7053312
999,4087808
22784,93319168
11523,47194112
15215,62316544
2318,9490432
13354,54693888
14446,59166720
20183,82665472
4888,20017152
7363,30154752
22383,91676672
6528,26734592
4363,17866752
21938,89853952
14796,60600320
17394,71241728
14812,60665856
13567,55566336
4618,18911232
25489,104398848
6531,26746880
3306,13537280
8889,36405248
21258,87068672
18609,76218368
25321,103710720
20828,85307392
13195,54042624
20148,82522112
19999,81911808
24851,101785600
3024,12382208
18872,77295616
13449,55083008
9554,39129088
22337,91488256
2297,9404416
2555,10461184
12926,52940800
518,2117632
8909,36487168
5897,24150016
14602,59805696
18296,74936320
5437,22265856
10864,44494848
217,884736
9425,38600704
23083,94543872
2271,9297920
7242,29659136
12594,51580928
19255,78864384
11121,45547520
20414,83611648
9351,38297600
8072,33058816
18787,76947456
19597,80265216
21101,86425600
7224,29585408
16628,68104192
8756,35860480
10342,42356736
21172,86716416
13656,55930880
11515,47161344
16258,66588672
6622,27119616
21353,87457792
3666,15011840
1718,7032832
19716,80752640
24939,102146048
14946,61214720
24966,102256640
2246,9195520
1666,6819840
7585,31064064
17009,69664768
11846,48517120
17114,70094848
11935,48881664
3310,13553664
10986,44994560
9163,37527552
23762,97325056
20248,82931712
24372,99823616
24505,100368384
14421,59064320
15108,61878272
5310,21745664
17776,72806400
3520,14413824
18668,76460032
24012,98349056
23148,94810112
20582,84299776
1673,6848512
13595,55681024
15431,63201280
12855,52649984
32,126976
9262,37933056
23170,94900224
18163,74391552
23440,96006144
10240,41938944
1332,5451776
18957,77643776
9277,37994496
4778,19566592
9878,40456192
2192,8974336
4473,18317312
11259,46112768
16464,67432448
5116,20951040
21235,86974464
1950,7983104
1920,7860224
26291,107683840
17559,71917568
8475,34709504
22136,90664960
18140,74297344
25959,106323968
14277,58474496
23446,96030720
148,602112
1439,5890048
4111,16834560
12615,51666944
10445,42778624
14034,57479168
20034,82055168
4608,18870272
23256,95252480
17224,70545408
19232,78770176
1111,4546560
13781,56442880
17826,73011200
2224,9105408
22242,91099136
8991,36823040
19661,80527360
10004,40972288
5554,22745088
1415,5791744
12995,53223424
4190,17158144
23513,96305152
4410,18059264
5734,23482368
10727,43933696
12722,52105216
25332,103755776
1411,5775360
9497,38895616
4946,20254720
6015,24633344
21488,88010752
10341,42352640
9911,40591360
9131,37396480
9437,38649856
2326,9523200
23776,97382400
18291,74915840
19111,78274560
4102,16797696
22310,91377664
10296,42168320
18044,73904128
8770,35917824
6240,25554944
5274,21598208
24867,101851136
4664,19099648
25472,104329216
15970,65409024
22414,91803648
1647,6742016
19309,79085568
17962,73568256
24667,101031936
2248,9203712
1149,4702208
3948,16166912
4938,20221952
9226,37785600
12739,52174848
1668,6828032
4454,18239488
6215,25452544
7339,30056448
14,53248
23980,98217984
4134,16928768
3134,12832768
13307,54501376
16352,66973696
23015,94265344
13106,53678080
18362,75206656
15457,63307776
6693,27410432
98,397312
23292,95399936
14786,60559360
16679,68313088
12187,49913856
15946,65310720
2780,11382784
9802,40144896
5,16384
18616,76247040
19919,81584128
17510,71716864
10348,42381312
8676,35532800
6354,26021888
39,155648
10668,43692032
9424,38596608
22643,92741632
14041,57507840
12811,52469760
18146,74321920
14176,58060800
4658,19075072
22950,93999104
15541,63651840
11930,48861184
5853,23969792
23716,97136640
8688,35581952
20667,84647936
12198,49958912
13496,55275520
20634,84512768
16444,67350528
26011,106536960
15855,64937984
5715,23404544
19267,78913536
17137,70189056
20569,84246528
5217,21364736
2460,10072064
6810,27889664
14413,59031552
21159,86663168
4682,19173376
5887,24109056
25943,106258432
11001,45056000
569,2326528
24641,100925440
18034,73863168
1331,5447680
22906,93818880
19791,81059840
3048,12480512
23016,94269440
20612,84422656
6481,26542080
14938,61181952
5442,22286336
11828,48443392
23931,98017280
3856,15790080
24702,101175296
20675,84680704
20272,83030016
565,2310144
5474,22417408
3889,15925248
9169,37552128
23328,95547392
12597,51593216
11449,46891008
23739,97230848
18420,75444224
11153,45678592
6342,25972736
8432,34533376
9996,40939520
23991,98263040
10089,41320448
26050,106696704
16329,66879488
8314,34050048
22809,93421568
7284,29831168
13340,54636544
15458,63311872
4933,20201472
17601,72089600
23899,97886208
22435,91889664
20696,84766720
24974,102289408
3197,13090816
24192,99086336
17818,72978432
6463,26468352
14828,60731392
12009,49184768
14625,59899904
25719,105340928
622,2543616
9906,40570880
19212,78688256
12132,49688576
16247,66543616
902,3690496
23760,97316864
2296,9400320
6698,27430912
17797,72892416
14115,57810944
23438,95997952
19993,81887232
9870,40423424
6111,25026560
7010,28708864
9983,40886272
5622,23023616
17402,71274496
24837,101728256
19900,81506304
4770,19533824
25608,104886272
1287,5267456
5258,21532672
10803,44244992
110,446464
21600,88469504
9890,40505344
19573,80166912
10827,44343296
2732,11186176
10664,43675648
4898,20058112
14073,57638912
22507,92184576
19796,81080320
16643,68165632
1782,7294976
15187,62201856
263,1073152
15966,65392640
6727,27549696
936,3829760
5098,20877312
4692,19214336
3286,13455360
4249,17399808
24931,102113280
975,3989504
20255,82960384
9089,37224448
2906,11898880
24520,100429824
15211,62300160
5963,24420352
25538,104599552
23962,98144256
11714,47976448
830,3395584
19492,79835136
9302,38096896
5030,20598784
2106,8622080
6998,28659712
19027,77930496
19756,80916480
12562,51449856
14203,58171392
762,3117056
25405,104054784
23788,97431552
5744,23523328
17147,70230016
407,1662976
20328,83259392
6960,28504064
20819,85270528
11535,47243264
16635,68132864
18969,77692928
23644,96841728
18088,74084352
20396,83537920
642,2625536
15271,62545920
9259,37920768
21182,86757376
19850,81301504
6963,28516352
12574,51499008
6838,28004352
13646,55889920
23753,97288192
6764,27701248
4403,18030592
19445,79642624
12819,52502528
16466,67440640
14810,60657664
16130,66064384
25826,105779200
17357,71090176
17031,69754880
23936,98037760
4623,18931712
7853,32161792
3620,14823424
17827,73015296
16977,69533696
9374,38391808
12697,52002816
7201,29491200
16848,69005312
11394,46665728
3559,14573568
25950,106287104
2619,10723328
3563,14589952
12667,51879936
7749,31735808
3957,16203776
2204,9023488
10433,42729472
8145,33357824
25165,103071744
8466,34672640
3059,12525568
15506,63508480
2177,8912896
12483,51126272
1488,6090752
9233,37814272
17309,70893568
22533,92291072
14928,61140992
5984,24506368
14003,57352192
22124,90615808
7066,28938240
7754,31756288
23833,97615872
6620,27111424
4580,18755584
8665,35487744
24819,101654528
25602,104861696
16880,69136384
13116,53719040
24644,100937728
695,2842624
25325,103727104
25700,105263104
24472,100233216
11124,45559808
4723,19341312
1047,4284416
5215,21356544
15257,62488576
24848,101773312
25722,105353216
7212,29536256
17002,69636096
13907,56958976
2000,8187904
24723,101261312
9641,39485440
9147,37462016
2169,8880128
13198,54054912
20594,84348928
7903,32366592
12735,52158464
25203,103227392
9067,37134336
23773,97370112
5926,24268800
4214,17256448
25919,106160128
10776,44134400
28,110592
16944,69398528
25739,105422848
19231,78766080
18510,75812864
2861,11714560
16553,67796992
12949,53035008
24231,99246080
12939,52994048
14035,57483264
6696,27422720
14516,59453440
13441,55050240
7092,29044736
19910,81547264
2860,11710464
19678,80596992
5398,22106112
16706,68423680
20807,85221376
23407,95870976
8180,33501184
6774,27742208
23733,97206272
7635,31268864
9741,39895040
241,983040
10315,42246144
5053,20692992
23853,97697792
24072,98594816
23056,94433280
19955,81731584
18089,74088448
7287,29843456
11056,45281280
12265,50233344
19098,78221312
3198,13094912
8705,35651584
20167,82599936
8924,36548608
6552,26832896
4183,17129472
5039,20635648
10437,42745856
2935,12017664
5745,23527424
1440,5894144
19205,78659584
14152,57962496
21206,86855680
2127,8708096
23471,96133120
14860,60862464
23868,97759232
19324,79147008
13031,53370880
3269,13385728
16060,65777664
5388,22065152
12295,50356224
2967,12148736
17623,72179712
15086,61788160
1124,4599808
11660,47755264
17288,70807552
24887,101933056
10006,40980480
16699,68395008
25507,104472576
907,3710976
1155,4726784
2493,10207232
10151,41574400
21608,88502272
13568,55570432
7054,28889088
2794,11440128
25601,104857600
5300,21704704
3076,12595200
24053,98516992
26018,106565632
2100,8597504
15067,61710336
20697,84770816
10005,40976384
11399,46686208
21515,88121344
5409,22151168
14458,59215872
3182,13029376
3196,13086720
5660,23179264
19719,80764928
21992,90075136
21824,89387008
15392,63041536
20397,83542016
11308,46313472
13180,53981184
2640,10809344
18277,74858496
8897,36438016
7001,28672000
19022,77910016
10291,42147840
13196,54046720
4333,17743872
5352,21917696
19730,80809984
8416,34467840
18891,77373440
2596,10629120
19994,81891328
17770,72781824
244,995328
14876,60928000
25409,104071168
5746,23531520
3468,14200832
21113,86474752
21676,88780800
25197,103202816
21119,86499328
20786,85135360
17449,71467008
23665,96927744
14348,58765312
23426,95948800
3260,13348864
21863,89546752
17206,70471680
8943,36626432
973,3981312
10717,43892736
2554,10457088
3748,15347712
8653,35438592
17365,71122944
2760,11300864
5692,23310336
10751,44032000
5389,22069248
1272,5206016
3274,13406208
25903,106094592
1315,5382144
6254,25612288
22526,92262400
20264,82997248
17055,69853184
22946,93982720
1525,6242304
18060,73969664
24783,101507072
14420,59060224
12512,51245056
16487,67526656
9140,37433344
17483,71606272
14555,59613184
24024,98398208
1636,6696960
17769,72777728
20619,84451328
202,823296
21769,89161728
3589,14696448
10780,44150784
25632,104984576
2793,11436032
21111,86466560
17239,70606848
23383,95772672
4000,16379904
22942,93966336
24714,101224448
10932,44773376
22453,91963392
4605,18857984
11271,46161920
23933,98025472
1643,6725632
26115,106962944
3548,14528512
9992,40923136
11039,45211648
2165,8863744
20956,85831680
21450,87855104
3803,15572992
11502,47108096
21216,86896640
12668,51884032
496,2027520
11044,45232128
16105,65961984
5653,23150592
23729,97189888
3587,14688256
4445,18202624
26118,106975232
15003,61448192
10208,41807872
9137,37421056
10271,42065920
6813,27901952
11247,46063616
18798,76992512
23210,95064064
8470,34689024
6723,27533312
5205,21315584
10152,41578496
7636,31272960
16877,69124096
22224,91025408
4096,16773120
965,3948544
13143,53829632
25827,105783296
19241,78807040
3261,13352960
23023,94298112
20471,83845120
14655,60022784
21621,88555520
4389,17973248
4056,16609280
21376,87552000
3830,15683584
8547,35004416
13802,56528896
9572,39202816
15057,61669376
5909,24199168
13764,56373248
91,368640
16959,69459968
1599,6545408
7303,29908992
20279,83058688
24059,98541568
13618,55775232
24151,98918400
12401,50790400
10659,43655168
3224,13201408
19559,80109568
4757,19480576
18177,74448896
6919,28336128
9560,39153664
8959,36691968
2160,8843264
22452,91959296
11726,48025600
3038,12439552
20593,84344832
20425,83656704
14081,57671680
21502,88068096
10800,44232704
23350,95637504
5555,22749184
5068,20754432
11088,45412352
13530,55414784
20037,82067456
2969,12156928
14214,58216448
11481,47022080
2479,10149888
15310,62705664
17587,72032256
11878,48648192
5333,21839872
22164,90779648
15470,63361024
17193,70418432
13186,54005760
9598,39309312
9268,37957632
14656,60026880
3332,13643776
23735,97214464
13965,57196544
22682,92901376
8021,32849920
6087,24928256
5428,22228992
9633,39452672
1199,4907008
1358,5558272
18515,75833344
14227,58269696
20864,85454848
10531,43130880
11843,48504832
6913,28311552
5989,24526848
15882,65048576
21013,86065152
21356,87470080
20741,84951040
3953,16187392
280,1142784
10369,42467328
23851,97689600
7895,32333824
14587,59744256
672,2748416
4139,16949248
2507,10264576
6089,24936448
6989,28622848
13637,55853056
26066,106762240
18178,74452992
8124,33271808
24362,99782656
13540,55455744
15221,62341120
23368,95711232
14558,59625472
12453,51003392
1923,7872512
22187,90873856
6113,25034752
4788,19607552
3244,13283328
26293,107692032
18531,75898880
15699,64299008
25374,103927808
17107,70066176
25190,103174144
7737,31686656
15681,64225280
15926,65228800
5322,21794816
12363,50634752
33,131072
3806,15585280
9896,40529920
15247,62447616
10549,43204608
7970,32641024
7427,30416896
14007,57368576
15743,64479232
13393,54853632
13221,54149120
25313,103677952
18523,75866112
10577,43319296
22044,90288128
25942,106254336
13481,55214080
17632,72216576
4994,20451328
6685,27377664
1947,7970816
12384,50720768
10820,44314624
11364,46542848
24481,100270080
15618,63967232
2950,12079104
24049,98500608
19992,81883136
25765,105529344
7156,29306880
12229,50085888
2447,10018816
19194,78614528
1677,6864896
6296,25784320
19238,78794752
3102,12701696
24872,101871616
15822,64802816
16895,69197824
15326,62771200
17546,71864320
5006,20500480
9442,38670336
25731,105390080
9631,39444480
22650,92770304
10107,41394176
2857,11698176
4908,20099072
26288,107671552
19003,77832192
4223,17293312
9912,40595456
2353,9633792
2404,9842688
21224,86929408
22962,94048256
16117,66011136
18355,75177984
17428,71380992
15000,61435904
5114,20942848
4596,18821120
8006,32788480
4615,18898944
26083,106831872
4990,20434944
12319,50454528
10273,42074112
22480,92073984
13163,53911552
2091,8560640
21349,87441408
9527,39018496
14630,59920384
1674,6852608
23678,96980992
7744,31715328
9079,37183488
24919,102064128
17995,73703424
15200,62255104
3402,13930496
8505,34832384
22434,91885568
5218,21368832
18104,74149888
16596,67973120
16380,67088384
8102,33181696
14150,57954304
6031,24698880
19436,79605760
3016,12349440
24693,101138432
19084,78163968
52,208896
16467,67444736
3292,13479936
7025,28770304
8386,34344960
1509,6176768
14981,61358080
12951,53043200
23033,94339072
25829,105791488
17304,70873088
19766,80957440
596,2437120
16398,67162112
21267,87105536
12171,49848320
5914,24219648
13096,53637120
24294,99504128
13142,53825536
12692,51982336
8372,34287616
15162,62099456
24289,99483648
5735,23486464
15759,64544768
1743,7135232
20440,83718144
12057,49381376
25273,103514112
16605,68009984
10978,44961792
10887,44589056
26192,107278336
6372,26095616
17421,71352320
4155,17014784
23575,96559104
26236,107458560
15078,61755392
12818,52498432
8195,33562624
8954,36671488
22764,93237248
18502,75780096
13930,57053184
12486,51138560
10620,43495424
228,929792
8895,36429824
15934,65261568
15093,61816832
10455,42819584
17444,71446528
22538,92311552
1207,4939776
10977,44957696
3427,14032896
13782,56446976
11884,48672768
19824,81195008
2124,8695808
21799,89284608
18690,76550144
6912,28307456
23012,94253056
3497,14319616
13849,56721408
20315,83206144
14139,57909248
2206,9031680
23364,95694848
21559,88301568
20351,83353600
25364,103886848
20353,83361792
793,3244032
15095,61825024
15145,62029824
14183,58089472
5882,24088576
18171,74424320
25491,104407040
24135,98852864
16198,66342912
3767,15425536
19016,77885440
9524,39006208
22179,90841088
22651,92774400
1503,6152192
2976,12185600
4727,19357696
20342,83316736
24454,100159488
14368,58847232
7506,30740480
1580,6467584
13229,54181888
16090,65900544
15521,63569920
18118,74207232
10454,42815488
1374,5623808
358,1462272
4724,19345408
15957,65355776
7589,31080448
12535,51339264
7960,32600064
20354,83365888
5863,24010752
11689,47874048
23038,94359552
627,2564096
17360,71102464
7600,31125504
12586,51548160
10837,44384256
635,2596864
15988,65482752
2917,11943936
17752,72708096
11677,47824896
3576,14643200
11551,47308800
22709,93011968
3800,15560704
26204,107327488
15519,63561728
19859,81338368
4887,20013056
5078,20795392
22581,92487680
7039,28827648
21517,88129536
12312,50425856
7783,31875072
21223,86925312
6739,27598848
16194,66326528
19375,79355904
24023,98394112
19,73728
23976,98201600
13758,56348672
4560,18673664
18494,75747328
20853,85409792
25908,106115072
3885,15908864
12048,49344512
3369,13795328
5977,24477696
24925,102088704
20914,85659648
22867,93659136
14397,58966016
4652,19050496
1523,6234112
21554,88281088
9758,39964672
15808,64745472
16111,65986560
21791,89251840
23944,98070528
24854,101797888
23647,96854016
1343,5496832
22085,90456064
13119,53731328
12276,50278400
5935,24305664
5174,21188608
10297,42172416
18742,76763136
5109,20922368
14475,59285504
18316,75018240
18397,75350016
10324,42283008
16680,68317184
20524,84062208
16541,67747840
20066,82186240
23416,95907840
24817,101646336
20945,85786624
7594,31100928
13791,56483840
16038,65687552
770,3149824
21314,87298048
21612,88518656
4931,20193280
8201,33587200
11907,48766976
6397,26198016
8293,33964032
16413,67223552
17681,72417280
9606,39342080
10687,43769856
8283,33923072
23260,95268864
9112,37318656
24744,101347328
22915,93855744
6391,26173440
14995,61415424
18203,74555392
4318,17682432
8650,35426304
1797,7356416
9681,39649280
22075,90415104
1859,7610368
21426,87756800
23700,97071104
4054,16601088
13928,57044992
22464,92008448
13893,56901632
19332,79179776
10529,43122688
16510,67620864
17970,73601024
16203,66363392
18895,77389824
2802,11472896
17933,73449472
23813,97533952
8226,33689600
21607,88498176
15327,62775296
3109,12730368
25762,105517056
3405,13942784
23422,95932416
11792,48295936
1329,5439488
19116,78295040
12513,51249152
18345,75137024
19670,80564224
15047,61628416
19435,79601664
10512,43053056
2772,11350016
25784,105607168
18155,74358784
17606,72110080
21697,88866816
5536,22671360
7195,29466624
3845,15745024
21386,87592960
3172,12988416
21689,88834048
10193,41746432
25523,104538112
22633,92700672
721,2949120
12899,52830208
7617,31195136
22010,90148864
26208,107343872
9453,38715392
17645,72269824
6548,26816512
17551,71884800
7101,29081600
20623,84467712
20896,85585920
23122,94703616
6842,28020736
10841,44400640
756,3092480
4979,20389888
11911,48783360
16948,69414912
5720,23425024
14370,58855424
12081,49479680
9211,37724160
1030,4214784
13347,54665216
9342,38260736
25738,105418752
9468,38776832
19823,81190912
22251,91136000
13588,55652352
21019,86089728
13265,54329344
21130,86544384
13082,53579776
24924,102084608
14451,59187200
18080,74051584
21738,89034752
12730,52137984
14892,60993536
12452,50999296
3688,15101952
13285,54411264
18138,74289152
21496,88043520
25173,103104512
5556,22753280
21142,86593536
12548,51392512
5405,22134784
11933,48873472
17071,69918720
1100,4501504
13665,55967744
21964,89960448
1323,5414912
25079,102719488
22738,93130752
23816,97546240
8604,35237888
25873,105971712
1953,7995392
7684,31469568
3271,13393920
7836,32092160
5893,24133632
20105,82345984
14833,60751872
23007,94232576
17238,70602752
4181,17121280
24398,99930112
3385,13860864
16826,68915200
1910,7819264
1929,7897088
2980,12201984
12629,51724288
7281,29818880
13960,57176064
6532,26750976
4153,17006592
18977,77725696
11076,45363200
25797,105660416
2040,8351744
12653,51822592
6118,25055232
20345,83329024
12625,51707904
6064,24834048
17427,71376896
14289,58523648
4305,17629184
16872,69103616
21442,87822336
903,3694592
19252,78852096
7230,29609984
20314,83202048
16649,68190208
379,1548288
21925,89800704
22517,92225536
7120,29159424
21663,88727552
17263,70705152
25111,102850560
23694,97046528
25177,103120896
19095,78209024
20093,82296832
12791,52387840
5800,23752704
25003,102408192
15568,63762432
14507,59416576
24329,99647488
19137,78381056
24988,102346752
19734,80826368
7713,31588352
5126,20992000
20602,84381696
26278,107630592
21595,88449024
9650,39522304
18209,74579968
13563,55549952
3138,12849152
23937,98041856
19643,80453632
3036,12431360
14827,60727296
3775,15458304
2442,9998336
977,3997696
9627,39428096
24827,101687296
15486,63426560
5465,22380544
767,3137536
2332,9547776
3530,14454784
21548,88256512
24838,101732352
17777,72810496
16584,67923968
3495,14311424
7406,30330880
25971,106373120
8282,33918976
25643,105029632
7564,30978048
8061,33013760
3356,13742080
11375,46587904
738,3018752
4492,18395136
13276,54374400
26312,107769856
6119,25059328
19361,79298560
9475,38805504
16230,66473984
14101,57753600
12260,50212864
3582,14667776
12183,49897472
4889,20021248
23632,96792576
25869,105955328
1112,4550656
698,2854912
9851,40345600
9712,39776256
19615,80338944
22328,91451392
23978,98209792
24034,98439168
6462,26464256
20574,84267008
3493,14303232
12900,52834304
5966,24432640
6904,28274688
23563,96509952
3083,12623872
22618,92639232
20124,82423808
12133,49692672
4785,19595264
3331,13639680
2882,11800576
18648,76378112
15752,64516096
15408,63107072
18370,75239424
24010,98340864
25918,106156032
13167,53927936
11253,46088192
23810,97521664
10,36864
25634,104992768
10801,44236800
6986,28610560
3037,12435456
17670,72372224
10487,42950656
8260,33828864
11793,48300032
13254,54284288
7392,30273536
19146,78417920
24558,100585472
16789,68763648
8709,35667968
2007,8216576
2088,8548352
1049,4292608
12106,49582080
15118,61919232
11340,46444544
25064,102658048
12357,50610176
19234,78778368
3220,13185024
6312,25849856
7593,31096832
17523,71770112
10418,42668032
21558,88297472
23663,96919552
9592,39284736
13020,53325824
18241,74711040
19388,79409152
26224,107409408
22148,90714112
15553,63700992
142,577536
4966,20336640
13125,53755904
19412,79507456
10732,43954176
3840,15724544
18756,76820480
5599,22929408
21055,86237184
19219,78716928
21016,86077440
20149,82526208
2915,11935744
874,3575808
9993,40927232
22615,92626944
18917,77479936
22609,92602368
16901,69222400
24119,98787328
7601,31129600
19414,79515648
22593,92536832
20591,84336640
9713,39780352
9344,38268928
8681,35553280
18693,76562432
9537,39059456
22708,93007872
17378,71176192
9403,38510592
3579,14655488
19356,79278080
8829,36159488
10261,42024960
19952,81719296
19803,81108992
2238,9162752
9665,39583744
3858,15798272
10034,41095168
21309,87277568
856,3502080
707,2891776
10745,44007424
10252,41988096
10304,42201088
15619,63971328
3650,14946304
14642,59969536
5957,24395776
10701,43827200
9695,39706624
8459,34643968
11349,46481408
1489,6094848
21365,87506944
25218,103288832
2027,8298496
3033,12419072
20798,85184512
15794,64688128
16171,66232320
14861,60866560
11539,47259648
3364,13774848
10557,43237376
11231,45998080
19540,80031744
2180,8925184
9454,38719488
23959,98131968
22083,90447872
22677,92880896
15420,63156224
10622,43503616
8955,36675584
5971,24453120
19224,78737408
26240,107474944
74,299008
20808,85225472
17804,72921088
6186,25333760
13329,54591488
16402,67178496
9494,38883328
14225,58261504
24084,98643968
24705,101187584
19927,81616896
24541,100515840
19504,79884288
17512,71725056
4369,17891328
3606,14766080
10062,41209856
4027,16490496
3499,14327808
14678,60116992
16658,68227072
13185,54001664
4999,20471808
2069,8470528
11193,45842432
18834,77139968
787,3219456
15909,65159168
23919,97968128
13098,53645312
4465,18284544
15810,64753664
24986,102338560
6577,26935296
11345,46465024
16608,68022272
15100,61845504
16474,67473408
2648,10842112
18095,74113024
25286,103567360
13467,55156736
18202,74551296
8859,36282368
11316,46346240
12430,50909184
5649,23134208
22391,91709440
18647,76374016
4719,19324928
468,1912832
25085,102744064
46,184320
25401,104038400
25183,103145472
1841,7536640
3467,14196736
7885,32292864
12828,52539392
5925,24264704
23627,96772096
8708,35663872
14745,60391424
457,1867776
2139,8757248
10994,45027328
2009,8224768
7825,32047104
10351,42393600
25649,105054208
18490,75730944
23110,94654464
3708,15183872
21828,89403392
24602,100765696
8952,36663296
25417,104103936
17324,70955008
3106,12718080
10553,43220992
17105,70057984
9934,40685568
12030,49270784
10373,42483712
17615,72146944
13461,55132160
13994,57315328
13895,56909824
22667,92839936
12122,49647616
23258,95260672
16844,68988928
4330,17731584
21726,88985600
11530,47222784
24991,102359040
13736,56258560
20555,84189184
18222,74633216
24203,99131392
1239,5070848
18558,76009472
13795,56500224
1213,4964352
21004,86028288
2693,11026432
20947,85794816
13523,55386112
15919,65200128
12067,49422336
24764,101429248
23237,95174656
1556,6369280
16972,69513216
19868,81375232
11204,45887488
11236,46018560
17533,71811072
22357,91570176
19626,80384000
12131,49684480
9990,40914944
20882,85528576
23908,97923072
22274,91230208
20575,84271104
22622,92655616
14605,59817984
2427,9936896
21478,87969792
23174,94916608
15025,61538304
7956,32583680
2470,10113024
12440,50950144
26190,107270144
1887,7725056
25026,102502400
6076,24883200
25303,103636992
7492,30683136
17485,71614464
8785,35979264
609,2490368
18299,74948608
9202,37687296
4322,17698816
24731,101294080
12948,53030912
19278,78958592
23214,95080448
2278,9326592
24161,98959360
23541,96419840
2989,12238848
1473,6029312
9258,37916672
6451,26419200
7671,31416320
22696,92958720
24096,98693120
7103,29089792
3795,15540224
22212,90976256
18577,76087296
5259,21536768
15600,63893504
21061,86261760
12928,52948992
16115,66002944
448,1830912
11049,45252608
23282,95358976
19191,78602240
12304,50393088
12616,51671040
7894,32329728
20054,82137088
21830,89411584
25128,102920192
22341,91504640
8257,33816576
12022,49238016
122,495616
20243,82911232
22602,92573696
22562,92409856
790,3231744
19715,80748544
24298,99520512
12921,52920320
9323,38182912
1508,6172672
23643,96837632
10961,44892160
11834,48467968
13651,55910400
17628,72200192
12000,49147904
14955,61251584
15857,64946176
22134,90656768
3577,14647296
19933,81641472
10851,44441600
753,3080192
14433,59113472
3667,15015936
2497,10223616
16767,68673536
7022,28758016
11341,46448640
3603,14753792
14011,57384960
26191,107274240
20803,85204992
2890,11833344
8760,35876864
5337,21856256
9701,39731200
22090,90476544
4988,20426752
3624,14839808
25108,102838272
15172,62140416
22988,94154752
7920,32436224
23020,94285824
20951,85811200
16190,66310144
24822,101666816
24839,101736448
17303,70868992
5868,24031232
10292,42151936
16306,66785280
9195,37658624
13633,55836672
9476,38809600
13171,53944320
5124,20983808
9318,38162432
25880,106000384
11217,45940736
16440,67334144
10713,43876352
18939,77570048
660,2699264
1942,7950336
13622,55791616
22104,90533888
16990,69586944
2242,9179136
3148,12890112
10928,44756992
12536,51343360
2161,8847360
5063,20733952
16712,68448256
19751,80896000
7381,30228480
4963,20324352
24408,99971072
22606,92590080
18778,76910592
18050,73928704
12298,50368512
9372,38383616
26284,107655168
19233,78774272
5472,22409216
21428,87764992
21354,87461888
14012,57389056
26114,106958848
24737,101318656
1987,8134656
6042,24743936
11467,46964736
23167,94887936
17264,70709248
19200,78639104
3176,13004800
22267,91201536
13557,55525376
4064,16642048
7382,30232576
19024,77918208
24678,101076992
8227,33693696
2827,11575296
19686,80629760
11508,47132672
6981,28590080
16537,67731456
9240,37842944
5706,23367680
19501,79872000
20534,84103168
11838,48484352
14067,57614336
2678,10964992
24671,101048320
17376,71168000
945,3866624
22619,92643328
11806,48353280
25522,104534016
4853,19873792
13774,56414208
7048,28864512
3245,13287424
601,2457600
16039,65691648
7523,30810112
23389,95797248
17292,70823936
19875,81403904
3578,14651392
22288,91287552
13386,54824960
18218,74616832
1898,7770112
6138,25137152
3476,14233600
5835,23896064
2381,9748480
14414,59035648
20002,81924096
8203,33595392
23181,94945280
13549,55492608
24275,99426304
18048,73920512
23321,95518720
14879,60940288
7753,31752192
11781,48250880
25033,102531072
6429,26329088
6961,28508160
4033,16515072
1830,7491584
9129,37388288
24617,100827136
14531,59514880
14923,61120512
13101,53657600
19066,78090240
6482,26546176
26292,107687936
11085,45400064
13663,55959552
20668,84652032
17278,70766592
18929,77529088
21475,87957504
5384,22048768
24348,99725312
25425,104136704
16831,68935680
6748,27635712
1933,7913472
24057,98533376
22655,92790784
15120,61927424
10383,42524672
16544,67760128
8590,35180544
11283,46211072
25082,102731776
20964,85864448
11641,47677440
5130,21008384
15278,62574592
24270,99405824
1901,7782400
741,3031040
13337,54624256
14761,60456960
21455,87875584
15414,63131648
21219,86908928
8627,35332096
16539,67739648
701,2867200
13740,56274944
1441,5898240
3490,14290944
19328,79163392
19566,80138240
15076,61747200
22911,93839360
3108,12726272
24389,99893248
2389,9781248
18949,77611008
18572,76066816
25708,105295872
1716,7024640
14188,58109952
10765,44089344
11414,46747648
11175,45768704
2070,8474624
7820,32026624
9555,39133184
10670,43700224
9551,39116800
13275,54370304
6905,28278784
8992,36827136
13707,56139776
23046,94392320
14497,59375616
12737,52166656
12333,50511872
22437,91897856
21866,89559040
5747,23535616
21251,87040000
20393,83525632
19189,78594048
11347,46473216
16139,66101248
6263,25649152
774,3166208
26221,107397120
19514,79925248
2944,12054528
14910,61067264
23002,94212096
24314,99586048
17685,72433664
24792,101543936
20900,85602304
20026,82022400
23496,96235520
22544,92336128
2940,12038144
13747,56303616
29,114688
10216,41840640
10084,41299968
5677,23248896
20493,83935232
13174,53956608
6287,25747456
1540,6303744
9440,38662144
10775,44130304
1492,6107136
16965,69484544
7045,28852224
24234,99258368
25641,105021440
11042,45223936
25790,105631744
11593,47480832
3049,12484608
22741,93143040
6250,25595904
20487,83910656
2218,9080832
9198,37670912
3946,16158720
1349,5521408
13018,53317632
10856,44462080
6570,26906624
2616,10711040
18649,76382208
3384,13856768
100,405504
1172,4796416
18549,75972608
14257,58392576
1217,4980736
21977,90013696
18452,75575296
5430,22237184
5990,24530944
26315,107782144
21228,86945792
12661,51855360
4547,18620416
8699,35627008
7935,32497664
23162,94867456
19227,78749696
4571,18718720
18144,74313728
13091,53616640
2951,12083200
20020,81997824
12655,51830784
22235,91070464
25001,102400000
710,2904064
5075,20783104
17084,69971968
3137,12845056
20436,83701760
24019,98377728
8095,33153024
2440,9990144
24182,99045376
14528,59502592
10662,43667456
3045,12468224
21463,87908352
25657,105086976
19997,81903616
21873,89587712
10500,43003904
9655,39542784
6504,26636288
20056,82145280
17895,73293824
12530,51318784
4926,20172800
25315,103686144
16564,67842048
21139,86581248
11052,45264896
17674,72388608
8714,35688448
17143,70213632
8336,34140160
1655,6774784
14089,57704448
385,1572864
25979,106405888
11114,45518848
21748,89075712
1767,7233536
368,1503232
16984,69562368
6282,25726976
8735,35774464
23018,94277632
4925,20168704
18300,74952704
1009,4128768
8768,35909632
4058,16617472
19630,80400384
1279,5234688
24613,100810752
11169,45744128
14130,57872384
17177,70352896
24357,99762176
8360,34238464
2004,8204288
9529,39026688
12031,49274880
5646,23121920
14127,57860096
25504,104460288
23450,96047104
15804,64729088
1783,7299072
21257,87064576
4446,18206720
15961,65372160
24535,100491264
19141,78397440
1579,6463488
20246,82923520
24511,100392960
18964,77672448
3140,12857344
1681,6881280
149,606208
2789,11419648
12339,50536448
21778,89198592
6654,27250688
19757,80920576
1324,5419008
8351,34201600
9718,39800832
10413,42647552
8498,34803712
15798,64704512
3112,12742656
15624,63991808
4412,18067456
8537,34963456
16108,65974272
835,3416064
3470,14209024
1572,6434816
11711,47964160
22896,93777920
9605,39337984
176,716800
21389,87605248
14132,57880576
3268,13381632
18758,76828672
23494,96227328
21934,89837568
1493,6111232
11512,47149056
22249,91127808
24470,100225024
3886,15912960
14815,60678144
6795,27828224
8026,32870400
1071,4382720
168,684032
10483,42934272
14624,59895808
9386,38440960
23814,97538048
3716,15216640
8830,36163584
16579,67903488
22126,90624000
3242,13275136
4714,19304448
21788,89239552
72,290816
22639,92725248
69,278528
7292,29863936
3558,14569472
23690,97030144
11422,46780416
19604,80293888
14418,59052032
1088,4452352
6576,26931200
25877,105988096
18253,74760192
7557,30949376
24336,99676160
9480,38825984
24179,99033088
22537,92307456
3159,12935168
3575,14639104
2304,9433088
22161,90767360
11855,48553984
20303,83156992
11078,45371392
22794,93360128
24591,100720640
20644,84553728
19616,80343040
6389,26165248
13141,53821440
11454,46911488
6005,24592384
15764,64565248
5773,23642112
6181,25313280
17787,72851456
9221,37765120
16086,65884160
24198,99110912
9401,38502400
18568,76050432
19855,81321984
2383,9756672
3153,12910592
15004,61452288
23602,96669696
25577,104759296
9884,40480768
16143,66117632
5436,22261760
9415,38559744
7532,30846976
9673,39616512
18683,76521472
12716,52080640
20299,83140608
22600,92565504
6050,24776704
1330,5443584
9940,40710144
1305,5341184
3440,14086144
24694,101142528
6583,26959872
3517,14401536
2677,10960896
14019,57417728
25521,104529920
21192,86798336
26090,106860544
7556,30945280
24144,98889728
14808,60649472
21080,86339584
8529,34930688
16754,68620288
2840,11628544
104,421888
25461,104284160
25828,105787392
17497,71663616
21822,89378816
13492,55259136
3654,14962688
5803,23764992
18682,76517376
5643,23109632
21065,86278144
23551,96460800
6289,25755648
7478,30625792
22268,91205632
23060,94449664
17729,72613888
6848,28045312
24007,98328576
21976,90009600
5833,23887872
15690,64262144
20287,83091456
25408,104067072
17715,72556544
16068,65810432
20318,83218432
23089,94568448
10178,41684992
23783,97411072
5659,23175168
25141,102973440
3760,15396864
11486,47042560
14193,58130432
18330,75075584
17481,71598080
19633,80412672
3847,15753216
6966,28528640
5235,21438464
8335,34136064
10397,42582016
9772,40022016
24672,101052416
2198,8998912
13122,53743616
3343,13688832
4154,17010688
21425,87752704
8981,36782080
12201,49971200
22895,93773824
20156,82554880
18745,76775424
404,1650688
19499,79863808
20628,84488192
19099,78225408
10773,44122112
24109,98746368
8890,36409344
18479,75685888
4597,18825216
2284,9351168
24802,101584896
24419,100016128
5122,20975616
14112,57798656
15184,62189568
15658,64131072
18633,76316672
7181,29409280
23859,97722368
3276,13414400
9145,37453824
3152,12906496
8577,35127296
20973,85901312
1739,7118848
13399,54878208
1593,6520832
23322,95522816
20125,82427904
23430,95965184
12795,52404224
9068,37138432
2289,9371648
19282,78974976
23318,95506432
5254,21516288
5367,21979136
1109,4538368
14429,59097088
9013,36913152
25293,103596032
6788,27799552
24659,100999168
9815,40198144
11208,45903872
19263,78897152
22260,91172864
13078,53563392
13604,55717888
22578,92475392
9515,38969344
2715,11116544
15451,63283200
5094,20860928
14760,60452864
11694,47894528
25973,106381312
12290,50335744
11382,46616576
23335,95576064
25373,103923712
26157,107134976
12165,49823744
4531,18554880
8231,33710080
10431,42721280
3066,12554240
23419,95920128
15981,65454080
24897,101974016
7244,29667328
15246,62443520
23536,96399360
2474,10129408
9653,39534592
6574,26923008
17573,71974912
10935,44785664
3643,14917632
10132,41496576
15586,63836160
12,45056
23374,95735808
10844,44412928
17116,70103040
23915,97951744
22049,90308608
15019,61513728
21539,88219648
22305,91357184
11021,45137920
17684,72429568
12867,52699136
844,3452928
11533,47235072
1733,7094272
3154,12914688
22968,94072832
920,3764224
812,3321856
15805,64733184
20932,85733376
14859,60858368
21808,89321472
8913,36503552
18757,76824576
17285,70795264
17024,69726208
18561,76021760
12663,51863552
21597,88457216
4628,18952192
10758,44060672
7358,30134272
6478,26529792
19181,78561280
5374,22007808
25102,102813696
9181,37601280
3305,13533184
12388,50737152
21201,86835200
18760,76836864
22189,90882048
297,1212416
7893,32325632
12551,51404800
9189,37634048
7335,30040064
5953,24379392
3308,13545472
6643,27205632
21926,89804800
24380,99856384
5727,23453696
21573,88358912
8492,34779136
12403,50798592
5020,20557824
24772,101462016
25278,103534592
25789,105627648
19038,77975552
23159,94855168
18570,76058624
18639,76341248
2234,9146368
6881,28180480
24514,100405248
23960,98136064
9869,40419328
11517,47169536
3761,15400960
16684,68333568
4973,20365312
16076,65843200
5837,23904256
4022,16470016
22129,90636288
20811,85237760
23303,95444992
19652,80490496
7828,32059392
24757,101400576
18814,77058048
25498,104435712
23744,97251328
1248,5107712
11671,47800320
3223,13197312
1865,7634944
19842,81268736
10207,41803776
1921,7864320
18101,74137600
11888,48689152
8980,36777984
18961,77660160
8793,36012032
20581,84295680
14797,60604416
1337,5472256
4610,18878464
26021,106577920
192,782336
8114,33230848
24284,99463168
3428,14036992
798,3264512
4072,16674816
7996,32747520
1007,4120576
18399,75358208
5582,22859776
23175,94920704
16232,66482176
6524,26718208
687,2809856
23185,94961664
6831,27975680
20475,83861504
18934,77549568
22375,91643904
18387,75309056
25436,104181760
24770,101453824
1198,4902912
18543,75948032
2109,8634368
20484,83898368
9047,37052416
1742,7131136
13904,56946688
20321,83230720
14311,58613760
6141,25149440
14653,60014592
4880,19984384
16428,67284992
22648,92762112
10829,44351488
7849,32145408
24223,99213312
14197,58146816
12355,50601984
22071,90398720
5504,22540288
17529,71794688
22487,92102656
4903,20078592
12997,53231616
7210,29528064
13727,56221696
13619,55779328
11920,48820224
3020,12365824
18061,73973760
26010,106532864
19531,79994880
3061,12533760
2843,11640832
9899,40542208
15390,63033344
12569,51478528
5518,22597632
17972,73609216
23004,94220288
21509,88096768
26043,106668032
3374,13815808
23454,96063488
15373,62963712
10198,41766912
13501,55296000
19090,78188544
5285,21643264
9954,40767488
23295,95412224
5912,24211456
3794,15536128
25559,104685568
3743,15327232
6605,27049984
1273,5210112
7489,30670848
422,1724416
18826,77107200
2723,11149312
16483,67510272
7421,30392320
24599,100753408
10574,43307008
4949,20267008
25844,105852928
8020,32845824
14790,60575744
10755,44048384
7,24576
9175,37576704
16569,67862528
17891,73277440
15425,63176704
19858,81334272
24422,100028416
17100,70037504
2556,10465280
15657,64126976
9153,37486592
8164,33435648
21490,88018944
6345,25985024
14765,60473344
306,1249280
8058,33001472
1497,6127616
11919,48816128
11977,49053696
17940,73478144
24076,98611200
16158,66179072
14835,60760064
3542,14503936
254,1036288
11756,48148480
19242,78811136
18421,75448320
24530,100470784
2486,10178560
14618,59871232
2223,9101312
8242,33755136
13138,53809152
833,3407872
10138,41521152
20835,85336064
6991,28631040
8790,35999744
1853,7585792
10619,43491328
15345,62849024
6193,25362432
187,761856
11961,48988160
7240,29650944
11023,45146112
252,1028096
12441,50954240
188,765952
25103,102817792
14781,60538880
14731,60334080
20613,84426752
14331,58695680
9518,38981632
22850,93589504
2811,11509760
8645,35405824
16098,65933312
1909,7815168
14014,57397248
25468,104312832
6519,26697728
19011,77864960
8025,32866304
20,77824
20335,83288064
1925,7880704
6197,25378816
21849,89489408
5915,24223744
13251,54272000
15137,61997056
3918,16044032
23316,95498240
15389,63029248
24791,101539840
21462,87904256
2409,9863168
24708,101199872
1800,7368704
22281,91258880
9723,39821312
17677,72400896
5083,20815872
18612,76230656
11591,47472640
23354,95653888
19368,79327232
14540,59551744
8623,35315712
5876,24064000
16149,66142208
802,3280896
2095,8577024
12614,51662848
3329,13631488
17874,73207808
11734,48058368
16981,69550080
1689,6914048
15282,62590976
21643,88645632
24281,99450880
25949,106283008
6069,24854528
9228,37793792
11627,47620096
23796,97464320
21891,89661440
11622,47599616
444,1814528
21991,90071040
20096,82309120
13981,57262080
19014,77877248
13293,54444032
18152,74346496
11724,48017408
3519,14409728
13057,53477376
25620,104935424
13979,57253888
19379,79372288
1571,6430720
9172,37564416
17569,71958528
3311,13557760
19164,78491648
22217,90996736
10772,44118016
16050,65736704
11767,48193536
6491,26583040
1660,6795264
8948,36646912
15202,62263296
10184,41709568
20525,84066304
16223,66445312
6206,25415680
629,2572288
7204,29503488
3636,14888960
19923,81600512
17614,72142848
7612,31174656
12277,50282496
24283,99459072
10166,41635840
7608,31158272
21963,89956352
846,3461120
24307,99557376
13788,56471552
14911,61071360
3696,15134720
23897,97878016
8200,33583104
26314,107778048
22097,90505216
9004,36876288
10920,44724224
8111,33218560
322,1314816
5013,20529152
24482,100274176
3792,15527936
3212,13152256
12784,52359168
5526,22630400
24225,99221504
11584,47443968
8500,34811904
1039,4251648
16590,67948544
23618,96735232
13853,56737792
4820,19738624
25390,103993344
716,2928640
6918,28332032
19431,79585280
2977,12189696
1983,8118272
25899,106078208
24734,101306368
19203,78651392
10540,43167744
5187,21241856
14428,59092992
22245,91111424
1715,7020544
18051,73932800
22208,90959872
10224,41873408
61,245760
21789,89243648
19892,81473536
17822,72994816
9981,40878080
13813,56573952
11225,45973504
2731,11182080
13675,56008704
24028,98414592
20017,81985536
19110,78270464
22943,93970432
7802,31952896
5805,23773184
13064,53506048
24078,98619392
23787,97427456
14726,60313600
22550,92360704
23734,97210368
20721,84869120
8863,36298752
11836,48476160
16463,67428352
2337,9568256
10494,42979328
120,487424
424,1732608
3949,16171008
6750,27643904
2487,10182656
7607,31154176
982,4018176
6438,26365952
24886,101928960
9601,39321600
16133,66076672
4008,16412672
5901,24166400
3250,13307904
4326,17715200
25659,105095168
7064,28930048
16496,67563520
25037,102547456
2869,11747328
18641,76349440
16348,66957312
5741,23511040
2428,9940992
12682,51941376
9255,37904384
16998,69619712
7351,30105600
23637,96813056
22995,94183424
24191,99082240
11929,48857088
10135,41508864
23021,94289920
18147,74326016
19772,80982016
23129,94732288
25189,103170048
21584,88403968
8455,34627584
23973,98189312
6886,28200960
8545,34996224
288,1175552
3253,13320192
8838,36196352
11009,45088768
14740,60370944
22790,93343744
11518,47173632
9839,40296448
26160,107147264
23119,94691328
4348,17805312
18143,74309632
17123,70131712
13887,56877056
5090,20844544
10265,42041344
22226,91033600
17017,69697536
8845,36225024
1583,6479872
23096,94597120
24334,99667968
4494,18403328
18911,77455360
2030,8310784
2631,10772480
13969,57212928
10257,42008576
13901,56934400
2063,8445952
14619,59875328
17814,72962048
10280,42102784
13430,55005184
4559,18669568
10571,43294720
1053,4308992
24262,99373056
16886,69160960
13352,54685696
9423,38592512
8433,34537472
12579,51519488
21715,88940544
23657,96894976
18098,74125312
5381,22036480
13868,56799232
3653,14958592
8574,35115008
2597,10633216
5593,22904832
348,1421312
14747,60399616
12988,53194752
8085,33112064
7033,28803072
25132,102936576
17131,70164480
23617,96731136
10711,43868160
11603,47521792
11601,47513600
319,1302528
8579,35135488
22102,90525696
18611,76226560
16570,67866624
21672,88764416
15726,64409600
16458,67407872
15153,62062592
9867,40411136
18086,74076160
11927,48848896
25622,104943616
12264,50229248
13033,53379072
1543,6316032
21798,89280512
705,2883584
1377,5636096
10985,44990464
25044,102576128
15531,63610880
7476,30617600
24905,102006784
8192,33550336
17802,72912896
16565,67846144
5400,22114304
12929,52953088
10703,43835392
22548,92352512
9904,40562688
7943,32530432
17268,70725632
21316,87306240
21446,87838720
14162,58003456
8018,32837632
146,593920
2680,10973184
24594,100732928
17501,71680000
12032,49278976
10167,41639936
1085,4440064
15080,61763584
11918,48812032
16313,66813952
13326,54579200
25989,106446848
5575,22831104
9594,39292928
24616,100823040
23652,96874496
25110,102846464
9405,38518784
1062,4345856
20132,82456576
7795,31924224
4720,19329024
25997,106479616
16371,67051520
20420,83636224
1227,5021696
25637,105005056
6180,25309184
19914,81563648
11951,48947200
461,1884160
13363,54730752
2379,9740288
12585,51544064
18691,76554240
23284,95367168
7062,28921856
24175,99016704
22876,93696000
12289,50331648
10037,41107456
18707,76619776
12633,51740672
3959,16211968
13463,55140352
24143,98885632
17095,70017024
5362,21958656
24679,101081088
11433,46825472
3510,14372864
9733,39862272
23271,95313920
10092,41332736
12291,50339840
520,2125824
26052,106704896
22647,92758016
1703,6971392
13975,57237504
12409,50823168
5753,23560192
21493,88031232
20663,84631552
19304,79065088
1871,7659520
10262,42029056
12856,52654080
5028,20590592
13050,53448704
19967,81780736
2399,9822208
4763,19505152
10783,44163072
6724,27537408
22992,94171136
24364,99790848
4119,16867328
12529,51314688
2313,9469952
3287,13459456
9604,39333888
13387,54829056
15694,64278528
23366,95703040
5562,22777856
10211,41820160
10372,42479616
7107,29106176
7023,28762112
8448,34598912
10937,44793856
22218,91000832
3022,12374016
24241,99287040
19197,78626816
17457,71499776
22793,93356032
19185,78577664
14219,58236928
23522,96342016
19950,81711104
13051,53452800
23792,97447936
10416,42659840
22882,93720576
4776,19558400
17831,73031680
4536,18575360
23862,97734656
2295,9396224
16453,67387392
22392,91713536
25733,105398272
4366,17879040
12546,51384320
25678,105172992
16689,68354048
18563,76029952
20872,85487616
5439,22274048
25209,103251968
8107,33202176
3844,15740928
8533,34947072
16063,65789952
25560,104689664
2350,9621504
12990,53202944
9847,40329216
4073,16678912
6275,25698304
6045,24756224
2764,11317248
501,2048000
4196,17182720
12493,51167232
15051,61644800
17675,72392704
23219,95100928
20870,85479424
11783,48259072
8053,32980992
11706,47943680
14577,59703296
5003,20488192
10016,41021440
10779,44146688
562,2297856
16491,67543040
11985,49086464
10945,44826624
11297,46268416
17544,71856128
23662,96915456
18821,77086720
20189,82690048
21859,89530368
18879,77324288
23468,96120832
13250,54267904
9657,39550976
15815,64774144
15429,63193088
10617,43483136
19260,78884864
5858,23990272
16777,68714496
12757,52248576
13601,55705600
9012,36909056
16243,66527232
12335,50520064
16221,66437120
16507,67608576
21985,90046464
5295,21684224
6914,28315648
23090,94572544
19939,81666048
21196,86814720
16189,66306048
19642,80449536
9496,38891520
10238,41930752
4140,16953344
25748,105459712
6564,26882048
16205,66371584
24790,101535744
18702,76599296
21856,89518080
15077,61751296
6347,25993216
12005,49168384
17420,71348224
21296,87224320
21826,89395200
3568,14610432
3887,15917056
5824,23851008
8661,35471360
24760,101412864
26078,106811392
23680,96989184
21051,86220800
15561,63733760
11932,48869376
17104,70053888
24739,101326848
2947,12066816
20718,84856832
15085,61784064
24608,100790272
2065,8454144
21543,88236032
10162,41619456
12556,51425280
742,3035136
21906,89722880
23209,95059968
5340,21868544
18552,75984896
17030,69750784
17468,71544832
6112,25030656
25470,104321024
11313,46333952
26149,107102208
16042,65703936
5982,24498176
10279,42098688
5223,21389312
5459,22355968
3706,15175680
23220,95105024
805,3293184
15523,63578112
10649,43614208
19944,81686528
8663,35479552
6304,25817088
3425,14024704
22206,90951680
21054,86233088
5489,22478848
21063,86269952
6190,25350144
7328,30011392
10354,42405888
6579,26943488
15747,64495616
21884,89632768
21469,87932928
14445,59162624
23797,97468416
20830,85315584
3573,14630912
20122,82415616
13706,56135680
12002,49156096
1763,7217152
15878,65032192
13058,53481472
18093,74104832
24278,99438592
10558,43241472
12862,52678656
23088,94564352
10420,42676224
17780,72822784
22802,93392896
21232,86962176
16384,67104768
2342,9588736
1627,6660096
23042,94375936
10163,41623552
722,2953216
18644,76361728
24386,99880960
9646,39505920
22641,92733440
26232,107442176
1547,6332416
14556,59617280
5180,21213184
2553,10452992
23158,94851072
11072,45346816
708,2895872
17048,69824512
25662,105107456
17367,71131136
23065,94470144
16146,66129920
25689,105218048
22810,93425664
14287,58515456
13775,56418304
7526,30822400
10338,42340352
22770,93261824
20142,82497536
26331,107847680
13200,54063104
22947,93986816
2625,10747904
24901,101990400
9853,40353792
216,880640
17430,71389184
8398,34394112
11934,48877568
26201,107315200
24005,98320384
10769,44105728
18295,74932224
14884,60960768
20267,83009536
21768,89157632
15461,63324160
13294,54448128
19249,78839808
2919,11952128
1781,7290880
16476,67481600
18651,76390400
22854,93605888
1127,4612096
23286,95375360
11546,47288320
6116,25047040
22539,92315648
17047,69820416
16779,68722688
20794,85168128
18884,77344768
3701,15155200
409,1671168
7198,29478912
2695,11034624
4175,17096704
24857,101810176
205,835584
1877,7684096
8651,35430400
1748,7155712
20401,83558400
15177,62160896
8477,34717696
22210,90968064
24647,100950016
13700,56111104
25534,104583168
4467,18292736
5386,22056960
2072,8482816
22027,90218496
1486,6082560
11784,48263168
23149,94814208
21723,88973312
14852,60829696
26327,107831296
12761,52264960
6536,26767360
14030,57462784
10770,44109824
17935,73457664
25956,106311680
15042,61607936
12847,52617216
21546,88248320
24065,98566144
6925,28360704
11975,49045504
13395,54861824
4679,19161088
12799,52420608
23264,95285248
1913,7831552
17216,70512640
21583,88399872
21003,86024192
23993,98271232
6291,25763840
23445,96026624
21943,89874432
17454,71487488
8600,35221504
6970,28545024
24360,99774464
16941,69386240
13139,53813248
11701,47923200
4191,17162240
7254,29708288
26319,107798528
248,1011712
8128,33288192
14897,61014016
17327,70967296
24245,99303424
22154,90738688
13517,55361536
5793,23724032
20241,82903040
16154,66162688
23134,94752768
13497,55279616
13903,56942592
15888,65073152
6466,26480640
16867,69083136
7852,32157696
7457,30539776
14029,57458688
23227,95133696
7567,30990336
2653,10862592
11663,47767552
2348,9613312
3093,12664832
3202,13111296
2458,10063872
1659,6791168
344,1404928
20852,85405696
4906,20090880
13283,54403072
7681,31457280
1056,4321280
15125,61947904
18705,76611584
11752,48132096
9174,37572608
19456,79687680
3599,14737408
11870,48615424
9029,36978688
399,1630208
9121,37355520
14631,59924480
3492,14299136
5834,23891968
14748,60403712
16566,67850240
17251,70656000
22389,91701248
22848,93581312
20859,85434368
2539,10395648
10554,43225088
4527,18538496
21858,89526272
5770,23629824
4842,19828736
21770,89165824
6602,27037696
15602,63901696
16350,66965504
3771,15441920
12880,52752384
22110,90558464
10359,42426368
15428,63188992
1957,8011776
7260,29732864
13117,53723136
25963,106340352
20463,83812352
15928,65236992
25349,103825408
26039,106651648
1459,5971968
4920,20148224
19371,79339520
11423,46784512
9809,40173568
15877,65028096
5490,22482944
18302,74960896
21680,88797184
17987,73670656
23684,97005568
5699,23339008
25113,102858752
10888,44593152
9892,40513536
17460,71512064
1567,6414336
16192,66318336
25199,103211008
10823,44326912
15060,61681664
13005,53264384
21422,87740416
12242,50139136
25647,105046016
23689,97026048
20203,82747392
5134,21024768
21029,86130688
2673,10944512
7569,30998528
19742,80859136
20977,85917696
14146,57937920
8378,34312192
11383,46620672
16318,66834432
20162,82579456
11452,46903296
25097,102793216
4804,19673088
9748,39923712
21821,89374720
1770,7245824
22897,93782016
1784,7303168
5072,20770816
18221,74629120
4258,17436672
395,1613824
8119,33251328
479,1957888
3989,16334848
23204,95039488
24798,101568512
22750,93179904
611,2498560
3086,12636160
8873,36339712
9664,39579648
4579,18751488
13749,56311808
18309,74989568
22886,93736960
10912,44691456
1190,4870144
22255,91152384
23411,95887360
26275,107618304
6427,26320896
16640,68153344
21487,88006656
15059,61677568
4929,20185088
16376,67072000
7271,29777920
5821,23838720
25990,106450944
2401,9830400
24255,99344384
9056,37089280
20732,84914176
19561,80117760
4282,17534976
13380,54800384
2542,10407936
23341,95600640
4159,17031168
16718,68472832
7517,30785536
4382,17944576
26253,107528192
15727,64413696
14893,60997632
26067,106766336
2713,11108352
10724,43921408
17162,70291456
23447,96034816
14072,57634816
20033,82051072
16950,69423104
24624,100855808
1496,6123520
6590,26988544
8356,34222080
21099,86417408
11868,48607232
24950,102191104
11379,46604288
12212,50016256
11472,46985216
12843,52600832
1067,4366336
21438,87805952
16526,67686400
16430,67293184
26323,107814912
1341,5488640
24090,98668544
16597,67977216
15583,63823872
15384,63008768
12944,53014528
2321,9502720
10322,42274816
1906,7802880
3435,14065664
1498,6131712
20296,83128320
10922,44732416
3598,14733312
2355,9641984
4180,17117184
23938,98045952
18986,77762560
20291,83107840
9017,36929536
1934,7917568
20707,84811776
15748,64499712
4843,19832832
4477,18333696
14415,59039744
25292,103591936
20825,85295104
8739,35790848
6417,26279936
21637,88621056
20763,85041152
4555,18653184
24350,99733504
23782,97406976
10650,43618304
22469,92028928
13956,57159680
4508,18460672
20955,85827584
13406,54906880
1990,8146944
21304,87257088
24129,98828288
25715,105324544
5786,23695360
8121,33259520
4202,17207296
22439,91906048
25305,103645184
15680,64221184
24080,98627584
17013,69681152
15102,61853696
10784,44167168
6280,25718784
9055,37085184
19974,81809408
783,3203072
20596,84357120
24370,99815424
7082,29003776
1505,6160384
5757,23576576
25306,103649280
1951,7987200
7640,31289344
19259,78880768
1600,6549504
5548,22720512
8445,34586624
10201,41779200
17514,71733248
2765,11321344
15427,63184896
8946,36638720
18996,77803520
17242,70619136
9018,36933632
24243,99295232
23547,96444416
11073,45350912
10728,43937792
14470,59265024
5940,24326144
431,1761280
14376,58880000
18947,77602816
10366,42455040
20532,84094976
21514,88117248
55,221184
7756,31764480
23382,95768576
17124,70135808
24469,100220928
24075,98607104
10567,43278336
5226,21401600
12589,51560448
14576,59699200
12041,49315840
24456,100167680
23612,96710656
160,651264
12957,53067776
2463,10084352
19034,77959168
1020,4173824
25062,102649856
19218,78712832
18993,77791232
24286,99471360
11926,48844800
3773,15450112
17284,70791168
21836,89436160
19285,78987264
23742,97243136
7186,29429760
16576,67891200
7456,30535680
12028,49262592
15436,63221760
13578,55611392
4574,18731008
8482,34738176
17840,73068544
21280,87158784
24842,101748736
4726,19353600
22904,93810688
25676,105164800
1581,6471680
5557,22757376
447,1826816
12159,49799168
10347,42377216
14733,60342272
20039,82075648
17253,70664192
19089,78184448
21781,89210880
21701,88883200
6170,25268224
16814,68866048
10847,44425216
23726,97177600
20171,82616320
9654,39538688
22513,92209152
20333,83279872
24170,98996224
16410,67211264
9338,38244352
10805,44253184
3367,13787136
18284,74887168
16838,68964352
13526,55398400
9525,39010304
12045,49332224
3065,12550144
14942,61198336
8075,33071104
16987,69574656
9244,37859328
7781,31866880
6501,26624000
17583,72015872
18818,77074432
8266,33853440
15684,64237568
15156,62074880
13316,54538240
22913,93847552
12879,52748288
1968,8056832
9225,37781504
12223,50061312
22534,92295168
22048,90304512
15254,62476288
5507,22552576
16016,65597440
11818,48402432
17200,70447104
2792,11431936
12026,49254400
10385,42532864
25833,105807872
6488,26570752
10375,42491904
3609,14778368
10536,43151360
6348,25997312
5249,21495808
22404,91762688
9779,40050688
4510,18468864
22332,91467776
22481,92078080
1752,7172096
19663,80535552
4832,19787776
8807,36069376
16581,67911680
1245,5095424
10230,41897984
8296,33976320
7318,29970432
829,3391488
3941,16138240
9828,40251392
20023,82010112
20887,85549056
5750,23547904
13905,56950784
7041,28835840
6229,25509888
1201,4915200
23126,94720000
18589,76136448
7563,30973952
21155,86646784
19291,79011840
22766,93245440
23365,95698944
11075,45359104
272,1110016
1938,7933952
20854,85413888
4647,19030016
10923,44736512
1268,5189632
20003,81928192
3827,15671296
8731,35758080
10988,45002752
19463,79716352
17911,73359360
10023,41050112
4695,19226624
5420,22196224
19854,81317888
8221,33669120
6937,28409856
7910,32395264
12770,52301824
8250,33787904
930,3805184
3635,14884864
291,1187840
17313,70909952
4863,19914752
22002,90116096
12675,51912704
9874,40439808
11234,46010368
3408,13955072
20522,84054016
19139,78389248
6935,28401664
6833,27983872
16093,65912832
12553,51412992
3082,12619776
20265,83001344
2130,8720384
10924,44740608
5681,23265280
6368,26079232
2649,10846208
16976,69529600
17227,70557696
21214,86888448
4068,16658432
6781,27770880
1136,4648960
19415,79519744
10705,43843584
5696,23326720
18183,74473472
8778,35950592
19966,81776640
1432,5861376
24797,101564416
25226,103321600
5224,21393408
4885,20004864
26301,107724800
3265,13369344
1419,5808128
23913,97943552
24917,102055936
21968,89976832
14013,57393152
6016,24637440
20662,84627456
13732,56242176
958,3919872
16169,66224128
24809,101613568
7402,30314496
23075,94511104
5488,22474752
15160,62091264
3485,14270464
11773,48218112
535,2187264
16686,68341760
12373,50675712
20710,84824064
8471,34693120
477,1949696
10552,43216896
2721,11141120
5598,22925312
9584,39251968
11943,48914432
18746,76779520
4055,16605184
1290,5279744
5032,20606976
5627,23044096
2375,9723904
4297,17596416
15424,63172608
2023,8282112
18836,77148160
17742,72667136
8043,32940032
16805,68829184
20329,83263488
20978,85921792
20226,82841600
23053,94420992
23373,95731712
18770,76877824
6672,27324416
20150,82530304
8852,36253696
16246,66539520
14427,59088896
24582,100683776
9886,40488960
12984,53178368
10189,41730048
25861,105922560
5349,21905408
11859,48570368
11336,46428160
5642,23105536
12776,52326400
2112,8646656
7521,30801920
12226,50073600
16385,67108864
18343,75128832
3985,16318464
24774,101470208
17007,69656576
2154,8818688
6073,24870912
18619,76259328
24371,99819520
14033,57475072
8544,34992128
5567,22798336
21659,88711168
13585,55640064
25477,104349696
4821,19742720
21757,89112576
330,1347584
2265,9273344
20400,83554304
15655,64118784
9945,40730624
20190,82694144
16151,66150400
21303,87252992
2549,10436608
18358,75190272
734,3002368
7550,30920704
7721,31621120
14050,57544704
6495,26599424
16694,68374528
22130,90640384
24259,99360768
7796,31928320
19145,78413824
25453,104251392
12523,51290112
19865,81362944
25920,106164224
6539,26779648
20188,82685952
12330,50499584
533,2179072
20528,84078592
12889,52789248
2846,11653120
19793,81068032
18598,76173312
10721,43909120
7549,30916608
17786,72847360
4469,18300928
7855,32169984
12457,51019776
10845,44417024
6947,28450816
11118,45535232
13629,55820288
25860,105918464
22964,94056448
23654,96882688
23599,96657408
22966,94064640
24999,102391808
14822,60706816
24171,99000320
21622,88559616
6400,26210304
18970,77697024
16033,65667072
21807,89317376
22015,90169344
22088,90468352
7430,30429184
22356,91566080
13545,55476224
16822,68898816
7208,29519872
21185,86769664
16933,69353472
19890,81465344
24399,99934208
16449,67371008
8319,34070528
18642,76353536
2152,8810496
19302,79056896
20729,84901888
3605,14761984
6099,24977408
1408,5763072
20286,83087360
24596,100741120
6646,27217920
13799,56516608
17412,71315456
20205,82755584
14319,58646528
14023,57434112
16321,66846720
11144,45641728
10191,41738240
3174,12996608
14936,61173760
8684,35565568
11581,47431680
2844,11644928
4696,19230720
8133,33308672
15849,64913408
1182,4837376
6593,27000832
19317,79118336
25517,104513536
5308,21737472
25363,103882752
5423,22208512
24619,100835328
4328,17723392
545,2228224
3783,15491072
6178,25300992
15990,65490944
15013,61489152
6763,27697152
17451,71475200
21853,89505792
12234,50106368
12215,50028544
25023,102490112
7425,30408704
13426,54988800
3832,15691776
2319,9494528
4752,19460096
6797,27836416
20946,85790720
1069,4374528
12833,52559872
18768,76869632
10134,41504768
10598,43405312
22262,91181056
10537,43155456
10739,43982848
16865,69074944
18892,77377536
1616,6615040
21613,88522752
20649,84574208
4984,20410368
6306,25825280
19294,79024128
14878,60936192
10872,44527616
2769,11337728
6635,27172864
6227,25501696
797,3260416
19010,77860864
11815,48390144
13843,56696832
14966,61296640
24538,100503552
8465,34668544
12180,49885184
5501,22528000
25155,103030784
18791,76963840
25526,104550400
5128,21000192
25938,106237952
23981,98222080
6728,27553792
18186,74485760
10764,44085248
5341,21872640
25631,104980480
5913,24215552
21263,87089152
25091,102768640
15415,63135744
23701,97075200
21287,87187456
16280,66678784
2469,10108928
18009,73760768
16991,69591040
12691,51978240
22724,93073408
12678,51924992
11776,48230400
9438,38653952
18357,75186176
13669,55984128
21350,87445504
7279,29810688
9590,39276544
1089,4456448
13414,54939648
22836,93532160
7831,32071680
3623,14835712
15943,65298432
11389,46645248
9016,36925440
12463,51044352
6641,27197440
9757,39960576
5583,22863872
15728,64417792
12219,50044928
10603,43425792
11877,48644096
22082,90443776
20618,84447232
15570,63770624
10919,44720128
13364,54734848
6558,26857472
23179,94937088
1714,7016448
4830,19779584
15122,61935616
7714,31592448
14213,58212352
15333,62799872
16835,68952064
15063,61693952
10896,44625920
25281,103546880
14264,58421248
8713,35684352
20556,84193280
4485,18366464
484,1978368
20068,82194432
5487,22470656
21846,89477120
19835,81240064
25579,104767488
18102,74141696
13514,55349248
1037,4243456
3555,14557184
2336,9564160
8245,33767424
14340,58732544
5517,22593536
8840,36204544
1150,4706304
4020,16461824
24167,98983936
7046,28856320
13883,56860672
20418,83628032
15883,65052672
15143,62021632
11102,45469696
14518,59461632
9381,38420480
2923,11968512
24359,99770368
23360,95678464
24944,102166528
4388,17969152
20505,83984384
14253,58376192
14324,58667008
18236,74690560
8139,33333248
732,2994176
25426,104140800
3195,13082624
1278,5230592
8212,33632256
22532,92286976
19166,78499840
23611,96706560
13536,55439360
11370,46567424
5305,21725184
9659,39559168
641,2621440
284,1159168
15448,63270912
8677,35536896
17098,70029312
7158,29315072
17188,70397952
7675,31432704
8156,33402880
10345,42369024
10356,42414080
11397,46678016
6476,26521600
14722,60297216
13247,54255616
22669,92848128
17552,71888896
2302,9424896
15629,64012288
1735,7102464
1254,5132288
3960,16216064
14974,61329408
7818,32018432
6029,24690688
3353,13729792
9724,39825408
6674,27332608
11451,46899200
16951,69427200
19617,80347136
20784,85127168
13046,53432320
4506,18452480
8438,34557952
12391,50749440
19655,80502784
4602,18845696
791,3235840
17399,71262208
16687,68345856
11717,47988736
23482,96178176
14511,59432960
19553,80084992
20533,84099072
8241,33751040
23712,97120256
5673,23232512
14248,58355712
8710,35672064
6297,25788416
8603,35233792
10380,42512384
7763,31793152
18336,75100160
25032,102526976
13147,53846016
2687,11001856
14020,57421824
11440,46854144
1637,6701056
10227,41885696
1801,7372800
5076,20787200
16997,69615616
18624,76279808
8324,34091008
14866,60887040
17078,69947392
4419,18096128
15497,63471616
16447,67362816
18162,74387456
13862,56774656
23314,95490048
22601,92569600
14832,60747776
6949,28459008
7278,29806592
6511,26664960
22184,90861568
9536,39055360
512,2093056
11489,47054848
21034,86151168
9334,38227968
2668,10924032
22980,94121984
18902,77418496
18495,75751424
21207,86859776
14792,60583936
10690,43782144
22072,90402816
13144,53833728
8939,36610048
20632,84504576
5354,21925888
18585,76120064
17073,69926912
25259,103456768
22021,90193920
15034,61575168
21709,88915968
22407,91774976
9207,37707776
18810,77041664
10929,44761088
23911,97935360
8244,33763328
14994,61411328
13328,54587392
143,581632
2150,8802304
17957,73547776
8232,33714176
109,442368
25435,104177664
2118,8671232
10563,43261952
6057,24805376
6419,26288128
16786,68751360
4945,20250624
19126,78336000
8997,36847616
9643,39493632
11398,46682112
12019,49225728
25388,103985152
12542,51367936
13666,55971840
24467,100212736
10314,42242048
18594,76156928
6378,26120192
18035,73867264
2812,11513856
6616,27095040
3162,12947456
23566,96522240
22583,92495872
13409,54919168
13767,56385536
25156,103034880
17968,73592832
8437,34553856
1023,4186112
26235,107454464
25623,104947712
23861,97730560
5809,23789568
19753,80904192
12120,49639424
13488,55242752
18130,74256384
8440,34566144
2841,11632640
15996,65515520
11329,46399488
18631,76308480
11419,46768128
4147,16982016
21596,88453120
13362,54726656
4815,19718144
6172,25276416
22207,90955776
2032,8318976
12435,50929664
15738,64458752
4246,17387520
12878,52744192
7233,29622272
17560,71921664
25255,103440384
5871,24043520
13295,54452224
809,3309568
22712,93024256
2193,8978432
1946,7966720
24152,98922496
21419,87728128
1694,6934528
13217,54132736
10931,44769280
8258,33820672
22409,91783168
2637,10797056
861,3522560
20999,86007808
5693,23314432
17884,73248768
25610,104894464
19378,79368192
2496,10219520
18108,74166272
16926,69324800
6687,27385856
3648,14938112
14635,59940864
23670,96948224
14059,57581568
21960,89944064
22128,90632192
22273,91226112
20624,84471808
20993,85983232
15131,61972480
8761,35880960
12991,53207040
10692,43790336
9237,37830656
7153,29294592
2617,10715136
5125,20987904
12634,51744768
23994,98275328
5084,20819968
6514,26677248
24047,98492416
2386,9768960
11293,46252032
3681,15073280
21885,89636864
21967,89972736
20802,85200896
10486,42946560
25382,103960576
10524,43102208
9841,40304640
19406,79482880
14408,59011072
5024,20574208
13183,53993472
11676,47820800
14553,59604992
13672,55996416
16612,68038656
14773,60506112
20404,83570688
1458,5967872
1178,4820992
24308,99561472
21862,89542656
14591,59760640
26024,106590208
15096,61829120
515,2105344
8461,34652160
19033,77955072
9083,37199872
21335,87384064
3069,12566528
1937,7929856
20164,82587648
11455,46915584
25095,102785024
23488,96202752
11141,45629440
16833,68943872
10179,41689088
584,2387968
13349,54673408
19790,81055744
14179,58073088
346,1413120
12326,50483200
2948,12070912
6899,28254208
26189,107266048
12774,52318208
1692,6926336
14908,61059072
20446,83742720
12740,52178944
4289,17563648
20589,84328448
12084,49491968
5933,24297472
15722,64393216
24441,100106240
11292,46247936
214,872448
8343,34168832
23525,96354304
4589,18792448
8738,35786752
3640,14905344
5495,22503424
8769,35913728
14010,57380864
15835,64856064
6538,26775552
7234,29626368
22998,94195712
24338,99684352
26244,107491328
21341,87408640
18002,73732096
12808,52457472
12188,49917952
17526,71782400
7618,31199232
4083,16719872
25667,105127936
15563,63741952
18376,75264000
7875,32251904
24524,100446208
12098,49549312
7577,31031296
17018,69701632
15967,65396736
4907,20094976
21898,89690112
10083,41295872
2908,11907072
3199,13099008
14898,61018112
21874,89591808
20094,82300928
23460,96088064
23807,97509376
3349,13713408
2733,11190272
8120,33255424
10040,41119744
21031,86138880
2465,10092544
1688,6909952
21646,88657920
22354,91557888
5899,24158208
21060,86257664
1642,6721536
10205,41795584
25763,105521152
3316,13578240
11499,47095808
3430,14045184
14754,60428288
2877,11780096
10597,43401216
11067,45326336
21026,86118400
13433,55017472
10715,43884544
24406,99962880
12998,53235712
15982,65458176
341,1392640
11826,48435200
22263,91185152
12217,50036736
643,2629632
10990,45010944
4209,17235968
4845,19841024
16182,66277376
20934,85741568
14234,58298368
3439,14082048
16573,67878912
14435,59121664
3091,12656640
15422,63164416
16875,69115904
650,2658304
24382,99864576
20316,83210240
16148,66138112
3888,15921152
18661,76431360
20295,83124224
4343,17784832
763,3121152
26063,106749952
2887,11821056
16279,66674688
17118,70111232
13246,54251520
19694,80662528
11420,46772224
5287,21651456
16663,68247552
11560,47345664
25558,104681472
26263,107569152
5981,24494080
16438,67325952
8599,35217408
6776,27750400
10002,40964096
15234,62394368
21653,88686592
12194,49942528
10905,44662784
14199,58155008
25910,106123264
17183,70377472
1078,4411392
5788,23703552
21106,86446080
10077,41271296
11672,47804416
21427,87760896
11695,47898624
1277,5226496
19195,78618624
5425,22216704
22727,93085696
16775,68706304
25756,105492480
896,3665920
7354,30117888
7196,29470720
14468,59256832
7591,31088640
9327,38199296
14100,57749504
19810,81137664
13436,55029760
5290,21663744
820,3354624
948,3878912
15464,63336448
10103,41377792
18206,74567680
22369,91619328
23579,96575488
14209,58195968
2797,11452416
21444,87830528
11393,46661632
2338,9572352
2195,8986624
10817,44302336
12641,51773440
10613,43466752
6383,26140672
23352,95645696
25433,104169472
7168,29356032
19801,81100800
16363,67018752
1000,4091904
1131,4628480
3724,15249408
2656,10874880
18169,74416128
23669,96944128
18723,76685312
21329,87359488
10526,43110400
26031,106618880
14051,57548800
25729,105381888
20963,85860352
9336,38236160
24437,100089856
16114,65998848
8998,36851712
2087,8544256
25613,104906752
12322,50466816
7387,30253056
13655,55926784
12065,49414144
13228,54177792
17361,71106560
21454,87871488
14744,60387328
25687,105209856
9407,38526976
7969,32636928
5481,22446080
8456,34631680
1200,4911104
4277,17514496
232,946176
4463,18276352
24209,99155968
23619,96739328
7801,31948800
8784,35975168
5815,23814144
25238,103370752
19628,80392192
7816,32010240
24433,100073472
23737,97222656
3442,14094336
9564,39170048
23288,95383552
9702,39735296
3549,14532608
13204,54079488
18413,75415552
3192,13070336
11280,46198784
11764,48181248
20891,85565440
22693,92946432
45,180224
729,2981888
8810,36081664
10984,44986368
9450,38703104
23655,96886784
20231,82862080
11005,45072384
22967,94068736
15547,63676416
13090,53612544
8248,33779712
7738,31690752
3512,14381056
20470,83841024
15332,62795776
6836,27996160
7128,29192192
4718,19320832
5366,21975040
15789,64667648
8,28672
17340,71020544
3966,16240640
12706,52039680
8628,35336192
21922,89788416
8496,34795520
1952,7991296
572,2338816
20460,83800064
17471,71557120
1907,7806976
25054,102617088
26313,107773952
23011,94248960
17791,72867840
14090,57708544
25122,102895616
21174,86724608
13506,55316480
3539,14491648
7482,30642176
17302,70864896
21534,88199168
261,1064960
18310,74993664
25924,106180608
25168,103084032
2041,8355840
19053,78036992
7953,32571392
2398,9818112
4732,19378176
10733,43958272
15021,61521920
22742,93147136
9729,39845888
17736,72642560
14614,59854848
18550,75976704
24186,99061760
4685,19185664
20907,85630976
14026,57446400
3711,15196160
14650,60002304
21363,87498752
10218,41848832
6633,27164672
6024,24670208
6445,26394624
11187,45817856
8839,36200448
13867,56795136
509,2080768
9721,39813120
12514,51253248
8514,34869248
13469,55164928
23097,94601216
24631,100884480
3409,13959168
13502,55300096
8857,36274176
6660,27275264
12892,52801536
21209,86867968
20349,83345408
12866,52695040
3144,12873728
14163,58007552
15575,63791104
17575,71983104
20483,83894272
9547,39100416
19778,81006592
16208,66383872
1118,4575232
1307,5349376
3556,14561280
8168,33452032
6447,26402816
22076,90419200
536,2191360
17435,71409664
11024,45150208
2933,12009472
25381,103956480
25874,105975808
9955,40771584
17478,71585792
19953,81723392
4274,17502208
4137,16941056
8344,34172928
15951,65331200
6244,25571328
8320,34074624
15492,63451136
11376,46592000
6596,27013120
3060,12529664
3562,14585856
25656,105082880
10857,44466176
16409,67207168
9756,39956480
18142,74305536
20080,82243584
12727,52125696
23546,96440320
11615,47570944
14442,59150336
17273,70746112
17068,69906432
4447,18210816
158,643072
11619,47587328
7035,28811264
15115,61906944
7999,32759808
26200,107311104
9629,39436288
17618,72159232
20862,85446656
19760,80932864
901,3686400
4904,20082688
24554,100569088
14441,59146240
20195,82714624
18211,74588160
25464,104296448
8204,33599488
18096,74117120
22152,90730496
23375,95739904
18886,77352960
16559,67821568
26225,107413504
18394,75337728
15165,62111744
13464,55144448
18800,77000704
24984,102330368
2402,9834496
12345,50561024
12230,50089984
761,3112960
15920,65204224
22997,94191616
13553,55508992
3664,15003648
10219,41852928
872,3567616
18491,75735040
19943,81682432
3411,13967360
506,2068480
14281,58490880
12259,50208768
8680,35549184
9328,38203392
25257,103448576
4460,18264064
10255,42000384
11750,48123904
18736,76738560
11775,48226304
13365,54738944
3933,16105472
1297,5308416
8105,33193984
24847,101769216
15667,64167936
18063,73981952
20455,83779584
6023,24666112
862,3526656
4194,17174528
25714,105320448
19264,78901248
883,3612672
6403,26222592
13359,54714368
13796,56504320
25589,104808448
6381,26132480
24849,101777408
24549,100548608
10892,44609536
5304,21721088
23441,96010240
904,3698688
13761,56360960
21069,86294528
21784,89223168
1365,5586944
615,2514944
23025,94306304
14449,59179008
1989,8142848
17130,70160384
22753,93192192
4611,18882560
12937,52985856
24169,98992128
19579,80191488
4243,17375232
8619,35299328
22398,91738112
6051,24780800
16784,68743168
19266,78909440
12346,50565120
4909,20103168
3104,12709888
25324,103723008
2261,9256960
5469,22396928
25768,105541632
6456,26439680
2604,10661888
10067,41230336
5146,21073920
25298,103616512
20768,85061632
5860,23998464
21023,86106112
17113,70090752
7643,31301632
25951,106291200
7988,32714752
25040,102559744
608,2486272
25831,105799680
17307,70885376
10258,42012672
3833,15695872
14645,59981824
15921,65208320
9404,38514688
4100,16789504
20387,83501056
11941,48906240
21436,87797760
8065,33030144
18210,74584064
1209,4947968
16372,67055616
7784,31879168
3272,13398016
13572,55586816
12437,50937856
13594,55676928
1550,6344704
17613,72138752
20271,83025920
2084,8531968
13422,54972416
20087,82272256
5917,24231936
23269,95305728
16459,67411968
12970,53121024
3895,15949824
5344,21884928
16110,65982464
24459,100179968
51,204800
9005,36880384
22749,93175808
13808,56553472
14201,58163200
10741,43991040
17627,72196096
5632,23064576
23164,94875648
9685,39665664
25219,103292928
12568,51474432
20030,82038784
21203,86843392
21241,86999040
22446,91934720
23582,96587776
23359,95674368
12099,49553408
8751,35840000
17271,70737920
14836,60764160
20843,85368832
9324,38187008
25045,102580224
14325,58671104
22768,93253632
7879,32268288
19935,81649664
10660,43659264
9563,39165952
22656,92794880
18164,74395648
21018,86085632
20374,83447808
4132,16920576
5202,21303296
8509,34848768
7364,30158848
15545,63668224
7214,29544448
24864,101838848
5319,21782528
5775,23650304
14901,61030400
6464,26472448
12487,51142656
25442,104206336
16268,66629632
4321,17694720
23484,96186368
19605,80297984
25355,103849984
13201,54067200
1886,7720960
16580,67907584
25611,104898560
20202,82743296
23979,98213888
9213,37732352
21877,89604096
22901,93798400
14953,61243392
18629,76300288
7367,30171136
3601,14745600
23184,94957568
2438,9981952
10899,44638208
3183,13033472
1148,4698112
1187,4857856
648,2650112
22146,90705920
22486,92098560
3312,13561856
23319,95510528
17102,70045696
11914,48795648
17920,73396224
22833,93519872
20326,83251200
6115,25042944
3958,16207872
12015,49209344
388,1585152
25612,104902656
8507,34840576
8051,32972800
2832,11595776
13565,55558144
14755,60432384
5361,21954560
19983,81846272
1662,6803456
23646,96849920
2382,9752576
6209,25427968
4771,19537920
25335,103768064
6279,25714688
14259,58400768
20372,83439616
14459,59219968
4964,20328448
1382,5656576
20081,82247680
23705,97091584
19682,80613376
1738,7114752
1119,4579328
24510,100388864
18830,77123584
563,2301952
9622,39407616
25482,104370176
2545,10420224
12464,51048448
6710,27480064
3350,13717504
8412,34451456
6883,28188672
7667,31399936
15577,63799296
20766,85053440
4801,19660800
19274,78942208
25684,105197568
13472,55177216
8530,34934784
13290,54431744
13542,55463936
25567,104718336
9299,38084608
8569,35094528
22302,91344896
23226,95129600
10344,42364928
26193,107282432
12994,53219328
13957,57163776
10266,42045440
8594,35196928
22317,91406336
7716,31600640
24943,102162432
12394,50761728
10949,44843008
25842,105844736
7896,32337920
23343,95608832
15842,64884736
17377,71172096
23805,97501184
22941,93962240
2340,9580544
3940,16134144
19901,81510400
20944,85782528
22559,92397568
23462,96096256
23804,97497088
11161,45711360
25557,104677376
3012,12333056
2441,9994240
19125,78331904
13010,53284864
15537,63635456
25474,104337408
1858,7606272
13455,55107584
2436,9973760
20976,85913600
370,1511424
467,1908736
11131,45588480
432,1765376
24953,102203392
15897,65110016
11712,47968256
13080,53571584
4303,17620992
16439,67330048
9054,37081088
22032,90238976
19834,81235968
6465,26476544
10086,41308160
9041,37027840
8693,35602432
1757,7192576
23651,96870400
25651,105062400
1873,7667712
17979,73637888
1424,5828608
18850,77205504
24597,100745216
25639,105013248
19577,80183296
22062,90361856
12284,50311168
25724,105361408
13718,56184832
10595,43393024
8578,35131392
20797,85180416
7966,32624640
25014,102453248
260,1060864
16204,66367488
4562,18681856
3179,13017088
20553,84180992
10223,41869312
398,1626112
13450,55087104
706,2887680
12788,52375552
24927,102096896
2115,8658944
23063,94461952
21585,88408064
18581,76103680
6613,27082752
6321,25886720
428,1748992
2077,8503296
7566,30986240
11083,45391872
13704,56127488
14009,57376768
7277,29802496
11257,46104576
9168,37548032
9077,37175296
13356,54702080
7488,30666752
23803,97492992
22335,91480064
7596,31109120
2929,11993088
16262,66605056
339,1384448
24706,101191680
912,3731456
12786,52367360
2754,11276288
1629,6668288
7913,32407552
22248,91123712
401,1638400
22660,92811264
24230,99241984
3860,15806464
6164,25243648
2714,11112448
11552,47312896
14098,57741312
507,2072576
25092,102772736
21933,89833472
25084,102739968
16782,68734976
3727,15261696
17298,70848512
7471,30597120
19060,78065664
3309,13549568
16418,67244032
23523,96346112
20916,85667840
6682,27365376
7239,29646848
12462,51040256
16843,68984832
9578,39227392
7793,31916032
13014,53301248
685,2801664
6868,28127232
14270,58445824
12606,51630080
5273,21594112
24663,101015552
12011,49192960
13742,56283136
4248,17395712
1876,7680000
16116,66007040
24661,101007360
13006,53268480
12097,49545216
709,2899968
24071,98590720
14763,60465152
22825,93487104
17035,69771264
24484,100282368
20915,85663744
24696,101150720
20502,83972096
12258,50204672
24529,100466688
15394,63049728
12297,50364416
2037,8339456
17527,71786496
15683,64233472
24239,99278848
23093,94584832
19872,81391616
21244,87011328
14723,60301312
22788,93335552
17806,72929280
1269,5193728
7522,30806016
4338,17764352
22165,90783744
3572,14626816
21617,88539136
11669,47792128
19745,80871424
16557,67813376
588,2404352
13370,54759424
25618,104927232
23595,96641024
2561,10485760
1685,6897664
17565,71942144
25672,105148416
11893,48709632
2468,10104832
16175,66248704
22620,92647424
20249,82935808
23820,97562624
26044,106672128
11095,45441024
1006,4116480
21387,87597056
17359,71098368
11307,46309376
18851,77209600
14036,57487360
18405,75382784
18276,74854400
17499,71671808
9146,37457920
22808,93417472
10881,44564480
19646,80465920
935,3825664
12153,49774592
25636,105000960
12627,51716096
22789,93339648
20725,84885504
8060,33009664
19071,78110720
19520,79949824
18134,74272768
2661,10895360
23870,97767424
20240,82898944
6865,28114944
7058,28905472
2108,8630272
3255,13328384
17539,71835648
19754,80908288
7880,32272384
19410,79499264
8361,34242560
25299,103620608
24394,99913728
13890,56889344
25537,104595456
9471,38789120
2281,9338880
23886,97832960
24736,101314560
7915,32415744
22813,93437952
17649,72286208
16899,69214208
6195,25370624
4378,17928192
23723,97165312
2605,10665984
9263,37937152
23294,95408128
23941,98058240
22524,92254208
17437,71417856
17038,69783552
23425,95944704
4834,19795968
16762,68653056
24092,98676736
24547,100540416
8690,35590144
9286,38031360
21671,88760320
25569,104726528
22428,91860992
4224,17297408
1082,4427776
15614,63950848
6390,26169344
16980,69545984
679,2777088
12224,50065408
5317,21774336
10143,41541632
18349,75153408
20966,85872640
6928,28372992
6799,27844608
17735,72638464
10510,43044864
2013,8241152
6233,25526272
3358,13750272
8444,34582528
5199,21291008
10940,44806144
10580,43331584
9335,38232064
17955,73539584
2601,10649600
3515,14393344
24181,99041280
25770,105549824
6331,25927680
21503,88072192
13013,53297152
19217,78708736
25167,103079936
16219,66428928
10901,44646400
18350,75157504
24207,99147776
18548,75968512
3541,14499840
1914,7835648
17821,72990720
4825,19759104
21300,87240704
2339,9576448
16291,66723840
14142,57921536
15225,62357504
6013,24625152
14195,58138624
5184,21229568
19115,78290944
15607,63922176
12202,49975296
12646,51793920
3597,14729216
18427,75472896
23832,97611776
13546,55480320
5980,24489984
7460,30552064
5820,23834624
21525,88162304
24276,99430400
10288,42135552
9821,40222720
12961,53084160
20079,82239488
19357,79282176
13322,54562816
9149,37470208
290,1183744
5188,21245952
10561,43253760
1966,8048640
5816,23818240
19805,81117184
6945,28442624
7734,31674368
21212,86880256
1528,6254592
22512,92205056
21284,87175168
4861,19906560
15867,64987136
16522,67670016
5511,22568960
17154,70258688
1445,5914624
18485,75710464
22292,91303936
24466,100208640
7786,31887360
9118,37343232
11808,48361472
13002,53252096
25878,105992192
19384,79392768
10430,42717184
15216,62320640
17334,70995968
12481,51118080
9848,40333312
17768,72773632
6549,26820608
5672,23228416
20994,85987328
1021,4177920
13037,53395456
24242,99291136
8297,33980416
2897,11862016
11380,46608384
11122,45551616
4891,20029440
22718,93048832
3950,16175104
21181,86753280
25013,102449152
9980,40873984
16168,66220032
12940,52998144
2257,9240576
13288,54423552
7871,32235520
19639,80437248
1958,8015872
12466,51056640
5462,22368256
11007,45080576
20743,84959232
9612,39366656
13218,54136832
9458,38735872
768,3141632
15715,64364544
10036,41103360
3762,15405056
17051,69836800
20112,82374656
10761,44072960
9101,37273600
14672,60092416
292,1191936
16562,67833856
14341,58736640
7336,30044160
2324,9515008
17369,71139328
550,2248704
22529,92274688
8450,34607104
12602,51613696
1490,6098944
12591,51568640
3232,13234176
24691,101130240
5604,22949888
4539,18587648
20926,85708800
10913,44695552
18322,75042816
4878,19976192
20590,84332544
4442,18190336
12299,50372608
23585,96600064
5884,24096768
8512,34861056
12460,51032064
15097,61833216
17180,70365184
12972,53129216
6098,24973312
23066,94474240
23206,95047680
17589,72040448
12039,49307648
14840,60780544
10626,43520000
25792,105639936
19576,80179200
19488,79818752
22951,94003200
2750,11259904
8219,33660928
4411,18063360
14124,57847808
22881,93716480
613,2506752
17257,70680576
6920,28340224
16054,65753088
14568,59666432
13940,57094144
14719,60284928
9465,38764544
4,12288
2052,8400896
15460,63320064
8812,36089856
1243,5087232
11098,45453312
5306,21729280
22565,92422144
4688,19197952
24233,99254272
11940,48902144
24483,100278272
17422,71356416
2311,9461760
16799,68804608
7531,30842880
17426,71372800
22338,91492352
17174,70340608
25205,103235584
21529,88178688
18372,75247616
10337,42336256
2602,10653696
19916,81571840
1070,4378624
4761,19496960
9329,38207488
12864,52686848
4998,20467712
14990,61394944
2073,8486912
21276,87142400
22277,91242496
23194,94998528
10237,41926656
24081,98631680
13123,53747712
3749,15351808
19484,79802368
23692,97038336
4895,20045824
2294,9392128
10771,44113920
16274,66654208
14623,59891712
23152,94826496
6757,27672576
1789,7323648
10022,41046016
25952,106295296
21983,90038272
22607,92594176
8304,34009088
4042,16551936
13482,55218176
8758,35868672
24453,100155392
9212,37728256
24754,101388288
3211,13148160
4287,17555456
14353,58785792
669,2736128
23385,95780864
24116,98775040
4024,16478208
10049,41156608
13279,54386688
25802,105680896
11318,46354432
9531,39034880
17506,71700480
14312,58617856
12266,50237440
17999,73719808
3528,14446592
11881,48660480
22856,93614080
17634,72224768
9845,40321024
10111,41410560
8564,35074048
17164,70299648
9832,40267776
10682,43749376
19878,81416192
8750,35835904
1711,7004160
8062,33017856
7985,32702464
19998,81907712
3962,16224256
97,393216
15511,63528960
3533,14467072
13153,53870592
3500,14331904
21494,88035328
1737,7110656
514,2101248
8004,32780288
24578,100667392
24040,98463744
26303,107732992
5943,24338432
14454,59199488
7680,31453184
2961,12124160
11978,49057792
5768,23621632
15950,65327104
8695,35610624
9883,40476672
22166,90787840
11134,45600768
3590,14700544
3835,15704064
18689,76546048
670,2740224
11191,45834240
9033,36995072
475,1941504
14049,57540608
1405,5750784
6765,27705344
2422,9916416
9473,38797312
12630,51728384
6077,24887296
12906,52858880
16821,68894720
14536,59535360
13885,56868864
23091,94576640
23337,95584256
8635,35364864
16408,67203072
1519,6217728
14593,59768832
2734,11194368
5719,23420928
26163,107159552
6309,25837568
9501,38912000
21124,86519808
22492,92123136
8493,34783232
24061,98549760
18286,74895360
21453,87867392
13654,55922688
4123,16883712
23610,96702464
26237,107462656
2272,9302016
4197,17186816
12003,49160192
11443,46866432
13505,55312384
3669,15024128
16367,67035136
9282,38014976
7560,30961664
12309,50413568
7644,31305728
13634,55840768
4518,18501632
5964,24424448
26294,107696128
22039,90267648
541,2211840
8881,36372480
8407,34430976
9587,39264256
24263,99377152
20485,83902464
12932,52965376
16914,69275648
14736,60354560
11262,46125056
2211,9052160
12935,52977664
22725,93077504
2102,8605696
22347,91529216
19512,79917056
18480,75689984
16257,66584576
4237,17350656
15983,65462272
20959,85843968
23112,94662656
20997,85999616
784,3207168
4352,17821696
6644,27209728
14077,57655296
10078,41275392
24485,100286464
17652,72298496
14661,60047360
13480,55209984
25031,102522880
24313,99581952
8588,35172352
23325,95535104
23022,94294016
6846,28037120
10641,43581440
10185,41713664
13714,56168448
15185,62193664
21605,88489984
5918,24236032
15514,63541248
16339,66920448
25505,104464384
17490,71634944
3285,13451264
10390,42553344
989,4046848
7792,31911936
5141,21053440
20815,85254144
5791,23715840
20922,85692416
13558,55529472
15922,65212416
11713,47972352
19913,81559552
22381,91668480
16854,69029888
9703,39739392
25231,103342080
25772,105558016
22926,93900800
12476,51097600
2614,10702848
7170,29364224
15259,62496768
7899,32350208
17648,72282112
15814,64770048
9102,37277696
8520,34893824
7642,31297536
19703,80699392
19284,78983168
12240,50130944
19833,81231872
12364,50638848
10952,44855296
14592,59764736
15007,61464576
12605,51625984
23749,97271808
24273,99418112
20899,85598208
17498,71667712
11173,45760512
16832,68939776
7807,31973376
10278,42094592
21818,89362432
23661,96911360
11658,47747072
17700,72495104
7015,28729344
22747,93167616
1120,4583424
16768,68677632
16671,68280320
22965,94060544
21259,87072768
1344,5500928
23457,96075776
20796,85176320
5289,21659648
9568,39186432
10432,42725376
25761,105512960
6284,25735168
20550,84168704
13179,53977088
24784,101511168
11310,46321664
5110,20926464
3326,13619200
20214,82792448
327,1335296
8129,33292288
10176,41676800
6626,27136000
18945,77594624
24043,98476032
16538,67735552
15113,61898752
13653,55918592
16548,67776512
7962,32608256
9522,38998016
17311,70901760
19213,78692352
15538,63639552
8814,36098048
1602,6557696
18584,76115968
18789,76955648
24282,99454976
16031,65658880
22637,92717056
22388,91697152
3030,12406784
19154,78450688
268,1093632
4394,17993728
23746,97259520
5010,20516864
2351,9625600
21481,87982080
4953,20283392
16667,68263936
5380,22032384
25153,103022592
17870,73191424
14493,59359232
6826,27955200
18079,74047488
16495,67559424
23543,96428032
21274,87134208
9402,38506496
14333,58703872
8190,33542144
849,3473408
10343,42360832
14189,58114048
1955,8003584
19669,80560128
5787,23699456
13164,53915648
7658,31363072
21470,87937024
19737,80838656
20220,82817024
11070,45338624
3766,15421440
15604,63909888
14178,58068992
14943,61202432
2650,10850304
19767,80961536
11351,46489600
12890,52793344
25400,104034304
22652,92778496
25212,103264256
9260,37924864
24138,98865152
7637,31277056
12860,52670464
1651,6758400
14735,60350464
12930,52957184
4273,17498112
23671,96952320
21334,87379968
9030,36982784
22028,90222592
1656,6778880
16993,69599232
19208,78671872
5269,21577728
16567,67854336
5283,21635072
9108,37302272
22416,91811840
16540,67743744
20168,82604032
23997,98287616
14222,58249216
10245,41959424
22173,90816512
15432,63205376
23817,97550336
13416,54947840
3765,15417344
12144,49737728
17317,70926336
1011,4136960
22200,90927104
9873,40435712
4189,17154048
20520,84045824
19311,79093760
14690,60166144
25016,102461440
1935,7921664
11899,48734208
15353,62881792
9357,38322176
16910,69259264
23952,98103296
15195,62234624
11777,48234496
7846,32133120
23727,97181696
23626,96768000
25260,103460864
8727,35741696
12987,53190656
7982,32690176
13783,56451072
16545,67764224
13779,56434688
36,143360
5640,23097344
13686,56053760
15199,62251008
18367,75227136
6760,27684864
6371,26091520
16853,69025792
14401,58982400
5018,20549632
9577,39223296
5284,21639168
11437,46841856
17682,72421376
13077,53559296
6953,28475392
15092,61812736
22349,91537408
7443,30482432
13396,54865920
3072,12578816
498,2035712
17267,70721536
19152,78442496
7992,32731136
4515,18489344
14665,60063744
10862,44486656
21066,86282240
1815,7430144
15219,62332928
19013,77873152
22798,93376512
10777,44138496
22323,91430912
14048,57536512
4862,19910656
4942,20238336
1517,6209536
8900,36450304
3919,16048128
11400,46690304
16405,67190784
22678,92884992
17187,70393856
19474,79761408
14708,60239872
19460,79704064
2831,11591680
23265,95289344
19380,79376384
14912,61075456
2949,12075008
12736,52162560
3610,14782464
3456,14151680
15210,62296064
8521,34897920
24237,99270656
24180,99037184
15885,65060864
3448,14118912
21541,88227840
13242,54235136
3663,14999552
2660,10891264
21489,88014848
26129,107020288
11148,45658112
1121,4587520
4398,18010112
4023,16474112
16756,68628480
5916,24227840
1288,5271552
11261,46120960
12968,53112832
23474,96145408
23001,94208000
16919,69296128
25200,103215104
3233,13238272
12396,50769920
11906,48762880
12386,50728960
7904,32370688
354,1445888
10395,42573824
17782,72830976
8131,33300480
9275,37986304
10361,42434560
22429,91865088
14410,59019264
18214,74600448
4475,18325504
14751,60416000
24498,100339712
21038,86167552
18340,75116544
4983,20406272
16761,68648960
21733,89014272
4509,18464768
14477,59293696
4271,17489920
20152,82538496
18339,75112448
18216,74608640
11675,47816704
18777,76906496
10226,41881600
19473,79757312
13457,55115776
21908,89731072
22450,91951104
3843,15736832
15399,63070208
2552,10448896
19574,80171008
6599,27025408
9378,38408192
25271,103505920
4206,17223680
3920,16052224
4067,16654336
18463,75620352
22763,93233152
6591,26992640
12526,51302400
466,1904640
3813,15613952
1142,4673536
13207,54091776
3929,16089088
21220,86913024
22598,92557312
2546,10424320
9110,37310464
24846,101765120
634,2592768
4407,18046976
3354,13733888
17712,72544256
9490,38866944
12337,50528256
1259,5152768
13068,53522432
15783,64643072
20752,84996096
10031,41082880
19817,81166336
19569,80150528
2722,11145216
16964,69480448
4288,17559552
17702,72503296
10303,42196992
7207,29515776
19560,80113664
24670,101044224
21381,87572480
3826,15667200
19985,81854464
26015,106553344
20061,82165760
23809,97517568
9321,38174720
5142,21057536
24606,100782080
16229,66469888
17348,71053312
7148,29274112
21966,89968640
15490,63442944
19250,78843904
6830,27971584
17612,72134656
5244,21475328
25893,106053632
18057,73957376
18466,75632640
12438,50941952
6147,25174016
24402,99946496
14940,61190144
16134,66080768
22120,90599424
13693,56082432
14709,60243968
20672,84668416
13128,53768192
13232,54194176
2299,9412608
25288,103575552
17054,69849088
15405,63094784
15361,62914560
23506,96276480
4699,19243008
11946,48926720
23902,97898496
3248,13299712
25073,102694912
6239,25550848
2138,8753152
2425,9928704
10012,41005056
2430,9949184
5325,21807104
23041,94371840
26202,107319296
25230,103337984
18975,77717504
21589,88424448
23537,96403456
22067,90382336
19533,80003072
24749,101367808
15180,62173184
16024,65630208
18653,76398592
12347,50569216
4312,17657856
20846,85381120
18429,75481088
11688,47869952
11184,45805568
19464,79720448
5476,22425600
11716,47984640
24648,100954112
3789,15515648
3124,12791808
1460,5976064
22202,90935296
5353,21921792
17390,71225344
23539,96411648
19513,79921152
25471,104325120
12781,52346880
23622,96751616
18234,74682368
4655,19062784
19235,78782464
8408,34435072
9837,40288256
23950,98095104
21537,88211456
18208,74575872
14249,58359808
7021,28753920
22213,90980352
11129,45580288
4517,18497536
14066,57610240
8035,32907264
10235,41918464
7858,32182272
4552,18640896
7307,29925376
7908,32387072
13702,56119296
9775,40034304
20196,82718720
6878,28168192
22508,92188672
18922,77500416
10689,43778048
7995,32743424
25317,103694336
8582,35147776
9176,37580800
8622,35311616
9333,38223872
23631,96788480
21345,87425024
6320,25882624
11778,48238592
12172,49852416
9688,39677952
8399,34398208
10600,43413504
17756,72724480
7937,32505856
8040,32927744
25242,103387136
25476,104345600
23852,97693696
5523,22618112
21407,87678976
24567,100622336
2068,8466432
13674,56004608
1038,4247552
24163,98967552
340,1388544
727,2973696
140,569344
6144,25161728
9699,39723008
22829,93503488
9789,40091648
15483,63414272
11127,45572096
18854,77221888
2966,12144640
21526,88166400
7491,30679040
16704,68415488
4775,19554304
6858,28086272
4421,18104320
10768,44101632
6402,26218496
17287,70803456
7149,29278208
5588,22884352
17205,70467584
12713,52068352
21269,87113728
18739,76750848
23645,96845824
7708,31567872
10944,44822528
21871,89579520
18133,74268672
5265,21561344
7091,29040640
7090,29036544
20714,84840448
21962,89952256
25909,106119168
14321,58654720
26135,107044864
22326,91443200
1850,7573504
2972,12169216
12854,52645888
8722,35721216
10442,42766336
7510,30756864
14774,60510208
16358,66998272
13214,54120448
20717,84852736
1740,7122944
12116,49623040
19562,80121856
6110,25022464
13182,53989376
12673,51904512
26231,107438080
9100,37269504
9833,40271872
6084,24915968
14721,60293120
2396,9809920
21952,89911296
20820,85274624
944,3862528
6021,24657920
24753,101384192
23598,96653312
1258,5148672
10525,43106304
15453,63291392
14857,60850176
16082,65867776
9871,40427520
17011,69672960
25418,104108032
12657,51838976
7385,30244864
10795,44212224
22014,90165248
1903,7790592
9445,38682624
17482,71602176
8269,33865728
11031,45178880
7833,32079872
20908,85635072
25297,103612416
8655,35446784
26060,106737664
6861,28098560
2699,11051008
23014,94261248
19635,80420864
4395,17997824
917,3751936
5952,24375296
21247,87023616
13389,54837248
15468,63352832
17795,72884224
9652,39530496
9766,39997440
1252,5124096
24193,99090432
1900,7778304
5111,20930560
16170,66228224
11791,48291840
20032,82046976
10276,42086400
11592,47476736
25114,102862848
2502,10244096
22535,92299264
21664,88731648
19667,80551936
11210,45912064
4464,18280448
969,3964928
5736,23490560
6272,25686016
21771,89169920
16740,68562944
3403,13934592
11157,45694976
6386,26152960
9546,39096320
9098,37261312
17908,73347072
19243,78815232
12392,50753536
24000,98299904
24177,99024896
15233,62390272
6601,27033600
1811,7413760
17315,70918144
2791,11427840
18601,76185600
3446,14110720
3646,14929920
19516,79933440
2176,8908800
19511,79912960
20592,84340736
7623,31219712
19159,78471168
5600,22933504
20407,83582976
22246,91115520
20390,83513344
23777,97386496
19390,79417344
6952,28471296
13104,53669888
16023,65626112
25421,104120320
18613,76234752
16652,68202496
17898,73306112
13817,56590336
18982,77746176
10451,42803200
21380,87568384
11289,46235648
20939,85762048
7063,28925952
10942,44814336
20735,84926464
12302,50384896
17524,71774208
8613,35274752
23717,97140736
801,3276800
20563,84221952
8225,33685504
37,147456
21900,89698304
12609,51642368
17679,72409088
15319,62742528
953,3899392
15809,64749568
11016,45117440
19347,79241216
9508,38940672
22111,90562560
3288,13463552
351,1433600
21198,86822912
116,471040
22928,93908992
18492,75739136
14064,57602048
19407,79486976
16102,65949696
6754,27660288
22459,91987968
11725,48021504
16577,67895296
18003,73736192
7329,30015488
10357,42418176
23405,95862784
11954,48959488
5433,22249472
19483,79798272
1712,7008256
10904,44658688
24533,100483072
11599,47505408
12280,50294784
12700,52015104
13976,57241600
17270,70733824
25553,104660992
400,1634304
14684,60141568
25596,104837120
13137,53805056
3561,14581760
13896,56913920
13168,53932032
886,3624960
22862,93638656
6892,28225536
18084,74067968
16012,65581056
4635,18980864
22290,91295744
6523,26714112
14571,59678720
23955,98115584
24700,101167104
8116,33239040
14485,59326464
8359,34234368
17148,70234112
15742,64475136
12427,50896896
14590,59756544
1806,7393280
16029,65650688
180,733184
8849,36241408
5066,20746240
9988,40906752
14371,58859520
3547,14524416
19150,78434304
10560,43249664
17020,69709824
4357,17842176
15978,65441792
13871,56811520
13021,53329920
1792,7335936
19171,78520320
15258,62492672
10246,41963520
3488,14282752
4598,18829312
13668,55980032
21273,87130112
3323,13606912
2818,11538432
15190,62214144
15183,62185472
14076,57651200
7235,29630464
18232,74674176
4099,16785408
9648,39514112
16869,69091328
5016,20541440
18260,74788864
630,2576384
5055,20701184
17151,70246400
12455,51011584
5717,23412736
14830,60739584
16429,67289088
17145,70221824
17033,69763072
19645,80461824
15592,63860736
14262,58413056
22265,91193344
19812,81145856
19674,80580608
14756,60436480
7434,30445568
14317,58638336
766,3133440
15403,63086592
23542,96423936
19595,80257024
8538,34967552
879,3596288
15439,63234048
25627,104964096
21459,87891968
20177,82640896
7049,28868608
25357,103858176
13330,54595584
10234,41914368
77,311296
666,2723840
17255,70672384
3975,16277504
20584,84307968
26069,106774528
15768,64581632
24139,98869248
12967,53108736
20211,82780160
19129,78348288
20704,84799488
26250,107515904
1191,4874240
16613,68042752
7634,31264768
14788,60567552
1385,5668864
11120,45543424
6107,25010176
13886,56872960
13177,53968896
5208,21327872
22175,90824704
8581,35143680
14784,60551168
11531,47226880
9105,37289984
25566,104714240
8303,34004992
6428,26324992
193,786432
3781,15482880
25983,106422272
21468,87928832
21802,89296896
5087,20832256
20379,83468288
3513,14385152
7951,32563200
3463,14180352
13372,54767616
17635,72228864
25378,103944192
12112,49606656
17370,71143424
23975,98197504
20860,85438464
8804,36057088
2809,11501568
23005,94224384
17058,69865472
17554,71897088
20630,84496384
8662,35475456
21318,87314432
3390,13881344
23330,95555584
12611,51650560
581,2375680
6228,25505792
17965,73580544
723,2957312
17872,73199616
11821,48414720
2232,9138176
18239,74702848
2019,8265728
21902,89706496
22541,92323840
4869,19939328
10704,43839488
15154,62066688
4914,20123648
19401,79462400
1393,5701632
11905,48758784
25078,102715392
12769,52297728
7702,31543296
15116,61911040
24904,102002688
7588,31076352
9804,40153088
10681,43745280
22330,91459584
22135,90660864
13384,54816768
4486,18370560
14452,59191296
1750,7163904
4355,17833984
20048,82112512
4533,18563072
16177,66256896
23030,94326784
1785,7307264
8754,35852288
17494,71651328
15166,62115840
12898,52826112
10316,42250240
5336,21852160
1840,7532544
2837,11616256
6777,27754496
24883,101916672
1147,4694016
20813,85245952
7360,30142464
3110,12734464
6339,25960448
3321,13598720
17662,72339456
14284,58503168
16241,66519040
16994,69603328
8307,34021376
4188,17149952
7586,31068160
14987,61382656
24922,102076416
9863,40394752
6563,26877952
10652,43626496
2103,8609792
11033,45187072
6377,26116096
3937,16121856
6325,25903104
14217,58228736
22604,92581888
9876,40448000
25992,106459136
12366,50647040
6062,24825856
7080,28995584
114,462848
4606,18862080
17938,73469952
11993,49119232
11178,45780992
23759,97312768
26064,106754048
5675,23240704
22983,94134272
16236,66498560
16218,66424832
10377,42500096
14228,58273792
16788,68759552
21785,89227264
10865,44498944
8357,34226176
14381,58900480
16561,67829760
18937,77561856
992,4059136
11957,48971776
3904,15986688
12488,51146752
397,1622016
14308,58601472
6584,26963968
7111,29122560
13710,56152064
4854,19877888
12447,50978816
316,1290240
15012,61485056
6600,27029504
25300,103624704
7865,32210944
7710,31576064
14425,59080704
14171,58040320
13805,56541184
23953,98107392
22959,94035968
3804,15577088
10093,41336832
17479,71589888
23698,97062912
19788,81047552
1575,6447104
6900,28258304
1106,4526080
5315,21766144
16025,65634304
4422,18108416
174,708608
5581,22855680
20728,84897792
1802,7376896
16250,66555904
92,372736
13676,56012800
25172,103100416
17323,70950912
21175,86728704
22359,91578368
15997,65519616
13256,54292480
18467,75636736
23850,97685504
13435,55025664
5485,22462464
24073,98598912
23672,96956416
17380,71184384
14598,59789312
8354,34213888
6046,24760320
12152,49770496
17269,70729728
19496,79851520
16744,68579328
2703,11067392
21292,87207936
13213,54116352
9921,40632320
16391,67133440
3581,14663680
11710,47960064
5919,24240128
4749,19447808
18999,77815808
3410,13963264
21109,86458368
6327,25911296
24525,100450304
15226,62361600
23588,96612352
14730,60329984
8626,35328000
25600,104853504
17916,73379840
9868,40415232
6004,24588288
19882,81432576
5576,22835200
9717,39796736
22137,90669056
3956,16199680
5129,21004288
720,2945024
1381,5652480
14483,59318272
772,3158016
13861,56770560
24358,99766272
4684,19181568
3867,15835136
15313,62717952
14247,58351616
6100,24981504
11015,45113344
19921,81592320
7633,31260672
9354,38309888
24125,98811904
510,2084864
12868,52703232
9182,37605376
3754,15372288
24426,100044800
26279,107634688
7505,30736384
13554,55513088
21641,88637440
20327,83255296
20089,82280448
19442,79630336
26183,107241472
21694,88854528
3588,14692352
26181,107233280
25570,104730624
10398,42586112
7467,30580736
22352,91549696
12943,53010432
18804,77017088
7979,32677888
21357,87474176
1294,5296128
25360,103870464
7814,32002048
21636,88616960
15334,62803968
15237,62406656
1153,4718592
7921,32440320
7540,30879744
5093,20856832
12123,49651712
11445,46874624
24729,101285888
5278,21614592
22238,91082752
25541,104611840
988,4042752
955,3907584
21190,86790144
18094,74108928
8803,36052992
11550,47304704
9406,38522880
11172,45756416
3200,13103104
13130,53776384
1867,7643136
12807,52453376
18832,77131776
12023,49242112
16795,68788224
18125,74235904
12052,49360896
24321,99614720
4554,18649088
4425,18120704
5512,22573056
22181,90849280
17434,71405568
15784,64647168
15452,63287296
20250,82939904
14695,60186624
20176,82636800
11798,48320512
3942,16142336
19986,81858560
19541,80035840
19292,79015936
11412,46739456
5000,20475904
10498,42995712
2572,10530816
17584,72019968
20986,85954560
16585,67928064
17754,72716288
8064,33026048
17173,70336512
20979,85925888
2029,8306688
19750,80891904
5538,22679552
12831,52551680
5931,24289280
24840,101740544
24893,101957632
14207,58187776
10064,41218048
22631,92692480
14200,58159104
18083,74063872
23912,97939456
23945,98074624
23027,94314496
23094,94588928
7805,31965184
5566,22794240
16065,65798144
2739,11214848
17901,73318400
1015,4153344
2821,11550720
6950,28463104
3011,12328960
2643,10821632
3325,13615104
8385,34340864
1291,5283840
25696,105246720
19557,80101376
15998,65523712
7182,29413376
17947,73506816
1981,8110080
1491,6103040
16481,67502080
23332,95563776
23283,95363072
15238,62410752
9552,39120896
15027,61546496
14153,57966592
23406,95866880
25598,104845312
14603,59809792
20151,82534400
11894,48713728
5822,23842816
3850,15765504
5261,21544960
10612,43462656
20273,83034112
628,2568192
13592,55668736
4483,18358272
12169,49840128
10028,41070592
11497,47087616
17596,72069120
14276,58470400
8323,34086912
18602,76189696
365,1490944
24699,101163008
7835,32088064
13042,53415936
18535,75915264
15309,62701568
15707,64331776
5767,23617536
11335,46424064
12519,51273728
18751,76800000
24091,98672640
5139,21045248
2478,10145792
8704,35647488
20275,83042304
6916,28323840
2269,9289728
8214,33640448
11885,48676864
10172,41660416
5724,23441408
14533,59523072
15817,64782336
25928,106196992
12577,51511296
18412,75411456
22423,91840512
15072,61730816
8044,32944128
3347,13705216
25917,106151936
15505,63504384
22045,90292224
16774,68702208
21615,88530944
2922,11964416
19330,79171584
20781,85114880
11018,45125632
5904,24178688
6530,26742784
12469,51068928
11063,45309952
16087,65888256
15566,63754240
21479,87973888
25830,105795584
968,3960832
17246,70635520
17109,70074368
26286,107663360
16709,68435968
21393,87621632
1731,7086080
5826,23859200
8099,33169408
16558,67817472
22342,91508736
15330,62787584
15054,61657088
542,2215936
10268,42053632
24683,101097472
16353,66977792
22710,93016064
8593,35192832
18107,74162176
26228,107425792
7130,29200384
8223,33677312
4267,17473536
3612,14790656
16349,66961408
6299,25796608
15873,65011712
9705,39747584
25994,106467328
14620,59879424
17115,70098944
17816,72970240
8567,35086336
13626,55808000
4428,18132992
25120,102887424
1661,6799360
11408,46723072
10893,44613632
4923,20160512
20305,83165184
10946,44830720
18727,76701696
15816,64778240
5801,23756800
3267,13377536
526,2150400
7247,29679616
1251,5120000
3181,13025280
18426,75468800
17491,71639040
18554,75993088
12910,52875264
1479,6053888
14544,59568128
17716,72560640
11482,47026176
20435,83697664
23072,94498816
8268,33861632
14191,58122240
4581,18759680
6473,26509312
12989,53198848
865,3538944
11538,47255552
18774,76894208
12815,52486144
23707,97099776
21776,89190400
13341,54640640
14742,60379136
20701,84787200
5958,24399872
19782,81022976
24323,99622912
22174,90820608
910,3723264
4978,20385792
5515,22585344
22644,92745728
10136,41512960
16879,69132288
17010,69668864
13063,53501952
6053,24788992
3551,14540800
10058,41193472
20465,83820544
17085,69976064
6667,27303936
21647,88662016
20453,83771392
24461,100188160
13790,56479744
8340,34156544
5669,23216128
20652,84586496
24214,99176448
1466,6000640
4986,20418560
12789,52379648
24428,100052992
22118,90591232
24821,101662720
13509,55328768
19172,78524416
391,1597440
12054,49369088
17636,72232960
9363,38346752
4241,17367040
2743,11231232
1628,6664192
14552,59600896
21634,88608768
6701,27443200
2547,10428416
10532,43134976
4625,18939904
5606,22958080
19149,78430208
19069,78102528
2090,8556544
6439,26370048
11737,48070656
18460,75608064
24607,100786176
20413,83607552
6007,24600576
18207,74571776
1044,4272128
20129,82444288
50,200704
7990,32722944
17280,70774784
17411,71311360
3098,12685312
4768,19525632
9744,39907328
8607,35250176
15449,63275008
5327,21815296
23470,96129024
25506,104468480
16233,66486272
22237,91078656
22127,90628096
9167,37543936
18861,77250560
212,864256
10443,42770432
3707,15179776
15328,62779392
26282,107646976
9392,38465536
23057,94437376
10403,42606592
6039,24731648
16932,69349376
26256,107540480
2520,10317824
2615,10706944
3221,13189120
11501,47104000
22350,91541504
5256,21524480
10194,41750528
11543,47276032
21688,88829952
23800,97480704
12904,52850688
24923,102080512
18807,77029376
6844,28028928
21361,87490560
19951,81715200
10097,41353216
4484,18362368
3128,12808192
16173,66240512
22892,93761536
21888,89649152
14430,59101184
2874,11767808
17056,69857280
16259,66592768
24844,101756928
15617,63963136
26080,106819584
9309,38125568
13576,55603200
20352,83357696
24949,102187008
21945,89882624
23576,96563200
8602,35229696
18740,76754944
2848,11661312
3977,16285696
6276,25702400
13752,56324096
19650,80482304
314,1282048
15610,63934464
21958,89935872
2164,8859648
20448,83750912
3745,15335424
14255,58384384
7480,30633984
2652,10858496
16888,69169152
26268,107589632
304,1241088
4669,19120128
4342,17780736
19714,80744448
4936,20213760
16554,67801088
14448,59174912
19518,79941632
22830,93507584
3443,14098432
12758,52252672
3846,15749120
20412,83603456
17414,71323648
22061,90357760
26071,106782720
14220,58241024
16683,68329472
22413,91799552
25178,103124992
4253,17416192
5883,24092672
10060,41201664
23424,95940608
5983,24502272
10285,42123264
357,1458176
17060,69873664
19547,80060416
11801,48332800
7977,32669696
16452,67383296
4901,20070400
11463,46948352
6972,28553216
25868,105951232
22902,93802496
5624,23031808
11128,45576192
6091,24944640
4452,18231296
23518,96325632
23799,97476608
24598,100749312
6469,26492928
13415,54943744
18674,76484608
25820,105754624
1684,6893568
1132,4632576
7301,29900800
22386,91688960
8431,34529280
4839,19816448
5238,21450752
5664,23195648
21696,88862720
19592,80244736
8213,33636352
19601,80281600
20942,85774336
21168,86700032
19692,80654336
25384,103968768
994,4067328
9382,38424576
24311,99573760
22447,91938816
9134,37408768
18827,77111296
4769,19529728
18075,74031104
17671,72376320
12157,49790976
7839,32104448
4117,16859136
23965,98156544
22903,93806592
10824,44331008
12327,50487296
18919,77488128
2783,11395072
23650,96866304
22955,94019584
6421,26296320
18960,77656064
18692,76558336
5227,21405696
1081,4423680
19590,80236544
22470,92033024
22816,93450240
17846,73093120
6165,25247744
22864,93646848
4940,20230144
9941,40714240
15279,62578688
24201,99123200
15841,64880640
13731,56238080
4958,20303872
20869,85475328
8823,36134912
8630,35344384
21730,89001984
21737,89030656
7641,31293440
12820,52506624
20847,85385216
16967,69492736
20576,84275200
22958,94031872
14022,57430016
18016,73789440
24557,100581376
12916,52899840
22379,91660288
14000,57339904
4272,17494016
2893,11845632
12520,51277824
14566,59658240
21342,87412736
21989,90062848
17301,70860800
25162,103059456
26311,107765760
12027,49258496
9994,40931328
15224,62353408
16666,68259840
24246,99307520
10140,41529344
19987,81862656
18335,75096064
12147,49750016
5250,21499904
21561,88309760
4556,18657280
20480,83881984
18158,74371072
5754,23564288
19240,78802944
10894,44617728
12449,50987008
18522,75862016
12117,49627136
20117,82395136
4754,19468288
220,897024
9331,38215680
26084,106835968
24586,100700160
20274,83038208
10424,42692608
16973,69517312
1837,7520256
12643,51781632
24079,98623488
15418,63148032
3040,12447744
11241,46039040
18190,74502144
13856,56750080
23940,98054144
10976,44953600
16027,65642496
20476,83865600
8953,36667392
8611,35266560
22985,94142464
12805,52445184
10389,42549248
2035,8331264
14005,57360384
7014,28725248
15702,64311296
9820,40218624
5898,24154112
4709,19283968
11295,46260224
1546,6328320
6430,26333184
2315,9478144
16482,67506176
4251,17408000
19969,81788928
12051,49356800
1838,7524352
10474,42897408
5969,24444928
4681,19169280
11246,46059520
22463,92004352
7297,29884416
4121,16875520
864,3534848
633,2588672
25787,105619456
605,2473984
21218,86904832
9485,38846464
7221,29573120
25399,104030208
25955,106307584
7806,31969280
15496,63467520
20443,83730432
26326,107827200
8795,36020224
15455,63299584
10762,44077056
5151,21094400
22043,90284032
17593,72056832
17830,73027584
5647,23126016
12750,52219904
13150,53858304
25693,105234432
16381,67092480
11268,46149632
18575,76079104
21331,87367680
19752,80900096
7202,29495296
19705,80707584
5516,22589440
8280,33910784
4244,17379328
15175,62152704
14997,61423616
17014,69685248
2482,10162176
7088,29028352
415,1695744
9376,38400000
25175,103112704
24085,98648064
12723,52109312
19462,79712256
5818,23826432
16077,65847296
17493,71647232
15724,64401408
8071,33054720
1320,5402624
8566,35082240
8642,35393536
15608,63926272
15653,64110592
14355,58793984
12395,50765824
6863,28106752
19273,78938112
655,2678784
1203,4923392
6648,27226112
19779,81010688
21936,89845760
18328,75067392
22717,93044736
9235,37822464
7692,31502336
2672,10940416
7093,29048832
6011,24616960
22522,92246016
21021,86097920
5641,23101440
10461,42844160
21362,87494656
4437,18169856
7097,29065216
9477,38813696
15853,64929792
17950,73519104
10782,44158976
6268,25669632
6351,26009600
22360,91582464
17751,72704000
23402,95850496
20570,84250624
8205,33603584
2086,8540160
18714,76648448
20102,82333696
23702,97079296
15723,64397312
9099,37265408
11642,47681536
8831,36167680
5394,22089728
11856,48558080
13332,54603776
3465,14188544
5376,22016000
7050,28872704
6845,28033024
21764,89141248
5427,22224896
21504,88076288
25774,105566208
15550,63688704
11962,48992256
18504,75788288
22422,91836416
25392,104001536
2388,9777152
19720,80769024
23370,95719424
482,1970176
25147,102998016
7127,29188096
25069,102678528
5619,23011328
7145,29261824
17669,72368128
14914,61083648
10170,41652224
14008,57372672
9658,39555072
13345,54657024
7432,30437376
15378,62984192
25279,103538688
3046,12472320
13667,55975936
22536,92303360
13331,54599680
19976,81817600
21997,90095616
12102,49565696
16588,67940352
17230,70569984
10996,45035520
9141,37437440
20774,85086208
9294,38064128
24877,101892096
8055,32989184
17,65536
9491,38871040
24610,100798464
6238,25546752
22427,91856896
24685,101105664
21860,89534464
6373,26099712
24172,99004416
6277,25706496
13270,54349824
9194,37654528
15029,61554688
12977,53149696
3357,13746176
22855,93609984
2849,11665408
5365,21970944
9859,40378368
5545,22708224
25859,105914368
25250,103419904
21973,89997312
4829,19775488
11324,46379008
21794,89264128
159,647168
3436,14069760
12516,51261440
11981,49070080
1232,5042176
717,2932736
5592,22900736
1769,7241728
8682,35557376
9640,39481344
20320,83226624
3431,14049280
22185,90865664
20711,84828160
3236,13250560
3546,14520320
19565,80134144
17126,70144000
6910,28299264
21213,86884352
2274,9310208
17074,69931008
17819,72982528
1105,4521984
8474,34705408
17208,70479872
1296,5304320
12607,51634176
8851,36249600
10069,41238528
3120,12775424
14294,58544128
21817,89358336
9201,37683200
3787,15507456
8591,35184640
25783,105603072
25311,103669760
20236,82882560
21347,87433216
3997,16367616
19457,79691776
19956,81735680
23609,96698368
10802,44240896
22683,92905472
7078,28987392
21796,89272320
25807,105701376
8183,33513472
10657,43646976
24534,100487168
18029,73842688
4935,20209664
11898,48730112
20063,82173952
9479,38821888
25905,106102784
12024,49246208
19975,81813504
13984,57274368
9840,40300544
10405,42614784
22776,93286400
14345,58753024
6376,26112000
19080,78147584
1446,5918720
24494,100323328
1511,6184960
3283,13443072
22676,92876800
3240,13266944
231,942080
9340,38252544
9086,37212160
11402,46698496
14121,57835520
423,1728512
8228,33697792
17119,70115328
8813,36093952
12340,50540544
22456,91975680
11055,45277184
6370,26087424
7757,31768576
20703,84795392
25123,102899712
9771,40017920
19647,80470016
20812,85241856
22777,93290496
19055,78045184
1885,7716864
25723,105357312
22458,91983872
7232,29618176
5832,23883776
12425,50888704
20381,83476480
25427,104144896
15292,62631936
22948,93990912
9540,39071744
3672,15036416
26127,107012096
3737,15302656
21370,87527424
3391,13885440
16059,65773568
10381,42516480
13383,54812672
11479,47013888
12785,52363264
17515,71737344
1534,6279168
13882,56856576
11229,45989888
2990,12242944
6360,26046464
16225,66453504
13584,55635968
8066,33034240
301,1228800
1828,7483392
16725,68501504
17789,72859648
14432,59109376
12178,49876992
9602,39325696
6957,28491776
24834,101715968
7011,28712960
5987,24518656
17835,73048064
14919,61104128
90,364544
16347,66953216
2866,11735040
8460,34648064
20431,83681280
1852,7581696
726,2969600
12111,49602560
22264,91189248
15528,63598592
16520,67661824
11469,46972928
6509,26656768
25100,102805504
14539,59547648
14313,58621952
2372,9711616
16985,69566464
3629,14860288
6525,26722304
26238,107466752
3801,15564800
11858,48566272
12857,52658176
5620,23015424
23877,97796096
7349,30097408
15173,62144512
24778,101486592
6896,28241920
23336,95580160
2489,10190848
10200,41775104
10951,44851200
21466,87920640
17745,72679424
366,1495040
23059,94445568
8422,34492416
10998,45043712
9672,39612416
17373,71155712
20968,85880832
23642,96833536
3489,14286848
11853,48545792
14996,61419520
22932,93925376
21594,88444928
4873,19955712
1054,4313088
1375,5627904
5391,22077440
22243,91103232
23145,94797824
24975,102293504
11565,47366144
6201,25395200
21059,86253568
4125,16891904
4737,19398656
3073,12582912
26187,107257856
22729,93093888
22424,91844608
2706,11079680
17149,70238208
25936,106229760
15813,64765952
681,2785280
5739,23502848
19651,80486400
3054,12505088
13797,56508416
25638,105009152
94,380928
19762,80941056
24907,102014976
13987,57286656
12208,49999872
771,3153920
2835,11608064
11267,46145536
18374,75255808
13703,56123392
3371,13803520
26109,106938368
19644,80457728
6160,25227264
6399,26206208
25565,104710144
17857,73138176
11188,45821952
14350,58773504
9971,40837120
3728,15265792
13001,53248000
13394,54857728
8905,36470784
18351,75161600
24519,100425728
1205,4931584
16617,68059136
26285,107659264
4613,18890752
23504,96268288
6093,24952832
21116,86487040
7251,29696000
3381,13844480
24295,99508224
3834,15699968
2418,9900032
22125,90619904
23823,97574912
20469,83836928
15852,64925696
14343,58744832
11915,48799744
18646,76369920
18353,75169792
17790,72863744
15696,64286720
2927,11984896
20339,83304448
16412,67219456
20777,85098496
3171,12984320
21089,86376448
2586,10588160
26132,107032576
16751,68608000
15601,63897600
17296,70840320
16963,69476352
17750,72699904
7290,29855744
15037,61587456
7056,28897280
19515,79929344
1794,7344128
23748,97267712
16578,67899392
18625,76283904
2670,10932224
8656,35450880
13296,54456320
15079,61759488
16163,66199552
9866,40407040
14158,57987072
8439,34562048
8540,34975744
15235,62398464
2803,11476992
6725,27541504
2557,10469376
5397,22102016
1354,5541888
7293,29868032
18956,77639680
7602,31133696
15088,61796352
15832,64843776
24910,102027264
22504,92172288
22063,90365952
17508,71708672
10590,43372544
7316,29962240
5276,21606400
2716,11120640
15573,63782912
25925,106184704
1074,4395008
21486,88002560
15807,64741376
11406,46714880
18516,75837440
21763,89137152
1849,7569408
4864,19918848
7511,30760960
19151,78438400
6631,27156480
2538,10391552
17409,71303168
13597,55689216
10907,44670976
4146,16977920
3226,13209600
23104,94629888
12762,52269056
15446,63262720
19245,78823424
15053,61652992
22297,91324416
9364,38350848
7701,31539200
2692,11022336
13532,55422976
105,425984
10796,44216320
6639,27189248
18752,76804096
8103,33185792
19938,81661952
24788,101527552
12092,49524736
1578,6459392
20014,81973248
7262,29741056
20175,82632704
10653,43630592
20383,83484672
500,2043904
13635,55844864
23281,95354880
18423,75456512
11328,46395392
8240,33746944
6864,28110848
17167,70311936
4667,19111936
9573,39206912
10406,42618880
15417,63143936
2806,11489280
21564,88322048
21746,89067520
20678,84692992
19792,81063936
16020,65613824
14771,60497920
22068,90386432
5241,21463040
24054,98521088
10222,41865216
24229,99237888
7197,29474816
7518,30789632
8644,35401728
8023,32858112
2742,11227136
18408,75395072
18853,77217792
8415,34463744
6494,26595328
4456,18247680
23942,98062336
6663,27287552
13424,54980608
5302,21712896
17320,70938624
14271,58449920
4809,19693568
476,1945600
6746,27627520
4894,20041728
12203,49979392
18771,76881920
23706,97095680
6543,26796032
18868,77279232
19800,81096704
5399,22110208
6575,26927104
21211,86876160
16860,69054464
7628,31240192
21524,88158208
3807,15589376
13784,56455168
8647,35414016
7390,30265344
20384,83488768
2850,11669504
20113,82378752
8316,34058240
25251,103424000
18128,74248192
8616,35287040
19182,78565376
3452,14135296
13493,55263232
16354,66981888
5291,21667840
22057,90341376
23106,94638080
18524,75870208
21969,89980928
18180,74461184
11223,45965312
12985,53182464
10485,42942464
3481,14254080
3810,15601664
25933,106217472
20849,85393408
18815,77062144
23469,96124928
20458,83791872
11744,48099328
4538,18583552
24759,101408768
4036,16527360
24331,99655680
13751,56320000
5192,21262336
11727,48029696
5702,23351296
5808,23785472
9021,36945920
547,2236416
363,1482752
12342,50548736
8148,33370112
13762,56365056
256,1044480
24455,100163584
9957,40779776
19883,81436672
961,3932160
86,348160
16255,66576384
17928,73428992
3982,16306176
18193,74514432
23578,96571392
14689,60162048
845,3457024
2737,11206656
2568,10514432
21147,86614016
4441,18186240
22666,92835840
26269,107593728
18275,74850304
4677,19152896
15666,64163840
23432,95973376
8535,34955264
11150,45666304
21133,86556672
4265,17465344
22736,93122560
12190,49926144
18556,76001280
15289,62619648
18955,77635584
8978,36769792
18106,74158080
24155,98934784
6155,25206784
18684,76525568
2527,10346496
5021,20561920
24288,99479552
21979,90021888
14895,61005824
1761,7208960
18968,77688832
16753,68616192
25556,104673280
23923,97984512
1606,6574080
4591,18800640
20770,85069824
24352,99741696
13268,54341632
22396,91729920
6415,26271744
16368,67039232
3228,13217792
25463,104292352
25744,105443328
9038,37015552
15637,64045056
20695,84762624
3540,14495744
3678,15060992
20057,82149376
11611,47554560
23771,97361920
16606,68014080
3967,16244736
19942,81678336
6527,26730496
23708,97103872
9952,40759296
19606,80302080
10995,45031424
2856,11694080
25269,103497728
18025,73826304
18843,77176832
7803,31956992
9349,38289408
1551,6348800
19482,79794176
16986,69570560
14907,61054976
14323,58662912
18748,76787712
14173,58048512
4499,18423808
24653,100974592
25817,105742336
21868,89567232
21662,88723456
16629,68108288
14651,60006400
19657,80510976
15252,62468096
12429,50905088
2813,11517952
4035,16523264
25525,104546304
24970,102273024
5956,24391680
11156,45690880
9171,37560320
17550,71880704
16957,69451776
25201,103219200
12749,52215808
22050,90312704
23507,96280576
20930,85725184
4001,16384000
5453,22331392
19781,81018880
16325,66863104
22922,93884416
17853,73121792
16310,66801664
4616,18903040
7548,30912512
9180,37597184
1734,7098368
18329,75071488
12756,52244480
4742,19419136
19960,81752064
155,630784
9510,38948864
24727,101277696
8917,36519936
7222,29577216
3070,12570624
9907,40574976
18228,74657792
4310,17649664
3538,14487552
12635,51748864
12806,52449280
4798,19648512
25677,105168896
14177,58064896
12376,50688000
2207,9035776
15250,62459904
6647,27222016
14215,58220544
8143,33349632
19008,77852672
23229,95141888
18677,76496896
2228,9121792
17247,70639616
16839,68968448
17290,70815744
17259,70688768
3657,14974976
25961,106332160
10731,43950080
17052,69840896
25034,102535168
7129,29196288
23545,96436224
8825,36143104
8122,33263616
24629,100876288
283,1155072
725,2965504
15869,64995328
15094,61820928
24651,100966400
13961,57180160
108,438272
6135,25124864
21578,88379392
11998,49139712
289,1179648
1110,4542464
211,860160
25158,103043072
2080,8515584
20879,85516288
25871,105963520
5710,23384064
3290,13471744
11077,45367296
8271,33873920
11587,47456256
3842,15732736
25395,104013824
18265,74809344
13470,55169024
24439,100098048
15746,64491520
24345,99713024
2,4096
17347,71049216
15232,62386176
8562,35065856
2075,8495104
16456,67399680
17106,70062080
12370,50663424
21112,86470656
993,4063232
10293,42156032
7565,30982144
12477,51101696
22963,94052352
16737,68550656
11113,45514752
19097,78217216
14959,61267968
15611,63938560
3365,13778944
25849,105873408
1760,7204864
23268,95301632
19001,77824000
16008,65564672
2140,8761344
23826,97587200
4816,19722240
18715,76652544
9312,38137856
5108,20918272
15654,64114688
14664,60059648
2666,10915840
3893,15941632
2591,10608640
24094,98684928
16945,69402624
23972,98185216
19201,78643200
11636,47656960
1352,5533696
18441,75530240
23895,97869824
8748,35827712
595,2433024
9291,38051840
23533,96387072
13374,54775808
23510,96292864
10434,42733568
19852,81309696
9135,37412864
9808,40169472
898,3674112
24544,100528128
18679,76505088
11436,46837760
16669,68272128
4332,17739776
8638,35377152
4668,19116032
20222,82825216
10965,44908544
21012,86061056
4162,17043456
24522,100438016
18024,73822208
5314,21762048
12538,51351552
5923,24256512
17322,70946816
8983,36790272
7597,31113216
6352,26013696
6546,26808320
9196,37662720
23298,95424512
23731,97198080
9614,39374848
2066,8458240
21790,89247744
20217,82804736
7609,31162368
14841,60784640
6092,24948736
24376,99840000
12845,52609024
23151,94822400
8050,32968704
15168,62124032
6895,28237824
9330,38211584
13825,56623104
20897,85590016
13442,55054336
21996,90091520
18289,74907648
11145,45645824
7245,29671424
7874,32247808
426,1740800
4416,18083840
15356,62894080
5169,21168128
14949,61227008
8800,36040704
7264,29749248
15796,64696320
19895,81485824
10038,41111552
26040,106655744
8517,34881536
15887,65069056
24086,98652160
16034,65671168
17061,69877760
10065,41222144
16394,67145728
9359,38330368
3053,12500992
15028,61550592
1101,4505600
7361,30146560
12218,50040832
21765,89145344
4576,18739200
1079,4415488
14794,60592128
133,540672
3718,15224832
6533,26755072
25002,102404096
20764,85045248
25434,104173568
10700,43823104
859,3514368
1974,8081408
16532,67710976
23607,96690176
10804,44249088
10624,43511808
18132,74264576
7897,32342016
3191,13066240
6562,26873856
10999,45047808
1246,5099520
13881,56852480
23262,95277056
425,1736704
13305,54493184
9347,38281216
21,81920
13756,56340480
13157,53886976
13431,55009280
7073,28966912
2143,8773632
12893,52805632
20154,82546688
2702,11063296
2202,9015296
715,2924544
19427,79568896
11637,47661056
5656,23162880
19887,81453056
5059,20717568
5765,23609344
5819,23830528
11982,49074176
7707,31563776
18403,75374592
411,1679360
3693,15122432
11132,45592576
1831,7495680
20611,84418560
9623,39411712
5411,22159360
4592,18804736
8725,35733504
14554,59609088
20546,84152320
3084,12627968
4992,20443136
16770,68685824
24951,102195200
7840,32108544
8251,33792000
10757,44056576
24178,99028992
8234,33722368
1141,4669440
22030,90230784
20137,82477056
24800,101576704
20411,83599360
7847,32137216
21903,89710592
985,4030464
9509,38944768
7918,32428032
3259,13344768
17774,72798208
12181,49889280
14925,61128704
8358,34230272
9398,38490112
4639,18997248
12986,53186560
2592,10612736
21792,89255936
24508,100380672
16707,68427776
20144,82505728
12508,51228672
14666,60067840
7411,30351360
14724,60305408
17509,71712768
7605,31145984
10243,41951232
127,516096
24743,101343232
13968,57208832
5851,23961600
15419,63152128
2433,9961472
12060,49393664
13160,53899264
25788,105623552
22546,92344320
10326,42291200
6497,26607616
6681,27361280
22840,93548544
16267,66625536
24664,101019648
17836,73052160
3378,13832192
14182,58085376
17630,72208384
20776,85094400
1679,6873088
12273,50266112
24206,99143680
24946,102174720
20987,85958656
852,3485696
9373,38387712
14236,58306560
15091,61808640
7199,29483008
11446,46878720
22957,94027776
7477,30621696
25694,105238528
4095,16769024
10183,41705472
2341,9584640
15507,63512576
6507,26648576
11496,47083520
18077,74039296
17607,72114176
24473,100237312
8552,35024896
8667,35495936
22542,92327936
18465,75628544
25015,102457344
22990,94162944
12827,52535296
9296,38072320
18525,75874304
21352,87453696
2965,12140544
3372,13807616
13748,56307712
24117,98779136
20755,85008384
7819,32022528
7327,30007296
9472,38793216
25858,105910272
11450,46895104
9238,37834752
24287,99475456
7984,32698368
23676,96972800
7709,31571968
23855,97705984
8764,35893248
1672,6844416
6446,26398720
18478,75681792
25295,103604224
12707,52043776
6500,26619904
22234,91066368
22451,91955200
16403,67182592
11937,48889856
18213,74596352
21930,89821184
20378,83464192
17658,72323072
3529,14450688
5450,22319104
23107,94642176
14087,57696256
3516,14397440
7192,29454336
18580,76099584
25171,103096320
15760,64548864
4405,18038784
12623,51699712
19861,81346560
14256,58388480
1271,5201920
491,2007040
17484,71610368
957,3915776
26095,106881024
13306,54497280
1670,6836224
2081,8519680
13755,56336384
15548,63680512
7519,30793728
16654,68210688
15445,63258624
25497,104431616
24568,100626432
6926,28364800
4019,16457728
13203,54075392
1829,7487488
21205,86851584
21272,87126016
17144,70217728
26247,107503616
430,1757184
21809,89325568
16523,67674112
21239,86990848
9411,38543360
8636,35368960
25853,105889792
1944,7958528
4653,19054592
796,3256320
5839,23912448
5458,22351872
21848,89485312
20687,84729856
21854,89509888
16017,65601536
24793,101548032
20392,83521536
20928,85716992
13445,55066624
18482,75698176
12708,52047872
5253,21512192
13129,53772288
12636,51752960
20245,82919424
4972,20361216
13092,53620736
19398,79450112
7452,30519296
22872,93679616
18990,77778944
15040,61599744
8093,33144832
15915,65183744
23900,97890304
15933,65257472
1264,5173248
21897,89686016
21907,89726976
6083,24911872
17232,70578176
25241,103383040
23338,95588352
8142,33345536
20733,84918272
9513,38961152
3052,12496896
2838,11620352
3400,13922304
4893,20037632
18119,74211328
7509,30752768
12963,53092352
16863,69066752
10927,44752896
15876,65024000
10175,41672704
10543,43180032
22511,92200960
5005,20496384
2834,11603968
11359,46522368
15347,62857216
22843,93560832
15979,65445888
11745,48103424
18545,75956224
12379,50700288
21217,86900736
23006,94228480
2524,10334208
20230,82857984
437,1785856
10849,44433408
20307,83173376
22141,90685440
21845,89473024
19366,79319040
14382,58904576
13860,56766464
645,2637824
22106,90542080
111,450560
9690,39686144
1786,7311360
10260,42020864
23307,95461376
14821,60702720
2774,11358208
5342,21876736
21402,87658496
13801,56524800
651,2662400
26133,107036672
11561,47349760
2822,11554816
22203,90939392
17012,69677056
22675,92872704
24890,101945344
22266,91197440
308,1257472
22229,91045888
18263,74801152
11861,48578560
16273,66650112
20385,83492864
3461,14172160
25038,102551552
17286,70799360
12114,49614848
6288,25751552
8162,33427456
3339,13672448
16281,66682880
751,3072000
22732,93106176
6388,26161152
15103,61857792
23490,96210944
19732,80818176
21254,87052288
7468,30584832
25380,103952384
17388,71217152
17276,70758400
6346,25989120
16527,67690496
4306,17633280
11949,48939008
4609,18874368
17351,71065600
730,2985984
10520,43085824
11958,48975872
26076,106803200
1542,6311936
4712,19296256
8971,36741120
6298,25792512
3466,14192640
9023,36954112
15626,64000000
23234,95162368
19826,81203200
11167,45735936
7898,32346112
21918,89772032
14712,60256256
6161,25231360
6257,25624576
3907,15998976
7527,30826496
2939,12034048
21889,89653248
11396,46673920
22806,93409280
19253,78856192
8279,33906688
6822,27938816
15140,62009344
15733,64438272
130,528384
26036,106639360
15212,62304256
11882,48664576
10839,44392448
23638,96817152
18766,76861440
696,2846720
21067,86286336
24692,101134336
7119,29155328
17711,72540160
3557,14565376
19843,81272832
10585,43352064
9850,40341504
5690,23302144
21092,86388736
7961,32604160
3616,14807040
8264,33845248
4707,19275776
24765,101433344
14703,60219392
16378,67080192
21553,88276992
25490,104402944
1762,7213056
1262,5165056
13614,55758848
14741,60375040
15972,65417216
12434,50925568
21443,87826432
686,2805760
20376,83456000
1226,5017600
1299,5316608
20258,82972672
7004,28684288
24572,100642816
10948,44838912
13350,54677504
18553,75988992
10149,41566208
18230,74665984
13792,56487936
3944,16150528
8429,34521088
14462,59232256
13909,56967168
20599,84369408
12696,51998720
19122,78319616
17212,70496256
17312,70905856
23403,95854592
18272,74838016
17439,71426048
13944,57110528
2412,9875456
8786,35983360
20036,82063360
24825,101679104
5922,24252416
13607,55730176
23990,98258944
3625,14843904
4092,16756736
16044,65712128
21447,87842816
18685,76529664
12846,52613120
20646,84561920
5854,23973888
24089,98664448
23487,96198656
11048,45248512
21435,87793664
25563,104701952
10592,43380736
22280,91254784
9666,39587840
10798,44224512
18932,77541376
8753,35848192
11356,46510080
22726,93081600
8929,36569088
22190,90886144
3537,14483456
747,3055616
18227,74653696
22193,90898432
17021,69713920
2516,10301440
17937,73465856
5986,24514560
21786,89231360
15485,63422464
12336,50524160
26197,107298816
25862,105926656
7654,31346688
10355,42409984
20073,82214912
11126,45568000
7047,28860416
11788,48279552
19693,80658432
12837,52576256
24669,101040128
8846,36229120
25743,105439232
9249,37879808
3863,15818752
6214,25448448
7731,31662080
23517,96321536
17070,69914624
24501,100352000
2930,11997184
20552,84176896
3574,14635008
12100,49557504
1751,7168000
17441,71434240
8918,36524032
7298,29888512
10708,43855872
2330,9539584
4313,17661952
3004,12300288
11038,45207552
25590,104812544
13312,54521856
11123,45555712
3689,15106048
16315,66822144
3679,15065088
3097,12681216
8262,33837056
4143,16965632
3238,13258752
15301,62668800
23844,97660928
15895,65101824
4294,17584128
2598,10637312
1230,5033984
24673,101056512
17902,73322496
13716,56176640
23831,97607680
9261,37928960
2788,11415552
15136,61992960
12149,49758208
15984,65466368
17492,71643136
24442,100110336
1183,4841472
3931,16097280
9435,38641664
19086,78172160
2020,8269824
13189,54018048
863,3530752
6356,26030080
7185,29425664
13744,56291328
3506,14356480
18274,74846208
2293,9388032
9065,37126144
794,3248128
6758,27676672
7948,32550912
14306,58593280
6979,28581888
26102,106909696
11557,47333376
18805,77021184
8736,35778560
5296,21688320
9122,37359616
24767,101441536
5798,23744512
8073,33062912
19806,81121280
15167,62119936
11317,46350336
19105,78249984
19841,81264640
13243,54239232
11461,46940160
16528,67694592
15664,64155648
4041,16547840
25879,105996288
22401,91750400
2270,9293824
23195,95002624
22996,94187520
14149,57950208
21742,89051136
5049,20676608
19741,80855040
7732,31666176
14935,61169664
24194,99094528
14202,58167296
2181,8929280
11227,45981696
8586,35164160
22412,91795456
11200,45871104
22029,90226688
3805,15581184
15945,65306624
24920,102068224
2432,9957376
20600,84373504
9836,40284160
19495,79847424
24916,102051840
9236,37826560
20477,83869696
20559,84205568
18049,73924608
15765,64569344
26213,107364352
2946,12062720
4109,16826368
8683,35561472
16955,69443584
14732,60338176
10250,41979904
11597,47497216
2170,8884224
19354,79269888
7503,30728192
14562,59641856
25126,102912000
23699,97067008
6150,25186304
19675,80584704
13099,53649408
19621,80363520
2505,10256384
2107,8626176
13047,53436416
16120,66023424
24199,99115008
15942,65294336
7308,29929472
23312,95481856
19341,79216640
18546,75960320
1139,4661248
5949,24363008
19548,80064512
10404,42610688
7502,30724096
10966,44912640
17924,73412608
8101,33177600
19502,79876096
21716,88944640
11679,47833088
11795,48308224
11751,48128000
19303,79060992
14461,59228160
17447,71458816
4551,18636800
12182,49893376
5937,24313856
20867,85467136
18606,76206080
10684,43757568
19394,79433728
1559,6381568
12952,53047296
19087,78176256
4500,18427904
303,1236992
2756,11284480
6048,24768512
17153,70254592
13900,56930304
15558,63721472
530,2166784
11839,48488448
13286,54415360
19416,79523840
8558,35049472
25466,104304640
21017,86081536
11013,45105152
19775,80994304
3964,16232448
5636,23080960
21698,88870912
20450,83759104
6333,25935872
6303,25812992
26058,106729472
25104,102821888
22684,92909568
24585,100696064
13913,56983552
8617,35291136
12517,51265536
10053,41172992
13222,54153216
3848,15757312
393,1605632
22320,91418624
20227,82845696
7743,31711232
9416,38563840
2686,10997760
23070,94490624
23961,98140160
5026,20582400
14611,59842560
6265,25657344
24374,99831808
21037,86163456
10046,41144320
7687,31481856
24238,99274752
19169,78512128
778,3182592
458,1871872
5857,23986176
6060,24817664
7342,30068736
21679,88793088
14750,60411904
3462,14176256
8511,34856960
12088,49508352
7461,30556160
13258,54300672
2620,10727424
13734,56250368
25445,104218624
13768,56389632
18816,77066240
21410,87691264
6506,26644480
782,3198976
6266,25661440
3484,14266368
23591,96624640
20851,85401600
26020,106573824
14817,60686336
4145,16973824
8454,34623488
21007,86040576
14140,57913344
11325,46383104
19783,81027072
1719,7036928
8313,34045952
17988,73674752
5676,23244800
5885,24100864
19490,79826944
19480,79785984
8427,34512896
24964,102248448
4896,20049920
7319,29974528
9360,38334464
11252,46084096
4656,19066880
19102,78237696
22509,92192768
6248,25587712
12300,50376704
24140,98873344
10048,41152512
15244,62435328
14093,57720832
21842,89460736
12007,49176576
25930,106205184
13854,56741888
18709,76627968
22945,93978624
84,339968
22227,91037696
5973,24461312
25234,103354368
25422,104124416
6220,25473024
12380,50704384
12191,49930240
23757,97304576
13054,53465088
21096,86405120
16475,67477504
5022,20566016
2017,8257536
25093,102776832
6311,25845760
17719,72572928
22105,90537984
9297,38076416
17161,70287360
10055,41181184
14714,60264448
3894,15945728
495,2023424
16197,66338816
10436,42741760
2937,12025856
17138,70193152
18422,75452416
1073,4390912
10197,41762816
26136,107048960
25798,105664512
22372,91631616
22482,92082176
17723,72589312
10972,44937216
12254,50188288
5794,23728128
10884,44576768
2492,10203136
9730,39849984
18303,74964992
12470,51073024
3808,15593472
12313,50429952
12225,50069504
18238,74698752
19413,79511552
22194,90902528
23347,95625216
20377,83460096
1791,7331840
4819,19734528
5965,24428544
24335,99672064
7787,31891456
1932,7909376
3388,13873152
11922,48828416
17198,70438912
7374,30199808
9369,38371328
6906,28282880
6281,25722880
22064,90370048
7259,29728768
12798,52416512
11880,48656384
13353,54689792
24312,99577856
23512,96301056
2655,10870784
6413,26263552
13823,56614912
2987,12230656
5995,24551424
26249,107511808
6315,25862144
2354,9637888
5705,23363584
4971,20357120
20160,82571264
24855,101801984
2259,9248768
24315,99590144
7051,28876800
19494,79843328
21528,88174592
4409,18055168
4285,17547264
10756,44052480
8931,36577280
14945,61210624
11614,47566848
16295,66740224
9206,37703680
6134,25120768
14772,60502016
17809,72941568
10958,44879872
891,3645440
16237,66502656
24317,99598336
16918,69292032
11553,47316992
9348,38285312
2594,10620928
17738,72650752
23924,97988608
10411,42639360
4795,19636224
6924,28356608
19052,78032896
19047,78012416
13924,57028608
11680,47837184
20366,83415040
1154,4722688
24956,102215680
11532,47230976
12911,52879360
13954,57151488
18378,75272192
11350,46485504
6756,27668480
24347,99721216
24921,102072320
21520,88141824
25734,105402368
12423,50880512
15956,65351680
3379,13836288
9014,36917248
2565,10502144
22024,90206208
6319,25878528
10102,41373696
25193,103186432
21131,86548480
10017,41025536
6850,28053504
14902,61034496
1058,4329472
22169,90800128
19448,79654912
20399,83550208
15484,63418368
19015,77881344
16504,67596288
17667,72359936
13659,55943168
9460,38744064
8391,34365440
24183,99049472
3983,16310272
16757,68632576
12036,49295360
22283,91267072
16732,68530176
26302,107728896
16327,66871296
15230,62377984
25179,103129088
24876,101888000
14510,59428864
10747,44015616
9151,37478400
18181,74465280
25185,103153664
8125,33275904
12754,52236288
23892,97857536
14939,61186048
9037,37011456
17698,72486912
23594,96636928
25456,104263680
8899,36446208
17638,72241152
23635,96804864
17235,70590464
16935,69361664
6056,24801280
12888,52785152
4578,18747392
21086,86364160
18428,75476992
16386,67112960
6431,26337280
6783,27779072
21400,87650304
12711,52060160
19360,79294464
13850,56725504
9947,40738816
12950,53039104
19980,81833984
18533,75907072
14663,60055552
24688,101117952
3930,16093184
10544,43184128
619,2531328
4805,19677184
17764,72757248
23371,95723520
14909,61063168
8606,35246080
20482,83890176
7027,28778496
8974,36753408
7368,30175232
22762,93229056
21388,87601152
10274,42078208
19269,78921728
22143,90693632
21892,89665536
13149,53854208
14529,59506688
2551,10444800
504,2060288
19142,78401536
2988,12234752
6322,25890816
17691,72458240
13300,54472704
11159,45703168
25478,104353792
18472,75657216
19117,78299136
6009,24608768
25191,103178240
9969,40828928
9909,40583168
16708,68431872
25322,103714816
3866,15831040
26257,107544576
14968,61304832
20334,83283968
9755,39952384
13432,55013376
12603,51617792
18053,73940992
15329,62783488
8894,36425728
4108,16822272
24147,98902016
2609,10682368
16586,67932160
6621,27115520
4503,18440192
26037,106643456
10891,44605440
21649,88670208
14092,57716736
11036,45199360
9591,39280640
17680,72413184
7841,32112640
6971,28549120
6269,25673728
8903,36462592
2280,9334784
11417,46759936
25060,102641664
22087,90464256
15087,61792256
20837,85344256
5634,23072768
12310,50417664
17585,72024064
12674,51908608
16369,67043328
9045,37044224
25533,104579072
31,122880
11545,47284224
7174,29380608
26151,107110400
8377,34308096
4144,16969728
15645,64077824
21158,86659072
9948,40742912
6162,25235456
19721,80773120
4731,19374080
9506,38932480
22880,93712384
5859,23994368
21378,87560192
20702,84791296
9942,40718336
9280,38006784
8155,33398784
16598,67981312
24145,98893824
10306,42209280
13687,56057856
20903,85614592
8737,35782656
16222,66441216
21547,88252416
2217,9076736
13477,55197696
11276,46182400
15739,64462848
8806,36065280
11912,48787456
19101,78233600
1327,5431296
13543,55468032
21006,86036480
10593,43384832
5471,22405120
20909,85639168
24676,101068800
22751,93184000
12308,50409472
2209,9043968
7028,28782592
18893,77381632
20386,83496960
11342,46452736
3412,13971456
7059,28909568
25458,104271872
26281,107642880
24630,100880384
18717,76660736
24997,102383616
22869,93667328
17265,70713344
25769,105545728
22737,93126656
2608,10678272
21682,88805376
20219,82812928
6364,26062848
6123,25075712
8816,36106240
2979,12197888
6903,28270592
8150,33378304
22322,91426816
17318,70930432
16733,68534272
4683,19177472
8352,34205696
14351,58777600
9380,38416384
22592,92532736
20311,83189760
22465,92012544
18160,74379264
14301,58572800
5088,20836352
8144,33353728
221,901120
19083,78159872
10394,42569728
25465,104300544
3531,14458880
7764,31797248
4982,20402176
8395,34381824
2317,9486336
16852,69021696
22042,90279936
7162,29331456
11657,47742976
18967,77684736
15158,62083072
8182,33509376
8932,36581376
24027,98410496
4213,17252352
20901,85606400
5456,22343680
23556,96481280
5070,20762624
5631,23060480
675,2760704
14637,59949056
227,925696
4367,17883136
3655,14966784
1151,4710400
19819,81174528
5177,21200896
8464,34664448
15838,64868352
5468,22392832
15894,65097728
12874,52727808
7568,30994432
17406,71290880
5997,24559616
23085,94552064
25500,104443904
24725,101269504
18876,77312000
4661,19087360
18604,76197888
25223,103309312
9254,37900288
1359,5562368
14508,59420672
16465,67436544
20263,82993152
25674,105156608
17755,72720384
1400,5730304
25669,105136128
1370,5607424
26156,107130880
20723,84877312
7774,31838208
13437,55033856
2394,9801728
10759,44064768
25180,103133184
20454,83775488
18087,74080256
21221,86917120
16791,68771840
19308,79081472
14814,60674048
18667,76455936
5970,24449024
25775,105570304
5713,23396352
7916,32419840
20174,82628608
24506,100372480
12559,51437568
8717,35700736
5763,23601152
7771,31825920
4944,20246528
17926,73420800
2504,10252288
21756,89108480
20261,82984960
9762,39981056
2751,11264000
9917,40615936
25821,105758720
12954,53055488
22438,91901952
18054,73945088
24973,102285312
22694,92950528
20410,83595264
12773,52314112
621,2539520
12283,50307072
13284,54407168
12687,51961856
7747,31727616
11029,45170688
20731,84910080
6853,28065792
1076,4403200
255,1040384
9972,40841216
17905,73334784
539,2203648
24570,100634624
16857,69042176
5740,23506944
19454,79679488
11832,48459776
22935,93937664
23084,94547968
21948,89894912
3951,16179200
21557,88293376
16803,68820992
7313,29949952
3295,13492224
22366,91607040
13776,56422400
15833,64847872
2632,10776576
23535,96395264
18432,75493376
19479,79781888
8153,33390592
789,3227648
2782,11390976
21225,86933504
8436,34549760
10551,43212800
16191,66314240
7779,31858688
2799,11460608
17190,70406144
19493,79839232
9220,37761024
20580,84291584
25222,103305216
23558,96489472
15859,64954368
4626,18944000
16103,65953792
17948,73510912
12564,51458048
8388,34353152
9073,37158912
8559,35053568
2443,10002432
16441,67338240
12328,50491392
12371,50667520
23916,97955840
13673,56000512
25513,104497152
3632,14872576
23395,95821824
2162,8851456
16600,67989504
24222,99209216
20323,83238912
1345,5505024
552,2256896
2485,10174464
14117,57819136
17091,70000640
19807,81125376
8799,36036608
21783,89219072
5776,23654400
22348,91533312
15555,63709184
129,524288
18951,77619200
17384,71200768
24213,99172352
9242,37851136
5113,20938752
8906,36474880
5303,21716992
26170,107188224
22914,93851648
17401,71270400
17237,70598656
405,1654784
490,2002944
21552,88272896
11303,46292992
1193,4882432
3592,14708736
20514,84021248
16716,68464640
8329,34111488
16849,69009408
8548,35008512
14494,59363328
1861,7618560
16715,68460544
5609,22970368
574,2347008
6770,27725824
7426,30412800
17442,71438336
14473,59277312
1471,6021120
10875,44539904
1175,4808704
2581,10567680
14904,61042688
3839,15720448
23024,94302208
336,1372160
25446,104222720
10259,42016768
12494,51171328
6815,27910144
12017,49217536
11192,45838336
24824,101675008
8274,33886208
5514,22581248
19281,78970880
21028,86126592
26068,106770432
24936,102133760
737,3014656
10119,41443328
15340,62828544
10738,43978752
25855,105897984
15090,61804544
12249,50167808
21957,89931776
21779,89202688
25487,104390656
20456,83783680
5509,22560768
18229,74661888
19770,80973824
4542,18599936
25652,105066496
9834,40275968
7171,29368320
14985,61374464
12390,50745344
20281,83066880
16094,65916928
25912,106131456
22769,93257728
1980,8105984
17600,72085504
12189,49922048
5929,24281088
25679,105177088
12420,50868224
23570,96538624
21544,88240128
8202,33591296
8543,34988032
3035,12427264
3641,14909440
7672,31420416
14883,60956672
1614,6606848
18519,75849728
4160,17035264
5535,22667264
5500,22523904
4336,17756160
9284,38023168
18122,74223616
24221,99205120
6290,25759744
19035,77963264
15693,64274432
24654,100978688
25980,106409984
14310,58609664
16186,66293760
7019,28745728
7061,28917760
24862,101830656
11281,46202880
15891,65085440
25042,102567936
13009,53280768
1108,4534272
21955,89923584
26086,106844160
4087,16736256
9031,36986880
18062,73977856
21710,88920064
20814,85250048
22345,91521024
7146,29265920
11163,45719552
24272,99414016
17094,70012928
5579,22847488
24410,99979264
19723,80781312
10729,43941888
12324,50475008
15953,65339392
3753,15368192
6775,27746304
6751,27648000
17195,70426624
10325,42287104
11171,45752320
21506,88084480
8956,36679680
20625,84475904
5748,23539712
11429,46809088
12832,52555776
8741,35799040
7785,31883264
17036,69775360
4659,19079168
2006,8212480
1018,4165632
3421,14008320
13866,56791040
22931,93921280
12431,50913280
12575,51503104
15002,61444096
17128,70152192
24413,99991552
7572,31010816
12177,49872896
13570,55578624
22940,93958144
14509,59424768
15381,62996480
19634,80416768
23300,95432704
3001,12288000
10336,42332160
4698,19238912
25224,103313408
13848,56717312
21950,89903104
8208,33615872
3812,15609856
21722,88969216
839,3432448
18652,76394496
6328,25915392
10883,44572672
2212,9056256
4376,17920000
18686,76533760
9418,38572032
17963,73572352
19140,78393344
1724,7057408
17121,70123520
3252,13316096
24776,101478400
20444,83734528
8933,36585472
6876,28160000
21411,87695360
10460,42840064
21087,86368256
7530,30838784
22214,90984448
10391,42557440
4784,19591168
14668,60076032
25540,104607744
1823,7462912
14580,59715584
24689,101122048
5708,23375872
2263,9265152
20995,85991424
18081,74055680
13852,56733696
8802,36048896
10655,43638784
671,2744320
14062,57593856
11,40960
10514,43061248
24258,99356672
6337,25952256
16999,69623808
23404,95858688
13610,55742464
18708,76623872
18499,75767808
4316,17674240
13623,55795712
11360,46526464
10846,44421120
25711,105308160
25248,103411712
11092,45428736
8864,36302848
10425,42696704
1971,8069120
25549,104644608
11401,46694400
6480,26537984
19046,78008320
5612,22982656
20199,82731008
3978,16289792
5689,23298048
1091,4464640
8141,33341440
20495,83943424
3406,13946880
236,962560
3979,16293888
7571,31006720
13878,56840192
7009,28704768
8036,32911360
9164,37531648
1138,4657152
16861,69058560
5396,22097920
23751,97280000
20233,82870272
20051,82124800
12154,49778688
3820,15642624
1563,6397952
15081,61767680
8253,33800192
24196,99102720
2508,10268672
14798,60608512
7040,28831744
22321,91422720
14957,61259776
4051,16588800
5721,23429120
25621,104939520
18650,76386304
1090,4460544
10997,45039616
16533,67715072
1675,6856704
14887,60973056
4329,17727488
17616,72151040
19476,79769600
6183,25321472
10832,44363776
10187,41721856
24709,101203968
16924,69316608
15005,61456384
889,3637248
21620,88551424
21081,86343680
26016,106557440
9084,37203968
338,1380352
16457,67403776
24638,100913152
5121,20971520
26248,107507712
12923,52928512
15870,64999424
18913,77463552
16124,66039808
15352,62877696
14521,59473920
5895,24141824
11319,46358528
26308,107753472
1334,5459968
16013,65585152
566,2314240
24873,101875712
6893,28229632
18973,77709312
5270,21581824
17594,72060928
6619,27107328
12404,50802688
19659,80519168
17932,73445376
15006,61460480
9094,37244928
16661,68239360
1033,4227072
10231,41902080
25771,105553920
5047,20668416
15249,62455808
3778,15470592
5203,21307392
20075,82223104
10810,44273664
22933,93929472
4391,17981440
10453,42811392
3056,12513280
25304,103641088
882,3608576
25117,102875136
24707,101195776
2125,8699904
5407,22142976
15576,63795200
3301,13516800
23305,95453184
11107,45490176
18445,75546624
22252,91140096
18847,77193216
3532,14462976
10725,43925504
16100,65941504
23720,97153024
15401,63078400
14896,61009920
25469,104316928
4093,16760832
1879,7692288
17622,72175616
19672,80572416
14126,57856000
6467,26484736
6330,25923584
16066,65802240
9827,40247296
9539,39067648
6169,25264128
2113,8650752
19798,81088512
10497,42991616
6335,25944064
14844,60796928
15297,62652416
14402,58986496
22728,93089792
1313,5373952
22561,92405760
8256,33812480
1554,6361088
14245,58343424
2121,8683520
21339,87400448
4088,16740352
12610,51646464
9519,38985728
7458,30543872
13713,56164352
5743,23519232
2366,9687040
10444,42774528
20472,83849216
25318,103698432
16922,69308416
5889,24117248
201,819200
9740,39890944
14873,60915712
20568,84242432
12145,49741824
956,3911680
10105,41385984
8070,33050624
24543,100524032
13510,55332864
20660,84619264
20736,84930560
24526,100454400
11659,47751168
5865,24018944
19452,79671296
15360,62910464
9822,40226816
1803,7380992
23465,96108544
16074,65835008
8904,36466688
8842,36212736
26025,106594304
14377,58884096
8984,36794368
10480,42921984
23883,97820672
18733,76726272
714,2920448
12992,53211136
1635,6692864
632,2584576
5372,21999616
15968,65400832
2924,11972608
9399,38494208
11299,46276608
20229,82853888
21588,88420352
24665,101023744
17939,73474048
13262,54317056
20276,83046400
3094,12668928
17003,69640192
11739,48078848
1174,4804608
26272,107606016
22276,91238400
10212,41824256
14979,61349888
16850,69013504
20982,85938176
15668,64172032
2736,11202560
7890,32313344
11698,47910912
15478,63393792
414,1691648
14648,59994112
12964,53096448
2759,11296768
19902,81514496
8866,36311040
17008,69660672
20204,82751488
19653,80494592
8541,34979840
18342,75124736
15251,62464000
25923,106176512
10462,42848256
19289,79003648
16619,68067328
24865,101842944
25455,104259584
15652,64106496
21200,86831104
6416,26275840
7317,29966336
5160,21131264
7812,31993856
21167,86695936
6880,28176384
1301,5324800
4915,20127744
26073,106790912
7330,30019584
9603,39329792
13865,56786944
7964,32616448
21399,87646208
7404,30322688
14388,58929152
17617,72155136
18842,77172736
6911,28303360
8039,32923648
16937,69369856
24341,99696640
15750,64507904
6369,26083328
24268,99397632
4700,19247104
14118,57823232
22162,90771456
19619,80355328
20348,83341312
6702,27447296
16480,67497984
23177,94928896
19607,80306176
17026,69734400
8637,35373056
26130,107024384
19364,79310848
8777,35946496
19771,80977920
21319,87318528
2907,11902976
14266,58429440
15,57344
203,827392
6387,26157056
21188,86781952
22219,91004928
7268,29765632
3651,14950400
10070,41242624
20539,84123648
19903,81518592
10270,42061824
14676,60108800
20680,84701184
10030,41078784
5338,21860352
24588,100708352
21415,87711744
11721,48005120
10409,42631168
1753,7176192
950,3887104
24208,99151872
773,3162112
22795,93364224
20566,84234240
2618,10719232
18782,76926976
6173,25280512
1192,4878336
18244,74723328
7283,29827072
27,106496
19342,79220736
25137,102957056
7409,30343168
1709,6995968
65,262144
14769,60489728
24280,99446784
25718,105336832
7030,28790784
13355,54697984
7229,29605888
23554,96473088
7987,32710656
25650,105058304
18615,76242944
2748,11251712
16572,67874816
1897,7766016
19602,80285696
7255,29712384
19704,80703488
9161,37519360
7075,28975104
9642,39489536
5543,22700032
5301,21708800
14801,60620800
23236,95170560
24573,100646912
11586,47452160
7440,30470144
15651,64102400
1480,6057984
24277,99434496
13556,55521280
8284,33927168
11189,45826048
11732,48050176
10584,43347968
1787,7315456
15907,65150976
5035,20619264
14738,60362752
9944,40726528
16521,67665920
8827,36151296
10142,41537536
5587,22880256
19946,81694720
18136,74280960
22196,90910720
375,1531904
1304,5337088
5339,21864448
21103,86433792
18875,77307904
10456,42823680
10305,42205184
16252,66564096
8797,36028416
18640,76345344
18225,74645504
21312,87289856
1368,5599232
11215,45932544
8104,33189888
8855,36265984
18179,74457088
4505,18448384
14874,60919808
14260,58404864
1317,5390336
19623,80371712
13311,54517760
19161,78479360
23600,96661504
21953,89915392
19749,80887808
24254,99340288
9593,39288832
8370,34279424
21268,87109632
21837,89440256
18473,75661312
4502,18436096
12179,49881088
26209,107347968
16670,68276224
17522,71766016
4686,19189760
26226,107417600
20370,83431424
3784,15495168
21027,86122496
25630,104976384
12056,49377280
2642,10817536
3746,15339520
5522,22614016
11979,49061888
9986,40898560
12077,49463296
2647,10838016
17643,72261632
5688,23293952
25227,103325696
22013,90161152
23888,97841152
19009,77856768
1965,8044544
8550,35016704
10157,41598976
23825,97583104
11388,46641152
22734,93114368
5038,20631552
4047,16572416
14838,60772352
23139,94773248
4066,16650240
451,1843200
25818,105746432
3788,15511552
3158,12931072
13278,54382592
12760,52260864
5542,22695936
6166,25251840
18780,76918784
3127,12804096
14891,60989440
23238,95178752
2400,9826304
21501,88064000
24108,98742272
18205,74563584
7486,30658560
637,2605056
15675,64200704
20708,84815872
760,3108864
17886,73256960
3209,13139968
2558,10473472
7868,32223232
14608,59830272
20447,83746816
25594,104828928
14489,59342848
6080,24899584
5680,23261184
25154,103026688
3169,12976128
16846,68997120
12243,50143232
16304,66777088
21628,88584192
8400,34402304
20713,84836352
10050,41160704
15217,62324736
17209,70483968
9927,40656896
17358,71094272
1726,7065600
20615,84434944
1340,5484544
3418,13996032
23977,98205696
9322,38178816
3628,14856192
20640,84537344
7538,30871552
16966,69488640
15698,64294912
21827,89399296
26122,106991616
24733,101302272
610,2494464
21629,88588288
21162,86675456
6655,27254784
14639,59957248
24332,99659776
9355,38313984
15117,61915136
15104,61861888
10400,42594304
16907,69246976
8012,32813056
12489,51150848
20115,82386944
13590,55660544
24769,101449728
24074,98603008
21872,89583616
24565,100614144
25793,105644032
25253,103432192
19519,79945728
17039,69787648
16766,68669440
320,1306624
10282,42110976
15134,61984768
19450,79663104
1649,6750208
10675,43720704
6336,25948160
2498,10227712
15650,64098304
23249,95223808
21391,87613440
593,2424832
23840,97644544
23193,94994432
2303,9428992
22844,93564928
21545,88244224
3441,14090240
25937,106233856
26051,106700800
6187,25337856
19449,79659008
5387,22061056
18359,75194368
11338,46436352
14304,58585088
26216,107376640
4838,19812352
25854,105893888
17254,70668288
2671,10936320
12744,52195328
3509,14368768
9339,38248448
4296,17592320
25603,104865792
11841,48496640
16427,67280896
23396,95825920
24550,100552704
2515,10297344
21565,88326144
21327,87351296
19163,78487552
6520,26701824
21145,86605824
23334,95571968
17900,73314304
14347,58761216
16235,66494464
10504,43020288
4426,18124800
1379,5644288
19085,78168064
16543,67756032
20187,82681856
8605,35241984
17244,70627328
20643,84549632
352,1437696
23381,95764480
21093,86392832
19880,81424384
223,909312
1843,7544832
781,3194880
8383,34332672
9006,36884480
12886,52776960
25626,104960000
2590,10604544
11852,48541696
23166,94883840
17637,72237056
13599,55697408
4722,19337216
9542,39079936
25112,102854656
6721,27525120
764,3125248
6907,28286976
19584,80211968
2583,10575872
3314,13570048
16930,69341184
7187,29433856
4453,18235392
374,1527808
20761,85032960
1805,7389184
3333,13647872
22205,90947584
16379,67084288
10465,42860544
17086,69980160
838,3428352
17069,69910528
3853,15777792
23910,97931264
16019,65609728
10639,43573248
4792,19623936
4713,19300352
7408,30339072
13484,55226368
371,1515520
952,3895296
16811,68853760
1384,5664768
22157,90750976
15786,64655360
21797,89276416
6909,28295168
3021,12369920
22800,93384704
12256,50196480
19572,80162816
14802,60624896
6437,26361856
19915,81567744
21644,88649728
17694,72470528
4439,18178048
18729,76709888
1979,8101888
16535,67723264
23856,97710080
384,1568768
23331,95559680
15101,61849600
9774,40030208
5311,21749760
2384,9760768
15716,64368640
13575,55599104
318,1298432
13566,55562240
3816,15626240
13045,53428224
25760,105508864
12250,50171904
26233,107446272
12079,49471488
13267,54337536
5802,23760896
7863,32202752
26169,107184128
7657,31358976
16460,67416064
24083,98639872
6459,26451968
25663,105111552
12066,49418240
5033,20611072
25838,105828352
18250,74747904
25584,104787968
24300,99528704
24911,102031360
12981,53166080
18936,77557760
19042,77991936
294,1200128
6557,26853376
8134,33312768
11357,46514176
12969,53116928
17608,72118272
25536,104591360
11043,45228032
20562,84217856
5563,22781952
18028,73838592
3976,16281600
11829,48447488
3502,14340096
6179,25305088
11891,48701440
2727,11165696
13630,55824384
20184,82669568
25356,103854080
23111,94658560
15776,64614400
14697,60194816
14057,57573376
1041,4259840
1361,5570560
16837,68960256
11536,47247360
19571,80158720
26179,107225088
24640,100921344
9439,38658048
11066,45322240
5438,22269952
3994,16355328
5393,22085632
18219,74620928
3337,13664256
16873,69107712
10492,42971136
11256,46100480
3479,14245888
3050,12488704
25039,102555648
23253,95240192
2610,10686464
12726,52121600
5513,22577152
25000,102395904
20496,83947520
2773,11354112
18059,73965568
1204,4927488
11086,45404160
12170,49844224
7676,31436800
23964,98152448
14752,60420096
23241,95191040
5951,24371200
25336,103772160
9020,36941824
7704,31551488
21708,88911872
26150,107106304
4116,16855040
1416,5795840
1435,5873664
4753,19464192
7399,30302208
6849,28049408
312,1273856
24045,98484224
18439,75522048
21850,89493504
13559,55533568
2763,11313152
19888,81457152
21876,89600000
15098,61837312
10210,41816064
13342,54644736
17577,71991296
59,237568
11673,47808512
22096,90501120
17731,72622080
15740,64466944
5330,21827584
11361,46530560
8686,35573760
23526,96358400
4091,16752640
14252,58372096
9253,37896192
24899,101982208
2368,9695232
11269,46153728
15488,63434752
13269,54345728
8483,34742272
26306,107745280
25354,103845888
24162,98963456
16030,65654784
16983,69558272
11900,48738304
6673,27328512
10247,41967616
5780,23670784
24627,100868096
17718,72568832
7500,30715904
17813,72957952
4061,16629760
8003,32776192
21599,88465408
5772,23638016
1095,4481024
23224,95121408
285,1163264
10599,43409408
8678,35540992
5960,24408064
4717,19316736
14654,60018688
8504,34828288
15701,64307200
8355,34217984
6819,27926528
17379,71180288
22812,93433856
23054,94425088
19377,79364096
14675,60104704
9222,37769216
17986,73666560
14644,59977728
18660,76427264
22080,90435584
7470,30593024
24309,99565568
1940,7942144
23987,98246656
24114,98766848
16312,66809856
3852,15773696
22499,92151808
4557,18661376
6210,25432064
9915,40607744
18620,76263424
16524,67678208
1586,6492160
21036,86159360
11386,46632960
6923,28352512
20045,82100224
16518,67653632
10503,43016192
21727,88989696
4690,19206144
5856,23982080
13112,53702656
3968,16248832
18352,75165696
19776,80998400
10559,43245568
6301,25804800
528,2158592
169,688128
16902,69226496
24982,102322176
4347,17801216
15148,62042112
9782,40062976
26116,106967040
4470,18305024
19188,78589952
15204,62271488
20050,82120704
19056,78049280
21295,87220224
6611,27074560
4746,19435520
19551,80076800
16290,66719744
14632,59928576
22402,91754496
23750,97275904
9428,38612992
25752,105476096
17747,72687616
6652,27242496
2867,11739136
11840,48492544
4167,17063936
23564,96514048
10148,41562112
1143,4677632
24948,102182912
6436,26357760
7551,30924800
1507,6168576
11514,47157248
11620,47591424
21988,90058752
17880,73232384
18282,74878976
17464,71528448
529,2162688
22005,90128384
4085,16728064
24623,100851712
18704,76607488
25157,103038976
17540,71839744
3243,13279232
23058,94441472
8024,32862208
15596,63877120
10155,41590784
9726,39833600
25067,102670336
10440,42758144
14054,57561088
19058,78057472
23196,95006720
2719,11132928
21484,87994368
2885,11812864
17644,72265728
20362,83398656
6471,26501120
25597,104841216
11901,48742400
9725,39829504
22131,90644480
20656,84602880
15260,62500864
19153,78446592
21551,88268800
25782,105598976
7891,32317440
25087,102752256
13988,57290752
19301,79052800
16783,68739072
20021,82001920
16234,66490368
8910,36491264
5784,23687168
4323,17702912
1702,6967296
6645,27213824
15188,62205952
21136,86568960
4218,17272832
11774,48222208
3289,13467648
20893,85573632
2225,9109504
13471,55173120
7376,30208000
2537,10387456
21491,88023040
10766,44093440
16623,68083712
15540,63647744
25939,106242048
13423,54976512
4165,17055744
10501,43008000
24978,102305792
9812,40185856
13103,53665792
24633,100892672
16917,69287936
22582,92491776
9556,39137280
20266,83005440
20027,82026496
8218,33656832
1029,4210688
1068,4370432
10850,44437504
24391,99901440
20549,84164608
19780,81014784
4501,18432000
21046,86200320
4148,16986112
24274,99422208
25440,104198144
2184,8941568
25503,104456192
24480,100265984
7698,31526912
10496,42987520
19521,79953920
3770,15437824
12612,51654656
1862,7622656
15686,64245760
19543,80044032
1744,7139328
2681,10977280
15416,63139840
6789,27803648
8555,35037184
5731,23470080
1975,8085504
9095,37249024
8175,33480704
18855,77225984
5733,23478272
22034,90247168
4011,16424960
25151,103014400
4461,18268160
16424,67268608
5299,21700608
14181,58081280
941,3850240
15682,64229376
19922,81596416
4793,19628032
12567,51470336
22543,92332032
5023,20570112
18772,76886016
5272,21590016
665,2719744
19160,78475264
15041,61603840
22309,91373568
22160,90763264
14628,59912192
5722,23433216
19132,78360576
22575,92463104
5831,23879680
2870,11751424
10370,42471424
23277,95338496
13973,57229312
12368,50655232
19945,81690624
15710,64344064
15015,61497344
19662,80531456
1159,4743168
7454,30527488
13419,54960128
4939,20226048
25347,103817216
22286,91279360
25077,102711296
22775,93282304
19425,79560704
15866,64983040
20642,84545536
17470,71553024
15749,64503808
23620,96743424
22253,91144192
10063,41213952
18590,76140544
21351,87449600
14834,60755968
22197,90914816
11602,47517696
18363,75210752
3057,12517376
3486,14274560
5197,21282816
17958,73551872
22037,90259456
17487,71622656
17342,71028736
20371,83435520
25159,103047168
20535,84107264
3498,14323712
3173,12992512
15771,64593920
11407,46718976
22151,90726400
6357,26034176
11895,48717824
13333,54607872
4232,17330176
19423,79552512
1325,5423104
6018,24645632
345,1409024
23791,97443840
9247,37871616
18862,77254656
22306,91361280
22506,92180480
10902,44650496
9350,38293504
5329,21823488
9307,38117376
18992,77787136
4831,19783680
13562,55545856
7355,30121984
26062,106745856
26046,106680320
13197,54050816
19957,81739776
20529,84082688
15119,61923328
3487,14278656
11274,46174208
16132,66072576
2111,8642560
19432,79589376
21638,88625152
14125,57851904
13612,55750656
15342,62836736
26261,107560960
15043,61612032
11529,47218688
25404,104050688
5921,24248320
19438,79613952
4666,19107840
2826,11571200
15546,63672320
8001,32768000
113,458752
8941,36618240
15476,63385600
19486,79810560
24963,102244352
23029,94322688
6028,24686592
9918,40620032
4721,19333120
10882,44568576
5813,23805952
13844,56700928
14318,58642432
16469,67452928
25648,105050112
18448,75558912
24443,100114432
21231,86958080
23596,96645120
20608,84406272
8441,34570240
18440,75526144
2820,11546624
17863,73162752
7345,30081024
17951,73523200
16644,68169728
23667,96935936
19100,78229504
5211,21340160
6490,26578944
2307,9445376
11749,48119808
15999,65527808
21580,88387584
17136,70184960
15317,62734336
970,3969024
2026,8294400
16137,66093056
24248,99315712
2851,11673600
11755,48144384
13115,53714944
71,286720
19339,79208448
14467,59252736
13624,55799808
3908,16003072
12008,49180672
15605,63913984
20181,82657280
14044,57520128
15227,62365696
11177,45776896
3993,16351232
6653,27246592
3819,15638528
5968,24440832
3474,14225408
22230,91049984
15812,64761856
25946,106270720
5079,20799488
13391,54845440
10087,41312256
12233,50102272
16714,68456448
7878,32264192
20134,82464768
719,2940928
8327,34103296
6517,26689536
9807,40165376
17215,70508544
15708,64335872
2227,9117696
21355,87465984
13586,55644160
11684,47853568
2738,11210752
21806,89313280
18866,77271040
24088,98660352
15844,64892928
1276,5222400
10126,41472000
9130,37392384
9368,38367232
22019,90185728
4239,17358848
24546,100536320
9825,40239104
12199,49963008
11010,45092864
668,2732032
8402,34410496
7762,31789056
21286,87183360
10936,44789760
7384,30240768
17362,71110656
12683,51945472
25551,104652800
19695,80666624
12924,52932608
9626,39424000
14646,59985920
8089,33128448
25881,106004480
25444,104214528
4952,20279296
5638,23089152
16471,67461120
8674,35524608
21946,89886720
85,344064
20357,83378176
25747,105455616
23386,95784960
18607,76210176
23860,97726464
5537,22675456
7656,31354880
8915,36511744
6869,28131328
23858,97718272
18270,74829824
21755,89104384
15387,63021056
9310,38129664
21477,87965696
12693,51986432
1075,4399104
11735,48062464
12025,49250304
13855,56745984
20653,84590592
7553,30932992
11610,47550464
14261,58408960
12748,52211712
7160,29323264
1034,4231168
11697,47906816
2179,8921088
5580,22851584
18870,77287424
10091,41328640
978,4001792
7869,32227328
18803,77012992
1754,7180288
24215,99180544
16720,68481024
5027,20586496
9208,37711872
22991,94167040
4478,18337792
17765,72761344
22735,93118464
8919,36528128
1380,5648384
331,1351680
8078,33083392
6568,26898432
3633,14876672
17834,73043968
17772,72790016
17016,69693440
17666,72355840
4738,19402752
998,4083712
14346,58757120
19079,78143488
13798,56512512
14927,61136896
14913,61079552
12755,52240384
14886,60968960
13500,55291904
18071,74014720
22863,93642752
24492,100315136
5045,20660224
12621,51691520
11190,45830144
16942,69390336
5814,23810048
89,360448
2222,9097216
15423,63168512
19092,78196736
5159,21127168
462,1888256
9574,39211008
18041,73891840
11803,48340992
18031,73850880
22781,93306880
259,1056768
17486,71618560
8570,35098624
14813,60669952
20983,85942272
6375,26107904
3882,15896576
21252,87044096
2142,8769536
7215,29548544
17953,73531392
13995,57319424
18243,74719232
1084,4435968
3618,14815232
16946,69406720
561,2293760
15130,61968384
12768,52293632
6556,26849280
25170,103092224
20509,84000768
5607,22962176
18442,75534336
13830,56643584
23532,96382976
5756,23572480
8892,36417536
20358,83382272
18273,74842112
18371,75243520
20659,84615168
8462,34656256
2968,12152832
26139,107061248
14063,57597952
6121,25067520
19023,77914112
24579,100671488
14024,57438208
13237,54214656
23076,94515200
6127,25092096
10419,42672128
25975,106389504
16289,66715648
4817,19726336
4115,16850944
21473,87949312
20350,83349504
14275,58466304
13390,54841344
22699,92971008
25450,104239104
4725,19349504
990,4050944
11237,46022656
7860,32190464
8074,33067008
24064,98562048
13780,56438784
14071,57630720
21685,88817664
17971,73605120
24190,99078144
5799,23748608
7337,30048256
25755,105488384
1941,7946240
23233,95158272
26100,106901504
23893,97861632
20804,85209088
14984,61370368
15020,61517824
7276,29798400
9215,37740544
6472,26505216
10220,41857024
16703,68411392
19580,80195584
24369,99811328
11864,48590848
12109,49594368
6888,28209152
23213,95076352
5102,20893696
6175,25288704
9199,37675008
3970,16257024
4280,17526784
19268,78917632
4331,17735680
21834,89427968
15836,64860160
26242,107483136
1467,6004736
7941,32522240
7150,29282304
7728,31649792
22405,91766784
3921,16056320
15473,63373312
3593,14712832
10538,43159552
25056,102625280
2078,8507392
7689,31490048
22552,92368896
24503,100360192
17964,73576448
17815,72966144
11575,47407104
17101,70041600
4932,20197376
20058,82153472
5029,20594688
22026,90214400
15400,63074304
12903,52846592
12537,51347456
6365,26066944
3338,13668352
10026,41062400
17041,69795840
11104,45477888
1706,6983680
14123,57843712
20223,82829312
14855,60841984
23068,94482432
2785,11403264
18235,74686464
372,1519616
735,3006464
5017,20545536
12686,51957760
8763,35889152
7433,30441472
1678,6868992
24310,99569664
6976,28569600
24279,99442688
12552,51408896
20007,81944576
8404,34418688
9008,36892672
2220,9089024
5236,21442560
20519,84041728
230,937984
13527,55402496
4220,17281024
25588,104804352
7172,29372416
23982,98226176
11638,47665152
4573,18726912
7974,32657408
7666,31395840
18116,74199040
2888,11825152
6074,24875008
20585,84312064
1266,5181440
13824,56619008
16470,67457024
17683,72425472
21994,90083328
13016,53309440
22842,93556736
25511,104488960
2147,8790016
1169,4784128
8379,34316288
7561,30965760
2978,12193792
6313,25853952
9965,40812544
19829,81215488
3146,12881920
2881,11796480
17960,73560064
3090,12652544
23356,95662080
24131,98836480
12782,52350976
7584,31059968
24146,98897920
13134,53792768
14349,58769408
14155,57974784
14439,59138048
5979,24485888
13685,56049664
17201,70451200
22702,92983296
4585,18776064
6695,27418624
16878,69128192
19321,79134720
22520,92237824
25359,103866368
21975,90005504
15884,65056768
3264,13365248
23291,95395840
26320,107802624
23686,97013760
16568,67858432
18790,76959744
9448,38694912
14002,57348096
103,417792
11816,48394240
1573,6438912
17520,71757824
26106,106926080
16660,68235264
7296,29880320
8348,34189312
7388,30257152
21409,87687168
6987,28614656
18822,77090816
21480,87977984
6879,28172288
5869,24035328
20910,85643264
21275,87138304
20317,83214336
7225,29589504
24574,100651008
25254,103436288
13226,54169600
2254,9228288
13428,54996992
23615,96722944
13932,57061376
3518,14405632
6249,25591808
932,3813376
7547,30908416
362,1478656
676,2764800
10866,44503040
4164,17051648
21651,88678400
7854,32165888
24448,100134912
8872,36335616
19399,79454208
21505,88080384
6202,25399296
4627,18948096
14749,60407808
14575,59695104
8346,34181120
15186,62197760
22865,93650944
10754,44044288
11921,48824320
24244,99299328
10987,44998656
25580,104771584
23417,95911936
6059,24813568
20146,82513920
11513,47153152
13959,57171968
4185,17137664
10171,41656320
9075,37167104
2036,8335360
12920,52916224
1558,6377472
17316,70922240
23549,96452608
5491,22487040
2175,8904704
16675,68296704
5288,21655552
17864,73166848
5597,22921216
21576,88371200
2145,8781824
18074,74027008
14569,59670528
13176,53964800
22527,92266496
14362,58822656
14409,59015168
22502,92164096
3469,14204928
15954,65343488
16400,67170304
9379,38412288
2251,9216000
20172,82620416
24165,98975744
13255,54288384
18337,75104256
20419,83632128
5687,23289856
25130,102928384
8113,33226752
183,745472
18574,76075008
10546,43192320
25671,105144320
18675,76488704
7638,31281152
24646,100945920
12640,51769344
13070,53530624
13379,54796288
9313,38141952
22298,91328512
6270,25677824
13260,54308864
23372,95727616
25527,104554496
13483,55222272
19395,79437824
7359,30138368
21322,87330816
7545,30900224
7926,32460800
18846,77189120
9266,37949440
15149,62046208
20674,84676608
7152,29290496
13156,53882880
22528,92270592
9933,40681472
17349,71057408
7537,30867456
21909,89735168
1130,4624384
24134,98848768
15962,65376256
17079,69951488
21640,88633344
6513,26673152
16657,68222976
4053,16596992
229,933888
1812,7417856
16820,68890624
21890,89657344
15337,62816256
20669,84656128
19270,78925824
4922,20156416
19982,81842176
22180,90845184
2676,10956800
22460,91992064
612,2502656
8449,34603008
20873,85491712
8922,36540416
16206,66375680
10968,44920832
23583,96591872
10082,41291776
4319,17686528
4481,18350080
19162,78483456
16392,67137536
8815,36102144
1099,4497408
7715,31596544
25552,104656896
25358,103862272
8491,34775040
12665,51871744
14175,58056704
16284,66695168
9315,38150144
16974,69521408
11367,46555136
9759,39968768
14743,60383232
14597,59785216
5431,22241280
3981,16302080
8209,33619968
24390,99897344
3296,13496320
4059,16621568
5307,21733376
9700,39727104
1746,7147520
22123,90611712
17004,69644288
22240,91090944
4905,20086784
16858,69046272
1311,5365760
9192,37646336
9888,40497152
12222,50057216
24257,99352576
11099,45457408
6143,25157632
20256,82964480
19583,80207872
8172,33468416
24291,99491840
15918,65196032
10044,41136128
2055,8413184
5222,21385216
9138,37425152
17207,70475776
12282,50302976
12156,49786880
21648,88666112
3639,14901248
890,3641344
21861,89538560
24269,99401728
11625,47611904
25052,102608896
23917,97959936
888,3633152
14391,58941440
10519,43081728
21674,88772608
10254,41996288
3658,14979072
3355,13737984
8914,36507648
21838,89444352
9928,40660992
3756,15380480
3187,13049856
12650,51810304
17810,72945664
24513,100401152
6827,27959296
19323,79142912
2896,11857920
14930,61149184
567,2318336
12738,52170752
452,1847296
21673,88768512
23296,95416320
35,139264
10317,42254336
13935,57073664
257,1048576
14339,58728448
112,454656
8824,36139008
10886,44584960
21857,89522176
2240,9170944
2986,12226560
9710,39768064
8988,36810752
12267,50241536
20927,85712896
23410,95883264
20067,82190336
20191,82698240
4565,18694144
3901,15974400
26005,106512384
19896,81489920
20996,85995520
23882,97816576
18802,77008896
10677,43728896
23448,96038912
4881,19988480
26091,106864640
12703,52027392
267,1089536
6772,27734016
20972,85897216
2171,8888320
17204,70463488
25705,105283584
11369,46563328
25070,102682624
11426,46796800
18110,74174464
23168,94892032
11631,47636480
19702,80695296
11643,47685632
17934,73453568
3170,12980224
14336,58716160
11054,45273088
19816,81162240
14607,59826176
22801,93388800
7439,30466048
25431,104161280
4408,18051072
1031,4218880
18695,76570624
22645,92749824
19629,80396288
7100,29077504
15899,65118208
2871,11755520
18406,75386880
19697,80674816
2932,12005376
1818,7442432
3521,14417920
3567,14606336
11667,47783936
834,3411968
25030,102518784
18528,75886592
20727,84893696
19503,79880192
15648,64090112
4255,17424384
25520,104525824
9559,39149568
4985,20414464
13564,55554048
20018,81989632
25385,103972864
20827,85303296
24265,99385344
15522,63574016
10446,42782720
15209,62291968
22421,91832320
16360,67006464
19536,80015360
79,319488
23215,95084544
6014,24629248
5840,23916544
9367,38363136
19256,78868480
658,2691072
20564,84226048
471,1925120
11647,47702016
23147,94806016
25832,105803776
18453,75579392
14128,57864192
7338,30052352
421,1720320
24806,101601280
17350,71061504
3998,16371712
13151,53862400
8291,33955840
14109,57786368
25554,104665088
8321,34078720
8598,35213312
15718,64376832
17767,72769536
3829,15679488
5470,22401024
9520,38989824
25372,103919616
1788,7319552
3051,12492800
9223,37773312
4240,17362944
1618,6623232
20445,83738624
8782,35966976
22475,92053504
12232,50098176
22098,90509312
25713,105316352
18923,77504512
2784,11399168
25921,106168320
15714,64360448
1582,6475776
9400,38498304
11644,47689728
13837,56672256
21658,88707072
16112,65990656
15769,64585728
5942,24334336
17906,73338880
5461,22364160
12702,52023296
13950,57135104
19239,78798848
16574,67883008
4172,17084416
12501,51200000
24836,101724160
1046,4280320
23736,97218560
2457,10059776
9156,37498880
3793,15532032
16638,68145152
8654,35442688
21279,87154688
20517,84033536
5666,23203840
18761,76840960
123,499712
18324,75051008
17654,72306688
25847,105865216
4170,17076224
5541,22691840
19568,80146432
21025,86114304
1318,5394432
13302,54480896
23427,95952896
17407,71294976
16599,67985408
75,303104
8081,33095680
12659,51847168
25741,105431040
3702,15159296
26137,107053056
25706,105287680
13691,56074240
25664,105115648
12485,51134464
25876,105984000
8210,33624064
11588,47460352
3258,13340672
19168,78508032
20380,83472384
13420,54964224
20573,84262912
16308,66793472
23408,95875072
17917,73383936
5503,22536192
5855,23977984
6712,27488256
11287,46227456
7669,31408128
23428,95956992
15856,64942080
7694,31510528
17274,70750208
20141,82493440
6318,25874432
18443,75538432
7393,30277632
9579,39231488
18045,73908224
26023,106586112
18597,76169216
16627,68100096
18444,75542528
9080,37187584
19144,78409728
10693,43794432
12836,52572160
14805,60637184
6747,27631616
1595,6529024
18534,75911168
7154,29298688
2005,8208384
4955,20291584
6817,27918336
17236,70594560
16864,69070848
9706,39751680
6075,24879104
17687,72441856
13486,55234560
15045,61620224
4545,18612224
13335,54616064
11207,45899776
2191,8970240
24048,98496512
11277,46186496
18795,76980224
145,589824
6518,26693632
5482,22450176
4233,17334272
22831,93511680
3838,15716352
4787,19603456
4266,17469440
17321,70942720
19707,80715776
23509,96288768
1954,7999488
10760,44068864
23597,96649216
9114,37326848
23212,95072256
2010,8228864
26017,106561536
5004,20492288
219,892928
21082,86347776
20313,83197952
24388,99889152
25578,104763392
22898,93786112
17158,70275072
19618,80351232
20356,83374080
6675,27336704
4813,19709952
10993,45023232
17513,71729152
1016,4157440
15300,62664704
21290,87199744
8546,35000320
8451,34611200
9534,39047168
12377,50692096
3184,13037568
12139,49717248
14250,58363904
22300,91336704
161,655360
2231,9134080
9025,36962304
24022,98390016
11362,46534656
18293,74924032
13602,55709696
23353,95649792
16891,69181440
21135,86564864
5602,22941696
7944,32534528
13712,56160256
976,3993600
8879,36364288
24652,100970496
7343,30072832
25272,103510016
20107,82354176
19120,78311424
24397,99926016
12604,51621888
17110,70078464
26186,107253760
10013,41009152
21844,89468928
11681,47841280
21811,89333760
20792,85159936
22494,92131328
3279,13426688
11138,45617152
6592,26996736
17910,73355264
12936,52981760
7473,30605312
7508,30748672
14626,59904000
15745,64487424
1682,6885376
15273,62554112
25745,105447424
8019,32841728
23444,96022528
9749,39927808
20883,85532672
20606,84398080
19522,79958016
8883,36380672
15008,61468672
19664,80539648
9441,38666240
19316,79114240
17395,71245824
19225,78741504
6194,25366528
5679,23257088
18654,76402688
3870,15847424
14307,58597376
13661,55951360
3336,13660160
21598,88461312
10301,42188800
18320,75034624
24457,100171776
15248,62451712
3081,12615680
13339,54632448
18078,74043392
8620,35303424
2530,10358784
3676,15052800
12639,51765248
15129,61964288
2798,11456512
7776,31846400
21173,86720512
8568,35090432
5148,21082112
15868,64991232
11418,46764032
18773,76890112
14679,60121088
21180,86749184
25776,105574400
12305,50397184
13062,53497856
5939,24322048
21368,87519232
4314,17666048
24643,100933632
26196,107294720
5650,23138304
11507,47128576
12978,53153792
24420,100020224
804,3289088
22610,92606464
7827,32055296
21437,87801856
23768,97349632
19768,80965632
15463,63332352
14135,57892864
3626,14848000
14550,59592704
505,2064384
17619,72163328
7870,32231424
1223,5005312
13518,55365632
350,1429504
16989,69582848
25683,105193472
20280,83062784
15231,62382080
13377,54788096
11817,48398336
5107,20914176
3906,15994880
11723,48013312
10156,41594880
17925,73416704
15975,65429504
6597,27017216
12626,51712000
11857,48562176
13872,56815616
12917,52903936
12315,50438144
15322,62754816
8646,35409920
16002,65540096
15201,62259200
3340,13676544
564,2306048
24026,98406400
2532,10366976
23150,94818304
17396,71249920
21762,89133056
25986,106434560
20586,84316160
8224,33681408
4480,18345984
14933,61161472
11847,48521216
5639,23093248
17597,72073216
19006,77844480
16866,69079040
14789,60571648
15068,61714432
4048,16576512
15339,62824448
15126,61952000
21870,89575424
5225,21397504
2051,8396800
22081,90439680
15520,63565824
5774,23646208
16264,66613248
11465,46956544
12275,50274304
5002,20484096
14973,61325312
12378,50696192
17381,71188480
22410,91787264
6126,25088000
20716,84848640
23828,97595392
2595,10625024
11967,49012736
755,3088384
4401,18022400
6694,27414528
10310,42225664
18637,76333056
17168,70316032
1502,6148096
16288,66711552
3884,15904768
10980,44969984
12197,49954816
21812,89337856
15774,64606208
21606,88494080
10874,44535808
9959,40787968
4364,17870848
10507,43032576
3638,14897152
22866,93655040
6974,28561408
16370,67047424
1250,5115904
11873,48627712
26265,107577344
21044,86192128
18971,77701120
9034,36999168
3334,13651968
26096,106885120
3736,15298560
369,1507328
15811,64757760
7348,30093312
9517,38977536
2483,10166272
22819,93462528
25265,103481344
4993,20447232
9162,37523456
12871,52715520
13828,56635392
19656,80506880
16316,66826240
11807,48357376
24957,102219776
5849,23953408
24451,100147200
20886,85544960
12408,50819072
5670,23220224
9913,40599552
9760,39972864
18896,77393920
12999,53239808
1603,6561792
19348,79245312
2599,10641408
4247,17391616
22765,93241344
15671,64184320
20677,84688896
23966,98160640
7759,31776768
16727,68509696
11709,47955968
6843,28024832
17860,73150464
24123,98803712
12167,49831936
16073,65830912
4588,18788352
3961,16220160
24002,98308096
5880,24080384
18070,74010624
4541,18595840
22430,91869184
23026,94310400
25414,104091648
2477,10141696
16856,69038080
21880,89616384
18744,76771328
12959,53075968
13044,53424128
2419,9904128
13439,55042048
11232,46002176
7448,30502912
4846,19845120
5777,23658496
5375,22011904
6612,27078656
6951,28467200
743,3039232
24008,98332672
23017,94273536
24106,98734080
598,2445312
19917,81575936
7748,31731712
20417,83623936
8912,36499456
13810,56561664
1401,5734400
22744,93155328
1698,6950912
25229,103333888
18671,76472320
23259,95264768
21555,88285184
5626,23040000
7573,31014912
24197,99106816
10410,42635264
23641,96829440
6691,27402240
16650,68194304
439,1794048
21264,87093248
21024,86110208
5271,21585920
9170,37556224
17761,72744960
17602,72093696
456,1863680
2117,8667136
276,1126400
2214,9064448
15066,61706240
828,3387392
14337,58720256
7142,29249536
19555,80093184
20118,82399232
8236,33730560
7767,31809536
10870,44519424
23845,97665024
17176,70348800
22937,93945856
6737,27590656
942,3854336
17135,70180864
18001,73728000
11260,46116864
11301,46284800
14116,57815040
3100,12693504
8720,35713024
8467,34676736
18885,77348864
6027,24682496
9088,37220352
24188,99069952
4865,19922944
16909,69255168
17572,71970816
18725,76693504
22685,92913664
23483,96182272
7365,30162944
23907,97918976
11616,47575040
24569,100630528
19665,80543744
5204,21311488
12945,53018624
5725,23445504
25984,106426368
18217,74612736
23914,97947648
17820,72986624
23795,97460224
9032,36990976
18617,76251136
12527,51306496
3751,15360000
21951,89907200
16633,68124672
12461,51036160
18055,73949184
6295,25780224
7587,31072256
13245,54247424
9523,39002112
25845,105857024
18935,77553664
11809,48365568
14978,61345792
17185,70385664
12216,50032640
22733,93110272
21452,87863296
16904,69234688
14549,59588608
11179,45785088
9148,37466112
10123,41459712
10604,43429888
7332,30027776
20035,82059264
378,1544192
10199,41771008
2712,11104256
6697,27426816
317,1294336
813,3325952
13580,55619584
9076,37171200
13317,54542336
4522,18518016
23819,97558528
14210,58200064
14888,60977152
21581,88391680
8425,34504704
10911,44687360
6598,27021312
8718,35704832
4377,17924096
21047,86204416
580,2371584
25319,103702528
2253,9224192
23092,94580736
1566,6410240
6414,26267648
17944,73494528
25591,104816640
19507,79896576
20526,84070400
2952,12087296
5723,23437312
6163,25239552
13292,54439936
22441,91914240
14737,60358656
18608,76214272
15275,62562304
6230,25513984
14154,57970688
8518,34885632
20426,83660800
18835,77144064
18037,73875456
16445,67354624
8112,33222656
1333,5455872
4295,17588224
24748,101363712
6677,27344896
21739,89038848
1066,4362240
3007,12312576
22244,91107328
17163,70295552
10365,42450944
24447,100130816
17966,73584640
11242,46043136
7815,32006144
13475,55189504
13466,55152640
26289,107675648
21495,88039424
14380,58896384
6958,28495872
14870,60903424
16331,66887680
15831,64839680
16216,66416640
24499,100343808
24721,101253120
16118,66015232
11368,46559232
8229,33701888
25403,104046592
2008,8220672
23476,96153600
5861,24002560
9893,40517632
8067,33038336
151,614400
8982,36786176
17053,69844992
18398,75354112
25452,104247296
4710,19288064
4706,19271680
4259,17440768
19709,80723968
14680,60125184
15840,64876544
7620,31207424
15524,63582208
4301,17612800
5434,22253568
11542,47271936
11304,46297088
6125,25083904
16550,67784704
23879,97804288
23138,94769152
7177,29392896
20186,82677760
1695,6938624
18023,73818112
6572,26914816
17994,73699328
10706,43847680
24856,101806080
5262,21549056
11378,46600192
21467,87924736
34,135168
14847,60809216
9769,40009728
17458,71503872
25411,104079360
7236,29634560
6156,25210880
5233,21430272
8435,34545664
17155,70262784
7817,32014336
6832,27979776
15203,62267392
6585,26968064
17231,70574080
23086,94556160
3732,15282176
24353,99745792
16632,68120576
18976,77721600
18354,75173888
22411,91791360
5506,22548480
4504,18444288
6860,28094464
15311,62709760
10568,43282432
12062,49401856
21043,86188032
11825,48431104
7300,29896704
17997,73711616
18593,76152832
3790,15519744
6778,27758592
3912,16019456
12318,50450432
12732,52146176
979,4005888
7431,30433280
24216,99184640
24247,99311616
22293,91308032
3218,13176832
16713,68452352
7447,30498816
13977,57245696
131,532480
1410,5771264
17609,72122368
12069,49430528
20751,84992000
11275,46178304
4487,18374656
16361,67010560
10263,42033152
10991,45015040
12652,51818496
10095,41345024
6664,27291648
11354,46501888
8349,34193408
15062,61689856
26188,107261952
7068,28946432
18635,76324864
11910,48779264
9495,38887424
12825,52527104
16051,65740800
20421,83640320
7872,32239616
23857,97714176
18825,77103104
11779,48242688
25074,102699008
15281,62586880
14685,60145664
19424,79556608
20844,85372928
13917,56999936
5154,21106688
12934,52973568
23808,97513472
11984,49082368
19290,79007744
2413,9879552
18188,74493952
23538,96407552
15631,64020480
4358,17846272
1704,6975488
20336,83292160
869,3555328
17709,72531968
6650,27234304
18621,76267520
19336,79196160
499,2039808
9794,40112128
11331,46407680
14365,58834944
22715,93036544
2771,11345920
24697,101154816
13074,53547008
8986,36802560
13720,56193024
16088,65892352
126,512000
14074,57643008
17759,72736768
12286,50319360
7312,29945856
6551,26828800
20304,83161088
7883,32284672
4052,16592896
15044,61616128
5432,22245376
25075,102703104
8138,33329152
18382,75288576
474,1937408
16099,65937408
26119,106979328
25329,103743488
11567,47374336
10534,43143168
8848,36237312
13158,53891072
7291,29859840
2584,10579968
16005,65552384
14564,59650048
3791,15523840
3564,14594048
14141,57917440
2804,11481088
18139,74293248
18747,76783616
16302,66768896
21626,88576000
5738,23498752
25118,102879232
11047,45244416
14309,58605568
1997,8175616
5401,22118400
9190,37638144
11154,45682688
18719,76668928
20005,81936384
18018,73797632
22473,92045312
911,3727360
8306,34017280
13916,56995840
10215,41836544
9916,40611840
3608,14774272
23880,97808384
5282,21630976
7435,30449664
24814,101634048
25742,105435136
22976,94105600
4525,18530304
4760,19492864
25367,103899136
1339,5480448
4673,19136512
12927,52944896
3450,14127104
6151,25190400
2810,11505664
22353,91553792
15038,61591552
5695,23322624
14806,60641280
24662,101011456
14523,59482112
6711,27484160
25048,102592512
4697,19234816
8551,35020800
22878,93704192
4074,16683008
23398,95834112
4281,17530880
1059,4333568
21050,86216704
5807,23781376
23685,97009664
4079,16703488
12778,52334592
6468,26488832
2622,10735616
9462,38752256
19204,78655488
18292,74919936
8185,33521664
20832,85323776
20047,82108416
13942,57102336
6109,25018368
25779,105586688
14951,61235200
3455,14147584
21961,89948160
579,2367488
6207,25419776
10826,44339200
914,3739648
11323,46374912
6142,25153536
1854,7589888
18954,77631488
897,3670016
14187,58105856
23681,96993280
9072,37154816
3565,14598144
14530,59510784
15903,65134592
20072,82210816
20478,83873792
18278,74862592
19271,78929920
1483,6070272
17333,70991872
5410,22155264
6192,25358336
14850,60821504
8176,33484800
24795,101556224
548,2240512
15375,62971904
24240,99282944
5007,20504576
6578,26939392
10877,44548096
21774,89182208
26077,106807296
13375,54779904
18722,76681216
14584,59731968
15069,61718528
18823,77094912
6103,24993792
20028,82030592
10566,43274240
8798,36032512
2646,10833920
8434,34541568
11797,48316416
12617,51675136
12571,51486720
21675,88776704
8096,33157120
16745,68583424
13877,56836096
12090,49516544
6409,26247168
6515,26681344
11202,45879296
17045,69812224
25550,104648704
7378,30216192
13741,56279040
7663,31383552
5312,21753856
9538,39063552
12717,52084736
21068,86290432
22841,93552640
153,622592
745,3047424
14017,57409536
16602,67997696
17225,70549504
18659,76423168
6541,26787840
54,217088
7139,29237248
16159,66183168
7957,32587776
12221,50053120
16637,68141056
17833,73039872
9246,37867520
18521,75857920
11392,46657536
13043,53420032
3939,16130048
14698,60198912
10861,44482560
23659,96903168
6241,25559040
22519,92233728
11947,48930816
16834,68947968
6189,25346048
4006,16404480
13919,57008128
18564,76034048
23881,97812480
15848,64909312
15395,63053824
17005,69648384
9332,38219776
22476,92057600
25654,105074688
2688,11005952
6603,27041792
5629,23052288
9765,39993344
26089,106856448
15594,63868928
9119,37347328
1396,5713920
16048,65728512
13724,56209408
24069,98582528
8273,33882112
2982,12210176
4356,17838080
16621,68075520
557,2277376
15949,65323008
7808,31977472
19638,80433152
1392,5697536
8836,36188160
25721,105349120
995,4071424
16422,67260416
12679,51929088
16477,67485696
12021,49233920
12105,49577984
20890,85561344
20772,85078016
20917,85671936
11182,45797376
8861,36290560
15615,63954944
17579,71999488
25902,106090496
3514,14389248
20604,84389888
8014,32821248
20247,82927616
24845,101761024
96,389120
21735,89022464
23502,96260096
2105,8617984
16373,67059712
929,3801088
10075,41263104
13188,54013952
24874,101879808
1242,5083136
1759,7200768
11802,48336896
5877,24068096
15475,63381504
15176,62156800
23639,96821248
15307,62693376
1883,7708672
24926,102092800
18665,76447744
25773,105562112
464,1896448
15560,63729664
17996,73707520
7965,32620544
11568,47378432
21540,88223744
22109,90554368
99,401408
22363,91594752
5363,21962752
8976,36761600
8217,33652736
7971,32645120
16172,66236416
19988,81866752
14921,61112320
23884,97824768
18431,75489280
9989,40910848
469,1916928
22023,90202112
12522,51286016
712,2912256
16587,67936256
20737,84934656
10108,41398272
20040,82079744
16595,67969024
24938,102141952
3028,12398592
3348,13709312
17973,73613312
18775,76898304
21577,88375296
19019,77897728
8275,33890304
19121,78315520
20225,82837504
9891,40509440
23413,95895552
4179,17113088
25125,102907904
22961,94044160
13596,55685120
11243,46047232
20131,82452480
8534,34951168
11506,47124480
2085,8536064
25561,104693760
11708,47951872
14404,58994688
16269,66633728
15017,61505536
25780,105590784
16231,66478080
21140,86585344
21815,89350144
6717,27508736
677,2768896
8833,36175872
10323,42278912
13239,54222848
11968,49016832
20170,82612224
13036,53391360
22493,92127232
7113,29130752
19528,79982592
16187,66297856
13032,53374976
4075,16687104
17545,71860224
24882,101912576
24889,101941248
4474,18321408
22291,91299840
21519,88137728
14934,61165568
1061,4341760
4192,17166336
26260,107556864
14375,58875904
326,1331200
18630,76304384
11094,45436928
8927,36560896
12558,51433472
20251,82944000
14359,58810368
9949,40747008
12775,52322304
1283,5251072
21336,87388160
25007,102424576
21045,86196224
12803,52436992
11787,48275456
22461,91996160
17847,73097216
20543,84140032
19612,80326656
21094,86396928
19532,79998976
24253,99336192
394,1609728
5267,21569536
6332,25931776
22791,93347840
196,798720
12955,53059584
8276,33894400
15854,64933888
18304,74969088
19447,79650816
18718,76664832
17547,71868416
20235,82878464
23719,97148928
18065,73990144
15106,61870080
24099,98705408
4743,19423232
18417,75431936
7778,31854592
25616,104919040
171,696320
16382,67096576
1994,8163328
19040,77983744
7205,29507584
19736,80834560
1604,6565888
11186,45813760
19743,80863232
3118,12767232
9707,39755776
1179,4825088
2233,9142272
20518,84037632
13617,55771136
2931,12001280
7484,30650368
24902,101994496
6891,28221440
5219,21372928
5074,20779008
25545,104628224
6000,24571904
20527,84074496
15343,62840832
6393,26181632
3622,14831616
13681,56033280
19899,81502208
9936,40693760
17453,71483392
21397,87638016
6171,25272320
19048,78016512
25267,103489536
603,2465792
1758,7196672
2362,9670656
23103,94625792
8233,33718272
6454,26431488
11966,49008640
21532,88190976
17875,73211904
6002,24580096
4563,18685952
25094,102780928
4427,18128896
8272,33878016
14387,58925056
616,2519040
13225,54165504
6205,25411584
13958,57167872
5357,21938176
12922,52924416
4238,17354752
3297,13500416
13465,55148544
19113,78282752
3802,15568896
14416,59043840
1993,8159232
2352,9629696
11017,45121536
18741,76759040
6857,28082176
807,3301376
25331,103751680
22236,91074560
15661,64143360
4371,17899520
3483,14262272
26145,107085824
5637,23085056
3996,16363520
9889,40501248
167,679936
19133,78364672
15171,62136320
7379,30220288
13874,56823808
11046,45240320
5279,21618688
14826,60723200
13999,57335808
1206,4935680
1308,5353472
20157,82558976
9674,39620608
10181,41697280
23393,95813632
16771,68689920
4210,17240064
15761,64552960
2360,9662464
9897,40534016
11537,47251456
17534,71815168
3938,16125952
9920,40628224
21100,86421504
20031,82042880
517,2113536
23679,96985088
855,3497984
10159,41607168
5828,23867392
5195,21274624
1453,5947392
8723,35725312
18457,75595776
7592,31092736
19223,78733312
8669,35504128
1218,4984832
1778,7278592
2865,11730944
26276,107622400
18670,76468224
7578,31035392
23453,96059392
5948,24358912
24417,100007936
3088,12644352
25911,106127360
21202,86839296
786,3215360
4876,19968000
21732,89010176
3103,12705792
20159,82567168
6058,24809472
18447,75554816
10056,41185280
15065,61702144
7889,32309248
18454,75583488
10541,43171840
24039,98459648
26262,107565056
16591,67952640
24299,99524608
8390,34361344
9675,39624704
13148,53850112
21471,87941120
12080,49475584
14669,60080128
20114,82382848
11746,48107520
20962,85856256
25438,104189952
16624,68087808
22704,92991488
17983,73654272
19313,79101952
12207,49995776
16639,68149248
15911,65167360
10039,41115648
6870,28135424
3032,12414976
15196,62238720
7724,31633408
7446,30494720
6072,24866816
17425,71368704
14443,59154432
12061,49397760
7273,29786112
15775,64610304
15892,65089536
11330,46403584
10663,43671552
12907,52862976
21590,88428544
24879,101900288
4886,20008960
9393,38469632
12840,52588544
9436,38645760
2305,9437184
21406,87674880
2942,12046336
15902,65130496
21677,88784896
7237,29638656
18811,77045760
15465,63340544
11300,46280704
17672,72380416
22419,91824128
14729,60325888
7089,29032448
20605,84393984
7688,31485952
6638,27185152
25628,104968192
9419,38576128
4890,20025344
19134,78368768
16509,67616768
571,2334720
7541,30883840
9973,40845312
4892,20033536
24555,100573184
24029,98418688
25406,104058880
16547,67772416
9303,38100992
18040,73887744
1676,6860800
19789,81051648
10517,43073536
15676,64204800
16781,68730880
24992,102363136
24532,100478976
16688,68349952
13289,54427648
21308,87273472
6061,24821760
6784,27783168
22198,90918912
9595,39297024
14753,60424192
14060,57585664
376,1536000
10627,43524096
25480,104361984
10665,43679744
18115,74194944
15024,61534208
7231,29614080
23431,95969280
5328,21819392
24349,99729408
12424,50884608
19996,81899520
16478,67489792
5210,21336064
25875,105979904
1050,4296704
17839,73064448
11216,45936640
19871,81387520
19758,80924672
7973,32653312
21171,86712320
21753,89096192
15138,62001152
12960,53080064
12301,50380800
25187,103161856
15564,63746048
777,3178496
18783,76931072
6484,26554368
20360,83390464
11558,47337472
332,1355776
25757,105496576
14085,57688064
19031,77946880
1237,5062656
7723,31629312
12669,51888128
16793,68780032
18375,75259904
26162,107155456
6341,25968640
13923,57024512
22792,93351936
1448,5926912
2899,11870208
11181,45793280
7535,30859264
21619,88547328
1433,5865472
14129,57868288
15735,64446464
18890,77369344
21289,87195648
17586,72028160
18117,74203136
6753,27656192
9126,37376000
2600,10645504
10774,44126208
21974,90001408
22472,92041216
2663,10903552
4951,20275200
26234,107450368
9800,40136704
7838,32100352
1615,6610944
18496,75755520
23102,94621696
3263,13361152
8805,36061184
11494,47075328
10121,41451520
21740,89042944
5155,21110784
13253,54280192
3910,16011264
23109,94650368
7516,30781440
12091,49520640
6871,28139520
18788,76951552
22555,92381184
8158,33411072
2405,9846784
13026,53350400
22616,92631040
12595,51585024
11133,45596672
18017,73793536
23571,96542720
11421,46776320
12887,52781056
7362,30150656
21660,88715264
6550,26824704
815,3334144
21040,86175744
18212,74592256
24955,102211584
7474,30609408
14037,57491456
24462,100192256
16207,66379776
10975,44949504
5698,23334912
25244,103395328
24490,100306944
24001,98304000
24971,102277120
11460,46936064
25188,103165952
6338,25956352
20863,85450752
13067,53518336
12942,53006336
25836,105820160
21915,89759744
4136,16936960
18839,77160448
2665,10911744
25081,102727680
10168,41644032
4261,17448960
3955,16195584
16179,66265088
2541,10403840
10835,44376064
15412,63123456
25119,102883328
24293,99500032
24407,99966976
20340,83308544
8049,32964608
21513,88113152
13059,53485568
11239,46030848
19061,78069760
12126,49664000
17946,73502720
19989,81870848
11447,46882816
2473,10125312
15985,65470464
8775,35938304
22621,92651520
22117,90587136
13804,56537088
15124,61943808
2955,12099584
7668,31404032
23333,95567872
9575,39215104
8657,35454976
20238,82890752
2623,10739712
17878,73224192
14535,59531264
16437,67321856
8480,34729984
15142,62017536
19076,78131200
17567,71950336
24805,101597184
25546,104632320
10572,43298816
9251,37888000
16681,68321280
5848,23949312
19627,80388096
15194,62230528
8752,35844096
4512,18477056
11731,48046080
8068,33042432
20929,85721088
18141,74301440
26065,106758144
4208,17231872
21416,87715840
3190,13062144
5553,22740992
19300,79048704
10667,43687936
16195,66330624
6882,28184576
2199,9003008
19733,80822272
17991,73687040
1872,7663616
6688,27389952
25462,104288256
20389,83509248
25215,103276544
1514,6197248
2842,11636736
10989,45006848
25948,106278912
4110,16830464
7782,31870976
24491,100311040
13627,55812096
15312,62713856
19039,77979648
14206,58183680
5565,22790144
18844,77180928
9857,40370176
13842,56692736
2475,10133504
19884,81440768
10605,43433984
19863,81354752
12138,49713152
24612,100806656
15792,64679936
11125,45563904
2606,10670080
4078,16699392
3615,14802944
3984,16314368
9183,37609472
4867,19931136
11769,48201728
24983,102326272
15679,64217088
19784,81031168
9090,37228544
2853,11681792
13140,53817344
8963,36708352
8008,32796672
15790,64671744
3900,15970304
18215,74604544
14683,60137472
5457,22347776
12292,50343936
15703,64315392
18801,77004800
10284,42119168
24711,101212160
15170,62132224
18603,76193792
16876,69120000
43,172032
24807,101605376
12311,50421760
24327,99639296
11058,45289472
2098,8589312
4387,17965056
2973,12173312
20970,85889024
6744,27619328
24082,98635776
21879,89612288
19283,78979072
2667,10919936
11311,46325760
19392,79425536
2567,10510336
4850,19861504
22972,94089216
12649,51806208
392,1601536
16845,68993024
3136,12840960
26251,107520000
13351,54681600
10302,42192896
2847,11657216
9044,37040128
22,86016
25027,102506496
25981,106414080
5704,23359488
18588,76132352
8341,34160640
11245,46055424
17433,71401472
8322,34082816
5845,23937024
20441,83722240
6245,25575424
14941,61194240
23495,96231424
10386,42536960
487,1990656
9689,39682048
23047,94396416
24395,99917824
11942,48910336
1447,5922816
49,196608
10080,41283584
20038,82071552
5668,23212032
7389,30261248
24036,98447360
19578,80187392
18838,77156352
620,2535424
13052,53456896
16035,65675264
11617,47579136
14520,59469824
13591,55664640
25931,106209280
20504,83980288
15572,63778816
5930,24285184
4665,19103744
22150,90722304
3891,15933440
17592,72052736
20848,85389312
3925,16072704
22211,90972160
11528,47214592
13647,55894016
23211,95068160
12137,49709056
23724,97169408
20368,83423232
1650,6754304
18966,77680640
23124,94711808
334,1363968
15316,62730240
1004,4108288
22225,91029504
8671,35512320
13199,54059008
16000,65531904
258,1052672
25145,102989824
11936,48885760
22757,93208576
8191,33546240
9092,37236736
18618,76255232
2136,8744960
21687,88825856
7712,31584256
3304,13529088
7892,32321536
12341,50544640
15579,63807488
1216,4976640
7391,30269440
6521,26705920
15913,65175552
12914,52891648
16730,68521984
6554,26841088
19062,78073856
3730,15273984
7007,28696576
15472,63369216
4017,16449536
10918,44716032
17364,71118848
16625,68091904
1518,6213632
21692,88846336
3417,13991936
18072,74018816
13560,55537664
18863,77258752
17503,71688192
2879,11788288
416,1699840
24302,99536896
8184,33517568
22178,90836992
199,811008
2517,10305536
19925,81608704
3695,15130624
14487,59334656
9093,37240832
16401,67174400
7487,30662656
1691,6922240
18007,73752576
19293,79020032
12662,51859456
24871,101867520
728,2977792
21141,86589440
2481,10158080
18153,74350592
25005,102416384
17467,71540736
13996,57323520
16494,67555328
15931,65249280
10309,42221568
2292,9383936
6460,26456064
1133,4636672
8325,34095104
4443,18194432
19349,79249408
6302,25808896
2588,10596352
19136,78376960
9931,40673280
23261,95272960
20438,83709952
14043,57516032
2512,10285056
24995,102375424
21645,88653824
7466,30576640
1584,6483968
25934,106221568
10229,41893888
23367,95707136
24159,98951168
6067,24846336
12664,51867648
9064,37122048
12913,52887552
21035,86155264
16070,65818624
1648,6746112
2701,11059200
10921,44728320
18753,76808192
18681,76513280
6689,27394048
11480,47017984
15734,64442368
11140,45625344
4081,16711680
11476,47001600
4750,19451904
14342,58740736
15898,65114112
1386,5672960
2393,9797632
25562,104697856
2725,11157504
7542,30887936
18459,75603968
7141,29245440
12356,50606080
17306,70881280
9742,39899136
6344,25980928
17448,71462912
9830,40259584
21238,86986752
4138,16945152
8773,35930112
6545,26804224
1833,7503872
16610,68030464
16719,68476928
5623,23027712
6225,25493504
24918,102060032
5228,21409792
25328,103739392
15700,64303104
12473,51085312
15782,64638976
9635,39460864
11665,47775744
14378,58888192
24831,101703680
20935,85745664
20155,82550784
9545,39092224
23874,97783808
11605,47529984
20739,84942848
4493,18399232
21703,88891392
20108,82358272
19500,79867904
24355,99753984
17807,72933376
19907,81534976
8843,36216832
2859,11706368
22608,92598272
23329,95551488
3099,12689408
11703,47931392
62,249856
6627,27140096
2014,8245248
21337,87392256
195,794624
1477,6045696
2825,11567104
14704,60223488
20861,85442560
3922,16060416
7851,32153600
5466,22384640
14881,60948480
6908,28291072
4298,17600512
16785,68747264
24993,102367232
16080,65859584
389,1589248
7072,28962816
18655,76406784
23848,97677312
24906,102010880
15659,64135168
21395,87629824
11294,46256128
9532,39038976
20836,85340160
12746,52203520
1383,5660672
23125,94715904
9649,39518208
20497,83951616
18120,74215424
25419,104112128
23081,94535680
10601,43417600
4651,19046400
6232,25522176
10906,44666880
17366,71127040
11003,45064192
19063,78077952
15354,62885888
16468,67448832
8945,36634624
570,2330624
22113,90570752
22495,92135424
18297,74940416
14185,58097664
9549,39108608
17561,71925760
7809,31981568
24173,99008512
15157,62078976
10699,43819008
16419,67248128
8366,34263040
18883,77340672
23491,96215040
15744,64483328
4113,16842752
9371,38379520
3851,15769600
2221,9093120
6939,28418048
6182,25317376
20789,85147648
23217,95092736
6174,25284608
19363,79306752
1322,5410816
3177,13008896
22294,91312128
6995,28647424
3747,15343616
10024,41054208
22477,92061696
25228,103329792
17907,73342976
13507,55320576
15527,63594496
8457,34635776
20691,84746240
12704,52031488
4680,19165184
16091,65904640
14246,58347520
22228,91041792
6798,27840512
9783,40067072
20616,84439040
2864,11726848
17450,71471104
10528,43118592
23309,95469568
14816,60682240
18314,75010048
19315,79110144
3524,14430208
7647,31318016
21359,87482368
10010,40996864
16442,67342336
21233,86966272
17372,71151616
3682,15077376
3755,15376384
7110,29118464
20459,83795968
20950,85807104
925,3784704
23653,96878592
10141,41533440
24142,98881536
19947,81698816
6816,27914240
26121,106987520
12351,50585600
17300,70856704
20282,83070976
13413,54935552
12436,50933760
5280,21622784
1202,4919296
7823,32038912
2707,11083776
9106,37294080
3151,12902400
11585,47448064
1170,4788224
9492,38875136
13266,54333440
1772,7254016
17783,72835072
22060,90353664
12107,49586176
3298,13504512
10177,41680896
22871,93675520
21956,89927680
11030,45174784
2392,9793536
10885,44580864
19072,78114816
6623,27123712
10463,42852352
17112,70086656
4765,19513344
6679,27353088
7958,32591872
6692,27406336
13035,53387264
13847,56713216
15169,62128128
275,1122304
23101,94617600
2824,11563008
4065,16646144
17331,70983680
14546,59576320
7437,30457856
13017,53313536
2729,11173888
20253,82952192
21610,88510464
18356,75182080
5412,22163456
6234,25530368
10876,44544000
3092,12660736
24153,98926592
15969,65404928
5248,21491712
3039,12443648
2910,11915264
24552,100560896
26079,106815488
305,1245184
2876,11776000
17805,72925184
16228,66465792
11944,48918528
16332,66891776
17133,70172672
16045,65716224
2852,11677696
20773,85082112
3566,14602240
4824,19755008
21527,88170496
14739,60366848
11448,46886912
7282,29822976
18312,75001856
10596,43397120
25261,103464960
15861,64962560
26013,106545152
22003,90120192
1699,6955008
11845,48513024
10550,43208704
23790,97439744
7661,31375360
24779,101490688
8286,33935360
23891,97853440
4362,17862656
8794,36016128
5760,23588864
23894,97865728
7981,32686080
19524,79966208
3203,13115392
10848,44429312
5166,21155840
5910,24203264
21457,87883776
1228,5025792
18064,73986048
14258,58396672
5186,21237760
4855,19881984
3809,15597568
4759,19488768
5264,21557248
12637,51757056
4424,18116608
6699,27435008
13113,53706752
7976,32665600
3247,13295616
3130,12816384
3005,12304384
18941,77578240
12155,49782784
16135,66084864
11903,48750592
18720,76673024
13187,54009856
16726,68505600
21609,88506368
20889,85557248
22573,92454912
2333,9551872
22778,93294592
13922,57020416
11976,49049600
15189,62210048
12348,50573312
5888,24113152
10101,41369600
24962,102240256
3089,12648448
19211,78684160
1544,6320128
21229,86949888
12193,49938432
18032,73854976
13879,56844288
11510,47140864
25516,104509440
13684,56045568
2328,9531392
960,3928064
21924,89796608
10548,43200512
9279,38002688
6158,25219072
12271,50257920
4967,20340736
13109,53690368
15569,63766528
18928,77524992
26185,107249664
9645,39501824
24434,100077568
5924,24260608
25289,103579648
2749,11255808
1057,4325376
11520,47181824
25076,102707200
12490,51154944
12764,52277248
6983,28598272
14502,59396096
1977,8093696
11964,49000448
4204,17215488
4648,19034112
1771,7249920
382,1560576
4193,17170432
18433,75497472
3534,14471168
12146,49745920
1402,5738496
1010,4132864
22756,93204480
10244,41955328
7002,28676096
23718,97144832
16804,68825088
10457,42827776
7083,29007872
7065,28934144
2062,8441856
7451,30515200
190,774144
8458,34639872
19706,80711680
4345,17793024
1631,6676480
5796,23736320
1891,7741440
18261,74792960
22916,93859840
2119,8675328
4917,20135936
21549,88260608
21759,89120768
6052,24784896
25609,104890368
11037,45203456
4187,17145856
21667,88743936
22783,93315072
7844,32124928
1807,7397376
24564,100610048
22058,90345472
6806,27873280
8587,35168256
12004,49164288
8326,34099200
8850,36245504
11230,45993984
9459,38739968
23178,94932992
4520,18509824
5229,21413888
23821,97566720
6316,25866240
3871,15851520
25809,105709568
20544,84144128
8809,36077568
9797,40124416
7760,31780864
13859,56762368
24634,100896768
16298,66752512
2188,8957952
18318,75026432
13460,55128064
25668,105132032
2941,12042240
135,548864
8781,35962880
15590,63852544
6872,28143616
12865,52690944
4150,16994304
25968,106360832
26075,106799104
12235,50110464
5658,23171072
20629,84492288
22845,93569024
17385,71204864
6034,24711168
17413,71319552
18020,73805824
5862,24006656
6139,25141248
20661,84623360
25221,103301120
17990,73682944
7055,28893184
208,847872
19509,79904768
25914,106139648
5614,22990848
17186,70389760
17080,69955584
1844,7548928
22093,90488832
740,3026944
7857,32178176
14269,58441728
26177,107216896
24093,98680832
23505,96272384
18688,76541952
10869,44515328
7513,30769152
11569,47382528
20913,85655552
9166,37539840
9991,40919040
17690,72454144
5178,21204992
1355,5545984
4230,17321984
8771,35921920
7123,29171712
21883,89628672
17590,72044544
26153,107118592
11500,47099904
25996,106475520
25330,103747584
7696,31518720
2411,9871360
21039,86171648
5426,22220800
4535,18571264
19526,79974400
15205,62275584
24460,100184064
13770,56397824
5907,24190976
9661,39567360
8007,32792576
26207,107339776
9224,37777408
14824,60715008
24487,100294656
13066,53514240
19972,81801216
22653,92782592
10602,43421696
10160,41611264
23747,97263616
16443,67346432
7622,31215616
17077,69943296
7353,30113792
3215,13164544
7465,30572544
14474,59281408
9011,36904960
18401,75366400
733,2998272
9504,38924288
5496,22507520
7099,29073408
48,192512
3877,15876096
23008,94236672
23967,98164736
12448,50982912
10294,42160128
20799,85188608
20046,82104320
17214,70504448
23587,96608256
13102,53661696
24622,100847616
9856,40366080
11790,48287744
16519,67657728
6247,25583616
20587,84320256
26009,106528768
4435,18161664
25127,102916096
9178,37588992
5617,23003136
13692,56078336
5085,20824064
4620,18919424
1515,6201344
26141,107069440
26002,106500096
14192,58126336
9557,39141376
7730,31657984
9956,40775680
9042,37031936
25795,105652224
22216,90992640
17000,69627904
23774,97374208
6479,26533888
10821,44318720
8973,36749312
19613,80330752
19821,81182720
10606,43438080
24686,101109760
23451,96051200
21382,87576576
15146,62033920
20839,85352448
1465,5996544
2373,9715712
5232,21426176
16455,67395584
26205,107331584
2587,10592256
11233,46006272
21195,86810624
18877,77316096
837,3424256
9770,40013824
23863,97738752
18680,76509184
25915,106143744
10630,43536384
2110,8638464
25682,105189376
1799,7364608
21492,88027136
1701,6963200
5153,21102592
16049,65732608
25365,103890944
8556,35041280
13479,55205888
13998,57331712
10018,41029632
4050,16584704
2925,11976704
26287,107667456
19299,79044608
18092,74100736
1116,4567040
23348,95629312
3303,13524992
11722,48009216
21439,87810048
7044,28848128
14240,58322944
1425,5832704
1588,6500352
16692,68366336
13181,53985280
22325,91439104
13955,57155584
22605,92585984
9526,39014400
11715,47980544
19123,78323712
25932,106213376
1639,6709248
22054,90329088
18529,75890688
24611,100802560
3934,16109568
24878,101896192
24716,101232640
16387,67117056
8365,34258944
3419,14000128
8396,34385920
22705,92995584
10588,43364352
11810,48369664
16678,68308992
4614,18894848
14374,58871808
18658,76419072
21301,87244800
22934,93933568
17929,73433088
17218,70520832
24343,99704832
16975,69525504
2709,11091968
20793,85164032
8923,36544512
18476,75673600
3501,14336000
12467,51060736
14424,59076608
4005,16400384
4570,18714624
12699,52011008
4629,18956288
6890,28217344
8473,34701312
14764,60469248
4337,17760256
15409,63111168
2717,11124736
23003,94216192
14693,60178432
5778,23662592
173,704512
11235,46014464
5591,22896640
10113,41418752
12124,49655808
10809,44269568
10399,42590208
13100,53653504
14042,57511936
7490,30674944
16431,67297280
15315,62726144
24087,98656256
9039,37019648
8375,34299904
12040,49311744
10840,44396544
1504,6156288
6423,26304512
25339,103784448
14208,58191872
12638,51761152
20698,84774912
14559,59629568
1500,6139904
7053,28884992
11705,47939584
7370,30183424
22628,92680192
25475,104341504
12511,51240960
18306,74977280
14070,57626624
12141,49725440
5550,22728704
3023,12378112
11699,47915008
11923,48832512
10735,43966464
3449,14123008
1908,7811072
1895,7757824
450,1839104
8345,34177024
1373,5619712
11548,47296512
14977,61341696
13836,56668160
25371,103915520
16979,69541888
3359,13754368
19236,78786560
6440,26374144
10628,43528192
25529,104562688
22287,91283456
22153,90734592
5048,20672512
26230,107433984
23827,97591296
25803,105684992
10789,44187648
5525,22626304
8030,32886784
7842,32116736
10449,42795008
7733,31670272
18384,75296768
6424,26308608
4086,16732160
25929,106201088
25746,105451520
17749,72695808
5360,21950464
4572,18722816
9596,39301120
25725,105365504
17165,70303744
8294,33968128
6489,26574848
21120,86503424
23034,94343168
5726,23449600
7087,29024256
22814,93442048
18456,75591680
22939,93954048
20609,84410368
4039,16539648
3241,13271040
25495,104423424
14581,59719680
24584,100691968
25061,102645760
11656,47738880
26012,106541056
7453,30523392
9165,37535744
4028,16494592
19761,80936960
11700,47919104
11069,45334528
2186,8949760
17728,72609792
11687,47865856
15941,65290240
17621,72171520
26113,106954752
14954,61247488
23738,97226752
14864,60878848
6090,24940544
16840,68972544
13826,56627200
10833,44367872
15298,62656512
8928,36564992
15350,62869504
15283,62595072
13072,53538816
4814,19714048
8822,36130816
2104,8613888
3471,14213120
8819,36118528
5972,24457216
11209,45907968
12372,50671616
18255,74768384
3126,12800000
1391,5693440
13920,57012224
445,1818624
974,3985408
19517,79937536
11115,45522944
13606,55726080
13081,53575680
20551,84172800
22377,91652096
5532,22654976
16956,69447680
2133,8732672
12644,51785728
6136,25128960
6793,27820032
14662,60051456
18656,76410880
22073,90406912
17918,73388032
8996,36843520
25944,106262528
15636,64040960
4291,17571840
19343,79224832
343,1400832
13985,57278464
996,4075520
25564,104706048
12592,51572736
2768,11333632
19421,79544320
23169,94896128
4733,19382272
4660,19083264
1658,6787072
19718,80760832
19811,81141760
14903,61038592
18226,74649600
6235,25534464
16351,66969600
9397,38486016
15829,64831488
16940,69382144
6216,25456640
17557,71909376
884,3616768
14777,60522496
16851,69017600
19949,81707008
25492,104411136
12680,51933184
12285,50315264
11564,47362048
12656,51834880
13914,56987648
18185,74481664
22568,92434432
12510,51236864
17978,73633792
25916,106147840
9503,38920192
2033,8323072
7947,32546816
21090,86380544
909,3719168
12369,50659328
6867,28123136
8664,35483648
7324,29995008
11263,46129152
17775,72802304
5528,22638592
13552,55504896
24202,99127296
2287,9363456
17942,73486336
1585,6488064
25645,105037824
25343,103800832
6224,25489408
19614,80334848
21330,87363584
23775,97378304
10786,44175360
10339,42344448
12068,49426432
25010,102436864
16355,66985984
20655,84598784
21262,87085056
12278,50286592
5633,23068672
18414,75419648
4372,17903616
25011,102440960
3969,16252928
1434,5869568
16388,67121152
26093,106872832
21804,89305088
3229,13221888
1274,5214208
13474,55185408
15133,61980672
18623,76275712
8170,33460224
19546,80056320
23392,95809536
19068,78098432
6422,26300416
6041,24739840
7344,30076928
19506,79892480
16212,66400256
14710,60248064
1570,6426624
7580,31043584
21333,87375872
12715,52076544
5674,23236608
20960,85848064
21582,88395776
26267,107585536
13089,53608448
4799,19652608
19911,81551360
12471,51077120
11652,47722496
10897,44630016
328,1339392
23,90112
21912,89747456
10264,42037248
14858,60854272
23228,95137792
799,3268608
7178,29396992
13946,57118720
3275,13410304
8403,34414592
6366,26071040
2629,10764288
11090,45420544
9714,39784448
22847,93577216
21128,86536192
13131,53780480
3973,16269312
9043,37036032
9483,38838272
7631,31252480
333,1359872
4184,17133568
24035,98443264
17022,69718016
18331,75079680
2801,11468800
21611,88514560
7412,30355456
1451,5939200
19222,78729216
8947,36642816
383,1564672
237,966656
3160,12939264
15584,63827968
18338,75108352
11471,46981120
19118,78303232
17713,72548352
5478,22433792
15285,62603264
25383,103964672
4844,19836928
9210,37720064
6973,28557312
1452,5943296
2047,8380416
16630,68112384
9111,37314560
8875,36347904
3739,15310848
25312,103673856
14108,57782272
22070,90394624
12766,52285440
15303,62676992
12810,52465664
16992,69595136
8206,33607680
15369,62947328
16631,68116480
7265,29753344
13598,55693312
9939,40706048
12231,50094080
5616,22999040
26030,106614784
7179,29401088
2219,9084928
18004,73740288
9060,37105664
9433,38633472
15516,63549440
9234,37818368
4174,17092608
18199,74539008
3675,15048704
20699,84779008
25217,103284736
22558,92393472
9805,40157184
1005,4112384
13056,53473280
2901,11878400
15797,64700416
16760,68644864
24124,98807808
11718,47992832
8882,36376576
5601,22937600
10267,42049536
17701,72499200
8421,34488320
9960,40792064
14906,61050880
26107,106930176
11431,46817280
23623,96755712
17495,71655424
15717,64372736
15376,62976000
5064,20738048
17869,73187328
10429,42713088
20831,85319680
26053,106708992
19809,81133568
25712,105312256
12724,52113408
1449,5931008
1173,4800512
18047,73916416
3570,14618624
12956,53063680
13012,53293056
3237,13254656
6934,28397568
923,3776512
19713,80740352
18978,77729792
10586,43356160
8935,36593664
875,3579904
5873,24051712
1461,5980160
14674,60100608
25935,106225664
8374,34295808
22144,90697728
1314,5378048
6768,27717632
13759,56352768
12268,50245632
13121,53739520
7856,32174080
13582,55627776
11198,45862912
7151,29286400
836,3420160
20259,82976768
4003,16392192
26081,106823680
14809,60653568
10236,41922560
12851,52633600
9843,40312832
10516,43069440
12918,52908032
19711,80732160
485,1982464
12247,50159616
2022,8278016
17605,72105984
24621,100843520
17213,70500352
597,2441216
300,1224704
4002,16388096
6496,26603520
9326,38195200
6901,28262400
1414,5787648
19000,77819904
20092,82292736
10488,42954752
13671,55992320
11820,48410624
25976,106393600
1463,5988352
23099,94609408
16220,66433024
9159,37511168
14872,60911616
5041,20643840
8401,34406400
15501,63488000
22393,91717632
10753,44040192
4400,18018304
16817,68878336
18257,74776576
20750,84987904
16501,67584000
16516,67645440
8187,33529856
18926,77516800
2540,10399744
18513,75825152
1126,4608000
18889,77365248
2387,9773056
15889,65077248
12729,52133888
8789,35995648
18111,74178560
16911,69263360
81,327680
7804,31961088
12885,52772864
576,2355200
3670,15028224
20101,82329600
25895,106061824
16078,65851392
11103,45473792
4582,18763776
18799,76996608
4918,20140032
10362,42438656
16908,69251072
13603,55713792
14211,58204160
23133,94748672
6997,28655616
3710,15192064
5061,20725760
17338,71012352
12071,49438720
8382,34328576
10788,44183552
20958,85839872
17063,69885952
8312,34041856
19963,81764352
8333,34127872
11683,47849472
4370,17895424
13519,55369728
23301,95436800
8059,33005568
4803,19668992
14504,59404288
23489,96206848
8597,35209216
21718,88952832
11555,47325184
21313,87293952
9078,37179392
18786,76943360
20395,83533824
22119,90595328
9615,39378944
25214,103272448
22823,93478912
24810,101617664
22569,92438528
20790,85151744
25870,105959424
21375,87547904
23087,94560256
13224,54161408
24149,98910208
8484,34746368
6105,25001984
18781,76922880
4818,19730432
15582,63819776
13750,56315904
24833,101711872
24803,101588992
22576,92467200
13028,53358592
25735,105406464
132,536576
14652,60010496
15762,64557056
3047,12476416
22432,91877376
1963,8036352
6875,28155904
23954,98111488
20845,85377024
23492,96219136
3637,14893056
7859,32186368
20049,82116608
15827,64823296
16816,68874240
13325,54575104
2120,8679424
7257,29720576
16534,67719168
8835,36184064
699,2859008
3621,14827520
5404,22130688
1617,6619136
10320,42266624
19931,81633280
20215,82796544
24996,102379520
23866,97751040
25397,104022016
24077,98615296
16493,67551232
3898,15962112
6274,25694208
6948,28454912
22929,93913088
4672,19132416
17283,70787072
4107,16818176
11212,45920256
4032,16510976
22408,91779072
15293,62636032
9728,39841792
11863,48586752
21803,89300992
21226,86937600
7216,29552640
13019,53321728
13722,56201216
6820,27930624
6555,26845184
18474,75665408
924,3780608
4459,18259968
6640,27193344
17598,72077312
2208,9039872
8966,36720640
15398,63066112
21965,89964544
24104,98725888
16140,66105344
9582,39243776
16731,68526080
9799,40132608
11789,48283648
22672,92860416
4728,19361792
20567,84238336
22278,91246592
9801,40140800
24440,100102144
24728,101281792
5221,21381120
19409,79495168
19103,78241792
20791,85155840
22818,93458432
2858,11702272
21690,88838144
18446,75550720
9824,40235008
15139,62005248
5331,21831680
7086,29020160
25342,103796736
9678,39636992
5378,22024192
5473,22413312
21465,87916544
23511,96296960
20462,83808256
4777,19562496
18137,74285056
14560,59633664
9304,38105088
10029,41074688
25965,106348544
16881,69140480
26092,106868736
14096,57733120
8936,36597760
10360,42430464
7143,29253632
11635,47652864
19187,78585856
23153,94830592
23302,95440896
24590,100716544
13133,53788672
20911,85647360
19340,79212544
10052,41168896
19385,79396864
25210,103256064
25116,102871040
15255,62480384
7751,31744000
18043,73900032
24527,100458496
492,2011136
5091,20848640
15935,65265664
21835,89432064
4293,17580032
5911,24207360
13303,54484992
2316,9482240
3758,15388672
3156,12922880
12076,49459200
25572,104738816
14147,57942016
7980,32681984
10311,42229760
16642,68161536
11511,47144960
7789,31899648
14691,60170240
9786,40079360
10672,43708416
10962,44896256
24799,101572608
6762,27693056
7576,31027200
3164,12955648
412,1683456
2357,9650176
8090,33132544
15434,63213568
15581,63815680
5277,21610496
20083,82255872
6353,26017792
13105,53673984
11661,47759360
7932,32485376
2325,9519104
7722,31625216
18555,75997184
2984,12218368
24891,101949440
23939,98050048
16674,68292608
21616,88535040
14082,57675776
25454,104255488
25163,103063552
204,831488
7147,29270016
3550,14536704
19320,79130624
16827,68919296
20878,85512192
8179,33497088
21150,86626304
24060,98545664
18506,75796480
16512,67629056
4537,18579456
22489,92110848
16136,66088960
18784,76935168
20647,84566016
3818,15634432
12601,51609600
15530,63606784
12654,51826688
7067,28942336
26154,107122688
2994,12259328
3131,12820480
8287,33939456
21714,88936448
16815,68870144
15518,63557632
2563,10493952
5181,21217280
14169,58032128
14417,59047936
26210,107352064
10241,41943040
20283,83075072
18797,76988416
17781,72826880
13440,55046144
22299,91332608
10186,41717760
24366,99799040
18694,76566528
5685,23281664
137,557056
22670,92852224
5454,22335488
22838,93540352
9267,37953536
4404,18034688
9417,38567936
16812,68857856
20683,84713472
19598,80269312
13864,56782848
13135,53796864
22103,90529792
20185,82673664
14366,58839040
17416,71331840
1621,6635520
1882,7704576
16150,66146304
6962,28512256
6553,26836992
23516,96317440
10114,41422848
7414,30363648
18424,75460608
2603,10657792
2434,9965568
7356,30126080
18010,73764864
4221,17285120
19881,81428480
2957,12107776
22503,92168192
24687,101113856
2575,10543104
25800,105672704
7124,29175808
14986,61378560
24968,102264832
13816,56586240
11604,47525888
21706,88903680
5993,24543232
2550,10440704
14585,59736064
9345,38273024
8513,34865152
847,3465216
9091,37232640
13551,55500800
7373,30195712
10367,42459136
4299,17604608
6743,27615232
24553,100564992
16705,68419584
11628,47624192
483,1974272
67,270336
6542,26791936
19196,78622720
10740,43986944
7305,29917184
13114,53710848
17537,71827456
25204,103231488
23985,98238464
4406,18042880
11761,48168960
6898,28250112
1022,4182016
17894,73289728
10960,44888064
23010,94244864
441,1802240
851,3481600
18592,76148736
16338,66916352
2724,11153408
1063,4349952
17931,73441280
11956,48967680
16119,66019328
15628,64008192
3375,13819904
9814,40194048
6659,27271168
6609,27066368
7630,31248384
1970,8065024
24675,101064704
14437,59129856
9248,37875712
10125,41467904
10859,44474368
17980,73641984
6980,28585984
17766,72765440
13400,54882304
2374,9719808
13539,55451648
18484,75706368
531,2170880
5157,21118976
14803,60628992
13548,55488512
16164,66203648
10327,42295296
22156,90746880
6435,26353664
18170,74420224
4599,18833408
13216,54128640
22344,91516928
20918,85676032
19727,80797696
15880,65040384
3611,14786560
22579,92479488
5408,22147072
12528,51310592
1645,6733824
11240,46034944
11869,48611328
11992,49115136
15321,62750720
19220,78721024
24668,101036032
752,3076096
19108,78262272
18240,74706944
17625,72187904
16245,66535424
14216,58224640
8580,35139584
17082,69963776
5448,22310912
24818,101650432
12413,50839552
926,3788800
12676,51916800
23391,95805440
14657,60030976
25323,103718912
5445,22298624
15965,65388544
26008,106524672
25213,103268352
18145,74317824
24724,101265408
25389,103989248
21294,87216128
23565,96518144
19305,79069184
23986,98242560
2187,8953856
9975,40853504
1741,7127040
10863,44490752
14604,59813888
1992,8155136
22490,92114944
857,3506176
17343,71032832
24768,101445632
22038,90263552
9694,39702528
11442,46862336
17861,73154560
23728,97185792
18159,74375168
2414,9883648
1457,5963776
26028,106606592
8034,32903168
25009,102432768
22754,93196288
5714,23400448
5510,22564864
16047,65724416
4797,19644416
21843,89464832
22147,90710016
11524,47198208
17982,73650176
25008,102428672
12681,51937280
1690,6918144
20558,84201472
16183,66281472
12343,50552832
21693,88850432
25998,106483712
8265,33849344
5406,22138880
14713,60260352
7882,32280576
8854,36261888
3903,15982592
24961,102236160
9696,39710720
1847,7561216
8339,34152448
2163,8855552
8862,36294656
3041,12451840
15837,64864256
8453,34619392
4806,19681280
14686,60149760
15245,62439424
18697,76578816
6649,27230208
12358,50614272
17152,70250496
2467,10100736
22364,91598848
5119,20963328
9478,38817792
26120,106983424
7018,28741632
12622,51695616
15178,62164992
2423,9920512
21261,87080960
16389,67125248
25508,104476672
23574,96555008
6560,26865664
22706,92999680
14237,58310656
1436,5877760
7543,30892032
3166,12963840
3017,12353536
21825,89391104
239,974848
22158,90755072
2252,9220096
12108,49590272
23798,97472512
6359,26042368
6199,25387008
1438,5885952
23240,95186944
15732,64434176
23770,97357824
15843,64888832
17504,71692288
8278,33902592
15562,63737856
2064,8450048
9858,40374272
20065,82182144
6796,27832320
25320,103706624
6954,28479488
15304,62681088
2816,11530240
14145,57933824
427,1744896
10043,41132032
24502,100356096
19012,77869056
13587,55648256
7180,29405184
10953,44859392
15239,62414848
23324,95531008
614,2510848
24368,99807232
13753,56328192
4335,17752064
11391,46653440
23499,96247808
16324,66859008
6129,25100288
3902,15978496
21396,87633920
5635,23076864
13696,56094720
9831,40263680
15368,62943232
8985,36798464
20194,82710528
11195,45850624
25029,102514688
19954,81727488
5842,23924736
11474,46993408
22250,91131904
22172,90812416
5451,22323200
18785,76939264
21678,88788992
14582,59723776
5081,20807680
12055,49373184
2954,12095488
17129,70156288
5332,21835776
20298,83136512
6885,28196864
7269,29769728
3649,14942208
24187,99065856
6715,27500544
20537,84115456
26227,107421696
3704,15167488
25089,102760448
13401,54886400
22875,93691904
22743,93151232
894,3657728
4112,16838656
21592,88436736
2123,8691712
9461,38748160
18389,75317248
12506,51220480
15633,64028672
12816,52490240
273,1114112
17029,69746688
8016,32829440
6975,28565504
9337,38240256
4128,16904192
22436,91893760
14205,58179584
22395,91725824
1161,4751360
13508,55324672
13888,56881152
14782,60542976
1999,8183808
21187,86777856
6887,28205056
12677,51920896
19124,78327808
10298,42176512
5065,20742144
24603,100769792
13934,57069568
13397,54870016
4781,19578880
119,483328
11045,45236224
10502,43012096
26274,107614208
4254,17420288
10328,42299392
24507,100376576
175,712704
13015,53305344
25099,102801408
13132,53784576
15467,63348736
2173,8896512
9581,39239680
25945,106266624
1485,6078464
9443,38674432
24609,100794368
6828,27963392
25022,102486016
17282,70782976
25352,103837696
12320,50458624
4790,19615744
25999,106487808
1577,6455296
12701,52019200
25857,105906176
19032,77950976
17294,70832128
511,2088960
11205,45891584
2361,9666560
24429,100057088
17921,73400320
20126,82432000
1609,6586368
19537,80019456
8238,33738752
22176,90828800
18127,74244096
16037,65683456
18175,74440704
10051,41164800
2420,9908224
16722,68489216
1665,6815744
24841,101744640
2266,9277440
24620,100839424
7927,32464896
23660,96907264
14638,59953152
1796,7352320
2566,10506240
138,561152
22857,93618176
21508,88092672
299,1220608
26097,106889216
11028,45166592
16157,66174976
13695,56090624
5577,22839296
25225,103317504
17160,70283264
20943,85778432
16748,68595712
11458,46927872
7603,31137792
12823,52518912
13360,54718464
8299,33988608
8837,36192256
15110,61886464
14538,59543552
9257,37912576
1814,7426048
4960,20312064
10196,41758720
7515,30777344
2159,8839168
11306,46305280
2429,9945088
11540,47263744
14793,60588032
20548,84160512
11666,47779840
24645,100941824
12582,51531776
12135,49700864
17801,72908800
3811,15605760
13806,56545280
7558,30953472
9365,38354944
9003,36872192
11025,45154304
2912,11923456
19688,80637952
3163,12951552
19535,80011264
24423,100032512
12385,50724864
3141,12861440
6566,26890240
23161,94863360
19853,81313792
12829,52543488
11648,47706112
11327,46391296
25115,102866944
3821,15646720
16344,66940928
12365,50642944
24829,101695488
10726,43929600
8154,33394688
24605,100777984
23117,94683136
23818,97554432
18520,75853824
20104,82341888
22680,92893184
4236,17346560
2426,9932800
5547,22716416
16420,67252224
25160,103051264
5257,21528576
15358,62902272
25810,105713664
578,2363392
24400,99938304
4455,18243584
17517,71745536
525,2146304
16256,66580480
825,3375104
6273,25690112
5292,21671936
8728,35745792
9553,39124992
24593,100728832
7060,28913664
2345,9601024
4040,16543744
1524,6238208
2153,8814592
11309,46317568
21161,86671360
11590,47468544
7735,31678464
16272,66646016
453,1851392
7371,30187520
24695,101146624
8472,34697216
5988,24522752
19497,79855616
16081,65863680
22155,90742784
12689,51970048
617,2523136
14762,60461056
14573,59686912
5947,24354816
15839,64872448
20610,84414464
14243,58335232
3523,14426112
24650,100962304
7952,32567296
11291,46243840
2624,10743808
18511,75816960
3987,16326656
25020,102477824
23040,94367744
21449,87851008
16406,67194880
7822,32034816
20988,85962752
20355,83369984
21460,87896064
11337,46432256
19712,80736256
4466,18288640
2151,8806400
9308,38121472
18910,77451264
11740,48082944
23199,95019008
2634,10784768
5463,22372352
13728,56225792
13997,57327616
10312,42233856
6733,27574272
14065,57606144
17211,70492160
20074,82219008
5403,22126592
26101,106905600
10941,44810240
5477,22429696
15056,61665280
23846,97669120
10472,42889216
23019,94281728
10027,41066496
15674,64196608
4222,17289216
14039,57499648
5422,22204416
4324,17707008
22973,94093312
24782,101502976
6516,26685440
18187,74489856
12545,51380224
324,1323008
5346,21893120
11583,47439872
7993,32735232
1610,6590464
13694,56086528
11211,45916160
3947,16162816
16912,69267456
1720,7041024
24319,99606528
7263,29745152
16796,68792320
10611,43458560
18796,76984320
26329,107839488
26125,107003904
21138,86577152
13785,56459264
21832,89419776
1241,5079040
15692,64270336
1710,7000064
21338,87396352
11416,46755840
10860,44478464
9203,37691392
19461,79708160
16961,69468160
9704,39743488
9679,39641088
5836,23900160
7650,31330304
4340,17772544
22270,91213824
9753,39944192
9085,37208064
21579,88383488
2410,9867264
2579,10559488
24493,100319232
13737,56262656
20760,85028864
20681,84705280
5268,21573632
7619,31203328
12525,51298304
20489,83918848
14224,58257408
9829,40255488
24690,101126144
6300,25800704
24820,101658624
7157,29310976
21570,88346624
6231,25518080
17633,72220672
23761,97320960
21250,87035904
18224,74641408
25812,105721856
23841,97648640
8990,36818944
15606,63918080
876,3584000
17249,70647808
440,1798144
5700,23343104
21635,88612864
20974,85905408
2377,9732096
8902,36458496
8951,36659200
25362,103878656
17753,72712192
1176,4812800
21530,88182784
18280,74870784
1619,6627328
22053,90324992
455,1859584
2964,12136448
1630,6672384
15825,64815104
19404,79474688
12118,49631232
262,1069056
6671,27320320
7536,30863360
11824,48427008
1233,5046272
25066,102666240
12458,51023872
2735,11198464
13660,55947264
7867,32219136
13884,56864768
25977,106397696
10481,42926080
15944,65302528
16311,66805760
14385,58916864
18503,75784192
25493,104415232
24952,102199296
5994,24547328
14706,60231680
16251,66560000
6001,24576000
14999,61431808
25235,103358464
24884,101920768
9541,39075840
14400,58978304
5185,21233664
25447,104226816
26298,107712512
13846,56709120
10959,44883968
7449,30507008
8972,36745216
13515,55353344
25548,104640512
18066,73994240
2573,10534912
3399,13918208
4974,20369408
13456,55111680
17455,71491584
21186,86773760
23369,95715328
20486,83906560
3859,15802368
16142,66113536
6902,28266496
21165,86687744
7397,30294016
21717,88948736
5761,23592960
17744,72675328
6068,24850432
8673,35520512
16503,67592192
7740,31698944
10834,44371968
19441,79626240
6176,25292800
7848,32141312
11355,46505984
7311,29941760
14434,59117568
8987,36806656
11117,45531136
10019,41033728
3836,15708160
12658,51843072
22688,92925952
21920,89780224
3652,14954496
18857,77234176
24771,101457920
11168,45740032
21720,88961024
4131,16916480
10515,43065344
873,3571712
5737,23494656
2237,9158656
10982,44978176
6837,28000256
19351,79257600
7213,29540352
20756,85012480
14937,61177856
12771,52305920
17252,70660096
13223,54157312
2039,8347648
17893,73285632
5335,21848064
22697,92962816
21749,89079808
21984,90042368
17626,72192000
3254,13324288
13980,57257984
13649,55902208
3201,13107200
1686,6901760
24468,100216832
2417,9895936
11326,46387200
16970,69505024
5321,21790720
4290,17567744
5189,21250048
13248,54259712
16003,65544192
73,294912
7395,30285824
9865,40402944
2255,9232384
9790,40095744
24101,98713600
16546,67768320
12013,49201152
10096,41349120
25083,102735872
5383,22044672
19831,81223680
16868,69087232
678,2772992
7726,31641600
21773,89178112
19254,78860288
1533,6275072
16211,66396160
22760,93220864
7020,28749824
13206,54087680
954,3903488
18011,73768960
11296,46264320
9186,37621760
1866,7639040
23421,95928320
10088,41316352
12875,52731904
7845,32129024
15213,62308352
4848,19853312
24935,102129664
24998,102387712
7357,30130176
10719,43900928
5521,22609920
22654,92786688
823,3366912
11220,45953024
15440,63238144
9057,37093376
1766,7229440
125,507904
12439,50946048
7423,30400512
11925,48840704
1399,5726208
15355,62889984
4826,19763200
11430,46813184
23683,97001472
22627,92676096
7938,32509952
24932,102117376
14486,59330560
2395,9805824
13075,53551104
17737,72646656
2215,9068544
5497,22511616
13577,55607296
7095,29057024
11720,48001024
9987,40902656
22442,91918336
42,167936
11763,48177152
14775,60514304
8874,36343808
4870,19943424
14578,59707392
8585,35160064
95,385024
12787,52371456
18779,76914688
13004,53260288
18958,77647872
11596,47493120
10956,44871680
9854,40357888
7529,30834688
23080,94531584
2484,10170368
10473,42893312
23625,96763904
2863,11722752
7520,30797824
3505,14352384
13621,55787520
4678,19156992
4418,18092032
12670,51892224
15638,64049152
10353,42401792
11796,48312320
1592,6516736
8960,36696064
20016,81981440
24545,100532224
18196,74526720
949,3883008
17062,69881856
2089,8552448
2506,10260480
2526,10342400
3700,15151104
8029,32882688
3377,13828096
64,258048
13060,53489664
8711,35676160
41,163840
19143,78405632
10158,41603072
10489,42958848
3974,16273408
11965,49004544
14759,60448768
6314,25858048
6444,26390528
17335,71000064
5729,23461888
18419,75440128
23710,97112064
5145,21069824
10228,41889792
19054,78041088
6897,28246016
25582,104779776
6047,24764416
24346,99717120
4674,19140608
22730,93097984
5560,22769664
5559,22765568
23621,96747520
24830,101699584
21887,89645056
25314,103682048
12073,49446912
4874,19959808
2509,10272768
22919,93872128
5665,23199744
6829,27967488
19567,80142336
20206,82759680
10256,42004480
22986,94146560
21358,87478272
9053,37076992
12648,51802112
10459,42835968
18348,75149312
3742,15323136
12419,50864128
21916,89763840
25966,106352640
7911,32399360
12059,49389568
23682,96997376
18576,76083200
15937,65273856
6690,27398144
12038,49303552
15589,63848448
7745,31719424
15357,62898176
26019,106569728
2343,9592832
18764,76853248
24458,100175872
16682,68325376
1474,6033408
9278,37998592
23605,96681984
2144,8777728
12741,52183040
15758,64540672
16072,65826816
23922,97980416
2903,11886592
11214,45928448
14138,57905152
20013,81969152
7219,29564928
24894,101961728
14948,61222912
2710,11096064
892,3649536
13385,54820864
21855,89513984
13991,57303040
7000,28667904
20452,83767296
9252,37892096
18332,75083776
21240,86994944
13336,54620160
6455,26435584
19018,77893632
19065,78086144
7761,31784960
6184,25325568
11149,45662208
9791,40099840
24184,99053568
8563,35069952
18033,73859072
15591,63856640
4098,16781312
20213,82788352
18200,74543104
23854,97701888
17992,73691136
24521,100433920
23115,94674944
21603,88481792
4841,19824640
11822,48418816
2370,9703424
16432,67301376
10656,43642880
22711,93020160
4745,19431424
23036,94351360
21507,88088576
23423,95936512
4543,18604032
12966,53104640
24070,98586624
1904,7794688
23704,97087488
2630,10768384
8783,35971072
26029,106610688
9816,40202240
24801,101580800
23346,95621120
14543,59564032
9154,37490688
20302,83152896
10521,43089920
20758,85020672
8940,36614144
19170,78516224
840,3436544
418,1708032
7645,31309824
3249,13303808
1102,4509696
14426,59084800
24715,101228544
16575,67887104
19216,78704640
24780,101494784
21800,89288704
24105,98729984
8311,34037760
8302,34000896
9150,37474304
14394,58953728
8856,36270080
11938,48893952
6512,26669056
15442,63246336
16717,68468736
5662,23187456
22485,92094464
14335,58712064
12012,49197056
25432,104165376
4961,20316160
194,790528
1926,7884800
12158,49795072
16921,69304320
10001,40960000
13873,56819712
20069,82198528
15491,63447040
22594,92540928
23478,96161792
23811,97525760
10749,44023808
13809,56557568
4120,16871424
23837,97632256
4624,18935808
14918,61100032
26164,107163648
14506,59412480
20439,83714048
12020,49229824
17897,73302016
23530,96374784
8166,33443840
8776,35942400
23772,97366016
18900,77410304
5435,22257664
4650,19042304
8631,35348480
18477,75677696
18173,74432512
19849,81297408
24580,100675584
14398,58970112
3911,16015360
15411,63119360
18537,75923456
7504,30732288
7436,30453760
3661,14991360
14681,60129280
18475,75669504
2203,9019392
20198,82726912
8572,35106816
12976,53145600
1129,4620288
22471,92037120
11799,48324608
14114,57806848
11254,46092288
21420,87732224
9361,38338560
13525,55394304
4122,16879616
14967,61300736
4910,20107264
4507,18456576
1959,8019968
17879,73228288
24903,101998592
24377,99844096
9566,39178240
19979,81829888
16549,67780608
20293,83116032
1475,6037504
3186,13045760
9739,39886848
3395,13901824
10122,41455616
21458,87887872
23616,96727040
17032,69758976
24635,100900864
9788,40087552
8949,36651008
18997,77807616
2241,9175040
18174,74436608
6704,27455488
1835,7512064
17849,73105408
6222,25481216
17258,70684672
23172,94908416
9979,40869888
20473,83853312
15495,63463424
5505,22544384
20324,83243008
19455,79683584
22101,90521600
26252,107524096
4084,16723968
23251,95232000
24933,102121472
1625,6651904
11483,47030272
22433,91881472
4622,18927616
3145,12877824
9616,39383040
2993,12255232
1036,4239360
19936,81653760
15757,64536576
22572,92450816
15222,62345216
11151,45670400
7194,29462528
7616,31191040
25544,104624128
14992,61403136
6726,27545600
19318,79122432
22491,92119040
20689,84738048
20403,83566592
20468,83832832
20865,85458944
558,2281472
2938,12029952
18381,75284480
16594,67964928
4135,16932864
2904,11890688
15061,61685760
14707,60235776
2235,9150464
1964,8040448
21839,89448448
1832,7499776
22900,93794304
4317,17678336
13670,55988224
8151,33382400
19078,78139392
19498,79859712
8886,36392960
17507,71704576
7403,30318592
8109,33210368
11288,46231552
12001,49152000
23995,98279424
25346,103813120
5191,21258240
21297,87228416
23529,96370688
15385,63012864
25460,104280064
19962,81760256
19877,81412096
17564,71938048
15755,64528384
8571,35102720
7881,32276480
25904,106098688
15030,61558784
16604,68005888
20499,83959808
13076,53555200
19383,79388672
25105,102825984
4646,19025920
6759,27680768
25530,104566784
6561,26869760
19190,78598144
22095,90497024
6251,25600000
5621,23019520
7005,28688384
4496,18411520
16773,68698112
5586,22876160
8719,35708928
4242,17371136
25429,104153088
21108,86454272
18567,76046336
5618,23007232
23477,96157696
24068,98578432
20232,82866176
15482,63410176
8177,33488896
12721,52101120
4808,19689472
24959,102227968
25727,105373696
21793,89260032
12628,51720192
15159,62087168
7105,29097984
472,1929216
20095,82305024
6133,25116672
4524,18526208
14046,57528320
17574,71979008
1409,5767168
3798,15552512
7286,29839360
10346,42373120
20511,84008960
16797,68796416
1234,5050368
23051,94412800
21734,89018368
19839,81256448
3386,13864960
25732,105394176
14363,58826752
16802,68816896
22982,94130176
3351,13721600
16691,68362240
17581,72007680
4327,17719296
9692,39694336
25587,104800256
210,856064
6707,27467776
4791,19619840
18571,76062720
16810,68849664
2097,8585216
17541,71843840
540,2207744
1721,7045120
11093,45432832
7877,32260096
3345,13697024
19558,80105472
13819,56598528
5392,22081536
18995,77799424
6800,27848704
13211,54108160
25524,104542208
13943,57106432
23838,97636352
1427,5840896
15819,64790528
19279,78962688
11651,47718400
15824,64811008
20858,85430272
8526,34918400
20795,85172224
16511,67624960
8860,36286464
9585,39256064
9063,37117952
2685,10993664
23113,94666752
9087,37216256
757,3096576
3715,15212544
986,4034560
22086,90460160
14406,59002880
17530,71798784
19021,77905920
15459,63315968
9446,38686720
23608,96694272
16897,69206016
16711,68444160
25658,105091072
23242,95195136
17125,70139904
17570,71962624
22889,93749248
1601,6553600
6104,24997888
3782,15486976
20554,84185088
5539,22683648
21010,86052864
7347,30089216
18987,77766656
21910,89739264
3453,14139392
8013,32817152
21256,87060480
15974,65425408
14235,58302464
163,663552
25690,105222144
18481,75694080
12072,49442816
18600,76181504
14980,61353984
24055,98525184
118,479232
23887,97837056
1881,7700480
17099,70033408
15454,63295488
23988,98250752
5932,24293376
10061,41205760
19906,81530880
8042,32935936
24786,101519360
1804,7385088
15320,62746624
9813,40189952
3062,12537856
16052,65744896
1177,4816896
13754,56332288
997,4079616
18392,75329536
16616,68055040
2766,11325440
21178,86740992
17927,73424896
3019,12361728
13093,53624832
2962,12128256
1663,6807552
11983,49078272
23142,94785536
8337,34144256
15753,64520192
19542,80039936
24940,102150144
1048,4288512
10015,41017344
18560,76017664
23531,96378880
11080,45379584
15517,63553536
2327,9527296
5864,24014848
2628,10760192
22597,92553216
3115,12754944
8791,36003840
11377,46596096
15214,62312448
6159,25223168
4396,18001920
11730,48041984
9270,37965824
18220,74625024
12908,52867072
16934,69357568
17076,69939200
7741,31703040
24189,99074048
22521,92241920
2621,10731520
23822,97570816
7161,29327360
5967,24436736
8743,35807232
12338,50532352
2525,10338304
1727,7069696
10878,44552192
2913,11927552
25139,102965248
15910,65163264
22089,90472448
11867,48603136
7949,32555008
21572,88354816
25896,106065920
17445,71450624
13504,55308288
14746,60395520
19402,79466496
15821,64798720
12909,52871168
19391,79421440
18920,77492224
9880,40464384
18860,77246464
2132,8728576
16923,69312512
3071,12574720
13108,53686272
4919,20144128
23983,98230272
2800,11464704
23839,97640448
10868,44511232
12844,52604928
21518,88133632
5213,21348352
22752,93188096
18536,75919360
17408,71299072
13030,53366784
13573,55590912
7739,31694848
8110,33214464
5037,20627456
19387,79405056
20877,85508096
21326,87347200
1481,6062080
11848,48525312
13343,54648832
11485,47038464
24571,100638720
9580,39235584
25375,103931904
21741,89047040
3995,16359424
4857,19890176
4430,18141184
1539,6299648
12876,52736000
6811,27893760
22362,91590656
4360,17854464
22663,92823552
2814,11522048
4103,16801792
18963,77668352
14599,59793408
23190,94982144
22662,92819456
12350,50581504
12495,51175424
21867,89563136
23231,95150080
7112,29126656
19744,80867328
19820,81178624
1265,5177344
12317,50446336
4811,19701760
18596,76165120
18151,74342400
14823,60710912
11372,46575616
12075,49455104
1808,7401472
18385,75300864
14422,59068416
17703,72507392
11438,46845952
26239,107470848
5201,21299200
814,3330048
22385,91684864
18833,77135872
6474,26513408
7094,29052928
5954,24383488
25822,105762816
4250,17403904
16043,65708032
18841,77168640
21011,86056960
9241,37847040
17913,73367552
20398,83546112
22467,92020736
23614,96718848
10368,42463232
5755,23568384
6741,27607040
20312,83193856
19314,79106048
10164,41627648
22837,93536256
12540,51359744
2131,8724480
13638,55857152
7873,32243712
7544,30896128
12414,50843648
8792,36007936
5493,22495232
17620,72167424
14856,60846080
15064,61698048
3063,12541952
25655,105078784
6544,26800128
4744,19427328
12590,51564544
19207,78667776
18918,77484032
25958,106319872
14588,59748352
10938,44797952
22584,92499968
218,888832
18113,74186752
15756,64532480
12257,50200576
6927,28368896
1892,7745536
24560,100593664
5326,21811200
19405,79478784
4948,20262912
7469,30588928
4902,20074496
15529,63602688
24804,101593088
9651,39526400
249,1015808
22316,91402240
17758,72732672
2114,8654848
17969,73596928
25149,103006208
9842,40308736
20666,84643840
16301,66764800
22564,92418048
23873,97779712
15181,62177280
7326,30003200
6085,24920064
8858,36278272
24488,100298752
21657,88702976
15324,62763008
6237,25542656
1943,7954432
22851,93593600
13800,56520704
3119,12771328
6305,25821184
8993,36831232
10955,44867584
7441,30474240
8076,33075200
4472,18313216
1284,5255168
8977,36765696
19257,78872576
10379,42508288
16138,66097152
23118,94687232
20337,83296256
7472,30601216
25680,105181184
11011,45096960
3768,15429632
24542,100519936
15314,62722048
1098,4493312
8298,33984512
23276,95334400
26103,106913792
11111,45506560
1428,5844992
25270,103501824
8703,35643392
15625,63995904
9943,40722432
8489,34766848
7983,32694272
18201,74547200
2960,12120064
22498,92147712
20771,85073920
15372,62959616
11913,48791552
22022,90198016
10691,43786240
21184,86765568
15383,63004672
15603,63905792
16996,69611520
14720,60289024
18732,76722176
20868,85471232
21053,86228992
4283,17539072
11574,47403008
9396,38481920
19909,81543168
6587,26976256
17595,72065024
10131,41492480
25646,105041920
11219,45948928
6255,25616384
11613,47562752
15544,63664128
24154,98930688
22259,91168768
14862,60870656
8820,36122624
22403,91758592
16106,65966080
17531,71802880
19814,81154048
8907,36478976
7445,30490624
16862,69062656
918,3756032
3857,15794176
16582,67915776
19794,81072128
25813,105725952
25262,103469056
17639,72245248
19331,79175680
19648,80474112
832,3403776
25256,103444480
13911,56975360
3634,14880768
15646,64081920
25499,104439808
14926,61132800
9951,40755200
10709,43859968
22334,91475968
24628,100872192
13574,55595008
6731,27566080
22303,91348992
25245,103399424
16217,66420736
21163,86679552
7495,30695424
14438,59133952
22052,90320896
19873,81395712
22108,90550272
18662,76435456
11804,48345088
13273,54362112
3205,13123584
899,3678208
2172,8892416
8353,34209792
1035,4235264
7081,28999680
2503,10248192
13327,54583296
16271,66641920
15936,65269760
12500,51195904
5198,21286912
271,1105920
11278,46190592
26203,107323392
11766,48189440
1633,6684672
23697,97058816
13701,56115200
23500,96251904
1826,7475200
20331,83271680
16330,66883584
10698,43814912
3464,14184448
17688,72445952
5012,20525056
13814,56578048
24330,99651584
3009,12320768
3185,13041664
8672,35516416
14970,61313024
20300,83144704
7032,28798976
22308,91369472
1632,6680576
18165,74399744
7997,32751616
26055,106717184
19221,78725120
3671,15032320
5044,20656128
2038,8343552
17159,70279168
19591,80240640
2626,10752000
9727,39837696
4995,20455424
25337,103776256
22171,90808320
18497,75759616
19077,78135296
9230,37801984
13829,56639488
26219,107388928
13858,56758272
5132,21016576
927,3792896
13003,53256192
3841,15728640
17521,71761920
10981,44974080
15616,63959040
25494,104419328
4617,18907136
20082,82251776
14384,58912768
8788,35991552
6604,27045888
14028,57454592
25851,105881600
7693,31506432
5663,23191552
3799,15556608
25926,106188800
4015,16441344
17981,73646080
3095,12673024
16813,68861952
19673,80576512
13215,54124544
8867,36315136
6526,26726400
6877,28164096
10272,42070016
2564,10498048
16593,67960832
20143,82501632
19198,78630912
5830,23875584
8625,35323904
4969,20348928
922,3772416
21483,87990272
19396,79441920
15498,63475712
323,1318912
10576,43315200
23449,96043008
3897,15958016
8485,34750464
23039,94363648
10203,41787392
24051,98508800
8126,33280000
19649,80478208
22084,90451968
26087,106848256
13274,54366208
3992,16347136
885,3620864
11320,46362624
21076,86323200
11221,45957120
24409,99975168
14241,58327040
19265,78905344
16299,66756608
25423,104128512
3972,16265216
16249,66551808
6323,25894912
21833,89423872
22440,91910144
1295,5300224
9107,37298176
1973,8077312
2684,10989568
24495,100327424
7429,30425088
14882,60952576
3503,14344192
23971,98181120
21283,87171072
19471,79749120
1335,5464064
6355,26025984
7599,31121408
20842,85364736
5347,21897216
15971,65413120
25583,104783872
12705,52035584
18591,76144640
8877,36356096
18909,77447168
5133,21020672
14327,58679296
10358,42422272
8670,35508224
18056,73953280
21281,87162880
19844,81276928
14472,59273216
18573,76070912
2488,10186752
7919,32432128
16423,67264512
5766,23613440
25574,104747008
18898,77402112
21451,87859200
23064,94466048
7331,30023680
12433,50921472
4106,16814080
21981,90030080
3725,15253504
19640,80441344
5371,21995520
25753,105480192
11955,48963584
21497,88047616
7104,29093888
13252,54276096
3227,13213696
19701,80691200
6114,25038848
20365,83410944
23028,94318592
3003,12296192
20270,83021824
11812,48377856
24168,98988032
5533,22659072
9197,37666816
13309,54509568
23572,96546816
2461,10076160
17668,72364032
24290,99487744
19158,78467072
9562,39161856
15791,64675840
586,2396160
9738,39882752
11909,48775168
10071,41246720
4593,18808832
11994,49123328
20076,82227200
17706,72519680
3585,14680064
21132,86552576
11344,46460928
22852,93597696
1072,4386816
24870,101863424
5712,23392256
14267,58433536
22954,94015488
1972,8073216
17582,72011776
13721,56197120
4205,17219584
24326,99635200
7683,31465472
1624,6647808
11213,45924352
17146,70225920
13272,54358016
7481,30638080
8046,32952320
24465,100204544
560,2289664
16898,69210112
12269,50249728
21248,87027712
24132,98840576
831,3399680
5036,20623360
6742,27611136
13769,56393728
25888,106033152
652,2666496
9607,39346176
68,274432
22069,90390528
13154,53874688
5852,23965696
10818,44306432
8315,34054144
17856,73134080
13210,54104064
8015,32825344
9618,39391232
1055,4317184
17746,72683520
9007,36888576
23043,94380032
17976,73625600
2452,10039296
4632,18968576
3014,12341248
13771,56401920
18242,74715136
23784,97415168
4701,19251200
19846,81285120
21745,89063424
3508,14364672
18578,76091392
7280,29814784
754,3084288
1576,6451200
12239,50126848
16759,68640768
23031,94330880
23567,96526336
19851,81305600
8009,32800768
3659,14983168
18298,74944512
25057,102629376
14920,61108224
20787,85139456
18878,77320192
3404,13938688
25749,105463808
1298,5312512
15896,65105920
4899,20062208
4767,19521536
21390,87609344
22007,90136576
21939,89858048
26158,107139072
23355,95657984
11874,48631808
19051,78028800
866,3543040
6154,25202688
11692,47886336
2288,9367552
10484,42938368
15980,65449984
6720,27521024
2662,10899456
24896,101969920
20408,83587072
3178,13012992
15691,64266240
11353,46497792
7794,31920128
23279,95346688
15688,64253952
4359,17850368
10939,44802048
25865,105938944
8220,33665024
8497,34799616
12474,51089408
22333,91471872
25906,106106880
16028,65646592
58,233472
26297,107708416
25666,105123840
26223,107405312
6218,25464832
23267,95297536
15050,61640704
21724,88977408
11059,45293568
7496,30699520
8447,34594816
10334,42323968
12353,50593792
17528,71790592
13034,53383168
16396,67153920
513,2097152
23013,94257152
24758,101404672
5263,21553152
21062,86265856
19981,81838080
22924,93892608
14993,61407232
20980,85929984
13233,54198272
6713,27492352
9096,37253120
4877,19972096
19276,78950400
8028,32878592
20161,82575360
12482,51122176
22365,91602944
25098,102797312
3341,13680640
16806,68833280
8885,36388864
22661,92815360
12539,51355648
2593,10616832
22877,93700096
10750,44027904
10763,44081152
10382,42520576
3079,12607488
13803,56532992
18470,75649024
7450,30511104
9103,37281792
18881,77332480
18076,74035200
18019,73801728
13583,55631872
1506,6164480
1032,4222976
16885,69156864
8601,35225600
8426,34508800
6212,25440256
9384,38432768
12718,52088832
2275,9314304
14843,60792832
17794,72880128
10933,44777472
6719,27516928
915,3743744
4868,19935232
21980,90025984
20130,82448384
10696,43806720
11504,47116288
6213,25444352
22987,94150656
4284,17543168
16626,68096000
1310,5361664
3155,12918784
10174,41668608
21665,88735744
8330,34115584
17418,71340032
13640,55865344
16328,66875392
11939,48898048
14078,57659392
6367,26075136
12980,53161984
5011,20520960
4657,19070976
4640,19001344
4638,18993152
18735,76734464
19684,80621568
117,475136
4947,20258816
11473,46989312
18882,77336576
5324,21803008
20501,83968000
21157,86654976
15256,62484480
19258,78876672
16677,68304896
18325,75055104
9306,38113280
13095,53633024
25730,105385984
8157,33406976
480,1961984
18361,75202560
6406,26234880
17676,72396800
2711,11100160
14542,59559936
6821,27934720
10128,41480192
6278,25710592
19631,80404480
25805,105693184
15071,61726720
758,3100672
23613,96714752
14465,59244544
9046,37048320
1087,4448256
5402,22122496
9571,39198720
17141,70205440
8186,33525760
3366,13783040
11974,49041408
15874,65015808
13581,55623680
3328,13627392
19229,78757888
13170,53940224
8255,33808384
12475,51093504
6188,25341952
3595,14721024
18569,76054528
14854,60837888
5827,23863296
21234,86970368
9737,39878656
3719,15228928
15687,64249856
1210,4952064
18290,74911744
12241,50135040
8531,34938880
13615,55762944
13857,56754176
1874,7671808
26184,107245568
8423,34496512
14964,61288448
9583,39247872
5950,24367104
11782,48254976
17757,72728576
3149,12894208
25808,105705472
10634,43552768
12359,50618368
18341,75120640
25202,103223296
9903,40558592
24489,100302848
17281,70778880
24425,100040704
23188,94973952
10412,42643456
4859,19898368
17580,72003584
24122,98799616
15845,64897024
13832,56651776
11466,46960640
22448,91942912
22739,93134848
4762,19501056
1960,8024064
17194,70422528
1640,6713344
19325,79151104
12688,51965952
24523,100442112
8694,35606528
9128,37384192
23550,96456704
2823,11558912
12451,50995200
19082,78155776
7946,32542720
22269,91209728
14364,58830848
13609,55738368
2767,11329536
9950,40751104
16359,67002368
9751,39936000
13906,56954880
16366,67031040
6580,26947584
14500,59387904
18921,77496320
3447,14114816
10898,44634112
11244,46051328
12042,49319936
19978,81825792
14498,59379712
19984,81850368
2635,10788864
9966,40816640
8011,32808960
21562,88313856
23920,97972224
22927,93904896
5025,20578304
25501,104448000
18245,74727424
7685,31473664
7934,32493568
23357,95666176
24746,101355520
21993,90079232
15905,65142784
13931,57057280
4141,16957440
17881,73236480
17641,72253440
7581,31047680
1197,4898816
18759,76832768
19374,79351808
10744,44003328
25568,104722432
15751,64512000
25247,103407616
9185,37617664
10130,41488384
22907,93822976
1765,7225344
4152,17002496
9776,40038400
7923,32448512
20841,85360640
23568,96530432
25927,106192896
9849,40337408
1390,5689344
2829,11583488
11105,45481984
21118,86495232
20866,85463040
16309,66797568
22183,90857472
13094,53628928
19373,79347712
13990,57298944
21761,89128960
17568,71954432
6745,27623424
12083,49487872
14233,58294272
14094,57724928
4934,20205568
21500,88059904
7626,31232000
22868,93663232
12465,51052544
12046,49336320
13773,56410112
15494,63459328
5657,23166976
8649,35422208
12127,49668096
24581,100679680
19654,80498688
13079,53567488
23186,94965760
23634,96800768
8411,34447360
7562,30969856
11265,46137344
9597,39305216
15641,64061440
11741,48087040
16307,66789376
17796,72888320
14464,59240448
17203,70459392
8766,35901440
2439,9986048
8707,35659776
23384,95776768
10117,41435136
19937,81657856
18676,76492800
22859,93626368
13925,57032704
19352,79261696
18150,74338304
6801,27852800
2155,8822784
24200,99119104
24815,101638144
16752,68612096
12580,51523584
13205,54083584
26110,106942464
822,3362816
24344,99708928
13953,57147392
20992,85979136
18915,77471744
14915,61087744
24340,99692544
17941,73482240
8010,32804864
14405,58998784
661,2703360
16969,69500928
5846,23941120
14159,57991168
3008,12316672
4346,17797120
11053,45268992
5955,24387584
854,3493888
7613,31178752
3697,15138816
20936,85749760
5297,21692416
5220,21377024
25709,105299968
5182,21221376
5152,21098496
5230,21417984
4916,20131840
8430,34525184
2999,12279808
17266,70717440
26026,106598400
18808,77033472
2129,8716288
1680,6877184
18856,77230080
1565,6406144
25629,104972288
4200,17199104
1798,7360512
24761,101416960
23187,94969856
17234,70586368
3280,13430784
20341,83312640
13297,54460416
17353,71073792
9281,38010880
24452,100151296
16502,67588096
12576,51507200
17890,73273344
9787,40083456
20209,82771968
19681,80609280
23741,97239040
12166,49827840
12780,52342784
559,2285568
10448,42790912
18610,76222464
14390,58937344
3772,15446016
11827,48439296
12518,51269632
12492,51163136
4780,19574784
16021,65617920
10908,44675072
24677,101072896
25897,106070016
9160,37515264
1707,6987776
13851,56729600
18595,76161024
15469,63356928
5172,21180416
17472,71561216
11498,47091712
25685,105201664
1725,7061504
3494,14307328
15932,65253376
12398,50778112
1856,7598080
16174,66244608
87,352256
17762,72749056
14499,59383808
17722,72585216
15643,64069632
10275,42082304
24518,100421632
12150,49762304
4080,16707584
8961,36700160
1280,5238784
2042,8359936
19677,80592896
1464,5992448
17044,69808128
4012,16429056
21183,86761472
2003,8200192
7850,32149504
23947,98082816
25970,106369024
8387,34349056
2533,10371072
24875,101883904
2071,8478720
12883,52764672
8868,36319232
23074,94507008
13127,53764096
18840,77164544
19298,79040512
24937,102137856
11519,47177728
486,1986560
20212,82784256
17403,71278592
25237,103366656
3779,15474688
6168,25260032
10204,41791488
11432,46821376
16823,68902912
673,2752512
9050,37064704
15697,64290816
2645,10829824
9877,40452096
21754,89100288
21030,86134784
3315,13574144
25834,105811968
16551,67788800
9311,38133760
8640,35385344
13235,54206464
22588,92516352
20921,85688320
22285,91275264
16506,67604480
800,3272704
2781,11386880
3121,12779520
21121,86507520
15220,62337024
23677,96976896
23584,96595968
1184,4845568
25410,104075264
18114,74190848
14053,57556992
5758,23580672
680,2781184
4025,16482304
3935,16113664
20001,81920000
25340,103788544
25660,105099264
21293,87212032
7967,32628736
3932,16101376
6718,27512832
20981,85934080
21360,87486464
8583,35151872
16896,69201920
10533,43139072
24701,101171200
12561,51445760
7294,29872128
7272,29782016
16830,68931584
8701,35635200
14131,57876480
4166,17059840
3735,15294464
5255,21520384
17763,72753152
22723,93069312
16004,65548288
5156,21114880
23498,96243712
8967,36724736
947,3874816
6329,25919488
21091,86384640
14403,58990592
15266,62525440
7662,31379456
17532,71806976
6022,24662016
19609,80314368
12925,52936704
5479,22437888
11996,49131520
1404,5746688
5370,21991424
3064,12546048
307,1253376
11928,48852992
16337,66912256
1996,8171520
9576,39219200
15031,61562880
16697,68386816
20254,82956288
2134,8736768
16293,66732032
11707,47947776
10714,43880448
1878,7688192
14383,58908672
21398,87642112
9502,38916096
4663,19095552
181,737280
1962,8032256
25982,106418176
8964,36712448
11290,46239744
24781,101498880
3544,14512128
19295,79028224
11972,49033216
6569,26902528
22531,92282880
8188,33533952
19370,79335424
7690,31494144
23606,96686080
10146,41553920
15736,64450560
14295,58548224
1613,6602752
3361,13762560
19096,78213120
26003,106504192
623,2547712
25575,104751104
16010,65572864
10969,44924928
5196,21278720
23497,96239616
12412,50835456
24062,98553856
11096,45445120
22426,91852800
9731,39854080
11226,45977600
2167,8871936
20090,82284544
11640,47673344
14457,59211776
6805,27869184
3234,13242368
22707,93003776
2298,9408512
24432,100069376
7320,29978624
1028,4206592
19319,79126528
478,1953792
2543,10412032
21208,86863872
537,2195456
11747,48111616
11623,47603712
12581,51527680
7424,30404608
3769,15433728
12113,49610752
19867,81371136
16473,67469312
10616,43479040
13689,56066048
12753,52232192
26049,106692608
10388,42545152
6669,27312128
15099,61841408
16776,68710400
19965,81772544
5309,21741568
5008,20508672
16486,67522560
12089,49512448
23486,96194560
7444,30486528
11833,48463872
1846,7557120
9051,37068800
2985,12222464
9732,39858176
2559,10477568
3913,16023552
22779,93298688
13209,54099968
10415,42655744
17647,72278016
18989,77774848
3617,14811136
22540,92319744
8171,33464320
13494,55267328
18498,75763712
8331,34119680
5630,23056384
22222,91017216
2777,11370496
20116,82391040
410,1675264
7475,30613504
20503,83976192
1998,8179712
5850,23957504
1444,5910528
7700,31535104
1362,5574656
14075,57647104
15111,61890560
22115,90578944
9157,37502976
17566,71946240
6071,24862720
5247,21487616
2878,11784192
10947,44834816
9698,39718912
16936,69365760
8092,33140736
14601,59801600
10673,43712512
934,3821568
13011,53288960
21631,88596480
10467,42868736
4450,18223104
15474,63377408
19184,78573568
1591,6512640
5429,22233088
19280,78966784
15818,64786432
21875,89595904
7528,30830592
3460,14168064
7665,31391744
20720,84865024
15456,63303680
3362,13766656
16693,68370432
5529,22642688
3067,12558336
13520,55373824
6340,25964544
4550,18632704
25972,106377216
15437,63225856
2011,8232960
16075,65839104
2262,9261056
3873,15859712
17778,72814592
25483,104374272
3396,13905920
14890,60985344
20428,83668992
20289,83099648
1594,6524928
9314,38146048
21033,86147072
8828,36155392
11997,49135616
17345,71041024
18415,75423744
20467,83828736
12103,49569792
7037,28819456
6666,27299840
10658,43651072
9486,38850560
7697,31522816
3491,14295040
20700,84783104
26159,107143168
310,1265664
11456,46919680
4837,19808256
16104,65957888
4976,20377600
5136,21032960
18972,77705216
22373,91635712
16346,66949120
10232,41906176
21372,87535616
15994,65507328
4149,16990208
3074,12587008
7077,28983296
19593,80248832
4634,18976768
3078,12603392
12709,52051968
10716,43888640
15720,64385024
17456,71495680
8557,35045376
23514,96309248
10330,42307584
24794,101552128
9930,40669184
1256,5140480
4304,17625088
18099,74129408
3668,15020032
6771,27729920
8476,34713600
20650,84578304
2790,11423744
14069,57622528
15046,61624320
13876,56832000
15850,64917504
20008,81948672
23573,96550912
10471,42885120
4021,16465920
1893,7749632
1388,5681152
23656,96890880
6405,26230784
23561,96501760
11522,47190016
5728,23457792
8211,33628160
2585,10584064
10562,43257856
17887,73261056
14488,59338752
15635,64036864
11371,46571520
26000,106491904
24418,100012032
16607,68018176
20481,83886080
10813,44285952
8468,34680832
4397,18006016
9561,39157760
14574,59691008
7570,31002624
15192,62222336
17477,71581696
19064,78082048
21899,89694208
15481,63406080
5762,23597056
18148,74330112
14563,59645952
1158,4739072
11765,48185344
4256,17428480
11819,48406528
17028,69742592
21990,90066944
4049,16580608
13765,56377344
2855,11689984
8691,35594240
1134,4640768
25804,105689088
8347,34185216
779,3186688
7963,32612352
6070,24858624
25024,102494208
1821,7454720
23363,95690752
12971,53125120
21878,89608192
2329,9535488
21533,88195072
9316,38154240
7325,29999104
24718,101240832
12416,50851840
16015,65593344
429,1753088
908,3715072
9817,40206336
6637,27181056
9343,38264832
8394,34377728
24755,101392384
20099,82321408
18943,77586432
2122,8687616
11608,47542272
5440,22278144
11255,46096384
13528,55406592
22626,92672000
17446,71454720
7115,29138944
8898,36442112
14332,58699776
3434,14061568
12497,51183616
5494,22499328
21277,87146496
9937,40697856
16890,69177344
23121,94699520
26054,106713088
9932,40677376
21893,89669632
2833,11599872
13807,56549376
5127,20996096
15923,65216512
23835,97624064
16333,66895872
18486,75714560
12360,50622464
1827,7479296
3831,15687680
19698,80678912
18933,77545472
10825,44335104
25266,103485440
22589,92520448
13291,54435840
23299,95428608
9746,39915520
10880,44560384
1590,6508544
23503,96264192
3876,15872000
11785,48267264
172,700416
17346,71045120
1319,5398528
18073,74022912
16525,67682304
7615,31186944
8267,33857536
1700,6959104
5100,20885504
11358,46518272
13321,54558720
16395,67149824
5071,20766720
24509,100384768
21418,87724032
22339,91496448
3376,13824000
25856,105902080
9217,37748736
22984,94138368
4708,19279872
20451,83763200
20607,84402176
9200,37679104
17037,69779456
13625,55803904
17066,69898240
15987,65478656
25699,105259008
9028,36974592
20809,85229568
14389,58933248
19192,78606336
10615,43474944
24185,99057664
22307,91365376
22056,90337280
6055,24797184
13986,57282560
13454,55103488
11155,45686784
4071,16670720
18809,77037568
13834,56659968
16698,68390912
12912,52883456
25872,105967616
18557,76005376
21624,88567808
4133,16924672
5170,21172224
3123,12787712
10421,42680320
13763,56369152
20690,84742144
9924,40644608
21085,86360064
11582,47435776
19127,78340096
8618,35295232
19344,79228928
17469,71548928
19582,80203776
18687,76537856
21744,89059328
12931,52961280
15557,63717376
18899,77406208
25704,105279488
18701,76595200
23434,95981568
24614,100814848
13650,55906304
25124,102903808
20268,83013632
11823,48422912
19119,78307328
23785,97419264
1817,7438336
17852,73117696
1912,7827456
24853,101793792
19815,81158144
2046,8376320
15642,64065536
2758,11292672
1822,7458816
5444,22294528
24392,99905536
13912,56979456
14811,60661760
19830,81219584
7769,31817728
6200,25391104
14292,58535936
4151,16998400
10287,42131456
13550,55496704
18765,76857344
3133,12828672
6942,28430336
7398,30298112
23317,95502336
9995,40935424
17693,72466432
18368,75231232
11142,45633536
9887,40493056
1482,6066176
14667,60071936
2406,9850880
6458,26447872
7907,32382976
6938,28413952
10811,44277760
24424,100036608
396,1617920
12714,52072448
2571,10526720
16242,66523136
22530,92278784
16188,66301952
17475,71573504
18251,74752000
18952,77623296
2346,9605120
11403,46702592
10009,40992768
24017,98369536
11662,47763456
14120,57831424
329,1343488
8031,32890880
21424,87748608
8132,33304576
21700,88879104
8510,34852864
6096,24965120
24421,100024320
15806,64737280
14184,58093568
16239,66510848
16841,68976640
19337,79200256
6286,25743360
13679,56025088
20637,84525056
20565,84230144
2873,11763712
697,2850816
8878,36360192
3025,12386304
7288,29847552
14989,61390848
16127,66052096
22078,90427392
14194,58134528
4730,19369984
2314,9474048
21560,88305664
1915,7839744
22497,92143616
2156,8826880
13678,56020992
14503,59400192
17779,72818688
13892,56897536
22500,92155904
22821,93470720
2918,11948032
2611,10690560
18903,77422592
17876,73216000
638,2609152
18871,77291520
1520,6221824
16227,66461696
11487,47046656
22329,91455488
26241,107479040
2786,11407360
20103,82337792
5031,20602880
5742,23515136
19350,79253504
13202,54071296
8174,33476608
810,3313664
6401,26214400
19397,79446016
8249,33783808
14776,60518400
14148,57946112
17642,72257536
1816,7434240
8887,36397056
17730,72617984
15379,62988288
2726,11161600
17866,73175040
14001,57344000
15995,65511424
22617,92635136
10822,44322816
1596,6533120
11612,47558656
14168,58028032
21323,87334912
8178,33492992
22033,90243072
24052,98512896
5519,22601728
12752,52228096
6380,26128384
24127,98820096
6573,26918912
16614,68046848
19131,78356480
9793,40108032
1369,5603328
18627,76292096
11854,48549888
4553,18644992
626,2560000
4833,19791872
21847,89481216
14221,58245120
9764,39989248
16199,66347008
7410,30347264
4989,20430848
6792,27815936
7539,30875648
4772,19542016
6033,24707072
4980,20393984
3965,16236544
3777,15466496
18027,73834496
8724,35729408
3817,15630336
11771,48209920
2607,10674176
21104,86437888
11576,47411200
2045,8372224
16261,66600960
16147,66134016
13085,53592064
3018,12357632
4540,18591744
12472,51081216
12214,50024448
24881,101908480
20500,83963904
3225,13205504
11917,48807936
3313,13565952
9785,40075264
15704,64319488
18450,75567104
14952,61239296
2079,8511488
9970,40833024
16270,66637824
21669,88752128
20437,83705856
26007,106520576
25816,105738240
10074,41259008
20373,83443712
4229,17317888
25416,104099840
18014,73781248
6443,26386432
2580,10563584
9946,40734720
3733,15286272
14300,58568704
15872,65007616
4182,17125376
25012,102445056
19920,81588224
14440,59142144
19603,80289792
19156,78458880
8908,36483072
355,1449984
5348,21901312
20182,82661376
11074,45355008
14800,60616704
2761,11304960
6152,25194496
14894,61001728
11381,46612480
1978,8097792
25370,103911424
17705,72515584
25019,102473728
14411,59023360
8332,34123776
16954,69439488
24475,100245504
20343,83320832
16618,68063232
8975,36757504
16601,67993600
10971,44933120
315,1286144
3006,12308480
8871,36331520
15430,63197184
4962,20320256
2697,11042816
16489,67534848
20513,84017152
21249,87031808
16536,67727360
20724,84881408
7038,28823552
14315,58630144
1622,6639616
14291,58531840
4468,18296832
24228,99233792
1834,7507968
25625,104955904
26322,107810816
9287,38035456
13367,54747136
19426,79564800
18005,73744384
20237,82886656
1002,4100096
17536,71823360
18526,75878400
16153,66158592
7116,29143040
13318,54546432
22425,91848704
4569,18710528
4384,17952768
23580,96579584
21972,89993216
11948,48934912
11146,45649920
13231,54190080
19376,79360000
12176,49868800
19367,79323136
3413,13975552
18645,76365824
19666,80547840
22296,91320320
5212,21344256
11931,48865280
19485,79806464
24403,99950592
24412,99987456
21905,89718784
13212,54112256
1495,6119424
19683,80617472
9117,37339136
7555,30941184
7188,29437952
8237,33734656
18246,74731520
186,757760
7824,32043008
25799,105668608
23141,94781440
14314,58626048
13485,55230464
13544,55472128
2128,8712192
18517,75841536
2521,10321920
16286,66703360
17624,72183808
18131,74260480
8277,33898496
20128,82440192
25192,103182336
24756,101396480
6965,28524544
22510,92196864
5179,21209088
9963,40804352
1144,4681728
25691,105226240
25852,105885696
12947,53026816
2334,9555968
22209,90963968
9961,40796160
18657,76414976
22884,93728768
1267,5185536
4385,17956864
20163,82583552
9558,39145472
6736,27586560
10020,41037824
1669,6832128
18166,74403840
17952,73527296
4913,20119552
25004,102412288
8950,36655104
21199,86827008
200,815104
22443,91922432
5730,23465984
23479,96165888
6840,28012544
23935,98033664
25161,103055360
9123,37363712
23849,97681408
23557,96485376
3135,12836864
17555,71901184
23812,97529856
1077,4407296
11772,48214016
4381,17940480
23156,94842880
19428,79572992
14636,59944960
3080,12611584
17653,72302592
3496,14315520
5135,21028864
16374,67063808
7888,32305152
22231,91054080
13840,56684544
1219,4988928
943,3858432
14647,59990016
10426,42700800
2900,11874304
19964,81768448
23289,95387648
14561,59637760
18737,76742656
11534,47239168
17277,70762496
3433,14057472
15477,63389696
19434,79597568
19731,80814080
13910,56971264
23793,97452032
11199,45867008
16801,68812800
15277,62570496
19451,79667200
23842,97652736
2633,10780672
9835,40280064
15462,63328256
25277,103530496
21801,89292800
26310,107761664
23009,94240768
972,3977216
4607,18866176
9370,38375424
1776,7270400
11477,47005696
1292,5287936
3360,13758464
24373,99827712
18888,77361152
8054,32985088
19679,80601088
14367,58843136
24217,99188736
23230,95145984
17410,71307264
7930,32477184
24430,100061184
1412,5779456
16254,66572288
19091,78192640
5651,23142400
18931,77537280
13458,55119872
20433,83689472
23949,98091008
15344,62844928
23732,97202176
18672,76476416
23154,94834688
20388,83505152
6043,24748032
9387,38445056
4177,17104896
1024,4190208
10118,41439232
15363,62922752
14272,58454016
6940,28422144
22466,92016640
1961,8028160
19028,77934592
25509,104480768
20536,84111360
8532,34942976
624,2551808
5671,23224320
1406,5754880
7299,29892608
16296,66744320
25720,105345024
3914,16027648
12130,49680384
11924,48836608
16109,65978368
826,3379200
14570,59674624
5364,21966848
8621,35307520
13192,54030336
5168,21164032
3422,14012416
17859,73146368
22271,91217920
1249,5111808
12426,50892800
8005,32784384
7826,32051200
10815,44294144
2494,10211328
3320,13594624
19908,81539072
24537,100499456
4038,16535552
12175,49864704
3991,16343040
22679,92889088
25376,103936000
5779,23666688
1918,7852032
1922,7868416
4900,20066304
9852,40349696
25759,105504768
13811,56565760
20197,82722816
3217,13172736
20722,84873216
25144,102985728
20135,82468864
3188,13053952
11012,45101056
8486,34754560
8478,34721792
25053,102612992
14527,59498496
14107,57778176
17184,70381568
19860,81342464
14456,59207680
20778,85102592
3459,14163968
6256,25620480
22047,90300416
4514,18485248
9035,37003264
1708,6991872
8108,33206272
15261,62504960
17848,73101312
11000,45051904
607,2482176
4413,18071552
1494,6115328
4417,18087936
1221,4997120
23593,96632832
3219,13180928
746,3051520
1417,5799936
9684,39661568
9414,38555648
1529,6258688
3294,13488128
4800,19656704
13476,55193600
24427,100048896
18069,74006528
8117,33243136
4212,17248256
3714,15208448
4516,18493440
18090,74092544
20626,84480000
8069,33046528
13238,54218752
22247,91119616
6615,27090944
14373,58867712
15083,61775872
9481,38830080
21736,89026560
17588,72036352
17330,70979584
17122,70127616
23176,94924800
12543,51372032
10239,41934848
25766,105533440
15318,62738432
15323,62758912
6106,25006080
4930,20189184
13766,56381440
21681,88801280
5355,21929984
4734,19386368
18489,75726848
18586,76124160
18176,74444800
3764,15413248
23743,97247232
26088,106852352
3043,12460032
19735,80830464
7945,32538624
19446,79646720
20840,85356544
8420,34484224
2534,10375168
13894,56905728
14068,57618432
24384,99872768
4584,18771968
12361,50626560
17500,71675904
1526,6246400
19288,78999552
9926,40652800
19599,80273408
5996,24555520
12074,49451008
23560,96497664
9806,40161280
13159,53895168
2456,10055680
22484,92090368
23069,94486528
23581,96583680
25665,105119744
15009,61472768
25840,105836544
5043,20652032
25941,106250240
12672,51900416
17397,71254016
12491,51159040
20684,84717568
23806,97505280
519,2121728
4575,18735104
18407,75390976
6293,25772032
15737,64454656
2491,10199040
10925,44744704
9062,37113856
11563,47357952
21602,88477696
2344,9596928
8215,33644544
12660,51851264
20192,82702336
13000,53243904
20216,82800640
1722,7049216
16736,68546560
11332,46411776
8675,35528704
12958,53071872
12161,49807360
4564,18690048
12849,52625408
11119,45539328
12666,51875840
25794,105648128
8309,34029568
3281,13434880
4476,18329600
12848,52621312
9984,40890368
1982,8114176
9245,37863424
25750,105467904
14658,60035072
17419,71344128
556,2273280
3231,13230080
24698,101158912
13555,55517184
20912,85651456
8589,35176448
15308,62697472
6956,28487680
15890,65081344
7034,28807168
13039,53403648
5920,24244224
981,4014080
26309,107757568
10490,42962944
14922,61116416
18366,75223040
14512,59437056
15141,62013440
12354,50597888
6607,27058176
24929,102105088
23824,97579008
21048,86208512
8409,34439168
17720,72577024
938,3837952
7422,30396416
21538,88215552
4308,17641472
5596,22917120
5879,24076288
3458,14159872
13425,54984704
12422,50876416
23157,94846976
3709,15187968
9750,39931904
7285,29835264
22846,93573120
8746,35819520
18262,74797056
24504,100364288
24977,102301696
1326,5427200
12014,49205248
23461,96092160
26195,107290624
3150,12898304
4198,17190912
26199,107307008
25573,104742912
14982,61362176
24266,99389440
24740,101330944
4921,20152320
14963,61284352
14634,59936768
10579,43327488
5464,22376448
3451,14131200
21691,88842240
25063,102653952
20712,84832256
2189,8962048
3741,15319040
26042,106663936
3189,13058048
7256,29716480
14975,61333504
3552,14544896
16636,68136960
367,1499136
17272,70742016
7909,32391168
13281,54394880
13173,53952512
1336,5468160
6130,25104384
10447,42786816
5158,21123072
20953,85819392
4195,17178624
449,1835008
1736,7106560
1512,6189056
6264,25653248
18776,76902400
7275,29794304
5062,20729856
25535,104587264
14596,59781120
3631,14868480
20924,85700608
22960,94040064
15338,62820352
13636,55848960
691,2826240
18794,76976128
14084,57683968
19206,78663680
25615,104914944
20838,85348352
4269,17481728
3157,12926976
6252,25604096
16399,67166208
16215,66412544
4161,17039360
12110,49598464
23390,95801344
11760,48164864
16213,66404352
23055,94429184
1597,6537216
12064,49410048
2971,12165120
2744,11235328
24379,99852288
4856,19886080
13227,54173696
6978,28577792
9104,37285888
5368,21983232
4544,18608128
57,229376
4392,17985536
56,225280
18287,74899456
5561,22773760
9882,40472576
4016,16445440
25252,103428096
22445,91930624
12134,49696768
7057,28901376
13434,55021568
3691,15114240
16884,69152768
21432,87781376
5691,23306240
23032,94334976
16513,67633152
19025,77922304
14143,57925632
11315,46342144
16026,65638400
7407,30334976
23143,94789632
5161,21135360
16743,68575232
22883,93724672
23287,95379456
10608,43446272
63,253952
5697,23330816
23864,97742848
25555,104669184
14766,60477440
12211,50012160
14567,59662336
24445,100122624
22787,93331456
13041,53411840
6808,27881472
10033,41091072
24015,98361344
21516,88125440
7464,30568448
19700,80687104
21777,89194496
15649,64094208
16472,67465216
3307,13541376
17912,73363456
8501,34816000
1845,7553024
14110,57790464
17733,72630272
573,2342912
2359,9658368
25391,103997440
9219,37756928
15847,64905216
11203,45883392
13438,55037952
18924,77508608
21166,86691840
19472,79753216
2518,10309632
12747,52207616
5875,24059904
8865,36306944
4462,18272256
3926,16076800
20682,84709376
8744,35811328
19544,80048128
5452,22327296
23756,97300480
24863,101834752
7546,30904320
2012,8237056
16739,68558848
5789,23707648
11969,49020928
12200,49967104
16953,69435392
19173,78528512
17956,73543680
21154,86642688
15240,62418944
26104,106917888
44,176128
1557,6373376
583,2383872
22799,93380608
10376,42496000
1253,5128192
26112,106950656
14565,59654144
19508,79900672
7483,30646272
9377,38404096
6847,28041216
1560,6385664
8523,34906112
18605,76201984
18435,75505664
3344,13692928
1052,4304896
19755,80912384
9362,38342656
2146,8785920
25599,104849408
12246,50155520
6617,27099136
224,913408
7929,32473088
5103,20897792
10614,43470848
8149,33374208
11837,48480256
17440,71430144
17798,72896512
17181,70369280
26330,107843584
18948,77606912
20975,85909504
21001,86016000
17686,72437760
703,2875392
21401,87654400
10807,44261376
20965,85868544
17043,69804032
14541,59555840
13690,56070144
5694,23318528
20816,85258240
23786,97423360
22905,93814784
24100,98709504
6716,27504640
13616,55767040
14515,59449344
23930,98013184
23116,94679040
25703,105275392
24227,99229696
4703,19259392
23691,97034240
5927,24272896
15803,64724992
10583,43343872
4471,18309120
23173,94912512
21311,87285760
7554,30937088
25547,104636416
10669,43696128
1522,6230016
8397,34390016
8937,36601856
22674,92868608
17663,72343552
12293,50348032
25595,104833024
21760,89124864
7169,29360128
18279,74866688
25028,102510592
5176,21196800
23387,95789056
24958,102223872
14998,61427712
750,3067904
11164,45723648
9938,40701952
10979,44965888
3703,15163392
7377,30212096
14320,58650624
14633,59932672
1351,5529600
24056,98529280
18906,77434880
7334,30035968
24750,101371904
3722,15241216
25207,103243776
6223,25485312
19708,80719872
4783,19587072
13110,53694464
900,3682304
15879,65036288
25864,105934848
12210,50008064
12387,50733056
7249,29687808
3915,16031744
10934,44781568
18983,77750272
20252,82948096
639,2613248
4114,16846848
12872,52719616
24713,101220352
14161,57999360
23191,94986240
11743,48095232
15622,63983616
3068,12562432
20757,85016576
25131,102932480
4201,17203200
10506,43028480
9773,40026112
1309,5357568
16925,69320704
23095,94593024
6785,27787264
6535,26763264
7775,31842304
1574,6443008
18156,74362880
1162,4755456
2174,8900608
18716,76656640
24912,102035456
6662,27283456
15912,65171456
4603,18849792
22834,93523968
14302,58576896
11084,45395968
9879,40460288
1756,7188480
21073,86310912
1275,5218304
9353,38305792
4937,20217856
4630,18960384
17250,70651904
7501,30720000
24157,98942976
24660,101003264
24587,100704256
9611,39362560
7167,29351936
17392,71233536
15828,64827392
14846,60805120
21098,86413312
7978,32673792
23948,98086912
16141,66109440
8135,33316864
7184,29421568
2529,10354688
15955,65347584
19429,79577088
20234,82874368
9639,39477248
14293,58540032
26173,107200512
7830,32067584
13427,54992896
2291,9379840
19477,79773696
13194,54038528
8479,34725888
8734,35770368
6567,26894336
17175,70344704
13314,54530048
1855,7593984
19893,81477632
8147,33366016
8292,33959936
606,2478080
21367,87515136
22545,92340224
5096,20869120
10439,42754048
470,1921024
18483,75702272
6862,28102656
20098,82317312
13061,53493760
21928,89812992
25351,103833600
6384,26144768
177,720896
12095,49537024
1092,4468736
23207,95051776
3044,12464128
24712,101216256
2472,10121216
22596,92549120
2205,9027584
9298,38080512
7109,29114368
24256,99348480
2762,11309056
20019,81993728
22035,90251264
15163,62103552
13643,55877632
18512,75821056
16089,65896448
16178,66260992
19186,78581760
26,102400
12839,52584448
21022,86102016
24009,98336768
3482,14258176
8659,35463168
554,2265088
9844,40316928
19527,79978496
5892,24129536
7664,31387648
23633,96796672
16787,68755456
7837,32096256
16563,67837952
20788,85143552
6529,26738688
4215,17260544
8779,35954688
12624,51703808
25236,103362560
20998,86003712
20521,84049920
702,2871296
20749,84983808
7428,30420992
5275,21602304
5999,24567808
1671,6840320
19044,78000128
19437,79609856
23889,97845248
12570,51482624
12034,49287168
23077,94519296
17793,72876032
25441,104202240
22686,92917760
7029,28786688
1902,7786496
19505,79888384
3319,13590528
2376,9728000
15022,61526016
20138,82481152
6594,27004928
23420,95924224
22721,93061120
1019,4169728
8393,34373632
13937,57081856
25593,104824832
26033,106627072
13277,54378496
13315,54534144
24137,98861056
19112,78278656
14851,60825600
10450,42799104
13524,55390208
659,2695168
16375,67067904
7574,31019008
26325,107823104
21328,87355392
16870,69095424
19759,80928768
8841,36208640
1683,6889472
6242,25563136
4270,17485824
17438,71421952
20012,81965056
20158,82563072
16988,69578752
18730,76713984
15447,63266816
14086,57692160
7533,30851072
18388,75313152
11562,47353856
9358,38326272
20673,84672512
17405,71286784
26182,107237376
14111,57794560
19059,78061568
7420,30388224
19904,81522688
5416,22179840
15218,62328832
25488,104394752
12710,52056064
6157,25214976
5138,21041152
3823,15654912
4631,18964480
23764,97333248
14514,59445248
5385,22052864
12296,50360320
3397,13910016
21614,88526848
18638,76337152
3000,12283904
19563,80125952
18865,77266944
3683,15081472
10115,41426944
2562,10489856
6120,25063424
13789,56475648
11607,47538176
25985,106430464
2390,9785344
3613,14794752
4101,16793600
19026,77926400
913,3735552
21137,86573056
12979,53157888
538,2199552
14369,58851328
1553,6356992
2158,8835072
8639,35381248
15270,62541824
15627,64004096
7660,31371264
16415,67231744
14174,58052608
17873,73203712
2312,9465856
20880,85520384
5209,21331968
6485,26558464
147,598016
20111,82370560
4014,16437248
20779,85106688
10466,42864640
12993,53215232
14727,60317696
1125,4603904
3945,16154624
3026,12390400
3282,13438976
4847,19849216
19312,79097856
14212,58208256
23280,95350784
9669,39600128
10225,41877504
17389,71221248
20109,82362368
10812,44281856
10511,43048960
7462,30560256
11580,47427584
895,3661824
10808,44265472
13429,55001088
12478,51105792
9610,39358464
20597,84361216
14099,57745408
14285,58507264
3855,15785984
5961,24412160
14551,59596800
20692,84750336
19898,81498112
21499,88055808
24378,99848192
5975,24469504
14298,58560512
14004,57356288
23361,95682560
10631,43540480
6630,27152384
16968,69496832
12148,49754112
20218,82808832
7678,31444992
17542,71847936
15413,63127552
22046,90296320
18395,75341824
6658,27267072
17127,70148096
14572,59682816
20427,83664896
15754,64524288
5678,23252992
1328,5435392
12121,49643520
15229,62373888
1755,7184384
6374,26103808
15639,64053248
12329,50495488
20409,83591168
6964,28520448
3472,14217216
19804,81113088
20603,84385792
26006,106516480
19358,79286272
5390,22073344
3034,12423168
21604,88485888
14583,59727872
19382,79384576
9962,40800256
20614,84430848
22346,91525120
9317,38158336
25993,106463232
13794,56496128
22272,91222016
19885,81444864
7114,29134848
3602,14749696
10930,44765184
13313,54525952
1316,5386240
6804,27865088
18673,76480512
19230,78761984
674,2756608
10129,41484288
25080,102723584
3111,12738560
15367,62939136
15197,62242816
21574,88363008
21064,86274048
1372,5615616
5608,22966272
17431,71393280
18347,75145216
17293,70828032
3878,15880192
20829,85311488
20022,82006016
9229,37797888
17436,71413760
10300,42184704
4399,18014208
10686,43765760
2449,10027008
15554,63705088
16883,69148672
390,1593344
6396,26193920
19074,78123008
14770,60493824
20106,82350080
5823,23846912
4645,19021824
8516,34877440
13444,55062528
10329,42303488
11963,48996352
17792,72871936
13172,53948416
21074,86315008
18566,76042240
5246,21483520
7026,28774400
4482,18354176
184,749568
14787,60563456
20826,85299200
16451,67379200
12281,50298880
13835,56664064
3698,15142912
23293,95404032
11270,46157824
5783,23683072
4840,19820544
7499,30711808
7140,29241344
11573,47398912
7800,31944704
25841,105840640
7912,32403456
5149,21086208
313,1277952
2455,10051584
16162,66195456
20347,83337216
21344,87420928
20740,84946944
6204,25407488
3963,16228352
3729,15269888
15901,65126400
2755,11280384
16696,68382720
22204,90943488
7598,31117312
17842,73076736
25543,104620032
24102,98717696
2273,9306112
653,2670592
20077,82231296
22755,93200384
26245,107495424
20179,82649088
5377,22020096
10547,43196416
14673,60096512
2148,8794112
9142,37441536
26212,107360256
8424,34500608
14545,59572224
4302,17616896
15595,63873024
5886,24104960
22681,92897280
20165,82591744
21278,87150592
12445,50970624
12905,52854784
1013,4145152
11988,49098752
10638,43569152
24915,102047744
12444,50966528
21246,87019520
7653,31342592
11374,46583808
11902,48746496
1587,6496256
18249,74743808
6929,28377088
9777,40042496
13162,53907456
25232,103346176
21169,86704128
5934,24301568
8140,33337344
18985,77758464
8732,35762176
4751,19456000
15223,62349312
7380,30224384
967,3956736
446,1822720
6534,26759168
4491,18391040
22820,93466624
21813,89341952
2416,9891840
13165,53919744
10587,43360256
18197,74530816
14692,60174336
8726,35737600
15952,65335296
6243,25567232
7579,31039488
7494,30691328
23905,97910784
25988,106442752
19179,78553088
7193,29458432
15435,63217664
10793,44204032
1093,4472832
10992,45019136
10575,43311104
12572,51490816
24264,99381248
24351,99737600
17337,71008256
10591,43376640
5574,22827008
9599,39313408
25186,103157760
16356,66990080
17363,71114752
8197,33570816
16859,69050368
8080,33091584
4822,19746816
26056,106721280
7493,30687232
22020,90189824
23243,95199232
15881,65044480
7933,32489472
654,2674688
17050,69832704
9569,39190528
15325,62767104
22700,92975104
4823,19750912
18451,75571200
23481,96174080
19746,80875520
19176,78540800
22556,92385280
4774,19550208
11980,49065984
6680,27357184
9283,38019072
6977,28573696
2049,8388608
18599,76177408
3414,13979648
13055,53469184
13664,55963648
9922,40636416
16484,67514368
23984,98234368
23313,95485952
14455,59203584
21652,88682496
25824,105771008
2264,9269248
20783,85123072
16702,68407296
53,212992
10124,41463808
13870,56807424
13310,54513664
23765,97337344
9693,39698432
10217,41844736
2283,9347072
24044,98480128
15948,65318912
9819,40214528
11986,49090560
17383,71196672
4549,18628608
744,3043328
12853,52641792
15960,65368064
10464,42856448
21702,88887296
20572,84258816
15396,63057920
24575,100655104
10363,42442752
16939,69378048
2747,11247616
134,544768
22275,91234304
6749,27639808
18184,74477568
13757,56344576
22066,90378240
12859,52666368
776,3174400
16772,68694016
15672,64188416
8381,34324480
413,1687552
9647,39510016
16062,65785856
9113,37322752
3370,13799424
22636,92712960
21766,89149440
8641,35389440
2057,8421376
22748,93171712
26140,107065344
12306,50401280
24016,98365440
23636,96808960
21197,86818816
11137,45613056
11950,48943104
17368,71135232
24,94208
13889,56885248
10072,41250816
20262,82989056
16377,67076096
2466,10096640
8934,36589568
19523,79962112
7459,30547968
24745,101351424
1094,4476928
13511,55336960
25350,103829504
15123,61939712
14476,59289600
3473,14221312
20876,85504000
15296,62648320
12618,51679232
8772,35926016
26146,107089920
13008,53276672
6752,27652096
6088,24932352
7621,31211520
7610,31166464
8281,33914880
23601,96665600
8549,35012608
8392,34369536
22560,92401664
26082,106827776
18724,76689408
10746,44011520
21999,90103808
17909,73351168
22351,91545600
20044,82096128
1634,6688768
7624,31223808
6221,25477120
587,2400256
17260,70692864
2787,11411456
9152,37482496
13648,55898112
15947,65314816
7006,28692480
1468,6008832
20746,84971520
16320,66842624
3824,15659008
3665,15007744
17452,71479296
871,3563520
24471,100229120
5817,23822336
4871,19947520
4315,17670144
6656,27258880
5455,22339584
15665,64159744
12894,52809728
22059,90349568
16929,69337088
20424,83652608
599,2449408
7306,29921280
22797,93372416
769,3145728
8495,34791424
11754,48140288
7203,29499392
14263,58417152
17083,69967872
5318,21778432
22563,92413952
21512,88109056
8022,32854016
11742,48091136
3642,14913536
19545,80052224
6140,25145344
22835,93528064
24133,98844672
4325,17711104
16305,66781184
13166,53923840
3457,14155776
3180,13021184
18418,75436032
16156,66170880
14052,57552896
26047,106684416
1338,5476352
5082,20811776
13369,54755328
8916,36515840
16417,67239936
15198,62246912
3864,15822848
5417,22183936
13962,57184256
4872,19951616
9412,38547456
6722,27529216
3545,14516224
17629,72204288
12588,51556352
5089,20840448
8554,35033088
8921,36536320
21237,86982656
9620,39399424
11166,45731840
16530,67702784
858,3510272
22031,90234880
3415,13983744
17892,73281536
20009,81952768
19430,79581184
26070,106778624
25518,104517632
22586,92508160
23254,95244288
11719,47996928
20651,84582400
1775,7266304
19458,79695872
23459,96083968
17243,70623232
2514,10293248
15780,64630784
10188,41725952
11849,48529408
9567,39182336
6873,28147712
6990,28626944
22233,91062272
10116,41431040
2872,11759616
7575,31023104
19439,79618048
18112,74182656
23527,96362496
18393,75333632
16036,65679360
15927,65232896
15443,63250432
10120,41447424
1346,5509120
5058,20713472
9861,40386560
25737,105414656
18750,76795904
23456,96071680
5938,24317952
12331,50503680
18663,76439552
4354,17829888
26094,106876928
6505,26640384
17374,71159808
1195,4890624
5316,21770240
24415,99999744
19870,81383424
1745,7143424
1012,4141056
2024,8286208
15499,63479808
11160,45707264
23223,95117312
13346,54661120
963,3940352
7648,31322112
4715,19308544
21882,89624576
8127,33284096
22091,90480640
1080,4419584
14018,57413632
1165,4767744
18194,74518528
6385,26148864
13049,53444608
4879,19980288
4235,17342464
20361,83394560
13417,54951936
21384,87584768
9974,40849408
16454,67391488
16165,66207744
16297,66748416
18449,75563008
17064,69890048
15647,64086016
6818,27922432
16947,69410816
17717,72564736
3954,16191488
10206,41799680
16343,66936832
11831,48455680
23802,97488896
10499,42999808
8198,33574912
13338,54628352
6915,28319744
17773,72794112
14916,61091840
24383,99868672
17837,73056256
18315,75014144
22079,90431488
15669,64176128
5534,22663168
19467,79732736
2578,10555392
10190,41734144
20119,82403328
1809,7405568
9895,40525824
22009,90144768
24900,101986304
13738,56266752
14932,61157376
3553,14548992
20221,82821120
26300,107720704
20369,83427328
12593,51576832
10642,43585536
22515,92217344
21731,89006080
139,565248
3837,15712256
17210,70488064
12555,51421184
4076,16691200
1764,7221248
5050,20680704
6317,25870336
10352,42397696
18252,74756096
16889,69173248
15977,65437696
19475,79765504
9059,37101568
17721,72581120
20578,84283392
7003,28680192
22695,92954624
13778,56430592
23205,95043584
2528,10350592
9061,37109760
7936,32501760
3318,13586432
2911,11919360
8685,35569664
6955,28483584
15551,63692800
4045,16564224
13048,53440512
9535,39051264
4286,17551360
6787,27795456
704,2879488
11547,47292416
17699,72491008
298,1216512
15487,63430656
7442,30478336
5928,24276992
1456,5959680
19866,81367040
7750,31739904
4361,17858560
15512,63533056
19487,79814656
21935,89841664
10914,44699648
25121,102891520
508,2076672
6884,28192768
18664,76443648
4566,18698240
23843,97656832
3786,15503360
1443,5906432
13287,54419456
8796,36024320
711,2908160
8384,34336768
3861,15810560
24980,102313984
15280,62582784
2308,9449472
14299,58564608
12578,51515392
24979,102309888
4216,17264640
23452,96055296
4604,18853888
12016,49213440
17075,69935104
7463,30564352
12895,52813824
3480,14249984
2884,11808768
1516,6205440
9670,39604224
26180,107229184
2279,9330688
1945,7962624
22313,91389952
83,335872
4227,17309696
19247,78831616
2306,9441280
24994,102371328
18731,76718080
8123,33267712
8938,36605952
16824,68907008
2407,9854976
13230,54185984
585,2392064
5838,23908352
5905,24182784
8633,35356672
4029,16498688
22989,94158848
18097,74121216
17328,70971392
16434,67309568
9464,38760448
4105,16809984
17760,72740864
21423,87744512
15155,62070784
3554,14553088
4756,19476480
10308,42217472
8196,33566720
24965,102252544
1988,8138752
17708,72527872
21729,88997888
1282,5246976
4991,20439040
2099,8593408
17248,70643712
14137,57901056
22215,90988544
1166,4771840
3750,15355904
916,3747840
6683,27369472
8542,34983936
4691,19210240
15147,62038016
4852,19869696
24038,98455552
4577,18743296
1562,6393856
10387,42541056
13993,57311232
12432,50917376
3536,14479360
785,3211264
9204,37695488
22327,91447296
23789,97435648
23515,96313344
6809,27885568
18058,73961472
23586,96604160
10685,43761664
15269,62537728
17179,70361088
25642,105025536
8808,36073472
8942,36622336
24195,99098624
7258,29724672
7679,31449088
19453,79675392
22301,91340800
15598,63885312
3330,13635584
18326,75059200
2828,11579392
10139,41525248
16738,68554752
7052,28880896
16462,67424256
10522,43094016
12237,50118656
1469,6012928
1605,6569984
18859,77242368
21810,89329664
10785,44171264
13941,57098240
14025,57442304
5069,20758528
21270,87117824
435,1777664
21461,87900160
21886,89640960
22758,93212672
2213,9060352
12094,49532928
12983,53174272
15039,61595648
22918,93868032
7253,29704192
22376,91648000
7799,31940608
10743,43999232
10283,42115072
20620,84455424
25021,102481920
1001,4096000
10625,43515904
8373,34291712
4828,19771392
11668,47788032
6522,26710016
23766,97341440
1693,6930432
20059,82157568
4444,18198528
16006,65556480
26271,107601920
24832,101707776
23201,95027200
22149,90718208
16240,66514944
191,778240
6812,27897856
10697,43810816
19215,78700544
24050,98504704
15438,63229952
15295,62644224
10555,43229184
15407,63102976
546,2232320
7133,29212672
18743,76767232
9621,39403520
25017,102465536
18198,74534912
9188,37629952
23847,97673216
16780,68726784
6859,28090368
3002,12292096
23675,96968704
12251,50176000
26032,106622976
23624,96759808
21078,86331392
22557,92389376
12544,51376128
21819,89366528
26299,107716608
17221,70533120
279,1138688
8818,36114432
25072,102690816
4641,19005440
4711,19292160
6307,25829376
16248,66547712
7887,32301056
19929,81625088
7102,29085696
15150,62050304
8721,35717120
19088,78180352
24720,101249024
5060,20721664
15018,61509632
15336,62812160
9432,38629376
22887,93741056
15532,63614976
591,2416640
10643,43589632
24497,100335616
20857,85426176
24404,99954688
14254,58380288
6700,27439104
24235,99262464
8729,35749888
17877,73220096
23225,95125504
15114,61902848
2836,11612160
16009,65568768
3373,13811712
11600,47509504
13086,53596160
20769,85065728
10651,43622400
20244,82915328
24375,99835904
15444,63254528
16664,68251648
1348,5517312
20782,85118976
4529,18546688
10683,43753472
10513,43057152
10423,42688512
20824,85291008
24703,101179392
13531,55418880
15228,62369792
18469,75644928
3420,14004224
3862,15814656
17150,70242304
9325,38191104
14083,57679872
788,3223552
20041,82083840
13371,54763520
25290,103583744
12128,49672192
16634,68128768
18542,75943936
8733,35766272
8088,33124352
19691,80650240
8369,34275328
8443,34578432
19210,78680064
9716,39792640
24226,99225600
2638,10801152
14804,60633088
11630,47632384
12228,50081792
19228,78753792
15351,62873600
9862,40390656
8774,35934208
3507,14360576
16125,66043904
20645,84557824
21632,88600576
684,2797568
2450,10031104
3990,16338944
18256,74772480
6786,27791360
23073,94502912
8749,35831808
4034,16519168
6017,24641536
18369,75235328
10855,44457984
5446,22302720
6508,26652672
12793,52396032
18904,77426688
14466,59248640
24892,101953536
25640,105017344
11554,47321088
17885,73252864
6449,26411008
24271,99409920
16393,67141632
21079,86335488
5645,23117824
9429,38617088
16769,68681728
17344,71036928
7372,30191616
22780,93302784
4350,17813504
13533,55427072
23867,97755136
14395,58957824
6874,28151808
4957,20299776
14867,60891136
17904,73330688
683,2793472
2277,9322496
25581,104775680
25481,104366080
19864,81358848
22689,92930048
10806,44257280
23266,95293440
16892,69185536
234,954368
13282,54398976
24945,102170624
9745,39911424
12861,52674560
24976,102297600
7191,29450240
438,1789952
21931,89825280
3125,12795904
25991,106455040
21625,88571904
22815,93446144
2369,9699328
2286,9359360
2700,11055104
9935,40689664
11753,48136192
2808,11497472
3560,14577664
26317,107790336
25457,104267776
17417,71335936
7777,31850496
8755,35856384
1371,5611520
4479,18341888
22192,90894336
5379,22028288
2002,8196096
21332,87371776
7703,31547392
150,610304
24730,101289984
21404,87666688
13190,54022144
20242,82907136
21986,90050560
17423,71360512
5615,22994944
21932,89829376
12443,50962432
19468,79736832
25777,105578496
10332,42315776
2239,9166848
18530,75894784
4168,17068032
15609,63930368
25449,104235008
8380,34320384
878,3592192
13608,55734272
8506,34836480
22406,91770880
6922,28348416
19408,79491072
2880,11792384
16040,65695744
1836,7516160
8305,34013184
18281,74874880
21379,87564288
1,0
25216,103280640
13408,54915072
18154,74354688
9533,39043072
4796,19640320
24486,100290560
1420,5812224
16446,67358720
10042,41127936
21321,87326720
26270,107597824
1027,4202496
22167,90791936
3393,13893632
24576,100659200
9227,37789696
7659,31367168
19050,78024704
25068,102674432
25280,103542784
8765,35897344
12192,49934336
11404,46706688
23443,96018432
25206,103239680
22361,91586560
8310,34033664
2378,9736192
1107,4530176
8652,35434496
19411,79503360
5667,23207936
6153,25198592
13709,56147968
14144,57929728
23160,94859264
15930,65245184
15536,63631360
295,1204224
16927,69328896
3726,15257600
14238,58314752
22690,92934144
26305,107741184
939,3842048
5571,22814720
9120,37351424
21408,87683072
14164,58011648
18820,77082624
1240,5074944
10476,42905600
11509,47136768
5654,23154688
20088,82276352
20461,83804160
5701,23347200
18082,74059776
13845,56705024
15830,64835584
23904,97906688
664,2715648
14322,58658816
11525,47202304
13760,56356864
14027,57450496
10661,43663360
11071,45342720
18699,76587008
11633,47644672
26218,107384832
19422,79548416
1180,4829184
7534,30855168
14496,59371520
24393,99909632
309,1261568
23100,94613504
3952,16183296
23992,98267136
22186,90869760
22785,93323264
7302,29904896
1378,5640192
22133,90652672
11493,47071232
25528,104558592
551,2252800
14848,60813312
19928,81620992
23326,95539200
23703,97083392
4866,19927040
10589,43368448
1229,5029888
14627,59908096
19335,79192064
12142,49729536
12870,52711424
4636,18984960
20479,83877888
2397,9814016
18346,75141120
12334,50515968
16300,66760704
14379,58892288
19740,80850944
9276,37990400
18311,74997760
22771,93265920
6678,27348992
17562,71929856
12415,50847744
821,3358720
22318,91410432
22501,92160000
6761,27688960
22853,93601792
13915,56991744
20084,82259968
21403,87662592
24866,101847040
6854,28069888
24130,98832384
16763,68657152
20011,81960960
25176,103116800
20091,82288640
10742,43995136
12480,51113984
436,1781760
26167,107175936
22431,91873280
19828,81211392
15305,62685184
6411,26255360
26123,106995712
17697,72482816
23745,97255424
21015,86073344
17851,73113600
16882,69144576
25129,102924288
14226,58265600
4689,19202048
20260,82980864
24655,100982784
26307,107749376
25585,104792064
14316,58634240
21575,88367104
19589,80232448
18400,75362304
20654,84594688
13348,54669312
10384,42528768
20726,84889600
6734,27578368
11176,45772800
7137,29229056
7386,30248960
2424,9924608
13966,57200640
18383,75292672
521,2129920
26264,107573248
25291,103587840
16571,67870720
18386,75304960
18527,75882496
1667,6823936
14151,57958400
6410,26251264
19845,81281024
17329,70975488
3504,14348288
8609,35258368
23310,95473664
22006,90132480
23730,97193984
13261,54312960
11624,47607808
23455,96067584
3416,13987840
21102,86429696
22782,93310976
795,3252224
10707,43851776
24632,100888576
26214,107368448
26128,107016192
23970,98177024
13521,55377920
2480,10153984
26194,107286528
25282,103550976
23308,95465472
7031,28794880
5867,24027136
21978,90017792
14868,60895232
23957,98123776
5603,22945792
21413,87703552
14058,57577472
16836,68956160
6078,24891392
13299,54468608
14659,60039168
14785,60555264
14286,58511360
13688,56061952
12174,49860608
7718,31608832
24328,99643392
12316,50442240
21271,87121920
11206,45895680
17959,73555968
19827,81207296
26022,106582016
9265,37945344
16001,65536000
25692,105230336
1394,5705728
178,724992
7797,31932416
2995,12263424
21787,89235456
5785,23691264
16728,68513792
21227,86941696
8047,32956416
2331,9543680
4568,18706432
9796,40120320
25096,102789120
9736,39874560
4228,17313792
1145,4685824
6614,27086848
25751,105472000
19774,80990208
10654,43634688
18254,74764288
23996,98283520
3284,13447168
7267,29761536
2034,8327168
22703,92987392
19763,80945152
5569,22806528
25043,102572032
8962,36704256
8965,36716544
17695,72474624
16485,67518464
18391,75325440
15290,62623744
1270,5197824
7350,30101504
23713,97124352
2956,12103680
23278,95342592
9239,37838848
10144,41545728
11578,47419392
7940,32518144
9273,37978112
22630,92688384
26045,106676224
9900,40546304
19625,80379904
17336,71004160
22114,90574848
18259,74784768
8000,32763904
24031,98426880
20991,85975040
2182,8933376
18726,76697600
14768,60485632
9009,36896768
14045,57524224
17019,69705728
3849,15761408
25307,103653376
9243,37855232
17899,73310208
10073,41254912
9452,38711296
17788,72855552
19369,79331328
13516,55357440
12877,52740096
13787,56467456
21522,88150016
8494,34787328
22343,91512832
15359,62906368
23508,96284672
2391,9789440
3239,13262848
16931,69345280
17229,70565888
1896,7761920
20375,83451904
20583,84303872
5484,22458368
15105,61865984
1051,4300800
10954,44863488
24972,102281216
604,2469888
10014,41013248
2067,8462336
20010,81956864
9389,38453248
16058,65769472
4043,16556032
10011,41000960
335,1368064
4513,18481152
16514,67637248
4044,16560128
166,675840
21307,87269376
21758,89116672
18907,77438976
4497,18415616
12975,53141504
4309,17645568
14196,58142720
21895,89677824
19237,78790656
8629,35340288
11757,48152576
14831,60743680
19004,77836288
6661,27279360
1889,7733248
9115,37330944
22891,93757440
5703,23355392
25995,106471424
16226,66457600
748,3059712
4127,16900096
18042,73895936
14160,57995264
12303,50388992
9810,40177664
15875,65019904
11339,46440448
7770,31821824
3731,15278080
15593,63864832
20193,82706432
20434,83693568
24444,100118528
12450,50991104
19489,79822848
1810,7409664
18006,73748480
20598,84365312
1819,7446528
20875,85499904
21655,88694784
4526,18534400
9499,38903808
23135,94756864
2178,8916992
17665,72351744
9511,38952960
7900,32354304
20948,85798912
10950,44847104
19836,81244160
2076,8499200
15480,63401984
14372,58863616
18360,75198464
12533,51331072
24960,102232064
16894,69193728
5086,20828160
25377,103940096
23926,97996800
8989,36814848
6003,24584192
5829,23871488
23934,98029568
8958,36687872
4420,18100224
6794,27824128
10644,43593728
21851,89497600
5570,22810624
20297,83132416
3299,13508608
15525,63586304
3883,15900672
12632,51736576
9923,40640512
22041,90275840
6636,27176960
24835,101720064
6177,25296896
8098,33165312
21510,88100864
13719,56188928
14715,60268544
11468,46968832
15191,62218240
17059,69869568
8405,34422784
12446,50974720
22319,91414528
296,1208320
11363,46538752
12531,51322880
21911,89743360
6404,26226688
26142,107073536
15939,65282048
1949,7979008
8406,34426880
10720,43905024
25353,103841792
14899,61022208
3302,13520896
12049,49348608
3815,15622144
15559,63725568
23865,97746944
22315,91398144
13040,53407744
13717,56180736
2675,10952704
3988,16330752
17111,70082560
4349,17809408
8247,33775616
9958,40783872
4812,19705856
9908,40579072
15846,64901120
7375,30203904
7639,31285248
6394,26185728
14392,58945536
8624,35319808
7673,31424512
5190,21254144
9193,37650432
8410,34443264
2290,9375744
20898,85594112
870,3559424
15677,64208896
20510,84004864
9838,40292352
22860,93630464
4687,19193856
6226,25497600
662,2707456
21639,88629248
2201,9011200
6959,28499968
13820,56602624
12881,52756480
21134,86560768
15777,64618496
1017,4161536
7950,32559104
22731,93102080
13677,56016896
3872,15855616
6271,25681920
2886,11816960
4451,18227200
6855,28073984
10195,41754624
13933,57065472
16938,69373952
5001,20480000
9656,39546880
7699,31531008
26277,107626496
1869,7651328
14463,59236352
12534,51335168
4975,20373504
11527,47210496
270,1101824
3763,15409152
11897,48726016
23155,94838784
5034,20615168
21841,89456640
21630,88592384
19167,78503936
8522,34902016
25717,105332736
11989,49102848
22340,91500544
6824,27947008
19403,79470592
22646,92753920
21385,87588864
10145,41549824
19671,80568320
4950,20271104
2690,11014144
15543,63660032
2276,9318400
22893,93765632
18204,74559488
5806,23777280
25617,104923136
9366,38359040
21285,87179264
26206,107335680
25407,104062976
20043,82092032
1045,4276224
20140,82489344
5117,20955136
16531,67706880
15781,64634880
23589,96616448
1122,4591616
16180,66269184
24156,98938880
12645,51789824
17543,71852032
22908,93827072
13453,55099392
7248,29683712
991,4055040
24601,100761600
811,3317760
17930,73437184
13561,55541760
11566,47370240
243,991232
20363,83402752
17325,70959104
12383,50716672
25326,103731200
25264,103477248
5067,20750336
731,2990080
4849,19857408
16659,68231168
2216,9072640
5648,23130112
10831,44359680
2548,10432512
12162,49811456
18434,75501568
17459,71507968
20957,85835776
25296,103608320
20818,85266432
10253,41992192
8261,33832960
3383,13852672
16340,66924544
11089,45416448
10493,42975232
5711,23388160
9155,37494784
17042,69799936
18167,74407936
25181,103137280
14547,59580416
7076,28979200
15404,63090688
10085,41304064
24446,100126720
21535,88203264
20523,84058112
25670,105140224
24032,98430976
20133,82460672
20686,84725760
10734,43962368
20071,82206720
19610,80318464
18905,77430784
20325,83247104
3256,13332480
8527,34922496
19525,79970304
12850,52629504
21476,87961600
11218,45944832
3432,14053376
387,1581056
3257,13336576
15510,63524864
1421,5816320
22312,91385856
5790,23711744
15900,65122304
13632,55832576
23896,97873920
21728,88993792
9636,39464960
25964,106344448
12842,52596736
20173,82624512
12765,52281344
5903,24174592
19636,80424960
24909,102023168
4077,16695296
4600,18837504
12307,50405376
22004,90124288
6101,24985600
9885,40484864
4383,17948672
2569,10518528
13407,54910976
21146,86609920
3478,14241792
20070,82202624
17998,73715712
24680,101085184
23758,97308672
16668,68268032
17461,71516160
13,49152
1939,7938048
21431,87777280
6933,28393472
24789,101531648
7590,31084544
2570,10522624
1442,5902336
25243,103391232
17182,70373376
25894,106057728
22099,90513408
5323,21798912
10477,42909696
22632,92696576
488,1994752
10819,44310528
463,1892352
10814,44290048
8888,36401152
3193,13074432
7200,29487104
9500,38907904
22282,91262976
15135,61988864
20631,84500480
13323,54566912
4736,19394560
2582,10571776
8097,33161216
1530,6262784
6610,27070464
5294,21680128
577,2359296
3027,12394496
13378,54792192
5759,23584768
26246,107499520
568,2322432
17784,72839168
17391,71229440
10843,44408832
6729,27557888
11645,47693824
13220,54145024
21317,87310336
4231,17326080
19637,80429056
7924,32452608
12532,51326976
24813,101629952
9444,38678528
23339,95592448
3194,13078528
24880,101904384
17525,71778304
24252,99332096
2902,11882496
3161,12943360
17967,73588736
1510,6180864
16185,66289664
25960,106328064
4662,19091456
14557,59621376
23467,96116736
24174,99012608
23315,95494144
433,1769472
6420,26292224
14958,61263872
24861,101826560
20952,85815296
23834,97619968
10248,41971712
2577,10551296
8056,32993280
17915,73375744
22159,90759168
15084,61779968
19787,81043456
12125,49659904
2639,10805248
11871,48619520
19478,79777792
1537,6291456
21340,87404544
21144,86601728
9288,38039552
8832,36171776
13620,55783424
11008,45084672
17015,69689344
19418,79532032
18793,76972032
4996,20459520
14190,58118144
14671,60088320
22256,91156480
24752,101380096
21114,86478848
16662,68243456
7136,29224960
15709,64339968
7507,30744576
7695,31514624
14532,59518976
2445,10010624
15286,62607360
1931,7905280
16874,69111808
23247,95215616
10180,41693184
24536,100495360
14244,58339328
12417,50855936
26258,107548672
6835,27992064
4521,18513920
2200,9007104
21056,86241280
919,3760128
23932,98021376
5716,23408640
4528,18542592
21194,86806528
16915,69279744
1261,5160960
8094,33148928
8239,33742848
18938,77565952
17748,72691712
22163,90775552
18532,75902976
13398,54874112
18869,77283328
14956,61255680
13971,57221120
713,2916352
18288,74903552
13652,55914496
6969,28540928
23901,97894400
15001,61440000
20748,84979712
19459,79699968
1664,6811648
26147,107094016
25850,105877504
14513,59441152
15026,61542400
23921,97976320
6012,24621056
14519,59465728
8252,33796096
21511,88104960
6418,26284032
21656,88698880
23501,96256000
1395,5709824
15288,62615552
3721,15237120
24479,100261888
21414,87707648
14198,58150912
16695,68378624
13705,56131584
20498,83955712
18507,75800576
5167,21159936
15660,64139264
23140,94777344
6334,25939968
13304,54489088
5206,21319680
8615,35282944
23918,97964032
18192,74510336
640,2617344
19419,79536128
18873,77299712
24741,101335040
1403,5742592
10509,43040768
10364,42446848
11130,45584384
3278,13422592
19971,81797120
23903,97902592
25675,105160704
17854,73125888
17923,73408512
15503,63496192
10816,44298240
1064,4354048
21306,87265280
15208,62287872
5356,21934080
11258,46108672
13073,53542912
2795,11444224
4671,19128320
10679,43737088
682,2789376
22590,92524544
16555,67805184
17157,70270976
13938,57085952
19813,81149952
18562,76025856
23128,94728192
2258,9244672
124,503808
19393,79429632
22956,94023680
25051,102604800
20319,83222528
22518,92229632
6988,28618752
7012,28717056
8689,35586048
1555,6365184
17578,71995392
14136,57896960
4941,20234240
5040,20639744
22220,91009024
5334,21843968
11945,48922624
11014,45109248
24205,99139584
25786,105615360
850,3477504
11081,45383680
10209,41811968
23562,96505856
9743,39903232
9763,39985152
10838,44388352
5498,22515712
13534,55431168
1870,7655424
8876,36352000
19554,80089088
6137,25133056
5143,21061632
15402,63082496
1652,6762496
16916,69283840
13662,55955456
19739,80846848
8762,35885056
4156,17018880
26004,106508288
6992,28635136
3132,12824576
13264,54325248
5564,22786048
15274,62558208
12503,51208192
19326,79155200
5424,22212608
11065,45318144
5480,22441984
15058,61673472
11439,46850048
11464,46952448
15556,63713280
20856,85422080
9910,40587264
24540,100511744
4393,17989632
22740,93138944
14242,58331136
15599,63889408
24583,100687872
23794,97456128
21654,88690688
16129,66060288
1135,4644864
3656,14970880
12524,51294208
1552,6352896
1164,4763648
10792,44199936
22585,92504064
7419,30384128
11022,45142016
647,2646016
25195,103194624
23183,94953472
9634,39456768
17741,72663040
19093,78200832
18105,74153984
1235,5054464
688,2813952
19037,77971456
12521,51281920
24816,101642240
18988,77770752
19135,78372864
21008,86044672
1236,5058560
13368,54751232
8702,35639296
25586,104796160
3759,15392768
14767,60481536
6079,24895488
17256,70676480
14845,60801024
8920,36532224
22074,90411008
18123,74227712
24747,101359616
22145,90701824
12573,51494912
7905,32374784
17473,71565312
14280,58486784
6851,28057600
16818,68882432
1717,7028736
11201,45875200
9451,38707200
13392,54849536
13821,56606720
16069,65814528
10582,43339776
10491,42967040
25106,102830080
7991,32727040
22981,94126080
11322,46370816
22664,92827648
17651,72294400
5052,20688896
16943,69394432
23344,95612928
11626,47616000
17355,71081984
3213,13156352
4530,18550784
11960,48984064
23925,97992704
5684,23277568
1104,4517888
13699,56107008
10349,42385408
16184,66285568
25059,102637568
14186,58101760
11492,47067136
19808,81129472
3143,12869632
15010,61476864
17714,72552448
3477,14237696
10350,42389504
24516,100413440
12698,52006912
23400,95842304
7772,31830016
4010,16420864
22382,91672576
11462,46944256
5046,20664320
19007,77848576
17398,71258112
22953,94011392
20742,84955136
23203,95035392
26144,107081728
22719,93052928
15678,64212992
13899,56926208
24324,99627008
12504,51212288
19362,79302656
15161,62095360
12800,52424704
15348,62861312
25268,103493632
15513,63537152
11068,45330432
8658,35459072
24304,99545088
3424,14020608
11883,48668672
2970,12161024
3042,12455936
17245,70631424
353,1441792
24657,100990976
7914,32411648
13918,57004032
15500,63483904
6894,28233728
11595,47489024
11333,46415872
359,1466368
22258,91164672
15904,65138688
3776,15462400
22614,92622848
26061,106741760
8146,33361920
14088,57700352
21913,89751552
6148,25178112
2244,9187328
16589,67944448
12381,50708480
5644,23113728
11851,48537600
14699,60203008
13244,54243328
7274,29790208
24500,100347904
15620,63975424
1905,7798784
9514,38965248
12160,49803264
18721,76677120
4334,17747968
11413,46743552
2028,8302592
6767,27713536
23969,98172928
10470,42881024
8169,33456128
11060,45297664
7901,32358400
9976,40857600
18464,75624448
24796,101560320
14038,57495552
5242,21467136
921,3768320
14863,60874752
792,3239936
14156,57978880
18319,75030528
4586,18780160
251,1024000
1969,8060928
15795,64692224
22241,91095040
9686,39669760
9711,39772160
11185,45809664
24618,100831232
9609,39354368
17696,72478720
9264,37941248
8565,35078144
12173,49856512
3401,13926400
14950,61231104
13404,54898688
22008,90140672
76,307200
21750,89083904
13027,53354496
8944,36630528
20617,84443136
23569,96534528
12549,51396608
6054,24793088
22826,93491200
1398,5722112
21684,88813568
18129,74252288
16690,68358144
21474,87953408
20530,84086784
1397,5718016
8575,35119104
10621,43499520
17262,70701056
25174,103108608
14829,60735488
11100,45461504
21122,86511616
15179,62169088
1569,6422528
3029,12402688
8560,35057664
15335,62808064
3363,13770752
23418,95916032
15048,61632512
20601,84377600
18887,77357056
18121,74219520
5351,21913600
20494,83939328
16411,67215360
12253,50184192
19680,80605184
106,430080
23436,95989760
7719,31612928
5811,23797760
5193,21266432
516,2109440
1536,6287360
4739,19406848
6082,24907776
983,4022272
233,950272
3208,13135872
19114,78286848
14700,60207104
7069,28950528
19174,78532608
20821,85278720
18897,77398016
20855,85417984
8165,33439744
22774,93278208
940,3846144
8469,34684928
25275,103522304
2862,11718656
11621,47595520
2083,8527872
25308,103657472
25754,105484288
4827,19767296
21320,87322624
21245,87015424
5595,22913024
17740,72658944
5350,21909504
2914,11931648
11814,48386048
3868,15839232
12515,51257344
8508,34844672
3879,15884288
23630,96784384
24365,99794944
7931,32481280
12852,52637696
25368,103903232
11428,46804992
7902,32362496
8847,36233216
26124,106999808
6581,26951680
24128,98824192
9638,39473152
1257,5144576
1860,7614464
3204,13119488
23693,97042432
15571,63774720
16499,67575808
7821,32030720
11860,48574464
24477,100253696
26229,107429888
20423,83648512
8077,33079296
17046,69816320
3680,15069184
10269,42057728
625,2555904
2757,11288576
8515,34873344
22016,90173440
1302,5328896
9902,40554496
18916,77475840
17196,70430720
18269,74825728
13490,55250944
23388,95793152
7163,29335552
14167,58023936
10318,42258432
17656,72314880
17040,69791744
4675,19144704
266,1085440
18508,75804672
11886,48680960
7614,31182848
12163,49815552
17803,72916992
13639,55861248
12554,51417088
13124,53751808
1470,6017024
18858,77238272
19073,78118912
667,2727936
19594,80252928
4612,18886656
19608,80310272
18000,73723904
20442,83726336
18636,76328960
11813,48381952
12965,53100544
2322,9506816
19924,81604608
13715,56172544
26155,107126784
20516,84029440
22912,93843456
21084,86355968
5415,22175744
19165,78495744
287,1171456
6049,24772608
22701,92979200
25239,103374848
5171,21176320
8106,33198080
13382,54808576
20147,82518016
24551,100556800
349,1425408
11682,47845376
14326,58675200
8957,36683776
22094,90492928
11990,49106944
4030,16502784
25396,104017920
13822,56610816
8199,33579008
15263,62513152
5266,21565440
9978,40865792
459,1875968
25701,105267200
17189,70402048
19286,78991360
22944,93974528
21282,87166976
9543,39084032
25398,104026112
8853,36257792
5200,21295104
15302,62672896
24285,99467264
9447,38690816
20810,85233664
21222,86921216
3251,13312000
7190,29446144
6866,28119040
16123,66035712
12719,52092928
5475,22421504
10903,44654592
9662,39571456
1531,6266880
25485,104382464
20432,83685376
2364,9678848
15731,64430080
24305,99549184
17120,70119424
22874,93687808
14875,60923904
8747,35823616
26108,106934272
3525,14434304
15685,64241664
14795,60596224
21531,88186880
17134,70176768
18547,75964416
10214,41832448
15851,64921600
12817,52494336
10676,43724800
3892,15937536
11135,45604864
9589,39272448
3586,14684160
4511,18472960
9116,37335040
20429,83673088
403,1646592
12600,51605504
14972,61321216
11035,45195264
23998,98291712
9209,37715968
3943,16146432
9687,39673856
1303,5332992
1263,5169152
22858,93622272
16266,66621440
23999,98295808
5099,20881408
13280,54390784
8666,35491840
17199,70443008
582,2379776
17476,71577600
21805,89309184
12274,50270208
14818,60690432
23946,98078720
17845,73089024
10249,41975808
15893,65093632
20085,82264064
11087,45408256
22415,91807744
15391,63037440
26296,107704320
15801,64716800
8612,35270656
6936,28405760
12344,50556928
18091,74096640
8083,33103872
11571,47390720
12411,50831360
13487,55238656
25839,105832448
21896,89681920
24930,102109184
10221,41861120
15382,63000576
11729,48037888
19389,79413248
10008,40988672
21236,86978560
17505,71696384
21852,89501696
18509,75808768
13593,55672832
274,1118208
11892,48705536
15924,65220608
21002,86020096
6588,26980352
1220,4993024
7682,31461376
24719,101244928
12479,51109888
5054,20697088
16928,69332992
7070,28954624
17462,71520256
24260,99364864
12496,51179520
13711,56156160
21695,88858624
19359,79290368
1160,4747264
22191,90890240
2082,8523776
7455,30531584
2365,9682944
4911,20111360
11570,47386624
18819,77078528
18762,76845056
13642,55873536
8925,36552704
16113,65994752
4643,19013632
22420,91828224
775,3170304
6362,26054656
19193,78610432
15393,63045632
14172,58044416
18402,75370496
803,3284992
22140,90681344
2664,10907648
4637,18989056
19177,78544896
20257,82968576
5812,23801856
1196,4894720
22613,92618752
2892,11841536
1654,6770688
22910,93835264
12863,52682752
14471,59269120
16828,68923392
8524,34910208
23640,96825344
6037,24723456
9881,40468480
24742,101339136
21041,86179840
10333,42319872
818,3346432
16276,66662400
12151,49766400
19660,80523264
10633,43548672
10335,42328064
25698,105254912
2448,10022912
20139,82485248
10879,44556288
9719,39804928
19202,78647296
14548,59584512
7176,29388800
26259,107552768
11020,45133824
12821,52510720
22232,91058176
19876,81408000
26171,107192320
16556,67809280
11890,48697344
21095,86401024
17739,72654848
10889,44597248
3928,16084992
6823,27942912
5771,23633920
10396,42577920
7223,29581312
18267,74817536
5106,20910080
21627,88580096
14119,57827328
8446,34590720
21650,88674304
18994,77795328
7994,32739328
25644,105033728
22804,93401088
17785,72843264
6203,25403392
25333,103759872
7691,31498240
25848,105869312
18380,75280384
70,282624
25439,104194048
6283,25731072
4495,18407424
454,1855488
14223,58253312
16061,65781760
2574,10539008
24098,98701312
867,3547136
10973,44941312
6086,24924160
9982,40882176
20641,84541440
11844,48508928
13541,55459840
25412,104083456
23137,94765056
2018,8261632
9191,37642240
10900,44642304
12541,51363840
9125,37371904
11457,46923776
13491,55255040
15264,62517248
22977,94109696
25519,104521728
19481,79790080
631,2580480
17888,73265152
9070,37146624
9133,37404672
9001,36864000
10983,44982272
23358,95670272
8499,34807808
22722,93065216
19556,80097280
15441,63242240
2031,8314880
8057,32997376
22188,90877952
23553,96468992
24595,100737024
4748,19443712
20588,84324352
22367,91611136
5175,21192704
12901,52838400
11444,46870528
10723,43917312
20110,82366464
8082,33099776
7125,29179904
5944,24342528
9676,39628800
10640,43577344
9894,40521728
302,1232896
12743,52191232
20685,84721664
25778,105582592
16741,68567040
14113,57802752
13126,53760000
5358,21942272
18628,76296192
22387,91693056
12728,52129792
1360,5566464
7604,31141888
7832,32075776
10479,42917888
13236,54210560
18396,75345920
19941,81674240
1357,5554176
19958,81743872
9356,38318080
7246,29675520
25182,103141376
16303,66772992
21052,86224896
7582,31051776
18579,76095488
4082,16715776
11830,48451584
12456,51015680
827,3383296
22254,91148288
1561,6389760
11995,49127424
14229,58277888
11876,48640000
646,2641920
22001,90112000
17646,72273920
23590,96620544
13793,56492032
8363,34250752
25512,104493056
1171,4792320
25090,102764544
18901,77414400
2464,10088448
17812,72953856
22803,93396992
25758,105500672
11385,46628864
21324,87339008
2001,8192000
11904,48754688
4457,18251776
16515,67641344
13361,54722560
1215,4972544
24325,99631104
765,3129344
17356,71086080
12790,52383744
18754,76812288
17650,72290304
2196,8990720
6026,24678400
15711,64348160
13963,57188352
3797,15548416
13418,54956032
20658,84611072
15721,64389120
15565,63750144
25393,104005632
21601,88473600
689,2818048
10915,44703744
14396,58961920
6540,26783744
16490,67538944
13600,55701504
12835,52568064
4344,17788928
11490,47058944
15623,63987712
18824,77099008
21057,86245376
19889,81461248
17673,72384512
3429,14041088
19491,79831040
18541,75939840
5906,24186880
2451,10035200
20208,82767872
2775,11362304
16095,65921024
21591,88432640
20884,85536768
21587,88416256
417,1703936
20571,84254720
24063,98557952
23696,97054720
6361,26050560
25316,103690240
20228,82849792
21721,88965120
15823,64806912
38,151552
11991,49111040
13645,55885824
9052,37072896
20145,82509824
17096,70021120
3686,15093760
4374,17911808
25050,102600704
5551,22732800
3114,12750848
21070,86298624
18828,77115392
20506,83988480
10098,41357312
22999,94199808
25302,103632896
22949,93995008
4434,18157568
7206,29511680
15549,63684608
6,20480
18912,77459456
21668,88748032
7396,30289920
19155,78454784
1208,4943872
17945,73498624
8745,35815424
9860,40382464
20577,84279296
19624,80375808
9624,39415808
14231,58286080
20834,85331968
22358,91574272
12400,50786304
1418,5804032
10137,41517056
24941,102154240
22746,93163520
3909,16007168
21000,86011904
19676,80588800
22930,93917184
14334,58707968
14820,60698624
26138,107057152
25107,102834176
12101,49561600
22554,92377088
23951,98099200
7706,31559680
16022,65622016
17393,71237632
12694,51990528
11559,47341568
25728,105377792
20967,85876736
9048,37056512
13298,54464512
6665,27295744
22665,92831744
3262,13357056
253,1032192
13301,54476800
14166,58019840
17223,70541312
16542,67751936
14629,59916288
18991,77783040
18848,77197312
17800,72904704
25150,103010304
23255,95248384
7646,31313920
1646,6737920
15820,64794624
21482,87986176
20515,84025344
15132,61976576
3444,14102528
17132,70168576
15365,62930944
24115,98770944
10688,43773952
21448,87846912
23540,96415744
240,978944
6791,27811840
1732,7090176
20888,85553152
24112,98758656
11896,48721920
25283,103555072
20719,84860928
19372,79343616
11516,47165440
15770,64589824
14492,59355136
10202,41783296
6036,24719360
816,3338240
15362,62918656
11272,46166016
24150,98914304
5797,23740416
24858,101814272
23963,98148352
12085,49496064
24913,102039552
20969,85884928
2720,11137024
12777,52330496
9143,37445632
18268,74821632
11298,46272512
12164,49819648
11693,47890432
21865,89554944
21820,89370624
906,3706880
9295,38068224
4694,19222528
22974,94097408
6628,27144192
7998,32755712
3905,15990784
21816,89354240
8896,36433920
20201,82739200
22909,93831168
22805,93405184
2815,11526144
13723,56205312
7864,32206848
9421,38584320
12245,50151424
18409,75399168
16647,68182016
9413,38551552
19310,79089664
12507,51224576
10609,43450368
6502,26628096
17844,73084928
7016,28733440
209,851968
5140,21049344
18468,75640832
16958,69455872
1096,4485120
18103,74145792
12196,49950720
24811,101621760
13657,55934976
10435,42737664
434,1773568
11196,45854720
18930,77533184
24316,99594240
16641,68157440
19469,79740928
8328,34107392
16721,68485120
23136,94760960
286,1167360
21148,86618112
4037,16531456
9272,37974016
6586,26972160
4124,16887808
21829,89407488
16166,66211840
7512,30765056
17519,71753728
15112,61894656
8308,34025472
13891,56893440
16448,67366912
5460,22360064
19685,80625664
22314,91394048
10104,41381888
16764,68661248
21364,87502848
14157,57982976
10505,43024384
23740,97234944
22692,92942336
5652,23146496
8194,33558528
17865,73170944
25049,102596608
20538,84119552
25036,102543360
21127,86532096
6343,25976832
7725,31637504
8045,32948224
11503,47112192
20277,83050496
5345,21889024
12583,51535872
5866,24023040
8289,33947648
19747,80879616
12220,50049024
5613,22986752
5804,23769088
594,2428928
3175,13000704
23458,96079872
20153,82542592
18706,76615680
26254,107532288
13208,54095872
14791,60579840
25815,105734144
7959,32595968
4219,17276928
24267,99393536
10767,44097536
9127,37380096
1813,7421952
222,905216
3881,15892480
25922,106172416
23342,95604736
2740,11218944
5878,24072192
14778,60526592
7008,28700672
9644,39497728
17974,73617408
1189,4866048
17090,69996544
3398,13914112
15767,64577536
4211,17244160
5732,23474176
22397,91734016
16746,68587520
22505,92176384
24985,102334464
13589,55656448
18015,73785344
20224,82833408
5686,23285760
20123,82419712
22894,93769728
21661,88719360
25962,106336256
16808,68841472
1863,7626752
6146,25169920
9691,39690240
24401,99942400
3087,12640256
15799,64708608
11786,48271360
22817,93454336
21982,90034176
26324,107819008
16101,65945600
13111,53698560
14643,59973632
663,2711552
6030,24694784
10321,42270720
1917,7847936
5531,22650880
360,1470464
26165,107167744
3734,15290368
13680,56029184
20239,82894848
20557,84197376
17563,71933952
17961,73564160
11251,46080000
2056,8417280
23829,97599488
1168,4780032
24141,98877440
16181,66273280
22380,91664384
11674,47812608
17291,70819840
18962,77664256
4004,16396288
170,692224
23248,95219712
18696,76574720
5486,22466560
6755,27664384
3720,15233024
2309,9453568
15993,65503232
18223,74637312
2730,11177984
9136,37416960
2101,8601600
3717,15220736
24885,101924864
21373,87539712
23123,94707712
1884,7712768
11526,47206400
19696,80670720
9319,38166528
8692,35598336
8367,34267136
4063,16637952
16978,69537792
15426,63180800
2462,10080256
21105,86441984
6398,26202112
17882,73240576
25967,106356736
9630,39440384
19329,79167488
1350,5525504
23250,95227904
23037,94355456
26099,106897408
18135,74276864
5962,24416256
17664,72347648
14988,61386752
3869,15843328
14080,57667584
17093,70008832
20706,84807680
23285,95371264
25867,105947136
5902,24170496
17382,71192576
16794,68784128
16277,66666496
15294,62640128
690,2822144
4943,20242432
9,32768
10100,41365504
10666,43683840
9735,39870464
1888,7729152
5163,21143552
21550,88264704
16287,66707456
1928,7892992
12619,51683328
15504,63500288
282,1150976
4583,18767872
3630,14864384
3270,13389824
6684,27373568
20671,84664320
19587,80224256
11222,45961216
3335,13656064
11541,47267840
8037,32915456
7159,29319168
4415,18079744
5573,22822912
1086,4444160
18769,76873728
22827,93495296
25,98304
15542,63655936
12136,49704960
18126,74240000
17727,72605696
11544,47280128
6131,25108480
7773,31834112
4649,19038208
6839,28008448
22839,93544448
13334,54611968
20121,82411520
5908,24195072
18540,75935744
21242,87003136
10578,43323392
8342,34164736
8087,33120256
21392,87617536
14329,58687488
4954,20287488
18806,77025280
14031,57466880
5449,22315008
4448,18214912
11488,47050752
13358,54710272
8811,36085760
1238,5066752
11879,48652288
22455,91971584
6766,27709440
15466,63344640
18458,75599872
17692,72462336
4386,17960960
3207,13131776
14537,59539456
15433,63209472
30,118784
17332,70987776
11952,48951296
10007,40984576
18317,75022336
2495,10215424
11302,46288896
25006,102420480
2920,11956224
2490,10194944
15152,62058496
9570,39194624
25379,103948288
4758,19484672
2718,11128832
7138,29233152
25539,104603648
24474,100241408
4157,17022976
18583,76111872
4927,20176896
4368,17887232
22523,92250112
20715,84844544
11348,46477312
8801,36044800
24592,100724736
1181,4833280
9173,37568512
20207,82763776
9179,37593088
17832,73035776
40,159744
4621,18923520
17166,70307840
1864,7630848
10407,42622976
14649,59998208
13373,54771712
2210,9048064
20744,84963328
5974,24465408
23244,95203328
5260,21540864
15033,61571072
4735,19390464
15182,62181376
555,2269184
9289,38043648
128,520192
3619,14819328
8487,34758656
16500,67579904
22890,93753344
24947,102178816
18493,75743232
14103,57761792
5073,20774912
22870,93671424
17811,72949760
10094,41340928
1476,6041600
10645,43597824
23052,94416896
3165,12959744
5014,20533248
23688,97021952
2247,9199616
16167,66215936
20938,85757952
1820,7450624
8301,33996800
12812,52473856
1222,5001216
13473,55181312
18831,77127680
11495,47079424
10251,41984000
10482,42930176
23752,97284096
2371,9707520
1437,5881856
15388,63025152
3936,16117760
16592,67956736
868,3551232
6993,28639232
5524,22622208
824,3371008
12468,51064832
18505,75792384
14444,59158528
18792,76967936
23548,96448512
14725,60309504
1749,7159808
2651,10854400
4094,16764928
14218,58232832
4018,16453632
21464,87912448
19837,81248256
20595,84353024
17591,72048640
9967,40820736
9487,38854656
26001,106496000
14447,59170816
2839,11624448
22371,91627520
1626,6656000
15151,62054400
16092,65908736
23273,95322112
17743,72671232
10035,41099264
14423,59072512
17704,72511488
23079,94527488
18022,73814016
1293,5292032
24449,100139008
22574,92459008
22182,90853376
16046,65720320
24354,99749888
9024,36958208
17386,71208960
14807,60645376
17233,70582272
17375,71163904
25420,104116224
2779,11378688
26175,107208704
25957,106315776
1454,5951488
10917,44711936
11770,48205824
23603,96673792
2230,9129984
18914,77467648
20180,82653184
24381,99860480
24626,100864000
2644,10825728
5413,22167552
11282,46206976
14297,58556416
20338,83300352
12186,49909760
11411,46735360
3796,15544320
2499,10231808
8969,36732928
25394,104009728
951,3891200
16323,66854912
9898,40538112
26220,107393024
20635,84516864
465,1900544
16583,67919872
11136,45608960
9929,40665088
21719,88956928
5015,20537344
9613,39370752
18301,74956800
8041,32931840
21107,86450176
11736,48066560
4766,19517440
10680,43741184
13038,53399552
17192,70414336
17867,73179136
15374,62967808
817,3342336
24512,100397056
8884,36384768
2050,8392704
246,1003520
22394,91721728
1115,4562944
23222,95113216
1321,5406720
24496,100331520
13097,53641216
1924,7876608
4169,17072128
8222,33673216
24967,102260736
3222,13193216
2945,12058624
25890,106041344
17001,69632000
21949,89899008
13952,57143296
7183,29417472
277,1130496
11249,46071808
21299,87236608
20931,85729280
1848,7565312
19690,80646144
1713,7012352
15052,61648896
21782,89214976
6124,25079808
14961,61276160
15719,64380928
2612,10694656
18365,75218944
9905,40566784
17156,70266880
10564,43266048
8780,35958784
18874,77303808
9049,37060608
7173,29376512
26027,106602496
15634,64032768
24160,98955264
13161,53903360
23232,95154176
7166,29347840
22994,94179328
16620,68071424
12314,50434048
4587,18784256
4438,18173952
24987,102342656
3685,15089664
15493,63455232
18551,75980800
7862,32198656
3712,15200256
8502,34820096
1212,4960256
11305,46301184
20346,83333120
7485,30654464
5239,21454848
19400,79458304
15207,62283776
5978,24481792
22888,93745152
4199,17195008
26038,106647552
23559,96493568
2135,8740864
15377,62980096
245,999424
20359,83386368
14525,59490304
12841,52592640
7309,29933568
11579,47423488
19248,78835712
26168,107180032
17404,71282688
17858,73142272
11953,48955392
9875,40443904
18755,76816384
6856,28078080
10636,43560960
17261,70696960
2408,9859072
12104,49573888
9761,39976960
493,2015232
24097,98697216
23649,96862208
24852,101789696
25781,105594880
23351,95641600
14274,58462208
20127,82436096
20269,83017728
8700,35631104
5092,20852736
16193,66322432
21998,90099712
3584,14675968
15597,63881216
11649,47710208
6292,25767936
16362,67014656
3031,12410880
12547,51388416
13145,53837824
18308,74985472
5194,21270528
19275,78946304
2301,9420800
6185,25329664
15989,65486848
23714,97128448
7340,30060544
14610,59838464
14711,60252160
3591,14704640
6944,28438528
24249,99319808
24003,98312192
22687,92921856
2501,10240000
18052,73936896
18488,75722752
21670,88756224
9300,38088704
25571,104734720
15908,65155072
13403,54894592
21088,86372352
22100,90517504
22000,90107904
25258,103452672
22107,90546176
16611,68034560
22304,91353088
16920,69300224
13155,53878784
6426,26316800
13468,55160832
3645,14925824
22587,92512256
10569,43286528
15074,61739008
3607,14770176
21523,88154112
23473,96141312
14055,57565184
2683,10985472
2854,11685888
12078,49467392
20449,83755008
4007,16408576
144,585728
20491,83927040
19818,81170432
534,2183168
946,3870720
14991,61399040
25274,103518208
2776,11366400
25428,104148992
3317,13582336
5900,24162304
15272,62550016
15253,62472192
19306,79073280
21571,88350720
12858,52662272
20961,85852160
10402,42602496
8189,33538048
4423,18112512
5147,21078016
13084,53587968
7085,29016064
19825,81199104
215,876544
24562,100601856
2415,9887744
16479,67493888
25240,103378944
4070,16666624
25653,105070592
19338,79204352
6217,25460736
15276,62566400
12195,49946624
2983,12214272
10340,42348544
16071,65822720
24058,98537472
23664,96923648
264,1077248
8525,34914304
26280,107638784
102,413696
206,839680
636,2600960
24828,101691392
17896,73297920
11758,48156672
12794,52400128
10441,42762240
8539,34971648
4693,19218432
16952,69431296
2025,8290304
18812,77049856
25402,104042496
14469,59260928
15964,65384448
15070,61722624
14718,60280832
19726,80793600
15489,63438848
10964,44904448
23876,97792000
12236,50114560
2691,11018240
1097,4489216
9826,40243200
12140,49721344
24337,99680256
5123,20979712
1641,6717440
21683,88809472
23989,98254848
1224,5009408
4912,20115456
4924,20164608
9036,37007360
16906,69242880
7134,29216768
11654,47730688
10635,43556864
8181,33505280
5941,24330240
17518,71749632
1930,7901184
10495,42983424
5991,24535040
1894,7753728
20905,85622784
14947,61218816
5782,23678976
7042,28839936
15940,65286144
7209,29523968
16724,68497408
23327,95543296
7829,32063488
6932,28389376
16056,65761280
12813,52477952
11062,45305856
24361,99778560
5313,21757952
14621,59883520
9271,37969920
7752,31748096
15725,64405504
4705,19267584
10478,42913792
11286,46223360
7729,31653888
10112,41414656
13324,54571008
21823,89382912
21189,86786048
10778,44142592
4260,17444864
13880,56848384
13411,54927360
19940,81670144
24030,98422784
10438,42749952
12484,51130368
21864,89550848
17631,72212480
4414,18075648
5959,24403968
19773,80986112
5874,24055808
10147,41558016
14460,59224064
12043,49324032
1366,5591040
17734,72634368
21083,86351872
14330,58691584
8668,35500032
10797,44220416
9608,39350272
22336,91484160
13083,53583872
17202,70455296
8706,35655680
11521,47185920
11733,48054272
14290,58527744
2752,11268096
18587,76128256
10286,42127360
17191,70410240
11002,45060096
1589,6504448
23687,97017856
22199,90923008
9488,38858752
250,1019904
7955,32579584
3662,14995456
15959,65363968
24164,98971648
25035,102539264
24969,102268928
13191,54026240
17488,71626752
26041,106659840
14853,60833792
19075,78127104
15730,64425984
22368,91615232
3694,15126528
16079,65855488
19832,81227776
15673,64192512
2229,9125888
8017,32833536
24013,98353152
15380,62992384
7972,32649216
7252,29700096
6040,24735744
24107,98738176
17556,71905280
7755,31760384
3569,14614528
14944,61206528
12323,50470912
21747,89071616
17553,71892992
3013,12337152
16893,69189632
9734,39866368
25198,103206912
3445,14106624
15346,62853120
24726,101273600
25740,105426944
7606,31150080
14419,59056128
10842,44404736
17549,71876608
25101,102809600
25184,103149568
269,1097728
21971,89989120
4129,16908288
24396,99921920
4440,18182144
25837,105824256
23668,96940032
8561,35061760
15670,64180224
11321,46366720
19847,81289216
8161,33423360
25479,104357888
18845,77185024
24548,100544512
6294,25776128
16260,66596864
8901,36454400
18455,75587584
15450,63279104
1795,7348224
5558,22761472
2694,11030528
9747,39919616
22036,90255360
12397,50774016
22745,93159424
1976,8089600
20657,84606976
11248,46067712
14056,57569280
24990,102354944
21369,87523328
20120,82407424
17275,70754304
8488,34762752
23898,97882112
6117,25051136
16765,68665344
4307,17637376
2560,10481664
25164,103067648
24166,98979840
22417,91815936
13259,54304768
2958,12111872
10570,43290624
14268,58437632
3167,12967936
23778,97390592
16334,66899968
21434,87789568
16971,69509120
23929,98009088
23754,97292288
17027,69738496
47,188416
23524,96350208
8115,33234944
9216,37744640
3692,15118336
22642,92737536
16609,68026368
18283,74883072
14407,59006976
23048,94400512
19130,78352384
19353,79265792
6917,28327936
10648,43610112
14358,58806272
10153,41582592
17732,72626176
7866,32215040
16905,69238784
13535,55435264
21077,86327296
18703,76603392
16517,67649536
17219,70524928
2519,10313728
14839,60776448
3293,13484032
15656,64122880
16645,68173824
20308,83177472
23721,97157120
24777,101482496
14688,60157952
10518,43077632
15741,64471040
16653,68206592
24850,101781504
7917,32423936
26057,106725376
11889,48693248
12796,52408320
2636,10792960
12374,50679808
25891,106045440
19199,78635008
881,3604480
3644,14921728
6769,27721728
17220,70529024
238,970752
18953,77627392
14705,60227584
13927,57040896
20309,83181568
23927,98000896
13777,56426496
22772,93270016
11238,46026752
553,2260992
13421,54968320
18182,74469376
18518,75845632
10110,41406464
13772,56406016
16283,66691072
1306,5345280
20633,84508672
13815,56582144
17326,70963200
2895,11853824
3423,14016512
9026,36966400
15663,64151552
22624,92663808
8368,34271232
12915,52895744
8414,34459648
2576,10547200
25940,106246144
22861,93634560
6483,26550272
8911,36495360
24463,100196352
10099,41361408
23071,94494720
24136,98856960
17465,71532544
15533,63619072
8614,35278848
12792,52391936
25791,105635840
17480,71593984
22773,93274112
23399,95838208
24600,100757504
8246,33771520
1730,7081984
12294,50352128
19057,78053376
18404,75378688
15925,65224704
16960,69464064
3437,14073856
9352,38301696
16747,68591616
8350,34197504
21243,87007232
19049,78020608
6982,28594176
7843,32120832
15267,62529536
12086,49500160
18643,76357632
20006,81940480
8595,35201024
23871,97771520
17424,71364608
14869,60899328
22122,90607616
21374,87543808
6732,27570176
1956,8007680
10374,42487808
11425,46792704
11794,48304128
22611,92610560
19658,80515072
25882,106008576
13402,54890496
20391,83517440
15144,62025728
25863,105930752
8787,35987456
2963,12132352
24158,98947072
24826,101683200
9667,39591936
23306,95457280
14412,59027456
9795,40116224
22873,93683712
21191,86794240
22051,90316800
8235,33726464
9431,38625280
6735,27582464
23544,96432128
13451,55091200
1608,6582272
19355,79273984
25140,102969344
21995,90087424
24785,101515264
4498,18419712
12751,52224000
26290,107679744
5540,22687744
22324,91435008
21917,89767936
11101,45465600
12082,49483776
1113,4554752
7906,32378880
25688,105213952
12018,49221632
10610,43454464
11174,45764608
12509,51232768
24559,100589568
16263,66609152
14338,58724352
14871,60907520
7401,30310400
1026,4198400
10752,44036096
23165,94879744
10079,41279488
4523,18522112
20344,83324928
1114,4558848
18191,74506240
16342,66932736
532,2174976
12037,49299456
15834,64851968
16755,68624384
8994,36835328
18168,74412032
2659,10887168
19433,79593472
22649,92766208
1521,6225920
10830,44355584
618,2527232
6094,24956928
24356,99758080
420,1716224
15712,64352256
1687,6905856
25898,106074112
23182,94949376
4558,18665472
4449,18219008
13863,56778752
21881,89620480
10393,42565632
22384,91680768
2522,10326016
1927,7888896
19991,81879040
2421,9912320
7524,30814208
20885,85540864
7705,31555584
17871,73195520
18626,76288000
9901,40550400
5841,23920640
26304,107737088
16322,66850816
20394,83529728
16085,65880064
17034,69767168
16842,68980736
16426,67276800
6432,26341376
11050,45256704
22295,91316224
20078,82235392
16672,68284416
19948,81702912
17319,70934528
497,2031616
13357,54706176
26295,107700224
21954,89919488
22092,90484736
8821,36126720
549,2244608
16200,66351104
2260,9252864
6408,26243072
4977,20381696
11653,47726592
11678,47828992
8696,35614720
15509,63520768
739,3022848
11768,48197632
16097,65929216
16497,67567616
1289,5275648
9463,38756352
23120,94695424
10458,42831872
4057,16613376
4069,16662528
7670,31412224
841,3440640
4644,19017728
23376,95744000
15032,61566976
25109,102842368
24095,98689024
26148,107098112
5298,21696512
11650,47714304
9752,39940096
24387,99885056
5243,21471232
6081,24903680
18925,77512704
25285,103563264
10895,44621824
2513,10289152
22796,93368320
780,3190784
3744,15331328
6714,27496448
8418,34476032
21305,87261184
12405,50806784
962,3936256
24888,101937152
11748,48115712
736,3010560
4594,18812928
3085,12632064
16155,66166784
26174,107204608
16903,69230592
7243,29663232
13569,55574528
3822,15650816
10790,44191744
8259,33824768
24658,100995072
20902,85610496
2459,10067968
16982,69554176
12248,50163712
1423,5824512
3055,12509184
11842,48500736
14849,60817408
7416,30371840
19968,81784832
18565,76038144
4490,18386944
22331,91463680
20679,84697088
23049,94404608
6668,27308032
24110,98750464
17092,70004736
342,1396736
23767,97345536
21751,89088000
12560,51441664
7736,31682560
14613,59850752
16364,67022848
17081,69959680
5441,22282240
12402,50794496
26098,106893312
4702,19255296
18852,77213696
14021,57425920
21840,89452544
3277,13418496
13730,56233984
17922,73404416
18436,75509760
14589,59752448
848,3469312
22418,91820032
19777,81002496
6510,26660864
6035,24715264
136,552960
13992,57307136
10106,41390080
21775,89186304
23869,97763328
15695,64282624
5105,20905984
6618,27103232
14889,60981248
17862,73158656
13241,54231040
11395,46669824
12502,51204096
23062,94457856
18172,74428416
4548,18624512
6634,27168768
11194,45846528
1532,6270976
8869,36323328
17197,70434816
23061,94453760
10428,42708992
7438,30461952
16560,67825664
