workload,db,strategy,arm,ra_kb,rep,warmup,cold_pct,delivery_pct,first_query_us,preproc_us,open_us,deliver_us,parse_us,ranges,e2e_us,e2e_warm_us,avg_us,majflt,minflt,load,memavail_kb,ts
A,orig,baseline,baseline,128,1,1,0.00,0.00,851.24,0.00,0.00,0.00,,,851.24,851.24,2.15,190.00,246.00,1.17,19463428,2026-09-18T06:06:06Z
B,orig,baseline,baseline,128,1,1,0.00,0.00,2152.58,0.00,0.00,0.00,,,2152.58,2152.58,2.37,192.00,251.00,1.17,19463472,2026-09-18T06:06:06Z
C,orig,baseline,baseline,128,1,1,0.00,0.00,1036.12,0.00,0.00,0.00,,,1036.12,1036.12,1.62,20.00,28.00,1.17,19464800,2026-09-18T06:06:06Z
C_hit,orig,baseline,baseline,128,1,1,0.00,0.00,1011.13,0.00,0.00,0.00,,,1011.13,1011.13,1.69,41.00,57.00,1.17,19465432,2026-09-18T06:06:07Z
A,orig,layers_5,pread,128,1,1,0.00,100.00,864.08,591.77,149.15,442.62,,,1455.85,1306.70,2.17,190.00,245.00,1.17,19463240,2026-09-18T06:06:07Z
A,orig,layers_5,async,128,1,1,0.00,100.00,856.77,212.06,142.64,69.42,,,1068.83,926.19,2.16,190.00,245.00,1.17,19465452,2026-09-18T06:06:07Z
A,orig,layers_5,async_win,128,1,1,0.00,100.00,827.35,212.20,143.29,8.15,60.75,2.00,1039.55,835.50,2.14,190.00,245.00,1.17,19464036,2026-09-18T06:06:08Z
A,orig,layers_5,async_bulk,128,1,1,0.00,100.00,900.38,218.61,143.01,7.70,67.90,2.00,1118.99,908.08,2.20,190.00,245.00,1.15,19464524,2026-09-18T06:06:08Z
A,orig,layers_92,pread,128,1,1,0.00,100.00,568.15,8324.89,183.07,8141.82,,,8893.04,8709.97,2.23,187.00,258.00,1.15,19465732,2026-09-18T06:06:08Z
A,orig,layers_92,async,128,1,1,0.00,100.00,531.28,387.04,177.35,209.68,,,918.32,740.96,2.16,187.00,257.00,1.15,19468104,2026-09-18T06:06:09Z
A,orig,layers_92,async_win,128,1,1,0.00,100.00,541.89,368.62,176.37,126.32,65.93,87.00,910.51,668.21,2.16,187.00,257.00,1.15,19467876,2026-09-18T06:06:09Z
A,orig,layers_92,async_bulk,128,1,1,0.00,100.00,609.22,361.89,172.53,123.33,66.02,87.00,971.11,732.55,2.20,187.00,257.00,1.15,19464876,2026-09-18T06:06:09Z
A,orig,2d,pread,128,1,1,0.00,100.00,566.14,1856.93,142.05,1714.88,,,2423.07,2281.02,2.10,187.00,258.00,1.15,19465616,2026-09-18T06:06:10Z
A,orig,2d,async,128,1,1,0.00,100.00,572.79,230.51,145.52,84.99,,,803.30,657.78,2.15,187.00,257.00,1.15,19466556,2026-09-18T06:06:10Z
A,orig,2d,async_win,128,1,1,0.00,100.00,528.07,230.35,145.85,22.37,62.13,13.00,758.42,550.44,2.15,187.00,257.00,1.15,19469852,2026-09-18T06:06:10Z
A,orig,2d,async_bulk,128,1,1,0.00,100.00,573.55,225.35,143.53,21.18,60.64,13.00,798.90,594.73,2.18,187.00,257.00,1.15,19469096,2026-09-18T06:06:11Z
A,orig,2e_K10,pread,128,1,1,0.00,100.00,562.61,2631.64,137.04,2494.60,,,3194.25,3057.21,2.17,190.00,260.00,1.15,19469636,2026-09-18T06:06:11Z
A,orig,2e_K10,async,128,1,1,0.00,100.00,598.57,238.80,140.97,97.82,,,837.37,696.39,2.17,190.00,259.00,1.15,19472752,2026-09-18T06:06:11Z
A,orig,2e_K10,async_win,128,1,1,0.00,100.00,560.67,240.49,140.76,37.87,61.86,23.00,801.16,598.54,2.16,190.00,259.00,1.15,19475500,2026-09-18T06:06:12Z
A,orig,2e_K10,async_bulk,128,1,1,0.00,100.00,9513.18,234.13,137.25,34.52,62.36,23.00,9747.31,9547.70,2.28,190.00,259.00,1.15,19475468,2026-09-18T06:06:12Z
A,orig,2e_K500,pread,128,1,1,0.00,100.00,545.15,22077.92,153.51,21924.42,,,22623.07,22469.57,2.03,163.00,435.00,1.15,19477768,2026-09-18T06:06:12Z
A,orig,2e_K500,async,128,1,1,0.00,100.00,715.12,1049.54,143.16,906.38,,,1764.66,1621.50,2.12,181.00,386.00,1.15,19478196,2026-09-18T06:06:13Z
A,orig,2e_K500,async_win,128,1,1,0.00,100.00,707.55,920.77,132.12,695.58,93.08,446.00,1628.32,1403.13,2.23,181.00,383.00,1.14,19477104,2026-09-18T06:06:13Z
A,orig,2e_K500,async_bulk,128,1,1,0.00,100.00,714.94,945.01,142.67,711.83,90.51,446.00,1659.95,1426.77,2.10,181.00,383.00,1.14,19477708,2026-09-18T06:06:13Z
A,orig,2f_top14,pread,128,1,1,0.00,100.00,592.85,1342.59,151.91,1190.69,,,1935.44,1783.54,2.15,189.00,257.00,1.14,19478504,2026-09-18T06:06:13Z
A,orig,2f_top14,async,128,1,1,0.00,100.00,600.48,220.97,140.39,80.57,,,821.45,681.05,2.23,189.00,257.00,1.14,19478148,2026-09-18T06:06:14Z
A,orig,2f_top14,async_win,128,1,1,0.00,100.00,597.74,228.07,144.25,22.02,61.80,13.00,825.81,619.76,2.19,189.00,257.00,1.14,19480216,2026-09-18T06:06:14Z
A,orig,2f_top14,async_bulk,128,1,1,0.00,100.00,566.55,225.73,144.72,19.51,61.51,13.00,792.28,586.06,2.16,189.00,257.00,1.14,19458684,2026-09-18T06:06:14Z
A,orig,2f_top28,pread,128,1,1,0.00,100.00,591.76,2758.90,183.69,2575.21,,,3350.66,3166.97,2.26,192.00,266.00,1.14,19458608,2026-09-18T06:06:15Z
A,orig,2f_top28,async,128,1,1,0.00,100.00,594.59,277.22,176.60,100.62,,,871.81,695.21,2.17,192.00,266.00,1.14,19460900,2026-09-18T06:06:15Z
A,orig,2f_top28,async_win,128,1,1,0.00,100.00,532.38,281.71,177.03,41.67,63.01,27.00,814.09,574.05,2.13,192.00,266.00,1.14,19461316,2026-09-18T06:06:15Z
A,orig,2f_top28,async_bulk,128,1,1,0.00,100.00,566.12,280.41,177.79,39.65,62.97,27.00,846.53,605.77,2.16,192.00,266.00,1.14,19461400,2026-09-18T06:06:16Z
A,orig,2f_top100,pread,128,1,1,0.00,100.00,600.71,8632.27,149.72,8482.55,,,9232.98,9083.26,2.13,184.00,307.00,1.14,19461540,2026-09-18T06:06:16Z
A,orig,2f_top100,async,128,1,1,0.00,96.00,4898.33,844.60,203.28,641.32,,,5742.93,5539.65,2.18,184.00,306.00,1.14,19464596,2026-09-18T06:06:16Z
A,orig,2f_top100,async_win,128,1,1,0.00,100.00,596.96,328.69,141.53,122.04,65.12,98.00,925.65,719.00,2.12,184.00,306.00,1.14,19464304,2026-09-18T06:06:17Z
A,orig,2f_top100,async_bulk,128,1,1,0.00,100.00,528.23,353.87,140.17,147.20,66.50,98.00,882.10,675.43,2.10,184.00,306.00,1.14,19465024,2026-09-18T06:06:17Z
A,orig,2f_top500,pread,128,1,1,0.00,100.00,1162.23,44542.97,183.73,44359.24,,,45705.20,45521.47,2.07,165.00,426.00,1.14,19466992,2026-09-18T06:06:17Z
A,orig,2f_top500,async,128,1,1,0.00,100.00,646.95,1065.31,183.22,882.10,,,1712.26,1529.05,2.10,181.00,388.00,1.14,19467196,2026-09-18T06:06:18Z
A,orig,2f_top500,async_win,128,1,1,0.00,100.00,593.74,977.68,180.17,705.80,91.71,438.00,1571.42,1299.54,2.12,181.00,388.00,1.13,19468000,2026-09-18T06:06:18Z
A,orig,2f_top500,async_bulk,128,1,1,0.00,100.00,653.15,933.28,176.09,662.19,95.00,438.00,1586.43,1315.34,2.14,181.00,388.00,1.13,19470352,2026-09-18T06:06:18Z
A,orig,2f_slru,pread,128,1,1,0.00,100.00,99.68,17443.72,148.92,17294.80,,,17543.40,17394.48,1.54,0.00,278.00,1.13,19470976,2026-09-18T06:06:19Z
A,orig,2f_slru,async,128,1,1,0.00,100.00,97.39,7295.45,150.07,7145.38,,,7392.84,7242.77,1.58,0.00,278.00,1.13,19468856,2026-09-18T06:06:19Z
A,orig,2f_slru,async_win,128,1,1,0.00,84.60,99.17,2495.66,151.73,1937.80,406.13,139.00,2594.83,2036.97,1.62,0.00,278.00,1.13,19469320,2026-09-18T06:06:19Z
A,orig,2f_slru,async_bulk,128,1,1,0.00,1.40,775.92,627.39,140.38,83.79,403.22,2.00,1403.31,859.71,2.13,188.00,245.00,1.13,19470916,2026-09-18T06:06:19Z
A,orig,leaf_freq_K10,pread,128,1,1,0.00,100.00,928.66,1113.27,185.13,928.14,,,2041.93,1856.80,2.23,192.00,247.00,1.13,19452208,2026-09-18T06:06:20Z
A,orig,leaf_freq_K10,async,128,1,1,0.00,100.00,945.51,258.69,183.06,75.62,,,1204.20,1021.13,2.16,192.00,247.00,1.13,19453024,2026-09-18T06:06:20Z
A,orig,leaf_freq_K10,async_win,128,1,1,0.00,100.00,868.51,256.77,178.77,17.51,60.49,10.00,1125.28,886.02,2.14,192.00,247.00,1.13,19453964,2026-09-18T06:06:20Z
A,orig,leaf_freq_K10,async_bulk,128,1,1,0.00,100.00,927.52,249.42,173.57,14.96,60.89,10.00,1176.94,942.48,2.13,192.00,247.00,1.13,19454596,2026-09-18T06:06:21Z
A,orig,leaf_rand_K10,pread,128,1,1,0.00,100.00,885.08,1080.13,149.84,930.29,,,1965.21,1815.37,2.19,190.00,246.00,1.13,19455192,2026-09-18T06:06:21Z
A,orig,leaf_rand_K10,async,128,1,1,0.00,100.00,1997.21,227.79,151.97,75.82,,,2225.00,2073.03,2.19,190.00,246.00,1.13,19457440,2026-09-18T06:06:21Z
A,orig,leaf_rand_K10,async_win,128,1,1,0.00,100.00,877.72,219.64,142.75,15.97,60.92,10.00,1097.36,893.69,2.21,190.00,246.00,1.13,19457464,2026-09-18T06:06:22Z
A,orig,leaf_rand_K10,async_bulk,128,1,1,0.00,100.00,880.29,221.16,143.55,16.15,61.46,10.00,1101.45,896.44,2.17,190.00,246.00,1.13,19458408,2026-09-18T06:06:22Z
A,orig,learned_markov_14,pread,128,1,1,0.00,100.00,747.77,1414.58,158.47,1256.11,,,2162.35,2003.88,2.24,187.00,256.00,1.13,19458808,2026-09-18T06:06:22Z
A,orig,learned_markov_14,async,128,1,1,0.00,100.00,572.87,224.37,142.26,82.11,,,797.24,654.98,2.23,187.00,256.00,1.13,19460752,2026-09-18T06:06:23Z
A,orig,learned_markov_14,async_win,128,1,1,0.00,100.00,534.07,216.48,135.29,20.31,60.87,13.00,750.55,554.38,2.19,187.00,256.00,1.12,19460828,2026-09-18T06:06:23Z
A,orig,learned_markov_14,async_bulk,128,1,1,0.00,100.00,528.97,224.75,140.87,19.95,63.94,13.00,753.72,548.92,2.20,187.00,256.00,1.12,19461396,2026-09-18T06:06:23Z
A,orig,learned_markov_28,pread,128,1,1,0.00,100.00,575.80,2713.68,153.68,2560.00,,,3289.48,3135.80,2.19,187.00,260.00,1.12,19462288,2026-09-18T06:06:24Z
A,orig,learned_markov_28,async,128,1,1,0.00,100.00,496.71,245.22,142.05,103.17,,,741.93,599.88,2.13,187.00,259.00,1.12,19463252,2026-09-18T06:06:24Z
A,orig,learned_markov_28,async_win,128,1,1,0.00,100.00,596.42,241.30,143.43,35.66,62.22,26.00,837.72,632.08,2.20,187.00,259.00,1.12,19464712,2026-09-18T06:06:24Z
A,orig,learned_markov_28,async_bulk,128,1,1,0.00,100.00,537.84,245.87,143.95,39.94,61.99,26.00,783.71,577.78,2.22,187.00,259.00,1.12,19464960,2026-09-18T06:06:25Z
B,orig,layers_5,pread,128,1,1,0.00,100.00,1004.41,593.13,151.06,442.07,,,1597.54,1446.48,2.24,192.00,254.00,1.12,19458084,2026-09-18T06:06:25Z
B,orig,layers_5,async,128,1,1,0.00,100.00,1010.01,213.35,145.08,68.27,,,1223.36,1078.28,2.25,193.00,254.00,1.12,19460924,2026-09-18T06:06:25Z
B,orig,layers_5,async_win,128,1,1,0.00,100.00,1002.82,210.91,142.34,7.72,60.84,2.00,1213.73,1010.54,2.21,193.00,254.00,1.12,19461040,2026-09-18T06:06:26Z
B,orig,layers_5,async_bulk,128,1,1,0.00,100.00,974.32,210.26,142.31,7.51,60.44,2.00,1184.58,981.83,2.31,193.00,254.00,1.12,19461704,2026-09-18T06:06:26Z
B,orig,layers_92,pread,128,1,1,0.00,100.00,661.08,8135.37,132.33,8003.05,,,8796.45,8664.13,2.20,193.00,261.00,1.12,19462464,2026-09-18T06:06:26Z
B,orig,layers_92,async,128,1,1,0.00,100.00,666.64,340.33,140.40,199.93,,,1006.97,866.57,2.25,194.00,260.00,1.12,19463340,2026-09-18T06:06:27Z
B,orig,layers_92,async_win,128,1,1,0.00,100.00,626.93,323.13,138.52,118.68,65.92,87.00,950.06,745.61,2.21,194.00,260.00,1.12,19463236,2026-09-18T06:06:27Z
B,orig,layers_92,async_bulk,128,1,1,0.00,100.00,655.70,319.56,136.97,117.27,65.32,87.00,975.26,772.97,2.25,194.00,260.00,1.12,19463600,2026-09-18T06:06:27Z
B,orig,2d,pread,128,1,1,0.00,100.00,655.84,1801.97,140.31,1661.65,,,2457.81,2317.49,2.15,193.00,261.00,1.12,19465276,2026-09-18T06:06:28Z
B,orig,2d,async,128,1,1,0.00,100.00,655.09,327.38,240.95,86.42,,,982.47,741.51,2.40,194.00,260.00,1.11,19464452,2026-09-18T06:06:28Z
B,orig,2d,async_win,128,1,1,0.00,100.00,660.28,213.49,131.70,21.25,60.54,13.00,873.77,681.53,2.19,194.00,260.00,1.11,19464740,2026-09-18T06:06:28Z
B,orig,2d,async_bulk,128,1,1,0.00,100.00,664.92,220.66,132.45,20.63,67.59,13.00,885.58,685.55,2.29,194.00,260.00,1.11,19465620,2026-09-18T06:06:29Z
B,orig,2e_K10,pread,128,1,1,0.00,100.00,629.05,2572.84,100.58,2472.26,,,3201.89,3101.31,2.23,193.00,261.00,1.11,19456832,2026-09-18T06:06:29Z
B,orig,2e_K10,async,128,1,1,0.00,100.00,663.99,266.03,156.42,109.61,,,930.02,773.60,2.31,194.00,261.00,1.11,19459776,2026-09-18T06:06:29Z
B,orig,2e_K10,async_win,128,1,1,0.00,100.00,657.89,242.65,144.70,36.39,61.55,23.00,900.54,694.28,2.15,194.00,260.00,1.11,19479464,2026-09-18T06:06:30Z
B,orig,2e_K10,async_bulk,128,1,1,0.00,100.00,709.60,273.36,178.47,32.25,62.65,23.00,982.96,741.85,2.24,194.00,260.00,1.11,19479416,2026-09-18T06:06:30Z
B,orig,2e_K500,pread,128,1,1,0.00,100.00,182.43,18369.36,152.28,18217.09,,,18551.79,18399.52,2.13,173.00,395.00,1.11,19471152,2026-09-18T06:06:30Z
B,orig,2e_K500,async,128,1,1,0.00,100.00,181.86,1065.77,151.47,914.30,,,1247.63,1096.16,2.15,183.00,333.00,1.11,19481508,2026-09-18T06:06:31Z
B,orig,2e_K500,async_win,128,1,1,0.00,100.00,210.12,942.83,140.64,712.08,90.11,449.00,1152.95,922.20,2.21,183.00,332.00,1.11,19481684,2026-09-18T06:06:31Z
B,orig,2e_K500,async_bulk,128,1,1,0.00,100.00,181.91,974.99,144.77,738.81,91.41,449.00,1156.90,920.72,2.18,183.00,335.00,1.11,19483800,2026-09-18T06:06:31Z
B,orig,2f_top14,pread,128,1,1,0.00,100.00,664.13,1320.98,187.02,1133.96,,,1985.11,1798.09,2.24,194.00,260.00,1.11,19484748,2026-09-18T06:06:32Z
B,orig,2f_top14,async,128,1,1,0.00,100.00,637.22,265.96,185.99,79.97,,,903.18,717.19,2.24,194.00,260.00,1.11,19484920,2026-09-18T06:06:32Z
B,orig,2f_top14,async_win,128,1,1,0.00,100.00,663.52,261.52,180.55,19.08,61.90,13.00,925.04,682.60,2.20,194.00,260.00,1.11,19488940,2026-09-18T06:06:32Z
B,orig,2f_top14,async_bulk,128,1,1,0.00,100.00,656.89,263.38,181.31,20.91,61.16,13.00,920.27,677.80,2.17,194.00,260.00,1.11,19489632,2026-09-18T06:06:33Z
B,orig,2f_top28,pread,128,1,1,0.00,100.00,660.37,2640.37,101.56,2538.81,,,3300.74,3199.18,2.19,193.00,261.00,1.10,19489260,2026-09-18T06:06:33Z
B,orig,2f_top28,async,128,1,1,0.00,100.00,662.21,288.01,184.47,103.55,,,950.22,765.76,2.21,194.00,259.00,1.10,19490328,2026-09-18T06:06:33Z
B,orig,2f_top28,async_win,128,1,1,0.00,100.00,659.61,281.09,184.08,35.32,61.70,27.00,940.70,694.93,2.14,194.00,259.00,1.10,19490628,2026-09-18T06:06:34Z
B,orig,2f_top28,async_bulk,128,1,1,0.00,100.00,660.29,274.98,177.95,34.47,62.56,27.00,935.27,694.76,2.25,194.00,259.00,1.10,19490912,2026-09-18T06:06:34Z
B,orig,2f_top100,pread,128,1,1,0.00,100.00,182.07,9031.90,242.03,8789.87,,,9213.97,8971.94,2.18,191.00,283.00,1.10,19492276,2026-09-18T06:06:34Z
B,orig,2f_top100,async,128,1,1,0.00,100.00,179.83,447.20,244.74,202.46,,,627.03,382.29,2.18,193.00,275.00,1.10,19493032,2026-09-18T06:06:35Z
B,orig,2f_top100,async_win,128,1,1,0.00,100.00,180.19,415.75,230.97,119.47,65.32,94.00,595.94,299.66,2.19,193.00,275.00,1.10,19485980,2026-09-18T06:06:35Z
B,orig,2f_top100,async_bulk,128,1,1,0.00,100.00,181.30,431.97,237.38,128.60,65.99,94.00,613.27,309.90,2.18,193.00,274.00,1.10,19486836,2026-09-18T06:06:35Z
B,orig,2f_top500,pread,128,1,1,0.00,100.00,178.71,38474.56,283.42,38191.14,,,38653.27,38369.85,2.09,173.00,394.00,1.10,19486208,2026-09-18T06:06:36Z
B,orig,2f_top500,async,128,1,1,0.00,100.00,183.10,1111.81,239.16,872.65,,,1294.91,1055.75,2.18,183.00,336.00,1.10,19482716,2026-09-18T06:06:36Z
B,orig,2f_top500,async_win,128,1,1,0.00,100.00,180.54,1042.79,228.17,725.89,88.73,438.00,1223.33,906.43,2.17,183.00,335.00,1.10,19483072,2026-09-18T06:06:36Z
B,orig,2f_top500,async_bulk,128,1,1,0.00,100.00,183.89,995.88,230.74,676.16,88.98,438.00,1179.77,860.05,2.26,183.00,335.00,1.10,19475988,2026-09-18T06:06:37Z
B,orig,2f_slru,pread,128,1,1,0.00,100.00,97.33,18561.39,165.64,18395.75,,,18658.72,18493.08,1.58,0.00,278.00,1.10,19477576,2026-09-18T06:06:37Z
B,orig,2f_slru,async,128,1,1,0.00,100.00,101.90,7391.23,193.29,7197.93,,,7493.13,7299.83,1.62,0.00,278.00,1.10,19476264,2026-09-18T06:06:37Z
B,orig,2f_slru,async_win,128,1,1,0.00,80.40,97.27,2518.46,194.63,1916.94,406.89,138.00,2615.73,2014.21,1.63,0.00,278.00,1.10,19480116,2026-09-18T06:06:37Z
B,orig,2f_slru,async_bulk,128,1,1,0.00,1.40,860.62,690.48,194.34,85.13,411.01,2.00,1551.10,945.75,2.17,190.00,251.00,1.10,19480544,2026-09-18T06:06:38Z
B,orig,leaf_freq_K10,pread,128,1,1,0.00,100.00,1030.83,1073.57,196.72,876.85,,,2104.40,1907.68,2.25,192.00,251.00,1.17,19479048,2026-09-18T06:06:38Z
B,orig,leaf_freq_K10,async,128,1,1,0.00,100.00,1010.93,265.41,191.10,74.31,,,1276.34,1085.24,2.17,192.00,251.00,1.17,19479464,2026-09-18T06:06:38Z
B,orig,leaf_freq_K10,async_win,128,1,1,0.00,100.00,1020.39,269.60,193.88,14.64,61.09,10.00,1289.99,1035.03,2.19,192.00,251.00,1.17,19480100,2026-09-18T06:06:39Z
B,orig,leaf_freq_K10,async_bulk,128,1,1,0.00,100.00,1015.93,271.88,195.74,14.72,61.42,10.00,1287.81,1030.65,2.22,192.00,251.00,1.17,19479552,2026-09-18T06:06:39Z
B,orig,leaf_rand_K10,pread,128,1,1,0.00,100.00,955.23,1023.20,123.91,899.29,,,1978.43,1854.52,2.22,192.00,251.00,1.17,19480280,2026-09-18T06:06:39Z
B,orig,leaf_rand_K10,async,128,1,1,0.00,100.00,979.94,302.75,228.08,74.67,,,1282.69,1054.61,2.21,192.00,251.00,1.17,19480864,2026-09-18T06:06:40Z
B,orig,leaf_rand_K10,async_win,128,1,1,0.00,100.00,1017.30,300.89,225.32,14.96,60.60,10.00,1318.19,1032.26,2.32,192.00,251.00,1.17,19481344,2026-09-18T06:06:40Z
B,orig,leaf_rand_K10,async_bulk,128,1,1,0.00,100.00,983.50,299.29,223.87,15.30,60.12,10.00,1282.79,998.80,2.14,192.00,251.00,1.17,19482104,2026-09-18T06:06:40Z
B,orig,learned_markov_14,pread,128,1,1,0.00,100.00,692.10,1442.62,220.21,1222.41,,,2134.72,1914.51,2.26,194.00,259.00,1.17,19482928,2026-09-18T06:06:41Z
B,orig,learned_markov_14,async,128,1,1,0.00,100.00,594.50,286.33,207.01,79.32,,,880.83,673.82,2.16,194.00,259.00,1.17,19482640,2026-09-18T06:06:41Z
B,orig,learned_markov_14,async_win,128,1,1,0.00,100.00,660.87,288.88,206.69,20.19,62.01,13.00,949.75,681.06,2.22,194.00,259.00,1.17,19482808,2026-09-18T06:06:41Z
B,orig,learned_markov_14,async_bulk,128,1,1,0.00,100.00,656.39,284.10,206.15,16.81,61.15,13.00,940.49,673.20,2.22,194.00,259.00,1.17,19471284,2026-09-18T06:06:42Z
B,orig,learned_markov_28,pread,128,1,1,0.00,100.00,662.09,2672.74,241.87,2430.88,,,3334.83,3092.97,2.18,193.00,264.00,1.17,19485776,2026-09-18T06:06:42Z
B,orig,learned_markov_28,async,128,1,1,0.00,100.00,659.90,309.82,209.53,100.29,,,969.72,760.19,2.17,193.00,264.00,1.17,19487288,2026-09-18T06:06:42Z
B,orig,learned_markov_28,async_win,128,1,1,0.00,100.00,661.63,306.91,209.68,35.21,62.02,26.00,968.54,696.84,2.16,193.00,266.00,1.17,19488260,2026-09-18T06:06:43Z
B,orig,learned_markov_28,async_bulk,128,1,1,0.00,100.00,658.26,331.75,230.17,39.46,62.12,26.00,990.01,697.72,2.15,193.00,264.00,1.16,19487040,2026-09-18T06:06:43Z
C,orig,layers_5,pread,128,1,1,0.00,100.00,996.84,685.03,244.70,440.33,,,1681.87,1437.17,1.57,20.00,28.00,1.16,19487812,2026-09-18T06:06:43Z
C,orig,layers_5,async,128,1,1,0.00,100.00,1035.94,308.84,240.36,68.48,,,1344.78,1104.42,1.55,20.00,28.00,1.16,19488496,2026-09-18T06:06:43Z
C,orig,layers_5,async_win,128,1,1,0.00,100.00,980.54,309.25,240.97,7.41,60.87,2.00,1289.79,987.95,1.58,20.00,28.00,1.16,19488524,2026-09-18T06:06:44Z
C,orig,layers_5,async_bulk,128,1,1,0.00,100.00,1039.29,301.27,232.71,7.82,60.74,2.00,1340.56,1047.11,1.57,20.00,28.00,1.16,19489140,2026-09-18T06:06:44Z
C,orig,layers_92,pread,128,1,1,0.00,100.00,638.15,8074.62,209.26,7865.36,,,8712.77,8503.51,1.56,20.00,30.00,1.16,19488072,2026-09-18T06:06:44Z
C,orig,layers_92,async,128,1,1,0.00,100.00,634.11,405.60,211.06,194.55,,,1039.71,828.66,1.57,20.00,30.00,1.16,19487580,2026-09-18T06:06:44Z
C,orig,layers_92,async_win,128,1,1,0.00,100.00,635.25,387.59,196.14,126.19,65.26,87.00,1022.84,761.44,1.56,20.00,30.00,1.16,19488216,2026-09-18T06:06:45Z
C,orig,layers_92,async_bulk,128,1,1,0.00,100.00,657.00,381.68,198.77,117.55,65.35,87.00,1038.68,774.55,1.56,20.00,30.00,1.16,19488448,2026-09-18T06:06:45Z
C,orig,2d,pread,128,1,1,0.00,100.00,622.36,551.86,203.85,348.00,,,1174.22,970.36,1.59,20.00,30.00,1.16,19488176,2026-09-18T06:06:45Z
C,orig,2d,async,128,1,1,0.00,100.00,625.63,284.89,216.39,68.51,,,910.52,694.14,1.58,20.00,30.00,1.16,19488204,2026-09-18T06:06:46Z
C,orig,2d,async_win,128,1,1,0.00,100.00,634.02,256.20,188.09,7.29,60.81,2.00,890.22,641.31,1.57,20.00,30.00,1.16,19488556,2026-09-18T06:06:46Z
C,orig,2d,async_bulk,128,1,1,0.00,100.00,668.15,273.82,195.69,7.17,70.96,2.00,941.97,675.32,1.56,20.00,30.00,1.16,19488824,2026-09-18T06:06:46Z
C,orig,2e_K10,pread,128,1,1,0.00,100.00,639.26,1397.96,205.54,1192.42,,,2037.22,1831.68,1.55,19.00,36.00,1.16,19488708,2026-09-18T06:06:46Z
C,orig,2e_K10,async,128,1,1,0.00,100.00,599.46,287.69,208.91,78.78,,,887.15,678.24,1.56,20.00,33.00,1.16,19488964,2026-09-18T06:06:47Z
C,orig,2e_K10,async_win,128,1,1,0.00,100.00,625.35,286.17,209.18,15.88,61.10,8.00,911.52,641.23,1.57,20.00,33.00,1.16,19472096,2026-09-18T06:06:47Z
C,orig,2e_K10,async_bulk,128,1,1,0.00,100.00,629.33,278.02,195.79,19.46,62.78,8.00,907.35,648.79,1.57,20.00,33.00,1.16,19484708,2026-09-18T06:06:47Z
C,orig,2e_K500,pread,128,1,1,0.00,100.00,183.11,2458.98,215.64,2243.35,,,2642.09,2426.46,1.49,0.00,37.00,1.16,19485912,2026-09-18T06:06:47Z
C,orig,2e_K500,async,128,1,1,0.00,66.30,181.46,662.73,208.74,453.98,,,844.19,635.44,1.51,0.00,37.00,1.16,19485424,2026-09-18T06:06:48Z
C,orig,2e_K500,async_win,128,1,1,0.00,44.10,177.00,525.10,195.47,247.55,82.08,90.00,702.10,424.55,1.50,0.00,37.00,1.14,19485640,2026-09-18T06:06:48Z
C,orig,2e_K500,async_bulk,128,1,1,0.00,42.30,180.57,498.00,196.75,218.53,82.72,90.00,678.57,399.10,1.50,0.00,37.00,1.14,19485268,2026-09-18T06:06:48Z
C,orig,2f_top14,pread,128,1,1,0.00,100.00,636.65,1315.00,236.98,1078.03,,,1951.65,1714.68,1.55,17.00,38.00,1.14,19485040,2026-09-18T06:06:48Z
C,orig,2f_top14,async,128,1,1,0.00,100.00,514.71,318.39,239.44,78.95,,,833.10,593.66,1.57,20.00,35.00,1.14,19485468,2026-09-18T06:06:49Z
C,orig,2f_top14,async_win,128,1,1,0.00,100.00,632.97,307.55,229.98,16.90,60.66,9.00,940.52,649.87,1.56,20.00,36.00,1.14,19486076,2026-09-18T06:06:49Z
C,orig,2f_top14,async_bulk,128,1,1,0.00,100.00,605.35,307.67,230.46,15.88,61.33,9.00,913.02,621.23,1.56,20.00,36.00,1.14,19485828,2026-09-18T06:06:49Z
C,orig,2f_top28,pread,128,1,1,0.00,100.00,594.44,1211.91,202.87,1009.04,,,1806.35,1603.48,1.55,18.00,36.00,1.14,19485720,2026-09-18T06:06:49Z
C,orig,2f_top28,async,128,1,1,0.00,100.00,662.85,287.33,194.06,93.27,,,950.18,756.12,1.57,19.00,35.00,1.14,19485960,2026-09-18T06:06:50Z
C,orig,2f_top28,async_win,128,1,1,0.00,100.00,540.42,281.48,189.26,28.89,63.33,13.00,821.90,569.31,1.59,19.00,36.00,1.14,19487016,2026-09-18T06:06:50Z
C,orig,2f_top28,async_bulk,128,1,1,0.00,100.00,697.35,279.93,194.22,26.51,59.19,13.00,977.28,723.86,1.57,19.00,35.00,1.14,19502152,2026-09-18T06:06:50Z
C,orig,2f_top100,pread,128,1,1,0.00,100.00,556.91,1258.86,193.84,1065.02,,,1815.77,1621.93,1.55,12.00,38.00,1.14,19502700,2026-09-18T06:06:50Z
C,orig,2f_top100,async,128,1,1,0.00,100.00,667.27,376.46,197.92,178.54,,,1043.73,845.81,1.55,14.00,36.00,1.14,19502912,2026-09-18T06:06:51Z
C,orig,2f_top100,async_win,128,1,1,0.00,100.00,602.53,334.46,194.09,74.53,65.83,32.00,936.99,677.06,1.55,14.00,36.00,1.14,19503668,2026-09-18T06:06:51Z
C,orig,2f_top100,async_bulk,128,1,1,0.00,100.00,560.75,330.56,193.63,71.63,65.29,32.00,891.31,632.38,1.54,14.00,37.00,1.14,19504584,2026-09-18T06:06:51Z
C,orig,2f_top500,pread,128,1,1,0.00,100.00,94.11,2923.38,205.20,2718.18,,,3017.49,2812.29,1.52,0.00,37.00,1.14,19505200,2026-09-18T06:06:52Z
C,orig,2f_top500,async,128,1,1,0.00,100.00,95.06,953.05,206.71,746.34,,,1048.11,841.40,1.50,0.00,37.00,1.14,19505464,2026-09-18T06:06:52Z
C,orig,2f_top500,async_win,128,1,1,0.00,100.00,96.26,570.51,205.33,277.16,88.03,15.00,666.77,373.42,1.51,0.00,37.00,1.14,19506448,2026-09-18T06:06:52Z
C,orig,2f_top500,async_bulk,128,1,1,0.00,13.60,959.79,334.92,207.83,37.78,89.31,2.00,1294.71,997.57,1.58,19.00,30.00,1.14,19506856,2026-09-18T06:06:52Z
C,orig,2f_slru,pread,128,1,1,0.00,100.00,88.76,2946.45,196.20,2750.25,,,3035.21,2839.01,1.50,0.00,37.00,1.14,19481516,2026-09-18T06:06:53Z
C,orig,2f_slru,async,128,1,1,0.00,100.00,95.66,943.01,196.21,746.80,,,1038.67,842.46,1.51,0.00,37.00,1.13,19485452,2026-09-18T06:06:53Z
C,orig,2f_slru,async_win,128,1,1,0.00,100.00,92.13,544.49,195.57,259.80,89.13,15.00,636.62,351.93,1.52,0.00,37.00,1.13,19485748,2026-09-18T06:06:53Z
C,orig,2f_slru,async_bulk,128,1,1,0.00,13.60,953.89,324.50,195.39,42.09,87.02,2.00,1278.39,995.98,1.57,19.00,30.00,1.13,19484864,2026-09-18T06:06:53Z
C,orig,leaf_freq_K10,pread,128,1,1,0.00,100.00,1090.75,972.24,208.82,763.41,,,2062.99,1854.16,1.58,19.00,33.00,1.13,19485916,2026-09-18T06:06:54Z
C,orig,leaf_freq_K10,async,128,1,1,0.00,100.00,1171.16,283.66,209.01,74.65,,,1454.82,1245.81,1.57,20.00,31.00,1.13,19490220,2026-09-18T06:06:54Z
C,orig,leaf_freq_K10,async_win,128,1,1,0.00,100.00,997.62,282.15,207.37,12.72,62.06,6.00,1279.77,1010.34,1.57,20.00,31.00,1.13,19491656,2026-09-18T06:06:54Z
C,orig,leaf_freq_K10,async_bulk,128,1,1,0.00,100.00,1020.58,284.44,210.09,12.62,61.73,6.00,1305.02,1033.20,1.58,20.00,31.00,1.13,19495840,2026-09-18T06:06:54Z
C,orig,leaf_rand_K10,pread,128,1,1,0.00,100.00,1000.71,1042.73,234.59,808.14,,,2043.44,1808.85,1.57,20.00,28.00,1.13,19496140,2026-09-18T06:06:55Z
C,orig,leaf_rand_K10,async,128,1,1,0.00,100.00,1059.05,309.21,234.52,74.69,,,1368.26,1133.74,1.57,20.00,28.00,1.13,19495880,2026-09-18T06:06:55Z
C,orig,leaf_rand_K10,async_win,128,1,1,0.00,100.00,985.17,306.73,234.59,14.88,57.26,10.00,1291.90,1000.05,1.56,20.00,28.00,1.13,19497192,2026-09-18T06:06:55Z
C,orig,leaf_rand_K10,async_bulk,128,1,1,0.00,100.00,1056.81,311.82,234.06,16.61,61.15,10.00,1368.63,1073.42,1.56,20.00,28.00,1.13,19482708,2026-09-18T06:06:55Z
C,orig,learned_markov_14,pread,128,1,1,0.00,100.00,632.64,1258.97,206.13,1052.84,,,1891.61,1685.48,1.56,17.00,37.00,1.13,19484508,2026-09-18T06:06:56Z
C,orig,learned_markov_14,async,128,1,1,0.00,100.00,625.32,274.16,195.42,78.74,,,899.48,704.06,1.58,20.00,35.00,1.13,19484472,2026-09-18T06:06:56Z
C,orig,learned_markov_14,async_win,128,1,1,0.00,100.00,634.62,274.57,196.48,15.93,62.16,9.00,909.19,650.55,1.59,20.00,36.00,1.13,19485396,2026-09-18T06:06:56Z
C,orig,learned_markov_14,async_bulk,128,1,1,0.00,100.00,628.45,273.37,195.13,16.73,61.52,9.00,901.82,645.18,1.57,20.00,35.00,1.13,19485196,2026-09-18T06:06:56Z
C,orig,learned_markov_28,pread,128,1,1,0.00,100.00,626.35,1289.87,238.05,1051.83,,,1916.22,1678.18,1.57,18.00,36.00,1.13,19485500,2026-09-18T06:06:57Z
C,orig,learned_markov_28,async,128,1,1,0.00,100.00,557.69,328.09,232.20,95.89,,,885.78,653.58,1.56,19.00,35.00,1.13,19486720,2026-09-18T06:06:57Z
C,orig,learned_markov_28,async_win,128,1,1,0.00,100.00,540.28,322.87,232.94,27.72,62.21,13.00,863.15,568.00,1.55,19.00,35.00,1.13,19485896,2026-09-18T06:06:57Z
C,orig,learned_markov_28,async_bulk,128,1,1,0.00,100.00,599.86,323.14,230.77,29.67,62.70,13.00,923.00,629.53,1.57,19.00,35.00,1.13,19486132,2026-09-18T06:06:58Z
C_hit,orig,layers_5,pread,128,1,1,0.00,100.00,972.58,660.41,213.56,446.85,,,1632.99,1419.43,1.65,41.00,57.00,1.13,19472840,2026-09-18T06:06:58Z
C_hit,orig,layers_5,async,128,1,1,0.00,100.00,980.64,286.98,216.95,70.03,,,1267.62,1050.67,1.66,41.00,57.00,1.12,19474756,2026-09-18T06:06:58Z
C_hit,orig,layers_5,async_win,128,1,1,0.00,100.00,980.93,279.08,211.18,7.49,60.41,2.00,1260.01,988.42,1.66,41.00,57.00,1.12,19482268,2026-09-18T06:06:58Z
C_hit,orig,layers_5,async_bulk,128,1,1,0.00,100.00,872.49,282.05,213.13,8.02,60.90,2.00,1154.54,880.51,1.65,41.00,57.00,1.12,19482696,2026-09-18T06:06:59Z
C_hit,orig,layers_92,pread,128,1,1,0.00,100.00,627.18,8155.24,197.40,7957.84,,,8782.42,8585.02,1.65,39.00,60.00,1.12,19482816,2026-09-18T06:06:59Z
C_hit,orig,layers_92,async,128,1,1,0.00,100.00,603.75,389.06,192.22,196.84,,,992.81,800.59,1.65,39.00,60.00,1.12,19483572,2026-09-18T06:06:59Z
C_hit,orig,layers_92,async_win,128,1,1,0.00,100.00,661.70,375.31,192.81,117.32,65.17,87.00,1037.01,779.02,1.66,39.00,60.00,1.12,19483524,2026-09-18T06:06:59Z
C_hit,orig,layers_92,async_bulk,128,1,1,0.00,100.00,614.52,377.66,198.06,113.18,66.42,87.00,992.18,727.70,1.70,39.00,60.00,1.12,19482992,2026-09-18T06:07:00Z
C_hit,orig,2d,pread,128,1,1,0.00,100.00,634.76,634.81,201.43,433.38,,,1269.57,1068.14,1.66,39.00,60.00,1.12,19483932,2026-09-18T06:07:00Z
C_hit,orig,2d,async,128,1,1,0.00,100.00,637.70,264.64,194.37,70.27,,,902.34,707.97,1.64,39.00,60.00,1.12,19484028,2026-09-18T06:07:00Z
C_hit,orig,2d,async_win,128,1,1,0.00,100.00,596.48,264.26,194.76,8.38,61.12,3.00,860.74,604.86,1.64,39.00,60.00,1.12,19484452,2026-09-18T06:07:00Z
C_hit,orig,2d,async_bulk,128,1,1,0.00,100.00,604.45,261.95,192.59,8.04,61.33,3.00,866.40,612.49,1.66,39.00,60.00,1.12,19483620,2026-09-18T06:07:01Z
C_hit,orig,2e_K10,pread,128,1,1,0.00,100.00,601.41,1184.40,201.32,983.08,,,1785.81,1584.49,1.65,37.00,61.00,1.12,19484112,2026-09-18T06:07:01Z
C_hit,orig,2e_K10,async,128,1,1,0.00,100.00,506.87,274.63,194.48,80.15,,,781.50,587.02,1.65,39.00,61.00,1.12,19484144,2026-09-18T06:07:01Z
C_hit,orig,2e_K10,async_win,128,1,1,0.00,100.00,632.27,269.77,192.83,15.86,61.08,6.00,902.04,648.13,1.66,39.00,61.00,1.12,19484408,2026-09-18T06:07:02Z
C_hit,orig,2e_K10,async_bulk,128,1,1,0.00,100.00,605.41,272.63,195.41,15.64,61.59,6.00,878.04,621.05,1.68,39.00,61.00,1.12,19484808,2026-09-18T06:07:02Z
C_hit,orig,2e_K500,pread,128,1,1,0.00,100.00,179.22,3458.51,169.94,3288.57,,,3637.73,3467.79,1.55,10.00,60.00,1.12,19482960,2026-09-18T06:07:02Z
C_hit,orig,2e_K500,async,128,1,1,0.00,45.30,178.19,863.16,192.47,670.69,,,1041.35,848.88,1.55,11.00,59.00,1.12,19483068,2026-09-18T06:07:02Z
C_hit,orig,2e_K500,async_win,128,1,1,0.00,31.70,179.72,622.75,196.18,335.35,91.22,139.00,802.47,515.07,1.57,11.00,59.00,1.12,19483748,2026-09-18T06:07:03Z
C_hit,orig,2e_K500,async_bulk,128,1,1,0.00,39.00,180.28,641.90,192.93,358.11,90.85,139.00,822.18,538.39,1.64,11.00,59.00,1.19,19450816,2026-09-18T06:07:03Z
C_hit,orig,2f_top14,pread,128,1,1,0.00,100.00,600.09,992.02,117.97,874.05,,,1592.11,1474.14,1.66,37.00,61.00,1.19,19456968,2026-09-18T06:07:03Z
C_hit,orig,2f_top14,async,128,1,1,0.00,100.00,607.41,327.93,247.87,80.06,,,935.34,687.47,1.66,39.00,61.00,1.19,19458324,2026-09-18T06:07:03Z
C_hit,orig,2f_top14,async_win,128,1,1,0.00,100.00,597.62,320.38,245.33,13.46,61.59,6.00,918.00,611.08,1.65,39.00,61.00,1.19,19458892,2026-09-18T06:07:04Z
C_hit,orig,2f_top14,async_bulk,128,1,1,0.00,100.00,627.65,325.33,248.72,14.96,61.66,6.00,952.98,642.61,1.65,39.00,61.00,1.19,19461944,2026-09-18T06:07:04Z
C_hit,orig,2f_top28,pread,128,1,1,0.00,100.00,605.06,1128.30,199.34,928.96,,,1733.36,1534.02,1.66,36.00,61.00,1.19,19465332,2026-09-18T06:07:04Z
C_hit,orig,2f_top28,async,128,1,1,0.00,100.00,639.53,292.72,197.00,95.72,,,932.25,735.25,1.66,39.00,60.00,1.19,19465988,2026-09-18T06:07:05Z
C_hit,orig,2f_top28,async_win,128,1,1,0.00,100.00,509.55,281.57,193.91,25.56,62.11,8.00,791.12,535.11,1.66,39.00,60.00,1.19,19465836,2026-09-18T06:07:05Z
C_hit,orig,2f_top28,async_bulk,128,1,1,0.00,100.00,508.11,284.63,197.32,25.10,62.22,8.00,792.74,533.21,1.66,39.00,60.00,1.19,19469356,2026-09-18T06:07:05Z
C_hit,orig,2f_top100,pread,128,1,1,0.00,100.00,549.65,1349.97,197.67,1152.30,,,1899.62,1701.95,1.62,32.00,62.00,1.19,19469472,2026-09-18T06:07:05Z
C_hit,orig,2f_top100,async,128,1,1,0.00,100.00,606.90,380.73,203.42,177.30,,,987.63,784.20,1.65,34.00,62.00,1.19,19468756,2026-09-18T06:07:06Z
C_hit,orig,2f_top100,async_win,128,1,1,0.00,100.00,527.45,340.56,201.44,72.87,66.25,28.00,868.01,600.32,1.63,34.00,62.00,1.19,19468872,2026-09-18T06:07:06Z
C_hit,orig,2f_top100,async_bulk,128,1,1,0.00,100.00,529.39,331.04,196.09,69.19,65.76,28.00,860.43,598.58,1.64,34.00,62.00,1.19,19471488,2026-09-18T06:07:06Z
C_hit,orig,2f_top500,pread,128,1,1,0.00,100.00,180.11,3119.07,236.50,2882.58,,,3299.18,3062.69,1.54,10.00,60.00,1.19,19471284,2026-09-18T06:07:06Z
C_hit,orig,2f_top500,async,128,1,1,0.00,45.20,180.00,889.52,238.84,650.68,,,1069.52,830.68,1.56,11.00,60.00,1.19,19470872,2026-09-18T06:07:07Z
C_hit,orig,2f_top500,async_win,128,1,1,0.00,40.20,180.75,701.97,237.26,373.47,91.24,138.00,882.72,554.22,1.57,11.00,60.00,1.19,19469500,2026-09-18T06:07:07Z
C_hit,orig,2f_top500,async_bulk,128,1,1,0.00,37.80,180.37,663.72,236.71,337.43,89.59,138.00,844.09,517.80,1.58,11.00,60.00,1.19,19471936,2026-09-18T06:07:07Z
C_hit,orig,2f_slru,pread,128,1,1,0.00,100.00,91.57,4561.19,117.64,4443.55,,,4652.76,4535.12,1.50,0.00,62.00,1.19,19474628,2026-09-18T06:07:07Z
C_hit,orig,2f_slru,async,128,1,1,0.00,100.00,94.19,1607.25,196.38,1410.87,,,1701.44,1505.06,1.54,0.00,62.00,1.19,19472784,2026-09-18T06:07:08Z
C_hit,orig,2f_slru,async_win,128,1,1,0.00,100.00,91.71,749.73,195.53,427.38,126.82,29.00,841.44,519.09,1.53,0.00,62.00,1.18,19472912,2026-09-18T06:07:08Z
C_hit,orig,2f_slru,async_bulk,128,1,1,0.00,7.00,712.10,366.18,196.97,42.85,126.36,2.00,1078.28,754.95,1.65,40.00,56.00,1.18,19474948,2026-09-18T06:07:08Z
C_hit,orig,leaf_freq_K10,pread,128,1,1,0.00,100.00,596.23,817.75,232.31,585.44,,,1413.98,1181.67,1.67,39.00,57.00,1.18,19475468,2026-09-18T06:07:08Z
C_hit,orig,leaf_freq_K10,async,128,1,1,0.00,100.00,1127.28,306.58,232.16,74.42,,,1433.86,1201.70,1.67,41.00,57.00,1.18,19475816,2026-09-18T06:07:09Z
C_hit,orig,leaf_freq_K10,async_win,128,1,1,0.00,100.00,793.79,302.03,231.69,9.75,60.58,3.00,1095.82,803.54,1.65,41.00,57.00,1.18,19477600,2026-09-18T06:07:09Z
C_hit,orig,leaf_freq_K10,async_bulk,128,1,1,0.00,100.00,921.05,303.13,231.94,10.45,60.74,3.00,1224.18,931.50,1.67,41.00,57.00,1.18,19476772,2026-09-18T06:07:09Z
C_hit,orig,leaf_rand_K10,pread,128,1,1,0.00,100.00,954.51,1122.39,228.70,893.69,,,2076.90,1848.20,1.65,41.00,57.00,1.18,19477200,2026-09-18T06:07:10Z
C_hit,orig,leaf_rand_K10,async,128,1,1,0.00,100.00,989.53,313.69,234.58,79.11,,,1303.22,1068.64,1.66,41.00,57.00,1.18,19477592,2026-09-18T06:07:10Z
C_hit,orig,leaf_rand_K10,async_win,128,1,1,0.00,100.00,977.14,304.21,229.81,14.01,60.39,10.00,1281.35,991.15,1.65,41.00,57.00,1.18,19478780,2026-09-18T06:07:10Z
C_hit,orig,leaf_rand_K10,async_bulk,128,1,1,0.00,100.00,1122.29,300.54,226.06,14.63,59.85,10.00,1422.83,1136.92,1.66,41.00,57.00,1.18,19479508,2026-09-18T06:07:10Z
C_hit,orig,learned_markov_14,pread,128,1,1,0.00,100.00,633.42,1101.37,230.56,870.81,,,1734.79,1504.23,1.64,37.00,61.00,1.18,19492036,2026-09-18T06:07:11Z
C_hit,orig,learned_markov_14,async,128,1,1,0.00,100.00,602.90,302.42,224.99,77.42,,,905.32,680.32,1.64,39.00,61.00,1.18,19491588,2026-09-18T06:07:11Z
C_hit,orig,learned_markov_14,async_win,128,1,1,0.00,100.00,667.14,301.54,226.85,14.00,60.69,6.00,968.68,681.14,1.70,39.00,61.00,1.18,19494024,2026-09-18T06:07:11Z
C_hit,orig,learned_markov_14,async_bulk,128,1,1,0.00,100.00,609.16,301.22,224.59,15.16,61.47,6.00,910.38,624.32,1.65,39.00,61.00,1.18,19493996,2026-09-18T06:07:11Z
C_hit,orig,learned_markov_28,pread,128,1,1,0.00,100.00,635.15,999.29,118.28,881.01,,,1634.44,1516.16,1.65,36.00,61.00,1.18,19494352,2026-09-18T06:07:12Z
C_hit,orig,learned_markov_28,async,128,1,1,0.00,100.00,591.55,326.91,231.14,95.77,,,918.46,687.32,1.68,39.00,60.00,1.18,19496252,2026-09-18T06:07:12Z
C_hit,orig,learned_markov_28,async_win,128,1,1,0.00,100.00,521.22,314.89,229.37,23.19,62.33,8.00,836.11,544.41,1.71,39.00,60.00,1.18,19495968,2026-09-18T06:07:12Z
C_hit,orig,learned_markov_28,async_bulk,128,1,1,0.00,100.00,512.47,318.00,232.44,23.81,61.75,8.00,830.47,536.28,1.64,39.00,60.00,1.18,19497028,2026-09-18T06:07:13Z
A,orig,baseline,baseline,128,2,0,0.00,0.00,869.64,0.00,0.00,0.00,,,869.64,869.64,2.20,190.00,246.00,1.16,19496196,2026-09-18T06:07:13Z
B,orig,baseline,baseline,128,2,0,0.00,0.00,1082.46,0.00,0.00,0.00,,,1082.46,1082.46,2.21,192.00,251.00,1.16,19499024,2026-09-18T06:07:13Z
C,orig,baseline,baseline,128,2,0,0.00,0.00,1012.30,0.00,0.00,0.00,,,1012.30,1012.30,1.56,20.00,28.00,1.16,19478468,2026-09-18T06:07:13Z
C_hit,orig,baseline,baseline,128,2,0,0.00,0.00,943.71,0.00,0.00,0.00,,,943.71,943.71,1.65,41.00,57.00,1.16,19479400,2026-09-18T06:07:14Z
A,orig,layers_5,pread,128,2,0,0.00,100.00,854.67,661.17,224.73,436.44,,,1515.84,1291.11,2.12,190.00,245.00,1.16,19478636,2026-09-18T06:07:14Z
A,orig,layers_5,async,128,2,0,0.00,100.00,916.47,295.64,227.02,68.62,,,1212.11,985.09,2.21,190.00,245.00,1.16,19480296,2026-09-18T06:07:14Z
A,orig,layers_5,async_win,128,2,0,0.00,100.00,964.03,298.05,229.45,7.75,60.84,2.00,1262.08,971.78,2.14,190.00,245.00,1.16,19484604,2026-09-18T06:07:15Z
A,orig,layers_5,async_bulk,128,2,0,0.00,100.00,862.98,293.61,224.62,8.16,60.83,2.00,1156.59,871.14,2.10,190.00,245.00,1.16,19485572,2026-09-18T06:07:15Z
A,orig,layers_92,pread,128,2,0,0.00,100.00,563.89,8286.18,226.00,8060.17,,,8850.07,8624.06,2.19,187.00,258.00,1.16,19485360,2026-09-18T06:07:15Z
A,orig,layers_92,async,128,2,0,0.00,100.00,538.49,441.34,230.90,210.44,,,979.83,748.93,2.14,187.00,257.00,1.16,19485812,2026-09-18T06:07:16Z
A,orig,layers_92,async_win,128,2,0,0.00,100.00,570.77,415.63,228.85,120.45,66.33,87.00,986.40,691.22,2.14,187.00,257.00,1.16,19474112,2026-09-18T06:07:16Z
A,orig,layers_92,async_bulk,128,2,0,0.00,100.00,530.42,416.15,225.87,124.94,65.35,87.00,946.57,655.36,2.11,187.00,257.00,1.16,19475116,2026-09-18T06:07:16Z
A,orig,2d,pread,128,2,0,0.00,100.00,533.74,1914.56,225.60,1688.95,,,2448.30,2222.69,2.13,187.00,258.00,1.16,19475616,2026-09-18T06:07:17Z
A,orig,2d,async,128,2,0,0.00,100.00,530.20,324.68,236.15,88.53,,,854.88,618.73,2.19,187.00,257.00,1.16,19477096,2026-09-18T06:07:17Z
A,orig,2d,async_win,128,2,0,0.00,100.00,500.36,309.71,227.07,21.14,61.51,13.00,810.07,521.50,2.11,187.00,257.00,1.16,19480912,2026-09-18T06:07:17Z
A,orig,2d,async_bulk,128,2,0,0.00,100.00,536.82,310.02,224.74,24.20,61.09,13.00,846.84,561.02,2.12,187.00,257.00,1.16,19481020,2026-09-18T06:07:18Z
A,orig,2e_K10,pread,128,2,0,0.00,100.00,596.80,2798.10,227.28,2570.82,,,3394.90,3167.62,2.24,190.00,260.00,1.15,19480744,2026-09-18T06:07:18Z
A,orig,2e_K10,async,128,2,0,0.00,100.00,565.75,328.29,229.80,98.48,,,894.04,664.23,2.12,190.00,259.00,1.15,19481256,2026-09-18T06:07:18Z
A,orig,2e_K10,async_win,128,2,0,0.00,100.00,526.88,323.05,224.93,36.17,61.95,23.00,849.93,563.05,2.10,190.00,259.00,1.15,19480936,2026-09-18T06:07:19Z
A,orig,2e_K10,async_bulk,128,2,0,0.00,100.00,525.58,320.97,226.51,32.27,62.20,23.00,846.55,557.85,2.10,190.00,259.00,1.15,19478188,2026-09-18T06:07:19Z
A,orig,2e_K500,pread,128,2,0,0.00,100.00,592.51,22321.22,226.24,22094.99,,,22913.73,22687.50,2.02,163.00,436.00,1.15,19479340,2026-09-18T06:07:19Z
A,orig,2e_K500,async,128,2,0,0.00,39.00,712.09,1256.82,546.31,710.52,,,1968.91,1422.61,2.07,181.00,384.00,1.15,19479352,2026-09-18T06:07:20Z
A,orig,2e_K500,async_win,128,2,0,0.00,100.00,714.93,1012.52,226.53,695.26,90.74,446.00,1727.45,1410.19,2.12,181.00,382.00,1.15,19479752,2026-09-18T06:07:20Z
A,orig,2e_K500,async_bulk,128,2,0,0.00,100.00,715.07,1045.69,226.83,728.17,90.69,446.00,1760.76,1443.24,2.06,181.00,382.00,1.15,19481572,2026-09-18T06:07:20Z
A,orig,2f_top14,pread,128,2,0,0.00,100.00,577.09,2833.07,804.34,2028.72,,,3410.16,2605.81,2.18,189.00,257.00,1.15,19480432,2026-09-18T06:07:20Z
A,orig,2f_top14,async,128,2,0,0.00,100.00,593.13,307.56,227.73,79.83,,,900.69,672.96,2.12,189.00,257.00,1.15,19481336,2026-09-18T06:07:21Z
A,orig,2f_top14,async_win,128,2,0,0.00,100.00,592.43,312.18,228.81,20.56,62.81,13.00,904.61,612.99,2.14,189.00,257.00,1.15,19481840,2026-09-18T06:07:21Z
A,orig,2f_top14,async_bulk,128,2,0,0.00,100.00,495.85,310.26,228.21,21.39,60.66,13.00,806.11,517.24,2.13,189.00,257.00,1.15,19481668,2026-09-18T06:07:21Z
A,orig,2f_top28,pread,128,2,0,0.00,100.00,495.59,2652.87,225.94,2426.93,,,3148.46,2922.52,2.14,192.00,266.00,1.15,19482104,2026-09-18T06:07:22Z
A,orig,2f_top28,async,128,2,0,0.00,100.00,503.15,333.78,228.26,105.52,,,836.93,608.67,2.13,192.00,266.00,1.15,19482316,2026-09-18T06:07:22Z
A,orig,2f_top28,async_win,128,2,0,0.00,100.00,595.83,323.05,222.69,38.65,61.71,27.00,918.88,634.48,2.09,192.00,266.00,1.15,19482560,2026-09-18T06:07:22Z
A,orig,2f_top28,async_bulk,128,2,0,0.00,100.00,609.70,338.19,239.34,35.96,62.89,27.00,947.89,645.66,2.18,192.00,266.00,1.15,19482560,2026-09-18T06:07:23Z
A,orig,2f_top100,pread,128,2,0,0.00,100.00,592.54,9028.66,225.27,8803.39,,,9621.20,9395.93,2.09,184.00,307.00,1.14,19482036,2026-09-18T06:07:23Z
A,orig,2f_top100,async,128,2,0,0.00,100.00,597.54,441.38,225.99,215.40,,,1038.92,812.94,2.11,184.00,306.00,1.14,19483236,2026-09-18T06:07:23Z
A,orig,2f_top100,async_win,128,2,0,0.00,100.00,574.99,406.65,225.47,111.90,69.28,98.00,981.64,686.89,2.14,184.00,305.00,1.14,19483680,2026-09-18T06:07:24Z
A,orig,2f_top100,async_bulk,128,2,0,0.00,100.00,599.26,431.05,234.58,130.28,66.18,98.00,1030.31,729.54,2.13,184.00,306.00,1.14,19477640,2026-09-18T06:07:24Z
A,orig,2f_top500,pread,128,2,0,0.00,100.00,539.22,22039.35,225.85,21813.50,,,22578.57,22352.72,2.06,165.00,430.00,1.14,19478748,2026-09-18T06:07:24Z
A,orig,2f_top500,async,128,2,0,0.00,100.00,721.70,1042.62,226.13,816.49,,,1764.32,1538.19,2.08,181.00,386.00,1.14,19478996,2026-09-18T06:07:25Z
A,orig,2f_top500,async_win,128,2,0,0.00,100.00,719.53,1035.00,226.10,718.03,90.86,438.00,1754.53,1437.56,2.09,181.00,387.00,1.14,19479452,2026-09-18T06:07:25Z
A,orig,2f_top500,async_bulk,128,2,0,0.00,100.00,641.56,1036.03,226.06,719.99,89.97,438.00,1677.59,1361.55,2.06,181.00,386.00,1.14,19480008,2026-09-18T06:07:25Z
A,orig,2f_slru,pread,128,2,0,0.00,100.00,90.62,19042.06,227.52,18814.54,,,19132.68,18905.16,1.53,0.00,278.00,1.14,19480388,2026-09-18T06:07:26Z
A,orig,2f_slru,async,128,2,0,0.00,100.00,106.64,7444.99,224.77,7220.21,,,7551.63,7326.85,1.55,0.00,278.00,1.14,19476688,2026-09-18T06:07:26Z
A,orig,2f_slru,async_win,128,2,0,0.00,82.40,97.77,2553.37,227.53,1921.42,404.42,139.00,2651.14,2019.19,1.55,0.00,278.00,1.14,19476220,2026-09-18T06:07:26Z
A,orig,2f_slru,async_bulk,128,2,0,0.00,1.40,810.14,711.52,226.40,83.41,401.71,2.00,1521.66,893.55,2.13,188.00,245.00,1.14,19478028,2026-09-18T06:07:26Z
A,orig,leaf_freq_K10,pread,128,2,0,0.00,100.00,852.51,1135.66,232.68,902.99,,,1988.17,1755.50,2.20,192.00,247.00,1.14,19479216,2026-09-18T06:07:27Z
A,orig,leaf_freq_K10,async,128,2,0,0.00,100.00,904.03,301.72,224.32,77.39,,,1205.75,981.42,2.16,192.00,247.00,1.14,19479632,2026-09-18T06:07:27Z
A,orig,leaf_freq_K10,async_win,128,2,0,0.00,100.00,869.53,302.14,225.70,14.41,62.03,10.00,1171.67,883.94,2.14,192.00,247.00,1.14,19480324,2026-09-18T06:07:27Z
A,orig,leaf_freq_K10,async_bulk,128,2,0,0.00,100.00,845.84,304.58,226.37,17.14,61.08,10.00,1150.42,862.98,2.16,192.00,247.00,1.14,19479352,2026-09-18T06:07:28Z
A,orig,leaf_rand_K10,pread,128,2,0,0.00,100.00,940.82,1160.02,228.39,931.63,,,2100.84,1872.45,2.15,190.00,246.00,1.13,19480136,2026-09-18T06:07:28Z
A,orig,leaf_rand_K10,async,128,2,0,0.00,100.00,867.26,302.16,225.53,76.62,,,1169.42,943.88,2.11,190.00,246.00,1.13,19481716,2026-09-18T06:07:28Z
A,orig,leaf_rand_K10,async_win,128,2,0,0.00,100.00,937.16,304.88,228.92,15.23,60.73,10.00,1242.04,952.39,2.14,190.00,246.00,1.13,19481612,2026-09-18T06:07:29Z
A,orig,leaf_rand_K10,async_bulk,128,2,0,0.00,100.00,920.30,304.21,227.61,15.10,61.51,10.00,1224.51,935.40,2.16,190.00,246.00,1.13,19482044,2026-09-18T06:07:29Z
A,orig,learned_markov_14,pread,128,2,0,0.00,100.00,589.62,1480.71,226.15,1254.57,,,2070.33,1844.19,2.15,187.00,256.00,1.13,19481484,2026-09-18T06:07:29Z
A,orig,learned_markov_14,async,128,2,0,0.00,100.00,596.50,303.71,224.64,79.07,,,900.21,675.57,2.16,187.00,256.00,1.13,19486024,2026-09-18T06:07:30Z
A,orig,learned_markov_14,async_win,128,2,0,0.00,100.00,535.19,307.49,226.15,19.72,61.63,13.00,842.68,554.91,2.13,187.00,256.00,1.13,19486996,2026-09-18T06:07:30Z
A,orig,learned_markov_14,async_bulk,128,2,0,0.00,100.00,526.67,305.88,225.04,19.08,61.76,13.00,832.55,545.75,2.24,187.00,256.00,1.13,19487524,2026-09-18T06:07:30Z
A,orig,learned_markov_28,pread,128,2,0,0.00,100.00,558.11,2773.09,225.91,2547.18,,,3331.20,3105.29,2.12,187.00,260.00,1.13,19488456,2026-09-18T06:07:31Z
A,orig,learned_markov_28,async,128,2,0,0.00,100.00,500.26,327.23,226.87,100.36,,,827.49,600.62,2.12,187.00,259.00,1.13,19488520,2026-09-18T06:07:31Z
A,orig,learned_markov_28,async_win,128,2,0,0.00,100.00,507.13,328.26,231.91,36.20,60.15,26.00,835.39,543.33,2.17,187.00,259.00,1.13,19496020,2026-09-18T06:07:31Z
A,orig,learned_markov_28,async_bulk,128,2,0,0.00,100.00,564.44,325.22,224.07,38.80,62.35,26.00,889.66,603.24,2.13,187.00,259.00,1.13,19496644,2026-09-18T06:07:32Z
B,orig,layers_5,pread,128,2,0,0.00,100.00,1046.51,663.82,226.41,437.41,,,1710.33,1483.92,2.20,192.00,254.00,1.13,19496628,2026-09-18T06:07:32Z
B,orig,layers_5,async,128,2,0,0.00,100.00,950.61,297.90,229.12,68.78,,,1248.51,1019.39,2.19,193.00,254.00,1.13,19496844,2026-09-18T06:07:32Z
B,orig,layers_5,async_win,128,2,0,0.00,100.00,1067.36,295.56,226.37,7.67,61.52,2.00,1362.92,1075.03,2.17,193.00,254.00,1.13,19498420,2026-09-18T06:07:33Z
B,orig,layers_5,async_bulk,128,2,0,0.00,100.00,1006.19,295.09,227.04,7.21,60.84,2.00,1301.28,1013.40,2.13,193.00,254.00,1.12,19498424,2026-09-18T06:07:33Z
B,orig,layers_92,pread,128,2,0,0.00,100.00,674.00,8317.16,228.04,8089.12,,,8991.16,8763.12,2.18,193.00,260.00,1.12,19497640,2026-09-18T06:07:33Z
B,orig,layers_92,async,128,2,0,0.00,100.00,662.88,442.64,227.53,215.11,,,1105.52,877.99,2.16,194.00,260.00,1.12,19497656,2026-09-18T06:07:33Z
B,orig,layers_92,async_win,128,2,0,0.00,94.60,633.29,696.25,225.66,115.53,355.06,87.00,1329.54,748.82,2.19,194.00,260.00,1.12,19498624,2026-09-18T06:07:34Z
B,orig,layers_92,async_bulk,128,2,0,0.00,100.00,663.80,415.18,223.15,126.03,66.00,87.00,1078.98,789.83,2.13,194.00,260.00,1.12,19498140,2026-09-18T06:07:34Z
B,orig,2d,pread,128,2,0,0.00,100.00,531.08,1913.16,227.05,1686.11,,,2444.24,2217.19,2.13,193.00,260.00,1.12,19504044,2026-09-18T06:07:34Z
B,orig,2d,async,128,2,0,0.00,100.00,656.80,314.64,226.92,87.72,,,971.44,744.52,2.26,194.00,260.00,1.12,19504812,2026-09-18T06:07:35Z
B,orig,2d,async_win,128,2,0,0.00,100.00,659.10,313.12,227.54,23.60,61.98,13.00,972.22,682.70,2.17,194.00,260.00,1.12,19504300,2026-09-18T06:07:35Z
B,orig,2d,async_bulk,128,2,0,0.00,100.00,659.95,308.47,225.35,21.40,61.72,13.00,968.42,681.35,2.16,194.00,260.00,1.12,19505772,2026-09-18T06:07:35Z
B,orig,2e_K10,pread,128,2,0,0.00,100.00,672.88,2735.72,229.09,2506.63,,,3408.60,3179.51,2.22,193.00,261.00,1.12,19506596,2026-09-18T06:07:36Z
B,orig,2e_K10,async,128,2,0,0.00,100.00,659.09,325.26,223.37,101.89,,,984.35,760.98,2.15,194.00,260.00,1.12,19505384,2026-09-18T06:07:36Z
B,orig,2e_K10,async_win,128,2,0,0.00,100.00,627.80,322.38,224.36,36.30,61.72,23.00,950.18,664.10,2.13,194.00,260.00,1.12,19487996,2026-09-18T06:07:36Z
B,orig,2e_K10,async_bulk,128,2,0,0.00,100.00,666.15,322.66,226.40,34.07,62.19,23.00,988.81,700.22,2.18,194.00,260.00,1.12,19488940,2026-09-18T06:07:37Z
B,orig,2e_K500,pread,128,2,0,0.00,100.00,183.35,20320.62,226.58,20094.04,,,20503.97,20277.39,2.08,173.00,393.00,1.12,19487796,2026-09-18T06:07:37Z
B,orig,2e_K500,async,128,2,0,0.00,100.00,186.20,1097.60,227.06,870.55,,,1283.80,1056.75,2.13,183.00,332.00,1.12,19488848,2026-09-18T06:07:37Z
B,orig,2e_K500,async_win,128,2,0,0.00,100.00,183.23,1023.41,226.80,705.18,91.43,449.00,1206.64,888.41,2.12,183.00,333.00,1.12,19489644,2026-09-18T06:07:38Z
B,orig,2e_K500,async_bulk,128,2,0,0.00,100.00,184.28,1064.78,225.99,748.57,90.23,449.00,1249.06,932.85,2.13,183.00,332.00,1.11,19490012,2026-09-18T06:07:38Z
B,orig,2f_top14,pread,128,2,0,0.00,100.00,673.99,1476.35,239.66,1236.68,,,2150.34,1910.67,2.24,194.00,260.00,1.11,19490032,2026-09-18T06:07:38Z
B,orig,2f_top14,async,128,2,0,0.00,100.00,664.50,307.71,227.35,80.36,,,972.21,744.86,2.15,194.00,260.00,1.11,19489964,2026-09-18T06:07:39Z
B,orig,2f_top14,async_win,128,2,0,0.00,100.00,672.71,308.59,228.31,17.99,62.29,13.00,981.30,690.70,2.19,194.00,260.00,1.11,19489288,2026-09-18T06:07:39Z
B,orig,2f_top14,async_bulk,128,2,0,0.00,100.00,1290.32,309.22,227.74,20.00,61.49,13.00,1599.54,1310.32,2.31,194.00,260.00,1.11,19490236,2026-09-18T06:07:39Z
B,orig,2f_top28,pread,128,2,0,0.00,100.00,659.86,2685.89,229.93,2455.96,,,3345.75,3115.82,2.27,193.00,261.00,1.11,19470992,2026-09-18T06:07:40Z
B,orig,2f_top28,async,128,2,0,0.00,100.00,663.83,326.69,225.72,100.98,,,990.52,764.81,2.17,194.00,259.00,1.11,19471460,2026-09-18T06:07:40Z
B,orig,2f_top28,async_win,128,2,0,0.00,100.00,664.53,326.18,228.32,35.80,62.07,27.00,990.71,700.33,2.22,194.00,259.00,1.11,19473496,2026-09-18T06:07:40Z
B,orig,2f_top28,async_bulk,128,2,0,0.00,100.00,660.29,328.22,227.21,38.92,62.09,27.00,988.51,699.21,2.18,194.00,259.00,1.11,19473808,2026-09-18T06:07:41Z
B,orig,2f_top100,pread,128,2,0,0.00,100.00,180.94,9077.05,227.08,8849.98,,,9257.99,9030.92,2.14,191.00,282.00,1.11,19473868,2026-09-18T06:07:41Z
B,orig,2f_top100,async,128,2,0,0.00,100.00,182.68,425.32,227.69,197.63,,,608.00,380.31,2.21,193.00,276.00,1.11,19475104,2026-09-18T06:07:41Z
B,orig,2f_top100,async_win,128,2,0,0.00,100.00,183.71,420.00,226.78,128.00,65.22,94.00,603.71,311.71,2.18,193.00,274.00,1.11,19474620,2026-09-18T06:07:42Z
B,orig,2f_top100,async_bulk,128,2,0,0.00,100.00,184.19,419.29,225.55,128.19,65.54,94.00,603.48,312.38,2.21,193.00,273.00,1.11,19475916,2026-09-18T06:07:42Z
B,orig,2f_top500,pread,128,2,0,0.00,100.00,182.58,18152.44,225.76,17926.68,,,18335.02,18109.26,2.10,173.00,399.00,1.11,19476784,2026-09-18T06:07:42Z
B,orig,2f_top500,async,128,2,0,0.00,100.00,178.06,1106.95,226.81,880.14,,,1285.01,1058.20,2.14,183.00,334.00,1.11,19478036,2026-09-18T06:07:43Z
B,orig,2f_top500,async_win,128,2,0,0.00,100.00,180.61,988.18,226.38,671.73,90.07,438.00,1168.79,852.34,2.15,183.00,335.00,1.10,19477232,2026-09-18T06:07:43Z
B,orig,2f_top500,async_bulk,128,2,0,0.00,100.00,184.78,992.01,226.75,676.02,89.25,438.00,1176.79,860.80,2.12,183.00,336.00,1.10,19478624,2026-09-18T06:07:43Z
B,orig,2f_slru,pread,128,2,0,0.00,100.00,96.94,21568.73,226.24,21342.49,,,21665.67,21439.43,1.55,0.00,278.00,1.10,19479944,2026-09-18T06:07:44Z
B,orig,2f_slru,async,128,2,0,0.00,100.00,98.99,7456.45,226.26,7230.18,,,7555.44,7329.17,1.62,0.00,278.00,1.10,19477260,2026-09-18T06:07:44Z
B,orig,2f_slru,async_win,128,2,0,0.00,97.80,99.96,2786.95,229.01,2149.77,408.17,138.00,2886.91,2249.73,1.59,0.00,278.00,1.10,19477280,2026-09-18T06:07:44Z
B,orig,2f_slru,async_bulk,128,2,0,0.00,1.40,880.53,719.41,226.09,78.39,414.94,2.00,1599.94,958.92,2.32,190.00,251.00,1.10,19480652,2026-09-18T06:07:44Z
B,orig,leaf_freq_K10,pread,128,2,0,0.00,100.00,1049.52,1055.69,226.12,829.57,,,2105.21,1879.09,2.15,192.00,251.00,1.10,19480760,2026-09-18T06:07:45Z
B,orig,leaf_freq_K10,async,128,2,0,0.00,100.00,982.98,298.89,224.10,74.79,,,1281.87,1057.77,2.16,192.00,251.00,1.10,19479512,2026-09-18T06:07:45Z
B,orig,leaf_freq_K10,async_win,128,2,0,0.00,100.00,1701.02,303.09,228.14,14.01,60.95,10.00,2004.11,1715.03,2.22,192.00,251.00,1.10,19480544,2026-09-18T06:07:45Z
B,orig,leaf_freq_K10,async_bulk,128,2,0,0.00,100.00,1017.66,302.73,226.76,14.66,61.31,10.00,1320.39,1032.32,2.16,192.00,251.00,1.10,19480696,2026-09-18T06:07:46Z
B,orig,leaf_rand_K10,pread,128,2,0,0.00,100.00,981.97,1089.09,223.58,865.51,,,2071.06,1847.48,2.17,192.00,251.00,1.10,19481384,2026-09-18T06:07:46Z
B,orig,leaf_rand_K10,async,128,2,0,0.00,100.00,986.89,302.32,226.39,75.93,,,1289.21,1062.82,2.20,192.00,251.00,1.10,19481552,2026-09-18T06:07:46Z
B,orig,leaf_rand_K10,async_win,128,2,0,0.00,100.00,982.18,312.46,236.94,14.77,60.75,10.00,1294.64,996.95,2.16,192.00,251.00,1.10,19482492,2026-09-18T06:07:47Z
B,orig,leaf_rand_K10,async_bulk,128,2,0,0.00,100.00,1017.12,302.50,225.83,15.18,61.49,10.00,1319.62,1032.30,2.15,192.00,251.00,1.10,19482980,2026-09-18T06:07:47Z
B,orig,learned_markov_14,pread,128,2,0,0.00,100.00,654.26,1388.93,231.92,1157.02,,,2043.19,1811.28,2.16,194.00,259.00,1.10,19483036,2026-09-18T06:07:47Z
B,orig,learned_markov_14,async,128,2,0,0.00,100.00,661.37,310.77,231.80,78.98,,,972.14,740.35,2.18,194.00,259.00,1.10,19482704,2026-09-18T06:07:48Z
B,orig,learned_markov_14,async_win,128,2,0,0.00,100.00,659.35,311.42,230.01,19.54,61.87,13.00,970.77,678.89,2.23,194.00,259.00,1.09,19483512,2026-09-18T06:07:48Z
B,orig,learned_markov_14,async_bulk,128,2,0,0.00,100.00,659.39,320.39,238.27,20.74,61.39,13.00,979.78,680.13,2.21,194.00,259.00,1.09,19483688,2026-09-18T06:07:48Z
B,orig,learned_markov_28,pread,128,2,0,0.00,100.00,658.54,2589.19,200.33,2388.86,,,3247.73,3047.40,2.15,193.00,265.00,1.09,19486708,2026-09-18T06:07:49Z
B,orig,learned_markov_28,async,128,2,0,0.00,100.00,676.60,314.95,215.41,99.55,,,991.55,776.15,2.33,193.00,264.00,1.09,19485884,2026-09-18T06:07:49Z
B,orig,learned_markov_28,async_win,128,2,0,0.00,100.00,661.26,288.57,187.45,38.25,62.87,26.00,949.83,699.51,2.19,193.00,265.00,1.09,19487784,2026-09-18T06:07:49Z
B,orig,learned_markov_28,async_bulk,128,2,0,0.00,100.00,659.59,248.87,148.76,38.61,61.50,26.00,908.46,698.20,2.15,193.00,264.00,1.09,19487716,2026-09-18T06:07:50Z
C,orig,layers_5,pread,128,2,0,0.00,100.00,1011.01,682.16,235.50,446.66,,,1693.17,1457.67,1.57,20.00,28.00,1.09,19487568,2026-09-18T06:07:50Z
C,orig,layers_5,async,128,2,0,0.00,100.00,1017.95,308.58,236.00,72.58,,,1326.53,1090.53,1.59,20.00,28.00,1.09,19474212,2026-09-18T06:07:50Z
C,orig,layers_5,async_win,128,2,0,0.00,100.00,1042.33,305.29,238.57,7.83,58.89,2.00,1347.62,1050.16,1.58,20.00,28.00,1.09,19487744,2026-09-18T06:07:50Z
C,orig,layers_5,async_bulk,128,2,0,0.00,100.00,976.39,301.62,233.70,7.38,60.53,2.00,1278.01,983.77,1.58,20.00,28.00,1.09,19488320,2026-09-18T06:07:51Z
C,orig,layers_92,pread,128,2,0,0.00,100.00,671.64,8647.17,231.65,8415.52,,,9318.81,9087.16,1.63,20.00,30.00,1.09,19488180,2026-09-18T06:07:51Z
C,orig,layers_92,async,128,2,0,0.00,100.00,633.40,436.62,235.96,200.66,,,1070.02,834.06,1.56,20.00,30.00,1.09,19488796,2026-09-18T06:07:51Z
C,orig,layers_92,async_win,128,2,0,0.00,100.00,664.86,431.05,232.33,133.49,65.23,87.00,1095.91,798.35,1.59,20.00,30.00,1.09,19488324,2026-09-18T06:07:51Z
C,orig,layers_92,async_bulk,128,2,0,0.00,100.00,657.11,419.63,231.47,122.34,65.81,87.00,1076.74,779.45,1.57,20.00,30.00,1.09,19499744,2026-09-18T06:07:52Z
C,orig,2d,pread,128,2,0,0.00,100.00,599.05,575.96,228.70,347.26,,,1175.01,946.31,1.56,20.00,30.00,1.09,19499540,2026-09-18T06:07:52Z
C,orig,2d,async,128,2,0,0.00,100.00,655.88,300.85,232.90,67.95,,,956.73,723.83,1.57,20.00,30.00,1.09,19499576,2026-09-18T06:07:52Z
C,orig,2d,async_win,128,2,0,0.00,100.00,633.21,303.10,235.16,7.34,60.59,2.00,936.31,640.55,1.56,20.00,30.00,1.09,19499968,2026-09-18T06:07:52Z
C,orig,2d,async_bulk,128,2,0,0.00,100.00,635.87,300.66,232.35,7.27,61.03,2.00,936.53,643.14,1.56,20.00,30.00,1.09,19499124,2026-09-18T06:07:53Z
C,orig,2e_K10,pread,128,2,0,0.00,100.00,637.29,1404.92,235.52,1169.40,,,2042.21,1806.69,1.56,19.00,37.00,1.08,19499956,2026-09-18T06:07:53Z
C,orig,2e_K10,async,128,2,0,0.00,100.00,654.03,316.19,235.65,80.53,,,970.22,734.56,1.56,20.00,33.00,1.08,19500576,2026-09-18T06:07:53Z
C,orig,2e_K10,async_win,128,2,0,0.00,100.00,627.94,307.63,230.55,16.56,60.51,8.00,935.57,644.50,1.56,20.00,33.00,1.08,19499560,2026-09-18T06:07:54Z
C,orig,2e_K10,async_bulk,128,2,0,0.00,100.00,625.58,308.35,230.85,17.15,60.34,8.00,933.93,642.73,1.57,20.00,33.00,1.08,19500192,2026-09-18T06:07:54Z
C,orig,2e_K500,pread,128,2,0,0.00,100.00,186.04,2464.08,233.59,2230.49,,,2650.12,2416.53,1.51,0.00,37.00,1.08,19500404,2026-09-18T06:07:54Z
C,orig,2e_K500,async,128,2,0,0.00,70.40,179.29,698.07,229.57,468.50,,,877.36,647.79,1.52,0.00,37.00,1.08,19500492,2026-09-18T06:07:54Z
C,orig,2e_K500,async_win,128,2,0,0.00,47.90,177.36,555.00,231.19,241.30,82.50,90.00,732.36,418.66,1.53,0.00,37.00,1.08,19501160,2026-09-18T06:07:55Z
C,orig,2e_K500,async_bulk,128,2,0,0.00,45.90,184.11,533.00,233.19,216.91,82.91,90.00,717.11,401.02,1.50,0.00,37.00,1.08,19502392,2026-09-18T06:07:55Z
C,orig,2f_top14,pread,128,2,0,0.00,100.00,634.69,1308.31,233.66,1074.65,,,1943.00,1709.34,1.55,17.00,38.00,1.08,19502428,2026-09-18T06:07:55Z
C,orig,2f_top14,async,128,2,0,0.00,100.00,664.00,313.39,234.43,78.96,,,977.39,742.96,1.56,20.00,35.00,1.08,19494632,2026-09-18T06:07:55Z
C,orig,2f_top14,async_win,128,2,0,0.00,100.00,587.14,303.71,231.46,16.01,56.25,9.00,890.85,603.15,1.60,20.00,36.00,1.08,19496884,2026-09-18T06:07:56Z
C,orig,2f_top14,async_bulk,128,2,0,0.00,100.00,668.67,309.56,232.02,16.19,61.35,9.00,978.23,684.86,1.59,20.00,35.00,1.08,19497288,2026-09-18T06:07:56Z
C,orig,2f_top28,pread,128,2,0,0.00,100.00,635.40,1310.00,232.19,1077.82,,,1945.40,1713.22,1.55,18.00,36.00,1.08,19498376,2026-09-18T06:07:56Z
C,orig,2f_top28,async,128,2,0,0.00,100.00,600.14,327.57,230.55,97.01,,,927.71,697.15,1.56,19.00,35.00,1.08,19500068,2026-09-18T06:07:56Z
C,orig,2f_top28,async_win,128,2,0,0.00,100.00,510.76,321.50,229.05,30.67,61.79,13.00,832.26,541.43,1.56,19.00,35.00,1.08,19500712,2026-09-18T06:07:57Z
C,orig,2f_top28,async_bulk,128,2,0,0.00,100.00,511.75,321.18,232.19,26.69,62.31,13.00,832.93,538.44,1.57,19.00,35.00,1.08,19485536,2026-09-18T06:07:57Z
C,orig,2f_top100,pread,128,2,0,0.00,100.00,560.28,1414.84,232.56,1182.28,,,1975.12,1742.56,1.54,12.00,38.00,1.08,19486500,2026-09-18T06:07:57Z
C,orig,2f_top100,async,128,2,0,0.00,100.00,556.09,410.44,232.34,178.10,,,966.53,734.19,1.57,14.00,36.00,1.08,19486800,2026-09-18T06:07:57Z
C,orig,2f_top100,async_win,128,2,0,0.00,100.00,597.70,374.79,230.89,78.61,65.28,32.00,972.49,676.31,1.54,14.00,36.00,1.08,19485896,2026-09-18T06:07:58Z
C,orig,2f_top100,async_bulk,128,2,0,0.00,100.00,558.26,372.18,230.25,76.90,65.02,32.00,930.44,635.16,1.54,14.00,36.00,1.08,19485516,2026-09-18T06:07:58Z
C,orig,2f_top500,pread,128,2,0,0.00,100.00,93.34,3054.14,230.63,2823.51,,,3147.48,2916.85,1.49,0.00,37.00,1.08,19486204,2026-09-18T06:07:58Z
C,orig,2f_top500,async,128,2,0,0.00,100.00,93.50,982.35,231.75,750.60,,,1075.85,844.10,1.50,0.00,37.00,1.08,19486436,2026-09-18T06:07:58Z
C,orig,2f_top500,async_win,128,2,0,0.00,100.00,92.30,572.99,230.02,253.24,89.73,15.00,665.29,345.54,1.53,0.00,37.00,1.08,19486132,2026-09-18T06:07:59Z
C,orig,2f_top500,async_bulk,128,2,0,0.00,13.60,953.81,357.73,230.16,38.53,89.04,2.00,1311.54,992.34,1.56,19.00,30.00,1.08,19484416,2026-09-18T06:07:59Z
C,orig,2f_slru,pread,128,2,0,0.00,100.00,93.22,2952.74,229.64,2723.10,,,3045.96,2816.32,1.49,0.00,37.00,1.08,19485452,2026-09-18T06:07:59Z
C,orig,2f_slru,async,128,2,0,0.00,100.00,92.44,985.34,231.21,754.14,,,1077.78,846.58,1.52,0.00,37.00,1.08,19487132,2026-09-18T06:07:59Z
C,orig,2f_slru,async_win,128,2,0,0.00,100.00,93.83,579.33,231.87,256.76,90.70,15.00,673.16,350.59,1.52,0.00,37.00,1.08,19487344,2026-09-18T06:08:00Z
C,orig,2f_slru,async_bulk,128,2,0,0.00,13.60,949.14,354.00,226.57,38.46,88.98,2.00,1303.14,987.60,1.56,19.00,30.00,1.08,19485964,2026-09-18T06:08:00Z
C,orig,leaf_freq_K10,pread,128,2,0,0.00,100.00,1130.97,933.74,231.24,702.50,,,2064.71,1833.47,1.55,19.00,33.00,1.08,19487236,2026-09-18T06:08:00Z
C,orig,leaf_freq_K10,async,128,2,0,0.00,100.00,1057.03,306.33,231.92,74.41,,,1363.36,1131.44,1.55,20.00,31.00,1.08,19487492,2026-09-18T06:08:01Z
C,orig,leaf_freq_K10,async_win,128,2,0,0.00,100.00,1041.36,307.43,233.82,12.41,61.20,6.00,1348.79,1053.77,1.58,20.00,31.00,1.08,19470412,2026-09-18T06:08:01Z
C,orig,leaf_freq_K10,async_bulk,128,2,0,0.00,100.00,1054.39,311.70,238.17,12.36,61.16,6.00,1366.09,1066.75,1.56,20.00,31.00,1.08,19470332,2026-09-18T06:08:01Z
C,orig,leaf_rand_K10,pread,128,2,0,0.00,100.00,1021.06,1037.07,230.05,807.02,,,2058.13,1828.08,1.57,20.00,28.00,1.08,19472884,2026-09-18T06:08:01Z
C,orig,leaf_rand_K10,async,128,2,0,0.00,100.00,997.50,305.30,229.88,75.42,,,1302.80,1072.92,1.56,20.00,28.00,1.08,19470852,2026-09-18T06:08:02Z
C,orig,leaf_rand_K10,async_win,128,2,0,0.00,100.00,1035.06,305.81,228.99,15.01,61.82,10.00,1340.87,1050.07,1.56,20.00,28.00,1.08,19472252,2026-09-18T06:08:02Z
C,orig,leaf_rand_K10,async_bulk,128,2,0,0.00,100.00,1051.96,307.75,230.63,15.33,61.79,10.00,1359.71,1067.29,1.59,20.00,28.00,1.08,19472552,2026-09-18T06:08:02Z
C,orig,learned_markov_14,pread,128,2,0,0.00,100.00,626.73,1271.43,227.44,1043.99,,,1898.16,1670.72,1.55,17.00,37.00,1.08,19475152,2026-09-18T06:08:02Z
C,orig,learned_markov_14,async,128,2,0,0.00,100.00,633.02,309.05,230.77,78.28,,,942.07,711.30,1.57,20.00,36.00,1.08,19475568,2026-09-18T06:08:03Z
C,orig,learned_markov_14,async_win,128,2,0,0.00,100.00,623.56,308.19,229.10,17.46,61.62,9.00,931.75,641.02,1.56,20.00,35.00,1.23,19476676,2026-09-18T06:08:03Z
C,orig,learned_markov_14,async_bulk,128,2,0,0.00,100.00,626.61,306.71,231.43,16.86,58.42,9.00,933.32,643.47,1.57,20.00,35.00,1.23,19476720,2026-09-18T06:08:03Z
C,orig,learned_markov_28,pread,128,2,0,0.00,100.00,625.50,1265.96,228.68,1037.28,,,1891.46,1662.78,1.55,18.00,37.00,1.23,19478568,2026-09-18T06:08:03Z
C,orig,learned_markov_28,async,128,2,0,0.00,100.00,656.30,328.16,231.35,96.80,,,984.46,753.10,1.56,19.00,36.00,1.23,19478640,2026-09-18T06:08:04Z
C,orig,learned_markov_28,async_win,128,2,0,0.00,100.00,539.51,322.63,231.98,28.73,61.92,13.00,862.14,568.24,1.57,19.00,35.00,1.23,19479244,2026-09-18T06:08:04Z
C,orig,learned_markov_28,async_bulk,128,2,0,0.00,100.00,538.53,323.68,233.93,27.20,62.55,13.00,862.21,565.73,1.56,19.00,36.00,1.23,19479760,2026-09-18T06:08:04Z
C_hit,orig,layers_5,pread,128,2,0,0.00,100.00,975.66,678.61,230.39,448.21,,,1654.27,1423.87,1.66,41.00,57.00,1.23,19480236,2026-09-18T06:08:04Z
C_hit,orig,layers_5,async,128,2,0,0.00,100.00,908.40,298.22,230.49,67.73,,,1206.62,976.13,1.65,41.00,57.00,1.23,19480676,2026-09-18T06:08:05Z
C_hit,orig,layers_5,async_win,128,2,0,0.00,100.00,909.64,298.32,229.95,7.89,60.47,2.00,1207.96,917.53,1.67,41.00,57.00,1.23,19480312,2026-09-18T06:08:05Z
C_hit,orig,layers_5,async_bulk,128,2,0,0.00,100.00,1011.36,300.18,231.34,7.41,61.42,2.00,1311.54,1018.77,1.67,41.00,57.00,1.23,19481596,2026-09-18T06:08:05Z
C_hit,orig,layers_92,pread,128,2,0,0.00,100.00,631.02,8281.76,230.13,8051.63,,,8912.78,8682.65,1.66,39.00,60.00,1.23,19481784,2026-09-18T06:08:06Z
C_hit,orig,layers_92,async,128,2,0,0.00,100.00,664.20,413.01,228.50,184.51,,,1077.21,848.71,1.66,39.00,60.00,1.23,19481428,2026-09-18T06:08:06Z
C_hit,orig,layers_92,async_win,128,2,0,0.00,100.00,638.15,416.34,231.90,117.74,66.70,87.00,1054.49,755.89,1.68,39.00,60.00,1.23,19470032,2026-09-18T06:08:06Z
C_hit,orig,layers_92,async_bulk,128,2,0,0.00,100.00,1071.72,405.93,231.03,109.17,65.73,87.00,1477.65,1180.89,1.70,39.00,60.00,1.23,19470736,2026-09-18T06:08:06Z
C_hit,orig,2d,pread,128,2,0,0.00,100.00,602.30,663.55,229.64,433.91,,,1265.85,1036.21,1.64,39.00,60.00,1.23,19471852,2026-09-18T06:08:07Z
C_hit,orig,2d,async,128,2,0,0.00,100.00,594.84,297.44,228.24,69.20,,,892.28,664.04,1.66,39.00,60.00,1.23,19471772,2026-09-18T06:08:07Z
C_hit,orig,2d,async_win,128,2,0,0.00,100.00,606.38,302.79,233.18,8.15,61.47,3.00,909.17,614.53,1.66,39.00,60.00,1.23,19474384,2026-09-18T06:08:07Z
C_hit,orig,2d,async_bulk,128,2,0,0.00,100.00,596.26,299.51,230.69,8.18,60.64,3.00,895.77,604.44,1.65,39.00,60.00,1.23,19474800,2026-09-18T06:08:07Z
C_hit,orig,2e_K10,pread,128,2,0,0.00,100.00,534.92,1221.01,229.45,991.55,,,1755.93,1526.47,1.66,37.00,61.00,1.23,19474488,2026-09-18T06:08:08Z
C_hit,orig,2e_K10,async,128,2,0,0.00,100.00,504.50,311.18,230.24,80.93,,,815.68,585.43,1.65,39.00,61.00,1.21,19474808,2026-09-18T06:08:08Z
C_hit,orig,2e_K10,async_win,128,2,0,0.00,100.00,624.16,309.80,231.25,16.27,62.28,6.00,933.96,640.43,1.67,39.00,61.00,1.21,19476984,2026-09-18T06:08:08Z
C_hit,orig,2e_K10,async_bulk,128,2,0,0.00,100.00,592.97,306.24,228.83,15.46,61.95,6.00,899.21,608.43,1.64,39.00,61.00,1.21,19477076,2026-09-18T06:08:09Z
C_hit,orig,2e_K500,pread,128,2,0,0.00,100.00,180.82,3364.51,230.62,3133.89,,,3545.33,3314.71,1.56,10.00,60.00,1.21,19476928,2026-09-18T06:08:09Z
C_hit,orig,2e_K500,async,128,2,0,0.00,50.30,186.02,960.80,229.80,730.99,,,1146.82,917.01,1.56,11.00,59.00,1.21,19473796,2026-09-18T06:08:09Z
C_hit,orig,2e_K500,async_win,128,2,0,0.00,31.70,184.00,663.34,235.97,334.78,92.58,139.00,847.34,518.78,1.57,11.00,59.00,1.21,19475732,2026-09-18T06:08:09Z
C_hit,orig,2e_K500,async_bulk,128,2,0,0.00,45.50,181.78,700.34,232.72,374.53,93.08,139.00,882.12,556.31,1.55,11.00,59.00,1.21,19475040,2026-09-18T06:08:10Z
C_hit,orig,2f_top14,pread,128,2,0,0.00,100.00,598.40,1225.47,227.89,997.59,,,1823.87,1595.99,1.64,37.00,61.00,1.21,19476180,2026-09-18T06:08:10Z
C_hit,orig,2f_top14,async,128,2,0,0.00,100.00,536.78,311.42,232.02,79.40,,,848.20,616.18,1.64,39.00,61.00,1.21,19477144,2026-09-18T06:08:10Z
C_hit,orig,2f_top14,async_win,128,2,0,0.00,100.00,571.98,297.15,222.97,14.90,59.28,6.00,869.13,586.88,1.72,39.00,61.00,1.21,19478732,2026-09-18T06:08:10Z
C_hit,orig,2f_top14,async_bulk,128,2,0,0.00,100.00,601.80,308.67,230.53,15.88,62.26,6.00,910.47,617.68,1.65,39.00,61.00,1.21,19478792,2026-09-18T06:08:11Z
C_hit,orig,2f_top28,pread,128,2,0,0.00,100.00,539.55,1152.85,229.08,923.77,,,1692.40,1463.32,1.66,36.00,61.00,1.21,19478280,2026-09-18T06:08:11Z
C_hit,orig,2f_top28,async,128,2,0,0.00,100.00,603.37,322.71,227.02,95.69,,,926.08,699.06,1.66,39.00,60.00,1.21,19480392,2026-09-18T06:08:11Z
C_hit,orig,2f_top28,async_win,128,2,0,0.00,100.00,580.07,322.33,232.78,27.00,62.55,8.00,902.40,607.07,1.68,39.00,60.00,1.21,19481484,2026-09-18T06:08:11Z
C_hit,orig,2f_top28,async_bulk,128,2,0,0.00,100.00,592.53,315.82,230.45,23.43,61.94,8.00,908.35,615.96,1.65,39.00,60.00,1.21,19482092,2026-09-18T06:08:12Z
C_hit,orig,2f_top100,pread,128,2,0,0.00,100.00,634.57,1392.21,230.26,1161.94,,,2026.78,1796.51,1.65,32.00,62.00,1.21,19481856,2026-09-18T06:08:12Z
C_hit,orig,2f_top100,async,128,2,0,0.00,100.00,529.14,408.03,230.51,177.51,,,937.17,706.65,1.66,34.00,62.00,1.21,19499672,2026-09-18T06:08:12Z
C_hit,orig,2f_top100,async_win,128,2,0,0.00,100.00,530.52,372.65,231.44,74.79,66.42,28.00,903.17,605.31,1.64,34.00,62.00,1.21,19499860,2026-09-18T06:08:13Z
C_hit,orig,2f_top100,async_bulk,128,2,0,0.00,100.00,627.58,363.63,230.12,67.30,66.21,28.00,991.21,694.88,1.65,34.00,62.00,1.21,19498912,2026-09-18T06:08:13Z
C_hit,orig,2f_top500,pread,128,2,0,0.00,100.00,182.33,3206.09,230.95,2975.13,,,3388.42,3157.46,1.56,10.00,60.00,1.19,19501404,2026-09-18T06:08:13Z
C_hit,orig,2f_top500,async,128,2,0,0.00,44.60,179.03,880.07,228.12,651.96,,,1059.10,830.99,1.58,11.00,60.00,1.19,19501548,2026-09-18T06:08:13Z
C_hit,orig,2f_top500,async_win,128,2,0,0.00,35.40,180.23,683.10,230.97,361.77,90.35,138.00,863.33,542.00,1.56,11.00,60.00,1.19,19501208,2026-09-18T06:08:14Z
C_hit,orig,2f_top500,async_bulk,128,2,0,0.00,31.00,180.88,643.70,230.85,322.31,90.54,138.00,824.58,503.19,1.58,11.00,60.00,1.19,19501332,2026-09-18T06:08:14Z
C_hit,orig,2f_slru,pread,128,2,0,0.00,100.00,94.77,4424.60,232.32,4192.28,,,4519.37,4287.05,1.52,0.00,62.00,1.19,19500540,2026-09-18T06:08:14Z
C_hit,orig,2f_slru,async,128,2,0,0.00,100.00,97.70,1617.62,233.41,1384.21,,,1715.32,1481.91,1.56,0.00,62.00,1.19,19501788,2026-09-18T06:08:14Z
C_hit,orig,2f_slru,async_win,128,2,0,0.00,100.00,94.59,797.52,231.18,439.71,126.64,29.00,892.11,534.30,1.53,0.00,62.00,1.19,19502660,2026-09-18T06:08:15Z
C_hit,orig,2f_slru,async_bulk,128,2,0,0.00,7.00,757.08,399.54,230.78,41.81,126.95,2.00,1156.62,798.89,1.66,40.00,56.00,1.19,19501924,2026-09-18T06:08:15Z
C_hit,orig,leaf_freq_K10,pread,128,2,0,0.00,100.00,2452.74,818.57,231.51,587.06,,,3271.31,3039.80,1.69,39.00,57.00,1.19,19502340,2026-09-18T06:08:15Z
C_hit,orig,leaf_freq_K10,async,128,2,0,0.00,100.00,917.86,304.16,230.33,73.83,,,1222.02,991.69,1.68,41.00,57.00,1.19,19502272,2026-09-18T06:08:15Z
C_hit,orig,leaf_freq_K10,async_win,128,2,0,0.00,100.00,837.28,301.45,231.13,10.24,60.07,3.00,1138.73,847.52,1.65,41.00,57.00,1.19,19502428,2026-09-18T06:08:16Z
C_hit,orig,leaf_freq_K10,async_bulk,128,2,0,0.00,100.00,916.71,301.69,230.79,10.09,60.80,3.00,1218.40,926.80,1.65,41.00,57.00,1.19,19501728,2026-09-18T06:08:16Z
C_hit,orig,leaf_rand_K10,pread,128,2,0,0.00,100.00,982.18,1123.61,229.51,894.10,,,2105.79,1876.28,1.68,41.00,57.00,1.19,19502732,2026-09-18T06:08:16Z
C_hit,orig,leaf_rand_K10,async,128,2,0,0.00,100.00,982.30,323.38,222.13,101.25,,,1305.68,1083.55,1.67,41.00,57.00,1.19,19475392,2026-09-18T06:08:17Z
C_hit,orig,leaf_rand_K10,async_win,128,2,0,0.00,100.00,991.70,304.80,230.21,14.26,60.33,10.00,1296.50,1005.96,1.65,41.00,57.00,1.19,19479636,2026-09-18T06:08:17Z
C_hit,orig,leaf_rand_K10,async_bulk,128,2,0,0.00,100.00,1019.29,307.39,231.29,15.45,60.64,10.00,1326.68,1034.74,1.66,41.00,57.00,1.19,19481184,2026-09-18T06:08:17Z
C_hit,orig,learned_markov_14,pread,128,2,0,0.00,100.00,632.86,1105.15,231.75,873.40,,,1738.01,1506.26,1.67,37.00,61.00,1.19,19482472,2026-09-18T06:08:17Z
C_hit,orig,learned_markov_14,async,128,2,0,0.00,100.00,602.22,308.03,231.37,76.66,,,910.25,678.88,1.64,39.00,61.00,1.19,19477556,2026-09-18T06:08:18Z
C_hit,orig,learned_markov_14,async_win,128,2,0,0.00,100.00,598.34,304.50,230.07,14.28,60.15,6.00,902.84,612.62,1.68,39.00,61.00,1.26,19476704,2026-09-18T06:08:18Z
C_hit,orig,learned_markov_14,async_bulk,128,2,0,0.00,100.00,598.57,301.57,229.89,15.51,56.16,6.00,900.14,614.08,1.65,39.00,61.00,1.26,19478416,2026-09-18T06:08:18Z
C_hit,orig,learned_markov_28,pread,128,2,0,0.00,100.00,538.83,1151.52,229.91,921.60,,,1690.35,1460.43,1.65,36.00,61.00,1.26,19481460,2026-09-18T06:08:18Z
C_hit,orig,learned_markov_28,async,128,2,0,0.00,100.00,608.17,329.78,231.50,98.28,,,937.95,706.45,1.66,39.00,60.00,1.26,19481948,2026-09-18T06:08:19Z
C_hit,orig,learned_markov_28,async_win,128,2,0,0.00,100.00,552.15,314.50,230.68,22.64,61.17,8.00,866.65,574.79,1.66,39.00,60.00,1.26,19482132,2026-09-18T06:08:19Z
C_hit,orig,learned_markov_28,async_bulk,128,2,0,0.00,100.00,580.22,321.33,234.89,25.08,61.37,8.00,901.55,605.30,1.64,39.00,60.00,1.26,19482640,2026-09-18T06:08:19Z
A,orig,baseline,baseline,128,3,0,0.00,0.00,879.60,0.00,0.00,0.00,,,879.60,879.60,2.18,190.00,246.00,1.26,19481364,2026-09-18T06:08:20Z
B,orig,baseline,baseline,128,3,0,0.00,0.00,976.85,0.00,0.00,0.00,,,976.85,976.85,2.13,192.00,251.00,1.26,19482368,2026-09-18T06:08:20Z
C,orig,baseline,baseline,128,3,0,0.00,0.00,1006.17,0.00,0.00,0.00,,,1006.17,1006.17,1.56,20.00,28.00,1.26,19482764,2026-09-18T06:08:20Z
C_hit,orig,baseline,baseline,128,3,0,0.00,0.00,1041.17,0.00,0.00,0.00,,,1041.17,1041.17,1.66,41.00,57.00,1.26,19483080,2026-09-18T06:08:20Z
A,orig,layers_5,pread,128,3,0,0.00,100.00,871.87,789.53,343.02,446.51,,,1661.40,1318.38,2.15,190.00,245.00,1.26,19480840,2026-09-18T06:08:21Z
A,orig,layers_5,async,128,3,0,0.00,100.00,929.57,293.60,224.66,68.94,,,1223.17,998.51,2.15,190.00,245.00,1.26,19481836,2026-09-18T06:08:21Z
A,orig,layers_5,async_win,128,3,0,0.00,100.00,856.87,294.52,226.77,7.34,60.41,2.00,1151.39,864.21,2.08,190.00,245.00,1.26,19481676,2026-09-18T06:08:21Z
A,orig,layers_5,async_bulk,128,3,0,0.00,100.00,1688.59,327.42,257.08,9.40,60.94,2.00,2016.01,1697.99,2.15,190.00,245.00,1.26,19466736,2026-09-18T06:08:22Z
A,orig,layers_92,pread,128,3,0,0.00,100.00,594.93,8279.66,227.03,8052.63,,,8874.59,8647.56,2.14,187.00,258.00,1.26,19473356,2026-09-18T06:08:22Z
A,orig,layers_92,async,128,3,0,0.00,100.00,537.61,427.17,228.37,198.80,,,964.78,736.41,2.16,187.00,257.00,1.26,19475484,2026-09-18T06:08:22Z
A,orig,layers_92,async_win,128,3,0,0.00,100.00,567.94,418.70,229.54,117.48,71.67,87.00,986.64,685.42,2.17,187.00,257.00,1.26,19475028,2026-09-18T06:08:23Z
A,orig,layers_92,async_bulk,128,3,0,0.00,100.00,565.30,420.40,226.78,127.10,66.53,87.00,985.70,692.40,2.20,187.00,257.00,1.24,19475192,2026-09-18T06:08:23Z
A,orig,2d,pread,128,3,0,0.00,100.00,532.62,1942.42,223.58,1718.84,,,2475.04,2251.46,2.11,187.00,258.00,1.24,19475716,2026-09-18T06:08:23Z
A,orig,2d,async,128,3,0,0.00,100.00,1354.72,314.03,228.68,85.35,,,1668.75,1440.07,2.18,187.00,257.00,1.24,19475228,2026-09-18T06:08:24Z
A,orig,2d,async_win,128,3,0,0.00,100.00,493.34,308.60,226.03,21.45,61.12,13.00,801.94,514.79,2.10,187.00,257.00,1.24,19475720,2026-09-18T06:08:24Z
A,orig,2d,async_bulk,128,3,0,0.00,100.00,536.40,309.22,224.29,23.67,61.26,13.00,845.62,560.07,2.14,187.00,257.00,1.24,19476252,2026-09-18T06:08:24Z
A,orig,2e_K10,pread,128,3,0,0.00,100.00,526.52,2749.85,225.94,2523.91,,,3276.37,3050.43,2.09,190.00,260.00,1.24,19476372,2026-09-18T06:08:25Z
A,orig,2e_K10,async,128,3,0,0.00,100.00,588.26,331.16,227.26,103.91,,,919.42,692.17,2.11,190.00,259.00,1.24,19476792,2026-09-18T06:08:25Z
A,orig,2e_K10,async_win,128,3,0,0.00,100.00,513.41,331.94,232.97,33.75,65.22,23.00,845.35,547.16,2.20,190.00,259.00,1.24,19476840,2026-09-18T06:08:25Z
A,orig,2e_K10,async_bulk,128,3,0,0.00,100.00,525.44,322.70,224.91,35.94,61.85,23.00,848.14,561.38,2.09,190.00,259.00,1.24,19478252,2026-09-18T06:08:26Z
A,orig,2e_K500,pread,128,3,0,0.00,100.00,598.45,22410.11,225.70,22184.40,,,23008.56,22782.85,2.03,163.00,435.00,1.24,19477912,2026-09-18T06:08:26Z
A,orig,2e_K500,async,128,3,0,0.00,100.00,697.24,1125.28,236.44,888.83,,,1822.52,1586.07,2.16,181.00,383.00,1.24,19478916,2026-09-18T06:08:26Z
A,orig,2e_K500,async_win,128,3,0,0.00,100.00,645.10,1048.26,225.44,731.22,91.60,446.00,1693.36,1376.32,2.07,181.00,384.00,1.24,19478664,2026-09-18T06:08:27Z
A,orig,2e_K500,async_bulk,128,3,0,0.00,100.00,715.54,1042.74,225.96,725.17,91.61,446.00,1758.28,1440.71,2.08,181.00,383.00,1.24,19464064,2026-09-18T06:08:27Z
A,orig,2f_top14,pread,128,3,0,0.00,100.00,580.40,1483.70,221.81,1261.89,,,2064.10,1842.29,2.17,189.00,257.00,1.24,19460308,2026-09-18T06:08:27Z
A,orig,2f_top14,async,128,3,0,0.00,100.00,563.79,305.11,226.33,78.79,,,868.90,642.58,2.13,189.00,257.00,1.24,19460100,2026-09-18T06:08:27Z
A,orig,2f_top14,async_win,128,3,0,0.00,100.00,594.77,306.56,223.40,21.25,61.91,13.00,901.33,616.02,2.11,189.00,257.00,1.24,19461372,2026-09-18T06:08:28Z
A,orig,2f_top14,async_bulk,128,3,0,0.00,100.00,594.60,314.26,226.60,20.48,67.19,13.00,908.86,615.08,2.17,189.00,257.00,1.30,19460740,2026-09-18T06:08:28Z
A,orig,2f_top28,pread,128,3,0,0.00,100.00,564.46,2645.23,225.69,2419.54,,,3209.69,2984.00,2.14,192.00,266.00,1.30,19461372,2026-09-18T06:08:28Z
A,orig,2f_top28,async,128,3,0,0.00,100.00,7774.07,340.33,230.55,109.78,,,8114.40,7883.85,2.20,192.00,266.00,1.30,19460920,2026-09-18T06:08:29Z
A,orig,2f_top28,async_win,128,3,0,0.00,100.00,595.29,332.54,227.20,42.23,63.11,27.00,927.83,637.52,2.15,192.00,266.00,1.30,19461112,2026-09-18T06:08:29Z
A,orig,2f_top28,async_bulk,128,3,0,0.00,100.00,500.19,328.27,225.58,39.34,63.34,27.00,828.46,539.53,2.13,192.00,266.00,1.30,19462128,2026-09-18T06:08:29Z
A,orig,2f_top100,pread,128,3,0,0.00,100.00,593.23,9250.32,232.49,9017.83,,,9843.55,9611.06,2.14,184.00,307.00,1.30,19462644,2026-09-18T06:08:30Z
A,orig,2f_top100,async,128,3,0,0.00,100.00,596.39,433.85,227.92,205.93,,,1030.24,802.32,2.11,184.00,306.00,1.30,19463072,2026-09-18T06:08:30Z
A,orig,2f_top100,async_win,128,3,0,0.00,100.00,530.80,437.49,226.84,144.85,65.80,98.00,968.29,675.65,2.07,184.00,306.00,1.30,19463536,2026-09-18T06:08:30Z
A,orig,2f_top100,async_bulk,128,3,0,0.00,100.00,596.01,426.45,228.11,133.05,65.29,98.00,1022.46,729.06,2.11,184.00,306.00,1.30,19467096,2026-09-18T06:08:31Z
A,orig,2f_top500,pread,128,3,0,0.00,100.00,734.62,22163.04,225.42,21937.62,,,22897.66,22672.24,2.03,165.00,426.00,1.30,19466348,2026-09-18T06:08:31Z
A,orig,2f_top500,async,128,3,0,0.00,100.00,712.91,1083.16,224.21,858.95,,,1796.07,1571.86,2.08,181.00,388.00,1.30,19467792,2026-09-18T06:08:31Z
A,orig,2f_top500,async_win,128,3,0,0.00,100.00,717.16,982.08,226.44,663.67,91.97,438.00,1699.24,1380.83,2.09,181.00,386.00,1.30,19468480,2026-09-18T06:08:32Z
A,orig,2f_top500,async_bulk,128,3,0,0.00,100.00,716.84,1040.88,227.44,723.10,90.34,438.00,1757.72,1439.94,2.07,181.00,385.00,1.30,19469508,2026-09-18T06:08:32Z
A,orig,2f_slru,pread,128,3,0,0.00,100.00,93.02,30657.71,226.91,30430.81,,,30750.73,30523.83,1.54,0.00,278.00,1.30,19453732,2026-09-18T06:08:32Z
A,orig,2f_slru,async,128,3,0,0.00,100.00,97.82,7434.85,228.07,7206.78,,,7532.67,7304.60,1.54,0.00,278.00,1.30,19451864,2026-09-18T06:08:33Z
A,orig,2f_slru,async_win,128,3,0,0.00,96.40,95.46,2793.14,222.24,2167.34,403.57,139.00,2888.60,2262.80,1.54,0.00,278.00,1.30,19461476,2026-09-18T06:08:33Z
A,orig,2f_slru,async_bulk,128,3,0,0.00,1.40,802.85,709.83,226.71,79.17,403.96,2.00,1512.68,882.02,2.12,188.00,245.00,1.27,19462920,2026-09-18T06:08:33Z
A,orig,leaf_freq_K10,pread,128,3,0,0.00,100.00,899.60,1095.59,227.94,867.65,,,1995.19,1767.25,2.12,192.00,247.00,1.27,19465788,2026-09-18T06:08:33Z
A,orig,leaf_freq_K10,async,128,3,0,0.00,100.00,835.95,300.83,226.28,74.56,,,1136.78,910.51,2.16,192.00,247.00,1.27,19467348,2026-09-18T06:08:34Z
A,orig,leaf_freq_K10,async_win,128,3,0,0.00,100.00,962.61,304.64,228.11,15.36,61.17,10.00,1267.25,977.97,2.13,192.00,247.00,1.27,19467712,2026-09-18T06:08:34Z
A,orig,leaf_freq_K10,async_bulk,128,3,0,0.00,100.00,904.99,304.78,227.89,15.43,61.47,10.00,1209.77,920.42,2.16,192.00,247.00,1.27,19468308,2026-09-18T06:08:34Z
A,orig,leaf_rand_K10,pread,128,3,0,0.00,100.00,928.25,1149.57,225.06,924.51,,,2077.82,1852.76,2.10,190.00,246.00,1.27,19468320,2026-09-18T06:08:35Z
A,orig,leaf_rand_K10,async,128,3,0,0.00,100.00,846.85,303.58,226.85,76.73,,,1150.43,923.58,2.14,190.00,246.00,1.27,19469836,2026-09-18T06:08:35Z
A,orig,leaf_rand_K10,async_win,128,3,0,0.00,100.00,2129.20,310.11,230.77,13.63,65.70,10.00,2439.31,2142.83,2.17,190.00,246.00,1.27,19471828,2026-09-18T06:08:35Z
A,orig,leaf_rand_K10,async_bulk,128,3,0,0.00,100.00,862.63,300.30,224.67,14.75,60.87,10.00,1162.93,877.38,2.10,190.00,246.00,1.27,19470080,2026-09-18T06:08:36Z
A,orig,learned_markov_14,pread,128,3,0,0.00,100.00,572.82,1444.43,225.19,1219.24,,,2017.25,1792.06,2.11,187.00,256.00,1.27,19469384,2026-09-18T06:08:36Z
A,orig,learned_markov_14,async,128,3,0,0.00,0.00,585.79,1629.89,1293.10,336.79,,,2215.68,922.58,2.21,187.00,256.00,1.27,19472596,2026-09-18T06:08:36Z
A,orig,learned_markov_14,async_win,128,3,0,0.00,100.00,539.82,311.29,229.09,19.25,62.95,13.00,851.11,559.07,2.17,187.00,256.00,1.27,19473008,2026-09-18T06:08:37Z
A,orig,learned_markov_14,async_bulk,128,3,0,0.00,100.00,539.24,307.16,227.11,19.09,60.97,13.00,846.40,558.33,2.15,187.00,256.00,1.27,19473184,2026-09-18T06:08:37Z
A,orig,learned_markov_28,pread,128,3,0,0.00,100.00,565.25,2811.63,228.29,2583.34,,,3376.88,3148.59,2.26,187.00,260.00,1.27,19476612,2026-09-18T06:08:37Z
A,orig,learned_markov_28,async,128,3,0,0.00,100.00,564.85,516.90,421.92,94.98,,,1081.75,659.83,2.15,187.00,259.00,1.27,19465164,2026-09-18T06:08:38Z
A,orig,learned_markov_28,async_win,128,3,0,0.00,100.00,536.45,320.61,222.32,34.94,63.36,26.00,857.06,571.39,2.19,187.00,259.00,1.33,19455788,2026-09-18T06:08:38Z
A,orig,learned_markov_28,async_bulk,128,3,0,0.00,100.00,538.58,328.13,226.52,39.34,62.27,26.00,866.71,577.92,2.14,187.00,259.00,1.33,19455288,2026-09-18T06:08:38Z
B,orig,layers_5,pread,128,3,0,0.00,100.00,1011.82,675.78,227.57,448.21,,,1687.60,1460.03,2.16,192.00,254.00,1.33,19456700,2026-09-18T06:08:39Z
B,orig,layers_5,async,128,3,0,0.00,100.00,1011.20,310.02,240.91,69.11,,,1321.22,1080.31,2.19,193.00,254.00,1.33,19458188,2026-09-18T06:08:39Z
B,orig,layers_5,async_win,128,3,0,0.00,100.00,937.65,295.04,226.22,7.27,61.56,2.00,1232.69,944.92,2.18,193.00,254.00,1.33,19459716,2026-09-18T06:08:39Z
B,orig,layers_5,async_bulk,128,3,0,0.00,100.00,938.33,292.17,224.38,7.89,59.89,2.00,1230.50,946.22,2.15,193.00,254.00,1.33,19460380,2026-09-18T06:08:40Z
B,orig,layers_92,pread,128,3,0,0.00,100.00,658.49,8285.96,225.04,8060.91,,,8944.45,8719.40,2.20,193.00,261.00,1.33,19461036,2026-09-18T06:08:40Z
B,orig,layers_92,async,128,3,0,0.00,100.00,591.66,431.72,224.60,207.12,,,1023.38,798.78,2.14,194.00,260.00,1.33,19461852,2026-09-18T06:08:40Z
B,orig,layers_92,async_win,128,3,0,0.00,94.60,632.61,1014.46,548.84,122.06,343.56,87.00,1647.07,754.67,2.17,194.00,260.00,1.33,19462644,2026-09-18T06:08:40Z
B,orig,layers_92,async_bulk,128,3,0,0.00,100.00,594.70,416.00,225.33,125.30,65.37,87.00,1010.70,720.00,2.17,194.00,260.00,1.33,19462640,2026-09-18T06:08:41Z
B,orig,2d,pread,128,3,0,0.00,100.00,657.00,1882.43,229.37,1653.06,,,2539.43,2310.06,2.19,193.00,261.00,1.33,19462840,2026-09-18T06:08:41Z
B,orig,2d,async,128,3,0,0.00,100.00,661.69,311.30,226.30,85.00,,,972.99,746.69,2.28,194.00,260.00,1.33,19464632,2026-09-18T06:08:41Z
B,orig,2d,async_win,128,3,0,0.00,100.00,656.63,311.70,226.86,22.31,62.53,13.00,968.33,678.94,2.17,194.00,260.00,1.33,19464888,2026-09-18T06:08:42Z
B,orig,2d,async_bulk,128,3,0,0.00,100.00,656.02,310.52,226.96,21.85,61.72,13.00,966.54,677.87,2.16,194.00,260.00,1.33,19463908,2026-09-18T06:08:42Z
B,orig,2e_K10,pread,128,3,0,0.00,100.00,661.76,2758.98,227.38,2531.60,,,3420.74,3193.36,2.20,193.00,261.00,1.33,19468756,2026-09-18T06:08:42Z
B,orig,2e_K10,async,128,3,0,0.00,100.00,660.62,329.11,227.00,102.11,,,989.73,762.73,2.19,194.00,260.00,1.33,19472832,2026-09-18T06:08:43Z
B,orig,2e_K10,async_win,128,3,0,0.00,100.00,660.29,324.95,226.15,35.96,62.85,23.00,985.24,696.25,2.18,194.00,260.00,1.31,19473620,2026-09-18T06:08:43Z
B,orig,2e_K10,async_bulk,128,3,0,0.00,100.00,661.88,321.53,228.02,31.61,61.91,23.00,983.41,693.49,2.21,194.00,260.00,1.31,19476348,2026-09-18T06:08:43Z
B,orig,2e_K500,pread,128,3,0,0.00,100.00,185.71,17833.99,224.63,17609.35,,,18019.70,17795.06,2.08,173.00,392.00,1.31,19476260,2026-09-18T06:08:44Z
B,orig,2e_K500,async,128,3,0,0.00,100.00,183.02,1141.41,226.77,914.64,,,1324.43,1097.66,2.12,183.00,331.00,1.31,19476860,2026-09-18T06:08:44Z
B,orig,2e_K500,async_win,128,3,0,0.00,100.00,182.16,1010.16,228.61,689.55,92.00,449.00,1192.32,871.71,2.12,183.00,331.00,1.31,19477604,2026-09-18T06:08:44Z
B,orig,2e_K500,async_bulk,128,3,0,0.00,100.00,181.18,1060.01,225.36,743.75,90.90,449.00,1241.19,924.93,2.13,183.00,330.00,1.31,19477524,2026-09-18T06:08:45Z
B,orig,2f_top14,pread,128,3,0,0.00,100.00,570.20,1539.62,234.40,1305.22,,,2109.82,1875.42,2.26,194.00,260.00,1.31,19482676,2026-09-18T06:08:45Z
B,orig,2f_top14,async,128,3,0,0.00,100.00,666.45,307.11,226.60,80.51,,,973.56,746.96,2.16,194.00,260.00,1.31,19483868,2026-09-18T06:08:45Z
B,orig,2f_top14,async_win,128,3,0,0.00,100.00,665.33,309.07,229.05,19.01,61.01,13.00,974.40,684.34,2.18,194.00,260.00,1.31,19484292,2026-09-18T06:08:46Z
B,orig,2f_top14,async_bulk,128,3,0,0.00,100.00,660.12,331.68,240.84,18.70,72.14,13.00,991.80,678.82,2.25,194.00,260.00,1.31,19485712,2026-09-18T06:08:46Z
B,orig,2f_top28,pread,128,3,0,0.00,100.00,658.60,2732.89,225.93,2506.96,,,3391.49,3165.56,2.13,193.00,261.00,1.31,19486460,2026-09-18T06:08:46Z
B,orig,2f_top28,async,128,3,0,0.00,100.00,661.33,332.10,226.68,105.43,,,993.43,766.76,2.18,194.00,259.00,1.31,19486444,2026-09-18T06:08:47Z
B,orig,2f_top28,async_win,128,3,0,0.00,100.00,664.82,325.22,228.66,34.59,61.98,27.00,990.04,699.41,2.20,194.00,259.00,1.31,19485912,2026-09-18T06:08:47Z
B,orig,2f_top28,async_bulk,128,3,0,0.00,100.00,660.78,327.57,226.66,38.99,61.92,27.00,988.35,699.77,2.18,194.00,259.00,1.31,19486268,2026-09-18T06:08:47Z
B,orig,2f_top100,pread,128,3,0,0.00,100.00,184.88,9180.63,229.17,8951.46,,,9365.51,9136.34,2.18,191.00,282.00,1.31,19486444,2026-09-18T06:08:48Z
B,orig,2f_top100,async,128,3,0,0.00,100.00,181.58,432.27,226.91,205.37,,,613.85,386.95,2.23,193.00,276.00,1.44,19483912,2026-09-18T06:08:48Z
B,orig,2f_top100,async_win,128,3,0,0.00,100.00,181.47,407.12,226.83,115.12,65.17,94.00,588.59,296.59,2.17,193.00,276.00,1.44,19488764,2026-09-18T06:08:48Z
B,orig,2f_top100,async_bulk,128,3,0,0.00,100.00,180.25,431.25,225.75,139.50,66.00,94.00,611.50,319.75,2.15,193.00,274.00,1.44,19488456,2026-09-18T06:08:49Z
B,orig,2f_top500,pread,128,3,0,0.00,100.00,180.53,17987.69,227.50,17760.20,,,18168.22,17940.73,2.12,173.00,398.00,1.44,19489512,2026-09-18T06:08:49Z
B,orig,2f_top500,async,128,3,0,0.00,100.00,183.56,1105.16,227.93,877.23,,,1288.72,1060.79,2.12,183.00,334.00,1.44,19487784,2026-09-18T06:08:49Z
B,orig,2f_top500,async_win,128,3,0,0.00,97.00,180.05,1434.85,555.89,508.71,370.25,438.00,1614.90,688.76,2.13,183.00,336.00,1.44,19487312,2026-09-18T06:08:50Z
B,orig,2f_top500,async_bulk,128,3,0,0.00,100.00,184.87,976.49,224.49,659.73,92.26,438.00,1161.36,844.60,2.12,183.00,337.00,1.44,19488652,2026-09-18T06:08:50Z
B,orig,2f_slru,pread,128,3,0,0.00,100.00,96.27,18111.12,227.07,17884.05,,,18207.39,17980.32,1.54,0.00,278.00,1.44,19489292,2026-09-18T06:08:50Z
B,orig,2f_slru,async,128,3,0,0.00,100.00,97.78,7422.64,224.61,7198.03,,,7520.42,7295.81,1.63,0.00,278.00,1.44,19487292,2026-09-18T06:08:50Z
B,orig,2f_slru,async_win,128,3,0,0.00,89.10,99.21,2678.80,226.37,2042.65,409.78,138.00,2778.01,2141.86,1.59,0.00,278.00,1.44,19487460,2026-09-18T06:08:51Z
B,orig,2f_slru,async_bulk,128,3,0,0.00,1.40,960.50,728.13,227.99,83.96,416.18,2.00,1688.63,1044.46,2.24,190.00,251.00,1.44,19489796,2026-09-18T06:08:51Z
B,orig,leaf_freq_K10,pread,128,3,0,0.00,100.00,951.35,1087.12,226.66,860.47,,,2038.47,1811.82,2.17,192.00,251.00,1.44,19490088,2026-09-18T06:08:51Z
B,orig,leaf_freq_K10,async,128,3,0,0.00,100.00,1083.24,301.46,226.22,75.23,,,1384.70,1158.47,2.19,192.00,251.00,1.44,19489952,2026-09-18T06:08:52Z
B,orig,leaf_freq_K10,async_win,128,3,0,0.00,100.00,839.90,301.53,225.46,15.00,61.06,10.00,1141.43,854.90,2.21,192.00,252.00,1.44,19490492,2026-09-18T06:08:52Z
B,orig,leaf_freq_K10,async_bulk,128,3,0,0.00,100.00,959.88,301.33,226.87,13.94,60.52,10.00,1261.21,973.82,2.21,192.00,251.00,1.44,19490860,2026-09-18T06:08:52Z
B,orig,leaf_rand_K10,pread,128,3,0,0.00,100.00,981.60,1086.70,224.69,862.01,,,2068.30,1843.61,2.16,192.00,251.00,1.44,19491588,2026-09-18T06:08:53Z
B,orig,leaf_rand_K10,async,128,3,0,0.00,100.00,1049.48,300.40,225.46,74.94,,,1349.88,1124.42,2.20,192.00,251.00,1.49,19492612,2026-09-18T06:08:53Z
B,orig,leaf_rand_K10,async_win,128,3,0,0.00,100.00,983.80,309.12,236.72,16.52,55.88,10.00,1292.92,1000.32,2.15,192.00,251.00,1.49,19505152,2026-09-18T06:08:53Z
B,orig,leaf_rand_K10,async_bulk,128,3,0,0.00,100.00,1018.60,300.62,225.55,14.47,60.59,10.00,1319.22,1033.07,2.16,192.00,251.00,1.49,19502404,2026-09-18T06:08:54Z
B,orig,learned_markov_14,pread,128,3,0,0.00,100.00,632.27,1395.58,234.12,1161.46,,,2027.85,1793.73,2.20,194.00,259.00,1.49,19502556,2026-09-18T06:08:54Z
B,orig,learned_markov_14,async,128,3,0,0.00,100.00,660.37,314.58,233.48,81.10,,,974.95,741.47,2.18,194.00,259.00,1.49,19503504,2026-09-18T06:08:54Z
B,orig,learned_markov_14,async_win,128,3,0,0.00,100.00,1602.00,312.70,231.76,19.43,61.52,13.00,1914.70,1621.43,2.19,194.00,259.00,1.49,19502988,2026-09-18T06:08:55Z
B,orig,learned_markov_14,async_bulk,128,3,0,0.00,100.00,638.32,312.07,232.15,18.79,61.13,13.00,950.39,657.11,2.16,194.00,259.00,1.49,19504368,2026-09-18T06:08:55Z
B,orig,learned_markov_28,pread,128,3,0,0.00,100.00,663.90,2581.14,185.45,2395.69,,,3245.04,3059.59,2.19,193.00,264.00,1.49,19504932,2026-09-18T06:08:55Z
B,orig,learned_markov_28,async,128,3,0,0.00,100.00,681.00,309.11,206.81,102.30,,,990.11,783.30,2.25,193.00,264.00,1.49,19505068,2026-09-18T06:08:56Z
B,orig,learned_markov_28,async_win,128,3,0,0.00,100.00,664.70,300.81,200.21,36.48,64.12,26.00,965.51,701.18,2.17,193.00,265.00,1.49,19505008,2026-09-18T06:08:56Z
B,orig,learned_markov_28,async_bulk,128,3,0,0.00,100.00,655.44,287.72,183.19,42.43,62.11,26.00,943.16,697.87,2.15,193.00,264.00,1.49,19506124,2026-09-18T06:08:56Z
C,orig,layers_5,pread,128,3,0,0.00,100.00,1017.18,687.43,239.52,447.91,,,1704.61,1465.09,1.57,20.00,28.00,1.49,19505368,2026-09-18T06:08:57Z
C,orig,layers_5,async,128,3,0,0.00,100.00,989.72,305.14,236.62,68.52,,,1294.86,1058.24,1.57,20.00,28.00,1.49,19504896,2026-09-18T06:08:57Z
C,orig,layers_5,async_win,128,3,0,0.00,100.00,1274.32,301.34,231.60,7.15,62.59,2.00,1575.66,1281.47,1.57,20.00,28.00,1.49,19503756,2026-09-18T06:08:57Z
C,orig,layers_5,async_bulk,128,3,0,0.00,100.00,976.11,303.98,235.82,7.66,60.49,2.00,1280.09,983.77,1.59,20.00,28.00,1.49,19505268,2026-09-18T06:08:57Z
C,orig,layers_92,pread,128,3,0,0.00,100.00,544.31,8357.96,257.56,8100.40,,,8902.27,8644.71,1.56,20.00,30.00,1.49,19504840,2026-09-18T06:08:58Z
C,orig,layers_92,async,128,3,0,0.00,100.00,629.77,443.96,234.03,209.94,,,1073.73,839.71,1.58,20.00,30.00,1.45,19505536,2026-09-18T06:08:58Z
C,orig,layers_92,async_win,128,3,0,0.00,100.00,654.65,1494.12,1303.46,125.82,64.84,87.00,2148.77,780.47,1.56,20.00,30.00,1.45,19506336,2026-09-18T06:08:58Z
C,orig,layers_92,async_bulk,128,3,0,0.00,100.00,637.50,419.64,235.25,118.06,66.32,87.00,1057.14,755.56,1.56,20.00,30.00,1.45,19486536,2026-09-18T06:08:58Z
C,orig,2d,pread,128,3,0,0.00,100.00,602.58,586.89,229.79,357.10,,,1189.47,959.68,1.61,20.00,30.00,1.45,19481040,2026-09-18T06:08:59Z
C,orig,2d,async,128,3,0,0.00,100.00,662.59,303.57,235.21,68.36,,,966.16,730.95,1.57,20.00,30.00,1.45,19481992,2026-09-18T06:08:59Z
C,orig,2d,async_win,128,3,0,0.00,100.00,627.44,300.37,231.69,7.80,60.88,2.00,927.81,635.24,1.56,20.00,30.00,1.45,19484852,2026-09-18T06:08:59Z
C,orig,2d,async_bulk,128,3,0,0.00,100.00,596.60,296.65,229.41,7.27,59.96,2.00,893.25,603.87,1.55,20.00,30.00,1.45,19487300,2026-09-18T06:08:59Z
C,orig,2e_K10,pread,128,3,0,0.00,100.00,635.47,1389.12,233.29,1155.83,,,2024.59,1791.30,1.56,19.00,37.00,1.45,19488520,2026-09-18T06:09:00Z
C,orig,2e_K10,async,128,3,0,0.00,100.00,655.55,308.50,226.90,81.60,,,964.05,737.15,1.57,20.00,33.00,1.45,19488568,2026-09-18T06:09:00Z
C,orig,2e_K10,async_win,128,3,0,0.00,100.00,634.03,313.54,235.68,16.18,61.68,8.00,947.57,650.21,1.56,20.00,33.00,1.45,19489036,2026-09-18T06:09:00Z
C,orig,2e_K10,async_bulk,128,3,0,0.00,100.00,659.34,312.60,235.15,16.64,60.80,8.00,971.94,675.98,1.56,20.00,33.00,1.45,19489200,2026-09-18T06:09:00Z
C,orig,2e_K500,pread,128,3,0,0.00,100.00,182.21,2429.81,233.55,2196.26,,,2612.02,2378.47,1.49,0.00,37.00,1.45,19489944,2026-09-18T06:09:01Z
C,orig,2e_K500,async,128,3,0,0.00,59.80,183.66,688.50,232.50,456.00,,,872.16,639.66,1.52,0.00,37.00,1.45,19489220,2026-09-18T06:09:01Z
C,orig,2e_K500,async_win,128,3,0,0.00,47.90,182.98,563.00,233.56,247.57,81.86,90.00,745.98,430.55,1.51,0.00,37.00,1.45,19490004,2026-09-18T06:09:01Z
C,orig,2e_K500,async_bulk,128,3,0,0.00,42.30,182.83,533.63,233.55,217.26,82.83,90.00,716.46,400.09,1.52,0.00,37.00,1.45,19489892,2026-09-18T06:09:01Z
C,orig,2f_top14,pread,128,3,0,0.00,100.00,608.68,1311.63,233.51,1078.12,,,1920.31,1686.80,1.55,17.00,37.00,1.45,19490136,2026-09-18T06:09:02Z
C,orig,2f_top14,async,128,3,0,0.00,100.00,664.26,314.71,235.22,79.49,,,978.97,743.75,1.57,20.00,35.00,1.45,19489316,2026-09-18T06:09:02Z
C,orig,2f_top14,async_win,128,3,0,0.00,100.00,636.99,311.94,234.16,15.81,61.97,9.00,948.93,652.80,1.56,20.00,35.00,1.45,19490700,2026-09-18T06:09:02Z
C,orig,2f_top14,async_bulk,128,3,0,0.00,100.00,656.16,313.56,234.93,17.57,61.05,9.00,969.72,673.73,1.57,20.00,36.00,1.45,19491220,2026-09-18T06:09:03Z
C,orig,2f_top28,pread,128,3,0,0.00,100.00,594.03,1239.54,230.97,1008.57,,,1833.57,1602.60,1.56,18.00,37.00,1.45,19491564,2026-09-18T06:09:03Z
C,orig,2f_top28,async,128,3,0,0.00,100.00,546.38,328.89,233.41,95.48,,,875.27,641.86,1.56,19.00,36.00,1.41,19490464,2026-09-18T06:09:03Z
C,orig,2f_top28,async_win,128,3,0,0.00,100.00,624.74,325.69,232.42,31.71,61.56,13.00,950.43,656.45,1.55,19.00,35.00,1.41,19491132,2026-09-18T06:09:03Z
C,orig,2f_top28,async_bulk,128,3,0,0.00,100.00,544.03,326.05,235.80,28.17,62.08,13.00,870.08,572.20,1.56,19.00,35.00,1.41,19473716,2026-09-18T06:09:04Z
C,orig,2f_top100,pread,128,3,0,0.00,100.00,666.26,1416.82,234.98,1181.84,,,2083.08,1848.10,1.55,12.00,38.00,1.41,19462036,2026-09-18T06:09:04Z
C,orig,2f_top100,async,128,3,0,0.00,100.00,611.66,417.17,236.56,180.62,,,1028.83,792.28,1.58,14.00,36.00,1.41,19465984,2026-09-18T06:09:04Z
C,orig,2f_top100,async_win,128,3,0,0.00,100.00,630.49,381.11,233.36,82.81,64.93,32.00,1011.60,713.30,1.55,14.00,37.00,1.41,19467108,2026-09-18T06:09:04Z
C,orig,2f_top100,async_bulk,128,3,0,0.00,100.00,559.44,373.85,234.78,73.47,65.60,32.00,933.29,632.91,1.56,14.00,36.00,1.41,19471476,2026-09-18T06:09:05Z
C,orig,2f_top500,pread,128,3,0,0.00,100.00,92.36,3031.43,232.91,2798.52,,,3123.79,2890.88,1.50,0.00,37.00,1.41,19470512,2026-09-18T06:09:05Z
C,orig,2f_top500,async,128,3,0,0.00,100.00,99.33,993.08,236.14,756.93,,,1092.41,856.26,1.52,0.00,37.00,1.41,19475448,2026-09-18T06:09:05Z
C,orig,2f_top500,async_win,128,3,0,0.00,100.00,96.75,602.86,232.88,279.49,90.50,15.00,699.61,376.24,1.51,0.00,37.00,1.41,19476320,2026-09-18T06:09:05Z
C,orig,2f_top500,async_bulk,128,3,0,0.00,13.60,949.71,361.99,230.72,42.32,88.95,2.00,1311.70,992.03,1.59,19.00,30.00,1.41,19480580,2026-09-18T06:09:06Z
C,orig,2f_slru,pread,128,3,0,0.00,100.00,98.64,2868.41,236.81,2631.61,,,2967.05,2730.25,1.50,0.00,37.00,1.41,19481224,2026-09-18T06:09:06Z
C,orig,2f_slru,async,128,3,0,0.00,100.00,94.25,1008.11,234.76,773.34,,,1102.36,867.59,1.50,0.00,37.00,1.41,19482324,2026-09-18T06:09:06Z
C,orig,2f_slru,async_win,128,3,0,0.00,100.00,95.77,616.34,232.58,294.44,89.32,15.00,712.11,390.21,1.50,0.00,37.00,1.41,19482836,2026-09-18T06:09:06Z
C,orig,2f_slru,async_bulk,128,3,0,0.00,13.60,932.60,359.50,233.97,37.21,88.32,2.00,1292.10,969.81,1.55,19.00,30.00,1.41,19482204,2026-09-18T06:09:07Z
C,orig,leaf_freq_K10,pread,128,3,0,0.00,100.00,1123.32,1023.40,234.41,788.99,,,2146.72,1912.31,1.57,19.00,34.00,1.41,19481912,2026-09-18T06:09:07Z
C,orig,leaf_freq_K10,async,128,3,0,0.00,100.00,1367.81,308.98,233.79,75.19,,,1676.79,1443.00,1.57,20.00,31.00,1.41,19484676,2026-09-18T06:09:07Z
C,orig,leaf_freq_K10,async_win,128,3,0,0.00,100.00,1027.22,306.80,232.96,12.17,61.67,6.00,1334.02,1039.39,1.56,20.00,31.00,1.41,19484456,2026-09-18T06:09:07Z
C,orig,leaf_freq_K10,async_bulk,128,3,0,0.00,100.00,1024.66,305.50,232.42,11.93,61.16,6.00,1330.16,1036.59,1.56,20.00,31.00,1.41,19483828,2026-09-18T06:09:08Z
C,orig,leaf_rand_K10,pread,128,3,0,0.00,100.00,1035.95,1084.08,232.94,851.14,,,2120.03,1887.09,1.56,20.00,28.00,1.38,19483576,2026-09-18T06:09:08Z
C,orig,leaf_rand_K10,async,128,3,0,0.00,100.00,1063.48,306.49,231.06,75.42,,,1369.97,1138.90,1.57,20.00,28.00,1.38,19484024,2026-09-18T06:09:08Z
C,orig,leaf_rand_K10,async_win,128,3,0,0.00,100.00,1036.88,306.36,233.07,15.47,57.82,10.00,1343.24,1052.35,1.56,20.00,28.00,1.38,19483788,2026-09-18T06:09:09Z
C,orig,leaf_rand_K10,async_bulk,128,3,0,0.00,100.00,1014.97,307.52,231.12,14.97,61.44,10.00,1322.49,1029.94,1.56,20.00,28.00,1.38,19483336,2026-09-18T06:09:09Z
C,orig,learned_markov_14,pread,128,3,0,0.00,100.00,628.40,1264.96,225.32,1039.63,,,1893.36,1668.03,1.55,17.00,38.00,1.38,19474172,2026-09-18T06:09:09Z
C,orig,learned_markov_14,async,128,3,0,0.00,100.00,667.43,313.37,233.56,79.81,,,980.80,747.24,1.57,20.00,35.00,1.38,19474852,2026-09-18T06:09:09Z
C,orig,learned_markov_14,async_win,128,3,0,0.00,100.00,639.16,310.64,232.03,15.90,62.72,9.00,949.80,655.06,1.56,20.00,35.00,1.38,19475404,2026-09-18T06:09:10Z
C,orig,learned_markov_14,async_bulk,128,3,0,0.00,100.00,593.28,313.64,234.90,17.33,61.41,9.00,906.92,610.61,1.58,20.00,35.00,1.38,19475668,2026-09-18T06:09:10Z
C,orig,learned_markov_28,pread,128,3,0,0.00,100.00,606.44,1313.53,230.95,1082.58,,,1919.97,1689.02,1.58,18.00,36.00,1.38,19476088,2026-09-18T06:09:10Z
C,orig,learned_markov_28,async,128,3,0,0.00,100.00,547.02,328.99,232.98,96.01,,,876.01,643.03,1.56,19.00,36.00,1.38,19476464,2026-09-18T06:09:10Z
C,orig,learned_markov_28,async_win,128,3,0,0.00,100.00,547.76,319.81,229.44,27.35,63.02,13.00,867.57,575.11,1.58,19.00,35.00,1.38,19476040,2026-09-18T06:09:11Z
C,orig,learned_markov_28,async_bulk,128,3,0,0.00,100.00,543.61,319.40,231.24,26.62,61.55,13.00,863.01,570.23,1.58,19.00,35.00,1.38,19477720,2026-09-18T06:09:11Z
C_hit,orig,layers_5,pread,128,3,0,0.00,100.00,974.95,679.63,230.50,449.12,,,1654.58,1424.07,1.68,41.00,57.00,1.38,19477780,2026-09-18T06:09:11Z
C_hit,orig,layers_5,async,128,3,0,0.00,100.00,979.23,305.75,235.45,70.30,,,1284.98,1049.53,1.65,41.00,57.00,1.38,19478472,2026-09-18T06:09:11Z
C_hit,orig,layers_5,async_win,128,3,0,0.00,100.00,983.72,300.23,231.78,6.98,61.47,2.00,1283.95,990.70,1.66,41.00,57.00,1.38,19479096,2026-09-18T06:09:12Z
C_hit,orig,layers_5,async_bulk,128,3,0,0.00,100.00,971.56,302.80,232.58,8.09,62.14,2.00,1274.36,979.65,1.66,41.00,57.00,1.38,19480020,2026-09-18T06:09:12Z
C_hit,orig,layers_92,pread,128,3,0,0.00,100.00,629.04,8148.11,233.61,7914.50,,,8777.15,8543.54,1.64,39.00,60.00,1.38,19480800,2026-09-18T06:09:12Z
C_hit,orig,layers_92,async,128,3,0,0.00,100.00,630.61,422.74,235.03,187.70,,,1053.35,818.31,1.68,39.00,60.00,1.38,19480904,2026-09-18T06:09:13Z
C_hit,orig,layers_92,async_win,128,3,0,0.00,100.00,640.43,429.90,236.62,126.46,66.82,87.00,1070.33,766.89,1.65,39.00,60.00,1.38,19482104,2026-09-18T06:09:13Z
C_hit,orig,layers_92,async_bulk,128,3,0,0.00,100.00,916.82,470.64,282.67,116.40,71.57,87.00,1387.46,1033.22,1.68,39.00,60.00,1.43,19481248,2026-09-18T06:09:13Z
C_hit,orig,2d,pread,128,3,0,0.00,100.00,624.88,666.50,233.55,432.95,,,1291.38,1057.83,1.64,39.00,60.00,1.43,19481088,2026-09-18T06:09:13Z
C_hit,orig,2d,async,128,3,0,0.00,100.00,607.93,301.94,231.75,70.18,,,909.87,678.11,1.68,39.00,60.00,1.43,19495192,2026-09-18T06:09:14Z
C_hit,orig,2d,async_win,128,3,0,0.00,100.00,607.03,301.76,232.33,7.63,61.80,3.00,908.79,614.66,1.66,39.00,60.00,1.43,19493600,2026-09-18T06:09:14Z
C_hit,orig,2d,async_bulk,128,3,0,0.00,100.00,599.67,302.99,231.66,9.39,61.95,3.00,902.66,609.06,1.65,39.00,60.00,1.43,19497048,2026-09-18T06:09:14Z
C_hit,orig,2e_K10,pread,128,3,0,0.00,100.00,535.11,1213.60,233.11,980.49,,,1748.71,1515.60,1.63,37.00,61.00,1.43,19479596,2026-09-18T06:09:14Z
C_hit,orig,2e_K10,async,128,3,0,0.00,100.00,599.58,312.67,231.78,80.89,,,912.25,680.47,1.64,39.00,61.00,1.43,19484268,2026-09-18T06:09:15Z
C_hit,orig,2e_K10,async_win,128,3,0,0.00,100.00,607.21,311.20,231.31,16.68,63.22,6.00,918.41,623.89,1.65,39.00,61.00,1.43,19484384,2026-09-18T06:09:15Z
C_hit,orig,2e_K10,async_bulk,128,3,0,0.00,100.00,598.08,316.56,233.48,20.49,62.59,6.00,914.64,618.57,1.63,39.00,61.00,1.43,19485464,2026-09-18T06:09:15Z
C_hit,orig,2e_K500,pread,128,3,0,0.00,100.00,182.20,3532.85,233.91,3298.94,,,3715.05,3481.14,1.54,10.00,60.00,1.43,19485012,2026-09-18T06:09:15Z
C_hit,orig,2e_K500,async,128,3,0,0.00,61.40,183.69,982.03,233.22,748.81,,,1165.72,932.50,1.55,11.00,59.00,1.43,19484924,2026-09-18T06:09:16Z
C_hit,orig,2e_K500,async_win,128,3,0,0.00,32.90,182.28,653.61,232.69,328.62,92.30,139.00,835.89,510.90,1.58,11.00,59.00,1.43,19485432,2026-09-18T06:09:16Z
C_hit,orig,2e_K500,async_bulk,128,3,0,0.00,39.00,184.68,712.70,233.03,388.75,90.92,139.00,897.38,573.43,1.55,11.00,59.00,1.43,19486832,2026-09-18T06:09:16Z
C_hit,orig,2f_top14,pread,128,3,0,0.00,100.00,629.79,1152.53,234.35,918.18,,,1782.32,1547.97,1.66,37.00,61.00,1.43,19487696,2026-09-18T06:09:17Z
C_hit,orig,2f_top14,async,128,3,0,0.00,100.00,605.71,316.08,234.66,81.42,,,921.79,687.13,1.65,39.00,61.00,1.43,19488328,2026-09-18T06:09:17Z
C_hit,orig,2f_top14,async_win,128,3,0,0.00,100.00,609.74,308.70,232.90,14.33,61.48,6.00,918.44,624.07,1.65,39.00,61.00,1.43,19488036,2026-09-18T06:09:17Z
C_hit,orig,2f_top14,async_bulk,128,3,0,0.00,100.00,601.79,308.36,233.09,13.72,61.55,6.00,910.15,615.51,1.66,39.00,61.00,1.43,19489516,2026-09-18T06:09:17Z
C_hit,orig,2f_top28,pread,128,3,0,0.00,100.00,765.64,1119.00,233.62,885.38,,,1884.64,1651.02,1.64,36.00,61.00,1.43,19489716,2026-09-18T06:09:18Z
C_hit,orig,2f_top28,async,128,3,0,0.00,100.00,599.64,333.54,232.28,101.26,,,933.18,700.90,1.65,39.00,60.00,1.39,19489924,2026-09-18T06:09:18Z
C_hit,orig,2f_top28,async_win,128,3,0,0.00,100.00,759.23,340.83,251.86,25.18,63.79,8.00,1100.06,784.41,1.65,39.00,60.00,1.39,19489940,2026-09-18T06:09:18Z
C_hit,orig,2f_top28,async_bulk,128,3,0,0.00,100.00,607.57,325.23,233.93,27.91,63.39,8.00,932.80,635.48,1.66,39.00,60.00,1.39,19491900,2026-09-18T06:09:18Z
C_hit,orig,2f_top100,pread,128,3,0,0.00,100.00,595.73,4117.77,169.15,3948.62,,,4713.50,4544.35,1.61,32.00,62.00,1.39,19492840,2026-09-18T06:09:19Z
C_hit,orig,2f_top100,async,128,3,0,0.00,100.00,531.39,425.09,233.77,191.32,,,956.48,722.71,1.64,34.00,62.00,1.39,19478856,2026-09-18T06:09:19Z
C_hit,orig,2f_top100,async_win,128,3,0,0.00,100.00,608.01,383.58,235.07,81.41,67.10,28.00,991.59,689.42,1.63,34.00,62.00,1.39,19471624,2026-09-18T06:09:19Z
C_hit,orig,2f_top100,async_bulk,128,3,0,0.00,100.00,559.43,369.13,232.96,69.36,66.81,28.00,928.56,628.79,1.64,34.00,62.00,1.39,19472892,2026-09-18T06:09:19Z
C_hit,orig,2f_top500,pread,128,3,0,0.00,100.00,183.40,3217.26,233.83,2983.43,,,3400.66,3166.83,1.55,10.00,60.00,1.39,19474056,2026-09-18T06:09:20Z
C_hit,orig,2f_top500,async,128,3,0,0.00,39.80,183.72,881.70,236.44,645.25,,,1065.42,828.97,1.57,11.00,60.00,1.39,19473968,2026-09-18T06:09:20Z
C_hit,orig,2f_top500,async_win,128,3,0,0.00,42.80,185.25,719.36,234.92,392.75,91.69,138.00,904.61,578.00,1.55,11.00,60.00,1.39,19475796,2026-09-18T06:09:20Z
C_hit,orig,2f_top500,async_bulk,128,3,0,0.00,32.40,181.62,647.70,231.97,322.90,92.83,138.00,829.32,504.52,1.59,11.00,60.00,1.39,19472504,2026-09-18T06:09:21Z
C_hit,orig,2f_slru,pread,128,3,0,0.00,100.00,101.03,4525.08,227.70,4297.38,,,4626.11,4398.41,1.55,0.00,62.00,1.39,19475896,2026-09-18T06:09:21Z
C_hit,orig,2f_slru,async,128,3,0,0.00,100.00,94.82,1590.43,232.26,1358.17,,,1685.25,1452.99,1.53,0.00,62.00,1.39,19476320,2026-09-18T06:09:21Z
C_hit,orig,2f_slru,async_win,128,3,0,0.00,100.00,96.38,809.23,233.98,449.04,126.21,29.00,905.61,545.42,1.52,0.00,62.00,1.39,19478036,2026-09-18T06:09:21Z
C_hit,orig,2f_slru,async_bulk,128,3,0,0.00,7.00,740.27,404.52,235.54,42.30,126.68,2.00,1144.79,782.57,1.66,40.00,56.00,1.39,19478012,2026-09-18T06:09:22Z
C_hit,orig,leaf_freq_K10,pread,128,3,0,0.00,100.00,614.62,817.11,233.03,584.08,,,1431.73,1198.70,1.67,39.00,57.00,1.39,19476564,2026-09-18T06:09:22Z
C_hit,orig,leaf_freq_K10,async,128,3,0,0.00,100.00,933.04,307.83,233.54,74.29,,,1240.87,1007.33,1.65,41.00,57.00,1.39,19477196,2026-09-18T06:09:22Z
C_hit,orig,leaf_freq_K10,async_win,128,3,0,0.00,100.00,888.66,303.44,231.61,10.95,60.88,3.00,1192.10,899.61,1.64,41.00,57.00,1.39,19477428,2026-09-18T06:09:22Z
C_hit,orig,leaf_freq_K10,async_bulk,128,3,0,0.00,100.00,1065.72,307.11,236.50,10.24,60.36,3.00,1372.83,1075.96,1.67,41.00,57.00,1.39,19478980,2026-09-18T06:09:23Z
C_hit,orig,leaf_rand_K10,pread,128,3,0,0.00,100.00,994.22,1163.15,231.78,931.37,,,2157.37,1925.59,1.68,41.00,57.00,1.36,19479172,2026-09-18T06:09:23Z
C_hit,orig,leaf_rand_K10,async,128,3,0,0.00,100.00,1014.31,318.28,237.44,80.84,,,1332.59,1095.15,1.72,41.00,57.00,1.36,19480448,2026-09-18T06:09:23Z
C_hit,orig,leaf_rand_K10,async_win,128,3,0,0.00,100.00,992.68,308.10,232.94,14.79,60.37,10.00,1300.78,1007.47,1.68,41.00,57.00,1.36,19480052,2026-09-18T06:09:23Z
C_hit,orig,leaf_rand_K10,async_bulk,128,3,0,0.00,100.00,978.35,305.54,230.11,14.53,60.89,10.00,1283.89,992.88,1.67,41.00,57.00,1.36,19481388,2026-09-18T06:09:24Z
C_hit,orig,learned_markov_14,pread,128,3,0,0.00,100.00,599.55,1119.27,234.31,884.95,,,1718.82,1484.50,1.68,37.00,61.00,1.36,19481448,2026-09-18T06:09:24Z
C_hit,orig,learned_markov_14,async,128,3,0,0.00,100.00,573.42,310.40,232.85,77.56,,,883.82,650.98,1.65,39.00,61.00,1.36,19483132,2026-09-18T06:09:24Z
C_hit,orig,learned_markov_14,async_win,128,3,0,0.00,100.00,654.90,301.07,224.80,15.09,61.17,6.00,955.97,669.99,1.65,39.00,61.00,1.36,19482464,2026-09-18T06:09:25Z
C_hit,orig,learned_markov_14,async_bulk,128,3,0,0.00,100.00,566.38,311.32,232.09,15.46,63.78,6.00,877.70,581.84,1.63,39.00,61.00,1.36,19482212,2026-09-18T06:09:25Z
C_hit,orig,learned_markov_28,pread,128,3,0,0.00,100.00,607.71,1116.43,234.74,881.69,,,1724.14,1489.40,1.64,36.00,61.00,1.36,19483528,2026-09-18T06:09:25Z
C_hit,orig,learned_markov_28,async,128,3,0,0.00,100.00,598.12,329.91,232.45,97.46,,,928.03,695.58,1.67,39.00,60.00,1.36,19484012,2026-09-18T06:09:25Z
C_hit,orig,learned_markov_28,async_win,128,3,0,0.00,100.00,611.08,319.71,235.71,22.11,61.89,8.00,930.79,633.19,1.66,39.00,60.00,1.36,19467516,2026-09-18T06:09:26Z
C_hit,orig,learned_markov_28,async_bulk,128,3,0,0.00,100.00,511.57,317.59,229.78,26.38,61.42,8.00,829.16,537.95,1.66,39.00,60.00,1.36,19468524,2026-09-18T06:09:26Z
A,orig,baseline,baseline,128,4,0,0.00,0.00,849.29,0.00,0.00,0.00,,,849.29,849.29,2.16,190.00,246.00,1.36,19469504,2026-09-18T06:09:26Z
B,orig,baseline,baseline,128,4,0,0.00,0.00,1032.55,0.00,0.00,0.00,,,1032.55,1032.55,2.16,192.00,251.00,1.36,19469968,2026-09-18T06:09:27Z
C,orig,baseline,baseline,128,4,0,0.00,0.00,1009.69,0.00,0.00,0.00,,,1009.69,1009.69,1.56,20.00,28.00,1.36,19470564,2026-09-18T06:09:27Z
C_hit,orig,baseline,baseline,128,4,0,0.00,0.00,1007.40,0.00,0.00,0.00,,,1007.40,1007.40,1.66,41.00,57.00,1.36,19470912,2026-09-18T06:09:27Z
A,orig,layers_5,pread,128,4,0,0.00,100.00,857.78,667.10,225.24,441.86,,,1524.88,1299.64,2.09,190.00,245.00,1.36,19470700,2026-09-18T06:09:27Z
A,orig,layers_5,async,128,4,0,0.00,100.00,856.01,294.60,226.90,67.71,,,1150.61,923.72,2.17,190.00,245.00,1.36,19471488,2026-09-18T06:09:28Z
A,orig,layers_5,async_win,128,4,0,0.00,100.00,846.92,292.63,225.04,7.49,60.09,2.00,1139.55,854.41,2.14,190.00,245.00,1.33,19470800,2026-09-18T06:09:28Z
A,orig,layers_5,async_bulk,128,4,0,0.00,100.00,867.78,294.31,226.25,7.18,60.88,2.00,1162.09,874.96,2.13,190.00,245.00,1.33,19473472,2026-09-18T06:09:28Z
A,orig,layers_92,pread,128,4,0,0.00,100.00,530.69,8283.88,225.81,8058.08,,,8814.57,8588.77,2.12,187.00,258.00,1.33,19474008,2026-09-18T06:09:29Z
A,orig,layers_92,async,128,4,0,0.00,100.00,534.16,433.43,222.68,210.75,,,967.59,744.91,2.08,187.00,257.00,1.33,19473292,2026-09-18T06:09:29Z
A,orig,layers_92,async_win,128,4,0,0.00,100.00,1389.56,406.60,226.79,114.97,64.85,87.00,1796.16,1504.53,2.15,187.00,257.00,1.33,19475744,2026-09-18T06:09:29Z
A,orig,layers_92,async_bulk,128,4,0,0.00,100.00,526.52,418.98,227.25,126.02,65.71,87.00,945.50,652.54,2.08,187.00,257.00,1.33,19475612,2026-09-18T06:09:30Z
A,orig,2d,pread,128,4,0,0.00,100.00,560.84,1846.69,226.38,1620.32,,,2407.53,2181.16,2.12,187.00,258.00,1.33,19476016,2026-09-18T06:09:30Z
A,orig,2d,async,128,4,0,0.00,100.00,577.40,312.57,227.48,85.09,,,889.97,662.49,2.26,187.00,257.00,1.33,19477576,2026-09-18T06:09:30Z
A,orig,2d,async_win,128,4,0,0.00,100.00,535.74,306.81,223.75,21.30,61.76,13.00,842.55,557.04,2.13,187.00,257.00,1.33,19477924,2026-09-18T06:09:31Z
A,orig,2d,async_bulk,128,4,0,0.00,100.00,560.60,309.39,226.85,21.37,61.17,13.00,869.99,581.97,2.12,187.00,257.00,1.33,19462624,2026-09-18T06:09:31Z
A,orig,2e_K10,pread,128,4,0,0.00,100.00,602.22,2809.78,228.40,2581.38,,,3412.00,3183.60,2.19,190.00,260.00,1.33,19469456,2026-09-18T06:09:31Z
A,orig,2e_K10,async,128,4,0,0.00,100.00,591.63,330.12,229.15,100.97,,,921.75,692.60,2.10,190.00,259.00,1.33,19473508,2026-09-18T06:09:32Z
A,orig,2e_K10,async_win,128,4,0,0.00,100.00,562.52,325.59,226.68,36.38,62.54,23.00,888.11,598.90,2.14,190.00,259.00,1.33,19474008,2026-09-18T06:09:32Z
A,orig,2e_K10,async_bulk,128,4,0,0.00,100.00,563.76,328.67,228.84,37.45,62.38,23.00,892.43,601.21,2.18,190.00,259.00,1.33,19479680,2026-09-18T06:09:32Z
A,orig,2e_K500,pread,128,4,0,0.00,100.00,535.81,22372.64,226.59,22146.05,,,22908.45,22681.86,1.99,163.00,436.00,1.33,19478656,2026-09-18T06:09:33Z
A,orig,2e_K500,async,128,4,0,0.00,100.00,709.72,1090.92,223.76,867.16,,,1800.64,1576.88,2.07,181.00,385.00,1.31,19479228,2026-09-18T06:09:33Z
A,orig,2e_K500,async_win,128,4,0,0.00,100.00,715.04,1009.80,226.51,691.81,91.48,446.00,1724.84,1406.85,2.10,181.00,388.00,1.31,19480364,2026-09-18T06:09:33Z
A,orig,2e_K500,async_bulk,128,4,0,0.00,100.00,714.80,1055.72,228.04,733.11,94.58,446.00,1770.52,1447.91,2.09,181.00,384.00,1.31,19480828,2026-09-18T06:09:34Z
A,orig,2f_top14,pread,128,4,0,0.00,100.00,535.33,1461.21,225.56,1235.64,,,1996.54,1770.97,2.13,189.00,257.00,1.31,19479800,2026-09-18T06:09:34Z
A,orig,2f_top14,async,128,4,0,0.00,100.00,502.38,307.27,225.41,81.85,,,809.65,584.23,2.11,189.00,257.00,1.31,19492844,2026-09-18T06:09:34Z
A,orig,2f_top14,async_win,128,4,0,0.00,100.00,564.29,308.20,227.22,19.65,61.34,13.00,872.49,583.94,2.11,189.00,257.00,1.31,19501628,2026-09-18T06:09:34Z
A,orig,2f_top14,async_bulk,128,4,0,0.00,100.00,527.66,307.90,226.16,19.26,62.49,13.00,835.56,546.92,2.16,189.00,257.00,1.31,19501068,2026-09-18T06:09:35Z
A,orig,2f_top28,pread,128,4,0,0.00,100.00,588.00,2724.60,233.54,2491.06,,,3312.60,3079.06,2.14,192.00,266.00,1.31,19500744,2026-09-18T06:09:35Z
A,orig,2f_top28,async,128,4,0,0.00,100.00,563.02,317.55,224.14,93.41,,,880.57,656.43,2.12,192.00,266.00,1.31,19501188,2026-09-18T06:09:35Z
A,orig,2f_top28,async_win,128,4,0,0.00,100.00,604.29,347.43,245.63,34.97,66.83,27.00,951.72,639.26,2.17,192.00,266.00,1.31,19501396,2026-09-18T06:09:36Z
A,orig,2f_top28,async_bulk,128,4,0,0.00,100.00,596.26,328.98,226.46,38.89,63.63,27.00,925.24,635.15,2.14,192.00,266.00,1.31,19500776,2026-09-18T06:09:36Z
A,orig,2f_top100,pread,128,4,0,0.00,100.00,537.69,8572.80,227.40,8345.40,,,9110.49,8883.09,2.14,184.00,306.00,1.31,19481656,2026-09-18T06:09:36Z
A,orig,2f_top100,async,128,4,0,0.00,100.00,528.65,432.17,227.31,204.87,,,960.82,733.52,2.13,184.00,306.00,1.31,19486380,2026-09-18T06:09:37Z
A,orig,2f_top100,async_win,128,4,0,0.00,100.00,596.88,424.94,225.39,132.97,66.58,98.00,1021.82,729.85,2.10,184.00,306.00,1.31,19486352,2026-09-18T06:09:37Z
A,orig,2f_top100,async_bulk,128,4,0,0.00,100.00,668.44,417.04,228.69,119.03,69.32,98.00,1085.48,787.47,2.18,184.00,306.00,1.31,19487872,2026-09-18T06:09:37Z
A,orig,2f_top500,pread,128,4,0,0.00,100.00,556.69,22794.03,227.51,22566.52,,,23350.72,23123.21,2.02,165.00,430.00,1.31,19486108,2026-09-18T06:09:38Z
A,orig,2f_top500,async,128,4,0,0.00,100.00,592.46,1094.29,224.76,869.52,,,1686.75,1461.98,2.07,181.00,388.00,1.28,19486224,2026-09-18T06:09:38Z
A,orig,2f_top500,async_win,128,4,0,0.00,100.00,717.31,994.17,224.90,679.36,89.91,438.00,1711.48,1396.67,2.13,181.00,387.00,1.28,19486740,2026-09-18T06:09:38Z
A,orig,2f_top500,async_bulk,128,4,0,0.00,100.00,719.45,1032.86,227.67,714.82,90.37,438.00,1752.31,1434.27,2.08,181.00,385.00,1.28,19487416,2026-09-18T06:09:39Z
A,orig,2f_slru,pread,128,4,0,0.00,100.00,97.13,18627.30,225.84,18401.46,,,18724.43,18498.59,1.52,0.00,278.00,1.28,19488856,2026-09-18T06:09:39Z
A,orig,2f_slru,async,128,4,0,0.00,100.00,97.91,7465.23,225.88,7239.36,,,7563.14,7337.27,1.54,0.00,278.00,1.28,19487024,2026-09-18T06:09:39Z
A,orig,2f_slru,async_win,128,4,0,0.00,89.90,95.69,2692.82,226.20,2064.44,402.19,139.00,2788.51,2160.13,1.55,0.00,278.00,1.28,19471164,2026-09-18T06:09:39Z
A,orig,2f_slru,async_bulk,128,4,0,0.00,1.40,838.12,712.15,226.27,79.05,406.83,2.00,1550.27,917.17,2.17,188.00,245.00,1.28,19471684,2026-09-18T06:09:40Z
A,orig,leaf_freq_K10,pread,128,4,0,0.00,100.00,933.87,1121.25,226.38,894.86,,,2055.12,1828.73,2.13,192.00,247.00,1.28,19472020,2026-09-18T06:09:40Z
A,orig,leaf_freq_K10,async,128,4,0,0.00,100.00,894.17,311.44,234.75,76.68,,,1205.61,970.85,2.20,192.00,247.00,1.28,19476032,2026-09-18T06:09:40Z
A,orig,leaf_freq_K10,async_win,128,4,0,0.00,100.00,880.92,300.50,225.38,14.52,60.59,10.00,1181.42,895.44,2.12,192.00,247.00,1.28,19477716,2026-09-18T06:09:41Z
A,orig,leaf_freq_K10,async_bulk,128,4,0,0.00,100.00,843.55,302.03,226.37,14.69,60.98,10.00,1145.58,858.24,2.10,192.00,247.00,1.28,19477836,2026-09-18T06:09:41Z
A,orig,leaf_rand_K10,pread,128,4,0,0.00,100.00,875.15,2734.62,1221.43,1513.19,,,3609.77,2388.34,2.17,190.00,246.00,1.28,19478072,2026-09-18T06:09:41Z
A,orig,leaf_rand_K10,async,128,4,0,0.00,100.00,845.95,301.75,225.07,76.67,,,1147.70,922.62,2.15,190.00,246.00,1.28,19465660,2026-09-18T06:09:42Z
A,orig,leaf_rand_K10,async_win,128,4,0,0.00,100.00,875.30,302.38,225.17,16.65,60.55,10.00,1177.68,891.95,2.14,190.00,246.00,1.28,19465300,2026-09-18T06:09:42Z
A,orig,leaf_rand_K10,async_bulk,128,4,0,0.00,100.00,877.69,300.50,225.54,14.14,60.81,10.00,1178.19,891.83,2.15,190.00,246.00,1.28,19467344,2026-09-18T06:09:42Z
A,orig,learned_markov_14,pread,128,4,0,0.00,100.00,576.36,1477.24,226.66,1250.58,,,2053.60,1826.94,2.15,187.00,256.00,1.28,19466712,2026-09-18T06:09:43Z
A,orig,learned_markov_14,async,128,4,0,0.00,100.00,540.92,312.59,232.07,80.52,,,853.51,621.44,2.13,187.00,256.00,1.26,19466464,2026-09-18T06:09:43Z
A,orig,learned_markov_14,async_win,128,4,0,0.00,100.00,533.10,306.85,227.48,18.57,60.80,13.00,839.95,551.67,2.14,187.00,256.00,1.26,19468160,2026-09-18T06:09:43Z
A,orig,learned_markov_14,async_bulk,128,4,0,0.00,100.00,536.43,310.76,229.41,19.44,61.92,13.00,847.19,555.87,2.14,187.00,256.00,1.26,19467812,2026-09-18T06:09:44Z
A,orig,learned_markov_28,pread,128,4,0,0.00,100.00,562.13,2667.55,224.42,2443.12,,,3229.68,3005.25,2.09,187.00,260.00,1.26,19468656,2026-09-18T06:09:44Z
A,orig,learned_markov_28,async,128,4,0,0.00,100.00,531.43,329.45,227.48,101.97,,,860.88,633.40,2.14,187.00,259.00,1.26,19472240,2026-09-18T06:09:44Z
A,orig,learned_markov_28,async_win,128,4,0,0.00,100.00,498.22,325.84,225.14,39.20,61.50,26.00,824.06,537.42,2.09,187.00,259.00,1.26,19472752,2026-09-18T06:09:45Z
A,orig,learned_markov_28,async_bulk,128,4,0,0.00,100.00,890.06,322.48,225.82,34.62,62.03,26.00,1212.54,924.68,2.14,187.00,259.00,1.26,19472360,2026-09-18T06:09:45Z
B,orig,layers_5,pread,128,4,0,0.00,100.00,1010.29,664.95,222.99,441.96,,,1675.24,1452.25,2.19,192.00,254.00,1.26,19473176,2026-09-18T06:09:45Z
B,orig,layers_5,async,128,4,0,0.00,100.00,943.35,294.89,224.55,70.34,,,1238.24,1013.69,2.16,193.00,254.00,1.26,19473796,2026-09-18T06:09:46Z
B,orig,layers_5,async_win,128,4,0,0.00,100.00,1012.01,299.63,230.78,7.71,61.13,2.00,1311.64,1019.72,2.20,193.00,254.00,1.26,19475500,2026-09-18T06:09:46Z
B,orig,layers_5,async_bulk,128,4,0,0.00,100.00,1013.11,295.62,226.40,7.85,61.37,2.00,1308.73,1020.96,2.20,193.00,254.00,1.26,19475404,2026-09-18T06:09:46Z
B,orig,layers_92,pread,128,4,0,0.00,100.00,597.79,9872.18,1191.51,8680.67,,,10469.97,9278.46,2.16,193.00,261.00,1.26,19477848,2026-09-18T06:09:47Z
B,orig,layers_92,async,128,4,0,0.00,100.00,657.93,423.83,226.50,197.33,,,1081.76,855.26,2.18,194.00,260.00,1.26,19467748,2026-09-18T06:09:47Z
B,orig,layers_92,async_win,128,4,0,0.00,100.00,656.87,430.69,229.85,135.56,65.27,87.00,1087.56,792.43,2.19,194.00,260.00,1.26,19470308,2026-09-18T06:09:47Z
B,orig,layers_92,async_bulk,128,4,0,0.00,100.00,659.68,394.55,225.03,104.27,65.25,87.00,1054.23,763.95,2.23,194.00,260.00,1.26,19471296,2026-09-18T06:09:47Z
B,orig,2d,pread,128,4,0,0.00,100.00,656.22,1966.59,224.95,1741.63,,,2622.81,2397.85,2.16,193.00,261.00,1.26,19470644,2026-09-18T06:09:48Z
B,orig,2d,async,128,4,0,0.00,100.00,662.24,307.06,226.99,80.07,,,969.30,742.31,2.19,194.00,260.00,1.24,19471620,2026-09-18T06:09:48Z
B,orig,2d,async_win,128,4,0,0.00,100.00,661.11,317.98,230.38,21.84,65.75,13.00,979.09,682.95,2.24,194.00,260.00,1.24,19473880,2026-09-18T06:09:48Z
B,orig,2d,async_bulk,128,4,0,0.00,100.00,660.04,309.97,226.13,22.01,61.83,13.00,970.01,682.05,2.22,194.00,260.00,1.24,19473576,2026-09-18T06:09:49Z
B,orig,2e_K10,pread,128,4,0,0.00,100.00,661.83,2629.68,228.51,2401.17,,,3291.51,3063.00,2.16,193.00,261.00,1.24,19474076,2026-09-18T06:09:49Z
B,orig,2e_K10,async,128,4,0,0.00,100.00,769.13,326.95,230.30,96.65,,,1096.08,865.78,2.15,194.00,260.00,1.24,19476968,2026-09-18T06:09:49Z
B,orig,2e_K10,async_win,128,4,0,0.00,100.00,669.20,323.66,225.41,35.93,62.32,23.00,992.86,705.13,2.16,194.00,260.00,1.24,19477264,2026-09-18T06:09:50Z
B,orig,2e_K10,async_bulk,128,4,0,0.00,100.00,661.05,324.91,225.54,36.91,62.46,23.00,985.96,697.96,2.17,194.00,260.00,1.24,19477508,2026-09-18T06:09:50Z
B,orig,2e_K500,pread,128,4,0,0.00,100.00,185.56,22537.98,227.67,22310.31,,,22723.54,22495.87,2.10,173.00,392.00,1.24,19478116,2026-09-18T06:09:50Z
B,orig,2e_K500,async,128,4,0,0.00,100.00,182.87,1126.70,224.99,901.71,,,1309.57,1084.58,2.13,183.00,331.00,1.24,19481260,2026-09-18T06:09:51Z
B,orig,2e_K500,async_win,128,4,0,0.00,100.00,184.19,1043.25,226.89,725.98,90.39,449.00,1227.44,910.17,2.13,183.00,331.00,1.24,19482124,2026-09-18T06:09:51Z
B,orig,2e_K500,async_bulk,128,4,0,0.00,100.00,183.74,1006.71,222.99,693.68,90.04,449.00,1190.45,877.42,2.13,183.00,332.00,1.24,19482864,2026-09-18T06:09:51Z
B,orig,2f_top14,pread,128,4,0,0.00,100.00,657.28,1412.53,224.41,1188.11,,,2069.81,1845.39,2.14,194.00,260.00,1.24,19482384,2026-09-18T06:09:52Z
B,orig,2f_top14,async,128,4,0,0.00,100.00,800.97,306.53,225.66,80.86,,,1107.50,881.83,2.21,194.00,260.00,1.24,19480248,2026-09-18T06:09:52Z
B,orig,2f_top14,async_win,128,4,0,0.00,100.00,648.09,322.58,225.09,41.56,55.92,13.00,970.67,689.65,2.14,194.00,260.00,1.24,19459972,2026-09-18T06:09:52Z
B,orig,2f_top14,async_bulk,128,4,0,0.00,100.00,663.56,311.37,228.64,20.78,61.95,13.00,974.93,684.34,2.18,194.00,260.00,1.24,19460060,2026-09-18T06:09:53Z
B,orig,2f_top28,pread,128,4,0,0.00,100.00,659.47,2748.05,229.15,2518.89,,,3407.52,3178.36,2.26,193.00,261.00,1.22,19460996,2026-09-18T06:09:53Z
B,orig,2f_top28,async,128,4,0,0.00,100.00,661.72,331.00,224.38,106.62,,,992.72,768.34,2.17,194.00,259.00,1.22,19462020,2026-09-18T06:09:53Z
B,orig,2f_top28,async_win,128,4,0,0.00,100.00,657.22,330.18,226.56,41.49,62.14,27.00,987.40,698.71,2.17,194.00,259.00,1.22,19461504,2026-09-18T06:09:54Z
B,orig,2f_top28,async_bulk,128,4,0,0.00,100.00,665.64,323.78,227.20,35.29,61.30,27.00,989.42,700.93,2.21,194.00,259.00,1.22,19462144,2026-09-18T06:09:54Z
B,orig,2f_top100,pread,128,4,0,0.00,100.00,181.88,9327.88,225.92,9101.95,,,9509.76,9283.83,2.13,191.00,283.00,1.22,19462936,2026-09-18T06:09:54Z
B,orig,2f_top100,async,128,4,0,0.00,100.00,183.71,436.51,230.33,206.18,,,620.22,389.89,2.12,193.00,275.00,1.22,19470744,2026-09-18T06:09:55Z
B,orig,2f_top100,async_win,128,4,0,0.00,100.00,180.99,410.81,226.41,118.88,65.52,94.00,591.80,299.87,2.21,193.00,275.00,1.22,19475368,2026-09-18T06:09:55Z
B,orig,2f_top100,async_bulk,128,4,0,0.00,100.00,184.84,418.90,226.59,126.52,65.79,94.00,603.74,311.36,2.17,193.00,276.00,1.22,19480000,2026-09-18T06:09:55Z
B,orig,2f_top500,pread,128,4,0,0.00,100.00,181.08,18194.88,228.07,17966.81,,,18375.96,18147.89,2.08,173.00,396.00,1.22,19480488,2026-09-18T06:09:56Z
B,orig,2f_top500,async,128,4,0,0.00,100.00,183.44,1077.26,225.97,851.28,,,1260.70,1034.72,2.15,183.00,334.00,1.22,19481448,2026-09-18T06:09:56Z
B,orig,2f_top500,async_win,128,4,0,0.00,100.00,183.82,1048.21,227.63,730.69,89.89,438.00,1232.03,914.51,2.14,183.00,332.00,1.22,19483164,2026-09-18T06:09:56Z
B,orig,2f_top500,async_bulk,128,4,0,0.00,100.00,637.34,1342.17,415.78,707.71,218.68,438.00,1979.51,1345.05,2.13,183.00,336.00,1.22,19483284,2026-09-18T06:09:57Z
B,orig,2f_slru,pread,128,4,0,0.00,100.00,97.39,18574.01,225.99,18348.02,,,18671.40,18445.41,1.56,0.00,278.00,1.22,19483500,2026-09-18T06:09:57Z
B,orig,2f_slru,async,128,4,0,0.00,100.00,98.73,7392.97,227.80,7165.17,,,7491.70,7263.90,1.58,0.00,278.00,1.22,19481992,2026-09-18T06:09:57Z
B,orig,2f_slru,async_win,128,4,0,0.00,92.00,97.18,2683.12,225.14,2051.83,406.15,138.00,2780.30,2149.01,1.61,0.00,278.00,1.22,19459500,2026-09-18T06:09:57Z
B,orig,2f_slru,async_bulk,128,4,0,0.00,1.40,953.79,722.26,226.91,84.18,411.17,2.00,1676.05,1037.97,2.16,190.00,251.00,1.22,19470164,2026-09-18T06:09:58Z
B,orig,leaf_freq_K10,pread,128,4,0,0.00,100.00,1012.83,1150.15,226.07,924.08,,,2162.98,1936.91,2.17,192.00,251.00,1.28,19472724,2026-09-18T06:09:58Z
B,orig,leaf_freq_K10,async,128,4,0,0.00,100.00,984.23,301.85,225.76,76.08,,,1286.08,1060.31,2.20,192.00,251.00,1.28,19475848,2026-09-18T06:09:58Z
B,orig,leaf_freq_K10,async_win,128,4,0,0.00,100.00,1046.06,302.58,225.88,15.80,60.90,10.00,1348.64,1061.86,2.19,192.00,251.00,1.28,19475996,2026-09-18T06:09:59Z
B,orig,leaf_freq_K10,async_bulk,128,4,0,0.00,100.00,1081.48,302.32,226.00,14.83,61.49,10.00,1383.80,1096.31,2.30,192.00,251.00,1.28,19476932,2026-09-18T06:09:59Z
B,orig,leaf_rand_K10,pread,128,4,0,0.00,100.00,978.67,1089.12,224.16,864.96,,,2067.79,1843.63,2.17,192.00,251.00,1.28,19479156,2026-09-18T06:09:59Z
B,orig,leaf_rand_K10,async,128,4,0,0.00,100.00,982.99,940.62,862.81,77.81,,,1923.61,1060.80,2.18,192.00,251.00,1.28,19479780,2026-09-18T06:10:00Z
B,orig,leaf_rand_K10,async_win,128,4,0,0.00,100.00,1017.58,303.42,228.09,14.78,60.55,10.00,1321.00,1032.36,2.26,192.00,251.00,1.28,19456756,2026-09-18T06:10:00Z
B,orig,leaf_rand_K10,async_bulk,128,4,0,0.00,100.00,1025.68,307.82,231.49,15.02,61.31,10.00,1333.50,1040.70,2.20,192.00,251.00,1.28,19459920,2026-09-18T06:10:00Z
B,orig,learned_markov_14,pread,128,4,0,0.00,100.00,666.76,1425.15,226.18,1198.97,,,2091.91,1865.73,2.23,194.00,259.00,1.28,19460164,2026-09-18T06:10:01Z
B,orig,learned_markov_14,async,128,4,0,0.00,100.00,661.09,311.83,232.65,79.18,,,972.92,740.27,2.17,194.00,259.00,1.28,19460856,2026-09-18T06:10:01Z
B,orig,learned_markov_14,async_win,128,4,0,0.00,100.00,665.05,314.71,234.04,19.45,61.23,13.00,979.76,684.50,2.18,194.00,259.00,1.28,19462968,2026-09-18T06:10:01Z
B,orig,learned_markov_14,async_bulk,128,4,0,0.00,100.00,668.06,312.51,230.31,20.17,62.03,13.00,980.57,688.23,2.20,194.00,259.00,1.28,19437756,2026-09-18T06:10:02Z
B,orig,learned_markov_28,pread,128,4,0,0.00,100.00,725.72,2585.66,186.90,2398.76,,,3311.38,3124.48,2.17,193.00,264.00,1.28,19443172,2026-09-18T06:10:02Z
B,orig,learned_markov_28,async,128,4,0,0.00,100.00,672.52,286.19,183.82,102.36,,,958.71,774.88,2.19,193.00,264.00,1.28,19445676,2026-09-18T06:10:02Z
B,orig,learned_markov_28,async_win,128,4,0,0.00,100.00,661.98,300.31,199.94,38.61,61.76,26.00,962.29,700.59,2.19,193.00,265.00,1.28,19433288,2026-09-18T06:10:03Z
B,orig,learned_markov_28,async_bulk,128,4,0,0.00,100.00,662.03,337.82,234.10,41.58,62.15,26.00,999.85,703.61,2.17,193.00,264.00,1.26,19432764,2026-09-18T06:10:03Z
C,orig,layers_5,pread,128,4,0,0.00,100.00,989.19,634.11,189.06,445.05,,,1623.30,1434.24,1.55,20.00,28.00,1.26,19436592,2026-09-18T06:10:03Z
C,orig,layers_5,async,128,4,0,0.00,100.00,1049.19,260.17,191.06,69.11,,,1309.36,1118.30,1.55,20.00,28.00,1.26,19438272,2026-09-18T06:10:03Z
C,orig,layers_5,async_win,128,4,0,0.00,100.00,1019.22,259.06,190.08,7.79,61.19,2.00,1278.28,1027.01,1.57,20.00,28.00,1.26,19438500,2026-09-18T06:10:04Z
C,orig,layers_5,async_bulk,128,4,0,0.00,100.00,1033.41,261.08,193.20,7.58,60.30,2.00,1294.49,1040.99,1.56,20.00,28.00,1.26,19440040,2026-09-18T06:10:04Z
C,orig,layers_92,pread,128,4,0,0.00,100.00,626.27,8077.34,187.05,7890.28,,,8703.61,8516.55,1.55,20.00,30.00,1.26,19443728,2026-09-18T06:10:04Z
C,orig,layers_92,async,128,4,0,0.00,100.00,629.30,387.12,187.95,199.16,,,1016.42,828.46,1.57,20.00,30.00,1.26,19446636,2026-09-18T06:10:05Z
C,orig,layers_92,async_win,128,4,0,0.00,100.00,630.10,385.56,188.50,131.85,65.21,87.00,1015.66,761.95,1.55,20.00,30.00,1.26,19447152,2026-09-18T06:10:05Z
C,orig,layers_92,async_bulk,128,4,0,0.00,100.00,658.27,368.43,186.94,115.84,65.65,87.00,1026.70,774.11,1.56,20.00,30.00,1.26,19449428,2026-09-18T06:10:05Z
C,orig,2d,pread,128,4,0,0.00,100.00,567.45,531.01,184.70,346.31,,,1098.46,913.76,1.56,20.00,30.00,1.26,19450032,2026-09-18T06:10:05Z
C,orig,2d,async,128,4,0,0.00,100.00,661.29,254.55,186.75,67.80,,,915.84,729.09,1.56,20.00,30.00,1.26,19450364,2026-09-18T06:10:06Z
C,orig,2d,async_win,128,4,0,0.00,100.00,607.21,255.39,187.50,7.20,60.69,2.00,862.60,614.41,1.56,20.00,30.00,1.26,19450992,2026-09-18T06:10:06Z
C,orig,2d,async_bulk,128,4,0,0.00,100.00,661.40,254.15,186.05,7.58,60.51,2.00,915.55,668.98,1.56,20.00,30.00,1.26,19452760,2026-09-18T06:10:06Z
C,orig,2e_K10,pread,128,4,0,0.00,100.00,659.11,1304.48,186.30,1118.18,,,1963.59,1777.29,1.58,19.00,36.00,1.26,19453128,2026-09-18T06:10:06Z
C,orig,2e_K10,async,128,4,0,0.00,100.00,542.81,265.44,186.63,78.81,,,808.25,621.62,1.56,20.00,33.00,1.26,19454020,2026-09-18T06:10:07Z
C,orig,2e_K10,async_win,128,4,0,0.00,100.00,594.69,265.33,187.73,16.13,61.47,8.00,860.02,610.82,1.55,20.00,33.00,1.26,19454328,2026-09-18T06:10:07Z
C,orig,2e_K10,async_bulk,128,4,0,0.00,100.00,633.66,262.33,185.47,16.30,60.56,8.00,895.99,649.96,1.60,20.00,33.00,1.26,19451232,2026-09-18T06:10:07Z
C,orig,2e_K500,pread,128,4,0,0.00,100.00,180.93,2415.04,187.06,2227.98,,,2595.97,2408.91,1.50,0.00,37.00,1.26,19450788,2026-09-18T06:10:07Z
C,orig,2e_K500,async,128,4,0,0.00,68.30,182.45,643.73,186.85,456.88,,,826.18,639.33,1.52,0.00,37.00,1.26,19451288,2026-09-18T06:10:08Z
C,orig,2e_K500,async_win,128,4,0,0.00,100.00,183.14,516.18,185.17,248.75,82.26,90.00,699.32,431.89,1.50,0.00,37.00,1.32,19431752,2026-09-18T06:10:08Z
C,orig,2e_K500,async_bulk,128,4,0,0.00,57.10,181.78,490.41,183.74,224.03,82.64,90.00,672.19,405.81,1.51,0.00,37.00,1.32,19439136,2026-09-18T06:10:08Z
C,orig,2f_top14,pread,128,4,0,0.00,100.00,643.48,1268.62,187.65,1080.97,,,1912.10,1724.45,1.55,17.00,37.00,1.32,19439496,2026-09-18T06:10:08Z
C,orig,2f_top14,async,128,4,0,0.00,100.00,529.91,264.13,184.60,79.53,,,794.04,609.44,1.56,20.00,36.00,1.32,19440384,2026-09-18T06:10:09Z
C,orig,2f_top14,async_win,128,4,0,0.00,100.00,600.87,266.32,188.66,16.41,61.24,9.00,867.19,617.28,1.55,20.00,35.00,1.32,19440560,2026-09-18T06:10:09Z
C,orig,2f_top14,async_bulk,128,4,0,0.00,100.00,653.26,269.26,189.83,17.84,61.59,9.00,922.52,671.10,1.59,20.00,35.00,1.32,19442352,2026-09-18T06:10:09Z
C,orig,2f_top28,pread,128,4,0,0.00,100.00,640.56,1247.38,188.18,1059.19,,,1887.94,1699.75,1.57,18.00,37.00,1.32,19442152,2026-09-18T06:10:09Z
C,orig,2f_top28,async,128,4,0,0.00,100.00,547.03,282.58,186.48,96.10,,,829.61,643.13,1.56,19.00,36.00,1.32,19442656,2026-09-18T06:10:10Z
C,orig,2f_top28,async_win,128,4,0,0.00,100.00,541.56,278.54,186.17,30.48,61.90,13.00,820.10,572.04,1.56,19.00,36.00,1.32,19443368,2026-09-18T06:10:10Z
C,orig,2f_top28,async_bulk,128,4,0,0.00,100.00,508.41,277.74,189.24,26.54,61.97,13.00,786.15,534.95,1.56,19.00,35.00,1.32,19445116,2026-09-18T06:10:10Z
C,orig,2f_top100,pread,128,4,0,0.00,100.00,560.34,1290.17,185.84,1104.33,,,1850.51,1664.67,1.54,12.00,37.00,1.32,19445948,2026-09-18T06:10:11Z
C,orig,2f_top100,async,128,4,0,0.00,100.00,511.20,364.42,185.89,178.53,,,875.62,689.73,1.56,14.00,37.00,1.32,19446064,2026-09-18T06:10:11Z
C,orig,2f_top100,async_win,128,4,0,0.00,100.00,528.92,335.13,186.87,82.31,65.95,32.00,864.05,611.23,1.56,14.00,36.00,1.32,19446016,2026-09-18T06:10:11Z
C,orig,2f_top100,async_bulk,128,4,0,0.00,100.00,606.18,335.06,187.37,82.84,64.85,32.00,941.24,689.02,1.56,14.00,36.00,1.32,19447556,2026-09-18T06:10:11Z
C,orig,2f_top500,pread,128,4,0,0.00,100.00,96.96,2910.46,188.42,2722.04,,,3007.42,2819.00,1.52,0.00,37.00,1.32,19447988,2026-09-18T06:10:12Z
C,orig,2f_top500,async,128,4,0,0.00,100.00,95.48,992.80,186.24,806.56,,,1088.28,902.04,1.50,0.00,37.00,1.32,19448592,2026-09-18T06:10:12Z
C,orig,2f_top500,async_win,128,4,0,0.00,100.00,94.33,484.65,186.81,208.37,89.47,15.00,578.98,302.70,1.54,0.00,37.00,1.32,19448300,2026-09-18T06:10:12Z
C,orig,2f_top500,async_bulk,128,4,0,0.00,13.60,918.64,313.91,186.07,38.66,89.18,2.00,1232.55,957.30,1.55,19.00,30.00,1.32,19450160,2026-09-18T06:10:12Z
C,orig,2f_slru,pread,128,4,0,0.00,100.00,93.70,2943.74,187.25,2756.49,,,3037.44,2850.19,1.50,0.00,37.00,1.32,19450952,2026-09-18T06:10:13Z
C,orig,2f_slru,async,128,4,0,0.00,100.00,98.06,1007.54,187.44,820.10,,,1105.60,918.16,1.52,0.00,37.00,1.29,19450880,2026-09-18T06:10:13Z
C,orig,2f_slru,async_win,128,4,0,0.00,100.00,96.01,482.91,185.60,208.47,88.84,15.00,578.92,304.48,1.51,0.00,37.00,1.29,19438708,2026-09-18T06:10:13Z
C,orig,2f_slru,async_bulk,128,4,0,0.00,13.60,901.51,322.38,190.07,43.05,89.26,2.00,1223.89,944.56,1.57,19.00,30.00,1.29,19461016,2026-09-18T06:10:13Z
C,orig,leaf_freq_K10,pread,128,4,0,0.00,100.00,1149.60,1005.12,185.77,819.35,,,2154.72,1968.95,1.55,19.00,33.00,1.29,19463572,2026-09-18T06:10:14Z
C,orig,leaf_freq_K10,async,128,4,0,0.00,100.00,1001.04,262.54,187.65,74.89,,,1263.58,1075.93,1.56,20.00,31.00,1.29,19464456,2026-09-18T06:10:14Z
C,orig,leaf_freq_K10,async_win,128,4,0,0.00,100.00,1072.69,252.88,181.71,11.66,59.51,6.00,1325.57,1084.35,1.56,20.00,31.00,1.29,19469596,2026-09-18T06:10:14Z
C,orig,leaf_freq_K10,async_bulk,128,4,0,0.00,100.00,1057.52,261.76,186.63,12.98,62.15,6.00,1319.28,1070.50,1.55,20.00,31.00,1.29,19469388,2026-09-18T06:10:14Z
C,orig,leaf_rand_K10,pread,128,4,0,0.00,100.00,1062.50,1088.70,190.59,898.11,,,2151.20,1960.61,1.57,20.00,28.00,1.29,19470592,2026-09-18T06:10:15Z
C,orig,leaf_rand_K10,async,128,4,0,0.00,100.00,1035.92,260.38,185.06,75.32,,,1296.30,1111.24,1.57,20.00,28.00,1.29,19470884,2026-09-18T06:10:15Z
C,orig,leaf_rand_K10,async_win,128,4,0,0.00,100.00,1003.92,265.21,187.86,14.88,62.47,10.00,1269.13,1018.80,1.56,20.00,28.00,1.29,19490928,2026-09-18T06:10:15Z
C,orig,leaf_rand_K10,async_bulk,128,4,0,0.00,100.00,992.43,266.15,188.68,16.28,61.20,10.00,1258.58,1008.71,1.57,20.00,28.00,1.29,19491328,2026-09-18T06:10:15Z
C,orig,learned_markov_14,pread,128,4,0,0.00,100.00,658.22,1263.06,185.91,1077.15,,,1921.28,1735.37,1.58,17.00,38.00,1.29,19491580,2026-09-18T06:10:16Z
C,orig,learned_markov_14,async,128,4,0,0.00,100.00,538.38,266.38,185.79,80.59,,,804.76,618.97,1.56,20.00,35.00,1.29,19492036,2026-09-18T06:10:16Z
C,orig,learned_markov_14,async_win,128,4,0,0.00,100.00,607.80,266.92,188.49,15.89,62.54,9.00,874.72,623.69,1.55,20.00,36.00,1.29,19493076,2026-09-18T06:10:16Z
C,orig,learned_markov_14,async_bulk,128,4,0,0.00,100.00,633.33,264.23,185.61,16.51,62.11,9.00,897.56,649.84,1.55,20.00,35.00,1.29,19492972,2026-09-18T06:10:17Z
C,orig,learned_markov_28,pread,128,4,0,0.00,100.00,703.67,1290.18,185.21,1104.97,,,1993.85,1808.64,1.55,18.00,36.00,1.29,19491800,2026-09-18T06:10:17Z
C,orig,learned_markov_28,async,128,4,0,0.00,100.00,626.04,285.63,185.35,100.28,,,911.67,726.32,1.56,19.00,36.00,1.29,19491540,2026-09-18T06:10:17Z
C,orig,learned_markov_28,async_win,128,4,0,0.00,100.00,640.29,278.41,189.72,25.74,62.96,13.00,918.70,666.03,1.56,19.00,36.00,1.29,19493076,2026-09-18T06:10:17Z
C,orig,learned_markov_28,async_bulk,128,4,0,0.00,100.00,545.67,276.05,183.89,29.85,62.32,13.00,821.72,575.52,1.57,19.00,35.00,1.29,19493556,2026-09-18T06:10:18Z
C_hit,orig,layers_5,pread,128,4,0,0.00,100.00,975.33,637.11,187.45,449.65,,,1612.44,1424.98,1.65,41.00,57.00,1.29,19494188,2026-09-18T06:10:18Z
C_hit,orig,layers_5,async,128,4,0,0.00,100.00,985.84,255.64,185.81,69.83,,,1241.48,1055.67,1.65,41.00,57.00,1.27,19495256,2026-09-18T06:10:18Z
C_hit,orig,layers_5,async_win,128,4,0,0.00,100.00,1039.80,256.41,188.17,7.00,61.23,2.00,1296.21,1046.80,1.67,41.00,57.00,1.27,19479524,2026-09-18T06:10:18Z
C_hit,orig,layers_5,async_bulk,128,4,0,0.00,100.00,983.06,257.94,188.91,7.51,61.51,2.00,1241.00,990.57,1.66,41.00,57.00,1.27,19485244,2026-09-18T06:10:19Z
C_hit,orig,layers_92,pread,128,4,0,0.00,100.00,635.79,8209.82,187.22,8022.60,,,8845.61,8658.39,1.65,39.00,60.00,1.27,19485816,2026-09-18T06:10:19Z
C_hit,orig,layers_92,async,128,4,0,0.00,100.00,628.14,387.93,185.48,202.45,,,1016.07,830.59,1.66,39.00,60.00,1.27,19487664,2026-09-18T06:10:19Z
C_hit,orig,layers_92,async_win,128,4,0,0.00,100.00,602.90,376.77,188.97,121.49,66.31,87.00,979.67,724.39,1.69,39.00,60.00,1.27,19487472,2026-09-18T06:10:19Z
C_hit,orig,layers_92,async_bulk,128,4,0,0.00,100.00,628.71,380.08,185.47,129.22,65.39,87.00,1008.79,757.93,1.64,39.00,60.00,1.27,19487956,2026-09-18T06:10:20Z
C_hit,orig,2d,pread,128,4,0,0.00,100.00,542.03,629.43,184.43,445.01,,,1171.46,987.04,1.65,39.00,60.00,1.27,19487196,2026-09-18T06:10:20Z
C_hit,orig,2d,async,128,4,0,0.00,100.00,602.48,254.29,185.29,69.00,,,856.77,671.48,1.70,39.00,60.00,1.27,19487944,2026-09-18T06:10:20Z
C_hit,orig,2d,async_win,128,4,0,0.00,100.00,591.82,253.44,187.47,7.88,58.08,3.00,845.26,599.70,1.66,39.00,60.00,1.27,19475240,2026-09-18T06:10:21Z
C_hit,orig,2d,async_bulk,128,4,0,0.00,100.00,592.78,252.60,184.30,7.92,60.39,3.00,845.38,600.70,1.64,39.00,60.00,1.27,19475092,2026-09-18T06:10:21Z
C_hit,orig,2e_K10,pread,128,4,0,0.00,100.00,609.11,1174.59,185.01,989.58,,,1783.70,1598.69,1.65,37.00,61.00,1.27,19475996,2026-09-18T06:10:21Z
C_hit,orig,2e_K10,async,128,4,0,0.00,100.00,535.17,263.07,182.62,80.45,,,798.24,615.62,1.65,39.00,61.00,1.27,19475780,2026-09-18T06:10:21Z
C_hit,orig,2e_K10,async_win,128,4,0,0.00,100.00,595.14,262.71,186.68,14.96,61.07,6.00,857.85,610.10,1.65,39.00,61.00,1.27,19475076,2026-09-18T06:10:22Z
C_hit,orig,2e_K10,async_bulk,128,4,0,0.00,100.00,629.53,264.21,186.55,15.63,62.03,6.00,893.74,645.16,1.66,39.00,61.00,1.27,19474916,2026-09-18T06:10:22Z
C_hit,orig,2e_K500,pread,128,4,0,0.00,100.00,186.02,4478.52,179.12,4299.40,,,4664.54,4485.42,1.55,10.00,60.00,1.27,19477228,2026-09-18T06:10:22Z
C_hit,orig,2e_K500,async,128,4,0,0.00,56.00,179.40,878.02,186.58,691.44,,,1057.42,870.84,1.57,11.00,59.00,1.27,19477384,2026-09-18T06:10:22Z
C_hit,orig,2e_K500,async_win,128,4,0,0.00,32.90,181.89,641.57,183.63,366.31,91.63,139.00,823.46,548.20,1.57,11.00,59.00,1.27,19477212,2026-09-18T06:10:23Z
C_hit,orig,2e_K500,async_bulk,128,4,0,0.00,37.80,179.40,613.90,183.09,339.71,91.10,139.00,793.30,519.11,1.56,11.00,59.00,1.33,19477824,2026-09-18T06:10:23Z
C_hit,orig,2f_top14,pread,128,4,0,0.00,100.00,656.52,1061.24,184.52,876.73,,,1717.76,1533.25,1.65,37.00,61.00,1.33,19479188,2026-09-18T06:10:23Z
C_hit,orig,2f_top14,async,128,4,0,0.00,100.00,540.19,265.72,187.03,78.69,,,805.91,618.88,1.65,39.00,61.00,1.33,19479832,2026-09-18T06:10:23Z
C_hit,orig,2f_top14,async_win,128,4,0,0.00,100.00,567.76,260.57,184.30,15.51,60.76,6.00,828.33,583.27,1.65,39.00,61.00,1.33,19471140,2026-09-18T06:10:24Z
C_hit,orig,2f_top14,async_bulk,128,4,0,0.00,100.00,643.46,264.99,188.37,14.95,61.67,6.00,908.45,658.41,1.65,39.00,61.00,1.33,19472540,2026-09-18T06:10:24Z
C_hit,orig,2f_top28,pread,128,4,0,0.00,100.00,508.26,1104.36,186.06,918.30,,,1612.62,1426.56,1.63,36.00,61.00,1.33,19474052,2026-09-18T06:10:24Z
C_hit,orig,2f_top28,async,128,4,0,0.00,100.00,611.42,279.19,184.58,94.61,,,890.61,706.03,1.65,39.00,60.00,1.33,19475228,2026-09-18T06:10:25Z
C_hit,orig,2f_top28,async_win,128,4,0,0.00,100.00,509.95,271.45,185.13,23.95,62.38,8.00,781.40,533.90,1.64,39.00,60.00,1.33,19475528,2026-09-18T06:10:25Z
C_hit,orig,2f_top28,async_bulk,128,4,0,0.00,100.00,632.68,271.55,186.18,23.12,62.25,8.00,904.23,655.80,1.66,39.00,60.00,1.33,19476712,2026-09-18T06:10:25Z
C_hit,orig,2f_top100,pread,128,4,0,0.00,100.00,543.75,1336.73,183.60,1153.13,,,1880.48,1696.88,1.61,32.00,62.00,1.33,19477116,2026-09-18T06:10:25Z
C_hit,orig,2f_top100,async,128,4,0,0.00,100.00,558.44,365.42,184.69,180.73,,,923.86,739.17,1.65,34.00,62.00,1.33,19475740,2026-09-18T06:10:26Z
C_hit,orig,2f_top100,async_win,128,4,0,0.00,100.00,604.29,327.50,184.90,75.83,66.77,28.00,931.79,680.12,1.67,34.00,62.00,1.33,19476524,2026-09-18T06:10:26Z
C_hit,orig,2f_top100,async_bulk,128,4,0,0.00,69.00,649.85,342.37,192.49,82.36,67.53,28.00,992.22,732.21,1.65,34.00,62.00,1.33,19477716,2026-09-18T06:10:26Z
C_hit,orig,2f_top500,pread,128,4,0,0.00,100.00,177.98,3149.56,185.36,2964.20,,,3327.54,3142.18,1.56,10.00,60.00,1.33,19478184,2026-09-18T06:10:26Z
C_hit,orig,2f_top500,async,128,4,0,0.00,40.00,785.01,818.62,184.49,634.13,,,1603.63,1419.14,1.58,11.00,60.00,1.33,19477396,2026-09-18T06:10:27Z
C_hit,orig,2f_top500,async_win,128,4,0,0.00,39.00,181.43,641.96,184.45,367.10,90.41,138.00,823.39,548.53,1.57,11.00,60.00,1.33,19477380,2026-09-18T06:10:27Z
C_hit,orig,2f_top500,async_bulk,128,4,0,0.00,31.60,183.75,614.27,190.41,325.17,98.69,138.00,798.02,508.92,1.57,11.00,60.00,1.33,19478864,2026-09-18T06:10:27Z
C_hit,orig,2f_slru,pread,128,4,0,0.00,100.00,92.73,4602.49,187.41,4415.08,,,4695.22,4507.81,1.52,0.00,62.00,1.33,19479820,2026-09-18T06:10:27Z
C_hit,orig,2f_slru,async,128,4,0,0.00,100.00,94.87,1559.07,185.92,1373.15,,,1653.94,1468.02,1.54,0.00,62.00,1.33,19481988,2026-09-18T06:10:28Z
C_hit,orig,2f_slru,async_win,128,4,0,0.00,100.00,91.72,721.81,183.58,411.35,126.88,29.00,813.53,503.07,1.53,0.00,62.00,1.30,19482204,2026-09-18T06:10:28Z
C_hit,orig,2f_slru,async_bulk,128,4,0,0.00,7.00,710.88,495.59,323.48,41.24,130.88,2.00,1206.47,752.12,1.64,40.00,56.00,1.30,19481920,2026-09-18T06:10:28Z
C_hit,orig,leaf_freq_K10,pread,128,4,0,0.00,100.00,599.31,773.75,185.95,587.79,,,1373.06,1187.10,1.64,39.00,57.00,1.30,19482004,2026-09-18T06:10:29Z
C_hit,orig,leaf_freq_K10,async,128,4,0,0.00,100.00,904.63,259.70,183.50,76.19,,,1164.33,980.82,1.65,41.00,57.00,1.30,19473300,2026-09-18T06:10:29Z
C_hit,orig,leaf_freq_K10,async_win,128,4,0,0.00,100.00,910.99,256.68,184.73,11.09,60.86,3.00,1167.67,922.08,1.66,41.00,57.00,1.30,19466792,2026-09-18T06:10:29Z
C_hit,orig,leaf_freq_K10,async_bulk,128,4,0,0.00,100.00,894.71,254.60,184.75,9.60,60.25,3.00,1149.31,904.31,1.66,41.00,57.00,1.30,19468364,2026-09-18T06:10:29Z
C_hit,orig,leaf_rand_K10,pread,128,4,0,0.00,100.00,1003.45,1112.17,190.07,922.10,,,2115.62,1925.55,1.66,41.00,57.00,1.30,19469308,2026-09-18T06:10:30Z
C_hit,orig,leaf_rand_K10,async,128,4,0,0.00,100.00,989.03,262.32,186.62,75.70,,,1251.35,1064.73,1.64,41.00,57.00,1.30,19469700,2026-09-18T06:10:30Z
C_hit,orig,leaf_rand_K10,async_win,128,4,0,0.00,100.00,1021.78,266.35,188.06,16.84,61.45,10.00,1288.13,1038.62,1.66,41.00,57.00,1.30,19470700,2026-09-18T06:10:30Z
C_hit,orig,leaf_rand_K10,async_bulk,128,4,0,0.00,100.00,996.55,270.32,187.31,16.81,66.19,10.00,1266.87,1013.36,1.66,41.00,57.00,1.30,19471628,2026-09-18T06:10:30Z
C_hit,orig,learned_markov_14,pread,128,4,0,0.00,100.00,645.02,1060.05,188.67,871.38,,,1705.07,1516.40,1.66,37.00,61.00,1.30,19471132,2026-09-18T06:10:31Z
C_hit,orig,learned_markov_14,async,128,4,0,0.00,100.00,510.69,263.90,186.12,77.78,,,774.59,588.47,1.63,39.00,61.00,1.30,19471544,2026-09-18T06:10:31Z
C_hit,orig,learned_markov_14,async_win,128,4,0,0.00,100.00,675.32,262.81,186.95,14.55,61.31,6.00,938.13,689.87,1.66,39.00,61.00,1.30,19474312,2026-09-18T06:10:31Z
C_hit,orig,learned_markov_14,async_bulk,128,4,0,0.00,100.00,602.10,267.43,188.72,15.04,63.67,6.00,869.53,617.14,1.65,39.00,61.00,1.30,19474244,2026-09-18T06:10:32Z
C_hit,orig,learned_markov_28,pread,128,4,0,0.00,100.00,606.09,1188.93,189.76,999.18,,,1795.02,1605.27,1.65,36.00,61.00,1.30,19474372,2026-09-18T06:10:32Z
C_hit,orig,learned_markov_28,async,128,4,0,0.00,100.00,598.27,284.51,186.41,98.10,,,882.78,696.37,1.64,39.00,60.00,1.30,19474736,2026-09-18T06:10:32Z
C_hit,orig,learned_markov_28,async_win,128,4,0,0.00,100.00,542.41,274.80,184.96,27.68,62.16,8.00,817.21,570.09,1.66,39.00,60.00,1.30,19477380,2026-09-18T06:10:32Z
C_hit,orig,learned_markov_28,async_bulk,128,4,0,0.00,100.00,512.59,274.46,189.15,23.17,62.14,8.00,787.05,535.76,1.64,39.00,60.00,1.30,19476300,2026-09-18T06:10:33Z
A,orig,baseline,baseline,128,5,0,0.00,0.00,865.41,0.00,0.00,0.00,,,865.41,865.41,2.14,190.00,246.00,1.28,19474156,2026-09-18T06:10:33Z
B,orig,baseline,baseline,128,5,0,0.00,0.00,1003.12,0.00,0.00,0.00,,,1003.12,1003.12,2.19,192.00,251.00,1.28,19477436,2026-09-18T06:10:33Z
C,orig,baseline,baseline,128,5,0,0.00,0.00,1064.19,0.00,0.00,0.00,,,1064.19,1064.19,1.56,20.00,28.00,1.28,19477704,2026-09-18T06:10:33Z
C_hit,orig,baseline,baseline,128,5,0,0.00,0.00,1018.95,0.00,0.00,0.00,,,1018.95,1018.95,1.70,41.00,57.00,1.28,19477024,2026-09-18T06:10:34Z
A,orig,layers_5,pread,128,5,0,0.00,100.00,869.98,673.38,228.79,444.59,,,1543.36,1314.57,2.15,190.00,245.00,1.28,19465896,2026-09-18T06:10:34Z
A,orig,layers_5,async,128,5,0,0.00,100.00,918.53,290.91,220.06,70.84,,,1209.44,989.37,2.12,190.00,245.00,1.28,19468724,2026-09-18T06:10:34Z
A,orig,layers_5,async_win,128,5,0,0.00,100.00,860.93,291.59,222.29,8.54,60.76,2.00,1152.52,869.47,2.16,190.00,245.00,1.28,19468784,2026-09-18T06:10:35Z
A,orig,layers_5,async_bulk,128,5,0,0.00,100.00,863.97,295.37,226.67,8.10,60.60,2.00,1159.34,872.07,2.14,190.00,245.00,1.28,19474452,2026-09-18T06:10:35Z
A,orig,layers_92,pread,128,5,0,0.00,100.00,1525.43,8426.78,419.42,8007.36,,,9952.21,9532.79,2.10,187.00,258.00,1.28,19475892,2026-09-18T06:10:35Z
A,orig,layers_92,async,128,5,0,0.00,100.00,561.63,440.27,226.92,213.35,,,1001.90,774.98,2.13,187.00,257.00,1.28,19487056,2026-09-18T06:10:36Z
A,orig,layers_92,async_win,128,5,0,0.00,100.00,536.30,421.29,224.44,131.94,64.91,87.00,957.59,668.24,2.12,187.00,257.00,1.28,19487256,2026-09-18T06:10:36Z
A,orig,layers_92,async_bulk,128,5,0,0.00,100.00,563.25,424.84,234.30,120.74,69.80,87.00,988.09,683.99,2.22,187.00,257.00,1.28,19486548,2026-09-18T06:10:36Z
A,orig,2d,pread,128,5,0,0.00,100.00,539.00,1976.16,226.95,1749.22,,,2515.16,2288.22,2.16,187.00,258.00,1.28,19487624,2026-09-18T06:10:37Z
A,orig,2d,async,128,5,0,0.00,100.00,565.69,311.56,226.78,84.78,,,877.25,650.47,2.13,187.00,257.00,1.28,19493276,2026-09-18T06:10:37Z
A,orig,2d,async_win,128,5,0,0.00,100.00,532.21,311.19,227.76,21.88,61.55,13.00,843.40,554.09,2.18,187.00,257.00,1.28,19495136,2026-09-18T06:10:37Z
A,orig,2d,async_bulk,128,5,0,0.00,100.00,541.55,309.55,225.97,22.03,61.55,13.00,851.10,563.58,2.16,187.00,257.00,1.28,19495144,2026-09-18T06:10:38Z
A,orig,2e_K10,pread,128,5,0,0.00,100.00,594.02,2715.04,225.10,2489.94,,,3309.06,3083.96,2.13,190.00,260.00,1.25,19495356,2026-09-18T06:10:38Z
A,orig,2e_K10,async,128,5,0,0.00,100.00,570.56,325.58,226.96,98.63,,,896.14,669.19,2.14,190.00,259.00,1.25,19495680,2026-09-18T06:10:38Z
A,orig,2e_K10,async_win,128,5,0,0.00,100.00,558.41,328.71,228.81,37.68,62.22,23.00,887.12,596.09,2.13,190.00,259.00,1.25,19495508,2026-09-18T06:10:39Z
A,orig,2e_K10,async_bulk,128,5,0,0.00,100.00,530.11,329.41,229.77,32.70,66.94,23.00,859.52,562.81,2.20,190.00,259.00,1.25,19495396,2026-09-18T06:10:39Z
A,orig,2e_K500,pread,128,5,0,0.00,100.00,525.28,21710.17,225.17,21485.00,,,22235.45,22010.28,2.00,163.00,432.00,1.25,19497408,2026-09-18T06:10:39Z
A,orig,2e_K500,async,128,5,0,0.00,100.00,711.03,1136.45,226.18,910.27,,,1847.48,1621.30,2.07,181.00,383.00,1.25,19497464,2026-09-18T06:10:40Z
A,orig,2e_K500,async_win,128,5,0,0.00,100.00,561.69,1029.94,229.36,705.08,95.50,446.00,1591.63,1266.77,2.09,181.00,380.00,1.25,19497820,2026-09-18T06:10:40Z
A,orig,2e_K500,async_bulk,128,5,0,0.00,100.00,716.60,1056.97,227.07,738.45,91.45,446.00,1773.57,1455.05,2.07,181.00,382.00,1.25,19498712,2026-09-18T06:10:40Z
A,orig,2f_top14,pread,128,5,0,0.00,100.00,588.62,1452.64,228.33,1224.31,,,2041.26,1812.93,2.13,189.00,257.00,1.25,19498760,2026-09-18T06:10:41Z
A,orig,2f_top14,async,128,5,0,0.00,100.00,528.66,304.35,224.46,79.89,,,833.01,608.55,2.11,189.00,257.00,1.25,19498180,2026-09-18T06:10:41Z
A,orig,2f_top14,async_win,128,5,0,0.00,100.00,499.26,315.48,228.45,22.71,64.32,13.00,814.74,521.97,2.11,189.00,257.00,1.25,19481244,2026-09-18T06:10:41Z
A,orig,2f_top14,async_bulk,128,5,0,0.00,100.00,561.53,308.42,226.93,19.18,62.32,13.00,869.95,580.71,2.13,189.00,257.00,1.25,19483364,2026-09-18T06:10:41Z
A,orig,2f_top28,pread,128,5,0,0.00,100.00,598.28,2805.23,235.26,2569.97,,,3403.51,3168.25,2.13,192.00,266.00,1.25,19483500,2026-09-18T06:10:42Z
A,orig,2f_top28,async,128,5,0,0.00,100.00,591.29,325.92,219.81,106.11,,,917.21,697.40,2.14,192.00,266.00,1.25,19482168,2026-09-18T06:10:42Z
A,orig,2f_top28,async_win,128,5,0,0.00,100.00,533.30,327.04,225.94,36.19,64.90,27.00,860.34,569.49,2.21,192.00,266.00,1.25,19482368,2026-09-18T06:10:42Z
A,orig,2f_top28,async_bulk,128,5,0,0.00,100.00,565.44,327.62,225.33,38.70,63.58,27.00,893.06,604.14,2.14,192.00,266.00,1.25,19482512,2026-09-18T06:10:43Z
A,orig,2f_top100,pread,128,5,0,0.00,100.00,597.22,8694.30,225.43,8468.87,,,9291.52,9066.09,2.14,184.00,307.00,1.23,19482156,2026-09-18T06:10:43Z
A,orig,2f_top100,async,128,5,0,0.00,100.00,594.48,433.56,227.83,205.74,,,1028.04,800.22,2.15,184.00,305.00,1.23,19481600,2026-09-18T06:10:43Z
A,orig,2f_top100,async_win,128,5,0,0.00,100.00,597.12,443.35,228.50,148.91,65.94,98.00,1040.47,746.03,2.14,184.00,306.00,1.23,19481872,2026-09-18T06:10:44Z
A,orig,2f_top100,async_bulk,128,5,0,0.00,100.00,599.01,428.89,226.85,136.03,66.01,98.00,1027.90,735.04,2.15,184.00,306.00,1.23,19482048,2026-09-18T06:10:44Z
A,orig,2f_top500,pread,128,5,0,0.00,100.00,658.37,22373.23,226.90,22146.33,,,23031.60,22804.70,2.04,165.00,427.00,1.23,19482828,2026-09-18T06:10:44Z
A,orig,2f_top500,async,128,5,0,0.00,100.00,720.13,1103.38,225.01,878.37,,,1823.51,1598.50,2.10,181.00,383.00,1.23,19466700,2026-09-18T06:10:45Z
A,orig,2f_top500,async_win,128,5,0,0.00,98.60,591.09,1435.79,551.56,506.35,377.88,438.00,2026.88,1097.44,2.12,181.00,387.00,1.23,19466940,2026-09-18T06:10:45Z
A,orig,2f_top500,async_bulk,128,5,0,0.00,100.00,595.34,1004.72,226.77,685.86,92.09,438.00,1600.06,1281.20,2.13,181.00,386.00,1.23,19469316,2026-09-18T06:10:45Z
A,orig,2f_slru,pread,128,5,0,0.00,100.00,96.61,17956.47,227.53,17728.94,,,18053.08,17825.55,1.53,0.00,278.00,1.23,19485520,2026-09-18T06:10:46Z
A,orig,2f_slru,async,128,5,0,0.00,100.00,100.16,7550.12,226.30,7323.83,,,7650.28,7423.99,1.56,0.00,278.00,1.23,19482068,2026-09-18T06:10:46Z
A,orig,2f_slru,async_win,128,5,0,0.00,92.80,101.86,2789.67,227.24,2160.44,402.00,139.00,2891.53,2262.30,1.56,0.00,278.00,1.23,19482652,2026-09-18T06:10:46Z
A,orig,2f_slru,async_bulk,128,5,0,0.00,1.40,839.65,709.23,225.65,80.56,403.03,2.00,1548.88,920.21,2.19,188.00,245.00,1.23,19484808,2026-09-18T06:10:46Z
A,orig,leaf_freq_K10,pread,128,5,0,0.00,100.00,937.63,1149.80,226.07,923.73,,,2087.43,1861.36,2.14,192.00,247.00,1.23,19486076,2026-09-18T06:10:47Z
A,orig,leaf_freq_K10,async,128,5,0,0.00,100.00,904.33,301.88,226.48,75.40,,,1206.21,979.73,2.18,192.00,247.00,1.23,19485996,2026-09-18T06:10:47Z
A,orig,leaf_freq_K10,async_win,128,5,0,0.00,100.00,904.55,300.76,226.47,13.88,60.41,10.00,1205.31,918.43,2.18,192.00,247.00,1.23,19485932,2026-09-18T06:10:47Z
A,orig,leaf_freq_K10,async_bulk,128,5,0,0.00,100.00,934.10,303.28,226.74,15.14,61.41,10.00,1237.38,949.24,2.16,192.00,247.00,1.23,19485484,2026-09-18T06:10:48Z
A,orig,leaf_rand_K10,pread,128,5,0,0.00,100.00,839.55,1149.18,222.68,926.50,,,1988.73,1766.05,2.09,190.00,246.00,1.21,19486148,2026-09-18T06:10:48Z
A,orig,leaf_rand_K10,async,128,5,0,0.00,100.00,865.02,302.48,227.02,75.46,,,1167.50,940.48,2.14,190.00,246.00,1.21,19486200,2026-09-18T06:10:48Z
A,orig,leaf_rand_K10,async_win,128,5,0,0.00,100.00,857.97,304.24,228.86,14.30,61.09,10.00,1162.21,872.27,2.19,190.00,246.00,1.21,19485908,2026-09-18T06:10:49Z
A,orig,leaf_rand_K10,async_bulk,128,5,0,0.00,100.00,869.55,305.75,223.38,15.06,67.31,10.00,1175.30,884.61,2.23,190.00,246.00,1.21,19486316,2026-09-18T06:10:49Z
A,orig,learned_markov_14,pread,128,5,0,0.00,100.00,570.54,1479.33,227.11,1252.22,,,2049.87,1822.76,2.15,187.00,256.00,1.21,19486436,2026-09-18T06:10:49Z
A,orig,learned_markov_14,async,128,5,0,0.00,100.00,560.51,306.21,225.62,80.58,,,866.72,641.09,2.14,187.00,256.00,1.21,19486920,2026-09-18T06:10:50Z
A,orig,learned_markov_14,async_win,128,5,0,0.00,100.00,534.50,314.86,228.71,22.48,63.67,13.00,849.36,556.98,2.20,187.00,256.00,1.21,19475032,2026-09-18T06:10:50Z
A,orig,learned_markov_14,async_bulk,128,5,0,0.00,100.00,592.23,310.65,228.03,21.27,61.36,13.00,902.88,613.50,2.12,187.00,256.00,1.21,19475936,2026-09-18T06:10:50Z
A,orig,learned_markov_28,pread,128,5,0,0.00,100.00,530.57,2689.54,227.29,2462.25,,,3220.11,2992.82,2.14,187.00,260.00,1.21,19476524,2026-09-18T06:10:51Z
A,orig,learned_markov_28,async,128,5,0,0.00,100.00,542.44,333.43,230.33,103.09,,,875.87,645.53,2.16,187.00,259.00,1.21,19476884,2026-09-18T06:10:51Z
A,orig,learned_markov_28,async_win,128,5,0,0.00,100.00,568.88,330.16,228.88,38.73,62.55,26.00,899.04,607.61,2.15,187.00,259.00,1.21,19476584,2026-09-18T06:10:51Z
A,orig,learned_markov_28,async_bulk,128,5,0,0.00,100.00,534.24,324.04,225.55,37.07,61.41,26.00,858.28,571.31,2.19,187.00,259.00,1.21,19477132,2026-09-18T06:10:52Z
B,orig,layers_5,pread,128,5,0,0.00,100.00,978.55,706.64,247.68,458.96,,,1685.19,1437.51,2.18,192.00,254.00,1.21,19478424,2026-09-18T06:10:52Z
B,orig,layers_5,async,128,5,0,0.00,100.00,1013.53,296.76,227.45,69.31,,,1310.29,1082.84,2.21,193.00,254.00,1.21,19477272,2026-09-18T06:10:52Z
B,orig,layers_5,async_win,128,5,0,0.00,100.00,1009.72,296.97,227.63,7.70,61.64,2.00,1306.69,1017.42,2.17,193.00,254.00,1.21,19478928,2026-09-18T06:10:53Z
B,orig,layers_5,async_bulk,128,5,0,0.00,100.00,966.84,294.33,226.70,6.99,60.64,2.00,1261.17,973.83,2.16,193.00,254.00,1.20,19474800,2026-09-18T06:10:53Z
B,orig,layers_92,pread,128,5,0,0.00,100.00,660.22,7974.58,230.75,7743.83,,,8634.80,8404.05,2.17,193.00,261.00,1.20,19475640,2026-09-18T06:10:53Z
B,orig,layers_92,async,128,5,0,0.00,100.00,753.99,418.31,226.38,191.93,,,1172.30,945.92,2.20,194.00,260.00,1.20,19476664,2026-09-18T06:10:54Z
B,orig,layers_92,async_win,128,5,0,0.00,100.00,630.05,413.73,227.02,120.98,65.73,87.00,1043.78,751.03,2.21,194.00,260.00,1.20,19476068,2026-09-18T06:10:54Z
B,orig,layers_92,async_bulk,128,5,0,0.00,100.00,665.31,433.81,231.84,137.44,64.53,87.00,1099.12,802.75,2.21,194.00,260.00,1.20,19477424,2026-09-18T06:10:54Z
B,orig,2d,pread,128,5,0,0.00,100.00,546.45,2028.94,232.76,1796.19,,,2575.39,2342.64,2.22,193.00,260.00,1.20,19477816,2026-09-18T06:10:55Z
B,orig,2d,async,128,5,0,0.00,100.00,662.47,311.57,226.57,85.00,,,974.04,747.47,2.21,194.00,260.00,1.20,19477356,2026-09-18T06:10:55Z
B,orig,2d,async_win,128,5,0,0.00,100.00,659.98,307.87,224.82,21.64,61.41,13.00,967.85,681.62,2.20,194.00,260.00,1.20,19468020,2026-09-18T06:10:55Z
B,orig,2d,async_bulk,128,5,0,0.00,100.00,660.77,316.19,229.60,22.54,64.05,13.00,976.96,683.31,2.25,194.00,260.00,1.20,19469264,2026-09-18T06:10:56Z
B,orig,2e_K10,pread,128,5,0,0.00,100.00,666.47,2769.78,226.96,2542.82,,,3436.25,3209.29,2.21,193.00,261.00,1.20,19469944,2026-09-18T06:10:56Z
B,orig,2e_K10,async,128,5,0,0.00,100.00,660.04,328.67,226.07,102.59,,,988.71,762.63,2.21,194.00,260.00,1.20,19489640,2026-09-18T06:10:56Z
B,orig,2e_K10,async_win,128,5,0,0.00,100.00,671.08,324.58,226.94,33.74,63.90,23.00,995.66,704.82,2.21,194.00,260.00,1.20,19490408,2026-09-18T06:10:57Z
B,orig,2e_K10,async_bulk,128,5,0,0.00,100.00,658.38,327.20,227.55,37.40,62.26,23.00,985.58,695.78,2.20,194.00,260.00,1.20,19489368,2026-09-18T06:10:57Z
B,orig,2e_K500,pread,128,5,0,0.00,100.00,181.81,18738.11,226.26,18511.84,,,18919.92,18693.65,2.10,173.00,395.00,1.20,19489220,2026-09-18T06:10:57Z
B,orig,2e_K500,async,128,5,0,0.00,100.00,191.16,1085.37,228.48,856.89,,,1276.53,1048.05,2.14,183.00,330.00,1.20,19490608,2026-09-18T06:10:58Z
B,orig,2e_K500,async_win,128,5,0,0.00,100.00,182.93,1058.03,227.61,738.65,91.77,449.00,1240.96,921.58,2.15,183.00,333.00,1.26,19490580,2026-09-18T06:10:58Z
B,orig,2e_K500,async_bulk,128,5,0,0.00,100.00,186.31,1055.73,224.64,740.90,90.19,449.00,1242.04,927.21,2.16,183.00,335.00,1.26,19491960,2026-09-18T06:10:58Z
B,orig,2f_top14,pread,128,5,0,0.00,100.00,664.89,1483.77,228.14,1255.63,,,2148.66,1920.52,2.22,194.00,260.00,1.26,19492616,2026-09-18T06:10:59Z
B,orig,2f_top14,async,128,5,0,0.00,100.00,662.67,304.18,225.41,78.77,,,966.85,741.44,2.20,194.00,260.00,1.26,19492236,2026-09-18T06:10:59Z
B,orig,2f_top14,async_win,128,5,0,0.00,100.00,630.71,308.38,226.67,20.14,61.58,13.00,939.09,650.85,2.20,194.00,260.00,1.26,19491816,2026-09-18T06:10:59Z
B,orig,2f_top14,async_bulk,128,5,0,0.00,100.00,662.28,313.27,226.72,24.49,62.07,13.00,975.55,686.77,2.18,194.00,260.00,1.26,19492824,2026-09-18T06:10:59Z
B,orig,2f_top28,pread,128,5,0,0.00,100.00,531.05,2650.39,225.90,2424.50,,,3181.44,2955.55,2.14,193.00,261.00,1.26,19492944,2026-09-18T06:11:00Z
B,orig,2f_top28,async,128,5,0,0.00,100.00,638.11,328.75,216.59,112.16,,,966.86,750.27,2.25,194.00,259.00,1.26,19492348,2026-09-18T06:11:00Z
B,orig,2f_top28,async_win,128,5,0,0.00,100.00,661.48,327.73,225.94,39.88,61.91,27.00,989.21,701.36,2.22,194.00,259.00,1.26,19478908,2026-09-18T06:11:00Z
B,orig,2f_top28,async_bulk,128,5,0,0.00,100.00,660.81,329.53,226.92,40.09,62.52,27.00,990.34,700.90,2.18,194.00,259.00,1.26,19481684,2026-09-18T06:11:01Z
B,orig,2f_top100,pread,128,5,0,0.00,100.00,187.45,10162.70,233.55,9929.16,,,10350.15,10116.61,2.25,191.00,283.00,1.26,19482028,2026-09-18T06:11:01Z
B,orig,2f_top100,async,128,5,0,0.00,100.00,182.01,439.93,227.72,212.21,,,621.94,394.22,2.21,193.00,275.00,1.26,19465792,2026-09-18T06:11:01Z
B,orig,2f_top100,async_win,128,5,0,0.00,100.00,184.73,427.27,227.06,134.06,66.15,94.00,612.00,318.79,2.17,193.00,274.00,1.26,19466076,2026-09-18T06:11:02Z
B,orig,2f_top100,async_bulk,128,5,0,0.00,100.00,188.19,1447.16,1256.54,121.71,68.91,94.00,1635.35,309.90,2.21,193.00,273.00,1.26,19470032,2026-09-18T06:11:02Z
B,orig,2f_top500,pread,128,5,0,0.00,100.00,183.68,18357.08,226.54,18130.54,,,18540.76,18314.22,2.12,173.00,396.00,1.26,19473192,2026-09-18T06:11:02Z
B,orig,2f_top500,async,128,5,0,0.00,100.00,184.84,1105.92,227.79,878.13,,,1290.76,1062.97,2.12,183.00,334.00,1.26,19473148,2026-09-18T06:11:03Z
B,orig,2f_top500,async_win,128,5,0,0.00,100.00,862.65,986.83,226.16,674.43,86.23,438.00,1849.48,1537.08,2.15,183.00,331.00,1.32,19473188,2026-09-18T06:11:03Z
B,orig,2f_top500,async_bulk,128,5,0,0.00,100.00,182.98,1058.16,226.69,740.59,90.88,438.00,1241.14,923.57,2.13,183.00,336.00,1.32,19477464,2026-09-18T06:11:03Z
B,orig,2f_slru,pread,128,5,0,0.00,100.00,96.65,18551.63,227.50,18324.14,,,18648.28,18420.79,1.57,0.00,278.00,1.32,19477880,2026-09-18T06:11:04Z
B,orig,2f_slru,async,128,5,0,0.00,100.00,97.90,7379.13,226.95,7152.19,,,7477.03,7250.09,1.62,0.00,278.00,1.32,19475124,2026-09-18T06:11:04Z
B,orig,2f_slru,async_win,128,5,0,0.00,94.90,98.97,2722.79,226.00,2091.38,405.40,138.00,2821.76,2190.35,1.63,0.00,278.00,1.32,19476020,2026-09-18T06:11:04Z
B,orig,2f_slru,async_bulk,128,5,0,0.00,1.40,849.90,731.76,228.33,81.30,422.12,2.00,1581.66,931.20,2.19,190.00,251.00,1.32,19478344,2026-09-18T06:11:05Z
B,orig,leaf_freq_K10,pread,128,5,0,0.00,100.00,1020.05,1026.06,223.42,802.64,,,2046.11,1822.69,2.18,192.00,251.00,1.32,19476092,2026-09-18T06:11:05Z
B,orig,leaf_freq_K10,async,128,5,0,0.00,100.00,2306.09,301.95,226.90,75.05,,,2608.04,2381.14,2.25,192.00,251.00,1.32,19481544,2026-09-18T06:11:05Z
B,orig,leaf_freq_K10,async_win,128,5,0,0.00,100.00,989.35,303.92,227.81,15.87,60.24,10.00,1293.27,1005.22,2.21,192.00,251.00,1.32,19484308,2026-09-18T06:11:06Z
B,orig,leaf_freq_K10,async_bulk,128,5,0,0.00,100.00,984.43,297.28,225.94,15.15,56.19,10.00,1281.71,999.58,2.19,192.00,251.00,1.32,19462532,2026-09-18T06:11:06Z
B,orig,leaf_rand_K10,pread,128,5,0,0.00,100.00,806.58,1166.84,225.20,941.64,,,1973.42,1748.22,2.27,192.00,251.00,1.32,19464592,2026-09-18T06:11:06Z
B,orig,leaf_rand_K10,async,128,5,0,0.00,100.00,1024.90,304.30,228.84,75.46,,,1329.20,1100.36,2.22,192.00,251.00,1.32,19470044,2026-09-18T06:11:07Z
B,orig,leaf_rand_K10,async_win,128,5,0,0.00,100.00,987.46,301.27,225.61,15.20,60.45,10.00,1288.73,1002.66,2.17,192.00,251.00,1.32,19469524,2026-09-18T06:11:07Z
B,orig,leaf_rand_K10,async_bulk,128,5,0,0.00,100.00,946.88,308.53,230.35,15.96,62.22,10.00,1255.41,962.84,2.19,192.00,251.00,1.32,19473332,2026-09-18T06:11:07Z
B,orig,learned_markov_14,pread,128,5,0,0.00,100.00,664.98,1351.38,187.60,1163.78,,,2016.36,1828.76,2.20,194.00,259.00,1.32,19476556,2026-09-18T06:11:07Z
B,orig,learned_markov_14,async,128,5,0,0.00,100.00,663.99,270.64,187.07,83.57,,,934.63,747.56,2.17,194.00,259.00,1.32,19474700,2026-09-18T06:11:08Z
B,orig,learned_markov_14,async_win,128,5,0,0.00,100.00,661.07,272.07,187.23,22.27,62.57,13.00,933.14,683.34,2.22,194.00,259.00,1.29,19476700,2026-09-18T06:11:08Z
B,orig,learned_markov_14,async_bulk,128,5,0,0.00,100.00,662.70,268.10,187.29,19.77,61.05,13.00,930.80,682.47,2.20,194.00,259.00,1.29,19477992,2026-09-18T06:11:08Z
B,orig,learned_markov_28,pread,128,5,0,0.00,100.00,662.18,2599.53,236.84,2362.68,,,3261.71,3024.86,2.19,193.00,264.00,1.29,19478684,2026-09-18T06:11:09Z
B,orig,learned_markov_28,async,128,5,0,0.00,100.00,662.25,298.82,199.35,99.47,,,961.07,761.72,2.21,193.00,265.00,1.29,19478172,2026-09-18T06:11:09Z
B,orig,learned_markov_28,async_win,128,5,0,0.00,100.00,659.28,334.74,233.97,38.95,61.82,26.00,994.02,698.23,2.14,193.00,264.00,1.29,19478740,2026-09-18T06:11:09Z
B,orig,learned_markov_28,async_bulk,128,5,0,0.00,100.00,634.69,328.72,229.32,37.38,62.02,26.00,963.41,672.07,2.20,193.00,264.00,1.29,19479096,2026-09-18T06:11:10Z
C,orig,layers_5,pread,128,5,0,0.00,100.00,987.60,637.26,189.38,447.88,,,1624.86,1435.48,1.57,20.00,28.00,1.29,19478732,2026-09-18T06:11:10Z
C,orig,layers_5,async,128,5,0,0.00,100.00,1023.47,262.95,193.97,68.99,,,1286.42,1092.46,1.59,20.00,28.00,1.29,19481036,2026-09-18T06:11:10Z
C,orig,layers_5,async_win,128,5,0,0.00,100.00,974.51,257.20,189.29,8.05,59.87,2.00,1231.71,982.56,1.59,20.00,28.00,1.29,19480336,2026-09-18T06:11:11Z
C,orig,layers_5,async_bulk,128,5,0,0.00,100.00,991.62,258.14,188.99,7.73,61.43,2.00,1249.76,999.35,1.57,20.00,28.00,1.29,19468324,2026-09-18T06:11:11Z
C,orig,layers_92,pread,128,5,0,0.00,100.00,629.53,7978.74,185.92,7792.82,,,8608.27,8422.35,1.60,20.00,30.00,1.29,19468228,2026-09-18T06:11:11Z
C,orig,layers_92,async,128,5,0,0.00,100.00,637.44,400.42,189.11,211.32,,,1037.86,848.76,1.60,20.00,30.00,1.29,19469896,2026-09-18T06:11:11Z
C,orig,layers_92,async_win,128,5,0,0.00,100.00,670.20,368.40,187.08,116.03,65.29,87.00,1038.60,786.23,1.60,20.00,30.00,1.29,19471056,2026-09-18T06:11:12Z
C,orig,layers_92,async_bulk,128,5,0,0.00,100.00,658.55,375.64,185.53,124.88,65.22,87.00,1034.19,783.43,1.62,20.00,30.00,1.29,19471356,2026-09-18T06:11:12Z
C,orig,2d,pread,128,5,0,0.00,100.00,668.02,548.49,187.56,360.93,,,1216.51,1028.95,1.60,20.00,30.00,1.29,19474840,2026-09-18T06:11:12Z
C,orig,2d,async,128,5,0,0.00,100.00,603.59,257.89,187.44,70.45,,,861.48,674.04,1.58,20.00,30.00,1.29,19475936,2026-09-18T06:11:12Z
C,orig,2d,async_win,128,5,0,0.00,100.00,666.98,261.42,191.59,8.15,61.68,2.00,928.40,675.13,1.59,20.00,30.00,1.29,19475880,2026-09-18T06:11:13Z
C,orig,2d,async_bulk,128,5,0,0.00,100.00,637.81,254.76,187.09,7.34,60.32,2.00,892.57,645.15,1.61,20.00,30.00,1.27,19476532,2026-09-18T06:11:13Z
C,orig,2e_K10,pread,128,5,0,0.00,100.00,656.65,1302.99,184.83,1118.16,,,1959.64,1774.81,1.60,19.00,36.00,1.27,19480588,2026-09-18T06:11:13Z
C,orig,2e_K10,async,128,5,0,0.00,100.00,636.92,266.99,188.19,78.80,,,903.91,715.72,1.59,20.00,33.00,1.27,19479984,2026-09-18T06:11:13Z
C,orig,2e_K10,async_win,128,5,0,0.00,100.00,666.13,264.12,186.96,15.20,61.96,8.00,930.25,681.33,1.60,20.00,33.00,1.27,19480536,2026-09-18T06:11:14Z
C,orig,2e_K10,async_bulk,128,5,0,0.00,100.00,595.46,263.94,186.61,16.71,60.61,8.00,859.40,612.17,1.59,20.00,33.00,1.27,19477708,2026-09-18T06:11:14Z
C,orig,2e_K500,pread,128,5,0,0.00,100.00,184.09,2476.20,186.29,2289.91,,,2660.29,2474.00,1.55,0.00,37.00,1.27,19482424,2026-09-18T06:11:14Z
C,orig,2e_K500,async,128,5,0,0.00,71.30,186.77,676.74,190.98,485.76,,,863.51,672.53,1.54,0.00,37.00,1.27,19482392,2026-09-18T06:11:15Z
C,orig,2e_K500,async_win,128,5,0,0.00,100.00,183.09,486.48,186.77,217.68,82.02,90.00,669.57,400.77,1.55,0.00,37.00,1.27,19482688,2026-09-18T06:11:15Z
C,orig,2e_K500,async_bulk,128,5,0,0.00,59.20,180.22,513.28,182.09,246.93,84.26,90.00,693.50,427.15,1.55,0.00,37.00,1.27,19483148,2026-09-18T06:11:15Z
C,orig,2f_top14,pread,128,5,0,0.00,100.00,665.85,1289.93,188.40,1101.53,,,1955.78,1767.38,1.59,17.00,38.00,1.27,19484216,2026-09-18T06:11:15Z
C,orig,2f_top14,async,128,5,0,0.00,100.00,542.95,263.67,185.98,77.69,,,806.62,620.64,1.58,20.00,36.00,1.27,19484652,2026-09-18T06:11:16Z
C,orig,2f_top14,async_win,128,5,0,0.00,100.00,631.69,266.77,188.47,17.08,61.23,9.00,898.46,648.77,1.59,20.00,35.00,1.27,19484404,2026-09-18T06:11:16Z
C,orig,2f_top14,async_bulk,128,5,0,0.00,100.00,634.57,264.97,186.93,17.69,60.34,9.00,899.54,652.26,1.60,20.00,35.00,1.27,19467464,2026-09-18T06:11:16Z
C,orig,2f_top28,pread,128,5,0,0.00,100.00,667.55,1265.31,186.32,1078.99,,,1932.86,1746.54,1.60,18.00,37.00,1.27,19471188,2026-09-18T06:11:16Z
C,orig,2f_top28,async,128,5,0,0.00,100.00,638.39,286.60,187.54,99.06,,,924.99,737.45,1.61,19.00,35.00,1.27,19492380,2026-09-18T06:11:17Z
C,orig,2f_top28,async_win,128,5,0,0.00,100.00,668.00,277.28,187.73,27.10,62.45,13.00,945.28,695.10,1.61,19.00,35.00,1.27,19491896,2026-09-18T06:11:17Z
C,orig,2f_top28,async_bulk,128,5,0,0.00,100.00,610.92,280.10,186.95,31.35,61.80,13.00,891.02,642.27,1.60,19.00,35.00,1.27,19491852,2026-09-18T06:11:17Z
C,orig,2f_top100,pread,128,5,0,0.00,100.00,556.19,1323.14,186.98,1136.15,,,1879.33,1692.34,1.58,12.00,38.00,1.27,19492464,2026-09-18T06:11:17Z
C,orig,2f_top100,async,128,5,0,0.00,100.00,565.05,373.86,186.97,186.89,,,938.91,751.94,1.61,14.00,36.00,1.27,19492340,2026-09-18T06:11:18Z
C,orig,2f_top100,async_win,128,5,0,0.00,92.00,651.60,321.41,184.90,70.89,65.62,32.00,973.01,722.49,1.58,14.00,36.00,1.33,19492968,2026-09-18T06:11:18Z
C,orig,2f_top100,async_bulk,128,5,0,0.00,100.00,530.24,335.11,186.22,83.54,65.35,32.00,865.35,613.78,1.58,14.00,37.00,1.33,19494888,2026-09-18T06:11:18Z
C,orig,2f_top500,pread,128,5,0,0.00,100.00,94.92,2929.15,186.68,2742.47,,,3024.07,2837.39,1.53,0.00,37.00,1.33,19494864,2026-09-18T06:11:18Z
C,orig,2f_top500,async,128,5,0,0.00,100.00,94.76,988.41,188.65,799.76,,,1083.17,894.52,1.51,0.00,37.00,1.33,19494704,2026-09-18T06:11:19Z
C,orig,2f_top500,async_win,128,5,0,0.00,100.00,95.79,486.13,187.43,209.14,89.56,15.00,581.92,304.93,1.54,0.00,37.00,1.33,19497244,2026-09-18T06:11:19Z
C,orig,2f_top500,async_bulk,128,5,0,0.00,13.60,922.77,314.47,183.71,41.50,89.27,2.00,1237.24,964.27,1.59,19.00,30.00,1.33,19498368,2026-09-18T06:11:19Z
C,orig,2f_slru,pread,128,5,0,0.00,100.00,93.55,3048.23,187.68,2860.55,,,3141.78,2954.10,1.51,0.00,37.00,1.33,19498736,2026-09-18T06:11:20Z
C,orig,2f_slru,async,128,5,0,0.00,100.00,95.80,995.22,184.95,810.27,,,1091.02,906.07,1.52,0.00,37.00,1.33,19499240,2026-09-18T06:11:20Z
C,orig,2f_slru,async_win,128,5,0,0.00,100.00,95.91,487.47,187.30,210.79,89.38,15.00,583.38,306.70,1.52,0.00,37.00,1.33,19501468,2026-09-18T06:11:20Z
C,orig,2f_slru,async_bulk,128,5,0,0.00,13.60,919.58,316.56,186.01,41.93,88.63,2.00,1236.14,961.51,1.57,19.00,30.00,1.33,19501680,2026-09-18T06:11:20Z
C,orig,leaf_freq_K10,pread,128,5,0,0.00,100.00,1154.60,889.30,187.33,701.97,,,2043.90,1856.57,1.59,19.00,33.00,1.33,19501228,2026-09-18T06:11:21Z
C,orig,leaf_freq_K10,async,128,5,0,0.00,100.00,1103.10,262.34,186.94,75.40,,,1365.44,1178.50,1.58,20.00,31.00,1.33,19501704,2026-09-18T06:11:21Z
C,orig,leaf_freq_K10,async_win,128,5,0,0.00,100.00,1024.84,260.67,186.44,12.82,61.41,6.00,1285.51,1037.66,1.59,20.00,31.00,1.33,19500376,2026-09-18T06:11:21Z
C,orig,leaf_freq_K10,async_bulk,128,5,0,0.00,100.00,1003.68,257.79,184.85,12.18,60.76,6.00,1261.47,1015.86,1.58,20.00,31.00,1.33,19478100,2026-09-18T06:11:21Z
C,orig,leaf_rand_K10,pread,128,5,0,0.00,100.00,1022.31,1020.38,184.56,835.82,,,2042.69,1858.13,1.60,20.00,28.00,1.33,19490608,2026-09-18T06:11:22Z
C,orig,leaf_rand_K10,async,128,5,0,0.00,100.00,955.16,264.47,182.44,82.03,,,1219.63,1037.19,1.60,20.00,28.00,1.33,19481372,2026-09-18T06:11:22Z
C,orig,leaf_rand_K10,async_win,128,5,0,0.00,100.00,1055.28,263.15,186.58,15.30,61.27,10.00,1318.43,1070.58,1.58,20.00,28.00,1.33,19481224,2026-09-18T06:11:22Z
C,orig,leaf_rand_K10,async_bulk,128,5,0,0.00,100.00,1002.72,261.00,184.79,14.73,61.48,10.00,1263.72,1017.45,1.57,20.00,28.00,1.33,19481712,2026-09-18T06:11:22Z
C,orig,learned_markov_14,pread,128,5,0,0.00,100.00,666.75,1274.30,187.68,1086.61,,,1941.05,1753.36,1.57,17.00,37.00,1.33,19481872,2026-09-18T06:11:23Z
C,orig,learned_markov_14,async,128,5,0,0.00,100.00,507.40,274.69,193.10,81.58,,,782.09,588.98,1.59,20.00,35.00,1.30,19481756,2026-09-18T06:11:23Z
C,orig,learned_markov_14,async_win,128,5,0,0.00,100.00,601.42,263.25,185.21,16.49,61.56,9.00,864.67,617.91,1.59,20.00,35.00,1.30,19482820,2026-09-18T06:11:23Z
C,orig,learned_markov_14,async_bulk,128,5,0,0.00,100.00,670.52,266.37,187.64,16.41,62.32,9.00,936.89,686.93,1.63,20.00,36.00,1.30,19482572,2026-09-18T06:11:23Z
C,orig,learned_markov_28,pread,128,5,0,0.00,100.00,668.49,1284.80,188.44,1096.35,,,1953.29,1764.84,1.58,18.00,36.00,1.30,19484528,2026-09-18T06:11:24Z
C,orig,learned_markov_28,async,128,5,0,0.00,100.00,540.17,288.16,185.68,102.48,,,828.33,642.65,1.57,19.00,36.00,1.30,19485184,2026-09-18T06:11:24Z
C,orig,learned_markov_28,async_win,128,5,0,0.00,100.00,631.83,275.19,186.30,25.94,62.95,13.00,907.02,657.77,1.58,19.00,35.00,1.30,19485600,2026-09-18T06:11:24Z
C,orig,learned_markov_28,async_bulk,128,5,0,0.00,100.00,539.99,278.78,186.74,30.06,61.99,13.00,818.77,570.05,1.60,19.00,35.00,1.30,19485336,2026-09-18T06:11:25Z
C_hit,orig,layers_5,pread,128,5,0,0.00,100.00,980.15,634.39,185.92,448.47,,,1614.54,1428.62,1.69,41.00,57.00,1.30,19485072,2026-09-18T06:11:25Z
C_hit,orig,layers_5,async,128,5,0,0.00,100.00,972.88,266.42,183.15,83.27,,,1239.30,1056.15,1.68,41.00,57.00,1.30,19485708,2026-09-18T06:11:25Z
C_hit,orig,layers_5,async_win,128,5,0,0.00,100.00,1021.07,260.57,188.75,7.01,64.80,2.00,1281.64,1028.08,1.68,41.00,57.00,1.30,19485764,2026-09-18T06:11:25Z
C_hit,orig,layers_5,async_bulk,128,5,0,0.00,100.00,974.10,254.03,185.85,6.87,61.30,2.00,1228.13,980.97,1.65,41.00,57.00,1.30,19485116,2026-09-18T06:11:26Z
C_hit,orig,layers_92,pread,128,5,0,0.00,100.00,835.55,9484.10,1265.27,8218.83,,,10319.65,9054.38,1.66,39.00,60.00,1.30,19486064,2026-09-18T06:11:26Z
C_hit,orig,layers_92,async,128,5,0,0.00,100.00,627.54,402.83,188.66,214.16,,,1030.37,841.70,1.67,39.00,60.00,1.30,19485944,2026-09-18T06:11:26Z
C_hit,orig,layers_92,async_win,128,5,0,0.00,100.00,658.09,369.26,189.43,112.93,66.91,87.00,1027.35,771.02,1.81,39.00,60.00,1.30,19487368,2026-09-18T06:11:26Z
C_hit,orig,layers_92,async_bulk,128,5,0,0.00,100.00,626.24,375.00,186.98,121.61,66.42,87.00,1001.24,747.85,1.66,39.00,60.00,1.30,19464952,2026-09-18T06:11:27Z
C_hit,orig,2d,pread,128,5,0,0.00,100.00,606.18,622.89,186.06,436.83,,,1229.07,1043.01,1.65,39.00,60.00,1.30,19465840,2026-09-18T06:11:27Z
C_hit,orig,2d,async,128,5,0,0.00,100.00,629.15,257.19,187.26,69.93,,,886.34,699.08,1.69,39.00,60.00,1.30,19467924,2026-09-18T06:11:27Z
C_hit,orig,2d,async_win,128,5,0,0.00,100.00,611.10,282.80,212.78,8.40,61.63,3.00,893.90,619.50,1.66,39.00,60.00,1.30,19468024,2026-09-18T06:11:28Z
C_hit,orig,2d,async_bulk,128,5,0,0.00,100.00,637.34,254.04,185.25,7.74,61.05,3.00,891.38,645.08,1.67,39.00,60.00,1.30,19468688,2026-09-18T06:11:28Z
C_hit,orig,2e_K10,pread,128,5,0,0.00,100.00,574.17,1172.08,185.04,987.04,,,1746.25,1561.21,1.66,37.00,61.00,1.28,19470064,2026-09-18T06:11:28Z
C_hit,orig,2e_K10,async,128,5,0,0.00,100.00,600.43,268.99,187.00,81.98,,,869.42,682.41,1.66,39.00,61.00,1.28,19469220,2026-09-18T06:11:28Z
C_hit,orig,2e_K10,async_win,128,5,0,0.00,100.00,606.04,265.39,186.92,16.49,61.98,6.00,871.43,622.53,1.66,39.00,61.00,1.28,19469232,2026-09-18T06:11:29Z
C_hit,orig,2e_K10,async_bulk,128,5,0,0.00,100.00,604.12,268.35,190.83,14.97,62.56,6.00,872.47,619.09,1.68,39.00,61.00,1.28,19469564,2026-09-18T06:11:29Z
C_hit,orig,2e_K500,pread,128,5,0,0.00,100.00,190.69,3328.09,183.38,3144.70,,,3518.78,3335.39,1.56,10.00,60.00,1.28,19471720,2026-09-18T06:11:29Z
C_hit,orig,2e_K500,async,128,5,0,0.00,56.00,187.61,870.90,190.71,680.19,,,1058.51,867.80,1.59,11.00,59.00,1.28,19471456,2026-09-18T06:11:29Z
C_hit,orig,2e_K500,async_win,128,5,0,0.00,39.00,183.01,651.27,184.32,374.74,92.22,139.00,834.28,557.75,1.57,11.00,59.00,1.28,19471624,2026-09-18T06:11:30Z
C_hit,orig,2e_K500,async_bulk,128,5,0,0.00,39.00,182.27,1746.31,1287.58,364.57,94.16,139.00,1928.58,546.84,1.57,11.00,59.00,1.28,19471140,2026-09-18T06:11:30Z
C_hit,orig,2f_top14,pread,128,5,0,0.00,100.00,536.94,1055.18,182.37,872.81,,,1592.12,1409.75,1.68,37.00,61.00,1.28,19475640,2026-09-18T06:11:30Z
C_hit,orig,2f_top14,async,128,5,0,0.00,100.00,605.13,265.77,187.26,78.51,,,870.90,683.64,1.67,39.00,61.00,1.28,19475548,2026-09-18T06:11:30Z
C_hit,orig,2f_top14,async_win,128,5,0,0.00,100.00,627.31,262.02,186.18,13.41,62.44,6.00,889.33,640.72,1.67,39.00,61.00,1.28,19474648,2026-09-18T06:11:31Z
C_hit,orig,2f_top14,async_bulk,128,5,0,0.00,100.00,609.99,267.66,189.19,15.45,63.03,6.00,877.65,625.44,1.66,39.00,61.00,1.28,19475844,2026-09-18T06:11:31Z
C_hit,orig,2f_top28,pread,128,5,0,0.00,100.00,638.65,1069.47,187.52,881.95,,,1708.12,1520.60,1.66,36.00,61.00,1.28,19477668,2026-09-18T06:11:31Z
C_hit,orig,2f_top28,async,128,5,0,0.00,100.00,603.50,290.67,190.62,100.05,,,894.17,703.55,1.66,39.00,60.00,1.28,19477888,2026-09-18T06:11:32Z
C_hit,orig,2f_top28,async_win,128,5,0,0.00,100.00,513.46,273.88,187.39,23.75,62.73,8.00,787.34,537.21,1.71,39.00,60.00,1.28,19457660,2026-09-18T06:11:32Z
C_hit,orig,2f_top28,async_bulk,128,5,0,0.00,100.00,506.07,277.07,185.65,29.16,62.26,8.00,783.14,535.23,1.65,39.00,60.00,1.28,19463960,2026-09-18T06:11:32Z
C_hit,orig,2f_top100,pread,128,5,0,0.00,100.00,552.13,1349.78,189.61,1160.17,,,1901.91,1712.30,1.63,32.00,62.00,1.28,19467088,2026-09-18T06:11:32Z
C_hit,orig,2f_top100,async,128,5,0,0.00,100.00,532.02,393.58,184.04,209.54,,,925.60,741.56,1.65,34.00,62.00,1.28,19466776,2026-09-18T06:11:33Z
C_hit,orig,2f_top100,async_win,128,5,0,0.00,100.00,610.46,321.04,186.39,68.58,66.08,28.00,931.50,679.04,1.65,34.00,62.00,1.26,19467672,2026-09-18T06:11:33Z
C_hit,orig,2f_top100,async_bulk,128,5,0,0.00,100.00,615.43,330.21,182.96,81.65,65.59,28.00,945.64,697.08,1.63,34.00,62.00,1.26,19468528,2026-09-18T06:11:33Z
C_hit,orig,2f_top500,pread,128,5,0,0.00,100.00,181.78,4869.44,204.18,4665.26,,,5051.22,4847.04,1.57,10.00,60.00,1.26,19471804,2026-09-18T06:11:33Z
C_hit,orig,2f_top500,async,128,5,0,0.00,54.80,185.13,930.13,185.61,744.52,,,1115.26,929.65,1.58,11.00,60.00,1.26,19471368,2026-09-18T06:11:34Z
C_hit,orig,2f_top500,async_win,128,5,0,0.00,39.00,180.59,640.23,186.33,363.06,90.84,138.00,820.82,543.65,1.58,11.00,60.00,1.26,19474364,2026-09-18T06:11:34Z
C_hit,orig,2f_top500,async_bulk,128,5,0,0.00,32.80,186.61,621.46,193.58,336.86,91.01,138.00,808.07,523.47,1.58,11.00,60.00,1.26,19477544,2026-09-18T06:11:34Z
C_hit,orig,2f_slru,pread,128,5,0,0.00,100.00,91.43,4547.62,188.22,4359.40,,,4639.05,4450.83,1.54,0.00,62.00,1.26,19478096,2026-09-18T06:11:35Z
C_hit,orig,2f_slru,async,128,5,0,0.00,100.00,95.61,1570.15,186.33,1383.82,,,1665.76,1479.43,1.55,0.00,62.00,1.26,19477260,2026-09-18T06:11:35Z
C_hit,orig,2f_slru,async_win,128,5,0,0.00,100.00,97.66,780.34,188.01,464.08,128.24,29.00,878.00,561.74,1.54,0.00,62.00,1.26,19476136,2026-09-18T06:11:35Z
C_hit,orig,2f_slru,async_bulk,128,5,0,0.00,7.00,758.12,358.60,185.17,47.35,126.09,2.00,1116.72,805.47,1.69,40.00,56.00,1.26,19476736,2026-09-18T06:11:35Z
C_hit,orig,leaf_freq_K10,pread,128,5,0,0.00,100.00,597.71,783.24,190.02,593.23,,,1380.95,1190.94,1.69,39.00,57.00,1.26,19476888,2026-09-18T06:11:36Z
C_hit,orig,leaf_freq_K10,async,128,5,0,0.00,100.00,920.12,262.15,186.85,75.30,,,1182.27,995.42,1.67,41.00,57.00,1.26,19477576,2026-09-18T06:11:36Z
C_hit,orig,leaf_freq_K10,async_win,128,5,0,0.00,100.00,893.77,262.71,190.25,11.15,61.31,3.00,1156.48,904.92,1.67,41.00,57.00,1.26,19476788,2026-09-18T06:11:36Z
C_hit,orig,leaf_freq_K10,async_bulk,128,5,0,0.00,100.00,843.27,259.03,188.17,9.91,60.94,3.00,1102.30,853.18,1.68,41.00,57.00,1.26,19478564,2026-09-18T06:11:36Z
C_hit,orig,leaf_rand_K10,pread,128,5,0,0.00,100.00,983.99,1108.98,186.59,922.39,,,2092.97,1906.38,1.66,41.00,57.00,1.26,19478576,2026-09-18T06:11:37Z
C_hit,orig,leaf_rand_K10,async,128,5,0,0.00,100.00,985.94,269.79,193.33,76.45,,,1255.73,1062.39,1.69,41.00,57.00,1.26,19478692,2026-09-18T06:11:37Z
C_hit,orig,leaf_rand_K10,async_win,128,5,0,0.00,100.00,1018.40,261.32,184.85,16.07,60.40,10.00,1279.72,1034.47,1.69,41.00,57.00,1.26,19489844,2026-09-18T06:11:37Z
C_hit,orig,leaf_rand_K10,async_bulk,128,5,0,0.00,100.00,1976.46,275.57,198.62,14.00,62.95,10.00,2252.03,1990.46,1.75,41.00,57.00,1.26,19489932,2026-09-18T06:11:38Z
C_hit,orig,learned_markov_14,pread,128,5,0,0.00,100.00,633.70,1111.64,195.97,915.67,,,1745.34,1549.37,1.68,37.00,61.00,1.26,19489712,2026-09-18T06:11:38Z
C_hit,orig,learned_markov_14,async,128,5,0,0.00,100.00,513.35,265.24,186.94,78.30,,,778.59,591.65,1.68,39.00,61.00,1.24,19488572,2026-09-18T06:11:38Z
C_hit,orig,learned_markov_14,async_win,128,5,0,0.00,100.00,601.77,264.89,188.12,15.11,61.66,6.00,866.66,616.88,1.68,39.00,61.00,1.24,19490420,2026-09-18T06:11:38Z
C_hit,orig,learned_markov_14,async_bulk,128,5,0,0.00,100.00,603.24,265.94,189.53,15.69,60.72,6.00,869.18,618.93,1.66,39.00,61.00,1.24,19490800,2026-09-18T06:11:39Z
C_hit,orig,learned_markov_28,pread,128,5,0,0.00,100.00,538.12,1071.90,185.93,885.98,,,1610.02,1424.10,1.65,36.00,61.00,1.24,19488064,2026-09-18T06:11:39Z
C_hit,orig,learned_markov_28,async,128,5,0,0.00,100.00,603.01,288.03,187.96,100.07,,,891.04,703.08,1.68,39.00,60.00,1.24,19489520,2026-09-18T06:11:39Z
C_hit,orig,learned_markov_28,async_win,128,5,0,0.00,100.00,641.45,272.46,187.63,22.35,62.48,8.00,913.91,663.80,1.70,39.00,60.00,1.24,19490268,2026-09-18T06:11:39Z
C_hit,orig,learned_markov_28,async_bulk,128,5,0,0.00,100.00,513.77,274.96,185.70,27.22,62.04,8.00,788.73,540.99,1.68,39.00,60.00,1.24,19491012,2026-09-18T06:11:40Z
A,orig,baseline,baseline,128,6,0,0.00,0.00,877.92,0.00,0.00,0.00,,,877.92,877.92,2.21,190.00,246.00,1.24,19490376,2026-09-18T06:11:40Z
B,orig,baseline,baseline,128,6,0,0.00,0.00,907.91,0.00,0.00,0.00,,,907.91,907.91,2.18,192.00,251.00,1.24,19492412,2026-09-18T06:11:40Z
C,orig,baseline,baseline,128,6,0,0.00,0.00,1033.33,0.00,0.00,0.00,,,1033.33,1033.33,1.63,20.00,28.00,1.24,19491696,2026-09-18T06:11:41Z
C_hit,orig,baseline,baseline,128,6,0,0.00,0.00,1010.81,0.00,0.00,0.00,,,1010.81,1010.81,1.67,41.00,57.00,1.24,19492916,2026-09-18T06:11:41Z
A,orig,layers_5,pread,128,6,0,0.00,100.00,859.93,663.42,227.17,436.25,,,1523.35,1296.18,2.17,190.00,245.00,1.24,19492280,2026-09-18T06:11:41Z
A,orig,layers_5,async,128,6,0,0.00,100.00,1531.19,297.21,228.15,69.06,,,1828.40,1600.25,2.17,190.00,245.00,1.24,19492892,2026-09-18T06:11:42Z
A,orig,layers_5,async_win,128,6,0,0.00,100.00,867.81,297.34,228.58,7.67,61.09,2.00,1165.15,875.48,2.16,190.00,245.00,1.24,19492028,2026-09-18T06:11:42Z
A,orig,layers_5,async_bulk,128,6,0,0.00,100.00,895.59,294.38,226.31,7.67,60.40,2.00,1189.97,903.26,2.16,190.00,245.00,1.24,19491964,2026-09-18T06:11:42Z
A,orig,layers_92,pread,128,6,0,0.00,100.00,587.50,8304.61,226.20,8078.42,,,8892.11,8665.92,2.20,187.00,258.00,1.24,19467244,2026-09-18T06:11:43Z
A,orig,layers_92,async,128,6,0,0.00,100.00,568.49,439.42,227.66,211.76,,,1007.91,780.25,2.17,187.00,257.00,1.24,19467716,2026-09-18T06:11:43Z
A,orig,layers_92,async_win,128,6,0,0.00,100.00,534.39,416.12,225.35,125.60,65.17,87.00,950.51,659.99,2.11,187.00,257.00,1.22,19468812,2026-09-18T06:11:43Z
A,orig,layers_92,async_bulk,128,6,0,0.00,100.00,525.94,400.12,226.03,109.40,64.70,87.00,926.06,635.34,2.13,187.00,257.00,1.22,19469976,2026-09-18T06:11:43Z
A,orig,2d,pread,128,6,0,0.00,100.00,534.39,1884.56,226.45,1658.12,,,2418.95,2192.51,2.15,187.00,258.00,1.22,19469792,2026-09-18T06:11:44Z
A,orig,2d,async,128,6,0,0.00,100.00,540.94,327.00,239.06,87.94,,,867.94,628.88,2.19,187.00,257.00,1.22,19470552,2026-09-18T06:11:44Z
A,orig,2d,async_win,128,6,0,0.00,100.00,497.54,315.36,231.03,22.39,61.95,13.00,812.90,519.93,2.12,187.00,257.00,1.22,19471404,2026-09-18T06:11:44Z
A,orig,2d,async_bulk,128,6,0,0.00,100.00,573.36,309.87,227.09,21.40,61.39,13.00,883.23,594.76,2.17,187.00,257.00,1.22,19470612,2026-09-18T06:11:45Z
A,orig,2e_K10,pread,128,6,0,0.00,100.00,563.18,2750.06,220.72,2529.34,,,3313.24,3092.52,2.24,190.00,260.00,1.22,19471264,2026-09-18T06:11:45Z
A,orig,2e_K10,async,128,6,0,0.00,100.00,562.78,330.05,226.96,103.09,,,892.83,665.87,2.16,190.00,259.00,1.22,19470012,2026-09-18T06:11:45Z
A,orig,2e_K10,async_win,128,6,0,0.00,100.00,567.29,332.61,230.79,40.40,61.41,23.00,899.90,607.69,2.15,190.00,259.00,1.22,19470732,2026-09-18T06:11:46Z
A,orig,2e_K10,async_bulk,128,6,0,0.00,100.00,9252.89,323.08,227.35,33.07,62.66,23.00,9575.97,9285.96,2.25,190.00,259.00,1.22,19470724,2026-09-18T06:11:46Z
A,orig,2e_K500,pread,128,6,0,0.00,100.00,589.58,22218.91,227.62,21991.29,,,22808.49,22580.87,2.03,163.00,434.00,1.22,19471464,2026-09-18T06:11:46Z
A,orig,2e_K500,async,128,6,0,0.00,100.00,718.57,1130.57,226.28,904.29,,,1849.14,1622.86,2.14,181.00,382.00,1.22,19472036,2026-09-18T06:11:47Z
A,orig,2e_K500,async_win,128,6,0,0.00,100.00,712.82,1012.55,226.44,694.95,91.17,446.00,1725.37,1407.77,2.13,181.00,384.00,1.22,19471996,2026-09-18T06:11:47Z
A,orig,2e_K500,async_bulk,128,6,0,0.00,100.00,713.56,1058.67,228.00,737.83,92.84,446.00,1772.23,1451.39,2.11,181.00,385.00,1.22,19472304,2026-09-18T06:11:47Z
A,orig,2f_top14,pread,128,6,0,0.00,100.00,590.56,1416.27,227.32,1188.95,,,2006.83,1779.51,2.17,189.00,257.00,1.22,19464388,2026-09-18T06:11:48Z
A,orig,2f_top14,async,128,6,0,0.00,100.00,599.80,305.05,227.16,77.90,,,904.85,677.70,2.19,189.00,257.00,1.28,19464488,2026-09-18T06:11:48Z
A,orig,2f_top14,async_win,128,6,0,0.00,100.00,596.91,310.21,230.18,17.87,62.16,13.00,907.12,614.78,2.17,189.00,257.00,1.28,19464336,2026-09-18T06:11:48Z
A,orig,2f_top14,async_bulk,128,6,0,0.00,100.00,1434.24,310.73,227.92,19.73,63.09,13.00,1744.97,1453.97,2.19,189.00,257.00,1.28,19465272,2026-09-18T06:11:49Z
A,orig,2f_top28,pread,128,6,0,0.00,100.00,589.57,2801.83,225.39,2576.43,,,3391.40,3166.00,2.17,192.00,266.00,1.28,19464856,2026-09-18T06:11:49Z
A,orig,2f_top28,async,128,6,0,0.00,100.00,565.36,325.90,225.19,100.71,,,891.26,666.07,2.16,192.00,266.00,1.28,19466284,2026-09-18T06:11:49Z
A,orig,2f_top28,async_win,128,6,0,0.00,100.00,578.99,331.96,231.09,35.23,65.65,27.00,910.95,614.22,2.24,192.00,266.00,1.28,19466532,2026-09-18T06:11:50Z
A,orig,2f_top28,async_bulk,128,6,0,0.00,100.00,613.82,328.63,223.86,42.00,62.77,27.00,942.45,655.82,2.18,192.00,266.00,1.28,19466824,2026-09-18T06:11:50Z
A,orig,2f_top100,pread,128,6,0,0.00,100.00,600.01,8765.88,226.56,8539.32,,,9365.89,9139.33,2.15,184.00,307.00,1.28,19468000,2026-09-18T06:11:50Z
A,orig,2f_top100,async,128,6,0,0.00,0.00,533.09,1408.32,894.56,513.75,,,1941.41,1046.84,2.15,184.00,305.00,1.28,19467448,2026-09-18T06:11:51Z
A,orig,2f_top100,async_win,128,6,0,0.00,100.00,595.72,432.58,229.08,137.36,66.14,98.00,1028.30,733.08,2.16,184.00,306.00,1.28,19467932,2026-09-18T06:11:51Z
A,orig,2f_top100,async_bulk,128,6,0,0.00,100.00,532.89,429.39,225.27,138.31,65.80,98.00,962.28,671.20,2.12,184.00,306.00,1.28,19468740,2026-09-18T06:11:51Z
A,orig,2f_top500,pread,128,6,0,0.00,100.00,536.84,22039.29,228.26,21811.03,,,22576.13,22347.87,2.09,165.00,429.00,1.28,19468316,2026-09-18T06:11:52Z
A,orig,2f_top500,async,128,6,0,0.00,100.00,722.88,1098.59,226.87,871.72,,,1821.47,1594.60,2.13,181.00,386.00,1.28,19466784,2026-09-18T06:11:52Z
A,orig,2f_top500,async_win,128,6,0,0.00,100.00,719.36,1051.99,229.16,731.66,91.16,438.00,1771.35,1451.02,2.11,181.00,385.00,1.28,19466028,2026-09-18T06:11:52Z
A,orig,2f_top500,async_bulk,128,6,0,0.00,100.00,720.17,1015.97,228.20,696.62,91.15,438.00,1736.14,1416.79,2.12,181.00,390.00,1.28,19466572,2026-09-18T06:11:53Z
A,orig,2f_slru,pread,128,6,0,0.00,100.00,98.77,18689.10,227.75,18461.36,,,18787.87,18560.13,1.56,0.00,278.00,1.28,19461132,2026-09-18T06:11:53Z
A,orig,2f_slru,async,128,6,0,0.00,100.00,96.26,7476.61,227.43,7249.19,,,7572.87,7345.45,1.59,0.00,278.00,1.34,19450064,2026-09-18T06:11:53Z
A,orig,2f_slru,async_win,128,6,0,0.00,93.50,97.13,2774.27,226.70,2144.06,403.51,139.00,2871.40,2241.19,1.57,0.00,278.00,1.34,19451656,2026-09-18T06:11:53Z
A,orig,2f_slru,async_bulk,128,6,0,0.00,0.40,748.09,1968.67,765.53,82.05,1121.09,2.00,2716.76,830.14,2.17,188.00,245.00,1.34,19451712,2026-09-18T06:11:54Z
A,orig,leaf_freq_K10,pread,128,6,0,0.00,100.00,925.57,1152.64,225.85,926.78,,,2078.21,1852.35,2.19,192.00,247.00,1.34,19452248,2026-09-18T06:11:54Z
A,orig,leaf_freq_K10,async,128,6,0,0.00,100.00,843.68,299.77,225.83,73.94,,,1143.45,917.62,2.13,192.00,247.00,1.34,19453152,2026-09-18T06:11:54Z
A,orig,leaf_freq_K10,async_win,128,6,0,0.00,100.00,876.77,316.84,239.45,14.81,62.58,10.00,1193.61,891.58,2.22,192.00,247.00,1.34,19453076,2026-09-18T06:11:55Z
A,orig,leaf_freq_K10,async_bulk,128,6,0,0.00,100.00,938.25,298.46,223.74,14.07,60.65,10.00,1236.71,952.32,2.14,192.00,247.00,1.34,19452656,2026-09-18T06:11:55Z
A,orig,leaf_rand_K10,pread,128,6,0,0.00,100.00,867.41,1155.46,226.36,929.11,,,2022.87,1796.52,2.14,190.00,246.00,1.34,19454840,2026-09-18T06:11:55Z
A,orig,leaf_rand_K10,async,128,6,0,0.00,100.00,935.72,301.36,226.40,74.96,,,1237.08,1010.68,2.19,190.00,246.00,1.34,19454776,2026-09-18T06:11:56Z
A,orig,leaf_rand_K10,async_win,128,6,0,0.00,100.00,838.88,300.25,223.12,15.54,61.60,10.00,1139.13,854.42,2.14,190.00,246.00,1.34,19455256,2026-09-18T06:11:56Z
A,orig,leaf_rand_K10,async_bulk,128,6,0,0.00,100.00,870.23,302.99,227.55,13.65,61.79,10.00,1173.22,883.88,2.14,190.00,246.00,1.34,19458372,2026-09-18T06:11:56Z
A,orig,learned_markov_14,pread,128,6,0,0.00,100.00,535.56,1506.49,224.00,1282.49,,,2042.05,1818.05,2.17,187.00,256.00,1.34,19458036,2026-09-18T06:11:57Z
A,orig,learned_markov_14,async,128,6,0,0.00,100.00,534.01,319.30,240.53,78.77,,,853.31,612.78,2.17,187.00,256.00,1.34,19458220,2026-09-18T06:11:57Z
A,orig,learned_markov_14,async_win,128,6,0,0.00,100.00,9080.75,305.41,225.91,17.62,61.88,13.00,9386.16,9098.37,2.29,187.00,256.00,1.34,19460828,2026-09-18T06:11:57Z
A,orig,learned_markov_14,async_bulk,128,6,0,0.00,100.00,536.87,307.90,227.30,18.83,61.78,13.00,844.77,555.70,2.15,187.00,256.00,1.34,19481120,2026-09-18T06:11:58Z
A,orig,learned_markov_28,pread,128,6,0,0.00,100.00,534.18,2919.65,222.36,2697.29,,,3453.83,3231.47,2.23,187.00,260.00,1.31,19480784,2026-09-18T06:11:58Z
A,orig,learned_markov_28,async,128,6,0,0.00,100.00,603.25,332.58,230.41,102.17,,,935.83,705.42,2.19,187.00,259.00,1.31,19482252,2026-09-18T06:11:58Z
A,orig,learned_markov_28,async_win,128,6,0,0.00,100.00,527.19,334.33,230.30,42.11,61.92,26.00,861.52,569.30,2.13,187.00,259.00,1.31,19473332,2026-09-18T06:11:59Z
A,orig,learned_markov_28,async_bulk,128,6,0,0.00,100.00,525.51,329.90,230.79,37.00,62.11,26.00,855.41,562.51,2.15,187.00,259.00,1.31,19474596,2026-09-18T06:11:59Z
B,orig,layers_5,pread,128,6,0,0.00,100.00,1015.58,674.84,227.13,447.71,,,1690.42,1463.29,2.19,192.00,254.00,1.31,19476316,2026-09-18T06:11:59Z
B,orig,layers_5,async,128,6,0,0.00,100.00,1018.78,294.61,226.31,68.31,,,1313.39,1087.09,2.21,193.00,254.00,1.31,19476564,2026-09-18T06:12:00Z
B,orig,layers_5,async_win,128,6,0,0.00,100.00,1012.40,299.54,230.45,7.91,61.19,2.00,1311.94,1020.31,2.23,193.00,254.00,1.31,19476552,2026-09-18T06:12:00Z
B,orig,layers_5,async_bulk,128,6,0,0.00,100.00,1003.21,296.77,227.57,8.19,61.01,2.00,1299.98,1011.40,2.19,193.00,254.00,1.31,19478792,2026-09-18T06:12:00Z
B,orig,layers_92,pread,128,6,0,0.00,100.00,663.46,8132.33,225.11,7907.21,,,8795.79,8570.67,2.25,193.00,261.00,1.31,19482356,2026-09-18T06:12:01Z
B,orig,layers_92,async,128,6,0,0.00,100.00,593.08,415.09,225.05,190.04,,,1008.17,783.12,2.20,194.00,260.00,1.31,19482828,2026-09-18T06:12:01Z
B,orig,layers_92,async_win,128,6,0,0.00,100.00,661.44,420.98,225.55,130.50,64.92,87.00,1082.42,791.94,2.21,194.00,260.00,1.31,19482092,2026-09-18T06:12:01Z
B,orig,layers_92,async_bulk,128,6,0,0.00,100.00,631.46,426.10,227.45,132.76,65.89,87.00,1057.56,764.22,2.22,194.00,260.00,1.31,19480768,2026-09-18T06:12:01Z
B,orig,2d,pread,128,6,0,0.00,100.00,660.58,1965.85,227.77,1738.08,,,2626.43,2398.66,2.21,193.00,260.00,1.31,19481520,2026-09-18T06:12:02Z
B,orig,2d,async,128,6,0,0.00,100.00,662.03,311.62,226.95,84.67,,,973.65,746.70,2.22,194.00,260.00,1.31,19481848,2026-09-18T06:12:02Z
B,orig,2d,async_win,128,6,0,0.00,100.00,661.30,328.52,232.08,28.28,68.16,13.00,989.82,689.58,2.25,194.00,260.00,1.31,19482856,2026-09-18T06:12:02Z
B,orig,2d,async_bulk,128,6,0,0.00,100.00,661.44,312.37,228.93,21.90,61.54,13.00,973.81,683.34,2.23,194.00,260.00,1.31,19481380,2026-09-18T06:12:03Z
B,orig,2e_K10,pread,128,6,0,0.00,100.00,657.12,2679.22,226.56,2452.66,,,3336.34,3109.78,2.22,193.00,261.00,1.37,19462940,2026-09-18T06:12:03Z
B,orig,2e_K10,async,128,6,0,0.00,100.00,664.87,334.40,235.06,99.34,,,999.27,764.21,2.29,194.00,260.00,1.37,19464692,2026-09-18T06:12:03Z
B,orig,2e_K10,async_win,128,6,0,0.00,100.00,595.15,326.63,226.68,38.03,61.93,23.00,921.78,633.18,2.22,194.00,260.00,1.37,19465328,2026-09-18T06:12:04Z
B,orig,2e_K10,async_bulk,128,6,0,0.00,100.00,672.42,327.44,226.92,37.96,62.56,23.00,999.86,710.38,2.20,194.00,260.00,1.37,19465580,2026-09-18T06:12:04Z
B,orig,2e_K500,pread,128,6,0,0.00,100.00,815.95,18140.07,226.53,17913.55,,,18956.02,18729.50,2.15,173.00,391.00,1.37,19457152,2026-09-18T06:12:04Z
B,orig,2e_K500,async,128,6,0,0.00,100.00,182.13,1142.74,227.92,914.82,,,1324.87,1096.95,2.18,183.00,333.00,1.37,19457020,2026-09-18T06:12:05Z
B,orig,2e_K500,async_win,128,6,0,0.00,100.00,184.68,1054.59,225.91,738.56,90.13,449.00,1239.27,923.24,2.16,183.00,331.00,1.37,19458456,2026-09-18T06:12:05Z
B,orig,2e_K500,async_bulk,128,6,0,0.00,100.00,426.90,1019.38,227.26,700.51,91.61,449.00,1446.28,1127.41,2.16,183.00,334.00,1.37,19458896,2026-09-18T06:12:05Z
B,orig,2f_top14,pread,128,6,0,0.00,100.00,635.65,1390.57,227.65,1162.93,,,2026.22,1798.58,2.23,194.00,260.00,1.37,19459600,2026-09-18T06:12:06Z
B,orig,2f_top14,async,128,6,0,0.00,100.00,666.21,314.13,234.33,79.80,,,980.34,746.01,2.21,194.00,260.00,1.37,19460368,2026-09-18T06:12:06Z
B,orig,2f_top14,async_win,128,6,0,0.00,100.00,661.61,308.09,227.02,19.21,61.87,13.00,969.70,680.82,2.21,194.00,260.00,1.37,19461068,2026-09-18T06:12:06Z
B,orig,2f_top14,async_bulk,128,6,0,0.00,100.00,595.87,308.76,227.69,20.21,60.86,13.00,904.63,616.08,2.21,194.00,260.00,1.37,19461516,2026-09-18T06:12:07Z
B,orig,2f_top28,pread,128,6,0,0.00,100.00,661.88,2629.20,227.73,2401.47,,,3291.08,3063.35,2.21,193.00,261.00,1.37,19461552,2026-09-18T06:12:07Z
B,orig,2f_top28,async,128,6,0,0.00,100.00,659.85,321.29,224.94,96.35,,,981.14,756.20,2.19,194.00,259.00,1.37,19463268,2026-09-18T06:12:07Z
B,orig,2f_top28,async_win,128,6,0,0.00,100.00,658.94,321.13,225.13,38.67,57.33,27.00,980.07,697.61,2.18,194.00,259.00,1.37,19461508,2026-09-18T06:12:08Z
B,orig,2f_top28,async_bulk,128,6,0,0.00,100.00,667.12,359.39,259.84,36.29,63.27,27.00,1026.51,703.41,2.28,194.00,259.00,1.34,19461316,2026-09-18T06:12:08Z
B,orig,2f_top100,pread,128,6,0,0.00,100.00,182.41,9361.50,227.25,9134.25,,,9543.91,9316.66,2.20,191.00,282.00,1.34,19462412,2026-09-18T06:12:08Z
B,orig,2f_top100,async,128,6,0,0.00,100.00,181.20,439.49,227.41,212.08,,,620.69,393.28,2.19,193.00,275.00,1.34,19462488,2026-09-18T06:12:09Z
B,orig,2f_top100,async_win,128,6,0,0.00,100.00,186.38,671.31,331.50,112.24,227.57,94.00,857.69,298.62,2.29,193.00,274.00,1.34,19465308,2026-09-18T06:12:09Z
B,orig,2f_top100,async_bulk,128,6,0,0.00,100.00,181.38,428.70,226.85,135.30,66.55,94.00,610.08,316.68,2.23,193.00,275.00,1.34,19465712,2026-09-18T06:12:09Z
B,orig,2f_top500,pread,128,6,0,0.00,100.00,184.23,18194.57,225.57,17969.00,,,18378.80,18153.23,2.14,173.00,398.00,1.34,19458888,2026-09-18T06:12:10Z
B,orig,2f_top500,async,128,6,0,0.00,100.00,189.48,1051.93,222.39,829.54,,,1241.41,1019.02,2.22,183.00,331.00,1.34,19459224,2026-09-18T06:12:10Z
B,orig,2f_top500,async_win,128,6,0,0.00,100.00,184.92,1042.58,226.39,725.02,91.17,438.00,1227.50,909.94,2.12,183.00,337.00,1.34,19460804,2026-09-18T06:12:10Z
B,orig,2f_top500,async_bulk,128,6,0,0.00,100.00,181.47,1042.80,226.16,726.92,89.73,438.00,1224.27,908.39,2.13,183.00,336.00,1.34,19460784,2026-09-18T06:12:11Z
B,orig,2f_slru,pread,128,6,0,0.00,100.00,96.92,20960.76,225.57,20735.19,,,21057.68,20832.11,1.60,0.00,278.00,1.34,19461084,2026-09-18T06:12:11Z
B,orig,2f_slru,async,128,6,0,0.00,100.00,98.75,7382.86,223.09,7159.77,,,7481.61,7258.52,1.65,0.00,278.00,1.34,19458628,2026-09-18T06:12:11Z
B,orig,2f_slru,async_win,128,6,0,0.00,89.90,98.82,2691.14,231.38,2050.74,409.02,138.00,2789.96,2149.56,1.63,0.00,278.00,1.34,19458424,2026-09-18T06:12:12Z
B,orig,2f_slru,async_bulk,128,6,0,0.00,1.40,823.01,717.37,227.95,80.74,408.68,2.00,1540.38,903.75,2.20,190.00,251.00,1.34,19461972,2026-09-18T06:12:12Z
B,orig,leaf_freq_K10,pread,128,6,0,0.00,100.00,982.28,1055.56,223.72,831.83,,,2037.84,1814.11,2.16,192.00,251.00,1.34,19460772,2026-09-18T06:12:12Z
B,orig,leaf_freq_K10,async,128,6,0,0.00,100.00,1010.28,297.13,223.89,73.24,,,1307.41,1083.52,2.27,192.00,251.00,1.34,19461200,2026-09-18T06:12:13Z
B,orig,leaf_freq_K10,async_win,128,6,0,0.00,100.00,948.51,302.90,226.69,14.89,61.33,10.00,1251.41,963.40,2.20,192.00,251.00,1.34,19460008,2026-09-18T06:12:13Z
B,orig,leaf_freq_K10,async_bulk,128,6,0,0.00,100.00,1012.89,301.15,225.38,14.25,61.52,10.00,1314.04,1027.14,2.21,192.00,251.00,1.39,19461176,2026-09-18T06:12:13Z
B,orig,leaf_rand_K10,pread,128,6,0,0.00,100.00,1010.77,1123.65,227.45,896.21,,,2134.42,1906.98,2.20,192.00,251.00,1.39,19461832,2026-09-18T06:12:13Z
B,orig,leaf_rand_K10,async,128,6,0,0.00,100.00,1018.36,302.63,227.46,75.17,,,1320.99,1093.53,2.23,192.00,251.00,1.39,19461996,2026-09-18T06:12:14Z
B,orig,leaf_rand_K10,async_win,128,6,0,0.00,100.00,1011.24,1369.03,1296.57,15.47,57.00,10.00,2380.27,1026.71,2.21,192.00,251.00,1.39,19460228,2026-09-18T06:12:14Z
B,orig,leaf_rand_K10,async_bulk,128,6,0,0.00,100.00,980.40,303.66,226.97,15.54,61.16,10.00,1284.06,995.94,2.18,192.00,251.00,1.39,19461280,2026-09-18T06:12:14Z
B,orig,learned_markov_14,pread,128,6,0,0.00,100.00,657.92,1317.18,187.85,1129.32,,,1975.10,1787.24,2.16,194.00,259.00,1.39,19460080,2026-09-18T06:12:15Z
B,orig,learned_markov_14,async,128,6,0,0.00,100.00,528.18,266.89,184.62,82.28,,,795.07,610.46,2.33,194.00,259.00,1.39,19453636,2026-09-18T06:12:15Z
B,orig,learned_markov_14,async_win,128,6,0,0.00,100.00,664.12,270.35,187.86,20.56,61.93,13.00,934.47,684.68,2.23,194.00,259.00,1.39,19457228,2026-09-18T06:12:15Z
B,orig,learned_markov_14,async_bulk,128,6,0,0.00,100.00,596.12,268.43,187.01,20.22,61.20,13.00,864.55,616.34,2.16,194.00,259.00,1.39,19457404,2026-09-18T06:12:16Z
B,orig,learned_markov_28,pread,128,6,0,0.00,100.00,667.82,2688.40,233.28,2455.12,,,3356.22,3122.94,2.22,193.00,265.00,1.39,19456956,2026-09-18T06:12:16Z
B,orig,learned_markov_28,async,128,6,0,0.00,100.00,660.49,299.67,198.93,100.74,,,960.16,761.23,2.20,193.00,264.00,1.39,19458132,2026-09-18T06:12:16Z
B,orig,learned_markov_28,async_win,128,6,0,0.00,100.00,659.31,298.97,197.43,38.95,62.59,26.00,958.28,698.26,2.18,193.00,264.00,1.39,19458828,2026-09-18T06:12:17Z
B,orig,learned_markov_28,async_bulk,128,6,0,0.00,100.00,665.07,298.64,198.19,36.52,63.93,26.00,963.71,701.59,2.25,193.00,265.00,1.39,19458144,2026-09-18T06:12:17Z
C,orig,layers_5,pread,128,6,0,0.00,100.00,1008.51,667.66,228.58,439.08,,,1676.17,1447.59,1.59,20.00,28.00,1.39,19458244,2026-09-18T06:12:17Z
C,orig,layers_5,async,128,6,0,0.00,100.00,1006.65,601.26,532.05,69.21,,,1607.91,1075.86,1.59,20.00,28.00,1.39,19458768,2026-09-18T06:12:18Z
C,orig,layers_5,async_win,128,6,0,0.00,100.00,1037.82,297.37,230.18,6.99,60.19,2.00,1335.19,1044.81,1.59,20.00,28.00,1.44,19460236,2026-09-18T06:12:18Z
C,orig,layers_5,async_bulk,128,6,0,0.00,100.00,1025.29,294.00,224.23,8.34,61.44,2.00,1319.29,1033.63,1.60,20.00,28.00,1.44,19478896,2026-09-18T06:12:18Z
C,orig,layers_92,pread,128,6,0,0.00,100.00,625.47,8077.26,225.14,7852.11,,,8702.73,8477.58,1.56,20.00,30.00,1.44,19479860,2026-09-18T06:12:18Z
C,orig,layers_92,async,128,6,0,0.00,100.00,636.83,435.30,227.16,208.14,,,1072.13,844.97,1.58,20.00,30.00,1.44,19480136,2026-09-18T06:12:19Z
C,orig,layers_92,async_win,128,6,0,0.00,100.00,664.98,409.68,227.18,116.84,65.66,87.00,1074.66,781.82,1.58,20.00,30.00,1.44,19480284,2026-09-18T06:12:19Z
C,orig,layers_92,async_bulk,128,6,0,0.00,100.00,669.70,416.72,228.43,122.67,65.62,87.00,1086.42,792.37,1.59,20.00,30.00,1.44,19480180,2026-09-18T06:12:19Z
C,orig,2d,pread,128,6,0,0.00,100.00,594.56,568.27,225.25,343.01,,,1162.83,937.57,1.59,20.00,30.00,1.44,19479808,2026-09-18T06:12:19Z
C,orig,2d,async,128,6,0,0.00,100.00,634.53,293.59,225.39,68.20,,,928.12,702.73,1.57,20.00,30.00,1.44,19480900,2026-09-18T06:12:20Z
C,orig,2d,async_win,128,6,0,0.00,100.00,666.48,293.55,225.84,6.84,60.87,2.00,960.03,673.32,1.57,20.00,30.00,1.44,19481364,2026-09-18T06:12:20Z
C,orig,2d,async_bulk,128,6,0,0.00,100.00,596.86,294.37,227.20,7.11,60.06,2.00,891.23,603.97,1.57,20.00,30.00,1.44,19482308,2026-09-18T06:12:20Z
C,orig,2e_K10,pread,128,6,0,0.00,100.00,662.85,1412.21,226.90,1185.32,,,2075.06,1848.17,1.62,19.00,37.00,1.44,19458456,2026-09-18T06:12:21Z
C,orig,2e_K10,async,128,6,0,0.00,100.00,639.68,311.07,224.97,86.10,,,950.75,725.78,1.60,20.00,33.00,1.44,19459496,2026-09-18T06:12:21Z
C,orig,2e_K10,async_win,128,6,0,0.00,100.00,635.96,303.79,225.15,17.32,61.31,8.00,939.75,653.28,1.59,20.00,33.00,1.44,19459144,2026-09-18T06:12:21Z
C,orig,2e_K10,async_bulk,128,6,0,0.00,100.00,530.21,300.71,223.92,16.40,60.39,8.00,830.92,546.61,1.60,20.00,33.00,1.44,19460660,2026-09-18T06:12:21Z
C,orig,2e_K500,pread,128,6,0,0.00,100.00,183.54,2455.76,226.51,2229.25,,,2639.30,2412.79,1.54,0.00,37.00,1.44,19460604,2026-09-18T06:12:22Z
C,orig,2e_K500,async,128,6,0,0.00,66.00,180.45,696.94,223.14,473.80,,,877.39,654.25,1.55,0.00,37.00,1.44,19461160,2026-09-18T06:12:22Z
C,orig,2e_K500,async_win,128,6,0,0.00,100.00,180.01,525.79,225.35,218.29,82.14,90.00,705.80,398.30,1.54,0.00,37.00,1.44,19463300,2026-09-18T06:12:22Z
C,orig,2e_K500,async_bulk,128,6,0,0.00,42.30,182.37,539.07,225.24,231.94,81.89,90.00,721.44,414.31,1.54,0.00,37.00,1.44,19465888,2026-09-18T06:12:22Z
C,orig,2f_top14,pread,128,6,0,0.00,100.00,651.06,1258.38,222.61,1035.78,,,1909.44,1686.84,1.58,17.00,37.00,1.44,19466152,2026-09-18T06:12:23Z
C,orig,2f_top14,async,128,6,0,0.00,100.00,637.47,302.42,224.10,78.32,,,939.89,715.79,1.59,20.00,35.00,1.40,19466408,2026-09-18T06:12:23Z
C,orig,2f_top14,async_win,128,6,0,0.00,100.00,631.52,299.75,223.45,15.70,60.60,9.00,931.27,647.22,1.63,20.00,35.00,1.40,19466152,2026-09-18T06:12:23Z
C,orig,2f_top14,async_bulk,128,6,0,0.00,100.00,633.49,302.17,224.56,17.08,60.52,9.00,935.66,650.57,1.60,20.00,36.00,1.40,19456088,2026-09-18T06:12:23Z
C,orig,2f_top28,pread,128,6,0,0.00,100.00,656.36,1294.85,224.09,1070.76,,,1951.21,1727.12,1.62,18.00,37.00,1.40,19456396,2026-09-18T06:12:24Z
C,orig,2f_top28,async,128,6,0,0.00,100.00,557.99,321.65,224.50,97.15,,,879.64,655.14,1.60,19.00,36.00,1.40,19457188,2026-09-18T06:12:24Z
C,orig,2f_top28,async_win,128,6,0,0.00,100.00,665.50,312.76,222.51,28.61,61.64,13.00,978.26,694.11,1.58,19.00,36.00,1.40,19458464,2026-09-18T06:12:24Z
C,orig,2f_top28,async_bulk,128,6,0,0.00,100.00,538.54,311.65,223.55,27.37,60.72,13.00,850.19,565.91,1.62,19.00,35.00,1.40,19458808,2026-09-18T06:12:24Z
C,orig,2f_top100,pread,128,6,0,0.00,100.00,554.86,1424.57,224.09,1200.48,,,1979.43,1755.34,1.57,12.00,37.00,1.40,19459096,2026-09-18T06:12:25Z
C,orig,2f_top100,async,128,6,0,0.00,100.00,600.60,417.88,235.26,182.61,,,1018.48,783.21,1.59,14.00,36.00,1.40,19459432,2026-09-18T06:12:25Z
C,orig,2f_top100,async_win,128,6,0,0.00,100.00,597.91,356.05,222.88,69.08,64.09,32.00,953.96,666.99,1.57,14.00,36.00,1.40,19460256,2026-09-18T06:12:25Z
C,orig,2f_top100,async_bulk,128,6,0,0.00,100.00,558.32,362.83,222.95,74.57,65.31,32.00,921.15,632.89,1.59,14.00,36.00,1.40,19459812,2026-09-18T06:12:26Z
C,orig,2f_top500,pread,128,6,0,0.00,100.00,93.15,2881.68,227.20,2654.48,,,2974.83,2747.63,1.55,0.00,37.00,1.40,19454904,2026-09-18T06:12:26Z
C,orig,2f_top500,async,128,6,0,0.00,100.00,95.68,1014.16,230.21,783.94,,,1109.84,879.62,1.62,0.00,37.00,1.40,19455596,2026-09-18T06:12:26Z
C,orig,2f_top500,async_win,128,6,0,0.00,100.00,124.40,533.81,223.34,217.91,92.56,15.00,658.21,342.31,1.52,0.00,37.00,1.40,19457620,2026-09-18T06:12:26Z
C,orig,2f_top500,async_bulk,128,6,0,0.00,13.60,928.03,354.55,225.15,41.14,88.26,2.00,1282.58,969.17,1.62,19.00,30.00,1.40,19456904,2026-09-18T06:12:27Z
C,orig,2f_slru,pread,128,6,0,0.00,100.00,92.34,2953.13,225.70,2727.43,,,3045.47,2819.77,1.51,0.00,37.00,1.40,19457436,2026-09-18T06:12:27Z
C,orig,2f_slru,async,128,6,0,0.00,100.00,93.36,996.57,222.76,773.82,,,1089.93,867.18,1.56,0.00,37.00,1.40,19457604,2026-09-18T06:12:27Z
C,orig,2f_slru,async_win,128,6,0,0.00,100.00,94.34,538.76,233.50,217.55,87.72,15.00,633.10,311.89,1.52,0.00,37.00,1.40,19458852,2026-09-18T06:12:27Z
C,orig,2f_slru,async_bulk,128,6,0,0.00,13.60,927.91,350.04,222.07,39.49,88.48,2.00,1277.95,967.40,1.59,19.00,30.00,1.40,19458152,2026-09-18T06:12:28Z
C,orig,leaf_freq_K10,pread,128,6,0,0.00,100.00,1090.15,986.48,222.86,763.62,,,2076.63,1853.77,1.57,19.00,33.00,1.45,19459012,2026-09-18T06:12:28Z
C,orig,leaf_freq_K10,async,128,6,0,0.00,100.00,1137.54,301.25,225.77,75.47,,,1438.79,1213.01,1.60,20.00,31.00,1.45,19460088,2026-09-18T06:12:28Z
C,orig,leaf_freq_K10,async_win,128,6,0,0.00,100.00,1056.93,300.87,227.35,12.42,61.09,6.00,1357.80,1069.35,1.60,20.00,31.00,1.45,19461220,2026-09-18T06:12:28Z
C,orig,leaf_freq_K10,async_bulk,128,6,0,0.00,100.00,1022.47,296.77,222.73,12.81,61.23,6.00,1319.24,1035.28,1.58,20.00,31.00,1.45,19460720,2026-09-18T06:12:29Z
C,orig,leaf_rand_K10,pread,128,6,0,0.00,100.00,1048.94,1063.81,224.08,839.73,,,2112.75,1888.67,1.57,20.00,28.00,1.45,19459816,2026-09-18T06:12:29Z
C,orig,leaf_rand_K10,async,128,6,0,0.00,100.00,1020.43,298.39,219.68,78.71,,,1318.82,1099.14,1.57,20.00,28.00,1.45,19461532,2026-09-18T06:12:29Z
C,orig,leaf_rand_K10,async_win,128,6,0,0.00,100.00,995.85,297.11,218.52,17.46,61.12,10.00,1292.96,1013.31,1.58,20.00,28.00,1.45,19462264,2026-09-18T06:12:29Z
C,orig,leaf_rand_K10,async_bulk,128,6,0,0.00,100.00,1019.00,299.14,223.26,14.94,60.95,10.00,1318.14,1033.94,1.59,20.00,28.00,1.45,19463240,2026-09-18T06:12:30Z
C,orig,learned_markov_14,pread,128,6,0,0.00,100.00,617.19,1294.07,223.63,1070.44,,,1911.26,1687.63,1.57,17.00,37.00,1.45,19466960,2026-09-18T06:12:30Z
C,orig,learned_markov_14,async,128,6,0,0.00,100.00,601.91,303.02,224.32,78.70,,,904.93,680.61,1.58,20.00,36.00,1.45,19467764,2026-09-18T06:12:30Z
C,orig,learned_markov_14,async_win,128,6,0,0.00,100.00,664.04,302.83,224.24,16.78,61.81,9.00,966.87,680.82,1.60,20.00,35.00,1.45,19470040,2026-09-18T06:12:31Z
C,orig,learned_markov_14,async_bulk,128,6,0,0.00,100.00,624.05,302.67,223.47,17.29,61.91,9.00,926.72,641.34,1.57,20.00,35.00,1.45,19468628,2026-09-18T06:12:31Z
C,orig,learned_markov_28,pread,128,6,0,0.00,100.00,665.79,1285.22,223.10,1062.12,,,1951.01,1727.91,1.60,18.00,37.00,1.45,19455996,2026-09-18T06:12:31Z
C,orig,learned_markov_28,async,128,6,0,0.00,100.00,517.17,322.91,225.91,96.99,,,840.08,614.16,1.62,19.00,35.00,1.45,19458092,2026-09-18T06:12:31Z
C,orig,learned_markov_28,async_win,128,6,0,0.00,100.00,499.98,311.19,223.72,25.43,62.05,13.00,811.17,525.41,1.57,19.00,35.00,1.45,19458480,2026-09-18T06:12:32Z
C,orig,learned_markov_28,async_bulk,128,6,0,0.00,100.00,533.54,316.69,225.63,28.08,62.97,13.00,850.23,561.62,1.57,19.00,35.00,1.45,19459096,2026-09-18T06:12:32Z
C_hit,orig,layers_5,pread,128,6,0,0.00,100.00,972.66,666.37,222.47,443.90,,,1639.03,1416.56,1.68,41.00,57.00,1.45,19461780,2026-09-18T06:12:32Z
C_hit,orig,layers_5,async,128,6,0,0.00,100.00,979.57,293.53,224.14,69.39,,,1273.10,1048.96,1.70,41.00,57.00,1.45,19462200,2026-09-18T06:12:32Z
C_hit,orig,layers_5,async_win,128,6,0,0.00,100.00,1006.81,291.04,223.19,6.77,61.07,2.00,1297.85,1013.58,1.67,41.00,57.00,1.45,19461940,2026-09-18T06:12:33Z
C_hit,orig,layers_5,async_bulk,128,6,0,0.00,100.00,905.68,293.04,223.83,7.37,61.84,2.00,1198.72,913.05,1.67,41.00,57.00,1.41,19462332,2026-09-18T06:12:33Z
C_hit,orig,layers_92,pread,128,6,0,0.00,100.00,658.15,8170.95,222.55,7948.40,,,8829.10,8606.55,1.69,39.00,60.00,1.41,19462832,2026-09-18T06:12:33Z
C_hit,orig,layers_92,async,128,6,0,0.00,100.00,626.12,419.94,224.72,195.22,,,1046.06,821.34,1.70,39.00,60.00,1.41,19463700,2026-09-18T06:12:33Z
C_hit,orig,layers_92,async_win,128,6,0,0.00,100.00,642.92,401.52,223.80,111.69,66.03,87.00,1044.44,754.61,1.74,39.00,60.00,1.41,19464428,2026-09-18T06:12:34Z
C_hit,orig,layers_92,async_bulk,128,6,0,0.00,100.00,660.08,400.13,224.15,110.15,65.83,87.00,1060.21,770.23,1.67,39.00,60.00,1.41,19463652,2026-09-18T06:12:34Z
C_hit,orig,2d,pread,128,6,0,0.00,100.00,603.65,659.67,222.89,436.78,,,1263.32,1040.43,1.69,39.00,60.00,1.41,19468224,2026-09-18T06:12:34Z
C_hit,orig,2d,async,128,6,0,0.00,100.00,637.32,296.33,226.47,69.85,,,933.65,707.17,1.68,39.00,60.00,1.41,19469120,2026-09-18T06:12:35Z
C_hit,orig,2d,async_win,128,6,0,0.00,100.00,606.12,295.08,225.35,8.41,61.33,3.00,901.20,614.53,1.71,39.00,60.00,1.41,19468808,2026-09-18T06:12:35Z
C_hit,orig,2d,async_bulk,128,6,0,0.00,100.00,637.95,291.99,223.31,8.16,60.51,3.00,929.94,646.11,1.67,39.00,60.00,1.41,19469808,2026-09-18T06:12:35Z
C_hit,orig,2e_K10,pread,128,6,0,0.00,100.00,604.21,1222.66,223.14,999.52,,,1826.87,1603.73,1.68,37.00,61.00,1.41,19470092,2026-09-18T06:12:35Z
C_hit,orig,2e_K10,async,128,6,0,0.00,100.00,631.28,303.28,222.42,80.86,,,934.56,712.14,1.68,39.00,61.00,1.41,19469144,2026-09-18T06:12:36Z
C_hit,orig,2e_K10,async_win,128,6,0,0.00,100.00,593.96,308.14,231.31,15.31,61.52,6.00,902.10,609.27,1.67,39.00,61.00,1.41,19469740,2026-09-18T06:12:36Z
C_hit,orig,2e_K10,async_bulk,128,6,0,0.00,100.00,623.00,308.19,224.44,15.86,67.89,6.00,931.19,638.86,1.73,39.00,61.00,1.41,19465060,2026-09-18T06:12:36Z
C_hit,orig,2e_K500,pread,128,6,0,0.00,100.00,181.46,3329.74,225.96,3103.78,,,3511.20,3285.24,1.56,10.00,60.00,1.41,19464196,2026-09-18T06:12:36Z
C_hit,orig,2e_K500,async,128,6,0,0.00,72.50,187.51,926.41,232.75,693.66,,,1113.92,881.17,1.60,11.00,59.00,1.41,19464036,2026-09-18T06:12:37Z
C_hit,orig,2e_K500,async_win,128,6,0,0.00,32.70,182.42,656.58,222.97,341.58,92.03,139.00,839.00,524.00,1.59,11.00,59.00,1.41,19465740,2026-09-18T06:12:37Z
C_hit,orig,2e_K500,async_bulk,128,6,0,0.00,39.00,181.03,680.05,224.73,363.19,92.12,139.00,861.08,544.22,1.60,11.00,59.00,1.41,19465856,2026-09-18T06:12:37Z
C_hit,orig,2f_top14,pread,128,6,0,0.00,100.00,505.13,1093.48,221.56,871.92,,,1598.61,1377.05,1.67,37.00,61.00,1.41,19466896,2026-09-18T06:12:38Z
C_hit,orig,2f_top14,async,128,6,0,0.00,100.00,507.43,302.49,223.34,79.15,,,809.92,586.58,1.65,39.00,61.00,1.41,19467396,2026-09-18T06:12:38Z
C_hit,orig,2f_top14,async_win,128,6,0,0.00,100.00,613.16,301.21,223.96,15.38,61.87,6.00,914.37,628.54,1.69,39.00,61.00,1.38,19466820,2026-09-18T06:12:38Z
C_hit,orig,2f_top14,async_bulk,128,6,0,0.00,100.00,562.82,301.24,223.62,15.75,61.87,6.00,864.06,578.57,1.67,39.00,61.00,1.38,19468280,2026-09-18T06:12:38Z
C_hit,orig,2f_top28,pread,128,6,0,0.00,100.00,635.64,1112.80,225.09,887.71,,,1748.44,1523.35,1.66,36.00,61.00,1.38,19485092,2026-09-18T06:12:39Z
C_hit,orig,2f_top28,async,128,6,0,0.00,100.00,593.25,321.12,222.66,98.47,,,914.37,691.72,1.65,39.00,60.00,1.38,19485480,2026-09-18T06:12:39Z
C_hit,orig,2f_top28,async_win,128,6,0,0.00,100.00,521.88,310.38,224.72,22.86,62.80,8.00,832.26,544.74,1.67,39.00,60.00,1.38,19485580,2026-09-18T06:12:39Z
C_hit,orig,2f_top28,async_bulk,128,6,0,0.00,100.00,609.38,315.36,225.40,26.82,63.14,8.00,924.74,636.20,1.67,39.00,60.00,1.38,19485852,2026-09-18T06:12:39Z
C_hit,orig,2f_top100,pread,128,6,0,0.00,100.00,608.08,1384.52,222.69,1161.83,,,1992.60,1769.91,1.64,32.00,62.00,1.38,19486888,2026-09-18T06:12:40Z
C_hit,orig,2f_top100,async,128,6,0,0.00,100.00,555.40,407.69,225.13,182.55,,,963.09,737.95,1.66,34.00,62.00,1.38,19487292,2026-09-18T06:12:40Z
C_hit,orig,2f_top100,async_win,128,6,0,0.00,100.00,599.12,360.85,228.57,67.52,64.76,28.00,959.97,666.64,1.65,34.00,62.00,1.38,19487120,2026-09-18T06:12:40Z
C_hit,orig,2f_top100,async_bulk,128,6,0,0.00,100.00,631.37,364.38,223.62,74.45,66.31,28.00,995.75,705.82,1.67,34.00,62.00,1.38,19486584,2026-09-18T06:12:41Z
C_hit,orig,2f_top500,pread,128,6,0,0.00,100.00,180.12,3275.73,223.93,3051.80,,,3455.85,3231.92,1.57,10.00,60.00,1.38,19487756,2026-09-18T06:12:41Z
C_hit,orig,2f_top500,async,128,6,0,0.00,44.20,178.78,883.90,221.25,662.65,,,1062.68,841.43,1.57,11.00,60.00,1.38,19487416,2026-09-18T06:12:41Z
C_hit,orig,2f_top500,async_win,128,6,0,0.00,31.60,180.52,686.61,222.80,372.07,91.74,138.00,867.13,552.59,1.58,11.00,60.00,1.38,19475460,2026-09-18T06:12:41Z
C_hit,orig,2f_top500,async_bulk,128,6,0,0.00,32.80,182.56,668.21,230.23,346.69,91.28,138.00,850.77,529.25,1.61,11.00,60.00,1.38,19478416,2026-09-18T06:12:42Z
C_hit,orig,2f_slru,pread,128,6,0,0.00,100.00,92.18,4568.11,224.75,4343.35,,,4660.29,4435.53,1.54,0.00,62.00,1.38,19480264,2026-09-18T06:12:42Z
C_hit,orig,2f_slru,async,128,6,0,0.00,100.00,98.61,1607.56,224.52,1383.04,,,1706.17,1481.65,1.57,0.00,62.00,1.38,19481752,2026-09-18T06:12:42Z
C_hit,orig,2f_slru,async_win,128,6,0,0.00,100.00,95.60,798.39,224.42,445.46,128.51,29.00,893.99,541.06,1.54,0.00,62.00,1.38,19482044,2026-09-18T06:12:42Z
C_hit,orig,2f_slru,async_bulk,128,6,0,0.00,7.00,740.74,394.20,225.02,43.03,126.15,2.00,1134.94,783.77,1.65,40.00,56.00,1.38,19482048,2026-09-18T06:12:43Z
C_hit,orig,leaf_freq_K10,pread,128,6,0,0.00,100.00,592.82,811.87,224.54,587.32,,,1404.69,1180.14,1.67,39.00,57.00,1.35,19483116,2026-09-18T06:12:43Z
C_hit,orig,leaf_freq_K10,async,128,6,0,0.00,100.00,902.30,296.56,224.12,72.44,,,1198.86,974.74,1.69,41.00,57.00,1.35,19483792,2026-09-18T06:12:43Z
C_hit,orig,leaf_freq_K10,async_win,128,6,0,0.00,100.00,896.47,295.45,225.72,9.81,59.92,3.00,1191.92,906.28,1.69,41.00,57.00,1.35,19484308,2026-09-18T06:12:43Z
C_hit,orig,leaf_freq_K10,async_bulk,128,6,0,0.00,100.00,885.98,298.50,227.55,10.22,60.73,3.00,1184.48,896.20,1.67,41.00,57.00,1.35,19485428,2026-09-18T06:12:44Z
C_hit,orig,leaf_rand_K10,pread,128,6,0,0.00,100.00,988.38,1121.56,223.83,897.73,,,2109.94,1886.11,1.68,41.00,57.00,1.35,19461108,2026-09-18T06:12:44Z
C_hit,orig,leaf_rand_K10,async,128,6,0,0.00,100.00,994.60,302.44,225.04,77.40,,,1297.04,1072.00,1.68,41.00,57.00,1.35,19461324,2026-09-18T06:12:44Z
C_hit,orig,leaf_rand_K10,async_win,128,6,0,0.00,100.00,993.38,299.29,224.32,15.03,59.94,10.00,1292.67,1008.41,1.68,41.00,57.00,1.35,19460768,2026-09-18T06:12:45Z
C_hit,orig,leaf_rand_K10,async_bulk,128,6,0,0.00,100.00,980.40,301.32,226.12,14.47,60.72,10.00,1281.72,994.87,1.67,41.00,57.00,1.35,19460904,2026-09-18T06:12:45Z
C_hit,orig,learned_markov_14,pread,128,6,0,0.00,100.00,571.68,1103.15,223.10,880.05,,,1674.83,1451.73,1.66,37.00,61.00,1.35,19461620,2026-09-18T06:12:45Z
C_hit,orig,learned_markov_14,async,128,6,0,0.00,100.00,605.41,308.47,226.07,82.39,,,913.88,687.80,1.67,39.00,61.00,1.35,19461608,2026-09-18T06:12:45Z
C_hit,orig,learned_markov_14,async_win,128,6,0,0.00,100.00,638.28,301.46,224.30,16.15,61.01,6.00,939.74,654.43,1.68,39.00,61.00,1.35,19461856,2026-09-18T06:12:46Z
C_hit,orig,learned_markov_14,async_bulk,128,6,0,0.00,100.00,599.17,298.80,223.48,14.61,60.72,6.00,897.97,613.78,1.66,39.00,61.00,1.35,19462344,2026-09-18T06:12:46Z
C_hit,orig,learned_markov_28,pread,128,6,0,0.00,100.00,512.99,1100.21,222.30,877.91,,,1613.20,1390.90,1.67,36.00,61.00,1.35,19461888,2026-09-18T06:12:46Z
C_hit,orig,learned_markov_28,async,128,6,0,0.00,100.00,595.37,317.84,222.21,95.63,,,913.21,691.00,1.66,39.00,60.00,1.35,19462940,2026-09-18T06:12:46Z
C_hit,orig,learned_markov_28,async_win,128,6,0,0.00,100.00,544.36,310.62,223.02,25.70,61.91,8.00,854.98,570.06,1.69,39.00,60.00,1.35,19457356,2026-09-18T06:12:47Z
C_hit,orig,learned_markov_28,async_bulk,128,6,0,0.00,100.00,602.73,312.76,224.40,26.91,61.45,8.00,915.49,629.64,1.67,39.00,60.00,1.35,19457600,2026-09-18T06:12:47Z
A,orig,baseline,baseline,128,7,0,0.00,0.00,861.98,0.00,0.00,0.00,,,861.98,861.98,2.24,190.00,246.00,1.35,19457656,2026-09-18T06:12:47Z
B,orig,baseline,baseline,128,7,0,0.00,0.00,1069.81,0.00,0.00,0.00,,,1069.81,1069.81,2.21,192.00,251.00,1.35,19459972,2026-09-18T06:12:48Z
C,orig,baseline,baseline,128,7,0,0.00,0.00,912.55,0.00,0.00,0.00,,,912.55,912.55,1.57,20.00,28.00,1.40,19460808,2026-09-18T06:12:48Z
C_hit,orig,baseline,baseline,128,7,0,0.00,0.00,1002.65,0.00,0.00,0.00,,,1002.65,1002.65,1.66,41.00,57.00,1.40,19462256,2026-09-18T06:12:48Z
A,orig,layers_5,async,128,7,0,0.00,100.00,860.67,295.71,226.51,69.20,,,1156.38,929.87,2.15,190.00,245.00,1.40,19461860,2026-09-18T06:12:49Z
A,orig,layers_5,async_win,128,7,0,0.00,100.00,918.14,298.74,229.45,7.55,61.74,2.00,1216.88,925.69,2.14,190.00,245.00,1.40,19461644,2026-09-18T06:12:49Z
A,orig,layers_92,async,128,7,0,0.00,100.00,495.86,422.32,226.03,196.30,,,918.18,692.16,2.10,187.00,257.00,1.40,19461536,2026-09-18T06:12:49Z
A,orig,layers_92,async_win,128,7,0,0.00,100.00,535.60,430.19,226.37,138.00,65.82,87.00,965.79,673.60,2.15,187.00,257.00,1.40,19461860,2026-09-18T06:12:49Z
A,orig,2d,async,128,7,0,0.00,100.00,532.27,314.83,229.78,85.05,,,847.10,617.32,2.17,187.00,257.00,1.40,19461316,2026-09-18T06:12:50Z
A,orig,2d,async_win,128,7,0,0.00,100.00,561.38,309.45,225.92,21.52,62.01,13.00,870.83,582.90,2.14,187.00,257.00,1.40,19462152,2026-09-18T06:12:50Z
A,orig,2e_K10,async,128,7,0,0.00,100.00,558.31,327.88,225.64,102.23,,,886.19,660.54,2.16,190.00,259.00,1.40,19462668,2026-09-18T06:12:50Z
A,orig,2e_K10,async_win,128,7,0,0.00,100.00,558.46,323.76,226.44,37.53,59.78,23.00,882.22,595.99,2.12,190.00,259.00,1.40,19462616,2026-09-18T06:12:51Z
A,orig,2e_K500,async,128,7,0,0.00,100.00,717.58,1130.85,226.29,904.55,,,1848.43,1622.13,2.11,181.00,382.00,1.40,19463272,2026-09-18T06:12:51Z
A,orig,2e_K500,async_win,128,7,0,0.00,100.00,692.02,1005.57,233.93,680.28,91.36,446.00,1697.59,1372.30,2.14,181.00,384.00,1.40,19462860,2026-09-18T06:12:51Z
A,orig,2f_top14,async,128,7,0,0.00,100.00,600.38,308.66,227.51,81.15,,,909.04,681.53,2.19,189.00,257.00,1.40,19463464,2026-09-18T06:12:52Z
A,orig,2f_top14,async_win,128,7,0,0.00,100.00,567.68,308.52,227.14,19.46,61.93,13.00,876.20,587.14,2.19,189.00,257.00,1.40,19461980,2026-09-18T06:12:52Z
A,orig,2f_top28,async,128,7,0,0.00,100.00,538.69,343.15,242.10,101.05,,,881.84,639.74,2.21,192.00,266.00,1.40,19464108,2026-09-18T06:12:52Z
A,orig,2f_top28,async_win,128,7,0,0.00,100.00,559.70,335.97,226.07,46.29,63.61,27.00,895.67,605.99,2.16,192.00,266.00,1.40,19464196,2026-09-18T06:12:53Z
A,orig,2f_top100,async,128,7,0,0.00,100.00,593.49,445.62,235.73,209.88,,,1039.11,803.37,2.13,184.00,306.00,1.37,19463800,2026-09-18T06:12:53Z
A,orig,2f_top100,async_win,128,7,0,0.00,100.00,866.87,412.81,222.21,124.20,66.39,98.00,1279.68,991.07,2.13,184.00,305.00,1.37,19466260,2026-09-18T06:12:53Z
A,orig,2f_top500,async,128,7,0,0.00,100.00,723.76,1113.63,227.31,886.33,,,1837.39,1610.09,2.13,181.00,385.00,1.37,19466124,2026-09-18T06:12:54Z
A,orig,2f_top500,async_win,128,7,0,0.00,100.00,590.07,1034.07,226.90,717.50,89.68,438.00,1624.14,1307.57,2.09,181.00,386.00,1.37,19466608,2026-09-18T06:12:54Z
A,orig,2f_slru,async,128,7,0,0.00,100.00,96.98,7269.70,222.76,7046.94,,,7366.68,7143.92,1.56,0.00,278.00,1.37,19465936,2026-09-18T06:12:54Z
A,orig,2f_slru,async_win,128,7,0,0.00,87.00,98.36,2735.23,225.94,2098.74,410.55,139.00,2833.59,2197.10,1.55,0.00,278.00,1.37,19467164,2026-09-18T06:12:55Z
A,orig,leaf_freq_K10,async,128,7,0,0.00,100.00,933.27,301.05,226.09,74.96,,,1234.32,1008.23,2.15,192.00,247.00,1.37,19469340,2026-09-18T06:12:55Z
A,orig,leaf_freq_K10,async_win,128,7,0,0.00,100.00,934.60,302.77,226.19,15.96,60.62,10.00,1237.37,950.56,2.14,192.00,247.00,1.37,19470124,2026-09-18T06:12:55Z
A,orig,leaf_rand_K10,async,128,7,0,0.00,100.00,869.91,304.54,228.00,76.54,,,1174.45,946.45,2.13,190.00,246.00,1.37,19470936,2026-09-18T06:12:55Z
A,orig,leaf_rand_K10,async_win,128,7,0,0.00,100.00,836.06,303.40,226.84,15.26,61.30,10.00,1139.46,851.32,2.18,190.00,246.00,1.37,19470904,2026-09-18T06:12:56Z
A,orig,learned_markov_14,async,128,7,0,0.00,100.00,535.19,304.01,224.68,79.33,,,839.20,614.52,2.12,187.00,256.00,1.37,19471276,2026-09-18T06:12:56Z
A,orig,learned_markov_14,async_win,128,7,0,0.00,100.00,559.64,311.81,225.91,20.49,65.40,13.00,871.45,580.13,2.20,187.00,256.00,1.37,19471416,2026-09-18T06:12:56Z
A,orig,learned_markov_28,async,128,7,0,0.00,100.00,565.35,324.52,225.29,99.23,,,889.87,664.58,2.15,187.00,259.00,1.37,19473608,2026-09-18T06:12:57Z
A,orig,learned_markov_28,async_win,128,7,0,0.00,100.00,532.03,332.71,226.90,43.71,62.11,26.00,864.74,575.74,2.14,187.00,259.00,1.37,19463560,2026-09-18T06:12:57Z
B,orig,layers_5,async,128,7,0,0.00,100.00,1041.67,294.59,228.37,66.22,,,1336.26,1107.89,2.21,193.00,254.00,1.37,19478308,2026-09-18T06:12:57Z
B,orig,layers_5,async_win,128,7,0,0.00,100.00,1008.72,296.65,227.03,8.13,61.49,2.00,1305.37,1016.85,2.21,193.00,254.00,1.37,19478400,2026-09-18T06:12:58Z
B,orig,layers_92,async,128,7,0,0.00,100.00,629.38,432.09,226.06,206.04,,,1061.47,835.42,2.20,194.00,260.00,1.34,19479152,2026-09-18T06:12:58Z
B,orig,layers_92,async_win,128,7,0,0.00,100.00,661.37,401.17,227.27,109.14,64.77,87.00,1062.54,770.51,2.23,194.00,260.00,1.34,19480760,2026-09-18T06:12:58Z
B,orig,2d,async,128,7,0,0.00,100.00,662.80,310.29,225.34,84.95,,,973.09,747.75,2.22,194.00,260.00,1.34,19480940,2026-09-18T06:12:59Z
B,orig,2d,async_win,128,7,0,0.00,100.00,655.39,309.21,226.46,21.06,61.70,13.00,964.60,676.45,2.18,194.00,260.00,1.34,19493940,2026-09-18T06:12:59Z
B,orig,2e_K10,async,128,7,0,0.00,100.00,661.41,323.67,224.67,99.00,,,985.08,760.41,2.21,194.00,260.00,1.34,19495256,2026-09-18T06:12:59Z
B,orig,2e_K10,async_win,128,7,0,0.00,100.00,664.49,325.88,225.96,38.01,61.92,23.00,990.37,702.50,2.19,194.00,260.00,1.34,19495660,2026-09-18T06:13:00Z
B,orig,2e_K500,async,128,7,0,0.00,100.00,181.72,1082.06,226.56,855.51,,,1263.78,1037.23,2.17,183.00,331.00,1.34,19495064,2026-09-18T06:13:00Z
B,orig,2e_K500,async_win,128,7,0,0.00,100.00,182.80,993.40,224.55,678.84,90.01,449.00,1176.20,861.64,2.14,183.00,332.00,1.34,19495892,2026-09-18T06:13:00Z
B,orig,2f_top14,async,128,7,0,0.00,100.00,663.58,305.68,226.19,79.48,,,969.26,743.06,2.18,194.00,260.00,1.34,19496144,2026-09-18T06:13:01Z
B,orig,2f_top14,async_win,128,7,0,0.00,100.00,682.92,317.31,234.40,18.66,64.24,13.00,1000.23,701.58,2.27,194.00,260.00,1.34,19495172,2026-09-18T06:13:01Z
B,orig,2f_top28,async,128,7,0,0.00,100.00,660.77,335.65,227.69,107.96,,,996.42,768.73,2.20,194.00,259.00,1.34,19497856,2026-09-18T06:13:01Z
B,orig,2f_top28,async_win,128,7,0,0.00,100.00,658.80,327.10,225.83,39.33,61.94,27.00,985.90,698.13,2.18,194.00,259.00,1.34,19498220,2026-09-18T06:13:02Z
B,orig,2f_top100,async,128,7,0,0.00,100.00,182.68,428.76,229.36,199.40,,,611.44,382.08,2.18,193.00,274.00,1.34,19497328,2026-09-18T06:13:02Z
B,orig,2f_top100,async_win,128,7,0,0.00,100.00,178.14,424.83,226.50,132.44,65.89,94.00,602.97,310.58,2.18,193.00,275.00,1.34,19498156,2026-09-18T06:13:02Z
B,orig,2f_top500,async,128,7,0,0.00,100.00,181.26,1063.77,226.40,837.37,,,1245.03,1018.63,2.15,183.00,334.00,1.34,19484596,2026-09-18T06:13:03Z
B,orig,2f_top500,async_win,128,7,0,0.00,100.00,184.98,1008.39,227.34,690.18,90.87,438.00,1193.37,875.16,2.17,183.00,334.00,1.31,19485392,2026-09-18T06:13:03Z
B,orig,2f_slru,async,128,7,0,0.00,100.00,99.61,7229.41,224.60,7004.81,,,7329.02,7104.42,1.60,0.00,278.00,1.31,19483888,2026-09-18T06:13:03Z
B,orig,2f_slru,async_win,128,7,0,0.00,42.00,97.41,4445.70,1209.60,2097.16,1138.93,138.00,4543.11,2194.57,1.64,0.00,278.00,1.31,19484384,2026-09-18T06:13:03Z
B,orig,leaf_freq_K10,async,128,7,0,0.00,100.00,944.53,302.20,226.47,75.73,,,1246.73,1020.26,2.20,192.00,251.00,1.31,19486500,2026-09-18T06:13:04Z
B,orig,leaf_freq_K10,async_win,128,7,0,0.00,100.00,991.56,665.17,453.93,14.86,196.38,10.00,1656.73,1006.42,2.22,192.00,251.00,1.31,19485232,2026-09-18T06:13:04Z
B,orig,leaf_rand_K10,async,128,7,0,0.00,100.00,914.63,303.75,227.64,76.11,,,1218.38,990.74,2.28,192.00,251.00,1.31,19475116,2026-09-18T06:13:04Z
B,orig,leaf_rand_K10,async_win,128,7,0,0.00,100.00,1031.18,308.81,231.80,15.78,61.23,10.00,1339.99,1046.96,2.22,192.00,251.00,1.31,19473856,2026-09-18T06:13:05Z
B,orig,learned_markov_14,async,128,7,0,0.00,100.00,628.65,307.56,225.75,81.81,,,936.21,710.46,2.17,194.00,259.00,1.31,19472408,2026-09-18T06:13:05Z
B,orig,learned_markov_14,async_win,128,7,0,0.00,100.00,662.73,308.08,226.59,20.06,61.44,13.00,970.81,682.79,2.21,194.00,259.00,1.31,19473496,2026-09-18T06:13:05Z
B,orig,learned_markov_28,async,128,7,0,0.00,100.00,661.41,328.35,226.09,102.26,,,989.76,763.67,2.17,193.00,265.00,1.31,19474148,2026-09-18T06:13:06Z
B,orig,learned_markov_28,async_win,128,7,0,0.00,100.00,659.70,223.66,120.64,41.09,61.94,26.00,883.36,700.79,2.19,193.00,264.00,1.31,19473756,2026-09-18T06:13:06Z
C,orig,layers_5,async,128,7,0,0.00,100.00,981.54,303.61,234.80,68.81,,,1285.15,1050.35,1.57,20.00,28.00,1.31,19473872,2026-09-18T06:13:06Z
C,orig,layers_5,async_win,128,7,0,0.00,100.00,977.10,306.17,237.57,7.96,60.64,2.00,1283.27,985.06,1.59,20.00,28.00,1.31,19468732,2026-09-18T06:13:07Z
C,orig,layers_92,async,128,7,0,0.00,100.00,639.07,434.33,238.69,195.64,,,1073.40,834.71,1.59,20.00,30.00,1.31,19471248,2026-09-18T06:13:07Z
C,orig,layers_92,async_win,128,7,0,0.00,100.00,656.15,420.29,232.30,122.65,65.34,87.00,1076.44,778.80,1.57,20.00,30.00,1.31,19468128,2026-09-18T06:13:07Z
C,orig,2d,async,128,7,0,0.00,100.00,633.52,301.45,233.48,67.97,,,934.97,701.49,1.57,20.00,30.00,1.31,19469992,2026-09-18T06:13:07Z
C,orig,2d,async_win,128,7,0,0.00,100.00,627.96,303.40,234.69,7.56,61.15,2.00,931.36,635.52,1.58,20.00,30.00,1.31,19447392,2026-09-18T06:13:08Z
C,orig,2e_K10,async,128,7,0,0.00,100.00,541.75,309.97,230.48,79.49,,,851.72,621.24,1.65,20.00,33.00,1.37,19449888,2026-09-18T06:13:08Z
C,orig,2e_K10,async_win,128,7,0,0.00,100.00,626.34,311.33,233.89,16.46,60.98,8.00,937.67,642.80,1.60,20.00,33.00,1.37,19451612,2026-09-18T06:13:08Z
C,orig,2e_K500,async,128,7,0,0.00,67.50,187.85,699.04,233.59,465.45,,,886.89,653.30,1.52,0.00,37.00,1.37,19453612,2026-09-18T06:13:08Z
C,orig,2e_K500,async_win,128,7,0,0.00,45.90,182.36,563.79,232.78,248.42,82.59,90.00,746.15,430.78,1.53,0.00,37.00,1.37,19454828,2026-09-18T06:13:09Z
C,orig,2f_top14,async,128,7,0,0.00,100.00,668.39,312.83,233.62,79.21,,,981.22,747.60,1.60,20.00,36.00,1.37,19453936,2026-09-18T06:13:09Z
C,orig,2f_top14,async_win,128,7,0,0.00,100.00,630.60,308.90,233.28,15.05,60.57,9.00,939.50,645.65,1.61,20.00,35.00,1.37,19455944,2026-09-18T06:13:09Z
C,orig,2f_top28,async,128,7,0,0.00,100.00,606.61,329.50,233.22,96.28,,,936.11,702.89,1.58,19.00,36.00,1.37,19455760,2026-09-18T06:13:10Z
C,orig,2f_top28,async_win,128,7,0,0.00,100.00,521.86,327.23,231.17,34.07,61.98,13.00,849.09,555.93,1.57,19.00,35.00,1.37,19455488,2026-09-18T06:13:10Z
C,orig,2f_top100,async,128,7,0,0.00,100.00,527.46,415.24,235.92,179.32,,,942.70,706.78,1.57,14.00,37.00,1.37,19454396,2026-09-18T06:13:10Z
C,orig,2f_top100,async_win,128,7,0,0.00,100.00,528.21,393.56,232.77,82.96,77.84,32.00,921.77,611.17,1.59,14.00,36.00,1.37,19457612,2026-09-18T06:13:10Z
C,orig,2f_top500,async,128,7,0,0.00,100.00,97.55,954.16,233.96,720.20,,,1051.71,817.75,1.54,0.00,37.00,1.37,19459684,2026-09-18T06:13:11Z
C,orig,2f_top500,async_win,128,7,0,0.00,100.00,96.28,596.00,233.62,272.96,89.42,15.00,692.28,369.24,1.57,0.00,37.00,1.37,19460084,2026-09-18T06:13:11Z
C,orig,2f_slru,async,128,7,0,0.00,100.00,96.61,942.41,230.16,712.25,,,1039.02,808.86,1.58,0.00,37.00,1.37,19461068,2026-09-18T06:13:11Z
C,orig,2f_slru,async_win,128,7,0,0.00,100.00,98.18,588.45,228.76,270.12,89.57,15.00,686.63,368.30,1.56,0.00,37.00,1.37,19461212,2026-09-18T06:13:11Z
C,orig,leaf_freq_K10,async,128,7,0,0.00,100.00,1099.77,305.76,230.30,75.46,,,1405.53,1175.23,1.61,20.00,31.00,1.37,19460472,2026-09-18T06:13:12Z
C,orig,leaf_freq_K10,async_win,128,7,0,0.00,100.00,1035.59,308.45,233.08,13.31,62.06,6.00,1344.04,1048.90,1.60,20.00,31.00,1.37,19460344,2026-09-18T06:13:12Z
C,orig,leaf_rand_K10,async,128,7,0,0.00,100.00,1020.52,316.09,235.83,80.26,,,1336.61,1100.78,1.59,20.00,28.00,1.37,19463168,2026-09-18T06:13:12Z
C,orig,leaf_rand_K10,async_win,128,7,0,0.00,100.00,974.06,308.07,231.86,14.58,61.64,10.00,1282.13,988.64,1.61,20.00,28.00,1.37,19463596,2026-09-18T06:13:12Z
C,orig,learned_markov_14,async,128,7,0,0.00,100.00,667.68,312.27,229.09,83.18,,,979.95,750.86,1.61,20.00,35.00,1.37,19463996,2026-09-18T06:13:13Z
C,orig,learned_markov_14,async_win,128,7,0,0.00,100.00,640.10,311.99,234.02,15.97,62.00,9.00,952.09,656.07,1.60,20.00,36.00,1.42,19443680,2026-09-18T06:13:13Z
C,orig,learned_markov_28,async,128,7,0,0.00,100.00,629.77,330.93,232.77,98.16,,,960.70,727.93,1.59,19.00,35.00,1.42,19449156,2026-09-18T06:13:13Z
C,orig,learned_markov_28,async_win,128,7,0,0.00,100.00,601.67,326.30,231.01,32.22,63.07,13.00,927.97,633.89,1.59,19.00,36.00,1.42,19449700,2026-09-18T06:13:13Z
C_hit,orig,layers_5,async,128,7,0,0.00,100.00,984.48,304.24,234.54,69.70,,,1288.72,1054.18,1.69,41.00,57.00,1.42,19449636,2026-09-18T06:13:14Z
C_hit,orig,layers_5,async_win,128,7,0,0.00,100.00,983.31,306.30,233.23,9.82,63.25,2.00,1289.61,993.13,1.68,41.00,57.00,1.42,19450360,2026-09-18T06:13:14Z
C_hit,orig,layers_92,async,128,7,0,0.00,100.00,604.18,430.70,233.82,196.88,,,1034.88,801.06,1.69,39.00,60.00,1.42,19454520,2026-09-18T06:13:14Z
C_hit,orig,layers_92,async_win,128,7,0,0.00,100.00,629.28,426.29,230.22,129.54,66.53,87.00,1055.57,758.82,1.68,39.00,60.00,1.42,19456788,2026-09-18T06:13:15Z
C_hit,orig,2d,async,128,7,0,0.00,100.00,607.88,307.17,234.40,72.77,,,915.05,680.65,1.66,39.00,60.00,1.42,19457764,2026-09-18T06:13:15Z
C_hit,orig,2d,async_win,128,7,0,0.00,100.00,608.71,302.22,232.21,8.83,61.19,3.00,910.93,617.54,1.70,39.00,60.00,1.42,19458892,2026-09-18T06:13:15Z
C_hit,orig,2e_K10,async,128,7,0,0.00,100.00,1377.04,318.10,236.76,81.33,,,1695.14,1458.37,1.70,39.00,61.00,1.42,19459992,2026-09-18T06:13:15Z
C_hit,orig,2e_K10,async_win,128,7,0,0.00,100.00,641.37,312.00,233.26,15.51,63.23,6.00,953.37,656.88,1.68,39.00,61.00,1.42,19460152,2026-09-18T06:13:16Z
C_hit,orig,2e_K500,async,128,7,0,0.00,56.20,181.98,977.36,231.88,745.48,,,1159.34,927.46,1.60,11.00,59.00,1.42,19459364,2026-09-18T06:13:16Z
C_hit,orig,2e_K500,async_win,128,7,0,0.00,31.70,184.60,653.32,231.94,328.22,93.17,139.00,837.92,512.82,1.59,11.00,59.00,1.42,19464220,2026-09-18T06:13:16Z
C_hit,orig,2f_top14,async,128,7,0,0.00,100.00,613.01,312.59,232.50,80.09,,,925.60,693.10,1.70,39.00,61.00,1.42,19464688,2026-09-18T06:13:16Z
C_hit,orig,2f_top14,async_win,128,7,0,0.00,100.00,662.79,309.44,231.75,15.32,62.38,6.00,972.23,678.11,1.69,39.00,61.00,1.42,19464844,2026-09-18T06:13:17Z
C_hit,orig,2f_top28,async,128,7,0,0.00,100.00,608.17,342.90,230.87,112.03,,,951.07,720.20,1.69,39.00,60.00,1.42,19465660,2026-09-18T06:13:17Z
C_hit,orig,2f_top28,async_win,128,7,0,0.00,100.00,523.79,317.06,231.71,22.18,63.17,8.00,840.85,545.97,1.73,39.00,60.00,1.42,19467376,2026-09-18T06:13:17Z
C_hit,orig,2f_top100,async,128,7,0,0.00,100.00,531.12,422.70,232.42,190.29,,,953.82,721.41,1.69,34.00,62.00,1.42,19467472,2026-09-18T06:13:18Z
C_hit,orig,2f_top100,async_win,128,7,0,0.00,100.00,534.03,369.88,235.44,68.03,66.42,28.00,903.91,602.06,1.67,34.00,62.00,1.39,19469456,2026-09-18T06:13:18Z
C_hit,orig,2f_top500,async,128,7,0,0.00,61.40,183.78,969.95,231.04,738.91,,,1153.73,922.69,1.59,11.00,60.00,1.39,19453560,2026-09-18T06:13:18Z
C_hit,orig,2f_top500,async_win,128,7,0,0.00,39.00,182.26,696.65,240.20,359.55,96.90,138.00,878.91,541.81,1.61,11.00,60.00,1.39,19466040,2026-09-18T06:13:18Z
C_hit,orig,2f_slru,async,128,7,0,0.00,100.00,96.51,1679.93,233.82,1446.11,,,1776.44,1542.62,1.56,0.00,62.00,1.39,19467680,2026-09-18T06:13:19Z
C_hit,orig,2f_slru,async_win,128,7,0,0.00,100.00,98.69,791.48,261.63,402.73,127.12,29.00,890.17,501.42,1.57,0.00,62.00,1.39,19466344,2026-09-18T06:13:19Z
C_hit,orig,leaf_freq_K10,async,128,7,0,0.00,100.00,889.44,308.19,234.03,74.16,,,1197.63,963.60,1.68,41.00,57.00,1.39,19467468,2026-09-18T06:13:19Z
C_hit,orig,leaf_freq_K10,async_win,128,7,0,0.00,100.00,830.69,301.17,229.80,10.43,60.93,3.00,1131.86,841.12,1.69,41.00,57.00,1.39,19486308,2026-09-18T06:13:19Z
C_hit,orig,leaf_rand_K10,async,128,7,0,0.00,100.00,1023.11,307.92,233.22,74.70,,,1331.03,1097.81,1.68,41.00,57.00,1.39,19486808,2026-09-18T06:13:20Z
C_hit,orig,leaf_rand_K10,async_win,128,7,0,0.00,100.00,991.12,309.45,232.89,16.08,60.48,10.00,1300.57,1007.20,1.69,41.00,57.00,1.39,19487032,2026-09-18T06:13:20Z
C_hit,orig,learned_markov_14,async,128,7,0,0.00,100.00,645.27,312.56,231.73,80.83,,,957.83,726.10,1.68,39.00,61.00,1.39,19488896,2026-09-18T06:13:20Z
C_hit,orig,learned_markov_14,async_win,128,7,0,0.00,100.00,608.75,308.23,233.52,13.51,61.20,6.00,916.98,622.26,1.69,39.00,61.00,1.39,19488756,2026-09-18T06:13:21Z
C_hit,orig,learned_markov_28,async,128,7,0,0.00,100.00,603.40,326.61,231.44,95.17,,,930.01,698.57,1.70,39.00,60.00,1.39,19489320,2026-09-18T06:13:21Z
C_hit,orig,learned_markov_28,async_win,128,7,0,0.00,100.00,582.78,319.12,230.66,26.14,62.32,8.00,901.90,608.92,1.69,39.00,60.00,1.39,19492072,2026-09-18T06:13:21Z
A,orig,baseline,baseline,128,8,0,0.00,0.00,931.39,0.00,0.00,0.00,,,931.39,931.39,2.20,190.00,246.00,1.39,19491688,2026-09-18T06:13:21Z
B,orig,baseline,baseline,128,8,0,0.00,0.00,1063.98,0.00,0.00,0.00,,,1063.98,1063.98,2.22,192.00,251.00,1.39,19492988,2026-09-18T06:13:22Z
C,orig,baseline,baseline,128,8,0,0.00,0.00,910.45,0.00,0.00,0.00,,,910.45,910.45,1.60,20.00,28.00,1.39,19495812,2026-09-18T06:13:22Z
C_hit,orig,baseline,baseline,128,8,0,0.00,0.00,1008.87,0.00,0.00,0.00,,,1008.87,1008.87,1.68,41.00,57.00,1.39,19494828,2026-09-18T06:13:22Z
A,orig,layers_5,async,128,8,0,0.00,100.00,862.79,295.75,225.92,69.82,,,1158.54,932.61,2.16,190.00,245.00,1.39,19494680,2026-09-18T06:13:23Z
A,orig,layers_5,async_win,128,8,0,0.00,100.00,875.00,295.86,227.34,7.50,61.02,2.00,1170.86,882.50,2.24,190.00,245.00,1.35,19494692,2026-09-18T06:13:23Z
A,orig,layers_92,async,128,8,0,0.00,100.00,589.70,432.02,223.24,208.78,,,1021.72,798.48,2.17,187.00,257.00,1.35,19493508,2026-09-18T06:13:23Z
A,orig,layers_92,async_win,128,8,0,0.00,100.00,501.60,412.40,228.87,118.62,64.91,87.00,914.00,620.22,2.18,187.00,257.00,1.35,19487248,2026-09-18T06:13:24Z
A,orig,2d,async,128,8,0,0.00,100.00,535.26,311.57,227.15,84.43,,,846.83,619.69,2.19,187.00,257.00,1.35,19487440,2026-09-18T06:13:24Z
A,orig,2d,async_win,128,8,0,0.00,100.00,534.28,312.73,229.32,21.74,61.67,13.00,847.01,556.02,2.19,187.00,257.00,1.35,19488384,2026-09-18T06:13:24Z
A,orig,2e_K10,async,128,8,0,0.00,100.00,588.27,638.32,537.46,100.86,,,1226.59,689.13,2.17,190.00,259.00,1.35,19481876,2026-09-18T06:13:25Z
A,orig,2e_K10,async_win,128,8,0,0.00,100.00,499.45,322.07,228.19,32.07,61.82,23.00,821.52,531.52,2.14,190.00,259.00,1.35,19480480,2026-09-18T06:13:25Z
A,orig,2e_K500,async,128,8,0,0.00,100.00,717.01,1138.00,226.24,911.76,,,1855.01,1628.77,2.12,181.00,383.00,1.35,19482244,2026-09-18T06:13:25Z
A,orig,2e_K500,async_win,128,8,0,0.00,100.00,659.75,1019.60,232.09,695.08,92.43,446.00,1679.35,1354.83,2.14,181.00,385.00,1.35,19483520,2026-09-18T06:13:26Z
A,orig,2f_top14,async,128,8,0,0.00,100.00,608.80,305.95,226.15,79.81,,,914.75,688.61,2.14,189.00,257.00,1.35,19483392,2026-09-18T06:13:26Z
A,orig,2f_top14,async_win,128,8,0,0.00,100.00,562.75,303.76,222.33,19.77,61.67,13.00,866.51,582.52,2.12,189.00,257.00,1.35,19484236,2026-09-18T06:13:26Z
A,orig,2f_top28,async,128,8,0,0.00,100.00,600.50,326.09,226.81,99.29,,,926.59,699.79,2.24,192.00,266.00,1.35,19485040,2026-09-18T06:13:27Z
A,orig,2f_top28,async_win,128,8,0,0.00,100.00,604.84,327.91,224.65,39.53,63.72,27.00,932.75,644.37,2.16,192.00,266.00,1.35,19484740,2026-09-18T06:13:27Z
A,orig,2f_top100,async,128,8,0,0.00,100.00,592.46,433.04,224.27,208.77,,,1025.50,801.23,2.13,184.00,306.00,1.35,19485040,2026-09-18T06:13:27Z
A,orig,2f_top100,async_win,128,8,0,0.00,100.00,596.81,418.48,226.43,125.39,66.67,98.00,1015.29,722.20,2.15,184.00,306.00,1.35,19486012,2026-09-18T06:13:27Z
A,orig,2f_top500,async,128,8,0,0.00,100.00,592.77,1107.53,226.85,880.69,,,1700.30,1473.46,2.11,181.00,385.00,1.35,19485572,2026-09-18T06:13:28Z
A,orig,2f_top500,async_win,128,8,0,0.00,100.00,535.01,1010.63,230.59,685.55,94.49,438.00,1545.64,1220.56,2.22,181.00,387.00,1.33,19485584,2026-09-18T06:13:28Z
A,orig,2f_slru,async,128,8,0,0.00,100.00,99.43,7272.49,228.79,7043.70,,,7371.92,7143.13,1.58,0.00,278.00,1.33,19484492,2026-09-18T06:13:28Z
A,orig,2f_slru,async_win,128,8,0,0.00,97.10,97.84,2704.82,224.85,2082.93,397.04,139.00,2802.66,2180.77,1.60,0.00,278.00,1.33,19484276,2026-09-18T06:13:29Z
A,orig,leaf_freq_K10,async,128,8,0,0.00,100.00,834.44,300.98,226.62,74.36,,,1135.42,908.80,2.17,192.00,247.00,1.33,19486524,2026-09-18T06:13:29Z
A,orig,leaf_freq_K10,async_win,128,8,0,0.00,100.00,904.39,305.90,228.15,15.41,62.35,10.00,1210.29,919.80,2.17,192.00,247.00,1.33,19486792,2026-09-18T06:13:29Z
A,orig,leaf_rand_K10,async,128,8,0,0.00,100.00,842.24,307.70,229.22,78.48,,,1149.94,920.72,2.23,190.00,246.00,1.33,19487020,2026-09-18T06:13:30Z
A,orig,leaf_rand_K10,async_win,128,8,0,0.00,100.00,876.43,305.57,226.46,18.15,60.97,10.00,1182.00,894.58,2.16,190.00,246.00,1.33,19487016,2026-09-18T06:13:30Z
A,orig,learned_markov_14,async,128,8,0,0.00,100.00,541.61,314.57,227.57,87.00,,,856.18,628.61,2.18,187.00,256.00,1.33,19487392,2026-09-18T06:13:30Z
A,orig,learned_markov_14,async_win,128,8,0,0.00,100.00,534.84,314.88,229.90,20.21,64.77,13.00,849.72,555.05,2.24,187.00,256.00,1.33,19487000,2026-09-18T06:13:31Z
A,orig,learned_markov_28,async,128,8,0,0.00,100.00,531.92,332.93,226.92,106.01,,,864.85,637.93,2.15,187.00,259.00,1.33,19486368,2026-09-18T06:13:31Z
A,orig,learned_markov_28,async_win,128,8,0,0.00,100.00,535.65,327.82,225.40,40.22,62.20,26.00,863.47,575.87,2.15,187.00,259.00,1.33,19487796,2026-09-18T06:13:31Z
B,orig,layers_5,async,128,8,0,0.00,100.00,1002.22,299.26,229.01,70.25,,,1301.48,1072.47,2.21,193.00,254.00,1.33,19488664,2026-09-18T06:13:32Z
B,orig,layers_5,async_win,128,8,0,0.00,100.00,1009.16,296.78,227.49,8.38,60.91,2.00,1305.94,1017.54,2.19,193.00,254.00,1.33,19488708,2026-09-18T06:13:32Z
B,orig,layers_92,async,128,8,0,0.00,100.00,660.08,438.01,225.88,212.13,,,1098.09,872.21,2.23,194.00,260.00,1.33,19489624,2026-09-18T06:13:32Z
B,orig,layers_92,async_win,128,8,0,0.00,100.00,670.26,412.62,228.88,118.07,65.66,87.00,1082.88,788.33,2.26,194.00,260.00,1.33,19489792,2026-09-18T06:13:33Z
B,orig,2d,async,128,8,0,0.00,100.00,665.94,310.06,226.39,83.68,,,976.00,749.62,2.23,194.00,260.00,1.38,19489024,2026-09-18T06:13:33Z
B,orig,2d,async_win,128,8,0,0.00,100.00,597.24,309.67,224.88,23.15,61.64,13.00,906.91,620.39,2.17,194.00,260.00,1.38,19489980,2026-09-18T06:13:33Z
B,orig,2e_K10,async,128,8,0,0.00,100.00,526.76,324.15,226.88,97.27,,,850.91,624.03,2.21,194.00,260.00,1.38,19490840,2026-09-18T06:13:34Z
B,orig,2e_K10,async_win,128,8,0,0.00,100.00,657.17,326.62,227.41,36.72,62.50,23.00,983.79,693.89,2.21,194.00,260.00,1.38,19490132,2026-09-18T06:13:34Z
B,orig,2e_K500,async,128,8,0,0.00,100.00,182.74,1128.17,224.56,903.61,,,1310.91,1086.35,2.20,183.00,331.00,1.38,19485360,2026-09-18T06:13:34Z
B,orig,2e_K500,async_win,128,8,0,0.00,100.00,183.24,1015.99,224.90,698.65,92.43,449.00,1199.23,881.89,2.15,183.00,332.00,1.38,19486340,2026-09-18T06:13:35Z
B,orig,2f_top14,async,128,8,0,0.00,100.00,627.64,305.60,226.02,79.58,,,933.24,707.22,2.16,194.00,260.00,1.38,19487128,2026-09-18T06:13:35Z
B,orig,2f_top14,async_win,128,8,0,0.00,100.00,632.51,306.06,225.00,18.75,62.30,13.00,938.57,651.26,2.29,194.00,260.00,1.38,19485796,2026-09-18T06:13:35Z
B,orig,2f_top28,async,128,8,0,0.00,100.00,661.92,328.71,226.43,102.28,,,990.63,764.20,2.22,194.00,259.00,1.38,19486184,2026-09-18T06:13:36Z
B,orig,2f_top28,async_win,128,8,0,0.00,100.00,644.85,328.67,225.08,41.33,62.26,27.00,973.52,686.18,2.21,194.00,259.00,1.38,19485876,2026-09-18T06:13:36Z
B,orig,2f_top100,async,128,8,0,0.00,100.00,182.91,501.70,315.86,185.84,,,684.61,368.75,2.37,193.00,275.00,1.38,19484612,2026-09-18T06:13:36Z
B,orig,2f_top100,async_win,128,8,0,0.00,100.00,186.58,421.92,225.06,130.66,66.20,94.00,608.50,317.24,2.20,193.00,275.00,1.38,19480560,2026-09-18T06:13:37Z
B,orig,2f_top500,async,128,8,0,0.00,100.00,187.71,1107.37,227.17,880.21,,,1295.08,1067.92,2.16,183.00,337.00,1.38,19481372,2026-09-18T06:13:37Z
B,orig,2f_top500,async_win,128,8,0,0.00,100.00,183.97,1023.87,228.04,704.52,91.30,438.00,1207.84,888.49,2.15,183.00,338.00,1.38,19481112,2026-09-18T06:13:37Z
B,orig,2f_slru,async,128,8,0,0.00,100.00,97.90,7277.35,226.39,7050.97,,,7375.25,7148.87,1.66,0.00,278.00,1.38,19480008,2026-09-18T06:13:37Z
B,orig,2f_slru,async_win,128,8,0,0.00,92.00,97.42,2679.00,225.27,2047.07,406.65,138.00,2776.42,2144.49,1.63,0.00,278.00,1.38,19481236,2026-09-18T06:13:38Z
B,orig,leaf_freq_K10,async,128,8,0,0.00,100.00,1004.61,300.95,226.39,74.56,,,1305.56,1079.17,2.20,192.00,251.00,1.35,19482100,2026-09-18T06:13:38Z
B,orig,leaf_freq_K10,async_win,128,8,0,0.00,100.00,987.17,306.57,229.27,15.40,61.90,10.00,1293.74,1002.57,2.21,192.00,251.00,1.35,19482852,2026-09-18T06:13:38Z
B,orig,leaf_rand_K10,async,128,8,0,0.00,100.00,1070.18,307.77,227.65,80.12,,,1377.95,1150.30,2.27,192.00,251.00,1.35,19483900,2026-09-18T06:13:39Z
B,orig,leaf_rand_K10,async_win,128,8,0,0.00,100.00,1019.12,303.66,227.33,15.47,60.87,10.00,1322.78,1034.59,2.24,192.00,251.00,1.35,19481676,2026-09-18T06:13:39Z
B,orig,learned_markov_14,async,128,8,0,0.00,100.00,661.74,314.48,233.56,80.92,,,976.22,742.66,2.19,194.00,259.00,1.35,19463880,2026-09-18T06:13:39Z
B,orig,learned_markov_14,async_win,128,8,0,0.00,100.00,664.99,316.37,236.34,17.91,62.12,13.00,981.36,682.90,2.28,194.00,259.00,1.35,19471336,2026-09-18T06:13:40Z
B,orig,learned_markov_28,async,128,8,0,0.00,100.00,677.87,343.62,236.18,107.43,,,1021.49,785.30,2.22,193.00,264.00,1.35,19491152,2026-09-18T06:13:40Z
B,orig,learned_markov_28,async_win,128,8,0,0.00,100.00,658.82,330.27,227.92,40.14,62.22,26.00,989.09,698.96,2.21,193.00,264.00,1.35,19493064,2026-09-18T06:13:40Z
C,orig,layers_5,async,128,8,0,0.00,100.00,987.26,311.05,241.71,69.34,,,1298.31,1056.60,1.60,20.00,28.00,1.35,19492396,2026-09-18T06:13:41Z
C,orig,layers_5,async_win,128,8,0,0.00,100.00,1023.01,306.64,238.10,7.46,61.08,2.00,1329.65,1030.47,1.62,20.00,28.00,1.35,19492872,2026-09-18T06:13:41Z
C,orig,layers_92,async,128,8,0,0.00,100.00,647.31,434.44,236.11,198.32,,,1081.75,845.63,1.62,20.00,30.00,1.35,19492068,2026-09-18T06:13:41Z
C,orig,layers_92,async_win,128,8,0,0.00,100.00,669.56,429.29,233.95,129.76,65.57,87.00,1098.85,799.32,1.60,20.00,30.00,1.35,19492924,2026-09-18T06:13:41Z
C,orig,2d,async,128,8,0,0.00,100.00,872.02,302.12,234.62,67.50,,,1174.14,939.52,1.73,20.00,30.00,1.35,19493444,2026-09-18T06:13:42Z
C,orig,2d,async_win,128,8,0,0.00,100.00,598.82,299.83,232.12,6.60,61.12,2.00,898.65,605.42,1.61,20.00,30.00,1.35,19494512,2026-09-18T06:13:42Z
C,orig,2e_K10,async,128,8,0,0.00,100.00,545.17,313.90,232.15,81.75,,,859.07,626.92,1.60,20.00,33.00,1.35,19496052,2026-09-18T06:13:42Z
C,orig,2e_K10,async_win,128,8,0,0.00,100.00,657.23,311.38,234.11,16.61,60.66,8.00,968.61,673.84,1.59,20.00,33.00,1.35,19495864,2026-09-18T06:13:42Z
C,orig,2e_K500,async,128,8,0,0.00,67.50,180.05,712.83,232.15,480.68,,,892.88,660.73,1.54,0.00,37.00,1.35,19496144,2026-09-18T06:13:43Z
C,orig,2e_K500,async_win,128,8,0,0.00,45.90,185.01,535.35,232.79,220.60,81.95,90.00,720.36,405.61,1.57,0.00,37.00,1.32,19495584,2026-09-18T06:13:43Z
C,orig,2f_top14,async,128,8,0,0.00,100.00,607.34,312.18,234.32,77.86,,,919.52,685.20,1.60,20.00,35.00,1.32,19496588,2026-09-18T06:13:43Z
C,orig,2f_top14,async_win,128,8,0,0.00,100.00,627.76,308.16,232.13,15.38,60.65,9.00,935.92,643.14,1.60,20.00,35.00,1.32,19497748,2026-09-18T06:13:44Z
C,orig,2f_top28,async,128,8,0,0.00,100.00,549.03,334.82,234.31,100.51,,,883.85,649.54,1.61,19.00,35.00,1.32,19498060,2026-09-18T06:13:44Z
C,orig,2f_top28,async_win,128,8,0,0.00,100.00,631.62,322.00,233.03,26.38,62.60,13.00,953.62,658.00,1.58,19.00,35.00,1.32,19495744,2026-09-18T06:13:44Z
C,orig,2f_top100,async,128,8,0,0.00,100.00,545.61,426.06,234.88,191.18,,,971.67,736.79,1.59,14.00,36.00,1.32,19497588,2026-09-18T06:13:44Z
C,orig,2f_top100,async_win,128,8,0,0.00,100.00,528.08,370.27,232.57,72.00,65.70,32.00,898.35,600.08,1.58,14.00,36.00,1.32,19498624,2026-09-18T06:13:45Z
C,orig,2f_top500,async,128,8,0,0.00,100.00,97.13,1032.93,234.37,798.56,,,1130.06,895.69,1.56,0.00,37.00,1.32,19499636,2026-09-18T06:13:45Z
C,orig,2f_top500,async_win,128,8,0,0.00,100.00,98.50,533.94,233.59,211.42,88.94,15.00,632.44,309.92,1.53,0.00,37.00,1.32,19478364,2026-09-18T06:13:45Z
C,orig,2f_slru,async,128,8,0,0.00,100.00,97.45,1081.78,235.27,846.51,,,1179.23,943.96,1.55,0.00,37.00,1.32,19474196,2026-09-18T06:13:45Z
C,orig,2f_slru,async_win,128,8,0,0.00,100.00,92.98,536.55,233.16,215.51,87.89,15.00,629.53,308.49,1.55,0.00,37.00,1.32,19474452,2026-09-18T06:13:46Z
C,orig,leaf_freq_K10,async,128,8,0,0.00,100.00,1101.94,305.01,230.99,74.02,,,1406.95,1175.96,1.62,20.00,31.00,1.32,19473160,2026-09-18T06:13:46Z
C,orig,leaf_freq_K10,async_win,128,8,0,0.00,100.00,1020.58,306.77,233.29,12.53,60.94,6.00,1327.35,1033.11,1.60,20.00,31.00,1.32,19472536,2026-09-18T06:13:46Z
C,orig,leaf_rand_K10,async,128,8,0,0.00,100.00,1030.24,303.30,228.69,74.61,,,1333.54,1104.85,1.62,20.00,28.00,1.32,19472424,2026-09-18T06:13:46Z
C,orig,leaf_rand_K10,async_win,128,8,0,0.00,100.00,1053.53,308.84,232.40,15.07,61.38,10.00,1362.37,1068.60,1.59,20.00,28.00,1.32,19472492,2026-09-18T06:13:47Z
C,orig,learned_markov_14,async,128,8,0,0.00,100.00,631.93,314.13,236.47,77.67,,,946.06,709.60,1.59,20.00,35.00,1.32,19472552,2026-09-18T06:13:47Z
C,orig,learned_markov_14,async_win,128,8,0,0.00,100.00,631.85,312.02,231.93,18.03,62.06,9.00,943.87,649.88,1.60,20.00,36.00,1.32,19472252,2026-09-18T06:13:47Z
C,orig,learned_markov_28,async,128,8,0,0.00,100.00,597.10,330.19,231.30,98.89,,,927.29,695.99,1.61,19.00,35.00,1.32,19472932,2026-09-18T06:13:48Z
C,orig,learned_markov_28,async_win,128,8,0,0.00,100.00,608.18,321.99,229.13,26.87,65.98,13.00,930.17,635.05,1.61,19.00,35.00,1.32,19473148,2026-09-18T06:13:48Z
C_hit,orig,layers_5,async,128,8,0,0.00,100.00,982.12,301.88,233.27,68.61,,,1284.00,1050.73,1.70,41.00,57.00,1.29,19473476,2026-09-18T06:13:48Z
C_hit,orig,layers_5,async_win,128,8,0,0.00,100.00,937.52,297.65,228.61,7.67,61.37,2.00,1235.17,945.19,1.69,41.00,57.00,1.29,19474696,2026-09-18T06:13:48Z
C_hit,orig,layers_92,async,128,8,0,0.00,100.00,630.16,432.48,232.17,200.32,,,1062.64,830.48,1.70,39.00,60.00,1.29,19474844,2026-09-18T06:13:49Z
C_hit,orig,layers_92,async_win,128,8,0,0.00,100.00,629.45,416.75,233.48,111.60,71.67,87.00,1046.20,741.05,1.68,39.00,60.00,1.29,19474564,2026-09-18T06:13:49Z
C_hit,orig,2d,async,128,8,0,0.00,100.00,602.80,301.87,232.30,69.57,,,904.67,672.37,1.67,39.00,60.00,1.29,19475668,2026-09-18T06:13:49Z
C_hit,orig,2d,async_win,128,8,0,0.00,100.00,1188.56,303.02,233.20,8.04,61.78,3.00,1491.58,1196.60,1.70,39.00,60.00,1.29,19476968,2026-09-18T06:13:49Z
C_hit,orig,2e_K10,async,128,8,0,0.00,100.00,594.39,316.27,235.00,81.27,,,910.66,675.66,1.66,39.00,61.00,1.29,19476612,2026-09-18T06:13:50Z
C_hit,orig,2e_K10,async_win,128,8,0,0.00,100.00,600.32,310.79,234.35,15.00,61.44,6.00,911.11,615.32,1.69,39.00,61.00,1.29,19477460,2026-09-18T06:13:50Z
C_hit,orig,2e_K500,async,128,8,0,0.00,57.40,179.73,934.28,233.49,700.79,,,1114.01,880.52,1.60,11.00,59.00,1.29,19480256,2026-09-18T06:13:50Z
C_hit,orig,2e_K500,async_win,128,8,0,0.00,39.00,183.88,670.38,232.96,344.97,92.45,139.00,854.26,528.85,1.62,11.00,59.00,1.29,19462648,2026-09-18T06:13:50Z
C_hit,orig,2f_top14,async,128,8,0,0.00,100.00,531.58,323.91,242.72,81.19,,,855.49,612.77,1.71,39.00,61.00,1.29,19464528,2026-09-18T06:13:51Z
C_hit,orig,2f_top14,async_win,128,8,0,0.00,100.00,596.05,307.71,230.08,15.64,61.99,6.00,903.76,611.69,1.73,39.00,61.00,1.29,19464640,2026-09-18T06:13:51Z
C_hit,orig,2f_top28,async,128,8,0,0.00,100.00,626.74,321.75,225.57,96.17,,,948.49,722.91,1.68,39.00,60.00,1.29,19466156,2026-09-18T06:13:51Z
C_hit,orig,2f_top28,async_win,128,8,0,0.00,100.00,610.05,321.05,233.56,24.94,62.56,8.00,931.10,634.99,1.70,39.00,60.00,1.29,19466692,2026-09-18T06:13:52Z
C_hit,orig,2f_top100,async,128,8,0,0.00,100.00,664.79,407.23,231.13,176.09,,,1072.02,840.88,1.70,34.00,62.00,1.29,19466948,2026-09-18T06:13:52Z
C_hit,orig,2f_top100,async_win,128,8,0,0.00,100.00,608.02,375.08,231.98,76.70,66.41,28.00,983.10,684.72,1.67,34.00,62.00,1.29,19467232,2026-09-18T06:13:52Z
C_hit,orig,2f_top500,async,128,8,0,0.00,73.20,186.06,920.22,232.75,687.47,,,1106.28,873.53,1.63,11.00,60.00,1.29,19467252,2026-09-18T06:13:52Z
C_hit,orig,2f_top500,async_win,128,8,0,0.00,39.00,179.18,702.88,229.74,383.14,90.00,138.00,882.06,562.32,1.60,11.00,60.00,1.29,19467788,2026-09-18T06:13:53Z
C_hit,orig,2f_slru,async,128,8,0,0.00,100.00,94.99,1611.42,233.67,1377.75,,,1706.41,1472.74,1.56,0.00,62.00,1.27,19468608,2026-09-18T06:13:53Z
C_hit,orig,2f_slru,async_win,128,8,0,0.00,100.00,94.44,762.63,227.99,407.44,127.21,29.00,857.07,501.88,1.58,0.00,62.00,1.27,19468096,2026-09-18T06:13:53Z
C_hit,orig,leaf_freq_K10,async,128,8,0,0.00,100.00,930.28,306.54,233.13,73.41,,,1236.82,1003.69,1.70,41.00,57.00,1.27,19468884,2026-09-18T06:13:54Z
C_hit,orig,leaf_freq_K10,async_win,128,8,0,0.00,100.00,922.06,303.70,232.59,10.71,60.40,3.00,1225.76,932.77,1.68,41.00,57.00,1.27,19467720,2026-09-18T06:13:54Z
C_hit,orig,leaf_rand_K10,async,128,8,0,0.00,100.00,982.88,310.53,233.81,76.72,,,1293.41,1059.60,1.67,41.00,57.00,1.27,19467520,2026-09-18T06:13:54Z
C_hit,orig,leaf_rand_K10,async_win,128,8,0,0.00,100.00,915.02,311.36,233.53,16.87,60.95,10.00,1226.38,931.89,1.68,41.00,57.00,1.27,19468972,2026-09-18T06:13:54Z
C_hit,orig,learned_markov_14,async,128,8,0,0.00,100.00,514.07,311.60,233.21,78.39,,,825.67,592.46,1.68,39.00,61.00,1.27,19469940,2026-09-18T06:13:55Z
C_hit,orig,learned_markov_14,async_win,128,8,0,0.00,100.00,630.85,310.31,232.49,15.79,62.04,6.00,941.16,646.64,1.69,39.00,61.00,1.27,19470456,2026-09-18T06:13:55Z
C_hit,orig,learned_markov_28,async,128,8,0,0.00,100.00,606.44,331.54,233.12,98.42,,,937.98,704.86,1.68,39.00,60.00,1.27,19470704,2026-09-18T06:13:55Z
C_hit,orig,learned_markov_28,async_win,128,8,0,0.00,100.00,542.36,319.77,234.09,24.10,61.59,8.00,862.13,566.46,1.67,39.00,60.00,1.27,19471140,2026-09-18T06:13:55Z
A,orig,baseline,baseline,128,9,0,0.00,0.00,891.93,0.00,0.00,0.00,,,891.93,891.93,2.21,190.00,246.00,1.27,19454644,2026-09-18T06:13:56Z
B,orig,baseline,baseline,128,9,0,0.00,0.00,1542.56,0.00,0.00,0.00,,,1542.56,1542.56,2.26,192.00,251.00,1.27,19455744,2026-09-18T06:13:56Z
C,orig,baseline,baseline,128,9,0,0.00,0.00,1054.12,0.00,0.00,0.00,,,1054.12,1054.12,1.61,20.00,28.00,1.27,19458444,2026-09-18T06:13:56Z
C_hit,orig,baseline,baseline,128,9,0,0.00,0.00,1005.19,0.00,0.00,0.00,,,1005.19,1005.19,1.68,41.00,57.00,1.27,19459264,2026-09-18T06:13:57Z
A,orig,layers_5,async,128,9,0,0.00,100.00,859.18,295.96,226.25,69.71,,,1155.14,928.89,2.17,190.00,245.00,1.27,19459212,2026-09-18T06:13:57Z
A,orig,layers_5,async_win,128,9,0,0.00,100.00,859.71,295.19,226.71,7.96,60.52,2.00,1154.90,867.67,2.18,190.00,245.00,1.27,19461916,2026-09-18T06:13:57Z
A,orig,layers_92,async,128,9,0,0.00,100.00,559.12,637.73,435.35,202.38,,,1196.85,761.50,2.14,187.00,257.00,1.27,19461124,2026-09-18T06:13:58Z
A,orig,layers_92,async_win,128,9,0,0.00,100.00,597.78,418.19,227.85,124.33,66.00,87.00,1015.97,722.11,2.19,187.00,257.00,1.25,19461784,2026-09-18T06:13:58Z
A,orig,2d,async,128,9,0,0.00,100.00,502.81,311.53,227.14,84.39,,,814.34,587.20,2.13,187.00,257.00,1.25,19463496,2026-09-18T06:13:58Z
A,orig,2d,async_win,128,9,0,0.00,100.00,528.80,400.11,231.59,22.00,146.52,13.00,928.91,550.80,2.21,187.00,257.00,1.25,19463392,2026-09-18T06:13:59Z
A,orig,2e_K10,async,128,9,0,0.00,100.00,595.06,328.69,224.86,103.83,,,923.75,698.89,2.17,190.00,259.00,1.25,19466508,2026-09-18T06:13:59Z
A,orig,2e_K10,async_win,128,9,0,0.00,100.00,567.81,330.50,230.50,37.97,62.03,23.00,898.31,605.78,2.16,190.00,259.00,1.25,19466904,2026-09-18T06:13:59Z
A,orig,2e_K500,async,128,9,0,0.00,100.00,940.93,1094.70,227.66,867.04,,,2035.63,1807.97,2.13,181.00,386.00,1.25,19469972,2026-09-18T06:14:00Z
A,orig,2e_K500,async_win,128,9,0,0.00,100.00,720.10,1051.31,225.78,732.98,92.55,446.00,1771.41,1453.08,2.13,181.00,386.00,1.25,19470020,2026-09-18T06:14:00Z
A,orig,2f_top14,async,128,9,0,0.00,100.00,598.23,306.74,225.89,80.84,,,904.97,679.07,2.18,189.00,257.00,1.25,19470176,2026-09-18T06:14:00Z
A,orig,2f_top14,async_win,128,9,0,0.00,100.00,577.01,312.16,229.41,19.81,62.94,13.00,889.17,596.82,2.25,189.00,257.00,1.25,19482992,2026-09-18T06:14:01Z
A,orig,2f_top28,async,128,9,0,0.00,100.00,593.78,322.85,221.70,101.15,,,916.63,694.93,2.18,192.00,266.00,1.25,19483800,2026-09-18T06:14:01Z
A,orig,2f_top28,async_win,128,9,0,0.00,100.00,562.28,329.12,226.91,38.68,63.53,27.00,891.40,600.96,2.14,192.00,266.00,1.25,19484428,2026-09-18T06:14:01Z
A,orig,2f_top100,async,128,9,0,0.00,100.00,602.13,434.54,229.00,205.54,,,1036.67,807.67,2.18,184.00,306.00,1.25,19474032,2026-09-18T06:14:01Z
A,orig,2f_top100,async_win,128,9,0,0.00,100.00,602.16,436.41,228.27,141.42,66.73,98.00,1038.57,743.58,2.17,184.00,306.00,1.25,19474996,2026-09-18T06:14:02Z
A,orig,2f_top500,async,128,9,0,0.00,100.00,714.35,1089.11,226.10,863.00,,,1803.46,1577.35,2.11,181.00,384.00,1.25,19476040,2026-09-18T06:14:02Z
A,orig,2f_top500,async_win,128,9,0,0.00,100.00,715.15,1005.89,226.34,688.01,91.54,438.00,1721.04,1403.16,2.12,181.00,386.00,1.25,19477472,2026-09-18T06:14:02Z
A,orig,2f_slru,async,128,9,0,0.00,100.00,97.38,7240.96,223.71,7017.25,,,7338.34,7114.63,1.60,0.00,278.00,1.25,19475352,2026-09-18T06:14:03Z
A,orig,2f_slru,async_win,128,9,0,0.00,83.10,96.83,2572.73,238.65,1925.66,408.42,139.00,2669.56,2022.49,1.59,0.00,278.00,1.23,19477808,2026-09-18T06:14:03Z
A,orig,leaf_freq_K10,async,128,9,0,0.00,100.00,932.08,313.06,236.93,76.13,,,1245.14,1008.21,2.20,192.00,247.00,1.23,19482440,2026-09-18T06:14:03Z
A,orig,leaf_freq_K10,async_win,128,9,0,0.00,100.00,900.74,302.92,226.03,16.34,60.54,10.00,1203.66,917.08,2.15,192.00,247.00,1.23,19483036,2026-09-18T06:14:04Z
A,orig,leaf_rand_K10,async,128,9,0,0.00,100.00,936.02,303.99,227.91,76.08,,,1240.01,1012.10,2.18,190.00,246.00,1.23,19482464,2026-09-18T06:14:04Z
A,orig,leaf_rand_K10,async_win,128,9,0,0.00,100.00,874.50,303.90,226.51,15.87,61.52,10.00,1178.40,890.37,2.19,190.00,246.00,1.23,19485964,2026-09-18T06:14:04Z
A,orig,learned_markov_14,async,128,9,0,0.00,100.00,533.90,302.22,223.58,78.64,,,836.12,612.54,2.18,187.00,256.00,1.23,19486428,2026-09-18T06:14:05Z
A,orig,learned_markov_14,async_win,128,9,0,0.00,100.00,561.69,309.53,228.21,19.07,62.26,13.00,871.22,580.76,2.17,187.00,256.00,1.23,19486824,2026-09-18T06:14:05Z
A,orig,learned_markov_28,async,128,9,0,0.00,100.00,541.95,325.81,225.99,99.83,,,867.76,641.78,2.19,187.00,259.00,1.23,19487836,2026-09-18T06:14:05Z
A,orig,learned_markov_28,async_win,128,9,0,0.00,100.00,536.34,334.56,235.01,34.78,64.76,26.00,870.90,571.12,2.31,187.00,259.00,1.23,19485592,2026-09-18T06:14:06Z
B,orig,layers_5,async,128,9,0,0.00,100.00,1050.81,296.59,227.57,69.02,,,1347.40,1119.83,2.25,193.00,254.00,1.23,19478764,2026-09-18T06:14:06Z
B,orig,layers_5,async_win,128,9,0,0.00,100.00,1041.51,291.21,223.67,7.12,60.41,2.00,1332.72,1048.63,2.21,193.00,254.00,1.23,19479504,2026-09-18T06:14:06Z
B,orig,layers_92,async,128,9,0,0.00,100.00,662.04,412.66,229.57,183.08,,,1074.70,845.12,2.27,194.00,260.00,1.23,19480416,2026-09-18T06:14:07Z
B,orig,layers_92,async_win,128,9,0,0.00,100.00,663.90,427.37,226.55,135.66,65.16,87.00,1091.27,799.56,2.23,194.00,260.00,1.23,19480296,2026-09-18T06:14:07Z
B,orig,2d,async,128,9,0,0.00,100.00,662.63,313.69,229.27,84.42,,,976.32,747.05,2.22,194.00,260.00,1.23,19480084,2026-09-18T06:14:07Z
B,orig,2d,async_win,128,9,0,0.00,100.00,662.70,317.17,229.41,22.81,64.94,13.00,979.87,685.51,2.28,194.00,260.00,1.23,19472412,2026-09-18T06:14:08Z
B,orig,2e_K10,async,128,9,0,0.00,100.00,662.20,332.00,228.67,103.33,,,994.20,765.53,2.22,194.00,260.00,1.21,19473304,2026-09-18T06:14:08Z
B,orig,2e_K10,async_win,128,9,0,0.00,100.00,628.47,326.34,223.90,40.23,62.22,23.00,954.81,668.70,2.22,194.00,260.00,1.21,19472692,2026-09-18T06:14:08Z
B,orig,2e_K500,async,128,9,0,0.00,100.00,181.90,1094.25,234.09,860.16,,,1276.15,1042.06,2.27,183.00,331.00,1.21,19473248,2026-09-18T06:14:09Z
B,orig,2e_K500,async_win,128,9,0,0.00,100.00,183.50,1063.43,229.24,741.88,92.31,449.00,1246.93,925.38,2.14,183.00,331.00,1.21,19473752,2026-09-18T06:14:09Z
B,orig,2f_top14,async,128,9,0,0.00,100.00,661.05,305.52,224.80,80.72,,,966.57,741.77,2.23,194.00,260.00,1.21,19474384,2026-09-18T06:14:09Z
B,orig,2f_top14,async_win,128,9,0,0.00,100.00,660.13,307.33,226.39,19.93,61.01,13.00,967.46,680.06,2.23,194.00,260.00,1.21,19474948,2026-09-18T06:14:10Z
B,orig,2f_top28,async,128,9,0,0.00,100.00,596.35,332.50,227.03,105.48,,,928.85,701.83,2.16,194.00,259.00,1.21,19477620,2026-09-18T06:14:10Z
B,orig,2f_top28,async_win,128,9,0,0.00,100.00,663.48,335.86,223.64,49.86,62.36,27.00,999.34,713.34,2.18,194.00,259.00,1.21,19477272,2026-09-18T06:14:10Z
B,orig,2f_top100,async,128,9,0,0.00,100.00,182.04,421.42,227.61,193.81,,,603.46,375.85,2.22,193.00,275.00,1.21,19477348,2026-09-18T06:14:11Z
B,orig,2f_top100,async_win,128,9,0,0.00,100.00,183.10,418.20,224.99,127.71,65.49,94.00,601.30,310.81,2.21,193.00,274.00,1.21,19477696,2026-09-18T06:14:11Z
B,orig,2f_top500,async,128,9,0,0.00,100.00,183.32,1113.58,224.98,888.60,,,1296.90,1071.92,2.15,183.00,337.00,1.21,19478192,2026-09-18T06:14:11Z
B,orig,2f_top500,async_win,128,9,0,0.00,100.00,184.12,995.54,227.42,677.01,91.11,438.00,1179.66,861.13,2.16,183.00,337.00,1.21,19478332,2026-09-18T06:14:12Z
B,orig,2f_slru,async,128,9,0,0.00,100.00,98.39,7247.01,225.39,7021.62,,,7345.40,7120.01,1.62,0.00,278.00,1.21,19475644,2026-09-18T06:14:12Z
B,orig,2f_slru,async_win,128,9,0,0.00,79.00,100.13,2587.20,226.53,1945.45,415.23,138.00,2687.33,2045.58,1.64,0.00,278.00,1.21,19476576,2026-09-18T06:14:12Z
B,orig,leaf_freq_K10,async,128,9,0,0.00,100.00,1019.55,299.94,225.51,74.43,,,1319.49,1093.98,2.22,192.00,251.00,1.21,19479280,2026-09-18T06:14:12Z
B,orig,leaf_freq_K10,async_win,128,9,0,0.00,100.00,1080.77,301.74,226.03,14.10,61.62,10.00,1382.51,1094.87,2.25,192.00,251.00,1.21,19459180,2026-09-18T06:14:13Z
B,orig,leaf_rand_K10,async,128,9,0,0.00,100.00,1063.81,301.03,225.84,75.19,,,1364.84,1139.00,2.23,192.00,251.00,1.19,19464300,2026-09-18T06:14:13Z
B,orig,leaf_rand_K10,async_win,128,9,0,0.00,100.00,950.18,300.91,224.09,15.23,61.59,10.00,1251.09,965.41,2.20,192.00,251.00,1.19,19467316,2026-09-18T06:14:13Z
B,orig,learned_markov_14,async,128,9,0,0.00,100.00,629.75,312.52,233.20,79.32,,,942.27,709.07,2.20,194.00,259.00,1.19,19467608,2026-09-18T06:14:14Z
B,orig,learned_markov_14,async_win,128,9,0,0.00,100.00,664.66,314.49,234.05,19.87,60.57,13.00,979.15,684.53,2.24,194.00,259.00,1.19,19468976,2026-09-18T06:14:14Z
B,orig,learned_markov_28,async,128,9,0,0.00,100.00,663.34,287.20,186.76,100.44,,,950.54,763.78,2.24,193.00,265.00,1.19,19469464,2026-09-18T06:14:14Z
B,orig,learned_markov_28,async_win,128,9,0,0.00,100.00,667.40,371.70,270.25,35.94,65.51,26.00,1039.10,703.34,2.39,193.00,264.00,1.19,19471016,2026-09-18T06:14:15Z
C,orig,layers_5,async,128,9,0,0.00,100.00,1013.85,295.96,227.07,68.89,,,1309.81,1082.74,1.62,20.00,28.00,1.19,19472184,2026-09-18T06:14:15Z
C,orig,layers_5,async_win,128,9,0,0.00,100.00,986.19,299.10,229.31,8.06,61.73,2.00,1285.29,994.25,1.60,20.00,28.00,1.19,19470940,2026-09-18T06:14:15Z
C,orig,layers_92,async,128,9,0,0.00,100.00,638.18,436.34,224.85,211.49,,,1074.52,849.67,1.61,20.00,30.00,1.19,19471948,2026-09-18T06:14:16Z
C,orig,layers_92,async_win,128,9,0,0.00,100.00,658.47,435.12,243.35,120.89,70.88,87.00,1093.59,779.36,1.61,20.00,30.00,1.19,19472132,2026-09-18T06:14:16Z
C,orig,2d,async,128,9,0,0.00,100.00,604.29,293.26,225.00,68.26,,,897.55,672.55,1.61,20.00,30.00,1.19,19472868,2026-09-18T06:14:16Z
C,orig,2d,async_win,128,9,0,0.00,100.00,639.91,297.57,226.10,6.48,64.98,2.00,937.48,646.39,1.60,20.00,30.00,1.19,19472652,2026-09-18T06:14:16Z
C,orig,2e_K10,async,128,9,0,0.00,100.00,664.39,307.78,224.59,83.19,,,972.17,747.58,1.60,20.00,33.00,1.19,19473316,2026-09-18T06:14:17Z
C,orig,2e_K10,async_win,128,9,0,0.00,100.00,632.33,300.65,222.65,16.88,61.12,8.00,932.98,649.21,1.63,20.00,33.00,1.19,19473412,2026-09-18T06:14:17Z
C,orig,2e_K500,async,128,9,0,0.00,69.50,181.40,688.69,224.17,464.52,,,870.09,645.92,1.55,0.00,37.00,1.19,19474060,2026-09-18T06:14:17Z
C,orig,2e_K500,async_win,128,9,0,0.00,57.10,180.95,550.89,225.79,243.24,81.85,90.00,731.84,424.19,1.55,0.00,37.00,1.19,19474988,2026-09-18T06:14:17Z
C,orig,2f_top14,async,128,9,0,0.00,100.00,536.83,305.43,225.76,79.66,,,842.26,616.49,1.60,20.00,35.00,1.19,19474308,2026-09-18T06:14:18Z
C,orig,2f_top14,async_win,128,9,0,0.00,100.00,635.95,304.42,226.44,16.75,61.24,9.00,940.37,652.70,1.63,20.00,35.00,1.26,19465492,2026-09-18T06:14:18Z
C,orig,2f_top28,async,128,9,0,0.00,100.00,668.84,327.43,227.40,100.03,,,996.27,768.87,1.61,19.00,35.00,1.26,19469276,2026-09-18T06:14:18Z
C,orig,2f_top28,async_win,128,9,0,0.00,100.00,515.76,315.01,222.49,30.79,61.74,13.00,830.77,546.55,1.59,19.00,36.00,1.26,19470108,2026-09-18T06:14:18Z
C,orig,2f_top100,async,128,9,0,0.00,100.00,543.04,412.25,233.47,178.79,,,955.29,721.83,1.58,14.00,36.00,1.26,19471576,2026-09-18T06:14:19Z
C,orig,2f_top100,async_win,128,9,0,0.00,100.00,528.91,362.25,221.50,75.61,65.14,32.00,891.16,604.52,1.59,14.00,36.00,1.26,19470612,2026-09-18T06:14:19Z
C,orig,2f_top500,async,128,9,0,0.00,100.00,92.17,961.27,221.71,739.56,,,1053.44,831.73,1.54,0.00,37.00,1.26,19472236,2026-09-18T06:14:19Z
C,orig,2f_top500,async_win,128,9,0,0.00,100.00,94.19,566.82,220.93,253.15,92.75,15.00,661.01,347.34,1.54,0.00,37.00,1.26,19473068,2026-09-18T06:14:20Z
C,orig,2f_slru,async,128,9,0,0.00,100.00,93.85,942.01,224.26,717.75,,,1035.86,811.60,1.54,0.00,37.00,1.26,19473188,2026-09-18T06:14:20Z
C,orig,2f_slru,async_win,128,9,0,0.00,100.00,94.38,558.09,222.29,245.42,90.38,15.00,652.47,339.80,1.54,0.00,37.00,1.26,19473380,2026-09-18T06:14:20Z
C,orig,leaf_freq_K10,async,128,9,0,0.00,100.00,1158.05,298.45,223.72,74.73,,,1456.50,1232.78,1.61,20.00,31.00,1.26,19473384,2026-09-18T06:14:20Z
C,orig,leaf_freq_K10,async_win,128,9,0,0.00,100.00,1002.64,298.50,224.24,13.02,61.23,6.00,1301.14,1015.66,1.62,20.00,31.00,1.26,19474248,2026-09-18T06:14:21Z
C,orig,leaf_rand_K10,async,128,9,0,0.00,100.00,1060.72,298.60,222.85,75.75,,,1359.32,1136.47,1.62,20.00,28.00,1.26,19474340,2026-09-18T06:14:21Z
C,orig,leaf_rand_K10,async_win,128,9,0,0.00,100.00,1025.93,301.48,223.85,15.61,62.02,10.00,1327.41,1041.54,1.59,20.00,28.00,1.26,19474536,2026-09-18T06:14:21Z
C,orig,learned_markov_14,async,128,9,0,0.00,100.00,662.59,303.44,223.01,80.43,,,966.03,743.02,1.63,20.00,35.00,1.26,19474820,2026-09-18T06:14:21Z
C,orig,learned_markov_14,async_win,128,9,0,0.00,100.00,633.73,300.41,223.16,16.41,60.84,9.00,934.14,650.14,1.59,20.00,36.00,1.26,19475580,2026-09-18T06:14:22Z
C,orig,learned_markov_28,async,128,9,0,0.00,100.00,655.79,318.82,222.84,95.98,,,974.61,751.77,1.60,19.00,35.00,1.26,19474920,2026-09-18T06:14:22Z
C,orig,learned_markov_28,async_win,128,9,0,0.00,100.00,535.90,314.96,223.33,28.19,63.44,13.00,850.86,564.09,1.60,19.00,36.00,1.26,19475972,2026-09-18T06:14:22Z
C_hit,orig,layers_5,async,128,9,0,0.00,100.00,979.76,292.68,222.60,70.08,,,1272.44,1049.84,1.70,41.00,57.00,1.26,19477028,2026-09-18T06:14:22Z
C_hit,orig,layers_5,async_win,128,9,0,0.00,100.00,912.73,291.09,219.01,7.06,65.01,2.00,1203.82,919.79,1.68,41.00,57.00,1.26,19478056,2026-09-18T06:14:23Z
C_hit,orig,layers_92,async,128,9,0,0.00,100.00,643.74,426.84,225.74,201.10,,,1070.58,844.84,1.70,39.00,60.00,1.24,19477812,2026-09-18T06:14:23Z
C_hit,orig,layers_92,async_win,128,9,0,0.00,100.00,636.85,416.22,224.49,125.17,66.56,87.00,1053.07,762.02,1.73,39.00,60.00,1.24,19477196,2026-09-18T06:14:23Z
C_hit,orig,2d,async,128,9,0,0.00,100.00,658.41,296.55,224.25,72.30,,,954.96,730.71,1.70,39.00,60.00,1.24,19476316,2026-09-18T06:14:24Z
C_hit,orig,2d,async_win,128,9,0,0.00,100.00,599.26,290.43,222.49,7.72,60.21,3.00,889.69,606.98,1.67,39.00,60.00,1.24,19477704,2026-09-18T06:14:24Z
C_hit,orig,2e_K10,async,128,9,0,0.00,100.00,602.89,301.80,222.33,79.47,,,904.69,682.36,1.71,39.00,61.00,1.24,19478324,2026-09-18T06:14:24Z
C_hit,orig,2e_K10,async_win,128,9,0,0.00,100.00,592.57,296.86,219.63,15.32,61.91,6.00,889.43,607.89,1.70,39.00,61.00,1.24,19484368,2026-09-18T06:14:24Z
C_hit,orig,2e_K500,async,128,9,0,0.00,53.70,180.68,958.08,223.17,734.91,,,1138.76,915.59,1.61,11.00,59.00,1.24,19483432,2026-09-18T06:14:25Z
C_hit,orig,2e_K500,async_win,128,9,0,0.00,31.70,179.12,655.43,222.24,342.67,90.52,139.00,834.55,521.79,1.60,11.00,59.00,1.24,19483664,2026-09-18T06:14:25Z
C_hit,orig,2f_top14,async,128,9,0,0.00,100.00,576.30,302.66,224.25,78.41,,,878.96,654.71,1.71,39.00,61.00,1.24,19483960,2026-09-18T06:14:25Z
C_hit,orig,2f_top14,async_win,128,9,0,0.00,100.00,606.37,298.76,222.80,14.44,61.53,6.00,905.13,620.81,1.69,39.00,61.00,1.24,19485924,2026-09-18T06:14:25Z
C_hit,orig,2f_top28,async,128,9,0,0.00,100.00,599.71,320.95,223.51,97.44,,,920.66,697.15,1.68,39.00,60.00,1.24,19487596,2026-09-18T06:14:26Z
C_hit,orig,2f_top28,async_win,128,9,0,0.00,100.00,512.28,304.99,220.88,22.34,61.78,8.00,817.27,534.62,1.68,39.00,60.00,1.24,19487296,2026-09-18T06:14:26Z
C_hit,orig,2f_top100,async,128,9,0,0.00,100.00,531.79,412.72,227.24,185.48,,,944.51,717.27,1.70,34.00,62.00,1.24,19475236,2026-09-18T06:14:26Z
C_hit,orig,2f_top100,async_win,128,9,0,0.00,100.00,736.83,369.97,230.91,66.28,72.78,28.00,1106.80,803.11,1.69,34.00,62.00,1.24,19475532,2026-09-18T06:14:27Z
C_hit,orig,2f_top500,async,128,9,0,0.00,43.80,179.67,901.29,223.25,678.04,,,1080.96,857.71,1.60,11.00,60.00,1.24,19474384,2026-09-18T06:14:27Z
C_hit,orig,2f_top500,async_win,128,9,0,0.00,100.00,179.08,594.59,166.65,336.37,91.56,138.00,773.67,515.45,1.62,11.00,60.00,1.24,19476640,2026-09-18T06:14:27Z
C_hit,orig,2f_slru,async,128,9,0,0.00,100.00,95.61,1625.20,224.60,1400.60,,,1720.81,1496.21,1.56,0.00,62.00,1.24,19478980,2026-09-18T06:14:27Z
C_hit,orig,2f_slru,async_win,128,9,0,0.00,100.00,96.55,801.17,222.97,450.35,127.85,29.00,897.72,546.90,1.58,0.00,62.00,1.24,19480452,2026-09-18T06:14:28Z
C_hit,orig,leaf_freq_K10,async,128,9,0,0.00,100.00,930.02,294.08,218.36,75.72,,,1224.10,1005.74,1.68,41.00,57.00,1.22,19481868,2026-09-18T06:14:28Z
C_hit,orig,leaf_freq_K10,async_win,128,9,0,0.00,100.00,893.31,304.60,233.41,10.03,61.16,3.00,1197.91,903.34,1.73,41.00,57.00,1.22,19482248,2026-09-18T06:14:28Z
C_hit,orig,leaf_rand_K10,async,128,9,0,0.00,100.00,1004.57,303.68,225.54,78.14,,,1308.25,1082.71,1.68,41.00,57.00,1.22,19481220,2026-09-18T06:14:28Z
C_hit,orig,leaf_rand_K10,async_win,128,9,0,0.00,100.00,992.35,301.58,226.40,14.35,60.84,10.00,1293.93,1006.70,1.69,41.00,57.00,1.22,19480844,2026-09-18T06:14:29Z
C_hit,orig,learned_markov_14,async,128,9,0,0.00,100.00,534.10,304.00,224.26,79.74,,,838.10,613.84,1.69,39.00,61.00,1.22,19470928,2026-09-18T06:14:29Z
C_hit,orig,learned_markov_14,async_win,128,9,0,0.00,100.00,606.54,302.28,223.97,18.25,60.05,6.00,908.82,624.79,1.69,39.00,61.00,1.22,19473056,2026-09-18T06:14:29Z
C_hit,orig,learned_markov_28,async,128,9,0,0.00,100.00,646.26,322.59,226.93,95.66,,,968.85,741.92,1.70,39.00,60.00,1.22,19473668,2026-09-18T06:14:30Z
C_hit,orig,learned_markov_28,async_win,128,9,0,0.00,100.00,512.67,324.01,222.54,39.22,62.25,8.00,836.68,551.89,1.68,39.00,60.00,1.22,19474596,2026-09-18T06:14:30Z
A,orig,baseline,baseline,128,10,0,0.00,0.00,925.66,0.00,0.00,0.00,,,925.66,925.66,2.28,190.00,246.00,1.22,19474020,2026-09-18T06:14:30Z
B,orig,baseline,baseline,128,10,0,0.00,0.00,1011.47,0.00,0.00,0.00,,,1011.47,1011.47,2.17,192.00,251.00,1.22,19476636,2026-09-18T06:14:30Z
C,orig,baseline,baseline,128,10,0,0.00,0.00,1049.29,0.00,0.00,0.00,,,1049.29,1049.29,1.59,20.00,28.00,1.22,19476704,2026-09-18T06:14:31Z
C_hit,orig,baseline,baseline,128,10,0,0.00,0.00,1012.86,0.00,0.00,0.00,,,1012.86,1012.86,1.67,41.00,57.00,1.22,19476748,2026-09-18T06:14:31Z
A,orig,layers_5,async,128,10,0,0.00,100.00,834.44,294.71,225.61,69.10,,,1129.15,903.54,2.19,190.00,245.00,1.22,19478276,2026-09-18T06:14:31Z
A,orig,layers_5,async_win,128,10,0,0.00,100.00,822.14,1617.87,1088.32,7.38,522.17,2.00,2440.01,829.52,2.13,190.00,245.00,1.22,19478704,2026-09-18T06:14:32Z
A,orig,layers_92,async,128,10,0,0.00,100.00,597.54,430.49,225.63,204.85,,,1028.03,802.39,2.18,187.00,257.00,1.22,19479060,2026-09-18T06:14:32Z
A,orig,layers_92,async_win,128,10,0,0.00,100.00,536.33,417.55,225.70,126.17,65.67,87.00,953.88,662.50,2.15,187.00,257.00,1.22,19478720,2026-09-18T06:14:32Z
A,orig,2d,async,128,10,0,0.00,100.00,541.09,313.40,228.02,85.38,,,854.49,626.47,2.20,187.00,257.00,1.22,19478900,2026-09-18T06:14:33Z
A,orig,2d,async_win,128,10,0,0.00,100.00,592.83,307.98,223.75,23.20,61.02,13.00,900.81,616.03,2.14,187.00,257.00,1.20,19479468,2026-09-18T06:14:33Z
A,orig,2e_K10,async,128,10,0,0.00,100.00,600.25,325.27,224.25,101.02,,,925.52,701.27,2.17,190.00,259.00,1.20,19481012,2026-09-18T06:14:33Z
A,orig,2e_K10,async_win,128,10,0,0.00,100.00,560.08,326.75,227.87,36.02,62.87,23.00,886.83,596.10,2.17,190.00,259.00,1.20,19481120,2026-09-18T06:14:34Z
A,orig,2e_K500,async,128,10,0,0.00,100.00,640.61,1129.57,223.37,906.20,,,1770.18,1546.81,2.09,181.00,383.00,1.20,19481636,2026-09-18T06:14:34Z
A,orig,2e_K500,async_win,128,10,0,0.00,100.00,713.21,1048.82,224.35,733.12,91.35,446.00,1762.03,1446.33,2.17,181.00,382.00,1.20,19474832,2026-09-18T06:14:34Z
A,orig,2f_top14,async,128,10,0,0.00,100.00,594.78,305.48,225.82,79.66,,,900.26,674.44,2.15,189.00,257.00,1.20,19476196,2026-09-18T06:14:35Z
A,orig,2f_top14,async_win,128,10,0,0.00,100.00,570.12,307.88,226.31,19.06,62.52,13.00,878.00,589.18,2.18,189.00,257.00,1.20,19476792,2026-09-18T06:14:35Z
A,orig,2f_top28,async,128,10,0,0.00,100.00,497.99,336.62,232.44,104.19,,,834.61,602.18,2.14,192.00,266.00,1.20,19477472,2026-09-18T06:14:35Z
A,orig,2f_top28,async_win,128,10,0,0.00,100.00,564.54,333.27,229.63,39.99,63.65,27.00,897.81,604.53,2.18,192.00,266.00,1.20,19477604,2026-09-18T06:14:36Z
A,orig,2f_top100,async,128,10,0,0.00,100.00,530.94,439.88,223.61,216.27,,,970.82,747.21,2.15,184.00,306.00,1.20,19474008,2026-09-18T06:14:36Z
A,orig,2f_top100,async_win,128,10,0,0.00,100.00,595.00,424.95,225.75,127.21,71.98,98.00,1019.95,722.21,2.28,184.00,306.00,1.20,19475192,2026-09-18T06:14:36Z
A,orig,2f_top500,async,128,10,0,0.00,100.00,590.55,1108.29,227.35,880.95,,,1698.84,1471.50,2.13,181.00,387.00,1.20,19475516,2026-09-18T06:14:37Z
A,orig,2f_top500,async_win,128,10,0,0.00,100.00,725.93,1044.42,226.21,728.11,90.11,438.00,1770.35,1454.04,2.12,181.00,388.00,1.20,19475988,2026-09-18T06:14:37Z
A,orig,2f_slru,async,128,10,0,0.00,100.00,139.51,7249.94,226.56,7023.38,,,7389.45,7162.89,1.58,0.00,278.00,1.20,19473012,2026-09-18T06:14:37Z
A,orig,2f_slru,async_win,128,10,0,0.00,92.10,96.56,2701.44,224.27,2071.34,405.82,139.00,2798.00,2167.90,1.58,0.00,278.00,1.20,19474632,2026-09-18T06:14:37Z
A,orig,leaf_freq_K10,async,128,10,0,0.00,100.00,813.19,394.37,229.56,164.81,,,1207.56,978.00,2.27,192.00,247.00,1.20,19476848,2026-09-18T06:14:38Z
A,orig,leaf_freq_K10,async_win,128,10,0,0.00,100.00,901.50,301.39,225.14,15.55,60.69,10.00,1202.89,917.05,2.14,192.00,247.00,1.18,19477416,2026-09-18T06:14:38Z
A,orig,leaf_rand_K10,async,128,10,0,0.00,100.00,844.43,303.68,222.05,81.63,,,1148.11,926.06,2.17,190.00,246.00,1.18,19478948,2026-09-18T06:14:38Z
A,orig,leaf_rand_K10,async_win,128,10,0,0.00,100.00,872.28,317.46,240.46,15.13,61.87,10.00,1189.74,887.41,2.21,190.00,246.00,1.18,19478920,2026-09-18T06:14:39Z
A,orig,learned_markov_14,async,128,10,0,0.00,100.00,529.51,305.56,226.07,79.49,,,835.07,609.00,2.11,187.00,256.00,1.18,19480428,2026-09-18T06:14:39Z
A,orig,learned_markov_14,async_win,128,10,0,0.00,100.00,559.48,304.65,223.38,19.36,61.92,13.00,864.13,578.84,2.20,187.00,256.00,1.18,19469440,2026-09-18T06:14:39Z
A,orig,learned_markov_28,async,128,10,0,0.00,100.00,525.01,320.16,226.50,93.67,,,845.17,618.68,2.17,187.00,259.00,1.18,19471668,2026-09-18T06:14:40Z
A,orig,learned_markov_28,async_win,128,10,0,0.00,100.00,564.68,331.30,226.22,42.00,63.09,26.00,895.98,606.68,2.17,187.00,259.00,1.18,19472132,2026-09-18T06:14:40Z
B,orig,layers_5,async,128,10,0,0.00,100.00,949.84,294.45,224.97,69.48,,,1244.29,1019.32,2.22,193.00,254.00,1.18,19473264,2026-09-18T06:14:40Z
B,orig,layers_5,async_win,128,10,0,0.00,100.00,1040.01,295.86,227.70,7.36,60.79,2.00,1335.87,1047.37,2.22,193.00,254.00,1.18,19474064,2026-09-18T06:14:41Z
B,orig,layers_92,async,128,10,0,0.00,100.00,595.98,432.16,226.04,206.12,,,1028.14,802.10,2.17,194.00,260.00,1.18,19474044,2026-09-18T06:14:41Z
B,orig,layers_92,async_win,128,10,0,0.00,100.00,595.49,1476.40,1288.13,123.56,64.70,87.00,2071.89,719.05,2.15,194.00,260.00,1.18,19488032,2026-09-18T06:14:41Z
B,orig,2d,async,128,10,0,0.00,100.00,663.23,310.68,225.53,85.15,,,973.91,748.38,2.20,194.00,260.00,1.18,19491296,2026-09-18T06:14:42Z
B,orig,2d,async_win,128,10,0,0.00,100.00,661.35,306.72,223.85,21.19,61.68,13.00,968.07,682.54,2.18,194.00,260.00,1.18,19488580,2026-09-18T06:14:42Z
B,orig,2e_K10,async,128,10,0,0.00,100.00,666.38,325.97,224.60,101.37,,,992.35,767.75,2.32,194.00,260.00,1.18,19487648,2026-09-18T06:14:42Z
B,orig,2e_K10,async_win,128,10,0,0.00,100.00,660.57,327.00,225.54,38.73,62.72,23.00,987.57,699.30,2.22,194.00,260.00,1.18,19490400,2026-09-18T06:14:43Z
B,orig,2e_K500,async,128,10,0,0.00,100.00,181.31,1126.58,225.59,900.98,,,1307.89,1082.29,2.14,183.00,332.00,1.17,19491036,2026-09-18T06:14:43Z
B,orig,2e_K500,async_win,128,10,0,0.00,100.00,175.57,1009.34,224.48,693.87,90.98,449.00,1184.91,869.44,2.15,183.00,328.00,1.17,19491960,2026-09-18T06:14:43Z
B,orig,2f_top14,async,128,10,0,0.00,100.00,661.41,319.70,237.53,82.17,,,981.11,743.58,2.23,194.00,260.00,1.17,19493636,2026-09-18T06:14:44Z
B,orig,2f_top14,async_win,128,10,0,0.00,100.00,663.25,306.27,225.10,20.14,61.03,13.00,969.52,683.39,2.19,194.00,260.00,1.17,19490316,2026-09-18T06:14:44Z
B,orig,2f_top28,async,128,10,0,0.00,100.00,598.35,323.23,227.44,95.79,,,921.58,694.14,2.23,194.00,259.00,1.17,19494112,2026-09-18T06:14:44Z
B,orig,2f_top28,async_win,128,10,0,0.00,100.00,661.09,327.63,225.72,39.26,62.64,27.00,988.72,700.35,2.21,194.00,259.00,1.17,19496080,2026-09-18T06:14:45Z
B,orig,2f_top100,async,128,10,0,0.00,100.00,181.29,437.76,225.23,212.53,,,619.05,393.82,2.17,193.00,276.00,1.17,19497024,2026-09-18T06:14:45Z
B,orig,2f_top100,async_win,128,10,0,0.00,100.00,183.44,417.71,226.22,125.08,66.42,94.00,601.15,308.52,2.19,193.00,274.00,1.17,19496736,2026-09-18T06:14:45Z
B,orig,2f_top500,async,128,10,0,0.00,100.00,180.83,1111.27,228.12,883.15,,,1292.10,1063.98,2.15,183.00,337.00,1.17,19476468,2026-09-18T06:14:46Z
B,orig,2f_top500,async_win,128,10,0,0.00,95.00,179.52,938.90,113.74,505.67,319.49,438.00,1118.42,685.19,2.15,183.00,335.00,1.17,19477492,2026-09-18T06:14:46Z
B,orig,2f_slru,async,128,10,0,0.00,100.00,98.80,7220.15,227.80,6992.35,,,7318.95,7091.15,1.62,0.00,278.00,1.17,19474488,2026-09-18T06:14:46Z
B,orig,2f_slru,async_win,128,10,0,0.00,88.40,96.18,2666.89,224.84,2036.55,405.50,138.00,2763.07,2132.73,1.61,0.00,278.00,1.17,19476680,2026-09-18T06:14:46Z
B,orig,leaf_freq_K10,async,128,10,0,0.00,100.00,946.62,300.50,225.97,74.53,,,1247.12,1021.15,2.19,192.00,251.00,1.17,19466104,2026-09-18T06:14:47Z
B,orig,leaf_freq_K10,async_win,128,10,0,0.00,100.00,1076.89,301.38,224.87,14.80,61.71,10.00,1378.27,1091.69,2.17,192.00,251.00,1.17,19466424,2026-09-18T06:14:47Z
B,orig,leaf_rand_K10,async,128,10,0,0.00,100.00,2106.00,301.99,225.35,76.63,,,2407.99,2182.63,2.23,192.00,251.00,1.17,19467800,2026-09-18T06:14:47Z
B,orig,leaf_rand_K10,async_win,128,10,0,0.00,100.00,979.46,298.69,223.26,14.85,60.58,10.00,1278.15,994.31,2.17,192.00,251.00,1.17,19468052,2026-09-18T06:14:48Z
B,orig,learned_markov_14,async,128,10,0,0.00,100.00,661.90,303.65,224.40,79.25,,,965.55,741.15,2.20,194.00,259.00,1.16,19468100,2026-09-18T06:14:48Z
B,orig,learned_markov_14,async_win,128,10,0,0.00,100.00,523.03,313.51,226.82,20.66,66.03,13.00,836.54,543.69,2.24,194.00,259.00,1.16,19469976,2026-09-18T06:14:48Z
B,orig,learned_markov_28,async,128,10,0,0.00,100.00,661.12,286.63,184.47,102.16,,,947.75,763.28,2.16,193.00,264.00,1.16,19470260,2026-09-18T06:14:49Z
B,orig,learned_markov_28,async_win,128,10,0,0.00,100.00,661.24,324.99,225.51,37.48,62.00,26.00,986.23,698.72,2.18,193.00,265.00,1.16,19469940,2026-09-18T06:14:49Z
C,orig,layers_5,async,128,10,0,0.00,100.00,981.14,304.42,235.17,69.25,,,1285.56,1050.39,1.61,20.00,28.00,1.16,19470748,2026-09-18T06:14:49Z
C,orig,layers_5,async_win,128,10,0,0.00,100.00,983.70,302.28,234.24,6.80,61.23,2.00,1285.98,990.50,1.57,20.00,28.00,1.16,19470836,2026-09-18T06:14:50Z
C,orig,layers_92,async,128,10,0,0.00,100.00,624.36,432.70,236.04,196.66,,,1057.06,821.02,1.57,20.00,30.00,1.16,19471116,2026-09-18T06:14:50Z
C,orig,layers_92,async_win,128,10,0,0.00,100.00,656.98,417.21,231.98,120.39,64.85,87.00,1074.19,777.37,1.60,20.00,30.00,1.16,19471488,2026-09-18T06:14:50Z
C,orig,2d,async,128,10,0,0.00,100.00,612.09,304.67,235.76,68.91,,,916.76,681.00,1.57,20.00,30.00,1.16,19473644,2026-09-18T06:14:50Z
C,orig,2d,async_win,128,10,0,0.00,100.00,594.84,299.56,232.29,6.42,60.85,2.00,894.40,601.26,1.59,20.00,30.00,1.16,19473696,2026-09-18T06:14:51Z
C,orig,2e_K10,async,128,10,0,0.00,100.00,634.44,308.12,230.04,78.08,,,942.56,712.52,1.60,20.00,33.00,1.16,19460084,2026-09-18T06:14:51Z
C,orig,2e_K10,async_win,128,10,0,0.00,100.00,624.91,314.29,234.51,17.81,61.97,8.00,939.20,642.72,1.60,20.00,33.00,1.16,19459820,2026-09-18T06:14:51Z
C,orig,2e_K500,async,128,10,0,0.00,68.30,181.40,719.81,231.03,488.78,,,901.21,670.18,1.54,0.00,37.00,1.16,19460476,2026-09-18T06:14:51Z
C,orig,2e_K500,async_win,128,10,0,0.00,100.00,179.63,532.64,230.36,220.82,81.45,90.00,712.27,400.45,1.52,0.00,37.00,1.16,19463152,2026-09-18T06:14:52Z
C,orig,2f_top14,async,128,10,0,0.00,100.00,644.06,329.57,250.27,79.30,,,973.63,723.36,1.60,20.00,35.00,1.16,19463792,2026-09-18T06:14:52Z
C,orig,2f_top14,async_win,128,10,0,0.00,100.00,659.05,313.64,234.88,16.47,62.29,9.00,972.69,675.52,1.57,20.00,36.00,1.16,19464384,2026-09-18T06:14:52Z
C,orig,2f_top28,async,128,10,0,0.00,100.00,607.82,334.79,234.69,100.10,,,942.61,707.92,1.58,19.00,35.00,1.16,19465456,2026-09-18T06:14:52Z
C,orig,2f_top28,async_win,128,10,0,0.00,100.00,510.81,319.10,230.68,26.63,61.79,13.00,829.91,537.44,1.59,19.00,35.00,1.16,19469364,2026-09-18T06:14:53Z
C,orig,2f_top100,async,128,10,0,0.00,100.00,559.92,418.84,232.47,186.37,,,978.76,746.29,1.56,14.00,37.00,1.14,19469200,2026-09-18T06:14:53Z
C,orig,2f_top100,async_win,128,10,0,0.00,74.00,635.20,371.35,229.64,75.10,66.61,32.00,1006.55,710.30,1.56,14.00,37.00,1.14,19472004,2026-09-18T06:14:53Z
C,orig,2f_top500,async,128,10,0,0.00,100.00,97.19,1050.89,230.84,820.05,,,1148.08,917.24,1.53,0.00,37.00,1.14,19473964,2026-09-18T06:14:53Z
C,orig,2f_top500,async_win,128,10,0,0.00,100.00,96.78,531.59,233.01,209.26,89.32,15.00,628.37,306.04,1.55,0.00,37.00,1.14,19474432,2026-09-18T06:14:54Z
C,orig,2f_slru,async,128,10,0,0.00,100.00,96.12,1024.37,233.62,790.75,,,1120.49,886.87,1.54,0.00,37.00,1.14,19470172,2026-09-18T06:14:54Z
C,orig,2f_slru,async_win,128,10,0,0.00,100.00,96.59,538.20,233.25,216.38,88.58,15.00,634.79,312.97,1.53,0.00,37.00,1.14,19472532,2026-09-18T06:14:54Z
C,orig,leaf_freq_K10,async,128,10,0,0.00,100.00,1131.41,308.96,233.81,75.15,,,1440.37,1206.56,1.61,20.00,31.00,1.14,19472112,2026-09-18T06:14:55Z
C,orig,leaf_freq_K10,async_win,128,10,0,0.00,100.00,1058.83,309.08,233.74,13.00,62.34,6.00,1367.91,1071.83,1.60,20.00,31.00,1.14,19472688,2026-09-18T06:14:55Z
C,orig,leaf_rand_K10,async,128,10,0,0.00,100.00,1006.39,305.89,230.95,74.94,,,1312.28,1081.33,1.60,20.00,28.00,1.14,19472296,2026-09-18T06:14:55Z
C,orig,leaf_rand_K10,async_win,128,10,0,0.00,100.00,1002.01,316.69,234.80,20.02,61.88,10.00,1318.70,1022.03,1.58,20.00,28.00,1.14,19473420,2026-09-18T06:14:55Z
C,orig,learned_markov_14,async,128,10,0,0.00,100.00,515.93,312.21,231.63,80.57,,,828.14,596.50,1.58,20.00,35.00,1.14,19474564,2026-09-18T06:14:56Z
C,orig,learned_markov_14,async_win,128,10,0,0.00,100.00,625.79,308.26,230.55,16.81,60.90,9.00,934.05,642.60,1.57,20.00,35.00,1.14,19473832,2026-09-18T06:14:56Z
C,orig,learned_markov_28,async,128,10,0,0.00,100.00,609.10,331.17,230.64,100.53,,,940.27,709.63,1.61,19.00,36.00,1.14,19460496,2026-09-18T06:14:56Z
C,orig,learned_markov_28,async_win,128,10,0,0.00,100.00,636.10,321.12,231.47,26.36,63.30,13.00,957.22,662.46,1.63,19.00,36.00,1.14,19464532,2026-09-18T06:14:56Z
C_hit,orig,layers_5,async,128,10,0,0.00,100.00,987.79,300.77,231.34,69.42,,,1288.56,1057.21,1.67,41.00,57.00,1.14,19466436,2026-09-18T06:14:57Z
C_hit,orig,layers_5,async_win,128,10,0,0.00,100.00,903.34,297.40,229.24,7.15,61.01,2.00,1200.74,910.49,1.66,41.00,57.00,1.14,19466748,2026-09-18T06:14:57Z
C_hit,orig,layers_92,async,128,10,0,0.00,100.00,627.09,427.80,226.54,201.26,,,1054.89,828.35,1.68,39.00,60.00,1.14,19466996,2026-09-18T06:14:57Z
C_hit,orig,layers_92,async_win,128,10,0,0.00,100.00,496.02,424.61,233.50,125.32,65.79,87.00,920.63,621.34,1.65,39.00,60.00,1.14,19468048,2026-09-18T06:14:57Z
C_hit,orig,2d,async,128,10,0,0.00,100.00,638.76,300.81,229.58,71.22,,,939.57,709.98,1.66,39.00,60.00,1.14,19468384,2026-09-18T06:14:58Z
C_hit,orig,2d,async_win,128,10,0,0.00,100.00,617.05,306.55,234.69,8.04,63.82,3.00,923.60,625.09,1.67,39.00,60.00,1.13,19468880,2026-09-18T06:14:58Z
C_hit,orig,2e_K10,async,128,10,0,0.00,100.00,607.70,313.18,231.67,81.51,,,920.88,689.21,1.68,39.00,61.00,1.13,19468376,2026-09-18T06:14:58Z
C_hit,orig,2e_K10,async_win,128,10,0,0.00,100.00,531.28,298.30,220.65,15.24,62.42,6.00,829.58,546.52,1.66,39.00,61.00,1.13,19468488,2026-09-18T06:14:59Z
C_hit,orig,2e_K500,async,128,10,0,0.00,45.50,179.93,884.43,232.40,652.03,,,1064.36,831.96,1.59,11.00,59.00,1.13,19468328,2026-09-18T06:14:59Z
C_hit,orig,2e_K500,async_win,128,10,0,0.00,39.00,183.95,715.94,233.11,390.08,92.74,139.00,899.89,574.03,1.57,11.00,59.00,1.13,19469088,2026-09-18T06:14:59Z
C_hit,orig,2f_top14,async,128,10,0,0.00,100.00,660.95,311.27,232.52,78.76,,,972.22,739.71,1.67,39.00,61.00,1.13,19470324,2026-09-18T06:14:59Z
C_hit,orig,2f_top14,async_win,128,10,0,0.00,100.00,594.09,309.17,231.28,15.43,62.47,6.00,903.26,609.52,1.65,39.00,61.00,1.13,19470788,2026-09-18T06:15:00Z
C_hit,orig,2f_top28,async,128,10,0,0.00,100.00,642.79,331.81,234.82,96.99,,,974.60,739.78,1.67,39.00,60.00,1.13,19471176,2026-09-18T06:15:00Z
C_hit,orig,2f_top28,async_win,128,10,0,0.00,100.00,512.69,320.25,230.94,26.89,62.42,8.00,832.94,539.58,1.68,39.00,60.00,1.13,19472332,2026-09-18T06:15:00Z
C_hit,orig,2f_top100,async,128,10,0,0.00,100.00,531.76,413.88,232.63,181.25,,,945.64,713.01,1.66,34.00,62.00,1.13,19472064,2026-09-18T06:15:00Z
C_hit,orig,2f_top100,async_win,128,10,0,0.00,100.00,604.33,378.63,231.96,79.25,67.43,28.00,982.96,683.58,1.68,34.00,62.00,1.13,19472368,2026-09-18T06:15:01Z
C_hit,orig,2f_top500,async,128,10,0,0.00,44.60,184.92,875.23,232.65,642.58,,,1060.15,827.50,1.57,11.00,60.00,1.13,19472852,2026-09-18T06:15:01Z
C_hit,orig,2f_top500,async_win,128,10,0,0.00,40.20,181.06,706.53,231.06,384.62,90.84,138.00,887.59,565.68,1.61,11.00,60.00,1.13,19473888,2026-09-18T06:15:01Z
C_hit,orig,2f_slru,async,128,10,0,0.00,100.00,95.51,1585.02,227.58,1357.44,,,1680.53,1452.95,1.58,0.00,62.00,1.13,19447344,2026-09-18T06:15:02Z
C_hit,orig,2f_slru,async_win,128,10,0,0.00,96.50,96.42,809.72,232.34,450.41,126.98,29.00,906.14,546.83,1.58,0.00,62.00,1.13,19448140,2026-09-18T06:15:02Z
C_hit,orig,leaf_freq_K10,async,128,10,0,0.00,100.00,2010.56,302.16,229.89,72.27,,,2312.72,2082.83,1.69,41.00,57.00,1.13,19466896,2026-09-18T06:15:02Z
C_hit,orig,leaf_freq_K10,async_win,128,10,0,0.00,100.00,897.43,304.13,230.51,11.57,62.05,3.00,1201.56,909.00,1.68,41.00,57.00,1.13,19472156,2026-09-18T06:15:02Z
C_hit,orig,leaf_rand_K10,async,128,10,0,0.00,100.00,1000.43,306.96,231.91,75.05,,,1307.39,1075.48,1.68,41.00,57.00,1.13,19473564,2026-09-18T06:15:03Z
C_hit,orig,leaf_rand_K10,async_win,128,10,0,0.00,100.00,980.79,307.46,231.07,15.57,60.81,10.00,1288.25,996.36,1.68,41.00,57.00,1.13,19475120,2026-09-18T06:15:03Z
C_hit,orig,learned_markov_14,async,128,10,0,0.00,100.00,605.08,311.19,232.37,78.82,,,916.27,683.90,1.69,39.00,61.00,1.12,19475284,2026-09-18T06:15:03Z
C_hit,orig,learned_markov_14,async_win,128,10,0,0.00,100.00,641.77,311.53,233.53,15.01,62.99,6.00,953.30,656.78,1.71,39.00,61.00,1.12,19477028,2026-09-18T06:15:03Z
C_hit,orig,learned_markov_28,async,128,10,0,0.00,100.00,606.82,330.37,230.88,99.49,,,937.19,706.31,1.69,39.00,60.00,1.12,19478148,2026-09-18T06:15:04Z
C_hit,orig,learned_markov_28,async_win,128,10,0,0.00,100.00,609.71,319.56,232.09,25.38,62.10,8.00,929.27,635.09,1.67,39.00,60.00,1.12,19478860,2026-09-18T06:15:04Z
A,orig,baseline,baseline,128,11,0,0.00,0.00,863.32,0.00,0.00,0.00,,,863.32,863.32,2.16,190.00,246.00,1.12,19479584,2026-09-18T06:15:04Z
B,orig,baseline,baseline,128,11,0,0.00,0.00,1043.02,0.00,0.00,0.00,,,1043.02,1043.02,2.20,192.00,251.00,1.12,19481460,2026-09-18T06:15:05Z
C,orig,baseline,baseline,128,11,0,0.00,0.00,1046.88,0.00,0.00,0.00,,,1046.88,1046.88,1.57,20.00,28.00,1.12,19480052,2026-09-18T06:15:05Z
C_hit,orig,baseline,baseline,128,11,0,0.00,0.00,1006.47,0.00,0.00,0.00,,,1006.47,1006.47,1.68,41.00,57.00,1.12,19481472,2026-09-18T06:15:05Z
A,orig,layers_5,async,128,11,0,0.00,100.00,861.44,297.79,228.29,69.50,,,1159.23,930.94,2.17,190.00,245.00,1.12,19483512,2026-09-18T06:15:05Z
A,orig,layers_5,async_win,128,11,0,0.00,100.00,837.75,297.80,227.58,8.93,61.30,2.00,1135.55,846.68,2.17,190.00,245.00,1.12,19483524,2026-09-18T06:15:06Z
A,orig,layers_92,async,128,11,0,0.00,100.00,567.91,367.76,166.98,200.78,,,935.67,768.69,2.17,187.00,257.00,1.12,19484080,2026-09-18T06:15:06Z
A,orig,layers_92,async_win,128,11,0,0.00,100.00,593.64,420.23,224.02,129.91,66.29,87.00,1013.87,723.55,2.17,187.00,257.00,1.12,19485424,2026-09-18T06:15:06Z
A,orig,2d,async,128,11,0,0.00,100.00,533.31,312.29,224.46,87.83,,,845.60,621.14,2.15,187.00,257.00,1.12,19486652,2026-09-18T06:15:07Z
A,orig,2d,async_win,128,11,0,0.00,100.00,563.82,319.27,235.94,21.53,61.80,13.00,883.09,585.35,2.31,187.00,257.00,1.12,19458876,2026-09-18T06:15:07Z
A,orig,2e_K10,async,128,11,0,0.00,100.00,560.54,325.10,230.26,94.84,,,885.64,655.38,2.17,190.00,259.00,1.12,19456736,2026-09-18T06:15:07Z
A,orig,2e_K10,async_win,128,11,0,0.00,100.00,557.84,326.98,225.74,37.84,63.39,23.00,884.82,595.68,2.14,190.00,259.00,1.12,19458092,2026-09-18T06:15:08Z
A,orig,2e_K500,async,128,11,0,0.00,100.00,651.47,1126.32,229.91,896.40,,,1777.79,1547.87,2.11,181.00,386.00,1.11,19458624,2026-09-18T06:15:08Z
A,orig,2e_K500,async_win,128,11,0,0.00,100.00,717.58,1054.15,224.25,730.70,99.20,446.00,1771.73,1448.28,2.09,181.00,384.00,1.11,19458820,2026-09-18T06:15:08Z
A,orig,2f_top14,async,128,11,0,0.00,100.00,591.68,300.48,222.48,78.00,,,892.16,669.68,2.14,189.00,257.00,1.11,19458868,2026-09-18T06:15:09Z
A,orig,2f_top14,async_win,128,11,0,0.00,100.00,523.88,309.02,226.20,20.36,62.47,13.00,832.90,544.24,2.14,189.00,257.00,1.11,19462292,2026-09-18T06:15:09Z
A,orig,2f_top28,async,128,11,0,0.00,100.00,526.87,328.79,227.07,101.72,,,855.66,628.59,2.13,192.00,266.00,1.11,19463228,2026-09-18T06:15:09Z
A,orig,2f_top28,async_win,128,11,0,0.00,100.00,541.60,334.63,235.77,35.70,63.16,27.00,876.23,577.30,2.22,192.00,266.00,1.11,19463932,2026-09-18T06:15:10Z
A,orig,2f_top100,async,128,11,0,0.00,100.00,595.51,439.52,225.01,214.50,,,1035.03,810.01,2.12,184.00,306.00,1.11,19463976,2026-09-18T06:15:10Z
A,orig,2f_top100,async_win,128,11,0,0.00,100.00,594.97,436.43,225.01,144.81,66.61,98.00,1031.40,739.78,2.10,184.00,306.00,1.11,19463832,2026-09-18T06:15:10Z
A,orig,2f_top500,async,128,11,0,0.00,100.00,592.03,1095.06,237.09,857.96,,,1687.09,1449.99,2.16,181.00,387.00,1.11,19464804,2026-09-18T06:15:11Z
A,orig,2f_top500,async_win,128,11,0,0.00,100.00,587.98,1049.12,226.44,731.96,90.73,438.00,1637.10,1319.94,2.11,181.00,385.00,1.11,19464744,2026-09-18T06:15:11Z
A,orig,2f_slru,async,128,11,0,0.00,100.00,98.98,7313.41,229.80,7083.61,,,7412.39,7182.59,1.56,0.00,278.00,1.11,19462400,2026-09-18T06:15:11Z
A,orig,2f_slru,async_win,128,11,0,0.00,89.20,95.46,2662.45,225.00,2032.27,405.17,139.00,2757.91,2127.73,1.57,0.00,278.00,1.11,19463776,2026-09-18T06:15:11Z
A,orig,leaf_freq_K10,async,128,11,0,0.00,100.00,934.34,299.84,226.00,73.84,,,1234.18,1008.18,2.15,192.00,247.00,1.11,19465232,2026-09-18T06:15:12Z
A,orig,leaf_freq_K10,async_win,128,11,0,0.00,100.00,881.67,303.96,228.52,14.61,60.83,10.00,1185.63,896.28,2.22,192.00,247.00,1.11,19465664,2026-09-18T06:15:12Z
A,orig,leaf_rand_K10,async,128,11,0,0.00,100.00,807.28,301.40,226.59,74.81,,,1108.68,882.09,2.14,190.00,246.00,1.11,19455624,2026-09-18T06:15:12Z
A,orig,leaf_rand_K10,async_win,128,11,0,0.00,100.00,876.52,307.37,229.73,16.04,61.60,10.00,1183.89,892.56,2.15,190.00,246.00,1.11,19455132,2026-09-18T06:15:13Z
A,orig,learned_markov_14,async,128,11,0,0.00,100.00,534.11,305.01,224.93,80.08,,,839.12,614.19,2.21,187.00,256.00,1.18,19457452,2026-09-18T06:15:13Z
A,orig,learned_markov_14,async_win,128,11,0,0.00,100.00,562.76,306.90,226.70,19.52,60.68,13.00,869.66,582.28,2.13,187.00,256.00,1.18,19463148,2026-09-18T06:15:13Z
A,orig,learned_markov_28,async,128,11,0,0.00,100.00,536.35,326.51,225.90,100.62,,,862.86,636.97,2.16,187.00,259.00,1.18,19463928,2026-09-18T06:15:14Z
A,orig,learned_markov_28,async_win,128,11,0,0.00,100.00,537.99,326.77,227.95,37.51,61.31,26.00,864.76,575.50,2.21,187.00,259.00,1.18,19468224,2026-09-18T06:15:14Z
B,orig,layers_5,async,128,11,0,0.00,100.00,951.11,291.75,223.32,68.43,,,1242.86,1019.54,2.21,193.00,254.00,1.18,19471072,2026-09-18T06:15:14Z
B,orig,layers_5,async_win,128,11,0,0.00,100.00,973.45,292.26,223.31,7.96,60.99,2.00,1265.71,981.41,2.22,193.00,254.00,1.18,19471124,2026-09-18T06:15:15Z
B,orig,layers_92,async,128,11,0,0.00,100.00,661.41,428.70,228.26,200.44,,,1090.11,861.85,2.22,194.00,260.00,1.18,19471268,2026-09-18T06:15:15Z
B,orig,layers_92,async_win,128,11,0,0.00,100.00,661.51,415.59,224.24,125.95,65.40,87.00,1077.10,787.46,2.22,194.00,260.00,1.18,19471884,2026-09-18T06:15:15Z
B,orig,2d,async,128,11,0,0.00,100.00,655.01,316.94,228.90,88.05,,,971.95,743.06,2.25,194.00,260.00,1.18,19472556,2026-09-18T06:15:16Z
B,orig,2d,async_win,128,11,0,0.00,100.00,659.36,307.51,224.70,21.26,61.55,13.00,966.87,680.62,2.17,194.00,260.00,1.18,19471868,2026-09-18T06:15:16Z
B,orig,2e_K10,async,128,11,0,0.00,100.00,659.08,327.08,226.35,100.74,,,986.16,759.82,2.18,194.00,260.00,1.18,19472596,2026-09-18T06:15:16Z
B,orig,2e_K10,async_win,128,11,0,0.00,100.00,662.20,328.46,233.76,33.34,61.35,23.00,990.66,695.54,2.25,194.00,260.00,1.18,19473704,2026-09-18T06:15:17Z
B,orig,2e_K500,async,128,11,0,0.00,100.00,183.18,1140.08,226.73,913.36,,,1323.26,1096.54,2.11,183.00,332.00,1.18,19473872,2026-09-18T06:15:17Z
B,orig,2e_K500,async_win,128,11,0,0.00,100.00,183.82,1060.59,223.03,745.75,91.81,449.00,1244.41,929.57,2.14,183.00,330.00,1.18,19474756,2026-09-18T06:15:17Z
B,orig,2f_top14,async,128,11,0,0.00,100.00,659.10,306.56,226.44,80.12,,,965.66,739.22,2.21,194.00,260.00,1.18,19464984,2026-09-18T06:15:18Z
B,orig,2f_top14,async_win,128,11,0,0.00,100.00,661.65,307.10,225.46,20.37,61.27,13.00,968.75,682.02,2.15,194.00,260.00,1.17,19467928,2026-09-18T06:15:18Z
B,orig,2f_top28,async,128,11,0,0.00,100.00,656.19,323.73,225.93,97.80,,,979.92,753.99,2.20,194.00,259.00,1.17,19469380,2026-09-18T06:15:18Z
B,orig,2f_top28,async_win,128,11,0,0.00,100.00,664.41,325.44,227.91,35.42,62.12,27.00,989.85,699.83,2.24,194.00,259.00,1.17,19469908,2026-09-18T06:15:19Z
B,orig,2f_top100,async,128,11,0,0.00,100.00,180.44,440.65,233.22,207.43,,,621.09,387.87,2.20,193.00,275.00,1.17,19471004,2026-09-18T06:15:19Z
B,orig,2f_top100,async_win,128,11,0,0.00,100.00,180.06,421.58,225.20,131.17,65.21,94.00,601.64,311.23,2.18,193.00,274.00,1.17,19471600,2026-09-18T06:15:19Z
B,orig,2f_top500,async,128,11,0,0.00,100.00,180.89,1072.29,225.68,846.60,,,1253.18,1027.49,2.13,183.00,338.00,1.17,19471976,2026-09-18T06:15:20Z
B,orig,2f_top500,async_win,128,11,0,0.00,100.00,183.07,1049.03,226.03,733.45,89.56,438.00,1232.10,916.52,2.14,183.00,335.00,1.17,19472396,2026-09-18T06:15:20Z
B,orig,2f_slru,async,128,11,0,0.00,100.00,95.12,7281.68,270.51,7011.17,,,7376.80,7106.29,1.62,0.00,278.00,1.17,19473948,2026-09-18T06:15:20Z
B,orig,2f_slru,async_win,128,11,0,0.00,89.10,95.93,2702.88,226.26,2068.45,408.18,138.00,2798.81,2164.38,1.63,0.00,278.00,1.17,19472944,2026-09-18T06:15:20Z
B,orig,leaf_freq_K10,async,128,11,0,0.00,100.00,1019.28,815.74,271.25,544.49,,,1835.02,1563.77,2.21,192.00,251.00,1.17,19475196,2026-09-18T06:15:21Z
B,orig,leaf_freq_K10,async_win,128,11,0,0.00,100.00,1029.22,334.10,258.51,14.64,60.95,10.00,1363.32,1043.86,2.22,192.00,251.00,1.17,19475240,2026-09-18T06:15:21Z
B,orig,leaf_rand_K10,async,128,11,0,0.00,100.00,1015.75,300.82,225.59,75.22,,,1316.57,1090.97,2.17,192.00,251.00,1.17,19475816,2026-09-18T06:15:21Z
B,orig,leaf_rand_K10,async_win,128,11,0,0.00,100.00,1018.54,326.06,248.49,13.64,63.93,10.00,1344.60,1032.18,2.27,192.00,251.00,1.17,19476056,2026-09-18T06:15:22Z
B,orig,learned_markov_14,async,128,11,0,0.00,100.00,660.59,311.84,232.26,79.58,,,972.43,740.17,2.18,194.00,259.00,1.17,19476556,2026-09-18T06:15:22Z
B,orig,learned_markov_14,async_win,128,11,0,0.00,100.00,662.28,315.51,235.51,19.61,60.39,13.00,977.79,681.89,2.26,194.00,259.00,1.17,19487324,2026-09-18T06:15:22Z
B,orig,learned_markov_28,async,128,11,0,0.00,100.00,626.59,288.57,183.90,104.68,,,915.16,731.27,2.18,193.00,265.00,1.17,19488192,2026-09-18T06:15:23Z
B,orig,learned_markov_28,async_win,128,11,0,0.00,100.00,662.34,323.41,222.87,38.36,62.18,26.00,985.75,700.70,2.20,193.00,264.00,1.15,19489780,2026-09-18T06:15:23Z
C,orig,layers_5,async,128,11,0,0.00,100.00,996.23,302.07,232.77,69.30,,,1298.30,1065.53,1.59,20.00,28.00,1.15,19466952,2026-09-18T06:15:23Z
C,orig,layers_5,async_win,128,11,0,0.00,100.00,1011.51,301.09,232.81,7.52,60.75,2.00,1312.60,1019.03,1.60,20.00,28.00,1.15,19477648,2026-09-18T06:15:24Z
C,orig,layers_92,async,128,11,0,0.00,100.00,630.78,409.34,227.74,181.60,,,1040.12,812.38,1.56,20.00,30.00,1.15,19480932,2026-09-18T06:15:24Z
C,orig,layers_92,async_win,128,11,0,0.00,100.00,633.02,421.48,230.84,125.09,65.54,87.00,1054.50,758.11,1.59,20.00,30.00,1.15,19482004,2026-09-18T06:15:24Z
C,orig,2d,async,128,11,0,0.00,100.00,626.32,619.02,554.51,64.51,,,1245.34,690.83,1.58,20.00,30.00,1.15,19482988,2026-09-18T06:15:24Z
C,orig,2d,async_win,128,11,0,0.00,100.00,656.45,300.10,232.75,7.20,60.15,2.00,956.55,663.65,1.56,20.00,30.00,1.15,19483220,2026-09-18T06:15:25Z
C,orig,2e_K10,async,128,11,0,0.00,100.00,626.41,306.86,228.14,78.72,,,933.27,705.13,1.56,20.00,33.00,1.15,19483360,2026-09-18T06:15:25Z
C,orig,2e_K10,async_win,128,11,0,0.00,100.00,671.51,308.29,231.30,15.35,61.64,8.00,979.80,686.86,1.56,20.00,33.00,1.15,19485088,2026-09-18T06:15:25Z
C,orig,2e_K500,async,128,11,0,0.00,76.00,181.45,715.82,230.00,485.81,,,897.27,667.26,1.52,0.00,37.00,1.15,19486440,2026-09-18T06:15:25Z
C,orig,2e_K500,async_win,128,11,0,0.00,42.30,180.01,531.25,233.52,215.41,82.33,90.00,711.26,395.42,1.51,0.00,37.00,1.15,19486120,2026-09-18T06:15:26Z
C,orig,2f_top14,async,128,11,0,0.00,100.00,599.55,311.59,232.55,79.04,,,911.14,678.59,1.57,20.00,35.00,1.15,19486144,2026-09-18T06:15:26Z
C,orig,2f_top14,async_win,128,11,0,0.00,100.00,637.88,309.01,231.19,16.86,60.95,9.00,946.89,654.74,1.56,20.00,35.00,1.15,19489488,2026-09-18T06:15:26Z
C,orig,2f_top28,async,128,11,0,0.00,100.00,512.18,331.86,232.97,98.90,,,844.04,611.08,1.56,19.00,35.00,1.15,19489604,2026-09-18T06:15:27Z
C,orig,2f_top28,async_win,128,11,0,0.00,100.00,536.04,322.48,233.35,27.27,61.86,13.00,858.52,563.31,1.57,19.00,36.00,1.15,19489564,2026-09-18T06:15:27Z
C,orig,2f_top100,async,128,11,0,0.00,100.00,631.24,421.81,229.50,192.31,,,1053.05,823.55,1.56,14.00,37.00,1.15,19491540,2026-09-18T06:15:27Z
C,orig,2f_top100,async_win,128,11,0,0.00,74.00,663.97,368.13,232.53,69.75,65.85,32.00,1032.10,733.72,1.56,14.00,37.00,1.15,19492584,2026-09-18T06:15:27Z
C,orig,2f_top500,async,128,11,0,0.00,100.00,95.83,1039.55,233.60,805.96,,,1135.38,901.79,1.52,0.00,37.00,1.15,19492384,2026-09-18T06:15:28Z
C,orig,2f_top500,async_win,128,11,0,0.00,100.00,94.78,563.61,227.42,247.49,88.71,15.00,658.39,342.27,1.51,0.00,37.00,1.15,19475820,2026-09-18T06:15:28Z
C,orig,2f_slru,async,128,11,0,0.00,100.00,96.48,1031.32,232.65,798.67,,,1127.80,895.15,1.52,0.00,37.00,1.14,19476784,2026-09-18T06:15:28Z
C,orig,2f_slru,async_win,128,11,0,0.00,100.00,95.50,525.36,225.30,211.57,88.49,15.00,620.86,307.07,1.50,0.00,37.00,1.14,19477864,2026-09-18T06:15:28Z
C,orig,leaf_freq_K10,async,128,11,0,0.00,100.00,1115.55,311.46,232.87,78.59,,,1427.01,1194.14,1.56,20.00,31.00,1.14,19477720,2026-09-18T06:15:29Z
C,orig,leaf_freq_K10,async_win,128,11,0,0.00,100.00,1027.31,304.00,231.51,11.33,61.16,6.00,1331.31,1038.64,1.56,20.00,31.00,1.14,19478296,2026-09-18T06:15:29Z
C,orig,leaf_rand_K10,async,128,11,0,0.00,100.00,994.12,307.05,231.91,75.14,,,1301.17,1069.26,1.55,20.00,28.00,1.14,19478568,2026-09-18T06:15:29Z
C,orig,leaf_rand_K10,async_win,128,11,0,0.00,100.00,1024.40,309.79,232.84,14.51,62.45,10.00,1334.19,1038.91,1.55,20.00,28.00,1.14,19459924,2026-09-18T06:15:29Z
C,orig,learned_markov_14,async,128,11,0,0.00,100.00,634.03,311.65,231.99,79.66,,,945.68,713.69,1.56,20.00,35.00,1.14,19462144,2026-09-18T06:15:30Z
C,orig,learned_markov_14,async_win,128,11,0,0.00,100.00,665.00,312.17,232.70,17.06,62.41,9.00,977.17,682.06,1.57,20.00,36.00,1.14,19463512,2026-09-18T06:15:30Z
C,orig,learned_markov_28,async,128,11,0,0.00,100.00,603.79,335.18,234.32,100.86,,,938.97,704.65,1.58,19.00,35.00,1.14,19465048,2026-09-18T06:15:30Z
C,orig,learned_markov_28,async_win,128,11,0,0.00,100.00,660.97,323.80,234.26,26.06,63.48,13.00,984.77,687.03,1.57,19.00,35.00,1.14,19466072,2026-09-18T06:15:30Z
C_hit,orig,layers_5,async,128,11,0,0.00,100.00,974.87,302.05,232.85,69.20,,,1276.92,1044.07,1.65,41.00,57.00,1.14,19466364,2026-09-18T06:15:31Z
C_hit,orig,layers_5,async_win,128,11,0,0.00,100.00,1030.10,304.83,234.52,8.39,61.93,2.00,1334.93,1038.49,1.67,41.00,57.00,1.14,19466108,2026-09-18T06:15:31Z
C_hit,orig,layers_92,async,128,11,0,0.00,100.00,636.74,437.75,231.49,206.27,,,1074.49,843.01,1.64,39.00,60.00,1.14,19466712,2026-09-18T06:15:31Z
C_hit,orig,layers_92,async_win,128,11,0,0.00,100.00,633.48,417.94,234.41,121.82,61.72,87.00,1051.42,755.30,1.66,39.00,60.00,1.14,19467452,2026-09-18T06:15:32Z
C_hit,orig,2d,async,128,11,0,0.00,100.00,637.56,300.31,230.79,69.52,,,937.87,707.08,1.66,39.00,60.00,1.14,19467352,2026-09-18T06:15:32Z
C_hit,orig,2d,async_win,128,11,0,0.00,100.00,886.56,301.23,232.18,8.07,60.98,3.00,1187.79,894.63,1.64,39.00,60.00,1.14,19467964,2026-09-18T06:15:32Z
C_hit,orig,2e_K10,async,128,11,0,0.00,100.00,573.42,312.99,231.07,81.91,,,886.41,655.33,1.65,39.00,61.00,1.14,19468592,2026-09-18T06:15:32Z
C_hit,orig,2e_K10,async_win,128,11,0,0.00,100.00,596.89,322.29,240.09,15.18,67.02,6.00,919.18,612.07,1.67,39.00,61.00,1.14,19468528,2026-09-18T06:15:33Z
C_hit,orig,2e_K500,async,128,11,0,0.00,48.50,179.04,924.96,231.03,693.93,,,1104.00,872.97,1.55,11.00,59.00,1.14,19468452,2026-09-18T06:15:33Z
C_hit,orig,2e_K500,async_win,128,11,0,0.00,100.00,179.31,675.63,225.57,358.13,91.92,139.00,854.94,537.44,1.57,11.00,59.00,1.13,19470416,2026-09-18T06:15:33Z
C_hit,orig,2f_top14,async,128,11,0,0.00,100.00,506.53,307.85,229.27,78.58,,,814.38,585.11,1.66,39.00,61.00,1.13,19470996,2026-09-18T06:15:33Z
C_hit,orig,2f_top14,async_win,128,11,0,0.00,100.00,605.63,309.39,231.50,15.69,62.21,6.00,915.02,621.32,1.68,39.00,61.00,1.13,19471568,2026-09-18T06:15:34Z
C_hit,orig,2f_top28,async,128,11,0,0.00,100.00,635.49,325.79,230.85,94.94,,,961.28,730.43,1.68,39.00,60.00,1.13,19475684,2026-09-18T06:15:34Z
C_hit,orig,2f_top28,async_win,128,11,0,0.00,100.00,513.12,317.03,229.90,25.15,61.98,8.00,830.15,538.27,1.68,39.00,60.00,1.13,19476652,2026-09-18T06:15:34Z
C_hit,orig,2f_top100,async,128,11,0,0.00,100.00,531.89,410.53,229.71,180.82,,,942.42,712.71,1.65,34.00,62.00,1.13,19475452,2026-09-18T06:15:34Z
C_hit,orig,2f_top100,async_win,128,11,0,0.00,66.00,600.92,361.99,226.88,71.31,63.80,28.00,962.91,672.23,1.66,34.00,62.00,1.13,19460816,2026-09-18T06:15:35Z
C_hit,orig,2f_top500,async,128,11,0,0.00,43.80,181.70,874.99,231.00,643.98,,,1056.69,825.68,1.58,11.00,60.00,1.13,19461740,2026-09-18T06:15:35Z
C_hit,orig,2f_top500,async_win,128,11,0,0.00,40.20,177.67,688.88,230.29,366.60,91.99,138.00,866.55,544.27,1.58,11.00,60.00,1.13,19463000,2026-09-18T06:15:35Z
C_hit,orig,2f_slru,async,128,11,0,0.00,100.00,93.97,1608.52,223.43,1385.09,,,1702.49,1479.06,1.57,0.00,62.00,1.13,19465164,2026-09-18T06:15:36Z
C_hit,orig,2f_slru,async_win,128,11,0,0.00,96.50,96.05,787.98,232.02,428.86,127.11,29.00,884.03,524.91,1.58,0.00,62.00,1.13,19465248,2026-09-18T06:15:36Z
C_hit,orig,leaf_freq_K10,async,128,11,0,0.00,100.00,897.62,304.88,228.91,75.97,,,1202.50,973.59,1.69,41.00,57.00,1.13,19465480,2026-09-18T06:15:36Z
C_hit,orig,leaf_freq_K10,async_win,128,11,0,0.00,100.00,929.15,303.39,231.71,10.35,61.34,3.00,1232.54,939.50,1.67,41.00,57.00,1.13,19465432,2026-09-18T06:15:36Z
C_hit,orig,leaf_rand_K10,async,128,11,0,0.00,100.00,986.21,253.94,179.58,74.36,,,1240.15,1060.57,1.67,41.00,57.00,1.13,19465240,2026-09-18T06:15:37Z
C_hit,orig,leaf_rand_K10,async_win,128,11,0,0.00,100.00,1012.20,307.07,230.70,15.57,60.79,10.00,1319.27,1027.77,1.71,41.00,57.00,1.13,19466972,2026-09-18T06:15:37Z
C_hit,orig,learned_markov_14,async,128,11,0,0.00,100.00,540.08,308.51,230.47,78.04,,,848.59,618.12,1.67,39.00,61.00,1.13,19465316,2026-09-18T06:15:37Z
C_hit,orig,learned_markov_14,async_win,128,11,0,0.00,100.00,591.65,307.03,230.70,14.72,61.61,6.00,898.68,606.37,1.66,39.00,61.00,1.13,19466196,2026-09-18T06:15:37Z
C_hit,orig,learned_markov_28,async,128,11,0,0.00,100.00,596.59,327.12,231.82,95.29,,,923.71,691.88,1.66,39.00,60.00,1.13,19467220,2026-09-18T06:15:38Z
C_hit,orig,learned_markov_28,async_win,128,11,0,0.00,100.00,540.95,316.17,230.94,22.25,62.98,8.00,857.12,563.20,1.68,39.00,60.00,1.20,19467236,2026-09-18T06:15:38Z
