workload,db,strategy,arm,ra_kb,rep,warmup,cold_pct,delivery_pct,first_query_us,preproc_us,open_us,deliver_us,parse_us,ranges,e2e_us,e2e_warm_us,avg_us,majflt,minflt,load,memavail_kb,ts
A,orig,baseline,baseline,128,1,1,0.00,0.00,851.24,0.00,0.00,0.00,,,851.24,851.24,2.15,190.00,246.00,1.17,19463428,2026-09-18T06:06:06Z
B,orig,baseline,baseline,128,1,1,0.00,0.00,2152.58,0.00,0.00,0.00,,,2152.58,2152.58,2.37,192.00,251.00,1.17,19463472,2026-09-18T06:06:06Z
C,orig,baseline,baseline,128,1,1,0.00,0.00,1036.12,0.00,0.00,0.00,,,1036.12,1036.12,1.62,20.00,28.00,1.17,19464800,2026-09-18T06:06:06Z
C_hit,orig,baseline,baseline,128,1,1,0.00,0.00,1011.13,0.00,0.00,0.00,,,1011.13,1011.13,1.69,41.00,57.00,1.17,19465432,2026-09-18T06:06:07Z
A,orig,layers_5,pread,128,1,1,0.00,100.00,864.08,591.77,149.15,442.62,,,1455.85,1306.70,2.17,190.00,245.00,1.17,19463240,2026-09-18T06:06:07Z
A,orig,layers_5,async,128,1,1,0.00,100.00,856.77,212.06,142.64,69.42,,,1068.83,926.19,2.16,190.00,245.00,1.17,19465452,2026-09-18T06:06:07Z
A,orig,layers_5,async_win,128,1,1,0.00,100.00,827.35,212.20,143.29,8.15,60.75,2.00,1039.55,835.50,2.14,190.00,245.00,1.17,19464036,2026-09-18T06:06:08Z
A,orig,layers_5,async_bulk,128,1,1,0.00,100.00,900.38,218.61,143.01,7.70,67.90,2.00,1118.99,908.08,2.20,190.00,245.00,1.15,19464524,2026-09-18T06:06:08Z
A,orig,layers_92,pread,128,1,1,0.00,100.00,568.15,8324.89,183.07,8141.82,,,8893.04,8709.97,2.23,187.00,258.00,1.15,19465732,2026-09-18T06:06:08Z
A,orig,layers_92,async,128,1,1,0.00,100.00,531.28,387.04,177.35,209.68,,,918.32,740.96,2.16,187.00,257.00,1.15,19468104,2026-09-18T06:06:09Z
A,orig,layers_92,async_win,128,1,1,0.00,100.00,541.89,368.62,176.37,126.32,65.93,87.00,910.51,668.21,2.16,187.00,257.00,1.15,19467876,2026-09-18T06:06:09Z
A,orig,layers_92,async_bulk,128,1,1,0.00,100.00,609.22,361.89,172.53,123.33,66.02,87.00,971.11,732.55,2.20,187.00,257.00,1.15,19464876,2026-09-18T06:06:09Z
A,orig,2d,pread,128,1,1,0.00,100.00,566.14,1856.93,142.05,1714.88,,,2423.07,2281.02,2.10,187.00,258.00,1.15,19465616,2026-09-18T06:06:10Z
A,orig,2d,async,128,1,1,0.00,100.00,572.79,230.51,145.52,84.99,,,803.30,657.78,2.15,187.00,257.00,1.15,19466556,2026-09-18T06:06:10Z
A,orig,2d,async_win,128,1,1,0.00,100.00,528.07,230.35,145.85,22.37,62.13,13.00,758.42,550.44,2.15,187.00,257.00,1.15,19469852,2026-09-18T06:06:10Z
A,orig,2d,async_bulk,128,1,1,0.00,100.00,573.55,225.35,143.53,21.18,60.64,13.00,798.90,594.73,2.18,187.00,257.00,1.15,19469096,2026-09-18T06:06:11Z
A,orig,2e_K10,pread,128,1,1,0.00,100.00,562.61,2631.64,137.04,2494.60,,,3194.25,3057.21,2.17,190.00,260.00,1.15,19469636,2026-09-18T06:06:11Z
A,orig,2e_K10,async,128,1,1,0.00,100.00,598.57,238.80,140.97,97.82,,,837.37,696.39,2.17,190.00,259.00,1.15,19472752,2026-09-18T06:06:11Z
A,orig,2e_K10,async_win,128,1,1,0.00,100.00,560.67,240.49,140.76,37.87,61.86,23.00,801.16,598.54,2.16,190.00,259.00,1.15,19475500,2026-09-18T06:06:12Z
A,orig,2e_K10,async_bulk,128,1,1,0.00,100.00,9513.18,234.13,137.25,34.52,62.36,23.00,9747.31,9547.70,2.28,190.00,259.00,1.15,19475468,2026-09-18T06:06:12Z
A,orig,2e_K500,pread,128,1,1,0.00,100.00,545.15,22077.92,153.51,21924.42,,,22623.07,22469.57,2.03,163.00,435.00,1.15,19477768,2026-09-18T06:06:12Z
A,orig,2e_K500,async,128,1,1,0.00,100.00,715.12,1049.54,143.16,906.38,,,1764.66,1621.50,2.12,181.00,386.00,1.15,19478196,2026-09-18T06:06:13Z
A,orig,2e_K500,async_win,128,1,1,0.00,100.00,707.55,920.77,132.12,695.58,93.08,446.00,1628.32,1403.13,2.23,181.00,383.00,1.14,19477104,2026-09-18T06:06:13Z
A,orig,2e_K500,async_bulk,128,1,1,0.00,100.00,714.94,945.01,142.67,711.83,90.51,446.00,1659.95,1426.77,2.10,181.00,383.00,1.14,19477708,2026-09-18T06:06:13Z
A,orig,2f_top14,pread,128,1,1,0.00,100.00,592.85,1342.59,151.91,1190.69,,,1935.44,1783.54,2.15,189.00,257.00,1.14,19478504,2026-09-18T06:06:13Z
A,orig,2f_top14,async,128,1,1,0.00,100.00,600.48,220.97,140.39,80.57,,,821.45,681.05,2.23,189.00,257.00,1.14,19478148,2026-09-18T06:06:14Z
A,orig,2f_top14,async_win,128,1,1,0.00,100.00,597.74,228.07,144.25,22.02,61.80,13.00,825.81,619.76,2.19,189.00,257.00,1.14,19480216,2026-09-18T06:06:14Z
A,orig,2f_top14,async_bulk,128,1,1,0.00,100.00,566.55,225.73,144.72,19.51,61.51,13.00,792.28,586.06,2.16,189.00,257.00,1.14,19458684,2026-09-18T06:06:14Z
A,orig,2f_top28,pread,128,1,1,0.00,100.00,591.76,2758.90,183.69,2575.21,,,3350.66,3166.97,2.26,192.00,266.00,1.14,19458608,2026-09-18T06:06:15Z
A,orig,2f_top28,async,128,1,1,0.00,100.00,594.59,277.22,176.60,100.62,,,871.81,695.21,2.17,192.00,266.00,1.14,19460900,2026-09-18T06:06:15Z
A,orig,2f_top28,async_win,128,1,1,0.00,100.00,532.38,281.71,177.03,41.67,63.01,27.00,814.09,574.05,2.13,192.00,266.00,1.14,19461316,2026-09-18T06:06:15Z
A,orig,2f_top28,async_bulk,128,1,1,0.00,100.00,566.12,280.41,177.79,39.65,62.97,27.00,846.53,605.77,2.16,192.00,266.00,1.14,19461400,2026-09-18T06:06:16Z
A,orig,2f_top100,pread,128,1,1,0.00,100.00,600.71,8632.27,149.72,8482.55,,,9232.98,9083.26,2.13,184.00,307.00,1.14,19461540,2026-09-18T06:06:16Z
A,orig,2f_top100,async,128,1,1,0.00,96.00,4898.33,844.60,203.28,641.32,,,5742.93,5539.65,2.18,184.00,306.00,1.14,19464596,2026-09-18T06:06:16Z
A,orig,2f_top100,async_win,128,1,1,0.00,100.00,596.96,328.69,141.53,122.04,65.12,98.00,925.65,719.00,2.12,184.00,306.00,1.14,19464304,2026-09-18T06:06:17Z
A,orig,2f_top100,async_bulk,128,1,1,0.00,100.00,528.23,353.87,140.17,147.20,66.50,98.00,882.10,675.43,2.10,184.00,306.00,1.14,19465024,2026-09-18T06:06:17Z
A,orig,2f_top500,pread,128,1,1,0.00,100.00,1162.23,44542.97,183.73,44359.24,,,45705.20,45521.47,2.07,165.00,426.00,1.14,19466992,2026-09-18T06:06:17Z
A,orig,2f_top500,async,128,1,1,0.00,100.00,646.95,1065.31,183.22,882.10,,,1712.26,1529.05,2.10,181.00,388.00,1.14,19467196,2026-09-18T06:06:18Z
A,orig,2f_top500,async_win,128,1,1,0.00,100.00,593.74,977.68,180.17,705.80,91.71,438.00,1571.42,1299.54,2.12,181.00,388.00,1.13,19468000,2026-09-18T06:06:18Z
A,orig,2f_top500,async_bulk,128,1,1,0.00,100.00,653.15,933.28,176.09,662.19,95.00,438.00,1586.43,1315.34,2.14,181.00,388.00,1.13,19470352,2026-09-18T06:06:18Z
A,orig,2f_slru,pread,128,1,1,0.00,100.00,99.68,17443.72,148.92,17294.80,,,17543.40,17394.48,1.54,0.00,278.00,1.13,19470976,2026-09-18T06:06:19Z
A,orig,2f_slru,async,128,1,1,0.00,100.00,97.39,7295.45,150.07,7145.38,,,7392.84,7242.77,1.58,0.00,278.00,1.13,19468856,2026-09-18T06:06:19Z
A,orig,2f_slru,async_win,128,1,1,0.00,84.60,99.17,2495.66,151.73,1937.80,406.13,139.00,2594.83,2036.97,1.62,0.00,278.00,1.13,19469320,2026-09-18T06:06:19Z
A,orig,2f_slru,async_bulk,128,1,1,0.00,1.40,775.92,627.39,140.38,83.79,403.22,2.00,1403.31,859.71,2.13,188.00,245.00,1.13,19470916,2026-09-18T06:06:19Z
A,orig,leaf_freq_K10,pread,128,1,1,0.00,100.00,928.66,1113.27,185.13,928.14,,,2041.93,1856.80,2.23,192.00,247.00,1.13,19452208,2026-09-18T06:06:20Z
A,orig,leaf_freq_K10,async,128,1,1,0.00,100.00,945.51,258.69,183.06,75.62,,,1204.20,1021.13,2.16,192.00,247.00,1.13,19453024,2026-09-18T06:06:20Z
A,orig,leaf_freq_K10,async_win,128,1,1,0.00,100.00,868.51,256.77,178.77,17.51,60.49,10.00,1125.28,886.02,2.14,192.00,247.00,1.13,19453964,2026-09-18T06:06:20Z
A,orig,leaf_freq_K10,async_bulk,128,1,1,0.00,100.00,927.52,249.42,173.57,14.96,60.89,10.00,1176.94,942.48,2.13,192.00,247.00,1.13,19454596,2026-09-18T06:06:21Z
A,orig,leaf_rand_K10,pread,128,1,1,0.00,100.00,885.08,1080.13,149.84,930.29,,,1965.21,1815.37,2.19,190.00,246.00,1.13,19455192,2026-09-18T06:06:21Z
A,orig,leaf_rand_K10,async,128,1,1,0.00,100.00,1997.21,227.79,151.97,75.82,,,2225.00,2073.03,2.19,190.00,246.00,1.13,19457440,2026-09-18T06:06:21Z
A,orig,leaf_rand_K10,async_win,128,1,1,0.00,100.00,877.72,219.64,142.75,15.97,60.92,10.00,1097.36,893.69,2.21,190.00,246.00,1.13,19457464,2026-09-18T06:06:22Z
A,orig,leaf_rand_K10,async_bulk,128,1,1,0.00,100.00,880.29,221.16,143.55,16.15,61.46,10.00,1101.45,896.44,2.17,190.00,246.00,1.13,19458408,2026-09-18T06:06:22Z
A,orig,learned_markov_14,pread,128,1,1,0.00,100.00,747.77,1414.58,158.47,1256.11,,,2162.35,2003.88,2.24,187.00,256.00,1.13,19458808,2026-09-18T06:06:22Z
A,orig,learned_markov_14,async,128,1,1,0.00,100.00,572.87,224.37,142.26,82.11,,,797.24,654.98,2.23,187.00,256.00,1.13,19460752,2026-09-18T06:06:23Z
A,orig,learned_markov_14,async_win,128,1,1,0.00,100.00,534.07,216.48,135.29,20.31,60.87,13.00,750.55,554.38,2.19,187.00,256.00,1.12,19460828,2026-09-18T06:06:23Z
A,orig,learned_markov_14,async_bulk,128,1,1,0.00,100.00,528.97,224.75,140.87,19.95,63.94,13.00,753.72,548.92,2.20,187.00,256.00,1.12,19461396,2026-09-18T06:06:23Z
A,orig,learned_markov_28,pread,128,1,1,0.00,100.00,575.80,2713.68,153.68,2560.00,,,3289.48,3135.80,2.19,187.00,260.00,1.12,19462288,2026-09-18T06:06:24Z
A,orig,learned_markov_28,async,128,1,1,0.00,100.00,496.71,245.22,142.05,103.17,,,741.93,599.88,2.13,187.00,259.00,1.12,19463252,2026-09-18T06:06:24Z
A,orig,learned_markov_28,async_win,128,1,1,0.00,100.00,596.42,241.30,143.43,35.66,62.22,26.00,837.72,632.08,2.20,187.00,259.00,1.12,19464712,2026-09-18T06:06:24Z
A,orig,learned_markov_28,async_bulk,128,1,1,0.00,100.00,537.84,245.87,143.95,39.94,61.99,26.00,783.71,577.78,2.22,187.00,259.00,1.12,19464960,2026-09-18T06:06:25Z
B,orig,layers_5,pread,128,1,1,0.00,100.00,1004.41,593.13,151.06,442.07,,,1597.54,1446.48,2.24,192.00,254.00,1.12,19458084,2026-09-18T06:06:25Z
B,orig,layers_5,async,128,1,1,0.00,100.00,1010.01,213.35,145.08,68.27,,,1223.36,1078.28,2.25,193.00,254.00,1.12,19460924,2026-09-18T06:06:25Z
B,orig,layers_5,async_win,128,1,1,0.00,100.00,1002.82,210.91,142.34,7.72,60.84,2.00,1213.73,1010.54,2.21,193.00,254.00,1.12,19461040,2026-09-18T06:06:26Z
B,orig,layers_5,async_bulk,128,1,1,0.00,100.00,974.32,210.26,142.31,7.51,60.44,2.00,1184.58,981.83,2.31,193.00,254.00,1.12,19461704,2026-09-18T06:06:26Z
B,orig,layers_92,pread,128,1,1,0.00,100.00,661.08,8135.37,132.33,8003.05,,,8796.45,8664.13,2.20,193.00,261.00,1.12,19462464,2026-09-18T06:06:26Z
B,orig,layers_92,async,128,1,1,0.00,100.00,666.64,340.33,140.40,199.93,,,1006.97,866.57,2.25,194.00,260.00,1.12,19463340,2026-09-18T06:06:27Z
B,orig,layers_92,async_win,128,1,1,0.00,100.00,626.93,323.13,138.52,118.68,65.92,87.00,950.06,745.61,2.21,194.00,260.00,1.12,19463236,2026-09-18T06:06:27Z
B,orig,layers_92,async_bulk,128,1,1,0.00,100.00,655.70,319.56,136.97,117.27,65.32,87.00,975.26,772.97,2.25,194.00,260.00,1.12,19463600,2026-09-18T06:06:27Z
B,orig,2d,pread,128,1,1,0.00,100.00,655.84,1801.97,140.31,1661.65,,,2457.81,2317.49,2.15,193.00,261.00,1.12,19465276,2026-09-18T06:06:28Z
B,orig,2d,async,128,1,1,0.00,100.00,655.09,327.38,240.95,86.42,,,982.47,741.51,2.40,194.00,260.00,1.11,19464452,2026-09-18T06:06:28Z
B,orig,2d,async_win,128,1,1,0.00,100.00,660.28,213.49,131.70,21.25,60.54,13.00,873.77,681.53,2.19,194.00,260.00,1.11,19464740,2026-09-18T06:06:28Z
B,orig,2d,async_bulk,128,1,1,0.00,100.00,664.92,220.66,132.45,20.63,67.59,13.00,885.58,685.55,2.29,194.00,260.00,1.11,19465620,2026-09-18T06:06:29Z
B,orig,2e_K10,pread,128,1,1,0.00,100.00,629.05,2572.84,100.58,2472.26,,,3201.89,3101.31,2.23,193.00,261.00,1.11,19456832,2026-09-18T06:06:29Z
B,orig,2e_K10,async,128,1,1,0.00,100.00,663.99,266.03,156.42,109.61,,,930.02,773.60,2.31,194.00,261.00,1.11,19459776,2026-09-18T06:06:29Z
B,orig,2e_K10,async_win,128,1,1,0.00,100.00,657.89,242.65,144.70,36.39,61.55,23.00,900.54,694.28,2.15,194.00,260.00,1.11,19479464,2026-09-18T06:06:30Z
B,orig,2e_K10,async_bulk,128,1,1,0.00,100.00,709.60,273.36,178.47,32.25,62.65,23.00,982.96,741.85,2.24,194.00,260.00,1.11,19479416,2026-09-18T06:06:30Z
B,orig,2e_K500,pread,128,1,1,0.00,100.00,182.43,18369.36,152.28,18217.09,,,18551.79,18399.52,2.13,173.00,395.00,1.11,19471152,2026-09-18T06:06:30Z
B,orig,2e_K500,async,128,1,1,0.00,100.00,181.86,1065.77,151.47,914.30,,,1247.63,1096.16,2.15,183.00,333.00,1.11,19481508,2026-09-18T06:06:31Z
B,orig,2e_K500,async_win,128,1,1,0.00,100.00,210.12,942.83,140.64,712.08,90.11,449.00,1152.95,922.20,2.21,183.00,332.00,1.11,19481684,2026-09-18T06:06:31Z
B,orig,2e_K500,async_bulk,128,1,1,0.00,100.00,181.91,974.99,144.77,738.81,91.41,449.00,1156.90,920.72,2.18,183.00,335.00,1.11,19483800,2026-09-18T06:06:31Z
B,orig,2f_top14,pread,128,1,1,0.00,100.00,664.13,1320.98,187.02,1133.96,,,1985.11,1798.09,2.24,194.00,260.00,1.11,19484748,2026-09-18T06:06:32Z
B,orig,2f_top14,async,128,1,1,0.00,100.00,637.22,265.96,185.99,79.97,,,903.18,717.19,2.24,194.00,260.00,1.11,19484920,2026-09-18T06:06:32Z
B,orig,2f_top14,async_win,128,1,1,0.00,100.00,663.52,261.52,180.55,19.08,61.90,13.00,925.04,682.60,2.20,194.00,260.00,1.11,19488940,2026-09-18T06:06:32Z
B,orig,2f_top14,async_bulk,128,1,1,0.00,100.00,656.89,263.38,181.31,20.91,61.16,13.00,920.27,677.80,2.17,194.00,260.00,1.11,19489632,2026-09-18T06:06:33Z
B,orig,2f_top28,pread,128,1,1,0.00,100.00,660.37,2640.37,101.56,2538.81,,,3300.74,3199.18,2.19,193.00,261.00,1.10,19489260,2026-09-18T06:06:33Z
B,orig,2f_top28,async,128,1,1,0.00,100.00,662.21,288.01,184.47,103.55,,,950.22,765.76,2.21,194.00,259.00,1.10,19490328,2026-09-18T06:06:33Z
B,orig,2f_top28,async_win,128,1,1,0.00,100.00,659.61,281.09,184.08,35.32,61.70,27.00,940.70,694.93,2.14,194.00,259.00,1.10,19490628,2026-09-18T06:06:34Z
B,orig,2f_top28,async_bulk,128,1,1,0.00,100.00,660.29,274.98,177.95,34.47,62.56,27.00,935.27,694.76,2.25,194.00,259.00,1.10,19490912,2026-09-18T06:06:34Z
B,orig,2f_top100,pread,128,1,1,0.00,100.00,182.07,9031.90,242.03,8789.87,,,9213.97,8971.94,2.18,191.00,283.00,1.10,19492276,2026-09-18T06:06:34Z
B,orig,2f_top100,async,128,1,1,0.00,100.00,179.83,447.20,244.74,202.46,,,627.03,382.29,2.18,193.00,275.00,1.10,19493032,2026-09-18T06:06:35Z
B,orig,2f_top100,async_win,128,1,1,0.00,100.00,180.19,415.75,230.97,119.47,65.32,94.00,595.94,299.66,2.19,193.00,275.00,1.10,19485980,2026-09-18T06:06:35Z
B,orig,2f_top100,async_bulk,128,1,1,0.00,100.00,181.30,431.97,237.38,128.60,65.99,94.00,613.27,309.90,2.18,193.00,274.00,1.10,19486836,2026-09-18T06:06:35Z
B,orig,2f_top500,pread,128,1,1,0.00,100.00,178.71,38474.56,283.42,38191.14,,,38653.27,38369.85,2.09,173.00,394.00,1.10,19486208,2026-09-18T06:06:36Z
B,orig,2f_top500,async,128,1,1,0.00,100.00,183.10,1111.81,239.16,872.65,,,1294.91,1055.75,2.18,183.00,336.00,1.10,19482716,2026-09-18T06:06:36Z
B,orig,2f_top500,async_win,128,1,1,0.00,100.00,180.54,1042.79,228.17,725.89,88.73,438.00,1223.33,906.43,2.17,183.00,335.00,1.10,19483072,2026-09-18T06:06:36Z
B,orig,2f_top500,async_bulk,128,1,1,0.00,100.00,183.89,995.88,230.74,676.16,88.98,438.00,1179.77,860.05,2.26,183.00,335.00,1.10,19475988,2026-09-18T06:06:37Z
B,orig,2f_slru,pread,128,1,1,0.00,100.00,97.33,18561.39,165.64,18395.75,,,18658.72,18493.08,1.58,0.00,278.00,1.10,19477576,2026-09-18T06:06:37Z
B,orig,2f_slru,async,128,1,1,0.00,100.00,101.90,7391.23,193.29,7197.93,,,7493.13,7299.83,1.62,0.00,278.00,1.10,19476264,2026-09-18T06:06:37Z
B,orig,2f_slru,async_win,128,1,1,0.00,80.40,97.27,2518.46,194.63,1916.94,406.89,138.00,2615.73,2014.21,1.63,0.00,278.00,1.10,19480116,2026-09-18T06:06:37Z
B,orig,2f_slru,async_bulk,128,1,1,0.00,1.40,860.62,690.48,194.34,85.13,411.01,2.00,1551.10,945.75,2.17,190.00,251.00,1.10,19480544,2026-09-18T06:06:38Z
B,orig,leaf_freq_K10,pread,128,1,1,0.00,100.00,1030.83,1073.57,196.72,876.85,,,2104.40,1907.68,2.25,192.00,251.00,1.17,19479048,2026-09-18T06:06:38Z
B,orig,leaf_freq_K10,async,128,1,1,0.00,100.00,1010.93,265.41,191.10,74.31,,,1276.34,1085.24,2.17,192.00,251.00,1.17,19479464,2026-09-18T06:06:38Z
B,orig,leaf_freq_K10,async_win,128,1,1,0.00,100.00,1020.39,269.60,193.88,14.64,61.09,10.00,1289.99,1035.03,2.19,192.00,251.00,1.17,19480100,2026-09-18T06:06:39Z
B,orig,leaf_freq_K10,async_bulk,128,1,1,0.00,100.00,1015.93,271.88,195.74,14.72,61.42,10.00,1287.81,1030.65,2.22,192.00,251.00,1.17,19479552,2026-09-18T06:06:39Z
B,orig,leaf_rand_K10,pread,128,1,1,0.00,100.00,955.23,1023.20,123.91,899.29,,,1978.43,1854.52,2.22,192.00,251.00,1.17,19480280,2026-09-18T06:06:39Z
B,orig,leaf_rand_K10,async,128,1,1,0.00,100.00,979.94,302.75,228.08,74.67,,,1282.69,1054.61,2.21,192.00,251.00,1.17,19480864,2026-09-18T06:06:40Z
B,orig,leaf_rand_K10,async_win,128,1,1,0.00,100.00,1017.30,300.89,225.32,14.96,60.60,10.00,1318.19,1032.26,2.32,192.00,251.00,1.17,19481344,2026-09-18T06:06:40Z
B,orig,leaf_rand_K10,async_bulk,128,1,1,0.00,100.00,983.50,299.29,223.87,15.30,60.12,10.00,1282.79,998.80,2.14,192.00,251.00,1.17,19482104,2026-09-18T06:06:40Z
B,orig,learned_markov_14,pread,128,1,1,0.00,100.00,692.10,1442.62,220.21,1222.41,,,2134.72,1914.51,2.26,194.00,259.00,1.17,19482928,2026-09-18T06:06:41Z
B,orig,learned_markov_14,async,128,1,1,0.00,100.00,594.50,286.33,207.01,79.32,,,880.83,673.82,2.16,194.00,259.00,1.17,19482640,2026-09-18T06:06:41Z
B,orig,learned_markov_14,async_win,128,1,1,0.00,100.00,660.87,288.88,206.69,20.19,62.01,13.00,949.75,681.06,2.22,194.00,259.00,1.17,19482808,2026-09-18T06:06:41Z
B,orig,learned_markov_14,async_bulk,128,1,1,0.00,100.00,656.39,284.10,206.15,16.81,61.15,13.00,940.49,673.20,2.22,194.00,259.00,1.17,19471284,2026-09-18T06:06:42Z
B,orig,learned_markov_28,pread,128,1,1,0.00,100.00,662.09,2672.74,241.87,2430.88,,,3334.83,3092.97,2.18,193.00,264.00,1.17,19485776,2026-09-18T06:06:42Z
B,orig,learned_markov_28,async,128,1,1,0.00,100.00,659.90,309.82,209.53,100.29,,,969.72,760.19,2.17,193.00,264.00,1.17,19487288,2026-09-18T06:06:42Z
B,orig,learned_markov_28,async_win,128,1,1,0.00,100.00,661.63,306.91,209.68,35.21,62.02,26.00,968.54,696.84,2.16,193.00,266.00,1.17,19488260,2026-09-18T06:06:43Z
B,orig,learned_markov_28,async_bulk,128,1,1,0.00,100.00,658.26,331.75,230.17,39.46,62.12,26.00,990.01,697.72,2.15,193.00,264.00,1.16,19487040,2026-09-18T06:06:43Z
C,orig,layers_5,pread,128,1,1,0.00,100.00,996.84,685.03,244.70,440.33,,,1681.87,1437.17,1.57,20.00,28.00,1.16,19487812,2026-09-18T06:06:43Z
C,orig,layers_5,async,128,1,1,0.00,100.00,1035.94,308.84,240.36,68.48,,,1344.78,1104.42,1.55,20.00,28.00,1.16,19488496,2026-09-18T06:06:43Z
C,orig,layers_5,async_win,128,1,1,0.00,100.00,980.54,309.25,240.97,7.41,60.87,2.00,1289.79,987.95,1.58,20.00,28.00,1.16,19488524,2026-09-18T06:06:44Z
C,orig,layers_5,async_bulk,128,1,1,0.00,100.00,1039.29,301.27,232.71,7.82,60.74,2.00,1340.56,1047.11,1.57,20.00,28.00,1.16,19489140,2026-09-18T06:06:44Z
C,orig,layers_92,pread,128,1,1,0.00,100.00,638.15,8074.62,209.26,7865.36,,,8712.77,8503.51,1.56,20.00,30.00,1.16,19488072,2026-09-18T06:06:44Z
C,orig,layers_92,async,128,1,1,0.00,100.00,634.11,405.60,211.06,194.55,,,1039.71,828.66,1.57,20.00,30.00,1.16,19487580,2026-09-18T06:06:44Z
C,orig,layers_92,async_win,128,1,1,0.00,100.00,635.25,387.59,196.14,126.19,65.26,87.00,1022.84,761.44,1.56,20.00,30.00,1.16,19488216,2026-09-18T06:06:45Z
C,orig,layers_92,async_bulk,128,1,1,0.00,100.00,657.00,381.68,198.77,117.55,65.35,87.00,1038.68,774.55,1.56,20.00,30.00,1.16,19488448,2026-09-18T06:06:45Z
C,orig,2d,pread,128,1,1,0.00,100.00,622.36,551.86,203.85,348.00,,,1174.22,970.36,1.59,20.00,30.00,1.16,19488176,2026-09-18T06:06:45Z
C,orig,2d,async,128,1,1,0.00,100.00,625.63,284.89,216.39,68.51,,,910.52,694.14,1.58,20.00,30.00,1.16,19488204,2026-09-18T06:06:46Z
C,orig,2d,async_win,128,1,1,0.00,100.00,634.02,256.20,188.09,7.29,60.81,2.00,890.22,641.31,1.57,20.00,30.00,1.16,19488556,2026-09-18T06:06:46Z
C,orig,2d,async_bulk,128,1,1,0.00,100.00,668.15,273.82,195.69,7.17,70.96,2.00,941.97,675.32,1.56,20.00,30.00,1.16,19488824,2026-09-18T06:06:46Z
C,orig,2e_K10,pread,128,1,1,0.00,100.00,639.26,1397.96,205.54,1192.42,,,2037.22,1831.68,1.55,19.00,36.00,1.16,19488708,2026-09-18T06:06:46Z
C,orig,2e_K10,async,128,1,1,0.00,100.00,599.46,287.69,208.91,78.78,,,887.15,678.24,1.56,20.00,33.00,1.16,19488964,2026-09-18T06:06:47Z
C,orig,2e_K10,async_win,128,1,1,0.00,100.00,625.35,286.17,209.18,15.88,61.10,8.00,911.52,641.23,1.57,20.00,33.00,1.16,19472096,2026-09-18T06:06:47Z
C,orig,2e_K10,async_bulk,128,1,1,0.00,100.00,629.33,278.02,195.79,19.46,62.78,8.00,907.35,648.79,1.57,20.00,33.00,1.16,19484708,2026-09-18T06:06:47Z
C,orig,2e_K500,pread,128,1,1,0.00,100.00,183.11,2458.98,215.64,2243.35,,,2642.09,2426.46,1.49,0.00,37.00,1.16,19485912,2026-09-18T06:06:47Z
C,orig,2e_K500,async,128,1,1,0.00,66.30,181.46,662.73,208.74,453.98,,,844.19,635.44,1.51,0.00,37.00,1.16,19485424,2026-09-18T06:06:48Z
C,orig,2e_K500,async_win,128,1,1,0.00,44.10,177.00,525.10,195.47,247.55,82.08,90.00,702.10,424.55,1.50,0.00,37.00,1.14,19485640,2026-09-18T06:06:48Z
C,orig,2e_K500,async_bulk,128,1,1,0.00,42.30,180.57,498.00,196.75,218.53,82.72,90.00,678.57,399.10,1.50,0.00,37.00,1.14,19485268,2026-09-18T06:06:48Z
C,orig,2f_top14,pread,128,1,1,0.00,100.00,636.65,1315.00,236.98,1078.03,,,1951.65,1714.68,1.55,17.00,38.00,1.14,19485040,2026-09-18T06:06:48Z
C,orig,2f_top14,async,128,1,1,0.00,100.00,514.71,318.39,239.44,78.95,,,833.10,593.66,1.57,20.00,35.00,1.14,19485468,2026-09-18T06:06:49Z
C,orig,2f_top14,async_win,128,1,1,0.00,100.00,632.97,307.55,229.98,16.90,60.66,9.00,940.52,649.87,1.56,20.00,36.00,1.14,19486076,2026-09-18T06:06:49Z
C,orig,2f_top14,async_bulk,128,1,1,0.00,100.00,605.35,307.67,230.46,15.88,61.33,9.00,913.02,621.23,1.56,20.00,36.00,1.14,19485828,2026-09-18T06:06:49Z
C,orig,2f_top28,pread,128,1,1,0.00,100.00,594.44,1211.91,202.87,1009.04,,,1806.35,1603.48,1.55,18.00,36.00,1.14,19485720,2026-09-18T06:06:49Z
C,orig,2f_top28,async,128,1,1,0.00,100.00,662.85,287.33,194.06,93.27,,,950.18,756.12,1.57,19.00,35.00,1.14,19485960,2026-09-18T06:06:50Z
C,orig,2f_top28,async_win,128,1,1,0.00,100.00,540.42,281.48,189.26,28.89,63.33,13.00,821.90,569.31,1.59,19.00,36.00,1.14,19487016,2026-09-18T06:06:50Z
C,orig,2f_top28,async_bulk,128,1,1,0.00,100.00,697.35,279.93,194.22,26.51,59.19,13.00,977.28,723.86,1.57,19.00,35.00,1.14,19502152,2026-09-18T06:06:50Z
C,orig,2f_top100,pread,128,1,1,0.00,100.00,556.91,1258.86,193.84,1065.02,,,1815.77,1621.93,1.55,12.00,38.00,1.14,19502700,2026-09-18T06:06:50Z
C,orig,2f_top100,async,128,1,1,0.00,100.00,667.27,376.46,197.92,178.54,,,1043.73,845.81,1.55,14.00,36.00,1.14,19502912,2026-09-18T06:06:51Z
C,orig,2f_top100,async_win,128,1,1,0.00,100.00,602.53,334.46,194.09,74.53,65.83,32.00,936.99,677.06,1.55,14.00,36.00,1.14,19503668,2026-09-18T06:06:51Z
C,orig,2f_top100,async_bulk,128,1,1,0.00,100.00,560.75,330.56,193.63,71.63,65.29,32.00,891.31,632.38,1.54,14.00,37.00,1.14,19504584,2026-09-18T06:06:51Z
C,orig,2f_top500,pread,128,1,1,0.00,100.00,94.11,2923.38,205.20,2718.18,,,3017.49,2812.29,1.52,0.00,37.00,1.14,19505200,2026-09-18T06:06:52Z
C,orig,2f_top500,async,128,1,1,0.00,100.00,95.06,953.05,206.71,746.34,,,1048.11,841.40,1.50,0.00,37.00,1.14,19505464,2026-09-18T06:06:52Z
C,orig,2f_top500,async_win,128,1,1,0.00,100.00,96.26,570.51,205.33,277.16,88.03,15.00,666.77,373.42,1.51,0.00,37.00,1.14,19506448,2026-09-18T06:06:52Z
C,orig,2f_top500,async_bulk,128,1,1,0.00,13.60,959.79,334.92,207.83,37.78,89.31,2.00,1294.71,997.57,1.58,19.00,30.00,1.14,19506856,2026-09-18T06:06:52Z
C,orig,2f_slru,pread,128,1,1,0.00,100.00,88.76,2946.45,196.20,2750.25,,,3035.21,2839.01,1.50,0.00,37.00,1.14,19481516,2026-09-18T06:06:53Z
C,orig,2f_slru,async,128,1,1,0.00,100.00,95.66,943.01,196.21,746.80,,,1038.67,842.46,1.51,0.00,37.00,1.13,19485452,2026-09-18T06:06:53Z
C,orig,2f_slru,async_win,128,1,1,0.00,100.00,92.13,544.49,195.57,259.80,89.13,15.00,636.62,351.93,1.52,0.00,37.00,1.13,19485748,2026-09-18T06:06:53Z
C,orig,2f_slru,async_bulk,128,1,1,0.00,13.60,953.89,324.50,195.39,42.09,87.02,2.00,1278.39,995.98,1.57,19.00,30.00,1.13,19484864,2026-09-18T06:06:53Z
C,orig,leaf_freq_K10,pread,128,1,1,0.00,100.00,1090.75,972.24,208.82,763.41,,,2062.99,1854.16,1.58,19.00,33.00,1.13,19485916,2026-09-18T06:06:54Z
C,orig,leaf_freq_K10,async,128,1,1,0.00,100.00,1171.16,283.66,209.01,74.65,,,1454.82,1245.81,1.57,20.00,31.00,1.13,19490220,2026-09-18T06:06:54Z
C,orig,leaf_freq_K10,async_win,128,1,1,0.00,100.00,997.62,282.15,207.37,12.72,62.06,6.00,1279.77,1010.34,1.57,20.00,31.00,1.13,19491656,2026-09-18T06:06:54Z
C,orig,leaf_freq_K10,async_bulk,128,1,1,0.00,100.00,1020.58,284.44,210.09,12.62,61.73,6.00,1305.02,1033.20,1.58,20.00,31.00,1.13,19495840,2026-09-18T06:06:54Z
C,orig,leaf_rand_K10,pread,128,1,1,0.00,100.00,1000.71,1042.73,234.59,808.14,,,2043.44,1808.85,1.57,20.00,28.00,1.13,19496140,2026-09-18T06:06:55Z
C,orig,leaf_rand_K10,async,128,1,1,0.00,100.00,1059.05,309.21,234.52,74.69,,,1368.26,1133.74,1.57,20.00,28.00,1.13,19495880,2026-09-18T06:06:55Z
C,orig,leaf_rand_K10,async_win,128,1,1,0.00,100.00,985.17,306.73,234.59,14.88,57.26,10.00,1291.90,1000.05,1.56,20.00,28.00,1.13,19497192,2026-09-18T06:06:55Z
C,orig,leaf_rand_K10,async_bulk,128,1,1,0.00,100.00,1056.81,311.82,234.06,16.61,61.15,10.00,1368.63,1073.42,1.56,20.00,28.00,1.13,19482708,2026-09-18T06:06:55Z
C,orig,learned_markov_14,pread,128,1,1,0.00,100.00,632.64,1258.97,206.13,1052.84,,,1891.61,1685.48,1.56,17.00,37.00,1.13,19484508,2026-09-18T06:06:56Z
C,orig,learned_markov_14,async,128,1,1,0.00,100.00,625.32,274.16,195.42,78.74,,,899.48,704.06,1.58,20.00,35.00,1.13,19484472,2026-09-18T06:06:56Z
C,orig,learned_markov_14,async_win,128,1,1,0.00,100.00,634.62,274.57,196.48,15.93,62.16,9.00,909.19,650.55,1.59,20.00,36.00,1.13,19485396,2026-09-18T06:06:56Z
C,orig,learned_markov_14,async_bulk,128,1,1,0.00,100.00,628.45,273.37,195.13,16.73,61.52,9.00,901.82,645.18,1.57,20.00,35.00,1.13,19485196,2026-09-18T06:06:56Z
C,orig,learned_markov_28,pread,128,1,1,0.00,100.00,626.35,1289.87,238.05,1051.83,,,1916.22,1678.18,1.57,18.00,36.00,1.13,19485500,2026-09-18T06:06:57Z
C,orig,learned_markov_28,async,128,1,1,0.00,100.00,557.69,328.09,232.20,95.89,,,885.78,653.58,1.56,19.00,35.00,1.13,19486720,2026-09-18T06:06:57Z
C,orig,learned_markov_28,async_win,128,1,1,0.00,100.00,540.28,322.87,232.94,27.72,62.21,13.00,863.15,568.00,1.55,19.00,35.00,1.13,19485896,2026-09-18T06:06:57Z
C,orig,learned_markov_28,async_bulk,128,1,1,0.00,100.00,599.86,323.14,230.77,29.67,62.70,13.00,923.00,629.53,1.57,19.00,35.00,1.13,19486132,2026-09-18T06:06:58Z
C_hit,orig,layers_5,pread,128,1,1,0.00,100.00,972.58,660.41,213.56,446.85,,,1632.99,1419.43,1.65,41.00,57.00,1.13,19472840,2026-09-18T06:06:58Z
C_hit,orig,layers_5,async,128,1,1,0.00,100.00,980.64,286.98,216.95,70.03,,,1267.62,1050.67,1.66,41.00,57.00,1.12,19474756,2026-09-18T06:06:58Z
C_hit,orig,layers_5,async_win,128,1,1,0.00,100.00,980.93,279.08,211.18,7.49,60.41,2.00,1260.01,988.42,1.66,41.00,57.00,1.12,19482268,2026-09-18T06:06:58Z
C_hit,orig,layers_5,async_bulk,128,1,1,0.00,100.00,872.49,282.05,213.13,8.02,60.90,2.00,1154.54,880.51,1.65,41.00,57.00,1.12,19482696,2026-09-18T06:06:59Z
C_hit,orig,layers_92,pread,128,1,1,0.00,100.00,627.18,8155.24,197.40,7957.84,,,8782.42,8585.02,1.65,39.00,60.00,1.12,19482816,2026-09-18T06:06:59Z
C_hit,orig,layers_92,async,128,1,1,0.00,100.00,603.75,389.06,192.22,196.84,,,992.81,800.59,1.65,39.00,60.00,1.12,19483572,2026-09-18T06:06:59Z
C_hit,orig,layers_92,async_win,128,1,1,0.00,100.00,661.70,375.31,192.81,117.32,65.17,87.00,1037.01,779.02,1.66,39.00,60.00,1.12,19483524,2026-09-18T06:06:59Z
C_hit,orig,layers_92,async_bulk,128,1,1,0.00,100.00,614.52,377.66,198.06,113.18,66.42,87.00,992.18,727.70,1.70,39.00,60.00,1.12,19482992,2026-09-18T06:07:00Z
C_hit,orig,2d,pread,128,1,1,0.00,100.00,634.76,634.81,201.43,433.38,,,1269.57,1068.14,1.66,39.00,60.00,1.12,19483932,2026-09-18T06:07:00Z
C_hit,orig,2d,async,128,1,1,0.00,100.00,637.70,264.64,194.37,70.27,,,902.34,707.97,1.64,39.00,60.00,1.12,19484028,2026-09-18T06:07:00Z
C_hit,orig,2d,async_win,128,1,1,0.00,100.00,596.48,264.26,194.76,8.38,61.12,3.00,860.74,604.86,1.64,39.00,60.00,1.12,19484452,2026-09-18T06:07:00Z
C_hit,orig,2d,async_bulk,128,1,1,0.00,100.00,604.45,261.95,192.59,8.04,61.33,3.00,866.40,612.49,1.66,39.00,60.00,1.12,19483620,2026-09-18T06:07:01Z
C_hit,orig,2e_K10,pread,128,1,1,0.00,100.00,601.41,1184.40,201.32,983.08,,,1785.81,1584.49,1.65,37.00,61.00,1.12,19484112,2026-09-18T06:07:01Z
C_hit,orig,2e_K10,async,128,1,1,0.00,100.00,506.87,274.63,194.48,80.15,,,781.50,587.02,1.65,39.00,61.00,1.12,19484144,2026-09-18T06:07:01Z
C_hit,orig,2e_K10,async_win,128,1,1,0.00,100.00,632.27,269.77,192.83,15.86,61.08,6.00,902.04,648.13,1.66,39.00,61.00,1.12,19484408,2026-09-18T06:07:02Z
C_hit,orig,2e_K10,async_bulk,128,1,1,0.00,100.00,605.41,272.63,195.41,15.64,61.59,6.00,878.04,621.05,1.68,39.00,61.00,1.12,19484808,2026-09-18T06:07:02Z
C_hit,orig,2e_K500,pread,128,1,1,0.00,100.00,179.22,3458.51,169.94,3288.57,,,3637.73,3467.79,1.55,10.00,60.00,1.12,19482960,2026-09-18T06:07:02Z
C_hit,orig,2e_K500,async,128,1,1,0.00,45.30,178.19,863.16,192.47,670.69,,,1041.35,848.88,1.55,11.00,59.00,1.12,19483068,2026-09-18T06:07:02Z
C_hit,orig,2e_K500,async_win,128,1,1,0.00,31.70,179.72,622.75,196.18,335.35,91.22,139.00,802.47,515.07,1.57,11.00,59.00,1.12,19483748,2026-09-18T06:07:03Z
C_hit,orig,2e_K500,async_bulk,128,1,1,0.00,39.00,180.28,641.90,192.93,358.11,90.85,139.00,822.18,538.39,1.64,11.00,59.00,1.19,19450816,2026-09-18T06:07:03Z
C_hit,orig,2f_top14,pread,128,1,1,0.00,100.00,600.09,992.02,117.97,874.05,,,1592.11,1474.14,1.66,37.00,61.00,1.19,19456968,2026-09-18T06:07:03Z
C_hit,orig,2f_top14,async,128,1,1,0.00,100.00,607.41,327.93,247.87,80.06,,,935.34,687.47,1.66,39.00,61.00,1.19,19458324,2026-09-18T06:07:03Z
C_hit,orig,2f_top14,async_win,128,1,1,0.00,100.00,597.62,320.38,245.33,13.46,61.59,6.00,918.00,611.08,1.65,39.00,61.00,1.19,19458892,2026-09-18T06:07:04Z
C_hit,orig,2f_top14,async_bulk,128,1,1,0.00,100.00,627.65,325.33,248.72,14.96,61.66,6.00,952.98,642.61,1.65,39.00,61.00,1.19,19461944,2026-09-18T06:07:04Z
C_hit,orig,2f_top28,pread,128,1,1,0.00,100.00,605.06,1128.30,199.34,928.96,,,1733.36,1534.02,1.66,36.00,61.00,1.19,19465332,2026-09-18T06:07:04Z
C_hit,orig,2f_top28,async,128,1,1,0.00,100.00,639.53,292.72,197.00,95.72,,,932.25,735.25,1.66,39.00,60.00,1.19,19465988,2026-09-18T06:07:05Z
C_hit,orig,2f_top28,async_win,128,1,1,0.00,100.00,509.55,281.57,193.91,25.56,62.11,8.00,791.12,535.11,1.66,39.00,60.00,1.19,19465836,2026-09-18T06:07:05Z
C_hit,orig,2f_top28,async_bulk,128,1,1,0.00,100.00,508.11,284.63,197.32,25.10,62.22,8.00,792.74,533.21,1.66,39.00,60.00,1.19,19469356,2026-09-18T06:07:05Z
C_hit,orig,2f_top100,pread,128,1,1,0.00,100.00,549.65,1349.97,197.67,1152.30,,,1899.62,1701.95,1.62,32.00,62.00,1.19,19469472,2026-09-18T06:07:05Z
C_hit,orig,2f_top100,async,128,1,1,0.00,100.00,606.90,380.73,203.42,177.30,,,987.63,784.20,1.65,34.00,62.00,1.19,19468756,2026-09-18T06:07:06Z
C_hit,orig,2f_top100,async_win,128,1,1,0.00,100.00,527.45,340.56,201.44,72.87,66.25,28.00,868.01,600.32,1.63,34.00,62.00,1.19,19468872,2026-09-18T06:07:06Z
C_hit,orig,2f_top100,async_bulk,128,1,1,0.00,100.00,529.39,331.04,196.09,69.19,65.76,28.00,860.43,598.58,1.64,34.00,62.00,1.19,19471488,2026-09-18T06:07:06Z
C_hit,orig,2f_top500,pread,128,1,1,0.00,100.00,180.11,3119.07,236.50,2882.58,,,3299.18,3062.69,1.54,10.00,60.00,1.19,19471284,2026-09-18T06:07:06Z
C_hit,orig,2f_top500,async,128,1,1,0.00,45.20,180.00,889.52,238.84,650.68,,,1069.52,830.68,1.56,11.00,60.00,1.19,19470872,2026-09-18T06:07:07Z
C_hit,orig,2f_top500,async_win,128,1,1,0.00,40.20,180.75,701.97,237.26,373.47,91.24,138.00,882.72,554.22,1.57,11.00,60.00,1.19,19469500,2026-09-18T06:07:07Z
C_hit,orig,2f_top500,async_bulk,128,1,1,0.00,37.80,180.37,663.72,236.71,337.43,89.59,138.00,844.09,517.80,1.58,11.00,60.00,1.19,19471936,2026-09-18T06:07:07Z
C_hit,orig,2f_slru,pread,128,1,1,0.00,100.00,91.57,4561.19,117.64,4443.55,,,4652.76,4535.12,1.50,0.00,62.00,1.19,19474628,2026-09-18T06:07:07Z
C_hit,orig,2f_slru,async,128,1,1,0.00,100.00,94.19,1607.25,196.38,1410.87,,,1701.44,1505.06,1.54,0.00,62.00,1.19,19472784,2026-09-18T06:07:08Z
C_hit,orig,2f_slru,async_win,128,1,1,0.00,100.00,91.71,749.73,195.53,427.38,126.82,29.00,841.44,519.09,1.53,0.00,62.00,1.18,19472912,2026-09-18T06:07:08Z
C_hit,orig,2f_slru,async_bulk,128,1,1,0.00,7.00,712.10,366.18,196.97,42.85,126.36,2.00,1078.28,754.95,1.65,40.00,56.00,1.18,19474948,2026-09-18T06:07:08Z
C_hit,orig,leaf_freq_K10,pread,128,1,1,0.00,100.00,596.23,817.75,232.31,585.44,,,1413.98,1181.67,1.67,39.00,57.00,1.18,19475468,2026-09-18T06:07:08Z
C_hit,orig,leaf_freq_K10,async,128,1,1,0.00,100.00,1127.28,306.58,232.16,74.42,,,1433.86,1201.70,1.67,41.00,57.00,1.18,19475816,2026-09-18T06:07:09Z
C_hit,orig,leaf_freq_K10,async_win,128,1,1,0.00,100.00,793.79,302.03,231.69,9.75,60.58,3.00,1095.82,803.54,1.65,41.00,57.00,1.18,19477600,2026-09-18T06:07:09Z
C_hit,orig,leaf_freq_K10,async_bulk,128,1,1,0.00,100.00,921.05,303.13,231.94,10.45,60.74,3.00,1224.18,931.50,1.67,41.00,57.00,1.18,19476772,2026-09-18T06:07:09Z
C_hit,orig,leaf_rand_K10,pread,128,1,1,0.00,100.00,954.51,1122.39,228.70,893.69,,,2076.90,1848.20,1.65,41.00,57.00,1.18,19477200,2026-09-18T06:07:10Z
C_hit,orig,leaf_rand_K10,async,128,1,1,0.00,100.00,989.53,313.69,234.58,79.11,,,1303.22,1068.64,1.66,41.00,57.00,1.18,19477592,2026-09-18T06:07:10Z
C_hit,orig,leaf_rand_K10,async_win,128,1,1,0.00,100.00,977.14,304.21,229.81,14.01,60.39,10.00,1281.35,991.15,1.65,41.00,57.00,1.18,19478780,2026-09-18T06:07:10Z
C_hit,orig,leaf_rand_K10,async_bulk,128,1,1,0.00,100.00,1122.29,300.54,226.06,14.63,59.85,10.00,1422.83,1136.92,1.66,41.00,57.00,1.18,19479508,2026-09-18T06:07:10Z
C_hit,orig,learned_markov_14,pread,128,1,1,0.00,100.00,633.42,1101.37,230.56,870.81,,,1734.79,1504.23,1.64,37.00,61.00,1.18,19492036,2026-09-18T06:07:11Z
C_hit,orig,learned_markov_14,async,128,1,1,0.00,100.00,602.90,302.42,224.99,77.42,,,905.32,680.32,1.64,39.00,61.00,1.18,19491588,2026-09-18T06:07:11Z
C_hit,orig,learned_markov_14,async_win,128,1,1,0.00,100.00,667.14,301.54,226.85,14.00,60.69,6.00,968.68,681.14,1.70,39.00,61.00,1.18,19494024,2026-09-18T06:07:11Z
C_hit,orig,learned_markov_14,async_bulk,128,1,1,0.00,100.00,609.16,301.22,224.59,15.16,61.47,6.00,910.38,624.32,1.65,39.00,61.00,1.18,19493996,2026-09-18T06:07:11Z
C_hit,orig,learned_markov_28,pread,128,1,1,0.00,100.00,635.15,999.29,118.28,881.01,,,1634.44,1516.16,1.65,36.00,61.00,1.18,19494352,2026-09-18T06:07:12Z
C_hit,orig,learned_markov_28,async,128,1,1,0.00,100.00,591.55,326.91,231.14,95.77,,,918.46,687.32,1.68,39.00,60.00,1.18,19496252,2026-09-18T06:07:12Z
C_hit,orig,learned_markov_28,async_win,128,1,1,0.00,100.00,521.22,314.89,229.37,23.19,62.33,8.00,836.11,544.41,1.71,39.00,60.00,1.18,19495968,2026-09-18T06:07:12Z
C_hit,orig,learned_markov_28,async_bulk,128,1,1,0.00,100.00,512.47,318.00,232.44,23.81,61.75,8.00,830.47,536.28,1.64,39.00,60.00,1.18,19497028,2026-09-18T06:07:13Z
A,orig,baseline,baseline,128,2,0,0.00,0.00,869.64,0.00,0.00,0.00,,,869.64,869.64,2.20,190.00,246.00,1.16,19496196,2026-09-18T06:07:13Z
B,orig,baseline,baseline,128,2,0,0.00,0.00,1082.46,0.00,0.00,0.00,,,1082.46,1082.46,2.21,192.00,251.00,1.16,19499024,2026-09-18T06:07:13Z
C,orig,baseline,baseline,128,2,0,0.00,0.00,1012.30,0.00,0.00,0.00,,,1012.30,1012.30,1.56,20.00,28.00,1.16,19478468,2026-09-18T06:07:13Z
C_hit,orig,baseline,baseline,128,2,0,0.00,0.00,943.71,0.00,0.00,0.00,,,943.71,943.71,1.65,41.00,57.00,1.16,19479400,2026-09-18T06:07:14Z
A,orig,layers_5,pread,128,2,0,0.00,100.00,854.67,661.17,224.73,436.44,,,1515.84,1291.11,2.12,190.00,245.00,1.16,19478636,2026-09-18T06:07:14Z
A,orig,layers_5,async,128,2,0,0.00,100.00,916.47,295.64,227.02,68.62,,,1212.11,985.09,2.21,190.00,245.00,1.16,19480296,2026-09-18T06:07:14Z
A,orig,layers_5,async_win,128,2,0,0.00,100.00,964.03,298.05,229.45,7.75,60.84,2.00,1262.08,971.78,2.14,190.00,245.00,1.16,19484604,2026-09-18T06:07:15Z
A,orig,layers_5,async_bulk,128,2,0,0.00,100.00,862.98,293.61,224.62,8.16,60.83,2.00,1156.59,871.14,2.10,190.00,245.00,1.16,19485572,2026-09-18T06:07:15Z
A,orig,layers_92,pread,128,2,0,0.00,100.00,563.89,8286.18,226.00,8060.17,,,8850.07,8624.06,2.19,187.00,258.00,1.16,19485360,2026-09-18T06:07:15Z
A,orig,layers_92,async,128,2,0,0.00,100.00,538.49,441.34,230.90,210.44,,,979.83,748.93,2.14,187.00,257.00,1.16,19485812,2026-09-18T06:07:16Z
A,orig,layers_92,async_win,128,2,0,0.00,100.00,570.77,415.63,228.85,120.45,66.33,87.00,986.40,691.22,2.14,187.00,257.00,1.16,19474112,2026-09-18T06:07:16Z
A,orig,layers_92,async_bulk,128,2,0,0.00,100.00,530.42,416.15,225.87,124.94,65.35,87.00,946.57,655.36,2.11,187.00,257.00,1.16,19475116,2026-09-18T06:07:16Z
A,orig,2d,pread,128,2,0,0.00,100.00,533.74,1914.56,225.60,1688.95,,,2448.30,2222.69,2.13,187.00,258.00,1.16,19475616,2026-09-18T06:07:17Z
A,orig,2d,async,128,2,0,0.00,100.00,530.20,324.68,236.15,88.53,,,854.88,618.73,2.19,187.00,257.00,1.16,19477096,2026-09-18T06:07:17Z
A,orig,2d,async_win,128,2,0,0.00,100.00,500.36,309.71,227.07,21.14,61.51,13.00,810.07,521.50,2.11,187.00,257.00,1.16,19480912,2026-09-18T06:07:17Z
A,orig,2d,async_bulk,128,2,0,0.00,100.00,536.82,310.02,224.74,24.20,61.09,13.00,846.84,561.02,2.12,187.00,257.00,1.16,19481020,2026-09-18T06:07:18Z
A,orig,2e_K10,pread,128,2,0,0.00,100.00,596.80,2798.10,227.28,2570.82,,,3394.90,3167.62,2.24,190.00,260.00,1.15,19480744,2026-09-18T06:07:18Z
A,orig,2e_K10,async,128,2,0,0.00,100.00,565.75,328.29,229.80,98.48,,,894.04,664.23,2.12,190.00,259.00,1.15,19481256,2026-09-18T06:07:18Z
A,orig,2e_K10,async_win,128,2,0,0.00,100.00,526.88,323.05,224.93,36.17,61.95,23.00,849.93,563.05,2.10,190.00,259.00,1.15,19480936,2026-09-18T06:07:19Z
A,orig,2e_K10,async_bulk,128,2,0,0.00,100.00,525.58,320.97,226.51,32.27,62.20,23.00,846.55,557.85,2.10,190.00,259.00,1.15,19478188,2026-09-18T06:07:19Z
A,orig,2e_K500,pread,128,2,0,0.00,100.00,592.51,22321.22,226.24,22094.99,,,22913.73,22687.50,2.02,163.00,436.00,1.15,19479340,2026-09-18T06:07:19Z
A,orig,2e_K500,async,128,2,0,0.00,39.00,712.09,1256.82,546.31,710.52,,,1968.91,1422.61,2.07,181.00,384.00,1.15,19479352,2026-09-18T06:07:20Z
A,orig,2e_K500,async_win,128,2,0,0.00,100.00,714.93,1012.52,226.53,695.26,90.74,446.00,1727.45,1410.19,2.12,181.00,382.00,1.15,19479752,2026-09-18T06:07:20Z
A,orig,2e_K500,async_bulk,128,2,0,0.00,100.00,715.07,1045.69,226.83,728.17,90.69,446.00,1760.76,1443.24,2.06,181.00,382.00,1.15,19481572,2026-09-18T06:07:20Z
A,orig,2f_top14,pread,128,2,0,0.00,100.00,577.09,2833.07,804.34,2028.72,,,3410.16,2605.81,2.18,189.00,257.00,1.15,19480432,2026-09-18T06:07:20Z
A,orig,2f_top14,async,128,2,0,0.00,100.00,593.13,307.56,227.73,79.83,,,900.69,672.96,2.12,189.00,257.00,1.15,19481336,2026-09-18T06:07:21Z
A,orig,2f_top14,async_win,128,2,0,0.00,100.00,592.43,312.18,228.81,20.56,62.81,13.00,904.61,612.99,2.14,189.00,257.00,1.15,19481840,2026-09-18T06:07:21Z
A,orig,2f_top14,async_bulk,128,2,0,0.00,100.00,495.85,310.26,228.21,21.39,60.66,13.00,806.11,517.24,2.13,189.00,257.00,1.15,19481668,2026-09-18T06:07:21Z
A,orig,2f_top28,pread,128,2,0,0.00,100.00,495.59,2652.87,225.94,2426.93,,,3148.46,2922.52,2.14,192.00,266.00,1.15,19482104,2026-09-18T06:07:22Z
A,orig,2f_top28,async,128,2,0,0.00,100.00,503.15,333.78,228.26,105.52,,,836.93,608.67,2.13,192.00,266.00,1.15,19482316,2026-09-18T06:07:22Z
A,orig,2f_top28,async_win,128,2,0,0.00,100.00,595.83,323.05,222.69,38.65,61.71,27.00,918.88,634.48,2.09,192.00,266.00,1.15,19482560,2026-09-18T06:07:22Z
A,orig,2f_top28,async_bulk,128,2,0,0.00,100.00,609.70,338.19,239.34,35.96,62.89,27.00,947.89,645.66,2.18,192.00,266.00,1.15,19482560,2026-09-18T06:07:23Z
A,orig,2f_top100,pread,128,2,0,0.00,100.00,592.54,9028.66,225.27,8803.39,,,9621.20,9395.93,2.09,184.00,307.00,1.14,19482036,2026-09-18T06:07:23Z
A,orig,2f_top100,async,128,2,0,0.00,100.00,597.54,441.38,225.99,215.40,,,1038.92,812.94,2.11,184.00,306.00,1.14,19483236,2026-09-18T06:07:23Z
A,orig,2f_top100,async_win,128,2,0,0.00,100.00,574.99,406.65,225.47,111.90,69.28,98.00,981.64,686.89,2.14,184.00,305.00,1.14,19483680,2026-09-18T06:07:24Z
A,orig,2f_top100,async_bulk,128,2,0,0.00,100.00,599.26,431.05,234.58,130.28,66.18,98.00,1030.31,729.54,2.13,184.00,306.00,1.14,19477640,2026-09-18T06:07:24Z
A,orig,2f_top500,pread,128,2,0,0.00,100.00,539.22,22039.35,225.85,21813.50,,,22578.57,22352.72,2.06,165.00,430.00,1.14,19478748,2026-09-18T06:07:24Z
A,orig,2f_top500,async,128,2,0,0.00,100.00,721.70,1042.62,226.13,816.49,,,1764.32,1538.19,2.08,181.00,386.00,1.14,19478996,2026-09-18T06:07:25Z
A,orig,2f_top500,async_win,128,2,0,0.00,100.00,719.53,1035.00,226.10,718.03,90.86,438.00,1754.53,1437.56,2.09,181.00,387.00,1.14,19479452,2026-09-18T06:07:25Z
A,orig,2f_top500,async_bulk,128,2,0,0.00,100.00,641.56,1036.03,226.06,719.99,89.97,438.00,1677.59,1361.55,2.06,181.00,386.00,1.14,19480008,2026-09-18T06:07:25Z
A,orig,2f_slru,pread,128,2,0,0.00,100.00,90.62,19042.06,227.52,18814.54,,,19132.68,18905.16,1.53,0.00,278.00,1.14,19480388,2026-09-18T06:07:26Z
A,orig,2f_slru,async,128,2,0,0.00,100.00,106.64,7444.99,224.77,7220.21,,,7551.63,7326.85,1.55,0.00,278.00,1.14,19476688,2026-09-18T06:07:26Z
A,orig,2f_slru,async_win,128,2,0,0.00,82.40,97.77,2553.37,227.53,1921.42,404.42,139.00,2651.14,2019.19,1.55,0.00,278.00,1.14,19476220,2026-09-18T06:07:26Z
A,orig,2f_slru,async_bulk,128,2,0,0.00,1.40,810.14,711.52,226.40,83.41,401.71,2.00,1521.66,893.55,2.13,188.00,245.00,1.14,19478028,2026-09-18T06:07:26Z
A,orig,leaf_freq_K10,pread,128,2,0,0.00,100.00,852.51,1135.66,232.68,902.99,,,1988.17,1755.50,2.20,192.00,247.00,1.14,19479216,2026-09-18T06:07:27Z
A,orig,leaf_freq_K10,async,128,2,0,0.00,100.00,904.03,301.72,224.32,77.39,,,1205.75,981.42,2.16,192.00,247.00,1.14,19479632,2026-09-18T06:07:27Z
A,orig,leaf_freq_K10,async_win,128,2,0,0.00,100.00,869.53,302.14,225.70,14.41,62.03,10.00,1171.67,883.94,2.14,192.00,247.00,1.14,19480324,2026-09-18T06:07:27Z
A,orig,leaf_freq_K10,async_bulk,128,2,0,0.00,100.00,845.84,304.58,226.37,17.14,61.08,10.00,1150.42,862.98,2.16,192.00,247.00,1.14,19479352,2026-09-18T06:07:28Z
A,orig,leaf_rand_K10,pread,128,2,0,0.00,100.00,940.82,1160.02,228.39,931.63,,,2100.84,1872.45,2.15,190.00,246.00,1.13,19480136,2026-09-18T06:07:28Z
A,orig,leaf_rand_K10,async,128,2,0,0.00,100.00,867.26,302.16,225.53,76.62,,,1169.42,943.88,2.11,190.00,246.00,1.13,19481716,2026-09-18T06:07:28Z
A,orig,leaf_rand_K10,async_win,128,2,0,0.00,100.00,937.16,304.88,228.92,15.23,60.73,10.00,1242.04,952.39,2.14,190.00,246.00,1.13,19481612,2026-09-18T06:07:29Z
A,orig,leaf_rand_K10,async_bulk,128,2,0,0.00,100.00,920.30,304.21,227.61,15.10,61.51,10.00,1224.51,935.40,2.16,190.00,246.00,1.13,19482044,2026-09-18T06:07:29Z
A,orig,learned_markov_14,pread,128,2,0,0.00,100.00,589.62,1480.71,226.15,1254.57,,,2070.33,1844.19,2.15,187.00,256.00,1.13,19481484,2026-09-18T06:07:29Z
A,orig,learned_markov_14,async,128,2,0,0.00,100.00,596.50,303.71,224.64,79.07,,,900.21,675.57,2.16,187.00,256.00,1.13,19486024,2026-09-18T06:07:30Z
A,orig,learned_markov_14,async_win,128,2,0,0.00,100.00,535.19,307.49,226.15,19.72,61.63,13.00,842.68,554.91,2.13,187.00,256.00,1.13,19486996,2026-09-18T06:07:30Z
A,orig,learned_markov_14,async_bulk,128,2,0,0.00,100.00,526.67,305.88,225.04,19.08,61.76,13.00,832.55,545.75,2.24,187.00,256.00,1.13,19487524,2026-09-18T06:07:30Z
A,orig,learned_markov_28,pread,128,2,0,0.00,100.00,558.11,2773.09,225.91,2547.18,,,3331.20,3105.29,2.12,187.00,260.00,1.13,19488456,2026-09-18T06:07:31Z
A,orig,learned_markov_28,async,128,2,0,0.00,100.00,500.26,327.23,226.87,100.36,,,827.49,600.62,2.12,187.00,259.00,1.13,19488520,2026-09-18T06:07:31Z
A,orig,learned_markov_28,async_win,128,2,0,0.00,100.00,507.13,328.26,231.91,36.20,60.15,26.00,835.39,543.33,2.17,187.00,259.00,1.13,19496020,2026-09-18T06:07:31Z
A,orig,learned_markov_28,async_bulk,128,2,0,0.00,100.00,564.44,325.22,224.07,38.80,62.35,26.00,889.66,603.24,2.13,187.00,259.00,1.13,19496644,2026-09-18T06:07:32Z
B,orig,layers_5,pread,128,2,0,0.00,100.00,1046.51,663.82,226.41,437.41,,,1710.33,1483.92,2.20,192.00,254.00,1.13,19496628,2026-09-18T06:07:32Z
B,orig,layers_5,async,128,2,0,0.00,100.00,950.61,297.90,229.12,68.78,,,1248.51,1019.39,2.19,193.00,254.00,1.13,19496844,2026-09-18T06:07:32Z
B,orig,layers_5,async_win,128,2,0,0.00,100.00,1067.36,295.56,226.37,7.67,61.52,2.00,1362.92,1075.03,2.17,193.00,254.00,1.13,19498420,2026-09-18T06:07:33Z
B,orig,layers_5,async_bulk,128,2,0,0.00,100.00,1006.19,295.09,227.04,7.21,60.84,2.00,1301.28,1013.40,2.13,193.00,254.00,1.12,19498424,2026-09-18T06:07:33Z
B,orig,layers_92,pread,128,2,0,0.00,100.00,674.00,8317.16,228.04,8089.12,,,8991.16,8763.12,2.18,193.00,260.00,1.12,19497640,2026-09-18T06:07:33Z
B,orig,layers_92,async,128,2,0,0.00,100.00,662.88,442.64,227.53,215.11,,,1105.52,877.99,2.16,194.00,260.00,1.12,19497656,2026-09-18T06:07:33Z
B,orig,layers_92,async_win,128,2,0,0.00,94.60,633.29,696.25,225.66,115.53,355.06,87.00,1329.54,748.82,2.19,194.00,260.00,1.12,19498624,2026-09-18T06:07:34Z
B,orig,layers_92,async_bulk,128,2,0,0.00,100.00,663.80,415.18,223.15,126.03,66.00,87.00,1078.98,789.83,2.13,194.00,260.00,1.12,19498140,2026-09-18T06:07:34Z
B,orig,2d,pread,128,2,0,0.00,100.00,531.08,1913.16,227.05,1686.11,,,2444.24,2217.19,2.13,193.00,260.00,1.12,19504044,2026-09-18T06:07:34Z
B,orig,2d,async,128,2,0,0.00,100.00,656.80,314.64,226.92,87.72,,,971.44,744.52,2.26,194.00,260.00,1.12,19504812,2026-09-18T06:07:35Z
B,orig,2d,async_win,128,2,0,0.00,100.00,659.10,313.12,227.54,23.60,61.98,13.00,972.22,682.70,2.17,194.00,260.00,1.12,19504300,2026-09-18T06:07:35Z
B,orig,2d,async_bulk,128,2,0,0.00,100.00,659.95,308.47,225.35,21.40,61.72,13.00,968.42,681.35,2.16,194.00,260.00,1.12,19505772,2026-09-18T06:07:35Z
B,orig,2e_K10,pread,128,2,0,0.00,100.00,672.88,2735.72,229.09,2506.63,,,3408.60,3179.51,2.22,193.00,261.00,1.12,19506596,2026-09-18T06:07:36Z
B,orig,2e_K10,async,128,2,0,0.00,100.00,659.09,325.26,223.37,101.89,,,984.35,760.98,2.15,194.00,260.00,1.12,19505384,2026-09-18T06:07:36Z
B,orig,2e_K10,async_win,128,2,0,0.00,100.00,627.80,322.38,224.36,36.30,61.72,23.00,950.18,664.10,2.13,194.00,260.00,1.12,19487996,2026-09-18T06:07:36Z
B,orig,2e_K10,async_bulk,128,2,0,0.00,100.00,666.15,322.66,226.40,34.07,62.19,23.00,988.81,700.22,2.18,194.00,260.00,1.12,19488940,2026-09-18T06:07:37Z
B,orig,2e_K500,pread,128,2,0,0.00,100.00,183.35,20320.62,226.58,20094.04,,,20503.97,20277.39,2.08,173.00,393.00,1.12,19487796,2026-09-18T06:07:37Z
B,orig,2e_K500,async,128,2,0,0.00,100.00,186.20,1097.60,227.06,870.55,,,1283.80,1056.75,2.13,183.00,332.00,1.12,19488848,2026-09-18T06:07:37Z
B,orig,2e_K500,async_win,128,2,0,0.00,100.00,183.23,1023.41,226.80,705.18,91.43,449.00,1206.64,888.41,2.12,183.00,333.00,1.12,19489644,2026-09-18T06:07:38Z
B,orig,2e_K500,async_bulk,128,2,0,0.00,100.00,184.28,1064.78,225.99,748.57,90.23,449.00,1249.06,932.85,2.13,183.00,332.00,1.11,19490012,2026-09-18T06:07:38Z
B,orig,2f_top14,pread,128,2,0,0.00,100.00,673.99,1476.35,239.66,1236.68,,,2150.34,1910.67,2.24,194.00,260.00,1.11,19490032,2026-09-18T06:07:38Z
B,orig,2f_top14,async,128,2,0,0.00,100.00,664.50,307.71,227.35,80.36,,,972.21,744.86,2.15,194.00,260.00,1.11,19489964,2026-09-18T06:07:39Z
B,orig,2f_top14,async_win,128,2,0,0.00,100.00,672.71,308.59,228.31,17.99,62.29,13.00,981.30,690.70,2.19,194.00,260.00,1.11,19489288,2026-09-18T06:07:39Z
B,orig,2f_top14,async_bulk,128,2,0,0.00,100.00,1290.32,309.22,227.74,20.00,61.49,13.00,1599.54,1310.32,2.31,194.00,260.00,1.11,19490236,2026-09-18T06:07:39Z
B,orig,2f_top28,pread,128,2,0,0.00,100.00,659.86,2685.89,229.93,2455.96,,,3345.75,3115.82,2.27,193.00,261.00,1.11,19470992,2026-09-18T06:07:40Z
B,orig,2f_top28,async,128,2,0,0.00,100.00,663.83,326.69,225.72,100.98,,,990.52,764.81,2.17,194.00,259.00,1.11,19471460,2026-09-18T06:07:40Z
B,orig,2f_top28,async_win,128,2,0,0.00,100.00,664.53,326.18,228.32,35.80,62.07,27.00,990.71,700.33,2.22,194.00,259.00,1.11,19473496,2026-09-18T06:07:40Z
B,orig,2f_top28,async_bulk,128,2,0,0.00,100.00,660.29,328.22,227.21,38.92,62.09,27.00,988.51,699.21,2.18,194.00,259.00,1.11,19473808,2026-09-18T06:07:41Z
B,orig,2f_top100,pread,128,2,0,0.00,100.00,180.94,9077.05,227.08,8849.98,,,9257.99,9030.92,2.14,191.00,282.00,1.11,19473868,2026-09-18T06:07:41Z
B,orig,2f_top100,async,128,2,0,0.00,100.00,182.68,425.32,227.69,197.63,,,608.00,380.31,2.21,193.00,276.00,1.11,19475104,2026-09-18T06:07:41Z
B,orig,2f_top100,async_win,128,2,0,0.00,100.00,183.71,420.00,226.78,128.00,65.22,94.00,603.71,311.71,2.18,193.00,274.00,1.11,19474620,2026-09-18T06:07:42Z
B,orig,2f_top100,async_bulk,128,2,0,0.00,100.00,184.19,419.29,225.55,128.19,65.54,94.00,603.48,312.38,2.21,193.00,273.00,1.11,19475916,2026-09-18T06:07:42Z
B,orig,2f_top500,pread,128,2,0,0.00,100.00,182.58,18152.44,225.76,17926.68,,,18335.02,18109.26,2.10,173.00,399.00,1.11,19476784,2026-09-18T06:07:42Z
B,orig,2f_top500,async,128,2,0,0.00,100.00,178.06,1106.95,226.81,880.14,,,1285.01,1058.20,2.14,183.00,334.00,1.11,19478036,2026-09-18T06:07:43Z
B,orig,2f_top500,async_win,128,2,0,0.00,100.00,180.61,988.18,226.38,671.73,90.07,438.00,1168.79,852.34,2.15,183.00,335.00,1.10,19477232,2026-09-18T06:07:43Z
B,orig,2f_top500,async_bulk,128,2,0,0.00,100.00,184.78,992.01,226.75,676.02,89.25,438.00,1176.79,860.80,2.12,183.00,336.00,1.10,19478624,2026-09-18T06:07:43Z
B,orig,2f_slru,pread,128,2,0,0.00,100.00,96.94,21568.73,226.24,21342.49,,,21665.67,21439.43,1.55,0.00,278.00,1.10,19479944,2026-09-18T06:07:44Z
B,orig,2f_slru,async,128,2,0,0.00,100.00,98.99,7456.45,226.26,7230.18,,,7555.44,7329.17,1.62,0.00,278.00,1.10,19477260,2026-09-18T06:07:44Z
B,orig,2f_slru,async_win,128,2,0,0.00,97.80,99.96,2786.95,229.01,2149.77,408.17,138.00,2886.91,2249.73,1.59,0.00,278.00,1.10,19477280,2026-09-18T06:07:44Z
B,orig,2f_slru,async_bulk,128,2,0,0.00,1.40,880.53,719.41,226.09,78.39,414.94,2.00,1599.94,958.92,2.32,190.00,251.00,1.10,19480652,2026-09-18T06:07:44Z
B,orig,leaf_freq_K10,pread,128,2,0,0.00,100.00,1049.52,1055.69,226.12,829.57,,,2105.21,1879.09,2.15,192.00,251.00,1.10,19480760,2026-09-18T06:07:45Z
B,orig,leaf_freq_K10,async,128,2,0,0.00,100.00,982.98,298.89,224.10,74.79,,,1281.87,1057.77,2.16,192.00,251.00,1.10,19479512,2026-09-18T06:07:45Z
B,orig,leaf_freq_K10,async_win,128,2,0,0.00,100.00,1701.02,303.09,228.14,14.01,60.95,10.00,2004.11,1715.03,2.22,192.00,251.00,1.10,19480544,2026-09-18T06:07:45Z
B,orig,leaf_freq_K10,async_bulk,128,2,0,0.00,100.00,1017.66,302.73,226.76,14.66,61.31,10.00,1320.39,1032.32,2.16,192.00,251.00,1.10,19480696,2026-09-18T06:07:46Z
B,orig,leaf_rand_K10,pread,128,2,0,0.00,100.00,981.97,1089.09,223.58,865.51,,,2071.06,1847.48,2.17,192.00,251.00,1.10,19481384,2026-09-18T06:07:46Z
B,orig,leaf_rand_K10,async,128,2,0,0.00,100.00,986.89,302.32,226.39,75.93,,,1289.21,1062.82,2.20,192.00,251.00,1.10,19481552,2026-09-18T06:07:46Z
B,orig,leaf_rand_K10,async_win,128,2,0,0.00,100.00,982.18,312.46,236.94,14.77,60.75,10.00,1294.64,996.95,2.16,192.00,251.00,1.10,19482492,2026-09-18T06:07:47Z
B,orig,leaf_rand_K10,async_bulk,128,2,0,0.00,100.00,1017.12,302.50,225.83,15.18,61.49,10.00,1319.62,1032.30,2.15,192.00,251.00,1.10,19482980,2026-09-18T06:07:47Z
B,orig,learned_markov_14,pread,128,2,0,0.00,100.00,654.26,1388.93,231.92,1157.02,,,2043.19,1811.28,2.16,194.00,259.00,1.10,19483036,2026-09-18T06:07:47Z
B,orig,learned_markov_14,async,128,2,0,0.00,100.00,661.37,310.77,231.80,78.98,,,972.14,740.35,2.18,194.00,259.00,1.10,19482704,2026-09-18T06:07:48Z
B,orig,learned_markov_14,async_win,128,2,0,0.00,100.00,659.35,311.42,230.01,19.54,61.87,13.00,970.77,678.89,2.23,194.00,259.00,1.09,19483512,2026-09-18T06:07:48Z
B,orig,learned_markov_14,async_bulk,128,2,0,0.00,100.00,659.39,320.39,238.27,20.74,61.39,13.00,979.78,680.13,2.21,194.00,259.00,1.09,19483688,2026-09-18T06:07:48Z
B,orig,learned_markov_28,pread,128,2,0,0.00,100.00,658.54,2589.19,200.33,2388.86,,,3247.73,3047.40,2.15,193.00,265.00,1.09,19486708,2026-09-18T06:07:49Z
B,orig,learned_markov_28,async,128,2,0,0.00,100.00,676.60,314.95,215.41,99.55,,,991.55,776.15,2.33,193.00,264.00,1.09,19485884,2026-09-18T06:07:49Z
B,orig,learned_markov_28,async_win,128,2,0,0.00,100.00,661.26,288.57,187.45,38.25,62.87,26.00,949.83,699.51,2.19,193.00,265.00,1.09,19487784,2026-09-18T06:07:49Z
B,orig,learned_markov_28,async_bulk,128,2,0,0.00,100.00,659.59,248.87,148.76,38.61,61.50,26.00,908.46,698.20,2.15,193.00,264.00,1.09,19487716,2026-09-18T06:07:50Z
C,orig,layers_5,pread,128,2,0,0.00,100.00,1011.01,682.16,235.50,446.66,,,1693.17,1457.67,1.57,20.00,28.00,1.09,19487568,2026-09-18T06:07:50Z
C,orig,layers_5,async,128,2,0,0.00,100.00,1017.95,308.58,236.00,72.58,,,1326.53,1090.53,1.59,20.00,28.00,1.09,19474212,2026-09-18T06:07:50Z
C,orig,layers_5,async_win,128,2,0,0.00,100.00,1042.33,305.29,238.57,7.83,58.89,2.00,1347.62,1050.16,1.58,20.00,28.00,1.09,19487744,2026-09-18T06:07:50Z
C,orig,layers_5,async_bulk,128,2,0,0.00,100.00,976.39,301.62,233.70,7.38,60.53,2.00,1278.01,983.77,1.58,20.00,28.00,1.09,19488320,2026-09-18T06:07:51Z
C,orig,layers_92,pread,128,2,0,0.00,100.00,671.64,8647.17,231.65,8415.52,,,9318.81,9087.16,1.63,20.00,30.00,1.09,19488180,2026-09-18T06:07:51Z
C,orig,layers_92,async,128,2,0,0.00,100.00,633.40,436.62,235.96,200.66,,,1070.02,834.06,1.56,20.00,30.00,1.09,19488796,2026-09-18T06:07:51Z
C,orig,layers_92,async_win,128,2,0,0.00,100.00,664.86,431.05,232.33,133.49,65.23,87.00,1095.91,798.35,1.59,20.00,30.00,1.09,19488324,2026-09-18T06:07:51Z
C,orig,layers_92,async_bulk,128,2,0,0.00,100.00,657.11,419.63,231.47,122.34,65.81,87.00,1076.74,779.45,1.57,20.00,30.00,1.09,19499744,2026-09-18T06:07:52Z
C,orig,2d,pread,128,2,0,0.00,100.00,599.05,575.96,228.70,347.26,,,1175.01,946.31,1.56,20.00,30.00,1.09,19499540,2026-09-18T06:07:52Z
C,orig,2d,async,128,2,0,0.00,100.00,655.88,300.85,232.90,67.95,,,956.73,723.83,1.57,20.00,30.00,1.09,19499576,2026-09-18T06:07:52Z
C,orig,2d,async_win,128,2,0,0.00,100.00,633.21,303.10,235.16,7.34,60.59,2.00,936.31,640.55,1.56,20.00,30.00,1.09,19499968,2026-09-18T06:07:52Z
C,orig,2d,async_bulk,128,2,0,0.00,100.00,635.87,300.66,232.35,7.27,61.03,2.00,936.53,643.14,1.56,20.00,30.00,1.09,19499124,2026-09-18T06:07:53Z
C,orig,2e_K10,pread,128,2,0,0.00,100.00,637.29,1404.92,235.52,1169.40,,,2042.21,1806.69,1.56,19.00,37.00,1.08,19499956,2026-09-18T06:07:53Z
C,orig,2e_K10,async,128,2,0,0.00,100.00,654.03,316.19,235.65,80.53,,,970.22,734.56,1.56,20.00,33.00,1.08,19500576,2026-09-18T06:07:53Z
C,orig,2e_K10,async_win,128,2,0,0.00,100.00,627.94,307.63,230.55,16.56,60.51,8.00,935.57,644.50,1.56,20.00,33.00,1.08,19499560,2026-09-18T06:07:54Z
C,orig,2e_K10,async_bulk,128,2,0,0.00,100.00,625.58,308.35,230.85,17.15,60.34,8.00,933.93,642.73,1.57,20.00,33.00,1.08,19500192,2026-09-18T06:07:54Z
C,orig,2e_K500,pread,128,2,0,0.00,100.00,186.04,2464.08,233.59,2230.49,,,2650.12,2416.53,1.51,0.00,37.00,1.08,19500404,2026-09-18T06:07:54Z
C,orig,2e_K500,async,128,2,0,0.00,70.40,179.29,698.07,229.57,468.50,,,877.36,647.79,1.52,0.00,37.00,1.08,19500492,2026-09-18T06:07:54Z
C,orig,2e_K500,async_win,128,2,0,0.00,47.90,177.36,555.00,231.19,241.30,82.50,90.00,732.36,418.66,1.53,0.00,37.00,1.08,19501160,2026-09-18T06:07:55Z
C,orig,2e_K500,async_bulk,128,2,0,0.00,45.90,184.11,533.00,233.19,216.91,82.91,90.00,717.11,401.02,1.50,0.00,37.00,1.08,19502392,2026-09-18T06:07:55Z
C,orig,2f_top14,pread,128,2,0,0.00,100.00,634.69,1308.31,233.66,1074.65,,,1943.00,1709.34,1.55,17.00,38.00,1.08,19502428,2026-09-18T06:07:55Z
C,orig,2f_top14,async,128,2,0,0.00,100.00,664.00,313.39,234.43,78.96,,,977.39,742.96,1.56,20.00,35.00,1.08,19494632,2026-09-18T06:07:55Z
C,orig,2f_top14,async_win,128,2,0,0.00,100.00,587.14,303.71,231.46,16.01,56.25,9.00,890.85,603.15,1.60,20.00,36.00,1.08,19496884,2026-09-18T06:07:56Z
C,orig,2f_top14,async_bulk,128,2,0,0.00,100.00,668.67,309.56,232.02,16.19,61.35,9.00,978.23,684.86,1.59,20.00,35.00,1.08,19497288,2026-09-18T06:07:56Z
C,orig,2f_top28,pread,128,2,0,0.00,100.00,635.40,1310.00,232.19,1077.82,,,1945.40,1713.22,1.55,18.00,36.00,1.08,19498376,2026-09-18T06:07:56Z
C,orig,2f_top28,async,128,2,0,0.00,100.00,600.14,327.57,230.55,97.01,,,927.71,697.15,1.56,19.00,35.00,1.08,19500068,2026-09-18T06:07:56Z
C,orig,2f_top28,async_win,128,2,0,0.00,100.00,510.76,321.50,229.05,30.67,61.79,13.00,832.26,541.43,1.56,19.00,35.00,1.08,19500712,2026-09-18T06:07:57Z
C,orig,2f_top28,async_bulk,128,2,0,0.00,100.00,511.75,321.18,232.19,26.69,62.31,13.00,832.93,538.44,1.57,19.00,35.00,1.08,19485536,2026-09-18T06:07:57Z
C,orig,2f_top100,pread,128,2,0,0.00,100.00,560.28,1414.84,232.56,1182.28,,,1975.12,1742.56,1.54,12.00,38.00,1.08,19486500,2026-09-18T06:07:57Z
C,orig,2f_top100,async,128,2,0,0.00,100.00,556.09,410.44,232.34,178.10,,,966.53,734.19,1.57,14.00,36.00,1.08,19486800,2026-09-18T06:07:57Z
C,orig,2f_top100,async_win,128,2,0,0.00,100.00,597.70,374.79,230.89,78.61,65.28,32.00,972.49,676.31,1.54,14.00,36.00,1.08,19485896,2026-09-18T06:07:58Z
C,orig,2f_top100,async_bulk,128,2,0,0.00,100.00,558.26,372.18,230.25,76.90,65.02,32.00,930.44,635.16,1.54,14.00,36.00,1.08,19485516,2026-09-18T06:07:58Z
C,orig,2f_top500,pread,128,2,0,0.00,100.00,93.34,3054.14,230.63,2823.51,,,3147.48,2916.85,1.49,0.00,37.00,1.08,19486204,2026-09-18T06:07:58Z
C,orig,2f_top500,async,128,2,0,0.00,100.00,93.50,982.35,231.75,750.60,,,1075.85,844.10,1.50,0.00,37.00,1.08,19486436,2026-09-18T06:07:58Z
C,orig,2f_top500,async_win,128,2,0,0.00,100.00,92.30,572.99,230.02,253.24,89.73,15.00,665.29,345.54,1.53,0.00,37.00,1.08,19486132,2026-09-18T06:07:59Z
C,orig,2f_top500,async_bulk,128,2,0,0.00,13.60,953.81,357.73,230.16,38.53,89.04,2.00,1311.54,992.34,1.56,19.00,30.00,1.08,19484416,2026-09-18T06:07:59Z
C,orig,2f_slru,pread,128,2,0,0.00,100.00,93.22,2952.74,229.64,2723.10,,,3045.96,2816.32,1.49,0.00,37.00,1.08,19485452,2026-09-18T06:07:59Z
C,orig,2f_slru,async,128,2,0,0.00,100.00,92.44,985.34,231.21,754.14,,,1077.78,846.58,1.52,0.00,37.00,1.08,19487132,2026-09-18T06:07:59Z
C,orig,2f_slru,async_win,128,2,0,0.00,100.00,93.83,579.33,231.87,256.76,90.70,15.00,673.16,350.59,1.52,0.00,37.00,1.08,19487344,2026-09-18T06:08:00Z
C,orig,2f_slru,async_bulk,128,2,0,0.00,13.60,949.14,354.00,226.57,38.46,88.98,2.00,1303.14,987.60,1.56,19.00,30.00,1.08,19485964,2026-09-18T06:08:00Z
C,orig,leaf_freq_K10,pread,128,2,0,0.00,100.00,1130.97,933.74,231.24,702.50,,,2064.71,1833.47,1.55,19.00,33.00,1.08,19487236,2026-09-18T06:08:00Z
C,orig,leaf_freq_K10,async,128,2,0,0.00,100.00,1057.03,306.33,231.92,74.41,,,1363.36,1131.44,1.55,20.00,31.00,1.08,19487492,2026-09-18T06:08:01Z
C,orig,leaf_freq_K10,async_win,128,2,0,0.00,100.00,1041.36,307.43,233.82,12.41,61.20,6.00,1348.79,1053.77,1.58,20.00,31.00,1.08,19470412,2026-09-18T06:08:01Z
C,orig,leaf_freq_K10,async_bulk,128,2,0,0.00,100.00,1054.39,311.70,238.17,12.36,61.16,6.00,1366.09,1066.75,1.56,20.00,31.00,1.08,19470332,2026-09-18T06:08:01Z
C,orig,leaf_rand_K10,pread,128,2,0,0.00,100.00,1021.06,1037.07,230.05,807.02,,,2058.13,1828.08,1.57,20.00,28.00,1.08,19472884,2026-09-18T06:08:01Z
C,orig,leaf_rand_K10,async,128,2,0,0.00,100.00,997.50,305.30,229.88,75.42,,,1302.80,1072.92,1.56,20.00,28.00,1.08,19470852,2026-09-18T06:08:02Z
C,orig,leaf_rand_K10,async_win,128,2,0,0.00,100.00,1035.06,305.81,228.99,15.01,61.82,10.00,1340.87,1050.07,1.56,20.00,28.00,1.08,19472252,2026-09-18T06:08:02Z
C,orig,leaf_rand_K10,async_bulk,128,2,0,0.00,100.00,1051.96,307.75,230.63,15.33,61.79,10.00,1359.71,1067.29,1.59,20.00,28.00,1.08,19472552,2026-09-18T06:08:02Z
C,orig,learned_markov_14,pread,128,2,0,0.00,100.00,626.73,1271.43,227.44,1043.99,,,1898.16,1670.72,1.55,17.00,37.00,1.08,19475152,2026-09-18T06:08:02Z
C,orig,learned_markov_14,async,128,2,0,0.00,100.00,633.02,309.05,230.77,78.28,,,942.07,711.30,1.57,20.00,36.00,1.08,19475568,2026-09-18T06:08:03Z
C,orig,learned_markov_14,async_win,128,2,0,0.00,100.00,623.56,308.19,229.10,17.46,61.62,9.00,931.75,641.02,1.56,20.00,35.00,1.23,19476676,2026-09-18T06:08:03Z
C,orig,learned_markov_14,async_bulk,128,2,0,0.00,100.00,626.61,306.71,231.43,16.86,58.42,9.00,933.32,643.47,1.57,20.00,35.00,1.23,19476720,2026-09-18T06:08:03Z
C,orig,learned_markov_28,pread,128,2,0,0.00,100.00,625.50,1265.96,228.68,1037.28,,,1891.46,1662.78,1.55,18.00,37.00,1.23,19478568,2026-09-18T06:08:03Z
C,orig,learned_markov_28,async,128,2,0,0.00,100.00,656.30,328.16,231.35,96.80,,,984.46,753.10,1.56,19.00,36.00,1.23,19478640,2026-09-18T06:08:04Z
C,orig,learned_markov_28,async_win,128,2,0,0.00,100.00,539.51,322.63,231.98,28.73,61.92,13.00,862.14,568.24,1.57,19.00,35.00,1.23,19479244,2026-09-18T06:08:04Z
C,orig,learned_markov_28,async_bulk,128,2,0,0.00,100.00,538.53,323.68,233.93,27.20,62.55,13.00,862.21,565.73,1.56,19.00,36.00,1.23,19479760,2026-09-18T06:08:04Z
C_hit,orig,layers_5,pread,128,2,0,0.00,100.00,975.66,678.61,230.39,448.21,,,1654.27,1423.87,1.66,41.00,57.00,1.23,19480236,2026-09-18T06:08:04Z
C_hit,orig,layers_5,async,128,2,0,0.00,100.00,908.40,298.22,230.49,67.73,,,1206.62,976.13,1.65,41.00,57.00,1.23,19480676,2026-09-18T06:08:05Z
C_hit,orig,layers_5,async_win,128,2,0,0.00,100.00,909.64,298.32,229.95,7.89,60.47,2.00,1207.96,917.53,1.67,41.00,57.00,1.23,19480312,2026-09-18T06:08:05Z
C_hit,orig,layers_5,async_bulk,128,2,0,0.00,100.00,1011.36,300.18,231.34,7.41,61.42,2.00,1311.54,1018.77,1.67,41.00,57.00,1.23,19481596,2026-09-18T06:08:05Z
C_hit,orig,layers_92,pread,128,2,0,0.00,100.00,631.02,8281.76,230.13,8051.63,,,8912.78,8682.65,1.66,39.00,60.00,1.23,19481784,2026-09-18T06:08:06Z
C_hit,orig,layers_92,async,128,2,0,0.00,100.00,664.20,413.01,228.50,184.51,,,1077.21,848.71,1.66,39.00,60.00,1.23,19481428,2026-09-18T06:08:06Z
C_hit,orig,layers_92,async_win,128,2,0,0.00,100.00,638.15,416.34,231.90,117.74,66.70,87.00,1054.49,755.89,1.68,39.00,60.00,1.23,19470032,2026-09-18T06:08:06Z
C_hit,orig,layers_92,async_bulk,128,2,0,0.00,100.00,1071.72,405.93,231.03,109.17,65.73,87.00,1477.65,1180.89,1.70,39.00,60.00,1.23,19470736,2026-09-18T06:08:06Z
C_hit,orig,2d,pread,128,2,0,0.00,100.00,602.30,663.55,229.64,433.91,,,1265.85,1036.21,1.64,39.00,60.00,1.23,19471852,2026-09-18T06:08:07Z
C_hit,orig,2d,async,128,2,0,0.00,100.00,594.84,297.44,228.24,69.20,,,892.28,664.04,1.66,39.00,60.00,1.23,19471772,2026-09-18T06:08:07Z
C_hit,orig,2d,async_win,128,2,0,0.00,100.00,606.38,302.79,233.18,8.15,61.47,3.00,909.17,614.53,1.66,39.00,60.00,1.23,19474384,2026-09-18T06:08:07Z
C_hit,orig,2d,async_bulk,128,2,0,0.00,100.00,596.26,299.51,230.69,8.18,60.64,3.00,895.77,604.44,1.65,39.00,60.00,1.23,19474800,2026-09-18T06:08:07Z
C_hit,orig,2e_K10,pread,128,2,0,0.00,100.00,534.92,1221.01,229.45,991.55,,,1755.93,1526.47,1.66,37.00,61.00,1.23,19474488,2026-09-18T06:08:08Z
C_hit,orig,2e_K10,async,128,2,0,0.00,100.00,504.50,311.18,230.24,80.93,,,815.68,585.43,1.65,39.00,61.00,1.21,19474808,2026-09-18T06:08:08Z
C_hit,orig,2e_K10,async_win,128,2,0,0.00,100.00,624.16,309.80,231.25,16.27,62.28,6.00,933.96,640.43,1.67,39.00,61.00,1.21,19476984,2026-09-18T06:08:08Z
C_hit,orig,2e_K10,async_bulk,128,2,0,0.00,100.00,592.97,306.24,228.83,15.46,61.95,6.00,899.21,608.43,1.64,39.00,61.00,1.21,19477076,2026-09-18T06:08:09Z
C_hit,orig,2e_K500,pread,128,2,0,0.00,100.00,180.82,3364.51,230.62,3133.89,,,3545.33,3314.71,1.56,10.00,60.00,1.21,19476928,2026-09-18T06:08:09Z
C_hit,orig,2e_K500,async,128,2,0,0.00,50.30,186.02,960.80,229.80,730.99,,,1146.82,917.01,1.56,11.00,59.00,1.21,19473796,2026-09-18T06:08:09Z
C_hit,orig,2e_K500,async_win,128,2,0,0.00,31.70,184.00,663.34,235.97,334.78,92.58,139.00,847.34,518.78,1.57,11.00,59.00,1.21,19475732,2026-09-18T06:08:09Z
C_hit,orig,2e_K500,async_bulk,128,2,0,0.00,45.50,181.78,700.34,232.72,374.53,93.08,139.00,882.12,556.31,1.55,11.00,59.00,1.21,19475040,2026-09-18T06:08:10Z
C_hit,orig,2f_top14,pread,128,2,0,0.00,100.00,598.40,1225.47,227.89,997.59,,,1823.87,1595.99,1.64,37.00,61.00,1.21,19476180,2026-09-18T06:08:10Z
C_hit,orig,2f_top14,async,128,2,0,0.00,100.00,536.78,311.42,232.02,79.40,,,848.20,616.18,1.64,39.00,61.00,1.21,19477144,2026-09-18T06:08:10Z
C_hit,orig,2f_top14,async_win,128,2,0,0.00,100.00,571.98,297.15,222.97,14.90,59.28,6.00,869.13,586.88,1.72,39.00,61.00,1.21,19478732,2026-09-18T06:08:10Z
C_hit,orig,2f_top14,async_bulk,128,2,0,0.00,100.00,601.80,308.67,230.53,15.88,62.26,6.00,910.47,617.68,1.65,39.00,61.00,1.21,19478792,2026-09-18T06:08:11Z
C_hit,orig,2f_top28,pread,128,2,0,0.00,100.00,539.55,1152.85,229.08,923.77,,,1692.40,1463.32,1.66,36.00,61.00,1.21,19478280,2026-09-18T06:08:11Z
C_hit,orig,2f_top28,async,128,2,0,0.00,100.00,603.37,322.71,227.02,95.69,,,926.08,699.06,1.66,39.00,60.00,1.21,19480392,2026-09-18T06:08:11Z
C_hit,orig,2f_top28,async_win,128,2,0,0.00,100.00,580.07,322.33,232.78,27.00,62.55,8.00,902.40,607.07,1.68,39.00,60.00,1.21,19481484,2026-09-18T06:08:11Z
C_hit,orig,2f_top28,async_bulk,128,2,0,0.00,100.00,592.53,315.82,230.45,23.43,61.94,8.00,908.35,615.96,1.65,39.00,60.00,1.21,19482092,2026-09-18T06:08:12Z
C_hit,orig,2f_top100,pread,128,2,0,0.00,100.00,634.57,1392.21,230.26,1161.94,,,2026.78,1796.51,1.65,32.00,62.00,1.21,19481856,2026-09-18T06:08:12Z
C_hit,orig,2f_top100,async,128,2,0,0.00,100.00,529.14,408.03,230.51,177.51,,,937.17,706.65,1.66,34.00,62.00,1.21,19499672,2026-09-18T06:08:12Z
C_hit,orig,2f_top100,async_win,128,2,0,0.00,100.00,530.52,372.65,231.44,74.79,66.42,28.00,903.17,605.31,1.64,34.00,62.00,1.21,19499860,2026-09-18T06:08:13Z
C_hit,orig,2f_top100,async_bulk,128,2,0,0.00,100.00,627.58,363.63,230.12,67.30,66.21,28.00,991.21,694.88,1.65,34.00,62.00,1.21,19498912,2026-09-18T06:08:13Z
C_hit,orig,2f_top500,pread,128,2,0,0.00,100.00,182.33,3206.09,230.95,2975.13,,,3388.42,3157.46,1.56,10.00,60.00,1.19,19501404,2026-09-18T06:08:13Z
C_hit,orig,2f_top500,async,128,2,0,0.00,44.60,179.03,880.07,228.12,651.96,,,1059.10,830.99,1.58,11.00,60.00,1.19,19501548,2026-09-18T06:08:13Z
C_hit,orig,2f_top500,async_win,128,2,0,0.00,35.40,180.23,683.10,230.97,361.77,90.35,138.00,863.33,542.00,1.56,11.00,60.00,1.19,19501208,2026-09-18T06:08:14Z
C_hit,orig,2f_top500,async_bulk,128,2,0,0.00,31.00,180.88,643.70,230.85,322.31,90.54,138.00,824.58,503.19,1.58,11.00,60.00,1.19,19501332,2026-09-18T06:08:14Z
C_hit,orig,2f_slru,pread,128,2,0,0.00,100.00,94.77,4424.60,232.32,4192.28,,,4519.37,4287.05,1.52,0.00,62.00,1.19,19500540,2026-09-18T06:08:14Z
C_hit,orig,2f_slru,async,128,2,0,0.00,100.00,97.70,1617.62,233.41,1384.21,,,1715.32,1481.91,1.56,0.00,62.00,1.19,19501788,2026-09-18T06:08:14Z
C_hit,orig,2f_slru,async_win,128,2,0,0.00,100.00,94.59,797.52,231.18,439.71,126.64,29.00,892.11,534.30,1.53,0.00,62.00,1.19,19502660,2026-09-18T06:08:15Z
C_hit,orig,2f_slru,async_bulk,128,2,0,0.00,7.00,757.08,399.54,230.78,41.81,126.95,2.00,1156.62,798.89,1.66,40.00,56.00,1.19,19501924,2026-09-18T06:08:15Z
C_hit,orig,leaf_freq_K10,pread,128,2,0,0.00,100.00,2452.74,818.57,231.51,587.06,,,3271.31,3039.80,1.69,39.00,57.00,1.19,19502340,2026-09-18T06:08:15Z
C_hit,orig,leaf_freq_K10,async,128,2,0,0.00,100.00,917.86,304.16,230.33,73.83,,,1222.02,991.69,1.68,41.00,57.00,1.19,19502272,2026-09-18T06:08:15Z
C_hit,orig,leaf_freq_K10,async_win,128,2,0,0.00,100.00,837.28,301.45,231.13,10.24,60.07,3.00,1138.73,847.52,1.65,41.00,57.00,1.19,19502428,2026-09-18T06:08:16Z
C_hit,orig,leaf_freq_K10,async_bulk,128,2,0,0.00,100.00,916.71,301.69,230.79,10.09,60.80,3.00,1218.40,926.80,1.65,41.00,57.00,1.19,19501728,2026-09-18T06:08:16Z
C_hit,orig,leaf_rand_K10,pread,128,2,0,0.00,100.00,982.18,1123.61,229.51,894.10,,,2105.79,1876.28,1.68,41.00,57.00,1.19,19502732,2026-09-18T06:08:16Z
C_hit,orig,leaf_rand_K10,async,128,2,0,0.00,100.00,982.30,323.38,222.13,101.25,,,1305.68,1083.55,1.67,41.00,57.00,1.19,19475392,2026-09-18T06:08:17Z
C_hit,orig,leaf_rand_K10,async_win,128,2,0,0.00,100.00,991.70,304.80,230.21,14.26,60.33,10.00,1296.50,1005.96,1.65,41.00,57.00,1.19,19479636,2026-09-18T06:08:17Z
C_hit,orig,leaf_rand_K10,async_bulk,128,2,0,0.00,100.00,1019.29,307.39,231.29,15.45,60.64,10.00,1326.68,1034.74,1.66,41.00,57.00,1.19,19481184,2026-09-18T06:08:17Z
C_hit,orig,learned_markov_14,pread,128,2,0,0.00,100.00,632.86,1105.15,231.75,873.40,,,1738.01,1506.26,1.67,37.00,61.00,1.19,19482472,2026-09-18T06:08:17Z
C_hit,orig,learned_markov_14,async,128,2,0,0.00,100.00,602.22,308.03,231.37,76.66,,,910.25,678.88,1.64,39.00,61.00,1.19,19477556,2026-09-18T06:08:18Z
C_hit,orig,learned_markov_14,async_win,128,2,0,0.00,100.00,598.34,304.50,230.07,14.28,60.15,6.00,902.84,612.62,1.68,39.00,61.00,1.26,19476704,2026-09-18T06:08:18Z
C_hit,orig,learned_markov_14,async_bulk,128,2,0,0.00,100.00,598.57,301.57,229.89,15.51,56.16,6.00,900.14,614.08,1.65,39.00,61.00,1.26,19478416,2026-09-18T06:08:18Z
C_hit,orig,learned_markov_28,pread,128,2,0,0.00,100.00,538.83,1151.52,229.91,921.60,,,1690.35,1460.43,1.65,36.00,61.00,1.26,19481460,2026-09-18T06:08:18Z
C_hit,orig,learned_markov_28,async,128,2,0,0.00,100.00,608.17,329.78,231.50,98.28,,,937.95,706.45,1.66,39.00,60.00,1.26,19481948,2026-09-18T06:08:19Z
C_hit,orig,learned_markov_28,async_win,128,2,0,0.00,100.00,552.15,314.50,230.68,22.64,61.17,8.00,866.65,574.79,1.66,39.00,60.00,1.26,19482132,2026-09-18T06:08:19Z
C_hit,orig,learned_markov_28,async_bulk,128,2,0,0.00,100.00,580.22,321.33,234.89,25.08,61.37,8.00,901.55,605.30,1.64,39.00,60.00,1.26,19482640,2026-09-18T06:08:19Z
A,orig,baseline,baseline,128,3,0,0.00,0.00,879.60,0.00,0.00,0.00,,,879.60,879.60,2.18,190.00,246.00,1.26,19481364,2026-09-18T06:08:20Z
B,orig,baseline,baseline,128,3,0,0.00,0.00,976.85,0.00,0.00,0.00,,,976.85,976.85,2.13,192.00,251.00,1.26,19482368,2026-09-18T06:08:20Z
C,orig,baseline,baseline,128,3,0,0.00,0.00,1006.17,0.00,0.00,0.00,,,1006.17,1006.17,1.56,20.00,28.00,1.26,19482764,2026-09-18T06:08:20Z
C_hit,orig,baseline,baseline,128,3,0,0.00,0.00,1041.17,0.00,0.00,0.00,,,1041.17,1041.17,1.66,41.00,57.00,1.26,19483080,2026-09-18T06:08:20Z
A,orig,layers_5,pread,128,3,0,0.00,100.00,871.87,789.53,343.02,446.51,,,1661.40,1318.38,2.15,190.00,245.00,1.26,19480840,2026-09-18T06:08:21Z
A,orig,layers_5,async,128,3,0,0.00,100.00,929.57,293.60,224.66,68.94,,,1223.17,998.51,2.15,190.00,245.00,1.26,19481836,2026-09-18T06:08:21Z
A,orig,layers_5,async_win,128,3,0,0.00,100.00,856.87,294.52,226.77,7.34,60.41,2.00,1151.39,864.21,2.08,190.00,245.00,1.26,19481676,2026-09-18T06:08:21Z
A,orig,layers_5,async_bulk,128,3,0,0.00,100.00,1688.59,327.42,257.08,9.40,60.94,2.00,2016.01,1697.99,2.15,190.00,245.00,1.26,19466736,2026-09-18T06:08:22Z
A,orig,layers_92,pread,128,3,0,0.00,100.00,594.93,8279.66,227.03,8052.63,,,8874.59,8647.56,2.14,187.00,258.00,1.26,19473356,2026-09-18T06:08:22Z
A,orig,layers_92,async,128,3,0,0.00,100.00,537.61,427.17,228.37,198.80,,,964.78,736.41,2.16,187.00,257.00,1.26,19475484,2026-09-18T06:08:22Z
A,orig,layers_92,async_win,128,3,0,0.00,100.00,567.94,418.70,229.54,117.48,71.67,87.00,986.64,685.42,2.17,187.00,257.00,1.26,19475028,2026-09-18T06:08:23Z
A,orig,layers_92,async_bulk,128,3,0,0.00,100.00,565.30,420.40,226.78,127.10,66.53,87.00,985.70,692.40,2.20,187.00,257.00,1.24,19475192,2026-09-18T06:08:23Z
A,orig,2d,pread,128,3,0,0.00,100.00,532.62,1942.42,223.58,1718.84,,,2475.04,2251.46,2.11,187.00,258.00,1.24,19475716,2026-09-18T06:08:23Z
A,orig,2d,async,128,3,0,0.00,100.00,1354.72,314.03,228.68,85.35,,,1668.75,1440.07,2.18,187.00,257.00,1.24,19475228,2026-09-18T06:08:24Z
A,orig,2d,async_win,128,3,0,0.00,100.00,493.34,308.60,226.03,21.45,61.12,13.00,801.94,514.79,2.10,187.00,257.00,1.24,19475720,2026-09-18T06:08:24Z
A,orig,2d,async_bulk,128,3,0,0.00,100.00,536.40,309.22,224.29,23.67,61.26,13.00,845.62,560.07,2.14,187.00,257.00,1.24,19476252,2026-09-18T06:08:24Z
A,orig,2e_K10,pread,128,3,0,0.00,100.00,526.52,2749.85,225.94,2523.91,,,3276.37,3050.43,2.09,190.00,260.00,1.24,19476372,2026-09-18T06:08:25Z
A,orig,2e_K10,async,128,3,0,0.00,100.00,588.26,331.16,227.26,103.91,,,919.42,692.17,2.11,190.00,259.00,1.24,19476792,2026-09-18T06:08:25Z
A,orig,2e_K10,async_win,128,3,0,0.00,100.00,513.41,331.94,232.97,33.75,65.22,23.00,845.35,547.16,2.20,190.00,259.00,1.24,19476840,2026-09-18T06:08:25Z
A,orig,2e_K10,async_bulk,128,3,0,0.00,100.00,525.44,322.70,224.91,35.94,61.85,23.00,848.14,561.38,2.09,190.00,259.00,1.24,19478252,2026-09-18T06:08:26Z
A,orig,2e_K500,pread,128,3,0,0.00,100.00,598.45,22410.11,225.70,22184.40,,,23008.56,22782.85,2.03,163.00,435.00,1.24,19477912,2026-09-18T06:08:26Z
A,orig,2e_K500,async,128,3,0,0.00,100.00,697.24,1125.28,236.44,888.83,,,1822.52,1586.07,2.16,181.00,383.00,1.24,19478916,2026-09-18T06:08:26Z
A,orig,2e_K500,async_win,128,3,0,0.00,100.00,645.10,1048.26,225.44,731.22,91.60,446.00,1693.36,1376.32,2.07,181.00,384.00,1.24,19478664,2026-09-18T06:08:27Z
A,orig,2e_K500,async_bulk,128,3,0,0.00,100.00,715.54,1042.74,225.96,725.17,91.61,446.00,1758.28,1440.71,2.08,181.00,383.00,1.24,19464064,2026-09-18T06:08:27Z
A,orig,2f_top14,pread,128,3,0,0.00,100.00,580.40,1483.70,221.81,1261.89,,,2064.10,1842.29,2.17,189.00,257.00,1.24,19460308,2026-09-18T06:08:27Z
A,orig,2f_top14,async,128,3,0,0.00,100.00,563.79,305.11,226.33,78.79,,,868.90,642.58,2.13,189.00,257.00,1.24,19460100,2026-09-18T06:08:27Z
A,orig,2f_top14,async_win,128,3,0,0.00,100.00,594.77,306.56,223.40,21.25,61.91,13.00,901.33,616.02,2.11,189.00,257.00,1.24,19461372,2026-09-18T06:08:28Z
A,orig,2f_top14,async_bulk,128,3,0,0.00,100.00,594.60,314.26,226.60,20.48,67.19,13.00,908.86,615.08,2.17,189.00,257.00,1.30,19460740,2026-09-18T06:08:28Z
A,orig,2f_top28,pread,128,3,0,0.00,100.00,564.46,2645.23,225.69,2419.54,,,3209.69,2984.00,2.14,192.00,266.00,1.30,19461372,2026-09-18T06:08:28Z
A,orig,2f_top28,async,128,3,0,0.00,100.00,7774.07,340.33,230.55,109.78,,,8114.40,7883.85,2.20,192.00,266.00,1.30,19460920,2026-09-18T06:08:29Z
A,orig,2f_top28,async_win,128,3,0,0.00,100.00,595.29,332.54,227.20,42.23,63.11,27.00,927.83,637.52,2.15,192.00,266.00,1.30,19461112,2026-09-18T06:08:29Z
A,orig,2f_top28,async_bulk,128,3,0,0.00,100.00,500.19,328.27,225.58,39.34,63.34,27.00,828.46,539.53,2.13,192.00,266.00,1.30,19462128,2026-09-18T06:08:29Z
A,orig,2f_top100,pread,128,3,0,0.00,100.00,593.23,9250.32,232.49,9017.83,,,9843.55,9611.06,2.14,184.00,307.00,1.30,19462644,2026-09-18T06:08:30Z
A,orig,2f_top100,async,128,3,0,0.00,100.00,596.39,433.85,227.92,205.93,,,1030.24,802.32,2.11,184.00,306.00,1.30,19463072,2026-09-18T06:08:30Z
A,orig,2f_top100,async_win,128,3,0,0.00,100.00,530.80,437.49,226.84,144.85,65.80,98.00,968.29,675.65,2.07,184.00,306.00,1.30,19463536,2026-09-18T06:08:30Z
A,orig,2f_top100,async_bulk,128,3,0,0.00,100.00,596.01,426.45,228.11,133.05,65.29,98.00,1022.46,729.06,2.11,184.00,306.00,1.30,19467096,2026-09-18T06:08:31Z
A,orig,2f_top500,pread,128,3,0,0.00,100.00,734.62,22163.04,225.42,21937.62,,,22897.66,22672.24,2.03,165.00,426.00,1.30,19466348,2026-09-18T06:08:31Z
A,orig,2f_top500,async,128,3,0,0.00,100.00,712.91,1083.16,224.21,858.95,,,1796.07,1571.86,2.08,181.00,388.00,1.30,19467792,2026-09-18T06:08:31Z
A,orig,2f_top500,async_win,128,3,0,0.00,100.00,717.16,982.08,226.44,663.67,91.97,438.00,1699.24,1380.83,2.09,181.00,386.00,1.30,19468480,2026-09-18T06:08:32Z
A,orig,2f_top500,async_bulk,128,3,0,0.00,100.00,716.84,1040.88,227.44,723.10,90.34,438.00,1757.72,1439.94,2.07,181.00,385.00,1.30,19469508,2026-09-18T06:08:32Z
A,orig,2f_slru,pread,128,3,0,0.00,100.00,93.02,30657.71,226.91,30430.81,,,30750.73,30523.83,1.54,0.00,278.00,1.30,19453732,2026-09-18T06:08:32Z
A,orig,2f_slru,async,128,3,0,0.00,100.00,97.82,7434.85,228.07,7206.78,,,7532.67,7304.60,1.54,0.00,278.00,1.30,19451864,2026-09-18T06:08:33Z
A,orig,2f_slru,async_win,128,3,0,0.00,96.40,95.46,2793.14,222.24,2167.34,403.57,139.00,2888.60,2262.80,1.54,0.00,278.00,1.30,19461476,2026-09-18T06:08:33Z
A,orig,2f_slru,async_bulk,128,3,0,0.00,1.40,802.85,709.83,226.71,79.17,403.96,2.00,1512.68,882.02,2.12,188.00,245.00,1.27,19462920,2026-09-18T06:08:33Z
A,orig,leaf_freq_K10,pread,128,3,0,0.00,100.00,899.60,1095.59,227.94,867.65,,,1995.19,1767.25,2.12,192.00,247.00,1.27,19465788,2026-09-18T06:08:33Z
A,orig,leaf_freq_K10,async,128,3,0,0.00,100.00,835.95,300.83,226.28,74.56,,,1136.78,910.51,2.16,192.00,247.00,1.27,19467348,2026-09-18T06:08:34Z
A,orig,leaf_freq_K10,async_win,128,3,0,0.00,100.00,962.61,304.64,228.11,15.36,61.17,10.00,1267.25,977.97,2.13,192.00,247.00,1.27,19467712,2026-09-18T06:08:34Z
A,orig,leaf_freq_K10,async_bulk,128,3,0,0.00,100.00,904.99,304.78,227.89,15.43,61.47,10.00,1209.77,920.42,2.16,192.00,247.00,1.27,19468308,2026-09-18T06:08:34Z
A,orig,leaf_rand_K10,pread,128,3,0,0.00,100.00,928.25,1149.57,225.06,924.51,,,2077.82,1852.76,2.10,190.00,246.00,1.27,19468320,2026-09-18T06:08:35Z
A,orig,leaf_rand_K10,async,128,3,0,0.00,100.00,846.85,303.58,226.85,76.73,,,1150.43,923.58,2.14,190.00,246.00,1.27,19469836,2026-09-18T06:08:35Z
A,orig,leaf_rand_K10,async_win,128,3,0,0.00,100.00,2129.20,310.11,230.77,13.63,65.70,10.00,2439.31,2142.83,2.17,190.00,246.00,1.27,19471828,2026-09-18T06:08:35Z
A,orig,leaf_rand_K10,async_bulk,128,3,0,0.00,100.00,862.63,300.30,224.67,14.75,60.87,10.00,1162.93,877.38,2.10,190.00,246.00,1.27,19470080,2026-09-18T06:08:36Z
A,orig,learned_markov_14,pread,128,3,0,0.00,100.00,572.82,1444.43,225.19,1219.24,,,2017.25,1792.06,2.11,187.00,256.00,1.27,19469384,2026-09-18T06:08:36Z
A,orig,learned_markov_14,async,128,3,0,0.00,0.00,585.79,1629.89,1293.10,336.79,,,2215.68,922.58,2.21,187.00,256.00,1.27,19472596,2026-09-18T06:08:36Z
A,orig,learned_markov_14,async_win,128,3,0,0.00,100.00,539.82,311.29,229.09,19.25,62.95,13.00,851.11,559.07,2.17,187.00,256.00,1.27,19473008,2026-09-18T06:08:37Z
A,orig,learned_markov_14,async_bulk,128,3,0,0.00,100.00,539.24,307.16,227.11,19.09,60.97,13.00,846.40,558.33,2.15,187.00,256.00,1.27,19473184,2026-09-18T06:08:37Z
A,orig,learned_markov_28,pread,128,3,0,0.00,100.00,565.25,2811.63,228.29,2583.34,,,3376.88,3148.59,2.26,187.00,260.00,1.27,19476612,2026-09-18T06:08:37Z
A,orig,learned_markov_28,async,128,3,0,0.00,100.00,564.85,516.90,421.92,94.98,,,1081.75,659.83,2.15,187.00,259.00,1.27,19465164,2026-09-18T06:08:38Z
A,orig,learned_markov_28,async_win,128,3,0,0.00,100.00,536.45,320.61,222.32,34.94,63.36,26.00,857.06,571.39,2.19,187.00,259.00,1.33,19455788,2026-09-18T06:08:38Z
A,orig,learned_markov_28,async_bulk,128,3,0,0.00,100.00,538.58,328.13,226.52,39.34,62.27,26.00,866.71,577.92,2.14,187.00,259.00,1.33,19455288,2026-09-18T06:08:38Z
B,orig,layers_5,pread,128,3,0,0.00,100.00,1011.82,675.78,227.57,448.21,,,1687.60,1460.03,2.16,192.00,254.00,1.33,19456700,2026-09-18T06:08:39Z
B,orig,layers_5,async,128,3,0,0.00,100.00,1011.20,310.02,240.91,69.11,,,1321.22,1080.31,2.19,193.00,254.00,1.33,19458188,2026-09-18T06:08:39Z
B,orig,layers_5,async_win,128,3,0,0.00,100.00,937.65,295.04,226.22,7.27,61.56,2.00,1232.69,944.92,2.18,193.00,254.00,1.33,19459716,2026-09-18T06:08:39Z
B,orig,layers_5,async_bulk,128,3,0,0.00,100.00,938.33,292.17,224.38,7.89,59.89,2.00,1230.50,946.22,2.15,193.00,254.00,1.33,19460380,2026-09-18T06:08:40Z
B,orig,layers_92,pread,128,3,0,0.00,100.00,658.49,8285.96,225.04,8060.91,,,8944.45,8719.40,2.20,193.00,261.00,1.33,19461036,2026-09-18T06:08:40Z
B,orig,layers_92,async,128,3,0,0.00,100.00,591.66,431.72,224.60,207.12,,,1023.38,798.78,2.14,194.00,260.00,1.33,19461852,2026-09-18T06:08:40Z
B,orig,layers_92,async_win,128,3,0,0.00,94.60,632.61,1014.46,548.84,122.06,343.56,87.00,1647.07,754.67,2.17,194.00,260.00,1.33,19462644,2026-09-18T06:08:40Z
B,orig,layers_92,async_bulk,128,3,0,0.00,100.00,594.70,416.00,225.33,125.30,65.37,87.00,1010.70,720.00,2.17,194.00,260.00,1.33,19462640,2026-09-18T06:08:41Z
B,orig,2d,pread,128,3,0,0.00,100.00,657.00,1882.43,229.37,1653.06,,,2539.43,2310.06,2.19,193.00,261.00,1.33,19462840,2026-09-18T06:08:41Z
B,orig,2d,async,128,3,0,0.00,100.00,661.69,311.30,226.30,85.00,,,972.99,746.69,2.28,194.00,260.00,1.33,19464632,2026-09-18T06:08:41Z
B,orig,2d,async_win,128,3,0,0.00,100.00,656.63,311.70,226.86,22.31,62.53,13.00,968.33,678.94,2.17,194.00,260.00,1.33,19464888,2026-09-18T06:08:42Z
B,orig,2d,async_bulk,128,3,0,0.00,100.00,656.02,310.52,226.96,21.85,61.72,13.00,966.54,677.87,2.16,194.00,260.00,1.33,19463908,2026-09-18T06:08:42Z
B,orig,2e_K10,pread,128,3,0,0.00,100.00,661.76,2758.98,227.38,2531.60,,,3420.74,3193.36,2.20,193.00,261.00,1.33,19468756,2026-09-18T06:08:42Z
B,orig,2e_K10,async,128,3,0,0.00,100.00,660.62,329.11,227.00,102.11,,,989.73,762.73,2.19,194.00,260.00,1.33,19472832,2026-09-18T06:08:43Z
B,orig,2e_K10,async_win,128,3,0,0.00,100.00,660.29,324.95,226.15,35.96,62.85,23.00,985.24,696.25,2.18,194.00,260.00,1.31,19473620,2026-09-18T06:08:43Z
B,orig,2e_K10,async_bulk,128,3,0,0.00,100.00,661.88,321.53,228.02,31.61,61.91,23.00,983.41,693.49,2.21,194.00,260.00,1.31,19476348,2026-09-18T06:08:43Z
B,orig,2e_K500,pread,128,3,0,0.00,100.00,185.71,17833.99,224.63,17609.35,,,18019.70,17795.06,2.08,173.00,392.00,1.31,19476260,2026-09-18T06:08:44Z
B,orig,2e_K500,async,128,3,0,0.00,100.00,183.02,1141.41,226.77,914.64,,,1324.43,1097.66,2.12,183.00,331.00,1.31,19476860,2026-09-18T06:08:44Z
B,orig,2e_K500,async_win,128,3,0,0.00,100.00,182.16,1010.16,228.61,689.55,92.00,449.00,1192.32,871.71,2.12,183.00,331.00,1.31,19477604,2026-09-18T06:08:44Z
B,orig,2e_K500,async_bulk,128,3,0,0.00,100.00,181.18,1060.01,225.36,743.75,90.90,449.00,1241.19,924.93,2.13,183.00,330.00,1.31,19477524,2026-09-18T06:08:45Z
B,orig,2f_top14,pread,128,3,0,0.00,100.00,570.20,1539.62,234.40,1305.22,,,2109.82,1875.42,2.26,194.00,260.00,1.31,19482676,2026-09-18T06:08:45Z
B,orig,2f_top14,async,128,3,0,0.00,100.00,666.45,307.11,226.60,80.51,,,973.56,746.96,2.16,194.00,260.00,1.31,19483868,2026-09-18T06:08:45Z
B,orig,2f_top14,async_win,128,3,0,0.00,100.00,665.33,309.07,229.05,19.01,61.01,13.00,974.40,684.34,2.18,194.00,260.00,1.31,19484292,2026-09-18T06:08:46Z
B,orig,2f_top14,async_bulk,128,3,0,0.00,100.00,660.12,331.68,240.84,18.70,72.14,13.00,991.80,678.82,2.25,194.00,260.00,1.31,19485712,2026-09-18T06:08:46Z
B,orig,2f_top28,pread,128,3,0,0.00,100.00,658.60,2732.89,225.93,2506.96,,,3391.49,3165.56,2.13,193.00,261.00,1.31,19486460,2026-09-18T06:08:46Z
B,orig,2f_top28,async,128,3,0,0.00,100.00,661.33,332.10,226.68,105.43,,,993.43,766.76,2.18,194.00,259.00,1.31,19486444,2026-09-18T06:08:47Z
B,orig,2f_top28,async_win,128,3,0,0.00,100.00,664.82,325.22,228.66,34.59,61.98,27.00,990.04,699.41,2.20,194.00,259.00,1.31,19485912,2026-09-18T06:08:47Z
B,orig,2f_top28,async_bulk,128,3,0,0.00,100.00,660.78,327.57,226.66,38.99,61.92,27.00,988.35,699.77,2.18,194.00,259.00,1.31,19486268,2026-09-18T06:08:47Z
B,orig,2f_top100,pread,128,3,0,0.00,100.00,184.88,9180.63,229.17,8951.46,,,9365.51,9136.34,2.18,191.00,282.00,1.31,19486444,2026-09-18T06:08:48Z
B,orig,2f_top100,async,128,3,0,0.00,100.00,181.58,432.27,226.91,205.37,,,613.85,386.95,2.23,193.00,276.00,1.44,19483912,2026-09-18T06:08:48Z
B,orig,2f_top100,async_win,128,3,0,0.00,100.00,181.47,407.12,226.83,115.12,65.17,94.00,588.59,296.59,2.17,193.00,276.00,1.44,19488764,2026-09-18T06:08:48Z
B,orig,2f_top100,async_bulk,128,3,0,0.00,100.00,180.25,431.25,225.75,139.50,66.00,94.00,611.50,319.75,2.15,193.00,274.00,1.44,19488456,2026-09-18T06:08:49Z
B,orig,2f_top500,pread,128,3,0,0.00,100.00,180.53,17987.69,227.50,17760.20,,,18168.22,17940.73,2.12,173.00,398.00,1.44,19489512,2026-09-18T06:08:49Z
B,orig,2f_top500,async,128,3,0,0.00,100.00,183.56,1105.16,227.93,877.23,,,1288.72,1060.79,2.12,183.00,334.00,1.44,19487784,2026-09-18T06:08:49Z
B,orig,2f_top500,async_win,128,3,0,0.00,97.00,180.05,1434.85,555.89,508.71,370.25,438.00,1614.90,688.76,2.13,183.00,336.00,1.44,19487312,2026-09-18T06:08:50Z
B,orig,2f_top500,async_bulk,128,3,0,0.00,100.00,184.87,976.49,224.49,659.73,92.26,438.00,1161.36,844.60,2.12,183.00,337.00,1.44,19488652,2026-09-18T06:08:50Z
B,orig,2f_slru,pread,128,3,0,0.00,100.00,96.27,18111.12,227.07,17884.05,,,18207.39,17980.32,1.54,0.00,278.00,1.44,19489292,2026-09-18T06:08:50Z
B,orig,2f_slru,async,128,3,0,0.00,100.00,97.78,7422.64,224.61,7198.03,,,7520.42,7295.81,1.63,0.00,278.00,1.44,19487292,2026-09-18T06:08:50Z
B,orig,2f_slru,async_win,128,3,0,0.00,89.10,99.21,2678.80,226.37,2042.65,409.78,138.00,2778.01,2141.86,1.59,0.00,278.00,1.44,19487460,2026-09-18T06:08:51Z
B,orig,2f_slru,async_bulk,128,3,0,0.00,1.40,960.50,728.13,227.99,83.96,416.18,2.00,1688.63,1044.46,2.24,190.00,251.00,1.44,19489796,2026-09-18T06:08:51Z
B,orig,leaf_freq_K10,pread,128,3,0,0.00,100.00,951.35,1087.12,226.66,860.47,,,2038.47,1811.82,2.17,192.00,251.00,1.44,19490088,2026-09-18T06:08:51Z
B,orig,leaf_freq_K10,async,128,3,0,0.00,100.00,1083.24,301.46,226.22,75.23,,,1384.70,1158.47,2.19,192.00,251.00,1.44,19489952,2026-09-18T06:08:52Z
B,orig,leaf_freq_K10,async_win,128,3,0,0.00,100.00,839.90,301.53,225.46,15.00,61.06,10.00,1141.43,854.90,2.21,192.00,252.00,1.44,19490492,2026-09-18T06:08:52Z
B,orig,leaf_freq_K10,async_bulk,128,3,0,0.00,100.00,959.88,301.33,226.87,13.94,60.52,10.00,1261.21,973.82,2.21,192.00,251.00,1.44,19490860,2026-09-18T06:08:52Z
B,orig,leaf_rand_K10,pread,128,3,0,0.00,100.00,981.60,1086.70,224.69,862.01,,,2068.30,1843.61,2.16,192.00,251.00,1.44,19491588,2026-09-18T06:08:53Z
B,orig,leaf_rand_K10,async,128,3,0,0.00,100.00,1049.48,300.40,225.46,74.94,,,1349.88,1124.42,2.20,192.00,251.00,1.49,19492612,2026-09-18T06:08:53Z
B,orig,leaf_rand_K10,async_win,128,3,0,0.00,100.00,983.80,309.12,236.72,16.52,55.88,10.00,1292.92,1000.32,2.15,192.00,251.00,1.49,19505152,2026-09-18T06:08:53Z
B,orig,leaf_rand_K10,async_bulk,128,3,0,0.00,100.00,1018.60,300.62,225.55,14.47,60.59,10.00,1319.22,1033.07,2.16,192.00,251.00,1.49,19502404,2026-09-18T06:08:54Z
B,orig,learned_markov_14,pread,128,3,0,0.00,100.00,632.27,1395.58,234.12,1161.46,,,2027.85,1793.73,2.20,194.00,259.00,1.49,19502556,2026-09-18T06:08:54Z
B,orig,learned_markov_14,async,128,3,0,0.00,100.00,660.37,314.58,233.48,81.10,,,974.95,741.47,2.18,194.00,259.00,1.49,19503504,2026-09-18T06:08:54Z
B,orig,learned_markov_14,async_win,128,3,0,0.00,100.00,1602.00,312.70,231.76,19.43,61.52,13.00,1914.70,1621.43,2.19,194.00,259.00,1.49,19502988,2026-09-18T06:08:55Z
B,orig,learned_markov_14,async_bulk,128,3,0,0.00,100.00,638.32,312.07,232.15,18.79,61.13,13.00,950.39,657.11,2.16,194.00,259.00,1.49,19504368,2026-09-18T06:08:55Z
B,orig,learned_markov_28,pread,128,3,0,0.00,100.00,663.90,2581.14,185.45,2395.69,,,3245.04,3059.59,2.19,193.00,264.00,1.49,19504932,2026-09-18T06:08:55Z
B,orig,learned_markov_28,async,128,3,0,0.00,100.00,681.00,309.11,206.81,102.30,,,990.11,783.30,2.25,193.00,264.00,1.49,19505068,2026-09-18T06:08:56Z
B,orig,learned_markov_28,async_win,128,3,0,0.00,100.00,664.70,300.81,200.21,36.48,64.12,26.00,965.51,701.18,2.17,193.00,265.00,1.49,19505008,2026-09-18T06:08:56Z
B,orig,learned_markov_28,async_bulk,128,3,0,0.00,100.00,655.44,287.72,183.19,42.43,62.11,26.00,943.16,697.87,2.15,193.00,264.00,1.49,19506124,2026-09-18T06:08:56Z
C,orig,layers_5,pread,128,3,0,0.00,100.00,1017.18,687.43,239.52,447.91,,,1704.61,1465.09,1.57,20.00,28.00,1.49,19505368,2026-09-18T06:08:57Z
C,orig,layers_5,async,128,3,0,0.00,100.00,989.72,305.14,236.62,68.52,,,1294.86,1058.24,1.57,20.00,28.00,1.49,19504896,2026-09-18T06:08:57Z
C,orig,layers_5,async_win,128,3,0,0.00,100.00,1274.32,301.34,231.60,7.15,62.59,2.00,1575.66,1281.47,1.57,20.00,28.00,1.49,19503756,2026-09-18T06:08:57Z
C,orig,layers_5,async_bulk,128,3,0,0.00,100.00,976.11,303.98,235.82,7.66,60.49,2.00,1280.09,983.77,1.59,20.00,28.00,1.49,19505268,2026-09-18T06:08:57Z
C,orig,layers_92,pread,128,3,0,0.00,100.00,544.31,8357.96,257.56,8100.40,,,8902.27,8644.71,1.56,20.00,30.00,1.49,19504840,2026-09-18T06:08:58Z
C,orig,layers_92,async,128,3,0,0.00,100.00,629.77,443.96,234.03,209.94,,,1073.73,839.71,1.58,20.00,30.00,1.45,19505536,2026-09-18T06:08:58Z
C,orig,layers_92,async_win,128,3,0,0.00,100.00,654.65,1494.12,1303.46,125.82,64.84,87.00,2148.77,780.47,1.56,20.00,30.00,1.45,19506336,2026-09-18T06:08:58Z
C,orig,layers_92,async_bulk,128,3,0,0.00,100.00,637.50,419.64,235.25,118.06,66.32,87.00,1057.14,755.56,1.56,20.00,30.00,1.45,19486536,2026-09-18T06:08:58Z
C,orig,2d,pread,128,3,0,0.00,100.00,602.58,586.89,229.79,357.10,,,1189.47,959.68,1.61,20.00,30.00,1.45,19481040,2026-09-18T06:08:59Z
C,orig,2d,async,128,3,0,0.00,100.00,662.59,303.57,235.21,68.36,,,966.16,730.95,1.57,20.00,30.00,1.45,19481992,2026-09-18T06:08:59Z
C,orig,2d,async_win,128,3,0,0.00,100.00,627.44,300.37,231.69,7.80,60.88,2.00,927.81,635.24,1.56,20.00,30.00,1.45,19484852,2026-09-18T06:08:59Z
C,orig,2d,async_bulk,128,3,0,0.00,100.00,596.60,296.65,229.41,7.27,59.96,2.00,893.25,603.87,1.55,20.00,30.00,1.45,19487300,2026-09-18T06:08:59Z
C,orig,2e_K10,pread,128,3,0,0.00,100.00,635.47,1389.12,233.29,1155.83,,,2024.59,1791.30,1.56,19.00,37.00,1.45,19488520,2026-09-18T06:09:00Z
C,orig,2e_K10,async,128,3,0,0.00,100.00,655.55,308.50,226.90,81.60,,,964.05,737.15,1.57,20.00,33.00,1.45,19488568,2026-09-18T06:09:00Z
C,orig,2e_K10,async_win,128,3,0,0.00,100.00,634.03,313.54,235.68,16.18,61.68,8.00,947.57,650.21,1.56,20.00,33.00,1.45,19489036,2026-09-18T06:09:00Z
C,orig,2e_K10,async_bulk,128,3,0,0.00,100.00,659.34,312.60,235.15,16.64,60.80,8.00,971.94,675.98,1.56,20.00,33.00,1.45,19489200,2026-09-18T06:09:00Z
C,orig,2e_K500,pread,128,3,0,0.00,100.00,182.21,2429.81,233.55,2196.26,,,2612.02,2378.47,1.49,0.00,37.00,1.45,19489944,2026-09-18T06:09:01Z
C,orig,2e_K500,async,128,3,0,0.00,59.80,183.66,688.50,232.50,456.00,,,872.16,639.66,1.52,0.00,37.00,1.45,19489220,2026-09-18T06:09:01Z
C,orig,2e_K500,async_win,128,3,0,0.00,47.90,182.98,563.00,233.56,247.57,81.86,90.00,745.98,430.55,1.51,0.00,37.00,1.45,19490004,2026-09-18T06:09:01Z
C,orig,2e_K500,async_bulk,128,3,0,0.00,42.30,182.83,533.63,233.55,217.26,82.83,90.00,716.46,400.09,1.52,0.00,37.00,1.45,19489892,2026-09-18T06:09:01Z
C,orig,2f_top14,pread,128,3,0,0.00,100.00,608.68,1311.63,233.51,1078.12,,,1920.31,1686.80,1.55,17.00,37.00,1.45,19490136,2026-09-18T06:09:02Z
C,orig,2f_top14,async,128,3,0,0.00,100.00,664.26,314.71,235.22,79.49,,,978.97,743.75,1.57,20.00,35.00,1.45,19489316,2026-09-18T06:09:02Z
C,orig,2f_top14,async_win,128,3,0,0.00,100.00,636.99,311.94,234.16,15.81,61.97,9.00,948.93,652.80,1.56,20.00,35.00,1.45,19490700,2026-09-18T06:09:02Z
C,orig,2f_top14,async_bulk,128,3,0,0.00,100.00,656.16,313.56,234.93,17.57,61.05,9.00,969.72,673.73,1.57,20.00,36.00,1.45,19491220,2026-09-18T06:09:03Z
C,orig,2f_top28,pread,128,3,0,0.00,100.00,594.03,1239.54,230.97,1008.57,,,1833.57,1602.60,1.56,18.00,37.00,1.45,19491564,2026-09-18T06:09:03Z
C,orig,2f_top28,async,128,3,0,0.00,100.00,546.38,328.89,233.41,95.48,,,875.27,641.86,1.56,19.00,36.00,1.41,19490464,2026-09-18T06:09:03Z
C,orig,2f_top28,async_win,128,3,0,0.00,100.00,624.74,325.69,232.42,31.71,61.56,13.00,950.43,656.45,1.55,19.00,35.00,1.41,19491132,2026-09-18T06:09:03Z
C,orig,2f_top28,async_bulk,128,3,0,0.00,100.00,544.03,326.05,235.80,28.17,62.08,13.00,870.08,572.20,1.56,19.00,35.00,1.41,19473716,2026-09-18T06:09:04Z
C,orig,2f_top100,pread,128,3,0,0.00,100.00,666.26,1416.82,234.98,1181.84,,,2083.08,1848.10,1.55,12.00,38.00,1.41,19462036,2026-09-18T06:09:04Z
C,orig,2f_top100,async,128,3,0,0.00,100.00,611.66,417.17,236.56,180.62,,,1028.83,792.28,1.58,14.00,36.00,1.41,19465984,2026-09-18T06:09:04Z
C,orig,2f_top100,async_win,128,3,0,0.00,100.00,630.49,381.11,233.36,82.81,64.93,32.00,1011.60,713.30,1.55,14.00,37.00,1.41,19467108,2026-09-18T06:09:04Z
C,orig,2f_top100,async_bulk,128,3,0,0.00,100.00,559.44,373.85,234.78,73.47,65.60,32.00,933.29,632.91,1.56,14.00,36.00,1.41,19471476,2026-09-18T06:09:05Z
C,orig,2f_top500,pread,128,3,0,0.00,100.00,92.36,3031.43,232.91,2798.52,,,3123.79,2890.88,1.50,0.00,37.00,1.41,19470512,2026-09-18T06:09:05Z
C,orig,2f_top500,async,128,3,0,0.00,100.00,99.33,993.08,236.14,756.93,,,1092.41,856.26,1.52,0.00,37.00,1.41,19475448,2026-09-18T06:09:05Z
C,orig,2f_top500,async_win,128,3,0,0.00,100.00,96.75,602.86,232.88,279.49,90.50,15.00,699.61,376.24,1.51,0.00,37.00,1.41,19476320,2026-09-18T06:09:05Z
C,orig,2f_top500,async_bulk,128,3,0,0.00,13.60,949.71,361.99,230.72,42.32,88.95,2.00,1311.70,992.03,1.59,19.00,30.00,1.41,19480580,2026-09-18T06:09:06Z
C,orig,2f_slru,pread,128,3,0,0.00,100.00,98.64,2868.41,236.81,2631.61,,,2967.05,2730.25,1.50,0.00,37.00,1.41,19481224,2026-09-18T06:09:06Z
C,orig,2f_slru,async,128,3,0,0.00,100.00,94.25,1008.11,234.76,773.34,,,1102.36,867.59,1.50,0.00,37.00,1.41,19482324,2026-09-18T06:09:06Z
C,orig,2f_slru,async_win,128,3,0,0.00,100.00,95.77,616.34,232.58,294.44,89.32,15.00,712.11,390.21,1.50,0.00,37.00,1.41,19482836,2026-09-18T06:09:06Z
C,orig,2f_slru,async_bulk,128,3,0,0.00,13.60,932.60,359.50,233.97,37.21,88.32,2.00,1292.10,969.81,1.55,19.00,30.00,1.41,19482204,2026-09-18T06:09:07Z
C,orig,leaf_freq_K10,pread,128,3,0,0.00,100.00,1123.32,1023.40,234.41,788.99,,,2146.72,1912.31,1.57,19.00,34.00,1.41,19481912,2026-09-18T06:09:07Z
C,orig,leaf_freq_K10,async,128,3,0,0.00,100.00,1367.81,308.98,233.79,75.19,,,1676.79,1443.00,1.57,20.00,31.00,1.41,19484676,2026-09-18T06:09:07Z
C,orig,leaf_freq_K10,async_win,128,3,0,0.00,100.00,1027.22,306.80,232.96,12.17,61.67,6.00,1334.02,1039.39,1.56,20.00,31.00,1.41,19484456,2026-09-18T06:09:07Z
C,orig,leaf_freq_K10,async_bulk,128,3,0,0.00,100.00,1024.66,305.50,232.42,11.93,61.16,6.00,1330.16,1036.59,1.56,20.00,31.00,1.41,19483828,2026-09-18T06:09:08Z
C,orig,leaf_rand_K10,pread,128,3,0,0.00,100.00,1035.95,1084.08,232.94,851.14,,,2120.03,1887.09,1.56,20.00,28.00,1.38,19483576,2026-09-18T06:09:08Z
C,orig,leaf_rand_K10,async,128,3,0,0.00,100.00,1063.48,306.49,231.06,75.42,,,1369.97,1138.90,1.57,20.00,28.00,1.38,19484024,2026-09-18T06:09:08Z
C,orig,leaf_rand_K10,async_win,128,3,0,0.00,100.00,1036.88,306.36,233.07,15.47,57.82,10.00,1343.24,1052.35,1.56,20.00,28.00,1.38,19483788,2026-09-18T06:09:09Z
C,orig,leaf_rand_K10,async_bulk,128,3,0,0.00,100.00,1014.97,307.52,231.12,14.97,61.44,10.00,1322.49,1029.94,1.56,20.00,28.00,1.38,19483336,2026-09-18T06:09:09Z
C,orig,learned_markov_14,pread,128,3,0,0.00,100.00,628.40,1264.96,225.32,1039.63,,,1893.36,1668.03,1.55,17.00,38.00,1.38,19474172,2026-09-18T06:09:09Z
C,orig,learned_markov_14,async,128,3,0,0.00,100.00,667.43,313.37,233.56,79.81,,,980.80,747.24,1.57,20.00,35.00,1.38,19474852,2026-09-18T06:09:09Z
C,orig,learned_markov_14,async_win,128,3,0,0.00,100.00,639.16,310.64,232.03,15.90,62.72,9.00,949.80,655.06,1.56,20.00,35.00,1.38,19475404,2026-09-18T06:09:10Z
C,orig,learned_markov_14,async_bulk,128,3,0,0.00,100.00,593.28,313.64,234.90,17.33,61.41,9.00,906.92,610.61,1.58,20.00,35.00,1.38,19475668,2026-09-18T06:09:10Z
C,orig,learned_markov_28,pread,128,3,0,0.00,100.00,606.44,1313.53,230.95,1082.58,,,1919.97,1689.02,1.58,18.00,36.00,1.38,19476088,2026-09-18T06:09:10Z
C,orig,learned_markov_28,async,128,3,0,0.00,100.00,547.02,328.99,232.98,96.01,,,876.01,643.03,1.56,19.00,36.00,1.38,19476464,2026-09-18T06:09:10Z
C,orig,learned_markov_28,async_win,128,3,0,0.00,100.00,547.76,319.81,229.44,27.35,63.02,13.00,867.57,575.11,1.58,19.00,35.00,1.38,19476040,2026-09-18T06:09:11Z
C,orig,learned_markov_28,async_bulk,128,3,0,0.00,100.00,543.61,319.40,231.24,26.62,61.55,13.00,863.01,570.23,1.58,19.00,35.00,1.38,19477720,2026-09-18T06:09:11Z
C_hit,orig,layers_5,pread,128,3,0,0.00,100.00,974.95,679.63,230.50,449.12,,,1654.58,1424.07,1.68,41.00,57.00,1.38,19477780,2026-09-18T06:09:11Z
C_hit,orig,layers_5,async,128,3,0,0.00,100.00,979.23,305.75,235.45,70.30,,,1284.98,1049.53,1.65,41.00,57.00,1.38,19478472,2026-09-18T06:09:11Z
C_hit,orig,layers_5,async_win,128,3,0,0.00,100.00,983.72,300.23,231.78,6.98,61.47,2.00,1283.95,990.70,1.66,41.00,57.00,1.38,19479096,2026-09-18T06:09:12Z
C_hit,orig,layers_5,async_bulk,128,3,0,0.00,100.00,971.56,302.80,232.58,8.09,62.14,2.00,1274.36,979.65,1.66,41.00,57.00,1.38,19480020,2026-09-18T06:09:12Z
C_hit,orig,layers_92,pread,128,3,0,0.00,100.00,629.04,8148.11,233.61,7914.50,,,8777.15,8543.54,1.64,39.00,60.00,1.38,19480800,2026-09-18T06:09:12Z
C_hit,orig,layers_92,async,128,3,0,0.00,100.00,630.61,422.74,235.03,187.70,,,1053.35,818.31,1.68,39.00,60.00,1.38,19480904,2026-09-18T06:09:13Z
C_hit,orig,layers_92,async_win,128,3,0,0.00,100.00,640.43,429.90,236.62,126.46,66.82,87.00,1070.33,766.89,1.65,39.00,60.00,1.38,19482104,2026-09-18T06:09:13Z
C_hit,orig,layers_92,async_bulk,128,3,0,0.00,100.00,916.82,470.64,282.67,116.40,71.57,87.00,1387.46,1033.22,1.68,39.00,60.00,1.43,19481248,2026-09-18T06:09:13Z
C_hit,orig,2d,pread,128,3,0,0.00,100.00,624.88,666.50,233.55,432.95,,,1291.38,1057.83,1.64,39.00,60.00,1.43,19481088,2026-09-18T06:09:13Z
C_hit,orig,2d,async,128,3,0,0.00,100.00,607.93,301.94,231.75,70.18,,,909.87,678.11,1.68,39.00,60.00,1.43,19495192,2026-09-18T06:09:14Z
C_hit,orig,2d,async_win,128,3,0,0.00,100.00,607.03,301.76,232.33,7.63,61.80,3.00,908.79,614.66,1.66,39.00,60.00,1.43,19493600,2026-09-18T06:09:14Z
C_hit,orig,2d,async_bulk,128,3,0,0.00,100.00,599.67,302.99,231.66,9.39,61.95,3.00,902.66,609.06,1.65,39.00,60.00,1.43,19497048,2026-09-18T06:09:14Z
C_hit,orig,2e_K10,pread,128,3,0,0.00,100.00,535.11,1213.60,233.11,980.49,,,1748.71,1515.60,1.63,37.00,61.00,1.43,19479596,2026-09-18T06:09:14Z
C_hit,orig,2e_K10,async,128,3,0,0.00,100.00,599.58,312.67,231.78,80.89,,,912.25,680.47,1.64,39.00,61.00,1.43,19484268,2026-09-18T06:09:15Z
C_hit,orig,2e_K10,async_win,128,3,0,0.00,100.00,607.21,311.20,231.31,16.68,63.22,6.00,918.41,623.89,1.65,39.00,61.00,1.43,19484384,2026-09-18T06:09:15Z
C_hit,orig,2e_K10,async_bulk,128,3,0,0.00,100.00,598.08,316.56,233.48,20.49,62.59,6.00,914.64,618.57,1.63,39.00,61.00,1.43,19485464,2026-09-18T06:09:15Z
C_hit,orig,2e_K500,pread,128,3,0,0.00,100.00,182.20,3532.85,233.91,3298.94,,,3715.05,3481.14,1.54,10.00,60.00,1.43,19485012,2026-09-18T06:09:15Z
C_hit,orig,2e_K500,async,128,3,0,0.00,61.40,183.69,982.03,233.22,748.81,,,1165.72,932.50,1.55,11.00,59.00,1.43,19484924,2026-09-18T06:09:16Z
C_hit,orig,2e_K500,async_win,128,3,0,0.00,32.90,182.28,653.61,232.69,328.62,92.30,139.00,835.89,510.90,1.58,11.00,59.00,1.43,19485432,2026-09-18T06:09:16Z
C_hit,orig,2e_K500,async_bulk,128,3,0,0.00,39.00,184.68,712.70,233.03,388.75,90.92,139.00,897.38,573.43,1.55,11.00,59.00,1.43,19486832,2026-09-18T06:09:16Z
C_hit,orig,2f_top14,pread,128,3,0,0.00,100.00,629.79,1152.53,234.35,918.18,,,1782.32,1547.97,1.66,37.00,61.00,1.43,19487696,2026-09-18T06:09:17Z
C_hit,orig,2f_top14,async,128,3,0,0.00,100.00,605.71,316.08,234.66,81.42,,,921.79,687.13,1.65,39.00,61.00,1.43,19488328,2026-09-18T06:09:17Z
C_hit,orig,2f_top14,async_win,128,3,0,0.00,100.00,609.74,308.70,232.90,14.33,61.48,6.00,918.44,624.07,1.65,39.00,61.00,1.43,19488036,2026-09-18T06:09:17Z
C_hit,orig,2f_top14,async_bulk,128,3,0,0.00,100.00,601.79,308.36,233.09,13.72,61.55,6.00,910.15,615.51,1.66,39.00,61.00,1.43,19489516,2026-09-18T06:09:17Z
C_hit,orig,2f_top28,pread,128,3,0,0.00,100.00,765.64,1119.00,233.62,885.38,,,1884.64,1651.02,1.64,36.00,61.00,1.43,19489716,2026-09-18T06:09:18Z
C_hit,orig,2f_top28,async,128,3,0,0.00,100.00,599.64,333.54,232.28,101.26,,,933.18,700.90,1.65,39.00,60.00,1.39,19489924,2026-09-18T06:09:18Z
C_hit,orig,2f_top28,async_win,128,3,0,0.00,100.00,759.23,340.83,251.86,25.18,63.79,8.00,1100.06,784.41,1.65,39.00,60.00,1.39,19489940,2026-09-18T06:09:18Z
C_hit,orig,2f_top28,async_bulk,128,3,0,0.00,100.00,607.57,325.23,233.93,27.91,63.39,8.00,932.80,635.48,1.66,39.00,60.00,1.39,19491900,2026-09-18T06:09:18Z
C_hit,orig,2f_top100,pread,128,3,0,0.00,100.00,595.73,4117.77,169.15,3948.62,,,4713.50,4544.35,1.61,32.00,62.00,1.39,19492840,2026-09-18T06:09:19Z
C_hit,orig,2f_top100,async,128,3,0,0.00,100.00,531.39,425.09,233.77,191.32,,,956.48,722.71,1.64,34.00,62.00,1.39,19478856,2026-09-18T06:09:19Z
C_hit,orig,2f_top100,async_win,128,3,0,0.00,100.00,608.01,383.58,235.07,81.41,67.10,28.00,991.59,689.42,1.63,34.00,62.00,1.39,19471624,2026-09-18T06:09:19Z
C_hit,orig,2f_top100,async_bulk,128,3,0,0.00,100.00,559.43,369.13,232.96,69.36,66.81,28.00,928.56,628.79,1.64,34.00,62.00,1.39,19472892,2026-09-18T06:09:19Z
C_hit,orig,2f_top500,pread,128,3,0,0.00,100.00,183.40,3217.26,233.83,2983.43,,,3400.66,3166.83,1.55,10.00,60.00,1.39,19474056,2026-09-18T06:09:20Z
C_hit,orig,2f_top500,async,128,3,0,0.00,39.80,183.72,881.70,236.44,645.25,,,1065.42,828.97,1.57,11.00,60.00,1.39,19473968,2026-09-18T06:09:20Z
C_hit,orig,2f_top500,async_win,128,3,0,0.00,42.80,185.25,719.36,234.92,392.75,91.69,138.00,904.61,578.00,1.55,11.00,60.00,1.39,19475796,2026-09-18T06:09:20Z
C_hit,orig,2f_top500,async_bulk,128,3,0,0.00,32.40,181.62,647.70,231.97,322.90,92.83,138.00,829.32,504.52,1.59,11.00,60.00,1.39,19472504,2026-09-18T06:09:21Z
C_hit,orig,2f_slru,pread,128,3,0,0.00,100.00,101.03,4525.08,227.70,4297.38,,,4626.11,4398.41,1.55,0.00,62.00,1.39,19475896,2026-09-18T06:09:21Z
C_hit,orig,2f_slru,async,128,3,0,0.00,100.00,94.82,1590.43,232.26,1358.17,,,1685.25,1452.99,1.53,0.00,62.00,1.39,19476320,2026-09-18T06:09:21Z
C_hit,orig,2f_slru,async_win,128,3,0,0.00,100.00,96.38,809.23,233.98,449.04,126.21,29.00,905.61,545.42,1.52,0.00,62.00,1.39,19478036,2026-09-18T06:09:21Z
C_hit,orig,2f_slru,async_bulk,128,3,0,0.00,7.00,740.27,404.52,235.54,42.30,126.68,2.00,1144.79,782.57,1.66,40.00,56.00,1.39,19478012,2026-09-18T06:09:22Z
C_hit,orig,leaf_freq_K10,pread,128,3,0,0.00,100.00,614.62,817.11,233.03,584.08,,,1431.73,1198.70,1.67,39.00,57.00,1.39,19476564,2026-09-18T06:09:22Z
C_hit,orig,leaf_freq_K10,async,128,3,0,0.00,100.00,933.04,307.83,233.54,74.29,,,1240.87,1007.33,1.65,41.00,57.00,1.39,19477196,2026-09-18T06:09:22Z
C_hit,orig,leaf_freq_K10,async_win,128,3,0,0.00,100.00,888.66,303.44,231.61,10.95,60.88,3.00,1192.10,899.61,1.64,41.00,57.00,1.39,19477428,2026-09-18T06:09:22Z
C_hit,orig,leaf_freq_K10,async_bulk,128,3,0,0.00,100.00,1065.72,307.11,236.50,10.24,60.36,3.00,1372.83,1075.96,1.67,41.00,57.00,1.39,19478980,2026-09-18T06:09:23Z
C_hit,orig,leaf_rand_K10,pread,128,3,0,0.00,100.00,994.22,1163.15,231.78,931.37,,,2157.37,1925.59,1.68,41.00,57.00,1.36,19479172,2026-09-18T06:09:23Z
C_hit,orig,leaf_rand_K10,async,128,3,0,0.00,100.00,1014.31,318.28,237.44,80.84,,,1332.59,1095.15,1.72,41.00,57.00,1.36,19480448,2026-09-18T06:09:23Z
C_hit,orig,leaf_rand_K10,async_win,128,3,0,0.00,100.00,992.68,308.10,232.94,14.79,60.37,10.00,1300.78,1007.47,1.68,41.00,57.00,1.36,19480052,2026-09-18T06:09:23Z
C_hit,orig,leaf_rand_K10,async_bulk,128,3,0,0.00,100.00,978.35,305.54,230.11,14.53,60.89,10.00,1283.89,992.88,1.67,41.00,57.00,1.36,19481388,2026-09-18T06:09:24Z
C_hit,orig,learned_markov_14,pread,128,3,0,0.00,100.00,599.55,1119.27,234.31,884.95,,,1718.82,1484.50,1.68,37.00,61.00,1.36,19481448,2026-09-18T06:09:24Z
C_hit,orig,learned_markov_14,async,128,3,0,0.00,100.00,573.42,310.40,232.85,77.56,,,883.82,650.98,1.65,39.00,61.00,1.36,19483132,2026-09-18T06:09:24Z
C_hit,orig,learned_markov_14,async_win,128,3,0,0.00,100.00,654.90,301.07,224.80,15.09,61.17,6.00,955.97,669.99,1.65,39.00,61.00,1.36,19482464,2026-09-18T06:09:25Z
C_hit,orig,learned_markov_14,async_bulk,128,3,0,0.00,100.00,566.38,311.32,232.09,15.46,63.78,6.00,877.70,581.84,1.63,39.00,61.00,1.36,19482212,2026-09-18T06:09:25Z
C_hit,orig,learned_markov_28,pread,128,3,0,0.00,100.00,607.71,1116.43,234.74,881.69,,,1724.14,1489.40,1.64,36.00,61.00,1.36,19483528,2026-09-18T06:09:25Z
C_hit,orig,learned_markov_28,async,128,3,0,0.00,100.00,598.12,329.91,232.45,97.46,,,928.03,695.58,1.67,39.00,60.00,1.36,19484012,2026-09-18T06:09:25Z
C_hit,orig,learned_markov_28,async_win,128,3,0,0.00,100.00,611.08,319.71,235.71,22.11,61.89,8.00,930.79,633.19,1.66,39.00,60.00,1.36,19467516,2026-09-18T06:09:26Z
C_hit,orig,learned_markov_28,async_bulk,128,3,0,0.00,100.00,511.57,317.59,229.78,26.38,61.42,8.00,829.16,537.95,1.66,39.00,60.00,1.36,19468524,2026-09-18T06:09:26Z
A,orig,baseline,baseline,128,4,0,0.00,0.00,849.29,0.00,0.00,0.00,,,849.29,849.29,2.16,190.00,246.00,1.36,19469504,2026-09-18T06:09:26Z
B,orig,baseline,baseline,128,4,0,0.00,0.00,1032.55,0.00,0.00,0.00,,,1032.55,1032.55,2.16,192.00,251.00,1.36,19469968,2026-09-18T06:09:27Z
C,orig,baseline,baseline,128,4,0,0.00,0.00,1009.69,0.00,0.00,0.00,,,1009.69,1009.69,1.56,20.00,28.00,1.36,19470564,2026-09-18T06:09:27Z
C_hit,orig,baseline,baseline,128,4,0,0.00,0.00,1007.40,0.00,0.00,0.00,,,1007.40,1007.40,1.66,41.00,57.00,1.36,19470912,2026-09-18T06:09:27Z
A,orig,layers_5,pread,128,4,0,0.00,100.00,857.78,667.10,225.24,441.86,,,1524.88,1299.64,2.09,190.00,245.00,1.36,19470700,2026-09-18T06:09:27Z
A,orig,layers_5,async,128,4,0,0.00,100.00,856.01,294.60,226.90,67.71,,,1150.61,923.72,2.17,190.00,245.00,1.36,19471488,2026-09-18T06:09:28Z
A,orig,layers_5,async_win,128,4,0,0.00,100.00,846.92,292.63,225.04,7.49,60.09,2.00,1139.55,854.41,2.14,190.00,245.00,1.33,19470800,2026-09-18T06:09:28Z
A,orig,layers_5,async_bulk,128,4,0,0.00,100.00,867.78,294.31,226.25,7.18,60.88,2.00,1162.09,874.96,2.13,190.00,245.00,1.33,19473472,2026-09-18T06:09:28Z
A,orig,layers_92,pread,128,4,0,0.00,100.00,530.69,8283.88,225.81,8058.08,,,8814.57,8588.77,2.12,187.00,258.00,1.33,19474008,2026-09-18T06:09:29Z
A,orig,layers_92,async,128,4,0,0.00,100.00,534.16,433.43,222.68,210.75,,,967.59,744.91,2.08,187.00,257.00,1.33,19473292,2026-09-18T06:09:29Z
A,orig,layers_92,async_win,128,4,0,0.00,100.00,1389.56,406.60,226.79,114.97,64.85,87.00,1796.16,1504.53,2.15,187.00,257.00,1.33,19475744,2026-09-18T06:09:29Z
A,orig,layers_92,async_bulk,128,4,0,0.00,100.00,526.52,418.98,227.25,126.02,65.71,87.00,945.50,652.54,2.08,187.00,257.00,1.33,19475612,2026-09-18T06:09:30Z
A,orig,2d,pread,128,4,0,0.00,100.00,560.84,1846.69,226.38,1620.32,,,2407.53,2181.16,2.12,187.00,258.00,1.33,19476016,2026-09-18T06:09:30Z
A,orig,2d,async,128,4,0,0.00,100.00,577.40,312.57,227.48,85.09,,,889.97,662.49,2.26,187.00,257.00,1.33,19477576,2026-09-18T06:09:30Z
A,orig,2d,async_win,128,4,0,0.00,100.00,535.74,306.81,223.75,21.30,61.76,13.00,842.55,557.04,2.13,187.00,257.00,1.33,19477924,2026-09-18T06:09:31Z
A,orig,2d,async_bulk,128,4,0,0.00,100.00,560.60,309.39,226.85,21.37,61.17,13.00,869.99,581.97,2.12,187.00,257.00,1.33,19462624,2026-09-18T06:09:31Z
A,orig,2e_K10,pread,128,4,0,0.00,100.00,602.22,2809.78,228.40,2581.38,,,3412.00,3183.60,2.19,190.00,260.00,1.33,19469456,2026-09-18T06:09:31Z
A,orig,2e_K10,async,128,4,0,0.00,100.00,591.63,330.12,229.15,100.97,,,921.75,692.60,2.10,190.00,259.00,1.33,19473508,2026-09-18T06:09:32Z
A,orig,2e_K10,async_win,128,4,0,0.00,100.00,562.52,325.59,226.68,36.38,62.54,23.00,888.11,598.90,2.14,190.00,259.00,1.33,19474008,2026-09-18T06:09:32Z
A,orig,2e_K10,async_bulk,128,4,0,0.00,100.00,563.76,328.67,228.84,37.45,62.38,23.00,892.43,601.21,2.18,190.00,259.00,1.33,19479680,2026-09-18T06:09:32Z
A,orig,2e_K500,pread,128,4,0,0.00,100.00,535.81,22372.64,226.59,22146.05,,,22908.45,22681.86,1.99,163.00,436.00,1.33,19478656,2026-09-18T06:09:33Z
A,orig,2e_K500,async,128,4,0,0.00,100.00,709.72,1090.92,223.76,867.16,,,1800.64,1576.88,2.07,181.00,385.00,1.31,19479228,2026-09-18T06:09:33Z
A,orig,2e_K500,async_win,128,4,0,0.00,100.00,715.04,1009.80,226.51,691.81,91.48,446.00,1724.84,1406.85,2.10,181.00,388.00,1.31,19480364,2026-09-18T06:09:33Z
A,orig,2e_K500,async_bulk,128,4,0,0.00,100.00,714.80,1055.72,228.04,733.11,94.58,446.00,1770.52,1447.91,2.09,181.00,384.00,1.31,19480828,2026-09-18T06:09:34Z
A,orig,2f_top14,pread,128,4,0,0.00,100.00,535.33,1461.21,225.56,1235.64,,,1996.54,1770.97,2.13,189.00,257.00,1.31,19479800,2026-09-18T06:09:34Z
A,orig,2f_top14,async,128,4,0,0.00,100.00,502.38,307.27,225.41,81.85,,,809.65,584.23,2.11,189.00,257.00,1.31,19492844,2026-09-18T06:09:34Z
A,orig,2f_top14,async_win,128,4,0,0.00,100.00,564.29,308.20,227.22,19.65,61.34,13.00,872.49,583.94,2.11,189.00,257.00,1.31,19501628,2026-09-18T06:09:34Z
A,orig,2f_top14,async_bulk,128,4,0,0.00,100.00,527.66,307.90,226.16,19.26,62.49,13.00,835.56,546.92,2.16,189.00,257.00,1.31,19501068,2026-09-18T06:09:35Z
A,orig,2f_top28,pread,128,4,0,0.00,100.00,588.00,2724.60,233.54,2491.06,,,3312.60,3079.06,2.14,192.00,266.00,1.31,19500744,2026-09-18T06:09:35Z
A,orig,2f_top28,async,128,4,0,0.00,100.00,563.02,317.55,224.14,93.41,,,880.57,656.43,2.12,192.00,266.00,1.31,19501188,2026-09-18T06:09:35Z
A,orig,2f_top28,async_win,128,4,0,0.00,100.00,604.29,347.43,245.63,34.97,66.83,27.00,951.72,639.26,2.17,192.00,266.00,1.31,19501396,2026-09-18T06:09:36Z
A,orig,2f_top28,async_bulk,128,4,0,0.00,100.00,596.26,328.98,226.46,38.89,63.63,27.00,925.24,635.15,2.14,192.00,266.00,1.31,19500776,2026-09-18T06:09:36Z
A,orig,2f_top100,pread,128,4,0,0.00,100.00,537.69,8572.80,227.40,8345.40,,,9110.49,8883.09,2.14,184.00,306.00,1.31,19481656,2026-09-18T06:09:36Z
A,orig,2f_top100,async,128,4,0,0.00,100.00,528.65,432.17,227.31,204.87,,,960.82,733.52,2.13,184.00,306.00,1.31,19486380,2026-09-18T06:09:37Z
A,orig,2f_top100,async_win,128,4,0,0.00,100.00,596.88,424.94,225.39,132.97,66.58,98.00,1021.82,729.85,2.10,184.00,306.00,1.31,19486352,2026-09-18T06:09:37Z
A,orig,2f_top100,async_bulk,128,4,0,0.00,100.00,668.44,417.04,228.69,119.03,69.32,98.00,1085.48,787.47,2.18,184.00,306.00,1.31,19487872,2026-09-18T06:09:37Z
A,orig,2f_top500,pread,128,4,0,0.00,100.00,556.69,22794.03,227.51,22566.52,,,23350.72,23123.21,2.02,165.00,430.00,1.31,19486108,2026-09-18T06:09:38Z
A,orig,2f_top500,async,128,4,0,0.00,100.00,592.46,1094.29,224.76,869.52,,,1686.75,1461.98,2.07,181.00,388.00,1.28,19486224,2026-09-18T06:09:38Z
A,orig,2f_top500,async_win,128,4,0,0.00,100.00,717.31,994.17,224.90,679.36,89.91,438.00,1711.48,1396.67,2.13,181.00,387.00,1.28,19486740,2026-09-18T06:09:38Z
A,orig,2f_top500,async_bulk,128,4,0,0.00,100.00,719.45,1032.86,227.67,714.82,90.37,438.00,1752.31,1434.27,2.08,181.00,385.00,1.28,19487416,2026-09-18T06:09:39Z
A,orig,2f_slru,pread,128,4,0,0.00,100.00,97.13,18627.30,225.84,18401.46,,,18724.43,18498.59,1.52,0.00,278.00,1.28,19488856,2026-09-18T06:09:39Z
A,orig,2f_slru,async,128,4,0,0.00,100.00,97.91,7465.23,225.88,7239.36,,,7563.14,7337.27,1.54,0.00,278.00,1.28,19487024,2026-09-18T06:09:39Z
A,orig,2f_slru,async_win,128,4,0,0.00,89.90,95.69,2692.82,226.20,2064.44,402.19,139.00,2788.51,2160.13,1.55,0.00,278.00,1.28,19471164,2026-09-18T06:09:39Z
A,orig,2f_slru,async_bulk,128,4,0,0.00,1.40,838.12,712.15,226.27,79.05,406.83,2.00,1550.27,917.17,2.17,188.00,245.00,1.28,19471684,2026-09-18T06:09:40Z
A,orig,leaf_freq_K10,pread,128,4,0,0.00,100.00,933.87,1121.25,226.38,894.86,,,2055.12,1828.73,2.13,192.00,247.00,1.28,19472020,2026-09-18T06:09:40Z
A,orig,leaf_freq_K10,async,128,4,0,0.00,100.00,894.17,311.44,234.75,76.68,,,1205.61,970.85,2.20,192.00,247.00,1.28,19476032,2026-09-18T06:09:40Z
A,orig,leaf_freq_K10,async_win,128,4,0,0.00,100.00,880.92,300.50,225.38,14.52,60.59,10.00,1181.42,895.44,2.12,192.00,247.00,1.28,19477716,2026-09-18T06:09:41Z
A,orig,leaf_freq_K10,async_bulk,128,4,0,0.00,100.00,843.55,302.03,226.37,14.69,60.98,10.00,1145.58,858.24,2.10,192.00,247.00,1.28,19477836,2026-09-18T06:09:41Z
A,orig,leaf_rand_K10,pread,128,4,0,0.00,100.00,875.15,2734.62,1221.43,1513.19,,,3609.77,2388.34,2.17,190.00,246.00,1.28,19478072,2026-09-18T06:09:41Z
A,orig,leaf_rand_K10,async,128,4,0,0.00,100.00,845.95,301.75,225.07,76.67,,,1147.70,922.62,2.15,190.00,246.00,1.28,19465660,2026-09-18T06:09:42Z
A,orig,leaf_rand_K10,async_win,128,4,0,0.00,100.00,875.30,302.38,225.17,16.65,60.55,10.00,1177.68,891.95,2.14,190.00,246.00,1.28,19465300,2026-09-18T06:09:42Z
A,orig,leaf_rand_K10,async_bulk,128,4,0,0.00,100.00,877.69,300.50,225.54,14.14,60.81,10.00,1178.19,891.83,2.15,190.00,246.00,1.28,19467344,2026-09-18T06:09:42Z
A,orig,learned_markov_14,pread,128,4,0,0.00,100.00,576.36,1477.24,226.66,1250.58,,,2053.60,1826.94,2.15,187.00,256.00,1.28,19466712,2026-09-18T06:09:43Z
A,orig,learned_markov_14,async,128,4,0,0.00,100.00,540.92,312.59,232.07,80.52,,,853.51,621.44,2.13,187.00,256.00,1.26,19466464,2026-09-18T06:09:43Z
A,orig,learned_markov_14,async_win,128,4,0,0.00,100.00,533.10,306.85,227.48,18.57,60.80,13.00,839.95,551.67,2.14,187.00,256.00,1.26,19468160,2026-09-18T06:09:43Z
A,orig,learned_markov_14,async_bulk,128,4,0,0.00,100.00,536.43,310.76,229.41,19.44,61.92,13.00,847.19,555.87,2.14,187.00,256.00,1.26,19467812,2026-09-18T06:09:44Z
A,orig,learned_markov_28,pread,128,4,0,0.00,100.00,562.13,2667.55,224.42,2443.12,,,3229.68,3005.25,2.09,187.00,260.00,1.26,19468656,2026-09-18T06:09:44Z
A,orig,learned_markov_28,async,128,4,0,0.00,100.00,531.43,329.45,227.48,101.97,,,860.88,633.40,2.14,187.00,259.00,1.26,19472240,2026-09-18T06:09:44Z
A,orig,learned_markov_28,async_win,128,4,0,0.00,100.00,498.22,325.84,225.14,39.20,61.50,26.00,824.06,537.42,2.09,187.00,259.00,1.26,19472752,2026-09-18T06:09:45Z
A,orig,learned_markov_28,async_bulk,128,4,0,0.00,100.00,890.06,322.48,225.82,34.62,62.03,26.00,1212.54,924.68,2.14,187.00,259.00,1.26,19472360,2026-09-18T06:09:45Z
B,orig,layers_5,pread,128,4,0,0.00,100.00,1010.29,664.95,222.99,441.96,,,1675.24,1452.25,2.19,192.00,254.00,1.26,19473176,2026-09-18T06:09:45Z
B,orig,layers_5,async,128,4,0,0.00,100.00,943.35,294.89,224.55,70.34,,,1238.24,1013.69,2.16,193.00,254.00,1.26,19473796,2026-09-18T06:09:46Z
B,orig,layers_5,async_win,128,4,0,0.00,100.00,1012.01,299.63,230.78,7.71,61.13,2.00,1311.64,1019.72,2.20,193.00,254.00,1.26,19475500,2026-09-18T06:09:46Z
B,orig,layers_5,async_bulk,128,4,0,0.00,100.00,1013.11,295.62,226.40,7.85,61.37,2.00,1308.73,1020.96,2.20,193.00,254.00,1.26,19475404,2026-09-18T06:09:46Z
B,orig,layers_92,pread,128,4,0,0.00,100.00,597.79,9872.18,1191.51,8680.67,,,10469.97,9278.46,2.16,193.00,261.00,1.26,19477848,2026-09-18T06:09:47Z
B,orig,layers_92,async,128,4,0,0.00,100.00,657.93,423.83,226.50,197.33,,,1081.76,855.26,2.18,194.00,260.00,1.26,19467748,2026-09-18T06:09:47Z
B,orig,layers_92,async_win,128,4,0,0.00,100.00,656.87,430.69,229.85,135.56,65.27,87.00,1087.56,792.43,2.19,194.00,260.00,1.26,19470308,2026-09-18T06:09:47Z
B,orig,layers_92,async_bulk,128,4,0,0.00,100.00,659.68,394.55,225.03,104.27,65.25,87.00,1054.23,763.95,2.23,194.00,260.00,1.26,19471296,2026-09-18T06:09:47Z
B,orig,2d,pread,128,4,0,0.00,100.00,656.22,1966.59,224.95,1741.63,,,2622.81,2397.85,2.16,193.00,261.00,1.26,19470644,2026-09-18T06:09:48Z
B,orig,2d,async,128,4,0,0.00,100.00,662.24,307.06,226.99,80.07,,,969.30,742.31,2.19,194.00,260.00,1.24,19471620,2026-09-18T06:09:48Z
B,orig,2d,async_win,128,4,0,0.00,100.00,661.11,317.98,230.38,21.84,65.75,13.00,979.09,682.95,2.24,194.00,260.00,1.24,19473880,2026-09-18T06:09:48Z
B,orig,2d,async_bulk,128,4,0,0.00,100.00,660.04,309.97,226.13,22.01,61.83,13.00,970.01,682.05,2.22,194.00,260.00,1.24,19473576,2026-09-18T06:09:49Z
B,orig,2e_K10,pread,128,4,0,0.00,100.00,661.83,2629.68,228.51,2401.17,,,3291.51,3063.00,2.16,193.00,261.00,1.24,19474076,2026-09-18T06:09:49Z
B,orig,2e_K10,async,128,4,0,0.00,100.00,769.13,326.95,230.30,96.65,,,1096.08,865.78,2.15,194.00,260.00,1.24,19476968,2026-09-18T06:09:49Z
B,orig,2e_K10,async_win,128,4,0,0.00,100.00,669.20,323.66,225.41,35.93,62.32,23.00,992.86,705.13,2.16,194.00,260.00,1.24,19477264,2026-09-18T06:09:50Z
B,orig,2e_K10,async_bulk,128,4,0,0.00,100.00,661.05,324.91,225.54,36.91,62.46,23.00,985.96,697.96,2.17,194.00,260.00,1.24,19477508,2026-09-18T06:09:50Z
B,orig,2e_K500,pread,128,4,0,0.00,100.00,185.56,22537.98,227.67,22310.31,,,22723.54,22495.87,2.10,173.00,392.00,1.24,19478116,2026-09-18T06:09:50Z
B,orig,2e_K500,async,128,4,0,0.00,100.00,182.87,1126.70,224.99,901.71,,,1309.57,1084.58,2.13,183.00,331.00,1.24,19481260,2026-09-18T06:09:51Z
B,orig,2e_K500,async_win,128,4,0,0.00,100.00,184.19,1043.25,226.89,725.98,90.39,449.00,1227.44,910.17,2.13,183.00,331.00,1.24,19482124,2026-09-18T06:09:51Z
B,orig,2e_K500,async_bulk,128,4,0,0.00,100.00,183.74,1006.71,222.99,693.68,90.04,449.00,1190.45,877.42,2.13,183.00,332.00,1.24,19482864,2026-09-18T06:09:51Z
B,orig,2f_top14,pread,128,4,0,0.00,100.00,657.28,1412.53,224.41,1188.11,,,2069.81,1845.39,2.14,194.00,260.00,1.24,19482384,2026-09-18T06:09:52Z
B,orig,2f_top14,async,128,4,0,0.00,100.00,800.97,306.53,225.66,80.86,,,1107.50,881.83,2.21,194.00,260.00,1.24,19480248,2026-09-18T06:09:52Z
B,orig,2f_top14,async_win,128,4,0,0.00,100.00,648.09,322.58,225.09,41.56,55.92,13.00,970.67,689.65,2.14,194.00,260.00,1.24,19459972,2026-09-18T06:09:52Z
B,orig,2f_top14,async_bulk,128,4,0,0.00,100.00,663.56,311.37,228.64,20.78,61.95,13.00,974.93,684.34,2.18,194.00,260.00,1.24,19460060,2026-09-18T06:09:53Z
B,orig,2f_top28,pread,128,4,0,0.00,100.00,659.47,2748.05,229.15,2518.89,,,3407.52,3178.36,2.26,193.00,261.00,1.22,19460996,2026-09-18T06:09:53Z
B,orig,2f_top28,async,128,4,0,0.00,100.00,661.72,331.00,224.38,106.62,,,992.72,768.34,2.17,194.00,259.00,1.22,19462020,2026-09-18T06:09:53Z
B,orig,2f_top28,async_win,128,4,0,0.00,100.00,657.22,330.18,226.56,41.49,62.14,27.00,987.40,698.71,2.17,194.00,259.00,1.22,19461504,2026-09-18T06:09:54Z
B,orig,2f_top28,async_bulk,128,4,0,0.00,100.00,665.64,323.78,227.20,35.29,61.30,27.00,989.42,700.93,2.21,194.00,259.00,1.22,19462144,2026-09-18T06:09:54Z
B,orig,2f_top100,pread,128,4,0,0.00,100.00,181.88,9327.88,225.92,9101.95,,,9509.76,9283.83,2.13,191.00,283.00,1.22,19462936,2026-09-18T06:09:54Z
B,orig,2f_top100,async,128,4,0,0.00,100.00,183.71,436.51,230.33,206.18,,,620.22,389.89,2.12,193.00,275.00,1.22,19470744,2026-09-18T06:09:55Z
B,orig,2f_top100,async_win,128,4,0,0.00,100.00,180.99,410.81,226.41,118.88,65.52,94.00,591.80,299.87,2.21,193.00,275.00,1.22,19475368,2026-09-18T06:09:55Z
B,orig,2f_top100,async_bulk,128,4,0,0.00,100.00,184.84,418.90,226.59,126.52,65.79,94.00,603.74,311.36,2.17,193.00,276.00,1.22,19480000,2026-09-18T06:09:55Z
B,orig,2f_top500,pread,128,4,0,0.00,100.00,181.08,18194.88,228.07,17966.81,,,18375.96,18147.89,2.08,173.00,396.00,1.22,19480488,2026-09-18T06:09:56Z
B,orig,2f_top500,async,128,4,0,0.00,100.00,183.44,1077.26,225.97,851.28,,,1260.70,1034.72,2.15,183.00,334.00,1.22,19481448,2026-09-18T06:09:56Z
B,orig,2f_top500,async_win,128,4,0,0.00,100.00,183.82,1048.21,227.63,730.69,89.89,438.00,1232.03,914.51,2.14,183.00,332.00,1.22,19483164,2026-09-18T06:09:56Z
B,orig,2f_top500,async_bulk,128,4,0,0.00,100.00,637.34,1342.17,415.78,707.71,218.68,438.00,1979.51,1345.05,2.13,183.00,336.00,1.22,19483284,2026-09-18T06:09:57Z
B,orig,2f_slru,pread,128,4,0,0.00,100.00,97.39,18574.01,225.99,18348.02,,,18671.40,18445.41,1.56,0.00,278.00,1.22,19483500,2026-09-18T06:09:57Z
B,orig,2f_slru,async,128,4,0,0.00,100.00,98.73,7392.97,227.80,7165.17,,,7491.70,7263.90,1.58,0.00,278.00,1.22,19481992,2026-09-18T06:09:57Z
B,orig,2f_slru,async_win,128,4,0,0.00,92.00,97.18,2683.12,225.14,2051.83,406.15,138.00,2780.30,2149.01,1.61,0.00,278.00,1.22,19459500,2026-09-18T06:09:57Z
B,orig,2f_slru,async_bulk,128,4,0,0.00,1.40,953.79,722.26,226.91,84.18,411.17,2.00,1676.05,1037.97,2.16,190.00,251.00,1.22,19470164,2026-09-18T06:09:58Z
B,orig,leaf_freq_K10,pread,128,4,0,0.00,100.00,1012.83,1150.15,226.07,924.08,,,2162.98,1936.91,2.17,192.00,251.00,1.28,19472724,2026-09-18T06:09:58Z
B,orig,leaf_freq_K10,async,128,4,0,0.00,100.00,984.23,301.85,225.76,76.08,,,1286.08,1060.31,2.20,192.00,251.00,1.28,19475848,2026-09-18T06:09:58Z
B,orig,leaf_freq_K10,async_win,128,4,0,0.00,100.00,1046.06,302.58,225.88,15.80,60.90,10.00,1348.64,1061.86,2.19,192.00,251.00,1.28,19475996,2026-09-18T06:09:59Z
B,orig,leaf_freq_K10,async_bulk,128,4,0,0.00,100.00,1081.48,302.32,226.00,14.83,61.49,10.00,1383.80,1096.31,2.30,192.00,251.00,1.28,19476932,2026-09-18T06:09:59Z
B,orig,leaf_rand_K10,pread,128,4,0,0.00,100.00,978.67,1089.12,224.16,864.96,,,2067.79,1843.63,2.17,192.00,251.00,1.28,19479156,2026-09-18T06:09:59Z
B,orig,leaf_rand_K10,async,128,4,0,0.00,100.00,982.99,940.62,862.81,77.81,,,1923.61,1060.80,2.18,192.00,251.00,1.28,19479780,2026-09-18T06:10:00Z
B,orig,leaf_rand_K10,async_win,128,4,0,0.00,100.00,1017.58,303.42,228.09,14.78,60.55,10.00,1321.00,1032.36,2.26,192.00,251.00,1.28,19456756,2026-09-18T06:10:00Z
B,orig,leaf_rand_K10,async_bulk,128,4,0,0.00,100.00,1025.68,307.82,231.49,15.02,61.31,10.00,1333.50,1040.70,2.20,192.00,251.00,1.28,19459920,2026-09-18T06:10:00Z
B,orig,learned_markov_14,pread,128,4,0,0.00,100.00,666.76,1425.15,226.18,1198.97,,,2091.91,1865.73,2.23,194.00,259.00,1.28,19460164,2026-09-18T06:10:01Z
B,orig,learned_markov_14,async,128,4,0,0.00,100.00,661.09,311.83,232.65,79.18,,,972.92,740.27,2.17,194.00,259.00,1.28,19460856,2026-09-18T06:10:01Z
B,orig,learned_markov_14,async_win,128,4,0,0.00,100.00,665.05,314.71,234.04,19.45,61.23,13.00,979.76,684.50,2.18,194.00,259.00,1.28,19462968,2026-09-18T06:10:01Z
B,orig,learned_markov_14,async_bulk,128,4,0,0.00,100.00,668.06,312.51,230.31,20.17,62.03,13.00,980.57,688.23,2.20,194.00,259.00,1.28,19437756,2026-09-18T06:10:02Z
B,orig,learned_markov_28,pread,128,4,0,0.00,100.00,725.72,2585.66,186.90,2398.76,,,3311.38,3124.48,2.17,193.00,264.00,1.28,19443172,2026-09-18T06:10:02Z
B,orig,learned_markov_28,async,128,4,0,0.00,100.00,672.52,286.19,183.82,102.36,,,958.71,774.88,2.19,193.00,264.00,1.28,19445676,2026-09-18T06:10:02Z
B,orig,learned_markov_28,async_win,128,4,0,0.00,100.00,661.98,300.31,199.94,38.61,61.76,26.00,962.29,700.59,2.19,193.00,265.00,1.28,19433288,2026-09-18T06:10:03Z
B,orig,learned_markov_28,async_bulk,128,4,0,0.00,100.00,662.03,337.82,234.10,41.58,62.15,26.00,999.85,703.61,2.17,193.00,264.00,1.26,19432764,2026-09-18T06:10:03Z
C,orig,layers_5,pread,128,4,0,0.00,100.00,989.19,634.11,189.06,445.05,,,1623.30,1434.24,1.55,20.00,28.00,1.26,19436592,2026-09-18T06:10:03Z
C,orig,layers_5,async,128,4,0,0.00,100.00,1049.19,260.17,191.06,69.11,,,1309.36,1118.30,1.55,20.00,28.00,1.26,19438272,2026-09-18T06:10:03Z
C,orig,layers_5,async_win,128,4,0,0.00,100.00,1019.22,259.06,190.08,7.79,61.19,2.00,1278.28,1027.01,1.57,20.00,28.00,1.26,19438500,2026-09-18T06:10:04Z
C,orig,layers_5,async_bulk,128,4,0,0.00,100.00,1033.41,261.08,193.20,7.58,60.30,2.00,1294.49,1040.99,1.56,20.00,28.00,1.26,19440040,2026-09-18T06:10:04Z
C,orig,layers_92,pread,128,4,0,0.00,100.00,626.27,8077.34,187.05,7890.28,,,8703.61,8516.55,1.55,20.00,30.00,1.26,19443728,2026-09-18T06:10:04Z
C,orig,layers_92,async,128,4,0,0.00,100.00,629.30,387.12,187.95,199.16,,,1016.42,828.46,1.57,20.00,30.00,1.26,19446636,2026-09-18T06:10:05Z
C,orig,layers_92,async_win,128,4,0,0.00,100.00,630.10,385.56,188.50,131.85,65.21,87.00,1015.66,761.95,1.55,20.00,30.00,1.26,19447152,2026-09-18T06:10:05Z
C,orig,layers_92,async_bulk,128,4,0,0.00,100.00,658.27,368.43,186.94,115.84,65.65,87.00,1026.70,774.11,1.56,20.00,30.00,1.26,19449428,2026-09-18T06:10:05Z
C,orig,2d,pread,128,4,0,0.00,100.00,567.45,531.01,184.70,346.31,,,1098.46,913.76,1.56,20.00,30.00,1.26,19450032,2026-09-18T06:10:05Z
C,orig,2d,async,128,4,0,0.00,100.00,661.29,254.55,186.75,67.80,,,915.84,729.09,1.56,20.00,30.00,1.26,19450364,2026-09-18T06:10:06Z
C,orig,2d,async_win,128,4,0,0.00,100.00,607.21,255.39,187.50,7.20,60.69,2.00,862.60,614.41,1.56,20.00,30.00,1.26,19450992,2026-09-18T06:10:06Z
C,orig,2d,async_bulk,128,4,0,0.00,100.00,661.40,254.15,186.05,7.58,60.51,2.00,915.55,668.98,1.56,20.00,30.00,1.26,19452760,2026-09-18T06:10:06Z
C,orig,2e_K10,pread,128,4,0,0.00,100.00,659.11,1304.48,186.30,1118.18,,,1963.59,1777.29,1.58,19.00,36.00,1.26,19453128,2026-09-18T06:10:06Z
C,orig,2e_K10,async,128,4,0,0.00,100.00,542.81,265.44,186.63,78.81,,,808.25,621.62,1.56,20.00,33.00,1.26,19454020,2026-09-18T06:10:07Z
C,orig,2e_K10,async_win,128,4,0,0.00,100.00,594.69,265.33,187.73,16.13,61.47,8.00,860.02,610.82,1.55,20.00,33.00,1.26,19454328,2026-09-18T06:10:07Z
C,orig,2e_K10,async_bulk,128,4,0,0.00,100.00,633.66,262.33,185.47,16.30,60.56,8.00,895.99,649.96,1.60,20.00,33.00,1.26,19451232,2026-09-18T06:10:07Z
C,orig,2e_K500,pread,128,4,0,0.00,100.00,180.93,2415.04,187.06,2227.98,,,2595.97,2408.91,1.50,0.00,37.00,1.26,19450788,2026-09-18T06:10:07Z
C,orig,2e_K500,async,128,4,0,0.00,68.30,182.45,643.73,186.85,456.88,,,826.18,639.33,1.52,0.00,37.00,1.26,19451288,2026-09-18T06:10:08Z
C,orig,2e_K500,async_win,128,4,0,0.00,100.00,183.14,516.18,185.17,248.75,82.26,90.00,699.32,431.89,1.50,0.00,37.00,1.32,19431752,2026-09-18T06:10:08Z
C,orig,2e_K500,async_bulk,128,4,0,0.00,57.10,181.78,490.41,183.74,224.03,82.64,90.00,672.19,405.81,1.51,0.00,37.00,1.32,19439136,2026-09-18T06:10:08Z
C,orig,2f_top14,pread,128,4,0,0.00,100.00,643.48,1268.62,187.65,1080.97,,,1912.10,1724.45,1.55,17.00,37.00,1.32,19439496,2026-09-18T06:10:08Z
C,orig,2f_top14,async,128,4,0,0.00,100.00,529.91,264.13,184.60,79.53,,,794.04,609.44,1.56,20.00,36.00,1.32,19440384,2026-09-18T06:10:09Z
C,orig,2f_top14,async_win,128,4,0,0.00,100.00,600.87,266.32,188.66,16.41,61.24,9.00,867.19,617.28,1.55,20.00,35.00,1.32,19440560,2026-09-18T06:10:09Z
C,orig,2f_top14,async_bulk,128,4,0,0.00,100.00,653.26,269.26,189.83,17.84,61.59,9.00,922.52,671.10,1.59,20.00,35.00,1.32,19442352,2026-09-18T06:10:09Z
C,orig,2f_top28,pread,128,4,0,0.00,100.00,640.56,1247.38,188.18,1059.19,,,1887.94,1699.75,1.57,18.00,37.00,1.32,19442152,2026-09-18T06:10:09Z
C,orig,2f_top28,async,128,4,0,0.00,100.00,547.03,282.58,186.48,96.10,,,829.61,643.13,1.56,19.00,36.00,1.32,19442656,2026-09-18T06:10:10Z
C,orig,2f_top28,async_win,128,4,0,0.00,100.00,541.56,278.54,186.17,30.48,61.90,13.00,820.10,572.04,1.56,19.00,36.00,1.32,19443368,2026-09-18T06:10:10Z
C,orig,2f_top28,async_bulk,128,4,0,0.00,100.00,508.41,277.74,189.24,26.54,61.97,13.00,786.15,534.95,1.56,19.00,35.00,1.32,19445116,2026-09-18T06:10:10Z
C,orig,2f_top100,pread,128,4,0,0.00,100.00,560.34,1290.17,185.84,1104.33,,,1850.51,1664.67,1.54,12.00,37.00,1.32,19445948,2026-09-18T06:10:11Z
C,orig,2f_top100,async,128,4,0,0.00,100.00,511.20,364.42,185.89,178.53,,,875.62,689.73,1.56,14.00,37.00,1.32,19446064,2026-09-18T06:10:11Z
C,orig,2f_top100,async_win,128,4,0,0.00,100.00,528.92,335.13,186.87,82.31,65.95,32.00,864.05,611.23,1.56,14.00,36.00,1.32,19446016,2026-09-18T06:10:11Z
C,orig,2f_top100,async_bulk,128,4,0,0.00,100.00,606.18,335.06,187.37,82.84,64.85,32.00,941.24,689.02,1.56,14.00,36.00,1.32,19447556,2026-09-18T06:10:11Z
C,orig,2f_top500,pread,128,4,0,0.00,100.00,96.96,2910.46,188.42,2722.04,,,3007.42,2819.00,1.52,0.00,37.00,1.32,19447988,2026-09-18T06:10:12Z
C,orig,2f_top500,async,128,4,0,0.00,100.00,95.48,992.80,186.24,806.56,,,1088.28,902.04,1.50,0.00,37.00,1.32,19448592,2026-09-18T06:10:12Z
C,orig,2f_top500,async_win,128,4,0,0.00,100.00,94.33,484.65,186.81,208.37,89.47,15.00,578.98,302.70,1.54,0.00,37.00,1.32,19448300,2026-09-18T06:10:12Z
C,orig,2f_top500,async_bulk,128,4,0,0.00,13.60,918.64,313.91,186.07,38.66,89.18,2.00,1232.55,957.30,1.55,19.00,30.00,1.32,19450160,2026-09-18T06:10:12Z
C,orig,2f_slru,pread,128,4,0,0.00,100.00,93.70,2943.74,187.25,2756.49,,,3037.44,2850.19,1.50,0.00,37.00,1.32,19450952,2026-09-18T06:10:13Z
C,orig,2f_slru,async,128,4,0,0.00,100.00,98.06,1007.54,187.44,820.10,,,1105.60,918.16,1.52,0.00,37.00,1.29,19450880,2026-09-18T06:10:13Z
C,orig,2f_slru,async_win,128,4,0,0.00,100.00,96.01,482.91,185.60,208.47,88.84,15.00,578.92,304.48,1.51,0.00,37.00,1.29,19438708,2026-09-18T06:10:13Z
C,orig,2f_slru,async_bulk,128,4,0,0.00,13.60,901.51,322.38,190.07,43.05,89.26,2.00,1223.89,944.56,1.57,19.00,30.00,1.29,19461016,2026-09-18T06:10:13Z
C,orig,leaf_freq_K10,pread,128,4,0,0.00,100.00,1149.60,1005.12,185.77,819.35,,,2154.72,1968.95,1.55,19.00,33.00,1.29,19463572,2026-09-18T06:10:14Z
C,orig,leaf_freq_K10,async,128,4,0,0.00,100.00,1001.04,262.54,187.65,74.89,,,1263.58,1075.93,1.56,20.00,31.00,1.29,19464456,2026-09-18T06:10:14Z
C,orig,leaf_freq_K10,async_win,128,4,0,0.00,100.00,1072.69,252.88,181.71,11.66,59.51,6.00,1325.57,1084.35,1.56,20.00,31.00,1.29,19469596,2026-09-18T06:10:14Z
C,orig,leaf_freq_K10,async_bulk,128,4,0,0.00,100.00,1057.52,261.76,186.63,12.98,62.15,6.00,1319.28,1070.50,1.55,20.00,31.00,1.29,19469388,2026-09-18T06:10:14Z
C,orig,leaf_rand_K10,pread,128,4,0,0.00,100.00,1062.50,1088.70,190.59,898.11,,,2151.20,1960.61,1.57,20.00,28.00,1.29,19470592,2026-09-18T06:10:15Z
C,orig,leaf_rand_K10,async,128,4,0,0.00,100.00,1035.92,260.38,185.06,75.32,,,1296.30,1111.24,1.57,20.00,28.00,1.29,19470884,2026-09-18T06:10:15Z
C,orig,leaf_rand_K10,async_win,128,4,0,0.00,100.00,1003.92,265.21,187.86,14.88,62.47,10.00,1269.13,1018.80,1.56,20.00,28.00,1.29,19490928,2026-09-18T06:10:15Z
C,orig,leaf_rand_K10,async_bulk,128,4,0,0.00,100.00,992.43,266.15,188.68,16.28,61.20,10.00,1258.58,1008.71,1.57,20.00,28.00,1.29,19491328,2026-09-18T06:10:15Z
C,orig,learned_markov_14,pread,128,4,0,0.00,100.00,658.22,1263.06,185.91,1077.15,,,1921.28,1735.37,1.58,17.00,38.00,1.29,19491580,2026-09-18T06:10:16Z
C,orig,learned_markov_14,async,128,4,0,0.00,100.00,538.38,266.38,185.79,80.59,,,804.76,618.97,1.56,20.00,35.00,1.29,19492036,2026-09-18T06:10:16Z
C,orig,learned_markov_14,async_win,128,4,0,0.00,100.00,607.80,266.92,188.49,15.89,62.54,9.00,874.72,623.69,1.55,20.00,36.00,1.29,19493076,2026-09-18T06:10:16Z
C,orig,learned_markov_14,async_bulk,128,4,0,0.00,100.00,633.33,264.23,185.61,16.51,62.11,9.00,897.56,649.84,1.55,20.00,35.00,1.29,19492972,2026-09-18T06:10:17Z
C,orig,learned_markov_28,pread,128,4,0,0.00,100.00,703.67,1290.18,185.21,1104.97,,,1993.85,1808.64,1.55,18.00,36.00,1.29,19491800,2026-09-18T06:10:17Z
C,orig,learned_markov_28,async,128,4,0,0.00,100.00,626.04,285.63,185.35,100.28,,,911.67,726.32,1.56,19.00,36.00,1.29,19491540,2026-09-18T06:10:17Z
C,orig,learned_markov_28,async_win,128,4,0,0.00,100.00,640.29,278.41,189.72,25.74,62.96,13.00,918.70,666.03,1.56,19.00,36.00,1.29,19493076,2026-09-18T06:10:17Z
C,orig,learned_markov_28,async_bulk,128,4,0,0.00,100.00,545.67,276.05,183.89,29.85,62.32,13.00,821.72,575.52,1.57,19.00,35.00,1.29,19493556,2026-09-18T06:10:18Z
C_hit,orig,layers_5,pread,128,4,0,0.00,100.00,975.33,637.11,187.45,449.65,,,1612.44,1424.98,1.65,41.00,57.00,1.29,19494188,2026-09-18T06:10:18Z
C_hit,orig,layers_5,async,128,4,0,0.00,100.00,985.84,255.64,185.81,69.83,,,1241.48,1055.67,1.65,41.00,57.00,1.27,19495256,2026-09-18T06:10:18Z
C_hit,orig,layers_5,async_win,128,4,0,0.00,100.00,1039.80,256.41,188.17,7.00,61.23,2.00,1296.21,1046.80,1.67,41.00,57.00,1.27,19479524,2026-09-18T06:10:18Z
C_hit,orig,layers_5,async_bulk,128,4,0,0.00,100.00,983.06,257.94,188.91,7.51,61.51,2.00,1241.00,990.57,1.66,41.00,57.00,1.27,19485244,2026-09-18T06:10:19Z
C_hit,orig,layers_92,pread,128,4,0,0.00,100.00,635.79,8209.82,187.22,8022.60,,,8845.61,8658.39,1.65,39.00,60.00,1.27,19485816,2026-09-18T06:10:19Z
C_hit,orig,layers_92,async,128,4,0,0.00,100.00,628.14,387.93,185.48,202.45,,,1016.07,830.59,1.66,39.00,60.00,1.27,19487664,2026-09-18T06:10:19Z
C_hit,orig,layers_92,async_win,128,4,0,0.00,100.00,602.90,376.77,188.97,121.49,66.31,87.00,979.67,724.39,1.69,39.00,60.00,1.27,19487472,2026-09-18T06:10:19Z
C_hit,orig,layers_92,async_bulk,128,4,0,0.00,100.00,628.71,380.08,185.47,129.22,65.39,87.00,1008.79,757.93,1.64,39.00,60.00,1.27,19487956,2026-09-18T06:10:20Z
C_hit,orig,2d,pread,128,4,0,0.00,100.00,542.03,629.43,184.43,445.01,,,1171.46,987.04,1.65,39.00,60.00,1.27,19487196,2026-09-18T06:10:20Z
C_hit,orig,2d,async,128,4,0,0.00,100.00,602.48,254.29,185.29,69.00,,,856.77,671.48,1.70,39.00,60.00,1.27,19487944,2026-09-18T06:10:20Z
C_hit,orig,2d,async_win,128,4,0,0.00,100.00,591.82,253.44,187.47,7.88,58.08,3.00,845.26,599.70,1.66,39.00,60.00,1.27,19475240,2026-09-18T06:10:21Z
C_hit,orig,2d,async_bulk,128,4,0,0.00,100.00,592.78,252.60,184.30,7.92,60.39,3.00,845.38,600.70,1.64,39.00,60.00,1.27,19475092,2026-09-18T06:10:21Z
C_hit,orig,2e_K10,pread,128,4,0,0.00,100.00,609.11,1174.59,185.01,989.58,,,1783.70,1598.69,1.65,37.00,61.00,1.27,19475996,2026-09-18T06:10:21Z
C_hit,orig,2e_K10,async,128,4,0,0.00,100.00,535.17,263.07,182.62,80.45,,,798.24,615.62,1.65,39.00,61.00,1.27,19475780,2026-09-18T06:10:21Z
C_hit,orig,2e_K10,async_win,128,4,0,0.00,100.00,595.14,262.71,186.68,14.96,61.07,6.00,857.85,610.10,1.65,39.00,61.00,1.27,19475076,2026-09-18T06:10:22Z
C_hit,orig,2e_K10,async_bulk,128,4,0,0.00,100.00,629.53,264.21,186.55,15.63,62.03,6.00,893.74,645.16,1.66,39.00,61.00,1.27,19474916,2026-09-18T06:10:22Z
C_hit,orig,2e_K500,pread,128,4,0,0.00,100.00,186.02,4478.52,179.12,4299.40,,,4664.54,4485.42,1.55,10.00,60.00,1.27,19477228,2026-09-18T06:10:22Z
C_hit,orig,2e_K500,async,128,4,0,0.00,56.00,179.40,878.02,186.58,691.44,,,1057.42,870.84,1.57,11.00,59.00,1.27,19477384,2026-09-18T06:10:22Z
C_hit,orig,2e_K500,async_win,128,4,0,0.00,32.90,181.89,641.57,183.63,366.31,91.63,139.00,823.46,548.20,1.57,11.00,59.00,1.27,19477212,2026-09-18T06:10:23Z
C_hit,orig,2e_K500,async_bulk,128,4,0,0.00,37.80,179.40,613.90,183.09,339.71,91.10,139.00,793.30,519.11,1.56,11.00,59.00,1.33,19477824,2026-09-18T06:10:23Z
C_hit,orig,2f_top14,pread,128,4,0,0.00,100.00,656.52,1061.24,184.52,876.73,,,1717.76,1533.25,1.65,37.00,61.00,1.33,19479188,2026-09-18T06:10:23Z
C_hit,orig,2f_top14,async,128,4,0,0.00,100.00,540.19,265.72,187.03,78.69,,,805.91,618.88,1.65,39.00,61.00,1.33,19479832,2026-09-18T06:10:23Z
C_hit,orig,2f_top14,async_win,128,4,0,0.00,100.00,567.76,260.57,184.30,15.51,60.76,6.00,828.33,583.27,1.65,39.00,61.00,1.33,19471140,2026-09-18T06:10:24Z
C_hit,orig,2f_top14,async_bulk,128,4,0,0.00,100.00,643.46,264.99,188.37,14.95,61.67,6.00,908.45,658.41,1.65,39.00,61.00,1.33,19472540,2026-09-18T06:10:24Z
C_hit,orig,2f_top28,pread,128,4,0,0.00,100.00,508.26,1104.36,186.06,918.30,,,1612.62,1426.56,1.63,36.00,61.00,1.33,19474052,2026-09-18T06:10:24Z
C_hit,orig,2f_top28,async,128,4,0,0.00,100.00,611.42,279.19,184.58,94.61,,,890.61,706.03,1.65,39.00,60.00,1.33,19475228,2026-09-18T06:10:25Z
C_hit,orig,2f_top28,async_win,128,4,0,0.00,100.00,509.95,271.45,185.13,23.95,62.38,8.00,781.40,533.90,1.64,39.00,60.00,1.33,19475528,2026-09-18T06:10:25Z
C_hit,orig,2f_top28,async_bulk,128,4,0,0.00,100.00,632.68,271.55,186.18,23.12,62.25,8.00,904.23,655.80,1.66,39.00,60.00,1.33,19476712,2026-09-18T06:10:25Z
C_hit,orig,2f_top100,pread,128,4,0,0.00,100.00,543.75,1336.73,183.60,1153.13,,,1880.48,1696.88,1.61,32.00,62.00,1.33,19477116,2026-09-18T06:10:25Z
C_hit,orig,2f_top100,async,128,4,0,0.00,100.00,558.44,365.42,184.69,180.73,,,923.86,739.17,1.65,34.00,62.00,1.33,19475740,2026-09-18T06:10:26Z
C_hit,orig,2f_top100,async_win,128,4,0,0.00,100.00,604.29,327.50,184.90,75.83,66.77,28.00,931.79,680.12,1.67,34.00,62.00,1.33,19476524,2026-09-18T06:10:26Z
C_hit,orig,2f_top100,async_bulk,128,4,0,0.00,69.00,649.85,342.37,192.49,82.36,67.53,28.00,992.22,732.21,1.65,34.00,62.00,1.33,19477716,2026-09-18T06:10:26Z
C_hit,orig,2f_top500,pread,128,4,0,0.00,100.00,177.98,3149.56,185.36,2964.20,,,3327.54,3142.18,1.56,10.00,60.00,1.33,19478184,2026-09-18T06:10:26Z
C_hit,orig,2f_top500,async,128,4,0,0.00,40.00,785.01,818.62,184.49,634.13,,,1603.63,1419.14,1.58,11.00,60.00,1.33,19477396,2026-09-18T06:10:27Z
C_hit,orig,2f_top500,async_win,128,4,0,0.00,39.00,181.43,641.96,184.45,367.10,90.41,138.00,823.39,548.53,1.57,11.00,60.00,1.33,19477380,2026-09-18T06:10:27Z
C_hit,orig,2f_top500,async_bulk,128,4,0,0.00,31.60,183.75,614.27,190.41,325.17,98.69,138.00,798.02,508.92,1.57,11.00,60.00,1.33,19478864,2026-09-18T06:10:27Z
C_hit,orig,2f_slru,pread,128,4,0,0.00,100.00,92.73,4602.49,187.41,4415.08,,,4695.22,4507.81,1.52,0.00,62.00,1.33,19479820,2026-09-18T06:10:27Z
C_hit,orig,2f_slru,async,128,4,0,0.00,100.00,94.87,1559.07,185.92,1373.15,,,1653.94,1468.02,1.54,0.00,62.00,1.33,19481988,2026-09-18T06:10:28Z
C_hit,orig,2f_slru,async_win,128,4,0,0.00,100.00,91.72,721.81,183.58,411.35,126.88,29.00,813.53,503.07,1.53,0.00,62.00,1.30,19482204,2026-09-18T06:10:28Z
C_hit,orig,2f_slru,async_bulk,128,4,0,0.00,7.00,710.88,495.59,323.48,41.24,130.88,2.00,1206.47,752.12,1.64,40.00,56.00,1.30,19481920,2026-09-18T06:10:28Z
C_hit,orig,leaf_freq_K10,pread,128,4,0,0.00,100.00,599.31,773.75,185.95,587.79,,,1373.06,1187.10,1.64,39.00,57.00,1.30,19482004,2026-09-18T06:10:29Z
C_hit,orig,leaf_freq_K10,async,128,4,0,0.00,100.00,904.63,259.70,183.50,76.19,,,1164.33,980.82,1.65,41.00,57.00,1.30,19473300,2026-09-18T06:10:29Z
C_hit,orig,leaf_freq_K10,async_win,128,4,0,0.00,100.00,910.99,256.68,184.73,11.09,60.86,3.00,1167.67,922.08,1.66,41.00,57.00,1.30,19466792,2026-09-18T06:10:29Z
C_hit,orig,leaf_freq_K10,async_bulk,128,4,0,0.00,100.00,894.71,254.60,184.75,9.60,60.25,3.00,1149.31,904.31,1.66,41.00,57.00,1.30,19468364,2026-09-18T06:10:29Z
C_hit,orig,leaf_rand_K10,pread,128,4,0,0.00,100.00,1003.45,1112.17,190.07,922.10,,,2115.62,1925.55,1.66,41.00,57.00,1.30,19469308,2026-09-18T06:10:30Z
C_hit,orig,leaf_rand_K10,async,128,4,0,0.00,100.00,989.03,262.32,186.62,75.70,,,1251.35,1064.73,1.64,41.00,57.00,1.30,19469700,2026-09-18T06:10:30Z
C_hit,orig,leaf_rand_K10,async_win,128,4,0,0.00,100.00,1021.78,266.35,188.06,16.84,61.45,10.00,1288.13,1038.62,1.66,41.00,57.00,1.30,19470700,2026-09-18T06:10:30Z
C_hit,orig,leaf_rand_K10,async_bulk,128,4,0,0.00,100.00,996.55,270.32,187.31,16.81,66.19,10.00,1266.87,1013.36,1.66,41.00,57.00,1.30,19471628,2026-09-18T06:10:30Z
C_hit,orig,learned_markov_14,pread,128,4,0,0.00,100.00,645.02,1060.05,188.67,871.38,,,1705.07,1516.40,1.66,37.00,61.00,1.30,19471132,2026-09-18T06:10:31Z
C_hit,orig,learned_markov_14,async,128,4,0,0.00,100.00,510.69,263.90,186.12,77.78,,,774.59,588.47,1.63,39.00,61.00,1.30,19471544,2026-09-18T06:10:31Z
C_hit,orig,learned_markov_14,async_win,128,4,0,0.00,100.00,675.32,262.81,186.95,14.55,61.31,6.00,938.13,689.87,1.66,39.00,61.00,1.30,19474312,2026-09-18T06:10:31Z
C_hit,orig,learned_markov_14,async_bulk,128,4,0,0.00,100.00,602.10,267.43,188.72,15.04,63.67,6.00,869.53,617.14,1.65,39.00,61.00,1.30,19474244,2026-09-18T06:10:32Z
C_hit,orig,learned_markov_28,pread,128,4,0,0.00,100.00,606.09,1188.93,189.76,999.18,,,1795.02,1605.27,1.65,36.00,61.00,1.30,19474372,2026-09-18T06:10:32Z
C_hit,orig,learned_markov_28,async,128,4,0,0.00,100.00,598.27,284.51,186.41,98.10,,,882.78,696.37,1.64,39.00,60.00,1.30,19474736,2026-09-18T06:10:32Z
C_hit,orig,learned_markov_28,async_win,128,4,0,0.00,100.00,542.41,274.80,184.96,27.68,62.16,8.00,817.21,570.09,1.66,39.00,60.00,1.30,19477380,2026-09-18T06:10:32Z
C_hit,orig,learned_markov_28,async_bulk,128,4,0,0.00,100.00,512.59,274.46,189.15,23.17,62.14,8.00,787.05,535.76,1.64,39.00,60.00,1.30,19476300,2026-09-18T06:10:33Z
A,orig,baseline,baseline,128,5,0,0.00,0.00,865.41,0.00,0.00,0.00,,,865.41,865.41,2.14,190.00,246.00,1.28,19474156,2026-09-18T06:10:33Z
B,orig,baseline,baseline,128,5,0,0.00,0.00,1003.12,0.00,0.00,0.00,,,1003.12,1003.12,2.19,192.00,251.00,1.28,19477436,2026-09-18T06:10:33Z
C,orig,baseline,baseline,128,5,0,0.00,0.00,1064.19,0.00,0.00,0.00,,,1064.19,1064.19,1.56,20.00,28.00,1.28,19477704,2026-09-18T06:10:33Z
C_hit,orig,baseline,baseline,128,5,0,0.00,0.00,1018.95,0.00,0.00,0.00,,,1018.95,1018.95,1.70,41.00,57.00,1.28,19477024,2026-09-18T06:10:34Z
A,orig,layers_5,pread,128,5,0,0.00,100.00,869.98,673.38,228.79,444.59,,,1543.36,1314.57,2.15,190.00,245.00,1.28,19465896,2026-09-18T06:10:34Z
A,orig,layers_5,async,128,5,0,0.00,100.00,918.53,290.91,220.06,70.84,,,1209.44,989.37,2.12,190.00,245.00,1.28,19468724,2026-09-18T06:10:34Z
A,orig,layers_5,async_win,128,5,0,0.00,100.00,860.93,291.59,222.29,8.54,60.76,2.00,1152.52,869.47,2.16,190.00,245.00,1.28,19468784,2026-09-18T06:10:35Z
A,orig,layers_5,async_bulk,128,5,0,0.00,100.00,863.97,295.37,226.67,8.10,60.60,2.00,1159.34,872.07,2.14,190.00,245.00,1.28,19474452,2026-09-18T06:10:35Z
A,orig,layers_92,pread,128,5,0,0.00,100.00,1525.43,8426.78,419.42,8007.36,,,9952.21,9532.79,2.10,187.00,258.00,1.28,19475892,2026-09-18T06:10:35Z
A,orig,layers_92,async,128,5,0,0.00,100.00,561.63,440.27,226.92,213.35,,,1001.90,774.98,2.13,187.00,257.00,1.28,19487056,2026-09-18T06:10:36Z
A,orig,layers_92,async_win,128,5,0,0.00,100.00,536.30,421.29,224.44,131.94,64.91,87.00,957.59,668.24,2.12,187.00,257.00,1.28,19487256,2026-09-18T06:10:36Z
A,orig,layers_92,async_bulk,128,5,0,0.00,100.00,563.25,424.84,234.30,120.74,69.80,87.00,988.09,683.99,2.22,187.00,257.00,1.28,19486548,2026-09-18T06:10:36Z
A,orig,2d,pread,128,5,0,0.00,100.00,539.00,1976.16,226.95,1749.22,,,2515.16,2288.22,2.16,187.00,258.00,1.28,19487624,2026-09-18T06:10:37Z
A,orig,2d,async,128,5,0,0.00,100.00,565.69,311.56,226.78,84.78,,,877.25,650.47,2.13,187.00,257.00,1.28,19493276,2026-09-18T06:10:37Z
A,orig,2d,async_win,128,5,0,0.00,100.00,532.21,311.19,227.76,21.88,61.55,13.00,843.40,554.09,2.18,187.00,257.00,1.28,19495136,2026-09-18T06:10:37Z
A,orig,2d,async_bulk,128,5,0,0.00,100.00,541.55,309.55,225.97,22.03,61.55,13.00,851.10,563.58,2.16,187.00,257.00,1.28,19495144,2026-09-18T06:10:38Z
A,orig,2e_K10,pread,128,5,0,0.00,100.00,594.02,2715.04,225.10,2489.94,,,3309.06,3083.96,2.13,190.00,260.00,1.25,19495356,2026-09-18T06:10:38Z
A,orig,2e_K10,async,128,5,0,0.00,100.00,570.56,325.58,226.96,98.63,,,896.14,669.19,2.14,190.00,259.00,1.25,19495680,2026-09-18T06:10:38Z
A,orig,2e_K10,async_win,128,5,0,0.00,100.00,558.41,328.71,228.81,37.68,62.22,23.00,887.12,596.09,2.13,190.00,259.00,1.25,19495508,2026-09-18T06:10:39Z
A,orig,2e_K10,async_bulk,128,5,0,0.00,100.00,530.11,329.41,229.77,32.70,66.94,23.00,859.52,562.81,2.20,190.00,259.00,1.25,19495396,2026-09-18T06:10:39Z
A,orig,2e_K500,pread,128,5,0,0.00,100.00,525.28,21710.17,225.17,21485.00,,,22235.45,22010.28,2.00,163.00,432.00,1.25,19497408,2026-09-18T06:10:39Z
A,orig,2e_K500,async,128,5,0,0.00,100.00,711.03,1136.45,226.18,910.27,,,1847.48,1621.30,2.07,181.00,383.00,1.25,19497464,2026-09-18T06:10:40Z
A,orig,2e_K500,async_win,128,5,0,0.00,100.00,561.69,1029.94,229.36,705.08,95.50,446.00,1591.63,1266.77,2.09,181.00,380.00,1.25,19497820,2026-09-18T06:10:40Z
A,orig,2e_K500,async_bulk,128,5,0,0.00,100.00,716.60,1056.97,227.07,738.45,91.45,446.00,1773.57,1455.05,2.07,181.00,382.00,1.25,19498712,2026-09-18T06:10:40Z
A,orig,2f_top14,pread,128,5,0,0.00,100.00,588.62,1452.64,228.33,1224.31,,,2041.26,1812.93,2.13,189.00,257.00,1.25,19498760,2026-09-18T06:10:41Z
A,orig,2f_top14,async,128,5,0,0.00,100.00,528.66,304.35,224.46,79.89,,,833.01,608.55,2.11,189.00,257.00,1.25,19498180,2026-09-18T06:10:41Z
A,orig,2f_top14,async_win,128,5,0,0.00,100.00,499.26,315.48,228.45,22.71,64.32,13.00,814.74,521.97,2.11,189.00,257.00,1.25,19481244,2026-09-18T06:10:41Z
A,orig,2f_top14,async_bulk,128,5,0,0.00,100.00,561.53,308.42,226.93,19.18,62.32,13.00,869.95,580.71,2.13,189.00,257.00,1.25,19483364,2026-09-18T06:10:41Z
A,orig,2f_top28,pread,128,5,0,0.00,100.00,598.28,2805.23,235.26,2569.97,,,3403.51,3168.25,2.13,192.00,266.00,1.25,19483500,2026-09-18T06:10:42Z
A,orig,2f_top28,async,128,5,0,0.00,100.00,591.29,325.92,219.81,106.11,,,917.21,697.40,2.14,192.00,266.00,1.25,19482168,2026-09-18T06:10:42Z
A,orig,2f_top28,async_win,128,5,0,0.00,100.00,533.30,327.04,225.94,36.19,64.90,27.00,860.34,569.49,2.21,192.00,266.00,1.25,19482368,2026-09-18T06:10:42Z
A,orig,2f_top28,async_bulk,128,5,0,0.00,100.00,565.44,327.62,225.33,38.70,63.58,27.00,893.06,604.14,2.14,192.00,266.00,1.25,19482512,2026-09-18T06:10:43Z
A,orig,2f_top100,pread,128,5,0,0.00,100.00,597.22,8694.30,225.43,8468.87,,,9291.52,9066.09,2.14,184.00,307.00,1.23,19482156,2026-09-18T06:10:43Z
A,orig,2f_top100,async,128,5,0,0.00,100.00,594.48,433.56,227.83,205.74,,,1028.04,800.22,2.15,184.00,305.00,1.23,19481600,2026-09-18T06:10:43Z
A,orig,2f_top100,async_win,128,5,0,0.00,100.00,597.12,443.35,228.50,148.91,65.94,98.00,1040.47,746.03,2.14,184.00,306.00,1.23,19481872,2026-09-18T06:10:44Z
A,orig,2f_top100,async_bulk,128,5,0,0.00,100.00,599.01,428.89,226.85,136.03,66.01,98.00,1027.90,735.04,2.15,184.00,306.00,1.23,19482048,2026-09-18T06:10:44Z
A,orig,2f_top500,pread,128,5,0,0.00,100.00,658.37,22373.23,226.90,22146.33,,,23031.60,22804.70,2.04,165.00,427.00,1.23,19482828,2026-09-18T06:10:44Z
A,orig,2f_top500,async,128,5,0,0.00,100.00,720.13,1103.38,225.01,878.37,,,1823.51,1598.50,2.10,181.00,383.00,1.23,19466700,2026-09-18T06:10:45Z
A,orig,2f_top500,async_win,128,5,0,0.00,98.60,591.09,1435.79,551.56,506.35,377.88,438.00,2026.88,1097.44,2.12,181.00,387.00,1.23,19466940,2026-09-18T06:10:45Z
A,orig,2f_top500,async_bulk,128,5,0,0.00,100.00,595.34,1004.72,226.77,685.86,92.09,438.00,1600.06,1281.20,2.13,181.00,386.00,1.23,19469316,2026-09-18T06:10:45Z
A,orig,2f_slru,pread,128,5,0,0.00,100.00,96.61,17956.47,227.53,17728.94,,,18053.08,17825.55,1.53,0.00,278.00,1.23,19485520,2026-09-18T06:10:46Z
A,orig,2f_slru,async,128,5,0,0.00,100.00,100.16,7550.12,226.30,7323.83,,,7650.28,7423.99,1.56,0.00,278.00,1.23,19482068,2026-09-18T06:10:46Z
A,orig,2f_slru,async_win,128,5,0,0.00,92.80,101.86,2789.67,227.24,2160.44,402.00,139.00,2891.53,2262.30,1.56,0.00,278.00,1.23,19482652,2026-09-18T06:10:46Z
A,orig,2f_slru,async_bulk,128,5,0,0.00,1.40,839.65,709.23,225.65,80.56,403.03,2.00,1548.88,920.21,2.19,188.00,245.00,1.23,19484808,2026-09-18T06:10:46Z
A,orig,leaf_freq_K10,pread,128,5,0,0.00,100.00,937.63,1149.80,226.07,923.73,,,2087.43,1861.36,2.14,192.00,247.00,1.23,19486076,2026-09-18T06:10:47Z
A,orig,leaf_freq_K10,async,128,5,0,0.00,100.00,904.33,301.88,226.48,75.40,,,1206.21,979.73,2.18,192.00,247.00,1.23,19485996,2026-09-18T06:10:47Z
A,orig,leaf_freq_K10,async_win,128,5,0,0.00,100.00,904.55,300.76,226.47,13.88,60.41,10.00,1205.31,918.43,2.18,192.00,247.00,1.23,19485932,2026-09-18T06:10:47Z
A,orig,leaf_freq_K10,async_bulk,128,5,0,0.00,100.00,934.10,303.28,226.74,15.14,61.41,10.00,1237.38,949.24,2.16,192.00,247.00,1.23,19485484,2026-09-18T06:10:48Z
A,orig,leaf_rand_K10,pread,128,5,0,0.00,100.00,839.55,1149.18,222.68,926.50,,,1988.73,1766.05,2.09,190.00,246.00,1.21,19486148,2026-09-18T06:10:48Z
A,orig,leaf_rand_K10,async,128,5,0,0.00,100.00,865.02,302.48,227.02,75.46,,,1167.50,940.48,2.14,190.00,246.00,1.21,19486200,2026-09-18T06:10:48Z
A,orig,leaf_rand_K10,async_win,128,5,0,0.00,100.00,857.97,304.24,228.86,14.30,61.09,10.00,1162.21,872.27,2.19,190.00,246.00,1.21,19485908,2026-09-18T06:10:49Z
A,orig,leaf_rand_K10,async_bulk,128,5,0,0.00,100.00,869.55,305.75,223.38,15.06,67.31,10.00,1175.30,884.61,2.23,190.00,246.00,1.21,19486316,2026-09-18T06:10:49Z
A,orig,learned_markov_14,pread,128,5,0,0.00,100.00,570.54,1479.33,227.11,1252.22,,,2049.87,1822.76,2.15,187.00,256.00,1.21,19486436,2026-09-18T06:10:49Z
A,orig,learned_markov_14,async,128,5,0,0.00,100.00,560.51,306.21,225.62,80.58,,,866.72,641.09,2.14,187.00,256.00,1.21,19486920,2026-09-18T06:10:50Z
A,orig,learned_markov_14,async_win,128,5,0,0.00,100.00,534.50,314.86,228.71,22.48,63.67,13.00,849.36,556.98,2.20,187.00,256.00,1.21,19475032,2026-09-18T06:10:50Z
A,orig,learned_markov_14,async_bulk,128,5,0,0.00,100.00,592.23,310.65,228.03,21.27,61.36,13.00,902.88,613.50,2.12,187.00,256.00,1.21,19475936,2026-09-18T06:10:50Z
A,orig,learned_markov_28,pread,128,5,0,0.00,100.00,530.57,2689.54,227.29,2462.25,,,3220.11,2992.82,2.14,187.00,260.00,1.21,19476524,2026-09-18T06:10:51Z
A,orig,learned_markov_28,async,128,5,0,0.00,100.00,542.44,333.43,230.33,103.09,,,875.87,645.53,2.16,187.00,259.00,1.21,19476884,2026-09-18T06:10:51Z
A,orig,learned_markov_28,async_win,128,5,0,0.00,100.00,568.88,330.16,228.88,38.73,62.55,26.00,899.04,607.61,2.15,187.00,259.00,1.21,19476584,2026-09-18T06:10:51Z
A,orig,learned_markov_28,async_bulk,128,5,0,0.00,100.00,534.24,324.04,225.55,37.07,61.41,26.00,858.28,571.31,2.19,187.00,259.00,1.21,19477132,2026-09-18T06:10:52Z
B,orig,layers_5,pread,128,5,0,0.00,100.00,978.55,706.64,247.68,458.96,,,1685.19,1437.51,2.18,192.00,254.00,1.21,19478424,2026-09-18T06:10:52Z
B,orig,layers_5,async,128,5,0,0.00,100.00,1013.53,296.76,227.45,69.31,,,1310.29,1082.84,2.21,193.00,254.00,1.21,19477272,2026-09-18T06:10:52Z
B,orig,layers_5,async_win,128,5,0,0.00,100.00,1009.72,296.97,227.63,7.70,61.64,2.00,1306.69,1017.42,2.17,193.00,254.00,1.21,19478928,2026-09-18T06:10:53Z
B,orig,layers_5,async_bulk,128,5,0,0.00,100.00,966.84,294.33,226.70,6.99,60.64,2.00,1261.17,973.83,2.16,193.00,254.00,1.20,19474800,2026-09-18T06:10:53Z
B,orig,layers_92,pread,128,5,0,0.00,100.00,660.22,7974.58,230.75,7743.83,,,8634.80,8404.05,2.17,193.00,261.00,1.20,19475640,2026-09-18T06:10:53Z
B,orig,layers_92,async,128,5,0,0.00,100.00,753.99,418.31,226.38,191.93,,,1172.30,945.92,2.20,194.00,260.00,1.20,19476664,2026-09-18T06:10:54Z
B,orig,layers_92,async_win,128,5,0,0.00,100.00,630.05,413.73,227.02,120.98,65.73,87.00,1043.78,751.03,2.21,194.00,260.00,1.20,19476068,2026-09-18T06:10:54Z
B,orig,layers_92,async_bulk,128,5,0,0.00,100.00,665.31,433.81,231.84,137.44,64.53,87.00,1099.12,802.75,2.21,194.00,260.00,1.20,19477424,2026-09-18T06:10:54Z
B,orig,2d,pread,128,5,0,0.00,100.00,546.45,2028.94,232.76,1796.19,,,2575.39,2342.64,2.22,193.00,260.00,1.20,19477816,2026-09-18T06:10:55Z
B,orig,2d,async,128,5,0,0.00,100.00,662.47,311.57,226.57,85.00,,,974.04,747.47,2.21,194.00,260.00,1.20,19477356,2026-09-18T06:10:55Z
B,orig,2d,async_win,128,5,0,0.00,100.00,659.98,307.87,224.82,21.64,61.41,13.00,967.85,681.62,2.20,194.00,260.00,1.20,19468020,2026-09-18T06:10:55Z
B,orig,2d,async_bulk,128,5,0,0.00,100.00,660.77,316.19,229.60,22.54,64.05,13.00,976.96,683.31,2.25,194.00,260.00,1.20,19469264,2026-09-18T06:10:56Z
B,orig,2e_K10,pread,128,5,0,0.00,100.00,666.47,2769.78,226.96,2542.82,,,3436.25,3209.29,2.21,193.00,261.00,1.20,19469944,2026-09-18T06:10:56Z
B,orig,2e_K10,async,128,5,0,0.00,100.00,660.04,328.67,226.07,102.59,,,988.71,762.63,2.21,194.00,260.00,1.20,19489640,2026-09-18T06:10:56Z
B,orig,2e_K10,async_win,128,5,0,0.00,100.00,671.08,324.58,226.94,33.74,63.90,23.00,995.66,704.82,2.21,194.00,260.00,1.20,19490408,2026-09-18T06:10:57Z
B,orig,2e_K10,async_bulk,128,5,0,0.00,100.00,658.38,327.20,227.55,37.40,62.26,23.00,985.58,695.78,2.20,194.00,260.00,1.20,19489368,2026-09-18T06:10:57Z
B,orig,2e_K500,pread,128,5,0,0.00,100.00,181.81,18738.11,226.26,18511.84,,,18919.92,18693.65,2.10,173.00,395.00,1.20,19489220,2026-09-18T06:10:57Z
B,orig,2e_K500,async,128,5,0,0.00,100.00,191.16,1085.37,228.48,856.89,,,1276.53,1048.05,2.14,183.00,330.00,1.20,19490608,2026-09-18T06:10:58Z
B,orig,2e_K500,async_win,128,5,0,0.00,100.00,182.93,1058.03,227.61,738.65,91.77,449.00,1240.96,921.58,2.15,183.00,333.00,1.26,19490580,2026-09-18T06:10:58Z
B,orig,2e_K500,async_bulk,128,5,0,0.00,100.00,186.31,1055.73,224.64,740.90,90.19,449.00,1242.04,927.21,2.16,183.00,335.00,1.26,19491960,2026-09-18T06:10:58Z
B,orig,2f_top14,pread,128,5,0,0.00,100.00,664.89,1483.77,228.14,1255.63,,,2148.66,1920.52,2.22,194.00,260.00,1.26,19492616,2026-09-18T06:10:59Z
B,orig,2f_top14,async,128,5,0,0.00,100.00,662.67,304.18,225.41,78.77,,,966.85,741.44,2.20,194.00,260.00,1.26,19492236,2026-09-18T06:10:59Z
B,orig,2f_top14,async_win,128,5,0,0.00,100.00,630.71,308.38,226.67,20.14,61.58,13.00,939.09,650.85,2.20,194.00,260.00,1.26,19491816,2026-09-18T06:10:59Z
B,orig,2f_top14,async_bulk,128,5,0,0.00,100.00,662.28,313.27,226.72,24.49,62.07,13.00,975.55,686.77,2.18,194.00,260.00,1.26,19492824,2026-09-18T06:10:59Z
B,orig,2f_top28,pread,128,5,0,0.00,100.00,531.05,2650.39,225.90,2424.50,,,3181.44,2955.55,2.14,193.00,261.00,1.26,19492944,2026-09-18T06:11:00Z
B,orig,2f_top28,async,128,5,0,0.00,100.00,638.11,328.75,216.59,112.16,,,966.86,750.27,2.25,194.00,259.00,1.26,19492348,2026-09-18T06:11:00Z
B,orig,2f_top28,async_win,128,5,0,0.00,100.00,661.48,327.73,225.94,39.88,61.91,27.00,989.21,701.36,2.22,194.00,259.00,1.26,19478908,2026-09-18T06:11:00Z
B,orig,2f_top28,async_bulk,128,5,0,0.00,100.00,660.81,329.53,226.92,40.09,62.52,27.00,990.34,700.90,2.18,194.00,259.00,1.26,19481684,2026-09-18T06:11:01Z
B,orig,2f_top100,pread,128,5,0,0.00,100.00,187.45,10162.70,233.55,9929.16,,,10350.15,10116.61,2.25,191.00,283.00,1.26,19482028,2026-09-18T06:11:01Z
B,orig,2f_top100,async,128,5,0,0.00,100.00,182.01,439.93,227.72,212.21,,,621.94,394.22,2.21,193.00,275.00,1.26,19465792,2026-09-18T06:11:01Z
B,orig,2f_top100,async_win,128,5,0,0.00,100.00,184.73,427.27,227.06,134.06,66.15,94.00,612.00,318.79,2.17,193.00,274.00,1.26,19466076,2026-09-18T06:11:02Z
B,orig,2f_top100,async_bulk,128,5,0,0.00,100.00,188.19,1447.16,1256.54,121.71,68.91,94.00,1635.35,309.90,2.21,193.00,273.00,1.26,19470032,2026-09-18T06:11:02Z
B,orig,2f_top500,pread,128,5,0,0.00,100.00,183.68,18357.08,226.54,18130.54,,,18540.76,18314.22,2.12,173.00,396.00,1.26,19473192,2026-09-18T06:11:02Z
B,orig,2f_top500,async,128,5,0,0.00,100.00,184.84,1105.92,227.79,878.13,,,1290.76,1062.97,2.12,183.00,334.00,1.26,19473148,2026-09-18T06:11:03Z
B,orig,2f_top500,async_win,128,5,0,0.00,100.00,862.65,986.83,226.16,674.43,86.23,438.00,1849.48,1537.08,2.15,183.00,331.00,1.32,19473188,2026-09-18T06:11:03Z
B,orig,2f_top500,async_bulk,128,5,0,0.00,100.00,182.98,1058.16,226.69,740.59,90.88,438.00,1241.14,923.57,2.13,183.00,336.00,1.32,19477464,2026-09-18T06:11:03Z
B,orig,2f_slru,pread,128,5,0,0.00,100.00,96.65,18551.63,227.50,18324.14,,,18648.28,18420.79,1.57,0.00,278.00,1.32,19477880,2026-09-18T06:11:04Z
B,orig,2f_slru,async,128,5,0,0.00,100.00,97.90,7379.13,226.95,7152.19,,,7477.03,7250.09,1.62,0.00,278.00,1.32,19475124,2026-09-18T06:11:04Z
B,orig,2f_slru,async_win,128,5,0,0.00,94.90,98.97,2722.79,226.00,2091.38,405.40,138.00,2821.76,2190.35,1.63,0.00,278.00,1.32,19476020,2026-09-18T06:11:04Z
B,orig,2f_slru,async_bulk,128,5,0,0.00,1.40,849.90,731.76,228.33,81.30,422.12,2.00,1581.66,931.20,2.19,190.00,251.00,1.32,19478344,2026-09-18T06:11:05Z
B,orig,leaf_freq_K10,pread,128,5,0,0.00,100.00,1020.05,1026.06,223.42,802.64,,,2046.11,1822.69,2.18,192.00,251.00,1.32,19476092,2026-09-18T06:11:05Z
B,orig,leaf_freq_K10,async,128,5,0,0.00,100.00,2306.09,301.95,226.90,75.05,,,2608.04,2381.14,2.25,192.00,251.00,1.32,19481544,2026-09-18T06:11:05Z
B,orig,leaf_freq_K10,async_win,128,5,0,0.00,100.00,989.35,303.92,227.81,15.87,60.24,10.00,1293.27,1005.22,2.21,192.00,251.00,1.32,19484308,2026-09-18T06:11:06Z
B,orig,leaf_freq_K10,async_bulk,128,5,0,0.00,100.00,984.43,297.28,225.94,15.15,56.19,10.00,1281.71,999.58,2.19,192.00,251.00,1.32,19462532,2026-09-18T06:11:06Z
B,orig,leaf_rand_K10,pread,128,5,0,0.00,100.00,806.58,1166.84,225.20,941.64,,,1973.42,1748.22,2.27,192.00,251.00,1.32,19464592,2026-09-18T06:11:06Z
B,orig,leaf_rand_K10,async,128,5,0,0.00,100.00,1024.90,304.30,228.84,75.46,,,1329.20,1100.36,2.22,192.00,251.00,1.32,19470044,2026-09-18T06:11:07Z
B,orig,leaf_rand_K10,async_win,128,5,0,0.00,100.00,987.46,301.27,225.61,15.20,60.45,10.00,1288.73,1002.66,2.17,192.00,251.00,1.32,19469524,2026-09-18T06:11:07Z
B,orig,leaf_rand_K10,async_bulk,128,5,0,0.00,100.00,946.88,308.53,230.35,15.96,62.22,10.00,1255.41,962.84,2.19,192.00,251.00,1.32,19473332,2026-09-18T06:11:07Z
B,orig,learned_markov_14,pread,128,5,0,0.00,100.00,664.98,1351.38,187.60,1163.78,,,2016.36,1828.76,2.20,194.00,259.00,1.32,19476556,2026-09-18T06:11:07Z
B,orig,learned_markov_14,async,128,5,0,0.00,100.00,663.99,270.64,187.07,83.57,,,934.63,747.56,2.17,194.00,259.00,1.32,19474700,2026-09-18T06:11:08Z
B,orig,learned_markov_14,async_win,128,5,0,0.00,100.00,661.07,272.07,187.23,22.27,62.57,13.00,933.14,683.34,2.22,194.00,259.00,1.29,19476700,2026-09-18T06:11:08Z
B,orig,learned_markov_14,async_bulk,128,5,0,0.00,100.00,662.70,268.10,187.29,19.77,61.05,13.00,930.80,682.47,2.20,194.00,259.00,1.29,19477992,2026-09-18T06:11:08Z
B,orig,learned_markov_28,pread,128,5,0,0.00,100.00,662.18,2599.53,236.84,2362.68,,,3261.71,3024.86,2.19,193.00,264.00,1.29,19478684,2026-09-18T06:11:09Z
B,orig,learned_markov_28,async,128,5,0,0.00,100.00,662.25,298.82,199.35,99.47,,,961.07,761.72,2.21,193.00,265.00,1.29,19478172,2026-09-18T06:11:09Z
B,orig,learned_markov_28,async_win,128,5,0,0.00,100.00,659.28,334.74,233.97,38.95,61.82,26.00,994.02,698.23,2.14,193.00,264.00,1.29,19478740,2026-09-18T06:11:09Z
B,orig,learned_markov_28,async_bulk,128,5,0,0.00,100.00,634.69,328.72,229.32,37.38,62.02,26.00,963.41,672.07,2.20,193.00,264.00,1.29,19479096,2026-09-18T06:11:10Z
C,orig,layers_5,pread,128,5,0,0.00,100.00,987.60,637.26,189.38,447.88,,,1624.86,1435.48,1.57,20.00,28.00,1.29,19478732,2026-09-18T06:11:10Z
C,orig,layers_5,async,128,5,0,0.00,100.00,1023.47,262.95,193.97,68.99,,,1286.42,1092.46,1.59,20.00,28.00,1.29,19481036,2026-09-18T06:11:10Z
C,orig,layers_5,async_win,128,5,0,0.00,100.00,974.51,257.20,189.29,8.05,59.87,2.00,1231.71,982.56,1.59,20.00,28.00,1.29,19480336,2026-09-18T06:11:11Z
C,orig,layers_5,async_bulk,128,5,0,0.00,100.00,991.62,258.14,188.99,7.73,61.43,2.00,1249.76,999.35,1.57,20.00,28.00,1.29,19468324,2026-09-18T06:11:11Z
C,orig,layers_92,pread,128,5,0,0.00,100.00,629.53,7978.74,185.92,7792.82,,,8608.27,8422.35,1.60,20.00,30.00,1.29,19468228,2026-09-18T06:11:11Z
C,orig,layers_92,async,128,5,0,0.00,100.00,637.44,400.42,189.11,211.32,,,1037.86,848.76,1.60,20.00,30.00,1.29,19469896,2026-09-18T06:11:11Z
C,orig,layers_92,async_win,128,5,0,0.00,100.00,670.20,368.40,187.08,116.03,65.29,87.00,1038.60,786.23,1.60,20.00,30.00,1.29,19471056,2026-09-18T06:11:12Z
C,orig,layers_92,async_bulk,128,5,0,0.00,100.00,658.55,375.64,185.53,124.88,65.22,87.00,1034.19,783.43,1.62,20.00,30.00,1.29,19471356,2026-09-18T06:11:12Z
C,orig,2d,pread,128,5,0,0.00,100.00,668.02,548.49,187.56,360.93,,,1216.51,1028.95,1.60,20.00,30.00,1.29,19474840,2026-09-18T06:11:12Z
C,orig,2d,async,128,5,0,0.00,100.00,603.59,257.89,187.44,70.45,,,861.48,674.04,1.58,20.00,30.00,1.29,19475936,2026-09-18T06:11:12Z
C,orig,2d,async_win,128,5,0,0.00,100.00,666.98,261.42,191.59,8.15,61.68,2.00,928.40,675.13,1.59,20.00,30.00,1.29,19475880,2026-09-18T06:11:13Z
C,orig,2d,async_bulk,128,5,0,0.00,100.00,637.81,254.76,187.09,7.34,60.32,2.00,892.57,645.15,1.61,20.00,30.00,1.27,19476532,2026-09-18T06:11:13Z
C,orig,2e_K10,pread,128,5,0,0.00,100.00,656.65,1302.99,184.83,1118.16,,,1959.64,1774.81,1.60,19.00,36.00,1.27,19480588,2026-09-18T06:11:13Z
C,orig,2e_K10,async,128,5,0,0.00,100.00,636.92,266.99,188.19,78.80,,,903.91,715.72,1.59,20.00,33.00,1.27,19479984,2026-09-18T06:11:13Z
C,orig,2e_K10,async_win,128,5,0,0.00,100.00,666.13,264.12,186.96,15.20,61.96,8.00,930.25,681.33,1.60,20.00,33.00,1.27,19480536,2026-09-18T06:11:14Z
C,orig,2e_K10,async_bulk,128,5,0,0.00,100.00,595.46,263.94,186.61,16.71,60.61,8.00,859.40,612.17,1.59,20.00,33.00,1.27,19477708,2026-09-18T06:11:14Z
C,orig,2e_K500,pread,128,5,0,0.00,100.00,184.09,2476.20,186.29,2289.91,,,2660.29,2474.00,1.55,0.00,37.00,1.27,19482424,2026-09-18T06:11:14Z
C,orig,2e_K500,async,128,5,0,0.00,71.30,186.77,676.74,190.98,485.76,,,863.51,672.53,1.54,0.00,37.00,1.27,19482392,2026-09-18T06:11:15Z
C,orig,2e_K500,async_win,128,5,0,0.00,100.00,183.09,486.48,186.77,217.68,82.02,90.00,669.57,400.77,1.55,0.00,37.00,1.27,19482688,2026-09-18T06:11:15Z
C,orig,2e_K500,async_bulk,128,5,0,0.00,59.20,180.22,513.28,182.09,246.93,84.26,90.00,693.50,427.15,1.55,0.00,37.00,1.27,19483148,2026-09-18T06:11:15Z
C,orig,2f_top14,pread,128,5,0,0.00,100.00,665.85,1289.93,188.40,1101.53,,,1955.78,1767.38,1.59,17.00,38.00,1.27,19484216,2026-09-18T06:11:15Z
C,orig,2f_top14,async,128,5,0,0.00,100.00,542.95,263.67,185.98,77.69,,,806.62,620.64,1.58,20.00,36.00,1.27,19484652,2026-09-18T06:11:16Z
C,orig,2f_top14,async_win,128,5,0,0.00,100.00,631.69,266.77,188.47,17.08,61.23,9.00,898.46,648.77,1.59,20.00,35.00,1.27,19484404,2026-09-18T06:11:16Z
C,orig,2f_top14,async_bulk,128,5,0,0.00,100.00,634.57,264.97,186.93,17.69,60.34,9.00,899.54,652.26,1.60,20.00,35.00,1.27,19467464,2026-09-18T06:11:16Z
C,orig,2f_top28,pread,128,5,0,0.00,100.00,667.55,1265.31,186.32,1078.99,,,1932.86,1746.54,1.60,18.00,37.00,1.27,19471188,2026-09-18T06:11:16Z
C,orig,2f_top28,async,128,5,0,0.00,100.00,638.39,286.60,187.54,99.06,,,924.99,737.45,1.61,19.00,35.00,1.27,19492380,2026-09-18T06:11:17Z
C,orig,2f_top28,async_win,128,5,0,0.00,100.00,668.00,277.28,187.73,27.10,62.45,13.00,945.28,695.10,1.61,19.00,35.00,1.27,19491896,2026-09-18T06:11:17Z
C,orig,2f_top28,async_bulk,128,5,0,0.00,100.00,610.92,280.10,186.95,31.35,61.80,13.00,891.02,642.27,1.60,19.00,35.00,1.27,19491852,2026-09-18T06:11:17Z
C,orig,2f_top100,pread,128,5,0,0.00,100.00,556.19,1323.14,186.98,1136.15,,,1879.33,1692.34,1.58,12.00,38.00,1.27,19492464,2026-09-18T06:11:17Z
C,orig,2f_top100,async,128,5,0,0.00,100.00,565.05,373.86,186.97,186.89,,,938.91,751.94,1.61,14.00,36.00,1.27,19492340,2026-09-18T06:11:18Z
C,orig,2f_top100,async_win,128,5,0,0.00,92.00,651.60,321.41,184.90,70.89,65.62,32.00,973.01,722.49,1.58,14.00,36.00,1.33,19492968,2026-09-18T06:11:18Z
C,orig,2f_top100,async_bulk,128,5,0,0.00,100.00,530.24,335.11,186.22,83.54,65.35,32.00,865.35,613.78,1.58,14.00,37.00,1.33,19494888,2026-09-18T06:11:18Z
C,orig,2f_top500,pread,128,5,0,0.00,100.00,94.92,2929.15,186.68,2742.47,,,3024.07,2837.39,1.53,0.00,37.00,1.33,19494864,2026-09-18T06:11:18Z
C,orig,2f_top500,async,128,5,0,0.00,100.00,94.76,988.41,188.65,799.76,,,1083.17,894.52,1.51,0.00,37.00,1.33,19494704,2026-09-18T06:11:19Z
C,orig,2f_top500,async_win,128,5,0,0.00,100.00,95.79,486.13,187.43,209.14,89.56,15.00,581.92,304.93,1.54,0.00,37.00,1.33,19497244,2026-09-18T06:11:19Z
C,orig,2f_top500,async_bulk,128,5,0,0.00,13.60,922.77,314.47,183.71,41.50,89.27,2.00,1237.24,964.27,1.59,19.00,30.00,1.33,19498368,2026-09-18T06:11:19Z
C,orig,2f_slru,pread,128,5,0,0.00,100.00,93.55,3048.23,187.68,2860.55,,,3141.78,2954.10,1.51,0.00,37.00,1.33,19498736,2026-09-18T06:11:20Z
C,orig,2f_slru,async,128,5,0,0.00,100.00,95.80,995.22,184.95,810.27,,,1091.02,906.07,1.52,0.00,37.00,1.33,19499240,2026-09-18T06:11:20Z
C,orig,2f_slru,async_win,128,5,0,0.00,100.00,95.91,487.47,187.30,210.79,89.38,15.00,583.38,306.70,1.52,0.00,37.00,1.33,19501468,2026-09-18T06:11:20Z
C,orig,2f_slru,async_bulk,128,5,0,0.00,13.60,919.58,316.56,186.01,41.93,88.63,2.00,1236.14,961.51,1.57,19.00,30.00,1.33,19501680,2026-09-18T06:11:20Z
C,orig,leaf_freq_K10,pread,128,5,0,0.00,100.00,1154.60,889.30,187.33,701.97,,,2043.90,1856.57,1.59,19.00,33.00,1.33,19501228,2026-09-18T06:11:21Z
C,orig,leaf_freq_K10,async,128,5,0,0.00,100.00,1103.10,262.34,186.94,75.40,,,1365.44,1178.50,1.58,20.00,31.00,1.33,19501704,2026-09-18T06:11:21Z
C,orig,leaf_freq_K10,async_win,128,5,0,0.00,100.00,1024.84,260.67,186.44,12.82,61.41,6.00,1285.51,1037.66,1.59,20.00,31.00,1.33,19500376,2026-09-18T06:11:21Z
C,orig,leaf_freq_K10,async_bulk,128,5,0,0.00,100.00,1003.68,257.79,184.85,12.18,60.76,6.00,1261.47,1015.86,1.58,20.00,31.00,1.33,19478100,2026-09-18T06:11:21Z
C,orig,leaf_rand_K10,pread,128,5,0,0.00,100.00,1022.31,1020.38,184.56,835.82,,,2042.69,1858.13,1.60,20.00,28.00,1.33,19490608,2026-09-18T06:11:22Z
C,orig,leaf_rand_K10,async,128,5,0,0.00,100.00,955.16,264.47,182.44,82.03,,,1219.63,1037.19,1.60,20.00,28.00,1.33,19481372,2026-09-18T06:11:22Z
C,orig,leaf_rand_K10,async_win,128,5,0,0.00,100.00,1055.28,263.15,186.58,15.30,61.27,10.00,1318.43,1070.58,1.58,20.00,28.00,1.33,19481224,2026-09-18T06:11:22Z
C,orig,leaf_rand_K10,async_bulk,128,5,0,0.00,100.00,1002.72,261.00,184.79,14.73,61.48,10.00,1263.72,1017.45,1.57,20.00,28.00,1.33,19481712,2026-09-18T06:11:22Z
C,orig,learned_markov_14,pread,128,5,0,0.00,100.00,666.75,1274.30,187.68,1086.61,,,1941.05,1753.36,1.57,17.00,37.00,1.33,19481872,2026-09-18T06:11:23Z
C,orig,learned_markov_14,async,128,5,0,0.00,100.00,507.40,274.69,193.10,81.58,,,782.09,588.98,1.59,20.00,35.00,1.30,19481756,2026-09-18T06:11:23Z
C,orig,learned_markov_14,async_win,128,5,0,0.00,100.00,601.42,263.25,185.21,16.49,61.56,9.00,864.67,617.91,1.59,20.00,35.00,1.30,19482820,2026-09-18T06:11:23Z
C,orig,learned_markov_14,async_bulk,128,5,0,0.00,100.00,670.52,266.37,187.64,16.41,62.32,9.00,936.89,686.93,1.63,20.00,36.00,1.30,19482572,2026-09-18T06:11:23Z
C,orig,learned_markov_28,pread,128,5,0,0.00,100.00,668.49,1284.80,188.44,1096.35,,,1953.29,1764.84,1.58,18.00,36.00,1.30,19484528,2026-09-18T06:11:24Z
C,orig,learned_markov_28,async,128,5,0,0.00,100.00,540.17,288.16,185.68,102.48,,,828.33,642.65,1.57,19.00,36.00,1.30,19485184,2026-09-18T06:11:24Z
C,orig,learned_markov_28,async_win,128,5,0,0.00,100.00,631.83,275.19,186.30,25.94,62.95,13.00,907.02,657.77,1.58,19.00,35.00,1.30,19485600,2026-09-18T06:11:24Z
C,orig,learned_markov_28,async_bulk,128,5,0,0.00,100.00,539.99,278.78,186.74,30.06,61.99,13.00,818.77,570.05,1.60,19.00,35.00,1.30,19485336,2026-09-18T06:11:25Z
C_hit,orig,layers_5,pread,128,5,0,0.00,100.00,980.15,634.39,185.92,448.47,,,1614.54,1428.62,1.69,41.00,57.00,1.30,19485072,2026-09-18T06:11:25Z
C_hit,orig,layers_5,async,128,5,0,0.00,100.00,972.88,266.42,183.15,83.27,,,1239.30,1056.15,1.68,41.00,57.00,1.30,19485708,2026-09-18T06:11:25Z
C_hit,orig,layers_5,async_win,128,5,0,0.00,100.00,1021.07,260.57,188.75,7.01,64.80,2.00,1281.64,1028.08,1.68,41.00,57.00,1.30,19485764,2026-09-18T06:11:25Z
C_hit,orig,layers_5,async_bulk,128,5,0,0.00,100.00,974.10,254.03,185.85,6.87,61.30,2.00,1228.13,980.97,1.65,41.00,57.00,1.30,19485116,2026-09-18T06:11:26Z
C_hit,orig,layers_92,pread,128,5,0,0.00,100.00,835.55,9484.10,1265.27,8218.83,,,10319.65,9054.38,1.66,39.00,60.00,1.30,19486064,2026-09-18T06:11:26Z
C_hit,orig,layers_92,async,128,5,0,0.00,100.00,627.54,402.83,188.66,214.16,,,1030.37,841.70,1.67,39.00,60.00,1.30,19485944,2026-09-18T06:11:26Z
C_hit,orig,layers_92,async_win,128,5,0,0.00,100.00,658.09,369.26,189.43,112.93,66.91,87.00,1027.35,771.02,1.81,39.00,60.00,1.30,19487368,2026-09-18T06:11:26Z
C_hit,orig,layers_92,async_bulk,128,5,0,0.00,100.00,626.24,375.00,186.98,121.61,66.42,87.00,1001.24,747.85,1.66,39.00,60.00,1.30,19464952,2026-09-18T06:11:27Z
C_hit,orig,2d,pread,128,5,0,0.00,100.00,606.18,622.89,186.06,436.83,,,1229.07,1043.01,1.65,39.00,60.00,1.30,19465840,2026-09-18T06:11:27Z
C_hit,orig,2d,async,128,5,0,0.00,100.00,629.15,257.19,187.26,69.93,,,886.34,699.08,1.69,39.00,60.00,1.30,19467924,2026-09-18T06:11:27Z
C_hit,orig,2d,async_win,128,5,0,0.00,100.00,611.10,282.80,212.78,8.40,61.63,3.00,893.90,619.50,1.66,39.00,60.00,1.30,19468024,2026-09-18T06:11:28Z
C_hit,orig,2d,async_bulk,128,5,0,0.00,100.00,637.34,254.04,185.25,7.74,61.05,3.00,891.38,645.08,1.67,39.00,60.00,1.30,19468688,2026-09-18T06:11:28Z
C_hit,orig,2e_K10,pread,128,5,0,0.00,100.00,574.17,1172.08,185.04,987.04,,,1746.25,1561.21,1.66,37.00,61.00,1.28,19470064,2026-09-18T06:11:28Z
C_hit,orig,2e_K10,async,128,5,0,0.00,100.00,600.43,268.99,187.00,81.98,,,869.42,682.41,1.66,39.00,61.00,1.28,19469220,2026-09-18T06:11:28Z
C_hit,orig,2e_K10,async_win,128,5,0,0.00,100.00,606.04,265.39,186.92,16.49,61.98,6.00,871.43,622.53,1.66,39.00,61.00,1.28,19469232,2026-09-18T06:11:29Z
C_hit,orig,2e_K10,async_bulk,128,5,0,0.00,100.00,604.12,268.35,190.83,14.97,62.56,6.00,872.47,619.09,1.68,39.00,61.00,1.28,19469564,2026-09-18T06:11:29Z
C_hit,orig,2e_K500,pread,128,5,0,0.00,100.00,190.69,3328.09,183.38,3144.70,,,3518.78,3335.39,1.56,10.00,60.00,1.28,19471720,2026-09-18T06:11:29Z
C_hit,orig,2e_K500,async,128,5,0,0.00,56.00,187.61,870.90,190.71,680.19,,,1058.51,867.80,1.59,11.00,59.00,1.28,19471456,2026-09-18T06:11:29Z
C_hit,orig,2e_K500,async_win,128,5,0,0.00,39.00,183.01,651.27,184.32,374.74,92.22,139.00,834.28,557.75,1.57,11.00,59.00,1.28,19471624,2026-09-18T06:11:30Z
C_hit,orig,2e_K500,async_bulk,128,5,0,0.00,39.00,182.27,1746.31,1287.58,364.57,94.16,139.00,1928.58,546.84,1.57,11.00,59.00,1.28,19471140,2026-09-18T06:11:30Z
C_hit,orig,2f_top14,pread,128,5,0,0.00,100.00,536.94,1055.18,182.37,872.81,,,1592.12,1409.75,1.68,37.00,61.00,1.28,19475640,2026-09-18T06:11:30Z
C_hit,orig,2f_top14,async,128,5,0,0.00,100.00,605.13,265.77,187.26,78.51,,,870.90,683.64,1.67,39.00,61.00,1.28,19475548,2026-09-18T06:11:30Z
C_hit,orig,2f_top14,async_win,128,5,0,0.00,100.00,627.31,262.02,186.18,13.41,62.44,6.00,889.33,640.72,1.67,39.00,61.00,1.28,19474648,2026-09-18T06:11:31Z
C_hit,orig,2f_top14,async_bulk,128,5,0,0.00,100.00,609.99,267.66,189.19,15.45,63.03,6.00,877.65,625.44,1.66,39.00,61.00,1.28,19475844,2026-09-18T06:11:31Z
C_hit,orig,2f_top28,pread,128,5,0,0.00,100.00,638.65,1069.47,187.52,881.95,,,1708.12,1520.60,1.66,36.00,61.00,1.28,19477668,2026-09-18T06:11:31Z
C_hit,orig,2f_top28,async,128,5,0,0.00,100.00,603.50,290.67,190.62,100.05,,,894.17,703.55,1.66,39.00,60.00,1.28,19477888,2026-09-18T06:11:32Z
C_hit,orig,2f_top28,async_win,128,5,0,0.00,100.00,513.46,273.88,187.39,23.75,62.73,8.00,787.34,537.21,1.71,39.00,60.00,1.28,19457660,2026-09-18T06:11:32Z
C_hit,orig,2f_top28,async_bulk,128,5,0,0.00,100.00,506.07,277.07,185.65,29.16,62.26,8.00,783.14,535.23,1.65,39.00,60.00,1.28,19463960,2026-09-18T06:11:32Z
C_hit,orig,2f_top100,pread,128,5,0,0.00,100.00,552.13,1349.78,189.61,1160.17,,,1901.91,1712.30,1.63,32.00,62.00,1.28,19467088,2026-09-18T06:11:32Z
C_hit,orig,2f_top100,async,128,5,0,0.00,100.00,532.02,393.58,184.04,209.54,,,925.60,741.56,1.65,34.00,62.00,1.28,19466776,2026-09-18T06:11:33Z
C_hit,orig,2f_top100,async_win,128,5,0,0.00,100.00,610.46,321.04,186.39,68.58,66.08,28.00,931.50,679.04,1.65,34.00,62.00,1.26,19467672,2026-09-18T06:11:33Z
C_hit,orig,2f_top100,async_bulk,128,5,0,0.00,100.00,615.43,330.21,182.96,81.65,65.59,28.00,945.64,697.08,1.63,34.00,62.00,1.26,19468528,2026-09-18T06:11:33Z
C_hit,orig,2f_top500,pread,128,5,0,0.00,100.00,181.78,4869.44,204.18,4665.26,,,5051.22,4847.04,1.57,10.00,60.00,1.26,19471804,2026-09-18T06:11:33Z
C_hit,orig,2f_top500,async,128,5,0,0.00,54.80,185.13,930.13,185.61,744.52,,,1115.26,929.65,1.58,11.00,60.00,1.26,19471368,2026-09-18T06:11:34Z
C_hit,orig,2f_top500,async_win,128,5,0,0.00,39.00,180.59,640.23,186.33,363.06,90.84,138.00,820.82,543.65,1.58,11.00,60.00,1.26,19474364,2026-09-18T06:11:34Z
C_hit,orig,2f_top500,async_bulk,128,5,0,0.00,32.80,186.61,621.46,193.58,336.86,91.01,138.00,808.07,523.47,1.58,11.00,60.00,1.26,19477544,2026-09-18T06:11:34Z
C_hit,orig,2f_slru,pread,128,5,0,0.00,100.00,91.43,4547.62,188.22,4359.40,,,4639.05,4450.83,1.54,0.00,62.00,1.26,19478096,2026-09-18T06:11:35Z
C_hit,orig,2f_slru,async,128,5,0,0.00,100.00,95.61,1570.15,186.33,1383.82,,,1665.76,1479.43,1.55,0.00,62.00,1.26,19477260,2026-09-18T06:11:35Z
C_hit,orig,2f_slru,async_win,128,5,0,0.00,100.00,97.66,780.34,188.01,464.08,128.24,29.00,878.00,561.74,1.54,0.00,62.00,1.26,19476136,2026-09-18T06:11:35Z
C_hit,orig,2f_slru,async_bulk,128,5,0,0.00,7.00,758.12,358.60,185.17,47.35,126.09,2.00,1116.72,805.47,1.69,40.00,56.00,1.26,19476736,2026-09-18T06:11:35Z
C_hit,orig,leaf_freq_K10,pread,128,5,0,0.00,100.00,597.71,783.24,190.02,593.23,,,1380.95,1190.94,1.69,39.00,57.00,1.26,19476888,2026-09-18T06:11:36Z
C_hit,orig,leaf_freq_K10,async,128,5,0,0.00,100.00,920.12,262.15,186.85,75.30,,,1182.27,995.42,1.67,41.00,57.00,1.26,19477576,2026-09-18T06:11:36Z
C_hit,orig,leaf_freq_K10,async_win,128,5,0,0.00,100.00,893.77,262.71,190.25,11.15,61.31,3.00,1156.48,904.92,1.67,41.00,57.00,1.26,19476788,2026-09-18T06:11:36Z
C_hit,orig,leaf_freq_K10,async_bulk,128,5,0,0.00,100.00,843.27,259.03,188.17,9.91,60.94,3.00,1102.30,853.18,1.68,41.00,57.00,1.26,19478564,2026-09-18T06:11:36Z
C_hit,orig,leaf_rand_K10,pread,128,5,0,0.00,100.00,983.99,1108.98,186.59,922.39,,,2092.97,1906.38,1.66,41.00,57.00,1.26,19478576,2026-09-18T06:11:37Z
C_hit,orig,leaf_rand_K10,async,128,5,0,0.00,100.00,985.94,269.79,193.33,76.45,,,1255.73,1062.39,1.69,41.00,57.00,1.26,19478692,2026-09-18T06:11:37Z
C_hit,orig,leaf_rand_K10,async_win,128,5,0,0.00,100.00,1018.40,261.32,184.85,16.07,60.40,10.00,1279.72,1034.47,1.69,41.00,57.00,1.26,19489844,2026-09-18T06:11:37Z
C_hit,orig,leaf_rand_K10,async_bulk,128,5,0,0.00,100.00,1976.46,275.57,198.62,14.00,62.95,10.00,2252.03,1990.46,1.75,41.00,57.00,1.26,19489932,2026-09-18T06:11:38Z
C_hit,orig,learned_markov_14,pread,128,5,0,0.00,100.00,633.70,1111.64,195.97,915.67,,,1745.34,1549.37,1.68,37.00,61.00,1.26,19489712,2026-09-18T06:11:38Z
C_hit,orig,learned_markov_14,async,128,5,0,0.00,100.00,513.35,265.24,186.94,78.30,,,778.59,591.65,1.68,39.00,61.00,1.24,19488572,2026-09-18T06:11:38Z
C_hit,orig,learned_markov_14,async_win,128,5,0,0.00,100.00,601.77,264.89,188.12,15.11,61.66,6.00,866.66,616.88,1.68,39.00,61.00,1.24,19490420,2026-09-18T06:11:38Z
C_hit,orig,learned_markov_14,async_bulk,128,5,0,0.00,100.00,603.24,265.94,189.53,15.69,60.72,6.00,869.18,618.93,1.66,39.00,61.00,1.24,19490800,2026-09-18T06:11:39Z
C_hit,orig,learned_markov_28,pread,128,5,0,0.00,100.00,538.12,1071.90,185.93,885.98,,,1610.02,1424.10,1.65,36.00,61.00,1.24,19488064,2026-09-18T06:11:39Z
C_hit,orig,learned_markov_28,async,128,5,0,0.00,100.00,603.01,288.03,187.96,100.07,,,891.04,703.08,1.68,39.00,60.00,1.24,19489520,2026-09-18T06:11:39Z
C_hit,orig,learned_markov_28,async_win,128,5,0,0.00,100.00,641.45,272.46,187.63,22.35,62.48,8.00,913.91,663.80,1.70,39.00,60.00,1.24,19490268,2026-09-18T06:11:39Z
C_hit,orig,learned_markov_28,async_bulk,128,5,0,0.00,100.00,513.77,274.96,185.70,27.22,62.04,8.00,788.73,540.99,1.68,39.00,60.00,1.24,19491012,2026-09-18T06:11:40Z
A,orig,baseline,baseline,128,6,0,0.00,0.00,877.92,0.00,0.00,0.00,,,877.92,877.92,2.21,190.00,246.00,1.24,19490376,2026-09-18T06:11:40Z
B,orig,baseline,baseline,128,6,0,0.00,0.00,907.91,0.00,0.00,0.00,,,907.91,907.91,2.18,192.00,251.00,1.24,19492412,2026-09-18T06:11:40Z
C,orig,baseline,baseline,128,6,0,0.00,0.00,1033.33,0.00,0.00,0.00,,,1033.33,1033.33,1.63,20.00,28.00,1.24,19491696,2026-09-18T06:11:41Z
C_hit,orig,baseline,baseline,128,6,0,0.00,0.00,1010.81,0.00,0.00,0.00,,,1010.81,1010.81,1.67,41.00,57.00,1.24,19492916,2026-09-18T06:11:41Z
A,orig,layers_5,pread,128,6,0,0.00,100.00,859.93,663.42,227.17,436.25,,,1523.35,1296.18,2.17,190.00,245.00,1.24,19492280,2026-09-18T06:11:41Z
A,orig,layers_5,async,128,6,0,0.00,100.00,1531.19,297.21,228.15,69.06,,,1828.40,1600.25,2.17,190.00,245.00,1.24,19492892,2026-09-18T06:11:42Z
A,orig,layers_5,async_win,128,6,0,0.00,100.00,867.81,297.34,228.58,7.67,61.09,2.00,1165.15,875.48,2.16,190.00,245.00,1.24,19492028,2026-09-18T06:11:42Z
A,orig,layers_5,async_bulk,128,6,0,0.00,100.00,895.59,294.38,226.31,7.67,60.40,2.00,1189.97,903.26,2.16,190.00,245.00,1.24,19491964,2026-09-18T06:11:42Z
A,orig,layers_92,pread,128,6,0,0.00,100.00,587.50,8304.61,226.20,8078.42,,,8892.11,8665.92,2.20,187.00,258.00,1.24,19467244,2026-09-18T06:11:43Z
A,orig,layers_92,async,128,6,0,0.00,100.00,568.49,439.42,227.66,211.76,,,1007.91,780.25,2.17,187.00,257.00,1.24,19467716,2026-09-18T06:11:43Z
A,orig,layers_92,async_win,128,6,0,0.00,100.00,534.39,416.12,225.35,125.60,65.17,87.00,950.51,659.99,2.11,187.00,257.00,1.22,19468812,2026-09-18T06:11:43Z
A,orig,layers_92,async_bulk,128,6,0,0.00,100.00,525.94,400.12,226.03,109.40,64.70,87.00,926.06,635.34,2.13,187.00,257.00,1.22,19469976,2026-09-18T06:11:43Z
A,orig,2d,pread,128,6,0,0.00,100.00,534.39,1884.56,226.45,1658.12,,,2418.95,2192.51,2.15,187.00,258.00,1.22,19469792,2026-09-18T06:11:44Z
A,orig,2d,async,128,6,0,0.00,100.00,540.94,327.00,239.06,87.94,,,867.94,628.88,2.19,187.00,257.00,1.22,19470552,2026-09-18T06:11:44Z
A,orig,2d,async_win,128,6,0,0.00,100.00,497.54,315.36,231.03,22.39,61.95,13.00,812.90,519.93,2.12,187.00,257.00,1.22,19471404,2026-09-18T06:11:44Z
A,orig,2d,async_bulk,128,6,0,0.00,100.00,573.36,309.87,227.09,21.40,61.39,13.00,883.23,594.76,2.17,187.00,257.00,1.22,19470612,2026-09-18T06:11:45Z
A,orig,2e_K10,pread,128,6,0,0.00,100.00,563.18,2750.06,220.72,2529.34,,,3313.24,3092.52,2.24,190.00,260.00,1.22,19471264,2026-09-18T06:11:45Z
A,orig,2e_K10,async,128,6,0,0.00,100.00,562.78,330.05,226.96,103.09,,,892.83,665.87,2.16,190.00,259.00,1.22,19470012,2026-09-18T06:11:45Z
A,orig,2e_K10,async_win,128,6,0,0.00,100.00,567.29,332.61,230.79,40.40,61.41,23.00,899.90,607.69,2.15,190.00,259.00,1.22,19470732,2026-09-18T06:11:46Z
A,orig,2e_K10,async_bulk,128,6,0,0.00,100.00,9252.89,323.08,227.35,33.07,62.66,23.00,9575.97,9285.96,2.25,190.00,259.00,1.22,19470724,2026-09-18T06:11:46Z
A,orig,2e_K500,pread,128,6,0,0.00,100.00,589.58,22218.91,227.62,21991.29,,,22808.49,22580.87,2.03,163.00,434.00,1.22,19471464,2026-09-18T06:11:46Z
A,orig,2e_K500,async,128,6,0,0.00,100.00,718.57,1130.57,226.28,904.29,,,1849.14,1622.86,2.14,181.00,382.00,1.22,19472036,2026-09-18T06:11:47Z
A,orig,2e_K500,async_win,128,6,0,0.00,100.00,712.82,1012.55,226.44,694.95,91.17,446.00,1725.37,1407.77,2.13,181.00,384.00,1.22,19471996,2026-09-18T06:11:47Z
A,orig,2e_K500,async_bulk,128,6,0,0.00,100.00,713.56,1058.67,228.00,737.83,92.84,446.00,1772.23,1451.39,2.11,181.00,385.00,1.22,19472304,2026-09-18T06:11:47Z
A,orig,2f_top14,pread,128,6,0,0.00,100.00,590.56,1416.27,227.32,1188.95,,,2006.83,1779.51,2.17,189.00,257.00,1.22,19464388,2026-09-18T06:11:48Z
A,orig,2f_top14,async,128,6,0,0.00,100.00,599.80,305.05,227.16,77.90,,,904.85,677.70,2.19,189.00,257.00,1.28,19464488,2026-09-18T06:11:48Z
A,orig,2f_top14,async_win,128,6,0,0.00,100.00,596.91,310.21,230.18,17.87,62.16,13.00,907.12,614.78,2.17,189.00,257.00,1.28,19464336,2026-09-18T06:11:48Z
A,orig,2f_top14,async_bulk,128,6,0,0.00,100.00,1434.24,310.73,227.92,19.73,63.09,13.00,1744.97,1453.97,2.19,189.00,257.00,1.28,19465272,2026-09-18T06:11:49Z
A,orig,2f_top28,pread,128,6,0,0.00,100.00,589.57,2801.83,225.39,2576.43,,,3391.40,3166.00,2.17,192.00,266.00,1.28,19464856,2026-09-18T06:11:49Z
A,orig,2f_top28,async,128,6,0,0.00,100.00,565.36,325.90,225.19,100.71,,,891.26,666.07,2.16,192.00,266.00,1.28,19466284,2026-09-18T06:11:49Z
A,orig,2f_top28,async_win,128,6,0,0.00,100.00,578.99,331.96,231.09,35.23,65.65,27.00,910.95,614.22,2.24,192.00,266.00,1.28,19466532,2026-09-18T06:11:50Z
A,orig,2f_top28,async_bulk,128,6,0,0.00,100.00,613.82,328.63,223.86,42.00,62.77,27.00,942.45,655.82,2.18,192.00,266.00,1.28,19466824,2026-09-18T06:11:50Z
A,orig,2f_top100,pread,128,6,0,0.00,100.00,600.01,8765.88,226.56,8539.32,,,9365.89,9139.33,2.15,184.00,307.00,1.28,19468000,2026-09-18T06:11:50Z
A,orig,2f_top100,async,128,6,0,0.00,0.00,533.09,1408.32,894.56,513.75,,,1941.41,1046.84,2.15,184.00,305.00,1.28,19467448,2026-09-18T06:11:51Z
A,orig,2f_top100,async_win,128,6,0,0.00,100.00,595.72,432.58,229.08,137.36,66.14,98.00,1028.30,733.08,2.16,184.00,306.00,1.28,19467932,2026-09-18T06:11:51Z
A,orig,2f_top100,async_bulk,128,6,0,0.00,100.00,532.89,429.39,225.27,138.31,65.80,98.00,962.28,671.20,2.12,184.00,306.00,1.28,19468740,2026-09-18T06:11:51Z
A,orig,2f_top500,pread,128,6,0,0.00,100.00,536.84,22039.29,228.26,21811.03,,,22576.13,22347.87,2.09,165.00,429.00,1.28,19468316,2026-09-18T06:11:52Z
A,orig,2f_top500,async,128,6,0,0.00,100.00,722.88,1098.59,226.87,871.72,,,1821.47,1594.60,2.13,181.00,386.00,1.28,19466784,2026-09-18T06:11:52Z
A,orig,2f_top500,async_win,128,6,0,0.00,100.00,719.36,1051.99,229.16,731.66,91.16,438.00,1771.35,1451.02,2.11,181.00,385.00,1.28,19466028,2026-09-18T06:11:52Z
A,orig,2f_top500,async_bulk,128,6,0,0.00,100.00,720.17,1015.97,228.20,696.62,91.15,438.00,1736.14,1416.79,2.12,181.00,390.00,1.28,19466572,2026-09-18T06:11:53Z
A,orig,2f_slru,pread,128,6,0,0.00,100.00,98.77,18689.10,227.75,18461.36,,,18787.87,18560.13,1.56,0.00,278.00,1.28,19461132,2026-09-18T06:11:53Z
A,orig,2f_slru,async,128,6,0,0.00,100.00,96.26,7476.61,227.43,7249.19,,,7572.87,7345.45,1.59,0.00,278.00,1.34,19450064,2026-09-18T06:11:53Z
A,orig,2f_slru,async_win,128,6,0,0.00,93.50,97.13,2774.27,226.70,2144.06,403.51,139.00,2871.40,2241.19,1.57,0.00,278.00,1.34,19451656,2026-09-18T06:11:53Z
A,orig,2f_slru,async_bulk,128,6,0,0.00,0.40,748.09,1968.67,765.53,82.05,1121.09,2.00,2716.76,830.14,2.17,188.00,245.00,1.34,19451712,2026-09-18T06:11:54Z
A,orig,leaf_freq_K10,pread,128,6,0,0.00,100.00,925.57,1152.64,225.85,926.78,,,2078.21,1852.35,2.19,192.00,247.00,1.34,19452248,2026-09-18T06:11:54Z
A,orig,leaf_freq_K10,async,128,6,0,0.00,100.00,843.68,299.77,225.83,73.94,,,1143.45,917.62,2.13,192.00,247.00,1.34,19453152,2026-09-18T06:11:54Z
A,orig,leaf_freq_K10,async_win,128,6,0,0.00,100.00,876.77,316.84,239.45,14.81,62.58,10.00,1193.61,891.58,2.22,192.00,247.00,1.34,19453076,2026-09-18T06:11:55Z
A,orig,leaf_freq_K10,async_bulk,128,6,0,0.00,100.00,938.25,298.46,223.74,14.07,60.65,10.00,1236.71,952.32,2.14,192.00,247.00,1.34,19452656,2026-09-18T06:11:55Z
A,orig,leaf_rand_K10,pread,128,6,0,0.00,100.00,867.41,1155.46,226.36,929.11,,,2022.87,1796.52,2.14,190.00,246.00,1.34,19454840,2026-09-18T06:11:55Z
A,orig,leaf_rand_K10,async,128,6,0,0.00,100.00,935.72,301.36,226.40,74.96,,,1237.08,1010.68,2.19,190.00,246.00,1.34,19454776,2026-09-18T06:11:56Z
A,orig,leaf_rand_K10,async_win,128,6,0,0.00,100.00,838.88,300.25,223.12,15.54,61.60,10.00,1139.13,854.42,2.14,190.00,246.00,1.34,19455256,2026-09-18T06:11:56Z
A,orig,leaf_rand_K10,async_bulk,128,6,0,0.00,100.00,870.23,302.99,227.55,13.65,61.79,10.00,1173.22,883.88,2.14,190.00,246.00,1.34,19458372,2026-09-18T06:11:56Z
A,orig,learned_markov_14,pread,128,6,0,0.00,100.00,535.56,1506.49,224.00,1282.49,,,2042.05,1818.05,2.17,187.00,256.00,1.34,19458036,2026-09-18T06:11:57Z
A,orig,learned_markov_14,async,128,6,0,0.00,100.00,534.01,319.30,240.53,78.77,,,853.31,612.78,2.17,187.00,256.00,1.34,19458220,2026-09-18T06:11:57Z
A,orig,learned_markov_14,async_win,128,6,0,0.00,100.00,9080.75,305.41,225.91,17.62,61.88,13.00,9386.16,9098.37,2.29,187.00,256.00,1.34,19460828,2026-09-18T06:11:57Z
A,orig,learned_markov_14,async_bulk,128,6,0,0.00,100.00,536.87,307.90,227.30,18.83,61.78,13.00,844.77,555.70,2.15,187.00,256.00,1.34,19481120,2026-09-18T06:11:58Z
A,orig,learned_markov_28,pread,128,6,0,0.00,100.00,534.18,2919.65,222.36,2697.29,,,3453.83,3231.47,2.23,187.00,260.00,1.31,19480784,2026-09-18T06:11:58Z
A,orig,learned_markov_28,async,128,6,0,0.00,100.00,603.25,332.58,230.41,102.17,,,935.83,705.42,2.19,187.00,259.00,1.31,19482252,2026-09-18T06:11:58Z
A,orig,learned_markov_28,async_win,128,6,0,0.00,100.00,527.19,334.33,230.30,42.11,61.92,26.00,861.52,569.30,2.13,187.00,259.00,1.31,19473332,2026-09-18T06:11:59Z
A,orig,learned_markov_28,async_bulk,128,6,0,0.00,100.00,525.51,329.90,230.79,37.00,62.11,26.00,855.41,562.51,2.15,187.00,259.00,1.31,19474596,2026-09-18T06:11:59Z
B,orig,layers_5,pread,128,6,0,0.00,100.00,1015.58,674.84,227.13,447.71,,,1690.42,1463.29,2.19,192.00,254.00,1.31,19476316,2026-09-18T06:11:59Z
B,orig,layers_5,async,128,6,0,0.00,100.00,1018.78,294.61,226.31,68.31,,,1313.39,1087.09,2.21,193.00,254.00,1.31,19476564,2026-09-18T06:12:00Z
B,orig,layers_5,async_win,128,6,0,0.00,100.00,1012.40,299.54,230.45,7.91,61.19,2.00,1311.94,1020.31,2.23,193.00,254.00,1.31,19476552,2026-09-18T06:12:00Z
B,orig,layers_5,async_bulk,128,6,0,0.00,100.00,1003.21,296.77,227.57,8.19,61.01,2.00,1299.98,1011.40,2.19,193.00,254.00,1.31,19478792,2026-09-18T06:12:00Z
B,orig,layers_92,pread,128,6,0,0.00,100.00,663.46,8132.33,225.11,7907.21,,,8795.79,8570.67,2.25,193.00,261.00,1.31,19482356,2026-09-18T06:12:01Z
B,orig,layers_92,async,128,6,0,0.00,100.00,593.08,415.09,225.05,190.04,,,1008.17,783.12,2.20,194.00,260.00,1.31,19482828,2026-09-18T06:12:01Z
B,orig,layers_92,async_win,128,6,0,0.00,100.00,661.44,420.98,225.55,130.50,64.92,87.00,1082.42,791.94,2.21,194.00,260.00,1.31,19482092,2026-09-18T06:12:01Z
B,orig,layers_92,async_bulk,128,6,0,0.00,100.00,631.46,426.10,227.45,132.76,65.89,87.00,1057.56,764.22,2.22,194.00,260.00,1.31,19480768,2026-09-18T06:12:01Z
B,orig,2d,pread,128,6,0,0.00,100.00,660.58,1965.85,227.77,1738.08,,,2626.43,2398.66,2.21,193.00,260.00,1.31,19481520,2026-09-18T06:12:02Z
B,orig,2d,async,128,6,0,0.00,100.00,662.03,311.62,226.95,84.67,,,973.65,746.70,2.22,194.00,260.00,1.31,19481848,2026-09-18T06:12:02Z
B,orig,2d,async_win,128,6,0,0.00,100.00,661.30,328.52,232.08,28.28,68.16,13.00,989.82,689.58,2.25,194.00,260.00,1.31,19482856,2026-09-18T06:12:02Z
B,orig,2d,async_bulk,128,6,0,0.00,100.00,661.44,312.37,228.93,21.90,61.54,13.00,973.81,683.34,2.23,194.00,260.00,1.31,19481380,2026-09-18T06:12:03Z
B,orig,2e_K10,pread,128,6,0,0.00,100.00,657.12,2679.22,226.56,2452.66,,,3336.34,3109.78,2.22,193.00,261.00,1.37,19462940,2026-09-18T06:12:03Z
B,orig,2e_K10,async,128,6,0,0.00,100.00,664.87,334.40,235.06,99.34,,,999.27,764.21,2.29,194.00,260.00,1.37,19464692,2026-09-18T06:12:03Z
B,orig,2e_K10,async_win,128,6,0,0.00,100.00,595.15,326.63,226.68,38.03,61.93,23.00,921.78,633.18,2.22,194.00,260.00,1.37,19465328,2026-09-18T06:12:04Z
B,orig,2e_K10,async_bulk,128,6,0,0.00,100.00,672.42,327.44,226.92,37.96,62.56,23.00,999.86,710.38,2.20,194.00,260.00,1.37,19465580,2026-09-18T06:12:04Z
B,orig,2e_K500,pread,128,6,0,0.00,100.00,815.95,18140.07,226.53,17913.55,,,18956.02,18729.50,2.15,173.00,391.00,1.37,19457152,2026-09-18T06:12:04Z
B,orig,2e_K500,async,128,6,0,0.00,100.00,182.13,1142.74,227.92,914.82,,,1324.87,1096.95,2.18,183.00,333.00,1.37,19457020,2026-09-18T06:12:05Z
B,orig,2e_K500,async_win,128,6,0,0.00,100.00,184.68,1054.59,225.91,738.56,90.13,449.00,1239.27,923.24,2.16,183.00,331.00,1.37,19458456,2026-09-18T06:12:05Z
B,orig,2e_K500,async_bulk,128,6,0,0.00,100.00,426.90,1019.38,227.26,700.51,91.61,449.00,1446.28,1127.41,2.16,183.00,334.00,1.37,19458896,2026-09-18T06:12:05Z
B,orig,2f_top14,pread,128,6,0,0.00,100.00,635.65,1390.57,227.65,1162.93,,,2026.22,1798.58,2.23,194.00,260.00,1.37,19459600,2026-09-18T06:12:06Z
B,orig,2f_top14,async,128,6,0,0.00,100.00,666.21,314.13,234.33,79.80,,,980.34,746.01,2.21,194.00,260.00,1.37,19460368,2026-09-18T06:12:06Z
B,orig,2f_top14,async_win,128,6,0,0.00,100.00,661.61,308.09,227.02,19.21,61.87,13.00,969.70,680.82,2.21,194.00,260.00,1.37,19461068,2026-09-18T06:12:06Z
B,orig,2f_top14,async_bulk,128,6,0,0.00,100.00,595.87,308.76,227.69,20.21,60.86,13.00,904.63,616.08,2.21,194.00,260.00,1.37,19461516,2026-09-18T06:12:07Z
B,orig,2f_top28,pread,128,6,0,0.00,100.00,661.88,2629.20,227.73,2401.47,,,3291.08,3063.35,2.21,193.00,261.00,1.37,19461552,2026-09-18T06:12:07Z
B,orig,2f_top28,async,128,6,0,0.00,100.00,659.85,321.29,224.94,96.35,,,981.14,756.20,2.19,194.00,259.00,1.37,19463268,2026-09-18T06:12:07Z
B,orig,2f_top28,async_win,128,6,0,0.00,100.00,658.94,321.13,225.13,38.67,57.33,27.00,980.07,697.61,2.18,194.00,259.00,1.37,19461508,2026-09-18T06:12:08Z
B,orig,2f_top28,async_bulk,128,6,0,0.00,100.00,667.12,359.39,259.84,36.29,63.27,27.00,1026.51,703.41,2.28,194.00,259.00,1.34,19461316,2026-09-18T06:12:08Z
B,orig,2f_top100,pread,128,6,0,0.00,100.00,182.41,9361.50,227.25,9134.25,,,9543.91,9316.66,2.20,191.00,282.00,1.34,19462412,2026-09-18T06:12:08Z
B,orig,2f_top100,async,128,6,0,0.00,100.00,181.20,439.49,227.41,212.08,,,620.69,393.28,2.19,193.00,275.00,1.34,19462488,2026-09-18T06:12:09Z
B,orig,2f_top100,async_win,128,6,0,0.00,100.00,186.38,671.31,331.50,112.24,227.57,94.00,857.69,298.62,2.29,193.00,274.00,1.34,19465308,2026-09-18T06:12:09Z
B,orig,2f_top100,async_bulk,128,6,0,0.00,100.00,181.38,428.70,226.85,135.30,66.55,94.00,610.08,316.68,2.23,193.00,275.00,1.34,19465712,2026-09-18T06:12:09Z
B,orig,2f_top500,pread,128,6,0,0.00,100.00,184.23,18194.57,225.57,17969.00,,,18378.80,18153.23,2.14,173.00,398.00,1.34,19458888,2026-09-18T06:12:10Z
B,orig,2f_top500,async,128,6,0,0.00,100.00,189.48,1051.93,222.39,829.54,,,1241.41,1019.02,2.22,183.00,331.00,1.34,19459224,2026-09-18T06:12:10Z
B,orig,2f_top500,async_win,128,6,0,0.00,100.00,184.92,1042.58,226.39,725.02,91.17,438.00,1227.50,909.94,2.12,183.00,337.00,1.34,19460804,2026-09-18T06:12:10Z
B,orig,2f_top500,async_bulk,128,6,0,0.00,100.00,181.47,1042.80,226.16,726.92,89.73,438.00,1224.27,908.39,2.13,183.00,336.00,1.34,19460784,2026-09-18T06:12:11Z
B,orig,2f_slru,pread,128,6,0,0.00,100.00,96.92,20960.76,225.57,20735.19,,,21057.68,20832.11,1.60,0.00,278.00,1.34,19461084,2026-09-18T06:12:11Z
B,orig,2f_slru,async,128,6,0,0.00,100.00,98.75,7382.86,223.09,7159.77,,,7481.61,7258.52,1.65,0.00,278.00,1.34,19458628,2026-09-18T06:12:11Z
B,orig,2f_slru,async_win,128,6,0,0.00,89.90,98.82,2691.14,231.38,2050.74,409.02,138.00,2789.96,2149.56,1.63,0.00,278.00,1.34,19458424,2026-09-18T06:12:12Z
B,orig,2f_slru,async_bulk,128,6,0,0.00,1.40,823.01,717.37,227.95,80.74,408.68,2.00,1540.38,903.75,2.20,190.00,251.00,1.34,19461972,2026-09-18T06:12:12Z
B,orig,leaf_freq_K10,pread,128,6,0,0.00,100.00,982.28,1055.56,223.72,831.83,,,2037.84,1814.11,2.16,192.00,251.00,1.34,19460772,2026-09-18T06:12:12Z
B,orig,leaf_freq_K10,async,128,6,0,0.00,100.00,1010.28,297.13,223.89,73.24,,,1307.41,1083.52,2.27,192.00,251.00,1.34,19461200,2026-09-18T06:12:13Z
B,orig,leaf_freq_K10,async_win,128,6,0,0.00,100.00,948.51,302.90,226.69,14.89,61.33,10.00,1251.41,963.40,2.20,192.00,251.00,1.34,19460008,2026-09-18T06:12:13Z
B,orig,leaf_freq_K10,async_bulk,128,6,0,0.00,100.00,1012.89,301.15,225.38,14.25,61.52,10.00,1314.04,1027.14,2.21,192.00,251.00,1.39,19461176,2026-09-18T06:12:13Z
B,orig,leaf_rand_K10,pread,128,6,0,0.00,100.00,1010.77,1123.65,227.45,896.21,,,2134.42,1906.98,2.20,192.00,251.00,1.39,19461832,2026-09-18T06:12:13Z
B,orig,leaf_rand_K10,async,128,6,0,0.00,100.00,1018.36,302.63,227.46,75.17,,,1320.99,1093.53,2.23,192.00,251.00,1.39,19461996,2026-09-18T06:12:14Z
B,orig,leaf_rand_K10,async_win,128,6,0,0.00,100.00,1011.24,1369.03,1296.57,15.47,57.00,10.00,2380.27,1026.71,2.21,192.00,251.00,1.39,19460228,2026-09-18T06:12:14Z
B,orig,leaf_rand_K10,async_bulk,128,6,0,0.00,100.00,980.40,303.66,226.97,15.54,61.16,10.00,1284.06,995.94,2.18,192.00,251.00,1.39,19461280,2026-09-18T06:12:14Z
B,orig,learned_markov_14,pread,128,6,0,0.00,100.00,657.92,1317.18,187.85,1129.32,,,1975.10,1787.24,2.16,194.00,259.00,1.39,19460080,2026-09-18T06:12:15Z
B,orig,learned_markov_14,async,128,6,0,0.00,100.00,528.18,266.89,184.62,82.28,,,795.07,610.46,2.33,194.00,259.00,1.39,19453636,2026-09-18T06:12:15Z
B,orig,learned_markov_14,async_win,128,6,0,0.00,100.00,664.12,270.35,187.86,20.56,61.93,13.00,934.47,684.68,2.23,194.00,259.00,1.39,19457228,2026-09-18T06:12:15Z
B,orig,learned_markov_14,async_bulk,128,6,0,0.00,100.00,596.12,268.43,187.01,20.22,61.20,13.00,864.55,616.34,2.16,194.00,259.00,1.39,19457404,2026-09-18T06:12:16Z
B,orig,learned_markov_28,pread,128,6,0,0.00,100.00,667.82,2688.40,233.28,2455.12,,,3356.22,3122.94,2.22,193.00,265.00,1.39,19456956,2026-09-18T06:12:16Z
B,orig,learned_markov_28,async,128,6,0,0.00,100.00,660.49,299.67,198.93,100.74,,,960.16,761.23,2.20,193.00,264.00,1.39,19458132,2026-09-18T06:12:16Z
B,orig,learned_markov_28,async_win,128,6,0,0.00,100.00,659.31,298.97,197.43,38.95,62.59,26.00,958.28,698.26,2.18,193.00,264.00,1.39,19458828,2026-09-18T06:12:17Z
B,orig,learned_markov_28,async_bulk,128,6,0,0.00,100.00,665.07,298.64,198.19,36.52,63.93,26.00,963.71,701.59,2.25,193.00,265.00,1.39,19458144,2026-09-18T06:12:17Z
C,orig,layers_5,pread,128,6,0,0.00,100.00,1008.51,667.66,228.58,439.08,,,1676.17,1447.59,1.59,20.00,28.00,1.39,19458244,2026-09-18T06:12:17Z
C,orig,layers_5,async,128,6,0,0.00,100.00,1006.65,601.26,532.05,69.21,,,1607.91,1075.86,1.59,20.00,28.00,1.39,19458768,2026-09-18T06:12:18Z
C,orig,layers_5,async_win,128,6,0,0.00,100.00,1037.82,297.37,230.18,6.99,60.19,2.00,1335.19,1044.81,1.59,20.00,28.00,1.44,19460236,2026-09-18T06:12:18Z
C,orig,layers_5,async_bulk,128,6,0,0.00,100.00,1025.29,294.00,224.23,8.34,61.44,2.00,1319.29,1033.63,1.60,20.00,28.00,1.44,19478896,2026-09-18T06:12:18Z
C,orig,layers_92,pread,128,6,0,0.00,100.00,625.47,8077.26,225.14,7852.11,,,8702.73,8477.58,1.56,20.00,30.00,1.44,19479860,2026-09-18T06:12:18Z
C,orig,layers_92,async,128,6,0,0.00,100.00,636.83,435.30,227.16,208.14,,,1072.13,844.97,1.58,20.00,30.00,1.44,19480136,2026-09-18T06:12:19Z
C,orig,layers_92,async_win,128,6,0,0.00,100.00,664.98,409.68,227.18,116.84,65.66,87.00,1074.66,781.82,1.58,20.00,30.00,1.44,19480284,2026-09-18T06:12:19Z
C,orig,layers_92,async_bulk,128,6,0,0.00,100.00,669.70,416.72,228.43,122.67,65.62,87.00,1086.42,792.37,1.59,20.00,30.00,1.44,19480180,2026-09-18T06:12:19Z
C,orig,2d,pread,128,6,0,0.00,100.00,594.56,568.27,225.25,343.01,,,1162.83,937.57,1.59,20.00,30.00,1.44,19479808,2026-09-18T06:12:19Z
C,orig,2d,async,128,6,0,0.00,100.00,634.53,293.59,225.39,68.20,,,928.12,702.73,1.57,20.00,30.00,1.44,19480900,2026-09-18T06:12:20Z
C,orig,2d,async_win,128,6,0,0.00,100.00,666.48,293.55,225.84,6.84,60.87,2.00,960.03,673.32,1.57,20.00,30.00,1.44,19481364,2026-09-18T06:12:20Z
C,orig,2d,async_bulk,128,6,0,0.00,100.00,596.86,294.37,227.20,7.11,60.06,2.00,891.23,603.97,1.57,20.00,30.00,1.44,19482308,2026-09-18T06:12:20Z
C,orig,2e_K10,pread,128,6,0,0.00,100.00,662.85,1412.21,226.90,1185.32,,,2075.06,1848.17,1.62,19.00,37.00,1.44,19458456,2026-09-18T06:12:21Z
C,orig,2e_K10,async,128,6,0,0.00,100.00,639.68,311.07,224.97,86.10,,,950.75,725.78,1.60,20.00,33.00,1.44,19459496,2026-09-18T06:12:21Z
C,orig,2e_K10,async_win,128,6,0,0.00,100.00,635.96,303.79,225.15,17.32,61.31,8.00,939.75,653.28,1.59,20.00,33.00,1.44,19459144,2026-09-18T06:12:21Z
C,orig,2e_K10,async_bulk,128,6,0,0.00,100.00,530.21,300.71,223.92,16.40,60.39,8.00,830.92,546.61,1.60,20.00,33.00,1.44,19460660,2026-09-18T06:12:21Z
C,orig,2e_K500,pread,128,6,0,0.00,100.00,183.54,2455.76,226.51,2229.25,,,2639.30,2412.79,1.54,0.00,37.00,1.44,19460604,2026-09-18T06:12:22Z
C,orig,2e_K500,async,128,6,0,0.00,66.00,180.45,696.94,223.14,473.80,,,877.39,654.25,1.55,0.00,37.00,1.44,19461160,2026-09-18T06:12:22Z
C,orig,2e_K500,async_win,128,6,0,0.00,100.00,180.01,525.79,225.35,218.29,82.14,90.00,705.80,398.30,1.54,0.00,37.00,1.44,19463300,2026-09-18T06:12:22Z
C,orig,2e_K500,async_bulk,128,6,0,0.00,42.30,182.37,539.07,225.24,231.94,81.89,90.00,721.44,414.31,1.54,0.00,37.00,1.44,19465888,2026-09-18T06:12:22Z
C,orig,2f_top14,pread,128,6,0,0.00,100.00,651.06,1258.38,222.61,1035.78,,,1909.44,1686.84,1.58,17.00,37.00,1.44,19466152,2026-09-18T06:12:23Z
C,orig,2f_top14,async,128,6,0,0.00,100.00,637.47,302.42,224.10,78.32,,,939.89,715.79,1.59,20.00,35.00,1.40,19466408,2026-09-18T06:12:23Z
C,orig,2f_top14,async_win,128,6,0,0.00,100.00,631.52,299.75,223.45,15.70,60.60,9.00,931.27,647.22,1.63,20.00,35.00,1.40,19466152,2026-09-18T06:12:23Z
C,orig,2f_top14,async_bulk,128,6,0,0.00,100.00,633.49,302.17,224.56,17.08,60.52,9.00,935.66,650.57,1.60,20.00,36.00,1.40,19456088,2026-09-18T06:12:23Z
C,orig,2f_top28,pread,128,6,0,0.00,100.00,656.36,1294.85,224.09,1070.76,,,1951.21,1727.12,1.62,18.00,37.00,1.40,19456396,2026-09-18T06:12:24Z
C,orig,2f_top28,async,128,6,0,0.00,100.00,557.99,321.65,224.50,97.15,,,879.64,655.14,1.60,19.00,36.00,1.40,19457188,2026-09-18T06:12:24Z
C,orig,2f_top28,async_win,128,6,0,0.00,100.00,665.50,312.76,222.51,28.61,61.64,13.00,978.26,694.11,1.58,19.00,36.00,1.40,19458464,2026-09-18T06:12:24Z
C,orig,2f_top28,async_bulk,128,6,0,0.00,100.00,538.54,311.65,223.55,27.37,60.72,13.00,850.19,565.91,1.62,19.00,35.00,1.40,19458808,2026-09-18T06:12:24Z
C,orig,2f_top100,pread,128,6,0,0.00,100.00,554.86,1424.57,224.09,1200.48,,,1979.43,1755.34,1.57,12.00,37.00,1.40,19459096,2026-09-18T06:12:25Z
C,orig,2f_top100,async,128,6,0,0.00,100.00,600.60,417.88,235.26,182.61,,,1018.48,783.21,1.59,14.00,36.00,1.40,19459432,2026-09-18T06:12:25Z
C,orig,2f_top100,async_win,128,6,0,0.00,100.00,597.91,356.05,222.88,69.08,64.09,32.00,953.96,666.99,1.57,14.00,36.00,1.40,19460256,2026-09-18T06:12:25Z
C,orig,2f_top100,async_bulk,128,6,0,0.00,100.00,558.32,362.83,222.95,74.57,65.31,32.00,921.15,632.89,1.59,14.00,36.00,1.40,19459812,2026-09-18T06:12:26Z
C,orig,2f_top500,pread,128,6,0,0.00,100.00,93.15,2881.68,227.20,2654.48,,,2974.83,2747.63,1.55,0.00,37.00,1.40,19454904,2026-09-18T06:12:26Z
C,orig,2f_top500,async,128,6,0,0.00,100.00,95.68,1014.16,230.21,783.94,,,1109.84,879.62,1.62,0.00,37.00,1.40,19455596,2026-09-18T06:12:26Z
C,orig,2f_top500,async_win,128,6,0,0.00,100.00,124.40,533.81,223.34,217.91,92.56,15.00,658.21,342.31,1.52,0.00,37.00,1.40,19457620,2026-09-18T06:12:26Z
C,orig,2f_top500,async_bulk,128,6,0,0.00,13.60,928.03,354.55,225.15,41.14,88.26,2.00,1282.58,969.17,1.62,19.00,30.00,1.40,19456904,2026-09-18T06:12:27Z
C,orig,2f_slru,pread,128,6,0,0.00,100.00,92.34,2953.13,225.70,2727.43,,,3045.47,2819.77,1.51,0.00,37.00,1.40,19457436,2026-09-18T06:12:27Z
C,orig,2f_slru,async,128,6,0,0.00,100.00,93.36,996.57,222.76,773.82,,,1089.93,867.18,1.56,0.00,37.00,1.40,19457604,2026-09-18T06:12:27Z
C,orig,2f_slru,async_win,128,6,0,0.00,100.00,94.34,538.76,233.50,217.55,87.72,15.00,633.10,311.89,1.52,0.00,37.00,1.40,19458852,2026-09-18T06:12:27Z
C,orig,2f_slru,async_bulk,128,6,0,0.00,13.60,927.91,350.04,222.07,39.49,88.48,2.00,1277.95,967.40,1.59,19.00,30.00,1.40,19458152,2026-09-18T06:12:28Z
C,orig,leaf_freq_K10,pread,128,6,0,0.00,100.00,1090.15,986.48,222.86,763.62,,,2076.63,1853.77,1.57,19.00,33.00,1.45,19459012,2026-09-18T06:12:28Z
C,orig,leaf_freq_K10,async,128,6,0,0.00,100.00,1137.54,301.25,225.77,75.47,,,1438.79,1213.01,1.60,20.00,31.00,1.45,19460088,2026-09-18T06:12:28Z
C,orig,leaf_freq_K10,async_win,128,6,0,0.00,100.00,1056.93,300.87,227.35,12.42,61.09,6.00,1357.80,1069.35,1.60,20.00,31.00,1.45,19461220,2026-09-18T06:12:28Z
C,orig,leaf_freq_K10,async_bulk,128,6,0,0.00,100.00,1022.47,296.77,222.73,12.81,61.23,6.00,1319.24,1035.28,1.58,20.00,31.00,1.45,19460720,2026-09-18T06:12:29Z
C,orig,leaf_rand_K10,pread,128,6,0,0.00,100.00,1048.94,1063.81,224.08,839.73,,,2112.75,1888.67,1.57,20.00,28.00,1.45,19459816,2026-09-18T06:12:29Z
C,orig,leaf_rand_K10,async,128,6,0,0.00,100.00,1020.43,298.39,219.68,78.71,,,1318.82,1099.14,1.57,20.00,28.00,1.45,19461532,2026-09-18T06:12:29Z
C,orig,leaf_rand_K10,async_win,128,6,0,0.00,100.00,995.85,297.11,218.52,17.46,61.12,10.00,1292.96,1013.31,1.58,20.00,28.00,1.45,19462264,2026-09-18T06:12:29Z
C,orig,leaf_rand_K10,async_bulk,128,6,0,0.00,100.00,1019.00,299.14,223.26,14.94,60.95,10.00,1318.14,1033.94,1.59,20.00,28.00,1.45,19463240,2026-09-18T06:12:30Z
C,orig,learned_markov_14,pread,128,6,0,0.00,100.00,617.19,1294.07,223.63,1070.44,,,1911.26,1687.63,1.57,17.00,37.00,1.45,19466960,2026-09-18T06:12:30Z
C,orig,learned_markov_14,async,128,6,0,0.00,100.00,601.91,303.02,224.32,78.70,,,904.93,680.61,1.58,20.00,36.00,1.45,19467764,2026-09-18T06:12:30Z
C,orig,learned_markov_14,async_win,128,6,0,0.00,100.00,664.04,302.83,224.24,16.78,61.81,9.00,966.87,680.82,1.60,20.00,35.00,1.45,19470040,2026-09-18T06:12:31Z
C,orig,learned_markov_14,async_bulk,128,6,0,0.00,100.00,624.05,302.67,223.47,17.29,61.91,9.00,926.72,641.34,1.57,20.00,35.00,1.45,19468628,2026-09-18T06:12:31Z
C,orig,learned_markov_28,pread,128,6,0,0.00,100.00,665.79,1285.22,223.10,1062.12,,,1951.01,1727.91,1.60,18.00,37.00,1.45,19455996,2026-09-18T06:12:31Z
C,orig,learned_markov_28,async,128,6,0,0.00,100.00,517.17,322.91,225.91,96.99,,,840.08,614.16,1.62,19.00,35.00,1.45,19458092,2026-09-18T06:12:31Z
C,orig,learned_markov_28,async_win,128,6,0,0.00,100.00,499.98,311.19,223.72,25.43,62.05,13.00,811.17,525.41,1.57,19.00,35.00,1.45,19458480,2026-09-18T06:12:32Z
C,orig,learned_markov_28,async_bulk,128,6,0,0.00,100.00,533.54,316.69,225.63,28.08,62.97,13.00,850.23,561.62,1.57,19.00,35.00,1.45,19459096,2026-09-18T06:12:32Z
C_hit,orig,layers_5,pread,128,6,0,0.00,100.00,972.66,666.37,222.47,443.90,,,1639.03,1416.56,1.68,41.00,57.00,1.45,19461780,2026-09-18T06:12:32Z
C_hit,orig,layers_5,async,128,6,0,0.00,100.00,979.57,293.53,224.14,69.39,,,1273.10,1048.96,1.70,41.00,57.00,1.45,19462200,2026-09-18T06:12:32Z
C_hit,orig,layers_5,async_win,128,6,0,0.00,100.00,1006.81,291.04,223.19,6.77,61.07,2.00,1297.85,1013.58,1.67,41.00,57.00,1.45,19461940,2026-09-18T06:12:33Z
C_hit,orig,layers_5,async_bulk,128,6,0,0.00,100.00,905.68,293.04,223.83,7.37,61.84,2.00,1198.72,913.05,1.67,41.00,57.00,1.41,19462332,2026-09-18T06:12:33Z
C_hit,orig,layers_92,pread,128,6,0,0.00,100.00,658.15,8170.95,222.55,7948.40,,,8829.10,8606.55,1.69,39.00,60.00,1.41,19462832,2026-09-18T06:12:33Z
C_hit,orig,layers_92,async,128,6,0,0.00,100.00,626.12,419.94,224.72,195.22,,,1046.06,821.34,1.70,39.00,60.00,1.41,19463700,2026-09-18T06:12:33Z
C_hit,orig,layers_92,async_win,128,6,0,0.00,100.00,642.92,401.52,223.80,111.69,66.03,87.00,1044.44,754.61,1.74,39.00,60.00,1.41,19464428,2026-09-18T06:12:34Z
C_hit,orig,layers_92,async_bulk,128,6,0,0.00,100.00,660.08,400.13,224.15,110.15,65.83,87.00,1060.21,770.23,1.67,39.00,60.00,1.41,19463652,2026-09-18T06:12:34Z
C_hit,orig,2d,pread,128,6,0,0.00,100.00,603.65,659.67,222.89,436.78,,,1263.32,1040.43,1.69,39.00,60.00,1.41,19468224,2026-09-18T06:12:34Z
C_hit,orig,2d,async,128,6,0,0.00,100.00,637.32,296.33,226.47,69.85,,,933.65,707.17,1.68,39.00,60.00,1.41,19469120,2026-09-18T06:12:35Z
C_hit,orig,2d,async_win,128,6,0,0.00,100.00,606.12,295.08,225.35,8.41,61.33,3.00,901.20,614.53,1.71,39.00,60.00,1.41,19468808,2026-09-18T06:12:35Z
C_hit,orig,2d,async_bulk,128,6,0,0.00,100.00,637.95,291.99,223.31,8.16,60.51,3.00,929.94,646.11,1.67,39.00,60.00,1.41,19469808,2026-09-18T06:12:35Z
C_hit,orig,2e_K10,pread,128,6,0,0.00,100.00,604.21,1222.66,223.14,999.52,,,1826.87,1603.73,1.68,37.00,61.00,1.41,19470092,2026-09-18T06:12:35Z
C_hit,orig,2e_K10,async,128,6,0,0.00,100.00,631.28,303.28,222.42,80.86,,,934.56,712.14,1.68,39.00,61.00,1.41,19469144,2026-09-18T06:12:36Z
C_hit,orig,2e_K10,async_win,128,6,0,0.00,100.00,593.96,308.14,231.31,15.31,61.52,6.00,902.10,609.27,1.67,39.00,61.00,1.41,19469740,2026-09-18T06:12:36Z
C_hit,orig,2e_K10,async_bulk,128,6,0,0.00,100.00,623.00,308.19,224.44,15.86,67.89,6.00,931.19,638.86,1.73,39.00,61.00,1.41,19465060,2026-09-18T06:12:36Z
C_hit,orig,2e_K500,pread,128,6,0,0.00,100.00,181.46,3329.74,225.96,3103.78,,,3511.20,3285.24,1.56,10.00,60.00,1.41,19464196,2026-09-18T06:12:36Z
C_hit,orig,2e_K500,async,128,6,0,0.00,72.50,187.51,926.41,232.75,693.66,,,1113.92,881.17,1.60,11.00,59.00,1.41,19464036,2026-09-18T06:12:37Z
C_hit,orig,2e_K500,async_win,128,6,0,0.00,32.70,182.42,656.58,222.97,341.58,92.03,139.00,839.00,524.00,1.59,11.00,59.00,1.41,19465740,2026-09-18T06:12:37Z
C_hit,orig,2e_K500,async_bulk,128,6,0,0.00,39.00,181.03,680.05,224.73,363.19,92.12,139.00,861.08,544.22,1.60,11.00,59.00,1.41,19465856,2026-09-18T06:12:37Z
C_hit,orig,2f_top14,pread,128,6,0,0.00,100.00,505.13,1093.48,221.56,871.92,,,1598.61,1377.05,1.67,37.00,61.00,1.41,19466896,2026-09-18T06:12:38Z
C_hit,orig,2f_top14,async,128,6,0,0.00,100.00,507.43,302.49,223.34,79.15,,,809.92,586.58,1.65,39.00,61.00,1.41,19467396,2026-09-18T06:12:38Z
C_hit,orig,2f_top14,async_win,128,6,0,0.00,100.00,613.16,301.21,223.96,15.38,61.87,6.00,914.37,628.54,1.69,39.00,61.00,1.38,19466820,2026-09-18T06:12:38Z
C_hit,orig,2f_top14,async_bulk,128,6,0,0.00,100.00,562.82,301.24,223.62,15.75,61.87,6.00,864.06,578.57,1.67,39.00,61.00,1.38,19468280,2026-09-18T06:12:38Z
C_hit,orig,2f_top28,pread,128,6,0,0.00,100.00,635.64,1112.80,225.09,887.71,,,1748.44,1523.35,1.66,36.00,61.00,1.38,19485092,2026-09-18T06:12:39Z
C_hit,orig,2f_top28,async,128,6,0,0.00,100.00,593.25,321.12,222.66,98.47,,,914.37,691.72,1.65,39.00,60.00,1.38,19485480,2026-09-18T06:12:39Z
C_hit,orig,2f_top28,async_win,128,6,0,0.00,100.00,521.88,310.38,224.72,22.86,62.80,8.00,832.26,544.74,1.67,39.00,60.00,1.38,19485580,2026-09-18T06:12:39Z
C_hit,orig,2f_top28,async_bulk,128,6,0,0.00,100.00,609.38,315.36,225.40,26.82,63.14,8.00,924.74,636.20,1.67,39.00,60.00,1.38,19485852,2026-09-18T06:12:39Z
C_hit,orig,2f_top100,pread,128,6,0,0.00,100.00,608.08,1384.52,222.69,1161.83,,,1992.60,1769.91,1.64,32.00,62.00,1.38,19486888,2026-09-18T06:12:40Z
C_hit,orig,2f_top100,async,128,6,0,0.00,100.00,555.40,407.69,225.13,182.55,,,963.09,737.95,1.66,34.00,62.00,1.38,19487292,2026-09-18T06:12:40Z
C_hit,orig,2f_top100,async_win,128,6,0,0.00,100.00,599.12,360.85,228.57,67.52,64.76,28.00,959.97,666.64,1.65,34.00,62.00,1.38,19487120,2026-09-18T06:12:40Z
C_hit,orig,2f_top100,async_bulk,128,6,0,0.00,100.00,631.37,364.38,223.62,74.45,66.31,28.00,995.75,705.82,1.67,34.00,62.00,1.38,19486584,2026-09-18T06:12:41Z
C_hit,orig,2f_top500,pread,128,6,0,0.00,100.00,180.12,3275.73,223.93,3051.80,,,3455.85,3231.92,1.57,10.00,60.00,1.38,19487756,2026-09-18T06:12:41Z
C_hit,orig,2f_top500,async,128,6,0,0.00,44.20,178.78,883.90,221.25,662.65,,,1062.68,841.43,1.57,11.00,60.00,1.38,19487416,2026-09-18T06:12:41Z
C_hit,orig,2f_top500,async_win,128,6,0,0.00,31.60,180.52,686.61,222.80,372.07,91.74,138.00,867.13,552.59,1.58,11.00,60.00,1.38,19475460,2026-09-18T06:12:41Z
C_hit,orig,2f_top500,async_bulk,128,6,0,0.00,32.80,182.56,668.21,230.23,346.69,91.28,138.00,850.77,529.25,1.61,11.00,60.00,1.38,19478416,2026-09-18T06:12:42Z
C_hit,orig,2f_slru,pread,128,6,0,0.00,100.00,92.18,4568.11,224.75,4343.35,,,4660.29,4435.53,1.54,0.00,62.00,1.38,19480264,2026-09-18T06:12:42Z
C_hit,orig,2f_slru,async,128,6,0,0.00,100.00,98.61,1607.56,224.52,1383.04,,,1706.17,1481.65,1.57,0.00,62.00,1.38,19481752,2026-09-18T06:12:42Z
C_hit,orig,2f_slru,async_win,128,6,0,0.00,100.00,95.60,798.39,224.42,445.46,128.51,29.00,893.99,541.06,1.54,0.00,62.00,1.38,19482044,2026-09-18T06:12:42Z
C_hit,orig,2f_slru,async_bulk,128,6,0,0.00,7.00,740.74,394.20,225.02,43.03,126.15,2.00,1134.94,783.77,1.65,40.00,56.00,1.38,19482048,2026-09-18T06:12:43Z
C_hit,orig,leaf_freq_K10,pread,128,6,0,0.00,100.00,592.82,811.87,224.54,587.32,,,1404.69,1180.14,1.67,39.00,57.00,1.35,19483116,2026-09-18T06:12:43Z
C_hit,orig,leaf_freq_K10,async,128,6,0,0.00,100.00,902.30,296.56,224.12,72.44,,,1198.86,974.74,1.69,41.00,57.00,1.35,19483792,2026-09-18T06:12:43Z
C_hit,orig,leaf_freq_K10,async_win,128,6,0,0.00,100.00,896.47,295.45,225.72,9.81,59.92,3.00,1191.92,906.28,1.69,41.00,57.00,1.35,19484308,2026-09-18T06:12:43Z
C_hit,orig,leaf_freq_K10,async_bulk,128,6,0,0.00,100.00,885.98,298.50,227.55,10.22,60.73,3.00,1184.48,896.20,1.67,41.00,57.00,1.35,19485428,2026-09-18T06:12:44Z
C_hit,orig,leaf_rand_K10,pread,128,6,0,0.00,100.00,988.38,1121.56,223.83,897.73,,,2109.94,1886.11,1.68,41.00,57.00,1.35,19461108,2026-09-18T06:12:44Z
C_hit,orig,leaf_rand_K10,async,128,6,0,0.00,100.00,994.60,302.44,225.04,77.40,,,1297.04,1072.00,1.68,41.00,57.00,1.35,19461324,2026-09-18T06:12:44Z
C_hit,orig,leaf_rand_K10,async_win,128,6,0,0.00,100.00,993.38,299.29,224.32,15.03,59.94,10.00,1292.67,1008.41,1.68,41.00,57.00,1.35,19460768,2026-09-18T06:12:45Z
C_hit,orig,leaf_rand_K10,async_bulk,128,6,0,0.00,100.00,980.40,301.32,226.12,14.47,60.72,10.00,1281.72,994.87,1.67,41.00,57.00,1.35,19460904,2026-09-18T06:12:45Z
C_hit,orig,learned_markov_14,pread,128,6,0,0.00,100.00,571.68,1103.15,223.10,880.05,,,1674.83,1451.73,1.66,37.00,61.00,1.35,19461620,2026-09-18T06:12:45Z
C_hit,orig,learned_markov_14,async,128,6,0,0.00,100.00,605.41,308.47,226.07,82.39,,,913.88,687.80,1.67,39.00,61.00,1.35,19461608,2026-09-18T06:12:45Z
C_hit,orig,learned_markov_14,async_win,128,6,0,0.00,100.00,638.28,301.46,224.30,16.15,61.01,6.00,939.74,654.43,1.68,39.00,61.00,1.35,19461856,2026-09-18T06:12:46Z
C_hit,orig,learned_markov_14,async_bulk,128,6,0,0.00,100.00,599.17,298.80,223.48,14.61,60.72,6.00,897.97,613.78,1.66,39.00,61.00,1.35,19462344,2026-09-18T06:12:46Z
C_hit,orig,learned_markov_28,pread,128,6,0,0.00,100.00,512.99,1100.21,222.30,877.91,,,1613.20,1390.90,1.67,36.00,61.00,1.35,19461888,2026-09-18T06:12:46Z
C_hit,orig,learned_markov_28,async,128,6,0,0.00,100.00,595.37,317.84,222.21,95.63,,,913.21,691.00,1.66,39.00,60.00,1.35,19462940,2026-09-18T06:12:46Z
C_hit,orig,learned_markov_28,async_win,128,6,0,0.00,100.00,544.36,310.62,223.02,25.70,61.91,8.00,854.98,570.06,1.69,39.00,60.00,1.35,19457356,2026-09-18T06:12:47Z
C_hit,orig,learned_markov_28,async_bulk,128,6,0,0.00,100.00,602.73,312.76,224.40,26.91,61.45,8.00,915.49,629.64,1.67,39.00,60.00,1.35,19457600,2026-09-18T06:12:47Z
A,orig,baseline,baseline,128,7,0,0.00,0.00,861.98,0.00,0.00,0.00,,,861.98,861.98,2.24,190.00,246.00,1.35,19457656,2026-09-18T06:12:47Z
B,orig,baseline,baseline,128,7,0,0.00,0.00,1069.81,0.00,0.00,0.00,,,1069.81,1069.81,2.21,192.00,251.00,1.35,19459972,2026-09-18T06:12:48Z
C,orig,baseline,baseline,128,7,0,0.00,0.00,912.55,0.00,0.00,0.00,,,912.55,912.55,1.57,20.00,28.00,1.40,19460808,2026-09-18T06:12:48Z
C_hit,orig,baseline,baseline,128,7,0,0.00,0.00,1002.65,0.00,0.00,0.00,,,1002.65,1002.65,1.66,41.00,57.00,1.40,19462256,2026-09-18T06:12:48Z
A,orig,layers_5,async,128,7,0,0.00,100.00,860.67,295.71,226.51,69.20,,,1156.38,929.87,2.15,190.00,245.00,1.40,19461860,2026-09-18T06:12:49Z
A,orig,layers_5,async_win,128,7,0,0.00,100.00,918.14,298.74,229.45,7.55,61.74,2.00,1216.88,925.69,2.14,190.00,245.00,1.40,19461644,2026-09-18T06:12:49Z
A,orig,layers_92,async,128,7,0,0.00,100.00,495.86,422.32,226.03,196.30,,,918.18,692.16,2.10,187.00,257.00,1.40,19461536,2026-09-18T06:12:49Z
A,orig,layers_92,async_win,128,7,0,0.00,100.00,535.60,430.19,226.37,138.00,65.82,87.00,965.79,673.60,2.15,187.00,257.00,1.40,19461860,2026-09-18T06:12:49Z
A,orig,2d,async,128,7,0,0.00,100.00,532.27,314.83,229.78,85.05,,,847.10,617.32,2.17,187.00,257.00,1.40,19461316,2026-09-18T06:12:50Z
A,orig,2d,async_win,128,7,0,0.00,100.00,561.38,309.45,225.92,21.52,62.01,13.00,870.83,582.90,2.14,187.00,257.00,1.40,19462152,2026-09-18T06:12:50Z
A,orig,2e_K10,async,128,7,0,0.00,100.00,558.31,327.88,225.64,102.23,,,886.19,660.54,2.16,190.00,259.00,1.40,19462668,2026-09-18T06:12:50Z
A,orig,2e_K10,async_win,128,7,0,0.00,100.00,558.46,323.76,226.44,37.53,59.78,23.00,882.22,595.99,2.12,190.00,259.00,1.40,19462616,2026-09-18T06:12:51Z
A,orig,2e_K500,async,128,7,0,0.00,100.00,717.58,1130.85,226.29,904.55,,,1848.43,1622.13,2.11,181.00,382.00,1.40,19463272,2026-09-18T06:12:51Z
A,orig,2e_K500,async_win,128,7,0,0.00,100.00,692.02,1005.57,233.93,680.28,91.36,446.00,1697.59,1372.30,2.14,181.00,384.00,1.40,19462860,2026-09-18T06:12:51Z
A,orig,2f_top14,async,128,7,0,0.00,100.00,600.38,308.66,227.51,81.15,,,909.04,681.53,2.19,189.00,257.00,1.40,19463464,2026-09-18T06:12:52Z
A,orig,2f_top14,async_win,128,7,0,0.00,100.00,567.68,308.52,227.14,19.46,61.93,13.00,876.20,587.14,2.19,189.00,257.00,1.40,19461980,2026-09-18T06:12:52Z
A,orig,2f_top28,async,128,7,0,0.00,100.00,538.69,343.15,242.10,101.05,,,881.84,639.74,2.21,192.00,266.00,1.40,19464108,2026-09-18T06:12:52Z
A,orig,2f_top28,async_win,128,7,0,0.00,100.00,559.70,335.97,226.07,46.29,63.61,27.00,895.67,605.99,2.16,192.00,266.00,1.40,19464196,2026-09-18T06:12:53Z
A,orig,2f_top100,async,128,7,0,0.00,100.00,593.49,445.62,235.73,209.88,,,1039.11,803.37,2.13,184.00,306.00,1.37,19463800,2026-09-18T06:12:53Z
A,orig,2f_top100,async_win,128,7,0,0.00,100.00,866.87,412.81,222.21,124.20,66.39,98.00,1279.68,991.07,2.13,184.00,305.00,1.37,19466260,2026-09-18T06:12:53Z
A,orig,2f_top500,async,128,7,0,0.00,100.00,723.76,1113.63,227.31,886.33,,,1837.39,1610.09,2.13,181.00,385.00,1.37,19466124,2026-09-18T06:12:54Z
A,orig,2f_top500,async_win,128,7,0,0.00,100.00,590.07,1034.07,226.90,717.50,89.68,438.00,1624.14,1307.57,2.09,181.00,386.00,1.37,19466608,2026-09-18T06:12:54Z
A,orig,2f_slru,async,128,7,0,0.00,100.00,96.98,7269.70,222.76,7046.94,,,7366.68,7143.92,1.56,0.00,278.00,1.37,19465936,2026-09-18T06:12:54Z
A,orig,2f_slru,async_win,128,7,0,0.00,87.00,98.36,2735.23,225.94,2098.74,410.55,139.00,2833.59,2197.10,1.55,0.00,278.00,1.37,19467164,2026-09-18T06:12:55Z
A,orig,leaf_freq_K10,async,128,7,0,0.00,100.00,933.27,301.05,226.09,74.96,,,1234.32,1008.23,2.15,192.00,247.00,1.37,19469340,2026-09-18T06:12:55Z
A,orig,leaf_freq_K10,async_win,128,7,0,0.00,100.00,934.60,302.77,226.19,15.96,60.62,10.00,1237.37,950.56,2.14,192.00,247.00,1.37,19470124,2026-09-18T06:12:55Z
A,orig,leaf_rand_K10,async,128,7,0,0.00,100.00,869.91,304.54,228.00,76.54,,,1174.45,946.45,2.13,190.00,246.00,1.37,19470936,2026-09-18T06:12:55Z
A,orig,leaf_rand_K10,async_win,128,7,0,0.00,100.00,836.06,303.40,226.84,15.26,61.30,10.00,1139.46,851.32,2.18,190.00,246.00,1.37,19470904,2026-09-18T06:12:56Z
A,orig,learned_markov_14,async,128,7,0,0.00,100.00,535.19,304.01,224.68,79.33,,,839.20,614.52,2.12,187.00,256.00,1.37,19471276,2026-09-18T06:12:56Z
A,orig,learned_markov_14,async_win,128,7,0,0.00,100.00,559.64,311.81,225.91,20.49,65.40,13.00,871.45,580.13,2.20,187.00,256.00,1.37,19471416,2026-09-18T06:12:56Z
A,orig,learned_markov_28,async,128,7,0,0.00,100.00,565.35,324.52,225.29,99.23,,,889.87,664.58,2.15,187.00,259.00,1.37,19473608,2026-09-18T06:12:57Z
A,orig,learned_markov_28,async_win,128,7,0,0.00,100.00,532.03,332.71,226.90,43.71,62.11,26.00,864.74,575.74,2.14,187.00,259.00,1.37,19463560,2026-09-18T06:12:57Z
B,orig,layers_5,async,128,7,0,0.00,100.00,1041.67,294.59,228.37,66.22,,,1336.26,1107.89,2.21,193.00,254.00,1.37,19478308,2026-09-18T06:12:57Z
B,orig,layers_5,async_win,128,7,0,0.00,100.00,1008.72,296.65,227.03,8.13,61.49,2.00,1305.37,1016.85,2.21,193.00,254.00,1.37,19478400,2026-09-18T06:12:58Z
B,orig,layers_92,async,128,7,0,0.00,100.00,629.38,432.09,226.06,206.04,,,1061.47,835.42,2.20,194.00,260.00,1.34,19479152,2026-09-18T06:12:58Z
B,orig,layers_92,async_win,128,7,0,0.00,100.00,661.37,401.17,227.27,109.14,64.77,87.00,1062.54,770.51,2.23,194.00,260.00,1.34,19480760,2026-09-18T06:12:58Z
B,orig,2d,async,128,7,0,0.00,100.00,662.80,310.29,225.34,84.95,,,973.09,747.75,2.22,194.00,260.00,1.34,19480940,2026-09-18T06:12:59Z
B,orig,2d,async_win,128,7,0,0.00,100.00,655.39,309.21,226.46,21.06,61.70,13.00,964.60,676.45,2.18,194.00,260.00,1.34,19493940,2026-09-18T06:12:59Z
B,orig,2e_K10,async,128,7,0,0.00,100.00,661.41,323.67,224.67,99.00,,,985.08,760.41,2.21,194.00,260.00,1.34,19495256,2026-09-18T06:12:59Z
B,orig,2e_K10,async_win,128,7,0,0.00,100.00,664.49,325.88,225.96,38.01,61.92,23.00,990.37,702.50,2.19,194.00,260.00,1.34,19495660,2026-09-18T06:13:00Z
B,orig,2e_K500,async,128,7,0,0.00,100.00,181.72,1082.06,226.56,855.51,,,1263.78,1037.23,2.17,183.00,331.00,1.34,19495064,2026-09-18T06:13:00Z
B,orig,2e_K500,async_win,128,7,0,0.00,100.00,182.80,993.40,224.55,678.84,90.01,449.00,1176.20,861.64,2.14,183.00,332.00,1.34,19495892,2026-09-18T06:13:00Z
B,orig,2f_top14,async,128,7,0,0.00,100.00,663.58,305.68,226.19,79.48,,,969.26,743.06,2.18,194.00,260.00,1.34,19496144,2026-09-18T06:13:01Z
B,orig,2f_top14,async_win,128,7,0,0.00,100.00,682.92,317.31,234.40,18.66,64.24,13.00,1000.23,701.58,2.27,194.00,260.00,1.34,19495172,2026-09-18T06:13:01Z
B,orig,2f_top28,async,128,7,0,0.00,100.00,660.77,335.65,227.69,107.96,,,996.42,768.73,2.20,194.00,259.00,1.34,19497856,2026-09-18T06:13:01Z
B,orig,2f_top28,async_win,128,7,0,0.00,100.00,658.80,327.10,225.83,39.33,61.94,27.00,985.90,698.13,2.18,194.00,259.00,1.34,19498220,2026-09-18T06:13:02Z
B,orig,2f_top100,async,128,7,0,0.00,100.00,182.68,428.76,229.36,199.40,,,611.44,382.08,2.18,193.00,274.00,1.34,19497328,2026-09-18T06:13:02Z
B,orig,2f_top100,async_win,128,7,0,0.00,100.00,178.14,424.83,226.50,132.44,65.89,94.00,602.97,310.58,2.18,193.00,275.00,1.34,19498156,2026-09-18T06:13:02Z
B,orig,2f_top500,async,128,7,0,0.00,100.00,181.26,1063.77,226.40,837.37,,,1245.03,1018.63,2.15,183.00,334.00,1.34,19484596,2026-09-18T06:13:03Z
B,orig,2f_top500,async_win,128,7,0,0.00,100.00,184.98,1008.39,227.34,690.18,90.87,438.00,1193.37,875.16,2.17,183.00,334.00,1.31,19485392,2026-09-18T06:13:03Z
B,orig,2f_slru,async,128,7,0,0.00,100.00,99.61,7229.41,224.60,7004.81,,,7329.02,7104.42,1.60,0.00,278.00,1.31,19483888,2026-09-18T06:13:03Z
B,orig,2f_slru,async_win,128,7,0,0.00,42.00,97.41,4445.70,1209.60,2097.16,1138.93,138.00,4543.11,2194.57,1.64,0.00,278.00,1.31,19484384,2026-09-18T06:13:03Z
B,orig,leaf_freq_K10,async,128,7,0,0.00,100.00,944.53,302.20,226.47,75.73,,,1246.73,1020.26,2.20,192.00,251.00,1.31,19486500,2026-09-18T06:13:04Z
B,orig,leaf_freq_K10,async_win,128,7,0,0.00,100.00,991.56,665.17,453.93,14.86,196.38,10.00,1656.73,1006.42,2.22,192.00,251.00,1.31,19485232,2026-09-18T06:13:04Z
B,orig,leaf_rand_K10,async,128,7,0,0.00,100.00,914.63,303.75,227.64,76.11,,,1218.38,990.74,2.28,192.00,251.00,1.31,19475116,2026-09-18T06:13:04Z
B,orig,leaf_rand_K10,async_win,128,7,0,0.00,100.00,1031.18,308.81,231.80,15.78,61.23,10.00,1339.99,1046.96,2.22,192.00,251.00,1.31,19473856,2026-09-18T06:13:05Z
B,orig,learned_markov_14,async,128,7,0,0.00,100.00,628.65,307.56,225.75,81.81,,,936.21,710.46,2.17,194.00,259.00,1.31,19472408,2026-09-18T06:13:05Z
B,orig,learned_markov_14,async_win,128,7,0,0.00,100.00,662.73,308.08,226.59,20.06,61.44,13.00,970.81,682.79,2.21,194.00,259.00,1.31,19473496,2026-09-18T06:13:05Z
B,orig,learned_markov_28,async,128,7,0,0.00,100.00,661.41,328.35,226.09,102.26,,,989.76,763.67,2.17,193.00,265.00,1.31,19474148,2026-09-18T06:13:06Z
B,orig,learned_markov_28,async_win,128,7,0,0.00,100.00,659.70,223.66,120.64,41.09,61.94,26.00,883.36,700.79,2.19,193.00,264.00,1.31,19473756,2026-09-18T06:13:06Z
C,orig,layers_5,async,128,7,0,0.00,100.00,981.54,303.61,234.80,68.81,,,1285.15,1050.35,1.57,20.00,28.00,1.31,19473872,2026-09-18T06:13:06Z
C,orig,layers_5,async_win,128,7,0,0.00,100.00,977.10,306.17,237.57,7.96,60.64,2.00,1283.27,985.06,1.59,20.00,28.00,1.31,19468732,2026-09-18T06:13:07Z
C,orig,layers_92,async,128,7,0,0.00,100.00,639.07,434.33,238.69,195.64,,,1073.40,834.71,1.59,20.00,30.00,1.31,19471248,2026-09-18T06:13:07Z
C,orig,layers_92,async_win,128,7,0,0.00,100.00,656.15,420.29,232.30,122.65,65.34,87.00,1076.44,778.80,1.57,20.00,30.00,1.31,19468128,2026-09-18T06:13:07Z
C,orig,2d,async,128,7,0,0.00,100.00,633.52,301.45,233.48,67.97,,,934.97,701.49,1.57,20.00,30.00,1.31,19469992,2026-09-18T06:13:07Z
C,orig,2d,async_win,128,7,0,0.00,100.00,627.96,303.40,234.69,7.56,61.15,2.00,931.36,635.52,1.58,20.00,30.00,1.31,19447392,2026-09-18T06:13:08Z
C,orig,2e_K10,async,128,7,0,0.00,100.00,541.75,309.97,230.48,79.49,,,851.72,621.24,1.65,20.00,33.00,1.37,19449888,2026-09-18T06:13:08Z
C,orig,2e_K10,async_win,128,7,0,0.00,100.00,626.34,311.33,233.89,16.46,60.98,8.00,937.67,642.80,1.60,20.00,33.00,1.37,19451612,2026-09-18T06:13:08Z
C,orig,2e_K500,async,128,7,0,0.00,67.50,187.85,699.04,233.59,465.45,,,886.89,653.30,1.52,0.00,37.00,1.37,19453612,2026-09-18T06:13:08Z
C,orig,2e_K500,async_win,128,7,0,0.00,45.90,182.36,563.79,232.78,248.42,82.59,90.00,746.15,430.78,1.53,0.00,37.00,1.37,19454828,2026-09-18T06:13:09Z
C,orig,2f_top14,async,128,7,0,0.00,100.00,668.39,312.83,233.62,79.21,,,981.22,747.60,1.60,20.00,36.00,1.37,19453936,2026-09-18T06:13:09Z
C,orig,2f_top14,async_win,128,7,0,0.00,100.00,630.60,308.90,233.28,15.05,60.57,9.00,939.50,645.65,1.61,20.00,35.00,1.37,19455944,2026-09-18T06:13:09Z
C,orig,2f_top28,async,128,7,0,0.00,100.00,606.61,329.50,233.22,96.28,,,936.11,702.89,1.58,19.00,36.00,1.37,19455760,2026-09-18T06:13:10Z
C,orig,2f_top28,async_win,128,7,0,0.00,100.00,521.86,327.23,231.17,34.07,61.98,13.00,849.09,555.93,1.57,19.00,35.00,1.37,19455488,2026-09-18T06:13:10Z
C,orig,2f_top100,async,128,7,0,0.00,100.00,527.46,415.24,235.92,179.32,,,942.70,706.78,1.57,14.00,37.00,1.37,19454396,2026-09-18T06:13:10Z
C,orig,2f_top100,async_win,128,7,0,0.00,100.00,528.21,393.56,232.77,82.96,77.84,32.00,921.77,611.17,1.59,14.00,36.00,1.37,19457612,2026-09-18T06:13:10Z
C,orig,2f_top500,async,128,7,0,0.00,100.00,97.55,954.16,233.96,720.20,,,1051.71,817.75,1.54,0.00,37.00,1.37,19459684,2026-09-18T06:13:11Z
C,orig,2f_top500,async_win,128,7,0,0.00,100.00,96.28,596.00,233.62,272.96,89.42,15.00,692.28,369.24,1.57,0.00,37.00,1.37,19460084,2026-09-18T06:13:11Z
C,orig,2f_slru,async,128,7,0,0.00,100.00,96.61,942.41,230.16,712.25,,,1039.02,808.86,1.58,0.00,37.00,1.37,19461068,2026-09-18T06:13:11Z
C,orig,2f_slru,async_win,128,7,0,0.00,100.00,98.18,588.45,228.76,270.12,89.57,15.00,686.63,368.30,1.56,0.00,37.00,1.37,19461212,2026-09-18T06:13:11Z
C,orig,leaf_freq_K10,async,128,7,0,0.00,100.00,1099.77,305.76,230.30,75.46,,,1405.53,1175.23,1.61,20.00,31.00,1.37,19460472,2026-09-18T06:13:12Z
C,orig,leaf_freq_K10,async_win,128,7,0,0.00,100.00,1035.59,308.45,233.08,13.31,62.06,6.00,1344.04,1048.90,1.60,20.00,31.00,1.37,19460344,2026-09-18T06:13:12Z
C,orig,leaf_rand_K10,async,128,7,0,0.00,100.00,1020.52,316.09,235.83,80.26,,,1336.61,1100.78,1.59,20.00,28.00,1.37,19463168,2026-09-18T06:13:12Z
C,orig,leaf_rand_K10,async_win,128,7,0,0.00,100.00,974.06,308.07,231.86,14.58,61.64,10.00,1282.13,988.64,1.61,20.00,28.00,1.37,19463596,2026-09-18T06:13:12Z
C,orig,learned_markov_14,async,128,7,0,0.00,100.00,667.68,312.27,229.09,83.18,,,979.95,750.86,1.61,20.00,35.00,1.37,19463996,2026-09-18T06:13:13Z
C,orig,learned_markov_14,async_win,128,7,0,0.00,100.00,640.10,311.99,234.02,15.97,62.00,9.00,952.09,656.07,1.60,20.00,36.00,1.42,19443680,2026-09-18T06:13:13Z
C,orig,learned_markov_28,async,128,7,0,0.00,100.00,629.77,330.93,232.77,98.16,,,960.70,727.93,1.59,19.00,35.00,1.42,19449156,2026-09-18T06:13:13Z
C,orig,learned_markov_28,async_win,128,7,0,0.00,100.00,601.67,326.30,231.01,32.22,63.07,13.00,927.97,633.89,1.59,19.00,36.00,1.42,19449700,2026-09-18T06:13:13Z
C_hit,orig,layers_5,async,128,7,0,0.00,100.00,984.48,304.24,234.54,69.70,,,1288.72,1054.18,1.69,41.00,57.00,1.42,19449636,2026-09-18T06:13:14Z
C_hit,orig,layers_5,async_win,128,7,0,0.00,100.00,983.31,306.30,233.23,9.82,63.25,2.00,1289.61,993.13,1.68,41.00,57.00,1.42,19450360,2026-09-18T06:13:14Z
C_hit,orig,layers_92,async,128,7,0,0.00,100.00,604.18,430.70,233.82,196.88,,,1034.88,801.06,1.69,39.00,60.00,1.42,19454520,2026-09-18T06:13:14Z
C_hit,orig,layers_92,async_win,128,7,0,0.00,100.00,629.28,426.29,230.22,129.54,66.53,87.00,1055.57,758.82,1.68,39.00,60.00,1.42,19456788,2026-09-18T06:13:15Z
C_hit,orig,2d,async,128,7,0,0.00,100.00,607.88,307.17,234.40,72.77,,,915.05,680.65,1.66,39.00,60.00,1.42,19457764,2026-09-18T06:13:15Z
C_hit,orig,2d,async_win,128,7,0,0.00,100.00,608.71,302.22,232.21,8.83,61.19,3.00,910.93,617.54,1.70,39.00,60.00,1.42,19458892,2026-09-18T06:13:15Z
C_hit,orig,2e_K10,async,128,7,0,0.00,100.00,1377.04,318.10,236.76,81.33,,,1695.14,1458.37,1.70,39.00,61.00,1.42,19459992,2026-09-18T06:13:15Z
C_hit,orig,2e_K10,async_win,128,7,0,0.00,100.00,641.37,312.00,233.26,15.51,63.23,6.00,953.37,656.88,1.68,39.00,61.00,1.42,19460152,2026-09-18T06:13:16Z
C_hit,orig,2e_K500,async,128,7,0,0.00,56.20,181.98,977.36,231.88,745.48,,,1159.34,927.46,1.60,11.00,59.00,1.42,19459364,2026-09-18T06:13:16Z
C_hit,orig,2e_K500,async_win,128,7,0,0.00,31.70,184.60,653.32,231.94,328.22,93.17,139.00,837.92,512.82,1.59,11.00,59.00,1.42,19464220,2026-09-18T06:13:16Z
C_hit,orig,2f_top14,async,128,7,0,0.00,100.00,613.01,312.59,232.50,80.09,,,925.60,693.10,1.70,39.00,61.00,1.42,19464688,2026-09-18T06:13:16Z
C_hit,orig,2f_top14,async_win,128,7,0,0.00,100.00,662.79,309.44,231.75,15.32,62.38,6.00,972.23,678.11,1.69,39.00,61.00,1.42,19464844,2026-09-18T06:13:17Z
C_hit,orig,2f_top28,async,128,7,0,0.00,100.00,608.17,342.90,230.87,112.03,,,951.07,720.20,1.69,39.00,60.00,1.42,19465660,2026-09-18T06:13:17Z
C_hit,orig,2f_top28,async_win,128,7,0,0.00,100.00,523.79,317.06,231.71,22.18,63.17,8.00,840.85,545.97,1.73,39.00,60.00,1.42,19467376,2026-09-18T06:13:17Z
C_hit,orig,2f_top100,async,128,7,0,0.00,100.00,531.12,422.70,232.42,190.29,,,953.82,721.41,1.69,34.00,62.00,1.42,19467472,2026-09-18T06:13:18Z
C_hit,orig,2f_top100,async_win,128,7,0,0.00,100.00,534.03,369.88,235.44,68.03,66.42,28.00,903.91,602.06,1.67,34.00,62.00,1.39,19469456,2026-09-18T06:13:18Z
C_hit,orig,2f_top500,async,128,7,0,0.00,61.40,183.78,969.95,231.04,738.91,,,1153.73,922.69,1.59,11.00,60.00,1.39,19453560,2026-09-18T06:13:18Z
C_hit,orig,2f_top500,async_win,128,7,0,0.00,39.00,182.26,696.65,240.20,359.55,96.90,138.00,878.91,541.81,1.61,11.00,60.00,1.39,19466040,2026-09-18T06:13:18Z
C_hit,orig,2f_slru,async,128,7,0,0.00,100.00,96.51,1679.93,233.82,1446.11,,,1776.44,1542.62,1.56,0.00,62.00,1.39,19467680,2026-09-18T06:13:19Z
C_hit,orig,2f_slru,async_win,128,7,0,0.00,100.00,98.69,791.48,261.63,402.73,127.12,29.00,890.17,501.42,1.57,0.00,62.00,1.39,19466344,2026-09-18T06:13:19Z
C_hit,orig,leaf_freq_K10,async,128,7,0,0.00,100.00,889.44,308.19,234.03,74.16,,,1197.63,963.60,1.68,41.00,57.00,1.39,19467468,2026-09-18T06:13:19Z
C_hit,orig,leaf_freq_K10,async_win,128,7,0,0.00,100.00,830.69,301.17,229.80,10.43,60.93,3.00,1131.86,841.12,1.69,41.00,57.00,1.39,19486308,2026-09-18T06:13:19Z
C_hit,orig,leaf_rand_K10,async,128,7,0,0.00,100.00,1023.11,307.92,233.22,74.70,,,1331.03,1097.81,1.68,41.00,57.00,1.39,19486808,2026-09-18T06:13:20Z
C_hit,orig,leaf_rand_K10,async_win,128,7,0,0.00,100.00,991.12,309.45,232.89,16.08,60.48,10.00,1300.57,1007.20,1.69,41.00,57.00,1.39,19487032,2026-09-18T06:13:20Z
C_hit,orig,learned_markov_14,async,128,7,0,0.00,100.00,645.27,312.56,231.73,80.83,,,957.83,726.10,1.68,39.00,61.00,1.39,19488896,2026-09-18T06:13:20Z
C_hit,orig,learned_markov_14,async_win,128,7,0,0.00,100.00,608.75,308.23,233.52,13.51,61.20,6.00,916.98,622.26,1.69,39.00,61.00,1.39,19488756,2026-09-18T06:13:21Z
C_hit,orig,learned_markov_28,async,128,7,0,0.00,100.00,603.40,326.61,231.44,95.17,,,930.01,698.57,1.70,39.00,60.00,1.39,19489320,2026-09-18T06:13:21Z
C_hit,orig,learned_markov_28,async_win,128,7,0,0.00,100.00,582.78,319.12,230.66,26.14,62.32,8.00,901.90,608.92,1.69,39.00,60.00,1.39,19492072,2026-09-18T06:13:21Z
A,orig,baseline,baseline,128,8,0,0.00,0.00,931.39,0.00,0.00,0.00,,,931.39,931.39,2.20,190.00,246.00,1.39,19491688,2026-09-18T06:13:21Z
B,orig,baseline,baseline,128,8,0,0.00,0.00,1063.98,0.00,0.00,0.00,,,1063.98,1063.98,2.22,192.00,251.00,1.39,19492988,2026-09-18T06:13:22Z
C,orig,baseline,baseline,128,8,0,0.00,0.00,910.45,0.00,0.00,0.00,,,910.45,910.45,1.60,20.00,28.00,1.39,19495812,2026-09-18T06:13:22Z
C_hit,orig,baseline,baseline,128,8,0,0.00,0.00,1008.87,0.00,0.00,0.00,,,1008.87,1008.87,1.68,41.00,57.00,1.39,19494828,2026-09-18T06:13:22Z
A,orig,layers_5,async,128,8,0,0.00,100.00,862.79,295.75,225.92,69.82,,,1158.54,932.61,2.16,190.00,245.00,1.39,19494680,2026-09-18T06:13:23Z
A,orig,layers_5,async_win,128,8,0,0.00,100.00,875.00,295.86,227.34,7.50,61.02,2.00,1170.86,882.50,2.24,190.00,245.00,1.35,19494692,2026-09-18T06:13:23Z
A,orig,layers_92,async,128,8,0,0.00,100.00,589.70,432.02,223.24,208.78,,,1021.72,798.48,2.17,187.00,257.00,1.35,19493508,2026-09-18T06:13:23Z
A,orig,layers_92,async_win,128,8,0,0.00,100.00,501.60,412.40,228.87,118.62,64.91,87.00,914.00,620.22,2.18,187.00,257.00,1.35,19487248,2026-09-18T06:13:24Z
A,orig,2d,async,128,8,0,0.00,100.00,535.26,311.57,227.15,84.43,,,846.83,619.69,2.19,187.00,257.00,1.35,19487440,2026-09-18T06:13:24Z
A,orig,2d,async_win,128,8,0,0.00,100.00,534.28,312.73,229.32,21.74,61.67,13.00,847.01,556.02,2.19,187.00,257.00,1.35,19488384,2026-09-18T06:13:24Z
A,orig,2e_K10,async,128,8,0,0.00,100.00,588.27,638.32,537.46,100.86,,,1226.59,689.13,2.17,190.00,259.00,1.35,19481876,2026-09-18T06:13:25Z
A,orig,2e_K10,async_win,128,8,0,0.00,100.00,499.45,322.07,228.19,32.07,61.82,23.00,821.52,531.52,2.14,190.00,259.00,1.35,19480480,2026-09-18T06:13:25Z
A,orig,2e_K500,async,128,8,0,0.00,100.00,717.01,1138.00,226.24,911.76,,,1855.01,1628.77,2.12,181.00,383.00,1.35,19482244,2026-09-18T06:13:25Z
A,orig,2e_K500,async_win,128,8,0,0.00,100.00,659.75,1019.60,232.09,695.08,92.43,446.00,1679.35,1354.83,2.14,181.00,385.00,1.35,19483520,2026-09-18T06:13:26Z
A,orig,2f_top14,async,128,8,0,0.00,100.00,608.80,305.95,226.15,79.81,,,914.75,688.61,2.14,189.00,257.00,1.35,19483392,2026-09-18T06:13:26Z
A,orig,2f_top14,async_win,128,8,0,0.00,100.00,562.75,303.76,222.33,19.77,61.67,13.00,866.51,582.52,2.12,189.00,257.00,1.35,19484236,2026-09-18T06:13:26Z
A,orig,2f_top28,async,128,8,0,0.00,100.00,600.50,326.09,226.81,99.29,,,926.59,699.79,2.24,192.00,266.00,1.35,19485040,2026-09-18T06:13:27Z
A,orig,2f_top28,async_win,128,8,0,0.00,100.00,604.84,327.91,224.65,39.53,63.72,27.00,932.75,644.37,2.16,192.00,266.00,1.35,19484740,2026-09-18T06:13:27Z
A,orig,2f_top100,async,128,8,0,0.00,100.00,592.46,433.04,224.27,208.77,,,1025.50,801.23,2.13,184.00,306.00,1.35,19485040,2026-09-18T06:13:27Z
A,orig,2f_top100,async_win,128,8,0,0.00,100.00,596.81,418.48,226.43,125.39,66.67,98.00,1015.29,722.20,2.15,184.00,306.00,1.35,19486012,2026-09-18T06:13:27Z
A,orig,2f_top500,async,128,8,0,0.00,100.00,592.77,1107.53,226.85,880.69,,,1700.30,1473.46,2.11,181.00,385.00,1.35,19485572,2026-09-18T06:13:28Z
A,orig,2f_top500,async_win,128,8,0,0.00,100.00,535.01,1010.63,230.59,685.55,94.49,438.00,1545.64,1220.56,2.22,181.00,387.00,1.33,19485584,2026-09-18T06:13:28Z
A,orig,2f_slru,async,128,8,0,0.00,100.00,99.43,7272.49,228.79,7043.70,,,7371.92,7143.13,1.58,0.00,278.00,1.33,19484492,2026-09-18T06:13:28Z
A,orig,2f_slru,async_win,128,8,0,0.00,97.10,97.84,2704.82,224.85,2082.93,397.04,139.00,2802.66,2180.77,1.60,0.00,278.00,1.33,19484276,2026-09-18T06:13:29Z
A,orig,leaf_freq_K10,async,128,8,0,0.00,100.00,834.44,300.98,226.62,74.36,,,1135.42,908.80,2.17,192.00,247.00,1.33,19486524,2026-09-18T06:13:29Z
A,orig,leaf_freq_K10,async_win,128,8,0,0.00,100.00,904.39,305.90,228.15,15.41,62.35,10.00,1210.29,919.80,2.17,192.00,247.00,1.33,19486792,2026-09-18T06:13:29Z
A,orig,leaf_rand_K10,async,128,8,0,0.00,100.00,842.24,307.70,229.22,78.48,,,1149.94,920.72,2.23,190.00,246.00,1.33,19487020,2026-09-18T06:13:30Z
A,orig,leaf_rand_K10,async_win,128,8,0,0.00,100.00,876.43,305.57,226.46,18.15,60.97,10.00,1182.00,894.58,2.16,190.00,246.00,1.33,19487016,2026-09-18T06:13:30Z
A,orig,learned_markov_14,async,128,8,0,0.00,100.00,541.61,314.57,227.57,87.00,,,856.18,628.61,2.18,187.00,256.00,1.33,19487392,2026-09-18T06:13:30Z
A,orig,learned_markov_14,async_win,128,8,0,0.00,100.00,534.84,314.88,229.90,20.21,64.77,13.00,849.72,555.05,2.24,187.00,256.00,1.33,19487000,2026-09-18T06:13:31Z
A,orig,learned_markov_28,async,128,8,0,0.00,100.00,531.92,332.93,226.92,106.01,,,864.85,637.93,2.15,187.00,259.00,1.33,19486368,2026-09-18T06:13:31Z
A,orig,learned_markov_28,async_win,128,8,0,0.00,100.00,535.65,327.82,225.40,40.22,62.20,26.00,863.47,575.87,2.15,187.00,259.00,1.33,19487796,2026-09-18T06:13:31Z
B,orig,layers_5,async,128,8,0,0.00,100.00,1002.22,299.26,229.01,70.25,,,1301.48,1072.47,2.21,193.00,254.00,1.33,19488664,2026-09-18T06:13:32Z
B,orig,layers_5,async_win,128,8,0,0.00,100.00,1009.16,296.78,227.49,8.38,60.91,2.00,1305.94,1017.54,2.19,193.00,254.00,1.33,19488708,2026-09-18T06:13:32Z
B,orig,layers_92,async,128,8,0,0.00,100.00,660.08,438.01,225.88,212.13,,,1098.09,872.21,2.23,194.00,260.00,1.33,19489624,2026-09-18T06:13:32Z
B,orig,layers_92,async_win,128,8,0,0.00,100.00,670.26,412.62,228.88,118.07,65.66,87.00,1082.88,788.33,2.26,194.00,260.00,1.33,19489792,2026-09-18T06:13:33Z
B,orig,2d,async,128,8,0,0.00,100.00,665.94,310.06,226.39,83.68,,,976.00,749.62,2.23,194.00,260.00,1.38,19489024,2026-09-18T06:13:33Z
B,orig,2d,async_win,128,8,0,0.00,100.00,597.24,309.67,224.88,23.15,61.64,13.00,906.91,620.39,2.17,194.00,260.00,1.38,19489980,2026-09-18T06:13:33Z
B,orig,2e_K10,async,128,8,0,0.00,100.00,526.76,324.15,226.88,97.27,,,850.91,624.03,2.21,194.00,260.00,1.38,19490840,2026-09-18T06:13:34Z
B,orig,2e_K10,async_win,128,8,0,0.00,100.00,657.17,326.62,227.41,36.72,62.50,23.00,983.79,693.89,2.21,194.00,260.00,1.38,19490132,2026-09-18T06:13:34Z
B,orig,2e_K500,async,128,8,0,0.00,100.00,182.74,1128.17,224.56,903.61,,,1310.91,1086.35,2.20,183.00,331.00,1.38,19485360,2026-09-18T06:13:34Z
B,orig,2e_K500,async_win,128,8,0,0.00,100.00,183.24,1015.99,224.90,698.65,92.43,449.00,1199.23,881.89,2.15,183.00,332.00,1.38,19486340,2026-09-18T06:13:35Z
B,orig,2f_top14,async,128,8,0,0.00,100.00,627.64,305.60,226.02,79.58,,,933.24,707.22,2.16,194.00,260.00,1.38,19487128,2026-09-18T06:13:35Z
B,orig,2f_top14,async_win,128,8,0,0.00,100.00,632.51,306.06,225.00,18.75,62.30,13.00,938.57,651.26,2.29,194.00,260.00,1.38,19485796,2026-09-18T06:13:35Z
B,orig,2f_top28,async,128,8,0,0.00,100.00,661.92,328.71,226.43,102.28,,,990.63,764.20,2.22,194.00,259.00,1.38,19486184,2026-09-18T06:13:36Z
B,orig,2f_top28,async_win,128,8,0,0.00,100.00,644.85,328.67,225.08,41.33,62.26,27.00,973.52,686.18,2.21,194.00,259.00,1.38,19485876,2026-09-18T06:13:36Z
B,orig,2f_top100,async,128,8,0,0.00,100.00,182.91,501.70,315.86,185.84,,,684.61,368.75,2.37,193.00,275.00,1.38,19484612,2026-09-18T06:13:36Z
B,orig,2f_top100,async_win,128,8,0,0.00,100.00,186.58,421.92,225.06,130.66,66.20,94.00,608.50,317.24,2.20,193.00,275.00,1.38,19480560,2026-09-18T06:13:37Z
B,orig,2f_top500,async,128,8,0,0.00,100.00,187.71,1107.37,227.17,880.21,,,1295.08,1067.92,2.16,183.00,337.00,1.38,19481372,2026-09-18T06:13:37Z
B,orig,2f_top500,async_win,128,8,0,0.00,100.00,183.97,1023.87,228.04,704.52,91.30,438.00,1207.84,888.49,2.15,183.00,338.00,1.38,19481112,2026-09-18T06:13:37Z
B,orig,2f_slru,async,128,8,0,0.00,100.00,97.90,7277.35,226.39,7050.97,,,7375.25,7148.87,1.66,0.00,278.00,1.38,19480008,2026-09-18T06:13:37Z
B,orig,2f_slru,async_win,128,8,0,0.00,92.00,97.42,2679.00,225.27,2047.07,406.65,138.00,2776.42,2144.49,1.63,0.00,278.00,1.38,19481236,2026-09-18T06:13:38Z
B,orig,leaf_freq_K10,async,128,8,0,0.00,100.00,1004.61,300.95,226.39,74.56,,,1305.56,1079.17,2.20,192.00,251.00,1.35,19482100,2026-09-18T06:13:38Z
B,orig,leaf_freq_K10,async_win,128,8,0,0.00,100.00,987.17,306.57,229.27,15.40,61.90,10.00,1293.74,1002.57,2.21,192.00,251.00,1.35,19482852,2026-09-18T06:13:38Z
B,orig,leaf_rand_K10,async,128,8,0,0.00,100.00,1070.18,307.77,227.65,80.12,,,1377.95,1150.30,2.27,192.00,251.00,1.35,19483900,2026-09-18T06:13:39Z
B,orig,leaf_rand_K10,async_win,128,8,0,0.00,100.00,1019.12,303.66,227.33,15.47,60.87,10.00,1322.78,1034.59,2.24,192.00,251.00,1.35,19481676,2026-09-18T06:13:39Z
B,orig,learned_markov_14,async,128,8,0,0.00,100.00,661.74,314.48,233.56,80.92,,,976.22,742.66,2.19,194.00,259.00,1.35,19463880,2026-09-18T06:13:39Z
B,orig,learned_markov_14,async_win,128,8,0,0.00,100.00,664.99,316.37,236.34,17.91,62.12,13.00,981.36,682.90,2.28,194.00,259.00,1.35,19471336,2026-09-18T06:13:40Z
B,orig,learned_markov_28,async,128,8,0,0.00,100.00,677.87,343.62,236.18,107.43,,,1021.49,785.30,2.22,193.00,264.00,1.35,19491152,2026-09-18T06:13:40Z
B,orig,learned_markov_28,async_win,128,8,0,0.00,100.00,658.82,330.27,227.92,40.14,62.22,26.00,989.09,698.96,2.21,193.00,264.00,1.35,19493064,2026-09-18T06:13:40Z
C,orig,layers_5,async,128,8,0,0.00,100.00,987.26,311.05,241.71,69.34,,,1298.31,1056.60,1.60,20.00,28.00,1.35,19492396,2026-09-18T06:13:41Z
C,orig,layers_5,async_win,128,8,0,0.00,100.00,1023.01,306.64,238.10,7.46,61.08,2.00,1329.65,1030.47,1.62,20.00,28.00,1.35,19492872,2026-09-18T06:13:41Z
C,orig,layers_92,async,128,8,0,0.00,100.00,647.31,434.44,236.11,198.32,,,1081.75,845.63,1.62,20.00,30.00,1.35,19492068,2026-09-18T06:13:41Z
C,orig,layers_92,async_win,128,8,0,0.00,100.00,669.56,429.29,233.95,129.76,65.57,87.00,1098.85,799.32,1.60,20.00,30.00,1.35,19492924,2026-09-18T06:13:41Z
C,orig,2d,async,128,8,0,0.00,100.00,872.02,302.12,234.62,67.50,,,1174.14,939.52,1.73,20.00,30.00,1.35,19493444,2026-09-18T06:13:42Z
C,orig,2d,async_win,128,8,0,0.00,100.00,598.82,299.83,232.12,6.60,61.12,2.00,898.65,605.42,1.61,20.00,30.00,1.35,19494512,2026-09-18T06:13:42Z
C,orig,2e_K10,async,128,8,0,0.00,100.00,545.17,313.90,232.15,81.75,,,859.07,626.92,1.60,20.00,33.00,1.35,19496052,2026-09-18T06:13:42Z
C,orig,2e_K10,async_win,128,8,0,0.00,100.00,657.23,311.38,234.11,16.61,60.66,8.00,968.61,673.84,1.59,20.00,33.00,1.35,19495864,2026-09-18T06:13:42Z
C,orig,2e_K500,async,128,8,0,0.00,67.50,180.05,712.83,232.15,480.68,,,892.88,660.73,1.54,0.00,37.00,1.35,19496144,2026-09-18T06:13:43Z
C,orig,2e_K500,async_win,128,8,0,0.00,45.90,185.01,535.35,232.79,220.60,81.95,90.00,720.36,405.61,1.57,0.00,37.00,1.32,19495584,2026-09-18T06:13:43Z
C,orig,2f_top14,async,128,8,0,0.00,100.00,607.34,312.18,234.32,77.86,,,919.52,685.20,1.60,20.00,35.00,1.32,19496588,2026-09-18T06:13:43Z
C,orig,2f_top14,async_win,128,8,0,0.00,100.00,627.76,308.16,232.13,15.38,60.65,9.00,935.92,643.14,1.60,20.00,35.00,1.32,19497748,2026-09-18T06:13:44Z
C,orig,2f_top28,async,128,8,0,0.00,100.00,549.03,334.82,234.31,100.51,,,883.85,649.54,1.61,19.00,35.00,1.32,19498060,2026-09-18T06:13:44Z
C,orig,2f_top28,async_win,128,8,0,0.00,100.00,631.62,322.00,233.03,26.38,62.60,13.00,953.62,658.00,1.58,19.00,35.00,1.32,19495744,2026-09-18T06:13:44Z
C,orig,2f_top100,async,128,8,0,0.00,100.00,545.61,426.06,234.88,191.18,,,971.67,736.79,1.59,14.00,36.00,1.32,19497588,2026-09-18T06:13:44Z
C,orig,2f_top100,async_win,128,8,0,0.00,100.00,528.08,370.27,232.57,72.00,65.70,32.00,898.35,600.08,1.58,14.00,36.00,1.32,19498624,2026-09-18T06:13:45Z
C,orig,2f_top500,async,128,8,0,0.00,100.00,97.13,1032.93,234.37,798.56,,,1130.06,895.69,1.56,0.00,37.00,1.32,19499636,2026-09-18T06:13:45Z
C,orig,2f_top500,async_win,128,8,0,0.00,100.00,98.50,533.94,233.59,211.42,88.94,15.00,632.44,309.92,1.53,0.00,37.00,1.32,19478364,2026-09-18T06:13:45Z
C,orig,2f_slru,async,128,8,0,0.00,100.00,97.45,1081.78,235.27,846.51,,,1179.23,943.96,1.55,0.00,37.00,1.32,19474196,2026-09-18T06:13:45Z
C,orig,2f_slru,async_win,128,8,0,0.00,100.00,92.98,536.55,233.16,215.51,87.89,15.00,629.53,308.49,1.55,0.00,37.00,1.32,19474452,2026-09-18T06:13:46Z
C,orig,leaf_freq_K10,async,128,8,0,0.00,100.00,1101.94,305.01,230.99,74.02,,,1406.95,1175.96,1.62,20.00,31.00,1.32,19473160,2026-09-18T06:13:46Z
C,orig,leaf_freq_K10,async_win,128,8,0,0.00,100.00,1020.58,306.77,233.29,12.53,60.94,6.00,1327.35,1033.11,1.60,20.00,31.00,1.32,19472536,2026-09-18T06:13:46Z
C,orig,leaf_rand_K10,async,128,8,0,0.00,100.00,1030.24,303.30,228.69,74.61,,,1333.54,1104.85,1.62,20.00,28.00,1.32,19472424,2026-09-18T06:13:46Z
C,orig,leaf_rand_K10,async_win,128,8,0,0.00,100.00,1053.53,308.84,232.40,15.07,61.38,10.00,1362.37,1068.60,1.59,20.00,28.00,1.32,19472492,2026-09-18T06:13:47Z
C,orig,learned_markov_14,async,128,8,0,0.00,100.00,631.93,314.13,236.47,77.67,,,946.06,709.60,1.59,20.00,35.00,1.32,19472552,2026-09-18T06:13:47Z
C,orig,learned_markov_14,async_win,128,8,0,0.00,100.00,631.85,312.02,231.93,18.03,62.06,9.00,943.87,649.88,1.60,20.00,36.00,1.32,19472252,2026-09-18T06:13:47Z
C,orig,learned_markov_28,async,128,8,0,0.00,100.00,597.10,330.19,231.30,98.89,,,927.29,695.99,1.61,19.00,35.00,1.32,19472932,2026-09-18T06:13:48Z
C,orig,learned_markov_28,async_win,128,8,0,0.00,100.00,608.18,321.99,229.13,26.87,65.98,13.00,930.17,635.05,1.61,19.00,35.00,1.32,19473148,2026-09-18T06:13:48Z
C_hit,orig,layers_5,async,128,8,0,0.00,100.00,982.12,301.88,233.27,68.61,,,1284.00,1050.73,1.70,41.00,57.00,1.29,19473476,2026-09-18T06:13:48Z
C_hit,orig,layers_5,async_win,128,8,0,0.00,100.00,937.52,297.65,228.61,7.67,61.37,2.00,1235.17,945.19,1.69,41.00,57.00,1.29,19474696,2026-09-18T06:13:48Z
C_hit,orig,layers_92,async,128,8,0,0.00,100.00,630.16,432.48,232.17,200.32,,,1062.64,830.48,1.70,39.00,60.00,1.29,19474844,2026-09-18T06:13:49Z
C_hit,orig,layers_92,async_win,128,8,0,0.00,100.00,629.45,416.75,233.48,111.60,71.67,87.00,1046.20,741.05,1.68,39.00,60.00,1.29,19474564,2026-09-18T06:13:49Z
C_hit,orig,2d,async,128,8,0,0.00,100.00,602.80,301.87,232.30,69.57,,,904.67,672.37,1.67,39.00,60.00,1.29,19475668,2026-09-18T06:13:49Z
C_hit,orig,2d,async_win,128,8,0,0.00,100.00,1188.56,303.02,233.20,8.04,61.78,3.00,1491.58,1196.60,1.70,39.00,60.00,1.29,19476968,2026-09-18T06:13:49Z
C_hit,orig,2e_K10,async,128,8,0,0.00,100.00,594.39,316.27,235.00,81.27,,,910.66,675.66,1.66,39.00,61.00,1.29,19476612,2026-09-18T06:13:50Z
C_hit,orig,2e_K10,async_win,128,8,0,0.00,100.00,600.32,310.79,234.35,15.00,61.44,6.00,911.11,615.32,1.69,39.00,61.00,1.29,19477460,2026-09-18T06:13:50Z
C_hit,orig,2e_K500,async,128,8,0,0.00,57.40,179.73,934.28,233.49,700.79,,,1114.01,880.52,1.60,11.00,59.00,1.29,19480256,2026-09-18T06:13:50Z
C_hit,orig,2e_K500,async_win,128,8,0,0.00,39.00,183.88,670.38,232.96,344.97,92.45,139.00,854.26,528.85,1.62,11.00,59.00,1.29,19462648,2026-09-18T06:13:50Z
C_hit,orig,2f_top14,async,128,8,0,0.00,100.00,531.58,323.91,242.72,81.19,,,855.49,612.77,1.71,39.00,61.00,1.29,19464528,2026-09-18T06:13:51Z
C_hit,orig,2f_top14,async_win,128,8,0,0.00,100.00,596.05,307.71,230.08,15.64,61.99,6.00,903.76,611.69,1.73,39.00,61.00,1.29,19464640,2026-09-18T06:13:51Z
C_hit,orig,2f_top28,async,128,8,0,0.00,100.00,626.74,321.75,225.57,96.17,,,948.49,722.91,1.68,39.00,60.00,1.29,19466156,2026-09-18T06:13:51Z
C_hit,orig,2f_top28,async_win,128,8,0,0.00,100.00,610.05,321.05,233.56,24.94,62.56,8.00,931.10,634.99,1.70,39.00,60.00,1.29,19466692,2026-09-18T06:13:52Z
C_hit,orig,2f_top100,async,128,8,0,0.00,100.00,664.79,407.23,231.13,176.09,,,1072.02,840.88,1.70,34.00,62.00,1.29,19466948,2026-09-18T06:13:52Z
C_hit,orig,2f_top100,async_win,128,8,0,0.00,100.00,608.02,375.08,231.98,76.70,66.41,28.00,983.10,684.72,1.67,34.00,62.00,1.29,19467232,2026-09-18T06:13:52Z
C_hit,orig,2f_top500,async,128,8,0,0.00,73.20,186.06,920.22,232.75,687.47,,,1106.28,873.53,1.63,11.00,60.00,1.29,19467252,2026-09-18T06:13:52Z
C_hit,orig,2f_top500,async_win,128,8,0,0.00,39.00,179.18,702.88,229.74,383.14,90.00,138.00,882.06,562.32,1.60,11.00,60.00,1.29,19467788,2026-09-18T06:13:53Z
C_hit,orig,2f_slru,async,128,8,0,0.00,100.00,94.99,1611.42,233.67,1377.75,,,1706.41,1472.74,1.56,0.00,62.00,1.27,19468608,2026-09-18T06:13:53Z
C_hit,orig,2f_slru,async_win,128,8,0,0.00,100.00,94.44,762.63,227.99,407.44,127.21,29.00,857.07,501.88,1.58,0.00,62.00,1.27,19468096,2026-09-18T06:13:53Z
C_hit,orig,leaf_freq_K10,async,128,8,0,0.00,100.00,930.28,306.54,233.13,73.41,,,1236.82,1003.69,1.70,41.00,57.00,1.27,19468884,2026-09-18T06:13:54Z
C_hit,orig,leaf_freq_K10,async_win,128,8,0,0.00,100.00,922.06,303.70,232.59,10.71,60.40,3.00,1225.76,932.77,1.68,41.00,57.00,1.27,19467720,2026-09-18T06:13:54Z
C_hit,orig,leaf_rand_K10,async,128,8,0,0.00,100.00,982.88,310.53,233.81,76.72,,,1293.41,1059.60,1.67,41.00,57.00,1.27,19467520,2026-09-18T06:13:54Z
C_hit,orig,leaf_rand_K10,async_win,128,8,0,0.00,100.00,915.02,311.36,233.53,16.87,60.95,10.00,1226.38,931.89,1.68,41.00,57.00,1.27,19468972,2026-09-18T06:13:54Z
C_hit,orig,learned_markov_14,async,128,8,0,0.00,100.00,514.07,311.60,233.21,78.39,,,825.67,592.46,1.68,39.00,61.00,1.27,19469940,2026-09-18T06:13:55Z
C_hit,orig,learned_markov_14,async_win,128,8,0,0.00,100.00,630.85,310.31,232.49,15.79,62.04,6.00,941.16,646.64,1.69,39.00,61.00,1.27,19470456,2026-09-18T06:13:55Z
C_hit,orig,learned_markov_28,async,128,8,0,0.00,100.00,606.44,331.54,233.12,98.42,,,937.98,704.86,1.68,39.00,60.00,1.27,19470704,2026-09-18T06:13:55Z
C_hit,orig,learned_markov_28,async_win,128,8,0,0.00,100.00,542.36,319.77,234.09,24.10,61.59,8.00,862.13,566.46,1.67,39.00,60.00,1.27,19471140,2026-09-18T06:13:55Z
A,orig,baseline,baseline,128,9,0,0.00,0.00,891.93,0.00,0.00,0.00,,,891.93,891.93,2.21,190.00,246.00,1.27,19454644,2026-09-18T06:13:56Z
B,orig,baseline,baseline,128,9,0,0.00,0.00,1542.56,0.00,0.00,0.00,,,1542.56,1542.56,2.26,192.00,251.00,1.27,19455744,2026-09-18T06:13:56Z
C,orig,baseline,baseline,128,9,0,0.00,0.00,1054.12,0.00,0.00,0.00,,,1054.12,1054.12,1.61,20.00,28.00,1.27,19458444,2026-09-18T06:13:56Z
C_hit,orig,baseline,baseline,128,9,0,0.00,0.00,1005.19,0.00,0.00,0.00,,,1005.19,1005.19,1.68,41.00,57.00,1.27,19459264,2026-09-18T06:13:57Z
A,orig,layers_5,async,128,9,0,0.00,100.00,859.18,295.96,226.25,69.71,,,1155.14,928.89,2.17,190.00,245.00,1.27,19459212,2026-09-18T06:13:57Z
A,orig,layers_5,async_win,128,9,0,0.00,100.00,859.71,295.19,226.71,7.96,60.52,2.00,1154.90,867.67,2.18,190.00,245.00,1.27,19461916,2026-09-18T06:13:57Z
A,orig,layers_92,async,128,9,0,0.00,100.00,559.12,637.73,435.35,202.38,,,1196.85,761.50,2.14,187.00,257.00,1.27,19461124,2026-09-18T06:13:58Z
A,orig,layers_92,async_win,128,9,0,0.00,100.00,597.78,418.19,227.85,124.33,66.00,87.00,1015.97,722.11,2.19,187.00,257.00,1.25,19461784,2026-09-18T06:13:58Z
A,orig,2d,async,128,9,0,0.00,100.00,502.81,311.53,227.14,84.39,,,814.34,587.20,2.13,187.00,257.00,1.25,19463496,2026-09-18T06:13:58Z
A,orig,2d,async_win,128,9,0,0.00,100.00,528.80,400.11,231.59,22.00,146.52,13.00,928.91,550.80,2.21,187.00,257.00,1.25,19463392,2026-09-18T06:13:59Z
A,orig,2e_K10,async,128,9,0,0.00,100.00,595.06,328.69,224.86,103.83,,,923.75,698.89,2.17,190.00,259.00,1.25,19466508,2026-09-18T06:13:59Z
A,orig,2e_K10,async_win,128,9,0,0.00,100.00,567.81,330.50,230.50,37.97,62.03,23.00,898.31,605.78,2.16,190.00,259.00,1.25,19466904,2026-09-18T06:13:59Z
A,orig,2e_K500,async,128,9,0,0.00,100.00,940.93,1094.70,227.66,867.04,,,2035.63,1807.97,2.13,181.00,386.00,1.25,19469972,2026-09-18T06:14:00Z
A,orig,2e_K500,async_win,128,9,0,0.00,100.00,720.10,1051.31,225.78,732.98,92.55,446.00,1771.41,1453.08,2.13,181.00,386.00,1.25,19470020,2026-09-18T06:14:00Z
A,orig,2f_top14,async,128,9,0,0.00,100.00,598.23,306.74,225.89,80.84,,,904.97,679.07,2.18,189.00,257.00,1.25,19470176,2026-09-18T06:14:00Z
A,orig,2f_top14,async_win,128,9,0,0.00,100.00,577.01,312.16,229.41,19.81,62.94,13.00,889.17,596.82,2.25,189.00,257.00,1.25,19482992,2026-09-18T06:14:01Z
A,orig,2f_top28,async,128,9,0,0.00,100.00,593.78,322.85,221.70,101.15,,,916.63,694.93,2.18,192.00,266.00,1.25,19483800,2026-09-18T06:14:01Z
A,orig,2f_top28,async_win,128,9,0,0.00,100.00,562.28,329.12,226.91,38.68,63.53,27.00,891.40,600.96,2.14,192.00,266.00,1.25,19484428,2026-09-18T06:14:01Z
A,orig,2f_top100,async,128,9,0,0.00,100.00,602.13,434.54,229.00,205.54,,,1036.67,807.67,2.18,184.00,306.00,1.25,19474032,2026-09-18T06:14:01Z
A,orig,2f_top100,async_win,128,9,0,0.00,100.00,602.16,436.41,228.27,141.42,66.73,98.00,1038.57,743.58,2.17,184.00,306.00,1.25,19474996,2026-09-18T06:14:02Z
A,orig,2f_top500,async,128,9,0,0.00,100.00,714.35,1089.11,226.10,863.00,,,1803.46,1577.35,2.11,181.00,384.00,1.25,19476040,2026-09-18T06:14:02Z
A,orig,2f_top500,async_win,128,9,0,0.00,100.00,715.15,1005.89,226.34,688.01,91.54,438.00,1721.04,1403.16,2.12,181.00,386.00,1.25,19477472,2026-09-18T06:14:02Z
A,orig,2f_slru,async,128,9,0,0.00,100.00,97.38,7240.96,223.71,7017.25,,,7338.34,7114.63,1.60,0.00,278.00,1.25,19475352,2026-09-18T06:14:03Z
A,orig,2f_slru,async_win,128,9,0,0.00,83.10,96.83,2572.73,238.65,1925.66,408.42,139.00,2669.56,2022.49,1.59,0.00,278.00,1.23,19477808,2026-09-18T06:14:03Z
A,orig,leaf_freq_K10,async,128,9,0,0.00,100.00,932.08,313.06,236.93,76.13,,,1245.14,1008.21,2.20,192.00,247.00,1.23,19482440,2026-09-18T06:14:03Z
A,orig,leaf_freq_K10,async_win,128,9,0,0.00,100.00,900.74,302.92,226.03,16.34,60.54,10.00,1203.66,917.08,2.15,192.00,247.00,1.23,19483036,2026-09-18T06:14:04Z
A,orig,leaf_rand_K10,async,128,9,0,0.00,100.00,936.02,303.99,227.91,76.08,,,1240.01,1012.10,2.18,190.00,246.00,1.23,19482464,2026-09-18T06:14:04Z
A,orig,leaf_rand_K10,async_win,128,9,0,0.00,100.00,874.50,303.90,226.51,15.87,61.52,10.00,1178.40,890.37,2.19,190.00,246.00,1.23,19485964,2026-09-18T06:14:04Z
A,orig,learned_markov_14,async,128,9,0,0.00,100.00,533.90,302.22,223.58,78.64,,,836.12,612.54,2.18,187.00,256.00,1.23,19486428,2026-09-18T06:14:05Z
A,orig,learned_markov_14,async_win,128,9,0,0.00,100.00,561.69,309.53,228.21,19.07,62.26,13.00,871.22,580.76,2.17,187.00,256.00,1.23,19486824,2026-09-18T06:14:05Z
A,orig,learned_markov_28,async,128,9,0,0.00,100.00,541.95,325.81,225.99,99.83,,,867.76,641.78,2.19,187.00,259.00,1.23,19487836,2026-09-18T06:14:05Z
A,orig,learned_markov_28,async_win,128,9,0,0.00,100.00,536.34,334.56,235.01,34.78,64.76,26.00,870.90,571.12,2.31,187.00,259.00,1.23,19485592,2026-09-18T06:14:06Z
B,orig,layers_5,async,128,9,0,0.00,100.00,1050.81,296.59,227.57,69.02,,,1347.40,1119.83,2.25,193.00,254.00,1.23,19478764,2026-09-18T06:14:06Z
B,orig,layers_5,async_win,128,9,0,0.00,100.00,1041.51,291.21,223.67,7.12,60.41,2.00,1332.72,1048.63,2.21,193.00,254.00,1.23,19479504,2026-09-18T06:14:06Z
B,orig,layers_92,async,128,9,0,0.00,100.00,662.04,412.66,229.57,183.08,,,1074.70,845.12,2.27,194.00,260.00,1.23,19480416,2026-09-18T06:14:07Z
B,orig,layers_92,async_win,128,9,0,0.00,100.00,663.90,427.37,226.55,135.66,65.16,87.00,1091.27,799.56,2.23,194.00,260.00,1.23,19480296,2026-09-18T06:14:07Z
B,orig,2d,async,128,9,0,0.00,100.00,662.63,313.69,229.27,84.42,,,976.32,747.05,2.22,194.00,260.00,1.23,19480084,2026-09-18T06:14:07Z
B,orig,2d,async_win,128,9,0,0.00,100.00,662.70,317.17,229.41,22.81,64.94,13.00,979.87,685.51,2.28,194.00,260.00,1.23,19472412,2026-09-18T06:14:08Z
B,orig,2e_K10,async,128,9,0,0.00,100.00,662.20,332.00,228.67,103.33,,,994.20,765.53,2.22,194.00,260.00,1.21,19473304,2026-09-18T06:14:08Z
B,orig,2e_K10,async_win,128,9,0,0.00,100.00,628.47,326.34,223.90,40.23,62.22,23.00,954.81,668.70,2.22,194.00,260.00,1.21,19472692,2026-09-18T06:14:08Z
B,orig,2e_K500,async,128,9,0,0.00,100.00,181.90,1094.25,234.09,860.16,,,1276.15,1042.06,2.27,183.00,331.00,1.21,19473248,2026-09-18T06:14:09Z
B,orig,2e_K500,async_win,128,9,0,0.00,100.00,183.50,1063.43,229.24,741.88,92.31,449.00,1246.93,925.38,2.14,183.00,331.00,1.21,19473752,2026-09-18T06:14:09Z
B,orig,2f_top14,async,128,9,0,0.00,100.00,661.05,305.52,224.80,80.72,,,966.57,741.77,2.23,194.00,260.00,1.21,19474384,2026-09-18T06:14:09Z
B,orig,2f_top14,async_win,128,9,0,0.00,100.00,660.13,307.33,226.39,19.93,61.01,13.00,967.46,680.06,2.23,194.00,260.00,1.21,19474948,2026-09-18T06:14:10Z
B,orig,2f_top28,async,128,9,0,0.00,100.00,596.35,332.50,227.03,105.48,,,928.85,701.83,2.16,194.00,259.00,1.21,19477620,2026-09-18T06:14:10Z
B,orig,2f_top28,async_win,128,9,0,0.00,100.00,663.48,335.86,223.64,49.86,62.36,27.00,999.34,713.34,2.18,194.00,259.00,1.21,19477272,2026-09-18T06:14:10Z
B,orig,2f_top100,async,128,9,0,0.00,100.00,182.04,421.42,227.61,193.81,,,603.46,375.85,2.22,193.00,275.00,1.21,19477348,2026-09-18T06:14:11Z
B,orig,2f_top100,async_win,128,9,0,0.00,100.00,183.10,418.20,224.99,127.71,65.49,94.00,601.30,310.81,2.21,193.00,274.00,1.21,19477696,2026-09-18T06:14:11Z
B,orig,2f_top500,async,128,9,0,0.00,100.00,183.32,1113.58,224.98,888.60,,,1296.90,1071.92,2.15,183.00,337.00,1.21,19478192,2026-09-18T06:14:11Z
B,orig,2f_top500,async_win,128,9,0,0.00,100.00,184.12,995.54,227.42,677.01,91.11,438.00,1179.66,861.13,2.16,183.00,337.00,1.21,19478332,2026-09-18T06:14:12Z
B,orig,2f_slru,async,128,9,0,0.00,100.00,98.39,7247.01,225.39,7021.62,,,7345.40,7120.01,1.62,0.00,278.00,1.21,19475644,2026-09-18T06:14:12Z
B,orig,2f_slru,async_win,128,9,0,0.00,79.00,100.13,2587.20,226.53,1945.45,415.23,138.00,2687.33,2045.58,1.64,0.00,278.00,1.21,19476576,2026-09-18T06:14:12Z
B,orig,leaf_freq_K10,async,128,9,0,0.00,100.00,1019.55,299.94,225.51,74.43,,,1319.49,1093.98,2.22,192.00,251.00,1.21,19479280,2026-09-18T06:14:12Z
B,orig,leaf_freq_K10,async_win,128,9,0,0.00,100.00,1080.77,301.74,226.03,14.10,61.62,10.00,1382.51,1094.87,2.25,192.00,251.00,1.21,19459180,2026-09-18T06:14:13Z
B,orig,leaf_rand_K10,async,128,9,0,0.00,100.00,1063.81,301.03,225.84,75.19,,,1364.84,1139.00,2.23,192.00,251.00,1.19,19464300,2026-09-18T06:14:13Z
B,orig,leaf_rand_K10,async_win,128,9,0,0.00,100.00,950.18,300.91,224.09,15.23,61.59,10.00,1251.09,965.41,2.20,192.00,251.00,1.19,19467316,2026-09-18T06:14:13Z
B,orig,learned_markov_14,async,128,9,0,0.00,100.00,629.75,312.52,233.20,79.32,,,942.27,709.07,2.20,194.00,259.00,1.19,19467608,2026-09-18T06:14:14Z
B,orig,learned_markov_14,async_win,128,9,0,0.00,100.00,664.66,314.49,234.05,19.87,60.57,13.00,979.15,684.53,2.24,194.00,259.00,1.19,19468976,2026-09-18T06:14:14Z
B,orig,learned_markov_28,async,128,9,0,0.00,100.00,663.34,287.20,186.76,100.44,,,950.54,763.78,2.24,193.00,265.00,1.19,19469464,2026-09-18T06:14:14Z
B,orig,learned_markov_28,async_win,128,9,0,0.00,100.00,667.40,371.70,270.25,35.94,65.51,26.00,1039.10,703.34,2.39,193.00,264.00,1.19,19471016,2026-09-18T06:14:15Z
C,orig,layers_5,async,128,9,0,0.00,100.00,1013.85,295.96,227.07,68.89,,,1309.81,1082.74,1.62,20.00,28.00,1.19,19472184,2026-09-18T06:14:15Z
C,orig,layers_5,async_win,128,9,0,0.00,100.00,986.19,299.10,229.31,8.06,61.73,2.00,1285.29,994.25,1.60,20.00,28.00,1.19,19470940,2026-09-18T06:14:15Z
C,orig,layers_92,async,128,9,0,0.00,100.00,638.18,436.34,224.85,211.49,,,1074.52,849.67,1.61,20.00,30.00,1.19,19471948,2026-09-18T06:14:16Z
C,orig,layers_92,async_win,128,9,0,0.00,100.00,658.47,435.12,243.35,120.89,70.88,87.00,1093.59,779.36,1.61,20.00,30.00,1.19,19472132,2026-09-18T06:14:16Z
C,orig,2d,async,128,9,0,0.00,100.00,604.29,293.26,225.00,68.26,,,897.55,672.55,1.61,20.00,30.00,1.19,19472868,2026-09-18T06:14:16Z
C,orig,2d,async_win,128,9,0,0.00,100.00,639.91,297.57,226.10,6.48,64.98,2.00,937.48,646.39,1.60,20.00,30.00,1.19,19472652,2026-09-18T06:14:16Z
C,orig,2e_K10,async,128,9,0,0.00,100.00,664.39,307.78,224.59,83.19,,,972.17,747.58,1.60,20.00,33.00,1.19,19473316,2026-09-18T06:14:17Z
C,orig,2e_K10,async_win,128,9,0,0.00,100.00,632.33,300.65,222.65,16.88,61.12,8.00,932.98,649.21,1.63,20.00,33.00,1.19,19473412,2026-09-18T06:14:17Z
C,orig,2e_K500,async,128,9,0,0.00,69.50,181.40,688.69,224.17,464.52,,,870.09,645.92,1.55,0.00,37.00,1.19,19474060,2026-09-18T06:14:17Z
C,orig,2e_K500,async_win,128,9,0,0.00,57.10,180.95,550.89,225.79,243.24,81.85,90.00,731.84,424.19,1.55,0.00,37.00,1.19,19474988,2026-09-18T06:14:17Z
C,orig,2f_top14,async,128,9,0,0.00,100.00,536.83,305.43,225.76,79.66,,,842.26,616.49,1.60,20.00,35.00,1.19,19474308,2026-09-18T06:14:18Z
C,orig,2f_top14,async_win,128,9,0,0.00,100.00,635.95,304.42,226.44,16.75,61.24,9.00,940.37,652.70,1.63,20.00,35.00,1.26,19465492,2026-09-18T06:14:18Z
C,orig,2f_top28,async,128,9,0,0.00,100.00,668.84,327.43,227.40,100.03,,,996.27,768.87,1.61,19.00,35.00,1.26,19469276,2026-09-18T06:14:18Z
C,orig,2f_top28,async_win,128,9,0,0.00,100.00,515.76,315.01,222.49,30.79,61.74,13.00,830.77,546.55,1.59,19.00,36.00,1.26,19470108,2026-09-18T06:14:18Z
C,orig,2f_top100,async,128,9,0,0.00,100.00,543.04,412.25,233.47,178.79,,,955.29,721.83,1.58,14.00,36.00,1.26,19471576,2026-09-18T06:14:19Z
C,orig,2f_top100,async_win,128,9,0,0.00,100.00,528.91,362.25,221.50,75.61,65.14,32.00,891.16,604.52,1.59,14.00,36.00,1.26,19470612,2026-09-18T06:14:19Z
C,orig,2f_top500,async,128,9,0,0.00,100.00,92.17,961.27,221.71,739.56,,,1053.44,831.73,1.54,0.00,37.00,1.26,19472236,2026-09-18T06:14:19Z
C,orig,2f_top500,async_win,128,9,0,0.00,100.00,94.19,566.82,220.93,253.15,92.75,15.00,661.01,347.34,1.54,0.00,37.00,1.26,19473068,2026-09-18T06:14:20Z
C,orig,2f_slru,async,128,9,0,0.00,100.00,93.85,942.01,224.26,717.75,,,1035.86,811.60,1.54,0.00,37.00,1.26,19473188,2026-09-18T06:14:20Z
C,orig,2f_slru,async_win,128,9,0,0.00,100.00,94.38,558.09,222.29,245.42,90.38,15.00,652.47,339.80,1.54,0.00,37.00,1.26,19473380,2026-09-18T06:14:20Z
C,orig,leaf_freq_K10,async,128,9,0,0.00,100.00,1158.05,298.45,223.72,74.73,,,1456.50,1232.78,1.61,20.00,31.00,1.26,19473384,2026-09-18T06:14:20Z
C,orig,leaf_freq_K10,async_win,128,9,0,0.00,100.00,1002.64,298.50,224.24,13.02,61.23,6.00,1301.14,1015.66,1.62,20.00,31.00,1.26,19474248,2026-09-18T06:14:21Z
C,orig,leaf_rand_K10,async,128,9,0,0.00,100.00,1060.72,298.60,222.85,75.75,,,1359.32,1136.47,1.62,20.00,28.00,1.26,19474340,2026-09-18T06:14:21Z
C,orig,leaf_rand_K10,async_win,128,9,0,0.00,100.00,1025.93,301.48,223.85,15.61,62.02,10.00,1327.41,1041.54,1.59,20.00,28.00,1.26,19474536,2026-09-18T06:14:21Z
C,orig,learned_markov_14,async,128,9,0,0.00,100.00,662.59,303.44,223.01,80.43,,,966.03,743.02,1.63,20.00,35.00,1.26,19474820,2026-09-18T06:14:21Z
C,orig,learned_markov_14,async_win,128,9,0,0.00,100.00,633.73,300.41,223.16,16.41,60.84,9.00,934.14,650.14,1.59,20.00,36.00,1.26,19475580,2026-09-18T06:14:22Z
C,orig,learned_markov_28,async,128,9,0,0.00,100.00,655.79,318.82,222.84,95.98,,,974.61,751.77,1.60,19.00,35.00,1.26,19474920,2026-09-18T06:14:22Z
C,orig,learned_markov_28,async_win,128,9,0,0.00,100.00,535.90,314.96,223.33,28.19,63.44,13.00,850.86,564.09,1.60,19.00,36.00,1.26,19475972,2026-09-18T06:14:22Z
C_hit,orig,layers_5,async,128,9,0,0.00,100.00,979.76,292.68,222.60,70.08,,,1272.44,1049.84,1.70,41.00,57.00,1.26,19477028,2026-09-18T06:14:22Z
C_hit,orig,layers_5,async_win,128,9,0,0.00,100.00,912.73,291.09,219.01,7.06,65.01,2.00,1203.82,919.79,1.68,41.00,57.00,1.26,19478056,2026-09-18T06:14:23Z
C_hit,orig,layers_92,async,128,9,0,0.00,100.00,643.74,426.84,225.74,201.10,,,1070.58,844.84,1.70,39.00,60.00,1.24,19477812,2026-09-18T06:14:23Z
C_hit,orig,layers_92,async_win,128,9,0,0.00,100.00,636.85,416.22,224.49,125.17,66.56,87.00,1053.07,762.02,1.73,39.00,60.00,1.24,19477196,2026-09-18T06:14:23Z
C_hit,orig,2d,async,128,9,0,0.00,100.00,658.41,296.55,224.25,72.30,,,954.96,730.71,1.70,39.00,60.00,1.24,19476316,2026-09-18T06:14:24Z
C_hit,orig,2d,async_win,128,9,0,0.00,100.00,599.26,290.43,222.49,7.72,60.21,3.00,889.69,606.98,1.67,39.00,60.00,1.24,19477704,2026-09-18T06:14:24Z
C_hit,orig,2e_K10,async,128,9,0,0.00,100.00,602.89,301.80,222.33,79.47,,,904.69,682.36,1.71,39.00,61.00,1.24,19478324,2026-09-18T06:14:24Z
C_hit,orig,2e_K10,async_win,128,9,0,0.00,100.00,592.57,296.86,219.63,15.32,61.91,6.00,889.43,607.89,1.70,39.00,61.00,1.24,19484368,2026-09-18T06:14:24Z
C_hit,orig,2e_K500,async,128,9,0,0.00,53.70,180.68,958.08,223.17,734.91,,,1138.76,915.59,1.61,11.00,59.00,1.24,19483432,2026-09-18T06:14:25Z
C_hit,orig,2e_K500,async_win,128,9,0,0.00,31.70,179.12,655.43,222.24,342.67,90.52,139.00,834.55,521.79,1.60,11.00,59.00,1.24,19483664,2026-09-18T06:14:25Z
C_hit,orig,2f_top14,async,128,9,0,0.00,100.00,576.30,302.66,224.25,78.41,,,878.96,654.71,1.71,39.00,61.00,1.24,19483960,2026-09-18T06:14:25Z
C_hit,orig,2f_top14,async_win,128,9,0,0.00,100.00,606.37,298.76,222.80,14.44,61.53,6.00,905.13,620.81,1.69,39.00,61.00,1.24,19485924,2026-09-18T06:14:25Z
C_hit,orig,2f_top28,async,128,9,0,0.00,100.00,599.71,320.95,223.51,97.44,,,920.66,697.15,1.68,39.00,60.00,1.24,19487596,2026-09-18T06:14:26Z
C_hit,orig,2f_top28,async_win,128,9,0,0.00,100.00,512.28,304.99,220.88,22.34,61.78,8.00,817.27,534.62,1.68,39.00,60.00,1.24,19487296,2026-09-18T06:14:26Z
C_hit,orig,2f_top100,async,128,9,0,0.00,100.00,531.79,412.72,227.24,185.48,,,944.51,717.27,1.70,34.00,62.00,1.24,19475236,2026-09-18T06:14:26Z
C_hit,orig,2f_top100,async_win,128,9,0,0.00,100.00,736.83,369.97,230.91,66.28,72.78,28.00,1106.80,803.11,1.69,34.00,62.00,1.24,19475532,2026-09-18T06:14:27Z
C_hit,orig,2f_top500,async,128,9,0,0.00,43.80,179.67,901.29,223.25,678.04,,,1080.96,857.71,1.60,11.00,60.00,1.24,19474384,2026-09-18T06:14:27Z
C_hit,orig,2f_top500,async_win,128,9,0,0.00,100.00,179.08,594.59,166.65,336.37,91.56,138.00,773.67,515.45,1.62,11.00,60.00,1.24,19476640,2026-09-18T06:14:27Z
C_hit,orig,2f_slru,async,128,9,0,0.00,100.00,95.61,1625.20,224.60,1400.60,,,1720.81,1496.21,1.56,0.00,62.00,1.24,19478980,2026-09-18T06:14:27Z
C_hit,orig,2f_slru,async_win,128,9,0,0.00,100.00,96.55,801.17,222.97,450.35,127.85,29.00,897.72,546.90,1.58,0.00,62.00,1.24,19480452,2026-09-18T06:14:28Z
C_hit,orig,leaf_freq_K10,async,128,9,0,0.00,100.00,930.02,294.08,218.36,75.72,,,1224.10,1005.74,1.68,41.00,57.00,1.22,19481868,2026-09-18T06:14:28Z
C_hit,orig,leaf_freq_K10,async_win,128,9,0,0.00,100.00,893.31,304.60,233.41,10.03,61.16,3.00,1197.91,903.34,1.73,41.00,57.00,1.22,19482248,2026-09-18T06:14:28Z
C_hit,orig,leaf_rand_K10,async,128,9,0,0.00,100.00,1004.57,303.68,225.54,78.14,,,1308.25,1082.71,1.68,41.00,57.00,1.22,19481220,2026-09-18T06:14:28Z
C_hit,orig,leaf_rand_K10,async_win,128,9,0,0.00,100.00,992.35,301.58,226.40,14.35,60.84,10.00,1293.93,1006.70,1.69,41.00,57.00,1.22,19480844,2026-09-18T06:14:29Z
C_hit,orig,learned_markov_14,async,128,9,0,0.00,100.00,534.10,304.00,224.26,79.74,,,838.10,613.84,1.69,39.00,61.00,1.22,19470928,2026-09-18T06:14:29Z
C_hit,orig,learned_markov_14,async_win,128,9,0,0.00,100.00,606.54,302.28,223.97,18.25,60.05,6.00,908.82,624.79,1.69,39.00,61.00,1.22,19473056,2026-09-18T06:14:29Z
C_hit,orig,learned_markov_28,async,128,9,0,0.00,100.00,646.26,322.59,226.93,95.66,,,968.85,741.92,1.70,39.00,60.00,1.22,19473668,2026-09-18T06:14:30Z
C_hit,orig,learned_markov_28,async_win,128,9,0,0.00,100.00,512.67,324.01,222.54,39.22,62.25,8.00,836.68,551.89,1.68,39.00,60.00,1.22,19474596,2026-09-18T06:14:30Z
A,orig,baseline,baseline,128,10,0,0.00,0.00,925.66,0.00,0.00,0.00,,,925.66,925.66,2.28,190.00,246.00,1.22,19474020,2026-09-18T06:14:30Z
B,orig,baseline,baseline,128,10,0,0.00,0.00,1011.47,0.00,0.00,0.00,,,1011.47,1011.47,2.17,192.00,251.00,1.22,19476636,2026-09-18T06:14:30Z
C,orig,baseline,baseline,128,10,0,0.00,0.00,1049.29,0.00,0.00,0.00,,,1049.29,1049.29,1.59,20.00,28.00,1.22,19476704,2026-09-18T06:14:31Z
C_hit,orig,baseline,baseline,128,10,0,0.00,0.00,1012.86,0.00,0.00,0.00,,,1012.86,1012.86,1.67,41.00,57.00,1.22,19476748,2026-09-18T06:14:31Z
A,orig,layers_5,async,128,10,0,0.00,100.00,834.44,294.71,225.61,69.10,,,1129.15,903.54,2.19,190.00,245.00,1.22,19478276,2026-09-18T06:14:31Z
A,orig,layers_5,async_win,128,10,0,0.00,100.00,822.14,1617.87,1088.32,7.38,522.17,2.00,2440.01,829.52,2.13,190.00,245.00,1.22,19478704,2026-09-18T06:14:32Z
A,orig,layers_92,async,128,10,0,0.00,100.00,597.54,430.49,225.63,204.85,,,1028.03,802.39,2.18,187.00,257.00,1.22,19479060,2026-09-18T06:14:32Z
A,orig,layers_92,async_win,128,10,0,0.00,100.00,536.33,417.55,225.70,126.17,65.67,87.00,953.88,662.50,2.15,187.00,257.00,1.22,19478720,2026-09-18T06:14:32Z
A,orig,2d,async,128,10,0,0.00,100.00,541.09,313.40,228.02,85.38,,,854.49,626.47,2.20,187.00,257.00,1.22,19478900,2026-09-18T06:14:33Z
A,orig,2d,async_win,128,10,0,0.00,100.00,592.83,307.98,223.75,23.20,61.02,13.00,900.81,616.03,2.14,187.00,257.00,1.20,19479468,2026-09-18T06:14:33Z
A,orig,2e_K10,async,128,10,0,0.00,100.00,600.25,325.27,224.25,101.02,,,925.52,701.27,2.17,190.00,259.00,1.20,19481012,2026-09-18T06:14:33Z
A,orig,2e_K10,async_win,128,10,0,0.00,100.00,560.08,326.75,227.87,36.02,62.87,23.00,886.83,596.10,2.17,190.00,259.00,1.20,19481120,2026-09-18T06:14:34Z
A,orig,2e_K500,async,128,10,0,0.00,100.00,640.61,1129.57,223.37,906.20,,,1770.18,1546.81,2.09,181.00,383.00,1.20,19481636,2026-09-18T06:14:34Z
A,orig,2e_K500,async_win,128,10,0,0.00,100.00,713.21,1048.82,224.35,733.12,91.35,446.00,1762.03,1446.33,2.17,181.00,382.00,1.20,19474832,2026-09-18T06:14:34Z
A,orig,2f_top14,async,128,10,0,0.00,100.00,594.78,305.48,225.82,79.66,,,900.26,674.44,2.15,189.00,257.00,1.20,19476196,2026-09-18T06:14:35Z
A,orig,2f_top14,async_win,128,10,0,0.00,100.00,570.12,307.88,226.31,19.06,62.52,13.00,878.00,589.18,2.18,189.00,257.00,1.20,19476792,2026-09-18T06:14:35Z
A,orig,2f_top28,async,128,10,0,0.00,100.00,497.99,336.62,232.44,104.19,,,834.61,602.18,2.14,192.00,266.00,1.20,19477472,2026-09-18T06:14:35Z
A,orig,2f_top28,async_win,128,10,0,0.00,100.00,564.54,333.27,229.63,39.99,63.65,27.00,897.81,604.53,2.18,192.00,266.00,1.20,19477604,2026-09-18T06:14:36Z
A,orig,2f_top100,async,128,10,0,0.00,100.00,530.94,439.88,223.61,216.27,,,970.82,747.21,2.15,184.00,306.00,1.20,19474008,2026-09-18T06:14:36Z
A,orig,2f_top100,async_win,128,10,0,0.00,100.00,595.00,424.95,225.75,127.21,71.98,98.00,1019.95,722.21,2.28,184.00,306.00,1.20,19475192,2026-09-18T06:14:36Z
A,orig,2f_top500,async,128,10,0,0.00,100.00,590.55,1108.29,227.35,880.95,,,1698.84,1471.50,2.13,181.00,387.00,1.20,19475516,2026-09-18T06:14:37Z
A,orig,2f_top500,async_win,128,10,0,0.00,100.00,725.93,1044.42,226.21,728.11,90.11,438.00,1770.35,1454.04,2.12,181.00,388.00,1.20,19475988,2026-09-18T06:14:37Z
A,orig,2f_slru,async,128,10,0,0.00,100.00,139.51,7249.94,226.56,7023.38,,,7389.45,7162.89,1.58,0.00,278.00,1.20,19473012,2026-09-18T06:14:37Z
A,orig,2f_slru,async_win,128,10,0,0.00,92.10,96.56,2701.44,224.27,2071.34,405.82,139.00,2798.00,2167.90,1.58,0.00,278.00,1.20,19474632,2026-09-18T06:14:37Z
A,orig,leaf_freq_K10,async,128,10,0,0.00,100.00,813.19,394.37,229.56,164.81,,,1207.56,978.00,2.27,192.00,247.00,1.20,19476848,2026-09-18T06:14:38Z
A,orig,leaf_freq_K10,async_win,128,10,0,0.00,100.00,901.50,301.39,225.14,15.55,60.69,10.00,1202.89,917.05,2.14,192.00,247.00,1.18,19477416,2026-09-18T06:14:38Z
A,orig,leaf_rand_K10,async,128,10,0,0.00,100.00,844.43,303.68,222.05,81.63,,,1148.11,926.06,2.17,190.00,246.00,1.18,19478948,2026-09-18T06:14:38Z
A,orig,leaf_rand_K10,async_win,128,10,0,0.00,100.00,872.28,317.46,240.46,15.13,61.87,10.00,1189.74,887.41,2.21,190.00,246.00,1.18,19478920,2026-09-18T06:14:39Z
A,orig,learned_markov_14,async,128,10,0,0.00,100.00,529.51,305.56,226.07,79.49,,,835.07,609.00,2.11,187.00,256.00,1.18,19480428,2026-09-18T06:14:39Z
A,orig,learned_markov_14,async_win,128,10,0,0.00,100.00,559.48,304.65,223.38,19.36,61.92,13.00,864.13,578.84,2.20,187.00,256.00,1.18,19469440,2026-09-18T06:14:39Z
A,orig,learned_markov_28,async,128,10,0,0.00,100.00,525.01,320.16,226.50,93.67,,,845.17,618.68,2.17,187.00,259.00,1.18,19471668,2026-09-18T06:14:40Z
A,orig,learned_markov_28,async_win,128,10,0,0.00,100.00,564.68,331.30,226.22,42.00,63.09,26.00,895.98,606.68,2.17,187.00,259.00,1.18,19472132,2026-09-18T06:14:40Z
B,orig,layers_5,async,128,10,0,0.00,100.00,949.84,294.45,224.97,69.48,,,1244.29,1019.32,2.22,193.00,254.00,1.18,19473264,2026-09-18T06:14:40Z
B,orig,layers_5,async_win,128,10,0,0.00,100.00,1040.01,295.86,227.70,7.36,60.79,2.00,1335.87,1047.37,2.22,193.00,254.00,1.18,19474064,2026-09-18T06:14:41Z
B,orig,layers_92,async,128,10,0,0.00,100.00,595.98,432.16,226.04,206.12,,,1028.14,802.10,2.17,194.00,260.00,1.18,19474044,2026-09-18T06:14:41Z
B,orig,layers_92,async_win,128,10,0,0.00,100.00,595.49,1476.40,1288.13,123.56,64.70,87.00,2071.89,719.05,2.15,194.00,260.00,1.18,19488032,2026-09-18T06:14:41Z
B,orig,2d,async,128,10,0,0.00,100.00,663.23,310.68,225.53,85.15,,,973.91,748.38,2.20,194.00,260.00,1.18,19491296,2026-09-18T06:14:42Z
B,orig,2d,async_win,128,10,0,0.00,100.00,661.35,306.72,223.85,21.19,61.68,13.00,968.07,682.54,2.18,194.00,260.00,1.18,19488580,2026-09-18T06:14:42Z
B,orig,2e_K10,async,128,10,0,0.00,100.00,666.38,325.97,224.60,101.37,,,992.35,767.75,2.32,194.00,260.00,1.18,19487648,2026-09-18T06:14:42Z
B,orig,2e_K10,async_win,128,10,0,0.00,100.00,660.57,327.00,225.54,38.73,62.72,23.00,987.57,699.30,2.22,194.00,260.00,1.18,19490400,2026-09-18T06:14:43Z
B,orig,2e_K500,async,128,10,0,0.00,100.00,181.31,1126.58,225.59,900.98,,,1307.89,1082.29,2.14,183.00,332.00,1.17,19491036,2026-09-18T06:14:43Z
B,orig,2e_K500,async_win,128,10,0,0.00,100.00,175.57,1009.34,224.48,693.87,90.98,449.00,1184.91,869.44,2.15,183.00,328.00,1.17,19491960,2026-09-18T06:14:43Z
B,orig,2f_top14,async,128,10,0,0.00,100.00,661.41,319.70,237.53,82.17,,,981.11,743.58,2.23,194.00,260.00,1.17,19493636,2026-09-18T06:14:44Z
B,orig,2f_top14,async_win,128,10,0,0.00,100.00,663.25,306.27,225.10,20.14,61.03,13.00,969.52,683.39,2.19,194.00,260.00,1.17,19490316,2026-09-18T06:14:44Z
B,orig,2f_top28,async,128,10,0,0.00,100.00,598.35,323.23,227.44,95.79,,,921.58,694.14,2.23,194.00,259.00,1.17,19494112,2026-09-18T06:14:44Z
B,orig,2f_top28,async_win,128,10,0,0.00,100.00,661.09,327.63,225.72,39.26,62.64,27.00,988.72,700.35,2.21,194.00,259.00,1.17,19496080,2026-09-18T06:14:45Z
B,orig,2f_top100,async,128,10,0,0.00,100.00,181.29,437.76,225.23,212.53,,,619.05,393.82,2.17,193.00,276.00,1.17,19497024,2026-09-18T06:14:45Z
B,orig,2f_top100,async_win,128,10,0,0.00,100.00,183.44,417.71,226.22,125.08,66.42,94.00,601.15,308.52,2.19,193.00,274.00,1.17,19496736,2026-09-18T06:14:45Z
B,orig,2f_top500,async,128,10,0,0.00,100.00,180.83,1111.27,228.12,883.15,,,1292.10,1063.98,2.15,183.00,337.00,1.17,19476468,2026-09-18T06:14:46Z
B,orig,2f_top500,async_win,128,10,0,0.00,95.00,179.52,938.90,113.74,505.67,319.49,438.00,1118.42,685.19,2.15,183.00,335.00,1.17,19477492,2026-09-18T06:14:46Z
B,orig,2f_slru,async,128,10,0,0.00,100.00,98.80,7220.15,227.80,6992.35,,,7318.95,7091.15,1.62,0.00,278.00,1.17,19474488,2026-09-18T06:14:46Z
B,orig,2f_slru,async_win,128,10,0,0.00,88.40,96.18,2666.89,224.84,2036.55,405.50,138.00,2763.07,2132.73,1.61,0.00,278.00,1.17,19476680,2026-09-18T06:14:46Z
B,orig,leaf_freq_K10,async,128,10,0,0.00,100.00,946.62,300.50,225.97,74.53,,,1247.12,1021.15,2.19,192.00,251.00,1.17,19466104,2026-09-18T06:14:47Z
B,orig,leaf_freq_K10,async_win,128,10,0,0.00,100.00,1076.89,301.38,224.87,14.80,61.71,10.00,1378.27,1091.69,2.17,192.00,251.00,1.17,19466424,2026-09-18T06:14:47Z
B,orig,leaf_rand_K10,async,128,10,0,0.00,100.00,2106.00,301.99,225.35,76.63,,,2407.99,2182.63,2.23,192.00,251.00,1.17,19467800,2026-09-18T06:14:47Z
B,orig,leaf_rand_K10,async_win,128,10,0,0.00,100.00,979.46,298.69,223.26,14.85,60.58,10.00,1278.15,994.31,2.17,192.00,251.00,1.17,19468052,2026-09-18T06:14:48Z
B,orig,learned_markov_14,async,128,10,0,0.00,100.00,661.90,303.65,224.40,79.25,,,965.55,741.15,2.20,194.00,259.00,1.16,19468100,2026-09-18T06:14:48Z
B,orig,learned_markov_14,async_win,128,10,0,0.00,100.00,523.03,313.51,226.82,20.66,66.03,13.00,836.54,543.69,2.24,194.00,259.00,1.16,19469976,2026-09-18T06:14:48Z
B,orig,learned_markov_28,async,128,10,0,0.00,100.00,661.12,286.63,184.47,102.16,,,947.75,763.28,2.16,193.00,264.00,1.16,19470260,2026-09-18T06:14:49Z
B,orig,learned_markov_28,async_win,128,10,0,0.00,100.00,661.24,324.99,225.51,37.48,62.00,26.00,986.23,698.72,2.18,193.00,265.00,1.16,19469940,2026-09-18T06:14:49Z
C,orig,layers_5,async,128,10,0,0.00,100.00,981.14,304.42,235.17,69.25,,,1285.56,1050.39,1.61,20.00,28.00,1.16,19470748,2026-09-18T06:14:49Z
C,orig,layers_5,async_win,128,10,0,0.00,100.00,983.70,302.28,234.24,6.80,61.23,2.00,1285.98,990.50,1.57,20.00,28.00,1.16,19470836,2026-09-18T06:14:50Z
C,orig,layers_92,async,128,10,0,0.00,100.00,624.36,432.70,236.04,196.66,,,1057.06,821.02,1.57,20.00,30.00,1.16,19471116,2026-09-18T06:14:50Z
C,orig,layers_92,async_win,128,10,0,0.00,100.00,656.98,417.21,231.98,120.39,64.85,87.00,1074.19,777.37,1.60,20.00,30.00,1.16,19471488,2026-09-18T06:14:50Z
C,orig,2d,async,128,10,0,0.00,100.00,612.09,304.67,235.76,68.91,,,916.76,681.00,1.57,20.00,30.00,1.16,19473644,2026-09-18T06:14:50Z
C,orig,2d,async_win,128,10,0,0.00,100.00,594.84,299.56,232.29,6.42,60.85,2.00,894.40,601.26,1.59,20.00,30.00,1.16,19473696,2026-09-18T06:14:51Z
C,orig,2e_K10,async,128,10,0,0.00,100.00,634.44,308.12,230.04,78.08,,,942.56,712.52,1.60,20.00,33.00,1.16,19460084,2026-09-18T06:14:51Z
C,orig,2e_K10,async_win,128,10,0,0.00,100.00,624.91,314.29,234.51,17.81,61.97,8.00,939.20,642.72,1.60,20.00,33.00,1.16,19459820,2026-09-18T06:14:51Z
C,orig,2e_K500,async,128,10,0,0.00,68.30,181.40,719.81,231.03,488.78,,,901.21,670.18,1.54,0.00,37.00,1.16,19460476,2026-09-18T06:14:51Z
C,orig,2e_K500,async_win,128,10,0,0.00,100.00,179.63,532.64,230.36,220.82,81.45,90.00,712.27,400.45,1.52,0.00,37.00,1.16,19463152,2026-09-18T06:14:52Z
C,orig,2f_top14,async,128,10,0,0.00,100.00,644.06,329.57,250.27,79.30,,,973.63,723.36,1.60,20.00,35.00,1.16,19463792,2026-09-18T06:14:52Z
C,orig,2f_top14,async_win,128,10,0,0.00,100.00,659.05,313.64,234.88,16.47,62.29,9.00,972.69,675.52,1.57,20.00,36.00,1.16,19464384,2026-09-18T06:14:52Z
C,orig,2f_top28,async,128,10,0,0.00,100.00,607.82,334.79,234.69,100.10,,,942.61,707.92,1.58,19.00,35.00,1.16,19465456,2026-09-18T06:14:52Z
C,orig,2f_top28,async_win,128,10,0,0.00,100.00,510.81,319.10,230.68,26.63,61.79,13.00,829.91,537.44,1.59,19.00,35.00,1.16,19469364,2026-09-18T06:14:53Z
C,orig,2f_top100,async,128,10,0,0.00,100.00,559.92,418.84,232.47,186.37,,,978.76,746.29,1.56,14.00,37.00,1.14,19469200,2026-09-18T06:14:53Z
C,orig,2f_top100,async_win,128,10,0,0.00,74.00,635.20,371.35,229.64,75.10,66.61,32.00,1006.55,710.30,1.56,14.00,37.00,1.14,19472004,2026-09-18T06:14:53Z
C,orig,2f_top500,async,128,10,0,0.00,100.00,97.19,1050.89,230.84,820.05,,,1148.08,917.24,1.53,0.00,37.00,1.14,19473964,2026-09-18T06:14:53Z
C,orig,2f_top500,async_win,128,10,0,0.00,100.00,96.78,531.59,233.01,209.26,89.32,15.00,628.37,306.04,1.55,0.00,37.00,1.14,19474432,2026-09-18T06:14:54Z
C,orig,2f_slru,async,128,10,0,0.00,100.00,96.12,1024.37,233.62,790.75,,,1120.49,886.87,1.54,0.00,37.00,1.14,19470172,2026-09-18T06:14:54Z
C,orig,2f_slru,async_win,128,10,0,0.00,100.00,96.59,538.20,233.25,216.38,88.58,15.00,634.79,312.97,1.53,0.00,37.00,1.14,19472532,2026-09-18T06:14:54Z
C,orig,leaf_freq_K10,async,128,10,0,0.00,100.00,1131.41,308.96,233.81,75.15,,,1440.37,1206.56,1.61,20.00,31.00,1.14,19472112,2026-09-18T06:14:55Z
C,orig,leaf_freq_K10,async_win,128,10,0,0.00,100.00,1058.83,309.08,233.74,13.00,62.34,6.00,1367.91,1071.83,1.60,20.00,31.00,1.14,19472688,2026-09-18T06:14:55Z
C,orig,leaf_rand_K10,async,128,10,0,0.00,100.00,1006.39,305.89,230.95,74.94,,,1312.28,1081.33,1.60,20.00,28.00,1.14,19472296,2026-09-18T06:14:55Z
C,orig,leaf_rand_K10,async_win,128,10,0,0.00,100.00,1002.01,316.69,234.80,20.02,61.88,10.00,1318.70,1022.03,1.58,20.00,28.00,1.14,19473420,2026-09-18T06:14:55Z
C,orig,learned_markov_14,async,128,10,0,0.00,100.00,515.93,312.21,231.63,80.57,,,828.14,596.50,1.58,20.00,35.00,1.14,19474564,2026-09-18T06:14:56Z
C,orig,learned_markov_14,async_win,128,10,0,0.00,100.00,625.79,308.26,230.55,16.81,60.90,9.00,934.05,642.60,1.57,20.00,35.00,1.14,19473832,2026-09-18T06:14:56Z
C,orig,learned_markov_28,async,128,10,0,0.00,100.00,609.10,331.17,230.64,100.53,,,940.27,709.63,1.61,19.00,36.00,1.14,19460496,2026-09-18T06:14:56Z
C,orig,learned_markov_28,async_win,128,10,0,0.00,100.00,636.10,321.12,231.47,26.36,63.30,13.00,957.22,662.46,1.63,19.00,36.00,1.14,19464532,2026-09-18T06:14:56Z
C_hit,orig,layers_5,async,128,10,0,0.00,100.00,987.79,300.77,231.34,69.42,,,1288.56,1057.21,1.67,41.00,57.00,1.14,19466436,2026-09-18T06:14:57Z
C_hit,orig,layers_5,async_win,128,10,0,0.00,100.00,903.34,297.40,229.24,7.15,61.01,2.00,1200.74,910.49,1.66,41.00,57.00,1.14,19466748,2026-09-18T06:14:57Z
C_hit,orig,layers_92,async,128,10,0,0.00,100.00,627.09,427.80,226.54,201.26,,,1054.89,828.35,1.68,39.00,60.00,1.14,19466996,2026-09-18T06:14:57Z
C_hit,orig,layers_92,async_win,128,10,0,0.00,100.00,496.02,424.61,233.50,125.32,65.79,87.00,920.63,621.34,1.65,39.00,60.00,1.14,19468048,2026-09-18T06:14:57Z
C_hit,orig,2d,async,128,10,0,0.00,100.00,638.76,300.81,229.58,71.22,,,939.57,709.98,1.66,39.00,60.00,1.14,19468384,2026-09-18T06:14:58Z
C_hit,orig,2d,async_win,128,10,0,0.00,100.00,617.05,306.55,234.69,8.04,63.82,3.00,923.60,625.09,1.67,39.00,60.00,1.13,19468880,2026-09-18T06:14:58Z
C_hit,orig,2e_K10,async,128,10,0,0.00,100.00,607.70,313.18,231.67,81.51,,,920.88,689.21,1.68,39.00,61.00,1.13,19468376,2026-09-18T06:14:58Z
C_hit,orig,2e_K10,async_win,128,10,0,0.00,100.00,531.28,298.30,220.65,15.24,62.42,6.00,829.58,546.52,1.66,39.00,61.00,1.13,19468488,2026-09-18T06:14:59Z
C_hit,orig,2e_K500,async,128,10,0,0.00,45.50,179.93,884.43,232.40,652.03,,,1064.36,831.96,1.59,11.00,59.00,1.13,19468328,2026-09-18T06:14:59Z
C_hit,orig,2e_K500,async_win,128,10,0,0.00,39.00,183.95,715.94,233.11,390.08,92.74,139.00,899.89,574.03,1.57,11.00,59.00,1.13,19469088,2026-09-18T06:14:59Z
C_hit,orig,2f_top14,async,128,10,0,0.00,100.00,660.95,311.27,232.52,78.76,,,972.22,739.71,1.67,39.00,61.00,1.13,19470324,2026-09-18T06:14:59Z
C_hit,orig,2f_top14,async_win,128,10,0,0.00,100.00,594.09,309.17,231.28,15.43,62.47,6.00,903.26,609.52,1.65,39.00,61.00,1.13,19470788,2026-09-18T06:15:00Z
C_hit,orig,2f_top28,async,128,10,0,0.00,100.00,642.79,331.81,234.82,96.99,,,974.60,739.78,1.67,39.00,60.00,1.13,19471176,2026-09-18T06:15:00Z
C_hit,orig,2f_top28,async_win,128,10,0,0.00,100.00,512.69,320.25,230.94,26.89,62.42,8.00,832.94,539.58,1.68,39.00,60.00,1.13,19472332,2026-09-18T06:15:00Z
C_hit,orig,2f_top100,async,128,10,0,0.00,100.00,531.76,413.88,232.63,181.25,,,945.64,713.01,1.66,34.00,62.00,1.13,19472064,2026-09-18T06:15:00Z
C_hit,orig,2f_top100,async_win,128,10,0,0.00,100.00,604.33,378.63,231.96,79.25,67.43,28.00,982.96,683.58,1.68,34.00,62.00,1.13,19472368,2026-09-18T06:15:01Z
C_hit,orig,2f_top500,async,128,10,0,0.00,44.60,184.92,875.23,232.65,642.58,,,1060.15,827.50,1.57,11.00,60.00,1.13,19472852,2026-09-18T06:15:01Z
C_hit,orig,2f_top500,async_win,128,10,0,0.00,40.20,181.06,706.53,231.06,384.62,90.84,138.00,887.59,565.68,1.61,11.00,60.00,1.13,19473888,2026-09-18T06:15:01Z
C_hit,orig,2f_slru,async,128,10,0,0.00,100.00,95.51,1585.02,227.58,1357.44,,,1680.53,1452.95,1.58,0.00,62.00,1.13,19447344,2026-09-18T06:15:02Z
C_hit,orig,2f_slru,async_win,128,10,0,0.00,96.50,96.42,809.72,232.34,450.41,126.98,29.00,906.14,546.83,1.58,0.00,62.00,1.13,19448140,2026-09-18T06:15:02Z
C_hit,orig,leaf_freq_K10,async,128,10,0,0.00,100.00,2010.56,302.16,229.89,72.27,,,2312.72,2082.83,1.69,41.00,57.00,1.13,19466896,2026-09-18T06:15:02Z
C_hit,orig,leaf_freq_K10,async_win,128,10,0,0.00,100.00,897.43,304.13,230.51,11.57,62.05,3.00,1201.56,909.00,1.68,41.00,57.00,1.13,19472156,2026-09-18T06:15:02Z
C_hit,orig,leaf_rand_K10,async,128,10,0,0.00,100.00,1000.43,306.96,231.91,75.05,,,1307.39,1075.48,1.68,41.00,57.00,1.13,19473564,2026-09-18T06:15:03Z
C_hit,orig,leaf_rand_K10,async_win,128,10,0,0.00,100.00,980.79,307.46,231.07,15.57,60.81,10.00,1288.25,996.36,1.68,41.00,57.00,1.13,19475120,2026-09-18T06:15:03Z
C_hit,orig,learned_markov_14,async,128,10,0,0.00,100.00,605.08,311.19,232.37,78.82,,,916.27,683.90,1.69,39.00,61.00,1.12,19475284,2026-09-18T06:15:03Z
C_hit,orig,learned_markov_14,async_win,128,10,0,0.00,100.00,641.77,311.53,233.53,15.01,62.99,6.00,953.30,656.78,1.71,39.00,61.00,1.12,19477028,2026-09-18T06:15:03Z
C_hit,orig,learned_markov_28,async,128,10,0,0.00,100.00,606.82,330.37,230.88,99.49,,,937.19,706.31,1.69,39.00,60.00,1.12,19478148,2026-09-18T06:15:04Z
C_hit,orig,learned_markov_28,async_win,128,10,0,0.00,100.00,609.71,319.56,232.09,25.38,62.10,8.00,929.27,635.09,1.67,39.00,60.00,1.12,19478860,2026-09-18T06:15:04Z
A,orig,baseline,baseline,128,11,0,0.00,0.00,863.32,0.00,0.00,0.00,,,863.32,863.32,2.16,190.00,246.00,1.12,19479584,2026-09-18T06:15:04Z
B,orig,baseline,baseline,128,11,0,0.00,0.00,1043.02,0.00,0.00,0.00,,,1043.02,1043.02,2.20,192.00,251.00,1.12,19481460,2026-09-18T06:15:05Z
C,orig,baseline,baseline,128,11,0,0.00,0.00,1046.88,0.00,0.00,0.00,,,1046.88,1046.88,1.57,20.00,28.00,1.12,19480052,2026-09-18T06:15:05Z
C_hit,orig,baseline,baseline,128,11,0,0.00,0.00,1006.47,0.00,0.00,0.00,,,1006.47,1006.47,1.68,41.00,57.00,1.12,19481472,2026-09-18T06:15:05Z
A,orig,layers_5,async,128,11,0,0.00,100.00,861.44,297.79,228.29,69.50,,,1159.23,930.94,2.17,190.00,245.00,1.12,19483512,2026-09-18T06:15:05Z
A,orig,layers_5,async_win,128,11,0,0.00,100.00,837.75,297.80,227.58,8.93,61.30,2.00,1135.55,846.68,2.17,190.00,245.00,1.12,19483524,2026-09-18T06:15:06Z
A,orig,layers_92,async,128,11,0,0.00,100.00,567.91,367.76,166.98,200.78,,,935.67,768.69,2.17,187.00,257.00,1.12,19484080,2026-09-18T06:15:06Z
A,orig,layers_92,async_win,128,11,0,0.00,100.00,593.64,420.23,224.02,129.91,66.29,87.00,1013.87,723.55,2.17,187.00,257.00,1.12,19485424,2026-09-18T06:15:06Z
A,orig,2d,async,128,11,0,0.00,100.00,533.31,312.29,224.46,87.83,,,845.60,621.14,2.15,187.00,257.00,1.12,19486652,2026-09-18T06:15:07Z
A,orig,2d,async_win,128,11,0,0.00,100.00,563.82,319.27,235.94,21.53,61.80,13.00,883.09,585.35,2.31,187.00,257.00,1.12,19458876,2026-09-18T06:15:07Z
A,orig,2e_K10,async,128,11,0,0.00,100.00,560.54,325.10,230.26,94.84,,,885.64,655.38,2.17,190.00,259.00,1.12,19456736,2026-09-18T06:15:07Z
A,orig,2e_K10,async_win,128,11,0,0.00,100.00,557.84,326.98,225.74,37.84,63.39,23.00,884.82,595.68,2.14,190.00,259.00,1.12,19458092,2026-09-18T06:15:08Z
A,orig,2e_K500,async,128,11,0,0.00,100.00,651.47,1126.32,229.91,896.40,,,1777.79,1547.87,2.11,181.00,386.00,1.11,19458624,2026-09-18T06:15:08Z
A,orig,2e_K500,async_win,128,11,0,0.00,100.00,717.58,1054.15,224.25,730.70,99.20,446.00,1771.73,1448.28,2.09,181.00,384.00,1.11,19458820,2026-09-18T06:15:08Z
A,orig,2f_top14,async,128,11,0,0.00,100.00,591.68,300.48,222.48,78.00,,,892.16,669.68,2.14,189.00,257.00,1.11,19458868,2026-09-18T06:15:09Z
A,orig,2f_top14,async_win,128,11,0,0.00,100.00,523.88,309.02,226.20,20.36,62.47,13.00,832.90,544.24,2.14,189.00,257.00,1.11,19462292,2026-09-18T06:15:09Z
A,orig,2f_top28,async,128,11,0,0.00,100.00,526.87,328.79,227.07,101.72,,,855.66,628.59,2.13,192.00,266.00,1.11,19463228,2026-09-18T06:15:09Z
A,orig,2f_top28,async_win,128,11,0,0.00,100.00,541.60,334.63,235.77,35.70,63.16,27.00,876.23,577.30,2.22,192.00,266.00,1.11,19463932,2026-09-18T06:15:10Z
A,orig,2f_top100,async,128,11,0,0.00,100.00,595.51,439.52,225.01,214.50,,,1035.03,810.01,2.12,184.00,306.00,1.11,19463976,2026-09-18T06:15:10Z
A,orig,2f_top100,async_win,128,11,0,0.00,100.00,594.97,436.43,225.01,144.81,66.61,98.00,1031.40,739.78,2.10,184.00,306.00,1.11,19463832,2026-09-18T06:15:10Z
A,orig,2f_top500,async,128,11,0,0.00,100.00,592.03,1095.06,237.09,857.96,,,1687.09,1449.99,2.16,181.00,387.00,1.11,19464804,2026-09-18T06:15:11Z
A,orig,2f_top500,async_win,128,11,0,0.00,100.00,587.98,1049.12,226.44,731.96,90.73,438.00,1637.10,1319.94,2.11,181.00,385.00,1.11,19464744,2026-09-18T06:15:11Z
A,orig,2f_slru,async,128,11,0,0.00,100.00,98.98,7313.41,229.80,7083.61,,,7412.39,7182.59,1.56,0.00,278.00,1.11,19462400,2026-09-18T06:15:11Z
A,orig,2f_slru,async_win,128,11,0,0.00,89.20,95.46,2662.45,225.00,2032.27,405.17,139.00,2757.91,2127.73,1.57,0.00,278.00,1.11,19463776,2026-09-18T06:15:11Z
A,orig,leaf_freq_K10,async,128,11,0,0.00,100.00,934.34,299.84,226.00,73.84,,,1234.18,1008.18,2.15,192.00,247.00,1.11,19465232,2026-09-18T06:15:12Z
A,orig,leaf_freq_K10,async_win,128,11,0,0.00,100.00,881.67,303.96,228.52,14.61,60.83,10.00,1185.63,896.28,2.22,192.00,247.00,1.11,19465664,2026-09-18T06:15:12Z
A,orig,leaf_rand_K10,async,128,11,0,0.00,100.00,807.28,301.40,226.59,74.81,,,1108.68,882.09,2.14,190.00,246.00,1.11,19455624,2026-09-18T06:15:12Z
A,orig,leaf_rand_K10,async_win,128,11,0,0.00,100.00,876.52,307.37,229.73,16.04,61.60,10.00,1183.89,892.56,2.15,190.00,246.00,1.11,19455132,2026-09-18T06:15:13Z
A,orig,learned_markov_14,async,128,11,0,0.00,100.00,534.11,305.01,224.93,80.08,,,839.12,614.19,2.21,187.00,256.00,1.18,19457452,2026-09-18T06:15:13Z
A,orig,learned_markov_14,async_win,128,11,0,0.00,100.00,562.76,306.90,226.70,19.52,60.68,13.00,869.66,582.28,2.13,187.00,256.00,1.18,19463148,2026-09-18T06:15:13Z
A,orig,learned_markov_28,async,128,11,0,0.00,100.00,536.35,326.51,225.90,100.62,,,862.86,636.97,2.16,187.00,259.00,1.18,19463928,2026-09-18T06:15:14Z
A,orig,learned_markov_28,async_win,128,11,0,0.00,100.00,537.99,326.77,227.95,37.51,61.31,26.00,864.76,575.50,2.21,187.00,259.00,1.18,19468224,2026-09-18T06:15:14Z
B,orig,layers_5,async,128,11,0,0.00,100.00,951.11,291.75,223.32,68.43,,,1242.86,1019.54,2.21,193.00,254.00,1.18,19471072,2026-09-18T06:15:14Z
B,orig,layers_5,async_win,128,11,0,0.00,100.00,973.45,292.26,223.31,7.96,60.99,2.00,1265.71,981.41,2.22,193.00,254.00,1.18,19471124,2026-09-18T06:15:15Z
B,orig,layers_92,async,128,11,0,0.00,100.00,661.41,428.70,228.26,200.44,,,1090.11,861.85,2.22,194.00,260.00,1.18,19471268,2026-09-18T06:15:15Z
B,orig,layers_92,async_win,128,11,0,0.00,100.00,661.51,415.59,224.24,125.95,65.40,87.00,1077.10,787.46,2.22,194.00,260.00,1.18,19471884,2026-09-18T06:15:15Z
B,orig,2d,async,128,11,0,0.00,100.00,655.01,316.94,228.90,88.05,,,971.95,743.06,2.25,194.00,260.00,1.18,19472556,2026-09-18T06:15:16Z
B,orig,2d,async_win,128,11,0,0.00,100.00,659.36,307.51,224.70,21.26,61.55,13.00,966.87,680.62,2.17,194.00,260.00,1.18,19471868,2026-09-18T06:15:16Z
B,orig,2e_K10,async,128,11,0,0.00,100.00,659.08,327.08,226.35,100.74,,,986.16,759.82,2.18,194.00,260.00,1.18,19472596,2026-09-18T06:15:16Z
B,orig,2e_K10,async_win,128,11,0,0.00,100.00,662.20,328.46,233.76,33.34,61.35,23.00,990.66,695.54,2.25,194.00,260.00,1.18,19473704,2026-09-18T06:15:17Z
B,orig,2e_K500,async,128,11,0,0.00,100.00,183.18,1140.08,226.73,913.36,,,1323.26,1096.54,2.11,183.00,332.00,1.18,19473872,2026-09-18T06:15:17Z
B,orig,2e_K500,async_win,128,11,0,0.00,100.00,183.82,1060.59,223.03,745.75,91.81,449.00,1244.41,929.57,2.14,183.00,330.00,1.18,19474756,2026-09-18T06:15:17Z
B,orig,2f_top14,async,128,11,0,0.00,100.00,659.10,306.56,226.44,80.12,,,965.66,739.22,2.21,194.00,260.00,1.18,19464984,2026-09-18T06:15:18Z
B,orig,2f_top14,async_win,128,11,0,0.00,100.00,661.65,307.10,225.46,20.37,61.27,13.00,968.75,682.02,2.15,194.00,260.00,1.17,19467928,2026-09-18T06:15:18Z
B,orig,2f_top28,async,128,11,0,0.00,100.00,656.19,323.73,225.93,97.80,,,979.92,753.99,2.20,194.00,259.00,1.17,19469380,2026-09-18T06:15:18Z
B,orig,2f_top28,async_win,128,11,0,0.00,100.00,664.41,325.44,227.91,35.42,62.12,27.00,989.85,699.83,2.24,194.00,259.00,1.17,19469908,2026-09-18T06:15:19Z
B,orig,2f_top100,async,128,11,0,0.00,100.00,180.44,440.65,233.22,207.43,,,621.09,387.87,2.20,193.00,275.00,1.17,19471004,2026-09-18T06:15:19Z
B,orig,2f_top100,async_win,128,11,0,0.00,100.00,180.06,421.58,225.20,131.17,65.21,94.00,601.64,311.23,2.18,193.00,274.00,1.17,19471600,2026-09-18T06:15:19Z
B,orig,2f_top500,async,128,11,0,0.00,100.00,180.89,1072.29,225.68,846.60,,,1253.18,1027.49,2.13,183.00,338.00,1.17,19471976,2026-09-18T06:15:20Z
B,orig,2f_top500,async_win,128,11,0,0.00,100.00,183.07,1049.03,226.03,733.45,89.56,438.00,1232.10,916.52,2.14,183.00,335.00,1.17,19472396,2026-09-18T06:15:20Z
B,orig,2f_slru,async,128,11,0,0.00,100.00,95.12,7281.68,270.51,7011.17,,,7376.80,7106.29,1.62,0.00,278.00,1.17,19473948,2026-09-18T06:15:20Z
B,orig,2f_slru,async_win,128,11,0,0.00,89.10,95.93,2702.88,226.26,2068.45,408.18,138.00,2798.81,2164.38,1.63,0.00,278.00,1.17,19472944,2026-09-18T06:15:20Z
B,orig,leaf_freq_K10,async,128,11,0,0.00,100.00,1019.28,815.74,271.25,544.49,,,1835.02,1563.77,2.21,192.00,251.00,1.17,19475196,2026-09-18T06:15:21Z
B,orig,leaf_freq_K10,async_win,128,11,0,0.00,100.00,1029.22,334.10,258.51,14.64,60.95,10.00,1363.32,1043.86,2.22,192.00,251.00,1.17,19475240,2026-09-18T06:15:21Z
B,orig,leaf_rand_K10,async,128,11,0,0.00,100.00,1015.75,300.82,225.59,75.22,,,1316.57,1090.97,2.17,192.00,251.00,1.17,19475816,2026-09-18T06:15:21Z
B,orig,leaf_rand_K10,async_win,128,11,0,0.00,100.00,1018.54,326.06,248.49,13.64,63.93,10.00,1344.60,1032.18,2.27,192.00,251.00,1.17,19476056,2026-09-18T06:15:22Z
B,orig,learned_markov_14,async,128,11,0,0.00,100.00,660.59,311.84,232.26,79.58,,,972.43,740.17,2.18,194.00,259.00,1.17,19476556,2026-09-18T06:15:22Z
B,orig,learned_markov_14,async_win,128,11,0,0.00,100.00,662.28,315.51,235.51,19.61,60.39,13.00,977.79,681.89,2.26,194.00,259.00,1.17,19487324,2026-09-18T06:15:22Z
B,orig,learned_markov_28,async,128,11,0,0.00,100.00,626.59,288.57,183.90,104.68,,,915.16,731.27,2.18,193.00,265.00,1.17,19488192,2026-09-18T06:15:23Z
B,orig,learned_markov_28,async_win,128,11,0,0.00,100.00,662.34,323.41,222.87,38.36,62.18,26.00,985.75,700.70,2.20,193.00,264.00,1.15,19489780,2026-09-18T06:15:23Z
C,orig,layers_5,async,128,11,0,0.00,100.00,996.23,302.07,232.77,69.30,,,1298.30,1065.53,1.59,20.00,28.00,1.15,19466952,2026-09-18T06:15:23Z
C,orig,layers_5,async_win,128,11,0,0.00,100.00,1011.51,301.09,232.81,7.52,60.75,2.00,1312.60,1019.03,1.60,20.00,28.00,1.15,19477648,2026-09-18T06:15:24Z
C,orig,layers_92,async,128,11,0,0.00,100.00,630.78,409.34,227.74,181.60,,,1040.12,812.38,1.56,20.00,30.00,1.15,19480932,2026-09-18T06:15:24Z
C,orig,layers_92,async_win,128,11,0,0.00,100.00,633.02,421.48,230.84,125.09,65.54,87.00,1054.50,758.11,1.59,20.00,30.00,1.15,19482004,2026-09-18T06:15:24Z
C,orig,2d,async,128,11,0,0.00,100.00,626.32,619.02,554.51,64.51,,,1245.34,690.83,1.58,20.00,30.00,1.15,19482988,2026-09-18T06:15:24Z
C,orig,2d,async_win,128,11,0,0.00,100.00,656.45,300.10,232.75,7.20,60.15,2.00,956.55,663.65,1.56,20.00,30.00,1.15,19483220,2026-09-18T06:15:25Z
C,orig,2e_K10,async,128,11,0,0.00,100.00,626.41,306.86,228.14,78.72,,,933.27,705.13,1.56,20.00,33.00,1.15,19483360,2026-09-18T06:15:25Z
C,orig,2e_K10,async_win,128,11,0,0.00,100.00,671.51,308.29,231.30,15.35,61.64,8.00,979.80,686.86,1.56,20.00,33.00,1.15,19485088,2026-09-18T06:15:25Z
C,orig,2e_K500,async,128,11,0,0.00,76.00,181.45,715.82,230.00,485.81,,,897.27,667.26,1.52,0.00,37.00,1.15,19486440,2026-09-18T06:15:25Z
C,orig,2e_K500,async_win,128,11,0,0.00,42.30,180.01,531.25,233.52,215.41,82.33,90.00,711.26,395.42,1.51,0.00,37.00,1.15,19486120,2026-09-18T06:15:26Z
C,orig,2f_top14,async,128,11,0,0.00,100.00,599.55,311.59,232.55,79.04,,,911.14,678.59,1.57,20.00,35.00,1.15,19486144,2026-09-18T06:15:26Z
C,orig,2f_top14,async_win,128,11,0,0.00,100.00,637.88,309.01,231.19,16.86,60.95,9.00,946.89,654.74,1.56,20.00,35.00,1.15,19489488,2026-09-18T06:15:26Z
C,orig,2f_top28,async,128,11,0,0.00,100.00,512.18,331.86,232.97,98.90,,,844.04,611.08,1.56,19.00,35.00,1.15,19489604,2026-09-18T06:15:27Z
C,orig,2f_top28,async_win,128,11,0,0.00,100.00,536.04,322.48,233.35,27.27,61.86,13.00,858.52,563.31,1.57,19.00,36.00,1.15,19489564,2026-09-18T06:15:27Z
C,orig,2f_top100,async,128,11,0,0.00,100.00,631.24,421.81,229.50,192.31,,,1053.05,823.55,1.56,14.00,37.00,1.15,19491540,2026-09-18T06:15:27Z
C,orig,2f_top100,async_win,128,11,0,0.00,74.00,663.97,368.13,232.53,69.75,65.85,32.00,1032.10,733.72,1.56,14.00,37.00,1.15,19492584,2026-09-18T06:15:27Z
C,orig,2f_top500,async,128,11,0,0.00,100.00,95.83,1039.55,233.60,805.96,,,1135.38,901.79,1.52,0.00,37.00,1.15,19492384,2026-09-18T06:15:28Z
C,orig,2f_top500,async_win,128,11,0,0.00,100.00,94.78,563.61,227.42,247.49,88.71,15.00,658.39,342.27,1.51,0.00,37.00,1.15,19475820,2026-09-18T06:15:28Z
C,orig,2f_slru,async,128,11,0,0.00,100.00,96.48,1031.32,232.65,798.67,,,1127.80,895.15,1.52,0.00,37.00,1.14,19476784,2026-09-18T06:15:28Z
C,orig,2f_slru,async_win,128,11,0,0.00,100.00,95.50,525.36,225.30,211.57,88.49,15.00,620.86,307.07,1.50,0.00,37.00,1.14,19477864,2026-09-18T06:15:28Z
C,orig,leaf_freq_K10,async,128,11,0,0.00,100.00,1115.55,311.46,232.87,78.59,,,1427.01,1194.14,1.56,20.00,31.00,1.14,19477720,2026-09-18T06:15:29Z
C,orig,leaf_freq_K10,async_win,128,11,0,0.00,100.00,1027.31,304.00,231.51,11.33,61.16,6.00,1331.31,1038.64,1.56,20.00,31.00,1.14,19478296,2026-09-18T06:15:29Z
C,orig,leaf_rand_K10,async,128,11,0,0.00,100.00,994.12,307.05,231.91,75.14,,,1301.17,1069.26,1.55,20.00,28.00,1.14,19478568,2026-09-18T06:15:29Z
C,orig,leaf_rand_K10,async_win,128,11,0,0.00,100.00,1024.40,309.79,232.84,14.51,62.45,10.00,1334.19,1038.91,1.55,20.00,28.00,1.14,19459924,2026-09-18T06:15:29Z
C,orig,learned_markov_14,async,128,11,0,0.00,100.00,634.03,311.65,231.99,79.66,,,945.68,713.69,1.56,20.00,35.00,1.14,19462144,2026-09-18T06:15:30Z
C,orig,learned_markov_14,async_win,128,11,0,0.00,100.00,665.00,312.17,232.70,17.06,62.41,9.00,977.17,682.06,1.57,20.00,36.00,1.14,19463512,2026-09-18T06:15:30Z
C,orig,learned_markov_28,async,128,11,0,0.00,100.00,603.79,335.18,234.32,100.86,,,938.97,704.65,1.58,19.00,35.00,1.14,19465048,2026-09-18T06:15:30Z
C,orig,learned_markov_28,async_win,128,11,0,0.00,100.00,660.97,323.80,234.26,26.06,63.48,13.00,984.77,687.03,1.57,19.00,35.00,1.14,19466072,2026-09-18T06:15:30Z
C_hit,orig,layers_5,async,128,11,0,0.00,100.00,974.87,302.05,232.85,69.20,,,1276.92,1044.07,1.65,41.00,57.00,1.14,19466364,2026-09-18T06:15:31Z
C_hit,orig,layers_5,async_win,128,11,0,0.00,100.00,1030.10,304.83,234.52,8.39,61.93,2.00,1334.93,1038.49,1.67,41.00,57.00,1.14,19466108,2026-09-18T06:15:31Z
C_hit,orig,layers_92,async,128,11,0,0.00,100.00,636.74,437.75,231.49,206.27,,,1074.49,843.01,1.64,39.00,60.00,1.14,19466712,2026-09-18T06:15:31Z
C_hit,orig,layers_92,async_win,128,11,0,0.00,100.00,633.48,417.94,234.41,121.82,61.72,87.00,1051.42,755.30,1.66,39.00,60.00,1.14,19467452,2026-09-18T06:15:32Z
C_hit,orig,2d,async,128,11,0,0.00,100.00,637.56,300.31,230.79,69.52,,,937.87,707.08,1.66,39.00,60.00,1.14,19467352,2026-09-18T06:15:32Z
C_hit,orig,2d,async_win,128,11,0,0.00,100.00,886.56,301.23,232.18,8.07,60.98,3.00,1187.79,894.63,1.64,39.00,60.00,1.14,19467964,2026-09-18T06:15:32Z
C_hit,orig,2e_K10,async,128,11,0,0.00,100.00,573.42,312.99,231.07,81.91,,,886.41,655.33,1.65,39.00,61.00,1.14,19468592,2026-09-18T06:15:32Z
C_hit,orig,2e_K10,async_win,128,11,0,0.00,100.00,596.89,322.29,240.09,15.18,67.02,6.00,919.18,612.07,1.67,39.00,61.00,1.14,19468528,2026-09-18T06:15:33Z
C_hit,orig,2e_K500,async,128,11,0,0.00,48.50,179.04,924.96,231.03,693.93,,,1104.00,872.97,1.55,11.00,59.00,1.14,19468452,2026-09-18T06:15:33Z
C_hit,orig,2e_K500,async_win,128,11,0,0.00,100.00,179.31,675.63,225.57,358.13,91.92,139.00,854.94,537.44,1.57,11.00,59.00,1.13,19470416,2026-09-18T06:15:33Z
C_hit,orig,2f_top14,async,128,11,0,0.00,100.00,506.53,307.85,229.27,78.58,,,814.38,585.11,1.66,39.00,61.00,1.13,19470996,2026-09-18T06:15:33Z
C_hit,orig,2f_top14,async_win,128,11,0,0.00,100.00,605.63,309.39,231.50,15.69,62.21,6.00,915.02,621.32,1.68,39.00,61.00,1.13,19471568,2026-09-18T06:15:34Z
C_hit,orig,2f_top28,async,128,11,0,0.00,100.00,635.49,325.79,230.85,94.94,,,961.28,730.43,1.68,39.00,60.00,1.13,19475684,2026-09-18T06:15:34Z
C_hit,orig,2f_top28,async_win,128,11,0,0.00,100.00,513.12,317.03,229.90,25.15,61.98,8.00,830.15,538.27,1.68,39.00,60.00,1.13,19476652,2026-09-18T06:15:34Z
C_hit,orig,2f_top100,async,128,11,0,0.00,100.00,531.89,410.53,229.71,180.82,,,942.42,712.71,1.65,34.00,62.00,1.13,19475452,2026-09-18T06:15:34Z
C_hit,orig,2f_top100,async_win,128,11,0,0.00,66.00,600.92,361.99,226.88,71.31,63.80,28.00,962.91,672.23,1.66,34.00,62.00,1.13,19460816,2026-09-18T06:15:35Z
C_hit,orig,2f_top500,async,128,11,0,0.00,43.80,181.70,874.99,231.00,643.98,,,1056.69,825.68,1.58,11.00,60.00,1.13,19461740,2026-09-18T06:15:35Z
C_hit,orig,2f_top500,async_win,128,11,0,0.00,40.20,177.67,688.88,230.29,366.60,91.99,138.00,866.55,544.27,1.58,11.00,60.00,1.13,19463000,2026-09-18T06:15:35Z
C_hit,orig,2f_slru,async,128,11,0,0.00,100.00,93.97,1608.52,223.43,1385.09,,,1702.49,1479.06,1.57,0.00,62.00,1.13,19465164,2026-09-18T06:15:36Z
C_hit,orig,2f_slru,async_win,128,11,0,0.00,96.50,96.05,787.98,232.02,428.86,127.11,29.00,884.03,524.91,1.58,0.00,62.00,1.13,19465248,2026-09-18T06:15:36Z
C_hit,orig,leaf_freq_K10,async,128,11,0,0.00,100.00,897.62,304.88,228.91,75.97,,,1202.50,973.59,1.69,41.00,57.00,1.13,19465480,2026-09-18T06:15:36Z
C_hit,orig,leaf_freq_K10,async_win,128,11,0,0.00,100.00,929.15,303.39,231.71,10.35,61.34,3.00,1232.54,939.50,1.67,41.00,57.00,1.13,19465432,2026-09-18T06:15:36Z
C_hit,orig,leaf_rand_K10,async,128,11,0,0.00,100.00,986.21,253.94,179.58,74.36,,,1240.15,1060.57,1.67,41.00,57.00,1.13,19465240,2026-09-18T06:15:37Z
C_hit,orig,leaf_rand_K10,async_win,128,11,0,0.00,100.00,1012.20,307.07,230.70,15.57,60.79,10.00,1319.27,1027.77,1.71,41.00,57.00,1.13,19466972,2026-09-18T06:15:37Z
C_hit,orig,learned_markov_14,async,128,11,0,0.00,100.00,540.08,308.51,230.47,78.04,,,848.59,618.12,1.67,39.00,61.00,1.13,19465316,2026-09-18T06:15:37Z
C_hit,orig,learned_markov_14,async_win,128,11,0,0.00,100.00,591.65,307.03,230.70,14.72,61.61,6.00,898.68,606.37,1.66,39.00,61.00,1.13,19466196,2026-09-18T06:15:37Z
C_hit,orig,learned_markov_28,async,128,11,0,0.00,100.00,596.59,327.12,231.82,95.29,,,923.71,691.88,1.66,39.00,60.00,1.13,19467220,2026-09-18T06:15:38Z
C_hit,orig,learned_markov_28,async_win,128,11,0,0.00,100.00,540.95,316.17,230.94,22.25,62.98,8.00,857.12,563.20,1.68,39.00,60.00,1.20,19467236,2026-09-18T06:15:38Z
A,orig,lp_sorted,pread,128,1,1,0.00,100.00,113.12,18615.76,147.78,18467.98,,,18728.88,18581.10,1.55,0.00,278.00,1.20,19472524,2026-09-18T06:15:38Z
A,orig,lp_sorted,async,128,1,1,0.00,100.00,99.23,7365.68,143.55,7222.13,,,7464.91,7321.36,1.56,0.00,278.00,1.20,19470636,2026-09-18T06:15:39Z
A,orig,lp_shuf,pread,128,1,1,0.00,100.00,104.94,275001.81,146.69,274855.12,,,275106.75,274960.06,1.55,0.00,278.00,1.20,19472872,2026-09-18T06:15:39Z
A,orig,lp_shuf,async,128,1,1,0.00,100.00,98.31,7176.38,150.50,7025.88,,,7274.69,7124.19,1.56,0.00,278.00,1.20,19472872,2026-09-18T06:15:40Z
B,orig,lp_sorted,pread,128,1,1,0.00,100.00,97.67,17811.26,183.07,17628.19,,,17908.93,17725.86,1.57,0.00,278.00,1.20,19468992,2026-09-18T06:15:40Z
B,orig,lp_sorted,async,128,1,1,0.00,100.00,91.10,7332.18,178.15,7154.03,,,7423.28,7245.13,1.62,0.00,278.00,1.20,19474232,2026-09-18T06:15:40Z
B,orig,lp_shuf,pread,128,1,1,0.00,100.00,102.94,284059.99,183.89,283876.11,,,284162.93,283979.05,1.60,0.00,278.00,1.20,19476808,2026-09-18T06:15:41Z
B,orig,lp_shuf,async,128,1,1,0.00,100.00,99.91,7221.22,185.17,7036.05,,,7321.13,7135.96,1.65,0.00,278.00,1.20,19475284,2026-09-18T06:15:41Z
C,orig,lp_sorted,pread,128,1,1,0.00,100.00,94.54,2727.44,179.56,2547.88,,,2821.98,2642.42,1.59,0.00,37.00,1.20,19478052,2026-09-18T06:15:41Z
C,orig,lp_sorted,async,128,1,1,0.00,100.00,97.29,930.99,180.10,750.89,,,1028.28,848.18,1.53,0.00,37.00,1.20,19478680,2026-09-18T06:15:41Z
C,orig,lp_shuf,pread,128,1,1,0.00,100.00,97.58,27456.08,184.06,27272.03,,,27553.66,27369.61,1.51,0.00,37.00,1.20,19478988,2026-09-18T06:15:42Z
C,orig,lp_shuf,async,128,1,1,0.00,99.40,93.57,852.67,185.73,666.94,,,946.24,760.51,1.53,0.00,37.00,1.20,19478516,2026-09-18T06:15:42Z
C_hit,orig,lp_sorted,pread,128,1,1,0.00,100.00,95.47,4700.96,182.61,4518.34,,,4796.43,4613.81,1.53,0.00,62.00,1.20,19478952,2026-09-18T06:15:42Z
C_hit,orig,lp_sorted,async,128,1,1,0.00,100.00,96.07,1624.55,185.76,1438.79,,,1720.62,1534.86,1.55,0.00,62.00,1.20,19480764,2026-09-18T06:15:43Z
C_hit,orig,lp_shuf,pread,128,1,1,0.00,100.00,97.17,52781.27,184.47,52596.81,,,52878.44,52693.98,1.53,0.00,62.00,1.20,19483572,2026-09-18T06:15:43Z
C_hit,orig,lp_shuf,async,128,1,1,0.00,99.90,95.26,1698.30,178.79,1519.52,,,1793.56,1614.78,1.56,0.00,62.00,1.18,19483868,2026-09-18T06:15:43Z
A,orig,lp_sorted,pread,128,2,0,0.00,100.00,97.51,18952.01,177.89,18774.11,,,19049.52,18871.62,1.54,0.00,278.00,1.18,19484904,2026-09-18T06:15:43Z
A,orig,lp_shuf,pread,128,2,0,0.00,100.00,100.24,274520.78,178.02,274342.76,,,274621.02,274443.00,1.55,0.00,278.00,1.18,19486420,2026-09-18T06:15:44Z
B,orig,lp_sorted,pread,128,2,0,0.00,100.00,97.28,18289.02,177.07,18111.95,,,18386.30,18209.23,1.60,0.00,278.00,1.18,19490396,2026-09-18T06:15:44Z
B,orig,lp_shuf,pread,128,2,0,0.00,100.00,101.87,285474.98,179.20,285295.79,,,285576.85,285397.66,1.58,0.00,278.00,1.18,19491776,2026-09-18T06:15:45Z
C,orig,lp_sorted,pread,128,2,0,0.00,100.00,94.91,2737.59,178.87,2558.72,,,2832.50,2653.63,1.52,0.00,37.00,1.18,19497492,2026-09-18T06:15:45Z
C,orig,lp_shuf,pread,128,2,0,0.00,100.00,96.59,27702.70,178.99,27523.71,,,27799.29,27620.30,1.51,0.00,37.00,1.18,19497440,2026-09-18T06:15:45Z
C_hit,orig,lp_sorted,pread,128,2,0,0.00,100.00,93.88,4771.43,178.75,4592.68,,,4865.31,4686.56,1.53,0.00,62.00,1.18,19496152,2026-09-18T06:15:46Z
C_hit,orig,lp_shuf,pread,128,2,0,0.00,100.00,97.67,52793.27,179.70,52613.57,,,52890.94,52711.24,1.53,0.00,62.00,1.18,19495696,2026-09-18T06:15:46Z
A,orig,lp_sorted,pread,128,3,0,0.00,100.00,88.52,18347.10,178.25,18168.85,,,18435.62,18257.37,1.55,0.00,278.00,1.18,19496196,2026-09-18T06:15:46Z
A,orig,lp_shuf,pread,128,3,0,0.00,100.00,103.67,275558.95,179.03,275379.93,,,275662.62,275483.60,1.55,0.00,278.00,1.18,19498292,2026-09-18T06:15:47Z
B,orig,lp_sorted,pread,128,3,0,0.00,100.00,98.08,17968.07,176.94,17791.13,,,18066.15,17889.21,1.57,0.00,278.00,1.18,19499312,2026-09-18T06:15:47Z
B,orig,lp_shuf,pread,128,3,0,0.00,100.00,102.50,283552.33,178.35,283373.97,,,283654.83,283476.47,1.59,0.00,278.00,1.18,19498576,2026-09-18T06:15:47Z
C,orig,lp_sorted,pread,128,3,0,0.00,100.00,96.99,2822.71,177.93,2644.78,,,2919.70,2741.77,1.52,0.00,37.00,1.18,19499528,2026-09-18T06:15:48Z
C,orig,lp_shuf,pread,128,3,0,0.00,100.00,98.79,27436.51,177.03,27259.47,,,27535.30,27358.26,1.52,0.00,37.00,1.17,19500116,2026-09-18T06:15:48Z
C_hit,orig,lp_sorted,pread,128,3,0,0.00,100.00,90.61,4615.92,171.54,4444.38,,,4706.53,4534.99,1.56,0.00,62.00,1.17,19487288,2026-09-18T06:15:48Z
C_hit,orig,lp_shuf,pread,128,3,0,0.00,100.00,97.14,52770.55,175.19,52595.36,,,52867.69,52692.50,1.54,0.00,62.00,1.17,19488376,2026-09-18T06:15:49Z
A,orig,lp_sorted,pread,128,4,0,0.00,100.00,99.12,18541.93,178.55,18363.38,,,18641.05,18462.50,1.53,0.00,278.00,1.17,19488988,2026-09-18T06:15:49Z
A,orig,lp_shuf,pread,128,4,0,0.00,100.00,102.36,274137.98,176.67,273961.31,,,274240.34,274063.67,1.54,0.00,278.00,1.17,19489452,2026-09-18T06:15:49Z
B,orig,lp_sorted,pread,128,4,0,0.00,100.00,96.65,17863.35,177.49,17685.86,,,17960.00,17782.51,1.57,0.00,278.00,1.17,19488984,2026-09-18T06:15:50Z
B,orig,lp_shuf,pread,128,4,0,0.00,100.00,103.03,283538.18,171.37,283366.81,,,283641.21,283469.84,1.60,0.00,278.00,1.17,19488952,2026-09-18T06:15:50Z
C,orig,lp_sorted,pread,128,4,0,0.00,100.00,96.96,2925.02,180.92,2744.10,,,3021.98,2841.06,1.53,0.00,37.00,1.17,19490760,2026-09-18T06:15:51Z
C,orig,lp_shuf,pread,128,4,0,0.00,100.00,96.86,27397.81,175.49,27222.31,,,27494.67,27319.17,1.53,0.00,37.00,1.17,19489464,2026-09-18T06:15:51Z
C_hit,orig,lp_sorted,pread,128,4,0,0.00,100.00,94.12,4665.46,177.54,4487.92,,,4759.58,4582.04,1.54,0.00,62.00,1.17,19475136,2026-09-18T06:15:51Z
C_hit,orig,lp_shuf,pread,128,4,0,0.00,100.00,97.64,52853.75,174.93,52678.82,,,52951.39,52776.46,1.53,0.00,62.00,1.17,19475700,2026-09-18T06:15:51Z
A,orig,lp_sorted,pread,128,5,0,0.00,100.00,95.53,18469.50,180.02,18289.48,,,18565.03,18385.01,1.53,0.00,278.00,1.17,19476660,2026-09-18T06:15:52Z
A,orig,lp_shuf,pread,128,5,0,0.00,100.00,102.95,275257.95,179.32,275078.63,,,275360.90,275181.58,1.55,0.00,278.00,1.17,19473476,2026-09-18T06:15:52Z
B,orig,lp_sorted,pread,128,5,0,0.00,100.00,97.78,17958.34,175.90,17782.44,,,18056.12,17880.22,1.59,0.00,278.00,1.17,19474828,2026-09-18T06:15:52Z
B,orig,lp_shuf,pread,128,5,0,0.00,100.00,100.61,292809.77,177.55,292632.22,,,292910.38,292732.83,1.59,0.00,278.00,1.15,19475592,2026-09-18T06:15:53Z
C,orig,lp_sorted,pread,128,5,0,0.00,100.00,96.36,2800.07,176.18,2623.89,,,2896.43,2720.25,1.52,0.00,37.00,1.15,19474420,2026-09-18T06:15:53Z
C,orig,lp_shuf,pread,128,5,0,0.00,100.00,96.97,27422.11,176.67,27245.44,,,27519.08,27342.41,1.52,0.00,37.00,1.15,19475332,2026-09-18T06:15:54Z
C_hit,orig,lp_sorted,pread,128,5,0,0.00,100.00,101.28,4645.74,173.33,4472.42,,,4747.02,4573.70,1.53,0.00,62.00,1.15,19475628,2026-09-18T06:15:54Z
C_hit,orig,lp_shuf,pread,128,5,0,0.00,100.00,100.50,52911.21,177.83,52733.37,,,53011.71,52833.87,1.53,0.00,62.00,1.15,19474740,2026-09-18T06:15:54Z
A,orig,lp_sorted,pread,128,6,0,0.00,100.00,101.04,18206.71,176.54,18030.17,,,18307.75,18131.21,1.55,0.00,278.00,1.15,19475612,2026-09-18T06:15:54Z
A,orig,lp_shuf,pread,128,6,0,0.00,100.00,103.67,276547.06,178.79,276368.28,,,276650.73,276471.95,1.54,0.00,278.00,1.15,19476684,2026-09-18T06:15:55Z
B,orig,lp_sorted,pread,128,6,0,0.00,100.00,98.77,18286.83,178.25,18108.57,,,18385.60,18207.34,1.62,0.00,278.00,1.15,19476180,2026-09-18T06:15:55Z
B,orig,lp_shuf,pread,128,6,0,0.00,100.00,104.28,293396.33,179.43,293216.90,,,293500.61,293321.18,1.60,0.00,278.00,1.15,19477744,2026-09-18T06:15:56Z
C,orig,lp_sorted,pread,128,6,0,0.00,100.00,96.26,2877.80,180.98,2696.82,,,2974.06,2793.08,1.51,0.00,37.00,1.15,19477988,2026-09-18T06:15:56Z
C,orig,lp_shuf,pread,128,6,0,0.00,100.00,96.71,27569.24,173.03,27396.21,,,27665.95,27492.92,1.53,0.00,37.00,1.15,19472148,2026-09-18T06:15:56Z
C_hit,orig,lp_sorted,pread,128,6,0,0.00,100.00,93.58,6272.91,171.91,6101.00,,,6366.49,6194.58,1.54,0.00,62.00,1.15,19471908,2026-09-18T06:15:57Z
C_hit,orig,lp_shuf,pread,128,6,0,0.00,100.00,98.03,52728.37,178.90,52549.48,,,52826.40,52647.51,1.53,0.00,62.00,1.15,19473420,2026-09-18T06:15:57Z
A,vacuum,baseline,baseline,128,1,1,0.00,0.00,915.27,0.00,0.00,0.00,,,915.27,915.27,2.00,149.00,213.00,1.14,19355564,2026-09-18T06:16:00Z
A,ta,baseline,baseline,128,1,1,0.00,0.00,1124.57,0.00,0.00,0.00,,,1124.57,1124.57,2.15,188.00,247.00,1.14,19354588,2026-09-18T06:16:00Z
A,1gb,baseline,baseline,128,1,1,0.00,0.00,1472.94,0.00,0.00,0.00,,,1472.94,1472.94,2.17,191.00,248.00,1.14,19354972,2026-09-18T06:16:00Z
B,vacuum,baseline,baseline,128,1,1,0.00,0.00,1009.84,0.00,0.00,0.00,,,1009.84,1009.84,2.06,147.00,209.00,1.14,19357916,2026-09-18T06:16:01Z
B,ta,baseline,baseline,128,1,1,0.00,0.00,615.41,0.00,0.00,0.00,,,615.41,615.41,2.17,192.00,246.00,1.14,19357252,2026-09-18T06:16:01Z
B,1gb,baseline,baseline,128,1,1,0.00,0.00,1531.99,0.00,0.00,0.00,,,1531.99,1531.99,2.23,193.00,253.00,1.14,19347252,2026-09-18T06:16:01Z
C,vacuum,baseline,baseline,128,1,1,0.00,0.00,972.00,0.00,0.00,0.00,,,972.00,972.00,1.56,18.00,27.00,1.14,19350892,2026-09-18T06:16:02Z
C,ta,baseline,baseline,128,1,1,0.00,0.00,907.90,0.00,0.00,0.00,,,907.90,907.90,1.58,20.00,30.00,1.14,19352032,2026-09-18T06:16:02Z
C,1gb,baseline,baseline,128,1,1,0.00,0.00,1382.35,0.00,0.00,0.00,,,1382.35,1382.35,1.67,40.00,55.00,1.14,19351800,2026-09-18T06:16:02Z
A,vacuum,layers_5,pread,128,1,1,0.00,100.00,865.96,820.10,233.61,586.49,,,1686.06,1452.45,2.01,150.00,212.00,1.14,19353060,2026-09-18T06:16:03Z
A,vacuum,layers_5,async,128,1,1,0.00,100.00,799.30,295.42,225.40,70.01,,,1094.72,869.31,2.01,150.00,210.00,1.14,19353396,2026-09-18T06:16:03Z
A,vacuum,layers_92,pread,128,1,1,0.00,100.00,512.15,7623.59,90.05,7533.54,,,8135.74,8045.69,2.03,150.00,219.00,1.13,19356188,2026-09-18T06:16:03Z
A,vacuum,layers_92,async,128,1,1,0.00,100.00,541.64,426.62,240.14,186.48,,,968.26,728.12,2.02,150.00,217.00,1.13,19378204,2026-09-18T06:16:04Z
A,vacuum,2d,pread,128,1,1,0.00,100.00,538.54,1372.04,241.47,1130.57,,,1910.58,1669.11,2.02,150.00,219.00,1.13,19379272,2026-09-18T06:16:04Z
A,vacuum,2d,async,128,1,1,0.00,100.00,537.62,309.62,231.69,77.93,,,847.24,615.55,2.03,150.00,217.00,1.13,19379156,2026-09-18T06:16:04Z
A,vacuum,2e_K10,pread,128,1,1,0.00,100.00,553.13,2176.22,242.13,1934.10,,,2729.35,2487.23,2.03,149.00,226.00,1.13,19379636,2026-09-18T06:16:04Z
A,vacuum,2e_K10,async,128,1,1,0.00,100.00,541.59,326.63,237.53,89.11,,,868.22,630.70,2.05,149.00,225.00,1.13,19381432,2026-09-18T06:16:05Z
A,vacuum,2e_K500,pread,128,1,1,0.00,100.00,608.75,13658.19,211.65,13446.54,,,14266.94,14055.29,1.88,123.00,416.00,1.13,19381324,2026-09-18T06:16:05Z
A,vacuum,2e_K500,async,128,1,1,0.00,100.00,578.94,1084.15,196.38,887.77,,,1663.09,1466.71,1.98,151.00,319.00,1.13,19380788,2026-09-18T06:16:05Z
A,vacuum,2f_slru,pread,128,1,1,0.00,100.00,94.14,14259.29,122.76,14136.52,,,14353.43,14230.66,1.53,0.00,214.00,1.13,19382336,2026-09-18T06:16:06Z
A,vacuum,2f_slru,async,128,1,1,0.00,100.00,97.82,5654.02,194.79,5459.23,,,5751.84,5557.05,1.58,0.00,214.00,1.13,19384080,2026-09-18T06:16:06Z
A,vacuum,leaf_freq_K10,pread,128,1,1,0.00,100.00,1021.19,1049.10,124.53,924.57,,,2070.29,1945.76,2.05,149.00,217.00,1.13,19383192,2026-09-18T06:16:06Z
A,vacuum,leaf_freq_K10,async,128,1,1,0.00,100.00,929.32,266.10,190.91,75.19,,,1195.42,1004.51,2.00,149.00,217.00,1.13,19384040,2026-09-18T06:16:07Z
A,vacuum,leaf_rand_K10,pread,128,1,1,0.00,100.00,957.30,1202.17,201.27,1000.90,,,2159.47,1958.20,2.10,149.00,215.00,1.13,19383964,2026-09-18T06:16:07Z
A,vacuum,leaf_rand_K10,async,128,1,1,0.00,100.00,982.52,271.43,196.12,75.31,,,1253.95,1057.83,2.02,149.00,215.00,1.13,19383772,2026-09-18T06:16:07Z
A,ta,layers_5,pread,128,1,1,0.00,100.00,908.34,338.94,88.69,250.25,,,1247.28,1158.59,2.19,188.00,247.00,1.13,19382396,2026-09-18T06:16:07Z
A,ta,layers_5,async,128,1,1,0.00,100.00,967.45,310.20,240.42,69.78,,,1277.65,1037.23,2.23,188.00,246.00,1.13,19381524,2026-09-18T06:16:08Z
A,ta,layers_92,pread,128,1,1,0.00,100.00,572.57,1053.21,233.31,819.90,,,1625.78,1392.47,2.15,184.00,248.00,1.12,19381988,2026-09-18T06:16:08Z
A,ta,layers_92,async,128,1,1,0.00,42.40,555.32,409.05,231.50,177.54,,,964.37,732.86,2.17,187.00,246.00,1.12,19383276,2026-09-18T06:16:08Z
A,ta,2d,pread,128,1,1,0.00,100.00,570.37,932.08,87.42,844.66,,,1502.45,1415.03,2.23,187.00,247.00,1.12,19364184,2026-09-18T06:16:09Z
A,ta,2d,async,128,1,1,0.00,91.20,563.96,332.77,227.22,105.55,,,896.73,669.51,2.12,187.00,246.00,1.12,19364160,2026-09-18T06:16:09Z
A,ta,2e_K10,pread,128,1,1,0.00,100.00,574.07,2008.87,216.90,1791.97,,,2582.94,2366.04,2.16,190.00,248.00,1.12,19368496,2026-09-18T06:16:09Z
A,ta,2e_K10,async,128,1,1,0.00,75.00,565.55,332.02,216.83,115.20,,,897.57,680.75,2.18,190.00,247.00,1.12,19369020,2026-09-18T06:16:10Z
A,ta,2e_K500,pread,128,1,1,0.00,100.00,543.29,17360.75,88.97,17271.78,,,17904.04,17815.07,2.15,169.00,439.00,1.12,19369784,2026-09-18T06:16:10Z
A,ta,2e_K500,async,128,1,1,0.00,31.30,770.89,996.35,224.97,771.38,,,1767.24,1542.27,2.13,181.00,378.00,1.12,19372276,2026-09-18T06:16:10Z
A,ta,2f_slru,pread,128,1,1,0.00,100.00,97.42,17739.84,130.85,17608.99,,,17837.26,17706.41,1.59,0.00,279.00,1.12,19373844,2026-09-18T06:16:11Z
A,ta,2f_slru,async,128,1,1,0.00,100.00,96.90,7338.34,197.31,7141.02,,,7435.24,7237.92,1.57,0.00,279.00,1.12,19371156,2026-09-18T06:16:11Z
A,ta,leaf_freq_K10,pread,128,1,1,0.00,100.00,1095.90,1056.46,133.09,923.37,,,2152.36,2019.27,2.16,191.00,248.00,1.12,19376312,2026-09-18T06:16:11Z
A,ta,leaf_freq_K10,async,128,1,1,0.00,100.00,998.74,277.24,201.17,76.07,,,1275.98,1074.81,2.16,191.00,248.00,1.12,19376816,2026-09-18T06:16:12Z
A,ta,leaf_rand_K10,pread,128,1,1,0.00,100.00,962.00,1456.52,99.30,1357.22,,,2418.52,2319.22,2.21,188.00,247.00,1.12,19377008,2026-09-18T06:16:12Z
A,ta,leaf_rand_K10,async,128,1,1,0.00,100.00,999.60,319.89,243.69,76.20,,,1319.49,1075.80,2.18,188.00,247.00,1.12,19382344,2026-09-18T06:16:12Z
A,1gb,layers_5,pread,128,1,1,0.00,100.00,1278.71,683.08,205.47,477.62,,,1961.79,1756.33,2.18,191.00,246.00,1.12,19382424,2026-09-18T06:16:13Z
A,1gb,layers_5,async,128,1,1,0.00,100.00,1381.57,321.13,255.07,66.06,,,1702.70,1447.63,2.35,191.00,246.00,1.19,19366316,2026-09-18T06:16:13Z
A,1gb,layers_92,pread,128,1,1,0.00,100.00,908.95,8912.03,118.98,8793.05,,,9820.98,9702.00,2.19,188.00,258.00,1.19,19368300,2026-09-18T06:16:13Z
A,1gb,layers_92,async,128,1,1,0.00,100.00,891.21,532.33,313.86,218.47,,,1423.54,1109.68,2.17,188.00,257.00,1.19,19369140,2026-09-18T06:16:14Z
A,1gb,2d,pread,128,1,1,0.00,100.00,566.43,2110.36,116.86,1993.50,,,2676.79,2559.93,2.16,187.00,259.00,1.19,19369952,2026-09-18T06:16:14Z
A,1gb,2d,async,128,1,1,0.00,100.00,548.77,332.18,242.12,90.06,,,880.95,638.83,2.16,187.00,258.00,1.19,19373992,2026-09-18T06:16:14Z
A,1gb,2e_K10,pread,128,1,1,0.00,100.00,612.08,2957.99,239.26,2718.73,,,3570.07,3330.81,2.23,190.00,261.00,1.19,19377000,2026-09-18T06:16:15Z
A,1gb,2e_K10,async,128,1,1,0.00,100.00,591.43,347.59,242.91,104.69,,,939.02,696.12,2.14,190.00,260.00,1.19,19377188,2026-09-18T06:16:15Z
A,1gb,2e_K500,pread,128,1,1,0.00,100.00,654.80,22693.76,230.72,22463.04,,,23348.56,23117.84,2.06,164.00,431.00,1.19,19381224,2026-09-18T06:16:15Z
A,1gb,2e_K500,async,128,1,1,0.00,100.00,573.05,1065.18,239.93,825.25,,,1638.23,1398.30,2.20,181.00,381.00,1.19,19383904,2026-09-18T06:16:16Z
A,1gb,2f_slru,pread,128,1,1,0.00,100.00,100.32,19105.57,233.90,18871.67,,,19205.89,18971.99,1.58,0.00,280.00,1.19,19385020,2026-09-18T06:16:16Z
A,1gb,2f_slru,async,128,1,1,0.00,100.00,101.43,7527.73,242.04,7285.69,,,7629.16,7387.12,1.60,0.00,280.00,1.19,19383704,2026-09-18T06:16:16Z
A,1gb,leaf_freq_K10,pread,128,1,1,0.00,100.00,1462.28,1049.61,120.98,928.64,,,2511.89,2390.92,2.22,193.00,248.00,1.19,19386568,2026-09-18T06:16:17Z
A,1gb,leaf_freq_K10,async,128,1,1,0.00,100.00,1550.34,278.27,203.61,74.66,,,1828.61,1625.00,2.19,193.00,248.00,1.19,19388424,2026-09-18T06:16:17Z
A,1gb,leaf_rand_K10,pread,128,1,1,0.00,100.00,1467.41,1546.77,197.53,1349.24,,,3014.18,2816.65,2.20,191.00,247.00,1.19,19390384,2026-09-18T06:16:17Z
A,1gb,leaf_rand_K10,async,128,1,1,0.00,100.00,1459.17,914.15,840.24,73.91,,,2373.32,1533.08,2.22,191.00,247.00,1.19,19391000,2026-09-18T06:16:18Z
B,vacuum,layers_5,pread,128,1,1,0.00,100.00,867.18,821.58,236.25,585.33,,,1688.76,1452.51,2.05,147.00,212.00,1.25,19391140,2026-09-18T06:16:18Z
B,vacuum,layers_5,async,128,1,1,0.00,100.00,895.25,301.90,232.30,69.60,,,1197.15,964.85,2.06,148.00,209.00,1.25,19381120,2026-09-18T06:16:18Z
B,vacuum,layers_92,pread,128,1,1,0.00,100.00,586.82,7516.14,214.72,7301.42,,,8102.96,7888.24,2.12,144.00,226.00,1.25,19382620,2026-09-18T06:16:19Z
B,vacuum,layers_92,async,128,1,1,0.00,100.00,523.04,411.00,218.62,192.38,,,934.04,715.42,2.03,145.00,223.00,1.25,19382676,2026-09-18T06:16:19Z
B,vacuum,2d,pread,128,1,1,0.00,100.00,514.68,1359.77,201.60,1158.17,,,1874.45,1672.85,2.05,144.00,226.00,1.25,19384372,2026-09-18T06:16:19Z
B,vacuum,2d,async,128,1,1,0.00,100.00,585.48,272.48,195.47,77.01,,,857.96,662.49,2.07,145.00,223.00,1.25,19385444,2026-09-18T06:16:19Z
B,vacuum,2e_K10,pread,128,1,1,0.00,100.00,514.01,2258.24,238.60,2019.64,,,2772.25,2533.65,2.03,144.00,227.00,1.25,19385024,2026-09-18T06:16:20Z
B,vacuum,2e_K10,async,128,1,1,0.00,100.00,556.08,329.48,239.41,90.07,,,885.56,646.15,2.10,145.00,223.00,1.25,19386884,2026-09-18T06:16:20Z
B,vacuum,2e_K500,pread,128,1,1,0.00,100.00,185.03,13771.23,238.57,13532.66,,,13956.26,13717.69,1.77,52.00,290.00,1.25,19388712,2026-09-18T06:16:20Z
B,vacuum,2e_K500,async,128,1,1,0.00,11.10,186.66,953.79,237.49,716.31,,,1140.45,902.97,2.02,148.00,285.00,1.25,19389072,2026-09-18T06:16:21Z
B,vacuum,2f_slru,pread,128,1,1,0.00,100.00,95.19,14039.61,205.61,13834.01,,,14134.80,13929.20,1.56,0.00,214.00,1.25,19389600,2026-09-18T06:16:21Z
B,vacuum,2f_slru,async,128,1,1,0.00,100.00,98.90,5708.96,203.00,5505.96,,,5807.86,5604.86,1.63,0.00,214.00,1.25,19391148,2026-09-18T06:16:21Z
B,vacuum,leaf_freq_K10,pread,128,1,1,0.00,100.00,978.50,1123.67,200.99,922.68,,,2102.17,1901.18,2.06,147.00,210.00,1.25,19391988,2026-09-18T06:16:22Z
B,vacuum,leaf_freq_K10,async,128,1,1,0.00,100.00,988.22,286.80,209.10,77.70,,,1275.02,1065.92,2.05,147.00,210.00,1.25,19392620,2026-09-18T06:16:22Z
B,vacuum,leaf_rand_K10,pread,128,1,1,0.00,100.00,998.91,1099.64,251.19,848.45,,,2098.55,1847.36,2.13,147.00,209.00,1.25,19393836,2026-09-18T06:16:22Z
B,vacuum,leaf_rand_K10,async,128,1,1,0.00,100.00,922.77,292.78,217.97,74.81,,,1215.55,997.58,2.05,147.00,209.00,1.25,19394048,2026-09-18T06:16:23Z
B,ta,layers_5,pread,128,1,1,0.00,100.00,389.99,443.77,192.98,250.79,,,833.76,640.78,2.20,192.00,245.00,1.25,19394552,2026-09-18T06:16:23Z
B,ta,layers_5,async,128,1,1,0.00,100.00,863.01,262.15,192.62,69.53,,,1125.16,932.54,2.30,192.00,244.00,1.23,19397044,2026-09-18T06:16:23Z
B,ta,layers_92,pread,128,1,1,0.00,100.00,465.50,922.27,117.96,804.31,,,1387.77,1269.81,2.23,189.00,245.00,1.23,19385480,2026-09-18T06:16:24Z
B,ta,layers_92,async,128,1,1,0.00,100.00,470.46,379.72,203.71,176.01,,,850.18,646.47,2.20,191.00,244.00,1.23,19403680,2026-09-18T06:16:24Z
B,ta,2d,pread,128,1,1,0.00,100.00,413.89,971.77,121.21,850.56,,,1385.66,1264.45,2.24,190.00,245.00,1.23,19405280,2026-09-18T06:16:24Z
B,ta,2d,async,128,1,1,0.00,66.00,461.11,347.05,226.39,120.67,,,808.16,581.78,2.32,191.00,244.00,1.23,19405164,2026-09-18T06:16:24Z
B,ta,2e_K10,pread,128,1,1,0.00,100.00,468.98,2383.57,119.56,2264.02,,,2852.55,2733.00,2.18,190.00,245.00,1.23,19406144,2026-09-18T06:16:25Z
B,ta,2e_K10,async,128,1,1,0.00,71.90,415.84,338.80,204.07,134.72,,,754.64,550.56,2.20,191.00,244.00,1.23,19404832,2026-09-18T06:16:25Z
B,ta,2e_K500,pread,128,1,1,0.00,100.00,185.98,16570.64,163.59,16407.05,,,16756.62,16593.03,1.83,83.00,313.00,1.23,19406244,2026-09-18T06:16:25Z
B,ta,2e_K500,async,128,1,1,0.00,47.00,182.41,1004.72,204.47,800.24,,,1187.13,982.65,2.14,182.00,318.00,1.23,19407308,2026-09-18T06:16:26Z
B,ta,2f_slru,pread,128,1,1,0.00,100.00,96.73,17712.89,235.72,17477.17,,,17809.62,17573.90,1.64,0.00,279.00,1.23,19407392,2026-09-18T06:16:26Z
B,ta,2f_slru,async,128,1,1,0.00,100.00,97.93,7377.58,231.66,7145.92,,,7475.51,7243.85,1.64,0.00,279.00,1.23,19404572,2026-09-18T06:16:26Z
B,ta,leaf_freq_K10,pread,128,1,1,0.00,100.00,615.81,1063.74,126.46,937.28,,,1679.55,1553.09,2.22,192.00,246.00,1.23,19408580,2026-09-18T06:16:27Z
B,ta,leaf_freq_K10,async,128,1,1,0.00,100.00,595.84,313.79,239.58,74.21,,,909.63,670.05,2.18,192.00,246.00,1.23,19408980,2026-09-18T06:16:27Z
B,ta,leaf_rand_K10,pread,128,1,1,0.00,100.00,679.16,1071.22,173.95,897.28,,,1750.38,1576.44,2.24,192.00,246.00,1.23,19407992,2026-09-18T06:16:27Z
B,ta,leaf_rand_K10,async,128,1,1,0.00,100.00,618.39,267.60,192.67,74.93,,,885.99,693.32,2.21,192.00,246.00,1.23,19408952,2026-09-18T06:16:28Z
B,1gb,layers_5,pread,128,1,1,0.00,100.00,1227.87,669.14,199.84,469.29,,,1897.01,1697.16,2.21,193.00,255.00,1.22,19408772,2026-09-18T06:16:28Z
B,1gb,layers_5,async,128,1,1,0.00,100.00,1250.69,265.32,194.88,70.44,,,1516.01,1321.13,2.29,194.00,254.00,1.22,19410228,2026-09-18T06:16:28Z
B,1gb,layers_92,pread,128,1,1,0.00,100.00,1054.84,8222.27,250.66,7971.60,,,9277.11,9026.44,2.25,194.00,262.00,1.22,19410104,2026-09-18T06:16:29Z
B,1gb,layers_92,async,128,1,1,0.00,100.00,1037.65,471.39,246.63,224.75,,,1509.04,1262.40,2.27,195.00,260.00,1.22,19410288,2026-09-18T06:16:29Z
B,1gb,2d,pread,128,1,1,0.00,100.00,663.01,2010.77,129.05,1881.72,,,2673.78,2544.73,2.29,193.00,263.00,1.22,19391848,2026-09-18T06:16:29Z
B,1gb,2d,async,128,1,1,0.00,100.00,680.13,327.21,231.75,95.47,,,1007.34,775.60,2.28,194.00,261.00,1.22,19395740,2026-09-18T06:16:30Z
B,1gb,2e_K10,pread,128,1,1,0.00,100.00,663.69,2877.24,162.54,2714.69,,,3540.93,3378.38,2.25,193.00,263.00,1.22,19396064,2026-09-18T06:16:30Z
B,1gb,2e_K10,async,128,1,1,0.00,100.00,605.32,298.08,190.75,107.33,,,903.40,712.65,2.23,194.00,261.00,1.22,19396812,2026-09-18T06:16:30Z
B,1gb,2e_K500,pread,128,1,1,0.00,100.00,181.56,26440.52,97.40,26343.11,,,26622.08,26524.67,2.15,174.00,383.00,1.22,19397712,2026-09-18T06:16:31Z
B,1gb,2e_K500,async,128,1,1,0.00,100.00,182.51,1115.93,235.26,880.67,,,1298.44,1063.18,2.24,183.00,324.00,1.22,19397468,2026-09-18T06:16:31Z
B,1gb,2f_slru,pread,128,1,1,0.00,100.00,97.31,18443.72,117.18,18326.54,,,18541.03,18423.85,1.61,0.00,280.00,1.22,19399248,2026-09-18T06:16:31Z
B,1gb,2f_slru,async,128,1,1,0.00,92.60,99.03,11237.02,238.04,10998.99,,,11336.05,11098.02,1.63,0.00,280.00,1.22,19397196,2026-09-18T06:16:32Z
B,1gb,leaf_freq_K10,pread,128,1,1,0.00,100.00,1584.70,987.40,120.50,866.90,,,2572.10,2451.60,2.26,193.00,252.00,1.22,19399512,2026-09-18T06:16:32Z
B,1gb,leaf_freq_K10,async,128,1,1,0.00,100.00,1300.88,272.59,198.13,74.46,,,1573.47,1375.34,2.21,193.00,252.00,1.22,19400664,2026-09-18T06:16:32Z
B,1gb,leaf_rand_K10,pread,128,1,1,0.00,100.00,2378.17,1558.76,201.46,1357.30,,,3936.93,3735.47,2.25,193.00,253.00,1.22,19401500,2026-09-18T06:16:33Z
B,1gb,leaf_rand_K10,async,128,1,1,0.00,100.00,1576.33,283.23,207.49,75.74,,,1859.56,1652.07,2.26,193.00,253.00,1.20,19401356,2026-09-18T06:16:33Z
C,vacuum,layers_5,pread,128,1,1,0.00,100.00,839.54,779.98,195.68,584.30,,,1619.52,1423.84,1.54,18.00,27.00,1.20,19402016,2026-09-18T06:16:33Z
C,vacuum,layers_5,async,128,1,1,0.00,100.00,901.98,305.29,235.24,70.05,,,1207.27,972.03,1.58,18.00,27.00,1.20,19402980,2026-09-18T06:16:34Z
C,vacuum,layers_92,pread,128,1,1,0.00,100.00,507.73,7269.80,120.09,7149.71,,,7777.53,7657.44,1.55,18.00,29.00,1.20,19402176,2026-09-18T06:16:34Z
C,vacuum,layers_92,async,128,1,1,0.00,100.00,486.10,375.74,197.33,178.41,,,861.84,664.51,1.55,18.00,29.00,1.20,19403256,2026-09-18T06:16:34Z
C,vacuum,2d,pread,128,1,1,0.00,100.00,502.83,614.58,196.44,418.14,,,1117.41,920.97,1.58,18.00,29.00,1.20,19391664,2026-09-18T06:16:34Z
C,vacuum,2d,async,128,1,1,0.00,100.00,484.41,313.86,243.69,70.17,,,798.27,554.58,1.55,18.00,29.00,1.20,19393332,2026-09-18T06:16:35Z
C,vacuum,2e_K10,pread,128,1,1,0.00,100.00,509.73,1386.82,121.91,1264.91,,,1896.55,1774.64,1.53,16.00,34.00,1.20,19393484,2026-09-18T06:16:35Z
C,vacuum,2e_K10,async,128,1,1,0.00,100.00,643.41,365.61,283.20,82.41,,,1009.02,725.82,1.55,17.00,33.00,1.20,19394416,2026-09-18T06:16:35Z
C,vacuum,2e_K500,pread,128,1,1,0.00,100.00,175.42,2282.06,126.87,2155.19,,,2457.48,2330.61,1.50,0.00,30.00,1.20,19394596,2026-09-18T06:16:35Z
C,vacuum,2e_K500,async,128,1,1,0.00,47.90,880.40,675.89,234.36,441.53,,,1556.29,1321.93,1.48,0.00,30.00,1.20,19395540,2026-09-18T06:16:36Z
C,vacuum,2f_slru,pread,128,1,1,0.00,100.00,98.02,3120.78,169.14,2951.64,,,3218.80,3049.66,1.50,0.00,30.00,1.20,19395144,2026-09-18T06:16:36Z
C,vacuum,2f_slru,async,128,1,1,0.00,100.00,423.12,789.34,200.53,588.82,,,1212.46,1011.94,1.51,0.00,30.00,1.20,19392884,2026-09-18T06:16:36Z
C,vacuum,leaf_freq_K10,pread,128,1,1,0.00,100.00,997.14,754.44,200.28,554.16,,,1751.58,1551.30,1.55,16.00,32.00,1.20,19393624,2026-09-18T06:16:37Z
C,vacuum,leaf_freq_K10,async,128,1,1,0.00,80.00,1126.70,304.25,231.15,73.10,,,1430.95,1199.80,1.54,17.00,31.00,1.20,19394532,2026-09-18T06:16:37Z
C,vacuum,leaf_rand_K10,pread,128,1,1,0.00,100.00,988.86,1108.20,241.06,867.14,,,2097.06,1856.00,1.59,18.00,27.00,1.20,19394848,2026-09-18T06:16:37Z
C,vacuum,leaf_rand_K10,async,128,1,1,0.00,100.00,995.75,327.30,251.67,75.62,,,1323.05,1071.37,1.56,18.00,27.00,1.20,19396452,2026-09-18T06:16:37Z
C,ta,layers_5,pread,128,1,1,0.00,100.00,867.84,491.80,234.13,257.67,,,1359.64,1125.51,1.66,20.00,30.00,1.20,19396356,2026-09-18T06:16:38Z
C,ta,layers_5,async,128,1,1,0.00,100.00,886.28,300.65,231.84,68.82,,,1186.93,955.10,1.61,20.00,30.00,1.20,19396352,2026-09-18T06:16:38Z
C,ta,layers_92,pread,128,1,1,0.00,100.00,477.16,1148.73,204.65,944.08,,,1625.89,1421.24,1.62,19.00,31.00,1.18,19396512,2026-09-18T06:16:38Z
C,ta,layers_92,async,128,1,1,0.00,63.00,476.00,378.44,201.77,176.67,,,854.44,652.67,1.60,19.00,31.00,1.18,19394796,2026-09-18T06:16:38Z
C,ta,2d,pread,128,1,1,0.00,100.00,449.40,1055.96,202.68,853.28,,,1505.36,1302.68,1.64,19.00,31.00,1.18,19395140,2026-09-18T06:16:39Z
C,ta,2d,async,128,1,1,0.00,64.60,470.99,321.38,202.66,118.72,,,792.37,589.71,1.58,19.00,31.00,1.18,19394860,2026-09-18T06:16:39Z
C,ta,2e_K10,pread,128,1,1,0.00,100.00,474.11,1726.35,200.69,1525.66,,,2200.46,1999.77,1.64,18.00,36.00,1.18,19396840,2026-09-18T06:16:39Z
C,ta,2e_K10,async,128,1,1,0.00,70.70,476.65,332.25,199.51,132.73,,,808.90,609.38,1.61,19.00,34.00,1.18,19396184,2026-09-18T06:16:39Z
C,ta,2e_K500,pread,128,1,1,0.00,100.00,181.66,3580.81,204.96,3375.86,,,3762.47,3557.52,1.56,0.00,38.00,1.18,19388416,2026-09-18T06:16:40Z
C,ta,2e_K500,async,128,1,1,0.00,100.00,181.27,807.09,195.51,611.58,,,988.36,792.85,1.54,0.00,38.00,1.18,19389492,2026-09-18T06:16:40Z
C,ta,2f_slru,pread,128,1,1,0.00,100.00,94.96,3549.01,189.98,3359.03,,,3643.97,3453.99,1.52,0.00,38.00,1.18,19396408,2026-09-18T06:16:40Z
C,ta,2f_slru,async,128,1,1,0.00,100.00,94.06,1022.68,188.30,834.38,,,1116.74,928.44,1.53,0.00,38.00,1.18,19397920,2026-09-18T06:16:40Z
C,ta,leaf_freq_K10,pread,128,1,1,0.00,100.00,1237.56,943.42,211.76,731.66,,,2180.98,1969.22,1.63,19.00,35.00,1.18,19399584,2026-09-18T06:16:41Z
C,ta,leaf_freq_K10,async,128,1,1,0.00,100.00,1216.76,265.35,191.89,73.46,,,1482.11,1290.22,1.62,20.00,33.00,1.18,19400144,2026-09-18T06:16:41Z
C,ta,leaf_rand_K10,pread,128,1,1,0.00,100.00,821.11,1033.53,199.05,834.48,,,1854.64,1655.59,1.66,20.00,30.00,1.18,19400224,2026-09-18T06:16:41Z
C,ta,leaf_rand_K10,async,128,1,1,0.00,100.00,892.58,280.30,203.82,76.47,,,1172.88,969.05,1.60,20.00,30.00,1.18,19400160,2026-09-18T06:16:42Z
C,1gb,layers_5,pread,128,1,1,0.00,100.00,1343.77,741.16,230.05,511.11,,,2084.93,1854.88,1.77,40.00,54.00,1.18,19400780,2026-09-18T06:16:42Z
C,1gb,layers_5,async,128,1,1,0.00,100.00,1250.23,302.91,233.95,68.96,,,1553.14,1319.19,1.71,40.00,54.00,1.18,19401064,2026-09-18T06:16:42Z
C,1gb,layers_92,pread,128,1,1,0.00,100.00,901.80,8760.28,200.59,8559.69,,,9662.08,9461.49,1.68,40.00,56.00,1.18,19400488,2026-09-18T06:16:42Z
C,1gb,layers_92,async,128,1,1,0.00,100.00,888.88,384.52,195.12,189.41,,,1273.40,1078.29,1.72,40.00,56.00,1.18,19401636,2026-09-18T06:16:43Z
C,1gb,2d,pread,128,1,1,0.00,100.00,590.09,794.01,117.11,676.90,,,1384.10,1266.99,1.68,39.00,57.00,1.17,19401040,2026-09-18T06:16:43Z
C,1gb,2d,async,128,1,1,0.00,100.00,657.45,300.06,224.26,75.79,,,957.51,733.24,1.73,39.00,57.00,1.17,19404404,2026-09-18T06:16:43Z
C,1gb,2e_K10,pread,128,1,1,0.00,100.00,182.83,1658.77,119.67,1539.10,,,1841.60,1721.93,1.67,37.00,67.00,1.17,19405012,2026-09-18T06:16:44Z
C,1gb,2e_K10,async,128,1,1,0.00,100.00,190.15,293.92,206.52,87.40,,,484.07,277.55,1.69,37.00,67.00,1.17,19404752,2026-09-18T06:16:44Z
C,1gb,2e_K500,pread,128,1,1,0.00,100.00,185.30,4544.30,121.62,4422.68,,,4729.60,4607.98,1.55,1.00,66.00,1.17,19406544,2026-09-18T06:16:44Z
C,1gb,2e_K500,async,128,1,1,0.00,100.00,181.98,951.00,223.23,727.77,,,1132.98,909.75,1.68,36.00,92.00,1.17,19417168,2026-09-18T06:16:44Z
C,1gb,2f_slru,pread,128,1,1,0.00,100.00,97.61,5532.17,169.09,5363.08,,,5629.78,5460.69,1.59,0.00,64.00,1.17,19419148,2026-09-18T06:16:45Z
C,1gb,2f_slru,async,128,1,1,0.00,100.00,100.18,1887.15,218.60,1668.55,,,1987.33,1768.73,1.58,0.00,64.00,1.17,19419432,2026-09-18T06:16:45Z
C,1gb,leaf_freq_K10,pread,128,1,1,0.00,100.00,896.11,1044.36,117.04,927.32,,,1940.47,1823.43,1.71,39.00,62.00,1.17,19417796,2026-09-18T06:16:45Z
C,1gb,leaf_freq_K10,async,128,1,1,0.00,100.00,892.18,317.19,242.29,74.90,,,1209.37,967.08,1.69,39.00,62.00,1.17,19399916,2026-09-18T06:16:46Z
C,1gb,leaf_rand_K10,pread,128,1,1,0.00,100.00,1406.88,1574.24,226.71,1347.53,,,2981.12,2754.41,1.71,40.00,54.00,1.17,19401140,2026-09-18T06:16:46Z
C,1gb,leaf_rand_K10,async,128,1,1,0.00,100.00,1354.76,303.46,230.10,73.36,,,1658.22,1428.12,1.69,40.00,54.00,1.17,19402252,2026-09-18T06:16:46Z
A,vacuum,baseline,baseline,128,2,0,0.00,0.00,949.58,0.00,0.00,0.00,,,949.58,949.58,2.03,149.00,213.00,1.17,19402456,2026-09-18T06:16:46Z
A,ta,baseline,baseline,128,2,0,0.00,0.00,1133.04,0.00,0.00,0.00,,,1133.04,1133.04,2.19,188.00,247.00,1.17,19402908,2026-09-18T06:16:47Z
A,1gb,baseline,baseline,128,2,0,0.00,0.00,1331.55,0.00,0.00,0.00,,,1331.55,1331.55,2.16,191.00,248.00,1.17,19403176,2026-09-18T06:16:47Z
B,vacuum,baseline,baseline,128,2,0,0.00,0.00,1002.09,0.00,0.00,0.00,,,1002.09,1002.09,2.08,147.00,209.00,1.17,19406844,2026-09-18T06:16:47Z
B,ta,baseline,baseline,128,2,0,0.00,0.00,588.29,0.00,0.00,0.00,,,588.29,588.29,2.17,192.00,246.00,1.17,19407456,2026-09-18T06:16:48Z
B,1gb,baseline,baseline,128,2,0,0.00,0.00,1386.55,0.00,0.00,0.00,,,1386.55,1386.55,2.20,193.00,253.00,1.15,19406620,2026-09-18T06:16:48Z
C,vacuum,baseline,baseline,128,2,0,0.00,0.00,951.01,0.00,0.00,0.00,,,951.01,951.01,1.55,18.00,27.00,1.15,19408976,2026-09-18T06:16:48Z
C,ta,baseline,baseline,128,2,0,0.00,0.00,906.95,0.00,0.00,0.00,,,906.95,906.95,1.59,20.00,30.00,1.15,19410776,2026-09-18T06:16:49Z
C,1gb,baseline,baseline,128,2,0,0.00,0.00,1345.79,0.00,0.00,0.00,,,1345.79,1345.79,1.70,40.00,55.00,1.15,19408600,2026-09-18T06:16:49Z
A,vacuum,layers_5,pread,128,2,0,0.00,100.00,806.68,826.43,217.97,608.46,,,1633.11,1415.14,2.02,150.00,212.00,1.15,19410760,2026-09-18T06:16:49Z
A,vacuum,layers_5,async,128,2,0,0.00,100.00,715.65,301.37,226.44,74.92,,,1017.02,790.57,1.99,150.00,210.00,1.15,19406696,2026-09-18T06:16:50Z
A,vacuum,layers_92,pread,128,2,0,0.00,100.00,474.31,7847.39,225.61,7621.78,,,8321.70,8096.09,2.06,150.00,219.00,1.15,19402028,2026-09-18T06:16:50Z
A,vacuum,layers_92,async,128,2,0,0.00,100.00,506.10,420.28,225.00,195.28,,,926.38,701.38,2.00,150.00,217.00,1.15,19401984,2026-09-18T06:16:50Z
A,vacuum,2d,pread,128,2,0,0.00,100.00,504.84,1417.74,225.04,1192.70,,,1922.58,1697.54,2.04,150.00,219.00,1.15,19403180,2026-09-18T06:16:51Z
A,vacuum,2d,async,128,2,0,0.00,100.00,478.57,306.67,227.73,78.94,,,785.24,557.51,2.06,150.00,217.00,1.15,19403640,2026-09-18T06:16:51Z
A,vacuum,2e_K10,pread,128,2,0,0.00,100.00,693.04,2205.55,234.27,1971.28,,,2898.59,2664.32,2.07,149.00,226.00,1.15,19402904,2026-09-18T06:16:51Z
A,vacuum,2e_K10,async,128,2,0,0.00,100.00,507.78,312.60,219.97,92.62,,,820.38,600.40,2.06,149.00,225.00,1.15,19378804,2026-09-18T06:16:51Z
A,vacuum,2e_K500,pread,128,2,0,0.00,100.00,556.49,13366.50,224.62,13141.88,,,13922.99,13698.37,1.90,123.00,412.00,1.15,19380316,2026-09-18T06:16:52Z
A,vacuum,2e_K500,async,128,2,0,0.00,12.90,527.18,914.96,222.78,692.18,,,1442.14,1219.36,2.02,151.00,321.00,1.15,19380004,2026-09-18T06:16:52Z
A,vacuum,2f_slru,pread,128,2,0,0.00,100.00,97.78,13871.22,224.38,13646.83,,,13969.00,13744.61,1.56,0.00,214.00,1.15,19382268,2026-09-18T06:16:52Z
A,vacuum,2f_slru,async,128,2,0,0.00,74.30,99.16,15195.25,544.17,14651.07,,,15294.41,14750.23,1.55,0.00,214.00,1.15,19383360,2026-09-18T06:16:53Z
A,vacuum,leaf_freq_K10,pread,128,2,0,0.00,100.00,928.25,1145.71,220.74,924.98,,,2073.96,1853.23,2.08,149.00,217.00,1.22,19383264,2026-09-18T06:16:53Z
A,vacuum,leaf_freq_K10,async,128,2,0,0.00,100.00,949.71,302.63,226.27,76.36,,,1252.34,1026.07,2.02,149.00,217.00,1.22,19383768,2026-09-18T06:16:53Z
A,vacuum,leaf_rand_K10,pread,128,2,0,0.00,100.00,969.39,1090.92,225.65,865.27,,,2060.31,1834.66,2.06,149.00,215.00,1.22,19384180,2026-09-18T06:16:54Z
A,vacuum,leaf_rand_K10,async,128,2,0,0.00,100.00,881.58,305.49,226.19,79.30,,,1187.07,960.88,2.03,149.00,215.00,1.22,19384356,2026-09-18T06:16:54Z
A,ta,layers_5,pread,128,2,0,0.00,100.00,908.67,470.73,223.63,247.09,,,1379.40,1155.76,2.16,188.00,247.00,1.22,19386488,2026-09-18T06:16:54Z
A,ta,layers_5,async,128,2,0,0.00,100.00,974.49,295.35,225.44,69.90,,,1269.84,1044.39,2.18,188.00,246.00,1.22,19389516,2026-09-18T06:16:55Z
A,ta,layers_92,pread,128,2,0,0.00,100.00,568.23,1029.39,225.78,803.61,,,1597.62,1371.84,2.15,184.00,248.00,1.22,19390080,2026-09-18T06:16:55Z
A,ta,layers_92,async,128,2,0,0.00,100.00,577.09,940.30,253.38,686.92,,,1517.39,1264.01,2.16,187.00,246.00,1.22,19391400,2026-09-18T06:16:55Z
A,ta,2d,pread,128,2,0,0.00,100.00,568.39,1065.57,225.77,839.80,,,1633.96,1408.19,2.21,187.00,247.00,1.22,19392972,2026-09-18T06:16:56Z
A,ta,2d,async,128,2,0,0.00,100.00,563.69,335.31,227.90,107.41,,,899.00,671.10,2.18,187.00,246.00,1.22,19393776,2026-09-18T06:16:56Z
A,ta,2e_K10,pread,128,2,0,0.00,100.00,572.07,2146.66,242.45,1904.21,,,2718.73,2476.28,2.22,190.00,248.00,1.22,19395340,2026-09-18T06:16:56Z
A,ta,2e_K10,async,128,2,0,0.00,93.20,566.98,337.06,219.78,117.28,,,904.04,684.26,2.14,190.00,247.00,1.22,19396976,2026-09-18T06:16:56Z
A,ta,2e_K500,pread,128,2,0,0.00,100.00,540.45,17773.75,185.84,17587.91,,,18314.20,18128.36,2.08,169.00,441.00,1.22,19379996,2026-09-18T06:16:57Z
A,ta,2e_K500,async,128,2,0,0.00,30.10,1333.22,955.25,186.07,769.18,,,2288.47,2102.40,2.17,181.00,376.00,1.22,19380428,2026-09-18T06:16:57Z
A,ta,2f_slru,pread,128,2,0,0.00,100.00,97.28,20637.43,186.80,20450.62,,,20734.71,20547.90,1.56,0.00,279.00,1.22,19382660,2026-09-18T06:16:57Z
A,ta,2f_slru,async,128,2,0,0.00,100.00,101.02,7369.73,209.73,7160.00,,,7470.75,7261.02,1.57,0.00,279.00,1.22,19381252,2026-09-18T06:16:58Z
A,ta,leaf_freq_K10,pread,128,2,0,0.00,100.00,1109.95,1110.64,188.71,921.93,,,2220.59,2031.88,2.21,191.00,248.00,1.28,19383240,2026-09-18T06:16:58Z
A,ta,leaf_freq_K10,async,128,2,0,0.00,100.00,1052.26,262.99,186.89,76.10,,,1315.25,1128.36,2.18,191.00,248.00,1.28,19385944,2026-09-18T06:16:58Z
A,ta,leaf_rand_K10,pread,128,2,0,0.00,100.00,836.56,1080.67,187.90,892.77,,,1917.23,1729.33,2.26,188.00,247.00,1.28,19384908,2026-09-18T06:16:59Z
A,ta,leaf_rand_K10,async,128,2,0,0.00,100.00,1052.82,261.31,184.84,76.47,,,1314.13,1129.29,2.16,188.00,247.00,1.28,19386288,2026-09-18T06:16:59Z
A,1gb,layers_5,pread,128,2,0,0.00,100.00,1333.71,658.52,185.75,472.77,,,1992.23,1806.48,2.17,191.00,246.00,1.28,19390020,2026-09-18T06:16:59Z
A,1gb,layers_5,async,128,2,0,0.00,100.00,1311.79,263.67,187.98,75.68,,,1575.46,1387.47,2.24,191.00,246.00,1.28,19390072,2026-09-18T06:17:00Z
A,1gb,layers_92,pread,128,2,0,0.00,100.00,862.72,8285.90,193.33,8092.56,,,9148.62,8955.28,2.21,188.00,258.00,1.28,19390140,2026-09-18T06:17:00Z
A,1gb,layers_92,async,128,2,0,0.00,100.00,979.42,391.74,188.10,203.63,,,1371.16,1183.05,2.20,188.00,257.00,1.28,19393048,2026-09-18T06:17:00Z
A,1gb,2d,pread,128,2,0,0.00,100.00,596.70,2083.88,194.41,1889.47,,,2680.58,2486.17,2.20,187.00,259.00,1.28,19394484,2026-09-18T06:17:01Z
A,1gb,2d,async,128,2,0,0.00,100.00,570.39,275.96,186.27,89.69,,,846.35,660.08,2.20,187.00,258.00,1.28,19394684,2026-09-18T06:17:01Z
A,1gb,2e_K10,pread,128,2,0,0.00,100.00,570.61,2885.09,185.04,2700.06,,,3455.70,3270.67,2.15,190.00,261.00,1.28,19397288,2026-09-18T06:17:01Z
A,1gb,2e_K10,async,128,2,0,0.00,100.00,1490.65,294.67,189.93,104.75,,,1785.32,1595.40,2.24,190.00,260.00,1.28,19396892,2026-09-18T06:17:02Z
A,1gb,2e_K500,pread,128,2,0,0.00,100.00,619.79,23549.87,180.26,23369.61,,,24169.66,23989.40,2.09,164.00,428.00,1.28,19407600,2026-09-18T06:17:02Z
A,1gb,2e_K500,async,128,2,0,0.00,100.00,660.38,1108.76,192.68,916.08,,,1769.14,1576.46,2.16,181.00,384.00,1.28,19407680,2026-09-18T06:17:02Z
A,1gb,2f_slru,pread,128,2,0,0.00,100.00,98.00,19661.46,1055.35,18606.11,,,19759.46,18704.11,1.58,0.00,280.00,1.28,19409132,2026-09-18T06:17:03Z
A,1gb,2f_slru,async,128,2,0,0.00,100.00,102.28,7437.80,186.07,7251.73,,,7540.08,7354.01,1.58,0.00,280.00,1.26,19407516,2026-09-18T06:17:03Z
A,1gb,leaf_freq_K10,pread,128,2,0,0.00,100.00,1497.92,1085.87,185.34,900.53,,,2583.79,2398.45,2.19,193.00,248.00,1.26,19409580,2026-09-18T06:17:03Z
A,1gb,leaf_freq_K10,async,128,2,0,0.00,100.00,2938.05,259.54,184.86,74.68,,,3197.59,3012.73,2.22,193.00,248.00,1.26,19410496,2026-09-18T06:17:04Z
A,1gb,leaf_rand_K10,pread,128,2,0,0.00,100.00,1427.39,1079.09,185.04,894.05,,,2506.48,2321.44,2.22,191.00,247.00,1.26,19409452,2026-09-18T06:17:04Z
A,1gb,leaf_rand_K10,async,128,2,0,0.00,100.00,1318.53,263.24,185.80,77.44,,,1581.77,1395.97,2.16,191.00,247.00,1.26,19410772,2026-09-18T06:17:04Z
B,vacuum,layers_5,pread,128,2,0,0.00,100.00,872.23,1010.35,378.45,631.90,,,1882.58,1504.13,2.14,147.00,212.00,1.26,19412284,2026-09-18T06:17:05Z
B,vacuum,layers_5,async,128,2,0,0.00,100.00,830.48,252.23,182.99,69.24,,,1082.71,899.72,2.10,148.00,209.00,1.26,19427964,2026-09-18T06:17:05Z
B,vacuum,layers_92,pread,128,2,0,0.00,100.00,577.98,7441.57,185.54,7256.03,,,8019.55,7834.01,2.06,144.00,226.00,1.26,19429224,2026-09-18T06:17:05Z
B,vacuum,layers_92,async,128,2,0,0.00,100.00,586.16,375.05,186.52,188.53,,,961.21,774.69,2.07,145.00,223.00,1.26,19429068,2026-09-18T06:17:06Z
B,vacuum,2d,pread,128,2,0,0.00,100.00,518.62,1389.13,185.73,1203.40,,,1907.75,1722.02,2.05,144.00,226.00,1.26,19428864,2026-09-18T06:17:06Z
B,vacuum,2d,async,128,2,0,0.00,100.00,526.09,265.32,187.61,77.71,,,791.41,603.80,2.06,145.00,223.00,1.26,19428592,2026-09-18T06:17:06Z
B,vacuum,2e_K10,pread,128,2,0,0.00,100.00,581.31,2268.11,185.59,2082.53,,,2849.42,2663.84,2.08,144.00,226.00,1.26,19429816,2026-09-18T06:17:07Z
B,vacuum,2e_K10,async,128,2,0,0.00,100.00,553.82,277.18,187.54,89.64,,,831.00,643.46,2.06,145.00,223.00,1.26,19430436,2026-09-18T06:17:07Z
B,vacuum,2e_K500,pread,128,2,0,0.00,100.00,184.12,34986.82,189.12,34797.70,,,35170.94,34981.82,1.76,52.00,289.00,1.26,19427140,2026-09-18T06:17:07Z
B,vacuum,2e_K500,async,128,2,0,0.00,13.70,194.38,900.46,186.22,714.24,,,1094.84,908.62,2.07,148.00,285.00,1.26,19404348,2026-09-18T06:17:08Z
B,vacuum,2f_slru,pread,128,2,0,0.00,100.00,95.71,13860.38,186.26,13674.12,,,13956.09,13769.83,1.58,0.00,214.00,1.26,19404444,2026-09-18T06:17:08Z
B,vacuum,2f_slru,async,128,2,0,0.00,100.00,97.90,5669.67,195.72,5473.95,,,5767.57,5571.85,1.68,0.00,214.00,1.24,19404952,2026-09-18T06:17:08Z
B,vacuum,leaf_freq_K10,pread,128,2,0,0.00,100.00,986.16,1085.81,185.92,899.89,,,2071.97,1886.05,2.07,147.00,209.00,1.24,19404332,2026-09-18T06:17:08Z
B,vacuum,leaf_freq_K10,async,128,2,0,0.00,100.00,1030.73,266.63,188.99,77.65,,,1297.36,1108.38,2.11,147.00,210.00,1.24,19405988,2026-09-18T06:17:09Z
B,vacuum,leaf_rand_K10,pread,128,2,0,0.00,100.00,956.89,1024.26,185.17,839.09,,,1981.15,1795.98,2.07,147.00,209.00,1.24,19406008,2026-09-18T06:17:09Z
B,vacuum,leaf_rand_K10,async,128,2,0,0.00,100.00,920.17,261.88,185.28,76.60,,,1182.05,996.77,2.04,147.00,209.00,1.24,19407120,2026-09-18T06:17:09Z
B,ta,layers_5,pread,128,2,0,0.00,100.00,422.96,434.61,184.91,249.70,,,857.57,672.66,2.24,192.00,245.00,1.24,19407640,2026-09-18T06:17:10Z
B,ta,layers_5,async,128,2,0,0.00,100.00,873.67,253.61,184.83,68.78,,,1127.28,942.45,2.17,192.00,244.00,1.24,19408048,2026-09-18T06:17:10Z
B,ta,layers_92,pread,128,2,0,0.00,100.00,946.21,1032.60,182.13,850.47,,,1978.81,1796.68,2.16,189.00,245.00,1.24,19393704,2026-09-18T06:17:10Z
B,ta,layers_92,async,128,2,0,0.00,46.70,450.78,366.17,185.70,180.47,,,816.95,631.25,2.16,191.00,244.00,1.24,19394116,2026-09-18T06:17:11Z
B,ta,2d,pread,128,2,0,0.00,100.00,1136.00,1036.46,185.00,851.46,,,2172.46,1987.46,2.24,190.00,245.00,1.24,19394492,2026-09-18T06:17:11Z
B,ta,2d,async,128,2,0,0.00,66.00,486.17,310.69,191.31,119.38,,,796.86,605.55,2.23,191.00,244.00,1.24,19393944,2026-09-18T06:17:11Z
B,ta,2e_K10,pread,128,2,0,0.00,100.00,434.20,2497.45,185.16,2312.29,,,2931.65,2746.49,2.20,190.00,245.00,1.24,19395200,2026-09-18T06:17:12Z
B,ta,2e_K10,async,128,2,0,0.00,100.00,433.01,321.58,190.85,130.74,,,754.59,563.75,2.35,191.00,244.00,1.24,19395440,2026-09-18T06:17:12Z
B,ta,2e_K500,pread,128,2,0,0.00,100.00,187.78,17535.46,187.00,17348.45,,,17723.24,17536.23,1.84,83.00,312.00,1.24,19396504,2026-09-18T06:17:12Z
B,ta,2e_K500,async,128,2,0,0.00,55.60,181.89,1024.17,190.82,833.36,,,1206.06,1015.25,2.16,182.00,317.00,1.24,19397852,2026-09-18T06:17:13Z
B,ta,2f_slru,pread,128,2,0,0.00,100.00,95.09,17550.67,186.70,17363.97,,,17645.76,17459.06,1.60,0.00,279.00,1.24,19383204,2026-09-18T06:17:13Z
B,ta,2f_slru,async,128,2,0,0.00,100.00,98.39,7360.58,184.29,7176.29,,,7458.97,7274.68,1.66,0.00,279.00,1.22,19381632,2026-09-18T06:17:13Z
B,ta,leaf_freq_K10,pread,128,2,0,0.00,100.00,616.16,1108.83,182.74,926.09,,,1724.99,1542.25,2.15,192.00,246.00,1.22,19384144,2026-09-18T06:17:14Z
B,ta,leaf_freq_K10,async,128,2,0,0.00,100.00,593.31,260.89,186.14,74.75,,,854.20,668.06,2.19,192.00,246.00,1.22,19385472,2026-09-18T06:17:14Z
B,ta,leaf_rand_K10,pread,128,2,0,0.00,100.00,611.40,1132.97,189.65,943.32,,,1744.37,1554.72,2.33,192.00,246.00,1.22,19388512,2026-09-18T06:17:14Z
B,ta,leaf_rand_K10,async,128,2,0,0.00,100.00,658.23,275.44,197.44,78.00,,,933.67,736.23,2.22,192.00,246.00,1.22,19394068,2026-09-18T06:17:15Z
B,1gb,layers_5,pread,128,2,0,0.00,100.00,1369.17,657.27,183.70,473.57,,,2026.44,1842.74,2.20,193.00,255.00,1.22,19394444,2026-09-18T06:17:15Z
B,1gb,layers_5,async,128,2,0,0.00,100.00,1442.92,261.09,186.39,74.70,,,1704.01,1517.62,2.30,194.00,254.00,1.22,19399796,2026-09-18T06:17:15Z
B,1gb,layers_92,pread,128,2,0,0.00,100.00,919.66,7974.88,184.48,7790.40,,,8894.54,8710.06,2.22,194.00,262.00,1.22,19400552,2026-09-18T06:17:16Z
B,1gb,layers_92,async,128,2,0,0.00,100.00,898.24,385.56,183.22,202.35,,,1283.80,1100.59,2.20,195.00,260.00,1.22,19400676,2026-09-18T06:17:16Z
B,1gb,2d,pread,128,2,0,0.00,100.00,657.23,2136.11,181.64,1954.47,,,2793.34,2611.70,2.22,193.00,263.00,1.22,19402244,2026-09-18T06:17:16Z
B,1gb,2d,async,128,2,0,0.00,100.00,611.70,276.09,186.30,89.79,,,887.79,701.49,2.22,194.00,261.00,1.22,19403620,2026-09-18T06:17:17Z
B,1gb,2e_K10,pread,128,2,0,0.00,100.00,603.61,2756.60,187.04,2569.56,,,3360.21,3173.17,2.22,193.00,263.00,1.22,19403816,2026-09-18T06:17:17Z
B,1gb,2e_K10,async,128,2,0,0.00,100.00,664.46,289.44,184.83,104.62,,,953.90,769.08,2.24,194.00,261.00,1.22,19404540,2026-09-18T06:17:17Z
B,1gb,2e_K500,pread,128,2,0,0.00,100.00,182.27,21319.71,196.69,21123.02,,,21501.98,21305.29,2.13,174.00,384.00,1.22,19408960,2026-09-18T06:17:18Z
B,1gb,2e_K500,async,128,2,0,0.00,100.00,187.15,1105.72,197.22,908.50,,,1292.87,1095.65,2.19,183.00,323.00,1.20,19409024,2026-09-18T06:17:18Z
B,1gb,2f_slru,pread,128,2,0,0.00,100.00,93.28,19015.98,196.77,18819.21,,,19109.26,18912.49,1.64,0.00,280.00,1.20,19400212,2026-09-18T06:17:18Z
B,1gb,2f_slru,async,128,2,0,0.00,100.00,101.83,7453.48,197.26,7256.22,,,7555.31,7358.05,1.63,0.00,280.00,1.20,19398232,2026-09-18T06:17:19Z
B,1gb,leaf_freq_K10,pread,128,2,0,0.00,100.00,1427.66,1007.32,197.33,809.99,,,2434.98,2237.65,2.22,193.00,252.00,1.20,19402724,2026-09-18T06:17:19Z
B,1gb,leaf_freq_K10,async,128,2,0,0.00,100.00,1564.79,268.88,195.19,73.70,,,1833.67,1638.49,2.24,193.00,252.00,1.20,19402648,2026-09-18T06:17:19Z
B,1gb,leaf_rand_K10,pread,128,2,0,0.00,100.00,1433.42,1030.46,198.27,832.18,,,2463.88,2265.60,2.21,193.00,253.00,1.20,19403332,2026-09-18T06:17:20Z
B,1gb,leaf_rand_K10,async,128,2,0,0.00,100.00,1431.33,266.39,191.36,75.03,,,1697.72,1506.36,2.36,193.00,253.00,1.20,19403864,2026-09-18T06:17:20Z
C,vacuum,layers_5,pread,128,2,0,0.00,100.00,900.98,778.23,195.60,582.64,,,1679.21,1483.62,1.52,18.00,27.00,1.20,19405240,2026-09-18T06:17:20Z
C,vacuum,layers_5,async,128,2,0,0.00,100.00,902.13,262.10,193.91,68.20,,,1164.23,970.33,1.56,18.00,27.00,1.20,19407988,2026-09-18T06:17:20Z
C,vacuum,layers_92,pread,128,2,0,0.00,100.00,504.35,7340.09,195.77,7144.32,,,7844.44,7648.67,1.53,18.00,29.00,1.20,19407848,2026-09-18T06:17:21Z
C,vacuum,layers_92,async,128,2,0,0.00,100.00,481.65,381.35,196.80,184.55,,,863.00,666.20,1.53,18.00,29.00,1.20,19410328,2026-09-18T06:17:21Z
C,vacuum,2d,pread,128,2,0,0.00,100.00,472.11,616.73,200.89,415.84,,,1088.84,887.95,1.53,18.00,29.00,1.20,19410812,2026-09-18T06:17:21Z
C,vacuum,2d,async,128,2,0,0.00,100.00,503.97,267.81,201.58,66.23,,,771.78,570.20,1.53,18.00,29.00,1.20,19411376,2026-09-18T06:17:22Z
C,vacuum,2e_K10,pread,128,2,0,0.00,100.00,499.41,1401.01,195.28,1205.74,,,1900.42,1705.15,1.53,16.00,34.00,1.20,19411152,2026-09-18T06:17:22Z
C,vacuum,2e_K10,async,128,2,0,0.00,100.00,470.44,399.60,319.08,80.52,,,870.04,550.96,1.54,17.00,33.00,1.20,19411252,2026-09-18T06:17:22Z
C,vacuum,2e_K500,pread,128,2,0,0.00,100.00,180.23,3123.46,195.95,2927.51,,,3303.69,3107.74,1.49,0.00,30.00,1.20,19411204,2026-09-18T06:17:22Z
C,vacuum,2e_K500,async,128,2,0,0.00,100.00,184.98,658.21,201.06,457.15,,,843.19,642.13,1.50,0.00,30.00,1.20,19410428,2026-09-18T06:17:23Z
C,vacuum,2f_slru,pread,128,2,0,0.00,100.00,93.99,3137.32,196.02,2941.30,,,3231.31,3035.29,1.48,0.00,30.00,1.20,19410856,2026-09-18T06:17:23Z
C,vacuum,2f_slru,async,128,2,0,0.00,100.00,93.54,790.12,203.95,586.16,,,883.66,679.70,1.48,0.00,30.00,1.19,19410828,2026-09-18T06:17:23Z
C,vacuum,leaf_freq_K10,pread,128,2,0,0.00,100.00,1153.75,714.25,190.86,523.39,,,1868.00,1677.14,1.54,16.00,32.00,1.19,19399644,2026-09-18T06:17:23Z
C,vacuum,leaf_freq_K10,async,128,2,0,0.00,80.00,2055.86,259.50,186.49,73.01,,,2315.36,2128.87,1.60,17.00,31.00,1.19,19400760,2026-09-18T06:17:24Z
C,vacuum,leaf_rand_K10,pread,128,2,0,0.00,100.00,978.34,999.25,194.13,805.11,,,1977.59,1783.45,1.55,18.00,27.00,1.19,19401428,2026-09-18T06:17:24Z
C,vacuum,leaf_rand_K10,async,128,2,0,0.00,100.00,940.75,269.45,194.89,74.56,,,1210.20,1015.31,1.54,18.00,27.00,1.19,19403880,2026-09-18T06:17:24Z
C,ta,layers_5,pread,128,2,0,0.00,100.00,867.33,443.36,193.48,249.88,,,1310.69,1117.21,1.61,20.00,30.00,1.19,19403092,2026-09-18T06:17:24Z
C,ta,layers_5,async,128,2,0,0.00,100.00,828.25,260.41,192.35,68.06,,,1088.66,896.31,1.59,20.00,30.00,1.19,19404092,2026-09-18T06:17:25Z
C,ta,layers_92,pread,128,2,0,0.00,100.00,478.85,1041.37,192.36,849.01,,,1520.22,1327.86,1.60,19.00,31.00,1.19,19404248,2026-09-18T06:17:25Z
C,ta,layers_92,async,128,2,0,0.00,100.00,468.45,370.46,194.10,176.35,,,838.91,644.80,1.61,19.00,31.00,1.19,19405184,2026-09-18T06:17:25Z
C,ta,2d,pread,128,2,0,0.00,100.00,473.96,1044.49,192.89,851.60,,,1518.45,1325.56,1.61,19.00,31.00,1.19,19422096,2026-09-18T06:17:25Z
C,ta,2d,async,128,2,0,0.00,56.20,474.71,314.57,196.28,118.29,,,789.28,593.00,1.61,19.00,31.00,1.19,19422828,2026-09-18T06:17:26Z
C,ta,2e_K10,pread,128,2,0,0.00,100.00,473.19,1581.86,194.52,1387.35,,,2055.05,1860.54,1.62,18.00,36.00,1.19,19423620,2026-09-18T06:17:26Z
C,ta,2e_K10,async,128,2,0,0.00,62.10,475.31,322.91,195.94,126.97,,,798.22,602.28,1.60,19.00,34.00,1.19,19423560,2026-09-18T06:17:26Z
C,ta,2e_K500,pread,128,2,0,0.00,100.00,179.31,3722.64,194.70,3527.94,,,3901.95,3707.25,1.53,0.00,38.00,1.19,19424272,2026-09-18T06:17:27Z
C,ta,2e_K500,async,128,2,0,0.00,100.00,178.28,798.76,194.22,604.55,,,977.04,782.83,1.55,0.00,38.00,1.19,19424664,2026-09-18T06:17:27Z
C,ta,2f_slru,pread,128,2,0,0.00,100.00,91.39,3716.47,194.18,3522.29,,,3807.86,3613.68,1.54,0.00,38.00,1.19,19424224,2026-09-18T06:17:27Z
C,ta,2f_slru,async,128,2,0,0.00,100.00,92.97,1039.37,194.51,844.86,,,1132.34,937.83,1.54,0.00,38.00,1.19,19424192,2026-09-18T06:17:27Z
C,ta,leaf_freq_K10,pread,128,2,0,0.00,100.00,873.24,921.58,193.52,728.06,,,1794.82,1601.30,1.59,19.00,35.00,1.19,19426484,2026-09-18T06:17:28Z
C,ta,leaf_freq_K10,async,128,2,0,0.00,100.00,1223.81,268.39,194.03,74.36,,,1492.20,1298.17,1.61,20.00,33.00,1.19,19427224,2026-09-18T06:17:28Z
C,ta,leaf_rand_K10,pread,128,2,0,0.00,100.00,886.24,1060.94,194.22,866.73,,,1947.18,1752.97,1.60,20.00,30.00,1.17,19427992,2026-09-18T06:17:28Z
C,ta,leaf_rand_K10,async,128,2,0,0.00,100.00,882.00,270.23,193.30,76.92,,,1152.23,958.92,1.61,20.00,30.00,1.17,19427320,2026-09-18T06:17:28Z
C,1gb,layers_5,pread,128,2,0,0.00,100.00,1217.33,693.97,191.78,502.19,,,1911.30,1719.52,1.68,40.00,54.00,1.17,19427804,2026-09-18T06:17:29Z
C,1gb,layers_5,async,128,2,0,0.00,100.00,1216.52,263.21,194.62,68.60,,,1479.73,1285.12,1.69,40.00,54.00,1.17,19427940,2026-09-18T06:17:29Z
C,1gb,layers_92,pread,128,2,0,0.00,100.00,1306.31,9993.51,195.70,9797.81,,,11299.82,11104.12,1.71,40.00,56.00,1.17,19429236,2026-09-18T06:17:29Z
C,1gb,layers_92,async,128,2,0,0.00,100.00,1058.40,381.91,189.87,192.04,,,1440.31,1250.44,1.70,40.00,56.00,1.17,19412920,2026-09-18T06:17:30Z
C,1gb,2d,pread,128,2,0,0.00,100.00,656.93,845.23,194.80,650.43,,,1502.16,1307.36,1.69,39.00,57.00,1.17,19413484,2026-09-18T06:17:30Z
C,1gb,2d,async,128,2,0,0.00,100.00,590.85,268.64,193.64,75.00,,,859.49,665.85,1.68,39.00,57.00,1.17,19416004,2026-09-18T06:17:30Z
C,1gb,2e_K10,pread,128,2,0,0.00,100.00,177.90,1705.73,195.91,1509.82,,,1883.63,1687.72,1.68,37.00,67.00,1.17,19415216,2026-09-18T06:17:30Z
C,1gb,2e_K10,async,128,2,0,0.00,100.00,146.28,279.57,193.76,85.81,,,425.85,232.09,1.68,37.00,67.00,1.17,19398168,2026-09-18T06:17:31Z
C,1gb,2e_K500,pread,128,2,0,0.00,100.00,179.38,4319.68,195.20,4124.48,,,4499.06,4303.86,1.56,1.00,66.00,1.17,19399892,2026-09-18T06:17:31Z
C,1gb,2e_K500,async,128,2,0,0.00,100.00,173.95,876.83,193.24,683.59,,,1050.78,857.54,1.71,36.00,91.00,1.17,19401468,2026-09-18T06:17:31Z
C,1gb,2f_slru,pread,128,2,0,0.00,100.00,92.61,5193.28,193.81,4999.47,,,5285.89,5092.08,1.58,0.00,64.00,1.17,19402516,2026-09-18T06:17:32Z
C,1gb,2f_slru,async,128,2,0,0.00,100.00,96.66,2286.10,700.66,1585.44,,,2382.76,1682.10,1.59,0.00,64.00,1.17,19402932,2026-09-18T06:17:32Z
C,1gb,leaf_freq_K10,pread,128,2,0,0.00,100.00,924.73,1094.82,196.02,898.80,,,2019.55,1823.53,1.68,39.00,62.00,1.17,19403368,2026-09-18T06:17:32Z
C,1gb,leaf_freq_K10,async,128,2,0,0.00,100.00,929.51,271.94,197.73,74.21,,,1201.45,1003.72,1.72,39.00,62.00,1.17,19402612,2026-09-18T06:17:32Z
C,1gb,leaf_rand_K10,pread,128,2,0,0.00,100.00,1295.81,1108.72,195.19,913.54,,,2404.53,2209.35,1.73,40.00,54.00,1.17,19402584,2026-09-18T06:17:33Z
C,1gb,leaf_rand_K10,async,128,2,0,0.00,100.00,1345.38,269.75,195.21,74.54,,,1615.13,1419.92,1.68,40.00,54.00,1.16,19403448,2026-09-18T06:17:33Z
A,vacuum,baseline,baseline,128,3,0,0.00,0.00,1122.10,0.00,0.00,0.00,,,1122.10,1122.10,2.06,149.00,213.00,1.16,19404660,2026-09-18T06:17:33Z
A,ta,baseline,baseline,128,3,0,0.00,0.00,1136.97,0.00,0.00,0.00,,,1136.97,1136.97,2.17,188.00,247.00,1.16,19404592,2026-09-18T06:17:34Z
A,1gb,baseline,baseline,128,3,0,0.00,0.00,1262.98,0.00,0.00,0.00,,,1262.98,1262.98,2.13,191.00,248.00,1.16,19404140,2026-09-18T06:17:34Z
B,vacuum,baseline,baseline,128,3,0,0.00,0.00,1003.51,0.00,0.00,0.00,,,1003.51,1003.51,2.14,147.00,209.00,1.16,19407348,2026-09-18T06:17:34Z
B,ta,baseline,baseline,128,3,0,0.00,0.00,618.04,0.00,0.00,0.00,,,618.04,618.04,2.16,192.00,246.00,1.16,19408256,2026-09-18T06:17:35Z
B,1gb,baseline,baseline,128,3,0,0.00,0.00,1447.86,0.00,0.00,0.00,,,1447.86,1447.86,2.23,193.00,253.00,1.16,19392692,2026-09-18T06:17:35Z
C,vacuum,baseline,baseline,128,3,0,0.00,0.00,950.32,0.00,0.00,0.00,,,950.32,950.32,1.55,18.00,27.00,1.16,19397168,2026-09-18T06:17:35Z
C,ta,baseline,baseline,128,3,0,0.00,0.00,910.26,0.00,0.00,0.00,,,910.26,910.26,1.63,20.00,30.00,1.16,19394744,2026-09-18T06:17:35Z
C,1gb,baseline,baseline,128,3,0,0.00,0.00,1272.15,0.00,0.00,0.00,,,1272.15,1272.15,1.71,40.00,55.00,1.16,19394792,2026-09-18T06:17:36Z
A,vacuum,layers_5,pread,128,3,0,0.00,100.00,839.78,808.52,224.43,584.09,,,1648.30,1423.87,2.01,150.00,212.00,1.16,19395048,2026-09-18T06:17:36Z
A,vacuum,layers_5,async,128,3,0,0.00,100.00,807.53,296.64,226.87,69.77,,,1104.17,877.30,2.02,150.00,210.00,1.16,19394064,2026-09-18T06:17:36Z
A,vacuum,layers_92,pread,128,3,0,0.00,100.00,508.02,7727.59,226.19,7501.40,,,8235.61,8009.42,2.03,150.00,219.00,1.16,19394372,2026-09-18T06:17:37Z
A,vacuum,layers_92,async,128,3,0,0.00,100.00,544.65,411.20,225.34,185.86,,,955.85,730.51,2.03,150.00,217.00,1.16,19394896,2026-09-18T06:17:37Z
A,vacuum,2d,pread,128,3,0,0.00,100.00,540.26,1408.80,229.18,1179.62,,,1949.06,1719.88,2.07,150.00,219.00,1.16,19396136,2026-09-18T06:17:37Z
A,vacuum,2d,async,128,3,0,0.00,100.00,501.63,301.35,224.04,77.31,,,802.98,578.94,1.99,150.00,217.00,1.16,19395880,2026-09-18T06:17:38Z
A,vacuum,2e_K10,pread,128,3,0,0.00,100.00,542.32,2177.77,238.53,1939.25,,,2720.09,2481.57,2.02,149.00,226.00,1.14,19396068,2026-09-18T06:17:38Z
A,vacuum,2e_K10,async,128,3,0,0.00,100.00,501.06,315.54,224.59,90.95,,,816.60,592.01,2.05,149.00,225.00,1.14,19396756,2026-09-18T06:17:38Z
A,vacuum,2e_K500,pread,128,3,0,0.00,100.00,550.78,13422.01,224.72,13197.29,,,13972.79,13748.07,1.91,123.00,412.00,1.14,19399540,2026-09-18T06:17:39Z
A,vacuum,2e_K500,async,128,3,0,0.00,15.80,578.80,952.31,223.02,729.29,,,1531.11,1308.09,2.00,151.00,320.00,1.14,19398860,2026-09-18T06:17:39Z
A,vacuum,2f_slru,pread,128,3,0,0.00,100.00,95.86,13860.04,223.37,13636.67,,,13955.90,13732.53,1.56,0.00,214.00,1.14,19401124,2026-09-18T06:17:39Z
A,vacuum,2f_slru,async,128,3,0,0.00,100.00,97.74,5743.86,226.51,5517.35,,,5841.60,5615.09,1.59,0.00,214.00,1.14,19403608,2026-09-18T06:17:39Z
A,vacuum,leaf_freq_K10,pread,128,3,0,0.00,100.00,1021.89,1122.12,227.94,894.18,,,2144.01,1916.07,2.03,149.00,217.00,1.14,19403076,2026-09-18T06:17:40Z
A,vacuum,leaf_freq_K10,async,128,3,0,0.00,100.00,955.05,298.37,223.35,75.02,,,1253.42,1030.07,2.08,149.00,217.00,1.14,19398484,2026-09-18T06:17:40Z
A,vacuum,leaf_rand_K10,pread,128,3,0,0.00,100.00,896.27,1136.35,228.38,907.97,,,2032.62,1804.24,2.15,149.00,215.00,1.14,19404964,2026-09-18T06:17:40Z
A,vacuum,leaf_rand_K10,async,128,3,0,0.00,100.00,973.08,305.56,227.77,77.80,,,1278.64,1050.88,2.04,149.00,215.00,1.14,19407208,2026-09-18T06:17:41Z
A,ta,layers_5,pread,128,3,0,0.00,100.00,901.59,474.32,226.00,248.33,,,1375.91,1149.92,2.18,188.00,247.00,1.14,19407548,2026-09-18T06:17:41Z
A,ta,layers_5,async,128,3,0,0.00,100.00,1035.33,294.87,226.01,68.86,,,1330.20,1104.19,2.13,188.00,246.00,1.14,19408144,2026-09-18T06:17:41Z
A,ta,layers_92,pread,128,3,0,0.00,100.00,571.75,1024.50,224.80,799.69,,,1596.25,1371.44,2.13,184.00,248.00,1.14,19408440,2026-09-18T06:17:42Z
A,ta,layers_92,async,128,3,0,0.00,100.00,553.74,403.13,225.46,177.66,,,956.87,731.40,2.16,187.00,246.00,1.14,19408152,2026-09-18T06:17:42Z
A,ta,2d,pread,128,3,0,0.00,100.00,571.39,1070.58,224.75,845.83,,,1641.97,1417.22,2.19,187.00,247.00,1.14,19408820,2026-09-18T06:17:42Z
A,ta,2d,async,128,3,0,0.00,100.00,560.44,332.19,227.62,104.58,,,892.63,665.02,2.14,187.00,246.00,1.14,19409144,2026-09-18T06:17:43Z
A,ta,2e_K10,pread,128,3,0,0.00,100.00,573.41,1932.09,225.09,1707.00,,,2505.50,2280.41,2.17,190.00,248.00,1.13,19409436,2026-09-18T06:17:43Z
A,ta,2e_K10,async,128,3,0,0.00,93.20,496.96,336.52,223.98,112.54,,,833.48,609.50,2.12,190.00,247.00,1.13,19410592,2026-09-18T06:17:43Z
A,ta,2e_K500,pread,128,3,0,0.00,100.00,553.11,17456.54,188.46,17268.07,,,18009.65,17821.18,2.07,169.00,437.00,1.13,19412872,2026-09-18T06:17:44Z
A,ta,2e_K500,async,128,3,0,0.00,25.80,1216.60,945.84,183.47,762.37,,,2162.44,1978.97,2.13,181.00,380.00,1.13,19414060,2026-09-18T06:17:44Z
A,ta,2f_slru,pread,128,3,0,0.00,100.00,97.38,18074.36,185.74,17888.62,,,18171.74,17986.00,1.55,0.00,279.00,1.13,19415932,2026-09-18T06:17:44Z
A,ta,2f_slru,async,128,3,0,0.00,100.00,97.73,7404.07,184.54,7219.53,,,7501.80,7317.26,1.57,0.00,279.00,1.13,19413508,2026-09-18T06:17:44Z
A,ta,leaf_freq_K10,pread,128,3,0,0.00,100.00,1050.65,1108.69,180.74,927.96,,,2159.34,1978.61,2.14,191.00,248.00,1.13,19416852,2026-09-18T06:17:45Z
A,ta,leaf_freq_K10,async,128,3,0,0.00,100.00,1027.17,261.06,185.55,75.51,,,1288.23,1102.68,2.15,191.00,248.00,1.13,19416748,2026-09-18T06:17:45Z
A,ta,leaf_rand_K10,pread,128,3,0,0.00,100.00,1023.62,1055.81,185.59,870.22,,,2079.43,1893.84,2.19,188.00,247.00,1.13,19412780,2026-09-18T06:17:45Z
A,ta,leaf_rand_K10,async,128,3,0,0.00,100.00,1045.68,258.44,182.10,76.33,,,1304.12,1122.01,2.12,188.00,247.00,1.13,19421412,2026-09-18T06:17:46Z
A,1gb,layers_5,pread,128,3,0,0.00,100.00,1230.08,657.64,183.53,474.10,,,1887.72,1704.18,2.14,191.00,246.00,1.13,19436964,2026-09-18T06:17:46Z
A,1gb,layers_5,async,128,3,0,0.00,100.00,1388.82,266.71,192.79,73.92,,,1655.53,1462.74,2.25,191.00,246.00,1.13,19436892,2026-09-18T06:17:46Z
A,1gb,layers_92,pread,128,3,0,0.00,100.00,941.68,7982.40,186.03,7796.37,,,8924.08,8738.05,2.17,188.00,258.00,1.13,19437528,2026-09-18T06:17:47Z
A,1gb,layers_92,async,128,3,0,0.00,100.00,910.39,392.68,184.71,207.97,,,1303.07,1118.36,2.19,188.00,257.00,1.13,19437900,2026-09-18T06:17:47Z
A,1gb,2d,pread,128,3,0,0.00,100.00,580.84,2096.20,193.37,1902.83,,,2677.04,2483.67,2.21,187.00,259.00,1.13,19437400,2026-09-18T06:17:47Z
A,1gb,2d,async,128,3,0,0.00,100.00,540.99,273.51,184.21,89.31,,,814.50,630.30,2.11,187.00,258.00,1.13,19437264,2026-09-18T06:17:48Z
A,1gb,2e_K10,pread,128,3,0,0.00,100.00,639.88,2847.37,188.66,2658.71,,,3487.25,3298.59,2.18,190.00,261.00,1.12,19438188,2026-09-18T06:17:48Z
A,1gb,2e_K10,async,128,3,0,0.00,100.00,688.83,323.53,217.61,105.92,,,1012.36,794.75,2.26,190.00,260.00,1.12,19437940,2026-09-18T06:17:48Z
A,1gb,2e_K500,pread,128,3,0,0.00,100.00,611.73,22783.57,185.02,22598.55,,,23395.30,23210.28,2.03,164.00,430.00,1.12,19439016,2026-09-18T06:17:49Z
A,1gb,2e_K500,async,128,3,0,0.00,100.00,653.04,1092.33,182.69,909.64,,,1745.37,1562.68,2.10,181.00,382.00,1.12,19438144,2026-09-18T06:17:49Z
A,1gb,2f_slru,pread,128,3,0,0.00,100.00,98.41,28406.19,192.19,28214.00,,,28504.60,28312.41,1.56,0.00,280.00,1.12,19438940,2026-09-18T06:17:49Z
A,1gb,2f_slru,async,128,3,0,0.00,100.00,100.71,7448.39,184.17,7264.23,,,7549.10,7364.94,1.57,0.00,280.00,1.12,19437292,2026-09-18T06:17:50Z
A,1gb,leaf_freq_K10,pread,128,3,0,0.00,100.00,1536.64,1082.23,183.88,898.36,,,2618.87,2435.00,2.16,193.00,248.00,1.12,19439920,2026-09-18T06:17:50Z
A,1gb,leaf_freq_K10,async,128,3,0,0.00,100.00,1440.36,268.92,193.37,75.54,,,1709.28,1515.90,2.17,193.00,248.00,1.12,19439256,2026-09-18T06:17:50Z
A,1gb,leaf_rand_K10,pread,128,3,0,0.00,100.00,1327.36,1079.14,187.97,891.16,,,2406.50,2218.52,2.19,191.00,247.00,1.12,19438672,2026-09-18T06:17:51Z
A,1gb,leaf_rand_K10,async,128,3,0,0.00,100.00,1358.71,261.39,183.96,77.44,,,1620.10,1436.15,2.16,191.00,247.00,1.12,19413696,2026-09-18T06:17:51Z
B,vacuum,layers_5,pread,128,3,0,0.00,100.00,935.23,1779.54,783.01,996.52,,,2714.77,1931.75,2.08,147.00,212.00,1.12,19424100,2026-09-18T06:17:51Z
B,vacuum,layers_5,async,128,3,0,0.00,100.00,901.14,255.60,185.76,69.84,,,1156.74,970.98,2.08,148.00,209.00,1.12,19425600,2026-09-18T06:17:52Z
B,vacuum,layers_92,pread,128,3,0,0.00,100.00,586.77,7271.55,186.00,7085.55,,,7858.32,7672.32,2.04,144.00,226.00,1.12,19424192,2026-09-18T06:17:52Z
B,vacuum,layers_92,async,128,3,0,0.00,100.00,514.58,370.76,185.99,184.77,,,885.34,699.35,2.01,145.00,223.00,1.12,19423608,2026-09-18T06:17:52Z
B,vacuum,2d,pread,128,3,0,0.00,100.00,521.36,1349.40,189.23,1160.17,,,1870.76,1681.53,2.04,144.00,226.00,1.12,19424636,2026-09-18T06:17:53Z
B,vacuum,2d,async,128,3,0,0.00,100.00,555.25,285.26,202.26,83.00,,,840.51,638.25,2.11,145.00,223.00,1.11,19424812,2026-09-18T06:17:53Z
B,vacuum,2e_K10,pread,128,3,0,0.00,100.00,580.55,2207.24,185.33,2021.91,,,2787.79,2602.46,2.05,144.00,227.00,1.11,19421496,2026-09-18T06:17:53Z
B,vacuum,2e_K10,async,128,3,0,0.00,100.00,515.91,274.43,183.09,91.33,,,790.34,607.24,2.03,145.00,224.00,1.11,19423192,2026-09-18T06:17:54Z
B,vacuum,2e_K500,pread,128,3,0,0.00,100.00,479.26,13845.77,185.45,13660.32,,,14325.03,14139.58,1.77,52.00,290.00,1.11,19419104,2026-09-18T06:17:54Z
B,vacuum,2e_K500,async,128,3,0,0.00,18.90,181.51,918.18,186.42,731.75,,,1099.69,913.26,2.04,148.00,284.00,1.11,19420104,2026-09-18T06:17:54Z
B,vacuum,2f_slru,pread,128,3,0,0.00,100.00,93.82,19502.09,183.90,19318.20,,,19595.91,19412.02,1.59,0.00,214.00,1.11,19420160,2026-09-18T06:17:54Z
B,vacuum,2f_slru,async,128,3,0,0.00,100.00,96.29,5684.12,183.09,5501.02,,,5780.41,5597.31,1.61,0.00,214.00,1.11,19421900,2026-09-18T06:17:55Z
B,vacuum,leaf_freq_K10,pread,128,3,0,0.00,100.00,955.95,1114.62,184.12,930.51,,,2070.57,1886.46,2.06,147.00,210.00,1.11,19421308,2026-09-18T06:17:55Z
B,vacuum,leaf_freq_K10,async,128,3,0,0.00,100.00,985.18,263.52,186.09,77.44,,,1248.70,1062.62,2.07,147.00,210.00,1.11,19420264,2026-09-18T06:17:55Z
B,vacuum,leaf_rand_K10,pread,128,3,0,0.00,100.00,1025.82,1002.99,192.71,810.27,,,2028.81,1836.09,2.06,147.00,209.00,1.11,19420740,2026-09-18T06:17:56Z
B,vacuum,leaf_rand_K10,async,128,3,0,0.00,100.00,955.40,269.29,187.70,81.58,,,1224.69,1036.98,2.11,147.00,209.00,1.11,19424520,2026-09-18T06:17:56Z
B,ta,layers_5,pread,128,3,0,0.00,100.00,489.92,436.52,184.40,252.12,,,926.44,742.04,2.22,192.00,245.00,1.11,19410380,2026-09-18T06:17:56Z
B,ta,layers_5,async,128,3,0,0.00,100.00,852.96,257.52,182.53,74.99,,,1110.48,927.95,2.21,192.00,244.00,1.11,19409420,2026-09-18T06:17:57Z
B,ta,layers_92,pread,128,3,0,0.00,100.00,472.71,1725.87,188.28,1537.59,,,2198.58,2010.30,2.24,189.00,245.00,1.11,19410188,2026-09-18T06:17:57Z
B,ta,layers_92,async,128,3,0,0.00,100.00,475.85,394.81,185.33,209.48,,,870.66,685.33,2.22,191.00,244.00,1.11,19408968,2026-09-18T06:17:57Z
B,ta,2d,pread,128,3,0,0.00,100.00,424.46,1050.73,194.70,856.04,,,1475.19,1280.50,2.19,190.00,245.00,1.11,19409508,2026-09-18T06:17:58Z
B,ta,2d,async,128,3,0,0.00,66.00,392.97,315.46,197.27,118.19,,,708.43,511.16,2.16,191.00,244.00,1.10,19409652,2026-09-18T06:17:58Z
B,ta,2e_K10,pread,128,3,0,0.00,100.00,493.00,2453.21,183.69,2269.52,,,2946.21,2762.52,2.21,190.00,245.00,1.10,19410240,2026-09-18T06:17:58Z
B,ta,2e_K10,async,128,3,0,0.00,71.90,465.57,327.76,194.86,132.90,,,793.33,598.47,2.21,191.00,244.00,1.10,19411080,2026-09-18T06:17:59Z
B,ta,2e_K500,pread,128,3,0,0.00,100.00,258.44,17547.67,185.06,17362.61,,,17806.11,17621.05,1.86,83.00,312.00,1.10,19410300,2026-09-18T06:17:59Z
B,ta,2e_K500,async,128,3,0,0.00,38.20,185.66,962.59,184.05,778.54,,,1148.25,964.20,2.16,182.00,316.00,1.10,19411244,2026-09-18T06:17:59Z
B,ta,2f_slru,pread,128,3,0,0.00,100.00,95.87,18178.59,184.82,17993.78,,,18274.46,18089.65,1.60,0.00,279.00,1.10,19411032,2026-09-18T06:18:00Z
B,ta,2f_slru,async,128,3,0,0.00,100.00,98.24,7253.89,184.39,7069.50,,,7352.13,7167.74,1.63,0.00,279.00,1.10,19411120,2026-09-18T06:18:00Z
B,ta,leaf_freq_K10,pread,128,3,0,0.00,100.00,657.90,1108.24,181.42,926.82,,,1766.14,1584.72,2.16,192.00,246.00,1.10,19412060,2026-09-18T06:18:00Z
B,ta,leaf_freq_K10,async,128,3,0,0.00,100.00,645.87,281.78,205.86,75.92,,,927.65,721.79,2.26,192.00,246.00,1.10,19412144,2026-09-18T06:18:00Z
B,ta,leaf_rand_K10,pread,128,3,0,0.00,100.00,622.20,1085.59,186.21,899.38,,,1707.79,1521.58,2.18,192.00,246.00,1.10,19413224,2026-09-18T06:18:01Z
B,ta,leaf_rand_K10,async,128,3,0,0.00,100.00,595.99,256.62,181.43,75.19,,,852.61,671.18,2.17,192.00,246.00,1.10,19413700,2026-09-18T06:18:01Z
B,1gb,layers_5,pread,128,3,0,0.00,100.00,1320.02,703.69,188.05,515.64,,,2023.71,1835.66,2.23,193.00,255.00,1.10,19413732,2026-09-18T06:18:01Z
B,1gb,layers_5,async,128,3,0,0.00,100.00,1351.11,256.35,185.72,70.63,,,1607.46,1421.74,2.23,194.00,254.00,1.10,19391016,2026-09-18T06:18:02Z
B,1gb,layers_92,pread,128,3,0,0.00,100.00,914.18,7987.86,184.02,7803.84,,,8902.04,8718.02,2.22,194.00,262.00,1.10,19392164,2026-09-18T06:18:02Z
B,1gb,layers_92,async,128,3,0,0.00,100.00,968.25,404.49,221.99,182.50,,,1372.74,1150.75,2.28,195.00,260.00,1.10,19392252,2026-09-18T06:18:03Z
B,1gb,2d,pread,128,3,0,0.00,100.00,637.81,2139.65,188.27,1951.38,,,2777.46,2589.19,2.22,193.00,263.00,1.10,19390732,2026-09-18T06:18:03Z
B,1gb,2d,async,128,3,0,0.00,100.00,546.19,278.14,185.70,92.44,,,824.33,638.63,2.21,194.00,261.00,1.09,19391260,2026-09-18T06:18:03Z
B,1gb,2e_K10,pread,128,3,0,0.00,100.00,584.12,2914.55,195.61,2718.94,,,3498.67,3303.06,2.26,193.00,263.00,1.09,19391416,2026-09-18T06:18:04Z
B,1gb,2e_K10,async,128,3,0,0.00,100.00,605.24,292.70,184.26,108.44,,,897.94,713.68,2.18,194.00,261.00,1.09,19390908,2026-09-18T06:18:04Z
B,1gb,2e_K500,pread,128,3,0,0.00,100.00,184.10,18973.97,199.64,18774.33,,,19158.07,18958.43,2.14,174.00,384.00,1.09,19391224,2026-09-18T06:18:04Z
B,1gb,2e_K500,async,128,3,0,0.00,100.00,189.36,1063.39,203.37,860.02,,,1252.75,1049.38,2.28,183.00,323.00,1.09,19392704,2026-09-18T06:18:05Z
B,1gb,2f_slru,pread,128,3,0,0.00,100.00,100.55,19177.69,197.42,18980.27,,,19278.24,19080.82,1.59,0.00,280.00,1.09,19392896,2026-09-18T06:18:05Z
B,1gb,2f_slru,async,128,3,0,0.00,100.00,99.06,7397.96,198.42,7199.53,,,7497.02,7298.59,1.66,0.00,280.00,1.09,19390948,2026-09-18T06:18:05Z
B,1gb,leaf_freq_K10,pread,128,3,0,0.00,100.00,2947.65,1068.42,196.67,871.75,,,4016.07,3819.40,2.30,193.00,252.00,1.09,19395700,2026-09-18T06:18:06Z
B,1gb,leaf_freq_K10,async,128,3,0,0.00,100.00,1485.28,271.69,197.18,74.51,,,1756.97,1559.79,2.21,193.00,252.00,1.09,19396228,2026-09-18T06:18:06Z
B,1gb,leaf_rand_K10,pread,128,3,0,0.00,100.00,1299.74,1028.13,197.29,830.84,,,2327.87,2130.58,2.18,193.00,253.00,1.09,19398452,2026-09-18T06:18:06Z
B,1gb,leaf_rand_K10,async,128,3,0,0.00,100.00,1441.68,269.61,191.57,78.04,,,1711.29,1519.72,2.28,193.00,253.00,1.09,19417196,2026-09-18T06:18:07Z
C,vacuum,layers_5,pread,128,3,0,0.00,100.00,882.43,786.99,197.19,589.80,,,1669.42,1472.23,1.54,18.00,27.00,1.09,19416820,2026-09-18T06:18:07Z
C,vacuum,layers_5,async,128,3,0,0.00,100.00,867.78,265.00,195.68,69.32,,,1132.78,937.10,1.53,18.00,27.00,1.09,19418772,2026-09-18T06:18:07Z
C,vacuum,layers_92,pread,128,3,0,0.00,100.00,578.41,7385.11,200.01,7185.11,,,7963.52,7763.52,1.55,18.00,29.00,1.09,19400564,2026-09-18T06:18:07Z
C,vacuum,layers_92,async,128,3,0,0.00,100.00,507.63,378.78,198.16,180.62,,,886.41,688.25,1.53,18.00,29.00,1.09,19396316,2026-09-18T06:18:08Z
C,vacuum,2d,pread,128,3,0,0.00,100.00,499.97,1041.11,624.68,416.42,,,1541.08,916.39,1.53,18.00,29.00,1.09,19398896,2026-09-18T06:18:08Z
C,vacuum,2d,async,128,3,0,0.00,100.00,501.97,264.57,197.36,67.21,,,766.54,569.18,1.55,18.00,29.00,1.09,19400040,2026-09-18T06:18:08Z
C,vacuum,2e_K10,pread,128,3,0,0.00,100.00,517.08,1498.36,197.31,1301.05,,,2015.44,1818.13,1.53,16.00,34.00,1.09,19406444,2026-09-18T06:18:08Z
C,vacuum,2e_K10,async,128,3,0,0.00,92.90,515.61,272.53,194.83,77.71,,,788.14,593.32,1.53,17.00,33.00,1.09,19407248,2026-09-18T06:18:09Z
C,vacuum,2e_K500,pread,128,3,0,0.00,100.00,179.95,2460.43,198.61,2261.82,,,2640.38,2441.77,1.48,0.00,30.00,1.09,19408576,2026-09-18T06:18:09Z
C,vacuum,2e_K500,async,128,3,0,0.00,48.80,176.75,671.57,196.34,475.23,,,848.32,651.98,1.49,0.00,30.00,1.09,19410492,2026-09-18T06:18:09Z
C,vacuum,2f_slru,pread,128,3,0,0.00,100.00,93.69,3093.81,201.39,2892.42,,,3187.50,2986.11,1.53,0.00,30.00,1.09,19412388,2026-09-18T06:18:09Z
C,vacuum,2f_slru,async,128,3,0,0.00,100.00,97.10,797.76,199.22,598.53,,,894.86,695.63,1.48,0.00,30.00,1.09,19413184,2026-09-18T06:18:10Z
C,vacuum,leaf_freq_K10,pread,128,3,0,0.00,100.00,1165.74,781.66,198.07,583.59,,,1947.40,1749.33,1.52,16.00,32.00,1.09,19412396,2026-09-18T06:18:10Z
C,vacuum,leaf_freq_K10,async,128,3,0,0.00,100.00,1150.35,271.72,197.25,74.47,,,1422.07,1224.82,1.54,17.00,31.00,1.09,19413308,2026-09-18T06:18:10Z
C,vacuum,leaf_rand_K10,pread,128,3,0,0.00,100.00,998.99,1064.24,199.03,865.21,,,2063.23,1864.20,1.55,18.00,27.00,1.09,19416040,2026-09-18T06:18:10Z
C,vacuum,leaf_rand_K10,async,128,3,0,0.00,100.00,985.44,277.19,197.66,79.53,,,1262.63,1064.97,1.54,18.00,27.00,1.09,19415848,2026-09-18T06:18:11Z
C,ta,layers_5,pread,128,3,0,0.00,100.00,801.13,447.65,196.99,250.66,,,1248.78,1051.79,1.61,20.00,30.00,1.09,19415496,2026-09-18T06:18:11Z
C,ta,layers_5,async,128,3,0,0.00,100.00,886.82,264.99,196.75,68.24,,,1151.81,955.06,1.59,20.00,30.00,1.09,19417632,2026-09-18T06:18:11Z
C,ta,layers_92,pread,128,3,0,0.00,100.00,485.22,1047.32,197.91,849.41,,,1532.54,1334.63,1.60,19.00,31.00,1.09,19417368,2026-09-18T06:18:11Z
C,ta,layers_92,async,128,3,0,0.00,44.60,465.70,363.14,196.19,166.95,,,828.84,632.65,1.58,19.00,31.00,1.09,19407668,2026-09-18T06:18:12Z
C,ta,2d,pread,128,3,0,0.00,100.00,456.79,1144.93,198.38,946.55,,,1601.72,1403.34,1.60,19.00,31.00,1.09,19406096,2026-09-18T06:18:12Z
C,ta,2d,async,128,3,0,0.00,64.60,482.07,313.18,195.77,117.41,,,795.25,599.48,1.60,19.00,31.00,1.09,19408672,2026-09-18T06:18:12Z
C,ta,2e_K10,pread,128,3,0,0.00,100.00,477.71,1793.90,198.65,1595.25,,,2271.61,2072.96,1.58,18.00,36.00,1.09,19409188,2026-09-18T06:18:13Z
C,ta,2e_K10,async,128,3,0,0.00,100.00,476.02,329.55,200.41,129.14,,,805.57,605.16,1.60,19.00,34.00,1.09,19410228,2026-09-18T06:18:13Z
C,ta,2e_K500,pread,128,3,0,0.00,100.00,181.33,3632.99,201.38,3431.61,,,3814.32,3612.94,1.54,0.00,38.00,1.08,19408352,2026-09-18T06:18:13Z
C,ta,2e_K500,async,128,3,0,0.00,100.00,183.32,819.43,196.77,622.66,,,1002.75,805.98,1.54,0.00,38.00,1.08,19390632,2026-09-18T06:18:13Z
C,ta,2f_slru,pread,128,3,0,0.00,100.00,93.58,3540.07,200.11,3339.97,,,3633.65,3433.55,1.53,0.00,38.00,1.08,19400276,2026-09-18T06:18:14Z
C,ta,2f_slru,async,128,3,0,0.00,100.00,93.06,1057.60,198.48,859.12,,,1150.66,952.18,1.54,0.00,38.00,1.08,19402220,2026-09-18T06:18:14Z
C,ta,leaf_freq_K10,pread,128,3,0,0.00,100.00,1248.34,785.70,196.99,588.71,,,2034.04,1837.05,1.60,19.00,35.00,1.08,19399980,2026-09-18T06:18:14Z
C,ta,leaf_freq_K10,async,128,3,0,0.00,100.00,1230.60,272.05,197.22,74.83,,,1502.65,1305.43,1.60,20.00,33.00,1.08,19397752,2026-09-18T06:18:14Z
C,ta,leaf_rand_K10,pread,128,3,0,0.00,100.00,895.18,1035.98,196.60,839.38,,,1931.16,1734.56,1.59,20.00,30.00,1.08,19397808,2026-09-18T06:18:15Z
C,ta,leaf_rand_K10,async,128,3,0,0.00,100.00,878.65,274.56,198.17,76.38,,,1153.21,955.03,1.60,20.00,30.00,1.08,19399500,2026-09-18T06:18:15Z
C,1gb,layers_5,pread,128,3,0,0.00,100.00,1321.04,705.70,197.85,507.85,,,2026.74,1828.89,1.70,40.00,54.00,1.08,19400084,2026-09-18T06:18:15Z
C,1gb,layers_5,async,128,3,0,0.00,100.00,1321.62,267.06,197.41,69.65,,,1588.68,1391.27,1.69,40.00,54.00,1.08,19400296,2026-09-18T06:18:16Z
C,1gb,layers_92,pread,128,3,0,0.00,100.00,1023.50,8264.49,197.00,8067.49,,,9287.99,9090.99,1.68,40.00,56.00,1.08,19400808,2026-09-18T06:18:16Z
C,1gb,layers_92,async,128,3,0,0.00,100.00,1022.50,399.14,197.95,201.19,,,1421.64,1223.69,1.68,40.00,56.00,1.08,19402348,2026-09-18T06:18:16Z
C,1gb,2d,pread,128,3,0,0.00,100.00,560.56,843.47,195.23,648.24,,,1404.03,1208.80,1.67,39.00,57.00,1.08,19401552,2026-09-18T06:18:16Z
C,1gb,2d,async,128,3,0,0.00,100.00,595.65,268.10,192.95,75.15,,,863.75,670.80,1.70,39.00,57.00,1.08,19401996,2026-09-18T06:18:17Z
C,1gb,2e_K10,pread,128,3,0,0.00,100.00,180.26,1706.72,202.16,1504.56,,,1886.98,1684.82,1.68,37.00,67.00,1.08,19402056,2026-09-18T06:18:17Z
C,1gb,2e_K10,async,128,3,0,0.00,100.00,181.61,287.26,197.98,89.28,,,468.87,270.89,1.69,37.00,67.00,1.08,19404004,2026-09-18T06:18:17Z
C,1gb,2e_K500,pread,128,3,0,0.00,100.00,181.05,4688.68,195.75,4492.93,,,4869.73,4673.98,1.55,1.00,66.00,1.08,19407544,2026-09-18T06:18:18Z
C,1gb,2e_K500,async,128,3,0,0.00,100.00,184.54,894.60,197.74,696.86,,,1079.14,881.40,1.68,36.00,92.00,1.08,19407996,2026-09-18T06:18:18Z
C,1gb,2f_slru,pread,128,3,0,0.00,100.00,96.98,5514.61,195.98,5318.63,,,5611.59,5415.61,1.54,0.00,64.00,1.07,19408504,2026-09-18T06:18:18Z
C,1gb,2f_slru,async,128,3,0,0.00,100.00,9387.76,1852.93,193.34,1659.59,,,11240.69,11047.35,1.66,0.00,64.00,1.07,19408980,2026-09-18T06:18:18Z
C,1gb,leaf_freq_K10,pread,128,3,0,0.00,100.00,930.85,1094.12,194.77,899.35,,,2024.97,1830.20,1.68,39.00,62.00,1.07,19394208,2026-09-18T06:18:19Z
C,1gb,leaf_freq_K10,async,128,3,0,0.00,100.00,890.09,270.99,196.72,74.27,,,1161.08,964.36,1.67,39.00,62.00,1.07,19395868,2026-09-18T06:18:19Z
C,1gb,leaf_rand_K10,pread,128,3,0,0.00,100.00,1314.07,1079.96,198.68,881.28,,,2394.03,2195.35,1.68,40.00,54.00,1.07,19396892,2026-09-18T06:18:19Z
C,1gb,leaf_rand_K10,async,128,3,0,0.00,100.00,1447.14,271.27,194.56,76.71,,,1718.41,1523.85,1.69,40.00,54.00,1.07,19397480,2026-09-18T06:18:20Z
A,vacuum,baseline,baseline,128,4,0,0.00,0.00,991.19,0.00,0.00,0.00,,,991.19,991.19,2.03,149.00,213.00,1.07,19397964,2026-09-18T06:18:20Z
A,ta,baseline,baseline,128,4,0,0.00,0.00,1115.93,0.00,0.00,0.00,,,1115.93,1115.93,2.16,188.00,247.00,1.07,19399796,2026-09-18T06:18:20Z
A,1gb,baseline,baseline,128,4,0,0.00,0.00,1371.72,0.00,0.00,0.00,,,1371.72,1371.72,2.19,191.00,248.00,1.07,19398624,2026-09-18T06:18:21Z
B,vacuum,baseline,baseline,128,4,0,0.00,0.00,1007.28,0.00,0.00,0.00,,,1007.28,1007.28,2.14,147.00,209.00,1.07,19401472,2026-09-18T06:18:21Z
B,ta,baseline,baseline,128,4,0,0.00,0.00,588.85,0.00,0.00,0.00,,,588.85,588.85,2.16,192.00,246.00,1.07,19401036,2026-09-18T06:18:21Z
B,1gb,baseline,baseline,128,4,0,0.00,0.00,1397.30,0.00,0.00,0.00,,,1397.30,1397.30,2.20,193.00,253.00,1.07,19400360,2026-09-18T06:18:22Z
C,vacuum,baseline,baseline,128,4,0,0.00,0.00,969.98,0.00,0.00,0.00,,,969.98,969.98,1.53,18.00,27.00,1.07,19402884,2026-09-18T06:18:22Z
C,ta,baseline,baseline,128,4,0,0.00,0.00,909.78,0.00,0.00,0.00,,,909.78,909.78,1.61,20.00,30.00,1.07,19401948,2026-09-18T06:18:22Z
C,1gb,baseline,baseline,128,4,0,0.00,0.00,1263.31,0.00,0.00,0.00,,,1263.31,1263.31,1.69,40.00,55.00,1.07,19402324,2026-09-18T06:18:22Z
A,vacuum,layers_5,pread,128,4,0,0.00,100.00,873.47,813.75,224.82,588.93,,,1687.22,1462.40,2.02,150.00,212.00,1.07,19404348,2026-09-18T06:18:23Z
A,vacuum,layers_5,async,128,4,0,0.00,100.00,767.89,294.16,225.35,68.81,,,1062.05,836.70,2.00,150.00,210.00,1.07,19403728,2026-09-18T06:18:23Z
A,vacuum,layers_92,pread,128,4,0,0.00,100.00,500.35,7800.54,225.98,7574.56,,,8300.89,8074.91,2.07,150.00,219.00,1.07,19405584,2026-09-18T06:18:23Z
A,vacuum,layers_92,async,128,4,0,0.00,100.00,551.96,414.44,224.81,189.63,,,966.40,741.59,2.04,150.00,217.00,1.07,19405844,2026-09-18T06:18:24Z
A,vacuum,2d,pread,128,4,0,0.00,100.00,541.47,1447.45,227.34,1220.11,,,1988.92,1761.58,2.17,150.00,219.00,1.07,19391248,2026-09-18T06:18:24Z
A,vacuum,2d,async,128,4,0,0.00,100.00,544.91,303.76,228.04,75.72,,,848.67,620.63,2.03,150.00,217.00,1.07,19394976,2026-09-18T06:18:24Z
A,vacuum,2e_K10,pread,128,4,0,0.00,100.00,1289.00,2248.43,223.58,2024.85,,,3537.43,3313.85,2.02,149.00,226.00,1.07,19396716,2026-09-18T06:18:25Z
A,vacuum,2e_K10,async,128,4,0,0.00,100.00,476.91,313.58,222.75,90.83,,,790.49,567.74,1.99,149.00,225.00,1.07,19398992,2026-09-18T06:18:25Z
A,vacuum,2e_K500,pread,128,4,0,0.00,100.00,577.76,13872.37,227.64,13644.73,,,14450.13,14222.49,1.90,123.00,416.00,1.07,19402040,2026-09-18T06:18:25Z
A,vacuum,2e_K500,async,128,4,0,0.00,100.00,511.55,1072.41,228.80,843.61,,,1583.96,1355.16,1.98,151.00,316.00,1.07,19402400,2026-09-18T06:18:25Z
A,vacuum,2f_slru,pread,128,4,0,0.00,100.00,95.74,13751.97,223.57,13528.40,,,13847.71,13624.14,1.53,0.00,214.00,1.07,19403152,2026-09-18T06:18:26Z
A,vacuum,2f_slru,async,128,4,0,0.00,100.00,105.03,5785.64,226.03,5559.60,,,5890.67,5664.63,1.55,0.00,214.00,1.07,19403884,2026-09-18T06:18:26Z
A,vacuum,leaf_freq_K10,pread,128,4,0,0.00,100.00,997.02,1093.28,226.16,867.12,,,2090.30,1864.14,2.09,149.00,217.00,1.07,19405400,2026-09-18T06:18:26Z
A,vacuum,leaf_freq_K10,async,128,4,0,0.00,100.00,975.58,300.79,225.16,75.62,,,1276.37,1051.20,2.00,149.00,217.00,1.07,19406000,2026-09-18T06:18:27Z
A,vacuum,leaf_rand_K10,pread,128,4,0,0.00,100.00,948.02,1147.85,220.00,927.84,,,2095.87,1875.86,2.04,149.00,215.00,1.07,19420292,2026-09-18T06:18:27Z
A,vacuum,leaf_rand_K10,async,128,4,0,0.00,100.00,907.57,302.79,225.19,77.60,,,1210.36,985.17,2.04,149.00,215.00,1.07,19422324,2026-09-18T06:18:27Z
A,ta,layers_5,pread,128,4,0,0.00,100.00,953.11,477.61,226.76,250.85,,,1430.72,1203.96,2.16,188.00,247.00,1.07,19422984,2026-09-18T06:18:28Z
A,ta,layers_5,async,128,4,0,0.00,100.00,985.75,292.33,223.60,68.73,,,1278.08,1054.48,2.15,188.00,246.00,1.07,19423376,2026-09-18T06:18:28Z
A,ta,layers_92,pread,128,4,0,0.00,100.00,571.12,983.52,223.60,759.92,,,1554.64,1331.04,2.09,184.00,248.00,1.06,19423456,2026-09-18T06:18:28Z
A,ta,layers_92,async,128,4,0,0.00,51.10,554.97,406.85,224.17,182.67,,,961.82,737.64,2.18,187.00,246.00,1.06,19426340,2026-09-18T06:18:29Z
A,ta,2d,pread,128,4,0,0.00,100.00,572.28,1009.33,226.80,782.53,,,1581.61,1354.81,2.16,187.00,247.00,1.06,19426616,2026-09-18T06:18:29Z
A,ta,2d,async,128,4,0,0.00,91.20,1326.68,332.25,224.65,107.59,,,1658.93,1434.27,2.22,187.00,246.00,1.06,19427512,2026-09-18T06:18:29Z
A,ta,2e_K10,pread,128,4,0,0.00,100.00,573.39,2109.53,223.98,1885.54,,,2682.92,2458.93,2.20,190.00,248.00,1.06,19404912,2026-09-18T06:18:29Z
A,ta,2e_K10,async,128,4,0,0.00,100.00,563.98,342.62,223.98,118.64,,,906.60,682.62,2.15,190.00,247.00,1.06,19406696,2026-09-18T06:18:30Z
A,ta,2e_K500,pread,128,4,0,0.00,100.00,553.94,56820.80,187.85,56632.94,,,57374.74,57186.88,2.07,169.00,439.00,1.06,19409060,2026-09-18T06:18:30Z
A,ta,2e_K500,async,128,4,0,0.00,31.30,926.91,987.54,186.84,800.70,,,1914.45,1727.61,2.13,181.00,380.00,1.06,19408444,2026-09-18T06:18:30Z
A,ta,2f_slru,pread,128,4,0,0.00,100.00,97.31,28151.18,185.06,27966.12,,,28248.49,28063.43,1.54,0.00,279.00,1.06,19409520,2026-09-18T06:18:31Z
A,ta,2f_slru,async,128,4,0,0.00,100.00,99.76,7387.22,183.46,7203.76,,,7486.98,7303.52,1.57,0.00,279.00,1.06,19407256,2026-09-18T06:18:31Z
A,ta,leaf_freq_K10,pread,128,4,0,0.00,100.00,1093.95,1115.22,186.98,928.24,,,2209.17,2022.19,2.19,191.00,248.00,1.06,19412168,2026-09-18T06:18:31Z
A,ta,leaf_freq_K10,async,128,4,0,0.00,100.00,1115.43,261.70,185.32,76.38,,,1377.13,1191.81,2.18,191.00,248.00,1.06,19412264,2026-09-18T06:18:32Z
A,ta,leaf_rand_K10,pread,128,4,0,0.00,100.00,1000.45,1082.75,185.12,897.63,,,2083.20,1898.08,2.17,188.00,247.00,1.06,19412256,2026-09-18T06:18:32Z
A,ta,leaf_rand_K10,async,128,4,0,0.00,100.00,1981.07,265.24,182.49,82.75,,,2246.31,2063.82,2.17,188.00,247.00,1.06,19399368,2026-09-18T06:18:32Z
A,1gb,layers_5,pread,128,4,0,0.00,100.00,1303.70,688.21,182.07,506.14,,,1991.91,1809.84,2.18,191.00,246.00,1.06,19399836,2026-09-18T06:18:33Z
A,1gb,layers_5,async,128,4,0,0.00,100.00,1241.31,255.15,186.02,69.13,,,1496.46,1310.44,2.16,191.00,246.00,1.06,19400680,2026-09-18T06:18:33Z
A,1gb,layers_92,pread,128,4,0,0.00,100.00,979.90,8072.71,188.31,7884.39,,,9052.61,8864.29,2.23,188.00,258.00,1.06,19402216,2026-09-18T06:18:33Z
A,1gb,layers_92,async,128,4,0,0.00,100.00,934.50,403.45,186.54,216.91,,,1337.95,1151.41,2.16,188.00,257.00,1.06,19402120,2026-09-18T06:18:34Z
A,1gb,2d,pread,128,4,0,0.00,100.00,538.35,2026.56,185.50,1841.06,,,2564.91,2379.41,2.14,187.00,259.00,1.06,19402304,2026-09-18T06:18:34Z
A,1gb,2d,async,128,4,0,0.00,100.00,609.00,276.18,186.02,90.16,,,885.18,699.16,2.22,187.00,258.00,1.06,19403456,2026-09-18T06:18:34Z
A,1gb,2e_K10,pread,128,4,0,0.00,100.00,567.27,2954.95,183.60,2771.35,,,3522.22,3338.62,2.18,190.00,261.00,1.06,19403584,2026-09-18T06:18:35Z
A,1gb,2e_K10,async,128,4,0,0.00,100.00,568.16,285.44,184.99,100.45,,,853.60,668.61,2.17,190.00,260.00,1.06,19386876,2026-09-18T06:18:35Z
A,1gb,2e_K500,pread,128,4,0,0.00,100.00,611.69,42332.64,188.74,42143.91,,,42944.33,42755.60,2.06,164.00,430.00,1.06,19390052,2026-09-18T06:18:35Z
A,1gb,2e_K500,async,128,4,0,0.00,100.00,663.06,1082.79,186.48,896.30,,,1745.85,1559.36,2.14,181.00,381.00,1.06,19391312,2026-09-18T06:18:36Z
A,1gb,2f_slru,pread,128,4,0,0.00,100.00,100.48,18402.40,186.24,18216.15,,,18502.88,18316.63,1.58,0.00,280.00,1.06,19389548,2026-09-18T06:18:36Z
A,1gb,2f_slru,async,128,4,0,0.00,100.00,7080.08,7505.83,242.24,7263.60,,,14585.91,14343.68,1.65,0.00,280.00,1.06,19387228,2026-09-18T06:18:36Z
A,1gb,leaf_freq_K10,pread,128,4,0,0.00,100.00,1510.29,1085.50,186.99,898.51,,,2595.79,2408.80,2.18,193.00,248.00,1.06,19393968,2026-09-18T06:18:37Z
A,1gb,leaf_freq_K10,async,128,4,0,0.00,100.00,1508.96,260.51,185.69,74.82,,,1769.47,1583.78,2.17,193.00,248.00,1.06,19394376,2026-09-18T06:18:37Z
A,1gb,leaf_rand_K10,pread,128,4,0,0.00,100.00,1517.79,1142.67,204.51,938.15,,,2660.46,2455.94,2.25,191.00,247.00,1.06,19395816,2026-09-18T06:18:37Z
A,1gb,leaf_rand_K10,async,128,4,0,0.00,100.00,1556.01,271.82,196.10,75.72,,,1827.83,1631.73,2.19,191.00,247.00,1.06,19396652,2026-09-18T06:18:38Z
B,vacuum,layers_5,pread,128,4,0,0.00,100.00,904.27,774.62,185.62,589.00,,,1678.89,1493.27,2.07,147.00,212.00,1.05,19398580,2026-09-18T06:18:38Z
B,vacuum,layers_5,async,128,4,0,0.00,100.00,868.51,265.12,192.40,72.72,,,1133.63,941.23,2.15,148.00,209.00,1.05,19398180,2026-09-18T06:18:38Z
B,vacuum,layers_92,pread,128,4,0,0.00,100.00,514.75,7452.02,183.41,7268.61,,,7966.77,7783.36,2.03,144.00,226.00,1.05,19399524,2026-09-18T06:18:39Z
B,vacuum,layers_92,async,128,4,0,0.00,100.00,587.23,370.91,184.98,185.93,,,958.14,773.16,2.06,145.00,223.00,1.05,19399564,2026-09-18T06:18:39Z
B,vacuum,2d,pread,128,4,0,0.00,100.00,513.58,1369.77,183.84,1185.92,,,1883.35,1699.50,2.03,144.00,226.00,1.05,19401052,2026-09-18T06:18:39Z
B,vacuum,2d,async,128,4,0,0.00,100.00,523.77,262.41,184.52,77.90,,,786.18,601.67,2.07,145.00,223.00,1.05,19403452,2026-09-18T06:18:40Z
B,vacuum,2e_K10,pread,128,4,0,0.00,100.00,552.62,2217.53,184.40,2033.13,,,2770.15,2585.75,2.05,144.00,227.00,1.05,19404152,2026-09-18T06:18:40Z
B,vacuum,2e_K10,async,128,4,0,0.00,100.00,517.50,272.76,183.75,89.02,,,790.26,606.52,2.07,145.00,223.00,1.05,19387400,2026-09-18T06:18:40Z
B,vacuum,2e_K500,pread,128,4,0,0.00,100.00,184.11,14218.05,183.78,14034.26,,,14402.16,14218.37,1.77,52.00,291.00,1.05,19387492,2026-09-18T06:18:41Z
B,vacuum,2e_K500,async,128,4,0,0.00,100.00,184.70,1036.90,186.86,850.04,,,1221.60,1034.74,2.07,148.00,288.00,1.05,19389280,2026-09-18T06:18:41Z
B,vacuum,2f_slru,pread,128,4,0,0.00,100.00,95.30,14008.01,183.22,13824.79,,,14103.31,13920.09,1.58,0.00,214.00,1.05,19389044,2026-09-18T06:18:41Z
B,vacuum,2f_slru,async,128,4,0,0.00,100.00,103.27,5723.91,182.31,5541.60,,,5827.18,5644.87,1.62,0.00,214.00,1.05,19393448,2026-09-18T06:18:41Z
B,vacuum,leaf_freq_K10,pread,128,4,0,0.00,100.00,977.93,1102.97,183.75,919.23,,,2080.90,1897.16,2.04,147.00,209.00,1.05,19394920,2026-09-18T06:18:42Z
B,vacuum,leaf_freq_K10,async,128,4,0,0.00,100.00,986.21,261.55,185.40,76.15,,,1247.76,1062.36,2.04,147.00,210.00,1.05,19395712,2026-09-18T06:18:42Z
B,vacuum,leaf_rand_K10,pread,128,4,0,0.00,100.00,1059.67,1082.04,184.75,897.30,,,2141.71,1956.97,2.10,147.00,209.00,1.05,19396500,2026-09-18T06:18:42Z
B,vacuum,leaf_rand_K10,async,128,4,0,0.00,100.00,962.87,265.51,190.05,75.46,,,1228.38,1038.33,2.07,147.00,209.00,1.05,19396772,2026-09-18T06:18:43Z
B,ta,layers_5,pread,128,4,0,0.00,100.00,460.75,439.05,188.32,250.72,,,899.80,711.47,2.19,192.00,245.00,1.05,19396980,2026-09-18T06:18:43Z
B,ta,layers_5,async,128,4,0,0.00,100.00,741.05,253.17,183.63,69.54,,,994.22,810.59,2.18,192.00,244.00,1.05,19397632,2026-09-18T06:18:43Z
B,ta,layers_92,pread,128,4,0,0.00,100.00,490.90,1029.62,179.15,850.47,,,1520.52,1341.37,2.14,189.00,245.00,1.05,19396712,2026-09-18T06:18:44Z
B,ta,layers_92,async,128,4,0,0.00,100.00,484.88,366.41,184.07,182.34,,,851.29,667.22,2.22,191.00,244.00,1.05,19399208,2026-09-18T06:18:44Z
B,ta,2d,pread,128,4,0,0.00,100.00,432.85,1037.31,183.11,854.20,,,1470.16,1287.05,2.22,190.00,245.00,1.05,19399404,2026-09-18T06:18:44Z
B,ta,2d,async,128,4,0,0.00,66.00,463.78,307.28,187.39,119.89,,,771.06,583.67,2.19,191.00,244.00,1.05,19399560,2026-09-18T06:18:45Z
B,ta,2e_K10,pread,128,4,0,0.00,100.00,433.85,2513.95,186.91,2327.03,,,2947.80,2760.88,2.24,190.00,245.00,1.05,19399392,2026-09-18T06:18:45Z
B,ta,2e_K10,async,128,4,0,0.00,100.00,417.41,320.75,187.48,133.27,,,738.16,550.68,2.23,191.00,244.00,1.05,19401340,2026-09-18T06:18:45Z
B,ta,2e_K500,pread,128,4,0,0.00,100.00,181.19,22778.15,181.07,22597.08,,,22959.34,22778.27,1.86,83.00,312.00,1.05,19403368,2026-09-18T06:18:46Z
B,ta,2e_K500,async,128,4,0,0.00,35.10,1370.91,939.01,186.52,752.49,,,2309.92,2123.40,2.18,182.00,319.00,1.05,19404644,2026-09-18T06:18:46Z
B,ta,2f_slru,pread,128,4,0,0.00,100.00,99.23,17538.46,183.41,17355.06,,,17637.69,17454.29,1.58,0.00,279.00,1.05,19403804,2026-09-18T06:18:46Z
B,ta,2f_slru,async,128,4,0,0.00,100.00,98.19,7367.40,184.60,7182.80,,,7465.59,7280.99,1.64,0.00,279.00,1.05,19401848,2026-09-18T06:18:46Z
B,ta,leaf_freq_K10,pread,128,4,0,0.00,100.00,660.88,1112.53,185.09,927.44,,,1773.41,1588.32,2.17,192.00,246.00,1.05,19405568,2026-09-18T06:18:47Z
B,ta,leaf_freq_K10,async,128,4,0,0.00,100.00,601.78,261.57,184.76,76.81,,,863.35,678.59,2.19,192.00,246.00,1.05,19405580,2026-09-18T06:18:47Z
B,ta,leaf_rand_K10,pread,128,4,0,0.00,100.00,636.53,1262.95,238.50,1024.46,,,1899.48,1660.99,2.24,192.00,246.00,1.05,19426332,2026-09-18T06:18:47Z
B,ta,leaf_rand_K10,async,128,4,0,0.00,100.00,662.14,260.71,184.73,75.98,,,922.85,738.12,2.20,192.00,246.00,1.05,19426816,2026-09-18T06:18:48Z
B,1gb,layers_5,pread,128,4,0,0.00,100.00,1370.52,632.23,184.57,447.66,,,2002.75,1818.18,2.26,193.00,255.00,1.04,19425856,2026-09-18T06:18:48Z
B,1gb,layers_5,async,128,4,0,0.00,100.00,1292.80,296.78,194.59,102.19,,,1589.58,1394.99,2.29,194.00,254.00,1.04,19427836,2026-09-18T06:18:48Z
B,1gb,layers_92,pread,128,4,0,0.00,100.00,902.57,8257.02,184.67,8072.35,,,9159.59,8974.92,2.19,194.00,262.00,1.04,19427976,2026-09-18T06:18:49Z
B,1gb,layers_92,async,128,4,0,0.00,100.00,1006.26,403.05,184.06,218.99,,,1409.31,1225.25,2.23,195.00,260.00,1.04,19427656,2026-09-18T06:18:49Z
B,1gb,2d,pread,128,4,0,0.00,100.00,593.99,2029.22,189.07,1840.16,,,2623.21,2434.15,2.35,193.00,263.00,1.04,19427688,2026-09-18T06:18:50Z
B,1gb,2d,async,128,4,0,0.00,100.00,549.46,274.18,185.59,88.59,,,823.64,638.05,2.20,194.00,261.00,1.04,19428912,2026-09-18T06:18:50Z
B,1gb,2e_K10,pread,128,4,0,0.00,100.00,560.88,2924.50,190.43,2734.07,,,3485.38,3294.95,2.27,193.00,263.00,1.04,19428624,2026-09-18T06:18:50Z
B,1gb,2e_K10,async,128,4,0,0.00,100.00,597.23,295.37,186.90,108.46,,,892.60,705.69,2.19,194.00,261.00,1.04,19428684,2026-09-18T06:18:51Z
B,1gb,2e_K500,pread,128,4,0,0.00,100.00,184.40,19070.95,188.35,18882.60,,,19255.35,19067.00,2.13,174.00,382.00,1.04,19430168,2026-09-18T06:18:51Z
B,1gb,2e_K500,async,128,4,0,0.00,100.00,183.62,1085.28,188.16,897.12,,,1268.90,1080.74,2.18,183.00,323.00,1.04,19430284,2026-09-18T06:18:51Z
B,1gb,2f_slru,pread,128,4,0,0.00,100.00,103.45,19040.90,218.23,18822.67,,,19144.35,18926.12,1.66,0.00,280.00,1.04,19417324,2026-09-18T06:18:52Z
B,1gb,2f_slru,async,128,4,0,0.00,100.00,101.35,7469.00,187.07,7281.93,,,7570.35,7383.28,1.64,0.00,280.00,1.04,19417236,2026-09-18T06:18:52Z
B,1gb,leaf_freq_K10,pread,128,4,0,0.00,100.00,1443.64,1078.73,187.89,890.83,,,2522.37,2334.47,2.28,193.00,252.00,1.04,19417436,2026-09-18T06:18:52Z
B,1gb,leaf_freq_K10,async,128,4,0,0.00,100.00,1555.37,265.02,188.43,76.58,,,1820.39,1631.95,2.23,193.00,252.00,1.04,19418900,2026-09-18T06:18:53Z
B,1gb,leaf_rand_K10,pread,128,4,0,0.00,100.00,1489.44,1020.51,189.34,831.17,,,2509.95,2320.61,2.24,193.00,253.00,1.04,19405248,2026-09-18T06:18:53Z
B,1gb,leaf_rand_K10,async,128,4,0,0.00,100.00,1508.46,283.23,198.85,84.38,,,1791.69,1592.84,2.31,193.00,253.00,1.12,19404876,2026-09-18T06:18:53Z
C,vacuum,layers_5,pread,128,4,0,0.00,100.00,898.59,764.06,184.48,579.58,,,1662.65,1478.17,1.54,18.00,27.00,1.12,19405756,2026-09-18T06:18:53Z
C,vacuum,layers_5,async,128,4,0,0.00,100.00,901.19,256.76,186.65,70.11,,,1157.95,971.30,1.55,18.00,27.00,1.12,19407940,2026-09-18T06:18:54Z
C,vacuum,layers_92,pread,128,4,0,0.00,100.00,510.82,7334.53,183.81,7150.72,,,7845.35,7661.54,1.55,18.00,29.00,1.12,19407864,2026-09-18T06:18:54Z
C,vacuum,layers_92,async,128,4,0,0.00,100.00,504.28,377.08,186.68,190.40,,,881.36,694.68,1.56,18.00,29.00,1.12,19411180,2026-09-18T06:18:54Z
C,vacuum,2d,pread,128,4,0,0.00,100.00,482.13,605.18,185.79,419.39,,,1087.31,901.52,1.55,18.00,29.00,1.12,19410824,2026-09-18T06:18:55Z
C,vacuum,2d,async,128,4,0,0.00,100.00,535.79,254.12,183.63,70.48,,,789.91,606.27,1.54,18.00,29.00,1.12,19411152,2026-09-18T06:18:55Z
C,vacuum,2e_K10,pread,128,4,0,0.00,100.00,511.47,1464.89,192.99,1271.90,,,1976.36,1783.37,1.53,16.00,34.00,1.12,19410608,2026-09-18T06:18:55Z
C,vacuum,2e_K10,async,128,4,0,0.00,92.90,483.76,619.86,543.55,76.30,,,1103.62,560.06,1.53,17.00,33.00,1.12,19412936,2026-09-18T06:18:55Z
C,vacuum,2e_K500,pread,128,4,0,0.00,100.00,178.91,2387.26,185.82,2201.44,,,2566.17,2380.35,1.48,0.00,30.00,1.12,19413256,2026-09-18T06:18:56Z
C,vacuum,2e_K500,async,128,4,0,0.00,60.10,185.11,701.87,218.56,483.31,,,886.98,668.42,1.49,0.00,30.00,1.12,19413236,2026-09-18T06:18:56Z
C,vacuum,2f_slru,pread,128,4,0,0.00,100.00,94.63,2946.48,183.09,2763.39,,,3041.11,2858.02,1.48,0.00,30.00,1.12,19414560,2026-09-18T06:18:56Z
C,vacuum,2f_slru,async,128,4,0,0.00,100.00,97.60,799.64,200.77,598.88,,,897.24,696.48,1.48,0.00,30.00,1.12,19414212,2026-09-18T06:18:56Z
C,vacuum,leaf_freq_K10,pread,128,4,0,0.00,100.00,1184.62,730.77,183.81,546.97,,,1915.39,1731.59,1.55,16.00,32.00,1.12,19413168,2026-09-18T06:18:57Z
C,vacuum,leaf_freq_K10,async,128,4,0,0.00,100.00,1187.30,260.92,182.80,78.12,,,1448.22,1265.42,1.53,17.00,31.00,1.12,19401560,2026-09-18T06:18:57Z
C,vacuum,leaf_rand_K10,pread,128,4,0,0.00,100.00,955.32,1053.44,185.65,867.79,,,2008.76,1823.11,1.56,18.00,27.00,1.12,19404480,2026-09-18T06:18:57Z
C,vacuum,leaf_rand_K10,async,128,4,0,0.00,100.00,904.13,260.59,185.68,74.91,,,1164.72,979.04,1.59,18.00,27.00,1.12,19406580,2026-09-18T06:18:57Z
C,ta,layers_5,pread,128,4,0,0.00,100.00,869.10,441.54,194.81,246.73,,,1310.64,1115.83,1.60,20.00,30.00,1.12,19406512,2026-09-18T06:18:58Z
C,ta,layers_5,async,128,4,0,0.00,100.00,884.47,249.79,183.25,66.53,,,1134.26,951.00,1.59,20.00,30.00,1.12,19407616,2026-09-18T06:18:58Z
C,ta,layers_92,pread,128,4,0,0.00,100.00,487.86,1063.68,182.15,881.53,,,1551.54,1369.39,1.59,19.00,31.00,1.11,19408420,2026-09-18T06:18:58Z
C,ta,layers_92,async,128,4,0,0.00,100.00,473.27,362.85,186.83,176.02,,,836.12,649.29,1.60,19.00,31.00,1.11,19408236,2026-09-18T06:18:58Z
C,ta,2d,pread,128,4,0,0.00,100.00,473.57,1032.97,182.25,850.72,,,1506.54,1324.29,1.60,19.00,31.00,1.11,19408332,2026-09-18T06:18:59Z
C,ta,2d,async,128,4,0,0.00,64.60,471.08,304.19,184.78,119.42,,,775.27,590.50,1.59,19.00,31.00,1.11,19408664,2026-09-18T06:18:59Z
C,ta,2e_K10,pread,128,4,0,0.00,100.00,471.59,1565.25,184.07,1381.19,,,2036.84,1852.78,1.60,18.00,36.00,1.11,19409216,2026-09-18T06:18:59Z
C,ta,2e_K10,async,128,4,0,0.00,100.00,471.00,317.35,184.47,132.88,,,788.35,603.88,1.61,19.00,34.00,1.11,19409600,2026-09-18T06:18:59Z
C,ta,2e_K500,pread,128,4,0,0.00,100.00,181.91,3682.42,183.68,3498.75,,,3864.33,3680.66,1.56,0.00,38.00,1.11,19409392,2026-09-18T06:19:00Z
C,ta,2e_K500,async,128,4,0,0.00,100.00,179.17,799.10,185.82,613.28,,,978.27,792.45,1.54,0.00,38.00,1.11,19410532,2026-09-18T06:19:00Z
C,ta,2f_slru,pread,128,4,0,0.00,100.00,91.72,3572.29,184.40,3387.89,,,3664.01,3479.61,1.54,0.00,38.00,1.11,19411196,2026-09-18T06:19:00Z
C,ta,2f_slru,async,128,4,0,0.00,100.00,94.88,1068.23,182.40,885.83,,,1163.11,980.71,1.53,0.00,38.00,1.11,19411420,2026-09-18T06:19:01Z
C,ta,leaf_freq_K10,pread,128,4,0,0.00,100.00,1143.81,873.24,184.74,688.50,,,2017.05,1832.31,1.61,19.00,35.00,1.11,19410620,2026-09-18T06:19:01Z
C,ta,leaf_freq_K10,async,128,4,0,0.00,100.00,1196.19,259.46,185.67,73.79,,,1455.65,1269.98,1.61,20.00,33.00,1.11,19411044,2026-09-18T06:19:01Z
C,ta,leaf_rand_K10,pread,128,4,0,0.00,100.00,885.75,1018.55,183.69,834.87,,,1904.30,1720.62,1.60,20.00,30.00,1.11,19410584,2026-09-18T06:19:01Z
C,ta,leaf_rand_K10,async,128,4,0,0.00,100.00,897.34,253.76,178.65,75.11,,,1151.10,972.45,1.61,20.00,30.00,1.11,19411288,2026-09-18T06:19:02Z
C,1gb,layers_5,pread,128,4,0,0.00,100.00,1149.71,685.89,184.36,501.53,,,1835.60,1651.24,1.71,40.00,54.00,1.11,19412424,2026-09-18T06:19:02Z
C,1gb,layers_5,async,128,4,0,0.00,100.00,1215.14,257.10,184.15,72.96,,,1472.24,1288.10,1.72,40.00,54.00,1.11,19391240,2026-09-18T06:19:02Z
C,1gb,layers_92,pread,128,4,0,0.00,100.00,1011.06,10737.94,187.23,10550.70,,,11749.00,11561.76,1.72,40.00,56.00,1.11,19390748,2026-09-18T06:19:02Z
C,1gb,layers_92,async,128,4,0,0.00,100.00,951.65,391.51,184.83,206.68,,,1343.16,1158.33,1.71,40.00,56.00,1.11,19392016,2026-09-18T06:19:03Z
C,1gb,2d,pread,128,4,0,0.00,100.00,591.33,890.20,185.37,704.84,,,1481.53,1296.17,1.69,39.00,57.00,1.10,19392460,2026-09-18T06:19:03Z
C,1gb,2d,async,128,4,0,0.00,100.00,657.59,261.07,186.79,74.28,,,918.66,731.87,1.70,39.00,57.00,1.10,19392612,2026-09-18T06:19:03Z
C,1gb,2e_K10,pread,128,4,0,0.00,100.00,176.69,1692.34,183.00,1509.34,,,1869.03,1686.03,1.68,37.00,67.00,1.10,19393048,2026-09-18T06:19:04Z
C,1gb,2e_K10,async,128,4,0,0.00,100.00,179.35,279.50,191.76,87.73,,,458.85,267.08,1.68,37.00,67.00,1.10,19393196,2026-09-18T06:19:04Z
C,1gb,2e_K500,pread,128,4,0,0.00,100.00,181.52,4235.91,185.64,4050.27,,,4417.43,4231.79,1.57,1.00,66.00,1.10,19394756,2026-09-18T06:19:04Z
C,1gb,2e_K500,async,128,4,0,0.00,100.00,184.10,942.55,190.01,752.54,,,1126.65,936.64,1.67,36.00,94.00,1.10,19394544,2026-09-18T06:19:04Z
C,1gb,2f_slru,pread,128,4,0,0.00,100.00,95.75,5240.27,186.46,5053.81,,,5336.02,5149.56,1.55,0.00,64.00,1.10,19396068,2026-09-18T06:19:05Z
C,1gb,2f_slru,async,128,4,0,0.00,100.00,106.87,1826.83,183.89,1642.94,,,1933.70,1749.81,1.59,0.00,64.00,1.10,19396700,2026-09-18T06:19:05Z
C,1gb,leaf_freq_K10,pread,128,4,0,0.00,100.00,885.95,1063.68,191.16,872.52,,,1949.63,1758.47,1.69,39.00,62.00,1.10,19397300,2026-09-18T06:19:05Z
C,1gb,leaf_freq_K10,async,128,4,0,0.00,100.00,934.71,260.78,185.98,74.80,,,1195.49,1009.51,1.69,39.00,62.00,1.10,19397556,2026-09-18T06:19:06Z
C,1gb,leaf_rand_K10,pread,128,4,0,0.00,100.00,1374.28,1072.80,185.30,887.50,,,2447.08,2261.78,1.73,40.00,54.00,1.10,19397600,2026-09-18T06:19:06Z
C,1gb,leaf_rand_K10,async,128,4,0,0.00,100.00,1300.38,258.51,183.81,74.69,,,1558.89,1375.07,1.68,40.00,54.00,1.10,19399156,2026-09-18T06:19:06Z
A,vacuum,baseline,baseline,128,5,0,0.00,0.00,846.49,0.00,0.00,0.00,,,846.49,846.49,2.06,149.00,213.00,1.10,19399624,2026-09-18T06:19:07Z
A,ta,baseline,baseline,128,5,0,0.00,0.00,1065.58,0.00,0.00,0.00,,,1065.58,1065.58,2.14,188.00,247.00,1.10,19398984,2026-09-18T06:19:07Z
A,1gb,baseline,baseline,128,5,0,0.00,0.00,1392.49,0.00,0.00,0.00,,,1392.49,1392.49,2.17,191.00,248.00,1.10,19398340,2026-09-18T06:19:07Z
B,vacuum,baseline,baseline,128,5,0,0.00,0.00,1000.30,0.00,0.00,0.00,,,1000.30,1000.30,2.12,147.00,209.00,1.10,19404188,2026-09-18T06:19:08Z
B,ta,baseline,baseline,128,5,0,0.00,0.00,581.94,0.00,0.00,0.00,,,581.94,581.94,2.20,192.00,246.00,1.10,19416940,2026-09-18T06:19:08Z
B,1gb,baseline,baseline,128,5,0,0.00,0.00,1365.46,0.00,0.00,0.00,,,1365.46,1365.46,2.20,193.00,253.00,1.09,19417172,2026-09-18T06:19:08Z
C,vacuum,baseline,baseline,128,5,0,0.00,0.00,980.55,0.00,0.00,0.00,,,980.55,980.55,1.55,18.00,27.00,1.09,19418776,2026-09-18T06:19:08Z
C,ta,baseline,baseline,128,5,0,0.00,0.00,906.97,0.00,0.00,0.00,,,906.97,906.97,1.60,20.00,30.00,1.09,19419688,2026-09-18T06:19:09Z
C,1gb,baseline,baseline,128,5,0,0.00,0.00,1310.58,0.00,0.00,0.00,,,1310.58,1310.58,1.69,40.00,55.00,1.09,19418948,2026-09-18T06:19:09Z
A,vacuum,layers_5,pread,128,5,0,0.00,100.00,870.19,812.39,224.73,587.65,,,1682.58,1457.84,2.05,150.00,212.00,1.09,19420764,2026-09-18T06:19:09Z
A,vacuum,layers_5,async,128,5,0,0.00,100.00,838.17,293.64,224.57,69.07,,,1131.81,907.24,2.03,150.00,210.00,1.09,19421140,2026-09-18T06:19:10Z
A,vacuum,layers_92,pread,128,5,0,0.00,100.00,549.22,7895.86,224.96,7670.90,,,8445.08,8220.12,2.04,150.00,219.00,1.09,19423476,2026-09-18T06:19:10Z
A,vacuum,layers_92,async,128,5,0,0.00,100.00,499.01,410.51,225.45,185.06,,,909.52,684.07,1.98,150.00,217.00,1.09,19423996,2026-09-18T06:19:10Z
A,vacuum,2d,pread,128,5,0,0.00,100.00,533.93,1431.74,227.84,1203.90,,,1965.67,1737.83,2.06,150.00,219.00,1.09,19423928,2026-09-18T06:19:11Z
A,vacuum,2d,async,128,5,0,0.00,100.00,538.33,304.28,224.13,80.15,,,842.61,618.48,1.99,150.00,217.00,1.09,19424796,2026-09-18T06:19:11Z
A,vacuum,2e_K10,pread,128,5,0,0.00,100.00,468.18,2188.82,225.35,1963.46,,,2657.00,2431.64,2.00,149.00,226.00,1.09,19424720,2026-09-18T06:19:11Z
A,vacuum,2e_K10,async,128,5,0,0.00,100.00,568.45,316.93,225.37,91.55,,,885.38,660.00,2.05,149.00,225.00,1.09,19423868,2026-09-18T06:19:11Z
A,vacuum,2e_K500,pread,128,5,0,0.00,100.00,565.67,13744.62,225.58,13519.03,,,14310.29,14084.70,1.90,123.00,415.00,1.09,19424684,2026-09-18T06:19:12Z
A,vacuum,2e_K500,async,128,5,0,0.00,100.00,496.39,1115.16,226.91,888.25,,,1611.55,1384.64,1.97,151.00,318.00,1.09,19424636,2026-09-18T06:19:12Z
A,vacuum,2f_slru,pread,128,5,0,0.00,100.00,95.80,13880.78,223.62,13657.16,,,13976.58,13752.96,1.54,0.00,214.00,1.09,19425260,2026-09-18T06:19:12Z
A,vacuum,2f_slru,async,128,5,0,0.00,100.00,94.59,5745.34,222.65,5522.69,,,5839.93,5617.28,1.57,0.00,214.00,1.09,19426152,2026-09-18T06:19:13Z
A,vacuum,leaf_freq_K10,pread,128,5,0,0.00,100.00,992.77,1121.45,226.34,895.11,,,2114.22,1887.88,2.02,149.00,217.00,1.08,19426392,2026-09-18T06:19:13Z
A,vacuum,leaf_freq_K10,async,128,5,0,0.00,100.00,1018.10,302.97,226.51,76.46,,,1321.07,1094.56,2.07,149.00,217.00,1.08,19400756,2026-09-18T06:19:13Z
A,vacuum,leaf_rand_K10,pread,128,5,0,0.00,100.00,976.85,1150.17,230.05,920.12,,,2127.02,1896.97,2.07,149.00,215.00,1.08,19404944,2026-09-18T06:19:14Z
A,vacuum,leaf_rand_K10,async,128,5,0,0.00,100.00,910.55,302.03,225.72,76.30,,,1212.58,986.85,2.06,149.00,215.00,1.08,19404744,2026-09-18T06:19:14Z
A,ta,layers_5,pread,128,5,0,0.00,100.00,907.11,473.93,224.22,249.71,,,1381.04,1156.82,2.18,188.00,247.00,1.08,19404500,2026-09-18T06:19:14Z
A,ta,layers_5,async,128,5,0,0.00,100.00,1647.70,296.39,226.12,70.26,,,1944.09,1717.96,2.18,188.00,246.00,1.08,19404368,2026-09-18T06:19:15Z
A,ta,layers_92,pread,128,5,0,0.00,100.00,576.08,1020.79,225.44,795.35,,,1596.87,1371.43,2.14,184.00,248.00,1.08,19404908,2026-09-18T06:19:15Z
A,ta,layers_92,async,128,5,0,0.00,100.00,553.90,402.84,225.32,177.51,,,956.74,731.41,2.10,187.00,246.00,1.08,19406144,2026-09-18T06:19:15Z
A,ta,2d,pread,128,5,0,0.00,100.00,566.37,1061.49,224.09,837.40,,,1627.86,1403.77,2.16,187.00,247.00,1.08,19404448,2026-09-18T06:19:16Z
A,ta,2d,async,128,5,0,0.00,85.30,567.60,333.73,227.72,106.01,,,901.33,673.61,2.15,187.00,246.00,1.08,19405740,2026-09-18T06:19:16Z
A,ta,2e_K10,pread,128,5,0,0.00,100.00,1146.34,2217.54,223.59,1993.95,,,3363.88,3140.29,2.18,190.00,248.00,1.08,19407768,2026-09-18T06:19:16Z
A,ta,2e_K10,async,128,5,0,0.00,75.00,575.05,349.14,225.48,123.65,,,924.19,698.70,2.16,190.00,247.00,1.08,19408428,2026-09-18T06:19:16Z
A,ta,2e_K500,pread,128,5,0,0.00,100.00,557.96,17582.32,183.91,17398.42,,,18140.28,17956.38,2.06,169.00,441.00,1.08,19409348,2026-09-18T06:19:17Z
A,ta,2e_K500,async,128,5,0,0.00,34.10,776.18,959.52,195.99,763.53,,,1735.70,1539.71,2.18,181.00,377.00,1.08,19410812,2026-09-18T06:19:17Z
A,ta,2f_slru,pread,128,5,0,0.00,100.00,96.98,18310.31,186.81,18123.50,,,18407.29,18220.48,1.56,0.00,279.00,1.08,19411020,2026-09-18T06:19:17Z
A,ta,2f_slru,async,128,5,0,0.00,100.00,99.85,7386.88,193.64,7193.23,,,7486.73,7293.08,1.56,0.00,279.00,1.08,19408596,2026-09-18T06:19:18Z
A,ta,leaf_freq_K10,pread,128,5,0,0.00,100.00,910.82,1111.44,183.66,927.78,,,2022.26,1838.60,2.16,191.00,248.00,1.08,19411984,2026-09-18T06:19:18Z
A,ta,leaf_freq_K10,async,128,5,0,0.00,100.00,1057.73,264.37,185.67,78.70,,,1322.10,1136.43,2.19,191.00,248.00,1.08,19401640,2026-09-18T06:19:18Z
A,ta,leaf_rand_K10,pread,128,5,0,0.00,100.00,986.40,1091.96,194.03,897.94,,,2078.36,1884.34,2.22,188.00,247.00,1.08,19401680,2026-09-18T06:19:19Z
A,ta,leaf_rand_K10,async,128,5,0,0.00,100.00,981.62,259.30,183.81,75.49,,,1240.92,1057.11,2.13,188.00,247.00,1.08,19402776,2026-09-18T06:19:19Z
A,1gb,layers_5,pread,128,5,0,0.00,100.00,1407.52,696.48,186.78,509.70,,,2104.00,1917.22,2.19,191.00,246.00,1.08,19403036,2026-09-18T06:19:19Z
A,1gb,layers_5,async,128,5,0,0.00,100.00,1415.27,257.71,185.19,72.53,,,1672.98,1487.80,2.17,191.00,246.00,1.08,19403740,2026-09-18T06:19:20Z
A,1gb,layers_92,pread,128,5,0,0.00,100.00,861.81,8267.12,183.69,8083.44,,,9128.93,8945.25,2.11,188.00,258.00,1.08,19404884,2026-09-18T06:19:20Z
A,1gb,layers_92,async,128,5,0,0.00,100.00,841.70,411.52,185.69,225.84,,,1253.22,1067.54,2.16,188.00,257.00,1.08,19405656,2026-09-18T06:19:20Z
A,1gb,2d,pread,128,5,0,0.00,100.00,546.92,2182.81,199.75,1983.06,,,2729.73,2529.98,2.31,187.00,259.00,1.08,19405188,2026-09-18T06:19:21Z
A,1gb,2d,async,128,5,0,0.00,100.00,541.90,280.51,192.43,88.08,,,822.41,629.98,2.15,187.00,258.00,1.08,19406096,2026-09-18T06:19:21Z
A,1gb,2e_K10,pread,128,5,0,0.00,100.00,1627.57,2960.49,190.54,2769.95,,,4588.06,4397.52,2.19,190.00,261.00,1.08,19407072,2026-09-18T06:19:21Z
A,1gb,2e_K10,async,128,5,0,0.00,100.00,564.22,296.33,185.78,110.55,,,860.55,674.77,2.17,190.00,260.00,1.08,19407444,2026-09-18T06:19:22Z
A,1gb,2e_K500,pread,128,5,0,0.00,100.00,660.87,22965.44,196.32,22769.12,,,23626.31,23429.99,2.06,164.00,429.00,1.08,19410820,2026-09-18T06:19:22Z
A,1gb,2e_K500,async,128,5,0,0.00,100.00,636.55,1082.97,186.45,896.52,,,1719.52,1533.07,2.10,181.00,383.00,1.08,19412004,2026-09-18T06:19:22Z
A,1gb,2f_slru,pread,128,5,0,0.00,100.00,100.70,18648.63,181.17,18467.46,,,18749.33,18568.16,1.56,0.00,280.00,1.08,19412484,2026-09-18T06:19:23Z
A,1gb,2f_slru,async,128,5,0,0.00,100.00,99.54,7401.80,184.49,7217.32,,,7501.34,7316.86,1.57,0.00,280.00,1.07,19410372,2026-09-18T06:19:23Z
A,1gb,leaf_freq_K10,pread,128,5,0,0.00,100.00,1667.37,1117.13,188.91,928.22,,,2784.50,2595.59,2.18,193.00,248.00,1.07,19413160,2026-09-18T06:19:23Z
A,1gb,leaf_freq_K10,async,128,5,0,0.00,100.00,1465.79,261.32,186.27,75.05,,,1727.11,1540.84,2.17,193.00,248.00,1.07,19392332,2026-09-18T06:19:24Z
A,1gb,leaf_rand_K10,pread,128,5,0,0.00,100.00,1300.17,1104.31,184.32,919.99,,,2404.48,2220.16,2.15,191.00,247.00,1.07,19397244,2026-09-18T06:19:24Z
A,1gb,leaf_rand_K10,async,128,5,0,0.00,100.00,3008.48,261.62,184.67,76.95,,,3270.10,3085.43,2.22,191.00,247.00,1.07,19400496,2026-09-18T06:19:24Z
B,vacuum,layers_5,pread,128,5,0,0.00,100.00,898.40,767.79,183.41,584.39,,,1666.19,1482.79,2.07,147.00,212.00,1.07,19402264,2026-09-18T06:19:25Z
B,vacuum,layers_5,async,128,5,0,0.00,100.00,868.99,256.54,186.75,69.79,,,1125.53,938.78,2.03,148.00,209.00,1.07,19402092,2026-09-18T06:19:25Z
B,vacuum,layers_92,pread,128,5,0,0.00,100.00,584.69,7740.91,186.13,7554.78,,,8325.60,8139.47,2.04,144.00,226.00,1.07,19404944,2026-09-18T06:19:25Z
B,vacuum,layers_92,async,128,5,0,0.00,100.00,584.99,377.79,186.59,191.20,,,962.78,776.19,2.04,145.00,223.00,1.07,19405296,2026-09-18T06:19:26Z
B,vacuum,2d,pread,128,5,0,0.00,100.00,534.04,1375.04,196.30,1178.74,,,1909.08,1712.78,2.15,144.00,226.00,1.07,19404672,2026-09-18T06:19:26Z
B,vacuum,2d,async,128,5,0,0.00,100.00,553.06,265.17,182.22,82.95,,,818.23,636.01,2.07,145.00,223.00,1.07,19405516,2026-09-18T06:19:26Z
B,vacuum,2e_K10,pread,128,5,0,0.00,100.00,551.83,2215.41,185.19,2030.23,,,2767.24,2582.06,2.05,144.00,227.00,1.07,19406048,2026-09-18T06:19:26Z
B,vacuum,2e_K10,async,128,5,0,0.00,100.00,587.72,281.18,185.15,96.03,,,868.90,683.75,2.06,145.00,224.00,1.07,19407944,2026-09-18T06:19:27Z
B,vacuum,2e_K500,pread,128,5,0,0.00,100.00,185.06,13764.73,187.44,13577.28,,,13949.79,13762.34,1.73,52.00,289.00,1.07,19408400,2026-09-18T06:19:27Z
B,vacuum,2e_K500,async,128,5,0,0.00,100.00,181.39,1076.58,184.51,892.08,,,1257.97,1073.47,2.06,148.00,283.00,1.07,19409788,2026-09-18T06:19:27Z
B,vacuum,2f_slru,pread,128,5,0,0.00,100.00,96.11,14139.78,183.43,13956.36,,,14235.89,14052.47,1.58,0.00,214.00,1.07,19411860,2026-09-18T06:19:28Z
B,vacuum,2f_slru,async,128,5,0,0.00,100.00,99.95,5683.53,181.69,5501.84,,,5783.48,5601.79,1.61,0.00,214.00,1.07,19412844,2026-09-18T06:19:28Z
B,vacuum,leaf_freq_K10,pread,128,5,0,0.00,100.00,979.10,1141.26,184.71,956.55,,,2120.36,1935.65,2.03,147.00,209.00,1.07,19424940,2026-09-18T06:19:28Z
B,vacuum,leaf_freq_K10,async,128,5,0,0.00,100.00,963.62,261.84,186.12,75.72,,,1225.46,1039.34,2.05,147.00,209.00,1.07,19424212,2026-09-18T06:19:29Z
B,vacuum,leaf_rand_K10,pread,128,5,0,0.00,100.00,984.24,1080.14,191.52,888.62,,,2064.38,1872.86,2.15,147.00,209.00,1.07,19424660,2026-09-18T06:19:29Z
B,vacuum,leaf_rand_K10,async,128,5,0,0.00,100.00,927.09,261.29,186.41,74.88,,,1188.38,1001.97,2.07,147.00,209.00,1.07,19426060,2026-09-18T06:19:29Z
B,ta,layers_5,pread,128,5,0,0.00,100.00,413.38,432.06,182.42,249.64,,,845.44,663.02,2.18,192.00,245.00,1.07,19407000,2026-09-18T06:19:30Z
B,ta,layers_5,async,128,5,0,0.00,100.00,859.52,253.71,184.62,69.09,,,1113.23,928.61,2.20,192.00,244.00,1.07,19410840,2026-09-18T06:19:30Z
B,ta,layers_92,pread,128,5,0,0.00,100.00,488.51,983.73,192.05,791.68,,,1472.24,1280.19,2.18,189.00,245.00,1.07,19410880,2026-09-18T06:19:30Z
B,ta,layers_92,async,128,5,0,0.00,100.00,475.82,374.48,193.45,181.03,,,850.30,656.85,2.20,191.00,244.00,1.07,19412604,2026-09-18T06:19:31Z
B,ta,2d,pread,128,5,0,0.00,100.00,458.81,1038.82,184.72,854.11,,,1497.63,1312.92,2.21,190.00,245.00,1.07,19412840,2026-09-18T06:19:31Z
B,ta,2d,async,128,5,0,0.00,66.00,485.09,331.33,184.93,146.41,,,816.42,631.50,2.19,191.00,244.00,1.07,19416556,2026-09-18T06:19:31Z
B,ta,2e_K10,pread,128,5,0,0.00,100.00,426.79,2496.76,184.54,2312.23,,,2923.55,2739.02,2.19,190.00,245.00,1.07,19417224,2026-09-18T06:19:32Z
B,ta,2e_K10,async,128,5,0,0.00,71.90,461.75,312.29,181.88,130.41,,,774.04,592.16,2.20,191.00,244.00,1.07,19417428,2026-09-18T06:19:32Z
B,ta,2e_K500,pread,128,5,0,0.00,100.00,185.16,17767.33,194.12,17573.21,,,17952.49,17758.37,1.82,83.00,310.00,1.07,19419268,2026-09-18T06:19:32Z
B,ta,2e_K500,async,128,5,0,0.00,31.80,213.19,926.19,187.47,738.72,,,1139.38,951.91,2.23,182.00,316.00,1.07,19419952,2026-09-18T06:19:32Z
B,ta,2f_slru,pread,128,5,0,0.00,100.00,96.38,17874.97,189.00,17685.98,,,17971.35,17782.36,1.60,0.00,279.00,1.07,19420824,2026-09-18T06:19:33Z
B,ta,2f_slru,async,128,5,0,0.00,100.00,97.87,7349.15,186.35,7162.80,,,7447.02,7260.67,1.63,0.00,279.00,1.06,19418140,2026-09-18T06:19:33Z
B,ta,leaf_freq_K10,pread,128,5,0,0.00,100.00,666.00,1124.58,194.22,930.36,,,1790.58,1596.36,2.20,192.00,246.00,1.06,19422676,2026-09-18T06:19:33Z
B,ta,leaf_freq_K10,async,128,5,0,0.00,100.00,625.36,257.24,182.39,74.85,,,882.60,700.21,2.17,192.00,246.00,1.06,19406128,2026-09-18T06:19:34Z
B,ta,leaf_rand_K10,pread,128,5,0,0.00,100.00,635.21,4455.64,1271.17,3184.47,,,5090.85,3819.68,2.19,192.00,246.00,1.06,19406468,2026-09-18T06:19:34Z
B,ta,leaf_rand_K10,async,128,5,0,0.00,100.00,663.00,258.64,186.54,72.09,,,921.64,735.09,2.19,192.00,246.00,1.06,19407080,2026-09-18T06:19:34Z
B,1gb,layers_5,pread,128,5,0,0.00,100.00,1278.81,573.00,184.85,388.15,,,1851.81,1666.96,2.19,193.00,255.00,1.06,19406004,2026-09-18T06:19:35Z
B,1gb,layers_5,async,128,5,0,0.00,100.00,1341.23,261.60,186.35,75.25,,,1602.83,1416.48,2.28,194.00,254.00,1.06,19405240,2026-09-18T06:19:35Z
B,1gb,layers_92,pread,128,5,0,0.00,100.00,974.87,8064.66,186.22,7878.44,,,9039.53,8853.31,2.22,194.00,262.00,1.06,19392788,2026-09-18T06:19:35Z
B,1gb,layers_92,async,128,5,0,0.00,100.00,876.95,386.59,185.64,200.95,,,1263.54,1077.90,2.21,195.00,260.00,1.06,19403116,2026-09-18T06:19:36Z
B,1gb,2d,pread,128,5,0,0.00,100.00,603.28,2798.40,371.15,2427.25,,,3401.68,3030.53,2.19,193.00,263.00,1.06,19403276,2026-09-18T06:19:36Z
B,1gb,2d,async,128,5,0,0.00,100.00,638.92,283.62,193.27,90.35,,,922.54,729.27,2.22,194.00,261.00,1.06,19400860,2026-09-18T06:19:36Z
B,1gb,2e_K10,pread,128,5,0,0.00,100.00,596.81,2744.86,185.18,2559.68,,,3341.67,3156.49,2.21,193.00,263.00,1.06,19401452,2026-09-18T06:19:37Z
B,1gb,2e_K10,async,128,5,0,0.00,100.00,557.56,296.93,188.36,108.56,,,854.49,666.12,2.26,194.00,261.00,1.06,19402144,2026-09-18T06:19:37Z
B,1gb,2e_K500,pread,128,5,0,0.00,100.00,183.83,19233.91,228.42,19005.49,,,19417.74,19189.32,2.13,174.00,381.00,1.06,19402756,2026-09-18T06:19:37Z
B,1gb,2e_K500,async,128,5,0,0.00,100.00,183.69,1135.60,226.29,909.30,,,1319.29,1092.99,2.16,183.00,324.00,1.06,19403764,2026-09-18T06:19:38Z
B,1gb,2f_slru,pread,128,5,0,0.00,100.00,99.98,18138.98,225.95,17913.03,,,18238.96,18013.01,1.58,0.00,280.00,1.06,19403744,2026-09-18T06:19:38Z
B,1gb,2f_slru,async,128,5,0,0.00,100.00,99.31,7475.64,224.91,7250.73,,,7574.95,7350.04,1.62,0.00,280.00,1.06,19402592,2026-09-18T06:19:38Z
B,1gb,leaf_freq_K10,pread,128,5,0,0.00,100.00,1338.94,1034.06,227.38,806.69,,,2373.00,2145.63,2.20,193.00,252.00,1.06,19404992,2026-09-18T06:19:39Z
B,1gb,leaf_freq_K10,async,128,5,0,0.00,100.00,1460.51,300.21,220.47,79.74,,,1760.72,1540.25,2.29,193.00,252.00,1.06,19404924,2026-09-18T06:19:39Z
B,1gb,leaf_rand_K10,pread,128,5,0,0.00,100.00,1517.30,1117.45,226.86,890.59,,,2634.75,2407.89,2.20,193.00,253.00,1.06,19406136,2026-09-18T06:19:39Z
B,1gb,leaf_rand_K10,async,128,5,0,0.00,100.00,1551.70,309.09,233.38,75.71,,,1860.79,1627.41,2.22,193.00,253.00,1.06,19406540,2026-09-18T06:19:40Z
C,vacuum,layers_5,pread,128,5,0,0.00,100.00,883.01,831.21,235.49,595.72,,,1714.22,1478.73,1.53,18.00,27.00,1.06,19406656,2026-09-18T06:19:40Z
C,vacuum,layers_5,async,128,5,0,0.00,100.00,913.04,296.82,227.35,69.47,,,1209.86,982.51,1.54,18.00,27.00,1.06,19408364,2026-09-18T06:19:40Z
C,vacuum,layers_92,pread,128,5,0,0.00,100.00,504.73,11393.07,999.41,10393.66,,,11897.80,10898.39,1.54,18.00,29.00,1.06,19407232,2026-09-18T06:19:41Z
C,vacuum,layers_92,async,128,5,0,0.00,100.00,505.44,397.24,216.92,180.32,,,902.68,685.76,1.53,18.00,29.00,1.06,19406016,2026-09-18T06:19:41Z
C,vacuum,2d,pread,128,5,0,0.00,100.00,476.61,648.38,228.69,419.69,,,1124.99,896.30,1.54,18.00,29.00,1.06,19405764,2026-09-18T06:19:41Z
C,vacuum,2d,async,128,5,0,0.00,100.00,480.59,295.58,227.70,67.88,,,776.17,548.47,1.54,18.00,29.00,1.06,19407376,2026-09-18T06:19:41Z
C,vacuum,2e_K10,pread,128,5,0,0.00,100.00,475.15,1437.90,228.40,1209.50,,,1913.05,1684.65,1.53,16.00,34.00,1.06,19408544,2026-09-18T06:19:42Z
C,vacuum,2e_K10,async,128,5,0,0.00,100.00,523.97,305.06,226.38,78.69,,,829.03,602.66,1.55,17.00,33.00,1.06,19409324,2026-09-18T06:19:42Z
C,vacuum,2e_K500,pread,128,5,0,0.00,100.00,181.16,2381.07,226.47,2154.59,,,2562.23,2335.75,1.50,0.00,30.00,1.06,19409080,2026-09-18T06:19:42Z
C,vacuum,2e_K500,async,128,5,0,0.00,59.20,183.41,695.20,225.15,470.04,,,878.61,653.45,1.49,0.00,30.00,1.06,19408284,2026-09-18T06:19:42Z
C,vacuum,2f_slru,pread,128,5,0,0.00,100.00,94.63,3225.47,227.45,2998.03,,,3320.10,3092.66,1.48,0.00,30.00,1.06,19409392,2026-09-18T06:19:43Z
C,vacuum,2f_slru,async,128,5,0,0.00,100.00,97.15,806.90,231.41,575.49,,,904.05,672.64,1.48,0.00,30.00,1.06,19409232,2026-09-18T06:19:43Z
C,vacuum,leaf_freq_K10,pread,128,5,0,0.00,100.00,1145.90,811.74,228.81,582.93,,,1957.64,1728.83,1.53,16.00,32.00,1.05,19409392,2026-09-18T06:19:43Z
C,vacuum,leaf_freq_K10,async,128,5,0,0.00,100.00,1114.33,305.56,227.40,78.17,,,1419.89,1192.50,1.56,17.00,31.00,1.05,19410736,2026-09-18T06:19:43Z
C,vacuum,leaf_rand_K10,pread,128,5,0,0.00,100.00,996.32,1066.62,227.18,839.44,,,2062.94,1835.76,1.53,18.00,27.00,1.05,19411196,2026-09-18T06:19:44Z
C,vacuum,leaf_rand_K10,async,128,5,0,0.00,100.00,983.53,300.70,226.04,74.65,,,1284.23,1058.18,1.54,18.00,27.00,1.05,19412264,2026-09-18T06:19:44Z
C,ta,layers_5,pread,128,5,0,0.00,100.00,801.37,472.49,223.70,248.79,,,1273.86,1050.16,1.58,20.00,30.00,1.05,19410136,2026-09-18T06:19:44Z
C,ta,layers_5,async,128,5,0,0.00,100.00,867.74,298.00,228.89,69.11,,,1165.74,936.85,1.58,20.00,30.00,1.05,19409576,2026-09-18T06:19:44Z
C,ta,layers_92,pread,128,5,0,0.00,100.00,476.78,1078.95,226.43,852.52,,,1555.73,1329.30,1.63,19.00,31.00,1.05,19410004,2026-09-18T06:19:45Z
C,ta,layers_92,async,128,5,0,0.00,100.00,462.97,393.23,225.08,168.15,,,856.20,631.12,1.60,19.00,31.00,1.05,19412096,2026-09-18T06:19:45Z
C,ta,2d,pread,128,5,0,0.00,100.00,450.19,1026.42,225.97,800.45,,,1476.61,1250.64,1.59,19.00,31.00,1.05,19414232,2026-09-18T06:19:45Z
C,ta,2d,async,128,5,0,0.00,64.60,481.61,340.51,223.63,116.88,,,822.12,598.49,1.59,19.00,31.00,1.05,19413712,2026-09-18T06:19:45Z
C,ta,2e_K10,pread,128,5,0,0.00,100.00,472.69,1615.13,224.46,1390.66,,,2087.82,1863.35,1.59,18.00,36.00,1.05,19414500,2026-09-18T06:19:46Z
C,ta,2e_K10,async,128,5,0,0.00,100.00,398.65,355.40,225.00,130.40,,,754.05,529.05,1.60,19.00,34.00,1.05,19392060,2026-09-18T06:19:46Z
C,ta,2e_K500,pread,128,5,0,0.00,100.00,182.42,3565.48,228.21,3337.27,,,3747.90,3519.69,1.55,0.00,38.00,1.05,19394716,2026-09-18T06:19:46Z
C,ta,2e_K500,async,128,5,0,0.00,100.00,184.93,845.64,227.73,617.91,,,1030.57,802.84,1.57,0.00,38.00,1.05,19395628,2026-09-18T06:19:47Z
C,ta,2f_slru,pread,128,5,0,0.00,100.00,95.71,3382.69,227.56,3155.13,,,3478.40,3250.84,1.57,0.00,38.00,1.05,19396952,2026-09-18T06:19:47Z
C,ta,2f_slru,async,128,5,0,0.00,100.00,96.20,1071.97,227.82,844.16,,,1168.17,940.36,1.52,0.00,38.00,1.05,19398464,2026-09-18T06:19:47Z
C,ta,leaf_freq_K10,pread,128,5,0,0.00,100.00,1223.45,845.45,227.48,617.97,,,2068.90,1841.42,1.59,19.00,35.00,1.05,19398300,2026-09-18T06:19:47Z
C,ta,leaf_freq_K10,async,128,5,0,0.00,100.00,1260.74,303.65,228.84,74.81,,,1564.39,1335.55,1.60,20.00,33.00,1.05,19398104,2026-09-18T06:19:48Z
C,ta,leaf_rand_K10,pread,128,5,0,0.00,100.00,891.13,1007.48,230.20,777.28,,,1898.61,1668.41,1.58,20.00,30.00,1.05,19398664,2026-09-18T06:19:48Z
C,ta,leaf_rand_K10,async,128,5,0,0.00,100.00,823.51,301.69,226.37,75.32,,,1125.20,898.83,1.57,20.00,30.00,1.05,19399576,2026-09-18T06:19:48Z
C,1gb,layers_5,pread,128,5,0,0.00,100.00,1237.28,728.99,224.84,504.15,,,1966.27,1741.43,1.67,40.00,54.00,1.05,19399124,2026-09-18T06:19:48Z
C,1gb,layers_5,async,128,5,0,0.00,100.00,1328.63,295.02,225.72,69.30,,,1623.65,1397.93,1.72,40.00,54.00,1.05,19399780,2026-09-18T06:19:49Z
C,1gb,layers_92,pread,128,5,0,0.00,100.00,1033.43,8164.20,224.42,7939.78,,,9197.63,8973.21,1.69,40.00,56.00,1.05,19419668,2026-09-18T06:19:49Z
C,1gb,layers_92,async,128,5,0,0.00,100.00,995.26,1820.68,1143.37,677.31,,,2815.94,1672.57,1.69,40.00,56.00,1.05,19420020,2026-09-18T06:19:49Z
C,1gb,2d,pread,128,5,0,0.00,100.00,659.64,946.91,228.14,718.77,,,1606.55,1378.41,1.67,39.00,57.00,1.05,19420412,2026-09-18T06:19:50Z
C,1gb,2d,async,128,5,0,0.00,100.00,652.68,303.27,226.44,76.83,,,955.95,729.51,1.68,39.00,57.00,1.05,19420888,2026-09-18T06:19:50Z
C,1gb,2e_K10,pread,128,5,0,0.00,100.00,180.15,1803.56,234.56,1569.00,,,1983.71,1749.15,1.66,37.00,67.00,1.05,19422492,2026-09-18T06:19:50Z
C,1gb,2e_K10,async,128,5,0,0.00,100.00,183.73,316.57,228.10,88.48,,,500.30,272.21,1.68,37.00,67.00,1.05,19423012,2026-09-18T06:19:50Z
C,1gb,2e_K500,pread,128,5,0,0.00,100.00,181.05,4332.61,224.30,4108.31,,,4513.66,4289.36,1.55,1.00,66.00,1.05,19423676,2026-09-18T06:19:51Z
C,1gb,2e_K500,async,128,5,0,0.00,100.00,184.96,1000.79,227.41,773.38,,,1185.75,958.34,1.64,36.00,93.00,1.05,19423508,2026-09-18T06:19:51Z
C,1gb,2f_slru,pread,128,5,0,0.00,100.00,4165.69,5820.95,620.92,5200.03,,,9986.64,9365.72,1.59,0.00,64.00,1.05,19423788,2026-09-18T06:19:51Z
C,1gb,2f_slru,async,128,5,0,0.00,100.00,96.39,1872.66,229.78,1642.88,,,1969.05,1739.27,1.57,0.00,64.00,1.05,19424764,2026-09-18T06:19:52Z
C,1gb,leaf_freq_K10,pread,128,5,0,0.00,100.00,898.21,1088.29,224.29,863.99,,,1986.50,1762.20,1.68,39.00,62.00,1.05,19423012,2026-09-18T06:19:52Z
C,1gb,leaf_freq_K10,async,128,5,0,0.00,100.00,884.50,297.49,223.78,73.71,,,1181.99,958.21,1.70,39.00,62.00,1.05,19425204,2026-09-18T06:19:52Z
C,1gb,leaf_rand_K10,pread,128,5,0,0.00,100.00,1444.76,1116.65,224.38,892.27,,,2561.41,2337.03,1.70,40.00,54.00,1.05,19425300,2026-09-18T06:19:52Z
C,1gb,leaf_rand_K10,async,128,5,0,0.00,100.00,1435.16,301.54,225.30,76.23,,,1736.70,1511.39,1.68,40.00,54.00,1.05,19425676,2026-09-18T06:19:53Z
A,vacuum,baseline,baseline,128,6,0,0.00,0.00,909.48,0.00,0.00,0.00,,,909.48,909.48,2.01,149.00,213.00,1.04,19426148,2026-09-18T06:19:53Z
A,ta,baseline,baseline,128,6,0,0.00,0.00,1086.28,0.00,0.00,0.00,,,1086.28,1086.28,2.21,188.00,247.00,1.04,19425844,2026-09-18T06:19:53Z
A,1gb,baseline,baseline,128,6,0,0.00,0.00,1227.42,0.00,0.00,0.00,,,1227.42,1227.42,2.10,191.00,248.00,1.04,19423860,2026-09-18T06:19:54Z
B,vacuum,baseline,baseline,128,6,0,0.00,0.00,996.29,0.00,0.00,0.00,,,996.29,996.29,2.03,147.00,209.00,1.04,19422948,2026-09-18T06:19:54Z
B,ta,baseline,baseline,128,6,0,0.00,0.00,1732.84,0.00,0.00,0.00,,,1732.84,1732.84,2.21,192.00,246.00,1.04,19411532,2026-09-18T06:19:54Z
B,1gb,baseline,baseline,128,6,0,0.00,0.00,1454.26,0.00,0.00,0.00,,,1454.26,1454.26,2.19,193.00,253.00,1.04,19410572,2026-09-18T06:19:55Z
C,vacuum,baseline,baseline,128,6,0,0.00,0.00,1040.15,0.00,0.00,0.00,,,1040.15,1040.15,1.51,18.00,27.00,1.04,19412340,2026-09-18T06:19:55Z
C,ta,baseline,baseline,128,6,0,0.00,0.00,908.52,0.00,0.00,0.00,,,908.52,908.52,1.58,20.00,30.00,1.04,19412496,2026-09-18T06:19:55Z
C,1gb,baseline,baseline,128,6,0,0.00,0.00,1397.75,0.00,0.00,0.00,,,1397.75,1397.75,1.69,40.00,55.00,1.04,19411604,2026-09-18T06:19:56Z
A,vacuum,layers_5,pread,128,6,0,0.00,100.00,799.06,808.92,223.70,585.22,,,1607.98,1384.28,2.09,150.00,212.00,1.04,19412368,2026-09-18T06:19:56Z
A,vacuum,layers_5,async,128,6,0,0.00,100.00,836.64,296.36,226.46,69.90,,,1133.00,906.54,2.01,150.00,210.00,1.04,19413000,2026-09-18T06:19:56Z
A,vacuum,layers_92,pread,128,6,0,0.00,100.00,503.39,7795.72,220.94,7574.77,,,8299.11,8078.16,2.01,150.00,219.00,1.04,19412704,2026-09-18T06:19:56Z
A,vacuum,layers_92,async,128,6,0,0.00,100.00,547.70,408.89,225.36,183.53,,,956.59,731.23,2.04,150.00,217.00,1.04,19414356,2026-09-18T06:19:57Z
A,vacuum,2d,pread,128,6,0,0.00,100.00,546.00,1422.12,223.47,1198.65,,,1968.12,1744.65,2.04,150.00,219.00,1.04,19398152,2026-09-18T06:19:57Z
A,vacuum,2d,async,128,6,0,0.00,100.00,514.68,310.89,226.77,84.13,,,825.57,598.81,2.15,150.00,217.00,1.04,19400368,2026-09-18T06:19:57Z
A,vacuum,2e_K10,pread,128,6,0,0.00,100.00,500.61,2208.18,220.91,1987.27,,,2708.79,2487.88,2.01,149.00,226.00,1.04,19400888,2026-09-18T06:19:58Z
A,vacuum,2e_K10,async,128,6,0,0.00,100.00,506.42,315.41,225.16,90.25,,,821.83,596.67,1.96,149.00,225.00,1.04,19401520,2026-09-18T06:19:58Z
A,vacuum,2e_K500,pread,128,6,0,0.00,100.00,556.39,13950.44,226.53,13723.92,,,14506.83,14280.31,1.91,123.00,416.00,1.04,19403004,2026-09-18T06:19:58Z
A,vacuum,2e_K500,async,128,6,0,0.00,100.00,556.91,1113.30,220.72,892.58,,,1670.21,1449.49,1.98,151.00,320.00,1.04,19402068,2026-09-18T06:19:59Z
A,vacuum,2f_slru,pread,128,6,0,0.00,100.00,97.31,13538.65,225.72,13312.93,,,13635.96,13410.24,1.53,0.00,214.00,1.04,19403192,2026-09-18T06:19:59Z
A,vacuum,2f_slru,async,128,6,0,0.00,100.00,99.42,5730.60,222.94,5507.66,,,5830.02,5607.08,1.55,0.00,214.00,1.04,19403180,2026-09-18T06:19:59Z
A,vacuum,leaf_freq_K10,pread,128,6,0,0.00,100.00,938.02,1121.40,225.18,896.22,,,2059.42,1834.24,2.00,149.00,217.00,1.04,19402900,2026-09-18T06:19:59Z
A,vacuum,leaf_freq_K10,async,128,6,0,0.00,100.00,995.00,328.46,253.41,75.05,,,1323.46,1070.05,2.02,149.00,217.00,1.04,19404216,2026-09-18T06:20:00Z
A,vacuum,leaf_rand_K10,pread,128,6,0,0.00,100.00,939.86,1156.36,226.09,930.27,,,2096.22,1870.13,2.01,149.00,215.00,1.04,19404632,2026-09-18T06:20:00Z
A,vacuum,leaf_rand_K10,async,128,6,0,0.00,100.00,938.68,308.94,230.61,78.33,,,1247.62,1017.01,2.09,149.00,215.00,1.04,19408912,2026-09-18T06:20:00Z
A,ta,layers_5,pread,128,6,0,0.00,100.00,907.03,474.36,224.62,249.74,,,1381.39,1156.77,2.21,188.00,247.00,1.04,19389664,2026-09-18T06:20:01Z
A,ta,layers_5,async,128,6,0,0.00,100.00,972.19,294.94,227.17,67.77,,,1267.13,1039.96,2.17,188.00,246.00,1.04,19390564,2026-09-18T06:20:01Z
A,ta,layers_92,pread,128,6,0,0.00,100.00,1102.00,1045.34,224.58,820.75,,,2147.34,1922.75,2.18,184.00,248.00,1.04,19391872,2026-09-18T06:20:01Z
A,ta,layers_92,async,128,6,0,0.00,100.00,565.67,407.15,225.20,181.94,,,972.82,747.61,2.16,187.00,246.00,1.04,19391940,2026-09-18T06:20:02Z
A,ta,2d,pread,128,6,0,0.00,100.00,566.01,1033.42,225.90,807.53,,,1599.43,1373.54,2.15,187.00,247.00,1.04,19391964,2026-09-18T06:20:02Z
A,ta,2d,async,128,6,0,0.00,100.00,568.22,330.32,226.59,103.73,,,898.54,671.95,2.23,187.00,246.00,1.04,19383392,2026-09-18T06:20:02Z
A,ta,2e_K10,pread,128,6,0,0.00,100.00,571.66,2253.64,224.15,2029.48,,,2825.30,2601.14,2.16,190.00,248.00,1.04,19377704,2026-09-18T06:20:03Z
A,ta,2e_K10,async,128,6,0,0.00,93.20,569.54,342.96,226.03,116.94,,,912.50,686.48,2.16,190.00,247.00,1.04,19380552,2026-09-18T06:20:03Z
A,ta,2e_K500,pread,128,6,0,0.00,100.00,564.16,20355.90,185.79,20170.11,,,20920.06,20734.27,2.05,169.00,436.00,1.04,19382972,2026-09-18T06:20:03Z
A,ta,2e_K500,async,128,6,0,0.00,31.60,959.43,982.27,182.20,800.06,,,1941.70,1759.49,2.09,181.00,378.00,1.04,19382632,2026-09-18T06:20:04Z
A,ta,2f_slru,pread,128,6,0,0.00,100.00,95.80,26052.99,145.85,25907.13,,,26148.79,26002.93,1.52,0.00,279.00,1.04,19382824,2026-09-18T06:20:04Z
A,ta,2f_slru,async,128,6,0,0.00,100.00,96.77,7386.48,184.97,7201.51,,,7483.25,7298.28,1.57,0.00,279.00,1.04,19382144,2026-09-18T06:20:04Z
A,ta,leaf_freq_K10,pread,128,6,0,0.00,100.00,1092.71,1123.30,192.48,930.82,,,2216.01,2023.53,2.15,191.00,248.00,1.04,19384260,2026-09-18T06:20:05Z
A,ta,leaf_freq_K10,async,128,6,0,0.00,100.00,1054.37,257.75,183.05,74.69,,,1312.12,1129.06,2.19,191.00,248.00,1.04,19384224,2026-09-18T06:20:05Z
A,ta,leaf_rand_K10,pread,128,6,0,0.00,100.00,1032.18,1083.74,186.81,896.93,,,2115.92,1929.11,2.16,188.00,247.00,1.04,19387196,2026-09-18T06:20:05Z
A,ta,leaf_rand_K10,async,128,6,0,0.00,100.00,2131.96,267.64,189.60,78.05,,,2399.60,2210.01,2.16,188.00,247.00,1.04,19388456,2026-09-18T06:20:05Z
A,1gb,layers_5,pread,128,6,0,0.00,100.00,1410.87,695.25,185.96,509.29,,,2106.12,1920.16,2.19,191.00,246.00,1.04,19388488,2026-09-18T06:20:06Z
A,1gb,layers_5,async,128,6,0,0.00,100.00,1351.53,259.82,189.02,70.80,,,1611.35,1422.33,2.17,191.00,246.00,1.04,19389704,2026-09-18T06:20:06Z
A,1gb,layers_92,pread,128,6,0,0.00,100.00,2230.03,8426.82,188.66,8238.16,,,10656.85,10468.19,2.19,188.00,258.00,1.04,19390580,2026-09-18T06:20:06Z
A,1gb,layers_92,async,128,6,0,0.00,100.00,890.98,396.24,182.23,214.00,,,1287.22,1104.98,2.14,188.00,257.00,1.04,19391768,2026-09-18T06:20:07Z
A,1gb,2d,pread,128,6,0,0.00,100.00,504.26,2080.19,186.21,1893.98,,,2584.45,2398.24,2.11,187.00,259.00,1.04,19393464,2026-09-18T06:20:07Z
A,1gb,2d,async,128,6,0,0.00,100.00,576.69,280.81,185.59,95.22,,,857.50,671.91,2.24,187.00,258.00,1.04,19389868,2026-09-18T06:20:08Z
A,1gb,2e_K10,pread,128,6,0,0.00,100.00,538.74,2854.12,185.29,2668.83,,,3392.86,3207.57,2.16,190.00,261.00,1.04,19374376,2026-09-18T06:20:08Z
A,1gb,2e_K10,async,128,6,0,0.00,100.00,608.77,288.13,186.21,101.92,,,896.90,710.69,2.18,190.00,260.00,1.03,19380196,2026-09-18T06:20:08Z
A,1gb,2e_K500,pread,128,6,0,0.00,100.00,615.02,36692.01,194.26,36497.74,,,37307.03,37112.76,2.06,164.00,428.00,1.03,19380416,2026-09-18T06:20:09Z
A,1gb,2e_K500,async,128,6,0,0.00,100.00,660.96,1115.93,185.93,930.00,,,1776.89,1590.96,2.10,181.00,383.00,1.03,19380824,2026-09-18T06:20:09Z
A,1gb,2f_slru,pread,128,6,0,0.00,100.00,99.56,19120.15,196.21,18923.94,,,19219.71,19023.50,1.55,0.00,280.00,1.03,19383480,2026-09-18T06:20:09Z
A,1gb,2f_slru,async,128,6,0,0.00,100.00,97.42,7428.51,187.27,7241.23,,,7525.93,7338.65,1.57,0.00,280.00,1.03,19402524,2026-09-18T06:20:09Z
A,1gb,leaf_freq_K10,pread,128,6,0,0.00,100.00,1474.61,1082.44,184.83,897.62,,,2557.05,2372.23,2.18,193.00,248.00,1.03,19405252,2026-09-18T06:20:10Z
A,1gb,leaf_freq_K10,async,128,6,0,0.00,100.00,1616.19,262.47,187.06,75.41,,,1878.66,1691.60,2.18,193.00,248.00,1.03,19405580,2026-09-18T06:20:10Z
A,1gb,leaf_rand_K10,pread,128,6,0,0.00,100.00,1472.09,1107.64,184.34,923.31,,,2579.73,2395.40,2.19,191.00,247.00,1.03,19405036,2026-09-18T06:20:10Z
A,1gb,leaf_rand_K10,async,128,6,0,0.00,100.00,1391.17,263.30,187.65,75.64,,,1654.47,1466.81,2.17,191.00,247.00,1.03,19405452,2026-09-18T06:20:11Z
B,vacuum,layers_5,pread,128,6,0,0.00,100.00,891.03,770.03,184.35,585.68,,,1661.06,1476.71,2.02,147.00,212.00,1.03,19407616,2026-09-18T06:20:11Z
B,vacuum,layers_5,async,128,6,0,0.00,100.00,1217.25,253.44,184.98,68.46,,,1470.69,1285.71,2.07,148.00,209.00,1.03,19407384,2026-09-18T06:20:11Z
B,vacuum,layers_92,pread,128,6,0,0.00,100.00,532.54,7535.63,183.00,7352.62,,,8068.17,7885.16,2.00,144.00,226.00,1.03,19407800,2026-09-18T06:20:12Z
B,vacuum,layers_92,async,128,6,0,0.00,100.00,585.28,387.41,195.51,191.90,,,972.69,777.18,2.04,145.00,223.00,1.03,19405748,2026-09-18T06:20:12Z
B,vacuum,2d,pread,128,6,0,0.00,100.00,511.51,1366.27,183.41,1182.85,,,1877.78,1694.36,2.03,144.00,226.00,1.03,19407460,2026-09-18T06:20:12Z
B,vacuum,2d,async,128,6,0,0.00,100.00,485.51,264.76,186.47,78.29,,,750.27,563.80,2.02,145.00,223.00,1.03,19407664,2026-09-18T06:20:13Z
B,vacuum,2e_K10,pread,128,6,0,0.00,100.00,492.82,2266.20,187.54,2078.66,,,2759.02,2571.48,2.09,144.00,226.00,1.03,19407996,2026-09-18T06:20:13Z
B,vacuum,2e_K10,async,128,6,0,0.00,100.00,583.73,272.51,179.65,92.86,,,856.24,676.59,2.04,145.00,224.00,1.03,19393660,2026-09-18T06:20:13Z
B,vacuum,2e_K500,pread,128,6,0,0.00,100.00,176.37,13859.45,190.08,13669.38,,,14035.82,13845.75,1.77,52.00,289.00,1.03,19403824,2026-09-18T06:20:14Z
B,vacuum,2e_K500,async,128,6,0,0.00,100.00,181.39,1031.42,186.79,844.63,,,1212.81,1026.02,2.03,148.00,283.00,1.03,19409240,2026-09-18T06:20:14Z
B,vacuum,2f_slru,pread,128,6,0,0.00,100.00,93.86,13452.23,185.12,13267.11,,,13546.09,13360.97,1.59,0.00,214.00,1.03,19410508,2026-09-18T06:20:14Z
B,vacuum,2f_slru,async,128,6,0,0.00,100.00,97.53,5748.99,198.96,5550.02,,,5846.52,5647.55,1.60,0.00,214.00,1.03,19410668,2026-09-18T06:20:14Z
B,vacuum,leaf_freq_K10,pread,128,6,0,0.00,100.00,961.92,1053.70,183.41,870.30,,,2015.62,1832.22,2.07,147.00,209.00,1.03,19395236,2026-09-18T06:20:15Z
B,vacuum,leaf_freq_K10,async,128,6,0,0.00,100.00,956.48,259.77,185.16,74.61,,,1216.25,1031.09,2.05,147.00,210.00,1.03,19394496,2026-09-18T06:20:15Z
B,vacuum,leaf_rand_K10,pread,128,6,0,0.00,100.00,982.73,1051.35,185.64,865.71,,,2034.08,1848.44,2.05,147.00,209.00,1.03,19395900,2026-09-18T06:20:15Z
B,vacuum,leaf_rand_K10,async,128,6,0,0.00,100.00,955.43,265.05,184.72,80.33,,,1220.48,1035.76,2.05,147.00,209.00,1.03,19396352,2026-09-18T06:20:16Z
B,ta,layers_5,pread,128,6,0,0.00,100.00,438.51,434.93,185.45,249.48,,,873.44,687.99,2.21,192.00,245.00,1.03,19396504,2026-09-18T06:20:16Z
B,ta,layers_5,async,128,6,0,0.00,100.00,837.90,258.84,189.13,69.70,,,1096.74,907.60,2.20,192.00,244.00,1.03,19397708,2026-09-18T06:20:16Z
B,ta,layers_92,pread,128,6,0,0.00,100.00,485.10,1035.81,184.02,851.79,,,1520.91,1336.89,2.17,189.00,245.00,1.03,19397512,2026-09-18T06:20:17Z
B,ta,layers_92,async,128,6,0,0.00,45.70,474.53,359.66,186.73,172.93,,,834.19,647.46,2.21,191.00,244.00,1.03,19397528,2026-09-18T06:20:17Z
B,ta,2d,pread,128,6,0,0.00,100.00,457.92,1039.41,185.41,854.00,,,1497.33,1311.92,2.18,190.00,245.00,1.03,19398740,2026-09-18T06:20:17Z
B,ta,2d,async,128,6,0,0.00,66.00,393.11,304.09,182.32,121.77,,,697.20,514.88,2.19,191.00,244.00,1.03,19399524,2026-09-18T06:20:18Z
B,ta,2e_K10,pread,128,6,0,0.00,100.00,422.76,2530.18,186.05,2344.13,,,2952.94,2766.89,2.16,190.00,245.00,1.03,19400404,2026-09-18T06:20:18Z
B,ta,2e_K10,async,128,6,0,0.00,71.90,397.82,316.44,185.43,131.01,,,714.26,528.83,2.17,191.00,244.00,1.03,19400524,2026-09-18T06:20:18Z
B,ta,2e_K500,pread,128,6,0,0.00,100.00,181.92,22252.42,184.42,22068.01,,,22434.34,22249.93,1.92,83.00,309.00,1.03,19400244,2026-09-18T06:20:19Z
B,ta,2e_K500,async,128,6,0,0.00,45.00,181.59,953.52,184.11,769.42,,,1135.11,951.01,2.15,182.00,314.00,1.03,19377536,2026-09-18T06:20:19Z
B,ta,2f_slru,pread,128,6,0,0.00,100.00,95.13,16687.61,184.89,16502.72,,,16782.74,16597.85,1.58,0.00,279.00,1.03,19378000,2026-09-18T06:20:19Z
B,ta,2f_slru,async,128,6,0,0.00,100.00,97.10,7389.39,187.01,7202.38,,,7486.49,7299.48,1.65,0.00,279.00,1.03,19376296,2026-09-18T06:20:20Z
B,ta,leaf_freq_K10,pread,128,6,0,0.00,100.00,665.63,1110.70,183.65,927.05,,,1776.33,1592.68,2.19,192.00,246.00,1.03,19378840,2026-09-18T06:20:20Z
B,ta,leaf_freq_K10,async,128,6,0,0.00,100.00,634.39,260.93,185.78,75.15,,,895.32,709.54,2.19,192.00,246.00,1.03,19382064,2026-09-18T06:20:20Z
B,ta,leaf_rand_K10,pread,128,6,0,0.00,100.00,661.70,1082.69,185.82,896.88,,,1744.39,1558.58,2.22,192.00,246.00,1.03,19384412,2026-09-18T06:20:20Z
B,ta,leaf_rand_K10,async,128,6,0,0.00,100.00,620.48,265.00,188.05,76.94,,,885.48,697.42,2.19,192.00,246.00,1.03,19385464,2026-09-18T06:20:21Z
B,1gb,layers_5,pread,128,6,0,0.00,100.00,1339.15,616.77,190.22,426.55,,,1955.92,1765.70,2.26,193.00,255.00,1.03,19389316,2026-09-18T06:20:21Z
B,1gb,layers_5,async,128,6,0,0.00,100.00,1435.13,257.60,187.32,70.28,,,1692.73,1505.41,2.21,194.00,254.00,1.03,19389428,2026-09-18T06:20:22Z
B,1gb,layers_92,pread,128,6,0,0.00,100.00,980.04,7924.64,184.68,7739.96,,,8904.68,8720.00,2.18,194.00,262.00,1.03,19391820,2026-09-18T06:20:22Z
B,1gb,layers_92,async,128,6,0,0.00,100.00,974.06,805.60,607.03,198.57,,,1779.66,1172.63,2.22,195.00,260.00,1.03,19394252,2026-09-18T06:20:22Z
B,1gb,2d,pread,128,6,0,0.00,100.00,660.43,2150.62,185.48,1965.14,,,2811.05,2625.57,2.21,193.00,263.00,1.03,19394416,2026-09-18T06:20:23Z
B,1gb,2d,async,128,6,0,0.00,100.00,546.22,275.82,186.33,89.49,,,822.04,635.71,2.19,194.00,261.00,1.03,19393888,2026-09-18T06:20:23Z
B,1gb,2e_K10,pread,128,6,0,0.00,100.00,883.07,2841.13,194.04,2647.09,,,3724.20,3530.16,2.28,193.00,263.00,1.10,19395876,2026-09-18T06:20:23Z
B,1gb,2e_K10,async,128,6,0,0.00,100.00,563.05,294.20,187.55,106.65,,,857.25,669.70,2.15,194.00,261.00,1.10,19395424,2026-09-18T06:20:24Z
B,1gb,2e_K500,pread,128,6,0,0.00,100.00,184.35,18497.99,190.25,18307.74,,,18682.34,18492.09,2.13,174.00,385.00,1.10,19396268,2026-09-18T06:20:24Z
B,1gb,2e_K500,async,128,6,0,0.00,100.00,187.35,1290.04,410.21,879.82,,,1477.39,1067.17,2.21,183.00,322.00,1.10,19398044,2026-09-18T06:20:24Z
B,1gb,2f_slru,pread,128,6,0,0.00,100.00,100.63,19085.03,188.33,18896.69,,,19185.66,18997.32,1.59,0.00,280.00,1.10,19399380,2026-09-18T06:20:25Z
B,1gb,2f_slru,async,128,6,0,0.00,100.00,101.02,7426.49,186.27,7240.22,,,7527.51,7341.24,1.64,0.00,280.00,1.10,19399880,2026-09-18T06:20:25Z
B,1gb,leaf_freq_K10,pread,128,6,0,0.00,100.00,1711.43,1076.47,185.89,890.58,,,2787.90,2602.01,2.22,193.00,252.00,1.10,19401152,2026-09-18T06:20:25Z
B,1gb,leaf_freq_K10,async,128,6,0,0.00,100.00,1421.61,260.34,186.01,74.33,,,1681.95,1495.94,2.18,193.00,252.00,1.10,19402552,2026-09-18T06:20:26Z
B,1gb,leaf_rand_K10,pread,128,6,0,0.00,100.00,1495.40,1028.86,188.88,839.98,,,2524.26,2335.38,2.22,193.00,253.00,1.10,19403028,2026-09-18T06:20:26Z
B,1gb,leaf_rand_K10,async,128,6,0,0.00,100.00,1612.78,269.53,191.91,77.62,,,1882.31,1690.40,2.35,193.00,253.00,1.10,19403580,2026-09-18T06:20:26Z
C,vacuum,layers_5,pread,128,6,0,0.00,100.00,891.10,769.21,187.94,581.26,,,1660.31,1472.36,1.56,18.00,27.00,1.10,19405736,2026-09-18T06:20:27Z
C,vacuum,layers_5,async,128,6,0,0.00,100.00,898.56,256.28,186.37,69.91,,,1154.84,968.47,1.51,18.00,27.00,1.10,19407348,2026-09-18T06:20:27Z
C,vacuum,layers_92,pread,128,6,0,0.00,100.00,504.19,7287.90,187.19,7100.71,,,7792.09,7604.90,1.55,18.00,29.00,1.10,19408604,2026-09-18T06:20:27Z
C,vacuum,layers_92,async,128,6,0,0.00,100.00,503.26,376.51,189.68,186.83,,,879.77,690.09,1.52,18.00,29.00,1.10,19409404,2026-09-18T06:20:27Z
C,vacuum,2d,pread,128,6,0,0.00,100.00,498.99,603.07,189.70,413.38,,,1102.06,912.37,1.53,18.00,29.00,1.10,19408656,2026-09-18T06:20:28Z
C,vacuum,2d,async,128,6,0,0.00,100.00,475.67,249.85,183.56,66.29,,,725.52,541.96,1.53,18.00,29.00,1.10,19410556,2026-09-18T06:20:28Z
C,vacuum,2e_K10,pread,128,6,0,0.00,100.00,478.92,1448.21,188.35,1259.86,,,1927.13,1738.78,1.54,16.00,34.00,1.10,19410508,2026-09-18T06:20:28Z
C,vacuum,2e_K10,async,128,6,0,0.00,92.90,520.34,261.69,186.46,75.23,,,782.03,595.57,1.55,17.00,33.00,1.10,19410492,2026-09-18T06:20:28Z
C,vacuum,2e_K500,pread,128,6,0,0.00,100.00,180.12,2376.92,188.63,2188.28,,,2557.04,2368.40,1.48,0.00,30.00,1.10,19410688,2026-09-18T06:20:29Z
C,vacuum,2e_K500,async,128,6,0,0.00,59.80,180.61,675.14,188.29,486.85,,,855.75,667.46,1.49,0.00,30.00,1.10,19411204,2026-09-18T06:20:29Z
C,vacuum,2f_slru,pread,128,6,0,0.00,100.00,94.49,3067.04,188.69,2878.35,,,3161.53,2972.84,1.47,0.00,30.00,1.10,19411576,2026-09-18T06:20:29Z
C,vacuum,2f_slru,async,128,6,0,0.00,100.00,94.19,810.82,188.01,622.81,,,905.01,717.00,1.52,0.00,30.00,1.10,19398008,2026-09-18T06:20:29Z
C,vacuum,leaf_freq_K10,pread,128,6,0,0.00,100.00,1179.48,768.31,187.48,580.83,,,1947.79,1760.31,1.52,16.00,32.00,1.10,19401248,2026-09-18T06:20:30Z
C,vacuum,leaf_freq_K10,async,128,6,0,0.00,100.00,1133.95,260.41,185.64,74.77,,,1394.36,1208.72,1.53,17.00,31.00,1.10,19413560,2026-09-18T06:20:30Z
C,vacuum,leaf_rand_K10,pread,128,6,0,0.00,100.00,984.48,1048.17,185.41,862.76,,,2032.65,1847.24,1.52,18.00,27.00,1.10,19415728,2026-09-18T06:20:30Z
C,vacuum,leaf_rand_K10,async,128,6,0,0.00,100.00,995.66,259.44,184.86,74.58,,,1255.10,1070.24,1.57,18.00,27.00,1.10,19415620,2026-09-18T06:20:30Z
C,ta,layers_5,pread,128,6,0,0.00,100.00,864.13,436.55,185.79,250.76,,,1300.68,1114.89,1.59,20.00,30.00,1.10,19415636,2026-09-18T06:20:31Z
C,ta,layers_5,async,128,6,0,0.00,100.00,885.11,251.95,184.26,67.70,,,1137.06,952.81,1.59,20.00,30.00,1.10,19416164,2026-09-18T06:20:31Z
C,ta,layers_92,pread,128,6,0,0.00,100.00,488.27,1033.37,185.43,847.94,,,1521.64,1336.21,1.60,19.00,31.00,1.10,19416788,2026-09-18T06:20:31Z
C,ta,layers_92,async,128,6,0,0.00,29.30,493.51,361.47,187.75,173.72,,,854.98,667.23,1.59,19.00,31.00,1.10,19417556,2026-09-18T06:20:31Z
C,ta,2d,pread,128,6,0,0.00,100.00,473.91,1039.12,187.77,851.35,,,1513.03,1325.26,1.60,19.00,31.00,1.10,19417476,2026-09-18T06:20:32Z
C,ta,2d,async,128,6,0,0.00,47.90,473.86,301.68,184.73,116.95,,,775.54,590.81,1.59,19.00,31.00,1.10,19418132,2026-09-18T06:20:32Z
C,ta,2e_K10,pread,128,6,0,0.00,100.00,469.09,1604.21,185.50,1418.72,,,2073.30,1887.81,1.61,18.00,36.00,1.10,19420364,2026-09-18T06:20:32Z
C,ta,2e_K10,async,128,6,0,0.00,70.70,473.65,313.16,184.77,128.39,,,786.81,602.04,1.58,19.00,34.00,1.10,19419696,2026-09-18T06:20:33Z
C,ta,2e_K500,pread,128,6,0,0.00,100.00,178.69,3780.68,184.12,3596.56,,,3959.37,3775.25,1.53,0.00,38.00,1.10,19419416,2026-09-18T06:20:33Z
C,ta,2e_K500,async,128,6,0,0.00,100.00,183.60,798.53,186.09,612.44,,,982.13,796.04,1.55,0.00,38.00,1.09,19419864,2026-09-18T06:20:33Z
C,ta,2f_slru,pread,128,6,0,0.00,100.00,94.11,3710.43,185.47,3524.97,,,3804.54,3619.08,1.58,0.00,38.00,1.09,19421020,2026-09-18T06:20:33Z
C,ta,2f_slru,async,128,6,0,0.00,100.00,92.67,1038.31,181.18,857.13,,,1130.98,949.80,1.54,0.00,38.00,1.09,19422312,2026-09-18T06:20:34Z
C,ta,leaf_freq_K10,pread,128,6,0,0.00,100.00,1142.66,908.01,184.10,723.91,,,2050.67,1866.57,1.58,19.00,35.00,1.09,19422900,2026-09-18T06:20:34Z
C,ta,leaf_freq_K10,async,128,6,0,0.00,100.00,1219.33,265.14,191.09,74.05,,,1484.47,1293.38,1.61,20.00,33.00,1.09,19422412,2026-09-18T06:20:34Z
C,ta,leaf_rand_K10,pread,128,6,0,0.00,100.00,894.60,1021.66,185.00,836.66,,,1916.26,1731.26,1.60,20.00,30.00,1.09,19423080,2026-09-18T06:20:34Z
C,ta,leaf_rand_K10,async,128,6,0,0.00,100.00,899.82,262.89,184.56,78.34,,,1162.71,978.16,1.61,20.00,30.00,1.09,19421908,2026-09-18T06:20:35Z
C,1gb,layers_5,pread,128,6,0,0.00,100.00,1251.85,687.55,186.06,501.49,,,1939.40,1753.34,1.68,40.00,54.00,1.09,19425176,2026-09-18T06:20:35Z
C,1gb,layers_5,async,128,6,0,0.00,100.00,1341.03,254.59,185.54,69.05,,,1595.62,1410.08,1.71,40.00,54.00,1.09,19385676,2026-09-18T06:20:35Z
C,1gb,layers_92,pread,128,6,0,0.00,100.00,1037.96,9260.42,830.97,8429.45,,,10298.38,9467.41,1.71,40.00,56.00,1.09,19383960,2026-09-18T06:20:35Z
C,1gb,layers_92,async,128,6,0,0.00,100.00,919.81,392.13,187.26,204.87,,,1311.94,1124.68,1.69,40.00,56.00,1.09,19386468,2026-09-18T06:20:36Z
C,1gb,2d,pread,128,6,0,0.00,100.00,590.67,826.60,186.58,640.02,,,1417.27,1230.69,1.66,39.00,57.00,1.09,19384356,2026-09-18T06:20:36Z
C,1gb,2d,async,128,6,0,0.00,100.00,598.26,260.44,185.10,75.34,,,858.70,673.60,1.70,39.00,57.00,1.09,19384768,2026-09-18T06:20:36Z
C,1gb,2e_K10,pread,128,6,0,0.00,100.00,179.42,1676.03,195.97,1480.06,,,1855.45,1659.48,1.71,37.00,67.00,1.09,19385784,2026-09-18T06:20:37Z
C,1gb,2e_K10,async,128,6,0,0.00,100.00,178.79,271.32,184.64,86.68,,,450.11,265.47,1.68,37.00,67.00,1.09,19392580,2026-09-18T06:20:37Z
C,1gb,2e_K500,pread,128,6,0,0.00,100.00,180.80,4658.26,185.91,4472.35,,,4839.06,4653.15,1.57,1.00,66.00,1.09,19393172,2026-09-18T06:20:37Z
C,1gb,2e_K500,async,128,6,0,0.00,100.00,178.57,927.71,187.88,739.82,,,1106.28,918.39,1.65,36.00,92.00,1.09,19393588,2026-09-18T06:20:38Z
C,1gb,2f_slru,pread,128,6,0,0.00,100.00,94.76,5122.60,184.24,4938.36,,,5217.36,5033.12,1.53,0.00,64.00,1.09,19395308,2026-09-18T06:20:38Z
C,1gb,2f_slru,async,128,6,0,0.00,100.00,96.17,1813.68,188.60,1625.08,,,1909.85,1721.25,1.57,0.00,64.00,1.08,19395760,2026-09-18T06:20:38Z
C,1gb,leaf_freq_K10,pread,128,6,0,0.00,100.00,896.87,1112.84,185.27,927.57,,,2009.71,1824.44,1.68,39.00,62.00,1.08,19396280,2026-09-18T06:20:38Z
C,1gb,leaf_freq_K10,async,128,6,0,0.00,100.00,961.79,258.56,185.18,73.38,,,1220.35,1035.17,1.67,39.00,62.00,1.08,19397268,2026-09-18T06:20:39Z
C,1gb,leaf_rand_K10,pread,128,6,0,0.00,100.00,1239.37,1103.87,185.47,918.40,,,2343.24,2157.77,1.67,40.00,54.00,1.08,19400520,2026-09-18T06:20:39Z
C,1gb,leaf_rand_K10,async,128,6,0,0.00,100.00,1413.00,258.92,184.64,74.28,,,1671.92,1487.28,1.68,40.00,54.00,1.08,19401648,2026-09-18T06:20:39Z
A,vacuum,baseline,baseline,128,7,0,0.00,0.00,947.34,0.00,0.00,0.00,,,947.34,947.34,2.03,149.00,213.00,1.08,19403848,2026-09-18T06:20:40Z
A,ta,baseline,baseline,128,7,0,0.00,0.00,1008.34,0.00,0.00,0.00,,,1008.34,1008.34,2.13,188.00,247.00,1.08,19402440,2026-09-18T06:20:40Z
A,1gb,baseline,baseline,128,7,0,0.00,0.00,1286.25,0.00,0.00,0.00,,,1286.25,1286.25,2.13,191.00,248.00,1.08,19401468,2026-09-18T06:20:40Z
B,vacuum,baseline,baseline,128,7,0,0.00,0.00,1004.56,0.00,0.00,0.00,,,1004.56,1004.56,2.11,147.00,209.00,1.08,19398664,2026-09-18T06:20:41Z
B,ta,baseline,baseline,128,7,0,0.00,0.00,647.39,0.00,0.00,0.00,,,647.39,647.39,2.20,192.00,246.00,1.08,19399244,2026-09-18T06:20:41Z
B,1gb,baseline,baseline,128,7,0,0.00,0.00,1401.93,0.00,0.00,0.00,,,1401.93,1401.93,2.22,193.00,253.00,1.08,19399352,2026-09-18T06:20:41Z
C,vacuum,baseline,baseline,128,7,0,0.00,0.00,956.13,0.00,0.00,0.00,,,956.13,956.13,1.53,18.00,27.00,1.08,19401928,2026-09-18T06:20:41Z
C,ta,baseline,baseline,128,7,0,0.00,0.00,900.45,0.00,0.00,0.00,,,900.45,900.45,1.59,20.00,30.00,1.08,19401572,2026-09-18T06:20:42Z
C,1gb,baseline,baseline,128,7,0,0.00,0.00,1289.45,0.00,0.00,0.00,,,1289.45,1289.45,1.67,40.00,55.00,1.08,19401776,2026-09-18T06:20:42Z
A,vacuum,layers_5,async,128,7,0,0.00,100.00,800.50,295.95,226.72,69.23,,,1096.45,869.73,2.02,150.00,210.00,1.08,19404784,2026-09-18T06:20:42Z
A,vacuum,layers_92,async,128,7,0,0.00,100.00,474.13,414.43,224.29,190.14,,,888.56,664.27,1.99,150.00,217.00,1.08,19405144,2026-09-18T06:20:43Z
A,vacuum,2d,async,128,7,0,0.00,100.00,568.11,305.14,226.24,78.91,,,873.25,647.02,2.00,150.00,217.00,1.08,19405684,2026-09-18T06:20:43Z
A,vacuum,2e_K10,async,128,7,0,0.00,100.00,507.33,316.86,227.45,89.41,,,824.19,596.74,2.00,149.00,225.00,1.07,19408076,2026-09-18T06:20:43Z
A,vacuum,2e_K500,async,128,7,0,0.00,100.00,579.67,1074.77,229.22,845.55,,,1654.44,1425.22,2.01,151.00,319.00,1.07,19409012,2026-09-18T06:20:44Z
A,vacuum,2f_slru,async,128,7,0,0.00,100.00,99.53,5607.06,231.80,5375.27,,,5706.59,5474.80,1.57,0.00,214.00,1.07,19410336,2026-09-18T06:20:44Z
A,vacuum,leaf_freq_K10,async,128,7,0,0.00,100.00,934.47,193.75,119.27,74.48,,,1128.22,1008.95,1.96,149.00,217.00,1.07,19409844,2026-09-18T06:20:44Z
A,vacuum,leaf_rand_K10,async,128,7,0,0.00,100.00,894.65,305.43,227.29,78.14,,,1200.08,972.79,2.00,149.00,215.00,1.07,19410580,2026-09-18T06:20:44Z
A,ta,layers_5,async,128,7,0,0.00,100.00,993.55,298.11,228.38,69.73,,,1291.66,1063.28,2.15,188.00,246.00,1.07,19410260,2026-09-18T06:20:45Z
A,ta,layers_92,async,128,7,0,0.00,100.00,740.90,392.51,223.99,168.52,,,1133.41,909.42,2.18,187.00,246.00,1.07,19410284,2026-09-18T06:20:45Z
A,ta,2d,async,128,7,0,0.00,67.60,567.23,335.47,224.76,110.71,,,902.70,677.94,2.14,187.00,246.00,1.07,19411396,2026-09-18T06:20:45Z
A,ta,2e_K10,async,128,7,0,0.00,93.20,568.39,342.08,223.10,118.98,,,910.47,687.37,2.20,190.00,247.00,1.07,19393336,2026-09-18T06:20:46Z
A,ta,2e_K500,async,128,7,0,0.00,26.00,937.00,934.86,191.15,743.71,,,1871.86,1680.71,2.10,181.00,376.00,1.07,19394076,2026-09-18T06:20:46Z
A,ta,2f_slru,async,128,7,0,0.00,100.00,100.42,7322.10,185.14,7136.97,,,7422.52,7237.39,1.57,0.00,279.00,1.07,19391836,2026-09-18T06:20:46Z
A,ta,leaf_freq_K10,async,128,7,0,0.00,100.00,1123.83,279.68,200.30,79.38,,,1403.51,1203.21,2.25,191.00,248.00,1.07,19394480,2026-09-18T06:20:47Z
A,ta,leaf_rand_K10,async,128,7,0,0.00,100.00,1060.22,262.50,186.87,75.63,,,1322.72,1135.85,2.16,188.00,247.00,1.07,19394848,2026-09-18T06:20:47Z
A,1gb,layers_5,async,128,7,0,0.00,100.00,1305.50,252.19,183.56,68.64,,,1557.69,1374.14,2.15,191.00,246.00,1.07,19395300,2026-09-18T06:20:47Z
A,1gb,layers_92,async,128,7,0,0.00,100.00,1051.22,389.08,186.06,203.02,,,1440.30,1254.24,2.30,188.00,257.00,1.07,19394764,2026-09-18T06:20:48Z
A,1gb,2d,async,128,7,0,0.00,100.00,535.00,274.76,185.76,89.00,,,809.76,624.00,2.17,187.00,258.00,1.07,19395512,2026-09-18T06:20:48Z
A,1gb,2e_K10,async,128,7,0,0.00,100.00,464.55,286.61,183.51,103.09,,,751.16,567.64,2.12,190.00,260.00,1.07,19395892,2026-09-18T06:20:48Z
A,1gb,2e_K500,async,128,7,0,0.00,100.00,569.90,1071.28,190.42,880.87,,,1641.18,1450.77,2.16,181.00,381.00,1.07,19396932,2026-09-18T06:20:49Z
A,1gb,2f_slru,async,128,7,0,0.00,100.00,101.96,7236.14,184.10,7052.05,,,7338.10,7154.01,1.56,0.00,280.00,1.07,19395752,2026-09-18T06:20:49Z
A,1gb,leaf_freq_K10,async,128,7,0,0.00,100.00,1568.40,260.23,185.51,74.72,,,1828.63,1643.12,2.15,193.00,248.00,1.07,19397456,2026-09-18T06:20:49Z
A,1gb,leaf_rand_K10,async,128,7,0,0.00,100.00,1311.93,262.33,186.67,75.66,,,1574.26,1387.59,2.16,191.00,247.00,1.07,19397588,2026-09-18T06:20:50Z
B,vacuum,layers_5,async,128,7,0,0.00,100.00,866.86,257.53,187.23,70.30,,,1124.39,937.16,2.06,148.00,209.00,1.07,19399400,2026-09-18T06:20:50Z
B,vacuum,layers_92,async,128,7,0,0.00,100.00,587.34,370.74,185.37,185.37,,,958.08,772.71,2.05,145.00,223.00,1.07,19400132,2026-09-18T06:20:50Z
B,vacuum,2d,async,128,7,0,0.00,100.00,580.66,259.22,183.05,76.16,,,839.88,656.82,2.04,145.00,223.00,1.07,19417060,2026-09-18T06:20:51Z
B,vacuum,2e_K10,async,128,7,0,0.00,100.00,558.08,274.56,187.56,86.99,,,832.64,645.07,2.03,145.00,224.00,1.07,19417288,2026-09-18T06:20:51Z
B,vacuum,2e_K500,async,128,7,0,0.00,15.00,191.06,897.03,199.12,697.91,,,1088.09,888.97,2.08,148.00,285.00,1.07,19417712,2026-09-18T06:20:51Z
B,vacuum,2f_slru,async,128,7,0,0.00,100.00,97.56,5607.32,188.22,5419.10,,,5704.88,5516.66,1.62,0.00,214.00,1.07,19405216,2026-09-18T06:20:51Z
B,vacuum,leaf_freq_K10,async,128,7,0,0.00,100.00,984.05,261.66,185.76,75.90,,,1245.71,1059.95,2.02,147.00,209.00,1.07,19406788,2026-09-18T06:20:52Z
B,vacuum,leaf_rand_K10,async,128,7,0,0.00,100.00,991.74,263.47,186.67,76.80,,,1255.21,1068.54,2.07,147.00,209.00,1.07,19406952,2026-09-18T06:20:52Z
B,ta,layers_5,async,128,7,0,0.00,100.00,839.42,254.75,184.88,69.87,,,1094.17,909.29,2.18,192.00,244.00,1.07,19407148,2026-09-18T06:20:52Z
B,ta,layers_92,async,128,7,0,0.00,100.00,483.84,380.56,194.72,185.84,,,864.40,669.68,2.24,191.00,244.00,1.07,19407788,2026-09-18T06:20:53Z
B,ta,2d,async,128,7,0,0.00,66.00,479.58,305.74,185.68,120.06,,,785.32,599.64,2.17,191.00,244.00,1.14,19408548,2026-09-18T06:20:53Z
B,ta,2e_K10,async,128,7,0,0.00,71.90,398.48,316.58,184.81,131.78,,,715.06,530.26,2.19,191.00,244.00,1.14,19409864,2026-09-18T06:20:53Z
B,ta,2e_K500,async,128,7,0,0.00,32.70,276.29,948.55,194.95,753.61,,,1224.84,1029.90,2.21,182.00,315.00,1.14,19410048,2026-09-18T06:20:54Z
B,ta,2f_slru,async,128,7,0,0.00,100.00,96.85,7226.35,185.63,7040.73,,,7323.20,7137.58,1.63,0.00,279.00,1.14,19408736,2026-09-18T06:20:54Z
B,ta,leaf_freq_K10,async,128,7,0,0.00,100.00,589.61,255.35,182.19,73.16,,,844.96,662.77,2.17,192.00,246.00,1.14,19411320,2026-09-18T06:20:54Z
B,ta,leaf_rand_K10,async,128,7,0,0.00,100.00,670.11,263.48,185.61,77.87,,,933.59,747.98,2.21,192.00,246.00,1.14,19412728,2026-09-18T06:20:55Z
B,1gb,layers_5,async,128,7,0,0.00,100.00,1370.97,252.81,183.69,69.11,,,1623.78,1440.08,2.20,194.00,254.00,1.14,19413456,2026-09-18T06:20:55Z
B,1gb,layers_92,async,128,7,0,0.00,100.00,904.93,389.99,183.31,206.68,,,1294.92,1111.61,2.20,195.00,260.00,1.14,19413724,2026-09-18T06:20:55Z
B,1gb,2d,async,128,7,0,0.00,100.00,670.98,277.32,188.29,89.03,,,948.30,760.01,2.26,194.00,261.00,1.14,19398296,2026-09-18T06:20:56Z
B,1gb,2e_K10,async,128,7,0,0.00,100.00,638.43,291.95,185.03,106.92,,,930.38,745.35,2.21,194.00,261.00,1.14,19398924,2026-09-18T06:20:56Z
B,1gb,2e_K500,async,128,7,0,0.00,100.00,183.04,1134.63,228.72,905.91,,,1317.67,1088.95,2.18,183.00,325.00,1.14,19399720,2026-09-18T06:20:56Z
B,1gb,2f_slru,async,128,7,0,0.00,100.00,96.41,7292.08,229.17,7062.91,,,7388.49,7159.32,1.62,0.00,280.00,1.14,19399096,2026-09-18T06:20:57Z
B,1gb,leaf_freq_K10,async,128,7,0,0.00,100.00,1426.35,303.03,228.18,74.85,,,1729.38,1501.20,2.19,193.00,252.00,1.14,19399776,2026-09-18T06:20:57Z
B,1gb,leaf_rand_K10,async,128,7,0,0.00,100.00,1297.12,364.01,231.78,132.24,,,1661.13,1429.36,2.25,193.00,253.00,1.14,19393900,2026-09-18T06:20:57Z
C,vacuum,layers_5,async,128,7,0,0.00,100.00,895.47,297.72,227.47,70.25,,,1193.19,965.72,1.55,18.00,27.00,1.14,19381740,2026-09-18T06:20:58Z
C,vacuum,layers_92,async,128,7,0,0.00,100.00,510.26,415.39,228.08,187.31,,,925.65,697.57,1.55,18.00,29.00,1.14,19384036,2026-09-18T06:20:58Z
C,vacuum,2d,async,128,7,0,0.00,100.00,499.93,299.10,229.96,69.14,,,799.03,569.07,1.53,18.00,29.00,1.13,19388004,2026-09-18T06:20:58Z
C,vacuum,2e_K10,async,128,7,0,0.00,100.00,521.86,309.48,229.69,79.79,,,831.34,601.65,1.53,17.00,33.00,1.13,19388512,2026-09-18T06:20:58Z
C,vacuum,2e_K500,async,128,7,0,0.00,47.60,180.57,690.74,232.32,458.42,,,871.31,638.99,1.50,0.00,30.00,1.13,19390528,2026-09-18T06:20:59Z
C,vacuum,2f_slru,async,128,7,0,0.00,100.00,96.04,837.10,227.64,609.47,,,933.14,705.51,1.47,0.00,30.00,1.13,19391196,2026-09-18T06:20:59Z
C,vacuum,leaf_freq_K10,async,128,7,0,0.00,100.00,888.96,306.93,232.20,74.73,,,1195.89,963.69,1.51,17.00,31.00,1.13,19391304,2026-09-18T06:20:59Z
C,vacuum,leaf_rand_K10,async,128,7,0,0.00,100.00,990.40,303.29,227.77,75.52,,,1293.69,1065.92,1.53,18.00,27.00,1.13,19391732,2026-09-18T06:20:59Z
C,ta,layers_5,async,128,7,0,0.00,100.00,868.59,296.26,228.14,68.12,,,1164.85,936.71,1.59,20.00,30.00,1.13,19391632,2026-09-18T06:21:00Z
C,ta,layers_92,async,128,7,0,0.00,100.00,465.12,403.58,225.62,177.96,,,868.70,643.08,1.59,19.00,31.00,1.13,19392268,2026-09-18T06:21:00Z
C,ta,2d,async,128,7,0,0.00,100.00,472.98,342.64,227.10,115.55,,,815.62,588.53,1.59,19.00,31.00,1.13,19393256,2026-09-18T06:21:00Z
C,ta,2e_K10,async,128,7,0,0.00,100.00,472.92,357.91,227.98,129.93,,,830.83,602.85,1.58,19.00,34.00,1.13,19393472,2026-09-18T06:21:00Z
C,ta,2e_K500,async,128,7,0,0.00,100.00,180.67,823.00,228.67,594.33,,,1003.67,775.00,1.57,0.00,38.00,1.13,19395156,2026-09-18T06:21:01Z
C,ta,2f_slru,async,128,7,0,0.00,100.00,93.11,1064.50,226.34,838.16,,,1157.61,931.27,1.54,0.00,38.00,1.13,19395612,2026-09-18T06:21:01Z
C,ta,leaf_freq_K10,async,128,7,0,0.00,100.00,1244.83,300.25,226.52,73.73,,,1545.08,1318.56,1.60,20.00,33.00,1.13,19395912,2026-09-18T06:21:01Z
C,ta,leaf_rand_K10,async,128,7,0,0.00,100.00,900.93,302.49,227.44,75.05,,,1203.42,975.98,1.61,20.00,30.00,1.13,19396556,2026-09-18T06:21:01Z
C,1gb,layers_5,async,128,7,0,0.00,100.00,1209.95,293.78,224.28,69.50,,,1503.73,1279.45,1.67,40.00,54.00,1.13,19396668,2026-09-18T06:21:02Z
C,1gb,layers_92,async,128,7,0,0.00,100.00,988.13,425.57,226.23,199.34,,,1413.70,1187.47,1.70,40.00,56.00,1.13,19397824,2026-09-18T06:21:02Z
C,1gb,2d,async,128,7,0,0.00,100.00,597.16,302.90,229.92,72.98,,,900.06,670.14,1.71,39.00,57.00,1.13,19398104,2026-09-18T06:21:02Z
C,1gb,2e_K10,async,128,7,0,0.00,100.00,180.06,312.18,227.44,84.74,,,492.24,264.80,1.67,37.00,67.00,1.13,19382608,2026-09-18T06:21:03Z
C,1gb,2e_K500,async,128,7,0,0.00,100.00,186.94,980.14,228.65,751.49,,,1167.08,938.43,1.67,36.00,93.00,1.13,19382696,2026-09-18T06:21:03Z
C,1gb,2f_slru,async,128,7,0,0.00,100.00,96.25,1777.34,228.55,1548.79,,,1873.59,1645.04,1.56,0.00,64.00,1.12,19385056,2026-09-18T06:21:03Z
C,1gb,leaf_freq_K10,async,128,7,0,0.00,100.00,900.52,301.22,228.22,73.00,,,1201.74,973.52,1.69,39.00,62.00,1.12,19389140,2026-09-18T06:21:03Z
C,1gb,leaf_rand_K10,async,128,7,0,0.00,100.00,1315.60,300.11,226.16,73.96,,,1615.71,1389.56,1.70,40.00,54.00,1.12,19390560,2026-09-18T06:21:04Z
A,vacuum,baseline,baseline,128,8,0,0.00,0.00,909.33,0.00,0.00,0.00,,,909.33,909.33,2.00,149.00,213.00,1.12,19391372,2026-09-18T06:21:04Z
A,ta,baseline,baseline,128,8,0,0.00,0.00,1122.21,0.00,0.00,0.00,,,1122.21,1122.21,2.21,188.00,247.00,1.12,19391732,2026-09-18T06:21:04Z
A,1gb,baseline,baseline,128,8,0,0.00,0.00,1423.24,0.00,0.00,0.00,,,1423.24,1423.24,2.16,191.00,248.00,1.12,19390364,2026-09-18T06:21:05Z
B,vacuum,baseline,baseline,128,8,0,0.00,0.00,967.84,0.00,0.00,0.00,,,967.84,967.84,2.05,147.00,209.00,1.12,19393872,2026-09-18T06:21:05Z
B,ta,baseline,baseline,128,8,0,0.00,0.00,721.91,0.00,0.00,0.00,,,721.91,721.91,2.25,192.00,246.00,1.12,19395272,2026-09-18T06:21:05Z
B,1gb,baseline,baseline,128,8,0,0.00,0.00,1365.98,0.00,0.00,0.00,,,1365.98,1365.98,2.19,193.00,253.00,1.12,19393792,2026-09-18T06:21:06Z
C,vacuum,baseline,baseline,128,8,0,0.00,0.00,1011.47,0.00,0.00,0.00,,,1011.47,1011.47,1.52,18.00,27.00,1.12,19406348,2026-09-18T06:21:06Z
C,ta,baseline,baseline,128,8,0,0.00,0.00,913.98,0.00,0.00,0.00,,,913.98,913.98,1.59,20.00,30.00,1.12,19405528,2026-09-18T06:21:06Z
C,1gb,baseline,baseline,128,8,0,0.00,0.00,1208.92,0.00,0.00,0.00,,,1208.92,1208.92,1.65,40.00,55.00,1.12,19405224,2026-09-18T06:21:07Z
A,vacuum,layers_5,async,128,8,0,0.00,100.00,838.24,297.37,223.45,73.92,,,1135.61,912.16,2.08,150.00,210.00,1.12,19407028,2026-09-18T06:21:07Z
A,vacuum,layers_92,async,128,8,0,0.00,100.00,515.91,413.45,227.38,186.07,,,929.36,701.98,2.02,150.00,217.00,1.12,19406584,2026-09-18T06:21:07Z
A,vacuum,2d,async,128,8,0,0.00,100.00,538.24,302.90,225.18,77.72,,,841.14,615.96,2.01,150.00,217.00,1.12,19405312,2026-09-18T06:21:08Z
A,vacuum,2e_K10,async,128,8,0,0.00,100.00,502.67,327.00,220.83,106.18,,,829.67,608.85,1.98,149.00,225.00,1.12,19391228,2026-09-18T06:21:08Z
A,vacuum,2e_K500,async,128,8,0,0.00,100.00,581.29,1073.60,226.71,846.89,,,1654.89,1428.18,1.96,151.00,323.00,1.11,19385768,2026-09-18T06:21:08Z
A,vacuum,2f_slru,async,128,8,0,0.00,100.00,94.81,5605.60,225.82,5379.77,,,5700.41,5474.58,1.56,0.00,214.00,1.11,19397344,2026-09-18T06:21:08Z
A,vacuum,leaf_freq_K10,async,128,8,0,0.00,100.00,997.86,300.36,225.31,75.05,,,1298.22,1072.91,2.00,149.00,217.00,1.11,19396528,2026-09-18T06:21:09Z
A,vacuum,leaf_rand_K10,async,128,8,0,0.00,100.00,896.76,944.91,868.70,76.20,,,1841.67,972.96,2.00,149.00,215.00,1.11,19396948,2026-09-18T06:21:09Z
A,ta,layers_5,async,128,8,0,0.00,100.00,981.99,292.86,223.19,69.67,,,1274.85,1051.66,2.11,188.00,246.00,1.11,19397176,2026-09-18T06:21:09Z
A,ta,layers_92,async,128,8,0,0.00,100.00,554.18,411.08,225.71,185.38,,,965.26,739.56,2.17,187.00,246.00,1.11,19397484,2026-09-18T06:21:10Z
A,ta,2d,async,128,8,0,0.00,91.20,571.18,1015.69,908.87,106.82,,,1586.87,678.00,2.20,187.00,246.00,1.11,19398244,2026-09-18T06:21:10Z
A,ta,2e_K10,async,128,8,0,0.00,100.00,563.48,342.17,222.22,119.96,,,905.65,683.44,2.17,190.00,247.00,1.11,19400768,2026-09-18T06:21:10Z
A,ta,2e_K500,async,128,8,0,0.00,43.30,554.98,1022.13,184.95,837.18,,,1577.11,1392.16,2.11,181.00,378.00,1.11,19401272,2026-09-18T06:21:11Z
A,ta,2f_slru,async,128,8,0,0.00,100.00,97.58,7208.69,186.24,7022.45,,,7306.27,7120.03,1.57,0.00,279.00,1.11,19413784,2026-09-18T06:21:11Z
A,ta,leaf_freq_K10,async,128,8,0,0.00,100.00,1092.19,262.18,185.69,76.49,,,1354.37,1168.68,2.15,191.00,248.00,1.11,19416808,2026-09-18T06:21:11Z
A,ta,leaf_rand_K10,async,128,8,0,0.00,100.00,1002.99,265.39,188.26,77.12,,,1268.38,1080.11,2.16,188.00,247.00,1.11,19424236,2026-09-18T06:21:12Z
A,1gb,layers_5,async,128,8,0,0.00,100.00,1359.46,255.23,185.05,70.18,,,1614.69,1429.64,2.16,191.00,246.00,1.11,19424240,2026-09-18T06:21:12Z
A,1gb,layers_92,async,128,8,0,0.00,100.00,898.47,402.01,185.41,216.60,,,1300.48,1115.07,2.12,188.00,257.00,1.11,19424008,2026-09-18T06:21:12Z
A,1gb,2d,async,128,8,0,0.00,100.00,626.46,277.93,187.49,90.44,,,904.39,716.90,2.21,187.00,258.00,1.11,19424764,2026-09-18T06:21:13Z
A,1gb,2e_K10,async,128,8,0,0.00,100.00,499.36,293.88,183.92,109.97,,,793.24,609.33,2.12,190.00,260.00,1.11,19422804,2026-09-18T06:21:13Z
A,1gb,2e_K500,async,128,8,0,0.00,100.00,656.01,1106.08,185.06,921.02,,,1762.09,1577.03,2.11,181.00,382.00,1.10,19424620,2026-09-18T06:21:13Z
A,1gb,2f_slru,async,128,8,0,0.00,100.00,101.29,7257.74,188.12,7069.62,,,7359.03,7170.91,1.59,0.00,280.00,1.10,19407816,2026-09-18T06:21:13Z
A,1gb,leaf_freq_K10,async,128,8,0,0.00,100.00,1637.22,267.46,191.99,75.47,,,1904.68,1712.69,2.17,193.00,248.00,1.10,19412828,2026-09-18T06:21:14Z
A,1gb,leaf_rand_K10,async,128,8,0,0.00,100.00,1457.78,257.32,184.62,72.71,,,1715.10,1530.49,2.14,191.00,247.00,1.10,19413196,2026-09-18T06:21:14Z
B,vacuum,layers_5,async,128,8,0,0.00,100.00,1643.00,267.74,193.84,73.90,,,1910.74,1716.90,2.09,148.00,209.00,1.10,19413796,2026-09-18T06:21:14Z
B,vacuum,layers_92,async,128,8,0,0.00,100.00,590.31,374.89,183.96,190.94,,,965.20,781.25,2.04,145.00,223.00,1.10,19413352,2026-09-18T06:21:15Z
B,vacuum,2d,async,128,8,0,0.00,100.00,526.11,260.19,183.81,76.38,,,786.30,602.49,2.04,145.00,223.00,1.10,19414088,2026-09-18T06:21:15Z
B,vacuum,2e_K10,async,128,8,0,0.00,100.00,586.98,276.73,187.71,89.02,,,863.71,676.00,2.03,145.00,224.00,1.10,19415300,2026-09-18T06:21:15Z
B,vacuum,2e_K500,async,128,8,0,0.00,100.00,183.22,1090.18,185.41,904.77,,,1273.40,1087.99,2.02,148.00,283.00,1.10,19414148,2026-09-18T06:21:16Z
B,vacuum,2f_slru,async,128,8,0,0.00,100.00,99.38,5549.92,202.88,5347.04,,,5649.30,5446.42,1.60,0.00,214.00,1.10,19415400,2026-09-18T06:21:16Z
B,vacuum,leaf_freq_K10,async,128,8,0,0.00,100.00,988.60,259.02,184.42,74.60,,,1247.62,1063.20,2.04,147.00,210.00,1.10,19393988,2026-09-18T06:21:16Z
B,vacuum,leaf_rand_K10,async,128,8,0,0.00,100.00,928.73,262.55,184.15,78.41,,,1191.28,1007.14,2.05,147.00,209.00,1.10,19394804,2026-09-18T06:21:17Z
B,ta,layers_5,async,128,8,0,0.00,100.00,873.83,251.92,184.04,67.89,,,1125.75,941.72,2.17,192.00,244.00,1.10,19394968,2026-09-18T06:21:17Z
B,ta,layers_92,async,128,8,0,0.00,35.90,456.24,366.51,185.76,180.75,,,822.75,636.99,2.14,191.00,244.00,1.10,19395108,2026-09-18T06:21:17Z
B,ta,2d,async,128,8,0,0.00,66.00,460.30,311.50,191.33,120.18,,,771.80,580.48,2.24,191.00,244.00,1.10,19394748,2026-09-18T06:21:18Z
B,ta,2e_K10,async,128,8,0,0.00,100.00,416.75,315.77,185.05,130.73,,,732.52,547.48,2.16,191.00,244.00,1.10,19395328,2026-09-18T06:21:18Z
B,ta,2e_K500,async,128,8,0,0.00,45.00,182.58,1012.24,187.45,824.79,,,1194.82,1007.37,2.14,182.00,313.00,1.09,19395120,2026-09-18T06:21:18Z
B,ta,2f_slru,async,128,8,0,0.00,100.00,105.83,7252.31,219.96,7032.35,,,7358.14,7138.18,1.61,0.00,279.00,1.09,19393144,2026-09-18T06:21:19Z
B,ta,leaf_freq_K10,async,128,8,0,0.00,100.00,666.59,256.16,181.15,75.01,,,922.75,741.60,2.20,192.00,246.00,1.09,19382188,2026-09-18T06:21:19Z
B,ta,leaf_rand_K10,async,128,8,0,0.00,100.00,605.72,258.92,187.06,71.86,,,864.64,677.58,2.20,192.00,246.00,1.09,19383956,2026-09-18T06:21:19Z
B,1gb,layers_5,async,128,8,0,0.00,100.00,1562.65,257.13,187.25,69.88,,,1819.78,1632.53,2.24,194.00,254.00,1.09,19383492,2026-09-18T06:21:20Z
B,1gb,layers_92,async,128,8,0,0.00,100.00,976.42,391.31,186.96,204.35,,,1367.73,1180.77,2.21,195.00,260.00,1.09,19388492,2026-09-18T06:21:20Z
B,1gb,2d,async,128,8,0,0.00,100.00,546.71,271.82,183.51,88.31,,,818.53,635.02,2.19,194.00,261.00,1.09,19389400,2026-09-18T06:21:20Z
B,1gb,2e_K10,async,128,8,0,0.00,100.00,599.96,284.32,184.63,99.70,,,884.28,699.66,2.17,194.00,261.00,1.09,19389508,2026-09-18T06:21:21Z
B,1gb,2e_K500,async,128,8,0,0.00,100.00,184.80,1120.16,196.69,923.48,,,1304.96,1108.28,2.15,183.00,322.00,1.09,19390280,2026-09-18T06:21:21Z
B,1gb,2f_slru,async,128,8,0,0.00,100.00,99.08,7270.47,197.00,7073.47,,,7369.55,7172.55,1.62,0.00,280.00,1.09,19389944,2026-09-18T06:21:21Z
B,1gb,leaf_freq_K10,async,128,8,0,0.00,100.00,1548.81,271.22,196.12,75.10,,,1820.03,1623.91,2.21,193.00,252.00,1.09,19391292,2026-09-18T06:21:22Z
B,1gb,leaf_rand_K10,async,128,8,0,0.00,100.00,1399.76,270.05,192.92,77.12,,,1669.81,1476.88,2.22,193.00,253.00,1.09,19393140,2026-09-18T06:21:22Z
C,vacuum,layers_5,async,128,8,0,0.00,100.00,853.13,265.01,197.54,67.47,,,1118.14,920.60,1.52,18.00,27.00,1.09,19397388,2026-09-18T06:21:22Z
C,vacuum,layers_92,async,128,8,0,0.00,100.00,506.96,384.41,195.56,188.85,,,891.37,695.81,1.51,18.00,29.00,1.09,19397628,2026-09-18T06:21:22Z
C,vacuum,2d,async,128,8,0,0.00,100.00,506.33,265.29,196.90,68.39,,,771.62,574.72,1.53,18.00,29.00,1.09,19397548,2026-09-18T06:21:23Z
C,vacuum,2e_K10,async,128,8,0,0.00,92.90,519.66,275.37,198.27,77.09,,,795.03,596.75,1.54,17.00,33.00,1.09,19398016,2026-09-18T06:21:23Z
C,vacuum,2e_K500,async,128,8,0,0.00,75.10,183.89,687.69,194.68,493.02,,,871.58,676.91,1.47,0.00,30.00,1.08,19398536,2026-09-18T06:21:23Z
C,vacuum,2f_slru,async,128,8,0,0.00,100.00,100.45,757.62,196.40,561.23,,,858.07,661.68,1.47,0.00,30.00,1.08,19399912,2026-09-18T06:21:23Z
C,vacuum,leaf_freq_K10,async,128,8,0,0.00,100.00,969.22,266.27,192.78,73.49,,,1235.49,1042.71,1.52,17.00,31.00,1.08,19399244,2026-09-18T06:21:24Z
C,vacuum,leaf_rand_K10,async,128,8,0,0.00,100.00,1000.66,270.58,196.61,73.97,,,1271.24,1074.63,1.53,18.00,27.00,1.08,19400060,2026-09-18T06:21:24Z
C,ta,layers_5,async,128,8,0,0.00,100.00,889.02,264.27,195.99,68.28,,,1153.29,957.30,1.60,20.00,30.00,1.08,19393796,2026-09-18T06:21:24Z
C,ta,layers_92,async,128,8,0,0.00,46.70,480.05,374.12,198.12,176.00,,,854.17,656.05,1.59,19.00,31.00,1.08,19396052,2026-09-18T06:21:24Z
C,ta,2d,async,128,8,0,0.00,64.60,479.69,318.45,195.91,122.54,,,798.14,602.23,1.58,19.00,31.00,1.08,19396752,2026-09-18T06:21:25Z
C,ta,2e_K10,async,128,8,0,0.00,70.70,479.40,321.19,196.00,125.20,,,800.59,604.60,1.59,19.00,34.00,1.08,19396984,2026-09-18T06:21:25Z
C,ta,2e_K500,async,128,8,0,0.00,100.00,183.78,814.74,199.41,615.34,,,998.52,799.12,1.58,0.00,38.00,1.08,19398416,2026-09-18T06:21:25Z
C,ta,2f_slru,async,128,8,0,0.00,100.00,99.49,988.17,195.05,793.12,,,1087.66,892.61,1.53,0.00,38.00,1.08,19398640,2026-09-18T06:21:25Z
C,ta,leaf_freq_K10,async,128,8,0,0.00,100.00,1228.22,269.52,194.51,75.01,,,1497.74,1303.23,1.59,20.00,33.00,1.08,19397932,2026-09-18T06:21:26Z
C,ta,leaf_rand_K10,async,128,8,0,0.00,100.00,894.54,272.60,197.81,74.79,,,1167.14,969.33,1.60,20.00,30.00,1.08,19399316,2026-09-18T06:21:26Z
C,1gb,layers_5,async,128,8,0,0.00,100.00,1160.81,264.93,195.91,69.02,,,1425.74,1229.83,1.67,40.00,54.00,1.08,19399944,2026-09-18T06:21:26Z
C,1gb,layers_92,async,128,8,0,0.00,100.00,896.17,390.69,195.60,195.10,,,1286.86,1091.27,1.70,40.00,56.00,1.08,19399860,2026-09-18T06:21:27Z
C,1gb,2d,async,128,8,0,0.00,100.00,657.81,269.92,195.74,74.18,,,927.73,731.99,1.67,39.00,57.00,1.08,19400364,2026-09-18T06:21:27Z
C,1gb,2e_K10,async,128,8,0,0.00,100.00,587.24,323.37,235.91,87.45,,,910.61,674.69,1.69,37.00,67.00,1.08,19399752,2026-09-18T06:21:27Z
C,1gb,2e_K500,async,128,8,0,0.00,100.00,186.06,959.80,200.02,759.79,,,1145.86,945.85,1.65,36.00,92.00,1.08,19400696,2026-09-18T06:21:27Z
C,1gb,2f_slru,async,128,8,0,0.00,100.00,99.64,1872.69,194.12,1678.58,,,1972.33,1778.22,1.55,0.00,64.00,1.08,19400500,2026-09-18T06:21:28Z
C,1gb,leaf_freq_K10,async,128,8,0,0.00,100.00,926.31,272.02,196.78,75.24,,,1198.33,1001.55,1.67,39.00,62.00,1.16,19400988,2026-09-18T06:21:28Z
C,1gb,leaf_rand_K10,async,128,8,0,0.00,100.00,1274.22,267.41,193.33,74.08,,,1541.63,1348.30,1.67,40.00,54.00,1.16,19401684,2026-09-18T06:21:28Z
A,vacuum,baseline,baseline,128,9,0,0.00,0.00,856.53,0.00,0.00,0.00,,,856.53,856.53,1.97,149.00,213.00,1.16,19401268,2026-09-18T06:21:29Z
A,ta,baseline,baseline,128,9,0,0.00,0.00,1135.06,0.00,0.00,0.00,,,1135.06,1135.06,2.16,188.00,247.00,1.16,19401268,2026-09-18T06:21:29Z
A,1gb,baseline,baseline,128,9,0,0.00,0.00,1325.53,0.00,0.00,0.00,,,1325.53,1325.53,2.17,191.00,248.00,1.16,19400512,2026-09-18T06:21:29Z
B,vacuum,baseline,baseline,128,9,0,0.00,0.00,998.11,0.00,0.00,0.00,,,998.11,998.11,2.02,147.00,209.00,1.16,19402384,2026-09-18T06:21:30Z
B,ta,baseline,baseline,128,9,0,0.00,0.00,616.40,0.00,0.00,0.00,,,616.40,616.40,2.15,192.00,246.00,1.16,19403564,2026-09-18T06:21:30Z
B,1gb,baseline,baseline,128,9,0,0.00,0.00,1434.50,0.00,0.00,0.00,,,1434.50,1434.50,2.25,193.00,253.00,1.16,19402664,2026-09-18T06:21:30Z
C,vacuum,baseline,baseline,128,9,0,0.00,0.00,972.20,0.00,0.00,0.00,,,972.20,972.20,1.53,18.00,27.00,1.16,19404360,2026-09-18T06:21:31Z
C,ta,baseline,baseline,128,9,0,0.00,0.00,917.49,0.00,0.00,0.00,,,917.49,917.49,1.59,20.00,30.00,1.16,19405484,2026-09-18T06:21:31Z
C,1gb,baseline,baseline,128,9,0,0.00,0.00,1379.69,0.00,0.00,0.00,,,1379.69,1379.69,1.68,40.00,55.00,1.16,19403784,2026-09-18T06:21:31Z
A,vacuum,layers_5,async,128,9,0,0.00,100.00,844.27,295.78,225.77,70.00,,,1140.05,914.27,2.02,150.00,210.00,1.16,19420740,2026-09-18T06:21:31Z
A,vacuum,layers_92,async,128,9,0,0.00,100.00,547.86,1291.40,648.79,642.61,,,1839.26,1190.47,2.01,150.00,217.00,1.16,19420872,2026-09-18T06:21:32Z
A,vacuum,2d,async,128,9,0,0.00,100.00,502.43,303.87,225.63,78.24,,,806.30,580.67,1.99,150.00,217.00,1.16,19421916,2026-09-18T06:21:32Z
A,vacuum,2e_K10,async,128,9,0,0.00,100.00,545.23,321.42,230.74,90.68,,,866.65,635.91,2.01,149.00,225.00,1.16,19421724,2026-09-18T06:21:32Z
A,vacuum,2e_K500,async,128,9,0,0.00,26.60,500.44,931.89,223.99,707.90,,,1432.33,1208.34,1.96,151.00,318.00,1.16,19420876,2026-09-18T06:21:33Z
A,vacuum,2f_slru,async,128,9,0,0.00,100.00,101.41,5717.08,225.55,5491.52,,,5818.49,5592.93,1.55,0.00,214.00,1.16,19423048,2026-09-18T06:21:33Z
A,vacuum,leaf_freq_K10,async,128,9,0,0.00,100.00,1000.77,302.08,226.95,75.13,,,1302.85,1075.90,2.05,149.00,217.00,1.15,19422228,2026-09-18T06:21:33Z
A,vacuum,leaf_rand_K10,async,128,9,0,0.00,100.00,908.66,299.58,224.16,75.42,,,1208.24,984.08,2.03,149.00,215.00,1.15,19422928,2026-09-18T06:21:34Z
A,ta,layers_5,async,128,9,0,0.00,100.00,992.37,293.09,223.67,69.42,,,1285.46,1061.79,2.16,188.00,246.00,1.15,19422800,2026-09-18T06:21:34Z
A,ta,layers_92,async,128,9,0,0.00,100.00,568.00,396.84,226.00,170.83,,,964.84,738.83,2.15,187.00,246.00,1.15,19422288,2026-09-18T06:21:34Z
A,ta,2d,async,128,9,0,0.00,91.20,570.43,331.67,225.03,106.64,,,902.10,677.07,2.13,187.00,246.00,1.15,19422624,2026-09-18T06:21:35Z
A,ta,2e_K10,async,128,9,0,0.00,93.20,555.55,350.26,228.80,121.46,,,905.81,677.01,2.22,190.00,247.00,1.15,19422596,2026-09-18T06:21:35Z
A,ta,2e_K500,async,128,9,0,0.00,22.30,637.73,963.29,185.88,777.41,,,1601.02,1415.14,2.13,181.00,379.00,1.15,19423280,2026-09-18T06:21:35Z
A,ta,2f_slru,async,128,9,0,0.00,100.00,100.27,7543.54,184.78,7358.76,,,7643.81,7459.03,1.57,0.00,279.00,1.15,19412176,2026-09-18T06:21:35Z
A,ta,leaf_freq_K10,async,128,9,0,0.00,100.00,993.40,265.95,189.78,76.17,,,1259.35,1069.57,2.18,191.00,248.00,1.15,19418348,2026-09-18T06:21:36Z
A,ta,leaf_rand_K10,async,128,9,0,0.00,100.00,1059.10,267.19,190.27,76.92,,,1326.29,1136.02,2.14,188.00,247.00,1.15,19420336,2026-09-18T06:21:36Z
A,1gb,layers_5,async,128,9,0,0.00,100.00,1384.37,258.50,188.37,70.12,,,1642.87,1454.49,2.17,191.00,246.00,1.15,19420632,2026-09-18T06:21:36Z
A,1gb,layers_92,async,128,9,0,0.00,100.00,903.07,383.25,186.18,197.07,,,1286.32,1100.14,2.15,188.00,257.00,1.15,19402544,2026-09-18T06:21:37Z
A,1gb,2d,async,128,9,0,0.00,100.00,582.11,285.10,196.02,89.08,,,867.21,671.19,2.18,187.00,258.00,1.15,19403768,2026-09-18T06:21:37Z
A,1gb,2e_K10,async,128,9,0,0.00,100.00,509.96,289.69,183.34,106.34,,,799.65,616.30,2.14,190.00,260.00,1.15,19404708,2026-09-18T06:21:37Z
A,1gb,2e_K500,async,128,9,0,0.00,100.00,697.84,1060.07,184.38,875.70,,,1757.91,1573.54,2.12,181.00,383.00,1.15,19407296,2026-09-18T06:21:38Z
A,1gb,2f_slru,async,128,9,0,0.00,100.00,99.66,7294.69,186.71,7107.98,,,7394.35,7207.64,1.56,0.00,280.00,1.13,19406196,2026-09-18T06:21:38Z
A,1gb,leaf_freq_K10,async,128,9,0,0.00,100.00,1549.98,268.50,186.72,81.77,,,1818.48,1631.75,2.20,193.00,248.00,1.13,19407460,2026-09-18T06:21:38Z
A,1gb,leaf_rand_K10,async,128,9,0,0.00,100.00,1331.29,261.23,185.62,75.61,,,1592.52,1406.90,2.16,191.00,247.00,1.13,19406580,2026-09-18T06:21:39Z
B,vacuum,layers_5,async,128,9,0,0.00,100.00,866.85,253.23,184.15,69.08,,,1120.08,935.93,2.03,148.00,209.00,1.13,19408196,2026-09-18T06:21:39Z
B,vacuum,layers_92,async,128,9,0,0.00,100.00,565.44,375.21,182.63,192.58,,,940.65,758.02,2.11,145.00,223.00,1.13,19409272,2026-09-18T06:21:39Z
B,vacuum,2d,async,128,9,0,0.00,100.00,555.24,270.52,192.11,78.41,,,825.76,633.65,2.03,145.00,223.00,1.13,19409936,2026-09-18T06:21:40Z
B,vacuum,2e_K10,async,128,9,0,0.00,100.00,483.06,279.95,185.48,94.47,,,763.01,577.53,2.01,145.00,224.00,1.13,19410328,2026-09-18T06:21:40Z
B,vacuum,2e_K500,async,128,9,0,0.00,100.00,183.34,1058.94,196.04,862.90,,,1242.28,1046.24,2.03,148.00,284.00,1.13,19408480,2026-09-18T06:21:40Z
B,vacuum,2f_slru,async,128,9,0,0.00,100.00,97.06,5536.59,184.56,5352.03,,,5633.65,5449.09,1.61,0.00,214.00,1.13,19410048,2026-09-18T06:21:41Z
B,vacuum,leaf_freq_K10,async,128,9,0,0.00,100.00,1065.87,258.12,182.90,75.22,,,1323.99,1141.09,2.08,147.00,209.00,1.13,19393208,2026-09-18T06:21:41Z
B,vacuum,leaf_rand_K10,async,128,9,0,0.00,100.00,994.80,263.83,184.52,79.31,,,1258.63,1074.11,2.04,147.00,209.00,1.13,19394596,2026-09-18T06:21:41Z
B,ta,layers_5,async,128,9,0,0.00,100.00,848.82,257.01,187.13,69.88,,,1105.83,918.70,2.20,192.00,244.00,1.13,19396812,2026-09-18T06:21:41Z
B,ta,layers_92,async,128,9,0,0.00,46.70,420.53,357.51,181.82,175.69,,,778.04,596.22,2.15,191.00,244.00,1.13,19397352,2026-09-18T06:21:42Z
B,ta,2d,async,128,9,0,0.00,66.00,476.52,301.25,184.07,117.18,,,777.77,593.70,2.19,191.00,244.00,1.13,19398344,2026-09-18T06:21:42Z
B,ta,2e_K10,async,128,9,0,0.00,71.90,719.73,312.70,185.34,127.36,,,1032.43,847.09,2.20,191.00,244.00,1.13,19401076,2026-09-18T06:21:42Z
B,ta,2e_K500,async,128,9,0,0.00,37.50,199.16,936.67,184.13,752.54,,,1135.83,951.70,2.14,182.00,315.00,1.13,19401300,2026-09-18T06:21:43Z
B,ta,2f_slru,async,128,9,0,0.00,100.00,97.12,7269.81,218.20,7051.61,,,7366.93,7148.73,1.62,0.00,279.00,1.12,19398696,2026-09-18T06:21:43Z
B,ta,leaf_freq_K10,async,128,9,0,0.00,100.00,619.76,257.75,184.23,73.52,,,877.51,693.28,2.21,192.00,246.00,1.12,19403968,2026-09-18T06:21:43Z
B,ta,leaf_rand_K10,async,128,9,0,0.00,100.00,619.04,267.68,192.08,75.60,,,886.72,694.64,2.18,192.00,246.00,1.12,19405440,2026-09-18T06:21:44Z
B,1gb,layers_5,async,128,9,0,0.00,100.00,1310.06,253.94,183.84,70.09,,,1564.00,1380.15,2.19,194.00,254.00,1.12,19405776,2026-09-18T06:21:44Z
B,1gb,layers_92,async,128,9,0,0.00,100.00,1065.45,385.23,195.27,189.97,,,1450.68,1255.42,2.28,195.00,260.00,1.12,19410548,2026-09-18T06:21:44Z
B,1gb,2d,async,128,9,0,0.00,100.00,494.21,272.11,183.32,88.79,,,766.32,583.00,2.19,194.00,261.00,1.12,19414544,2026-09-18T06:21:45Z
B,1gb,2e_K10,async,128,9,0,0.00,100.00,600.72,294.61,187.90,106.71,,,895.33,707.43,2.20,194.00,261.00,1.12,19415408,2026-09-18T06:21:45Z
B,1gb,2e_K500,async,128,9,0,0.00,100.00,184.37,1079.24,195.16,884.08,,,1263.61,1068.45,2.17,183.00,322.00,1.12,19417416,2026-09-18T06:21:45Z
B,1gb,2f_slru,async,128,9,0,0.00,100.00,99.20,7262.58,196.02,7066.56,,,7361.78,7165.76,1.65,0.00,280.00,1.12,19415560,2026-09-18T06:21:46Z
B,1gb,leaf_freq_K10,async,128,9,0,0.00,100.00,1343.40,269.67,194.53,75.13,,,1613.07,1418.53,2.19,193.00,252.00,1.12,19416444,2026-09-18T06:21:46Z
B,1gb,leaf_rand_K10,async,128,9,0,0.00,100.00,1575.89,269.77,192.53,77.23,,,1845.66,1653.12,2.24,193.00,253.00,1.12,19400916,2026-09-18T06:21:46Z
C,vacuum,layers_5,async,128,9,0,0.00,100.00,875.62,262.22,194.06,68.16,,,1137.84,943.78,1.52,18.00,27.00,1.12,19401780,2026-09-18T06:21:47Z
C,vacuum,layers_92,async,128,9,0,0.00,100.00,509.84,385.62,197.05,188.57,,,895.46,698.41,1.56,18.00,29.00,1.12,19403420,2026-09-18T06:21:47Z
C,vacuum,2d,async,128,9,0,0.00,100.00,479.22,271.79,202.37,69.42,,,751.01,548.64,1.53,18.00,29.00,1.12,19403220,2026-09-18T06:21:47Z
C,vacuum,2e_K10,async,128,9,0,0.00,92.90,524.05,271.87,194.77,77.11,,,795.92,601.16,1.53,17.00,33.00,1.12,19404468,2026-09-18T06:21:47Z
C,vacuum,2e_K500,async,128,9,0,0.00,47.90,181.47,653.21,194.79,458.42,,,834.68,639.89,1.49,0.00,30.00,1.12,19404432,2026-09-18T06:21:48Z
C,vacuum,2f_slru,async,128,9,0,0.00,100.00,95.32,842.80,194.33,648.48,,,938.12,743.80,1.47,0.00,30.00,1.12,19405768,2026-09-18T06:21:48Z
C,vacuum,leaf_freq_K10,async,128,9,0,0.00,100.00,1217.18,269.22,196.84,72.38,,,1486.40,1289.56,1.52,17.00,31.00,1.11,19405128,2026-09-18T06:21:48Z
C,vacuum,leaf_rand_K10,async,128,9,0,0.00,100.00,2357.79,271.46,196.31,75.15,,,2629.25,2432.94,1.61,18.00,27.00,1.11,19405548,2026-09-18T06:21:48Z
C,ta,layers_5,async,128,9,0,0.00,100.00,826.52,263.96,195.34,68.62,,,1090.48,895.14,1.58,20.00,30.00,1.11,19406580,2026-09-18T06:21:49Z
C,ta,layers_92,async,128,9,0,0.00,100.00,466.23,374.65,196.22,178.44,,,840.88,644.67,1.61,19.00,31.00,1.11,19406924,2026-09-18T06:21:49Z
C,ta,2d,async,128,9,0,0.00,64.60,474.54,308.45,194.57,113.87,,,782.99,588.41,1.62,19.00,31.00,1.11,19409404,2026-09-18T06:21:49Z
C,ta,2e_K10,async,128,9,0,0.00,70.70,477.97,326.46,195.15,131.32,,,804.43,609.29,1.58,19.00,34.00,1.11,19410336,2026-09-18T06:21:50Z
C,ta,2e_K500,async,128,9,0,0.00,100.00,181.19,793.58,193.63,599.95,,,974.77,781.14,1.55,0.00,38.00,1.11,19411076,2026-09-18T06:21:50Z
C,ta,2f_slru,async,128,9,0,0.00,100.00,97.48,1071.58,197.26,874.32,,,1169.06,971.80,1.53,0.00,38.00,1.11,19411504,2026-09-18T06:21:50Z
C,ta,leaf_freq_K10,async,128,9,0,0.00,100.00,1187.98,265.08,191.68,73.40,,,1453.06,1261.38,1.59,20.00,33.00,1.11,19411260,2026-09-18T06:21:50Z
C,ta,leaf_rand_K10,async,128,9,0,0.00,100.00,894.70,273.69,194.71,78.99,,,1168.39,973.69,1.59,20.00,30.00,1.11,19411548,2026-09-18T06:21:51Z
C,1gb,layers_5,async,128,9,0,0.00,100.00,1315.85,273.58,203.65,69.93,,,1589.43,1385.78,1.67,40.00,54.00,1.11,19412520,2026-09-18T06:21:51Z
C,1gb,layers_92,async,128,9,0,0.00,100.00,898.21,408.91,194.68,214.23,,,1307.12,1112.44,1.66,40.00,56.00,1.11,19412320,2026-09-18T06:21:51Z
C,1gb,2d,async,128,9,0,0.00,100.00,599.65,285.80,205.08,80.72,,,885.45,680.37,1.67,39.00,57.00,1.11,19395016,2026-09-18T06:21:51Z
C,1gb,2e_K10,async,128,9,0,0.00,100.00,181.23,280.99,194.93,86.06,,,462.22,267.29,1.68,37.00,67.00,1.11,19395908,2026-09-18T06:21:52Z
C,1gb,2e_K500,async,128,9,0,0.00,100.00,185.05,1613.39,419.59,1193.80,,,1798.44,1378.85,1.67,36.00,92.00,1.11,19413816,2026-09-18T06:21:52Z
C,1gb,2f_slru,async,128,9,0,0.00,100.00,101.46,1709.72,195.39,1514.34,,,1811.18,1615.80,1.57,0.00,64.00,1.11,19415844,2026-09-18T06:21:52Z
C,1gb,leaf_freq_K10,async,128,9,0,0.00,100.00,897.66,268.07,194.99,73.09,,,1165.73,970.75,1.69,39.00,62.00,1.11,19415824,2026-09-18T06:21:53Z
C,1gb,leaf_rand_K10,async,128,9,0,0.00,100.00,1239.23,270.80,194.93,75.87,,,1510.03,1315.10,1.66,40.00,54.00,1.11,19419144,2026-09-18T06:21:53Z
A,vacuum,baseline,baseline,128,10,0,0.00,0.00,956.63,0.00,0.00,0.00,,,956.63,956.63,2.03,149.00,213.00,1.10,19420660,2026-09-18T06:21:53Z
A,ta,baseline,baseline,128,10,0,0.00,0.00,1084.21,0.00,0.00,0.00,,,1084.21,1084.21,2.21,188.00,247.00,1.10,19419544,2026-09-18T06:21:54Z
A,1gb,baseline,baseline,128,10,0,0.00,0.00,1331.16,0.00,0.00,0.00,,,1331.16,1331.16,2.15,191.00,248.00,1.10,19419188,2026-09-18T06:21:54Z
B,vacuum,baseline,baseline,128,10,0,0.00,0.00,1009.66,0.00,0.00,0.00,,,1009.66,1009.66,2.06,147.00,209.00,1.10,19421464,2026-09-18T06:21:54Z
B,ta,baseline,baseline,128,10,0,0.00,0.00,635.43,0.00,0.00,0.00,,,635.43,635.43,2.25,192.00,246.00,1.10,19419988,2026-09-18T06:21:55Z
B,1gb,baseline,baseline,128,10,0,0.00,0.00,1426.25,0.00,0.00,0.00,,,1426.25,1426.25,2.19,193.00,253.00,1.10,19418936,2026-09-18T06:21:55Z
C,vacuum,baseline,baseline,128,10,0,0.00,0.00,1010.00,0.00,0.00,0.00,,,1010.00,1010.00,1.53,18.00,27.00,1.10,19421160,2026-09-18T06:21:55Z
C,ta,baseline,baseline,128,10,0,0.00,0.00,844.96,0.00,0.00,0.00,,,844.96,844.96,1.61,20.00,30.00,1.10,19421612,2026-09-18T06:21:55Z
C,1gb,baseline,baseline,128,10,0,0.00,0.00,1386.23,0.00,0.00,0.00,,,1386.23,1386.23,1.72,40.00,55.00,1.10,19420100,2026-09-18T06:21:56Z
A,vacuum,layers_5,async,128,10,0,0.00,100.00,739.61,295.45,226.24,69.22,,,1035.06,808.83,2.07,150.00,210.00,1.10,19423316,2026-09-18T06:21:56Z
A,vacuum,layers_92,async,128,10,0,0.00,100.00,507.45,409.40,224.87,184.53,,,916.85,691.98,2.02,150.00,217.00,1.10,19422376,2026-09-18T06:21:56Z
A,vacuum,2d,async,128,10,0,0.00,100.00,498.61,299.93,221.86,78.08,,,798.54,576.69,1.99,150.00,217.00,1.10,19422392,2026-09-18T06:21:57Z
A,vacuum,2e_K10,async,128,10,0,0.00,100.00,532.28,313.71,224.20,89.51,,,845.99,621.79,2.00,149.00,225.00,1.10,19422740,2026-09-18T06:21:57Z
A,vacuum,2e_K500,async,128,10,0,0.00,15.80,641.87,959.81,225.44,734.37,,,1601.68,1376.24,2.01,151.00,322.00,1.10,19400248,2026-09-18T06:21:57Z
A,vacuum,2f_slru,async,128,10,0,0.00,100.00,105.03,5607.57,229.67,5377.90,,,5712.60,5482.93,1.56,0.00,214.00,1.10,19403248,2026-09-18T06:21:58Z
A,vacuum,leaf_freq_K10,async,128,10,0,0.00,100.00,932.30,300.86,225.11,75.74,,,1233.16,1008.04,2.03,149.00,217.00,1.10,19402148,2026-09-18T06:21:58Z
A,vacuum,leaf_rand_K10,async,128,10,0,0.00,100.00,949.15,301.91,226.19,75.72,,,1251.06,1024.87,2.01,149.00,215.00,1.10,19402388,2026-09-18T06:21:58Z
A,ta,layers_5,async,128,10,0,0.00,100.00,986.53,295.55,225.72,69.82,,,1282.08,1056.35,2.15,188.00,246.00,1.10,19402540,2026-09-18T06:21:58Z
A,ta,layers_92,async,128,10,0,0.00,100.00,563.21,407.63,224.05,183.57,,,970.84,746.78,2.14,187.00,246.00,1.10,19403508,2026-09-18T06:21:59Z
A,ta,2d,async,128,10,0,0.00,91.20,846.53,333.54,227.19,106.35,,,1180.07,952.88,2.15,187.00,246.00,1.10,19402716,2026-09-18T06:21:59Z
A,ta,2e_K10,async,128,10,0,0.00,100.00,562.80,345.56,223.96,121.60,,,908.36,684.40,2.16,190.00,247.00,1.10,19403988,2026-09-18T06:21:59Z
A,ta,2e_K500,async,128,10,0,0.00,28.80,570.57,1000.37,186.98,813.39,,,1570.94,1383.96,2.11,181.00,379.00,1.10,19404108,2026-09-18T06:22:00Z
A,ta,2f_slru,async,128,10,0,0.00,100.00,99.89,7220.72,186.85,7033.86,,,7320.61,7133.75,1.55,0.00,279.00,1.10,19402680,2026-09-18T06:22:00Z
A,ta,leaf_freq_K10,async,128,10,0,0.00,100.00,1090.34,260.47,185.73,74.74,,,1350.81,1165.08,2.17,191.00,248.00,1.10,19404644,2026-09-18T06:22:00Z
A,ta,leaf_rand_K10,async,128,10,0,0.00,100.00,1017.29,260.62,184.67,75.95,,,1277.91,1093.24,2.17,188.00,247.00,1.10,19405144,2026-09-18T06:22:01Z
A,1gb,layers_5,async,128,10,0,0.00,100.00,1291.83,253.60,184.55,69.05,,,1545.43,1360.88,2.13,191.00,246.00,1.10,19406128,2026-09-18T06:22:01Z
A,1gb,layers_92,async,128,10,0,0.00,100.00,868.30,396.99,184.21,212.78,,,1265.29,1081.08,2.12,188.00,257.00,1.10,19405300,2026-09-18T06:22:01Z
A,1gb,2d,async,128,10,0,0.00,100.00,538.94,274.12,184.84,89.28,,,813.06,628.22,2.16,187.00,258.00,1.10,19405952,2026-09-18T06:22:02Z
A,1gb,2e_K10,async,128,10,0,0.00,100.00,566.23,287.18,186.21,100.97,,,853.41,667.20,2.14,190.00,260.00,1.10,19407512,2026-09-18T06:22:02Z
A,1gb,2e_K500,async,128,10,0,0.00,100.00,659.82,1106.56,184.70,921.86,,,1766.38,1581.68,2.10,181.00,384.00,1.10,19399948,2026-09-18T06:22:02Z
A,1gb,2f_slru,async,128,10,0,0.00,100.00,97.44,7382.87,185.67,7197.20,,,7480.31,7294.64,1.58,0.00,280.00,1.10,19399892,2026-09-18T06:22:03Z
A,1gb,leaf_freq_K10,async,128,10,0,0.00,100.00,1666.04,262.14,186.02,76.12,,,1928.18,1742.16,2.20,193.00,248.00,1.10,19405684,2026-09-18T06:22:03Z
A,1gb,leaf_rand_K10,async,128,10,0,0.00,100.00,1333.76,263.00,187.01,75.99,,,1596.76,1409.75,2.18,191.00,247.00,1.09,19406432,2026-09-18T06:22:03Z
B,vacuum,layers_5,async,128,10,0,0.00,100.00,874.08,255.03,187.00,68.03,,,1129.11,942.11,2.14,148.00,209.00,1.09,19408636,2026-09-18T06:22:04Z
B,vacuum,layers_92,async,128,10,0,0.00,100.00,514.58,371.36,184.81,186.55,,,885.94,701.13,2.04,145.00,223.00,1.09,19409024,2026-09-18T06:22:04Z
B,vacuum,2d,async,128,10,0,0.00,100.00,519.67,263.06,184.37,78.69,,,782.73,598.36,2.06,145.00,223.00,1.09,19409872,2026-09-18T06:22:04Z
B,vacuum,2e_K10,async,128,10,0,0.00,100.00,514.01,277.22,186.13,91.09,,,791.23,605.10,2.06,145.00,224.00,1.09,19409820,2026-09-18T06:22:05Z
B,vacuum,2e_K500,async,128,10,0,0.00,22.30,184.68,930.54,184.54,746.00,,,1115.22,930.68,2.01,148.00,286.00,1.09,19408584,2026-09-18T06:22:05Z
B,vacuum,2f_slru,async,128,10,0,0.00,100.00,96.73,5564.32,183.88,5380.44,,,5661.05,5477.17,1.60,0.00,214.00,1.09,19409336,2026-09-18T06:22:05Z
B,vacuum,leaf_freq_K10,async,128,10,0,0.00,100.00,991.76,259.34,184.54,74.80,,,1251.10,1066.56,2.06,147.00,209.00,1.09,19409704,2026-09-18T06:22:05Z
B,vacuum,leaf_rand_K10,async,128,10,0,0.00,100.00,922.55,261.21,185.98,75.23,,,1183.76,997.78,2.06,147.00,209.00,1.09,19410344,2026-09-18T06:22:06Z
B,ta,layers_5,async,128,10,0,0.00,100.00,815.12,252.96,183.50,69.45,,,1068.08,884.57,2.18,192.00,244.00,1.09,19410476,2026-09-18T06:22:06Z
B,ta,layers_92,async,128,10,0,0.00,50.00,462.95,366.93,185.57,181.36,,,829.88,644.31,2.22,191.00,244.00,1.09,19411660,2026-09-18T06:22:06Z
B,ta,2d,async,128,10,0,0.00,100.00,477.16,309.75,186.32,123.43,,,786.91,600.59,2.18,191.00,244.00,1.09,19411716,2026-09-18T06:22:07Z
B,ta,2e_K10,async,128,10,0,0.00,57.90,492.71,318.24,185.52,132.72,,,810.95,625.43,2.20,191.00,244.00,1.09,19411912,2026-09-18T06:22:07Z
B,ta,2e_K500,async,128,10,0,0.00,29.30,514.90,972.36,184.14,788.22,,,1487.26,1303.12,2.14,182.00,315.00,1.09,19410920,2026-09-18T06:22:07Z
B,ta,2f_slru,async,128,10,0,0.00,100.00,98.50,7227.67,185.63,7042.04,,,7326.17,7140.54,1.62,0.00,279.00,1.09,19386748,2026-09-18T06:22:08Z
B,ta,leaf_freq_K10,async,128,10,0,0.00,100.00,615.38,257.93,183.65,74.28,,,873.31,689.66,2.17,192.00,246.00,1.09,19399516,2026-09-18T06:22:08Z
B,ta,leaf_rand_K10,async,128,10,0,0.00,100.00,621.49,261.90,185.44,76.46,,,883.39,697.95,2.19,192.00,246.00,1.08,19399960,2026-09-18T06:22:08Z
B,1gb,layers_5,async,128,10,0,0.00,100.00,1408.71,261.40,187.21,74.19,,,1670.11,1482.90,2.29,194.00,254.00,1.08,19400592,2026-09-18T06:22:09Z
B,1gb,layers_92,async,128,10,0,0.00,100.00,974.32,397.23,185.54,211.69,,,1371.55,1186.01,2.24,195.00,260.00,1.08,19401572,2026-09-18T06:22:09Z
B,1gb,2d,async,128,10,0,0.00,100.00,3468.25,281.90,190.76,91.14,,,3750.15,3559.39,2.27,194.00,261.00,1.08,19402192,2026-09-18T06:22:09Z
B,1gb,2e_K10,async,128,10,0,0.00,100.00,638.13,289.53,185.40,104.14,,,927.66,742.27,2.19,194.00,261.00,1.08,19401604,2026-09-18T06:22:10Z
B,1gb,2e_K500,async,128,10,0,0.00,100.00,184.05,1143.71,228.51,915.20,,,1327.76,1099.25,2.17,183.00,324.00,1.08,19402936,2026-09-18T06:22:10Z
B,1gb,2f_slru,async,128,10,0,0.00,100.00,102.79,7565.04,295.31,7269.73,,,7667.83,7372.52,1.62,0.00,280.00,1.08,19400624,2026-09-18T06:22:10Z
B,1gb,leaf_freq_K10,async,128,10,0,0.00,100.00,1529.27,305.77,231.29,74.48,,,1835.04,1603.75,2.20,193.00,252.00,1.08,19403708,2026-09-18T06:22:11Z
B,1gb,leaf_rand_K10,async,128,10,0,0.00,100.00,1434.52,305.89,230.99,74.90,,,1740.41,1509.42,2.20,193.00,253.00,1.08,19405048,2026-09-18T06:22:11Z
C,vacuum,layers_5,async,128,10,0,0.00,100.00,919.12,326.82,253.34,73.49,,,1245.94,992.61,1.52,18.00,27.00,1.08,19405968,2026-09-18T06:22:11Z
C,vacuum,layers_92,async,128,10,0,0.00,100.00,508.13,419.45,234.78,184.67,,,927.58,692.80,1.52,18.00,29.00,1.08,19405736,2026-09-18T06:22:11Z
C,vacuum,2d,async,128,10,0,0.00,100.00,506.17,297.82,228.24,69.58,,,803.99,575.75,1.53,18.00,29.00,1.08,19405192,2026-09-18T06:22:12Z
C,vacuum,2e_K10,async,128,10,0,0.00,100.00,516.04,308.54,229.61,78.93,,,824.58,594.97,1.53,17.00,33.00,1.08,19405452,2026-09-18T06:22:12Z
C,vacuum,2e_K500,async,128,10,0,0.00,59.80,214.79,708.31,235.93,472.38,,,923.10,687.17,1.48,0.00,30.00,1.08,19405840,2026-09-18T06:22:12Z
C,vacuum,2f_slru,async,128,10,0,0.00,100.00,97.60,846.09,229.12,616.97,,,943.69,714.57,1.48,0.00,30.00,1.08,19423148,2026-09-18T06:22:13Z
C,vacuum,leaf_freq_K10,async,128,10,0,0.00,100.00,965.42,321.49,241.69,79.80,,,1286.91,1045.22,1.53,17.00,31.00,1.08,19423636,2026-09-18T06:22:13Z
C,vacuum,leaf_rand_K10,async,128,10,0,0.00,100.00,988.79,301.39,225.36,76.02,,,1290.18,1064.81,1.55,18.00,27.00,1.07,19423428,2026-09-18T06:22:13Z
C,ta,layers_5,async,128,10,0,0.00,100.00,1736.74,297.56,230.17,67.39,,,2034.30,1804.13,1.63,20.00,30.00,1.07,19420032,2026-09-18T06:22:13Z
C,ta,layers_92,async,128,10,0,0.00,29.30,475.18,395.72,229.76,165.96,,,870.90,641.14,1.58,19.00,31.00,1.07,19421572,2026-09-18T06:22:14Z
C,ta,2d,async,128,10,0,0.00,100.00,473.13,355.26,228.51,126.75,,,828.39,599.88,1.58,19.00,31.00,1.07,19422572,2026-09-18T06:22:14Z
C,ta,2e_K10,async,128,10,0,0.00,100.00,472.57,358.38,228.66,129.72,,,830.95,602.29,1.58,19.00,34.00,1.07,19420376,2026-09-18T06:22:14Z
C,ta,2e_K500,async,128,10,0,0.00,100.00,182.92,851.90,227.47,624.43,,,1034.82,807.35,1.52,0.00,38.00,1.07,19422300,2026-09-18T06:22:14Z
C,ta,2f_slru,async,128,10,0,0.00,100.00,93.26,1037.05,226.74,810.31,,,1130.31,903.57,1.53,0.00,38.00,1.07,19421536,2026-09-18T06:22:15Z
C,ta,leaf_freq_K10,async,128,10,0,0.00,100.00,1227.72,1364.71,1290.15,74.56,,,2592.43,1302.28,1.61,20.00,33.00,1.07,19421988,2026-09-18T06:22:15Z
C,ta,leaf_rand_K10,async,128,10,0,0.00,100.00,885.17,304.37,226.31,78.07,,,1189.54,963.24,1.59,20.00,30.00,1.07,19423660,2026-09-18T06:22:15Z
C,1gb,layers_5,async,128,10,0,0.00,100.00,1322.72,299.74,229.86,69.88,,,1622.46,1392.60,1.68,40.00,54.00,1.07,19424560,2026-09-18T06:22:15Z
C,1gb,layers_92,async,128,10,0,0.00,100.00,961.30,426.43,230.28,196.15,,,1387.73,1157.45,1.69,40.00,56.00,1.07,19424360,2026-09-18T06:22:16Z
C,1gb,2d,async,128,10,0,0.00,100.00,657.43,300.39,226.60,73.80,,,957.82,731.23,1.69,39.00,57.00,1.07,19424612,2026-09-18T06:22:16Z
C,1gb,2e_K10,async,128,10,0,0.00,100.00,179.17,311.50,227.44,84.07,,,490.67,263.24,1.68,37.00,67.00,1.07,19424440,2026-09-18T06:22:16Z
C,1gb,2e_K500,async,128,10,0,0.00,100.00,183.96,930.95,226.71,704.24,,,1114.91,888.20,1.65,36.00,93.00,1.07,19424920,2026-09-18T06:22:17Z
C,1gb,2f_slru,async,128,10,0,0.00,100.00,96.80,1869.81,228.70,1641.11,,,1966.61,1737.91,1.57,0.00,64.00,1.07,19425800,2026-09-18T06:22:17Z
C,1gb,leaf_freq_K10,async,128,10,0,0.00,100.00,928.49,301.17,227.51,73.66,,,1229.66,1002.15,1.68,39.00,62.00,1.07,19425168,2026-09-18T06:22:17Z
C,1gb,leaf_rand_K10,async,128,10,0,0.00,100.00,1445.99,305.55,230.04,75.50,,,1751.54,1521.49,1.69,40.00,54.00,1.07,19425716,2026-09-18T06:22:17Z
A,vacuum,baseline,baseline,128,11,0,0.00,0.00,946.79,0.00,0.00,0.00,,,946.79,946.79,2.05,149.00,213.00,1.07,19409124,2026-09-18T06:22:18Z
A,ta,baseline,baseline,128,11,0,0.00,0.00,1131.82,0.00,0.00,0.00,,,1131.82,1131.82,2.14,188.00,247.00,1.07,19409156,2026-09-18T06:22:18Z
A,1gb,baseline,baseline,128,11,0,0.00,0.00,1432.32,0.00,0.00,0.00,,,1432.32,1432.32,2.17,191.00,248.00,1.07,19407048,2026-09-18T06:22:18Z
B,vacuum,baseline,baseline,128,11,0,0.00,0.00,977.00,0.00,0.00,0.00,,,977.00,977.00,2.06,147.00,209.00,1.07,19409376,2026-09-18T06:22:19Z
B,ta,baseline,baseline,128,11,0,0.00,0.00,716.60,0.00,0.00,0.00,,,716.60,716.60,2.19,192.00,246.00,1.07,19410408,2026-09-18T06:22:19Z
B,1gb,baseline,baseline,128,11,0,0.00,0.00,1418.12,0.00,0.00,0.00,,,1418.12,1418.12,2.22,193.00,253.00,1.07,19381636,2026-09-18T06:22:19Z
C,vacuum,baseline,baseline,128,11,0,0.00,0.00,954.89,0.00,0.00,0.00,,,954.89,954.89,1.53,18.00,27.00,1.07,19390292,2026-09-18T06:22:20Z
C,ta,baseline,baseline,128,11,0,0.00,0.00,909.48,0.00,0.00,0.00,,,909.48,909.48,1.59,20.00,30.00,1.07,19392244,2026-09-18T06:22:20Z
C,1gb,baseline,baseline,128,11,0,0.00,0.00,1441.31,0.00,0.00,0.00,,,1441.31,1441.31,1.69,40.00,55.00,1.07,19391884,2026-09-18T06:22:20Z
A,vacuum,layers_5,async,128,11,0,0.00,100.00,869.49,295.68,227.19,68.49,,,1165.17,937.98,2.03,150.00,210.00,1.07,19393532,2026-09-18T06:22:21Z
A,vacuum,layers_92,async,128,11,0,0.00,100.00,546.28,1031.16,848.03,183.12,,,1577.44,729.40,2.01,150.00,217.00,1.07,19393004,2026-09-18T06:22:21Z
A,vacuum,2d,async,128,11,0,0.00,100.00,570.79,301.98,225.10,76.87,,,872.77,647.66,2.00,150.00,217.00,1.07,19394708,2026-09-18T06:22:21Z
A,vacuum,2e_K10,async,128,11,0,0.00,100.00,508.67,316.45,225.74,90.71,,,825.12,599.38,1.99,149.00,225.00,1.07,19394584,2026-09-18T06:22:21Z
A,vacuum,2e_K500,async,128,11,0,0.00,16.20,549.29,929.04,223.52,705.52,,,1478.33,1254.81,1.96,151.00,322.00,1.07,19395272,2026-09-18T06:22:22Z
A,vacuum,2f_slru,async,128,11,0,0.00,100.00,98.41,5556.30,225.39,5330.90,,,5654.71,5429.31,1.56,0.00,214.00,1.07,19397576,2026-09-18T06:22:22Z
A,vacuum,leaf_freq_K10,async,128,11,0,0.00,100.00,2322.34,296.59,222.25,74.34,,,2618.93,2396.68,2.05,149.00,217.00,1.07,19397372,2026-09-18T06:22:22Z
A,vacuum,leaf_rand_K10,async,128,11,0,0.00,100.00,904.36,301.86,226.04,75.81,,,1206.22,980.17,1.98,149.00,215.00,1.07,19396716,2026-09-18T06:22:23Z
A,ta,layers_5,async,128,11,0,0.00,100.00,975.97,299.85,230.24,69.61,,,1275.82,1045.58,2.11,188.00,246.00,1.06,19397228,2026-09-18T06:22:23Z
A,ta,layers_92,async,128,11,0,0.00,32.60,558.99,395.29,226.32,168.97,,,954.28,727.96,2.20,187.00,246.00,1.06,19398356,2026-09-18T06:22:23Z
A,ta,2d,async,128,11,0,0.00,91.20,565.02,331.90,227.59,104.32,,,896.92,669.34,2.12,187.00,246.00,1.06,19398868,2026-09-18T06:22:24Z
A,ta,2e_K10,async,128,11,0,0.00,93.20,571.41,339.90,224.26,115.64,,,911.31,687.05,2.16,190.00,247.00,1.06,19399640,2026-09-18T06:22:24Z
A,ta,2e_K500,async,128,11,0,0.00,41.40,558.06,979.96,184.79,795.17,,,1538.02,1353.23,2.12,181.00,380.00,1.06,19400300,2026-09-18T06:22:24Z
A,ta,2f_slru,async,128,11,0,0.00,100.00,98.64,7199.77,184.03,7015.74,,,7298.41,7114.38,1.56,0.00,279.00,1.06,19398772,2026-09-18T06:22:25Z
A,ta,leaf_freq_K10,async,128,11,0,0.00,100.00,1114.14,263.48,188.14,75.33,,,1377.62,1189.47,2.20,191.00,248.00,1.06,19387072,2026-09-18T06:22:25Z
A,ta,leaf_rand_K10,async,128,11,0,0.00,100.00,1067.59,261.76,186.36,75.40,,,1329.35,1142.99,2.18,188.00,247.00,1.06,19387968,2026-09-18T06:22:25Z
A,1gb,layers_5,async,128,11,0,0.00,100.00,1426.64,258.36,188.32,70.03,,,1685.00,1496.67,2.17,191.00,246.00,1.06,19389176,2026-09-18T06:22:26Z
A,1gb,layers_92,async,128,11,0,0.00,100.00,912.70,402.08,186.33,215.75,,,1314.78,1128.45,2.16,188.00,257.00,1.06,19387504,2026-09-18T06:22:26Z
A,1gb,2d,async,128,11,0,0.00,100.00,541.15,274.80,185.55,89.25,,,815.95,630.40,2.21,187.00,258.00,1.06,19388572,2026-09-18T06:22:26Z
A,1gb,2e_K10,async,128,11,0,0.00,100.00,571.75,310.49,185.91,124.58,,,882.24,696.33,2.15,190.00,260.00,1.06,19387332,2026-09-18T06:22:27Z
A,1gb,2e_K500,async,128,11,0,0.00,100.00,658.63,1095.75,183.37,912.38,,,1754.38,1571.01,2.10,181.00,384.00,1.06,19388316,2026-09-18T06:22:27Z
A,1gb,2f_slru,async,128,11,0,0.00,100.00,100.46,7216.23,183.40,7032.83,,,7316.69,7133.29,1.57,0.00,280.00,1.06,19389308,2026-09-18T06:22:27Z
A,1gb,leaf_freq_K10,async,128,11,0,0.00,100.00,1454.70,269.48,193.53,75.94,,,1724.18,1530.64,2.17,193.00,248.00,1.06,19389716,2026-09-18T06:22:28Z
A,1gb,leaf_rand_K10,async,128,11,0,0.00,100.00,1432.67,272.53,192.29,80.24,,,1705.20,1512.91,2.19,191.00,247.00,1.06,19389392,2026-09-18T06:22:28Z
B,vacuum,layers_5,async,128,11,0,0.00,100.00,895.12,255.97,185.20,70.77,,,1151.09,965.89,2.04,148.00,209.00,1.06,19393352,2026-09-18T06:22:28Z
B,vacuum,layers_92,async,128,11,0,0.00,100.00,522.31,370.28,186.76,183.51,,,892.59,705.82,2.07,145.00,223.00,1.06,19394624,2026-09-18T06:22:28Z
B,vacuum,2d,async,128,11,0,0.00,100.00,593.40,262.32,182.31,80.01,,,855.72,673.41,2.05,145.00,223.00,1.06,19392360,2026-09-18T06:22:29Z
B,vacuum,2e_K10,async,128,11,0,0.00,100.00,518.16,276.15,185.15,91.00,,,794.31,609.16,2.01,145.00,223.00,1.06,19393008,2026-09-18T06:22:29Z
B,vacuum,2e_K500,async,128,11,0,0.00,100.00,183.46,1070.33,196.86,873.47,,,1253.79,1056.93,2.03,148.00,283.00,1.06,19394000,2026-09-18T06:22:29Z
B,vacuum,2f_slru,async,128,11,0,0.00,100.00,99.38,5507.41,185.90,5321.51,,,5606.79,5420.89,1.60,0.00,214.00,1.06,19394208,2026-09-18T06:22:30Z
B,vacuum,leaf_freq_K10,async,128,11,0,0.00,100.00,995.58,267.42,192.82,74.60,,,1263.00,1070.18,2.06,147.00,210.00,1.06,19380748,2026-09-18T06:22:30Z
B,vacuum,leaf_rand_K10,async,128,11,0,0.00,100.00,998.28,261.94,185.68,76.26,,,1260.22,1074.54,2.05,147.00,209.00,1.06,19382968,2026-09-18T06:22:30Z
B,ta,layers_5,async,128,11,0,0.00,100.00,862.68,254.80,185.54,69.26,,,1117.48,931.94,2.19,192.00,244.00,1.06,19382524,2026-09-18T06:22:31Z
B,ta,layers_92,async,128,11,0,0.00,33.70,393.66,371.10,192.71,178.38,,,764.76,572.04,2.20,191.00,244.00,1.06,19384244,2026-09-18T06:22:31Z
B,ta,2d,async,128,11,0,0.00,48.90,485.31,308.12,186.29,121.83,,,793.43,607.14,2.21,191.00,244.00,1.06,19383952,2026-09-18T06:22:31Z
B,ta,2e_K10,async,128,11,0,0.00,100.00,422.08,325.75,193.79,131.96,,,747.83,554.04,2.18,191.00,244.00,1.06,19384456,2026-09-18T06:22:32Z
B,ta,2e_K500,async,128,11,0,0.00,29.10,218.92,972.79,184.71,788.08,,,1191.71,1007.00,2.18,182.00,313.00,1.06,19385320,2026-09-18T06:22:32Z
B,ta,2f_slru,async,128,11,0,0.00,100.00,99.35,7245.75,186.26,7059.49,,,7345.10,7158.84,1.61,0.00,279.00,1.06,19381784,2026-09-18T06:22:32Z
B,ta,leaf_freq_K10,async,128,11,0,0.00,100.00,637.87,261.66,187.27,74.39,,,899.53,712.26,2.19,192.00,246.00,1.06,19386088,2026-09-18T06:22:33Z
B,ta,leaf_rand_K10,async,128,11,0,0.00,100.00,679.97,288.45,208.28,80.17,,,968.42,760.14,2.27,192.00,246.00,1.06,19398204,2026-09-18T06:22:33Z
B,1gb,layers_5,async,128,11,0,0.00,100.00,1434.26,287.83,217.48,70.35,,,1722.09,1504.61,2.21,194.00,254.00,1.05,19400088,2026-09-18T06:22:33Z
B,1gb,layers_92,async,128,11,0,0.00,100.00,1019.29,390.25,186.99,203.26,,,1409.54,1222.55,2.23,195.00,260.00,1.05,19401396,2026-09-18T06:22:34Z
B,1gb,2d,async,128,11,0,0.00,100.00,677.30,285.08,190.14,94.94,,,962.38,772.24,2.27,194.00,261.00,1.05,19400840,2026-09-18T06:22:34Z
B,1gb,2e_K10,async,128,11,0,0.00,100.00,538.30,291.23,185.74,105.49,,,829.53,643.79,2.20,194.00,261.00,1.05,19402008,2026-09-18T06:22:34Z
B,1gb,2e_K500,async,128,11,0,0.00,100.00,181.88,1155.45,230.47,924.98,,,1337.33,1106.86,2.17,183.00,328.00,1.05,19403216,2026-09-18T06:22:35Z
B,1gb,2f_slru,async,128,11,0,0.00,100.00,100.47,7326.78,233.19,7093.60,,,7427.25,7194.07,1.63,0.00,280.00,1.05,19400088,2026-09-18T06:22:35Z
B,1gb,leaf_freq_K10,async,128,11,0,0.00,100.00,1519.10,300.44,225.87,74.57,,,1819.54,1593.67,2.24,193.00,252.00,1.05,19402696,2026-09-18T06:22:35Z
B,1gb,leaf_rand_K10,async,128,11,0,0.00,100.00,1340.13,304.42,227.86,76.56,,,1644.55,1416.69,2.24,193.00,253.00,1.05,19396424,2026-09-18T06:22:36Z
C,vacuum,layers_5,async,128,11,0,0.00,100.00,893.23,311.96,239.49,72.47,,,1205.19,965.70,1.53,18.00,27.00,1.05,19402504,2026-09-18T06:22:36Z
C,vacuum,layers_92,async,128,11,0,0.00,100.00,510.47,425.61,228.08,197.53,,,936.08,708.00,1.53,18.00,29.00,1.05,19403540,2026-09-18T06:22:36Z
C,vacuum,2d,async,128,11,0,0.00,100.00,568.93,336.97,266.76,70.21,,,905.90,639.14,1.55,18.00,29.00,1.05,19405440,2026-09-18T06:22:36Z
C,vacuum,2e_K10,async,128,11,0,0.00,78.60,523.89,307.62,229.08,78.54,,,831.51,602.43,1.53,17.00,33.00,1.05,19402996,2026-09-18T06:22:37Z
C,vacuum,2e_K500,async,128,11,0,0.00,47.90,5740.26,679.77,231.91,447.86,,,6420.03,6188.12,1.54,0.00,30.00,1.05,19403408,2026-09-18T06:22:37Z
C,vacuum,2f_slru,async,128,11,0,0.00,100.00,96.66,833.11,229.62,603.49,,,929.77,700.15,1.48,0.00,30.00,1.05,19405596,2026-09-18T06:22:37Z
C,vacuum,leaf_freq_K10,async,128,11,0,0.00,100.00,1152.24,302.77,229.48,73.29,,,1455.01,1225.53,1.51,17.00,31.00,1.05,19406720,2026-09-18T06:22:37Z
C,vacuum,leaf_rand_K10,async,128,11,0,0.00,100.00,988.38,304.02,228.19,75.83,,,1292.40,1064.21,1.53,18.00,27.00,1.05,19406596,2026-09-18T06:22:38Z
C,ta,layers_5,async,128,11,0,0.00,100.00,888.86,298.15,230.23,67.92,,,1187.01,956.78,1.61,20.00,30.00,1.05,19407120,2026-09-18T06:22:38Z
C,ta,layers_92,async,128,11,0,0.00,100.00,466.23,399.41,230.92,168.49,,,865.64,634.72,1.61,19.00,31.00,1.05,19397972,2026-09-18T06:22:38Z
C,ta,2d,async,128,11,0,0.00,47.90,480.84,348.25,229.70,118.54,,,829.09,599.38,1.60,19.00,31.00,1.05,19390960,2026-09-18T06:22:38Z
C,ta,2e_K10,async,128,11,0,0.00,70.70,474.58,360.18,231.43,128.75,,,834.76,603.33,1.59,19.00,34.00,1.05,19391460,2026-09-18T06:22:39Z
C,ta,2e_K500,async,128,11,0,0.00,100.00,183.79,853.99,230.73,623.25,,,1037.78,807.04,1.52,0.00,38.00,1.05,19393156,2026-09-18T06:22:39Z
C,ta,2f_slru,async,128,11,0,0.00,100.00,97.00,1019.03,228.90,790.12,,,1116.03,887.12,1.54,0.00,38.00,1.05,19392692,2026-09-18T06:22:39Z
C,ta,leaf_freq_K10,async,128,11,0,0.00,100.00,1235.26,303.66,228.34,75.32,,,1538.92,1310.58,1.61,20.00,33.00,1.05,19391124,2026-09-18T06:22:39Z
C,ta,leaf_rand_K10,async,128,11,0,0.00,100.00,892.64,302.66,228.99,73.67,,,1195.30,966.31,1.58,20.00,30.00,1.05,19391920,2026-09-18T06:22:40Z
C,1gb,layers_5,async,128,11,0,0.00,100.00,1233.53,299.86,230.01,69.85,,,1533.39,1303.38,1.68,40.00,54.00,1.05,19392916,2026-09-18T06:22:40Z
C,1gb,layers_92,async,128,11,0,0.00,100.00,1063.99,437.67,232.32,205.36,,,1501.66,1269.35,1.70,40.00,56.00,1.05,19393336,2026-09-18T06:22:40Z
C,1gb,2d,async,128,11,0,0.00,100.00,599.46,306.13,231.95,74.18,,,905.59,673.64,1.69,39.00,57.00,1.05,19394228,2026-09-18T06:22:41Z
C,1gb,2e_K10,async,128,11,0,0.00,100.00,156.30,327.19,236.85,90.34,,,483.49,246.64,1.79,37.00,67.00,1.05,19381112,2026-09-18T06:22:41Z
C,1gb,2e_K500,async,128,11,0,0.00,100.00,185.42,987.46,231.92,755.54,,,1172.88,940.96,1.66,36.00,93.00,1.05,19383600,2026-09-18T06:22:41Z
C,1gb,2f_slru,async,128,11,0,0.00,100.00,102.07,1907.28,229.17,1678.10,,,2009.35,1780.17,1.55,0.00,64.00,1.05,19384428,2026-09-18T06:22:41Z
C,1gb,leaf_freq_K10,async,128,11,0,0.00,100.00,947.86,302.02,227.88,74.14,,,1249.88,1022.00,1.66,39.00,62.00,1.05,19383780,2026-09-18T06:22:42Z
C,1gb,leaf_rand_K10,async,128,11,0,0.00,100.00,1383.75,306.49,229.82,76.66,,,1690.24,1460.41,1.70,40.00,54.00,1.05,19384896,2026-09-18T06:22:42Z
