workload,db,strategy,arm,ra_kb,rep,warmup,cold_pct,delivery_pct,first_query_us,preproc_us,open_us,deliver_us,parse_us,ranges,e2e_us,e2e_warm_us,avg_us,majflt,minflt,load,memavail_kb,ts
A,vacuum,baseline,baseline,128,1,1,0.00,0.00,1087.74,0.00,0.00,0.00,,,1087.74,1087.74,1.99,143.00,224.00,1.06,42872288,2026-09-23T02:44:41Z
A,ta,baseline,baseline,128,1,1,0.00,0.00,776.75,0.00,0.00,0.00,,,776.75,776.75,2.10,176.00,280.00,1.06,42873248,2026-09-23T02:44:42Z
A,1gb,baseline,baseline,128,1,1,0.00,0.00,1374.14,0.00,0.00,0.00,,,1374.14,1374.14,2.12,179.00,271.00,1.06,42872432,2026-09-23T02:44:42Z
B,vacuum,baseline,baseline,128,1,1,0.00,0.00,1103.69,0.00,0.00,0.00,,,1103.69,1103.69,2.07,140.00,224.00,1.06,42875104,2026-09-23T02:44:42Z
B,ta,baseline,baseline,128,1,1,0.00,0.00,880.65,0.00,0.00,0.00,,,880.65,880.65,2.18,180.00,265.00,1.06,42874804,2026-09-23T02:44:43Z
B,1gb,baseline,baseline,128,1,1,0.00,0.00,1314.78,0.00,0.00,0.00,,,1314.78,1314.78,2.18,183.00,259.00,1.06,42858724,2026-09-23T02:44:43Z
C,vacuum,baseline,baseline,128,1,1,0.00,0.00,1161.87,0.00,0.00,0.00,,,1161.87,1161.87,1.54,15.00,25.00,1.14,42866940,2026-09-23T02:44:43Z
C,ta,baseline,baseline,128,1,1,0.00,0.00,816.83,0.00,0.00,0.00,,,816.83,816.83,1.58,21.00,28.00,1.14,42884316,2026-09-23T02:44:43Z
C,1gb,baseline,baseline,128,1,1,0.00,0.00,1294.08,0.00,0.00,0.00,,,1294.08,1294.08,1.67,36.00,64.00,1.14,42883160,2026-09-23T02:44:44Z
A,vacuum,layers_5,pread,128,1,1,0.00,100.00,976.87,816.29,232.31,583.99,,,1793.16,1560.86,2.00,143.00,225.00,1.14,42884872,2026-09-23T02:44:44Z
A,vacuum,layers_5,async,128,1,1,0.00,100.00,973.12,313.68,245.16,68.52,,,1286.80,1041.64,1.98,144.00,221.00,1.14,42885060,2026-09-23T02:44:44Z
A,vacuum,layers_92,pread,128,1,1,0.00,100.00,577.60,7880.76,242.65,7638.11,,,8458.36,8215.71,1.96,138.00,234.00,1.14,42884704,2026-09-23T02:44:45Z
A,vacuum,layers_92,async,128,1,1,0.00,100.00,578.63,424.76,241.57,183.18,,,1003.39,761.81,2.02,139.00,230.00,1.14,42885848,2026-09-23T02:44:45Z
A,vacuum,2d,pread,128,1,1,0.00,100.00,511.13,1424.67,239.51,1185.16,,,1935.80,1696.29,1.96,138.00,234.00,1.14,42885048,2026-09-23T02:44:45Z
A,vacuum,2d,async,128,1,1,0.00,100.00,575.13,317.52,240.88,76.63,,,892.65,651.76,1.97,139.00,230.00,1.14,42886788,2026-09-23T02:44:45Z
A,vacuum,2e_K10,pread,128,1,1,0.00,100.00,572.61,2256.28,236.12,2020.16,,,2828.89,2592.77,1.97,138.00,243.00,1.14,42886060,2026-09-23T02:44:46Z
A,vacuum,2e_K10,async,128,1,1,0.00,100.00,578.18,331.08,242.01,89.07,,,909.26,667.25,1.99,139.00,239.00,1.14,42886824,2026-09-23T02:44:46Z
A,vacuum,2e_K500,pread,128,1,1,0.00,100.00,528.10,15519.22,241.32,15277.89,,,16047.32,15805.99,1.85,110.00,383.00,1.14,42887620,2026-09-23T02:44:46Z
A,vacuum,2e_K500,async,128,1,1,0.00,20.10,687.00,941.15,242.06,699.09,,,1628.15,1386.09,1.97,142.00,330.00,1.14,42887396,2026-09-23T02:44:47Z
A,vacuum,2f_top14,pread,128,1,1,0.00,100.00,575.01,1558.56,237.45,1321.11,,,2133.57,1896.12,2.00,139.00,234.00,1.14,42890320,2026-09-23T02:44:47Z
A,vacuum,2f_top14,async,128,1,1,0.00,100.00,580.21,310.70,231.59,79.11,,,890.91,659.32,2.00,140.00,232.00,1.14,42889652,2026-09-23T02:44:47Z
A,vacuum,2f_top28,pread,128,1,1,0.00,100.00,506.55,2764.28,242.30,2521.98,,,3270.83,3028.53,1.95,141.00,245.00,1.14,42891224,2026-09-23T02:44:48Z
A,vacuum,2f_top28,async,128,1,1,0.00,100.00,574.56,324.42,228.38,96.04,,,898.98,670.60,1.99,142.00,243.00,1.14,42891204,2026-09-23T02:44:48Z
A,vacuum,2f_top100,pread,128,1,1,0.00,100.00,573.46,9165.81,239.69,8926.12,,,9739.27,9499.58,1.99,142.00,266.00,1.12,42875328,2026-09-23T02:44:48Z
A,vacuum,2f_top100,async,128,1,1,0.00,100.00,567.45,434.20,241.45,192.74,,,1001.65,760.19,1.98,144.00,262.00,1.12,42887652,2026-09-23T02:44:48Z
A,vacuum,2f_top500,pread,128,1,1,0.00,100.00,543.03,15980.51,242.35,15738.17,,,16523.54,16281.20,1.86,111.00,382.00,1.12,42871068,2026-09-23T02:44:49Z
A,vacuum,2f_top500,async,128,1,1,0.00,7.40,953.41,892.87,239.90,652.97,,,1846.28,1606.38,1.98,143.00,331.00,1.12,42869892,2026-09-23T02:44:49Z
A,vacuum,2f_slru,pread,128,1,1,0.00,100.00,96.09,14332.81,236.69,14096.12,,,14428.90,14192.21,1.57,0.00,214.00,1.12,42873992,2026-09-23T02:44:49Z
A,vacuum,2f_slru,async,128,1,1,0.00,100.00,96.93,5614.95,242.79,5372.16,,,5711.88,5469.09,1.56,0.00,214.00,1.12,42874772,2026-09-23T02:44:50Z
A,vacuum,leaf_freq_K10,pread,128,1,1,0.00,100.00,1069.42,1166.37,238.37,928.00,,,2235.79,1997.42,2.00,142.00,233.00,1.12,42873740,2026-09-23T02:44:50Z
A,vacuum,leaf_freq_K10,async,128,1,1,0.00,100.00,1067.53,318.07,240.26,77.81,,,1385.60,1145.34,2.00,142.00,233.00,1.12,42873564,2026-09-23T02:44:50Z
A,vacuum,leaf_rand_K10,pread,128,1,1,0.00,100.00,1079.16,1168.34,241.43,926.90,,,2247.50,2006.06,2.00,143.00,224.00,1.12,42877624,2026-09-23T02:44:50Z
A,vacuum,leaf_rand_K10,async,128,1,1,0.00,100.00,1072.30,303.09,227.40,75.69,,,1375.39,1147.99,2.02,143.00,224.00,1.12,42878060,2026-09-23T02:44:51Z
A,ta,layers_5,pread,128,1,1,0.00,100.00,516.76,486.43,238.50,247.93,,,1003.19,764.69,2.08,176.00,278.00,1.12,42878920,2026-09-23T02:44:51Z
A,ta,layers_5,async,128,1,1,0.00,100.00,995.03,307.27,238.14,69.13,,,1302.30,1064.16,2.12,176.00,277.00,1.12,42881648,2026-09-23T02:44:51Z
A,ta,layers_92,pread,128,1,1,0.00,100.00,587.28,1058.95,236.99,821.97,,,1646.23,1409.25,2.13,174.00,278.00,1.12,42882792,2026-09-23T02:44:52Z
A,ta,layers_92,async,128,1,1,0.00,100.00,573.79,400.53,231.41,169.12,,,974.32,742.91,2.14,175.00,277.00,1.12,42883780,2026-09-23T02:44:52Z
A,ta,2d,pread,128,1,1,0.00,100.00,578.98,1035.33,240.99,794.33,,,1614.31,1373.31,2.09,174.00,278.00,1.12,42886556,2026-09-23T02:44:52Z
A,ta,2d,async,128,1,1,0.00,67.40,581.54,352.11,238.48,113.63,,,933.65,695.17,2.10,175.00,277.00,1.12,42886496,2026-09-23T02:44:53Z
A,ta,2e_K10,pread,128,1,1,0.00,100.00,582.94,2012.71,229.73,1782.98,,,2595.65,2365.92,2.12,174.00,281.00,1.12,42886180,2026-09-23T02:44:53Z
A,ta,2e_K10,async,128,1,1,0.00,98.20,584.11,368.24,240.80,127.44,,,952.35,711.55,2.12,175.00,280.00,1.11,42890404,2026-09-23T02:44:53Z
A,ta,2e_K500,pread,128,1,1,0.00,100.00,181.68,17884.80,238.98,17645.82,,,18066.48,17827.50,1.74,61.00,339.00,1.11,42886124,2026-09-23T02:44:54Z
A,ta,2e_K500,async,128,1,1,0.00,30.60,877.69,999.79,240.37,759.42,,,1877.48,1637.11,2.08,178.00,400.00,1.11,42886596,2026-09-23T02:44:54Z
A,ta,2f_top14,pread,128,1,1,0.00,100.00,584.05,1442.89,240.15,1202.74,,,2026.94,1786.79,2.13,175.00,280.00,1.11,42887120,2026-09-23T02:44:54Z
A,ta,2f_top14,async,128,1,1,0.00,100.00,576.51,318.71,240.37,78.34,,,895.22,654.85,2.11,175.00,280.00,1.11,42888360,2026-09-23T02:44:54Z
A,ta,2f_top28,pread,128,1,1,0.00,100.00,580.83,2620.25,242.88,2377.37,,,3201.08,2958.20,2.14,175.00,288.00,1.11,42887404,2026-09-23T02:44:55Z
A,ta,2f_top28,async,128,1,1,0.00,100.00,581.32,325.12,230.05,95.07,,,906.44,676.39,2.12,175.00,288.00,1.11,42888732,2026-09-23T02:44:55Z
A,ta,2f_top100,pread,128,1,1,0.00,100.00,577.46,10011.69,239.05,9772.64,,,10589.15,10350.10,2.15,172.00,322.00,1.11,42889752,2026-09-23T02:44:55Z
A,ta,2f_top100,async,128,1,1,0.00,100.00,580.83,418.50,228.96,189.54,,,999.33,770.37,2.13,174.00,316.00,1.11,42891652,2026-09-23T02:44:56Z
A,ta,2f_top500,pread,128,1,1,0.00,100.00,182.97,17741.11,209.38,17531.73,,,17924.08,17714.70,1.83,99.00,386.00,1.11,42891892,2026-09-23T02:44:56Z
A,ta,2f_top500,async,128,1,1,0.00,9.20,713.82,845.00,206.34,638.66,,,1558.82,1352.48,2.10,177.00,406.00,1.11,42894044,2026-09-23T02:44:56Z
A,ta,2f_slru,pread,128,1,1,0.00,100.00,94.39,18533.79,211.13,18322.67,,,18628.18,18417.06,1.53,0.00,279.00,1.11,42894484,2026-09-23T02:44:57Z
A,ta,2f_slru,async,128,1,1,0.00,100.00,98.39,7273.77,210.29,7063.48,,,7372.16,7161.87,1.59,0.00,279.00,1.11,42892632,2026-09-23T02:44:57Z
A,ta,leaf_freq_K10,pread,128,1,1,0.00,100.00,787.10,1145.91,242.08,903.84,,,1933.01,1690.94,2.13,176.00,284.00,1.11,42896220,2026-09-23T02:44:57Z
A,ta,leaf_freq_K10,async,128,1,1,0.00,100.00,688.19,317.69,242.90,74.79,,,1005.88,762.98,2.07,176.00,284.00,1.11,42897796,2026-09-23T02:44:57Z
A,ta,leaf_rand_K10,pread,128,1,1,0.00,100.00,792.18,1139.69,230.80,908.89,,,1931.87,1701.07,2.13,176.00,280.00,1.11,42898296,2026-09-23T02:44:58Z
A,ta,leaf_rand_K10,async,128,1,1,0.00,100.00,780.09,311.79,236.76,75.02,,,1091.88,855.11,2.08,176.00,280.00,1.10,42896896,2026-09-23T02:44:58Z
A,1gb,layers_5,pread,128,1,1,0.00,100.00,1357.20,746.81,242.55,504.27,,,2104.01,1861.47,2.13,180.00,268.00,1.10,42898408,2026-09-23T02:44:58Z
A,1gb,layers_5,async,128,1,1,0.00,100.00,1346.83,307.82,240.02,67.80,,,1654.65,1414.63,2.15,180.00,268.00,1.10,42890512,2026-09-23T02:44:59Z
A,1gb,layers_92,pread,128,1,1,0.00,100.00,886.50,8374.91,227.44,8147.47,,,9261.41,9033.97,2.09,178.00,282.00,1.10,42891848,2026-09-23T02:44:59Z
A,1gb,layers_92,async,128,1,1,0.00,100.00,990.34,428.23,231.18,197.04,,,1418.57,1187.38,2.14,178.00,280.00,1.10,42892260,2026-09-23T02:44:59Z
A,1gb,2d,pread,128,1,1,0.00,100.00,565.37,2217.24,239.65,1977.59,,,2782.61,2542.96,2.09,177.00,283.00,1.10,42892612,2026-09-23T02:45:00Z
A,1gb,2d,async,128,1,1,0.00,100.00,497.90,327.42,239.73,87.69,,,825.32,585.59,2.11,177.00,281.00,1.10,42892344,2026-09-23T02:45:00Z
A,1gb,2e_K10,pread,128,1,1,0.00,100.00,567.82,3091.41,241.08,2850.33,,,3659.23,3418.15,2.14,177.00,291.00,1.10,42892896,2026-09-23T02:45:00Z
A,1gb,2e_K10,async,128,1,1,0.00,100.00,591.98,335.67,231.07,104.60,,,927.65,696.58,2.15,177.00,289.00,1.10,42895020,2026-09-23T02:45:01Z
A,1gb,2e_K500,pread,128,1,1,0.00,100.00,608.35,18925.89,241.83,18684.06,,,19534.24,19292.41,2.05,167.00,447.00,1.10,42895400,2026-09-23T02:45:01Z
A,1gb,2e_K500,async,128,1,1,0.00,100.00,567.53,1084.05,240.14,843.91,,,1651.58,1411.44,2.13,176.00,397.00,1.10,42868916,2026-09-23T02:45:01Z
A,1gb,2f_top14,pread,128,1,1,0.00,100.00,592.62,1591.68,239.08,1352.60,,,2184.30,1945.22,2.14,176.00,287.00,1.10,42870268,2026-09-23T02:45:02Z
A,1gb,2f_top14,async,128,1,1,0.00,100.00,593.65,311.73,231.56,80.16,,,905.38,673.81,2.15,176.00,287.00,1.10,42870560,2026-09-23T02:45:02Z
A,1gb,2f_top28,pread,128,1,1,0.00,100.00,528.78,2648.85,243.02,2405.83,,,3177.63,2934.61,2.13,176.00,295.00,1.10,42872212,2026-09-23T02:45:02Z
A,1gb,2f_top28,async,128,1,1,0.00,100.00,590.99,339.12,241.26,97.85,,,930.11,688.84,2.15,176.00,295.00,1.10,42872948,2026-09-23T02:45:03Z
A,1gb,2f_top100,pread,128,1,1,0.00,100.00,593.45,9085.08,240.30,8844.78,,,9678.53,9438.23,2.12,174.00,328.00,1.10,42873152,2026-09-23T02:45:03Z
A,1gb,2f_top100,async,128,1,1,0.00,100.00,597.30,430.87,238.95,191.92,,,1028.17,789.22,2.15,174.00,324.00,1.10,42874176,2026-09-23T02:45:03Z
A,1gb,2f_top500,pread,128,1,1,0.00,100.00,605.69,18879.69,240.67,18639.02,,,19485.38,19244.71,2.07,169.00,441.00,1.10,42875532,2026-09-23T02:45:04Z
A,1gb,2f_top500,async,128,1,1,0.00,44.60,607.32,895.51,233.90,661.61,,,1502.83,1268.93,2.14,176.00,398.00,1.10,42888208,2026-09-23T02:45:04Z
A,1gb,2f_slru,pread,128,1,1,0.00,100.00,100.50,19196.79,239.50,18957.29,,,19297.29,19057.79,1.58,0.00,280.00,1.10,42890560,2026-09-23T02:45:04Z
A,1gb,2f_slru,async,128,1,1,0.00,100.00,101.05,7375.23,241.36,7133.87,,,7476.28,7234.92,1.59,0.00,280.00,1.10,42888652,2026-09-23T02:45:05Z
A,1gb,leaf_freq_K10,pread,128,1,1,0.00,100.00,3412.85,3196.52,247.77,2948.75,,,6609.37,6361.60,2.19,178.00,279.00,1.10,42891220,2026-09-23T02:45:05Z
A,1gb,leaf_freq_K10,async,128,1,1,0.00,100.00,1443.76,305.74,229.97,75.77,,,1749.50,1519.53,2.15,178.00,279.00,1.10,42892248,2026-09-23T02:45:05Z
A,1gb,leaf_rand_K10,pread,128,1,1,0.00,100.00,1499.55,1493.22,237.28,1255.94,,,2992.77,2755.49,2.16,179.00,270.00,1.10,42893896,2026-09-23T02:45:06Z
A,1gb,leaf_rand_K10,async,128,1,1,0.00,100.00,1476.64,322.32,240.41,81.90,,,1798.96,1558.54,2.15,179.00,270.00,1.10,42894288,2026-09-23T02:45:06Z
B,vacuum,layers_5,pread,128,1,1,0.00,100.00,1002.51,825.83,240.80,585.03,,,1828.34,1587.54,2.03,140.00,222.00,1.10,42893848,2026-09-23T02:45:06Z
B,vacuum,layers_5,async,128,1,1,0.00,100.00,915.75,310.64,240.93,69.71,,,1226.39,985.46,2.07,140.00,220.00,1.10,42895896,2026-09-23T02:45:07Z
B,vacuum,layers_92,pread,128,1,1,0.00,100.00,496.76,7720.60,228.62,7491.98,,,8217.36,7988.74,2.00,136.00,233.00,1.10,42897096,2026-09-23T02:45:07Z
B,vacuum,layers_92,async,128,1,1,0.00,100.00,566.61,419.64,240.98,178.66,,,986.25,745.27,2.08,136.00,231.00,1.10,42896776,2026-09-23T02:45:07Z
B,vacuum,2d,pread,128,1,1,0.00,100.00,535.69,1360.66,198.86,1161.79,,,1896.35,1697.48,2.04,136.00,233.00,1.10,42899896,2026-09-23T02:45:07Z
B,vacuum,2d,async,128,1,1,0.00,100.00,537.38,276.71,199.10,77.61,,,814.09,614.99,2.05,136.00,231.00,1.10,42900372,2026-09-23T02:45:08Z
B,vacuum,2e_K10,pread,128,1,1,0.00,100.00,533.40,2349.67,242.16,2107.50,,,2883.07,2640.90,2.05,136.00,234.00,1.09,42900628,2026-09-23T02:45:08Z
B,vacuum,2e_K10,async,128,1,1,0.00,100.00,601.24,322.19,228.92,93.27,,,923.43,694.51,2.05,136.00,232.00,1.09,42901744,2026-09-23T02:45:08Z
B,vacuum,2e_K500,pread,128,1,1,0.00,100.00,608.62,14303.30,239.07,14064.23,,,14911.92,14672.85,1.98,124.00,377.00,1.09,42903244,2026-09-23T02:45:09Z
B,vacuum,2e_K500,async,128,1,1,0.00,100.00,550.32,1097.89,239.87,858.02,,,1648.21,1408.34,2.02,137.00,271.00,1.09,42902488,2026-09-23T02:45:09Z
B,vacuum,2f_top14,pread,128,1,1,0.00,100.00,587.56,1569.85,241.40,1328.45,,,2157.41,1916.01,2.09,136.00,232.00,1.09,42893900,2026-09-23T02:45:09Z
B,vacuum,2f_top14,async,128,1,1,0.00,100.00,534.59,311.52,230.25,81.26,,,846.11,615.85,2.07,136.00,231.00,1.09,42894632,2026-09-23T02:45:10Z
B,vacuum,2f_top28,pread,128,1,1,0.00,100.00,533.21,2702.65,229.76,2472.89,,,3235.86,3006.10,2.04,136.00,235.00,1.09,42895608,2026-09-23T02:45:10Z
B,vacuum,2f_top28,async,128,1,1,0.00,100.00,591.96,337.81,239.19,98.62,,,929.77,690.58,2.03,136.00,234.00,1.09,42895136,2026-09-23T02:45:10Z
B,vacuum,2f_top100,pread,128,1,1,0.00,100.00,662.14,9041.89,281.43,8760.46,,,9704.03,9422.60,2.05,138.00,256.00,1.09,42897400,2026-09-23T02:45:11Z
B,vacuum,2f_top100,async,128,1,1,0.00,100.00,530.05,465.01,279.08,185.93,,,995.06,715.98,2.03,138.00,252.00,1.09,42898160,2026-09-23T02:45:11Z
B,vacuum,2f_top500,pread,128,1,1,0.00,100.00,600.35,13818.08,241.39,13576.68,,,14418.43,14177.03,1.98,125.00,376.00,1.09,42898524,2026-09-23T02:45:11Z
B,vacuum,2f_top500,async,128,1,1,0.00,100.00,582.14,1044.40,241.69,802.71,,,1626.54,1384.85,2.04,137.00,273.00,1.09,42899316,2026-09-23T02:45:11Z
B,vacuum,2f_slru,pread,128,1,1,0.00,100.00,98.54,14241.03,233.16,14007.88,,,14339.57,14106.42,1.57,0.00,214.00,1.09,42899280,2026-09-23T02:45:12Z
B,vacuum,2f_slru,async,128,1,1,0.00,100.00,97.00,5686.60,241.35,5445.25,,,5783.60,5542.25,1.61,0.00,214.00,1.09,42900408,2026-09-23T02:45:12Z
B,vacuum,leaf_freq_K10,pread,128,1,1,0.00,100.00,1165.11,1175.01,241.14,933.87,,,2340.12,2098.98,2.06,139.00,225.00,1.09,42900772,2026-09-23T02:45:12Z
B,vacuum,leaf_freq_K10,async,128,1,1,0.00,100.00,1043.40,306.68,231.47,75.21,,,1350.08,1118.61,2.05,139.00,225.00,1.09,42900676,2026-09-23T02:45:13Z
B,vacuum,leaf_rand_K10,pread,128,1,1,0.00,100.00,1061.60,1161.84,237.21,924.64,,,2223.44,1986.24,2.07,140.00,224.00,1.09,42901472,2026-09-23T02:45:13Z
B,vacuum,leaf_rand_K10,async,128,1,1,0.00,100.00,1092.26,307.30,231.72,75.58,,,1399.56,1167.84,2.04,140.00,224.00,1.08,42901652,2026-09-23T02:45:13Z
B,ta,layers_5,pread,128,1,1,0.00,100.00,674.65,492.53,241.31,251.21,,,1167.18,925.86,2.20,180.00,266.00,1.08,42901408,2026-09-23T02:45:13Z
B,ta,layers_5,async,128,1,1,0.00,100.00,1029.24,297.66,228.91,68.75,,,1326.90,1097.99,2.22,180.00,264.00,1.08,42901460,2026-09-23T02:45:14Z
B,ta,layers_92,pread,128,1,1,0.00,100.00,599.05,1088.40,239.42,848.98,,,1687.45,1448.03,2.18,178.00,262.00,1.08,42900308,2026-09-23T02:45:14Z
B,ta,layers_92,async,128,1,1,0.00,51.10,585.42,408.42,242.27,166.15,,,993.84,751.57,2.20,179.00,264.00,1.08,42881164,2026-09-23T02:45:14Z
B,ta,2d,pread,128,1,1,0.00,100.00,572.18,1146.58,239.00,907.58,,,1718.76,1479.76,2.14,179.00,264.00,1.08,42880884,2026-09-23T02:45:15Z
B,ta,2d,async,128,1,1,0.00,77.50,588.98,343.78,236.12,107.65,,,932.76,696.63,2.14,179.00,264.00,1.08,42882504,2026-09-23T02:45:15Z
B,ta,2e_K10,pread,128,1,1,0.00,100.00,659.20,2321.53,242.70,2078.84,,,2980.73,2738.04,2.15,178.00,263.00,1.08,42882536,2026-09-23T02:45:15Z
B,ta,2e_K10,async,128,1,1,0.00,78.00,662.38,356.84,241.30,115.54,,,1019.22,777.92,2.18,180.00,262.00,1.08,42884076,2026-09-23T02:45:16Z
B,ta,2e_K500,pread,128,1,1,0.00,100.00,583.59,17707.24,242.88,17464.36,,,18290.83,18047.95,1.99,118.00,326.00,1.08,42884900,2026-09-23T02:45:16Z
B,ta,2e_K500,async,128,1,1,0.00,25.70,666.88,933.08,237.08,696.01,,,1599.96,1362.89,2.17,183.00,318.00,1.08,42886416,2026-09-23T02:45:16Z
B,ta,2f_top14,pread,128,1,1,0.00,100.00,688.65,1567.07,196.22,1370.85,,,2255.72,2059.50,2.16,179.00,264.00,1.08,42886312,2026-09-23T02:45:17Z
B,ta,2f_top14,async,128,1,1,0.00,100.00,688.09,278.61,198.84,79.77,,,966.70,767.86,2.18,179.00,264.00,1.08,42886896,2026-09-23T02:45:17Z
B,ta,2f_top28,pread,128,1,1,0.00,100.00,696.00,3298.87,245.27,3053.60,,,3994.87,3749.60,2.18,180.00,261.00,1.08,42888580,2026-09-23T02:45:17Z
B,ta,2f_top28,async,128,1,1,0.00,100.00,692.87,345.24,245.56,99.68,,,1038.11,792.55,2.20,180.00,261.00,1.08,42890744,2026-09-23T02:45:18Z
B,ta,2f_top100,pread,128,1,1,0.00,100.00,692.21,9737.98,196.77,9541.21,,,10430.19,10233.42,2.18,183.00,275.00,1.08,42891764,2026-09-23T02:45:18Z
B,ta,2f_top100,async,128,1,1,0.00,100.00,692.72,382.22,183.97,198.25,,,1074.94,890.97,2.20,183.00,275.00,1.07,42891908,2026-09-23T02:45:18Z
B,ta,2f_top500,pread,128,1,1,0.00,100.00,635.89,17169.94,236.60,16933.33,,,17805.83,17569.22,2.09,172.00,363.00,1.07,42893628,2026-09-23T02:45:19Z
B,ta,2f_top500,async,128,1,1,0.00,100.00,692.52,1046.56,240.66,805.89,,,1739.08,1498.41,2.15,183.00,321.00,1.07,42893776,2026-09-23T02:45:19Z
B,ta,2f_slru,pread,128,1,1,0.00,100.00,97.71,18248.27,240.10,18008.17,,,18345.98,18105.88,1.57,0.00,279.00,1.07,42893188,2026-09-23T02:45:19Z
B,ta,2f_slru,async,128,1,1,0.00,100.00,98.81,7314.74,241.35,7073.39,,,7413.55,7172.20,1.64,0.00,279.00,1.07,42891872,2026-09-23T02:45:19Z
B,ta,leaf_freq_K10,pread,128,1,1,0.00,100.00,724.48,1158.19,237.89,920.30,,,1882.67,1644.78,2.20,181.00,263.00,1.07,42892568,2026-09-23T02:45:20Z
B,ta,leaf_freq_K10,async,128,1,1,0.00,100.00,863.45,316.20,242.60,73.61,,,1179.65,937.06,2.17,181.00,263.00,1.07,42897212,2026-09-23T02:45:20Z
B,ta,leaf_rand_K10,pread,128,1,1,0.00,100.00,868.35,1257.97,240.18,1017.79,,,2126.32,1886.14,2.21,180.00,265.00,1.07,42899128,2026-09-23T02:45:20Z
B,ta,leaf_rand_K10,async,128,1,1,0.00,100.00,866.44,315.21,241.33,73.88,,,1181.65,940.32,2.20,180.00,265.00,1.07,42899472,2026-09-23T02:45:21Z
B,1gb,layers_5,pread,128,1,1,0.00,100.00,1364.27,750.00,239.64,510.36,,,2114.27,1874.63,2.19,182.00,259.00,1.07,42899244,2026-09-23T02:45:21Z
B,1gb,layers_5,async,128,1,1,0.00,100.00,1278.61,296.97,228.64,68.33,,,1575.58,1346.94,2.19,183.00,259.00,1.07,42899632,2026-09-23T02:45:21Z
B,1gb,layers_92,pread,128,1,1,0.00,100.00,967.92,8373.11,238.23,8134.88,,,9341.03,9102.80,2.16,180.00,273.00,1.07,42899832,2026-09-23T02:45:22Z
B,1gb,layers_92,async,128,1,1,0.00,100.00,1021.21,425.89,238.43,187.46,,,1447.10,1208.67,2.16,182.00,272.00,1.07,42899872,2026-09-23T02:45:22Z
B,1gb,2d,pread,128,1,1,0.00,100.00,710.77,2248.81,238.88,2009.93,,,2959.58,2720.70,2.20,179.00,274.00,1.07,42904656,2026-09-23T02:45:22Z
B,1gb,2d,async,128,1,1,0.00,100.00,628.37,318.43,229.58,88.85,,,946.80,717.22,2.20,181.00,272.00,1.07,42905524,2026-09-23T02:45:23Z
B,1gb,2e_K10,pread,128,1,1,0.00,100.00,634.71,3113.33,237.43,2875.91,,,3748.04,3510.62,2.20,179.00,275.00,1.07,42905248,2026-09-23T02:45:23Z
B,1gb,2e_K10,async,128,1,1,0.00,100.00,625.91,338.57,238.23,100.34,,,964.48,726.25,2.17,182.00,273.00,1.07,42906588,2026-09-23T02:45:23Z
B,1gb,2e_K500,pread,128,1,1,0.00,100.00,659.08,27565.06,238.44,27326.62,,,28224.14,27985.70,2.09,169.00,372.00,1.07,42906420,2026-09-23T02:45:24Z
B,1gb,2e_K500,async,128,1,1,0.00,100.00,660.53,1120.72,241.39,879.32,,,1781.25,1539.85,2.15,185.00,316.00,1.07,42907588,2026-09-23T02:45:24Z
B,1gb,2f_top14,pread,128,1,1,0.00,100.00,663.49,1602.46,244.91,1357.55,,,2265.95,2021.04,2.17,180.00,273.00,1.07,42918476,2026-09-23T02:45:24Z
B,1gb,2f_top14,async,128,1,1,0.00,100.00,656.75,325.37,245.25,80.12,,,982.12,736.87,2.18,181.00,273.00,1.07,42918300,2026-09-23T02:45:25Z
B,1gb,2f_top28,pread,128,1,1,0.00,100.00,634.32,2751.60,242.25,2509.36,,,3385.92,3143.68,2.19,181.00,273.00,1.07,42919244,2026-09-23T02:45:25Z
B,1gb,2f_top28,async,128,1,1,0.00,100.00,663.47,341.81,244.19,97.62,,,1005.28,761.09,2.19,182.00,273.00,1.07,42921496,2026-09-23T02:45:25Z
B,1gb,2f_top100,pread,128,1,1,0.00,100.00,658.90,8936.53,233.48,8703.05,,,9595.43,9361.95,2.18,184.00,282.00,1.07,42920948,2026-09-23T02:45:26Z
B,1gb,2f_top100,async,128,1,1,0.00,100.00,668.54,431.46,242.00,189.46,,,1100.00,858.00,2.18,184.00,283.00,1.07,42921636,2026-09-23T02:45:26Z
B,1gb,2f_top500,pread,128,1,1,0.00,100.00,661.66,28243.07,241.09,28001.97,,,28904.73,28663.63,2.10,172.00,370.00,1.07,42922920,2026-09-23T02:45:26Z
B,1gb,2f_top500,async,128,1,1,0.00,100.00,661.77,1052.44,231.81,820.63,,,1714.21,1482.40,2.15,184.00,318.00,1.07,42921268,2026-09-23T02:45:27Z
B,1gb,2f_slru,pread,128,1,1,0.00,100.00,99.05,18814.21,238.54,18575.67,,,18913.26,18674.72,1.58,0.00,280.00,1.07,42921752,2026-09-23T02:45:27Z
B,1gb,2f_slru,async,128,1,1,0.00,100.00,100.65,7442.09,234.07,7208.02,,,7542.74,7308.67,1.64,0.00,280.00,1.07,42920124,2026-09-23T02:45:27Z
B,1gb,leaf_freq_K10,pread,128,1,1,0.00,100.00,1454.98,1109.05,238.53,870.52,,,2564.03,2325.50,2.19,183.00,258.00,1.07,42922576,2026-09-23T02:45:28Z
B,1gb,leaf_freq_K10,async,128,1,1,0.00,100.00,1370.86,314.75,234.37,80.38,,,1685.61,1451.24,2.21,183.00,258.00,1.06,42923136,2026-09-23T02:45:28Z
B,1gb,leaf_rand_K10,pread,128,1,1,0.00,100.00,1431.99,1420.29,238.77,1181.52,,,2852.28,2613.51,2.23,183.00,258.00,1.06,42924404,2026-09-23T02:45:28Z
B,1gb,leaf_rand_K10,async,128,1,1,0.00,100.00,1316.30,315.66,240.16,75.50,,,1631.96,1391.80,2.16,183.00,258.00,1.06,42924744,2026-09-23T02:45:29Z
C,vacuum,layers_5,pread,128,1,1,0.00,100.00,1054.56,812.29,228.79,583.50,,,1866.85,1638.06,1.53,15.00,25.00,1.06,42926264,2026-09-23T02:45:29Z
C,vacuum,layers_5,async,128,1,1,0.00,100.00,1043.49,311.58,241.42,70.16,,,1355.07,1113.65,1.53,15.00,25.00,1.06,42925500,2026-09-23T02:45:29Z
C,vacuum,layers_92,pread,128,1,1,0.00,100.00,655.27,7629.60,238.33,7391.28,,,8284.87,8046.55,1.53,14.00,30.00,1.06,42927684,2026-09-23T02:45:29Z
C,vacuum,layers_92,async,128,1,1,0.00,100.00,626.08,419.97,234.68,185.29,,,1046.05,811.37,1.52,14.00,30.00,1.06,42921280,2026-09-23T02:45:30Z
C,vacuum,2d,pread,128,1,1,0.00,100.00,662.85,655.03,240.03,415.00,,,1317.88,1077.85,1.55,14.00,30.00,1.06,42914416,2026-09-23T02:45:30Z
C,vacuum,2d,async,128,1,1,0.00,100.00,649.65,300.50,232.48,68.02,,,950.15,717.67,1.52,14.00,30.00,1.06,42915164,2026-09-23T02:45:30Z
C,vacuum,2e_K10,pread,128,1,1,0.00,100.00,173.47,1533.47,232.51,1300.97,,,1706.94,1474.44,1.52,12.00,32.00,1.06,42915324,2026-09-23T02:45:30Z
C,vacuum,2e_K10,async,128,1,1,0.00,92.90,172.74,304.81,227.11,77.71,,,477.55,250.45,1.53,13.00,33.00,1.06,42915920,2026-09-23T02:45:31Z
C,vacuum,2e_K500,pread,128,1,1,0.00,100.00,173.90,2602.72,231.70,2371.03,,,2776.62,2544.93,1.47,0.00,30.00,1.06,42917276,2026-09-23T02:45:31Z
C,vacuum,2e_K500,async,128,1,1,0.00,47.90,174.54,711.02,230.88,480.14,,,885.56,654.68,1.50,0.00,30.00,1.06,42897808,2026-09-23T02:45:31Z
C,vacuum,2f_top14,pread,128,1,1,0.00,100.00,169.37,1357.77,234.11,1123.66,,,1527.14,1293.03,1.54,11.00,33.00,1.06,42911344,2026-09-23T02:45:31Z
C,vacuum,2f_top14,async,128,1,1,0.00,92.90,202.71,316.00,238.10,77.90,,,518.71,280.61,1.56,12.00,31.00,1.06,42912428,2026-09-23T02:45:32Z
C,vacuum,2f_top28,pread,128,1,1,0.00,100.00,172.91,1351.72,227.86,1123.86,,,1524.63,1296.77,1.53,11.00,33.00,1.06,42911036,2026-09-23T02:45:32Z
C,vacuum,2f_top28,async,128,1,1,0.00,100.00,172.18,326.53,231.56,94.98,,,498.71,267.16,1.53,12.00,32.00,1.06,42911136,2026-09-23T02:45:32Z
C,vacuum,2f_top100,pread,128,1,1,0.00,100.00,172.15,1421.11,231.22,1189.89,,,1593.26,1362.04,1.50,8.00,30.00,1.06,42912380,2026-09-23T02:45:32Z
C,vacuum,2f_top100,async,128,1,1,0.00,100.00,171.22,410.11,232.26,177.85,,,581.33,349.07,1.52,9.00,29.00,1.06,42912152,2026-09-23T02:45:33Z
C,vacuum,2f_top500,pread,128,1,1,0.00,100.00,86.70,3016.57,232.61,2783.96,,,3103.27,2870.66,1.50,0.00,30.00,1.06,42912560,2026-09-23T02:45:33Z
C,vacuum,2f_top500,async,128,1,1,0.00,100.00,86.22,781.39,227.79,553.60,,,867.61,639.82,1.49,0.00,30.00,1.06,42913056,2026-09-23T02:45:33Z
C,vacuum,2f_slru,pread,128,1,1,0.00,100.00,87.15,3097.55,190.13,2907.43,,,3184.70,2994.58,1.48,0.00,30.00,1.06,42913540,2026-09-23T02:45:33Z
C,vacuum,2f_slru,async,128,1,1,0.00,100.00,89.38,762.03,188.36,573.67,,,851.41,663.05,1.49,0.00,30.00,1.06,42914180,2026-09-23T02:45:34Z
C,vacuum,leaf_freq_K10,pread,128,1,1,0.00,100.00,788.63,818.81,232.81,586.00,,,1607.44,1374.63,1.55,13.00,27.00,1.06,42912928,2026-09-23T02:45:34Z
C,vacuum,leaf_freq_K10,async,128,1,1,0.00,100.00,785.56,302.07,229.42,72.65,,,1087.63,858.21,1.54,14.00,28.00,1.06,42913968,2026-09-23T02:45:34Z
C,vacuum,leaf_rand_K10,pread,128,1,1,0.00,100.00,1148.35,1096.72,231.88,864.85,,,2245.07,2013.20,1.55,15.00,25.00,1.06,42914600,2026-09-23T02:45:34Z
C,vacuum,leaf_rand_K10,async,128,1,1,0.00,100.00,1143.83,307.04,232.95,74.09,,,1450.87,1217.92,1.55,15.00,25.00,1.06,42914640,2026-09-23T02:45:35Z
C,ta,layers_5,pread,128,1,1,0.00,100.00,767.37,479.93,232.73,247.21,,,1247.30,1014.58,1.60,21.00,28.00,1.06,42915040,2026-09-23T02:45:35Z
C,ta,layers_5,async,128,1,1,0.00,100.00,784.29,301.07,233.37,67.70,,,1085.36,851.99,1.63,21.00,28.00,1.06,42915500,2026-09-23T02:45:35Z
C,ta,layers_92,pread,128,1,1,0.00,100.00,452.56,968.74,118.10,850.64,,,1421.30,1303.20,1.62,20.00,29.00,1.06,42916976,2026-09-23T02:45:35Z
C,ta,layers_92,async,128,1,1,0.00,90.20,434.44,365.62,200.65,164.97,,,800.06,599.41,1.63,20.00,29.00,1.06,42918068,2026-09-23T02:45:36Z
C,ta,2d,pread,128,1,1,0.00,100.00,417.76,1055.08,192.47,862.61,,,1472.84,1280.37,1.61,20.00,29.00,1.06,42917396,2026-09-23T02:45:36Z
C,ta,2d,async,128,1,1,0.00,64.60,444.35,353.70,237.27,116.44,,,798.05,560.79,1.62,20.00,29.00,1.06,42918724,2026-09-23T02:45:36Z
C,ta,2e_K10,pread,128,1,1,0.00,100.00,174.79,1575.50,199.28,1376.23,,,1750.29,1551.02,1.61,18.00,36.00,1.06,42906980,2026-09-23T02:45:37Z
C,ta,2e_K10,async,128,1,1,0.00,70.70,174.54,307.98,182.89,125.08,,,482.52,299.62,1.60,19.00,36.00,1.06,42907004,2026-09-23T02:45:37Z
C,ta,2e_K500,pread,128,1,1,0.00,100.00,172.68,3679.10,229.80,3449.30,,,3851.78,3621.98,1.55,0.00,38.00,1.06,42907936,2026-09-23T02:45:37Z
C,ta,2e_K500,async,128,1,1,0.00,100.00,173.85,799.28,231.47,567.81,,,973.13,741.66,1.55,0.00,38.00,1.06,42908504,2026-09-23T02:45:37Z
C,ta,2f_top14,pread,128,1,1,0.00,100.00,171.86,1085.54,227.71,857.83,,,1257.40,1029.69,1.61,19.00,36.00,1.06,42909088,2026-09-23T02:45:38Z
C,ta,2f_top14,async,128,1,1,0.00,100.00,172.82,299.33,220.42,78.91,,,472.15,251.73,1.61,18.00,36.00,1.06,42908760,2026-09-23T02:45:38Z
C,ta,2f_top28,pread,128,1,1,0.00,100.00,171.73,1262.50,232.85,1029.66,,,1434.23,1201.39,1.60,17.00,35.00,1.05,42908424,2026-09-23T02:45:38Z
C,ta,2f_top28,async,128,1,1,0.00,100.00,171.96,326.73,232.32,94.41,,,498.69,266.37,1.60,18.00,35.00,1.05,42910348,2026-09-23T02:45:38Z
C,ta,2f_top100,pread,128,1,1,0.00,100.00,171.93,1496.55,233.76,1262.79,,,1668.48,1434.72,1.58,11.00,36.00,1.05,42910032,2026-09-23T02:45:39Z
C,ta,2f_top100,async,128,1,1,0.00,100.00,186.54,424.53,244.72,179.81,,,611.07,366.35,1.61,14.00,35.00,1.05,42910204,2026-09-23T02:45:39Z
C,ta,2f_top500,pread,128,1,1,0.00,100.00,91.00,3610.34,208.22,3402.12,,,3701.34,3493.12,1.54,0.00,38.00,1.05,42910908,2026-09-23T02:45:39Z
C,ta,2f_top500,async,128,1,1,0.00,100.00,94.57,1049.49,212.22,837.27,,,1144.06,931.84,1.53,0.00,38.00,1.05,42911620,2026-09-23T02:45:39Z
C,ta,2f_slru,pread,128,1,1,0.00,100.00,91.76,3536.92,250.85,3286.07,,,3628.68,3377.83,1.54,0.00,38.00,1.05,42912852,2026-09-23T02:45:40Z
C,ta,2f_slru,async,128,1,1,0.00,100.00,91.87,1056.97,251.04,805.92,,,1148.84,897.79,1.53,0.00,38.00,1.05,42914196,2026-09-23T02:45:40Z
C,ta,leaf_freq_K10,pread,128,1,1,0.00,100.00,907.81,996.22,202.30,793.92,,,1904.03,1701.73,1.61,19.00,35.00,1.05,42912820,2026-09-23T02:45:40Z
C,ta,leaf_freq_K10,async,128,1,1,0.00,100.00,948.36,270.31,194.80,75.51,,,1218.67,1023.87,1.61,20.00,35.00,1.05,42913060,2026-09-23T02:45:40Z
C,ta,leaf_rand_K10,pread,128,1,1,0.00,100.00,790.36,1073.89,213.66,860.23,,,1864.25,1650.59,1.61,21.00,28.00,1.05,42913236,2026-09-23T02:45:41Z
C,ta,leaf_rand_K10,async,128,1,1,0.00,100.00,786.00,277.63,202.22,75.41,,,1063.63,861.41,1.59,21.00,28.00,1.05,42914140,2026-09-23T02:45:41Z
C,1gb,layers_5,pread,128,1,1,0.00,100.00,1191.36,691.81,210.16,481.66,,,1883.17,1673.02,1.68,36.00,63.00,1.05,42913240,2026-09-23T02:45:41Z
C,1gb,layers_5,async,128,1,1,0.00,100.00,1093.29,280.66,207.47,73.19,,,1373.95,1166.48,1.85,36.00,63.00,1.52,42922228,2026-09-23T02:46:42Z
C,1gb,layers_92,pread,128,1,1,0.00,100.00,1261.77,8157.36,214.06,7943.30,,,9419.13,9205.07,1.67,36.00,64.00,1.52,42924216,2026-09-23T02:46:43Z
C,1gb,layers_92,async,128,1,1,0.00,100.00,1239.29,394.22,196.68,197.54,,,1633.51,1436.83,1.69,36.00,64.00,1.52,42924824,2026-09-23T02:46:43Z
C,1gb,2d,pread,128,1,1,0.00,100.00,429.39,869.61,207.97,661.64,,,1299.00,1091.03,1.71,35.00,66.00,1.48,42924712,2026-09-23T02:46:43Z
C,1gb,2d,async,128,1,1,0.00,100.00,517.18,284.26,211.31,72.96,,,801.44,590.14,1.71,35.00,66.00,1.48,42924800,2026-09-23T02:46:44Z
C,1gb,2e_K10,pread,128,1,1,0.00,100.00,177.42,1748.94,201.86,1547.08,,,1926.36,1724.50,1.69,38.00,76.00,1.48,42925072,2026-09-23T02:46:44Z
C,1gb,2e_K10,async,128,1,1,0.00,100.00,174.62,282.42,196.58,85.84,,,457.04,260.46,1.69,38.00,76.00,1.48,42924892,2026-09-23T02:46:44Z
C,1gb,2e_K500,pread,128,1,1,0.00,100.00,175.09,4391.35,198.90,4192.45,,,4566.44,4367.54,1.57,0.00,66.00,1.48,42925120,2026-09-23T02:46:44Z
C,1gb,2e_K500,async,128,1,1,0.00,100.00,176.43,879.03,201.36,677.67,,,1055.46,854.10,1.65,35.00,102.00,1.48,42925784,2026-09-23T02:46:45Z
C,1gb,2f_top14,pread,128,1,1,0.00,100.00,453.64,1510.97,199.97,1311.01,,,1964.61,1764.65,1.68,34.00,68.00,1.48,42912664,2026-09-23T02:46:45Z
C,1gb,2f_top14,async,128,1,1,0.00,100.00,549.08,277.49,200.14,77.36,,,826.57,626.44,1.67,34.00,68.00,1.48,42925804,2026-09-23T02:46:45Z
C,1gb,2f_top28,pread,128,1,1,0.00,100.00,480.49,1445.82,202.57,1243.25,,,1926.31,1723.74,1.67,33.00,66.00,1.48,42925788,2026-09-23T02:46:46Z
C,1gb,2f_top28,async,128,1,1,0.00,100.00,506.71,295.32,199.18,96.14,,,802.03,602.85,1.70,34.00,67.00,1.48,42926120,2026-09-23T02:46:46Z
C,1gb,2f_top100,pread,128,1,1,0.00,100.00,514.80,2067.30,200.30,1867.00,,,2582.10,2381.80,1.65,27.00,67.00,1.48,42926500,2026-09-23T02:46:46Z
C,1gb,2f_top100,async,128,1,1,0.00,100.00,577.43,382.00,204.10,177.89,,,959.43,755.32,1.67,30.00,66.00,1.48,42942724,2026-09-23T02:46:46Z
C,1gb,2f_top500,pread,128,1,1,0.00,100.00,441.46,3679.14,201.32,3477.82,,,4120.60,3919.28,1.59,6.00,66.00,1.48,42942732,2026-09-23T02:46:47Z
C,1gb,2f_top500,async,128,1,1,0.00,100.00,523.11,891.63,196.09,695.54,,,1414.74,1218.65,1.60,8.00,68.00,1.48,42942264,2026-09-23T02:46:47Z
C,1gb,2f_slru,pread,128,1,1,0.00,100.00,90.08,5589.87,201.66,5388.21,,,5679.95,5478.29,1.55,0.00,64.00,1.48,42943948,2026-09-23T02:46:47Z
C,1gb,2f_slru,async,128,1,1,0.00,100.00,90.94,1626.07,202.16,1423.91,,,1717.01,1514.85,1.58,0.00,64.00,1.48,42944540,2026-09-23T02:46:47Z
C,1gb,leaf_freq_K10,pread,128,1,1,0.00,100.00,953.50,1096.91,200.11,896.81,,,2050.41,1850.31,1.70,39.00,73.00,1.48,42943156,2026-09-23T02:46:48Z
C,1gb,leaf_freq_K10,async,128,1,1,0.00,100.00,907.91,265.43,192.54,72.89,,,1173.34,980.80,1.70,39.00,73.00,1.44,42943960,2026-09-23T02:46:48Z
C,1gb,leaf_rand_K10,pread,128,1,1,0.00,100.00,1254.00,1429.88,202.25,1227.63,,,2683.88,2481.63,1.68,36.00,63.00,1.44,42945000,2026-09-23T02:46:48Z
C,1gb,leaf_rand_K10,async,128,1,1,0.00,100.00,1135.76,274.86,201.68,73.18,,,1410.62,1208.94,1.68,36.00,63.00,1.44,42945016,2026-09-23T02:46:49Z
A,vacuum,baseline,baseline,128,2,0,0.00,0.00,1073.85,0.00,0.00,0.00,,,1073.85,1073.85,2.02,143.00,224.00,1.44,42945308,2026-09-23T02:46:49Z
A,ta,baseline,baseline,128,2,0,0.00,0.00,704.93,0.00,0.00,0.00,,,704.93,704.93,2.10,176.00,280.00,1.44,42945452,2026-09-23T02:46:49Z
A,1gb,baseline,baseline,128,2,0,0.00,0.00,1424.68,0.00,0.00,0.00,,,1424.68,1424.68,2.16,179.00,271.00,1.44,42945500,2026-09-23T02:46:50Z
B,vacuum,baseline,baseline,128,2,0,0.00,0.00,1021.99,0.00,0.00,0.00,,,1021.99,1021.99,2.06,140.00,224.00,1.44,42947160,2026-09-23T02:46:50Z
B,ta,baseline,baseline,128,2,0,0.00,0.00,817.50,0.00,0.00,0.00,,,817.50,817.50,2.15,180.00,265.00,1.44,42939608,2026-09-23T02:46:50Z
B,1gb,baseline,baseline,128,2,0,0.00,0.00,1357.11,0.00,0.00,0.00,,,1357.11,1357.11,2.19,183.00,259.00,1.44,42942416,2026-09-23T02:46:50Z
C,vacuum,baseline,baseline,128,2,0,0.00,0.00,1157.08,0.00,0.00,0.00,,,1157.08,1157.08,1.54,15.00,25.00,1.44,42942672,2026-09-23T02:46:51Z
C,ta,baseline,baseline,128,2,0,0.00,0.00,830.85,0.00,0.00,0.00,,,830.85,830.85,1.60,21.00,28.00,1.44,42943672,2026-09-23T02:46:51Z
C,1gb,baseline,baseline,128,2,0,0.00,0.00,1236.98,0.00,0.00,0.00,,,1236.98,1236.98,1.69,36.00,64.00,1.44,42942084,2026-09-23T02:46:51Z
A,vacuum,layers_5,pread,128,2,0,0.00,100.00,966.48,775.51,194.63,580.88,,,1741.99,1547.36,2.01,143.00,225.00,1.44,42942544,2026-09-23T02:46:52Z
A,vacuum,layers_5,async,128,2,0,0.00,100.00,983.31,267.08,197.19,69.89,,,1250.39,1053.20,2.03,144.00,221.00,1.44,42930176,2026-09-23T02:46:52Z
A,vacuum,layers_92,pread,128,2,0,0.00,100.00,511.32,7790.54,198.46,7592.07,,,8301.86,8103.39,1.98,138.00,234.00,1.44,42930820,2026-09-23T02:46:52Z
A,vacuum,layers_92,async,128,2,0,0.00,100.00,579.05,377.64,198.38,179.26,,,956.69,758.31,1.98,139.00,230.00,1.44,42931628,2026-09-23T02:46:53Z
A,vacuum,2d,pread,128,2,0,0.00,100.00,572.63,1387.44,196.32,1191.12,,,1960.07,1763.75,1.99,138.00,234.00,1.44,42931064,2026-09-23T02:46:53Z
A,vacuum,2d,async,128,2,0,0.00,100.00,575.96,276.37,198.89,77.47,,,852.33,653.43,1.95,139.00,230.00,1.41,42931772,2026-09-23T02:46:53Z
A,vacuum,2e_K10,pread,128,2,0,0.00,100.00,579.19,2213.52,197.85,2015.67,,,2792.71,2594.86,1.98,138.00,243.00,1.41,42930864,2026-09-23T02:46:53Z
A,vacuum,2e_K10,async,128,2,0,0.00,100.00,572.98,289.69,197.62,92.07,,,862.67,665.05,2.02,139.00,239.00,1.41,42931264,2026-09-23T02:46:54Z
A,vacuum,2e_K500,pread,128,2,0,0.00,100.00,529.37,15840.74,195.52,15645.22,,,16370.11,16174.59,1.88,110.00,386.00,1.41,42932032,2026-09-23T02:46:54Z
A,vacuum,2e_K500,async,128,2,0,0.00,19.70,683.20,903.30,197.90,705.40,,,1586.50,1388.60,1.98,142.00,334.00,1.41,42932028,2026-09-23T02:46:54Z
A,vacuum,2f_top14,pread,128,2,0,0.00,100.00,573.41,1546.72,196.79,1349.93,,,2120.13,1923.34,1.98,139.00,234.00,1.41,42932464,2026-09-23T02:46:55Z
A,vacuum,2f_top14,async,128,2,0,0.00,100.00,573.89,276.92,196.82,80.10,,,850.81,653.99,2.04,140.00,232.00,1.41,42933024,2026-09-23T02:46:55Z
A,vacuum,2f_top28,pread,128,2,0,0.00,100.00,908.28,11387.62,764.78,10622.84,,,12295.90,11531.12,2.55,141.00,245.00,1.41,42932460,2026-09-23T02:46:55Z
A,vacuum,2f_top28,async,128,2,0,0.00,100.00,576.62,295.87,198.92,96.94,,,872.49,673.56,2.00,142.00,243.00,1.41,42920152,2026-09-23T02:46:56Z
A,vacuum,2f_top100,pread,128,2,0,0.00,100.00,576.30,9138.30,195.45,8942.85,,,9714.60,9519.15,2.01,142.00,267.00,1.41,42920732,2026-09-23T02:46:56Z
A,vacuum,2f_top100,async,128,2,0,0.00,100.00,572.02,393.84,194.72,199.12,,,965.86,771.14,1.99,144.00,263.00,1.41,42921520,2026-09-23T02:46:56Z
A,vacuum,2f_top500,pread,128,2,0,0.00,100.00,545.20,15548.05,197.35,15350.70,,,16093.25,15895.90,1.87,111.00,382.00,1.41,42922268,2026-09-23T02:46:56Z
A,vacuum,2f_top500,async,128,2,0,0.00,7.40,503.84,844.58,199.74,644.84,,,1348.42,1148.68,1.98,143.00,333.00,1.41,42921672,2026-09-23T02:46:57Z
A,vacuum,2f_slru,pread,128,2,0,0.00,100.00,97.45,13816.51,197.55,13618.96,,,13913.96,13716.41,1.55,0.00,214.00,1.41,42923264,2026-09-23T02:46:57Z
A,vacuum,2f_slru,async,128,2,0,0.00,100.00,98.64,5612.02,197.39,5414.63,,,5710.66,5513.27,1.58,0.00,214.00,1.41,42923800,2026-09-23T02:46:57Z
A,vacuum,leaf_freq_K10,pread,128,2,0,0.00,100.00,1061.15,1092.11,197.74,894.37,,,2153.26,1955.52,1.98,142.00,232.00,1.41,42922700,2026-09-23T02:46:58Z
A,vacuum,leaf_freq_K10,async,128,2,0,0.00,100.00,1067.21,273.44,197.91,75.53,,,1340.65,1142.74,2.00,142.00,233.00,1.41,42922996,2026-09-23T02:46:58Z
A,vacuum,leaf_rand_K10,pread,128,2,0,0.00,100.00,935.61,1125.14,196.44,928.71,,,2060.75,1864.32,2.02,143.00,224.00,1.37,42921872,2026-09-23T02:46:58Z
A,vacuum,leaf_rand_K10,async,128,2,0,0.00,100.00,1068.82,274.48,198.39,76.08,,,1343.30,1144.90,2.00,143.00,224.00,1.37,42922208,2026-09-23T02:46:59Z
A,ta,layers_5,pread,128,2,0,0.00,100.00,578.84,447.67,197.07,250.60,,,1026.51,829.44,2.11,176.00,278.00,1.37,42922756,2026-09-23T02:46:59Z
A,ta,layers_5,async,128,2,0,0.00,100.00,989.34,266.86,197.25,69.61,,,1256.20,1058.95,2.15,176.00,277.00,1.37,42922972,2026-09-23T02:46:59Z
A,ta,layers_92,pread,128,2,0,0.00,100.00,588.57,1013.91,196.86,817.05,,,1602.48,1405.62,2.09,174.00,278.00,1.37,42924372,2026-09-23T02:46:59Z
A,ta,layers_92,async,128,2,0,0.00,100.00,567.69,353.16,187.76,165.40,,,920.85,733.09,2.11,175.00,277.00,1.37,42924868,2026-09-23T02:47:00Z
A,ta,2d,pread,128,2,0,0.00,100.00,555.60,985.67,197.17,788.50,,,1541.27,1344.10,2.12,174.00,278.00,1.37,42924864,2026-09-23T02:47:00Z
A,ta,2d,async,128,2,0,0.00,100.00,583.10,312.80,200.03,112.77,,,895.90,695.87,2.15,175.00,277.00,1.37,42921456,2026-09-23T02:47:00Z
A,ta,2e_K10,pread,128,2,0,0.00,100.00,614.66,1969.89,200.67,1769.23,,,2584.55,2383.89,2.17,174.00,282.00,1.37,42904388,2026-09-23T02:47:01Z
A,ta,2e_K10,async,128,2,0,0.00,100.00,581.24,322.36,197.16,125.20,,,903.60,706.44,2.11,175.00,281.00,1.37,42906484,2026-09-23T02:47:01Z
A,ta,2e_K500,pread,128,2,0,0.00,100.00,182.71,17856.64,199.65,17656.99,,,18039.35,17839.70,1.75,61.00,337.00,1.37,42907300,2026-09-23T02:47:01Z
A,ta,2e_K500,async,128,2,0,0.00,40.70,584.93,955.61,194.89,760.72,,,1540.54,1345.65,2.09,178.00,400.00,1.37,42907752,2026-09-23T02:47:02Z
A,ta,2f_top14,pread,128,2,0,0.00,100.00,580.66,1383.32,197.31,1186.01,,,1963.98,1766.67,2.09,175.00,280.00,1.37,42908924,2026-09-23T02:47:02Z
A,ta,2f_top14,async,128,2,0,0.00,100.00,514.14,275.27,197.03,78.24,,,789.41,592.38,2.08,175.00,280.00,1.37,42909944,2026-09-23T02:47:02Z
A,ta,2f_top28,pread,128,2,0,0.00,100.00,578.59,2717.68,198.12,2519.56,,,3296.27,3098.15,2.13,175.00,288.00,1.37,42910356,2026-09-23T02:47:03Z
A,ta,2f_top28,async,128,2,0,0.00,100.00,582.84,296.17,198.98,97.18,,,879.01,680.02,2.15,175.00,288.00,1.37,42911228,2026-09-23T02:47:03Z
A,ta,2f_top100,pread,128,2,0,0.00,100.00,579.45,9799.02,196.68,9602.34,,,10378.47,10181.79,2.12,172.00,321.00,1.34,42910756,2026-09-23T02:47:03Z
A,ta,2f_top100,async,128,2,0,0.00,100.00,584.02,385.69,193.74,191.95,,,969.71,775.97,2.16,174.00,316.00,1.34,42912300,2026-09-23T02:47:03Z
A,ta,2f_top500,pread,128,2,0,0.00,100.00,181.17,17780.52,196.06,17584.46,,,17961.69,17765.63,1.86,99.00,385.00,1.34,42912500,2026-09-23T02:47:04Z
A,ta,2f_top500,async,128,2,0,0.00,100.00,629.53,1012.64,196.51,816.13,,,1642.17,1445.66,2.10,177.00,404.00,1.34,42912600,2026-09-23T02:47:04Z
A,ta,2f_slru,pread,128,2,0,0.00,100.00,98.66,17472.64,197.47,17275.17,,,17571.30,17373.83,1.57,0.00,279.00,1.34,42913892,2026-09-23T02:47:04Z
A,ta,2f_slru,async,128,2,0,0.00,100.00,96.71,7311.61,197.40,7114.20,,,7408.32,7210.91,1.58,0.00,279.00,1.34,42911288,2026-09-23T02:47:05Z
A,ta,leaf_freq_K10,pread,128,2,0,0.00,100.00,786.26,1099.32,198.45,900.86,,,1885.58,1687.12,2.16,176.00,284.00,1.34,42914608,2026-09-23T02:47:05Z
A,ta,leaf_freq_K10,async,128,2,0,0.00,100.00,745.40,274.15,198.47,75.68,,,1019.55,821.08,2.12,176.00,284.00,1.34,42915332,2026-09-23T02:47:05Z
A,ta,leaf_rand_K10,pread,128,2,0,0.00,100.00,787.58,1126.31,195.97,930.34,,,1913.89,1717.92,2.13,176.00,280.00,1.34,42915700,2026-09-23T02:47:06Z
A,ta,leaf_rand_K10,async,128,2,0,0.00,100.00,749.53,274.31,197.10,77.20,,,1023.84,826.73,2.10,176.00,280.00,1.34,42915316,2026-09-23T02:47:06Z
A,1gb,layers_5,pread,128,2,0,0.00,100.00,1281.29,705.35,199.79,505.55,,,1986.64,1786.84,2.12,180.00,268.00,1.34,42904300,2026-09-23T02:47:06Z
A,1gb,layers_5,async,128,2,0,0.00,100.00,1314.35,268.41,198.95,69.46,,,1582.76,1383.81,2.15,180.00,268.00,1.34,42905580,2026-09-23T02:47:07Z
A,1gb,layers_92,pread,128,2,0,0.00,100.00,866.59,8315.39,196.62,8118.77,,,9181.98,8985.36,2.14,178.00,282.00,1.34,42930280,2026-09-23T02:47:07Z
A,1gb,layers_92,async,128,2,0,0.00,100.00,927.79,390.67,196.39,194.28,,,1318.46,1122.07,2.14,178.00,280.00,1.34,42930276,2026-09-23T02:47:07Z
A,1gb,2d,pread,128,2,0,0.00,100.00,563.69,2181.88,201.26,1980.62,,,2745.57,2544.31,2.16,177.00,283.00,1.34,42931584,2026-09-23T02:47:08Z
A,1gb,2d,async,128,2,0,0.00,100.00,565.11,286.31,198.24,88.07,,,851.42,653.18,2.15,177.00,281.00,1.34,42932080,2026-09-23T02:47:08Z
A,1gb,2e_K10,pread,128,2,0,0.00,100.00,560.78,3010.92,197.00,2813.92,,,3571.70,3374.70,2.17,177.00,291.00,1.32,42932684,2026-09-23T02:47:08Z
A,1gb,2e_K10,async,128,2,0,0.00,100.00,565.63,298.08,198.60,99.48,,,863.71,665.11,2.16,177.00,289.00,1.32,42933264,2026-09-23T02:47:09Z
A,1gb,2e_K500,pread,128,2,0,0.00,100.00,565.34,18318.63,196.54,18122.09,,,18883.97,18687.43,2.04,167.00,447.00,1.32,42932916,2026-09-23T02:47:09Z
A,1gb,2e_K500,async,128,2,0,0.00,100.00,605.12,1036.46,197.47,838.99,,,1641.58,1444.11,2.12,176.00,395.00,1.32,42933176,2026-09-23T02:47:09Z
A,1gb,2f_top14,pread,128,2,0,0.00,100.00,599.26,1553.65,198.14,1355.51,,,2152.91,1954.77,2.17,176.00,287.00,1.32,42933096,2026-09-23T02:47:10Z
A,1gb,2f_top14,async,128,2,0,0.00,100.00,596.63,280.07,197.66,82.41,,,876.70,679.04,2.16,176.00,287.00,1.32,42933428,2026-09-23T02:47:10Z
A,1gb,2f_top28,pread,128,2,0,0.00,100.00,495.25,2749.91,229.48,2520.43,,,3245.16,3015.68,2.14,176.00,294.00,1.32,42933524,2026-09-23T02:47:10Z
A,1gb,2f_top28,async,128,2,0,0.00,100.00,565.68,321.52,224.63,96.89,,,887.20,662.57,2.15,176.00,295.00,1.32,42933896,2026-09-23T02:47:10Z
A,1gb,2f_top100,pread,128,2,0,0.00,100.00,593.50,9247.31,229.00,9018.30,,,9840.81,9611.80,2.15,174.00,328.00,1.32,42934216,2026-09-23T02:47:11Z
A,1gb,2f_top100,async,128,2,0,0.00,100.00,592.79,428.99,229.58,199.41,,,1021.78,792.20,2.15,174.00,322.00,1.32,42916412,2026-09-23T02:47:11Z
A,1gb,2f_top500,pread,128,2,0,0.00,100.00,600.95,18732.29,228.33,18503.96,,,19333.24,19104.91,2.08,169.00,442.00,1.32,42923784,2026-09-23T02:47:12Z
A,1gb,2f_top500,async,128,2,0,0.00,34.00,564.82,880.17,226.84,653.34,,,1444.99,1218.16,2.12,176.00,399.00,1.32,42923160,2026-09-23T02:47:12Z
A,1gb,2f_slru,pread,128,2,0,0.00,100.00,98.83,19034.67,227.94,18806.73,,,19133.50,18905.56,1.55,0.00,280.00,1.32,42925980,2026-09-23T02:47:12Z
A,1gb,2f_slru,async,128,2,0,0.00,100.00,93.91,7635.38,229.22,7406.15,,,7729.29,7500.06,1.63,0.00,280.00,1.32,42917420,2026-09-23T02:47:12Z
A,1gb,leaf_freq_K10,pread,128,2,0,0.00,100.00,1476.05,1128.86,229.57,899.29,,,2604.91,2375.34,2.19,178.00,279.00,1.32,42919624,2026-09-23T02:47:13Z
A,1gb,leaf_freq_K10,async,128,2,0,0.00,100.00,1564.43,303.89,229.20,74.69,,,1868.32,1639.12,2.17,178.00,279.00,1.29,42920012,2026-09-23T02:47:13Z
A,1gb,leaf_rand_K10,pread,128,2,0,0.00,100.00,1413.35,1149.01,228.66,920.35,,,2562.36,2333.70,2.17,179.00,270.00,1.29,42920728,2026-09-23T02:47:13Z
A,1gb,leaf_rand_K10,async,128,2,0,0.00,100.00,1469.99,299.78,223.08,76.70,,,1769.77,1546.69,2.14,179.00,270.00,1.29,42921376,2026-09-23T02:47:14Z
B,vacuum,layers_5,pread,128,2,0,0.00,100.00,912.67,813.07,228.14,584.93,,,1725.74,1497.60,2.06,140.00,222.00,1.29,42922228,2026-09-23T02:47:14Z
B,vacuum,layers_5,async,128,2,0,0.00,100.00,1057.56,297.91,228.37,69.54,,,1355.47,1127.10,2.09,140.00,220.00,1.29,42921800,2026-09-23T02:47:14Z
B,vacuum,layers_92,pread,128,2,0,0.00,100.00,538.48,7788.75,228.60,7560.15,,,8327.23,8098.63,2.05,136.00,233.00,1.29,42922184,2026-09-23T02:47:15Z
B,vacuum,layers_92,async,128,2,0,0.00,100.00,563.07,411.02,228.78,182.24,,,974.09,745.31,2.05,136.00,231.00,1.29,42922096,2026-09-23T02:47:15Z
B,vacuum,2d,pread,128,2,0,0.00,100.00,493.48,1406.10,222.64,1183.46,,,1899.58,1676.94,2.02,136.00,233.00,1.29,42922384,2026-09-23T02:47:15Z
B,vacuum,2d,async,128,2,0,0.00,100.00,601.39,309.78,231.43,78.36,,,911.17,679.75,2.07,136.00,231.00,1.29,42922884,2026-09-23T02:47:16Z
B,vacuum,2e_K10,pread,128,2,0,0.00,100.00,597.03,2338.37,228.60,2109.77,,,2935.40,2706.80,2.05,136.00,234.00,1.29,42923072,2026-09-23T02:47:16Z
B,vacuum,2e_K10,async,128,2,0,0.00,100.00,526.87,319.66,227.54,92.12,,,846.53,618.99,2.03,136.00,232.00,1.29,42924076,2026-09-23T02:47:16Z
B,vacuum,2e_K500,pread,128,2,0,0.00,100.00,596.97,14173.93,229.01,13944.92,,,14770.90,14541.89,1.98,124.00,376.00,1.29,42909208,2026-09-23T02:47:16Z
B,vacuum,2e_K500,async,128,2,0,0.00,100.00,581.26,1098.93,230.06,868.86,,,1680.19,1450.12,2.06,137.00,271.00,1.29,42919928,2026-09-23T02:47:17Z
B,vacuum,2f_top14,pread,128,2,0,0.00,100.00,587.65,1518.89,227.42,1291.47,,,2106.54,1879.12,2.04,136.00,232.00,1.29,42920768,2026-09-23T02:47:17Z
B,vacuum,2f_top14,async,128,2,0,0.00,100.00,531.19,311.50,231.07,80.42,,,842.69,611.61,2.06,136.00,231.00,1.29,42922580,2026-09-23T02:47:17Z
B,vacuum,2f_top28,pread,128,2,0,0.00,100.00,526.90,2792.10,227.45,2564.65,,,3319.00,3091.55,2.05,136.00,234.00,1.29,42921516,2026-09-23T02:47:18Z
B,vacuum,2f_top28,async,128,2,0,0.00,100.00,589.86,325.71,228.00,97.71,,,915.57,687.57,2.05,136.00,233.00,1.27,42921488,2026-09-23T02:47:18Z
B,vacuum,2f_top100,pread,128,2,0,0.00,100.00,494.42,8938.81,228.67,8710.14,,,9433.23,9204.56,2.02,138.00,256.00,1.27,42921768,2026-09-23T02:47:18Z
B,vacuum,2f_top100,async,128,2,0,0.00,100.00,588.07,414.21,226.50,187.71,,,1002.28,775.78,2.04,138.00,253.00,1.27,42921988,2026-09-23T02:47:19Z
B,vacuum,2f_top500,pread,128,2,0,0.00,100.00,576.78,13610.52,227.70,13382.82,,,14187.30,13959.60,1.96,125.00,376.00,1.27,42922564,2026-09-23T02:47:19Z
B,vacuum,2f_top500,async,128,2,0,0.00,100.00,585.29,1017.61,228.62,788.99,,,1602.90,1374.28,2.00,137.00,274.00,1.27,42922572,2026-09-23T02:47:19Z
B,vacuum,2f_slru,pread,128,2,0,0.00,100.00,96.07,13894.72,228.62,13666.10,,,13990.79,13762.17,1.57,0.00,214.00,1.27,42922660,2026-09-23T02:47:19Z
B,vacuum,2f_slru,async,128,2,0,0.00,100.00,98.56,5650.85,229.03,5421.82,,,5749.41,5520.38,1.61,0.00,214.00,1.27,42924000,2026-09-23T02:47:20Z
B,vacuum,leaf_freq_K10,pread,128,2,0,0.00,100.00,1164.91,1155.27,228.67,926.60,,,2320.18,2091.51,2.05,139.00,225.00,1.27,42923848,2026-09-23T02:47:20Z
B,vacuum,leaf_freq_K10,async,128,2,0,0.00,100.00,1078.34,306.24,231.47,74.77,,,1384.58,1153.11,2.07,139.00,225.00,1.27,42924564,2026-09-23T02:47:20Z
B,vacuum,leaf_rand_K10,pread,128,2,0,0.00,100.00,972.80,1163.39,238.72,924.67,,,2136.19,1897.47,2.04,140.00,224.00,1.27,42924800,2026-09-23T02:47:21Z
B,vacuum,leaf_rand_K10,async,128,2,0,0.00,100.00,1142.85,303.78,228.03,75.75,,,1446.63,1218.60,2.07,140.00,224.00,1.27,42925404,2026-09-23T02:47:21Z
B,ta,layers_5,pread,128,2,0,0.00,100.00,672.36,476.45,227.87,248.59,,,1148.81,920.95,2.17,180.00,266.00,1.27,42924576,2026-09-23T02:47:21Z
B,ta,layers_5,async,128,2,0,0.00,100.00,1076.12,299.31,229.83,69.48,,,1375.43,1145.60,2.21,180.00,264.00,1.27,42923076,2026-09-23T02:47:22Z
B,ta,layers_92,pread,128,2,0,0.00,100.00,596.80,1073.06,222.53,850.53,,,1669.86,1447.33,2.15,178.00,262.00,1.27,42913160,2026-09-23T02:47:22Z
B,ta,layers_92,async,128,2,0,0.00,42.40,659.30,397.68,230.02,167.66,,,1056.98,826.96,2.22,179.00,264.00,1.27,42914348,2026-09-23T02:47:22Z
B,ta,2d,pread,128,2,0,0.00,100.00,572.78,1078.25,227.45,850.80,,,1651.03,1423.58,2.19,179.00,264.00,1.27,42915136,2026-09-23T02:47:23Z
B,ta,2d,async,128,2,0,0.00,100.00,586.54,335.71,228.91,106.80,,,922.25,693.34,2.15,179.00,264.00,1.27,42914980,2026-09-23T02:47:23Z
B,ta,2e_K10,pread,128,2,0,0.00,100.00,660.68,2317.46,228.98,2088.48,,,2978.14,2749.16,2.20,178.00,263.00,1.25,42916204,2026-09-23T02:47:23Z
B,ta,2e_K10,async,128,2,0,0.00,98.00,663.53,350.38,229.87,120.51,,,1013.91,784.04,2.20,180.00,262.00,1.25,42915628,2026-09-23T02:47:24Z
B,ta,2e_K500,pread,128,2,0,0.00,100.00,582.92,17653.85,230.13,17423.72,,,18236.77,18006.64,1.97,118.00,326.00,1.25,42916520,2026-09-23T02:47:24Z
B,ta,2e_K500,async,128,2,0,0.00,39.60,665.71,958.79,229.41,729.38,,,1624.50,1395.09,2.16,183.00,317.00,1.25,42915596,2026-09-23T02:47:24Z
B,ta,2f_top14,pread,128,2,0,0.00,100.00,692.11,1626.37,225.77,1400.59,,,2318.48,2092.70,2.16,179.00,264.00,1.25,42915852,2026-09-23T02:47:24Z
B,ta,2f_top14,async,128,2,0,0.00,100.00,691.88,309.30,229.14,80.16,,,1001.18,772.04,2.20,179.00,264.00,1.25,42916312,2026-09-23T02:47:25Z
B,ta,2f_top28,pread,128,2,0,0.00,100.00,662.89,3127.65,228.89,2898.76,,,3790.54,3561.65,2.16,180.00,261.00,1.25,42915988,2026-09-23T02:47:25Z
B,ta,2f_top28,async,128,2,0,0.00,100.00,693.51,328.01,230.51,97.49,,,1021.52,791.00,2.21,180.00,261.00,1.25,42916132,2026-09-23T02:47:25Z
B,ta,2f_top100,pread,128,2,0,0.00,100.00,663.24,9762.84,235.82,9527.02,,,10426.08,10190.26,2.19,183.00,276.00,1.25,42916208,2026-09-23T02:47:26Z
B,ta,2f_top100,async,128,2,0,0.00,100.00,690.97,411.94,224.36,187.58,,,1102.91,878.55,2.18,183.00,275.00,1.25,42917024,2026-09-23T02:47:26Z
B,ta,2f_top500,pread,128,2,0,0.00,100.00,633.90,17769.18,228.64,17540.54,,,18403.08,18174.44,2.14,172.00,361.00,1.25,42917336,2026-09-23T02:47:26Z
B,ta,2f_top500,async,128,2,0,0.00,100.00,689.58,1032.95,227.56,805.39,,,1722.53,1494.97,2.15,183.00,322.00,1.25,42917764,2026-09-23T02:47:27Z
B,ta,2f_slru,pread,128,2,0,0.00,100.00,94.95,18201.32,229.56,17971.76,,,18296.27,18066.71,1.60,0.00,279.00,1.25,42905344,2026-09-23T02:47:27Z
B,ta,2f_slru,async,128,2,0,0.00,100.00,95.52,7389.96,228.05,7161.91,,,7485.48,7257.43,1.64,0.00,279.00,1.25,42910280,2026-09-23T02:47:27Z
B,ta,leaf_freq_K10,pread,128,2,0,0.00,100.00,752.13,1152.62,228.31,924.31,,,1904.75,1676.44,2.18,181.00,263.00,1.25,42928508,2026-09-23T02:47:28Z
B,ta,leaf_freq_K10,async,128,2,0,0.00,100.00,860.20,301.66,227.31,74.35,,,1161.86,934.55,2.14,181.00,263.00,1.25,42928392,2026-09-23T02:47:28Z
B,ta,leaf_rand_K10,pread,128,2,0,0.00,100.00,867.43,1096.04,228.53,867.51,,,1963.47,1734.94,2.20,180.00,265.00,1.23,42927988,2026-09-23T02:47:28Z
B,ta,leaf_rand_K10,async,128,2,0,0.00,100.00,871.44,304.18,229.05,75.13,,,1175.62,946.57,2.21,180.00,265.00,1.23,42928512,2026-09-23T02:47:29Z
B,1gb,layers_5,pread,128,2,0,0.00,100.00,1318.92,730.31,229.27,501.04,,,2049.23,1819.96,2.19,182.00,259.00,1.23,42928844,2026-09-23T02:47:29Z
B,1gb,layers_5,async,128,2,0,0.00,100.00,1343.56,299.29,230.09,69.20,,,1642.85,1412.76,2.23,183.00,259.00,1.23,42929104,2026-09-23T02:47:29Z
B,1gb,layers_92,pread,128,2,0,0.00,100.00,995.69,8365.63,228.81,8136.82,,,9361.32,9132.51,2.20,180.00,273.00,1.23,42929088,2026-09-23T02:47:30Z
B,1gb,layers_92,async,128,2,0,0.00,100.00,962.96,428.57,227.76,200.81,,,1391.53,1163.77,2.21,182.00,272.00,1.23,42929340,2026-09-23T02:47:30Z
B,1gb,2d,pread,128,2,0,0.00,100.00,654.03,2163.11,195.83,1967.28,,,2817.14,2621.31,2.18,179.00,274.00,1.23,42929604,2026-09-23T02:47:30Z
B,1gb,2d,async,128,2,0,0.00,100.00,643.11,284.31,197.11,87.19,,,927.42,730.30,2.19,181.00,272.00,1.23,42930520,2026-09-23T02:47:31Z
B,1gb,2e_K10,pread,128,2,0,0.00,100.00,654.31,3125.95,195.57,2930.38,,,3780.26,3584.69,2.21,179.00,275.00,1.23,42929096,2026-09-23T02:47:31Z
B,1gb,2e_K10,async,128,2,0,0.00,100.00,624.63,297.78,196.48,101.30,,,922.41,725.93,2.17,182.00,273.00,1.23,42930036,2026-09-23T02:47:31Z
B,1gb,2e_K500,pread,128,2,0,0.00,100.00,613.91,27257.73,198.46,27059.27,,,27871.64,27673.18,2.09,169.00,367.00,1.23,42931280,2026-09-23T02:47:32Z
B,1gb,2e_K500,async,128,2,0,0.00,100.00,652.71,1082.00,198.32,883.68,,,1734.71,1536.39,2.17,185.00,314.00,1.23,42931652,2026-09-23T02:47:32Z
B,1gb,2f_top14,pread,128,2,0,0.00,100.00,632.34,1552.17,196.06,1356.11,,,2184.51,1988.45,2.21,180.00,273.00,1.23,42909944,2026-09-23T02:47:32Z
B,1gb,2f_top14,async,128,2,0,0.00,100.00,641.59,278.48,196.84,81.64,,,920.07,723.23,2.21,181.00,273.00,1.23,42918476,2026-09-23T02:47:33Z
B,1gb,2f_top28,pread,128,2,0,0.00,100.00,658.35,2711.95,187.73,2524.22,,,3370.30,3182.57,2.17,181.00,273.00,1.23,42902916,2026-09-23T02:47:33Z
B,1gb,2f_top28,async,128,2,0,0.00,100.00,669.80,297.61,198.35,99.26,,,967.41,769.06,2.21,182.00,273.00,1.21,42903808,2026-09-23T02:47:33Z
B,1gb,2f_top100,pread,128,2,0,0.00,100.00,659.85,8992.14,196.90,8795.24,,,9651.99,9455.09,2.16,184.00,283.00,1.21,42904412,2026-09-23T02:47:34Z
B,1gb,2f_top100,async,128,2,0,0.00,100.00,658.54,388.39,189.94,198.45,,,1046.93,856.99,2.18,184.00,283.00,1.21,42904508,2026-09-23T02:47:34Z
B,1gb,2f_top500,pread,128,2,0,0.00,100.00,654.53,27920.68,196.53,27724.15,,,28575.21,28378.68,2.11,172.00,370.00,1.21,42904948,2026-09-23T02:47:34Z
B,1gb,2f_top500,async,128,2,0,0.00,100.00,661.02,1010.65,192.95,817.70,,,1671.67,1478.72,2.16,184.00,318.00,1.21,42905900,2026-09-23T02:47:35Z
B,1gb,2f_slru,pread,128,2,0,0.00,100.00,99.28,19485.91,196.22,19289.69,,,19585.19,19388.97,1.57,0.00,280.00,1.21,42906112,2026-09-23T02:47:35Z
B,1gb,2f_slru,async,128,2,0,0.00,100.00,97.94,7373.78,204.68,7169.10,,,7471.72,7267.04,1.64,0.00,280.00,1.21,42903648,2026-09-23T02:47:35Z
B,1gb,leaf_freq_K10,pread,128,2,0,0.00,100.00,1381.98,1091.49,196.51,894.98,,,2473.47,2276.96,2.20,183.00,258.00,1.21,42907252,2026-09-23T02:47:35Z
B,1gb,leaf_freq_K10,async,128,2,0,0.00,100.00,1432.55,279.44,203.09,76.34,,,1711.99,1508.89,2.22,183.00,258.00,1.21,42907320,2026-09-23T02:47:36Z
B,1gb,leaf_rand_K10,pread,128,2,0,0.00,100.00,1461.26,1127.36,197.62,929.74,,,2588.62,2391.00,2.22,183.00,258.00,1.21,42907960,2026-09-23T02:47:36Z
B,1gb,leaf_rand_K10,async,128,2,0,0.00,100.00,1374.40,276.92,197.07,79.85,,,1651.32,1454.25,2.17,183.00,258.00,1.21,42908612,2026-09-23T02:47:36Z
C,vacuum,layers_5,pread,128,2,0,0.00,100.00,1048.77,776.49,193.50,582.99,,,1825.26,1631.76,1.55,15.00,25.00,1.21,42909072,2026-09-23T02:47:37Z
C,vacuum,layers_5,async,128,2,0,0.00,100.00,1052.32,265.10,195.28,69.82,,,1317.42,1122.14,1.53,15.00,25.00,1.21,42910216,2026-09-23T02:47:37Z
C,vacuum,layers_92,pread,128,2,0,0.00,100.00,660.98,7645.98,196.44,7449.55,,,8306.96,8110.53,1.53,14.00,30.00,1.21,42909696,2026-09-23T02:47:37Z
C,vacuum,layers_92,async,128,2,0,0.00,100.00,655.83,380.76,194.89,185.88,,,1036.59,841.71,1.54,14.00,30.00,1.21,42904624,2026-09-23T02:47:38Z
C,vacuum,2d,pread,128,2,0,0.00,100.00,653.47,609.65,195.42,414.23,,,1263.12,1067.70,1.54,14.00,30.00,1.21,42905572,2026-09-23T02:47:38Z
C,vacuum,2d,async,128,2,0,0.00,100.00,651.97,263.90,196.17,67.73,,,915.87,719.70,1.53,14.00,30.00,1.19,42906040,2026-09-23T02:47:38Z
C,vacuum,2e_K10,pread,128,2,0,0.00,100.00,172.71,1443.81,194.92,1248.89,,,1616.52,1421.60,1.54,12.00,32.00,1.19,42906508,2026-09-23T02:47:38Z
C,vacuum,2e_K10,async,128,2,0,0.00,92.90,171.61,272.42,193.17,79.25,,,444.03,250.86,1.53,13.00,33.00,1.19,42906936,2026-09-23T02:47:39Z
C,vacuum,2e_K500,pread,128,2,0,0.00,100.00,173.78,2605.51,195.58,2409.93,,,2779.29,2583.71,1.48,0.00,30.00,1.19,42907536,2026-09-23T02:47:39Z
C,vacuum,2e_K500,async,128,2,0,0.00,44.40,173.11,686.11,192.84,493.27,,,859.22,666.38,1.48,0.00,30.00,1.19,42907940,2026-09-23T02:47:39Z
C,vacuum,2f_top14,pread,128,2,0,0.00,100.00,170.90,1313.74,193.17,1120.57,,,1484.64,1291.47,1.53,11.00,33.00,1.19,42907948,2026-09-23T02:47:39Z
C,vacuum,2f_top14,async,128,2,0,0.00,92.90,170.98,271.96,194.04,77.92,,,442.94,248.90,1.53,12.00,31.00,1.19,42907592,2026-09-23T02:47:40Z
C,vacuum,2f_top28,pread,128,2,0,0.00,100.00,171.80,1313.07,192.94,1120.13,,,1484.87,1291.93,1.55,11.00,33.00,1.19,42907668,2026-09-23T02:47:40Z
C,vacuum,2f_top28,async,128,2,0,0.00,100.00,172.66,290.15,193.89,96.26,,,462.81,268.92,1.52,12.00,32.00,1.19,42907568,2026-09-23T02:47:40Z
C,vacuum,2f_top100,pread,128,2,0,0.00,100.00,170.99,1312.77,194.72,1118.05,,,1483.76,1289.04,1.51,8.00,30.00,1.19,42907972,2026-09-23T02:47:40Z
C,vacuum,2f_top100,async,128,2,0,0.00,100.00,174.52,373.79,192.96,180.83,,,548.31,355.35,1.51,9.00,29.00,1.19,42907868,2026-09-23T02:47:41Z
C,vacuum,2f_top500,pread,128,2,0,0.00,100.00,86.70,3012.46,193.64,2818.82,,,3099.16,2905.52,1.49,0.00,30.00,1.19,42908032,2026-09-23T02:47:41Z
C,vacuum,2f_top500,async,128,2,0,0.00,100.00,88.22,746.18,193.54,552.64,,,834.40,640.86,1.50,0.00,30.00,1.19,42908660,2026-09-23T02:47:41Z
C,vacuum,2f_slru,pread,128,2,0,0.00,100.00,85.59,3075.13,191.41,2883.72,,,3160.72,2969.31,1.46,0.00,30.00,1.19,42907408,2026-09-23T02:47:41Z
C,vacuum,2f_slru,async,128,2,0,0.00,100.00,86.43,764.13,193.26,570.86,,,850.56,657.29,1.49,0.00,30.00,1.19,42909116,2026-09-23T02:47:42Z
C,vacuum,leaf_freq_K10,pread,128,2,0,0.00,100.00,781.08,775.28,193.68,581.59,,,1556.36,1362.67,1.55,13.00,27.00,1.19,42908424,2026-09-23T02:47:42Z
C,vacuum,leaf_freq_K10,async,128,2,0,0.00,80.00,780.94,267.17,194.02,73.15,,,1048.11,854.09,1.54,14.00,28.00,1.19,42909496,2026-09-23T02:47:42Z
C,vacuum,leaf_rand_K10,pread,128,2,0,0.00,100.00,1137.12,1058.51,194.51,864.00,,,2195.63,2001.12,1.54,15.00,25.00,1.19,42909732,2026-09-23T02:47:42Z
C,vacuum,leaf_rand_K10,async,128,2,0,0.00,100.00,1132.70,268.38,194.34,74.04,,,1401.08,1206.74,1.57,15.00,25.00,1.19,42909632,2026-09-23T02:47:43Z
C,ta,layers_5,pread,128,2,0,0.00,100.00,763.49,440.91,193.48,247.43,,,1204.40,1010.92,1.62,21.00,28.00,1.19,42899584,2026-09-23T02:47:43Z
C,ta,layers_5,async,128,2,0,0.00,100.00,779.75,262.11,194.80,67.32,,,1041.86,847.07,1.62,21.00,28.00,1.18,42901472,2026-09-23T02:47:43Z
C,ta,layers_92,pread,128,2,0,0.00,100.00,376.82,1049.24,194.41,854.83,,,1426.06,1231.65,1.62,20.00,29.00,1.18,42900908,2026-09-23T02:47:43Z
C,ta,layers_92,async,128,2,0,0.00,100.00,428.93,353.56,185.17,168.39,,,782.49,597.32,1.60,20.00,29.00,1.18,42901396,2026-09-23T02:47:44Z
C,ta,2d,pread,128,2,0,0.00,100.00,416.80,1040.90,190.23,850.67,,,1457.70,1267.47,1.60,20.00,29.00,1.18,42902108,2026-09-23T02:47:44Z
C,ta,2d,async,128,2,0,0.00,64.60,436.99,308.87,195.54,113.33,,,745.86,550.32,1.62,20.00,29.00,1.18,42902492,2026-09-23T02:47:44Z
C,ta,2e_K10,pread,128,2,0,0.00,100.00,174.00,1583.55,196.63,1386.92,,,1757.55,1560.92,1.61,18.00,36.00,1.18,42904324,2026-09-23T02:47:44Z
C,ta,2e_K10,async,128,2,0,0.00,100.00,172.42,322.11,195.51,126.60,,,494.53,299.02,1.61,19.00,36.00,1.18,42904120,2026-09-23T02:47:45Z
C,ta,2e_K500,pread,128,2,0,0.00,100.00,173.92,3432.47,193.52,3238.95,,,3606.39,3412.87,1.53,0.00,38.00,1.18,42904620,2026-09-23T02:47:45Z
C,ta,2e_K500,async,128,2,0,0.00,100.00,172.06,767.00,195.13,571.88,,,939.06,743.94,1.52,0.00,38.00,1.18,42905104,2026-09-23T02:47:45Z
C,ta,2f_top14,pread,128,2,0,0.00,100.00,171.23,1042.03,194.21,847.82,,,1213.26,1019.05,1.59,19.00,36.00,1.18,42906272,2026-09-23T02:47:45Z
C,ta,2f_top14,async,128,2,0,0.00,100.00,172.84,266.97,187.59,79.38,,,439.81,252.22,1.60,18.00,36.00,1.18,42905648,2026-09-23T02:47:46Z
C,ta,2f_top28,pread,128,2,0,0.00,100.00,171.94,1188.94,193.82,995.11,,,1360.88,1167.05,1.60,17.00,35.00,1.18,42906444,2026-09-23T02:47:46Z
C,ta,2f_top28,async,128,2,0,0.00,100.00,172.81,288.79,194.68,94.12,,,461.60,266.93,1.60,18.00,35.00,1.18,42906940,2026-09-23T02:47:46Z
C,ta,2f_top100,pread,128,2,0,0.00,100.00,173.67,1459.49,194.00,1265.50,,,1633.16,1439.17,1.59,11.00,36.00,1.18,42907764,2026-09-23T02:47:46Z
C,ta,2f_top100,async,128,2,0,0.00,100.00,173.58,369.23,192.67,176.56,,,542.81,350.14,1.58,14.00,35.00,1.18,42907448,2026-09-23T02:47:47Z
C,ta,2f_top500,pread,128,2,0,0.00,100.00,87.11,3412.39,191.63,3220.76,,,3499.50,3307.87,1.53,0.00,38.00,1.18,42908896,2026-09-23T02:47:47Z
C,ta,2f_top500,async,128,2,0,0.00,100.00,87.89,1020.70,194.34,826.35,,,1108.59,914.24,1.53,0.00,38.00,1.18,42909140,2026-09-23T02:47:47Z
C,ta,2f_slru,pread,128,2,0,0.00,100.00,87.26,4093.26,215.10,3878.16,,,4180.52,3965.42,1.53,0.00,38.00,1.18,42908636,2026-09-23T02:47:47Z
C,ta,2f_slru,async,128,2,0,0.00,100.00,90.95,993.89,195.65,798.24,,,1084.84,889.19,1.53,0.00,38.00,1.18,42909820,2026-09-23T02:47:48Z
C,ta,leaf_freq_K10,pread,128,2,0,0.00,100.00,583.35,921.14,224.89,696.25,,,1504.49,1279.60,1.60,19.00,35.00,1.18,42918840,2026-09-23T02:47:48Z
C,ta,leaf_freq_K10,async,128,2,0,0.00,100.00,914.90,298.47,225.35,73.12,,,1213.37,988.02,1.64,20.00,35.00,1.32,42930304,2026-09-23T02:47:48Z
C,ta,leaf_rand_K10,pread,128,2,0,0.00,100.00,793.69,1090.65,227.07,863.58,,,1884.34,1657.27,1.61,21.00,28.00,1.32,42931164,2026-09-23T02:47:48Z
C,ta,leaf_rand_K10,async,128,2,0,0.00,100.00,778.42,305.56,230.32,75.24,,,1083.98,853.66,1.60,21.00,28.00,1.32,42931600,2026-09-23T02:47:49Z
C,1gb,layers_5,pread,128,2,0,0.00,100.00,1164.16,642.14,224.26,417.88,,,1806.30,1582.04,1.69,36.00,63.00,1.32,42932008,2026-09-23T02:47:49Z
C,1gb,layers_5,async,128,2,0,0.00,100.00,1206.76,290.93,224.08,66.85,,,1497.69,1273.61,1.70,36.00,63.00,1.32,42931680,2026-09-23T02:47:49Z
C,1gb,layers_92,pread,128,2,0,0.00,100.00,1186.07,8287.07,225.85,8061.22,,,9473.14,9247.29,1.69,36.00,64.00,1.32,42931828,2026-09-23T02:47:50Z
C,1gb,layers_92,async,128,2,0,0.00,100.00,1199.48,418.36,231.44,186.91,,,1617.84,1386.39,1.69,36.00,64.00,1.32,42931524,2026-09-23T02:47:50Z
C,1gb,2d,pread,128,2,0,0.00,100.00,515.53,913.75,228.12,685.63,,,1429.28,1201.16,1.68,35.00,66.00,1.32,42932220,2026-09-23T02:47:50Z
C,1gb,2d,async,128,2,0,0.00,100.00,544.55,299.11,226.26,72.85,,,843.66,617.40,1.68,35.00,66.00,1.32,42932532,2026-09-23T02:47:50Z
C,1gb,2e_K10,pread,128,2,0,0.00,100.00,176.12,1683.48,225.33,1458.15,,,1859.60,1634.27,1.70,38.00,76.00,1.32,42932828,2026-09-23T02:47:51Z
C,1gb,2e_K10,async,128,2,0,0.00,100.00,172.91,311.75,225.28,86.46,,,484.66,259.37,1.69,38.00,75.00,1.32,42932708,2026-09-23T02:47:51Z
C,1gb,2e_K500,pread,128,2,0,0.00,100.00,174.41,4685.09,225.53,4459.55,,,4859.50,4633.96,1.56,0.00,66.00,1.32,42932564,2026-09-23T02:47:51Z
C,1gb,2e_K500,async,128,2,0,0.00,100.00,176.19,886.41,226.89,659.52,,,1062.60,835.71,1.67,35.00,104.00,1.32,42933212,2026-09-23T02:47:52Z
C,1gb,2f_top14,pread,128,2,0,0.00,100.00,487.11,1534.96,227.17,1307.79,,,2022.07,1794.90,1.68,34.00,68.00,1.32,42933340,2026-09-23T02:47:52Z
C,1gb,2f_top14,async,128,2,0,0.00,100.00,517.45,304.74,226.03,78.72,,,822.19,596.17,1.69,34.00,68.00,1.32,42933796,2026-09-23T02:47:52Z
C,1gb,2f_top28,pread,128,2,0,0.00,100.00,518.54,1541.25,226.82,1314.43,,,2059.79,1832.97,1.67,33.00,66.00,1.32,42935268,2026-09-23T02:47:52Z
C,1gb,2f_top28,async,128,2,0,0.00,100.00,519.27,322.19,227.28,94.91,,,841.46,614.18,1.68,34.00,67.00,1.32,42934904,2026-09-23T02:47:53Z
C,1gb,2f_top100,pread,128,2,0,0.00,100.00,482.23,2036.13,225.40,1810.72,,,2518.36,2292.95,1.64,27.00,67.00,1.32,42935168,2026-09-23T02:47:53Z
C,1gb,2f_top100,async,128,2,0,0.00,100.00,515.01,406.03,227.77,178.26,,,921.04,693.27,1.67,30.00,66.00,1.38,42901344,2026-09-23T02:47:53Z
C,1gb,2f_top500,pread,128,2,0,0.00,100.00,449.23,3510.83,229.50,3281.33,,,3960.06,3730.56,1.60,6.00,66.00,1.38,42906856,2026-09-23T02:47:53Z
C,1gb,2f_top500,async,128,2,0,0.00,100.00,480.49,911.62,225.91,685.72,,,1392.11,1166.21,1.60,8.00,68.00,1.38,42906032,2026-09-23T02:47:54Z
C,1gb,2f_slru,pread,128,2,0,0.00,100.00,91.21,5435.33,226.70,5208.63,,,5526.54,5299.84,1.56,0.00,64.00,1.38,42907764,2026-09-23T02:47:54Z
C,1gb,2f_slru,async,128,2,0,0.00,100.00,92.23,1651.35,227.93,1423.43,,,1743.58,1515.66,1.58,0.00,64.00,1.38,42905572,2026-09-23T02:47:54Z
C,1gb,leaf_freq_K10,pread,128,2,0,0.00,100.00,961.11,1124.69,227.05,897.65,,,2085.80,1858.76,1.69,39.00,73.00,1.38,42905128,2026-09-23T02:47:55Z
C,1gb,leaf_freq_K10,async,128,2,0,0.00,100.00,938.81,297.77,226.34,71.44,,,1236.58,1010.25,1.71,39.00,73.00,1.38,42905884,2026-09-23T02:47:55Z
C,1gb,leaf_rand_K10,pread,128,2,0,0.00,100.00,2582.39,4701.53,558.14,4143.39,,,7283.92,6725.78,1.72,36.00,63.00,1.38,42906004,2026-09-23T02:47:55Z
C,1gb,leaf_rand_K10,async,128,2,0,0.00,100.00,1331.29,299.82,225.48,74.34,,,1631.11,1405.63,1.71,36.00,63.00,1.38,42906872,2026-09-23T02:47:55Z
A,vacuum,baseline,baseline,128,3,0,0.00,0.00,1070.92,0.00,0.00,0.00,,,1070.92,1070.92,2.02,143.00,224.00,1.38,42907120,2026-09-23T02:47:56Z
A,ta,baseline,baseline,128,3,0,0.00,0.00,804.25,0.00,0.00,0.00,,,804.25,804.25,2.10,176.00,280.00,1.38,42907836,2026-09-23T02:47:56Z
A,1gb,baseline,baseline,128,3,0,0.00,0.00,1413.89,0.00,0.00,0.00,,,1413.89,1413.89,2.13,179.00,271.00,1.38,42906968,2026-09-23T02:47:56Z
B,vacuum,baseline,baseline,128,3,0,0.00,0.00,1017.79,0.00,0.00,0.00,,,1017.79,1017.79,2.01,140.00,224.00,1.38,42909248,2026-09-23T02:47:57Z
B,ta,baseline,baseline,128,3,0,0.00,0.00,854.63,0.00,0.00,0.00,,,854.63,854.63,2.18,180.00,265.00,1.38,42908312,2026-09-23T02:47:57Z
B,1gb,baseline,baseline,128,3,0,0.00,0.00,1325.53,0.00,0.00,0.00,,,1325.53,1325.53,2.19,183.00,259.00,1.38,42908084,2026-09-23T02:47:57Z
C,vacuum,baseline,baseline,128,3,0,0.00,0.00,1153.84,0.00,0.00,0.00,,,1153.84,1153.84,1.53,15.00,25.00,1.38,42910116,2026-09-23T02:47:58Z
C,ta,baseline,baseline,128,3,0,0.00,0.00,742.94,0.00,0.00,0.00,,,742.94,742.94,1.60,21.00,28.00,1.38,42910172,2026-09-23T02:47:58Z
C,1gb,baseline,baseline,128,3,0,0.00,0.00,1148.07,0.00,0.00,0.00,,,1148.07,1148.07,1.70,36.00,64.00,1.35,42907408,2026-09-23T02:47:58Z
A,vacuum,layers_5,pread,128,3,0,0.00,100.00,978.17,777.21,193.43,583.78,,,1755.38,1561.95,2.00,143.00,225.00,1.35,42895204,2026-09-23T02:47:58Z
A,vacuum,layers_5,async,128,3,0,0.00,100.00,975.20,264.57,196.87,67.70,,,1239.77,1042.90,2.02,144.00,221.00,1.35,42904624,2026-09-23T02:47:59Z
A,vacuum,layers_92,pread,128,3,0,0.00,100.00,578.37,7850.95,197.92,7653.03,,,8429.32,8231.40,2.01,138.00,234.00,1.35,42904236,2026-09-23T02:47:59Z
A,vacuum,layers_92,async,128,3,0,0.00,100.00,575.85,378.06,198.06,180.00,,,953.91,755.85,1.97,139.00,230.00,1.35,42904940,2026-09-23T02:47:59Z
A,vacuum,2d,pread,128,3,0,0.00,100.00,506.95,1382.37,197.59,1184.78,,,1889.32,1691.73,1.96,138.00,234.00,1.35,42906004,2026-09-23T02:48:00Z
A,vacuum,2d,async,128,3,0,0.00,100.00,506.66,274.54,197.30,77.24,,,781.20,583.90,1.98,139.00,230.00,1.35,42906432,2026-09-23T02:48:00Z
A,vacuum,2e_K10,pread,128,3,0,0.00,100.00,570.72,2219.97,199.21,2020.76,,,2790.69,2591.48,1.99,138.00,243.00,1.35,42905640,2026-09-23T02:48:00Z
A,vacuum,2e_K10,async,128,3,0,0.00,100.00,572.08,287.02,196.80,90.22,,,859.10,662.30,2.00,139.00,239.00,1.35,42906152,2026-09-23T02:48:01Z
A,vacuum,2e_K500,pread,128,3,0,0.00,100.00,536.19,15145.78,195.77,14950.02,,,15681.97,15486.21,1.86,110.00,383.00,1.35,42907892,2026-09-23T02:48:01Z
A,vacuum,2e_K500,async,128,3,0,0.00,7.60,565.69,891.74,196.40,695.34,,,1457.43,1261.03,1.97,142.00,334.00,1.35,42908088,2026-09-23T02:48:01Z
A,vacuum,2f_top14,pread,128,3,0,0.00,100.00,576.74,1546.47,196.54,1349.93,,,2123.21,1926.67,2.03,139.00,234.00,1.35,42910688,2026-09-23T02:48:01Z
A,vacuum,2f_top14,async,128,3,0,0.00,100.00,570.83,278.78,198.96,79.82,,,849.61,650.65,2.01,140.00,232.00,1.35,42911324,2026-09-23T02:48:02Z
A,vacuum,2f_top28,pread,128,3,0,0.00,100.00,572.90,2690.77,197.39,2493.38,,,3263.67,3066.28,2.00,141.00,245.00,1.35,42911768,2026-09-23T02:48:02Z
A,vacuum,2f_top28,async,128,3,0,0.00,100.00,574.90,294.92,198.46,96.46,,,869.82,671.36,2.00,142.00,243.00,1.35,42911276,2026-09-23T02:48:02Z
A,vacuum,2f_top100,pread,128,3,0,0.00,100.00,568.34,9051.79,196.41,8855.38,,,9620.13,9423.72,1.97,142.00,265.00,1.35,42912672,2026-09-23T02:48:03Z
A,vacuum,2f_top100,async,128,3,0,0.00,100.00,577.55,389.46,195.17,194.29,,,967.01,771.84,1.99,144.00,261.00,1.35,42913256,2026-09-23T02:48:03Z
A,vacuum,2f_top500,pread,128,3,0,0.00,100.00,532.10,15900.03,197.42,15702.61,,,16432.13,16234.71,1.89,111.00,385.00,1.32,42914220,2026-09-23T02:48:03Z
A,vacuum,2f_top500,async,128,3,0,0.00,10.80,645.46,842.18,198.90,643.28,,,1487.64,1288.74,1.98,143.00,332.00,1.32,42913376,2026-09-23T02:48:04Z
A,vacuum,2f_slru,pread,128,3,0,0.00,100.00,97.75,14222.06,200.26,14021.80,,,14319.81,14119.55,1.56,0.00,214.00,1.32,42897388,2026-09-23T02:48:04Z
A,vacuum,2f_slru,async,128,3,0,0.00,100.00,96.34,5631.67,198.80,5432.86,,,5728.01,5529.20,1.57,0.00,214.00,1.32,42898568,2026-09-23T02:48:04Z
A,vacuum,leaf_freq_K10,pread,128,3,0,0.00,100.00,1065.55,1119.76,197.36,922.39,,,2185.31,1987.94,2.02,142.00,233.00,1.32,42899836,2026-09-23T02:48:04Z
A,vacuum,leaf_freq_K10,async,128,3,0,0.00,100.00,1065.14,272.91,196.71,76.20,,,1338.05,1141.34,2.00,142.00,233.00,1.32,42899772,2026-09-23T02:48:05Z
A,vacuum,leaf_rand_K10,pread,128,3,0,0.00,100.00,932.92,1119.49,196.10,923.40,,,2052.41,1856.32,1.97,143.00,224.00,1.32,42900524,2026-09-23T02:48:05Z
A,vacuum,leaf_rand_K10,async,128,3,0,0.00,100.00,1065.61,266.33,190.50,75.83,,,1331.94,1141.44,2.02,143.00,224.00,1.32,42902832,2026-09-23T02:48:05Z
A,ta,layers_5,pread,128,3,0,0.00,100.00,512.27,447.22,197.16,250.06,,,959.49,762.33,2.11,176.00,278.00,1.32,42904760,2026-09-23T02:48:06Z
A,ta,layers_5,async,128,3,0,0.00,100.00,909.87,261.95,193.49,68.46,,,1171.82,978.33,2.13,176.00,277.00,1.32,42904336,2026-09-23T02:48:06Z
A,ta,layers_92,pread,128,3,0,0.00,100.00,583.23,1014.52,195.47,819.05,,,1597.75,1402.28,2.07,174.00,278.00,1.32,42903460,2026-09-23T02:48:06Z
A,ta,layers_92,async,128,3,0,0.00,42.40,575.69,367.01,198.09,168.92,,,942.70,744.61,2.07,175.00,277.00,1.32,42905080,2026-09-23T02:48:07Z
A,ta,2d,pread,128,3,0,0.00,100.00,551.55,996.57,197.59,798.98,,,1548.12,1350.53,2.12,174.00,278.00,1.32,42906268,2026-09-23T02:48:07Z
A,ta,2d,async,128,3,0,0.00,100.00,575.22,311.40,197.54,113.86,,,886.62,689.08,2.11,175.00,277.00,1.32,42906412,2026-09-23T02:48:07Z
A,ta,2e_K10,pread,128,3,0,0.00,100.00,575.84,2000.05,194.09,1805.95,,,2575.89,2381.79,2.08,174.00,282.00,1.32,42908072,2026-09-23T02:48:07Z
A,ta,2e_K10,async,128,3,0,0.00,100.00,575.15,324.29,199.17,125.12,,,899.44,700.27,2.11,175.00,281.00,1.32,42908244,2026-09-23T02:48:08Z
A,ta,2e_K500,pread,128,3,0,0.00,100.00,180.59,16598.08,197.55,16400.53,,,16778.67,16581.12,1.73,61.00,338.00,1.29,42908412,2026-09-23T02:48:08Z
A,ta,2e_K500,async,128,3,0,0.00,37.50,1020.49,958.04,200.90,757.14,,,1978.53,1777.63,2.09,178.00,403.00,1.29,42925300,2026-09-23T02:48:08Z
A,ta,2f_top14,pread,128,3,0,0.00,100.00,581.50,1313.28,196.05,1117.23,,,1894.78,1698.73,2.14,175.00,280.00,1.29,42926144,2026-09-23T02:48:09Z
A,ta,2f_top14,async,128,3,0,0.00,100.00,577.73,277.59,197.65,79.94,,,855.32,657.67,2.13,175.00,280.00,1.29,42926552,2026-09-23T02:48:09Z
A,ta,2f_top28,pread,128,3,0,0.00,100.00,580.79,2641.78,198.10,2443.67,,,3222.57,3024.46,2.14,175.00,288.00,1.29,42923200,2026-09-23T02:48:09Z
A,ta,2f_top28,async,128,3,0,0.00,100.00,582.06,293.18,197.05,96.13,,,875.24,678.19,2.13,175.00,288.00,1.29,42923668,2026-09-23T02:48:10Z
A,ta,2f_top100,pread,128,3,0,0.00,100.00,581.93,9859.26,197.51,9661.74,,,10441.19,10243.67,2.13,172.00,321.00,1.29,42924080,2026-09-23T02:48:10Z
A,ta,2f_top100,async,128,3,0,0.00,100.00,583.70,387.74,199.99,187.75,,,971.44,771.45,2.11,174.00,316.00,1.29,42924888,2026-09-23T02:48:10Z
A,ta,2f_top500,pread,128,3,0,0.00,100.00,181.01,18089.97,198.74,17891.22,,,18270.98,18072.23,1.85,99.00,386.00,1.29,42925368,2026-09-23T02:48:11Z
A,ta,2f_top500,async,128,3,0,0.00,100.00,628.31,998.11,199.54,798.56,,,1626.42,1426.87,2.10,177.00,407.00,1.29,42925808,2026-09-23T02:48:11Z
A,ta,2f_slru,pread,128,3,0,0.00,100.00,97.03,18260.18,196.03,18064.15,,,18357.21,18161.18,1.54,0.00,279.00,1.29,42926372,2026-09-23T02:48:11Z
A,ta,2f_slru,async,128,3,0,0.00,100.00,95.30,7224.03,196.80,7027.23,,,7319.33,7122.53,1.57,0.00,279.00,1.29,42926352,2026-09-23T02:48:11Z
A,ta,leaf_freq_K10,pread,128,3,0,0.00,100.00,793.65,1130.67,198.09,932.58,,,1924.32,1726.23,2.16,176.00,283.00,1.29,42927696,2026-09-23T02:48:12Z
A,ta,leaf_freq_K10,async,128,3,0,0.00,100.00,724.63,274.69,198.34,76.34,,,999.32,800.97,2.11,176.00,284.00,1.29,42926944,2026-09-23T02:48:12Z
A,ta,leaf_rand_K10,pread,128,3,0,0.00,100.00,746.80,1120.32,196.34,923.98,,,1867.12,1670.78,2.08,176.00,280.00,1.29,42926944,2026-09-23T02:48:12Z
A,ta,leaf_rand_K10,async,128,3,0,0.00,100.00,780.60,269.92,194.70,75.22,,,1050.52,855.82,2.09,176.00,280.00,1.29,42927612,2026-09-23T02:48:13Z
A,1gb,layers_5,pread,128,3,0,0.00,100.00,1379.46,708.39,198.45,509.94,,,2087.85,1889.40,2.15,180.00,268.00,1.29,42927516,2026-09-23T02:48:13Z
A,1gb,layers_5,async,128,3,0,0.00,100.00,1385.02,265.66,197.78,67.88,,,1650.68,1452.90,2.15,180.00,268.00,1.27,42927488,2026-09-23T02:48:13Z
A,1gb,layers_92,pread,128,3,0,0.00,100.00,925.78,8327.96,194.85,8133.11,,,9253.74,9058.89,2.13,178.00,282.00,1.27,42928204,2026-09-23T02:48:14Z
A,1gb,layers_92,async,128,3,0,0.00,100.00,935.77,378.36,190.05,188.31,,,1314.13,1124.08,2.16,178.00,280.00,1.27,42915328,2026-09-23T02:48:14Z
A,1gb,2d,pread,128,3,0,0.00,100.00,524.11,2136.78,194.97,1941.81,,,2660.89,2465.92,2.13,177.00,283.00,1.27,42916596,2026-09-23T02:48:14Z
A,1gb,2d,async,128,3,0,0.00,100.00,564.92,287.03,197.86,89.17,,,851.95,654.09,2.16,177.00,281.00,1.27,42917144,2026-09-23T02:48:15Z
A,1gb,2e_K10,pread,128,3,0,0.00,100.00,564.53,3050.87,197.63,2853.23,,,3615.40,3417.76,2.14,177.00,291.00,1.27,42914468,2026-09-23T02:48:15Z
A,1gb,2e_K10,async,128,3,0,0.00,100.00,592.37,296.48,197.93,98.55,,,888.85,690.92,2.20,177.00,289.00,1.27,42906036,2026-09-23T02:48:15Z
A,1gb,2e_K500,pread,128,3,0,0.00,100.00,596.77,18389.17,195.62,18193.55,,,18985.94,18790.32,2.06,167.00,445.00,1.27,42906756,2026-09-23T02:48:16Z
A,1gb,2e_K500,async,128,3,0,0.00,100.00,510.84,1086.16,204.27,881.89,,,1597.00,1392.73,2.10,176.00,397.00,1.27,42907092,2026-09-23T02:48:16Z
A,1gb,2f_top14,pread,128,3,0,0.00,100.00,597.06,1553.30,197.62,1355.68,,,2150.36,1952.74,2.16,176.00,287.00,1.27,42908824,2026-09-23T02:48:16Z
A,1gb,2f_top14,async,128,3,0,0.00,100.00,593.74,277.56,195.35,82.22,,,871.30,675.96,2.15,176.00,287.00,1.27,42908668,2026-09-23T02:48:17Z
A,1gb,2f_top28,pread,128,3,0,0.00,100.00,563.06,2768.94,228.12,2540.82,,,3332.00,3103.88,2.15,176.00,295.00,1.27,42909436,2026-09-23T02:48:17Z
A,1gb,2f_top28,async,128,3,0,0.00,100.00,560.51,327.96,226.03,101.93,,,888.47,662.44,2.16,176.00,295.00,1.27,42909044,2026-09-23T02:48:17Z
A,1gb,2f_top100,pread,128,3,0,0.00,100.00,590.52,9110.39,228.67,8881.72,,,9700.91,9472.24,2.14,174.00,328.00,1.27,42909792,2026-09-23T02:48:18Z
A,1gb,2f_top100,async,128,3,0,0.00,100.00,559.90,430.54,227.36,203.18,,,990.44,763.08,2.15,174.00,325.00,1.27,42909904,2026-09-23T02:48:18Z
A,1gb,2f_top500,pread,128,3,0,0.00,100.00,603.97,18739.53,228.43,18511.10,,,19343.50,19115.07,2.07,169.00,442.00,1.25,42911200,2026-09-23T02:48:18Z
A,1gb,2f_top500,async,128,3,0,0.00,100.00,603.39,1036.14,228.69,807.45,,,1639.53,1410.84,2.11,176.00,397.00,1.25,42910816,2026-09-23T02:48:19Z
A,1gb,2f_slru,pread,128,3,0,0.00,100.00,94.69,19090.70,227.00,18863.70,,,19185.39,18958.39,1.58,0.00,280.00,1.25,42911456,2026-09-23T02:48:19Z
A,1gb,2f_slru,async,128,3,0,0.00,100.00,99.23,7394.51,226.41,7168.11,,,7493.74,7267.34,1.58,0.00,280.00,1.25,42908808,2026-09-23T02:48:19Z
A,1gb,leaf_freq_K10,pread,128,3,0,0.00,100.00,1497.66,1157.15,227.57,929.58,,,2654.81,2427.24,2.16,178.00,279.00,1.25,42910844,2026-09-23T02:48:19Z
A,1gb,leaf_freq_K10,async,128,3,0,0.00,100.00,1507.93,305.22,229.99,75.23,,,1813.15,1583.16,2.16,178.00,279.00,1.25,42910316,2026-09-23T02:48:20Z
A,1gb,leaf_rand_K10,pread,128,3,0,0.00,100.00,1495.39,1146.50,227.11,919.39,,,2641.89,2414.78,2.17,179.00,270.00,1.25,42910136,2026-09-23T02:48:20Z
A,1gb,leaf_rand_K10,async,128,3,0,0.00,100.00,1527.06,302.92,226.38,76.53,,,1829.98,1603.59,2.15,179.00,270.00,1.25,42891460,2026-09-23T02:48:20Z
B,vacuum,layers_5,pread,128,3,0,0.00,100.00,1047.02,817.53,229.51,588.01,,,1864.55,1635.03,2.07,140.00,222.00,1.25,42897952,2026-09-23T02:48:21Z
B,vacuum,layers_5,async,128,3,0,0.00,100.00,877.43,297.59,228.19,69.40,,,1175.02,946.83,2.02,140.00,220.00,1.25,42898216,2026-09-23T02:48:21Z
B,vacuum,layers_92,pread,128,3,0,0.00,100.00,496.93,7807.36,225.95,7581.40,,,8304.29,8078.33,2.04,136.00,233.00,1.25,42906440,2026-09-23T02:48:21Z
B,vacuum,layers_92,async,128,3,0,0.00,100.00,593.90,401.33,226.32,175.02,,,995.23,768.92,2.05,136.00,231.00,1.25,42906960,2026-09-23T02:48:22Z
B,vacuum,2d,pread,128,3,0,0.00,100.00,599.45,1386.33,228.25,1158.08,,,1985.78,1757.53,2.06,136.00,233.00,1.25,42906444,2026-09-23T02:48:22Z
B,vacuum,2d,async,128,3,0,0.00,100.00,657.03,307.04,229.33,77.71,,,964.07,734.74,2.06,136.00,231.00,1.25,42907536,2026-09-23T02:48:22Z
B,vacuum,2e_K10,pread,128,3,0,0.00,100.00,657.69,2370.04,228.69,2141.35,,,3027.73,2799.04,2.06,136.00,234.00,1.25,42908188,2026-09-23T02:48:23Z
B,vacuum,2e_K10,async,128,3,0,0.00,100.00,563.58,320.06,229.82,90.24,,,883.64,653.82,2.04,136.00,232.00,1.25,42908264,2026-09-23T02:48:23Z
B,vacuum,2e_K500,pread,128,3,0,0.00,100.00,576.99,14234.32,230.63,14003.69,,,14811.31,14580.68,1.96,124.00,380.00,1.23,42907988,2026-09-23T02:48:23Z
B,vacuum,2e_K500,async,128,3,0,0.00,100.00,638.13,1093.13,226.82,866.32,,,1731.26,1504.45,2.01,137.00,273.00,1.23,42909916,2026-09-23T02:48:24Z
B,vacuum,2f_top14,pread,128,3,0,0.00,100.00,589.20,1579.80,228.43,1351.37,,,2169.00,1940.57,2.04,136.00,232.00,1.23,42909544,2026-09-23T02:48:24Z
B,vacuum,2f_top14,async,128,3,0,0.00,100.00,592.08,310.98,229.30,81.68,,,903.06,673.76,2.08,136.00,231.00,1.23,42910368,2026-09-23T02:48:24Z
B,vacuum,2f_top28,pread,128,3,0,0.00,100.00,528.37,2755.88,227.33,2528.55,,,3284.25,3056.92,2.02,136.00,235.00,1.23,42910508,2026-09-23T02:48:24Z
B,vacuum,2f_top28,async,128,3,0,0.00,100.00,659.11,324.19,228.44,95.75,,,983.30,754.86,2.05,136.00,233.00,1.23,42910560,2026-09-23T02:48:25Z
B,vacuum,2f_top100,pread,128,3,0,0.00,100.00,532.14,8873.02,229.18,8643.84,,,9405.16,9175.98,2.07,138.00,256.00,1.23,42911872,2026-09-23T02:48:25Z
B,vacuum,2f_top100,async,128,3,0,0.00,100.00,660.64,417.76,227.91,189.86,,,1078.40,850.50,2.03,138.00,252.00,1.23,42912704,2026-09-23T02:48:25Z
B,vacuum,2f_top500,pread,128,3,0,0.00,100.00,586.82,13243.57,229.03,13014.54,,,13830.39,13601.36,1.99,125.00,374.00,1.23,42904580,2026-09-23T02:48:26Z
B,vacuum,2f_top500,async,128,3,0,0.00,100.00,637.46,1054.54,228.04,826.50,,,1692.00,1463.96,2.03,137.00,275.00,1.23,42912056,2026-09-23T02:48:26Z
B,vacuum,2f_slru,pread,128,3,0,0.00,100.00,94.49,14231.26,227.90,14003.37,,,14325.75,14097.86,1.62,0.00,214.00,1.23,42911928,2026-09-23T02:48:26Z
B,vacuum,2f_slru,async,128,3,0,0.00,100.00,96.44,5678.83,230.53,5448.29,,,5775.27,5544.73,1.64,0.00,214.00,1.23,42913736,2026-09-23T02:48:27Z
B,vacuum,leaf_freq_K10,pread,128,3,0,0.00,100.00,1064.71,1151.95,229.63,922.31,,,2216.66,1987.02,2.06,139.00,225.00,1.23,42911036,2026-09-23T02:48:27Z
B,vacuum,leaf_freq_K10,async,128,3,0,0.00,100.00,1146.74,302.22,227.36,74.86,,,1448.96,1221.60,2.07,139.00,225.00,1.23,42912260,2026-09-23T02:48:27Z
B,vacuum,leaf_rand_K10,pread,128,3,0,0.00,100.00,1098.43,1150.31,226.46,923.86,,,2248.74,2022.29,2.07,140.00,224.00,1.23,42911944,2026-09-23T02:48:27Z
B,vacuum,leaf_rand_K10,async,128,3,0,0.00,100.00,1066.98,307.17,231.56,75.61,,,1374.15,1142.59,2.08,140.00,224.00,1.23,42911820,2026-09-23T02:48:28Z
B,ta,layers_5,pread,128,3,0,0.00,100.00,650.05,478.24,229.57,248.67,,,1128.29,898.72,2.20,180.00,266.00,1.21,42911332,2026-09-23T02:48:28Z
B,ta,layers_5,async,128,3,0,0.00,100.00,1076.01,292.62,224.84,67.78,,,1368.63,1143.79,2.15,180.00,264.00,1.21,42912228,2026-09-23T02:48:28Z
B,ta,layers_92,pread,128,3,0,0.00,100.00,597.88,1079.88,230.23,849.65,,,1677.76,1447.53,2.18,178.00,262.00,1.21,42912828,2026-09-23T02:48:29Z
B,ta,layers_92,async,128,3,0,0.00,100.00,578.45,392.61,226.70,165.91,,,971.06,744.36,2.20,179.00,264.00,1.21,42935572,2026-09-23T02:48:29Z
B,ta,2d,pread,128,3,0,0.00,100.00,571.35,1075.42,226.13,849.29,,,1646.77,1420.64,2.20,179.00,264.00,1.21,42936504,2026-09-23T02:48:29Z
B,ta,2d,async,128,3,0,0.00,57.50,591.51,336.19,229.03,107.16,,,927.70,698.67,2.18,179.00,264.00,1.21,42936664,2026-09-23T02:48:30Z
B,ta,2e_K10,pread,128,3,0,0.00,100.00,661.30,2299.60,229.02,2070.58,,,2960.90,2731.88,2.15,178.00,263.00,1.21,42937536,2026-09-23T02:48:30Z
B,ta,2e_K10,async,128,3,0,0.00,78.00,659.23,346.72,228.96,117.76,,,1005.95,776.99,2.19,180.00,262.00,1.21,42937512,2026-09-23T02:48:30Z
B,ta,2e_K500,pread,128,3,0,0.00,100.00,585.72,16687.53,227.92,16459.61,,,17273.25,17045.33,1.96,118.00,323.00,1.21,42939204,2026-09-23T02:48:31Z
B,ta,2e_K500,async,128,3,0,0.00,34.60,1055.42,955.00,228.42,726.58,,,2010.42,1782.00,2.15,183.00,322.00,1.21,42938572,2026-09-23T02:48:31Z
B,ta,2f_top14,pread,128,3,0,0.00,100.00,663.83,1695.53,228.74,1466.79,,,2359.36,2130.62,2.22,179.00,264.00,1.21,42920488,2026-09-23T02:48:31Z
B,ta,2f_top14,async,128,3,0,0.00,100.00,692.97,307.43,227.84,79.59,,,1000.40,772.56,2.24,179.00,264.00,1.21,42927604,2026-09-23T02:48:32Z
B,ta,2f_top28,pread,128,3,0,0.00,100.00,691.42,3133.17,226.55,2906.62,,,3824.59,3598.04,2.18,180.00,261.00,1.21,42928136,2026-09-23T02:48:32Z
B,ta,2f_top28,async,128,3,0,0.00,100.00,691.73,323.83,226.31,97.51,,,1015.56,789.24,2.19,180.00,261.00,1.21,42928824,2026-09-23T02:48:32Z
B,ta,2f_top100,pread,128,3,0,0.00,100.00,694.49,9829.57,228.69,9600.88,,,10524.06,10295.37,2.19,183.00,275.00,1.21,42928936,2026-09-23T02:48:32Z
B,ta,2f_top100,async,128,3,0,0.00,100.00,693.69,425.47,227.93,197.54,,,1119.16,891.23,2.20,183.00,274.00,1.21,42929656,2026-09-23T02:48:33Z
B,ta,2f_top500,pread,128,3,0,0.00,100.00,566.58,17822.23,229.60,17592.62,,,18388.81,18159.20,2.12,172.00,363.00,1.19,42930300,2026-09-23T02:48:33Z
B,ta,2f_top500,async,128,3,0,0.00,100.00,690.94,1043.90,230.48,813.42,,,1734.84,1504.36,2.15,183.00,322.00,1.19,42930176,2026-09-23T02:48:33Z
B,ta,2f_slru,pread,128,3,0,0.00,100.00,93.78,17218.42,226.94,16991.48,,,17312.20,17085.26,1.59,0.00,279.00,1.19,42930392,2026-09-23T02:48:34Z
B,ta,2f_slru,async,128,3,0,0.00,100.00,96.22,7277.67,228.26,7049.41,,,7373.89,7145.63,1.62,0.00,279.00,1.19,42928304,2026-09-23T02:48:34Z
B,ta,leaf_freq_K10,pread,128,3,0,0.00,100.00,863.12,1147.67,227.00,920.67,,,2010.79,1783.79,2.18,181.00,263.00,1.19,42914988,2026-09-23T02:48:34Z
B,ta,leaf_freq_K10,async,128,3,0,0.00,100.00,865.89,303.88,228.02,75.86,,,1169.77,941.75,2.19,181.00,263.00,1.19,42916080,2026-09-23T02:48:35Z
B,ta,leaf_rand_K10,pread,128,3,0,0.00,100.00,864.97,1163.25,233.77,929.48,,,2028.22,1794.45,2.19,180.00,265.00,1.19,42916100,2026-09-23T02:48:35Z
B,ta,leaf_rand_K10,async,128,3,0,0.00,100.00,874.30,303.46,228.76,74.70,,,1177.76,949.00,2.23,180.00,265.00,1.19,42917140,2026-09-23T02:48:35Z
B,1gb,layers_5,pread,128,3,0,0.00,100.00,1284.04,734.63,228.57,506.06,,,2018.67,1790.10,2.18,182.00,259.00,1.19,42917880,2026-09-23T02:48:36Z
B,1gb,layers_5,async,128,3,0,0.00,100.00,1369.55,297.81,228.18,69.63,,,1667.36,1439.18,2.21,183.00,259.00,1.19,42918596,2026-09-23T02:48:36Z
B,1gb,layers_92,pread,128,3,0,0.00,100.00,957.71,8269.62,228.18,8041.44,,,9227.33,8999.15,2.18,180.00,273.00,1.19,42917332,2026-09-23T02:48:36Z
B,1gb,layers_92,async,128,3,0,0.00,100.00,1052.08,425.63,225.59,200.04,,,1477.71,1252.12,2.20,182.00,271.00,1.19,42911256,2026-09-23T02:48:37Z
B,1gb,2d,pread,128,3,0,0.00,100.00,664.61,2183.09,195.77,1987.33,,,2847.70,2651.94,2.18,179.00,274.00,1.19,42912764,2026-09-23T02:48:37Z
B,1gb,2d,async,128,3,0,0.00,100.00,639.96,284.96,197.92,87.03,,,924.92,726.99,2.21,181.00,272.00,1.19,42913376,2026-09-23T02:48:37Z
B,1gb,2e_K10,pread,128,3,0,0.00,100.00,596.31,3080.97,193.74,2887.24,,,3677.28,3483.55,2.19,179.00,275.00,1.19,42913676,2026-09-23T02:48:38Z
B,1gb,2e_K10,async,128,3,0,0.00,100.00,600.32,297.04,196.44,100.60,,,897.36,700.92,2.19,182.00,272.00,1.19,42914164,2026-09-23T02:48:38Z
B,1gb,2e_K500,pread,128,3,0,0.00,100.00,662.65,27684.61,196.95,27487.66,,,28347.26,28150.31,2.11,169.00,369.00,1.18,42914232,2026-09-23T02:48:38Z
B,1gb,2e_K500,async,128,3,0,0.00,100.00,648.65,1054.69,188.40,866.30,,,1703.34,1514.95,2.15,185.00,315.00,1.18,42915156,2026-09-23T02:48:39Z
B,1gb,2f_top14,pread,128,3,0,0.00,100.00,654.84,1516.33,195.01,1321.32,,,2171.17,1976.16,2.19,180.00,273.00,1.18,42915388,2026-09-23T02:48:39Z
B,1gb,2f_top14,async,128,3,0,0.00,100.00,627.77,275.40,196.36,79.04,,,903.17,706.81,2.18,181.00,273.00,1.18,42915376,2026-09-23T02:48:39Z
B,1gb,2f_top28,pread,128,3,0,0.00,100.00,634.98,2700.85,198.29,2502.55,,,3335.83,3137.53,2.19,181.00,272.00,1.18,42915164,2026-09-23T02:48:40Z
B,1gb,2f_top28,async,128,3,0,0.00,100.00,666.99,298.41,196.04,102.37,,,965.40,769.36,2.26,182.00,273.00,1.18,42915276,2026-09-23T02:48:40Z
B,1gb,2f_top100,pread,128,3,0,0.00,100.00,662.89,9000.37,195.13,8805.24,,,9663.26,9468.13,2.20,184.00,283.00,1.18,42915292,2026-09-23T02:48:40Z
B,1gb,2f_top100,async,128,3,0,0.00,100.00,636.85,384.62,196.46,188.16,,,1021.47,825.01,2.20,184.00,283.00,1.18,42914752,2026-09-23T02:48:41Z
B,1gb,2f_top500,pread,128,3,0,0.00,100.00,650.35,27650.99,196.95,27454.04,,,28301.34,28104.39,2.16,172.00,367.00,1.18,42914520,2026-09-23T02:48:41Z
B,1gb,2f_top500,async,128,3,0,0.00,100.00,660.72,1008.23,196.54,811.69,,,1668.95,1472.41,2.16,184.00,316.00,1.18,42915176,2026-09-23T02:48:41Z
B,1gb,2f_slru,pread,128,3,0,0.00,100.00,98.56,19095.38,197.39,18897.99,,,19193.94,18996.55,1.57,0.00,280.00,1.18,42908712,2026-09-23T02:48:42Z
B,1gb,2f_slru,async,128,3,0,0.00,100.00,95.38,7434.73,197.34,7237.39,,,7530.11,7332.77,1.65,0.00,280.00,1.18,42909564,2026-09-23T02:48:42Z
B,1gb,leaf_freq_K10,pread,128,3,0,0.00,100.00,1356.85,1125.76,197.66,928.10,,,2482.61,2284.95,2.18,183.00,258.00,1.18,42912904,2026-09-23T02:48:42Z
B,1gb,leaf_freq_K10,async,128,3,0,0.00,100.00,1375.31,273.18,196.92,76.26,,,1648.49,1451.57,2.20,183.00,258.00,1.18,42914488,2026-09-23T02:48:43Z
B,1gb,leaf_rand_K10,pread,128,3,0,0.00,100.00,1323.50,1123.01,196.10,926.91,,,2446.51,2250.41,2.18,183.00,258.00,1.18,42915240,2026-09-23T02:48:43Z
B,1gb,leaf_rand_K10,async,128,3,0,0.00,100.00,1420.33,274.35,197.71,76.63,,,1694.68,1496.96,2.22,183.00,258.00,1.16,42915660,2026-09-23T02:48:43Z
C,vacuum,layers_5,pread,128,3,0,0.00,100.00,1048.37,783.24,196.57,586.67,,,1831.61,1635.04,1.53,15.00,25.00,1.16,42916932,2026-09-23T02:48:44Z
C,vacuum,layers_5,async,128,3,0,0.00,100.00,1045.48,264.96,195.59,69.37,,,1310.44,1114.85,1.53,15.00,25.00,1.16,42916556,2026-09-23T02:48:44Z
C,vacuum,layers_92,pread,128,3,0,0.00,100.00,659.12,7569.28,193.72,7375.56,,,8228.40,8034.68,1.55,14.00,30.00,1.16,42916944,2026-09-23T02:48:44Z
C,vacuum,layers_92,async,128,3,0,0.00,100.00,659.25,377.96,197.21,180.75,,,1037.21,840.00,1.55,14.00,30.00,1.16,42917156,2026-09-23T02:48:44Z
C,vacuum,2d,pread,128,3,0,0.00,100.00,656.85,615.27,194.99,420.28,,,1272.12,1077.13,1.54,14.00,30.00,1.16,42917508,2026-09-23T02:48:45Z
C,vacuum,2d,async,128,3,0,0.00,100.00,653.74,260.93,194.32,66.61,,,914.67,720.35,1.53,14.00,30.00,1.16,42918136,2026-09-23T02:48:45Z
C,vacuum,2e_K10,pread,128,3,0,0.00,100.00,172.74,1430.54,194.21,1236.33,,,1603.28,1409.07,1.52,12.00,32.00,1.16,42917792,2026-09-23T02:48:45Z
C,vacuum,2e_K10,async,128,3,0,0.00,92.90,172.02,266.59,187.59,79.00,,,438.61,251.02,1.54,13.00,33.00,1.16,42918704,2026-09-23T02:48:45Z
C,vacuum,2e_K500,pread,128,3,0,0.00,100.00,172.37,2418.77,194.74,2224.03,,,2591.14,2396.40,1.48,0.00,30.00,1.16,42918760,2026-09-23T02:48:46Z
C,vacuum,2e_K500,async,128,3,0,0.00,46.70,173.65,672.31,196.47,475.84,,,845.96,649.49,1.49,0.00,30.00,1.16,42918592,2026-09-23T02:48:46Z
C,vacuum,2f_top14,pread,128,3,0,0.00,100.00,173.21,1241.81,186.55,1055.26,,,1415.02,1228.47,1.55,11.00,33.00,1.16,42918372,2026-09-23T02:48:46Z
C,vacuum,2f_top14,async,128,3,0,0.00,92.90,172.84,273.73,195.52,78.21,,,446.57,251.05,1.53,12.00,31.00,1.16,42919472,2026-09-23T02:48:46Z
C,vacuum,2f_top28,pread,128,3,0,0.00,100.00,172.53,1310.26,190.70,1119.57,,,1482.79,1292.10,1.54,11.00,33.00,1.16,42919304,2026-09-23T02:48:47Z
C,vacuum,2f_top28,async,128,3,0,0.00,96.40,172.27,289.01,193.26,95.75,,,461.28,268.02,1.53,12.00,32.00,1.16,42919860,2026-09-23T02:48:47Z
C,vacuum,2f_top100,pread,128,3,0,0.00,100.00,171.84,1309.80,193.66,1116.14,,,1481.64,1287.98,1.52,8.00,30.00,1.16,42899880,2026-09-23T02:48:47Z
C,vacuum,2f_top100,async,128,3,0,0.00,100.00,173.07,375.10,197.92,177.17,,,548.17,350.24,1.53,9.00,29.00,1.16,42900224,2026-09-23T02:48:47Z
C,vacuum,2f_top500,pread,128,3,0,0.00,100.00,88.03,3106.53,197.39,2909.14,,,3194.56,2997.17,1.49,0.00,30.00,1.16,42900988,2026-09-23T02:48:48Z
C,vacuum,2f_top500,async,128,3,0,0.00,100.00,86.58,755.95,194.43,561.53,,,842.53,648.11,1.51,0.00,30.00,1.16,42900500,2026-09-23T02:48:48Z
C,vacuum,2f_slru,pread,128,3,0,0.00,100.00,87.69,2920.77,193.31,2727.46,,,3008.46,2815.15,1.49,0.00,30.00,1.15,42901200,2026-09-23T02:48:48Z
C,vacuum,2f_slru,async,128,3,0,0.00,100.00,86.82,755.37,196.41,558.96,,,842.19,645.78,1.51,0.00,30.00,1.15,42903208,2026-09-23T02:48:48Z
C,vacuum,leaf_freq_K10,pread,128,3,0,0.00,100.00,718.28,770.94,192.74,578.20,,,1489.22,1296.48,1.55,13.00,27.00,1.15,42902980,2026-09-23T02:48:49Z
C,vacuum,leaf_freq_K10,async,128,3,0,0.00,80.00,714.68,266.44,193.28,73.16,,,981.12,787.84,1.54,14.00,28.00,1.15,42904100,2026-09-23T02:48:49Z
C,vacuum,leaf_rand_K10,pread,128,3,0,0.00,100.00,1136.43,1057.11,192.71,864.39,,,2193.54,2000.82,1.55,15.00,25.00,1.15,42904724,2026-09-23T02:48:49Z
C,vacuum,leaf_rand_K10,async,128,3,0,0.00,100.00,1137.02,273.10,196.87,76.23,,,1410.12,1213.25,1.56,15.00,25.00,1.15,42906832,2026-09-23T02:48:49Z
C,ta,layers_5,pread,128,3,0,0.00,100.00,763.78,440.84,192.74,248.10,,,1204.62,1011.88,1.60,21.00,28.00,1.15,42915376,2026-09-23T02:48:50Z
C,ta,layers_5,async,128,3,0,0.00,100.00,782.97,260.27,192.67,67.60,,,1043.24,850.57,1.61,21.00,28.00,1.15,42915416,2026-09-23T02:48:50Z
C,ta,layers_92,pread,128,3,0,0.00,100.00,453.43,1044.76,193.49,851.27,,,1498.19,1304.70,1.61,20.00,29.00,1.15,42915068,2026-09-23T02:48:50Z
C,ta,layers_92,async,128,3,0,0.00,100.00,430.78,360.16,194.71,165.45,,,790.94,596.23,1.60,20.00,29.00,1.15,42918188,2026-09-23T02:48:50Z
C,ta,2d,pread,128,3,0,0.00,100.00,416.00,1045.73,192.60,853.12,,,1461.73,1269.12,1.59,20.00,29.00,1.15,42917596,2026-09-23T02:48:51Z
C,ta,2d,async,128,3,0,0.00,64.60,373.03,309.33,193.89,115.44,,,682.36,488.47,1.61,20.00,29.00,1.15,42918168,2026-09-23T02:48:51Z
C,ta,2e_K10,pread,128,3,0,0.00,100.00,174.11,1587.41,194.93,1392.49,,,1761.52,1566.60,1.59,18.00,36.00,1.15,42918484,2026-09-23T02:48:51Z
C,ta,2e_K10,async,128,3,0,0.00,100.00,175.18,322.06,196.71,125.36,,,497.24,300.54,1.60,19.00,36.00,1.15,42919512,2026-09-23T02:48:51Z
C,ta,2e_K500,pread,128,3,0,0.00,100.00,174.10,3383.72,192.66,3191.06,,,3557.82,3365.16,1.54,0.00,38.00,1.15,42920188,2026-09-23T02:48:52Z
C,ta,2e_K500,async,128,3,0,0.00,100.00,175.75,778.48,193.56,584.92,,,954.23,760.67,1.54,0.00,38.00,1.15,42919864,2026-09-23T02:48:52Z
C,ta,2f_top14,pread,128,3,0,0.00,100.00,174.04,1131.22,193.38,937.83,,,1305.26,1111.87,1.62,19.00,36.00,1.15,42909744,2026-09-23T02:48:52Z
C,ta,2f_top14,async,128,3,0,0.00,100.00,172.46,273.36,194.01,79.35,,,445.82,251.81,1.60,18.00,36.00,1.15,42914104,2026-09-23T02:48:52Z
C,ta,2f_top28,pread,128,3,0,0.00,100.00,171.97,1279.90,207.76,1072.13,,,1451.87,1244.10,1.59,17.00,35.00,1.15,42914772,2026-09-23T02:48:53Z
C,ta,2f_top28,async,128,3,0,0.00,100.00,173.56,288.64,193.27,95.37,,,462.20,268.93,1.58,18.00,35.00,1.15,42914796,2026-09-23T02:48:53Z
C,ta,2f_top100,pread,128,3,0,0.00,100.00,173.30,1306.57,192.78,1113.78,,,1479.87,1287.08,1.57,11.00,36.00,1.14,42914312,2026-09-23T02:48:53Z
C,ta,2f_top100,async,128,3,0,0.00,100.00,169.46,374.25,195.49,178.77,,,543.71,348.23,1.61,14.00,35.00,1.14,42915716,2026-09-23T02:48:53Z
C,ta,2f_top500,pread,128,3,0,0.00,100.00,86.02,3682.04,194.12,3487.92,,,3768.06,3573.94,1.54,0.00,38.00,1.14,42916976,2026-09-23T02:48:54Z
C,ta,2f_top500,async,128,3,0,0.00,100.00,93.77,1029.54,197.30,832.24,,,1123.31,926.01,1.55,0.00,38.00,1.14,42916728,2026-09-23T02:48:54Z
C,ta,2f_slru,pread,128,3,0,0.00,100.00,89.16,3715.77,197.10,3518.66,,,3804.93,3607.82,1.54,0.00,38.00,1.14,42916608,2026-09-23T02:48:54Z
C,ta,2f_slru,async,128,3,0,0.00,100.00,87.98,990.46,193.78,796.68,,,1078.44,884.66,1.55,0.00,38.00,1.14,42919140,2026-09-23T02:48:54Z
C,ta,leaf_freq_K10,pread,128,3,0,0.00,100.00,932.46,834.38,226.75,607.63,,,1766.84,1540.09,1.60,19.00,35.00,1.14,42907820,2026-09-23T02:48:55Z
C,ta,leaf_freq_K10,async,128,3,0,0.00,100.00,587.70,295.56,223.30,72.26,,,883.26,659.96,1.61,20.00,35.00,1.14,42904764,2026-09-23T02:48:55Z
C,ta,leaf_rand_K10,pread,128,3,0,0.00,100.00,1425.64,5498.70,937.86,4560.84,,,6924.34,5986.48,1.68,21.00,28.00,1.14,42908620,2026-09-23T02:48:55Z
C,ta,leaf_rand_K10,async,128,3,0,0.00,100.00,1421.04,837.38,498.37,339.02,,,2258.42,1760.06,1.68,21.00,28.00,1.14,42909652,2026-09-23T02:48:56Z
C,1gb,layers_5,pread,128,3,0,0.00,100.00,1137.14,612.99,225.03,387.96,,,1750.13,1525.10,1.70,36.00,63.00,1.14,42909036,2026-09-23T02:48:56Z
C,1gb,layers_5,async,128,3,0,0.00,100.00,1193.22,296.50,226.50,69.99,,,1489.72,1263.21,1.67,36.00,63.00,1.14,42908524,2026-09-23T02:48:56Z
C,1gb,layers_92,pread,128,3,0,0.00,100.00,1187.09,8189.95,231.14,7958.80,,,9377.04,9145.89,1.70,36.00,64.00,1.14,42909984,2026-09-23T02:48:56Z
C,1gb,layers_92,async,128,3,0,0.00,100.00,1188.19,417.94,227.58,190.36,,,1606.13,1378.55,1.73,36.00,64.00,1.14,42910988,2026-09-23T02:48:57Z
C,1gb,2d,pread,128,3,0,0.00,100.00,479.28,901.93,226.84,675.09,,,1381.21,1154.37,1.67,35.00,66.00,1.14,42910860,2026-09-23T02:48:57Z
C,1gb,2d,async,128,3,0,0.00,100.00,452.18,300.61,227.53,73.08,,,752.79,525.26,1.68,35.00,66.00,1.14,42912348,2026-09-23T02:48:57Z
C,1gb,2e_K10,pread,128,3,0,0.00,100.00,175.85,1711.02,226.52,1484.50,,,1886.87,1660.35,1.68,38.00,76.00,1.14,42892000,2026-09-23T02:48:57Z
C,1gb,2e_K10,async,128,3,0,0.00,100.00,174.41,313.87,227.71,86.16,,,488.28,260.57,1.69,38.00,76.00,1.14,42899512,2026-09-23T02:48:58Z
C,1gb,2e_K500,pread,128,3,0,0.00,100.00,176.80,4540.65,227.19,4313.46,,,4717.45,4490.26,1.55,0.00,66.00,1.12,42899716,2026-09-23T02:48:58Z
C,1gb,2e_K500,async,128,3,0,0.00,100.00,176.28,867.23,224.22,643.01,,,1043.51,819.29,1.63,35.00,104.00,1.12,42901036,2026-09-23T02:48:58Z
C,1gb,2f_top14,pread,128,3,0,0.00,100.00,573.70,1464.27,226.40,1237.88,,,2037.97,1811.58,1.67,34.00,68.00,1.12,42902848,2026-09-23T02:48:59Z
C,1gb,2f_top14,async,128,3,0,0.00,100.00,520.68,303.28,225.99,77.30,,,823.96,597.98,1.67,34.00,68.00,1.12,42902344,2026-09-23T02:48:59Z
C,1gb,2f_top28,pread,128,3,0,0.00,100.00,512.21,1525.12,223.64,1301.48,,,2037.33,1813.69,1.66,33.00,66.00,1.12,42902096,2026-09-23T02:48:59Z
C,1gb,2f_top28,async,128,3,0,0.00,100.00,520.63,320.82,226.84,93.99,,,841.45,614.62,1.68,34.00,67.00,1.12,42902796,2026-09-23T02:48:59Z
C,1gb,2f_top100,pread,128,3,0,0.00,100.00,512.94,2001.36,238.87,1762.49,,,2514.30,2275.43,1.64,27.00,67.00,1.12,42902512,2026-09-23T02:49:00Z
C,1gb,2f_top100,async,128,3,0,0.00,100.00,518.70,406.10,229.37,176.73,,,924.80,695.43,1.66,30.00,66.00,1.12,42902768,2026-09-23T02:49:00Z
C,1gb,2f_top500,pread,128,3,0,0.00,100.00,431.50,3453.46,225.13,3228.33,,,3884.96,3659.83,1.58,6.00,66.00,1.12,42903540,2026-09-23T02:49:00Z
C,1gb,2f_top500,async,128,3,0,0.00,100.00,456.41,853.85,223.46,630.38,,,1310.26,1086.79,1.61,8.00,68.00,1.12,42903856,2026-09-23T02:49:01Z
C,1gb,2f_slru,pread,128,3,0,0.00,100.00,89.17,5462.62,227.40,5235.22,,,5551.79,5324.39,1.55,0.00,64.00,1.12,42906292,2026-09-23T02:49:01Z
C,1gb,2f_slru,async,128,3,0,0.00,100.00,95.86,1679.16,227.32,1451.84,,,1775.02,1547.70,1.58,0.00,64.00,1.12,42906652,2026-09-23T02:49:01Z
C,1gb,leaf_freq_K10,pread,128,3,0,0.00,100.00,1012.73,1146.68,230.01,916.66,,,2159.41,1929.39,1.69,39.00,73.00,1.12,42906840,2026-09-23T02:49:01Z
C,1gb,leaf_freq_K10,async,128,3,0,0.00,100.00,964.01,299.84,225.97,73.87,,,1263.85,1037.88,1.70,39.00,73.00,1.12,42907344,2026-09-23T02:49:02Z
C,1gb,leaf_rand_K10,pread,128,3,0,0.00,100.00,1295.26,1113.52,225.48,888.04,,,2408.78,2183.30,1.69,36.00,63.00,1.12,42907872,2026-09-23T02:49:02Z
C,1gb,leaf_rand_K10,async,128,3,0,0.00,100.00,1215.74,298.90,226.07,72.83,,,1514.64,1288.57,1.69,36.00,63.00,1.12,42908512,2026-09-23T02:49:02Z
A,vacuum,baseline,baseline,128,4,0,0.00,0.00,1074.08,0.00,0.00,0.00,,,1074.08,1074.08,2.00,143.00,224.00,1.12,42908808,2026-09-23T02:49:03Z
A,ta,baseline,baseline,128,4,0,0.00,0.00,734.68,0.00,0.00,0.00,,,734.68,734.68,2.13,176.00,280.00,1.12,42905516,2026-09-23T02:49:03Z
A,1gb,baseline,baseline,128,4,0,0.00,0.00,1281.68,0.00,0.00,0.00,,,1281.68,1281.68,2.12,179.00,271.00,1.11,42903968,2026-09-23T02:49:03Z
B,vacuum,baseline,baseline,128,4,0,0.00,0.00,1128.63,0.00,0.00,0.00,,,1128.63,1128.63,2.06,140.00,224.00,1.11,42907352,2026-09-23T02:49:03Z
B,ta,baseline,baseline,128,4,0,0.00,0.00,883.59,0.00,0.00,0.00,,,883.59,883.59,2.21,180.00,265.00,1.11,42905680,2026-09-23T02:49:04Z
B,1gb,baseline,baseline,128,4,0,0.00,0.00,1280.27,0.00,0.00,0.00,,,1280.27,1280.27,2.15,183.00,259.00,1.11,42905388,2026-09-23T02:49:04Z
C,vacuum,baseline,baseline,128,4,0,0.00,0.00,1156.84,0.00,0.00,0.00,,,1156.84,1156.84,1.54,15.00,25.00,1.11,42906024,2026-09-23T02:49:04Z
C,ta,baseline,baseline,128,4,0,0.00,0.00,809.74,0.00,0.00,0.00,,,809.74,809.74,1.60,21.00,28.00,1.11,42907544,2026-09-23T02:49:05Z
C,1gb,baseline,baseline,128,4,0,0.00,0.00,1133.28,0.00,0.00,0.00,,,1133.28,1133.28,1.75,36.00,64.00,1.11,42905868,2026-09-23T02:49:05Z
A,vacuum,layers_5,pread,128,4,0,0.00,100.00,903.34,771.95,189.48,582.48,,,1675.29,1485.82,1.96,143.00,225.00,1.11,42906848,2026-09-23T02:49:05Z
A,vacuum,layers_5,async,128,4,0,0.00,100.00,977.49,268.44,198.30,70.14,,,1245.93,1047.63,1.99,144.00,221.00,1.11,42908264,2026-09-23T02:49:06Z
A,vacuum,layers_92,pread,128,4,0,0.00,100.00,575.51,7756.83,192.37,7564.46,,,8332.34,8139.97,1.96,138.00,234.00,1.11,42908144,2026-09-23T02:49:06Z
A,vacuum,layers_92,async,128,4,0,0.00,100.00,580.36,384.37,195.94,188.43,,,964.73,768.79,1.99,139.00,230.00,1.11,42910544,2026-09-23T02:49:06Z
A,vacuum,2d,pread,128,4,0,0.00,100.00,575.84,1384.16,196.04,1188.12,,,1960.00,1763.96,1.98,138.00,234.00,1.11,42909916,2026-09-23T02:49:06Z
A,vacuum,2d,async,128,4,0,0.00,100.00,577.54,279.54,198.71,80.82,,,857.08,658.36,1.98,139.00,230.00,1.11,42910512,2026-09-23T02:49:07Z
A,vacuum,2e_K10,pread,128,4,0,0.00,100.00,578.64,2222.22,198.06,2024.15,,,2800.86,2602.79,1.99,138.00,243.00,1.11,42910340,2026-09-23T02:49:07Z
A,vacuum,2e_K10,async,128,4,0,0.00,100.00,573.80,285.90,197.67,88.23,,,859.70,662.03,1.98,139.00,239.00,1.11,42910940,2026-09-23T02:49:07Z
A,vacuum,2e_K500,pread,128,4,0,0.00,100.00,533.26,15591.89,197.76,15394.13,,,16125.15,15927.39,1.87,110.00,386.00,1.11,42911308,2026-09-23T02:49:08Z
A,vacuum,2e_K500,async,128,4,0,0.00,7.60,763.29,902.80,198.12,704.67,,,1666.09,1467.96,1.99,142.00,333.00,1.11,42900576,2026-09-23T02:49:08Z
A,vacuum,2f_top14,pread,128,4,0,0.00,100.00,576.54,1518.00,196.67,1321.33,,,2094.54,1897.87,1.98,139.00,234.00,1.19,42915620,2026-09-23T02:49:08Z
A,vacuum,2f_top14,async,128,4,0,0.00,100.00,573.39,270.94,195.58,75.36,,,844.33,648.75,1.99,140.00,232.00,1.19,42915896,2026-09-23T02:49:09Z
A,vacuum,2f_top28,pread,128,4,0,0.00,100.00,576.92,2765.43,206.55,2558.88,,,3342.35,3135.80,1.98,141.00,245.00,1.19,42916700,2026-09-23T02:49:09Z
A,vacuum,2f_top28,async,128,4,0,0.00,100.00,572.31,295.56,196.27,99.29,,,867.87,671.60,1.96,142.00,243.00,1.19,42918148,2026-09-23T02:49:09Z
A,vacuum,2f_top100,pread,128,4,0,0.00,100.00,571.75,9223.36,196.49,9026.87,,,9795.11,9598.62,1.98,142.00,265.00,1.19,42917924,2026-09-23T02:49:09Z
A,vacuum,2f_top100,async,128,4,0,0.00,100.00,573.30,390.79,198.18,192.61,,,964.09,765.91,2.01,144.00,264.00,1.19,42918744,2026-09-23T02:49:10Z
A,vacuum,2f_top500,pread,128,4,0,0.00,100.00,558.92,16204.34,198.80,16005.54,,,16763.26,16564.46,1.90,111.00,384.00,1.19,42930440,2026-09-23T02:49:10Z
A,vacuum,2f_top500,async,128,4,0,0.00,8.60,738.89,831.42,198.65,632.77,,,1570.31,1371.66,1.98,143.00,332.00,1.19,42930156,2026-09-23T02:49:10Z
A,vacuum,2f_slru,pread,128,4,0,0.00,100.00,94.84,13914.16,197.21,13716.95,,,14009.00,13811.79,1.54,0.00,214.00,1.19,42931412,2026-09-23T02:49:11Z
A,vacuum,2f_slru,async,128,4,0,0.00,100.00,96.66,5620.19,197.48,5422.70,,,5716.85,5519.36,1.56,0.00,214.00,1.19,42931480,2026-09-23T02:49:11Z
A,vacuum,leaf_freq_K10,pread,128,4,0,0.00,100.00,1067.01,1123.16,197.39,925.77,,,2190.17,1992.78,2.00,142.00,233.00,1.19,42930540,2026-09-23T02:49:11Z
A,vacuum,leaf_freq_K10,async,128,4,0,0.00,100.00,1065.58,273.25,197.72,75.53,,,1338.83,1141.11,2.03,142.00,233.00,1.19,42931112,2026-09-23T02:49:11Z
A,vacuum,leaf_rand_K10,pread,128,4,0,0.00,100.00,1068.48,1130.88,201.30,929.58,,,2199.36,1998.06,1.98,143.00,224.00,1.19,42931088,2026-09-23T02:49:12Z
A,vacuum,leaf_rand_K10,async,128,4,0,0.00,100.00,1065.38,273.31,198.31,75.00,,,1338.69,1140.38,1.99,143.00,224.00,1.19,42931612,2026-09-23T02:49:12Z
A,ta,layers_5,pread,128,4,0,0.00,100.00,583.11,448.18,196.66,251.52,,,1031.29,834.63,2.15,176.00,278.00,1.19,42932596,2026-09-23T02:49:12Z
A,ta,layers_5,async,128,4,0,0.00,100.00,916.56,266.74,197.20,69.54,,,1183.30,986.10,2.12,176.00,277.00,1.19,42932132,2026-09-23T02:49:13Z
A,ta,layers_92,pread,128,4,0,0.00,100.00,578.67,1010.20,197.03,813.17,,,1588.87,1391.84,2.10,174.00,278.00,1.19,42932336,2026-09-23T02:49:13Z
A,ta,layers_92,async,128,4,0,0.00,100.00,567.64,363.25,197.01,166.24,,,930.89,733.88,2.14,175.00,277.00,1.17,42939272,2026-09-23T02:49:13Z
A,ta,2d,pread,128,4,0,0.00,100.00,554.57,1017.17,195.16,822.02,,,1571.74,1376.59,2.08,174.00,278.00,1.17,42940072,2026-09-23T02:49:14Z
A,ta,2d,async,128,4,0,0.00,67.40,575.11,313.28,198.43,114.85,,,888.39,689.96,2.10,175.00,277.00,1.17,42940312,2026-09-23T02:49:14Z
A,ta,2e_K10,pread,128,4,0,0.00,100.00,580.37,1892.03,195.89,1696.14,,,2472.40,2276.51,2.10,174.00,282.00,1.17,42940368,2026-09-23T02:49:14Z
A,ta,2e_K10,async,128,4,0,0.00,71.40,705.59,320.74,195.45,125.30,,,1026.33,830.89,2.11,175.00,281.00,1.17,42940072,2026-09-23T02:49:15Z
A,ta,2e_K500,pread,128,4,0,0.00,100.00,180.47,17855.64,199.17,17656.47,,,18036.11,17836.94,1.74,61.00,338.00,1.17,42939468,2026-09-23T02:49:15Z
A,ta,2e_K500,async,128,4,0,0.00,54.20,566.25,979.03,195.52,783.51,,,1545.28,1349.76,2.09,178.00,402.00,1.17,42932392,2026-09-23T02:49:15Z
A,ta,2f_top14,pread,128,4,0,0.00,100.00,582.55,1392.54,198.87,1193.66,,,1975.09,1776.21,2.14,175.00,281.00,1.17,42922404,2026-09-23T02:49:15Z
A,ta,2f_top14,async,128,4,0,0.00,100.00,579.69,279.12,199.49,79.64,,,858.81,659.33,2.13,175.00,280.00,1.17,42922004,2026-09-23T02:49:16Z
A,ta,2f_top28,pread,128,4,0,0.00,100.00,576.75,2629.07,198.16,2430.91,,,3205.82,3007.66,2.10,175.00,288.00,1.17,42921896,2026-09-23T02:49:16Z
A,ta,2f_top28,async,128,4,0,0.00,100.00,579.40,295.10,198.37,96.72,,,874.50,676.12,2.14,175.00,288.00,1.17,42923272,2026-09-23T02:49:16Z
A,ta,2f_top100,pread,128,4,0,0.00,100.00,582.83,9788.86,194.09,9594.78,,,10371.69,10177.61,2.11,172.00,321.00,1.17,42923180,2026-09-23T02:49:17Z
A,ta,2f_top100,async,128,4,0,0.00,100.00,585.69,393.60,199.24,194.37,,,979.29,780.06,2.13,174.00,316.00,1.17,42922472,2026-09-23T02:49:17Z
A,ta,2f_top500,pread,128,4,0,0.00,100.00,180.67,17443.50,196.74,17246.76,,,17624.17,17427.43,1.83,99.00,386.00,1.17,42922812,2026-09-23T02:49:17Z
A,ta,2f_top500,async,128,4,0,0.00,9.00,1028.78,845.16,197.89,647.27,,,1873.94,1676.05,2.12,177.00,409.00,1.17,42920532,2026-09-23T02:49:18Z
A,ta,2f_slru,pread,128,4,0,0.00,100.00,96.09,18242.17,191.31,18050.86,,,18338.26,18146.95,1.55,0.00,279.00,1.17,42920952,2026-09-23T02:49:18Z
A,ta,2f_slru,async,128,4,0,0.00,100.00,96.63,7354.19,197.88,7156.30,,,7450.82,7252.93,1.56,0.00,279.00,1.16,42918368,2026-09-23T02:49:18Z
A,ta,leaf_freq_K10,pread,128,4,0,0.00,100.00,789.10,1095.96,193.96,902.01,,,1885.06,1691.11,2.15,176.00,283.00,1.16,42908364,2026-09-23T02:49:19Z
A,ta,leaf_freq_K10,async,128,4,0,0.00,100.00,691.27,271.29,197.02,74.27,,,962.56,765.54,2.10,176.00,284.00,1.16,42910612,2026-09-23T02:49:19Z
A,ta,leaf_rand_K10,pread,128,4,0,0.00,100.00,783.49,1091.17,197.37,893.80,,,1874.66,1677.29,2.11,176.00,280.00,1.16,42911444,2026-09-23T02:49:19Z
A,ta,leaf_rand_K10,async,128,4,0,0.00,100.00,753.45,274.80,198.98,75.81,,,1028.25,829.26,2.13,176.00,280.00,1.16,42909920,2026-09-23T02:49:19Z
A,1gb,layers_5,pread,128,4,0,0.00,100.00,1372.10,696.51,195.78,500.73,,,2068.61,1872.83,2.11,180.00,268.00,1.16,42909664,2026-09-23T02:49:20Z
A,1gb,layers_5,async,128,4,0,0.00,100.00,1415.72,265.11,195.81,69.30,,,1680.83,1485.02,2.16,180.00,268.00,1.16,42910388,2026-09-23T02:49:20Z
A,1gb,layers_92,pread,128,4,0,0.00,100.00,896.78,8363.63,197.99,8165.64,,,9260.41,9062.42,2.11,178.00,282.00,1.16,42910456,2026-09-23T02:49:20Z
A,1gb,layers_92,async,128,4,0,0.00,100.00,927.15,393.39,198.68,194.71,,,1320.54,1121.86,2.14,178.00,280.00,1.16,42910516,2026-09-23T02:49:21Z
A,1gb,2d,pread,128,4,0,0.00,100.00,565.52,2210.28,209.91,2000.36,,,2775.80,2565.88,2.15,177.00,283.00,1.16,42909344,2026-09-23T02:49:21Z
A,1gb,2d,async,128,4,0,0.00,100.00,565.41,284.34,197.49,86.85,,,849.75,652.26,2.15,177.00,281.00,1.16,42910132,2026-09-23T02:49:21Z
A,1gb,2e_K10,pread,128,4,0,0.00,100.00,564.52,3036.26,198.39,2837.86,,,3600.78,3402.38,2.13,177.00,291.00,1.16,42910052,2026-09-23T02:49:22Z
A,1gb,2e_K10,async,128,4,0,0.00,100.00,558.84,300.92,198.99,101.92,,,859.76,660.76,2.13,177.00,289.00,1.16,42910664,2026-09-23T02:49:22Z
A,1gb,2e_K500,pread,128,4,0,0.00,100.00,604.46,19270.70,198.44,19072.26,,,19875.16,19676.72,2.05,167.00,446.00,1.16,42910504,2026-09-23T02:49:22Z
A,1gb,2e_K500,async,128,4,0,0.00,100.00,606.42,1032.08,199.19,832.89,,,1638.50,1439.31,2.10,176.00,396.00,1.16,42910732,2026-09-23T02:49:23Z
A,1gb,2f_top14,pread,128,4,0,0.00,100.00,597.62,1553.07,197.18,1355.89,,,2150.69,1953.51,2.14,176.00,287.00,1.14,42910692,2026-09-23T02:49:23Z
A,1gb,2f_top14,async,128,4,0,0.00,100.00,592.62,275.18,195.80,79.38,,,867.80,672.00,2.12,176.00,287.00,1.14,42912000,2026-09-23T02:49:23Z
A,1gb,2f_top28,pread,128,4,0,0.00,100.00,562.83,2766.92,229.24,2537.68,,,3329.75,3100.51,2.16,176.00,295.00,1.14,42912008,2026-09-23T02:49:24Z
A,1gb,2f_top28,async,128,4,0,0.00,100.00,568.96,336.40,237.67,98.73,,,905.36,667.69,2.15,176.00,295.00,1.14,42902180,2026-09-23T02:49:24Z
A,1gb,2f_top100,pread,128,4,0,0.00,100.00,591.20,9175.64,229.21,8946.43,,,9766.84,9537.63,2.13,174.00,328.00,1.14,42903068,2026-09-23T02:49:24Z
A,1gb,2f_top100,async,128,4,0,0.00,100.00,588.88,424.64,228.47,196.17,,,1013.52,785.05,2.14,174.00,323.00,1.14,42903952,2026-09-23T02:49:25Z
A,1gb,2f_top500,pread,128,4,0,0.00,100.00,607.37,18786.35,223.04,18563.31,,,19393.72,19170.68,2.07,169.00,443.00,1.14,42904640,2026-09-23T02:49:25Z
A,1gb,2f_top500,async,128,4,0,0.00,100.00,605.05,1042.10,227.78,814.32,,,1647.15,1419.37,2.11,176.00,400.00,1.14,42906112,2026-09-23T02:49:25Z
A,1gb,2f_slru,pread,128,4,0,0.00,100.00,97.68,19007.62,228.03,18779.60,,,19105.30,18877.28,1.54,0.00,280.00,1.14,42907096,2026-09-23T02:49:26Z
A,1gb,2f_slru,async,128,4,0,0.00,100.00,99.90,7413.74,226.98,7186.76,,,7513.64,7286.66,1.58,0.00,280.00,1.14,42903400,2026-09-23T02:49:26Z
A,1gb,leaf_freq_K10,pread,128,4,0,0.00,100.00,1443.07,1131.37,230.14,901.22,,,2574.44,2344.29,2.15,178.00,279.00,1.14,42907564,2026-09-23T02:49:26Z
A,1gb,leaf_freq_K10,async,128,4,0,0.00,100.00,1497.22,304.03,228.62,75.41,,,1801.25,1572.63,2.16,178.00,279.00,1.14,42906608,2026-09-23T02:49:27Z
A,1gb,leaf_rand_K10,pread,128,4,0,0.00,100.00,1359.42,1143.56,228.90,914.66,,,2502.98,2274.08,2.12,179.00,270.00,1.14,42903064,2026-09-23T02:49:27Z
A,1gb,leaf_rand_K10,async,128,4,0,0.00,100.00,1376.50,305.51,229.26,76.25,,,1682.01,1452.75,2.13,179.00,270.00,1.14,42905200,2026-09-23T02:49:27Z
B,vacuum,layers_5,pread,128,4,0,0.00,100.00,1078.32,840.98,246.00,594.98,,,1919.30,1673.30,2.10,140.00,222.00,1.14,42906756,2026-09-23T02:49:28Z
B,vacuum,layers_5,async,128,4,0,0.00,100.00,881.44,298.89,228.97,69.92,,,1180.33,951.36,2.03,140.00,220.00,1.14,42906216,2026-09-23T02:49:28Z
B,vacuum,layers_92,pread,128,4,0,0.00,100.00,494.28,7691.01,225.70,7465.31,,,8185.29,7959.59,2.06,136.00,233.00,1.13,42908212,2026-09-23T02:49:28Z
B,vacuum,layers_92,async,128,4,0,0.00,100.00,587.51,408.88,228.84,180.04,,,996.39,767.55,2.02,136.00,231.00,1.13,42908052,2026-09-23T02:49:28Z
B,vacuum,2d,pread,128,4,0,0.00,100.00,630.57,1420.17,229.61,1190.56,,,2050.74,1821.13,2.06,136.00,233.00,1.13,42906784,2026-09-23T02:49:29Z
B,vacuum,2d,async,128,4,0,0.00,100.00,524.71,309.69,233.12,76.57,,,834.40,601.28,2.04,136.00,231.00,1.13,42906432,2026-09-23T02:49:29Z
B,vacuum,2e_K10,pread,128,4,0,0.00,100.00,601.00,2457.68,228.81,2228.87,,,3058.68,2829.87,2.03,136.00,234.00,1.13,42914584,2026-09-23T02:49:29Z
B,vacuum,2e_K10,async,128,4,0,0.00,100.00,663.02,319.34,228.65,90.69,,,982.36,753.71,2.06,136.00,232.00,1.13,42916024,2026-09-23T02:49:30Z
B,vacuum,2e_K500,pread,128,4,0,0.00,100.00,611.34,14597.40,228.63,14368.77,,,15208.74,14980.11,1.96,124.00,378.00,1.13,42915980,2026-09-23T02:49:30Z
B,vacuum,2e_K500,async,128,4,0,0.00,100.00,580.39,1075.27,226.81,848.47,,,1655.66,1428.86,2.03,137.00,271.00,1.13,42917556,2026-09-23T02:49:30Z
B,vacuum,2f_top14,pread,128,4,0,0.00,100.00,593.94,1583.02,230.34,1352.67,,,2176.96,1946.61,2.06,136.00,232.00,1.13,42931556,2026-09-23T02:49:31Z
B,vacuum,2f_top14,async,128,4,0,0.00,100.00,593.52,309.23,228.41,80.82,,,902.75,674.34,2.05,136.00,231.00,1.13,42932488,2026-09-23T02:49:31Z
B,vacuum,2f_top28,pread,128,4,0,0.00,100.00,588.22,2756.52,227.05,2529.47,,,3344.74,3117.69,2.04,136.00,235.00,1.13,42934460,2026-09-23T02:49:31Z
B,vacuum,2f_top28,async,128,4,0,0.00,100.00,673.70,359.33,246.50,112.82,,,1033.03,786.52,2.06,136.00,233.00,1.13,42934628,2026-09-23T02:49:32Z
B,vacuum,2f_top100,pread,128,4,0,0.00,100.00,658.95,9077.85,239.26,8838.59,,,9736.80,9497.54,2.03,138.00,255.00,1.13,42934248,2026-09-23T02:49:32Z
B,vacuum,2f_top100,async,128,4,0,0.00,100.00,528.63,414.11,230.22,183.89,,,942.74,712.52,2.02,138.00,253.00,1.13,42934044,2026-09-23T02:49:32Z
B,vacuum,2f_top500,pread,128,4,0,0.00,100.00,610.73,13997.66,226.58,13771.08,,,14608.39,14381.81,1.97,125.00,375.00,1.13,42933988,2026-09-23T02:49:32Z
B,vacuum,2f_top500,async,128,4,0,0.00,100.00,707.48,1042.30,227.95,814.35,,,1749.78,1521.83,2.00,137.00,272.00,1.13,42934440,2026-09-23T02:49:33Z
B,vacuum,2f_slru,pread,128,4,0,0.00,100.00,93.69,14014.63,227.26,13787.37,,,14108.32,13881.06,1.56,0.00,214.00,1.12,42934844,2026-09-23T02:49:33Z
B,vacuum,2f_slru,async,128,4,0,0.00,100.00,95.09,5681.95,228.48,5453.47,,,5777.04,5548.56,1.60,0.00,214.00,1.12,42934352,2026-09-23T02:49:33Z
B,vacuum,leaf_freq_K10,pread,128,4,0,0.00,100.00,1097.50,1156.74,229.94,926.80,,,2254.24,2024.30,2.05,139.00,225.00,1.12,42934480,2026-09-23T02:49:34Z
B,vacuum,leaf_freq_K10,async,128,4,0,0.00,100.00,1110.18,302.66,228.12,74.54,,,1412.84,1184.72,2.08,139.00,225.00,1.12,42934288,2026-09-23T02:49:34Z
B,vacuum,leaf_rand_K10,pread,128,4,0,0.00,100.00,1069.75,1152.72,227.38,925.34,,,2222.47,1995.09,2.08,140.00,224.00,1.12,42934484,2026-09-23T02:49:34Z
B,vacuum,leaf_rand_K10,async,128,4,0,0.00,100.00,1099.10,304.88,227.18,77.71,,,1403.98,1176.81,2.04,140.00,224.00,1.12,42934676,2026-09-23T02:49:35Z
B,ta,layers_5,pread,128,4,0,0.00,100.00,673.24,476.90,229.17,247.73,,,1150.14,920.97,2.20,180.00,266.00,1.12,42935160,2026-09-23T02:49:35Z
B,ta,layers_5,async,128,4,0,0.00,100.00,1079.22,294.99,227.27,67.72,,,1374.21,1146.94,2.19,180.00,264.00,1.12,42926452,2026-09-23T02:49:35Z
B,ta,layers_92,pread,128,4,0,0.00,100.00,660.34,1081.86,227.62,854.25,,,1742.20,1514.59,2.16,178.00,262.00,1.12,42933052,2026-09-23T02:49:35Z
B,ta,layers_92,async,128,4,0,0.00,42.40,585.01,393.56,229.17,164.39,,,978.57,749.40,2.22,179.00,264.00,1.12,42911284,2026-09-23T02:49:36Z
B,ta,2d,pread,128,4,0,0.00,100.00,572.81,1055.70,228.92,826.78,,,1628.51,1399.59,2.17,179.00,264.00,1.12,42911600,2026-09-23T02:49:36Z
B,ta,2d,async,128,4,0,0.00,77.50,588.04,337.26,230.22,107.04,,,925.30,695.08,2.18,179.00,264.00,1.12,42911892,2026-09-23T02:49:36Z
B,ta,2e_K10,pread,128,4,0,0.00,100.00,658.92,2231.76,225.56,2006.19,,,2890.68,2665.11,2.11,178.00,263.00,1.12,42912592,2026-09-23T02:49:37Z
B,ta,2e_K10,async,128,4,0,0.00,100.00,660.19,344.38,227.23,117.15,,,1004.57,777.34,2.19,180.00,262.00,1.12,42912772,2026-09-23T02:49:37Z
B,ta,2e_K500,pread,128,4,0,0.00,100.00,588.47,18264.05,228.64,18035.41,,,18852.52,18623.88,1.98,118.00,327.00,1.12,42913156,2026-09-23T02:49:37Z
B,ta,2e_K500,async,128,4,0,0.00,24.60,713.96,924.10,228.24,695.86,,,1638.06,1409.82,2.15,183.00,321.00,1.12,42913224,2026-09-23T02:49:38Z
B,ta,2f_top14,pread,128,4,0,0.00,100.00,693.18,1677.98,229.45,1448.53,,,2371.16,2141.71,2.19,179.00,264.00,1.12,42912296,2026-09-23T02:49:38Z
B,ta,2f_top14,async,128,4,0,0.00,100.00,693.27,307.31,228.17,79.14,,,1000.58,772.41,2.21,179.00,264.00,1.19,42912396,2026-09-23T02:49:38Z
B,ta,2f_top28,pread,128,4,0,0.00,100.00,692.58,3099.67,229.02,2870.65,,,3792.25,3563.23,2.17,180.00,261.00,1.19,42912732,2026-09-23T02:49:39Z
B,ta,2f_top28,async,128,4,0,0.00,100.00,690.67,324.77,228.12,96.65,,,1015.44,787.32,2.17,180.00,261.00,1.19,42913220,2026-09-23T02:49:39Z
B,ta,2f_top100,pread,128,4,0,0.00,100.00,695.76,10003.40,228.11,9775.29,,,10699.16,10471.05,2.19,183.00,275.00,1.19,42912996,2026-09-23T02:49:39Z
B,ta,2f_top100,async,128,4,0,0.00,100.00,693.49,418.51,229.13,189.38,,,1112.00,882.87,2.19,183.00,274.00,1.19,42913076,2026-09-23T02:49:40Z
B,ta,2f_top500,pread,128,4,0,0.00,100.00,636.50,17210.81,238.22,16972.59,,,17847.31,17609.09,2.11,172.00,358.00,1.19,42914240,2026-09-23T02:49:40Z
B,ta,2f_top500,async,128,4,0,0.00,100.00,691.21,1027.12,227.34,799.78,,,1718.33,1490.99,2.17,183.00,321.00,1.19,42914344,2026-09-23T02:49:40Z
B,ta,2f_slru,pread,128,4,0,0.00,100.00,95.39,18336.75,228.28,18108.47,,,18432.14,18203.86,1.59,0.00,279.00,1.19,42890536,2026-09-23T02:49:41Z
B,ta,2f_slru,async,128,4,0,0.00,100.00,96.55,7343.01,228.76,7114.24,,,7439.56,7210.79,1.63,0.00,279.00,1.19,42887536,2026-09-23T02:49:41Z
B,ta,leaf_freq_K10,pread,128,4,0,0.00,100.00,803.76,1152.90,228.10,924.80,,,1956.66,1728.56,2.18,181.00,263.00,1.19,42891348,2026-09-23T02:49:41Z
B,ta,leaf_freq_K10,async,128,4,0,0.00,100.00,867.35,305.59,230.69,74.90,,,1172.94,942.25,2.19,181.00,263.00,1.19,42891992,2026-09-23T02:49:41Z
B,ta,leaf_rand_K10,pread,128,4,0,0.00,100.00,863.31,1158.66,228.22,930.44,,,2021.97,1793.75,2.17,180.00,265.00,1.19,42892404,2026-09-23T02:49:42Z
B,ta,leaf_rand_K10,async,128,4,0,0.00,100.00,835.92,297.30,222.06,75.24,,,1133.22,911.16,2.17,180.00,265.00,1.19,42892512,2026-09-23T02:49:42Z
B,1gb,layers_5,pread,128,4,0,0.00,100.00,1288.50,713.66,229.84,483.82,,,2002.16,1772.32,2.18,182.00,259.00,1.19,42891912,2026-09-23T02:49:42Z
B,1gb,layers_5,async,128,4,0,0.00,100.00,1326.37,298.73,228.95,69.78,,,1625.10,1396.15,2.19,183.00,259.00,1.19,42893204,2026-09-23T02:49:43Z
B,1gb,layers_92,pread,128,4,0,0.00,100.00,1023.80,8301.90,228.64,8073.26,,,9325.70,9097.06,2.18,180.00,273.00,1.18,42893916,2026-09-23T02:49:43Z
B,1gb,layers_92,async,128,4,0,0.00,100.00,959.00,423.36,226.92,196.44,,,1382.36,1155.44,2.19,182.00,271.00,1.18,42894204,2026-09-23T02:49:43Z
B,1gb,2d,pread,128,4,0,0.00,100.00,653.45,2182.39,196.00,1986.39,,,2835.84,2639.84,2.20,179.00,274.00,1.18,42894232,2026-09-23T02:49:44Z
B,1gb,2d,async,128,4,0,0.00,100.00,640.25,285.16,197.44,87.72,,,925.41,727.97,2.18,181.00,272.00,1.18,42894504,2026-09-23T02:49:44Z
B,1gb,2e_K10,pread,128,4,0,0.00,100.00,668.31,3104.67,196.74,2907.93,,,3772.98,3576.24,2.21,179.00,275.00,1.18,42895804,2026-09-23T02:49:44Z
B,1gb,2e_K10,async,128,4,0,0.00,100.00,624.59,297.16,194.16,102.99,,,921.75,727.58,2.17,182.00,273.00,1.18,42896588,2026-09-23T02:49:45Z
B,1gb,2e_K500,pread,128,4,0,0.00,100.00,654.39,27472.23,197.01,27275.22,,,28126.62,27929.61,2.10,169.00,369.00,1.18,42897312,2026-09-23T02:49:45Z
B,1gb,2e_K500,async,128,4,0,0.00,100.00,663.60,1096.61,198.51,898.10,,,1760.21,1561.70,2.17,185.00,318.00,1.18,42899168,2026-09-23T02:49:45Z
B,1gb,2f_top14,pread,128,4,0,0.00,100.00,663.78,1521.53,198.11,1323.42,,,2185.31,1987.20,2.20,180.00,273.00,1.18,42890140,2026-09-23T02:49:46Z
B,1gb,2f_top14,async,128,4,0,0.00,100.00,669.05,277.33,197.77,79.56,,,946.38,748.61,2.20,181.00,273.00,1.18,42892528,2026-09-23T02:49:46Z
B,1gb,2f_top28,pread,128,4,0,0.00,100.00,657.33,2728.97,197.82,2531.15,,,3386.30,3188.48,2.16,181.00,273.00,1.18,42896488,2026-09-23T02:49:46Z
B,1gb,2f_top28,async,128,4,0,0.00,100.00,658.75,295.00,198.56,96.43,,,953.75,755.18,2.20,182.00,273.00,1.18,42896344,2026-09-23T02:49:47Z
B,1gb,2f_top100,pread,128,4,0,0.00,100.00,667.59,8851.53,197.30,8654.23,,,9519.12,9321.82,2.22,184.00,283.00,1.18,42897220,2026-09-23T02:49:47Z
B,1gb,2f_top100,async,128,4,0,0.00,100.00,636.13,392.96,196.59,196.37,,,1029.09,832.50,2.20,184.00,283.00,1.18,42898608,2026-09-23T02:49:47Z
B,1gb,2f_top500,pread,128,4,0,0.00,100.00,652.70,27642.38,196.75,27445.63,,,28295.08,28098.33,2.11,172.00,368.00,1.18,42900520,2026-09-23T02:49:48Z
B,1gb,2f_top500,async,128,4,0,0.00,100.00,663.17,1017.42,198.38,819.04,,,1680.59,1482.21,2.15,184.00,316.00,1.16,42900636,2026-09-23T02:49:48Z
B,1gb,2f_slru,pread,128,4,0,0.00,100.00,99.90,18503.84,196.88,18306.96,,,18603.74,18406.86,1.60,0.00,280.00,1.16,42901632,2026-09-23T02:49:48Z
B,1gb,2f_slru,async,128,4,0,0.00,100.00,99.53,7364.91,190.14,7174.77,,,7464.44,7274.30,1.64,0.00,280.00,1.16,42900008,2026-09-23T02:49:49Z
B,1gb,leaf_freq_K10,pread,128,4,0,0.00,100.00,1389.78,1090.71,195.14,895.57,,,2480.49,2285.35,2.15,183.00,258.00,1.16,42902616,2026-09-23T02:49:49Z
B,1gb,leaf_freq_K10,async,128,4,0,0.00,100.00,1381.91,272.25,195.93,76.32,,,1654.16,1458.23,2.17,183.00,258.00,1.16,42903328,2026-09-23T02:49:49Z
B,1gb,leaf_rand_K10,pread,128,4,0,0.00,100.00,1441.82,1118.77,195.44,923.34,,,2560.59,2365.16,2.18,183.00,258.00,1.16,42904648,2026-09-23T02:49:50Z
B,1gb,leaf_rand_K10,async,128,4,0,0.00,100.00,1383.95,275.82,198.00,77.82,,,1659.77,1461.77,2.18,183.00,258.00,1.16,42905476,2026-09-23T02:49:50Z
C,vacuum,layers_5,pread,128,4,0,0.00,100.00,1046.23,785.12,196.98,588.14,,,1831.35,1634.37,1.55,15.00,25.00,1.16,42906844,2026-09-23T02:49:50Z
C,vacuum,layers_5,async,128,4,0,0.00,100.00,1051.56,267.91,198.50,69.41,,,1319.47,1120.97,1.53,15.00,25.00,1.16,42907140,2026-09-23T02:49:51Z
C,vacuum,layers_92,pread,128,4,0,0.00,100.00,656.05,7643.77,196.56,7447.21,,,8299.82,8103.26,1.53,14.00,30.00,1.16,42908424,2026-09-23T02:49:51Z
C,vacuum,layers_92,async,128,4,0,0.00,100.00,627.03,380.21,194.53,185.68,,,1007.24,812.71,1.52,14.00,30.00,1.16,42908540,2026-09-23T02:49:51Z
C,vacuum,2d,pread,128,4,0,0.00,100.00,654.77,608.69,195.72,412.98,,,1263.46,1067.75,1.53,14.00,30.00,1.16,42909984,2026-09-23T02:49:51Z
C,vacuum,2d,async,128,4,0,0.00,100.00,654.79,264.63,196.33,68.30,,,919.42,723.09,1.55,14.00,30.00,1.16,42910396,2026-09-23T02:49:52Z
C,vacuum,2e_K10,pread,128,4,0,0.00,100.00,172.46,1427.81,194.34,1233.48,,,1600.27,1405.94,1.51,12.00,32.00,1.16,42918588,2026-09-23T02:49:52Z
C,vacuum,2e_K10,async,128,4,0,0.00,92.90,172.64,269.57,190.03,79.54,,,442.21,252.18,1.51,13.00,33.00,1.16,42919140,2026-09-23T02:49:52Z
C,vacuum,2e_K500,pread,128,4,0,0.00,100.00,172.93,2558.31,196.37,2361.94,,,2731.24,2534.87,1.46,0.00,30.00,1.16,42920040,2026-09-23T02:49:52Z
C,vacuum,2e_K500,async,128,4,0,0.00,46.70,172.47,679.67,195.90,483.77,,,852.14,656.24,1.49,0.00,30.00,1.16,42920092,2026-09-23T02:49:53Z
C,vacuum,2f_top14,pread,128,4,0,0.00,100.00,171.12,1251.34,193.19,1058.15,,,1422.46,1229.27,1.53,11.00,33.00,1.16,42920596,2026-09-23T02:49:53Z
C,vacuum,2f_top14,async,128,4,0,0.00,92.90,173.49,273.50,193.93,79.58,,,446.99,253.07,1.51,12.00,31.00,1.15,42919980,2026-09-23T02:49:53Z
C,vacuum,2f_top28,pread,128,4,0,0.00,100.00,170.41,1315.83,194.61,1121.23,,,1486.24,1291.64,1.54,11.00,33.00,1.15,42921692,2026-09-23T02:49:53Z
C,vacuum,2f_top28,async,128,4,0,0.00,96.40,172.55,290.80,194.71,96.09,,,463.35,268.64,1.51,12.00,32.00,1.15,42921444,2026-09-23T02:49:54Z
C,vacuum,2f_top100,pread,128,4,0,0.00,100.00,170.33,1382.93,194.07,1188.86,,,1553.26,1359.19,1.51,8.00,30.00,1.15,42922312,2026-09-23T02:49:54Z
C,vacuum,2f_top100,async,128,4,0,0.00,37.00,174.64,375.22,194.46,180.76,,,549.86,355.40,1.51,9.00,29.00,1.15,42922960,2026-09-23T02:49:54Z
C,vacuum,2f_top500,pread,128,4,0,0.00,100.00,85.37,3083.71,194.12,2889.58,,,3169.08,2974.95,1.49,0.00,30.00,1.15,42923252,2026-09-23T02:49:54Z
C,vacuum,2f_top500,async,128,4,0,0.00,100.00,88.01,773.01,193.96,579.05,,,861.02,667.06,1.48,0.00,30.00,1.15,42923648,2026-09-23T02:49:55Z
C,vacuum,2f_slru,pread,128,4,0,0.00,100.00,85.11,3163.80,186.67,2977.13,,,3248.91,3062.24,1.47,0.00,30.00,1.15,42925660,2026-09-23T02:49:55Z
C,vacuum,2f_slru,async,128,4,0,0.00,100.00,93.92,750.07,197.25,552.82,,,843.99,646.74,1.48,0.00,30.00,1.15,42927216,2026-09-23T02:49:55Z
C,vacuum,leaf_freq_K10,pread,128,4,0,0.00,100.00,1306.97,3173.93,526.56,2647.37,,,4480.90,3954.34,1.57,13.00,27.00,1.15,42927624,2026-09-23T02:49:55Z
C,vacuum,leaf_freq_K10,async,128,4,0,0.00,90.00,842.67,1695.44,1165.04,530.40,,,2538.11,1373.07,1.57,14.00,28.00,1.15,42927416,2026-09-23T02:49:56Z
C,vacuum,leaf_rand_K10,pread,128,4,0,0.00,100.00,1100.63,1033.65,195.15,838.51,,,2134.28,1939.14,1.55,15.00,25.00,1.15,42927852,2026-09-23T02:49:56Z
C,vacuum,leaf_rand_K10,async,128,4,0,0.00,100.00,1139.04,274.18,195.05,79.13,,,1413.22,1218.17,1.53,15.00,25.00,1.15,42928276,2026-09-23T02:49:56Z
C,ta,layers_5,pread,128,4,0,0.00,100.00,882.34,443.72,194.41,249.32,,,1326.06,1131.66,1.60,21.00,28.00,1.15,42909588,2026-09-23T02:49:56Z
C,ta,layers_5,async,128,4,0,0.00,100.00,783.80,263.42,194.98,68.44,,,1047.22,852.24,1.60,21.00,28.00,1.15,42911424,2026-09-23T02:49:57Z
C,ta,layers_92,pread,128,4,0,0.00,100.00,445.96,1046.12,192.69,853.42,,,1492.08,1299.38,1.59,20.00,29.00,1.15,42910880,2026-09-23T02:49:57Z
C,ta,layers_92,async,128,4,0,0.00,40.20,378.27,361.90,191.99,169.91,,,740.17,548.18,1.58,20.00,29.00,1.15,42911424,2026-09-23T02:49:57Z
C,ta,2d,pread,128,4,0,0.00,100.00,416.77,1046.99,193.87,853.11,,,1463.76,1269.88,1.58,20.00,29.00,1.15,42911864,2026-09-23T02:49:57Z
C,ta,2d,async,128,4,0,0.00,64.60,445.14,311.42,195.05,116.37,,,756.56,561.51,1.59,20.00,29.00,1.15,42912388,2026-09-23T02:49:58Z
C,ta,2e_K10,pread,128,4,0,0.00,100.00,172.91,1551.04,195.57,1355.47,,,1723.95,1528.38,1.60,18.00,36.00,1.15,42911980,2026-09-23T02:49:58Z
C,ta,2e_K10,async,128,4,0,0.00,100.00,176.74,325.80,196.12,129.68,,,502.54,306.42,1.58,19.00,36.00,1.14,42909928,2026-09-23T02:49:58Z
C,ta,2e_K500,pread,128,4,0,0.00,100.00,175.18,3439.62,194.28,3245.34,,,3614.80,3420.52,1.53,0.00,38.00,1.14,42910200,2026-09-23T02:49:58Z
C,ta,2e_K500,async,128,4,0,0.00,100.00,172.84,739.20,194.88,544.32,,,912.04,717.16,1.53,0.00,38.00,1.14,42910716,2026-09-23T02:49:59Z
C,ta,2f_top14,pread,128,4,0,0.00,100.00,174.88,1101.10,196.88,904.22,,,1275.98,1079.10,1.60,19.00,36.00,1.14,42910104,2026-09-23T02:49:59Z
C,ta,2f_top14,async,128,4,0,0.00,100.00,173.38,272.14,193.78,78.36,,,445.52,251.74,1.60,18.00,36.00,1.14,42911156,2026-09-23T02:49:59Z
C,ta,2f_top28,pread,128,4,0,0.00,100.00,170.83,1258.53,192.60,1065.92,,,1429.36,1236.75,1.59,17.00,35.00,1.14,42913564,2026-09-23T02:49:59Z
C,ta,2f_top28,async,128,4,0,0.00,100.00,173.10,289.15,194.77,94.39,,,462.25,267.49,1.58,18.00,35.00,1.14,42913420,2026-09-23T02:50:00Z
C,ta,2f_top100,pread,128,4,0,0.00,100.00,170.45,1356.51,193.11,1163.40,,,1526.96,1333.85,1.57,11.00,36.00,1.14,42912100,2026-09-23T02:50:00Z
C,ta,2f_top100,async,128,4,0,0.00,100.00,173.02,373.14,193.63,179.51,,,546.16,352.53,1.58,14.00,35.00,1.14,42912044,2026-09-23T02:50:00Z
C,ta,2f_top500,pread,128,4,0,0.00,100.00,85.87,3554.31,194.34,3359.98,,,3640.18,3445.85,1.53,0.00,38.00,1.14,42913648,2026-09-23T02:50:00Z
C,ta,2f_top500,async,128,4,0,0.00,100.00,87.03,1034.97,191.15,843.82,,,1122.00,930.85,1.53,0.00,38.00,1.14,42914080,2026-09-23T02:50:01Z
C,ta,2f_slru,pread,128,4,0,0.00,100.00,87.37,3564.59,194.06,3370.54,,,3651.96,3457.91,1.54,0.00,38.00,1.14,42913320,2026-09-23T02:50:01Z
C,ta,2f_slru,async,128,4,0,0.00,100.00,88.59,996.77,194.75,802.03,,,1085.36,890.62,1.53,0.00,38.00,1.14,42914896,2026-09-23T02:50:01Z
C,ta,leaf_freq_K10,pread,128,4,0,0.00,100.00,573.30,1020.64,225.32,795.32,,,1593.94,1368.62,1.61,19.00,35.00,1.14,42896384,2026-09-23T02:50:01Z
C,ta,leaf_freq_K10,async,128,4,0,0.00,100.00,879.09,306.18,232.39,73.79,,,1185.27,952.88,1.60,20.00,35.00,1.14,42896948,2026-09-23T02:50:02Z
C,ta,leaf_rand_K10,pread,128,4,0,0.00,100.00,791.80,1054.06,224.54,829.52,,,1845.86,1621.32,1.59,21.00,28.00,1.14,42897056,2026-09-23T02:50:02Z
C,ta,leaf_rand_K10,async,128,4,0,0.00,100.00,787.11,305.86,229.70,76.15,,,1092.97,863.26,1.59,21.00,28.00,1.14,42890920,2026-09-23T02:50:02Z
C,1gb,layers_5,pread,128,4,0,0.00,100.00,1177.39,706.43,227.86,478.57,,,1883.82,1655.96,1.71,36.00,63.00,1.14,42904120,2026-09-23T02:50:02Z
C,1gb,layers_5,async,128,4,0,0.00,100.00,1309.63,296.42,228.56,67.86,,,1606.05,1377.49,1.70,36.00,63.00,1.14,42903744,2026-09-23T02:50:03Z
C,1gb,layers_92,pread,128,4,0,0.00,100.00,1212.26,8298.74,228.61,8070.13,,,9511.00,9282.39,1.72,36.00,64.00,1.13,42903972,2026-09-23T02:50:03Z
C,1gb,layers_92,async,128,4,0,0.00,100.00,1218.27,409.66,224.43,185.23,,,1627.93,1403.50,1.71,36.00,64.00,1.13,42905048,2026-09-23T02:50:03Z
C,1gb,2d,pread,128,4,0,0.00,100.00,516.16,911.29,227.27,684.03,,,1427.45,1200.19,1.71,35.00,66.00,1.13,42905440,2026-09-23T02:50:04Z
C,1gb,2d,async,128,4,0,0.00,100.00,508.00,296.50,225.74,70.75,,,804.50,578.75,1.70,35.00,66.00,1.13,42905544,2026-09-23T02:50:04Z
C,1gb,2e_K10,pread,128,4,0,0.00,100.00,145.04,1731.41,227.91,1503.51,,,1876.45,1648.55,1.71,38.00,76.00,1.13,42905744,2026-09-23T02:50:04Z
C,1gb,2e_K10,async,128,4,0,0.00,100.00,175.81,313.11,227.32,85.79,,,488.92,261.60,1.69,38.00,76.00,1.13,42905780,2026-09-23T02:50:04Z
C,1gb,2e_K500,pread,128,4,0,0.00,100.00,175.34,4772.95,226.98,4545.98,,,4948.29,4721.32,1.57,0.00,66.00,1.13,42905980,2026-09-23T02:50:05Z
C,1gb,2e_K500,async,128,4,0,0.00,100.00,177.68,908.46,225.97,682.49,,,1086.14,860.17,1.64,35.00,100.00,1.13,42905764,2026-09-23T02:50:05Z
C,1gb,2f_top14,pread,128,4,0,0.00,100.00,512.79,1532.90,221.49,1311.42,,,2045.69,1824.21,1.68,34.00,68.00,1.13,42907280,2026-09-23T02:50:05Z
C,1gb,2f_top14,async,128,4,0,0.00,100.00,519.77,305.45,228.13,77.33,,,825.22,597.10,1.69,34.00,68.00,1.13,42907536,2026-09-23T02:50:06Z
C,1gb,2f_top28,pread,128,4,0,0.00,100.00,518.58,1549.49,227.44,1322.06,,,2068.07,1840.64,1.71,33.00,66.00,1.13,42907812,2026-09-23T02:50:06Z
C,1gb,2f_top28,async,128,4,0,0.00,100.00,582.12,320.34,226.69,93.66,,,902.46,675.78,1.69,34.00,67.00,1.13,42908880,2026-09-23T02:50:06Z
C,1gb,2f_top100,pread,128,4,0,0.00,100.00,517.22,2058.10,228.42,1829.68,,,2575.32,2346.90,1.67,27.00,66.00,1.13,42908692,2026-09-23T02:50:06Z
C,1gb,2f_top100,async,128,4,0,0.00,100.00,520.52,408.50,230.51,177.98,,,929.02,698.50,1.69,30.00,66.00,1.13,42909216,2026-09-23T02:50:07Z
C,1gb,2f_top500,pread,128,4,0,0.00,100.00,519.29,3801.48,228.50,3572.98,,,4320.77,4092.27,1.59,6.00,66.00,1.13,42909732,2026-09-23T02:50:07Z
C,1gb,2f_top500,async,128,4,0,0.00,100.00,518.57,915.95,227.47,688.48,,,1434.52,1207.05,1.63,8.00,68.00,1.13,42910408,2026-09-23T02:50:07Z
C,1gb,2f_slru,pread,128,4,0,0.00,100.00,89.71,5557.04,226.87,5330.17,,,5646.75,5419.88,1.57,0.00,64.00,1.13,42905104,2026-09-23T02:50:08Z
C,1gb,2f_slru,async,128,4,0,0.00,100.00,91.02,1653.81,227.33,1426.48,,,1744.83,1517.50,1.59,0.00,64.00,1.13,42906160,2026-09-23T02:50:08Z
C,1gb,leaf_freq_K10,pread,128,4,0,0.00,100.00,991.24,1151.64,226.00,925.64,,,2142.88,1916.88,1.74,39.00,73.00,1.12,42906096,2026-09-23T02:50:08Z
C,1gb,leaf_freq_K10,async,128,4,0,0.00,100.00,986.12,300.69,228.54,72.16,,,1286.81,1058.28,1.72,39.00,73.00,1.12,42906704,2026-09-23T02:50:08Z
C,1gb,leaf_rand_K10,pread,128,4,0,0.00,100.00,1348.52,1119.69,228.37,891.33,,,2468.21,2239.85,1.71,36.00,63.00,1.12,42907304,2026-09-23T02:50:09Z
C,1gb,leaf_rand_K10,async,128,4,0,0.00,100.00,1212.16,299.28,226.25,73.04,,,1511.44,1285.20,1.70,36.00,63.00,1.12,42907768,2026-09-23T02:50:09Z
A,vacuum,baseline,baseline,128,5,0,0.00,0.00,1072.03,0.00,0.00,0.00,,,1072.03,1072.03,2.01,143.00,224.00,1.12,42907492,2026-09-23T02:50:09Z
A,ta,baseline,baseline,128,5,0,0.00,0.00,798.38,0.00,0.00,0.00,,,798.38,798.38,2.11,176.00,280.00,1.12,42908076,2026-09-23T02:50:10Z
A,1gb,baseline,baseline,128,5,0,0.00,0.00,1357.29,0.00,0.00,0.00,,,1357.29,1357.29,2.17,179.00,271.00,1.12,42906968,2026-09-23T02:50:10Z
B,vacuum,baseline,baseline,128,5,0,0.00,0.00,920.58,0.00,0.00,0.00,,,920.58,920.58,2.05,140.00,224.00,1.12,42909224,2026-09-23T02:50:10Z
B,ta,baseline,baseline,128,5,0,0.00,0.00,885.40,0.00,0.00,0.00,,,885.40,885.40,2.19,180.00,265.00,1.12,42909544,2026-09-23T02:50:11Z
B,1gb,baseline,baseline,128,5,0,0.00,0.00,1311.88,0.00,0.00,0.00,,,1311.88,1311.88,2.18,183.00,259.00,1.12,42908608,2026-09-23T02:50:11Z
C,vacuum,baseline,baseline,128,5,0,0.00,0.00,1173.67,0.00,0.00,0.00,,,1173.67,1173.67,1.53,15.00,25.00,1.12,42910360,2026-09-23T02:50:11Z
C,ta,baseline,baseline,128,5,0,0.00,0.00,823.71,0.00,0.00,0.00,,,823.71,823.71,1.60,21.00,28.00,1.12,42926204,2026-09-23T02:50:11Z
C,1gb,baseline,baseline,128,5,0,0.00,0.00,1253.90,0.00,0.00,0.00,,,1253.90,1253.90,1.66,36.00,64.00,1.12,42925712,2026-09-23T02:50:12Z
A,vacuum,layers_5,pread,128,5,0,0.00,100.00,968.55,782.99,201.65,581.34,,,1751.54,1549.89,2.00,143.00,225.00,1.12,42927440,2026-09-23T02:50:12Z
A,vacuum,layers_5,async,128,5,0,0.00,100.00,966.35,262.77,194.86,67.92,,,1229.12,1034.27,1.99,144.00,221.00,1.12,42927376,2026-09-23T02:50:12Z
A,vacuum,layers_92,pread,128,5,0,0.00,100.00,574.56,7548.36,195.00,7353.36,,,8122.92,7927.92,1.95,138.00,234.00,1.12,42927632,2026-09-23T02:50:13Z
A,vacuum,layers_92,async,128,5,0,0.00,100.00,573.05,365.00,197.29,167.71,,,938.05,740.76,1.96,139.00,230.00,1.12,42928012,2026-09-23T02:50:13Z
A,vacuum,2d,pread,128,5,0,0.00,100.00,573.70,1387.49,197.46,1190.03,,,1961.19,1763.73,1.99,138.00,234.00,1.11,42914028,2026-09-23T02:50:13Z
A,vacuum,2d,async,128,5,0,0.00,100.00,577.15,274.06,196.56,77.50,,,851.21,654.65,2.01,139.00,230.00,1.11,42926108,2026-09-23T02:50:13Z
A,vacuum,2e_K10,pread,128,5,0,0.00,100.00,572.53,2216.27,204.79,2011.47,,,2788.80,2584.00,2.00,138.00,243.00,1.11,42926048,2026-09-23T02:50:14Z
A,vacuum,2e_K10,async,128,5,0,0.00,100.00,572.15,285.94,195.79,90.15,,,858.09,662.30,1.98,139.00,239.00,1.11,42926404,2026-09-23T02:50:14Z
A,vacuum,2e_K500,pread,128,5,0,0.00,100.00,531.37,16188.30,203.65,15984.65,,,16719.67,16516.02,1.87,110.00,385.00,1.11,42927624,2026-09-23T02:50:14Z
A,vacuum,2e_K500,async,128,5,0,0.00,10.40,916.52,900.95,197.04,703.91,,,1817.47,1620.43,2.00,142.00,331.00,1.11,42927100,2026-09-23T02:50:15Z
A,vacuum,2f_top14,pread,128,5,0,0.00,100.00,574.02,1545.61,197.02,1348.59,,,2119.63,1922.61,1.99,139.00,234.00,1.11,42928152,2026-09-23T02:50:15Z
A,vacuum,2f_top14,async,128,5,0,0.00,100.00,511.41,279.23,195.92,83.31,,,790.64,594.72,1.98,140.00,232.00,1.11,42927232,2026-09-23T02:50:15Z
A,vacuum,2f_top28,pread,128,5,0,0.00,100.00,577.41,2751.62,196.51,2555.11,,,3329.03,3132.52,1.98,141.00,245.00,1.11,42929728,2026-09-23T02:50:16Z
A,vacuum,2f_top28,async,128,5,0,0.00,100.00,571.49,294.44,198.91,95.53,,,865.93,667.02,2.00,142.00,243.00,1.11,42929540,2026-09-23T02:50:16Z
A,vacuum,2f_top100,pread,128,5,0,0.00,100.00,582.68,9106.67,196.76,8909.91,,,9689.35,9492.59,2.01,142.00,267.00,1.11,42929676,2026-09-23T02:50:16Z
A,vacuum,2f_top100,async,128,5,0,0.00,100.00,509.70,395.34,194.46,200.89,,,905.04,710.59,1.98,144.00,261.00,1.11,42929696,2026-09-23T02:50:16Z
A,vacuum,2f_top500,pread,128,5,0,0.00,100.00,547.21,16157.55,198.32,15959.22,,,16704.76,16506.43,1.88,111.00,382.00,1.11,42911968,2026-09-23T02:50:17Z
A,vacuum,2f_top500,async,128,5,0,0.00,13.60,626.45,855.35,196.13,659.22,,,1481.80,1285.67,1.98,143.00,331.00,1.11,42912280,2026-09-23T02:50:17Z
A,vacuum,2f_slru,pread,128,5,0,0.00,100.00,98.00,14246.20,201.27,14044.93,,,14344.20,14142.93,1.55,0.00,214.00,1.11,42912724,2026-09-23T02:50:17Z
A,vacuum,2f_slru,async,128,5,0,0.00,100.00,98.96,5614.84,198.39,5416.44,,,5713.80,5515.40,1.59,0.00,214.00,1.11,42913820,2026-09-23T02:50:18Z
A,vacuum,leaf_freq_K10,pread,128,5,0,0.00,100.00,1064.27,1122.12,196.80,925.32,,,2186.39,1989.59,2.02,142.00,233.00,1.11,42912928,2026-09-23T02:50:18Z
A,vacuum,leaf_freq_K10,async,128,5,0,0.00,100.00,1069.84,272.29,196.75,75.54,,,1342.13,1145.38,2.03,142.00,233.00,1.10,42914576,2026-09-23T02:50:18Z
A,vacuum,leaf_rand_K10,pread,128,5,0,0.00,100.00,1066.82,1083.57,189.98,893.59,,,2150.39,1960.41,2.02,143.00,224.00,1.10,42914876,2026-09-23T02:50:19Z
A,vacuum,leaf_rand_K10,async,128,5,0,0.00,100.00,1068.39,273.86,198.68,75.17,,,1342.25,1143.56,2.00,143.00,224.00,1.10,42911324,2026-09-23T02:50:19Z
A,ta,layers_5,pread,128,5,0,0.00,100.00,582.64,451.45,199.31,252.13,,,1034.09,834.77,2.19,176.00,278.00,1.10,42907772,2026-09-23T02:50:19Z
A,ta,layers_5,async,128,5,0,0.00,100.00,996.88,267.34,198.57,68.77,,,1264.22,1065.65,2.17,176.00,277.00,1.10,42909036,2026-09-23T02:50:19Z
A,ta,layers_92,pread,128,5,0,0.00,100.00,585.35,957.57,196.13,761.44,,,1542.92,1346.79,2.10,174.00,278.00,1.10,42909820,2026-09-23T02:50:20Z
A,ta,layers_92,async,128,5,0,0.00,100.00,572.90,363.11,197.06,166.05,,,936.01,738.95,2.13,175.00,277.00,1.10,42910156,2026-09-23T02:50:20Z
A,ta,2d,pread,128,5,0,0.00,100.00,551.21,1012.71,198.45,814.26,,,1563.92,1365.47,2.15,174.00,278.00,1.10,42910340,2026-09-23T02:50:20Z
A,ta,2d,async,128,5,0,0.00,67.40,578.36,310.71,198.39,112.32,,,889.07,690.68,2.17,175.00,277.00,1.10,42910192,2026-09-23T02:50:21Z
A,ta,2e_K10,pread,128,5,0,0.00,100.00,515.80,2023.40,195.46,1827.95,,,2539.20,2343.75,2.09,174.00,282.00,1.10,42911256,2026-09-23T02:50:21Z
A,ta,2e_K10,async,128,5,0,0.00,73.20,513.60,322.87,197.54,125.33,,,836.47,638.93,2.11,175.00,281.00,1.10,42911404,2026-09-23T02:50:21Z
A,ta,2e_K500,pread,128,5,0,0.00,100.00,182.12,17798.33,197.89,17600.44,,,17980.45,17782.56,1.74,61.00,339.00,1.10,42911328,2026-09-23T02:50:22Z
A,ta,2e_K500,async,128,5,0,0.00,38.30,755.22,961.28,197.43,763.85,,,1716.50,1519.07,2.10,178.00,404.00,1.10,42911592,2026-09-23T02:50:22Z
A,ta,2f_top14,pread,128,5,0,0.00,100.00,581.82,1320.73,198.64,1122.09,,,1902.55,1703.91,2.13,175.00,280.00,1.10,42912624,2026-09-23T02:50:22Z
A,ta,2f_top14,async,128,5,0,0.00,100.00,579.96,278.40,198.07,80.33,,,858.36,660.29,2.14,175.00,280.00,1.10,42913412,2026-09-23T02:50:23Z
A,ta,2f_top28,pread,128,5,0,0.00,100.00,580.04,2634.55,205.32,2429.24,,,3214.59,3009.28,2.13,175.00,288.00,1.10,42913820,2026-09-23T02:50:23Z
A,ta,2f_top28,async,128,5,0,0.00,100.00,576.00,292.26,195.45,96.81,,,868.26,672.81,2.12,175.00,288.00,1.09,42914268,2026-09-23T02:50:23Z
A,ta,2f_top100,pread,128,5,0,0.00,100.00,584.08,9827.66,197.20,9630.45,,,10411.74,10214.53,2.14,172.00,322.00,1.09,42913548,2026-09-23T02:50:24Z
A,ta,2f_top100,async,128,5,0,0.00,100.00,580.54,398.51,204.63,193.87,,,979.05,774.41,2.11,174.00,316.00,1.09,42914428,2026-09-23T02:50:24Z
A,ta,2f_top500,pread,128,5,0,0.00,100.00,182.22,17979.27,196.68,17782.59,,,18161.49,17964.81,1.86,99.00,386.00,1.09,42913928,2026-09-23T02:50:24Z
A,ta,2f_top500,async,128,5,0,0.00,100.00,622.96,1044.15,198.80,845.35,,,1667.11,1468.31,2.11,177.00,408.00,1.09,42915736,2026-09-23T02:50:24Z
A,ta,2f_slru,pread,128,5,0,0.00,100.00,96.56,17742.44,197.77,17544.66,,,17839.00,17641.22,1.57,0.00,279.00,1.09,42916720,2026-09-23T02:50:25Z
A,ta,2f_slru,async,128,5,0,0.00,100.00,96.61,7311.38,197.92,7113.45,,,7407.99,7210.06,1.57,0.00,279.00,1.09,42913940,2026-09-23T02:50:25Z
A,ta,leaf_freq_K10,pread,128,5,0,0.00,100.00,784.72,1086.42,191.52,894.90,,,1871.14,1679.62,2.12,176.00,284.00,1.09,42916692,2026-09-23T02:50:25Z
A,ta,leaf_freq_K10,async,128,5,0,0.00,100.00,786.39,272.91,197.70,75.21,,,1059.30,861.60,2.12,176.00,284.00,1.09,42917400,2026-09-23T02:50:26Z
A,ta,leaf_rand_K10,pread,128,5,0,0.00,100.00,758.64,1099.16,199.56,899.60,,,1857.80,1658.24,2.14,176.00,280.00,1.09,42918104,2026-09-23T02:50:26Z
A,ta,leaf_rand_K10,async,128,5,0,0.00,100.00,686.33,273.24,197.96,75.28,,,959.57,761.61,2.09,176.00,280.00,1.09,42917684,2026-09-23T02:50:26Z
A,1gb,layers_5,pread,128,5,0,0.00,100.00,1382.52,706.43,198.11,508.32,,,2088.95,1890.84,2.15,180.00,268.00,1.09,42917544,2026-09-23T02:50:27Z
A,1gb,layers_5,async,128,5,0,0.00,100.00,1478.27,264.55,196.56,67.99,,,1742.82,1546.26,2.15,180.00,268.00,1.09,42916604,2026-09-23T02:50:27Z
A,1gb,layers_92,pread,128,5,0,0.00,100.00,825.05,8371.96,193.90,8178.06,,,9197.01,9003.11,2.10,178.00,282.00,1.09,42916804,2026-09-23T02:50:27Z
A,1gb,layers_92,async,128,5,0,0.00,100.00,985.69,404.28,206.12,198.16,,,1389.97,1183.85,2.15,178.00,280.00,1.09,42917204,2026-09-23T02:50:28Z
A,1gb,2d,pread,128,5,0,0.00,100.00,591.51,2180.54,192.36,1988.18,,,2772.05,2579.69,2.15,177.00,283.00,1.09,42917648,2026-09-23T02:50:28Z
A,1gb,2d,async,128,5,0,0.00,100.00,532.66,284.12,195.14,88.98,,,816.78,621.64,2.13,177.00,281.00,1.08,42918460,2026-09-23T02:50:28Z
A,1gb,2e_K10,pread,128,5,0,0.00,100.00,532.18,3040.23,196.99,2843.24,,,3572.41,3375.42,2.14,177.00,291.00,1.08,42918420,2026-09-23T02:50:29Z
A,1gb,2e_K10,async,128,5,0,0.00,100.00,522.21,298.76,197.97,100.79,,,820.97,623.00,2.14,177.00,289.00,1.08,42918948,2026-09-23T02:50:29Z
A,1gb,2e_K500,pread,128,5,0,0.00,100.00,604.75,18863.07,196.38,18666.69,,,19467.82,19271.44,2.06,167.00,445.00,1.08,42919112,2026-09-23T02:50:29Z
A,1gb,2e_K500,async,128,5,0,0.00,33.60,607.09,882.77,199.12,683.65,,,1489.86,1290.74,2.13,176.00,396.00,1.08,42905476,2026-09-23T02:50:30Z
A,1gb,2f_top14,pread,128,5,0,0.00,100.00,530.30,1550.37,197.12,1353.24,,,2080.67,1883.54,2.15,176.00,287.00,1.08,42906388,2026-09-23T02:50:30Z
A,1gb,2f_top14,async,128,5,0,0.00,100.00,595.22,276.65,197.30,79.35,,,871.87,674.57,2.15,176.00,287.00,1.08,42906080,2026-09-23T02:50:30Z
A,1gb,2f_top28,pread,128,5,0,0.00,100.00,563.08,2799.65,230.50,2569.15,,,3362.73,3132.23,2.16,176.00,295.00,1.08,42908764,2026-09-23T02:50:31Z
A,1gb,2f_top28,async,128,5,0,0.00,100.00,564.98,327.98,228.34,99.64,,,892.96,664.62,2.15,176.00,295.00,1.08,42909064,2026-09-23T02:50:31Z
A,1gb,2f_top100,pread,128,5,0,0.00,100.00,589.39,9125.87,226.02,8899.84,,,9715.26,9489.23,2.15,174.00,328.00,1.08,42911388,2026-09-23T02:50:31Z
A,1gb,2f_top100,async,128,5,0,0.00,100.00,591.52,416.46,224.46,192.00,,,1007.98,783.52,2.19,174.00,323.00,1.08,42911468,2026-09-23T02:50:32Z
A,1gb,2f_top500,pread,128,5,0,0.00,100.00,565.24,18149.51,225.39,17924.12,,,18714.75,18489.36,2.06,169.00,442.00,1.08,42927464,2026-09-23T02:50:32Z
A,1gb,2f_top500,async,128,5,0,0.00,43.80,604.59,881.36,227.45,653.91,,,1485.95,1258.50,2.12,176.00,402.00,1.08,42929188,2026-09-23T02:50:32Z
A,1gb,2f_slru,pread,128,5,0,0.00,100.00,103.72,19273.40,228.07,19045.34,,,19377.12,19149.06,1.56,0.00,280.00,1.08,42930188,2026-09-23T02:50:32Z
A,1gb,2f_slru,async,128,5,0,0.00,100.00,99.82,7347.99,228.41,7119.58,,,7447.81,7219.40,1.59,0.00,280.00,1.08,42927184,2026-09-23T02:50:33Z
A,1gb,leaf_freq_K10,pread,128,5,0,0.00,100.00,1305.37,1156.81,228.50,928.30,,,2462.18,2233.67,2.11,178.00,279.00,1.08,42929320,2026-09-23T02:50:33Z
A,1gb,leaf_freq_K10,async,128,5,0,0.00,100.00,1401.69,302.87,227.51,75.36,,,1704.56,1477.05,2.13,178.00,279.00,1.08,42931204,2026-09-23T02:50:33Z
A,1gb,leaf_rand_K10,pread,128,5,0,0.00,100.00,1366.49,1149.57,229.26,920.31,,,2516.06,2286.80,2.16,179.00,270.00,1.08,42931740,2026-09-23T02:50:34Z
A,1gb,leaf_rand_K10,async,128,5,0,0.00,100.00,1337.46,304.88,227.42,77.47,,,1642.34,1414.93,2.11,179.00,270.00,1.08,42931948,2026-09-23T02:50:34Z
B,vacuum,layers_5,pread,128,5,0,0.00,100.00,980.40,812.21,229.44,582.77,,,1792.61,1563.17,2.05,140.00,222.00,1.08,42933744,2026-09-23T02:50:34Z
B,vacuum,layers_5,async,128,5,0,0.00,100.00,1043.64,299.09,228.87,70.22,,,1342.73,1113.86,2.06,140.00,220.00,1.08,42933864,2026-09-23T02:50:35Z
B,vacuum,layers_92,pread,128,5,0,0.00,100.00,600.92,7785.72,231.04,7554.67,,,8386.64,8155.59,2.07,136.00,233.00,1.08,42934680,2026-09-23T02:50:35Z
B,vacuum,layers_92,async,128,5,0,0.00,100.00,526.92,412.72,228.61,184.11,,,939.64,711.03,2.06,136.00,231.00,1.08,42919144,2026-09-23T02:50:35Z
B,vacuum,2d,pread,128,5,0,0.00,100.00,599.67,1388.48,230.01,1158.47,,,1988.15,1758.14,2.05,136.00,233.00,1.08,42919960,2026-09-23T02:50:36Z
B,vacuum,2d,async,128,5,0,0.00,100.00,630.10,304.50,228.20,76.30,,,934.60,706.40,2.08,136.00,231.00,1.08,42920052,2026-09-23T02:50:36Z
B,vacuum,2e_K10,pread,128,5,0,0.00,100.00,534.53,2335.37,228.92,2106.45,,,2869.90,2640.98,2.07,136.00,233.00,1.08,42921288,2026-09-23T02:50:36Z
B,vacuum,2e_K10,async,128,5,0,0.00,100.00,592.65,321.39,230.29,91.10,,,914.04,683.75,2.05,136.00,232.00,1.08,42922236,2026-09-23T02:50:37Z
B,vacuum,2e_K500,pread,128,5,0,0.00,100.00,591.64,13996.12,228.91,13767.21,,,14587.76,14358.85,1.96,124.00,379.00,1.08,42922296,2026-09-23T02:50:37Z
B,vacuum,2e_K500,async,128,5,0,0.00,100.00,644.90,1099.67,228.22,871.45,,,1744.57,1516.35,2.01,137.00,273.00,1.08,42926700,2026-09-23T02:50:37Z
B,vacuum,2f_top14,pread,128,5,0,0.00,100.00,526.95,1527.66,217.67,1309.99,,,2054.61,1836.94,2.03,136.00,232.00,1.08,42910412,2026-09-23T02:50:37Z
B,vacuum,2f_top14,async,128,5,0,0.00,100.00,532.79,309.13,228.62,80.51,,,841.92,613.30,2.04,136.00,231.00,1.08,42911012,2026-09-23T02:50:38Z
B,vacuum,2f_top28,pread,128,5,0,0.00,100.00,631.15,2732.56,229.32,2503.24,,,3363.71,3134.39,2.04,136.00,234.00,1.07,42911540,2026-09-23T02:50:38Z
B,vacuum,2f_top28,async,128,5,0,0.00,100.00,493.50,324.46,227.79,96.67,,,817.96,590.17,2.02,136.00,234.00,1.07,42914016,2026-09-23T02:50:38Z
B,vacuum,2f_top100,pread,128,5,0,0.00,100.00,527.51,8961.43,223.49,8737.94,,,9488.94,9265.45,2.02,138.00,255.00,1.07,42913912,2026-09-23T02:50:39Z
B,vacuum,2f_top100,async,128,5,0,0.00,100.00,528.06,421.02,228.91,192.11,,,949.08,720.17,2.03,138.00,252.00,1.07,42914752,2026-09-23T02:50:39Z
B,vacuum,2f_top500,pread,128,5,0,0.00,100.00,582.83,13892.39,227.55,13664.84,,,14475.22,14247.67,1.97,125.00,375.00,1.07,42915548,2026-09-23T02:50:39Z
B,vacuum,2f_top500,async,128,5,0,0.00,100.00,642.77,1042.93,228.65,814.28,,,1685.70,1457.05,2.03,137.00,275.00,1.07,42917080,2026-09-23T02:50:40Z
B,vacuum,2f_slru,pread,128,5,0,0.00,100.00,94.29,14402.16,231.00,14171.16,,,14496.45,14265.45,1.59,0.00,214.00,1.07,42917284,2026-09-23T02:50:40Z
B,vacuum,2f_slru,async,128,5,0,0.00,100.00,96.79,5685.97,227.90,5458.07,,,5782.76,5554.86,1.62,0.00,214.00,1.07,42917840,2026-09-23T02:50:40Z
B,vacuum,leaf_freq_K10,pread,128,5,0,0.00,100.00,1099.78,1152.39,228.55,923.84,,,2252.17,2023.62,2.09,139.00,225.00,1.07,42911192,2026-09-23T02:50:40Z
B,vacuum,leaf_freq_K10,async,128,5,0,0.00,100.00,1040.71,302.10,229.99,72.11,,,1342.81,1112.82,2.06,139.00,225.00,1.07,42910120,2026-09-23T02:50:41Z
B,vacuum,leaf_rand_K10,pread,128,5,0,0.00,100.00,1033.17,1149.45,225.93,923.53,,,2182.62,1956.70,2.06,140.00,224.00,1.07,42909784,2026-09-23T02:50:41Z
B,vacuum,leaf_rand_K10,async,128,5,0,0.00,100.00,1065.80,308.63,230.06,78.57,,,1374.43,1144.37,2.07,140.00,224.00,1.07,42911908,2026-09-23T02:50:41Z
B,ta,layers_5,pread,128,5,0,0.00,100.00,671.13,474.25,227.25,247.00,,,1145.38,918.13,2.19,180.00,266.00,1.07,42912124,2026-09-23T02:50:42Z
B,ta,layers_5,async,128,5,0,0.00,100.00,1085.58,298.42,229.25,69.17,,,1384.00,1154.75,2.18,180.00,264.00,1.07,42911680,2026-09-23T02:50:42Z
B,ta,layers_92,pread,128,5,0,0.00,100.00,598.00,1082.79,228.81,853.98,,,1680.79,1451.98,2.21,178.00,262.00,1.07,42913300,2026-09-23T02:50:42Z
B,ta,layers_92,async,128,5,0,0.00,100.00,579.18,395.79,228.74,167.05,,,974.97,746.23,2.18,179.00,264.00,1.07,42913028,2026-09-23T02:50:43Z
B,ta,2d,pread,128,5,0,0.00,100.00,572.99,1085.23,238.03,847.20,,,1658.22,1420.19,2.14,179.00,264.00,1.07,42913308,2026-09-23T02:50:43Z
B,ta,2d,async,128,5,0,0.00,77.50,595.65,337.29,230.54,106.74,,,932.94,702.39,2.21,179.00,264.00,1.06,42913064,2026-09-23T02:50:43Z
B,ta,2e_K10,pread,128,5,0,0.00,100.00,666.21,2021.41,228.03,1793.38,,,2687.62,2459.59,2.19,178.00,263.00,1.06,42914748,2026-09-23T02:50:44Z
B,ta,2e_K10,async,128,5,0,0.00,100.00,663.70,347.58,229.27,118.31,,,1011.28,782.01,2.23,180.00,262.00,1.06,42914432,2026-09-23T02:50:44Z
B,ta,2e_K500,pread,128,5,0,0.00,100.00,590.47,17215.87,234.26,16981.61,,,17806.34,17572.08,1.96,118.00,326.00,1.06,42916076,2026-09-23T02:50:44Z
B,ta,2e_K500,async,128,5,0,0.00,34.60,890.32,958.22,230.12,728.10,,,1848.54,1618.42,2.15,183.00,321.00,1.06,42915280,2026-09-23T02:50:45Z
B,ta,2f_top14,pread,128,5,0,0.00,100.00,691.72,1541.47,226.52,1314.95,,,2233.19,2006.67,2.16,179.00,264.00,1.06,42915564,2026-09-23T02:50:45Z
B,ta,2f_top14,async,128,5,0,0.00,100.00,694.20,307.55,228.11,79.44,,,1001.75,773.64,2.18,179.00,264.00,1.06,42915604,2026-09-23T02:50:45Z
B,ta,2f_top28,pread,128,5,0,0.00,100.00,662.22,3188.20,228.56,2959.64,,,3850.42,3621.86,2.19,180.00,261.00,1.06,42916380,2026-09-23T02:50:45Z
B,ta,2f_top28,async,128,5,0,0.00,100.00,693.37,326.38,229.05,97.33,,,1019.75,790.70,2.23,180.00,261.00,1.06,42902756,2026-09-23T02:50:46Z
B,ta,2f_top100,pread,128,5,0,0.00,100.00,664.89,9591.32,226.96,9364.36,,,10256.21,10029.25,2.16,183.00,277.00,1.06,42903616,2026-09-23T02:50:46Z
B,ta,2f_top100,async,128,5,0,0.00,100.00,693.45,422.56,229.47,193.09,,,1116.01,886.54,2.18,183.00,274.00,1.06,42904868,2026-09-23T02:50:46Z
B,ta,2f_top500,pread,128,5,0,0.00,100.00,634.67,18098.17,228.55,17869.62,,,18732.84,18504.29,2.11,172.00,364.00,1.06,42905236,2026-09-23T02:50:47Z
B,ta,2f_top500,async,128,5,0,0.00,100.00,690.82,1046.99,228.39,818.60,,,1737.81,1509.42,2.18,183.00,320.00,1.06,42905824,2026-09-23T02:50:47Z
B,ta,2f_slru,pread,128,5,0,0.00,100.00,96.73,17597.21,228.05,17369.16,,,17693.94,17465.89,1.59,0.00,279.00,1.06,42905352,2026-09-23T02:50:47Z
B,ta,2f_slru,async,128,5,0,0.00,100.00,95.98,7316.60,229.01,7087.58,,,7412.58,7183.56,1.63,0.00,279.00,1.06,42903480,2026-09-23T02:50:48Z
B,ta,leaf_freq_K10,pread,128,5,0,0.00,100.00,862.61,1154.89,230.58,924.31,,,2017.50,1786.92,2.18,181.00,263.00,1.06,42904760,2026-09-23T02:50:48Z
B,ta,leaf_freq_K10,async,128,5,0,0.00,100.00,735.01,301.46,227.02,74.44,,,1036.47,809.45,2.18,181.00,263.00,1.06,42905572,2026-09-23T02:50:48Z
B,ta,leaf_rand_K10,pread,128,5,0,0.00,100.00,873.14,1131.25,229.88,901.36,,,2004.39,1774.50,2.21,180.00,265.00,1.06,42906152,2026-09-23T02:50:49Z
B,ta,leaf_rand_K10,async,128,5,0,0.00,100.00,876.43,306.94,229.36,77.58,,,1183.37,954.01,2.20,180.00,265.00,1.06,42906416,2026-09-23T02:50:49Z
B,1gb,layers_5,pread,128,5,0,0.00,100.00,1166.04,729.33,226.91,502.43,,,1895.37,1668.47,2.17,182.00,259.00,1.06,42907684,2026-09-23T02:50:49Z
B,1gb,layers_5,async,128,5,0,0.00,100.00,1207.10,298.08,228.65,69.43,,,1505.18,1276.53,2.17,183.00,259.00,1.06,42907904,2026-09-23T02:50:50Z
B,1gb,layers_92,pread,128,5,0,0.00,100.00,1003.71,8303.57,229.25,8074.32,,,9307.28,9078.03,2.21,180.00,273.00,1.06,42907624,2026-09-23T02:50:50Z
B,1gb,layers_92,async,128,5,0,0.00,100.00,986.50,429.60,227.42,202.18,,,1416.10,1188.68,2.17,182.00,272.00,1.06,42907616,2026-09-23T02:50:50Z
B,1gb,2d,pread,128,5,0,0.00,100.00,658.98,2167.26,195.47,1971.79,,,2826.24,2630.77,2.15,179.00,274.00,1.06,42906976,2026-09-23T02:50:51Z
B,1gb,2d,async,128,5,0,0.00,100.00,627.10,288.70,196.57,92.13,,,915.80,719.23,2.19,181.00,273.00,1.06,42899100,2026-09-23T02:50:51Z
B,1gb,2e_K10,pread,128,5,0,0.00,100.00,669.18,3116.05,196.58,2919.47,,,3785.23,3588.65,2.23,179.00,275.00,1.06,42896140,2026-09-23T02:50:51Z
B,1gb,2e_K10,async,128,5,0,0.00,100.00,630.01,298.39,194.61,103.78,,,928.40,733.79,2.16,182.00,272.00,1.06,42897660,2026-09-23T02:50:52Z
B,1gb,2e_K500,pread,128,5,0,0.00,100.00,649.71,26976.32,195.42,26780.90,,,27626.03,27430.61,2.11,169.00,369.00,1.06,42897420,2026-09-23T02:50:52Z
B,1gb,2e_K500,async,128,5,0,0.00,100.00,663.42,1084.30,194.47,889.82,,,1747.72,1553.24,2.16,185.00,315.00,1.06,42899416,2026-09-23T02:50:52Z
B,1gb,2f_top14,pread,128,5,0,0.00,100.00,658.47,1489.23,195.91,1293.32,,,2147.70,1951.79,2.14,180.00,273.00,1.06,42913148,2026-09-23T02:50:53Z
B,1gb,2f_top14,async,128,5,0,0.00,100.00,654.73,277.50,197.15,80.35,,,932.23,735.08,2.18,181.00,273.00,1.06,42913516,2026-09-23T02:50:53Z
B,1gb,2f_top28,pread,128,5,0,0.00,100.00,667.15,2698.22,196.35,2501.87,,,3365.37,3169.02,2.23,181.00,273.00,1.05,42915548,2026-09-23T02:50:53Z
B,1gb,2f_top28,async,128,5,0,0.00,100.00,664.98,292.93,196.25,96.68,,,957.91,761.66,2.22,182.00,273.00,1.05,42917116,2026-09-23T02:50:54Z
B,1gb,2f_top100,pread,128,5,0,0.00,100.00,658.71,8957.01,197.18,8759.83,,,9615.72,9418.54,2.19,184.00,283.00,1.05,42916412,2026-09-23T02:50:54Z
B,1gb,2f_top100,async,128,5,0,0.00,100.00,656.62,389.20,194.54,194.67,,,1045.82,851.29,2.20,184.00,284.00,1.05,42918868,2026-09-23T02:50:54Z
B,1gb,2f_top500,pread,128,5,0,0.00,100.00,596.37,27597.13,197.85,27399.28,,,28193.50,27995.65,2.13,172.00,368.00,1.05,42920924,2026-09-23T02:50:55Z
B,1gb,2f_top500,async,128,5,0,0.00,100.00,654.63,999.48,195.19,804.29,,,1654.11,1458.92,2.21,184.00,321.00,1.05,42920324,2026-09-23T02:50:55Z
B,1gb,2f_slru,pread,128,5,0,0.00,100.00,532.56,51053.11,472.32,50580.79,,,51585.67,51113.35,1.62,0.00,280.00,1.05,42921588,2026-09-23T02:50:55Z
B,1gb,2f_slru,async,128,5,0,0.00,93.50,154.61,20360.81,1109.81,19251.00,,,20515.42,19405.61,1.70,0.00,280.00,1.05,42922552,2026-09-23T02:50:56Z
B,1gb,leaf_freq_K10,pread,128,5,0,0.00,100.00,1196.80,1064.62,195.70,868.92,,,2261.42,2065.72,2.14,183.00,258.00,1.05,42922296,2026-09-23T02:50:56Z
B,1gb,leaf_freq_K10,async,128,5,0,0.00,100.00,1300.99,272.60,197.31,75.29,,,1573.59,1376.28,2.21,183.00,258.00,1.05,42919196,2026-09-23T02:50:56Z
B,1gb,leaf_rand_K10,pread,128,5,0,0.00,100.00,1492.91,1125.52,197.27,928.25,,,2618.43,2421.16,2.19,183.00,258.00,1.05,42924784,2026-09-23T02:50:57Z
B,1gb,leaf_rand_K10,async,128,5,0,0.00,100.00,1415.65,275.10,198.36,76.73,,,1690.75,1492.38,2.18,183.00,258.00,1.05,42925144,2026-09-23T02:50:57Z
C,vacuum,layers_5,pread,128,5,0,0.00,100.00,1053.01,783.14,197.53,585.61,,,1836.15,1638.62,1.57,15.00,25.00,1.05,42925264,2026-09-23T02:50:57Z
C,vacuum,layers_5,async,128,5,0,0.00,100.00,1060.47,282.83,209.38,73.45,,,1343.30,1133.92,1.55,15.00,25.00,1.05,42925484,2026-09-23T02:50:57Z
C,vacuum,layers_92,pread,128,5,0,0.00,100.00,654.84,7623.90,193.94,7429.97,,,8278.74,8084.81,1.53,14.00,30.00,1.05,42914064,2026-09-23T02:50:58Z
C,vacuum,layers_92,async,128,5,0,0.00,100.00,653.36,376.80,194.66,182.14,,,1030.16,835.50,1.52,14.00,30.00,1.05,42906620,2026-09-23T02:50:58Z
C,vacuum,2d,pread,128,5,0,0.00,100.00,655.71,612.56,196.74,415.82,,,1268.27,1071.53,1.52,14.00,30.00,1.05,42907332,2026-09-23T02:50:58Z
C,vacuum,2d,async,128,5,0,0.00,100.00,651.65,260.88,193.10,67.78,,,912.53,719.43,1.55,14.00,30.00,1.05,42908216,2026-09-23T02:50:58Z
C,vacuum,2e_K10,pread,128,5,0,0.00,100.00,172.64,1448.21,193.78,1254.43,,,1620.85,1427.07,1.54,12.00,32.00,1.05,42908532,2026-09-23T02:50:59Z
C,vacuum,2e_K10,async,128,5,0,0.00,92.90,170.54,271.26,192.77,78.49,,,441.80,249.03,1.54,13.00,33.00,1.05,42908176,2026-09-23T02:50:59Z
C,vacuum,2e_K500,pread,128,5,0,0.00,100.00,172.82,2499.52,193.10,2306.42,,,2672.34,2479.24,1.49,0.00,30.00,1.05,42908756,2026-09-23T02:50:59Z
C,vacuum,2e_K500,async,128,5,0,0.00,47.90,172.58,674.40,195.03,479.37,,,846.98,651.95,1.50,0.00,30.00,1.05,42909044,2026-09-23T02:50:59Z
C,vacuum,2f_top14,pread,128,5,0,0.00,100.00,171.67,1307.59,192.85,1114.73,,,1479.26,1286.40,1.54,11.00,33.00,1.05,42908900,2026-09-23T02:51:00Z
C,vacuum,2f_top14,async,128,5,0,0.00,100.00,171.66,270.31,191.14,79.17,,,441.97,250.83,1.56,12.00,31.00,1.05,42911076,2026-09-23T02:51:00Z
C,vacuum,2f_top28,pread,128,5,0,0.00,100.00,172.33,1210.48,193.24,1017.23,,,1382.81,1189.56,1.57,11.00,33.00,1.05,42912584,2026-09-23T02:51:00Z
C,vacuum,2f_top28,async,128,5,0,0.00,100.00,174.97,291.65,196.02,95.63,,,466.62,270.60,1.57,12.00,32.00,1.05,42913040,2026-09-23T02:51:00Z
C,vacuum,2f_top100,pread,128,5,0,0.00,100.00,172.20,1391.48,193.75,1197.72,,,1563.68,1369.92,1.53,8.00,30.00,1.05,42913188,2026-09-23T02:51:01Z
C,vacuum,2f_top100,async,128,5,0,0.00,100.00,173.99,373.46,193.45,180.01,,,547.45,354.00,1.55,9.00,29.00,1.05,42912900,2026-09-23T02:51:01Z
C,vacuum,2f_top500,pread,128,5,0,0.00,100.00,85.55,2961.26,190.80,2770.46,,,3046.81,2856.01,1.49,0.00,30.00,1.05,42914620,2026-09-23T02:51:01Z
C,vacuum,2f_top500,async,128,5,0,0.00,100.00,90.25,774.11,188.01,586.09,,,864.36,676.34,1.50,0.00,30.00,1.05,42914756,2026-09-23T02:51:01Z
C,vacuum,2f_slru,pread,128,5,0,0.00,100.00,87.81,3202.01,195.78,3006.23,,,3289.82,3094.04,1.49,0.00,30.00,1.05,42913520,2026-09-23T02:51:02Z
C,vacuum,2f_slru,async,128,5,0,0.00,100.00,87.70,787.78,196.09,591.69,,,875.48,679.39,1.49,0.00,30.00,1.05,42913528,2026-09-23T02:51:02Z
C,vacuum,leaf_freq_K10,pread,128,5,0,0.00,100.00,794.36,753.52,194.96,558.56,,,1547.88,1352.92,1.56,13.00,27.00,1.05,42902328,2026-09-23T02:51:02Z
C,vacuum,leaf_freq_K10,async,128,5,0,0.00,100.00,705.85,271.01,195.67,75.34,,,976.86,781.19,1.56,14.00,28.00,1.05,42911208,2026-09-23T02:51:02Z
C,vacuum,leaf_rand_K10,pread,128,5,0,0.00,100.00,1135.73,1058.73,193.19,865.54,,,2194.46,2001.27,1.56,15.00,25.00,1.05,42910948,2026-09-23T02:51:03Z
C,vacuum,leaf_rand_K10,async,128,5,0,0.00,100.00,1142.07,270.84,195.13,75.71,,,1412.91,1217.78,1.57,15.00,25.00,1.05,42912104,2026-09-23T02:51:03Z
C,ta,layers_5,pread,128,5,0,0.00,100.00,767.86,446.27,199.29,246.97,,,1214.13,1014.83,1.62,21.00,28.00,1.04,42913012,2026-09-23T02:51:03Z
C,ta,layers_5,async,128,5,0,0.00,100.00,784.92,262.58,194.03,68.55,,,1047.50,853.47,1.62,21.00,28.00,1.04,42913660,2026-09-23T02:51:04Z
C,ta,layers_92,pread,128,5,0,0.00,100.00,448.32,1011.38,191.28,820.10,,,1459.70,1268.42,1.61,20.00,29.00,1.04,42912928,2026-09-23T02:51:04Z
C,ta,layers_92,async,128,5,0,0.00,100.00,434.90,360.42,193.72,166.69,,,795.32,601.59,1.60,20.00,29.00,1.04,42913800,2026-09-23T02:51:04Z
C,ta,2d,pread,128,5,0,0.00,100.00,376.23,1045.30,194.53,850.76,,,1421.53,1226.99,1.63,20.00,29.00,1.04,42914256,2026-09-23T02:51:04Z
C,ta,2d,async,128,5,0,0.00,64.60,436.54,312.59,195.26,117.33,,,749.13,553.87,1.61,20.00,29.00,1.04,42914252,2026-09-23T02:51:05Z
C,ta,2e_K10,pread,128,5,0,0.00,100.00,173.16,1700.33,184.56,1515.77,,,1873.49,1688.93,1.61,18.00,36.00,1.04,42914272,2026-09-23T02:51:05Z
C,ta,2e_K10,async,128,5,0,0.00,70.70,183.38,337.58,206.41,131.18,,,520.96,314.56,1.59,19.00,36.00,1.04,42914512,2026-09-23T02:51:05Z
C,ta,2e_K500,pread,128,5,0,0.00,100.00,175.77,3386.47,189.44,3197.03,,,3562.24,3372.80,1.53,0.00,38.00,1.04,42914828,2026-09-23T02:51:05Z
C,ta,2e_K500,async,128,5,0,0.00,100.00,174.83,785.23,195.03,590.20,,,960.06,765.03,1.55,0.00,38.00,1.04,42915920,2026-09-23T02:51:06Z
C,ta,2f_top14,pread,128,5,0,0.00,100.00,175.21,1001.78,192.36,809.42,,,1176.99,984.63,1.59,19.00,36.00,1.04,42915776,2026-09-23T02:51:06Z
C,ta,2f_top14,async,128,5,0,0.00,100.00,175.56,273.16,194.74,78.43,,,448.72,253.99,1.60,18.00,36.00,1.04,42915940,2026-09-23T02:51:06Z
C,ta,2f_top28,pread,128,5,0,0.00,100.00,174.26,1240.07,194.51,1045.57,,,1414.33,1219.83,1.60,17.00,35.00,1.04,42915880,2026-09-23T02:51:06Z
C,ta,2f_top28,async,128,5,0,0.00,100.00,172.20,290.39,194.84,95.56,,,462.59,267.76,1.61,18.00,35.00,1.04,42916144,2026-09-23T02:51:07Z
C,ta,2f_top100,pread,128,5,0,0.00,100.00,175.18,1389.63,193.51,1196.12,,,1564.81,1371.30,1.60,11.00,36.00,1.04,42915476,2026-09-23T02:51:07Z
C,ta,2f_top100,async,128,5,0,0.00,100.00,173.50,372.77,194.70,178.07,,,546.27,351.57,1.62,14.00,35.00,1.04,42915904,2026-09-23T02:51:07Z
C,ta,2f_top500,pread,128,5,0,0.00,100.00,90.55,3470.05,192.36,3277.69,,,3560.60,3368.24,1.55,0.00,38.00,1.04,42906412,2026-09-23T02:51:07Z
C,ta,2f_top500,async,128,5,0,0.00,100.00,90.25,1121.24,195.82,925.42,,,1211.49,1015.67,1.57,0.00,38.00,1.04,42910344,2026-09-23T02:51:08Z
C,ta,2f_slru,pread,128,5,0,0.00,100.00,86.46,4128.16,193.18,3934.98,,,4214.62,4021.44,1.55,0.00,38.00,1.04,42910028,2026-09-23T02:51:08Z
C,ta,2f_slru,async,128,5,0,0.00,100.00,89.48,991.50,194.22,797.29,,,1080.98,886.77,1.57,0.00,38.00,1.12,42911032,2026-09-23T02:51:08Z
C,ta,leaf_freq_K10,pread,128,5,0,0.00,100.00,935.73,895.40,223.98,671.42,,,1831.13,1607.15,1.60,19.00,35.00,1.12,42908992,2026-09-23T02:51:08Z
C,ta,leaf_freq_K10,async,128,5,0,0.00,100.00,941.39,298.25,224.85,73.40,,,1239.64,1014.79,1.62,20.00,35.00,1.12,42909384,2026-09-23T02:51:09Z
C,ta,leaf_rand_K10,pread,128,5,0,0.00,100.00,789.57,1151.05,226.59,924.47,,,1940.62,1714.04,1.61,21.00,28.00,1.12,42910480,2026-09-23T02:51:09Z
C,ta,leaf_rand_K10,async,128,5,0,0.00,100.00,793.79,303.08,226.34,76.74,,,1096.87,870.53,1.60,21.00,28.00,1.12,42910016,2026-09-23T02:51:09Z
C,1gb,layers_5,pread,128,5,0,0.00,100.00,1251.33,650.47,228.88,421.59,,,1901.80,1672.92,1.69,36.00,63.00,1.12,42910168,2026-09-23T02:51:09Z
C,1gb,layers_5,async,128,5,0,0.00,100.00,1120.51,295.35,226.46,68.89,,,1415.86,1189.40,1.68,36.00,63.00,1.12,42910308,2026-09-23T02:51:10Z
C,1gb,layers_92,pread,128,5,0,0.00,100.00,1255.41,8140.61,226.58,7914.04,,,9396.02,9169.45,1.68,36.00,64.00,1.12,42909760,2026-09-23T02:51:10Z
C,1gb,layers_92,async,128,5,0,0.00,100.00,1328.89,430.38,225.70,204.68,,,1759.27,1533.57,1.73,36.00,64.00,1.12,42910284,2026-09-23T02:51:10Z
C,1gb,2d,pread,128,5,0,0.00,100.00,488.34,882.53,226.97,655.56,,,1370.87,1143.90,1.71,35.00,66.00,1.12,42910788,2026-09-23T02:51:11Z
C,1gb,2d,async,128,5,0,0.00,100.00,487.54,299.12,225.84,73.28,,,786.66,560.82,1.68,35.00,66.00,1.12,42911384,2026-09-23T02:51:11Z
C,1gb,2e_K10,pread,128,5,0,0.00,100.00,174.26,1737.24,226.27,1510.97,,,1911.50,1685.23,1.67,38.00,76.00,1.12,42912284,2026-09-23T02:51:11Z
C,1gb,2e_K10,async,128,5,0,0.00,100.00,148.15,311.18,225.44,85.73,,,459.33,233.88,1.68,38.00,75.00,1.12,42911984,2026-09-23T02:51:11Z
C,1gb,2e_K500,pread,128,5,0,0.00,100.00,170.53,4604.16,223.50,4380.66,,,4774.69,4551.19,1.54,0.00,66.00,1.12,42913132,2026-09-23T02:51:12Z
C,1gb,2e_K500,async,128,5,0,0.00,100.00,176.56,919.50,226.84,692.66,,,1096.06,869.22,1.65,35.00,104.00,1.12,42912548,2026-09-23T02:51:12Z
C,1gb,2f_top14,pread,128,5,0,0.00,100.00,479.50,1470.16,226.19,1243.97,,,1949.66,1723.47,1.70,34.00,68.00,1.12,42913856,2026-09-23T02:51:12Z
C,1gb,2f_top14,async,128,5,0,0.00,100.00,518.97,307.82,227.49,80.33,,,826.79,599.30,1.68,34.00,68.00,1.12,42913280,2026-09-23T02:51:13Z
C,1gb,2f_top28,pread,128,5,0,0.00,100.00,512.18,1514.41,226.78,1287.63,,,2026.59,1799.81,1.70,33.00,66.00,1.12,42926564,2026-09-23T02:51:13Z
C,1gb,2f_top28,async,128,5,0,0.00,100.00,517.17,326.71,230.59,96.12,,,843.88,613.29,1.70,34.00,67.00,1.11,42927788,2026-09-23T02:51:13Z
C,1gb,2f_top100,pread,128,5,0,0.00,100.00,515.49,2064.86,226.43,1838.44,,,2580.35,2353.93,1.66,27.00,67.00,1.11,42926996,2026-09-23T02:51:13Z
C,1gb,2f_top100,async,128,5,0,0.00,100.00,478.55,404.81,225.47,179.34,,,883.36,657.89,1.70,30.00,66.00,1.11,42928468,2026-09-23T02:51:14Z
C,1gb,2f_top500,pread,128,5,0,0.00,100.00,522.03,3804.71,227.25,3577.47,,,4326.74,4099.50,1.59,6.00,66.00,1.11,42928716,2026-09-23T02:51:14Z
C,1gb,2f_top500,async,128,5,0,0.00,100.00,456.74,918.63,224.98,693.64,,,1375.37,1150.38,1.62,8.00,68.00,1.11,42925936,2026-09-23T02:51:14Z
C,1gb,2f_slru,pread,128,5,0,0.00,100.00,93.08,5568.83,227.01,5341.82,,,5661.91,5434.90,1.58,0.00,64.00,1.11,42927132,2026-09-23T02:51:15Z
C,1gb,2f_slru,async,128,5,0,0.00,100.00,93.11,1634.67,227.02,1407.66,,,1727.78,1500.77,1.58,0.00,64.00,1.11,42927204,2026-09-23T02:51:15Z
C,1gb,leaf_freq_K10,pread,128,5,0,0.00,100.00,1034.68,1147.55,225.93,921.62,,,2182.23,1956.30,1.71,39.00,73.00,1.11,42926784,2026-09-23T02:51:15Z
C,1gb,leaf_freq_K10,async,128,5,0,0.00,100.00,948.52,296.84,224.40,72.44,,,1245.36,1020.96,1.70,39.00,73.00,1.11,42927652,2026-09-23T02:51:15Z
C,1gb,leaf_rand_K10,pread,128,5,0,0.00,100.00,1274.20,1126.35,226.29,900.05,,,2400.55,2174.25,1.70,36.00,63.00,1.11,42927316,2026-09-23T02:51:16Z
C,1gb,leaf_rand_K10,async,128,5,0,0.00,100.00,1356.39,299.33,226.87,72.47,,,1655.72,1428.86,1.70,36.00,63.00,1.11,42927692,2026-09-23T02:51:16Z
A,vacuum,baseline,baseline,128,6,0,0.00,0.00,1020.72,0.00,0.00,0.00,,,1020.72,1020.72,2.04,143.00,224.00,1.11,42927760,2026-09-23T02:51:16Z
A,ta,baseline,baseline,128,6,0,0.00,0.00,800.25,0.00,0.00,0.00,,,800.25,800.25,2.13,176.00,280.00,1.11,42929248,2026-09-23T02:51:17Z
A,1gb,baseline,baseline,128,6,0,0.00,0.00,1281.57,0.00,0.00,0.00,,,1281.57,1281.57,2.12,179.00,271.00,1.11,42927936,2026-09-23T02:51:17Z
B,vacuum,baseline,baseline,128,6,0,0.00,0.00,1018.52,0.00,0.00,0.00,,,1018.52,1018.52,2.03,140.00,224.00,1.11,42930456,2026-09-23T02:51:17Z
B,ta,baseline,baseline,128,6,0,0.00,0.00,832.71,0.00,0.00,0.00,,,832.71,832.71,2.20,180.00,265.00,1.11,42930008,2026-09-23T02:51:18Z
B,1gb,baseline,baseline,128,6,0,0.00,0.00,1146.81,0.00,0.00,0.00,,,1146.81,1146.81,2.17,183.00,259.00,1.11,42924504,2026-09-23T02:51:18Z
C,vacuum,baseline,baseline,128,6,0,0.00,0.00,1119.86,0.00,0.00,0.00,,,1119.86,1119.86,1.55,15.00,25.00,1.10,42904812,2026-09-23T02:51:18Z
C,ta,baseline,baseline,128,6,0,0.00,0.00,813.83,0.00,0.00,0.00,,,813.83,813.83,1.61,21.00,28.00,1.10,42906080,2026-09-23T02:51:18Z
C,1gb,baseline,baseline,128,6,0,0.00,0.00,1157.03,0.00,0.00,0.00,,,1157.03,1157.03,1.71,36.00,64.00,1.10,42906004,2026-09-23T02:51:19Z
A,vacuum,layers_5,pread,128,6,0,0.00,100.00,969.57,779.34,195.17,584.17,,,1748.91,1553.74,2.01,143.00,225.00,1.10,42906752,2026-09-23T02:51:19Z
A,vacuum,layers_5,async,128,6,0,0.00,100.00,973.49,277.01,206.99,70.02,,,1250.50,1043.51,2.03,144.00,221.00,1.10,42907664,2026-09-23T02:51:19Z
A,vacuum,layers_92,pread,128,6,0,0.00,100.00,572.89,7779.32,198.47,7580.85,,,8352.21,8153.74,1.96,138.00,234.00,1.10,42906708,2026-09-23T02:51:20Z
A,vacuum,layers_92,async,128,6,0,0.00,100.00,577.83,368.33,197.11,171.22,,,946.16,749.05,1.98,139.00,230.00,1.10,42907640,2026-09-23T02:51:20Z
A,vacuum,2d,pread,128,6,0,0.00,100.00,573.87,1352.59,197.08,1155.51,,,1926.46,1729.38,2.04,138.00,234.00,1.10,42907280,2026-09-23T02:51:20Z
A,vacuum,2d,async,128,6,0,0.00,100.00,602.42,273.96,197.22,76.74,,,876.38,679.16,2.01,139.00,230.00,1.10,42908784,2026-09-23T02:51:20Z
A,vacuum,2e_K10,pread,128,6,0,0.00,100.00,574.50,2184.89,204.90,1979.99,,,2759.39,2554.49,1.99,138.00,243.00,1.10,42908636,2026-09-23T02:51:21Z
A,vacuum,2e_K10,async,128,6,0,0.00,100.00,516.10,283.74,194.81,88.94,,,799.84,605.04,1.98,139.00,239.00,1.10,42907772,2026-09-23T02:51:21Z
A,vacuum,2e_K500,pread,128,6,0,0.00,100.00,535.03,16136.46,196.40,15940.06,,,16671.49,16475.09,1.87,110.00,385.00,1.10,42909220,2026-09-23T02:51:21Z
A,vacuum,2e_K500,async,128,6,0,0.00,21.70,788.21,914.40,200.37,714.03,,,1702.61,1502.24,1.99,142.00,332.00,1.10,42909072,2026-09-23T02:51:22Z
A,vacuum,2f_top14,pread,128,6,0,0.00,100.00,575.54,1543.24,196.66,1346.58,,,2118.78,1922.12,1.98,139.00,234.00,1.10,42909500,2026-09-23T02:51:22Z
A,vacuum,2f_top14,async,128,6,0,0.00,100.00,573.25,274.88,194.46,80.42,,,848.13,653.67,2.00,140.00,232.00,1.10,42910428,2026-09-23T02:51:22Z
A,vacuum,2f_top28,pread,128,6,0,0.00,100.00,574.55,2751.70,196.95,2554.75,,,3326.25,3129.30,2.00,141.00,245.00,1.10,42910172,2026-09-23T02:51:23Z
A,vacuum,2f_top28,async,128,6,0,0.00,100.00,577.35,299.06,198.44,100.62,,,876.41,677.97,2.02,142.00,243.00,1.10,42911196,2026-09-23T02:51:23Z
A,vacuum,2f_top100,pread,128,6,0,0.00,100.00,577.37,9142.56,197.26,8945.30,,,9719.93,9522.67,2.01,142.00,267.00,1.09,42899624,2026-09-23T02:51:23Z
A,vacuum,2f_top100,async,128,6,0,0.00,100.00,576.88,415.49,195.68,219.81,,,992.37,796.69,2.03,144.00,265.00,1.09,42913048,2026-09-23T02:51:24Z
A,vacuum,2f_top500,pread,128,6,0,0.00,100.00,540.55,15487.89,194.73,15293.16,,,16028.44,15833.71,1.89,111.00,383.00,1.09,42913540,2026-09-23T02:51:24Z
A,vacuum,2f_top500,async,128,6,0,0.00,100.00,578.33,988.62,197.45,791.17,,,1566.95,1369.50,2.01,143.00,329.00,1.09,42913076,2026-09-23T02:51:24Z
A,vacuum,2f_slru,pread,128,6,0,0.00,100.00,97.05,14458.23,197.65,14260.58,,,14555.28,14357.63,1.55,0.00,214.00,1.09,42915296,2026-09-23T02:51:24Z
A,vacuum,2f_slru,async,128,6,0,0.00,100.00,96.11,5617.17,196.57,5420.60,,,5713.28,5516.71,1.57,0.00,214.00,1.09,42915752,2026-09-23T02:51:25Z
A,vacuum,leaf_freq_K10,pread,128,6,0,0.00,100.00,1065.67,1115.28,198.41,916.86,,,2180.95,1982.53,2.01,142.00,233.00,1.09,42914572,2026-09-23T02:51:25Z
A,vacuum,leaf_freq_K10,async,128,6,0,0.00,100.00,932.10,270.71,196.21,74.50,,,1202.81,1006.60,2.01,142.00,232.00,1.09,42916120,2026-09-23T02:51:25Z
A,vacuum,leaf_rand_K10,pread,128,6,0,0.00,100.00,1068.41,1093.18,198.40,894.78,,,2161.59,1963.19,2.01,143.00,224.00,1.09,42916552,2026-09-23T02:51:26Z
A,vacuum,leaf_rand_K10,async,128,6,0,0.00,100.00,1068.15,275.10,197.31,77.79,,,1343.25,1145.94,2.02,143.00,224.00,1.09,42917216,2026-09-23T02:51:26Z
A,ta,layers_5,pread,128,6,0,0.00,100.00,577.92,446.09,195.45,250.64,,,1024.01,828.56,2.11,176.00,278.00,1.09,42918244,2026-09-23T02:51:26Z
A,ta,layers_5,async,128,6,0,0.00,100.00,1002.51,265.37,196.37,69.00,,,1267.88,1071.51,2.12,176.00,277.00,1.09,42918604,2026-09-23T02:51:26Z
A,ta,layers_92,pread,128,6,0,0.00,100.00,594.18,1105.40,199.57,905.82,,,1699.58,1500.00,2.15,174.00,278.00,1.09,42918212,2026-09-23T02:51:27Z
A,ta,layers_92,async,128,6,0,0.00,100.00,568.86,366.61,197.77,168.84,,,935.47,737.70,2.15,175.00,277.00,1.09,42915932,2026-09-23T02:51:27Z
A,ta,2d,pread,128,6,0,0.00,100.00,596.35,988.31,196.55,791.76,,,1584.66,1388.11,2.08,174.00,278.00,1.09,42916500,2026-09-23T02:51:27Z
A,ta,2d,async,128,6,0,0.00,67.40,575.42,308.27,196.16,112.11,,,883.69,687.53,2.15,175.00,277.00,1.09,42915944,2026-09-23T02:51:28Z
A,ta,2e_K10,pread,128,6,0,0.00,100.00,582.55,2043.13,197.62,1845.51,,,2625.68,2428.06,2.14,174.00,281.00,1.09,42917092,2026-09-23T02:51:28Z
A,ta,2e_K10,async,128,6,0,0.00,100.00,575.72,321.40,197.23,124.17,,,897.12,699.89,2.15,175.00,281.00,1.09,42916964,2026-09-23T02:51:28Z
A,ta,2e_K500,pread,128,6,0,0.00,100.00,178.67,19034.34,197.74,18836.60,,,19213.01,19015.27,1.77,61.00,338.00,1.09,42910584,2026-09-23T02:51:29Z
A,ta,2e_K500,async,128,6,0,0.00,29.70,668.82,946.76,196.97,749.79,,,1615.58,1418.61,2.13,178.00,405.00,1.09,42910920,2026-09-23T02:51:29Z
A,ta,2f_top14,pread,128,6,0,0.00,100.00,595.07,1320.52,197.59,1122.93,,,1915.59,1718.00,2.12,175.00,280.00,1.09,42911880,2026-09-23T02:51:29Z
A,ta,2f_top14,async,128,6,0,0.00,100.00,513.81,274.27,195.33,78.95,,,788.08,592.76,2.11,175.00,280.00,1.09,42912636,2026-09-23T02:51:30Z
A,ta,2f_top28,pread,128,6,0,0.00,100.00,582.06,2633.91,197.96,2435.95,,,3215.97,3018.01,2.14,175.00,288.00,1.09,42912968,2026-09-23T02:51:30Z
A,ta,2f_top28,async,128,6,0,0.00,100.00,583.22,292.94,198.32,94.62,,,876.16,677.84,2.14,175.00,288.00,1.09,42913548,2026-09-23T02:51:30Z
A,ta,2f_top100,pread,128,6,0,0.00,100.00,579.14,9819.61,196.36,9623.25,,,10398.75,10202.39,2.10,172.00,322.00,1.09,42913592,2026-09-23T02:51:31Z
A,ta,2f_top100,async,128,6,0,0.00,100.00,580.10,386.70,197.19,189.51,,,966.80,769.61,2.15,174.00,317.00,1.09,42914240,2026-09-23T02:51:31Z
A,ta,2f_top500,pread,128,6,0,0.00,100.00,184.67,23308.25,197.32,23110.93,,,23492.92,23295.60,1.89,99.00,385.00,1.09,42913828,2026-09-23T02:51:31Z
A,ta,2f_top500,async,128,6,0,0.00,9.60,1110.37,852.91,198.74,654.17,,,1963.28,1764.54,2.16,177.00,408.00,1.09,42915152,2026-09-23T02:51:31Z
A,ta,2f_slru,pread,128,6,0,0.00,100.00,95.88,17317.51,196.51,17121.00,,,17413.39,17216.88,1.57,0.00,279.00,1.09,42915284,2026-09-23T02:51:32Z
A,ta,2f_slru,async,128,6,0,0.00,100.00,98.13,7242.43,195.02,7047.41,,,7340.56,7145.54,1.59,0.00,279.00,1.09,42914688,2026-09-23T02:51:32Z
A,ta,leaf_freq_K10,pread,128,6,0,0.00,100.00,786.94,1097.77,196.98,900.79,,,1884.71,1687.73,2.15,176.00,283.00,1.09,42915892,2026-09-23T02:51:32Z
A,ta,leaf_freq_K10,async,128,6,0,0.00,100.00,789.93,271.56,197.22,74.34,,,1061.49,864.27,2.16,176.00,283.00,1.09,42915772,2026-09-23T02:51:33Z
A,ta,leaf_rand_K10,pread,128,6,0,0.00,100.00,748.93,1121.93,195.87,926.06,,,1870.86,1674.99,2.10,176.00,280.00,1.09,42916768,2026-09-23T02:51:33Z
A,ta,leaf_rand_K10,async,128,6,0,0.00,100.00,793.88,274.83,198.41,76.41,,,1068.71,870.29,2.14,176.00,280.00,1.08,42934404,2026-09-23T02:51:33Z
A,1gb,layers_5,pread,128,6,0,0.00,100.00,1319.66,703.60,196.21,507.39,,,2023.26,1827.05,2.17,180.00,268.00,1.08,42935076,2026-09-23T02:51:34Z
A,1gb,layers_5,async,128,6,0,0.00,100.00,1287.32,273.17,200.75,72.43,,,1560.49,1359.75,2.14,180.00,268.00,1.08,42935228,2026-09-23T02:51:34Z
A,1gb,layers_92,pread,128,6,0,0.00,100.00,845.54,8377.89,196.75,8181.14,,,9223.43,9026.68,2.18,178.00,282.00,1.08,42929912,2026-09-23T02:51:34Z
A,1gb,layers_92,async,128,6,0,0.00,100.00,955.35,386.00,197.69,188.30,,,1341.35,1143.65,2.18,178.00,280.00,1.08,42931488,2026-09-23T02:51:35Z
A,1gb,2d,pread,128,6,0,0.00,100.00,558.73,2169.34,197.17,1972.17,,,2728.07,2530.90,2.09,177.00,283.00,1.08,42931892,2026-09-23T02:51:35Z
A,1gb,2d,async,128,6,0,0.00,100.00,498.68,286.62,197.32,89.30,,,785.30,587.98,2.11,177.00,281.00,1.08,42932160,2026-09-23T02:51:35Z
A,1gb,2e_K10,pread,128,6,0,0.00,100.00,559.57,3006.81,196.24,2810.57,,,3566.38,3370.14,2.15,177.00,291.00,1.08,42932372,2026-09-23T02:51:36Z
A,1gb,2e_K10,async,128,6,0,0.00,100.00,591.06,297.48,198.14,99.34,,,888.54,690.40,2.16,177.00,289.00,1.08,42932180,2026-09-23T02:51:36Z
A,1gb,2e_K500,pread,128,6,0,0.00,100.00,598.04,19712.89,199.71,19513.19,,,20310.93,20111.23,2.08,167.00,447.00,1.08,42931880,2026-09-23T02:51:36Z
A,1gb,2e_K500,async,128,6,0,0.00,33.00,706.93,862.24,196.00,666.24,,,1569.17,1373.17,2.11,176.00,396.00,1.08,42932796,2026-09-23T02:51:37Z
A,1gb,2f_top14,pread,128,6,0,0.00,100.00,590.35,1544.22,197.30,1346.92,,,2134.57,1937.27,2.16,176.00,287.00,1.08,42933592,2026-09-23T02:51:37Z
A,1gb,2f_top14,async,128,6,0,0.00,100.00,590.26,277.09,197.21,79.88,,,867.35,670.14,2.16,176.00,287.00,1.08,42933604,2026-09-23T02:51:37Z
A,1gb,2f_top28,pread,128,6,0,0.00,100.00,532.14,2762.04,228.44,2533.60,,,3294.18,3065.74,2.15,176.00,295.00,1.08,42933672,2026-09-23T02:51:38Z
A,1gb,2f_top28,async,128,6,0,0.00,100.00,566.30,325.64,228.32,97.32,,,891.94,663.62,2.17,176.00,295.00,1.08,42934256,2026-09-23T02:51:38Z
A,1gb,2f_top100,pread,128,6,0,0.00,100.00,598.37,9119.90,237.54,8882.36,,,9718.27,9480.73,2.11,174.00,327.00,1.07,42933668,2026-09-23T02:51:38Z
A,1gb,2f_top100,async,128,6,0,0.00,100.00,590.39,422.03,226.01,196.02,,,1012.42,786.41,2.15,174.00,324.00,1.07,42917276,2026-09-23T02:51:39Z
A,1gb,2f_top500,pread,128,6,0,0.00,100.00,605.00,19259.09,229.93,19029.15,,,19864.09,19634.15,2.09,169.00,440.00,1.07,42916848,2026-09-23T02:51:39Z
A,1gb,2f_top500,async,128,6,0,0.00,100.00,602.63,1045.63,228.82,816.81,,,1648.26,1419.44,2.12,176.00,399.00,1.07,42916652,2026-09-23T02:51:39Z
A,1gb,2f_slru,pread,128,6,0,0.00,100.00,99.13,19511.13,229.39,19281.74,,,19610.26,19380.87,1.56,0.00,280.00,1.07,42916752,2026-09-23T02:51:40Z
A,1gb,2f_slru,async,128,6,0,0.00,100.00,100.18,7334.55,226.39,7108.16,,,7434.73,7208.34,1.60,0.00,280.00,1.07,42917460,2026-09-23T02:51:40Z
A,1gb,leaf_freq_K10,pread,128,6,0,0.00,100.00,1496.63,1156.78,226.77,930.01,,,2653.41,2426.64,2.15,178.00,279.00,1.07,42906936,2026-09-23T02:51:40Z
A,1gb,leaf_freq_K10,async,128,6,0,0.00,100.00,1497.79,305.11,228.31,76.81,,,1802.90,1574.60,2.16,178.00,279.00,1.07,42896776,2026-09-23T02:51:40Z
A,1gb,leaf_rand_K10,pread,128,6,0,0.00,100.00,1423.44,1153.19,229.79,923.40,,,2576.63,2346.84,2.15,179.00,270.00,1.07,42897664,2026-09-23T02:51:41Z
A,1gb,leaf_rand_K10,async,128,6,0,0.00,100.00,1449.13,302.91,227.28,75.63,,,1752.04,1524.76,2.16,179.00,270.00,1.07,42898060,2026-09-23T02:51:41Z
B,vacuum,layers_5,pread,128,6,0,0.00,100.00,1069.28,812.28,226.72,585.56,,,1881.56,1654.84,2.04,140.00,222.00,1.07,42900048,2026-09-23T02:51:41Z
B,vacuum,layers_5,async,128,6,0,0.00,100.00,948.17,298.80,229.39,69.41,,,1246.97,1017.58,2.07,140.00,220.00,1.07,42899980,2026-09-23T02:51:42Z
B,vacuum,layers_92,pread,128,6,0,0.00,100.00,604.16,7661.67,227.84,7433.84,,,8265.83,8038.00,2.08,136.00,233.00,1.07,42900640,2026-09-23T02:51:42Z
B,vacuum,layers_92,async,128,6,0,0.00,100.00,603.00,412.70,229.11,183.59,,,1015.70,786.59,2.06,136.00,231.00,1.07,42902824,2026-09-23T02:51:42Z
B,vacuum,2d,pread,128,6,0,0.00,100.00,657.46,1419.97,229.74,1190.23,,,2077.43,1847.69,2.09,136.00,233.00,1.07,42903776,2026-09-23T02:51:43Z
B,vacuum,2d,async,128,6,0,0.00,100.00,565.37,305.24,227.55,77.70,,,870.61,643.07,2.06,136.00,231.00,1.07,42897692,2026-09-23T02:51:43Z
B,vacuum,2e_K10,pread,128,6,0,0.00,100.00,657.72,2308.33,229.10,2079.23,,,2966.05,2736.95,2.05,136.00,234.00,1.07,42900020,2026-09-23T02:51:43Z
B,vacuum,2e_K10,async,128,6,0,0.00,100.00,592.72,318.12,229.08,89.04,,,910.84,681.76,2.00,136.00,232.00,1.07,42900356,2026-09-23T02:51:44Z
B,vacuum,2e_K500,pread,128,6,0,0.00,100.00,589.70,14149.64,228.09,13921.55,,,14739.34,14511.25,1.95,124.00,378.00,1.07,42900352,2026-09-23T02:51:44Z
B,vacuum,2e_K500,async,128,6,0,0.00,100.00,578.63,1103.22,228.55,874.67,,,1681.85,1453.30,2.01,137.00,272.00,1.07,42902376,2026-09-23T02:51:44Z
B,vacuum,2f_top14,pread,128,6,0,0.00,100.00,595.77,1549.59,228.06,1321.54,,,2145.36,1917.31,2.04,136.00,231.00,1.07,42902788,2026-09-23T02:51:44Z
B,vacuum,2f_top14,async,128,6,0,0.00,100.00,596.66,307.30,227.86,79.44,,,903.96,676.10,2.04,136.00,231.00,1.07,42902352,2026-09-23T02:51:45Z
B,vacuum,2f_top28,pread,128,6,0,0.00,100.00,561.81,2800.59,228.32,2572.27,,,3362.40,3134.08,2.05,136.00,235.00,1.07,42902636,2026-09-23T02:51:45Z
B,vacuum,2f_top28,async,128,6,0,0.00,100.00,596.23,336.44,230.49,105.95,,,932.67,702.18,2.05,136.00,234.00,1.07,42891368,2026-09-23T02:51:45Z
B,vacuum,2f_top100,pread,128,6,0,0.00,100.00,533.66,8999.88,223.39,8776.49,,,9533.54,9310.15,2.06,138.00,255.00,1.07,42895572,2026-09-23T02:51:46Z
B,vacuum,2f_top100,async,128,6,0,0.00,100.00,627.58,426.67,228.95,197.72,,,1054.25,825.30,2.04,138.00,253.00,1.07,42896856,2026-09-23T02:51:46Z
B,vacuum,2f_top500,pread,128,6,0,0.00,100.00,610.54,13815.83,229.93,13585.90,,,14426.37,14196.44,1.99,125.00,376.00,1.07,42899008,2026-09-23T02:51:46Z
B,vacuum,2f_top500,async,128,6,0,0.00,100.00,640.99,1028.58,227.08,801.51,,,1669.57,1442.50,2.03,137.00,274.00,1.07,42899288,2026-09-23T02:51:47Z
B,vacuum,2f_slru,pread,128,6,0,0.00,100.00,94.99,13987.66,227.84,13759.82,,,14082.65,13854.81,1.59,0.00,214.00,1.07,42899272,2026-09-23T02:51:47Z
B,vacuum,2f_slru,async,128,6,0,0.00,100.00,95.97,5616.71,227.97,5388.74,,,5712.68,5484.71,1.63,0.00,214.00,1.07,42900068,2026-09-23T02:51:47Z
B,vacuum,leaf_freq_K10,pread,128,6,0,0.00,100.00,1143.45,1158.09,228.64,929.45,,,2301.54,2072.90,2.08,139.00,225.00,1.07,42900764,2026-09-23T02:51:47Z
B,vacuum,leaf_freq_K10,async,128,6,0,0.00,100.00,1138.04,305.24,230.57,74.67,,,1443.28,1212.71,2.10,139.00,225.00,1.07,42900512,2026-09-23T02:51:48Z
B,vacuum,leaf_rand_K10,pread,128,6,0,0.00,100.00,1100.54,1094.75,228.23,866.52,,,2195.29,1967.06,2.08,140.00,224.00,1.06,42900732,2026-09-23T02:51:48Z
B,vacuum,leaf_rand_K10,async,128,6,0,0.00,100.00,1091.45,304.58,230.03,74.55,,,1396.03,1166.00,2.07,140.00,224.00,1.06,42900780,2026-09-23T02:51:48Z
B,ta,layers_5,pread,128,6,0,0.00,100.00,669.33,477.74,229.30,248.44,,,1147.07,917.77,2.20,180.00,266.00,1.06,42899552,2026-09-23T02:51:49Z
B,ta,layers_5,async,128,6,0,0.00,100.00,1075.96,298.18,230.11,68.07,,,1374.14,1144.03,2.22,180.00,264.00,1.06,42898136,2026-09-23T02:51:49Z
B,ta,layers_92,pread,128,6,0,0.00,100.00,602.59,1079.51,228.74,850.77,,,1682.10,1453.36,2.19,178.00,262.00,1.06,42899992,2026-09-23T02:51:49Z
B,ta,layers_92,async,128,6,0,0.00,100.00,663.44,397.47,228.93,168.54,,,1060.91,831.98,2.21,179.00,264.00,1.06,42901348,2026-09-23T02:51:50Z
B,ta,2d,pread,128,6,0,0.00,100.00,573.37,1075.82,227.87,847.95,,,1649.19,1421.32,2.19,179.00,264.00,1.06,42901232,2026-09-23T02:51:50Z
B,ta,2d,async,128,6,0,0.00,77.50,593.60,334.51,227.91,106.60,,,928.11,700.20,2.17,179.00,264.00,1.06,42901400,2026-09-23T02:51:50Z
B,ta,2e_K10,pread,128,6,0,0.00,100.00,658.98,2324.43,230.98,2093.45,,,2983.41,2752.43,2.20,178.00,263.00,1.06,42891924,2026-09-23T02:51:51Z
B,ta,2e_K10,async,128,6,0,0.00,78.00,656.58,348.15,228.71,119.44,,,1004.73,776.02,2.21,180.00,262.00,1.06,42890140,2026-09-23T02:51:51Z
B,ta,2e_K500,pread,128,6,0,0.00,100.00,564.35,16660.08,226.34,16433.74,,,17224.43,16998.09,1.96,118.00,326.00,1.06,42892148,2026-09-23T02:51:51Z
B,ta,2e_K500,async,128,6,0,0.00,32.00,606.88,931.13,227.61,703.52,,,1538.01,1310.40,2.19,183.00,320.00,1.06,42891700,2026-09-23T02:51:52Z
B,ta,2f_top14,pread,128,6,0,0.00,100.00,693.83,1619.74,227.24,1392.51,,,2313.57,2086.34,2.20,179.00,264.00,1.06,42892016,2026-09-23T02:51:52Z
B,ta,2f_top14,async,128,6,0,0.00,100.00,694.78,308.50,228.98,79.52,,,1003.28,774.30,2.20,179.00,264.00,1.06,42893244,2026-09-23T02:51:52Z
B,ta,2f_top28,pread,128,6,0,0.00,100.00,694.48,3349.30,228.50,3120.80,,,4043.78,3815.28,2.21,180.00,261.00,1.06,42892884,2026-09-23T02:51:53Z
B,ta,2f_top28,async,128,6,0,0.00,100.00,692.03,326.30,225.07,101.23,,,1018.33,793.26,2.20,180.00,261.00,1.06,42893652,2026-09-23T02:51:53Z
B,ta,2f_top100,pread,128,6,0,0.00,100.00,694.25,9852.00,227.48,9624.52,,,10546.25,10318.77,2.22,183.00,276.00,1.06,42895520,2026-09-23T02:51:53Z
B,ta,2f_top100,async,128,6,0,0.00,100.00,693.90,419.24,228.96,190.28,,,1113.14,884.18,2.22,183.00,274.00,1.06,42895812,2026-09-23T02:51:54Z
B,ta,2f_top500,pread,128,6,0,0.00,100.00,658.23,17831.44,228.57,17602.87,,,18489.67,18261.10,2.14,172.00,363.00,1.06,42910704,2026-09-23T02:51:54Z
B,ta,2f_top500,async,128,6,0,0.00,100.00,691.13,1035.46,230.67,804.78,,,1726.59,1495.91,2.19,183.00,321.00,1.06,42910648,2026-09-23T02:51:54Z
B,ta,2f_slru,pread,128,6,0,0.00,100.00,97.27,18506.58,228.41,18278.17,,,18603.85,18375.44,1.60,0.00,279.00,1.06,42910904,2026-09-23T02:51:54Z
B,ta,2f_slru,async,128,6,0,0.00,100.00,96.94,7307.77,227.16,7080.61,,,7404.71,7177.55,1.64,0.00,279.00,1.06,42910040,2026-09-23T02:51:55Z
B,ta,leaf_freq_K10,pread,128,6,0,0.00,100.00,745.27,1147.11,224.18,922.92,,,1892.38,1668.19,2.22,181.00,263.00,1.06,42912716,2026-09-23T02:51:55Z
B,ta,leaf_freq_K10,async,128,6,0,0.00,100.00,1873.92,1152.96,796.13,356.83,,,3026.88,2230.75,2.98,181.00,263.00,1.06,42912528,2026-09-23T02:51:55Z
B,ta,leaf_rand_K10,pread,128,6,0,0.00,100.00,643.68,1090.23,225.72,864.51,,,1733.91,1508.19,2.17,180.00,265.00,1.06,42912328,2026-09-23T02:51:56Z
B,ta,leaf_rand_K10,async,128,6,0,0.00,100.00,866.54,305.16,229.38,75.78,,,1171.70,942.32,2.21,180.00,265.00,1.06,42912048,2026-09-23T02:51:56Z
B,1gb,layers_5,pread,128,6,0,0.00,100.00,1263.14,701.27,225.07,476.19,,,1964.41,1739.33,2.17,182.00,259.00,1.06,42904780,2026-09-23T02:51:56Z
B,1gb,layers_5,async,128,6,0,0.00,100.00,1272.00,294.95,227.46,67.50,,,1566.95,1339.50,2.22,183.00,259.00,1.06,42905552,2026-09-23T02:51:57Z
B,1gb,layers_92,pread,128,6,0,0.00,100.00,1020.13,8393.88,228.71,8165.17,,,9414.01,9185.30,2.19,180.00,273.00,1.06,42905064,2026-09-23T02:51:57Z
B,1gb,layers_92,async,128,6,0,0.00,100.00,997.61,419.56,228.73,190.83,,,1417.17,1188.44,2.21,182.00,272.00,1.06,42908484,2026-09-23T02:51:57Z
B,1gb,2d,pread,128,6,0,0.00,100.00,625.60,2091.30,196.51,1894.79,,,2716.90,2520.39,2.20,179.00,274.00,1.06,42908984,2026-09-23T02:51:58Z
B,1gb,2d,async,128,6,0,0.00,100.00,633.64,283.06,195.44,87.62,,,916.70,721.26,2.22,181.00,273.00,1.05,42909376,2026-09-23T02:51:58Z
B,1gb,2e_K10,pread,128,6,0,0.00,100.00,586.89,3051.32,193.85,2857.46,,,3638.21,3444.35,2.17,179.00,275.00,1.05,42911552,2026-09-23T02:51:58Z
B,1gb,2e_K10,async,128,6,0,0.00,100.00,628.30,298.16,195.63,102.53,,,926.46,730.83,2.24,182.00,273.00,1.05,42912484,2026-09-23T02:51:59Z
B,1gb,2e_K500,pread,128,6,0,0.00,100.00,652.53,27534.26,196.97,27337.29,,,28186.79,27989.82,2.13,169.00,371.00,1.05,42902504,2026-09-23T02:51:59Z
B,1gb,2e_K500,async,128,6,0,0.00,100.00,662.62,1079.91,195.66,884.25,,,1742.53,1546.87,2.23,185.00,314.00,1.05,42904084,2026-09-23T02:51:59Z
B,1gb,2f_top14,pread,128,6,0,0.00,100.00,666.34,1491.93,198.01,1293.92,,,2158.27,1960.26,2.22,180.00,273.00,1.05,42904600,2026-09-23T02:52:00Z
B,1gb,2f_top14,async,128,6,0,0.00,100.00,660.22,274.89,197.30,77.59,,,935.11,737.81,2.22,181.00,273.00,1.05,42904112,2026-09-23T02:52:00Z
B,1gb,2f_top28,pread,128,6,0,0.00,100.00,655.75,2692.41,195.93,2496.48,,,3348.16,3152.23,2.19,181.00,273.00,1.05,42904372,2026-09-23T02:52:00Z
B,1gb,2f_top28,async,128,6,0,0.00,100.00,658.65,294.85,196.43,98.42,,,953.50,757.07,2.22,182.00,273.00,1.05,42904608,2026-09-23T02:52:01Z
B,1gb,2f_top100,pread,128,6,0,0.00,100.00,665.83,8909.90,196.49,8713.41,,,9575.73,9379.24,2.21,184.00,283.00,1.05,42904552,2026-09-23T02:52:01Z
B,1gb,2f_top100,async,128,6,0,0.00,100.00,658.55,386.50,197.42,189.07,,,1045.05,847.62,2.22,184.00,283.00,1.05,42905140,2026-09-23T02:52:02Z
B,1gb,2f_top500,pread,128,6,0,0.00,100.00,662.81,27819.23,196.76,27622.47,,,28482.04,28285.28,2.17,172.00,367.00,1.05,42903172,2026-09-23T02:52:02Z
B,1gb,2f_top500,async,128,6,0,0.00,100.00,655.36,1007.62,197.17,810.45,,,1662.98,1465.81,2.18,184.00,316.00,1.05,42903300,2026-09-23T02:52:02Z
B,1gb,2f_slru,pread,128,6,0,0.00,100.00,99.34,19801.31,196.82,19604.49,,,19900.65,19703.83,1.59,0.00,280.00,1.05,42904400,2026-09-23T02:52:02Z
B,1gb,2f_slru,async,128,6,0,0.00,100.00,98.90,7301.07,195.88,7105.19,,,7399.97,7204.09,1.62,0.00,280.00,1.05,42902284,2026-09-23T02:52:03Z
B,1gb,leaf_freq_K10,pread,128,6,0,0.00,100.00,1259.44,1092.85,197.39,895.45,,,2352.29,2154.89,2.17,183.00,258.00,1.05,42905184,2026-09-23T02:52:03Z
B,1gb,leaf_freq_K10,async,128,6,0,0.00,100.00,1382.37,275.50,199.26,76.23,,,1657.87,1458.60,2.17,183.00,258.00,1.05,42906312,2026-09-23T02:52:03Z
B,1gb,leaf_rand_K10,pread,128,6,0,0.00,100.00,1323.01,1120.85,199.00,921.84,,,2443.86,2244.85,2.19,183.00,258.00,1.05,42906216,2026-09-23T02:52:04Z
B,1gb,leaf_rand_K10,async,128,6,0,0.00,100.00,1425.21,273.98,197.76,76.21,,,1699.19,1501.42,2.22,183.00,258.00,1.05,42906768,2026-09-23T02:52:04Z
C,vacuum,layers_5,pread,128,6,0,0.00,100.00,919.28,777.14,196.42,580.72,,,1696.42,1500.00,1.55,15.00,25.00,1.05,42907448,2026-09-23T02:52:04Z
C,vacuum,layers_5,async,128,6,0,0.00,100.00,1047.28,268.33,197.98,70.35,,,1315.61,1117.63,1.56,15.00,25.00,1.05,42907372,2026-09-23T02:52:05Z
C,vacuum,layers_92,pread,128,6,0,0.00,100.00,656.80,7575.03,195.52,7379.51,,,8231.83,8036.31,1.52,14.00,30.00,1.05,42910136,2026-09-23T02:52:05Z
C,vacuum,layers_92,async,128,6,0,0.00,100.00,659.36,378.11,195.62,182.49,,,1037.47,841.85,1.53,14.00,30.00,1.05,42909536,2026-09-23T02:52:05Z
C,vacuum,2d,pread,128,6,0,0.00,100.00,655.09,611.41,195.69,415.72,,,1266.50,1070.81,1.53,14.00,30.00,1.05,42911016,2026-09-23T02:52:05Z
C,vacuum,2d,async,128,6,0,0.00,100.00,652.56,262.98,194.80,68.19,,,915.54,720.75,1.55,14.00,30.00,1.05,42911312,2026-09-23T02:52:06Z
C,vacuum,2e_K10,pread,128,6,0,0.00,100.00,172.43,1423.60,192.40,1231.19,,,1596.03,1403.62,1.53,12.00,32.00,1.05,42911308,2026-09-23T02:52:06Z
C,vacuum,2e_K10,async,128,6,0,0.00,92.90,171.95,271.96,192.95,79.01,,,443.91,250.96,1.54,13.00,33.00,1.05,42911164,2026-09-23T02:52:06Z
C,vacuum,2e_K500,pread,128,6,0,0.00,100.00,173.53,2421.67,193.47,2228.20,,,2595.20,2401.73,1.49,0.00,30.00,1.05,42912584,2026-09-23T02:52:06Z
C,vacuum,2e_K500,async,128,6,0,0.00,59.80,173.69,683.62,201.98,481.65,,,857.31,655.34,1.51,0.00,30.00,1.05,42912372,2026-09-23T02:52:07Z
C,vacuum,2f_top14,pread,128,6,0,0.00,100.00,169.61,1244.33,192.20,1052.13,,,1413.94,1221.74,1.53,11.00,33.00,1.05,42891648,2026-09-23T02:52:07Z
C,vacuum,2f_top14,async,128,6,0,0.00,100.00,172.93,289.67,208.98,80.69,,,462.60,253.62,1.52,12.00,31.00,1.05,42899548,2026-09-23T02:52:07Z
C,vacuum,2f_top28,pread,128,6,0,0.00,100.00,171.73,1315.90,195.54,1120.37,,,1487.63,1292.10,1.51,11.00,33.00,1.05,42899612,2026-09-23T02:52:07Z
C,vacuum,2f_top28,async,128,6,0,0.00,96.40,172.09,290.89,195.03,95.86,,,462.98,267.95,1.54,12.00,32.00,1.05,42899724,2026-09-23T02:52:08Z
C,vacuum,2f_top100,pread,128,6,0,0.00,100.00,170.43,1381.15,192.48,1188.66,,,1551.58,1359.09,1.51,8.00,30.00,1.05,42899876,2026-09-23T02:52:08Z
C,vacuum,2f_top100,async,128,6,0,0.00,100.00,171.59,379.60,194.74,184.87,,,551.19,356.46,1.52,9.00,29.00,1.04,42900332,2026-09-23T02:52:08Z
C,vacuum,2f_top500,pread,128,6,0,0.00,100.00,84.58,3097.37,192.75,2904.62,,,3181.95,2989.20,1.50,0.00,30.00,1.04,42901596,2026-09-23T02:52:08Z
C,vacuum,2f_top500,async,128,6,0,0.00,100.00,86.21,748.37,191.68,556.69,,,834.58,642.90,1.51,0.00,30.00,1.04,42901964,2026-09-23T02:52:09Z
C,vacuum,2f_slru,pread,128,6,0,0.00,100.00,84.26,3235.55,195.22,3040.34,,,3319.81,3124.60,1.49,0.00,30.00,1.04,42901832,2026-09-23T02:52:09Z
C,vacuum,2f_slru,async,128,6,0,0.00,100.00,88.17,749.09,196.19,552.90,,,837.26,641.07,1.49,0.00,30.00,1.04,42902128,2026-09-23T02:52:09Z
C,vacuum,leaf_freq_K10,pread,128,6,0,0.00,100.00,790.32,779.88,196.97,582.91,,,1570.20,1373.23,1.53,13.00,27.00,1.04,42901816,2026-09-23T02:52:09Z
C,vacuum,leaf_freq_K10,async,128,6,0,0.00,100.00,777.78,266.22,193.11,73.11,,,1044.00,850.89,1.53,14.00,28.00,1.04,42902220,2026-09-23T02:52:10Z
C,vacuum,leaf_rand_K10,pread,128,6,0,0.00,100.00,1145.52,1063.40,193.32,870.08,,,2208.92,2015.60,1.54,15.00,25.00,1.04,42902096,2026-09-23T02:52:10Z
C,vacuum,leaf_rand_K10,async,128,6,0,0.00,100.00,1144.71,273.15,195.78,77.38,,,1417.86,1222.09,1.55,15.00,25.00,1.04,42901820,2026-09-23T02:52:10Z
C,ta,layers_5,pread,128,6,0,0.00,100.00,764.17,442.50,192.85,249.65,,,1206.67,1013.82,1.61,21.00,28.00,1.04,42902020,2026-09-23T02:52:10Z
C,ta,layers_5,async,128,6,0,0.00,100.00,784.00,263.27,194.94,68.34,,,1047.27,852.34,1.61,21.00,28.00,1.04,42901064,2026-09-23T02:52:11Z
C,ta,layers_92,pread,128,6,0,0.00,100.00,454.27,1045.95,194.93,851.02,,,1500.22,1305.29,1.61,20.00,29.00,1.04,42902256,2026-09-23T02:52:11Z
C,ta,layers_92,async,128,6,0,0.00,45.70,436.58,360.67,197.08,163.59,,,797.25,600.17,1.61,20.00,29.00,1.04,42902588,2026-09-23T02:52:11Z
C,ta,2d,pread,128,6,0,0.00,100.00,414.46,1045.20,193.68,851.52,,,1459.66,1265.98,1.62,20.00,29.00,1.04,42902856,2026-09-23T02:52:11Z
C,ta,2d,async,128,6,0,0.00,64.60,436.49,311.25,194.49,116.76,,,747.74,553.25,1.60,20.00,29.00,1.04,42903712,2026-09-23T02:52:12Z
C,ta,2e_K10,pread,128,6,0,0.00,100.00,173.94,1583.54,194.73,1388.81,,,1757.48,1562.75,1.60,18.00,36.00,1.04,42901912,2026-09-23T02:52:12Z
C,ta,2e_K10,async,128,6,0,0.00,70.70,175.31,319.35,193.46,125.89,,,494.66,301.20,1.61,19.00,36.00,1.04,42896360,2026-09-23T02:52:12Z
C,ta,2e_K500,pread,128,6,0,0.00,100.00,178.22,3634.82,195.46,3439.37,,,3813.04,3617.59,1.54,0.00,38.00,1.04,42896544,2026-09-23T02:52:12Z
C,ta,2e_K500,async,128,6,0,0.00,100.00,175.65,761.83,194.98,566.86,,,937.48,742.51,1.54,0.00,38.00,1.04,42896320,2026-09-23T02:52:13Z
C,ta,2f_top14,pread,128,6,0,0.00,100.00,170.54,1032.25,192.47,839.78,,,1202.79,1010.32,1.60,19.00,36.00,1.04,42894760,2026-09-23T02:52:13Z
C,ta,2f_top14,async,128,6,0,0.00,100.00,175.11,271.31,193.07,78.24,,,446.42,253.35,1.60,18.00,36.00,1.04,42896864,2026-09-23T02:52:13Z
C,ta,2f_top28,pread,128,6,0,0.00,100.00,174.58,1195.81,193.43,1002.37,,,1370.39,1176.95,1.59,17.00,35.00,1.04,42897640,2026-09-23T02:52:14Z
C,ta,2f_top28,async,128,6,0,0.00,100.00,172.74,289.24,193.84,95.41,,,461.98,268.15,1.60,18.00,35.00,1.04,42897700,2026-09-23T02:52:14Z
C,ta,2f_top100,pread,128,6,0,0.00,100.00,173.02,1440.71,192.40,1248.31,,,1613.73,1421.33,1.56,11.00,36.00,1.04,42897412,2026-09-23T02:52:14Z
C,ta,2f_top100,async,128,6,0,0.00,100.00,172.42,370.86,193.64,177.21,,,543.28,349.63,1.58,14.00,35.00,1.04,42919632,2026-09-23T02:52:14Z
C,ta,2f_top500,pread,128,6,0,0.00,100.00,89.56,3324.70,195.66,3129.04,,,3414.26,3218.60,1.54,0.00,38.00,1.04,42921436,2026-09-23T02:52:15Z
C,ta,2f_top500,async,128,6,0,0.00,100.00,87.69,992.11,192.14,799.96,,,1079.80,887.65,1.59,0.00,38.00,1.04,42921864,2026-09-23T02:52:15Z
C,ta,2f_slru,pread,128,6,0,0.00,100.00,87.92,3602.27,193.08,3409.19,,,3690.19,3497.11,1.53,0.00,38.00,1.04,42922252,2026-09-23T02:52:15Z
C,ta,2f_slru,async,128,6,0,0.00,100.00,87.72,969.18,194.12,775.07,,,1056.90,862.79,1.55,0.00,38.00,1.04,42923092,2026-09-23T02:52:15Z
C,ta,leaf_freq_K10,pread,128,6,0,0.00,100.00,931.14,776.61,229.09,547.52,,,1707.75,1478.66,1.61,19.00,35.00,1.04,42922016,2026-09-23T02:52:16Z
C,ta,leaf_freq_K10,async,128,6,0,0.00,100.00,907.86,301.33,227.34,73.99,,,1209.19,981.85,1.61,20.00,35.00,1.04,42923604,2026-09-23T02:52:16Z
C,ta,leaf_rand_K10,pread,128,6,0,0.00,100.00,792.90,1100.38,230.79,869.59,,,1893.28,1662.49,1.61,21.00,28.00,1.04,42923992,2026-09-23T02:52:16Z
C,ta,leaf_rand_K10,async,128,6,0,0.00,100.00,797.47,305.38,229.72,75.66,,,1102.85,873.13,1.62,21.00,28.00,1.04,42923936,2026-09-23T02:52:16Z
C,1gb,layers_5,pread,128,6,0,0.00,100.00,1271.68,705.77,227.96,477.81,,,1977.45,1749.49,1.70,36.00,63.00,1.04,42924564,2026-09-23T02:52:17Z
C,1gb,layers_5,async,128,6,0,0.00,100.00,1141.04,300.14,231.85,68.30,,,1441.18,1209.34,1.69,36.00,63.00,1.04,42925120,2026-09-23T02:52:17Z
C,1gb,layers_92,pread,128,6,0,0.00,100.00,1101.60,8262.37,226.68,8035.70,,,9363.97,9137.30,1.69,36.00,64.00,1.04,42925740,2026-09-23T02:52:17Z
C,1gb,layers_92,async,128,6,0,0.00,100.00,1124.87,420.55,228.08,192.47,,,1545.42,1317.34,1.66,36.00,64.00,1.04,42925608,2026-09-23T02:52:17Z
C,1gb,2d,pread,128,6,0,0.00,100.00,517.64,909.74,227.38,682.36,,,1427.38,1200.00,1.66,35.00,66.00,1.04,42925072,2026-09-23T02:52:18Z
C,1gb,2d,async,128,6,0,0.00,100.00,519.40,299.80,228.04,71.77,,,819.20,591.17,1.67,35.00,66.00,1.04,42925900,2026-09-23T02:52:18Z
C,1gb,2e_K10,pread,128,6,0,0.00,100.00,175.94,1700.34,226.18,1474.16,,,1876.28,1650.10,1.69,38.00,76.00,1.04,42901492,2026-09-23T02:52:18Z
C,1gb,2e_K10,async,128,6,0,0.00,100.00,175.20,314.44,228.72,85.72,,,489.64,260.92,1.69,38.00,76.00,1.04,42902316,2026-09-23T02:52:19Z
C,1gb,2e_K500,pread,128,6,0,0.00,100.00,178.89,4567.00,227.92,4339.08,,,4745.89,4517.97,1.56,0.00,66.00,1.04,42902392,2026-09-23T02:52:19Z
C,1gb,2e_K500,async,128,6,0,0.00,100.00,180.39,869.97,227.73,642.24,,,1050.36,822.63,1.64,35.00,102.00,1.04,42901336,2026-09-23T02:52:19Z
C,1gb,2f_top14,pread,128,6,0,0.00,100.00,519.84,1545.60,230.44,1315.15,,,2065.44,1834.99,1.68,34.00,68.00,1.04,42893752,2026-09-23T02:52:19Z
C,1gb,2f_top14,async,128,6,0,0.00,100.00,483.91,306.55,228.14,78.41,,,790.46,562.32,1.68,34.00,68.00,1.04,42893520,2026-09-23T02:52:20Z
C,1gb,2f_top28,pread,128,6,0,0.00,100.00,536.18,1518.68,228.23,1290.45,,,2054.86,1826.63,1.68,33.00,66.00,1.04,42892696,2026-09-23T02:52:20Z
C,1gb,2f_top28,async,128,6,0,0.00,100.00,516.36,320.34,225.94,94.40,,,836.70,610.76,1.69,34.00,67.00,1.04,42896488,2026-09-23T02:52:20Z
C,1gb,2f_top100,pread,128,6,0,0.00,100.00,459.69,2104.65,228.37,1876.28,,,2564.34,2335.97,1.65,27.00,67.00,1.04,42896492,2026-09-23T02:52:21Z
C,1gb,2f_top100,async,128,6,0,0.00,100.00,522.71,405.98,228.85,177.13,,,928.69,699.84,1.66,30.00,66.00,1.04,42895060,2026-09-23T02:52:21Z
C,1gb,2f_top500,pread,128,6,0,0.00,100.00,577.89,3838.11,227.59,3610.53,,,4416.00,4188.42,1.60,6.00,66.00,1.04,42895588,2026-09-23T02:52:21Z
C,1gb,2f_top500,async,128,6,0,0.00,100.00,480.93,906.05,226.68,679.38,,,1386.98,1160.31,1.61,8.00,68.00,1.04,42895760,2026-09-23T02:52:21Z
C,1gb,2f_slru,pread,128,6,0,0.00,100.00,90.94,5457.56,230.17,5227.39,,,5548.50,5318.33,1.56,0.00,64.00,1.04,42898060,2026-09-23T02:52:22Z
C,1gb,2f_slru,async,128,6,0,0.00,100.00,91.28,1595.48,226.34,1369.14,,,1686.76,1460.42,1.58,0.00,64.00,1.04,42898448,2026-09-23T02:52:22Z
C,1gb,leaf_freq_K10,pread,128,6,0,0.00,100.00,909.71,1148.40,227.57,920.83,,,2058.11,1830.54,1.71,39.00,73.00,1.04,42898252,2026-09-23T02:52:22Z
C,1gb,leaf_freq_K10,async,128,6,0,0.00,100.00,1013.33,303.93,229.95,73.98,,,1317.26,1087.31,1.69,39.00,73.00,1.04,42899508,2026-09-23T02:52:23Z
C,1gb,leaf_rand_K10,pread,128,6,0,0.00,100.00,1291.41,1117.58,229.55,888.03,,,2408.99,2179.44,1.70,36.00,63.00,1.04,42900120,2026-09-23T02:52:23Z
C,1gb,leaf_rand_K10,async,128,6,0,0.00,100.00,1361.73,306.81,228.84,77.97,,,1668.54,1439.70,1.69,36.00,63.00,1.03,42900464,2026-09-23T02:52:23Z
A,vacuum,baseline,baseline,128,7,0,0.00,0.00,1082.00,0.00,0.00,0.00,,,1082.00,1082.00,2.01,143.00,224.00,1.03,42894100,2026-09-23T02:52:23Z
A,ta,baseline,baseline,128,7,0,0.00,0.00,790.06,0.00,0.00,0.00,,,790.06,790.06,2.15,176.00,280.00,1.03,42900532,2026-09-23T02:52:24Z
A,1gb,baseline,baseline,128,7,0,0.00,0.00,1378.40,0.00,0.00,0.00,,,1378.40,1378.40,2.13,179.00,271.00,1.03,42901488,2026-09-23T02:52:24Z
B,vacuum,baseline,baseline,128,7,0,0.00,0.00,1190.01,0.00,0.00,0.00,,,1190.01,1190.01,2.07,140.00,224.00,1.03,42904276,2026-09-23T02:52:24Z
B,ta,baseline,baseline,128,7,0,0.00,0.00,882.69,0.00,0.00,0.00,,,882.69,882.69,2.13,180.00,265.00,1.03,42905048,2026-09-23T02:52:25Z
B,1gb,baseline,baseline,128,7,0,0.00,0.00,1342.11,0.00,0.00,0.00,,,1342.11,1342.11,2.19,183.00,259.00,1.03,42904100,2026-09-23T02:52:25Z
C,vacuum,baseline,baseline,128,7,0,0.00,0.00,1103.08,0.00,0.00,0.00,,,1103.08,1103.08,1.53,15.00,25.00,1.03,42906732,2026-09-23T02:52:25Z
C,ta,baseline,baseline,128,7,0,0.00,0.00,810.46,0.00,0.00,0.00,,,810.46,810.46,1.60,21.00,28.00,1.03,42906728,2026-09-23T02:52:26Z
C,1gb,baseline,baseline,128,7,0,0.00,0.00,1274.74,0.00,0.00,0.00,,,1274.74,1274.74,1.69,36.00,64.00,1.03,42906476,2026-09-23T02:52:26Z
A,vacuum,layers_5,async,128,7,0,0.00,100.00,974.38,265.48,195.47,70.01,,,1239.86,1044.39,1.99,144.00,221.00,1.03,42907628,2026-09-23T02:52:26Z
A,vacuum,layers_92,async,128,7,0,0.00,100.00,574.77,382.80,196.73,186.07,,,957.57,760.84,1.97,139.00,230.00,1.03,42908924,2026-09-23T02:52:26Z
A,vacuum,2d,async,128,7,0,0.00,100.00,572.11,273.78,196.22,77.56,,,845.89,649.67,2.02,139.00,230.00,1.03,42908580,2026-09-23T02:52:27Z
A,vacuum,2e_K10,async,128,7,0,0.00,100.00,573.93,287.86,197.93,89.93,,,861.79,663.86,1.99,139.00,239.00,1.03,42906656,2026-09-23T02:52:27Z
A,vacuum,2e_K500,async,128,7,0,0.00,19.90,618.21,890.62,196.39,694.24,,,1508.83,1312.45,1.98,142.00,335.00,1.03,42908360,2026-09-23T02:52:27Z
A,vacuum,2f_top14,async,128,7,0,0.00,100.00,578.18,272.55,196.85,75.70,,,850.73,653.88,1.98,140.00,232.00,1.03,42908124,2026-09-23T02:52:28Z
A,vacuum,2f_top28,async,128,7,0,0.00,100.00,507.26,304.41,207.57,96.84,,,811.67,604.10,1.98,142.00,243.00,1.03,42908416,2026-09-23T02:52:28Z
A,vacuum,2f_top100,async,128,7,0,0.00,100.00,576.02,390.37,196.99,193.38,,,966.39,769.40,2.01,144.00,261.00,1.03,42908688,2026-09-23T02:52:28Z
A,vacuum,2f_top500,async,128,7,0,0.00,7.40,887.13,841.13,198.15,642.98,,,1728.26,1530.11,1.96,143.00,332.00,1.03,42909980,2026-09-23T02:52:29Z
A,vacuum,2f_slru,async,128,7,0,0.00,100.00,95.70,5479.00,198.85,5280.15,,,5574.70,5375.85,1.58,0.00,214.00,1.03,42899532,2026-09-23T02:52:29Z
A,vacuum,leaf_freq_K10,async,128,7,0,0.00,100.00,1069.98,271.41,196.69,74.72,,,1341.39,1144.70,1.98,142.00,233.00,1.03,42897932,2026-09-23T02:52:29Z
A,vacuum,leaf_rand_K10,async,128,7,0,0.00,100.00,1071.14,274.15,198.50,75.64,,,1345.29,1146.78,1.98,143.00,224.00,1.03,42900432,2026-09-23T02:52:29Z
A,ta,layers_5,async,128,7,0,0.00,100.00,911.84,266.50,197.50,69.00,,,1178.34,980.84,2.12,176.00,277.00,1.03,42901464,2026-09-23T02:52:30Z
A,ta,layers_92,async,128,7,0,0.00,100.00,573.17,363.20,197.52,165.68,,,936.37,738.85,2.07,175.00,277.00,1.03,42901860,2026-09-23T02:52:30Z
A,ta,2d,async,128,7,0,0.00,67.40,576.97,309.21,197.82,111.39,,,886.18,688.36,2.13,175.00,277.00,1.03,42902728,2026-09-23T02:52:30Z
A,ta,2e_K10,async,128,7,0,0.00,98.20,581.72,326.55,199.60,126.95,,,908.27,708.67,2.13,175.00,280.00,1.03,42902412,2026-09-23T02:52:31Z
A,ta,2e_K500,async,128,7,0,0.00,48.70,632.11,988.54,197.64,790.90,,,1620.65,1423.01,2.10,178.00,403.00,1.03,42903020,2026-09-23T02:52:31Z
A,ta,2f_top14,async,128,7,0,0.00,92.90,583.89,274.74,195.60,79.14,,,858.63,663.03,2.13,175.00,280.00,1.03,42903456,2026-09-23T02:52:31Z
A,ta,2f_top28,async,128,7,0,0.00,100.00,579.48,292.37,196.74,95.63,,,871.85,675.11,2.07,175.00,288.00,1.03,42903808,2026-09-23T02:52:32Z
A,ta,2f_top100,async,128,7,0,0.00,100.00,578.78,386.07,197.24,188.82,,,964.85,767.60,2.12,174.00,316.00,1.03,42904668,2026-09-23T02:52:32Z
A,ta,2f_top500,async,128,7,0,0.00,9.00,1045.45,840.81,205.54,635.27,,,1886.26,1680.72,2.11,177.00,407.00,1.03,42904844,2026-09-23T02:52:32Z
A,ta,2f_slru,async,128,7,0,0.00,100.00,99.17,7076.62,196.82,6879.80,,,7175.79,6978.97,1.55,0.00,279.00,1.03,42902932,2026-09-23T02:52:32Z
A,ta,leaf_freq_K10,async,128,7,0,0.00,100.00,828.82,274.68,200.60,74.08,,,1103.50,902.90,2.16,176.00,283.00,1.03,42906096,2026-09-23T02:52:33Z
A,ta,leaf_rand_K10,async,128,7,0,0.00,100.00,756.36,274.23,198.68,75.54,,,1030.59,831.90,2.13,176.00,280.00,1.03,42905872,2026-09-23T02:52:33Z
A,1gb,layers_5,async,128,7,0,0.00,100.00,1244.95,266.49,197.41,69.08,,,1511.44,1314.03,2.10,180.00,268.00,1.03,42905628,2026-09-23T02:52:33Z
A,1gb,layers_92,async,128,7,0,0.00,100.00,867.79,372.15,196.50,175.65,,,1239.94,1043.44,2.15,178.00,280.00,1.03,42905568,2026-09-23T02:52:34Z
A,1gb,2d,async,128,7,0,0.00,100.00,535.79,294.68,205.42,89.27,,,830.47,625.06,2.18,177.00,281.00,1.03,42881408,2026-09-23T02:52:34Z
A,1gb,2e_K10,async,128,7,0,0.00,100.00,496.43,296.37,197.00,99.37,,,792.80,595.80,2.12,177.00,289.00,1.03,42883256,2026-09-23T02:52:34Z
A,1gb,2e_K500,async,128,7,0,0.00,100.00,603.38,1106.63,197.28,909.35,,,1710.01,1512.73,2.09,176.00,396.00,1.03,42891480,2026-09-23T02:52:35Z
A,1gb,2f_top14,async,128,7,0,0.00,100.00,598.38,276.05,197.11,78.94,,,874.43,677.32,2.18,176.00,287.00,1.03,42892324,2026-09-23T02:52:35Z
A,1gb,2f_top28,async,128,7,0,0.00,100.00,560.74,327.25,229.26,97.98,,,887.99,658.72,2.12,176.00,295.00,1.03,42892652,2026-09-23T02:52:35Z
A,1gb,2f_top100,async,128,7,0,0.00,100.00,524.51,425.96,225.30,200.66,,,950.47,725.17,2.12,174.00,322.00,1.03,42893952,2026-09-23T02:52:36Z
A,1gb,2f_top500,async,128,7,0,0.00,100.00,534.78,1042.72,227.66,815.06,,,1577.50,1349.84,2.13,176.00,398.00,1.03,42893836,2026-09-23T02:52:36Z
A,1gb,2f_slru,async,128,7,0,0.00,100.00,97.79,7235.98,228.70,7007.28,,,7333.77,7105.07,1.60,0.00,280.00,1.03,42892576,2026-09-23T02:52:36Z
A,1gb,leaf_freq_K10,async,128,7,0,0.00,100.00,1384.90,303.29,227.95,75.34,,,1688.19,1460.24,2.15,178.00,279.00,1.03,42895244,2026-09-23T02:52:37Z
A,1gb,leaf_rand_K10,async,128,7,0,0.00,100.00,1444.67,305.36,229.79,75.57,,,1750.03,1520.24,2.14,179.00,270.00,1.03,42895488,2026-09-23T02:52:37Z
B,vacuum,layers_5,async,128,7,0,0.00,100.00,1003.53,296.36,226.47,69.89,,,1299.89,1073.42,2.04,140.00,220.00,1.03,42897020,2026-09-23T02:52:37Z
B,vacuum,layers_92,async,128,7,0,0.00,100.00,601.29,414.01,229.01,185.00,,,1015.30,786.29,2.06,136.00,231.00,1.03,42897424,2026-09-23T02:52:38Z
B,vacuum,2d,async,128,7,0,0.00,100.00,631.02,309.04,229.23,79.81,,,940.06,710.83,2.08,136.00,231.00,1.03,42898844,2026-09-23T02:52:38Z
B,vacuum,2e_K10,async,128,7,0,0.00,100.00,562.73,314.66,225.88,88.78,,,877.39,651.51,2.05,136.00,231.00,1.02,42899440,2026-09-23T02:52:38Z
B,vacuum,2e_K500,async,128,7,0,0.00,100.00,704.88,1097.92,228.81,869.11,,,1802.80,1573.99,2.04,137.00,270.00,1.02,42899696,2026-09-23T02:52:38Z
B,vacuum,2f_top14,async,128,7,0,0.00,100.00,593.95,308.54,229.39,79.15,,,902.49,673.10,2.06,136.00,231.00,1.02,42900088,2026-09-23T02:52:39Z
B,vacuum,2f_top28,async,128,7,0,0.00,100.00,533.04,326.94,229.35,97.58,,,859.98,630.62,2.08,136.00,233.00,1.02,42899760,2026-09-23T02:52:39Z
B,vacuum,2f_top100,async,128,7,0,0.00,100.00,651.50,410.97,228.20,182.77,,,1062.47,834.27,2.05,138.00,253.00,1.02,42899964,2026-09-23T02:52:39Z
B,vacuum,2f_top500,async,128,7,0,0.00,100.00,581.54,1039.51,228.91,810.59,,,1621.05,1392.13,2.01,137.00,274.00,1.02,42900776,2026-09-23T02:52:40Z
B,vacuum,2f_slru,async,128,7,0,0.00,100.00,97.35,5487.69,227.68,5260.01,,,5585.04,5357.36,1.64,0.00,214.00,1.02,42889004,2026-09-23T02:52:40Z
B,vacuum,leaf_freq_K10,async,128,7,0,0.00,100.00,1066.89,309.52,234.79,74.73,,,1376.41,1141.62,2.04,139.00,225.00,1.02,42890992,2026-09-23T02:52:40Z
B,vacuum,leaf_rand_K10,async,128,7,0,0.00,100.00,1107.37,309.29,231.19,78.10,,,1416.66,1185.47,2.07,140.00,224.00,1.02,42891512,2026-09-23T02:52:41Z
B,ta,layers_5,async,128,7,0,0.00,100.00,1045.29,296.87,230.31,66.56,,,1342.16,1111.85,2.17,180.00,264.00,1.02,42890300,2026-09-23T02:52:41Z
B,ta,layers_92,async,128,7,0,0.00,77.20,583.94,411.51,227.61,183.91,,,995.45,767.85,2.20,179.00,264.00,1.02,42890260,2026-09-23T02:52:41Z
B,ta,2d,async,128,7,0,0.00,57.50,587.73,341.49,230.68,110.81,,,929.22,698.54,2.20,179.00,264.00,1.02,42891272,2026-09-23T02:52:42Z
B,ta,2e_K10,async,128,7,0,0.00,100.00,662.26,349.56,228.12,121.44,,,1011.82,783.70,2.19,180.00,262.00,1.02,42893368,2026-09-23T02:52:42Z
B,ta,2e_K500,async,128,7,0,0.00,21.10,538.67,945.76,226.67,719.09,,,1484.43,1257.76,2.15,183.00,322.00,1.02,42893872,2026-09-23T02:52:42Z
B,ta,2f_top14,async,128,7,0,0.00,100.00,695.36,307.43,229.39,78.04,,,1002.79,773.40,2.19,179.00,264.00,1.02,42894588,2026-09-23T02:52:42Z
B,ta,2f_top28,async,128,7,0,0.00,100.00,693.13,324.44,225.82,98.61,,,1017.57,791.74,2.15,180.00,261.00,1.02,42894396,2026-09-23T02:52:43Z
B,ta,2f_top100,async,128,7,0,0.00,100.00,692.88,421.60,228.80,192.80,,,1114.48,885.68,2.18,183.00,275.00,1.02,42893064,2026-09-23T02:52:43Z
B,ta,2f_top500,async,128,7,0,0.00,100.00,690.95,1040.36,228.94,811.42,,,1731.31,1502.37,2.18,183.00,322.00,1.02,42895468,2026-09-23T02:52:43Z
B,ta,2f_slru,async,128,7,0,0.00,100.00,96.95,7093.38,228.58,6864.80,,,7190.33,6961.75,1.63,0.00,279.00,1.02,42893280,2026-09-23T02:52:44Z
B,ta,leaf_freq_K10,async,128,7,0,0.00,100.00,869.28,303.93,229.03,74.90,,,1173.21,944.18,2.22,181.00,263.00,1.02,42895372,2026-09-23T02:52:44Z
B,ta,leaf_rand_K10,async,128,7,0,0.00,100.00,837.20,303.10,226.92,76.18,,,1140.30,913.38,2.21,180.00,265.00,1.02,42896804,2026-09-23T02:52:44Z
B,1gb,layers_5,async,128,7,0,0.00,100.00,1325.16,297.32,228.45,68.87,,,1622.48,1394.03,2.20,183.00,259.00,1.02,42884568,2026-09-23T02:52:45Z
B,1gb,layers_92,async,128,7,0,0.00,100.00,958.52,424.15,227.38,196.77,,,1382.67,1155.29,2.16,182.00,272.00,1.02,42894304,2026-09-23T02:52:45Z
B,1gb,2d,async,128,7,0,0.00,100.00,640.31,285.12,197.31,87.81,,,925.43,728.12,2.19,181.00,273.00,1.02,42895636,2026-09-23T02:52:45Z
B,1gb,2e_K10,async,128,7,0,0.00,100.00,638.86,298.39,196.96,101.43,,,937.25,740.29,2.23,182.00,272.00,1.02,42896396,2026-09-23T02:52:46Z
B,1gb,2e_K500,async,128,7,0,0.00,100.00,625.99,1079.46,197.32,882.14,,,1705.45,1508.13,2.19,185.00,317.00,1.02,42896872,2026-09-23T02:52:46Z
B,1gb,2f_top14,async,128,7,0,0.00,100.00,666.71,279.43,199.71,79.72,,,946.14,746.43,2.20,181.00,273.00,1.02,42900956,2026-09-23T02:52:46Z
B,1gb,2f_top28,async,128,7,0,0.00,100.00,639.54,299.83,197.73,102.10,,,939.37,741.64,2.20,182.00,273.00,1.02,42902508,2026-09-23T02:52:47Z
B,1gb,2f_top100,async,128,7,0,0.00,100.00,667.39,384.24,197.91,186.33,,,1051.63,853.72,2.18,184.00,284.00,1.02,42902504,2026-09-23T02:52:47Z
B,1gb,2f_top500,async,128,7,0,0.00,100.00,634.32,1014.84,198.56,816.27,,,1649.16,1450.59,2.16,184.00,316.00,1.02,42904344,2026-09-23T02:52:47Z
B,1gb,2f_slru,async,128,7,0,0.00,100.00,100.98,7121.39,195.53,6925.86,,,7222.37,7026.84,1.63,0.00,280.00,1.02,42905240,2026-09-23T02:52:48Z
B,1gb,leaf_freq_K10,async,128,7,0,0.00,100.00,1188.76,272.27,197.97,74.30,,,1461.03,1263.06,2.14,183.00,258.00,1.02,42905180,2026-09-23T02:52:48Z
B,1gb,leaf_rand_K10,async,128,7,0,0.00,100.00,1410.20,274.42,197.79,76.62,,,1684.62,1486.82,2.18,183.00,258.00,1.02,42905580,2026-09-23T02:52:48Z
C,vacuum,layers_5,async,128,7,0,0.00,100.00,1041.87,267.17,196.94,70.23,,,1309.04,1112.10,1.55,15.00,25.00,1.02,42907072,2026-09-23T02:52:49Z
C,vacuum,layers_92,async,128,7,0,0.00,100.00,665.17,375.82,196.40,179.42,,,1040.99,844.59,1.54,14.00,30.00,1.02,42907900,2026-09-23T02:52:49Z
C,vacuum,2d,async,128,7,0,0.00,100.00,654.13,265.71,196.95,68.76,,,919.84,722.89,1.52,14.00,30.00,1.02,42907840,2026-09-23T02:52:49Z
C,vacuum,2e_K10,async,128,7,0,0.00,92.90,173.45,273.56,195.15,78.42,,,447.01,251.87,1.55,13.00,33.00,1.02,42909184,2026-09-23T02:52:49Z
C,vacuum,2e_K500,async,128,7,0,0.00,59.80,174.43,694.90,196.09,498.81,,,869.33,673.24,1.49,0.00,30.00,1.02,42908100,2026-09-23T02:52:50Z
C,vacuum,2f_top14,async,128,7,0,0.00,92.90,170.83,272.30,193.42,78.88,,,443.13,249.71,1.53,12.00,31.00,1.02,42907796,2026-09-23T02:52:50Z
C,vacuum,2f_top28,async,128,7,0,0.00,75.00,174.11,286.45,194.34,92.10,,,460.56,266.21,1.53,12.00,32.00,1.02,42904696,2026-09-23T02:52:50Z
C,vacuum,2f_top100,async,128,7,0,0.00,100.00,173.88,376.10,193.80,182.29,,,549.98,356.17,1.52,9.00,29.00,1.02,42906760,2026-09-23T02:52:50Z
C,vacuum,2f_top500,async,128,7,0,0.00,100.00,87.67,776.32,194.18,582.14,,,863.99,669.81,1.50,0.00,30.00,1.02,42907504,2026-09-23T02:52:51Z
C,vacuum,2f_slru,async,128,7,0,0.00,100.00,86.89,776.67,189.44,587.23,,,863.56,674.12,1.49,0.00,30.00,1.02,42907796,2026-09-23T02:52:51Z
C,vacuum,leaf_freq_K10,async,128,7,0,0.00,100.00,778.66,265.95,194.03,71.92,,,1044.61,850.58,1.53,14.00,28.00,1.02,42907928,2026-09-23T02:52:51Z
C,vacuum,leaf_rand_K10,async,128,7,0,0.00,100.00,1137.03,266.18,193.47,72.71,,,1403.21,1209.74,1.56,15.00,25.00,1.02,42909784,2026-09-23T02:52:51Z
C,ta,layers_5,async,128,7,0,0.00,100.00,781.76,260.78,193.25,67.53,,,1042.54,849.29,1.60,21.00,28.00,1.02,42909548,2026-09-23T02:52:52Z
C,ta,layers_92,async,128,7,0,0.00,42.40,438.52,358.73,193.93,164.80,,,797.25,603.32,1.60,20.00,29.00,1.02,42910408,2026-09-23T02:52:52Z
C,ta,2d,async,128,7,0,0.00,64.60,374.58,307.83,194.48,113.35,,,682.41,487.93,1.60,20.00,29.00,1.02,42909344,2026-09-23T02:52:52Z
C,ta,2e_K10,async,128,7,0,0.00,100.00,177.13,326.80,193.26,133.53,,,503.93,310.66,1.62,19.00,36.00,1.02,42909796,2026-09-23T02:52:52Z
C,ta,2e_K500,async,128,7,0,0.00,100.00,174.56,785.86,198.19,587.66,,,960.42,762.22,1.58,0.00,38.00,1.02,42911604,2026-09-23T02:52:53Z
C,ta,2f_top14,async,128,7,0,0.00,100.00,173.54,272.27,194.03,78.25,,,445.81,251.79,1.60,18.00,36.00,1.02,42909436,2026-09-23T02:52:53Z
C,ta,2f_top28,async,128,7,0,0.00,100.00,172.39,288.80,195.10,93.71,,,461.19,266.10,1.60,18.00,35.00,1.02,42909060,2026-09-23T02:52:53Z
C,ta,2f_top100,async,128,7,0,0.00,100.00,172.32,373.91,195.16,178.76,,,546.23,351.08,1.57,14.00,35.00,1.02,42911428,2026-09-23T02:52:53Z
C,ta,2f_top500,async,128,7,0,0.00,100.00,87.94,1039.38,193.84,845.55,,,1127.32,933.49,1.55,0.00,38.00,1.02,42912680,2026-09-23T02:52:54Z
C,ta,2f_slru,async,128,7,0,0.00,100.00,87.55,985.88,194.22,791.67,,,1073.43,879.22,1.56,0.00,38.00,1.02,42912748,2026-09-23T02:52:54Z
C,ta,leaf_freq_K10,async,128,7,0,0.00,100.00,941.42,300.73,227.88,72.85,,,1242.15,1014.27,1.61,20.00,35.00,1.02,42912544,2026-09-23T02:52:54Z
C,ta,leaf_rand_K10,async,128,7,0,0.00,100.00,793.15,300.58,224.83,75.75,,,1093.73,868.90,1.61,21.00,28.00,1.02,42913436,2026-09-23T02:52:54Z
C,1gb,layers_5,async,128,7,0,0.00,100.00,1098.88,293.99,225.54,68.45,,,1392.87,1167.33,1.68,36.00,63.00,1.02,42914380,2026-09-23T02:52:55Z
C,1gb,layers_92,async,128,7,0,0.00,100.00,1121.46,433.78,241.65,192.12,,,1555.24,1313.58,1.71,36.00,64.00,1.02,42914060,2026-09-23T02:52:55Z
C,1gb,2d,async,128,7,0,0.00,100.00,1290.63,1674.75,1139.16,535.59,,,2965.38,1826.22,1.82,35.00,66.00,1.02,42919432,2026-09-23T02:52:55Z
C,1gb,2e_K10,async,128,7,0,0.00,100.00,658.45,1224.77,860.95,363.82,,,1883.22,1022.27,1.82,38.00,76.00,1.02,42920048,2026-09-23T02:52:56Z
C,1gb,2e_K500,async,128,7,0,0.00,100.00,179.26,913.56,223.17,690.39,,,1092.82,869.65,1.65,35.00,103.00,1.02,42920264,2026-09-23T02:52:56Z
C,1gb,2f_top14,async,128,7,0,0.00,100.00,480.63,304.62,226.57,78.06,,,785.25,558.69,1.68,34.00,68.00,1.02,42921660,2026-09-23T02:52:56Z
C,1gb,2f_top28,async,128,7,0,0.00,100.00,551.58,320.08,225.26,94.82,,,871.66,646.40,1.66,34.00,67.00,1.02,42921868,2026-09-23T02:52:56Z
C,1gb,2f_top100,async,128,7,0,0.00,100.00,508.40,405.59,226.34,179.26,,,913.99,687.66,1.64,30.00,66.00,1.02,42922440,2026-09-23T02:52:57Z
C,1gb,2f_top500,async,128,7,0,0.00,100.00,523.23,928.27,228.56,699.72,,,1451.50,1222.95,1.59,8.00,68.00,1.02,42921760,2026-09-23T02:52:57Z
C,1gb,2f_slru,async,128,7,0,0.00,100.00,91.65,1731.27,225.24,1506.02,,,1822.92,1597.67,1.56,0.00,64.00,1.02,42923060,2026-09-23T02:52:57Z
C,1gb,leaf_freq_K10,async,128,7,0,0.00,100.00,985.49,296.92,225.28,71.63,,,1282.41,1057.12,1.67,39.00,73.00,1.02,42922856,2026-09-23T02:52:58Z
C,1gb,leaf_rand_K10,async,128,7,0,0.00,100.00,1316.02,296.99,223.50,73.49,,,1613.01,1389.51,1.67,36.00,63.00,1.02,42923836,2026-09-23T02:52:58Z
A,vacuum,baseline,baseline,128,8,0,0.00,0.00,996.12,0.00,0.00,0.00,,,996.12,996.12,1.95,143.00,224.00,1.02,42924080,2026-09-23T02:52:58Z
A,ta,baseline,baseline,128,8,0,0.00,0.00,804.55,0.00,0.00,0.00,,,804.55,804.55,2.12,176.00,280.00,1.02,42923492,2026-09-23T02:52:58Z
A,1gb,baseline,baseline,128,8,0,0.00,0.00,1403.95,0.00,0.00,0.00,,,1403.95,1403.95,2.14,179.00,271.00,1.02,42923892,2026-09-23T02:52:59Z
B,vacuum,baseline,baseline,128,8,0,0.00,0.00,928.25,0.00,0.00,0.00,,,928.25,928.25,2.02,140.00,224.00,1.02,42925836,2026-09-23T02:52:59Z
B,ta,baseline,baseline,128,8,0,0.00,0.00,824.59,0.00,0.00,0.00,,,824.59,824.59,2.18,180.00,265.00,1.02,42925252,2026-09-23T02:52:59Z
B,1gb,baseline,baseline,128,8,0,0.00,0.00,1347.44,0.00,0.00,0.00,,,1347.44,1347.44,2.19,183.00,259.00,1.02,42925588,2026-09-23T02:53:00Z
C,vacuum,baseline,baseline,128,8,0,0.00,0.00,1158.79,0.00,0.00,0.00,,,1158.79,1158.79,1.55,15.00,25.00,1.02,42928028,2026-09-23T02:53:00Z
C,ta,baseline,baseline,128,8,0,0.00,0.00,808.48,0.00,0.00,0.00,,,808.48,808.48,1.61,21.00,28.00,1.02,42929300,2026-09-23T02:53:00Z
C,1gb,baseline,baseline,128,8,0,0.00,0.00,1282.22,0.00,0.00,0.00,,,1282.22,1282.22,1.70,36.00,64.00,1.02,42908728,2026-09-23T02:53:01Z
A,vacuum,layers_5,async,128,8,0,0.00,100.00,978.58,266.71,197.29,69.42,,,1245.29,1048.00,2.01,144.00,221.00,1.02,42910264,2026-09-23T02:53:01Z
A,vacuum,layers_92,async,128,8,0,0.00,100.00,576.14,384.52,196.30,188.22,,,960.66,764.36,1.98,139.00,230.00,1.02,42910440,2026-09-23T02:53:01Z
A,vacuum,2d,async,128,8,0,0.00,100.00,575.16,275.09,197.44,77.65,,,850.25,652.81,1.99,139.00,230.00,1.02,42911672,2026-09-23T02:53:01Z
A,vacuum,2e_K10,async,128,8,0,0.00,100.00,571.96,282.88,194.43,88.46,,,854.84,660.42,1.98,139.00,239.00,1.02,42911376,2026-09-23T02:53:02Z
A,vacuum,2e_K500,async,128,8,0,0.00,18.40,763.26,890.42,198.20,692.22,,,1653.68,1455.48,1.98,142.00,335.00,1.02,42910372,2026-09-23T02:53:02Z
A,vacuum,2f_top14,async,128,8,0,0.00,100.00,576.55,275.97,197.40,78.57,,,852.52,655.12,2.01,140.00,232.00,1.02,42910696,2026-09-23T02:53:02Z
A,vacuum,2f_top28,async,128,8,0,0.00,100.00,510.15,292.25,197.03,95.22,,,802.40,605.37,2.00,142.00,243.00,1.02,42911788,2026-09-23T02:53:03Z
A,vacuum,2f_top100,async,128,8,0,0.00,100.00,573.16,382.66,194.19,188.46,,,955.82,761.62,2.01,144.00,262.00,1.02,42911324,2026-09-23T02:53:03Z
A,vacuum,2f_top500,async,128,8,0,0.00,15.80,567.33,836.87,196.36,640.51,,,1404.20,1207.84,2.00,143.00,331.00,1.02,42910588,2026-09-23T02:53:03Z
A,vacuum,2f_slru,async,128,8,0,0.00,100.00,95.91,5450.97,195.28,5255.69,,,5546.88,5351.60,1.56,0.00,214.00,1.02,42912328,2026-09-23T02:53:04Z
A,vacuum,leaf_freq_K10,async,128,8,0,0.00,100.00,1066.46,274.76,198.48,76.27,,,1341.22,1142.73,2.00,142.00,233.00,1.02,42910288,2026-09-23T02:53:04Z
A,vacuum,leaf_rand_K10,async,128,8,0,0.00,100.00,995.94,274.53,196.96,77.57,,,1270.47,1073.51,1.98,143.00,224.00,1.02,42910328,2026-09-23T02:53:04Z
A,ta,layers_5,async,128,8,0,0.00,100.00,994.11,268.37,198.80,69.56,,,1262.48,1063.67,2.13,176.00,277.00,1.02,42911016,2026-09-23T02:53:04Z
A,ta,layers_92,async,128,8,0,0.00,100.00,512.54,368.73,203.49,165.24,,,881.27,677.78,2.09,175.00,277.00,1.02,42910840,2026-09-23T02:53:05Z
A,ta,2d,async,128,8,0,0.00,100.00,584.42,308.79,197.14,111.65,,,893.21,696.07,2.15,175.00,277.00,1.02,42910976,2026-09-23T02:53:05Z
A,ta,2e_K10,async,128,8,0,0.00,100.00,584.36,324.57,198.74,125.83,,,908.93,710.19,2.14,175.00,281.00,1.02,42911944,2026-09-23T02:53:05Z
A,ta,2e_K500,async,128,8,0,0.00,30.40,1022.06,942.04,185.82,756.22,,,1964.10,1778.28,2.11,178.00,403.00,1.02,42895476,2026-09-23T02:53:06Z
A,ta,2f_top14,async,128,8,0,0.00,100.00,575.82,271.59,194.34,77.26,,,847.41,653.08,2.10,175.00,280.00,1.02,42902688,2026-09-23T02:53:06Z
A,ta,2f_top28,async,128,8,0,0.00,100.00,579.15,312.31,198.07,114.23,,,891.46,693.38,2.13,175.00,288.00,1.02,42904168,2026-09-23T02:53:06Z
A,ta,2f_top100,async,128,8,0,0.00,100.00,584.66,390.86,199.56,191.29,,,975.52,775.95,2.15,174.00,317.00,1.02,42904120,2026-09-23T02:53:07Z
A,ta,2f_top500,async,128,8,0,0.00,100.00,629.71,1014.52,195.88,818.64,,,1644.23,1448.35,2.10,177.00,406.00,1.02,42904388,2026-09-23T02:53:07Z
A,ta,2f_slru,async,128,8,0,0.00,100.00,96.75,7115.62,208.97,6906.64,,,7212.37,7003.39,1.55,0.00,279.00,1.02,42903764,2026-09-23T02:53:07Z
A,ta,leaf_freq_K10,async,128,8,0,0.00,100.00,787.97,276.61,201.10,75.51,,,1064.58,863.48,2.10,176.00,284.00,1.02,42904752,2026-09-23T02:53:08Z
A,ta,leaf_rand_K10,async,128,8,0,0.00,100.00,757.52,272.67,197.68,74.99,,,1030.19,832.51,2.12,176.00,280.00,1.02,42904928,2026-09-23T02:53:08Z
A,1gb,layers_5,async,128,8,0,0.00,100.00,1385.78,266.42,198.82,67.60,,,1652.20,1453.38,2.16,180.00,268.00,1.01,42904916,2026-09-23T02:53:08Z
A,1gb,layers_92,async,128,8,0,0.00,100.00,989.25,394.99,197.25,197.74,,,1384.24,1186.99,2.16,178.00,280.00,1.01,42905044,2026-09-23T02:53:08Z
A,1gb,2d,async,128,8,0,0.00,100.00,530.31,284.80,198.07,86.72,,,815.11,617.03,2.12,177.00,281.00,1.01,42904820,2026-09-23T02:53:09Z
A,1gb,2e_K10,async,128,8,0,0.00,100.00,585.94,296.51,197.86,98.64,,,882.45,684.58,2.09,177.00,289.00,1.01,42904864,2026-09-23T02:53:09Z
A,1gb,2e_K500,async,128,8,0,0.00,100.00,603.77,1038.11,196.09,842.02,,,1641.88,1445.79,2.10,176.00,395.00,1.01,42905484,2026-09-23T02:53:09Z
A,1gb,2f_top14,async,128,8,0,0.00,100.00,590.44,280.80,195.61,85.19,,,871.24,675.63,2.14,176.00,287.00,1.01,42906764,2026-09-23T02:53:10Z
A,1gb,2f_top28,async,128,8,0,0.00,100.00,572.90,330.77,228.92,101.85,,,903.67,674.75,2.17,176.00,295.00,1.01,42906352,2026-09-23T02:53:10Z
A,1gb,2f_top100,async,128,8,0,0.00,100.00,497.31,430.21,227.82,202.39,,,927.52,699.70,2.11,174.00,322.00,1.01,42906868,2026-09-23T02:53:10Z
A,1gb,2f_top500,async,128,8,0,0.00,100.00,607.17,1080.58,227.14,853.44,,,1687.75,1460.61,2.12,176.00,397.00,1.01,42906492,2026-09-23T02:53:11Z
A,1gb,2f_slru,async,128,8,0,0.00,100.00,100.38,7207.50,228.52,6978.98,,,7307.88,7079.36,1.58,0.00,280.00,1.01,42898016,2026-09-23T02:53:11Z
A,1gb,leaf_freq_K10,async,128,8,0,0.00,100.00,1478.23,306.28,228.78,77.50,,,1784.51,1555.73,2.18,178.00,279.00,1.01,42905264,2026-09-23T02:53:11Z
A,1gb,leaf_rand_K10,async,128,8,0,0.00,100.00,1336.24,306.19,229.51,76.67,,,1642.43,1412.91,2.13,179.00,270.00,1.01,42906688,2026-09-23T02:53:12Z
B,vacuum,layers_5,async,128,8,0,0.00,100.00,948.24,294.90,225.51,69.39,,,1243.14,1017.63,2.07,140.00,220.00,1.01,42907980,2026-09-23T02:53:12Z
B,vacuum,layers_92,async,128,8,0,0.00,100.00,539.35,423.74,229.00,194.74,,,963.09,734.09,2.08,136.00,231.00,1.01,42908352,2026-09-23T02:53:12Z
B,vacuum,2d,async,128,8,0,0.00,100.00,637.22,315.01,231.58,83.44,,,952.23,720.66,2.05,136.00,231.00,1.01,42908000,2026-09-23T02:53:13Z
B,vacuum,2e_K10,async,128,8,0,0.00,100.00,629.08,318.77,227.67,91.10,,,947.85,720.18,2.05,136.00,232.00,1.01,42907356,2026-09-23T02:53:13Z
B,vacuum,2e_K500,async,128,8,0,0.00,100.00,706.77,1104.86,231.85,873.01,,,1811.63,1579.78,2.02,137.00,271.00,1.01,42907200,2026-09-23T02:53:13Z
B,vacuum,2f_top14,async,128,8,0,0.00,100.00,598.46,307.90,228.82,79.08,,,906.36,677.54,2.04,136.00,231.00,1.01,42909008,2026-09-23T02:53:14Z
B,vacuum,2f_top28,async,128,8,0,0.00,100.00,596.93,325.79,228.52,97.27,,,922.72,694.20,2.05,136.00,233.00,1.01,42909244,2026-09-23T02:53:14Z
B,vacuum,2f_top100,async,128,8,0,0.00,100.00,596.10,427.44,226.64,200.81,,,1023.54,796.91,2.02,138.00,250.00,1.01,42906904,2026-09-23T02:53:14Z
B,vacuum,2f_top500,async,128,8,0,0.00,100.00,645.57,1030.42,229.71,800.71,,,1675.99,1446.28,2.00,137.00,271.00,1.01,42906544,2026-09-23T02:53:14Z
B,vacuum,2f_slru,async,128,8,0,0.00,100.00,98.21,5516.52,229.47,5287.05,,,5614.73,5385.26,1.63,0.00,214.00,1.01,42908604,2026-09-23T02:53:15Z
B,vacuum,leaf_freq_K10,async,128,8,0,0.00,100.00,1102.06,305.42,229.58,75.83,,,1407.48,1177.89,2.06,139.00,225.00,1.01,42907912,2026-09-23T02:53:15Z
B,vacuum,leaf_rand_K10,async,128,8,0,0.00,100.00,1060.83,304.28,230.10,74.18,,,1365.11,1135.01,2.06,140.00,224.00,1.01,42908192,2026-09-23T02:53:15Z
B,ta,layers_5,async,128,8,0,0.00,100.00,1039.11,298.46,229.83,68.63,,,1337.57,1107.74,2.17,180.00,264.00,1.01,42924004,2026-09-23T02:53:16Z
B,ta,layers_92,async,128,8,0,0.00,41.30,586.20,398.01,227.20,170.81,,,984.21,757.01,2.19,179.00,264.00,1.01,42924224,2026-09-23T02:53:16Z
B,ta,2d,async,128,8,0,0.00,100.00,594.42,343.15,236.27,106.88,,,937.57,701.30,2.18,179.00,264.00,1.01,42917876,2026-09-23T02:53:16Z
B,ta,2e_K10,async,128,8,0,0.00,100.00,660.05,346.68,228.49,118.19,,,1006.73,778.24,2.19,180.00,262.00,1.01,42918548,2026-09-23T02:53:17Z
B,ta,2e_K500,async,128,8,0,0.00,10.60,863.91,924.37,229.53,694.84,,,1788.28,1558.75,2.19,183.00,324.00,1.01,42920556,2026-09-23T02:53:17Z
B,ta,2f_top14,async,128,8,0,0.00,100.00,692.71,310.98,230.48,80.49,,,1003.69,773.20,2.19,179.00,264.00,1.01,42920196,2026-09-23T02:53:17Z
B,ta,2f_top28,async,128,8,0,0.00,100.00,693.05,328.93,229.61,99.32,,,1021.98,792.37,2.18,180.00,261.00,1.01,42920872,2026-09-23T02:53:18Z
B,ta,2f_top100,async,128,8,0,0.00,100.00,693.95,419.14,228.75,190.39,,,1113.09,884.34,2.21,183.00,274.00,1.01,42919860,2026-09-23T02:53:18Z
B,ta,2f_top500,async,128,8,0,0.00,100.00,690.67,1033.14,229.46,803.68,,,1723.81,1494.35,2.17,183.00,323.00,1.01,42920160,2026-09-23T02:53:18Z
B,ta,2f_slru,async,128,8,0,0.00,100.00,96.47,7197.04,228.59,6968.45,,,7293.51,7064.92,1.60,0.00,279.00,1.01,42918828,2026-09-23T02:53:18Z
B,ta,leaf_freq_K10,async,128,8,0,0.00,100.00,836.47,303.98,230.01,73.97,,,1140.45,910.44,2.16,181.00,263.00,1.01,42920304,2026-09-23T02:53:19Z
B,ta,leaf_rand_K10,async,128,8,0,0.00,100.00,862.08,302.81,228.00,74.81,,,1164.89,936.89,2.22,180.00,265.00,1.01,42921264,2026-09-23T02:53:19Z
B,1gb,layers_5,async,128,8,0,0.00,100.00,1253.53,298.50,229.10,69.40,,,1552.03,1322.93,2.16,183.00,259.00,1.01,42923008,2026-09-23T02:53:19Z
B,1gb,layers_92,async,128,8,0,0.00,100.00,983.95,417.64,225.49,192.15,,,1401.59,1176.10,2.16,182.00,272.00,1.01,42922560,2026-09-23T02:53:20Z
B,1gb,2d,async,128,8,0,0.00,100.00,634.19,282.55,195.89,86.66,,,916.74,720.85,2.19,181.00,273.00,1.01,42923292,2026-09-23T02:53:20Z
B,1gb,2e_K10,async,128,8,0,0.00,100.00,628.16,295.70,194.72,100.98,,,923.86,729.14,2.16,182.00,273.00,1.01,42923340,2026-09-23T02:53:20Z
B,1gb,2e_K500,async,128,8,0,0.00,100.00,661.33,1091.78,195.62,896.16,,,1753.11,1557.49,2.18,185.00,321.00,1.01,42923188,2026-09-23T02:53:21Z
B,1gb,2f_top14,async,128,8,0,0.00,100.00,575.74,278.24,198.99,79.25,,,853.98,654.99,2.20,181.00,273.00,1.01,42911752,2026-09-23T02:53:21Z
B,1gb,2f_top28,async,128,8,0,0.00,100.00,657.61,300.26,196.11,104.16,,,957.87,761.77,2.14,182.00,273.00,1.01,42912496,2026-09-23T02:53:21Z
B,1gb,2f_top100,async,128,8,0,0.00,100.00,602.27,394.61,197.30,197.31,,,996.88,799.58,2.20,184.00,283.00,1.01,42912188,2026-09-23T02:53:22Z
B,1gb,2f_top500,async,128,8,0,0.00,100.00,625.12,1013.64,194.46,819.18,,,1638.76,1444.30,2.16,184.00,315.00,1.01,42912840,2026-09-23T02:53:22Z
B,1gb,2f_slru,async,128,8,0,0.00,100.00,96.09,7399.77,187.18,7212.59,,,7495.86,7308.68,1.68,0.00,280.00,1.01,42900804,2026-09-23T02:53:22Z
B,1gb,leaf_freq_K10,async,128,8,0,0.00,100.00,1312.20,270.80,196.03,74.77,,,1583.00,1386.97,2.16,183.00,258.00,1.01,42904320,2026-09-23T02:53:23Z
B,1gb,leaf_rand_K10,async,128,8,0,0.00,100.00,1457.36,274.14,197.30,76.83,,,1731.50,1534.19,2.21,183.00,258.00,1.01,42903616,2026-09-23T02:53:23Z
C,vacuum,layers_5,async,128,8,0,0.00,100.00,1052.92,266.48,197.14,69.34,,,1319.40,1122.26,1.56,15.00,25.00,1.01,42904452,2026-09-23T02:53:23Z
C,vacuum,layers_92,async,128,8,0,0.00,100.00,659.93,388.83,197.23,191.60,,,1048.76,851.53,1.52,14.00,30.00,1.01,42902808,2026-09-23T02:53:24Z
C,vacuum,2d,async,128,8,0,0.00,100.00,657.59,265.54,196.85,68.69,,,923.13,726.28,1.53,14.00,30.00,1.01,42904468,2026-09-23T02:53:24Z
C,vacuum,2e_K10,async,128,8,0,0.00,100.00,173.19,273.07,193.44,79.63,,,446.26,252.82,1.53,13.00,33.00,1.01,42904772,2026-09-23T02:53:24Z
C,vacuum,2e_K500,async,128,8,0,0.00,47.90,173.57,696.35,193.94,502.40,,,869.92,675.97,1.49,0.00,30.00,1.01,42904772,2026-09-23T02:53:24Z
C,vacuum,2f_top14,async,128,8,0,0.00,92.90,173.75,277.64,198.88,78.76,,,451.39,252.51,1.53,12.00,31.00,1.01,42904416,2026-09-23T02:53:25Z
C,vacuum,2f_top28,async,128,8,0,0.00,100.00,171.50,287.43,192.63,94.80,,,458.93,266.30,1.54,12.00,32.00,1.01,42904340,2026-09-23T02:53:25Z
C,vacuum,2f_top100,async,128,8,0,0.00,100.00,172.32,373.03,195.68,177.35,,,545.35,349.67,1.53,9.00,29.00,1.01,42904516,2026-09-23T02:53:25Z
C,vacuum,2f_top500,async,128,8,0,0.00,100.00,87.66,791.84,192.51,599.33,,,879.50,686.99,1.50,0.00,30.00,1.01,42905252,2026-09-23T02:53:25Z
C,vacuum,2f_slru,async,128,8,0,0.00,100.00,88.29,783.41,194.85,588.57,,,871.70,676.86,1.50,0.00,30.00,1.01,42905476,2026-09-23T02:53:26Z
C,vacuum,leaf_freq_K10,async,128,8,0,0.00,100.00,782.21,267.02,194.68,72.35,,,1049.23,854.56,1.55,14.00,28.00,1.01,42905672,2026-09-23T02:53:26Z
C,vacuum,leaf_rand_K10,async,128,8,0,0.00,100.00,1138.46,269.42,191.34,78.08,,,1407.88,1216.54,1.53,15.00,25.00,1.01,42906264,2026-09-23T02:53:26Z
C,ta,layers_5,async,128,8,0,0.00,100.00,781.59,259.69,193.09,66.59,,,1041.28,848.18,1.58,21.00,28.00,1.01,42907064,2026-09-23T02:53:26Z
C,ta,layers_92,async,128,8,0,0.00,100.00,436.36,357.84,191.05,166.79,,,794.20,603.15,1.59,20.00,29.00,1.01,42906992,2026-09-23T02:53:27Z
C,ta,2d,async,128,8,0,0.00,64.60,375.10,307.57,194.19,113.38,,,682.67,488.48,1.60,20.00,29.00,1.01,42907592,2026-09-23T02:53:27Z
C,ta,2e_K10,async,128,8,0,0.00,100.00,174.39,321.83,195.30,126.54,,,496.22,300.93,1.58,19.00,36.00,1.01,42905704,2026-09-23T02:53:27Z
C,ta,2e_K500,async,128,8,0,0.00,100.00,178.41,782.33,194.70,587.63,,,960.74,766.04,1.53,0.00,38.00,1.01,42904808,2026-09-23T02:53:27Z
C,ta,2f_top14,async,128,8,0,0.00,100.00,171.11,268.04,187.23,80.81,,,439.15,251.92,1.59,18.00,36.00,1.01,42890432,2026-09-23T02:53:28Z
C,ta,2f_top28,async,128,8,0,0.00,100.00,173.22,292.24,194.32,97.91,,,465.46,271.13,1.59,18.00,35.00,1.01,42890684,2026-09-23T02:53:28Z
C,ta,2f_top100,async,128,8,0,0.00,100.00,172.03,371.52,193.63,177.88,,,543.55,349.91,1.56,14.00,35.00,1.01,42890964,2026-09-23T02:53:28Z
C,ta,2f_top500,async,128,8,0,0.00,100.00,89.87,1025.91,196.62,829.29,,,1115.78,919.16,1.57,0.00,38.00,1.01,42892592,2026-09-23T02:53:28Z
C,ta,2f_slru,async,128,8,0,0.00,100.00,86.84,999.94,190.64,809.30,,,1086.78,896.14,1.55,0.00,38.00,1.01,42893012,2026-09-23T02:53:29Z
C,ta,leaf_freq_K10,async,128,8,0,0.00,100.00,937.46,296.85,225.04,71.81,,,1234.31,1009.27,1.61,20.00,35.00,1.01,42892312,2026-09-23T02:53:29Z
C,ta,leaf_rand_K10,async,128,8,0,0.00,100.00,794.49,302.52,228.66,73.86,,,1097.01,868.35,1.60,21.00,28.00,1.01,42892880,2026-09-23T02:53:29Z
C,1gb,layers_5,async,128,8,0,0.00,100.00,1096.88,295.10,227.58,67.52,,,1391.98,1164.40,1.67,36.00,63.00,1.01,42892992,2026-09-23T02:53:29Z
C,1gb,layers_92,async,128,8,0,0.00,100.00,1055.83,415.84,226.89,188.96,,,1471.67,1244.79,1.68,36.00,64.00,1.01,42893804,2026-09-23T02:53:30Z
C,1gb,2d,async,128,8,0,0.00,100.00,450.92,297.23,226.07,71.15,,,748.15,522.07,1.68,35.00,66.00,1.01,42894280,2026-09-23T02:53:30Z
C,1gb,2e_K10,async,128,8,0,0.00,100.00,145.75,313.83,229.02,84.81,,,459.58,230.56,1.70,38.00,76.00,1.01,42894720,2026-09-23T02:53:30Z
C,1gb,2e_K500,async,128,8,0,0.00,100.00,175.19,941.42,226.75,714.67,,,1116.61,889.86,1.64,35.00,104.00,1.01,42894028,2026-09-23T02:53:31Z
C,1gb,2f_top14,async,128,8,0,0.00,100.00,583.13,304.99,226.96,78.04,,,888.12,661.17,1.69,34.00,68.00,1.01,42895616,2026-09-23T02:53:31Z
C,1gb,2f_top28,async,128,8,0,0.00,100.00,547.23,321.54,227.98,93.57,,,868.77,640.80,1.70,34.00,67.00,1.01,42895308,2026-09-23T02:53:31Z
C,1gb,2f_top100,async,128,8,0,0.00,100.00,520.67,404.12,227.84,176.28,,,924.79,696.95,1.67,30.00,66.00,1.01,42896404,2026-09-23T02:53:31Z
C,1gb,2f_top500,async,128,8,0,0.00,100.00,527.90,1000.52,231.72,768.81,,,1528.42,1296.71,1.58,8.00,68.00,1.01,42895000,2026-09-23T02:53:32Z
C,1gb,2f_slru,async,128,8,0,0.00,100.00,94.28,1660.75,227.53,1433.22,,,1755.03,1527.50,1.57,0.00,64.00,1.01,42897660,2026-09-23T02:53:32Z
C,1gb,leaf_freq_K10,async,128,8,0,0.00,100.00,925.54,296.90,225.81,71.08,,,1222.44,996.62,1.68,39.00,73.00,1.01,42896544,2026-09-23T02:53:32Z
C,1gb,leaf_rand_K10,async,128,8,0,0.00,100.00,1245.17,300.35,227.26,73.09,,,1545.52,1318.26,1.69,36.00,63.00,1.01,42897324,2026-09-23T02:53:33Z
A,vacuum,baseline,baseline,128,9,0,0.00,0.00,1072.61,0.00,0.00,0.00,,,1072.61,1072.61,2.04,143.00,224.00,1.01,42888592,2026-09-23T02:53:33Z
A,ta,baseline,baseline,128,9,0,0.00,0.00,710.55,0.00,0.00,0.00,,,710.55,710.55,2.06,176.00,280.00,1.01,42889304,2026-09-23T02:53:33Z
A,1gb,baseline,baseline,128,9,0,0.00,0.00,1312.77,0.00,0.00,0.00,,,1312.77,1312.77,2.12,179.00,271.00,1.01,42888200,2026-09-23T02:53:33Z
B,vacuum,baseline,baseline,128,9,0,0.00,0.00,1027.54,0.00,0.00,0.00,,,1027.54,1027.54,2.05,140.00,224.00,1.01,42892080,2026-09-23T02:53:34Z
B,ta,baseline,baseline,128,9,0,0.00,0.00,789.84,0.00,0.00,0.00,,,789.84,789.84,2.14,180.00,265.00,1.01,42891716,2026-09-23T02:53:34Z
B,1gb,baseline,baseline,128,9,0,0.00,0.00,1322.36,0.00,0.00,0.00,,,1322.36,1322.36,2.20,183.00,259.00,1.01,42891232,2026-09-23T02:53:34Z
C,vacuum,baseline,baseline,128,9,0,0.00,0.00,1155.09,0.00,0.00,0.00,,,1155.09,1155.09,1.53,15.00,25.00,1.01,42892664,2026-09-23T02:53:35Z
C,ta,baseline,baseline,128,9,0,0.00,0.00,809.45,0.00,0.00,0.00,,,809.45,809.45,1.61,21.00,28.00,1.01,42893320,2026-09-23T02:53:35Z
C,1gb,baseline,baseline,128,9,0,0.00,0.00,1149.98,0.00,0.00,0.00,,,1149.98,1149.98,1.69,36.00,64.00,1.01,42892568,2026-09-23T02:53:35Z
A,vacuum,layers_5,async,128,9,0,0.00,100.00,980.66,263.39,195.24,68.16,,,1244.05,1048.82,2.01,144.00,221.00,1.01,42894584,2026-09-23T02:53:36Z
A,vacuum,layers_92,async,128,9,0,0.00,100.00,518.57,369.04,195.27,173.78,,,887.61,692.35,1.97,139.00,230.00,1.01,42895168,2026-09-23T02:53:36Z
A,vacuum,2d,async,128,9,0,0.00,100.00,576.46,281.02,203.09,77.93,,,857.48,654.39,2.01,139.00,230.00,1.01,42920056,2026-09-23T02:53:36Z
A,vacuum,2e_K10,async,128,9,0,0.00,100.00,511.29,291.11,198.68,92.42,,,802.40,603.71,2.00,139.00,239.00,1.01,42919552,2026-09-23T02:53:36Z
A,vacuum,2e_K500,async,128,9,0,0.00,32.60,685.60,885.48,195.61,689.87,,,1571.08,1375.47,1.97,142.00,335.00,1.01,42918740,2026-09-23T02:53:37Z
A,vacuum,2f_top14,async,128,9,0,0.00,100.00,577.53,276.55,198.03,78.52,,,854.08,656.05,2.00,140.00,232.00,1.01,42919820,2026-09-23T02:53:37Z
A,vacuum,2f_top28,async,128,9,0,0.00,100.00,587.36,298.77,197.79,100.98,,,886.13,688.34,1.98,142.00,243.00,1.01,42920468,2026-09-23T02:53:37Z
A,vacuum,2f_top100,async,128,9,0,0.00,100.00,573.89,394.02,203.59,190.43,,,967.91,764.32,2.00,144.00,262.00,1.01,42921060,2026-09-23T02:53:38Z
A,vacuum,2f_top500,async,128,9,0,0.00,7.40,1012.60,859.39,197.35,662.03,,,1871.99,1674.63,2.02,143.00,331.00,1.01,42922692,2026-09-23T02:53:38Z
A,vacuum,2f_slru,async,128,9,0,0.00,100.00,99.05,5445.03,196.65,5248.38,,,5544.08,5347.43,1.58,0.00,214.00,1.01,42915440,2026-09-23T02:53:38Z
A,vacuum,leaf_freq_K10,async,128,9,0,0.00,100.00,1066.80,273.63,196.25,77.39,,,1340.43,1144.19,2.01,142.00,233.00,1.01,42927488,2026-09-23T02:53:38Z
A,vacuum,leaf_rand_K10,async,128,9,0,0.00,100.00,1071.69,271.56,197.59,73.97,,,1343.25,1145.66,1.99,143.00,224.00,1.01,42928504,2026-09-23T02:53:39Z
A,ta,layers_5,async,128,9,0,0.00,100.00,1000.29,266.73,197.91,68.82,,,1267.02,1069.11,2.13,176.00,277.00,1.01,42928664,2026-09-23T02:53:39Z
A,ta,layers_92,async,128,9,0,0.00,100.00,571.99,363.96,196.49,167.47,,,935.95,739.46,2.06,175.00,277.00,1.01,42929152,2026-09-23T02:53:39Z
A,ta,2d,async,128,9,0,0.00,67.40,581.92,308.45,196.62,111.83,,,890.37,693.75,2.08,175.00,277.00,1.01,42929084,2026-09-23T02:53:40Z
A,ta,2e_K10,async,128,9,0,0.00,73.20,581.05,324.01,198.83,125.17,,,905.06,706.22,2.14,175.00,280.00,1.01,42929424,2026-09-23T02:53:40Z
A,ta,2e_K500,async,128,9,0,0.00,37.20,995.32,949.85,196.83,753.02,,,1945.17,1748.34,2.14,178.00,402.00,1.01,42930836,2026-09-23T02:53:40Z
A,ta,2f_top14,async,128,9,0,0.00,100.00,579.01,276.11,197.28,78.83,,,855.12,657.84,2.09,175.00,280.00,1.01,42931636,2026-09-23T02:53:41Z
A,ta,2f_top28,async,128,9,0,0.00,100.00,580.46,292.73,197.72,95.01,,,873.19,675.47,2.13,175.00,288.00,1.01,42934280,2026-09-23T02:53:41Z
A,ta,2f_top100,async,128,9,0,0.00,100.00,588.81,385.74,197.21,188.53,,,974.55,777.34,2.14,174.00,317.00,1.01,42934208,2026-09-23T02:53:41Z
A,ta,2f_top500,async,128,9,0,0.00,100.00,632.51,1002.95,197.36,805.58,,,1635.46,1438.09,2.12,177.00,406.00,1.01,42918024,2026-09-23T02:53:42Z
A,ta,2f_slru,async,128,9,0,0.00,100.00,97.47,7141.66,197.34,6944.32,,,7239.13,7041.79,1.57,0.00,279.00,1.01,42916292,2026-09-23T02:53:42Z
A,ta,leaf_freq_K10,async,128,9,0,0.00,100.00,716.10,268.65,194.61,74.05,,,984.75,790.15,2.11,176.00,284.00,1.01,42918432,2026-09-23T02:53:42Z
A,ta,leaf_rand_K10,async,128,9,0,0.00,100.00,753.75,271.46,196.90,74.56,,,1025.21,828.31,2.12,176.00,280.00,1.01,42918728,2026-09-23T02:53:42Z
A,1gb,layers_5,async,128,9,0,0.00,100.00,1384.93,264.17,195.78,68.39,,,1649.10,1453.32,2.15,180.00,268.00,1.01,42918572,2026-09-23T02:53:43Z
A,1gb,layers_92,async,128,9,0,0.00,100.00,958.26,390.19,197.40,192.79,,,1348.45,1151.05,2.16,178.00,280.00,1.01,42918992,2026-09-23T02:53:43Z
A,1gb,2d,async,128,9,0,0.00,100.00,564.03,286.35,198.82,87.53,,,850.38,651.56,2.16,177.00,281.00,1.01,42920020,2026-09-23T02:53:43Z
A,1gb,2e_K10,async,128,9,0,0.00,100.00,523.63,295.70,195.17,100.53,,,819.33,624.16,2.13,177.00,289.00,1.01,42905400,2026-09-23T02:53:44Z
A,1gb,2e_K500,async,128,9,0,0.00,36.70,606.90,871.08,197.84,673.24,,,1477.98,1280.14,2.13,176.00,397.00,1.01,42906064,2026-09-23T02:53:44Z
A,1gb,2f_top14,async,128,9,0,0.00,100.00,525.99,274.09,195.36,78.73,,,800.08,604.72,2.12,176.00,287.00,1.01,42906116,2026-09-23T02:53:44Z
A,1gb,2f_top28,async,128,9,0,0.00,100.00,574.93,329.34,228.56,100.78,,,904.27,675.71,2.13,176.00,295.00,1.01,42906376,2026-09-23T02:53:45Z
A,1gb,2f_top100,async,128,9,0,0.00,100.00,565.50,430.92,229.54,201.38,,,996.42,766.88,2.18,174.00,324.00,1.01,42906740,2026-09-23T02:53:45Z
A,1gb,2f_top500,async,128,9,0,0.00,40.60,604.63,896.64,233.94,662.70,,,1501.27,1267.33,2.12,176.00,400.00,1.01,42908052,2026-09-23T02:53:45Z
A,1gb,2f_slru,async,128,9,0,0.00,100.00,98.65,7167.27,227.73,6939.55,,,7265.92,7038.20,1.57,0.00,280.00,1.01,42906024,2026-09-23T02:53:46Z
A,1gb,leaf_freq_K10,async,128,9,0,0.00,100.00,1449.03,306.16,230.37,75.78,,,1755.19,1524.81,2.21,178.00,279.00,1.01,42908244,2026-09-23T02:53:46Z
A,1gb,leaf_rand_K10,async,128,9,0,0.00,100.00,1356.39,303.02,227.35,75.67,,,1659.41,1432.06,2.12,179.00,270.00,1.01,42908936,2026-09-23T02:53:46Z
B,vacuum,layers_5,async,128,9,0,0.00,100.00,942.63,297.03,228.01,69.02,,,1239.66,1011.65,2.07,140.00,220.00,1.01,42910492,2026-09-23T02:53:47Z
B,vacuum,layers_92,async,128,9,0,0.00,100.00,534.83,414.32,226.44,187.88,,,949.15,722.71,2.04,136.00,231.00,1.01,42911200,2026-09-23T02:53:47Z
B,vacuum,2d,async,128,9,0,0.00,100.00,659.34,308.76,227.89,80.87,,,968.10,740.21,2.05,136.00,231.00,1.01,42910280,2026-09-23T02:53:47Z
B,vacuum,2e_K10,async,128,9,0,0.00,100.00,492.97,315.81,227.19,88.63,,,808.78,581.60,2.01,136.00,232.00,1.01,42908988,2026-09-23T02:53:48Z
B,vacuum,2e_K500,async,128,9,0,0.00,100.00,639.14,1090.76,227.47,863.29,,,1729.90,1502.43,2.01,137.00,272.00,1.01,42910088,2026-09-23T02:53:48Z
B,vacuum,2f_top14,async,128,9,0,0.00,100.00,665.16,307.88,228.11,79.77,,,973.04,744.93,2.06,136.00,231.00,1.01,42909440,2026-09-23T02:53:48Z
B,vacuum,2f_top28,async,128,9,0,0.00,100.00,563.99,326.90,228.59,98.31,,,890.89,662.30,2.05,136.00,234.00,1.01,42910508,2026-09-23T02:53:49Z
B,vacuum,2f_top100,async,128,9,0,0.00,100.00,659.54,422.12,227.03,195.10,,,1081.66,854.64,2.05,138.00,252.00,1.01,42910196,2026-09-23T02:53:49Z
B,vacuum,2f_top500,async,128,9,0,0.00,100.00,701.91,1053.24,227.32,825.92,,,1755.15,1527.83,2.03,137.00,275.00,1.01,42912340,2026-09-23T02:53:49Z
B,vacuum,2f_slru,async,128,9,0,0.00,100.00,98.14,5562.96,230.23,5332.73,,,5661.10,5430.87,1.59,0.00,214.00,1.01,42914192,2026-09-23T02:53:49Z
B,vacuum,leaf_freq_K10,async,128,9,0,0.00,100.00,1027.18,300.56,227.45,73.11,,,1327.74,1100.29,2.02,139.00,225.00,1.01,42913996,2026-09-23T02:53:50Z
B,vacuum,leaf_rand_K10,async,128,9,0,0.00,100.00,1136.01,302.53,227.26,75.27,,,1438.54,1211.28,2.07,140.00,224.00,1.01,42914420,2026-09-23T02:53:50Z
B,ta,layers_5,async,128,9,0,0.00,100.00,1045.28,297.10,228.93,68.17,,,1342.38,1113.45,2.18,180.00,264.00,1.01,42913304,2026-09-23T02:53:50Z
B,ta,layers_92,async,128,9,0,0.00,46.70,584.46,394.86,229.18,165.68,,,979.32,750.14,2.20,179.00,264.00,1.01,42913840,2026-09-23T02:53:51Z
B,ta,2d,async,128,9,0,0.00,77.50,682.20,331.74,225.58,106.16,,,1013.94,788.36,2.17,179.00,264.00,1.01,42914184,2026-09-23T02:53:51Z
B,ta,2e_K10,async,128,9,0,0.00,78.00,666.38,346.09,228.35,117.74,,,1012.47,784.12,2.19,180.00,262.00,1.01,42914640,2026-09-23T02:53:51Z
B,ta,2e_K500,async,128,9,0,0.00,20.20,679.54,950.27,228.11,722.16,,,1629.81,1401.70,2.18,183.00,320.00,1.01,42915668,2026-09-23T02:53:52Z
B,ta,2f_top14,async,128,9,0,0.00,100.00,688.75,304.01,225.86,78.15,,,992.76,766.90,2.20,179.00,264.00,1.01,42916276,2026-09-23T02:53:52Z
B,ta,2f_top28,async,128,9,0,0.00,100.00,693.74,341.05,241.88,99.17,,,1034.79,792.91,2.20,180.00,261.00,1.01,42916312,2026-09-23T02:53:52Z
B,ta,2f_top100,async,128,9,0,0.00,100.00,692.74,427.67,226.98,200.70,,,1120.41,893.44,2.19,183.00,275.00,1.01,42917676,2026-09-23T02:53:53Z
B,ta,2f_top500,async,128,9,0,0.00,100.00,690.83,1047.81,229.36,818.45,,,1738.64,1509.28,2.18,183.00,321.00,1.01,42919136,2026-09-23T02:53:53Z
B,ta,2f_slru,async,128,9,0,0.00,100.00,96.84,7105.31,229.20,6876.11,,,7202.15,6972.95,1.62,0.00,279.00,1.00,42915892,2026-09-23T02:53:53Z
B,ta,leaf_freq_K10,async,128,9,0,0.00,100.00,836.91,302.85,228.24,74.61,,,1139.76,911.52,2.20,181.00,263.00,1.00,42918876,2026-09-23T02:53:53Z
B,ta,leaf_rand_K10,async,128,9,0,0.00,100.00,861.93,300.72,226.26,74.46,,,1162.65,936.39,2.19,180.00,265.00,1.00,42918920,2026-09-23T02:53:54Z
B,1gb,layers_5,async,128,9,0,0.00,100.00,1256.55,299.11,226.73,72.39,,,1555.66,1328.94,2.21,183.00,259.00,1.00,42917684,2026-09-23T02:53:54Z
B,1gb,layers_92,async,128,9,0,0.00,100.00,975.13,416.14,227.30,188.84,,,1391.27,1163.97,2.22,182.00,271.00,1.00,42901468,2026-09-23T02:53:54Z
B,1gb,2d,async,128,9,0,0.00,100.00,637.41,287.13,196.99,90.14,,,924.54,727.55,2.25,181.00,272.00,1.00,42902372,2026-09-23T02:53:55Z
B,1gb,2e_K10,async,128,9,0,0.00,100.00,599.45,299.37,192.51,106.86,,,898.82,706.31,2.85,182.00,272.00,1.00,42903808,2026-09-23T02:53:55Z
B,1gb,2e_K500,async,128,9,0,0.00,100.00,1648.86,1839.11,758.79,1080.32,,,3487.97,2729.18,3.01,185.00,319.00,1.00,42904872,2026-09-23T02:53:56Z
B,1gb,2f_top14,async,128,9,0,0.00,100.00,669.39,285.71,206.29,79.42,,,955.10,748.81,2.18,181.00,273.00,1.00,42905340,2026-09-23T02:53:56Z
B,1gb,2f_top28,async,128,9,0,0.00,100.00,667.87,293.59,195.98,97.61,,,961.46,765.48,2.18,182.00,273.00,1.00,42905980,2026-09-23T02:53:56Z
B,1gb,2f_top100,async,128,9,0,0.00,100.00,566.16,386.33,194.93,191.40,,,952.49,757.56,2.17,184.00,284.00,1.00,42921684,2026-09-23T02:53:57Z
B,1gb,2f_top500,async,128,9,0,0.00,100.00,532.24,1003.53,193.08,810.44,,,1535.77,1342.68,2.14,184.00,319.00,1.00,42922936,2026-09-23T02:53:57Z
B,1gb,2f_slru,async,128,9,0,0.00,100.00,99.56,7146.04,197.28,6948.76,,,7245.60,7048.32,1.62,0.00,280.00,1.00,42920084,2026-09-23T02:53:57Z
B,1gb,leaf_freq_K10,async,128,9,0,0.00,100.00,1390.81,270.82,196.15,74.67,,,1661.63,1465.48,2.16,183.00,258.00,1.00,42924156,2026-09-23T02:53:58Z
B,1gb,leaf_rand_K10,async,128,9,0,0.00,100.00,1387.74,274.32,197.56,76.75,,,1662.06,1464.49,2.19,183.00,258.00,1.00,42924388,2026-09-23T02:53:58Z
C,vacuum,layers_5,async,128,9,0,0.00,100.00,1044.17,264.92,195.88,69.04,,,1309.09,1113.21,1.51,15.00,25.00,1.00,42925256,2026-09-23T02:53:58Z
C,vacuum,layers_92,async,128,9,0,0.00,100.00,658.22,394.77,203.46,191.31,,,1052.99,849.53,1.53,14.00,30.00,1.00,42925104,2026-09-23T02:53:58Z
C,vacuum,2d,async,128,9,0,0.00,100.00,653.94,265.14,196.72,68.42,,,919.08,722.36,1.52,14.00,30.00,1.00,42921576,2026-09-23T02:53:59Z
C,vacuum,2e_K10,async,128,9,0,0.00,92.90,178.53,273.40,195.04,78.37,,,451.93,256.90,1.53,13.00,33.00,1.00,42922256,2026-09-23T02:53:59Z
C,vacuum,2e_K500,async,128,9,0,0.00,46.70,173.29,687.66,191.52,496.14,,,860.95,669.43,1.47,0.00,30.00,1.00,42921896,2026-09-23T02:53:59Z
C,vacuum,2f_top14,async,128,9,0,0.00,92.90,172.08,269.89,190.42,79.47,,,441.97,251.55,1.52,12.00,31.00,1.00,42923640,2026-09-23T02:53:59Z
C,vacuum,2f_top28,async,128,9,0,0.00,100.00,171.11,286.64,192.03,94.61,,,457.75,265.72,1.53,12.00,32.00,1.00,42923808,2026-09-23T02:54:00Z
C,vacuum,2f_top100,async,128,9,0,0.00,100.00,176.21,375.79,194.74,181.05,,,552.00,357.26,1.51,9.00,29.00,1.00,42923736,2026-09-23T02:54:00Z
C,vacuum,2f_top500,async,128,9,0,0.00,100.00,86.75,780.92,194.38,586.54,,,867.67,673.29,1.47,0.00,30.00,1.00,42912304,2026-09-23T02:54:00Z
C,vacuum,2f_slru,async,128,9,0,0.00,100.00,92.72,787.14,196.39,590.75,,,879.86,683.47,1.48,0.00,30.00,1.00,42915904,2026-09-23T02:54:00Z
C,vacuum,leaf_freq_K10,async,128,9,0,0.00,100.00,784.64,269.45,195.30,74.15,,,1054.09,858.79,1.53,14.00,28.00,1.00,42915848,2026-09-23T02:54:01Z
C,vacuum,leaf_rand_K10,async,128,9,0,0.00,100.00,1145.23,269.31,194.89,74.42,,,1414.54,1219.65,1.55,15.00,25.00,1.00,42916528,2026-09-23T02:54:01Z
C,ta,layers_5,async,128,9,0,0.00,100.00,783.91,259.85,191.97,67.88,,,1043.76,851.79,1.58,21.00,28.00,1.00,42917100,2026-09-23T02:54:01Z
C,ta,layers_92,async,128,9,0,0.00,100.00,433.20,358.44,194.50,163.95,,,791.64,597.15,1.59,20.00,29.00,1.00,42917544,2026-09-23T02:54:01Z
C,ta,2d,async,128,9,0,0.00,64.60,441.52,309.32,194.45,114.88,,,750.84,556.40,1.60,20.00,29.00,1.00,42919288,2026-09-23T02:54:02Z
C,ta,2e_K10,async,128,9,0,0.00,70.70,174.94,326.37,194.70,131.68,,,501.31,306.62,1.58,19.00,36.00,1.00,42913532,2026-09-23T02:54:02Z
C,ta,2e_K500,async,128,9,0,0.00,100.00,176.04,817.93,198.17,619.75,,,993.97,795.79,1.54,0.00,38.00,1.00,42911648,2026-09-23T02:54:02Z
C,ta,2f_top14,async,128,9,0,0.00,100.00,173.76,273.80,192.50,81.29,,,447.56,255.05,1.58,18.00,36.00,1.00,42910052,2026-09-23T02:54:02Z
C,ta,2f_top28,async,128,9,0,0.00,100.00,174.16,284.76,186.68,98.08,,,458.92,272.24,1.59,18.00,35.00,1.00,42910944,2026-09-23T02:54:03Z
C,ta,2f_top100,async,128,9,0,0.00,100.00,173.96,370.68,195.23,175.45,,,544.64,349.41,1.58,14.00,35.00,1.00,42911104,2026-09-23T02:54:03Z
C,ta,2f_top500,async,128,9,0,0.00,100.00,87.53,1049.34,193.60,855.74,,,1136.87,943.27,1.54,0.00,38.00,1.00,42911884,2026-09-23T02:54:03Z
C,ta,2f_slru,async,128,9,0,0.00,100.00,89.32,997.86,192.59,805.26,,,1087.18,894.58,1.53,0.00,38.00,1.00,42913944,2026-09-23T02:54:03Z
C,ta,leaf_freq_K10,async,128,9,0,0.00,100.00,947.18,300.15,225.79,74.36,,,1247.33,1021.54,1.59,20.00,35.00,1.00,42913288,2026-09-23T02:54:04Z
C,ta,leaf_rand_K10,async,128,9,0,0.00,100.00,786.47,301.78,227.06,74.72,,,1088.25,861.19,1.58,21.00,28.00,1.00,42914600,2026-09-23T02:54:04Z
C,1gb,layers_5,async,128,9,0,0.00,100.00,1200.38,295.05,226.82,68.23,,,1495.43,1268.61,1.67,36.00,63.00,1.00,42914720,2026-09-23T02:54:04Z
C,1gb,layers_92,async,128,9,0,0.00,100.00,1123.54,406.68,225.67,181.01,,,1530.22,1304.55,1.66,36.00,64.00,1.00,42914816,2026-09-23T02:54:05Z
C,1gb,2d,async,128,9,0,0.00,100.00,448.29,297.45,226.33,71.12,,,745.74,519.41,1.65,35.00,66.00,1.00,42915196,2026-09-23T02:54:05Z
C,1gb,2e_K10,async,128,9,0,0.00,100.00,144.72,313.47,230.17,83.30,,,458.19,228.02,1.66,38.00,76.00,1.00,42914792,2026-09-23T02:54:05Z
C,1gb,2e_K500,async,128,9,0,0.00,100.00,179.10,933.03,227.13,705.91,,,1112.13,885.01,1.63,35.00,103.00,1.00,42915200,2026-09-23T02:54:05Z
C,1gb,2f_top14,async,128,9,0,0.00,100.00,584.13,307.82,227.23,80.59,,,891.95,664.72,1.66,34.00,68.00,1.00,42900484,2026-09-23T02:54:06Z
C,1gb,2f_top28,async,128,9,0,0.00,100.00,539.99,316.55,225.15,91.39,,,856.54,631.38,1.65,34.00,67.00,1.00,42901252,2026-09-23T02:54:06Z
C,1gb,2f_top100,async,128,9,0,0.00,100.00,457.01,405.16,226.19,178.97,,,862.17,635.98,1.64,30.00,66.00,1.00,42901908,2026-09-23T02:54:06Z
C,1gb,2f_top500,async,128,9,0,0.00,100.00,519.92,929.38,229.76,699.62,,,1449.30,1219.54,1.62,8.00,68.00,1.00,42902244,2026-09-23T02:54:06Z
C,1gb,2f_slru,async,128,9,0,0.00,100.00,92.69,1676.83,224.43,1452.40,,,1769.52,1545.09,1.54,0.00,64.00,1.00,42904120,2026-09-23T02:54:07Z
C,1gb,leaf_freq_K10,async,128,9,0,0.00,100.00,987.85,299.03,227.88,71.15,,,1286.88,1059.00,1.67,39.00,73.00,1.00,42903380,2026-09-23T02:54:07Z
C,1gb,leaf_rand_K10,async,128,9,0,0.00,100.00,1289.16,305.46,229.88,75.58,,,1594.62,1364.74,1.66,36.00,63.00,1.00,42905788,2026-09-23T02:54:07Z
A,vacuum,baseline,baseline,128,10,0,0.00,0.00,1064.02,0.00,0.00,0.00,,,1064.02,1064.02,1.95,143.00,224.00,1.00,42905224,2026-09-23T02:54:08Z
A,ta,baseline,baseline,128,10,0,0.00,0.00,796.02,0.00,0.00,0.00,,,796.02,796.02,2.10,176.00,280.00,1.00,42906432,2026-09-23T02:54:08Z
A,1gb,baseline,baseline,128,10,0,0.00,0.00,1424.55,0.00,0.00,0.00,,,1424.55,1424.55,2.14,179.00,271.00,1.00,42906436,2026-09-23T02:54:08Z
B,vacuum,baseline,baseline,128,10,0,0.00,0.00,1157.20,0.00,0.00,0.00,,,1157.20,1157.20,2.04,140.00,224.00,1.00,42908204,2026-09-23T02:54:09Z
B,ta,baseline,baseline,128,10,0,0.00,0.00,848.24,0.00,0.00,0.00,,,848.24,848.24,2.17,180.00,265.00,1.00,42908272,2026-09-23T02:54:09Z
B,1gb,baseline,baseline,128,10,0,0.00,0.00,1277.17,0.00,0.00,0.00,,,1277.17,1277.17,2.15,183.00,259.00,1.00,42908372,2026-09-23T02:54:09Z
C,vacuum,baseline,baseline,128,10,0,0.00,0.00,1162.64,0.00,0.00,0.00,,,1162.64,1162.64,1.52,15.00,25.00,1.00,42911000,2026-09-23T02:54:09Z
C,ta,baseline,baseline,128,10,0,0.00,0.00,816.99,0.00,0.00,0.00,,,816.99,816.99,1.58,21.00,28.00,1.00,42912296,2026-09-23T02:54:10Z
C,1gb,baseline,baseline,128,10,0,0.00,0.00,1361.67,0.00,0.00,0.00,,,1361.67,1361.67,1.66,36.00,64.00,1.00,42910840,2026-09-23T02:54:10Z
A,vacuum,layers_5,async,128,10,0,0.00,100.00,975.23,264.63,195.94,68.69,,,1239.86,1043.92,2.00,144.00,221.00,1.00,42912980,2026-09-23T02:54:10Z
A,vacuum,layers_92,async,128,10,0,0.00,100.00,573.88,377.98,196.15,181.83,,,951.86,755.71,1.97,139.00,230.00,1.00,42913376,2026-09-23T02:54:11Z
A,vacuum,2d,async,128,10,0,0.00,100.00,576.99,274.64,197.43,77.20,,,851.63,654.19,1.98,139.00,230.00,1.00,42900832,2026-09-23T02:54:11Z
A,vacuum,2e_K10,async,128,10,0,0.00,100.00,579.66,278.69,193.10,85.59,,,858.35,665.25,1.99,139.00,239.00,1.00,42896272,2026-09-23T02:54:11Z
A,vacuum,2e_K500,async,128,10,0,0.00,20.10,617.92,894.91,195.67,699.25,,,1512.83,1317.17,1.95,142.00,333.00,1.00,42896652,2026-09-23T02:54:12Z
A,vacuum,2f_top14,async,128,10,0,0.00,100.00,573.31,274.24,195.36,78.88,,,847.55,652.19,1.97,140.00,232.00,1.00,42898260,2026-09-23T02:54:12Z
A,vacuum,2f_top28,async,128,10,0,0.00,100.00,571.13,298.58,197.31,101.27,,,869.71,672.40,1.96,142.00,243.00,1.00,42897996,2026-09-23T02:54:12Z
A,vacuum,2f_top100,async,128,10,0,0.00,100.00,575.78,389.71,198.71,191.00,,,965.49,766.78,2.00,144.00,262.00,1.00,42897312,2026-09-23T02:54:12Z
A,vacuum,2f_top500,async,128,10,0,0.00,19.40,598.01,866.51,198.76,667.75,,,1464.52,1265.76,1.96,143.00,329.00,1.00,42896740,2026-09-23T02:54:13Z
A,vacuum,2f_slru,async,128,10,0,0.00,100.00,98.08,5424.02,196.64,5227.38,,,5522.10,5325.46,1.56,0.00,214.00,1.00,42898580,2026-09-23T02:54:13Z
A,vacuum,leaf_freq_K10,async,128,10,0,0.00,100.00,1062.76,272.89,197.52,75.37,,,1335.65,1138.13,1.99,142.00,233.00,1.00,42896756,2026-09-23T02:54:13Z
A,vacuum,leaf_rand_K10,async,128,10,0,0.00,100.00,1072.95,273.15,198.12,75.03,,,1346.10,1147.98,2.01,143.00,224.00,1.00,42897868,2026-09-23T02:54:14Z
A,ta,layers_5,async,128,10,0,0.00,100.00,993.20,264.66,196.07,68.59,,,1257.86,1061.79,2.11,176.00,277.00,1.00,42898148,2026-09-23T02:54:14Z
A,ta,layers_92,async,128,10,0,0.00,93.50,573.83,364.94,198.60,166.33,,,938.77,740.16,2.09,175.00,277.00,1.00,42897924,2026-09-23T02:54:14Z
A,ta,2d,async,128,10,0,0.00,100.00,580.51,308.94,196.25,112.69,,,889.45,693.20,2.11,175.00,277.00,1.00,42897904,2026-09-23T02:54:14Z
A,ta,2e_K10,async,128,10,0,0.00,98.20,514.14,319.24,195.32,123.92,,,833.38,638.06,2.08,175.00,280.00,1.00,42898248,2026-09-23T02:54:15Z
A,ta,2e_K500,async,128,10,0,0.00,39.90,1095.26,976.00,197.31,778.68,,,2071.26,1873.94,2.10,178.00,403.00,1.00,42899680,2026-09-23T02:54:15Z
A,ta,2f_top14,async,128,10,0,0.00,100.00,580.05,270.69,197.23,73.46,,,850.74,653.51,2.08,175.00,280.00,1.00,42901096,2026-09-23T02:54:15Z
A,ta,2f_top28,async,128,10,0,0.00,100.00,577.91,291.60,193.51,98.08,,,869.51,675.99,2.09,175.00,288.00,1.00,42902156,2026-09-23T02:54:16Z
A,ta,2f_top100,async,128,10,0,0.00,100.00,610.84,386.95,198.66,188.28,,,997.79,799.12,2.14,174.00,316.00,1.00,42902444,2026-09-23T02:54:16Z
A,ta,2f_top500,async,128,10,0,0.00,10.40,726.20,846.17,196.28,649.89,,,1572.37,1376.09,2.13,177.00,405.00,1.00,42902124,2026-09-23T02:54:16Z
A,ta,2f_slru,async,128,10,0,0.00,100.00,95.75,7083.45,197.84,6885.60,,,7179.20,6981.35,1.57,0.00,279.00,1.00,42900968,2026-09-23T02:54:17Z
A,ta,leaf_freq_K10,async,128,10,0,0.00,100.00,715.64,271.49,195.34,76.15,,,987.13,791.79,2.10,176.00,284.00,1.00,42903788,2026-09-23T02:54:17Z
A,ta,leaf_rand_K10,async,128,10,0,0.00,100.00,752.18,275.09,197.82,77.27,,,1027.27,829.45,2.12,176.00,280.00,1.00,42915216,2026-09-23T02:54:17Z
A,1gb,layers_5,async,128,10,0,0.00,100.00,1350.82,268.17,199.02,69.15,,,1618.99,1419.97,2.12,180.00,268.00,1.00,42916672,2026-09-23T02:54:18Z
A,1gb,layers_92,async,128,10,0,0.00,100.00,988.41,403.99,194.92,209.07,,,1392.40,1197.48,2.15,178.00,280.00,1.00,42915584,2026-09-23T02:54:18Z
A,1gb,2d,async,128,10,0,0.00,100.00,561.29,284.11,197.51,86.60,,,845.40,647.89,2.10,177.00,281.00,1.00,42915656,2026-09-23T02:54:18Z
A,1gb,2e_K10,async,128,10,0,0.00,100.00,595.04,311.50,207.00,104.50,,,906.54,699.54,2.14,177.00,289.00,1.00,42915600,2026-09-23T02:54:19Z
A,1gb,2e_K500,async,128,10,0,0.00,38.20,602.41,878.33,197.49,680.84,,,1480.74,1283.25,2.09,176.00,395.00,1.00,42916684,2026-09-23T02:54:19Z
A,1gb,2f_top14,async,128,10,0,0.00,100.00,559.35,277.33,198.47,78.86,,,836.68,638.21,2.14,176.00,287.00,1.00,42916904,2026-09-23T02:54:19Z
A,1gb,2f_top28,async,128,10,0,0.00,100.00,533.39,329.40,228.04,101.36,,,862.79,634.75,2.07,176.00,295.00,1.00,42918356,2026-09-23T02:54:20Z
A,1gb,2f_top100,async,128,10,0,0.00,100.00,593.71,429.82,228.08,201.74,,,1023.53,795.45,2.13,174.00,323.00,1.00,42918432,2026-09-23T02:54:20Z
A,1gb,2f_top500,async,128,10,0,0.00,100.00,604.28,1041.98,225.48,816.50,,,1646.26,1420.78,2.09,176.00,400.00,1.00,42918836,2026-09-23T02:54:20Z
A,1gb,2f_slru,async,128,10,0,0.00,100.00,101.66,7200.61,228.47,6972.14,,,7302.27,7073.80,1.55,0.00,280.00,1.00,42920900,2026-09-23T02:54:20Z
A,1gb,leaf_freq_K10,async,128,10,0,0.00,100.00,1574.34,303.92,228.82,75.10,,,1878.26,1649.44,2.14,178.00,279.00,1.00,42920708,2026-09-23T02:54:21Z
A,1gb,leaf_rand_K10,async,128,10,0,0.00,100.00,1438.22,304.70,228.99,75.71,,,1742.92,1513.93,2.14,179.00,270.00,1.00,42922064,2026-09-23T02:54:21Z
B,vacuum,layers_5,async,128,10,0,0.00,100.00,980.77,296.51,227.26,69.25,,,1277.28,1050.02,2.04,140.00,220.00,1.00,42923488,2026-09-23T02:54:21Z
B,vacuum,layers_92,async,128,10,0,0.00,100.00,537.70,415.56,228.54,187.02,,,953.26,724.72,2.03,136.00,231.00,1.00,42923920,2026-09-23T02:54:22Z
B,vacuum,2d,async,128,10,0,0.00,100.00,533.04,307.34,228.63,78.71,,,840.38,611.75,2.03,136.00,231.00,1.00,42923520,2026-09-23T02:54:22Z
B,vacuum,2e_K10,async,128,10,0,0.00,100.00,663.11,322.30,230.81,91.48,,,985.41,754.59,2.06,136.00,232.00,1.00,42908076,2026-09-23T02:54:22Z
B,vacuum,2e_K500,async,128,10,0,0.00,100.00,581.27,1099.04,230.68,868.35,,,1680.31,1449.62,2.01,137.00,272.00,1.00,42908024,2026-09-23T02:54:23Z
B,vacuum,2f_top14,async,128,10,0,0.00,100.00,564.30,310.15,228.59,81.56,,,874.45,645.86,2.04,136.00,231.00,1.00,42908300,2026-09-23T02:54:23Z
B,vacuum,2f_top28,async,128,10,0,0.00,100.00,530.30,324.37,227.48,96.89,,,854.67,627.19,2.01,136.00,234.00,1.00,42909008,2026-09-23T02:54:23Z
B,vacuum,2f_top100,async,128,10,0,0.00,100.00,625.72,426.75,234.58,192.17,,,1052.47,817.89,2.04,138.00,254.00,1.00,42910148,2026-09-23T02:54:24Z
B,vacuum,2f_top500,async,128,10,0,0.00,100.00,714.83,1039.36,228.74,810.61,,,1754.19,1525.44,2.01,137.00,275.00,1.00,42910088,2026-09-23T02:54:24Z
B,vacuum,2f_slru,async,128,10,0,0.00,100.00,94.95,5499.71,229.92,5269.79,,,5594.66,5364.74,1.63,0.00,214.00,1.00,42911096,2026-09-23T02:54:24Z
B,vacuum,leaf_freq_K10,async,128,10,0,0.00,100.00,964.11,303.80,230.02,73.78,,,1267.91,1037.89,2.06,139.00,225.00,1.00,42910440,2026-09-23T02:54:24Z
B,vacuum,leaf_rand_K10,async,128,10,0,0.00,100.00,1095.77,299.85,228.64,71.21,,,1395.62,1166.98,2.07,140.00,224.00,1.00,42911004,2026-09-23T02:54:25Z
B,ta,layers_5,async,128,10,0,0.00,100.00,1049.08,291.57,223.93,67.64,,,1340.65,1116.72,2.16,180.00,264.00,1.00,42910412,2026-09-23T02:54:25Z
B,ta,layers_92,async,128,10,0,0.00,100.00,599.84,392.95,227.77,165.18,,,992.79,765.02,2.17,179.00,264.00,1.00,42911556,2026-09-23T02:54:25Z
B,ta,2d,async,128,10,0,0.00,100.00,585.55,333.04,227.90,105.14,,,918.59,690.69,2.13,179.00,264.00,1.00,42911684,2026-09-23T02:54:26Z
B,ta,2e_K10,async,128,10,0,0.00,78.00,661.71,349.13,229.59,119.53,,,1010.84,781.24,2.18,180.00,262.00,1.00,42912264,2026-09-23T02:54:26Z
B,ta,2e_K500,async,128,10,0,0.00,21.50,669.39,955.18,226.76,728.43,,,1624.57,1397.82,2.18,183.00,319.00,1.00,42912908,2026-09-23T02:54:26Z
B,ta,2f_top14,async,128,10,0,0.00,100.00,665.50,312.69,230.96,81.72,,,978.19,747.22,2.20,179.00,264.00,1.00,42912768,2026-09-23T02:54:27Z
B,ta,2f_top28,async,128,10,0,0.00,100.00,663.32,327.05,228.95,98.09,,,990.37,761.41,2.16,180.00,261.00,1.00,42913100,2026-09-23T02:54:27Z
B,ta,2f_top100,async,128,10,0,0.00,100.00,556.57,428.17,227.58,200.59,,,984.74,757.16,2.14,183.00,276.00,1.00,42911772,2026-09-23T02:54:27Z
B,ta,2f_top500,async,128,10,0,0.00,100.00,690.89,1041.37,227.54,813.83,,,1732.26,1504.72,2.17,183.00,320.00,1.00,42894528,2026-09-23T02:54:28Z
B,ta,2f_slru,async,128,10,0,0.00,100.00,96.30,7125.95,228.13,6897.82,,,7222.25,6994.12,1.60,0.00,279.00,1.00,42891908,2026-09-23T02:54:28Z
B,ta,leaf_freq_K10,async,128,10,0,0.00,100.00,867.58,301.42,227.40,74.02,,,1169.00,941.60,2.19,181.00,263.00,1.00,42894552,2026-09-23T02:54:28Z
B,ta,leaf_rand_K10,async,128,10,0,0.00,100.00,703.28,303.84,226.70,77.14,,,1007.12,780.42,2.15,180.00,265.00,1.00,42895252,2026-09-23T02:54:28Z
B,1gb,layers_5,async,128,10,0,0.00,100.00,1268.59,294.79,226.58,68.22,,,1563.38,1336.81,2.17,183.00,259.00,1.00,42895352,2026-09-23T02:54:29Z
B,1gb,layers_92,async,128,10,0,0.00,100.00,1034.82,431.34,229.04,202.30,,,1466.16,1237.12,2.20,182.00,271.00,1.00,42896012,2026-09-23T02:54:29Z
B,1gb,2d,async,128,10,0,0.00,100.00,627.62,284.58,197.71,86.87,,,912.20,714.49,2.15,181.00,273.00,1.00,42896448,2026-09-23T02:54:29Z
B,1gb,2e_K10,async,128,10,0,0.00,100.00,624.09,306.48,197.41,109.06,,,930.57,733.15,2.17,182.00,273.00,1.00,42897036,2026-09-23T02:54:30Z
B,1gb,2e_K500,async,128,10,0,0.00,100.00,651.84,1079.69,195.86,883.83,,,1731.53,1535.67,2.14,185.00,317.00,1.00,42897464,2026-09-23T02:54:30Z
B,1gb,2f_top14,async,128,10,0,0.00,100.00,632.63,287.20,206.89,80.31,,,919.83,712.94,2.17,181.00,273.00,1.00,42898240,2026-09-23T02:54:30Z
B,1gb,2f_top28,async,128,10,0,0.00,100.00,655.26,294.68,194.95,99.74,,,949.94,755.00,2.17,182.00,273.00,1.00,42898624,2026-09-23T02:54:31Z
B,1gb,2f_top100,async,128,10,0,0.00,100.00,530.75,378.76,190.28,188.48,,,909.51,719.23,2.14,184.00,283.00,1.00,42897604,2026-09-23T02:54:31Z
B,1gb,2f_top500,async,128,10,0,0.00,100.00,632.31,1024.28,197.64,826.63,,,1656.59,1458.94,2.14,184.00,318.00,1.00,42899936,2026-09-23T02:54:31Z
B,1gb,2f_slru,async,128,10,0,0.00,100.00,99.45,7137.95,197.19,6940.76,,,7237.40,7040.21,1.61,0.00,280.00,1.00,42896496,2026-09-23T02:54:32Z
B,1gb,leaf_freq_K10,async,128,10,0,0.00,100.00,1453.45,272.90,197.27,75.63,,,1726.35,1529.08,2.20,183.00,258.00,1.00,42898724,2026-09-23T02:54:32Z
B,1gb,leaf_rand_K10,async,128,10,0,0.00,100.00,1461.77,281.24,200.60,80.64,,,1743.01,1542.41,2.19,183.00,258.00,1.00,42898860,2026-09-23T02:54:32Z
C,vacuum,layers_5,async,128,10,0,0.00,100.00,1048.22,263.92,194.89,69.03,,,1312.14,1117.25,1.53,15.00,25.00,1.00,42891576,2026-09-23T02:54:33Z
C,vacuum,layers_92,async,128,10,0,0.00,100.00,655.97,381.88,196.92,184.96,,,1037.85,840.93,1.53,14.00,30.00,1.00,42890900,2026-09-23T02:54:33Z
C,vacuum,2d,async,128,10,0,0.00,100.00,653.01,263.72,194.68,69.04,,,916.73,722.05,1.53,14.00,30.00,1.00,42891540,2026-09-23T02:54:33Z
C,vacuum,2e_K10,async,128,10,0,0.00,92.90,172.88,273.34,195.03,78.32,,,446.22,251.20,1.53,13.00,33.00,1.00,42892532,2026-09-23T02:54:33Z
C,vacuum,2e_K500,async,128,10,0,0.00,45.60,174.60,687.02,197.12,489.90,,,861.62,664.50,1.47,0.00,30.00,1.00,42892640,2026-09-23T02:54:34Z
C,vacuum,2f_top14,async,128,10,0,0.00,92.90,172.08,274.81,194.92,79.89,,,446.89,251.97,1.53,12.00,31.00,1.00,42892808,2026-09-23T02:54:34Z
C,vacuum,2f_top28,async,128,10,0,0.00,32.10,169.48,287.10,192.42,94.68,,,456.58,264.16,1.52,12.00,32.00,1.00,42891636,2026-09-23T02:54:34Z
C,vacuum,2f_top100,async,128,10,0,0.00,39.00,171.17,376.81,194.51,182.29,,,547.98,353.46,1.52,9.00,29.00,1.00,42892644,2026-09-23T02:54:34Z
C,vacuum,2f_top500,async,128,10,0,0.00,100.00,85.53,784.24,193.79,590.45,,,869.77,675.98,1.48,0.00,30.00,1.00,42893748,2026-09-23T02:54:35Z
C,vacuum,2f_slru,async,128,10,0,0.00,100.00,87.26,774.40,194.34,580.05,,,861.66,667.31,1.47,0.00,30.00,1.00,42894112,2026-09-23T02:54:35Z
C,vacuum,leaf_freq_K10,async,128,10,0,0.00,100.00,715.88,264.61,191.46,73.15,,,980.49,789.03,1.53,14.00,28.00,1.00,42893388,2026-09-23T02:54:35Z
C,vacuum,leaf_rand_K10,async,128,10,0,0.00,100.00,1143.30,269.57,195.30,74.27,,,1412.87,1217.57,1.56,15.00,25.00,1.00,42894612,2026-09-23T02:54:35Z
C,ta,layers_5,async,128,10,0,0.00,100.00,782.17,261.25,194.28,66.98,,,1043.42,849.15,1.60,21.00,28.00,1.00,42895072,2026-09-23T02:54:36Z
C,ta,layers_92,async,128,10,0,0.00,41.30,378.87,361.74,192.67,169.07,,,740.61,547.94,1.59,20.00,29.00,1.00,42896200,2026-09-23T02:54:36Z
C,ta,2d,async,128,10,0,0.00,64.60,439.07,308.30,195.82,112.48,,,747.37,551.55,1.61,20.00,29.00,1.00,42897716,2026-09-23T02:54:36Z
C,ta,2e_K10,async,128,10,0,0.00,100.00,174.97,318.10,192.65,125.44,,,493.07,300.41,1.60,19.00,36.00,1.00,42898320,2026-09-23T02:54:36Z
C,ta,2e_K500,async,128,10,0,0.00,100.00,173.81,790.93,194.60,596.33,,,964.74,770.14,1.55,0.00,38.00,1.00,42899232,2026-09-23T02:54:37Z
C,ta,2f_top14,async,128,10,0,0.00,100.00,174.52,271.42,192.69,78.73,,,445.94,253.25,1.61,18.00,36.00,1.00,42898384,2026-09-23T02:54:37Z
C,ta,2f_top28,async,128,10,0,0.00,100.00,171.40,292.79,198.58,94.21,,,464.19,265.61,1.62,18.00,35.00,1.00,42898924,2026-09-23T02:54:37Z
C,ta,2f_top100,async,128,10,0,0.00,100.00,172.26,371.48,194.01,177.46,,,543.74,349.72,1.59,14.00,35.00,1.00,42918988,2026-09-23T02:54:37Z
C,ta,2f_top500,async,128,10,0,0.00,100.00,86.73,1050.29,203.87,846.42,,,1137.02,933.15,1.56,0.00,38.00,1.00,42920140,2026-09-23T02:54:38Z
C,ta,2f_slru,async,128,10,0,0.00,100.00,84.52,989.95,193.40,796.55,,,1074.47,881.07,1.54,0.00,38.00,1.00,42921580,2026-09-23T02:54:38Z
C,ta,leaf_freq_K10,async,128,10,0,0.00,100.00,944.72,301.51,229.17,72.34,,,1246.23,1017.06,1.62,20.00,35.00,1.00,42912236,2026-09-23T02:54:38Z
C,ta,leaf_rand_K10,async,128,10,0,0.00,100.00,789.83,300.42,227.10,73.32,,,1090.25,863.15,1.60,21.00,28.00,1.00,42923004,2026-09-23T02:54:38Z
C,1gb,layers_5,async,128,10,0,0.00,100.00,1068.93,291.30,223.88,67.42,,,1360.23,1136.35,1.67,36.00,63.00,1.00,42922776,2026-09-23T02:54:39Z
C,1gb,layers_92,async,128,10,0,0.00,100.00,1056.85,419.40,224.55,194.85,,,1476.25,1251.70,1.66,36.00,64.00,1.00,42923728,2026-09-23T02:54:39Z
C,1gb,2d,async,128,10,0,0.00,100.00,448.05,297.94,225.84,72.09,,,745.99,520.14,1.68,35.00,66.00,1.00,42923820,2026-09-23T02:54:39Z
C,1gb,2e_K10,async,128,10,0,0.00,100.00,171.95,314.04,226.83,87.21,,,485.99,259.16,1.69,38.00,76.00,1.00,42924608,2026-09-23T02:54:40Z
C,1gb,2e_K500,async,128,10,0,0.00,100.00,179.12,892.78,228.02,664.76,,,1071.90,843.88,1.65,35.00,101.00,1.00,42925788,2026-09-23T02:54:40Z
C,1gb,2f_top14,async,128,10,0,0.00,100.00,572.60,304.35,224.57,79.78,,,876.95,652.38,1.69,34.00,68.00,1.00,42925700,2026-09-23T02:54:40Z
C,1gb,2f_top28,async,128,10,0,0.00,100.00,508.92,321.18,225.74,95.44,,,830.10,604.36,1.66,34.00,67.00,1.00,42925916,2026-09-23T02:54:40Z
C,1gb,2f_top100,async,128,10,0,0.00,100.00,462.48,405.90,226.76,179.15,,,868.38,641.63,1.69,30.00,66.00,1.00,42925928,2026-09-23T02:54:41Z
C,1gb,2f_top500,async,128,10,0,0.00,100.00,514.81,926.53,227.02,699.52,,,1441.34,1214.33,1.62,8.00,68.00,1.00,42925516,2026-09-23T02:54:41Z
C,1gb,2f_slru,async,128,10,0,0.00,100.00,90.31,1701.01,228.80,1472.21,,,1791.32,1562.52,1.58,0.00,64.00,1.00,42927080,2026-09-23T02:54:41Z
C,1gb,leaf_freq_K10,async,128,10,0,0.00,100.00,982.79,304.98,231.96,73.03,,,1287.77,1055.82,1.72,39.00,73.00,1.00,42927736,2026-09-23T02:54:42Z
C,1gb,leaf_rand_K10,async,128,10,0,0.00,100.00,1246.31,299.89,225.99,73.91,,,1546.20,1320.22,1.70,36.00,63.00,1.00,42928660,2026-09-23T02:54:42Z
A,vacuum,baseline,baseline,128,11,0,0.00,0.00,1070.22,0.00,0.00,0.00,,,1070.22,1070.22,2.00,143.00,224.00,1.00,42928368,2026-09-23T02:54:42Z
A,ta,baseline,baseline,128,11,0,0.00,0.00,801.63,0.00,0.00,0.00,,,801.63,801.63,2.10,176.00,280.00,1.00,42929236,2026-09-23T02:54:42Z
A,1gb,baseline,baseline,128,11,0,0.00,0.00,1346.39,0.00,0.00,0.00,,,1346.39,1346.39,2.17,179.00,271.00,1.00,42910560,2026-09-23T02:54:43Z
B,vacuum,baseline,baseline,128,11,0,0.00,0.00,1148.81,0.00,0.00,0.00,,,1148.81,1148.81,2.05,140.00,224.00,1.00,42913008,2026-09-23T02:54:43Z
B,ta,baseline,baseline,128,11,0,0.00,0.00,822.19,0.00,0.00,0.00,,,822.19,822.19,2.20,180.00,265.00,1.00,42910668,2026-09-23T02:54:43Z
B,1gb,baseline,baseline,128,11,0,0.00,0.00,1287.71,0.00,0.00,0.00,,,1287.71,1287.71,2.20,183.00,259.00,1.00,42910456,2026-09-23T02:54:44Z
C,vacuum,baseline,baseline,128,11,0,0.00,0.00,1126.48,0.00,0.00,0.00,,,1126.48,1126.48,1.54,15.00,25.00,1.00,42912948,2026-09-23T02:54:44Z
C,ta,baseline,baseline,128,11,0,0.00,0.00,815.96,0.00,0.00,0.00,,,815.96,815.96,1.62,21.00,28.00,1.00,42910864,2026-09-23T02:54:44Z
C,1gb,baseline,baseline,128,11,0,0.00,0.00,1235.36,0.00,0.00,0.00,,,1235.36,1235.36,1.68,36.00,64.00,1.00,42911136,2026-09-23T02:54:45Z
A,vacuum,layers_5,async,128,11,0,0.00,100.00,971.58,262.76,194.64,68.13,,,1234.34,1039.71,2.02,144.00,221.00,1.00,42913496,2026-09-23T02:54:45Z
A,vacuum,layers_92,async,128,11,0,0.00,100.00,576.96,387.35,198.59,188.75,,,964.31,765.71,1.99,139.00,230.00,1.00,42913304,2026-09-23T02:54:45Z
A,vacuum,2d,async,128,11,0,0.00,100.00,571.10,273.16,196.28,76.89,,,844.26,647.99,1.97,139.00,230.00,1.00,42913724,2026-09-23T02:54:45Z
A,vacuum,2e_K10,async,128,11,0,0.00,100.00,576.95,285.16,194.63,90.53,,,862.11,667.48,2.01,139.00,239.00,1.00,42914108,2026-09-23T02:54:46Z
A,vacuum,2e_K500,async,128,11,0,0.00,9.80,757.43,901.59,197.86,703.73,,,1659.02,1461.16,1.98,142.00,333.00,1.00,42914540,2026-09-23T02:54:46Z
A,vacuum,2f_top14,async,128,11,0,0.00,100.00,572.31,281.35,197.44,83.91,,,853.66,656.22,2.00,140.00,232.00,1.00,42914956,2026-09-23T02:54:46Z
A,vacuum,2f_top28,async,128,11,0,0.00,100.00,509.67,293.56,195.36,98.20,,,803.23,607.87,1.98,142.00,243.00,1.00,42915716,2026-09-23T02:54:47Z
A,vacuum,2f_top100,async,128,11,0,0.00,100.00,576.18,397.16,199.13,198.02,,,973.34,774.20,2.01,144.00,262.00,1.00,42915488,2026-09-23T02:54:47Z
A,vacuum,2f_top500,async,128,11,0,0.00,16.40,623.54,859.63,198.29,661.33,,,1483.17,1284.87,1.99,143.00,329.00,1.00,42915408,2026-09-23T02:54:47Z
A,vacuum,2f_slru,async,128,11,0,0.00,100.00,96.87,5458.93,197.81,5261.12,,,5555.80,5357.99,1.56,0.00,214.00,1.00,42916592,2026-09-23T02:54:48Z
A,vacuum,leaf_freq_K10,async,128,11,0,0.00,100.00,1068.88,273.25,198.40,74.85,,,1342.13,1143.73,2.01,142.00,233.00,1.00,42915468,2026-09-23T02:54:48Z
A,vacuum,leaf_rand_K10,async,128,11,0,0.00,100.00,1066.22,273.31,197.57,75.74,,,1339.53,1141.96,1.99,143.00,224.00,1.00,42915416,2026-09-23T02:54:48Z
A,ta,layers_5,async,128,11,0,0.00,100.00,994.42,267.66,198.10,69.56,,,1262.08,1063.98,2.13,176.00,277.00,1.00,42916400,2026-09-23T02:54:48Z
A,ta,layers_92,async,128,11,0,0.00,100.00,571.05,369.80,199.47,170.33,,,940.85,741.38,2.13,175.00,277.00,1.00,42916472,2026-09-23T02:54:49Z
A,ta,2d,async,128,11,0,0.00,50.00,576.45,311.96,198.57,113.38,,,888.41,689.83,2.11,175.00,277.00,1.00,42916688,2026-09-23T02:54:49Z
A,ta,2e_K10,async,128,11,0,0.00,73.20,578.77,322.47,196.80,125.67,,,901.24,704.44,2.12,175.00,281.00,1.00,42915312,2026-09-23T02:54:49Z
A,ta,2e_K500,async,128,11,0,0.00,47.10,629.43,1007.85,190.31,817.54,,,1637.28,1446.97,2.09,178.00,403.00,1.00,42906108,2026-09-23T02:54:50Z
A,ta,2f_top14,async,128,11,0,0.00,100.00,578.31,276.46,197.81,78.65,,,854.77,656.96,2.14,175.00,280.00,1.00,42907692,2026-09-23T02:54:50Z
A,ta,2f_top28,async,128,11,0,0.00,100.00,578.88,283.07,187.47,95.60,,,861.95,674.48,2.12,175.00,288.00,1.00,42906768,2026-09-23T02:54:50Z
A,ta,2f_top100,async,128,11,0,0.00,100.00,580.26,392.63,197.74,194.89,,,972.89,775.15,2.13,174.00,317.00,1.00,42907500,2026-09-23T02:54:51Z
A,ta,2f_top500,async,128,11,0,0.00,100.00,629.05,993.33,197.82,795.50,,,1622.38,1424.55,2.10,177.00,407.00,1.00,42908180,2026-09-23T02:54:51Z
A,ta,2f_slru,async,128,11,0,0.00,100.00,97.50,7069.88,197.79,6872.09,,,7167.38,6969.59,1.58,0.00,279.00,1.00,42904288,2026-09-23T02:54:51Z
A,ta,leaf_freq_K10,async,128,11,0,0.00,100.00,796.92,281.23,206.53,74.70,,,1078.15,871.62,2.15,176.00,284.00,1.00,42907724,2026-09-23T02:54:52Z
A,ta,leaf_rand_K10,async,128,11,0,0.00,100.00,785.58,272.52,197.49,75.03,,,1058.10,860.61,2.14,176.00,280.00,1.00,42907184,2026-09-23T02:54:52Z
A,1gb,layers_5,async,128,11,0,0.00,100.00,1380.41,265.75,197.93,67.82,,,1646.16,1448.23,2.16,180.00,268.00,1.00,42907672,2026-09-23T02:54:52Z
A,1gb,layers_92,async,128,11,0,0.00,100.00,853.13,384.25,196.13,188.12,,,1237.38,1041.25,2.10,178.00,280.00,1.00,42907536,2026-09-23T02:54:52Z
A,1gb,2d,async,128,11,0,0.00,100.00,562.83,282.35,195.56,86.79,,,845.18,649.62,2.16,177.00,281.00,1.00,42907816,2026-09-23T02:54:53Z
A,1gb,2e_K10,async,128,11,0,0.00,100.00,534.07,298.72,196.98,101.74,,,832.79,635.81,2.17,177.00,289.00,1.00,42907880,2026-09-23T02:54:53Z
A,1gb,2e_K500,async,128,11,0,0.00,100.00,565.69,1043.94,194.51,849.44,,,1609.63,1415.13,2.09,176.00,395.00,1.00,42908092,2026-09-23T02:54:53Z
A,1gb,2f_top14,async,128,11,0,0.00,100.00,566.37,272.37,190.57,81.80,,,838.74,648.17,2.15,176.00,287.00,1.00,42908380,2026-09-23T02:54:54Z
A,1gb,2f_top28,async,128,11,0,0.00,100.00,562.19,324.95,226.84,98.11,,,887.14,660.30,2.14,176.00,295.00,1.00,42908460,2026-09-23T02:54:54Z
A,1gb,2f_top100,async,128,11,0,0.00,100.00,598.21,436.08,229.62,206.46,,,1034.29,804.67,2.17,174.00,324.00,1.00,42909444,2026-09-23T02:54:54Z
A,1gb,2f_top500,async,128,11,0,0.00,100.00,536.41,1039.34,225.94,813.40,,,1575.75,1349.81,2.14,176.00,400.00,1.00,42895004,2026-09-23T02:54:55Z
A,1gb,2f_slru,async,128,11,0,0.00,100.00,99.82,7286.69,241.41,7045.27,,,7386.51,7145.09,1.61,0.00,280.00,1.00,42895508,2026-09-23T02:54:55Z
A,1gb,leaf_freq_K10,async,128,11,0,0.00,100.00,2942.85,1117.58,579.53,538.05,,,4060.43,3480.90,2.89,178.00,279.00,1.00,42898268,2026-09-23T02:54:55Z
A,1gb,leaf_rand_K10,async,128,11,0,0.00,100.00,1430.36,301.65,225.66,75.98,,,1732.01,1506.34,2.13,179.00,270.00,1.00,42898072,2026-09-23T02:54:56Z
B,vacuum,layers_5,async,128,11,0,0.00,100.00,1009.86,306.78,239.09,67.69,,,1316.64,1077.55,2.05,140.00,220.00,1.00,42898952,2026-09-23T02:54:56Z
B,vacuum,layers_92,async,128,11,0,0.00,100.00,537.04,416.21,227.12,189.10,,,953.25,726.14,2.07,136.00,231.00,1.00,42899536,2026-09-23T02:54:56Z
B,vacuum,2d,async,128,11,0,0.00,100.00,530.61,305.67,228.92,76.74,,,836.28,607.35,2.04,136.00,231.00,1.00,42900060,2026-09-23T02:54:57Z
B,vacuum,2e_K10,async,128,11,0,0.00,100.00,608.68,324.19,235.03,89.16,,,932.87,697.84,2.05,136.00,232.00,1.00,42900676,2026-09-23T02:54:57Z
B,vacuum,2e_K500,async,128,11,0,0.00,100.00,707.62,1086.72,229.18,857.54,,,1794.34,1565.16,2.03,137.00,271.00,1.00,42900296,2026-09-23T02:54:57Z
B,vacuum,2f_top14,async,128,11,0,0.00,100.00,597.40,307.58,228.01,79.57,,,904.98,676.97,2.08,136.00,231.00,1.00,42902496,2026-09-23T02:54:58Z
B,vacuum,2f_top28,async,128,11,0,0.00,100.00,591.86,323.72,227.43,96.29,,,915.58,688.15,2.04,136.00,233.00,1.00,42915652,2026-09-23T02:54:58Z
B,vacuum,2f_top100,async,128,11,0,0.00,100.00,531.04,414.04,228.11,185.93,,,945.08,716.97,2.05,138.00,252.00,1.00,42913260,2026-09-23T02:54:58Z
B,vacuum,2f_top500,async,128,11,0,0.00,100.00,587.22,1024.04,225.11,798.92,,,1611.26,1386.14,2.00,137.00,272.00,1.00,42914320,2026-09-23T02:54:59Z
B,vacuum,2f_slru,async,128,11,0,0.00,100.00,95.03,5501.53,228.82,5272.71,,,5596.56,5367.74,1.65,0.00,214.00,1.00,42915840,2026-09-23T02:54:59Z
B,vacuum,leaf_freq_K10,async,128,11,0,0.00,100.00,1162.51,302.05,227.95,74.10,,,1464.56,1236.61,2.09,139.00,225.00,1.00,42915108,2026-09-23T02:54:59Z
B,vacuum,leaf_rand_K10,async,128,11,0,0.00,100.00,1096.23,307.72,233.95,73.77,,,1403.95,1170.00,2.04,140.00,224.00,1.00,42917684,2026-09-23T02:54:59Z
B,ta,layers_5,async,128,11,0,0.00,100.00,1073.92,296.18,227.71,68.47,,,1370.10,1142.39,2.20,180.00,264.00,1.00,42917064,2026-09-23T02:55:00Z
B,ta,layers_92,async,128,11,0,0.00,25.00,589.84,392.75,230.11,162.64,,,982.59,752.48,2.19,179.00,264.00,1.00,42918108,2026-09-23T02:55:00Z
B,ta,2d,async,128,11,0,0.00,77.50,590.46,328.90,225.66,103.24,,,919.36,693.70,2.21,179.00,264.00,1.00,42911900,2026-09-23T02:55:00Z
B,ta,2e_K10,async,128,11,0,0.00,78.00,656.48,345.18,228.14,117.04,,,1001.66,773.52,2.22,180.00,262.00,1.00,42912120,2026-09-23T02:55:01Z
B,ta,2e_K500,async,128,11,0,0.00,17.80,791.17,928.12,225.91,702.21,,,1719.29,1493.38,2.17,183.00,321.00,1.00,42913156,2026-09-23T02:55:01Z
B,ta,2f_top14,async,128,11,0,0.00,100.00,692.45,306.59,227.86,78.73,,,999.04,771.18,2.22,179.00,264.00,1.00,42914316,2026-09-23T02:55:01Z
B,ta,2f_top28,async,128,11,0,0.00,100.00,690.67,322.69,226.97,95.72,,,1013.36,786.39,2.16,180.00,261.00,1.00,42906964,2026-09-23T02:55:02Z
B,ta,2f_top100,async,128,11,0,0.00,100.00,692.66,427.29,230.56,196.73,,,1119.95,889.39,2.21,183.00,274.00,1.00,42908740,2026-09-23T02:55:02Z
B,ta,2f_top500,async,128,11,0,0.00,100.00,689.02,1043.48,228.37,815.11,,,1732.50,1504.13,2.18,183.00,323.00,1.00,42911692,2026-09-23T02:55:02Z
B,ta,2f_slru,async,128,11,0,0.00,100.00,97.12,7118.55,228.50,6890.05,,,7215.67,6987.17,1.64,0.00,279.00,1.00,42909388,2026-09-23T02:55:03Z
B,ta,leaf_freq_K10,async,128,11,0,0.00,100.00,865.41,304.72,229.61,75.11,,,1170.13,940.52,2.21,181.00,263.00,1.00,42911680,2026-09-23T02:55:03Z
B,ta,leaf_rand_K10,async,128,11,0,0.00,100.00,860.78,305.10,227.88,77.22,,,1165.88,938.00,2.17,180.00,265.00,1.00,42901768,2026-09-23T02:55:03Z
B,1gb,layers_5,async,128,11,0,0.00,100.00,1272.72,299.91,229.95,69.96,,,1572.63,1342.68,2.19,183.00,259.00,1.00,42903524,2026-09-23T02:55:04Z
B,1gb,layers_92,async,128,11,0,0.00,100.00,1055.99,430.53,238.57,191.96,,,1486.52,1247.95,2.22,182.00,271.00,1.00,42903740,2026-09-23T02:55:04Z
B,1gb,2d,async,128,11,0,0.00,100.00,627.15,281.52,196.12,85.40,,,908.67,712.55,2.18,181.00,273.00,1.00,42904540,2026-09-23T02:55:04Z
B,1gb,2e_K10,async,128,11,0,0.00,100.00,623.45,296.56,198.80,97.75,,,920.01,721.20,2.19,182.00,273.00,1.00,42905572,2026-09-23T02:55:05Z
B,1gb,2e_K500,async,128,11,0,0.00,100.00,596.91,1061.59,194.43,867.16,,,1658.50,1464.07,2.17,185.00,317.00,1.00,42905208,2026-09-23T02:55:05Z
B,1gb,2f_top14,async,128,11,0,0.00,100.00,635.72,278.22,196.85,81.37,,,913.94,717.09,2.20,181.00,273.00,1.00,42906208,2026-09-23T02:55:05Z
B,1gb,2f_top28,async,128,11,0,0.00,100.00,654.33,297.55,197.41,100.14,,,951.88,754.47,2.19,182.00,273.00,1.00,42904036,2026-09-23T02:55:06Z
B,1gb,2f_top100,async,128,11,0,0.00,100.00,658.72,385.24,196.47,188.78,,,1043.96,847.50,2.21,184.00,283.00,1.00,42902984,2026-09-23T02:55:06Z
B,1gb,2f_top500,async,128,11,0,0.00,100.00,652.03,1018.75,197.59,821.16,,,1670.78,1473.19,2.15,184.00,320.00,1.00,42905180,2026-09-23T02:55:06Z
B,1gb,2f_slru,async,128,11,0,0.00,100.00,98.66,7095.65,195.64,6900.01,,,7194.31,6998.67,1.63,0.00,280.00,1.00,42906196,2026-09-23T02:55:07Z
B,1gb,leaf_freq_K10,async,128,11,0,0.00,100.00,1311.28,269.30,194.50,74.80,,,1580.58,1386.08,2.16,183.00,258.00,1.00,42905800,2026-09-23T02:55:07Z
B,1gb,leaf_rand_K10,async,128,11,0,0.00,100.00,1416.32,275.05,198.49,76.55,,,1691.37,1492.87,2.20,183.00,258.00,1.00,42905308,2026-09-23T02:55:07Z
C,vacuum,layers_5,async,128,11,0,0.00,100.00,1066.61,265.85,197.06,68.79,,,1332.46,1135.40,1.54,15.00,25.00,1.00,42907124,2026-09-23T02:55:07Z
C,vacuum,layers_92,async,128,11,0,0.00,100.00,653.29,377.40,196.58,180.82,,,1030.69,834.11,1.53,14.00,30.00,1.00,42908280,2026-09-23T02:55:08Z
C,vacuum,2d,async,128,11,0,0.00,100.00,656.96,264.36,193.78,70.57,,,921.32,727.53,1.53,14.00,30.00,1.00,42908432,2026-09-23T02:55:08Z
C,vacuum,2e_K10,async,128,11,0,0.00,92.90,175.63,275.33,197.01,78.32,,,450.96,253.95,1.52,13.00,33.00,1.00,42908724,2026-09-23T02:55:08Z
C,vacuum,2e_K500,async,128,11,0,0.00,55.00,174.31,691.22,193.15,498.07,,,865.53,672.38,1.49,0.00,30.00,1.00,42909112,2026-09-23T02:55:08Z
C,vacuum,2f_top14,async,128,11,0,0.00,92.90,173.01,270.49,193.02,77.47,,,443.50,250.48,1.51,12.00,31.00,1.00,42909312,2026-09-23T02:55:09Z
C,vacuum,2f_top28,async,128,11,0,0.00,96.40,171.95,286.93,193.02,93.91,,,458.88,265.86,1.52,12.00,32.00,1.00,42909568,2026-09-23T02:55:09Z
C,vacuum,2f_top100,async,128,11,0,0.00,100.00,170.28,370.10,193.55,176.54,,,540.38,346.82,1.53,9.00,29.00,1.00,42909676,2026-09-23T02:55:09Z
C,vacuum,2f_top500,async,128,11,0,0.00,100.00,90.79,808.04,195.73,612.31,,,898.83,703.10,1.48,0.00,30.00,1.00,42910764,2026-09-23T02:55:09Z
C,vacuum,2f_slru,async,128,11,0,0.00,100.00,86.82,768.15,195.17,572.99,,,854.97,659.81,1.50,0.00,30.00,1.00,42910636,2026-09-23T02:55:10Z
C,vacuum,leaf_freq_K10,async,128,11,0,0.00,80.00,780.75,265.90,193.19,72.71,,,1046.65,853.46,1.55,14.00,28.00,1.00,42910992,2026-09-23T02:55:10Z
C,vacuum,leaf_rand_K10,async,128,11,0,0.00,100.00,1136.64,271.18,196.35,74.83,,,1407.82,1211.47,1.56,15.00,25.00,1.00,42910296,2026-09-23T02:55:10Z
C,ta,layers_5,async,128,11,0,0.00,100.00,787.92,261.06,193.52,67.54,,,1048.98,855.46,1.60,21.00,28.00,1.00,42910808,2026-09-23T02:55:10Z
C,ta,layers_92,async,128,11,0,0.00,33.70,438.93,356.80,190.67,166.13,,,795.73,605.06,1.59,20.00,29.00,1.00,42895532,2026-09-23T02:55:11Z
C,ta,2d,async,128,11,0,0.00,64.60,438.07,313.11,197.00,116.11,,,751.18,554.18,1.60,20.00,29.00,1.00,42897256,2026-09-23T02:55:11Z
C,ta,2e_K10,async,128,11,0,0.00,70.70,173.70,315.96,192.67,123.29,,,489.66,296.99,1.61,19.00,36.00,1.00,42898240,2026-09-23T02:55:11Z
C,ta,2e_K500,async,128,11,0,0.00,100.00,175.56,773.43,194.70,578.74,,,948.99,754.30,1.59,0.00,38.00,1.00,42900572,2026-09-23T02:55:11Z
C,ta,2f_top14,async,128,11,0,0.00,100.00,172.97,267.30,187.20,80.10,,,440.27,253.07,1.60,18.00,36.00,1.00,42898500,2026-09-23T02:55:12Z
C,ta,2f_top28,async,128,11,0,0.00,100.00,173.60,288.23,194.09,94.15,,,461.83,267.75,1.60,18.00,35.00,1.00,42899132,2026-09-23T02:55:12Z
C,ta,2f_top100,async,128,11,0,0.00,100.00,168.26,368.23,191.45,176.78,,,536.49,345.04,1.58,14.00,35.00,1.00,42902120,2026-09-23T02:55:12Z
C,ta,2f_top500,async,128,11,0,0.00,100.00,87.34,1033.63,193.23,840.40,,,1120.97,927.74,1.53,0.00,38.00,1.00,42903140,2026-09-23T02:55:13Z
C,ta,2f_slru,async,128,11,0,0.00,100.00,87.39,1006.58,192.97,813.61,,,1093.97,901.00,1.55,0.00,38.00,1.00,42903076,2026-09-23T02:55:13Z
C,ta,leaf_freq_K10,async,128,11,0,0.00,100.00,946.40,296.94,223.79,73.15,,,1243.34,1019.55,1.61,20.00,35.00,1.00,42902348,2026-09-23T02:55:13Z
C,ta,leaf_rand_K10,async,128,11,0,0.00,100.00,790.09,299.91,225.68,74.23,,,1090.00,864.32,1.60,21.00,28.00,1.00,42903072,2026-09-23T02:55:13Z
C,1gb,layers_5,async,128,11,0,0.00,100.00,1126.89,293.82,226.52,67.31,,,1420.71,1194.20,1.67,36.00,63.00,1.00,42903440,2026-09-23T02:55:14Z
C,1gb,layers_92,async,128,11,0,0.00,100.00,1061.64,419.96,225.50,194.46,,,1481.60,1256.10,1.68,36.00,64.00,1.00,42903348,2026-09-23T02:55:14Z
C,1gb,2d,async,128,11,0,0.00,100.00,488.54,298.71,226.52,72.20,,,787.25,560.74,1.68,35.00,66.00,1.00,42905052,2026-09-23T02:55:14Z
C,1gb,2e_K10,async,128,11,0,0.00,100.00,179.12,318.82,229.92,88.90,,,497.94,268.02,1.68,38.00,76.00,1.00,42904908,2026-09-23T02:55:14Z
C,1gb,2e_K500,async,128,11,0,0.00,100.00,178.98,939.57,227.41,712.16,,,1118.55,891.14,1.65,35.00,102.00,1.00,42903976,2026-09-23T02:55:15Z
C,1gb,2f_top14,async,128,11,0,0.00,100.00,482.63,303.45,227.15,76.30,,,786.08,558.93,1.67,34.00,68.00,1.00,42905880,2026-09-23T02:55:15Z
C,1gb,2f_top28,async,128,11,0,0.00,100.00,511.11,320.12,227.58,92.54,,,831.23,603.65,1.71,34.00,67.00,1.00,42906848,2026-09-23T02:55:15Z
C,1gb,2f_top100,async,128,11,0,0.00,100.00,518.19,404.12,227.25,176.87,,,922.31,695.06,1.67,30.00,66.00,1.00,42907476,2026-09-23T02:55:16Z
C,1gb,2f_top500,async,128,11,0,0.00,100.00,515.16,934.80,226.66,708.14,,,1449.96,1223.30,1.60,8.00,68.00,1.00,42906832,2026-09-23T02:55:16Z
C,1gb,2f_slru,async,128,11,0,0.00,100.00,97.11,1647.67,227.47,1420.20,,,1744.78,1517.31,1.57,0.00,64.00,1.00,42891144,2026-09-23T02:55:16Z
C,1gb,leaf_freq_K10,async,128,11,0,0.00,100.00,910.03,297.17,224.78,72.39,,,1207.20,982.42,1.68,39.00,73.00,1.00,42890780,2026-09-23T02:55:16Z
C,1gb,leaf_rand_K10,async,128,11,0,0.00,100.00,1401.13,299.78,227.75,72.03,,,1700.91,1473.16,1.69,36.00,63.00,1.00,42890856,2026-09-23T02:55:17Z
