workload,db,strategy,arm,ra_kb,rep,warmup,cold_pct,delivery_pct,first_query_us,preproc_us,open_us,deliver_us,parse_us,ranges,e2e_us,e2e_warm_us,avg_us,majflt,minflt,load,memavail_kb,ts
A,orig,baseline,baseline,128,1,1,0.00,0.00,1029.11,0.00,0.00,0.00,,,1029.11,1029.11,2.16,189.00,265.00,1.00,42964728,2026-09-23T02:55:17Z
B,orig,baseline,baseline,128,1,1,0.00,0.00,837.73,0.00,0.00,0.00,,,837.73,837.73,2.20,187.00,260.00,1.00,42965108,2026-09-23T02:55:18Z
C,orig,baseline,baseline,128,1,1,0.00,0.00,891.42,0.00,0.00,0.00,,,891.42,891.42,1.59,20.00,27.00,1.00,42964856,2026-09-23T02:55:18Z
C_hit,orig,baseline,baseline,128,1,1,0.00,0.00,587.33,0.00,0.00,0.00,,,587.33,587.33,1.66,38.00,51.00,1.00,42965608,2026-09-23T02:55:18Z
A,orig,layers_5,pread,128,1,1,0.00,100.00,998.29,590.93,153.16,437.77,,,1589.22,1436.06,2.12,188.00,268.00,1.00,42978248,2026-09-23T02:55:19Z
A,orig,layers_5,async,128,1,1,0.00,100.00,998.97,217.05,147.85,69.20,,,1216.02,1068.17,2.15,189.00,268.00,1.00,42977580,2026-09-23T02:55:19Z
A,orig,layers_5,async_win,128,1,1,0.00,100.00,1001.57,217.95,147.48,8.06,62.41,2.00,1219.52,1009.63,2.16,189.00,268.00,1.00,42977900,2026-09-23T02:55:19Z
A,orig,layers_5,async_bulk,128,1,1,0.00,100.00,864.16,216.86,147.72,7.79,61.35,2.00,1081.02,871.95,2.09,189.00,268.00,1.00,42979940,2026-09-23T02:55:19Z
A,orig,layers_92,pread,128,1,1,0.00,100.00,594.28,8263.07,195.93,8067.14,,,8857.35,8661.42,2.14,188.00,273.00,1.00,42979580,2026-09-23T02:55:20Z
A,orig,layers_92,async,128,1,1,0.00,100.00,597.03,411.96,196.60,215.37,,,1008.99,812.40,2.13,189.00,272.00,1.00,42980484,2026-09-23T02:55:20Z
A,orig,layers_92,async_win,128,1,1,0.00,100.00,596.58,373.90,193.57,114.27,66.06,87.00,970.48,710.85,2.16,189.00,272.00,1.00,42981680,2026-09-23T02:55:20Z
A,orig,layers_92,async_bulk,128,1,1,0.00,100.00,600.02,373.11,192.31,114.52,66.28,87.00,973.13,714.54,2.13,189.00,272.00,1.00,42983076,2026-09-23T02:55:21Z
A,orig,2d,pread,128,1,1,0.00,100.00,594.34,1772.46,61.98,1710.49,,,2366.80,2304.83,2.16,188.00,273.00,1.00,42982876,2026-09-23T02:55:21Z
A,orig,2d,async,128,1,1,0.00,100.00,529.54,240.20,154.94,85.26,,,769.74,614.80,2.15,189.00,272.00,1.00,42989968,2026-09-23T02:55:21Z
A,orig,2d,async_win,128,1,1,0.00,100.00,594.68,234.61,152.38,20.24,62.00,13.00,829.29,614.92,2.14,189.00,272.00,1.00,42991464,2026-09-23T02:55:22Z
A,orig,2d,async_bulk,128,1,1,0.00,100.00,593.39,229.62,144.76,23.26,61.60,13.00,823.01,616.65,2.16,189.00,272.00,1.00,42991056,2026-09-23T02:55:22Z
A,orig,2e_K10,pread,128,1,1,0.00,100.00,593.40,2676.06,65.20,2610.86,,,3269.46,3204.26,2.15,189.00,284.00,1.00,42992572,2026-09-23T02:55:22Z
A,orig,2e_K10,async,128,1,1,0.00,100.00,584.76,247.99,152.89,95.10,,,832.75,679.86,2.13,190.00,283.00,1.00,42992632,2026-09-23T02:55:23Z
A,orig,2e_K10,async_win,128,1,1,0.00,100.00,592.24,250.81,152.52,35.32,62.98,23.00,843.05,627.56,2.13,190.00,283.00,1.00,42992812,2026-09-23T02:55:23Z
A,orig,2e_K10,async_bulk,128,1,1,0.00,100.00,593.50,253.31,153.50,36.06,63.75,23.00,846.81,629.56,2.16,190.00,283.00,1.00,42993608,2026-09-23T02:55:23Z
A,orig,2e_K500,pread,128,1,1,0.00,100.00,183.17,18893.02,63.35,18829.67,,,19076.19,19012.84,1.71,53.00,319.00,1.00,42983224,2026-09-23T02:55:24Z
A,orig,2e_K500,async,128,1,1,0.00,100.00,570.12,1038.99,152.14,886.86,,,1609.11,1456.98,2.12,194.00,392.00,1.00,42984248,2026-09-23T02:55:24Z
A,orig,2e_K500,async_win,128,1,1,0.00,100.00,635.75,971.52,153.02,687.79,130.71,471.00,1607.27,1323.54,2.12,194.00,395.00,1.00,42984892,2026-09-23T02:55:24Z
A,orig,2e_K500,async_bulk,128,1,1,0.00,100.00,569.39,955.31,150.52,674.70,130.09,471.00,1524.70,1244.09,2.13,194.00,397.00,1.00,42986716,2026-09-23T02:55:24Z
A,orig,2f_top14,pread,128,1,1,0.00,100.00,592.09,1276.82,66.08,1210.74,,,1868.91,1802.83,2.10,191.00,271.00,1.00,42986672,2026-09-23T02:55:25Z
A,orig,2f_top14,async,128,1,1,0.00,100.00,524.69,259.61,177.48,82.12,,,784.30,606.81,2.12,191.00,271.00,1.00,42986648,2026-09-23T02:55:25Z
A,orig,2f_top14,async_win,128,1,1,0.00,100.00,524.40,256.80,176.21,19.25,61.34,13.00,781.20,543.65,2.14,191.00,271.00,1.00,42987648,2026-09-23T02:55:25Z
A,orig,2f_top14,async_bulk,128,1,1,0.00,100.00,594.06,260.07,176.29,21.31,62.47,13.00,854.13,615.37,2.14,191.00,271.00,1.00,42987160,2026-09-23T02:55:26Z
A,orig,2f_top28,pread,128,1,1,0.00,100.00,595.58,2534.97,109.52,2425.45,,,3130.55,3021.03,2.16,191.00,290.00,1.00,42987700,2026-09-23T02:55:26Z
A,orig,2f_top28,async,128,1,1,0.00,100.00,599.02,244.47,146.31,98.15,,,843.49,697.17,2.18,191.00,290.00,1.00,42987068,2026-09-23T02:55:26Z
A,orig,2f_top28,async_win,128,1,1,0.00,100.00,596.65,243.29,146.31,33.89,63.09,27.00,839.94,630.54,2.16,191.00,290.00,1.00,42981136,2026-09-23T02:55:27Z
A,orig,2f_top28,async_bulk,128,1,1,0.00,100.00,675.32,249.35,146.13,41.09,62.13,27.00,924.67,716.41,2.18,191.00,290.00,1.00,42982300,2026-09-23T02:55:27Z
A,orig,2f_top100,pread,128,1,1,0.00,100.00,588.54,8680.31,115.29,8565.02,,,9268.85,9153.56,2.15,186.00,316.00,1.00,42981048,2026-09-23T02:55:27Z
A,orig,2f_top100,async,128,1,1,0.00,100.00,592.37,352.39,153.26,199.13,,,944.76,791.50,2.15,191.00,311.00,1.00,42982212,2026-09-23T02:55:28Z
A,orig,2f_top100,async_win,128,1,1,0.00,100.00,594.02,324.16,142.15,115.81,66.20,98.00,918.18,709.83,2.16,191.00,310.00,1.00,42982552,2026-09-23T02:55:28Z
A,orig,2f_top100,async_bulk,128,1,1,0.00,100.00,598.12,343.74,148.58,129.34,65.81,98.00,941.86,727.46,2.17,191.00,311.00,1.00,42983144,2026-09-23T02:55:28Z
A,orig,2f_top500,pread,128,1,1,0.00,100.00,183.54,18848.19,65.40,18782.79,,,19031.73,18966.33,1.72,54.00,320.00,1.00,42983788,2026-09-23T02:55:29Z
A,orig,2f_top500,async,128,1,1,0.00,15.00,684.67,817.63,150.90,666.72,,,1502.30,1351.39,2.13,193.00,398.00,1.00,42983648,2026-09-23T02:55:29Z
A,orig,2f_top500,async_win,128,1,1,0.00,100.00,635.67,896.44,140.62,665.85,89.96,460.00,1532.11,1301.52,2.11,193.00,397.00,1.00,42984412,2026-09-23T02:55:29Z
A,orig,2f_top500,async_bulk,128,1,1,0.00,100.00,634.76,894.72,145.96,658.79,89.97,460.00,1529.48,1293.55,2.11,193.00,396.00,1.00,42984664,2026-09-23T02:55:29Z
A,orig,2f_slru,pread,128,1,1,0.00,100.00,98.58,18143.60,152.52,17991.08,,,18242.18,18089.66,1.53,0.00,278.00,1.00,42985920,2026-09-23T02:55:30Z
A,orig,2f_slru,async,128,1,1,0.00,100.00,98.39,7301.07,152.14,7148.93,,,7399.46,7247.32,1.57,0.00,278.00,1.00,42983316,2026-09-23T02:55:30Z
A,orig,2f_slru,async_win,128,1,1,0.00,78.30,104.06,2407.63,152.57,1862.82,392.24,138.00,2511.69,1966.88,1.57,0.00,278.00,1.00,42985760,2026-09-23T02:55:30Z
A,orig,2f_slru,async_bulk,128,1,1,0.00,1.40,908.24,617.07,146.98,79.51,390.58,2.00,1525.31,987.75,2.15,188.00,263.00,1.00,42987180,2026-09-23T02:55:31Z
A,orig,leaf_freq_K10,pread,128,1,1,0.00,100.00,1005.24,987.71,62.98,924.73,,,1992.95,1929.97,2.12,188.00,278.00,1.00,42987436,2026-09-23T02:55:31Z
A,orig,leaf_freq_K10,async,128,1,1,0.00,100.00,1012.15,257.36,183.22,74.15,,,1269.51,1086.30,2.14,188.00,278.00,1.00,42987440,2026-09-23T02:55:31Z
A,orig,leaf_freq_K10,async_win,128,1,1,0.00,100.00,1001.68,259.42,184.03,14.39,61.01,10.00,1261.10,1016.07,2.12,188.00,278.00,1.00,42989180,2026-09-23T02:55:31Z
A,orig,leaf_freq_K10,async_bulk,128,1,1,0.00,100.00,1018.65,260.68,183.72,15.56,61.41,10.00,1279.33,1034.21,2.16,188.00,278.00,1.00,42988812,2026-09-23T02:55:32Z
A,orig,leaf_rand_K10,pread,128,1,1,0.00,100.00,1004.87,989.78,69.44,920.34,,,1994.65,1925.21,2.14,189.00,266.00,1.00,42979268,2026-09-23T02:55:32Z
A,orig,leaf_rand_K10,async,128,1,1,0.00,100.00,1006.67,255.72,179.96,75.76,,,1262.39,1082.43,2.13,189.00,266.00,1.00,42981400,2026-09-23T02:55:32Z
A,orig,leaf_rand_K10,async_win,128,1,1,0.00,100.00,1000.87,254.90,178.21,15.63,61.06,10.00,1255.77,1016.50,2.12,189.00,266.00,1.00,42980712,2026-09-23T02:55:33Z
A,orig,leaf_rand_K10,async_bulk,128,1,1,0.00,100.00,1002.53,255.40,178.34,15.86,61.20,10.00,1257.93,1018.39,2.16,189.00,266.00,1.00,42981096,2026-09-23T02:55:33Z
A,orig,learned_markov_14,pread,128,1,1,0.00,100.00,598.18,1286.22,65.95,1220.26,,,1884.40,1818.44,2.14,189.00,273.00,1.00,42982196,2026-09-23T02:55:33Z
A,orig,learned_markov_14,async,128,1,1,0.00,100.00,592.61,256.82,177.80,79.02,,,849.43,671.63,2.15,189.00,273.00,1.00,42981888,2026-09-23T02:55:34Z
A,orig,learned_markov_14,async_win,128,1,1,0.00,100.00,597.43,262.27,178.77,21.63,61.88,13.00,859.70,619.06,2.17,189.00,273.00,1.00,42982352,2026-09-23T02:55:34Z
A,orig,learned_markov_14,async_bulk,128,1,1,0.00,100.00,604.36,255.60,174.89,19.57,61.15,13.00,859.96,623.93,2.17,189.00,273.00,1.00,42981856,2026-09-23T02:55:34Z
A,orig,learned_markov_28,pread,128,1,1,0.00,100.00,591.24,2577.79,66.75,2511.04,,,3169.03,3102.28,2.14,189.00,276.00,1.00,42982256,2026-09-23T02:55:35Z
A,orig,learned_markov_28,async,128,1,1,0.00,100.00,592.80,250.77,153.45,97.32,,,843.57,690.12,2.13,189.00,275.00,1.00,42982404,2026-09-23T02:55:35Z
A,orig,learned_markov_28,async_win,128,1,1,0.00,100.00,592.73,250.49,152.87,35.01,62.62,26.00,843.22,627.74,2.17,189.00,275.00,1.00,42982720,2026-09-23T02:55:35Z
A,orig,learned_markov_28,async_bulk,128,1,1,0.00,100.00,589.62,243.48,147.16,34.34,61.99,26.00,833.10,623.96,2.08,189.00,274.00,1.00,42983492,2026-09-23T02:55:36Z
B,orig,layers_5,pread,128,1,1,0.00,100.00,905.00,507.62,66.42,441.21,,,1412.62,1346.21,2.18,186.00,260.00,1.00,42981764,2026-09-23T02:55:36Z
B,orig,layers_5,async,128,1,1,0.00,100.00,938.23,222.90,153.51,69.39,,,1161.13,1007.62,2.20,187.00,260.00,1.00,42981852,2026-09-23T02:55:36Z
B,orig,layers_5,async_win,128,1,1,0.00,100.00,935.56,220.37,150.81,8.25,61.30,2.00,1155.93,943.81,2.20,187.00,260.00,1.00,42982536,2026-09-23T02:55:37Z
B,orig,layers_5,async_bulk,128,1,1,0.00,100.00,908.93,219.35,150.90,6.96,61.49,2.00,1128.28,915.89,2.19,187.00,260.00,1.00,42986340,2026-09-23T02:55:37Z
B,orig,layers_92,pread,128,1,1,0.00,100.00,525.34,8128.65,97.41,8031.24,,,8653.99,8556.58,2.20,186.00,267.00,1.00,42969880,2026-09-23T02:55:37Z
B,orig,layers_92,async,128,1,1,0.00,100.00,528.22,352.96,139.46,213.50,,,881.18,741.72,2.20,187.00,266.00,1.00,42977564,2026-09-23T02:55:37Z
B,orig,layers_92,async_win,128,1,1,0.00,100.00,527.29,321.28,136.27,120.17,64.85,87.00,848.57,647.46,2.16,187.00,266.00,1.00,42978300,2026-09-23T02:55:38Z
B,orig,layers_92,async_bulk,128,1,1,0.00,100.00,525.71,323.29,135.78,122.39,65.12,87.00,849.00,648.10,2.16,187.00,266.00,1.00,42978972,2026-09-23T02:55:38Z
B,orig,2d,pread,128,1,1,0.00,100.00,526.63,1767.15,60.67,1706.48,,,2293.78,2233.11,2.21,186.00,267.00,1.00,42978372,2026-09-23T02:55:38Z
B,orig,2d,async,128,1,1,0.00,100.00,524.62,254.31,170.38,83.93,,,778.93,608.55,2.19,187.00,266.00,1.00,42993272,2026-09-23T02:55:39Z
B,orig,2d,async_win,128,1,1,0.00,100.00,526.66,263.13,176.50,25.18,61.46,13.00,789.79,551.84,2.19,187.00,266.00,1.00,42992456,2026-09-23T02:55:39Z
B,orig,2d,async_bulk,128,1,1,0.00,100.00,527.58,260.13,176.39,21.57,62.17,13.00,787.71,549.15,2.19,187.00,266.00,1.00,42992552,2026-09-23T02:55:39Z
B,orig,2e_K10,pread,128,1,1,0.00,100.00,524.64,2669.78,68.04,2601.74,,,3194.42,3126.38,2.18,187.00,267.00,1.00,42992780,2026-09-23T02:55:40Z
B,orig,2e_K10,async,128,1,1,0.00,100.00,525.13,276.99,181.33,95.66,,,802.12,620.79,2.20,188.00,267.00,1.00,42992968,2026-09-23T02:55:40Z
B,orig,2e_K10,async_win,128,1,1,0.00,100.00,526.56,273.07,176.89,33.30,62.88,23.00,799.63,559.86,2.20,188.00,267.00,1.00,42993184,2026-09-23T02:55:40Z
B,orig,2e_K10,async_bulk,128,1,1,0.00,100.00,525.23,275.34,176.72,35.87,62.75,23.00,800.57,561.10,2.17,188.00,267.00,1.00,42993604,2026-09-23T02:55:41Z
B,orig,2e_K500,pread,128,1,1,0.00,100.00,182.55,19101.08,65.33,19035.75,,,19283.63,19218.30,1.82,73.00,311.00,1.00,42993860,2026-09-23T02:55:41Z
B,orig,2e_K500,async,128,1,1,0.00,100.00,182.37,1030.87,186.73,844.14,,,1213.24,1026.51,2.16,187.00,312.00,1.00,42993496,2026-09-23T02:55:41Z
B,orig,2e_K500,async_win,128,1,1,0.00,100.00,181.25,956.41,186.88,677.27,92.25,461.00,1137.66,858.52,2.17,187.00,318.00,1.00,42994296,2026-09-23T02:55:42Z
B,orig,2e_K500,async_bulk,128,1,1,0.00,100.00,182.67,949.63,182.72,676.05,90.86,461.00,1132.30,858.72,2.18,187.00,316.00,1.00,42994860,2026-09-23T02:55:42Z
B,orig,2f_top14,pread,128,1,1,0.00,100.00,527.86,1314.49,66.42,1248.08,,,1842.35,1775.94,2.20,188.00,265.00,1.00,42994736,2026-09-23T02:55:42Z
B,orig,2f_top14,async,128,1,1,0.00,100.00,529.00,264.76,182.80,81.95,,,793.76,610.95,2.19,188.00,266.00,1.00,42995692,2026-09-23T02:55:43Z
B,orig,2f_top14,async_win,128,1,1,0.00,100.00,526.00,264.12,182.13,19.72,62.27,13.00,790.12,545.72,2.19,188.00,266.00,1.00,42996088,2026-09-23T02:55:43Z
B,orig,2f_top14,async_bulk,128,1,1,0.00,100.00,524.54,259.76,179.15,19.21,61.41,13.00,784.30,543.75,2.22,188.00,266.00,1.00,42972120,2026-09-23T02:55:43Z
B,orig,2f_top28,pread,128,1,1,0.00,100.00,524.77,2515.03,65.53,2449.49,,,3039.80,2974.26,2.17,188.00,267.00,1.00,42987400,2026-09-23T02:55:44Z
B,orig,2f_top28,async,128,1,1,0.00,100.00,462.09,289.32,185.42,103.91,,,751.41,566.00,2.19,188.00,268.00,1.00,42987800,2026-09-23T02:55:44Z
B,orig,2f_top28,async_win,128,1,1,0.00,100.00,530.13,284.50,186.79,33.87,63.83,27.00,814.63,564.00,2.20,188.00,268.00,1.00,42979148,2026-09-23T02:55:44Z
B,orig,2f_top28,async_bulk,128,1,1,0.00,100.00,526.72,284.40,186.06,35.60,62.75,27.00,811.12,562.32,2.22,188.00,268.00,1.00,42981316,2026-09-23T02:55:44Z
B,orig,2f_top100,pread,128,1,1,0.00,100.00,527.78,8993.82,154.58,8839.24,,,9521.60,9367.02,2.20,187.00,271.00,1.00,42980660,2026-09-23T02:55:45Z
B,orig,2f_top100,async,128,1,1,0.00,100.00,524.75,399.82,200.10,199.72,,,924.57,724.47,2.19,187.00,272.00,1.00,42980996,2026-09-23T02:55:45Z
B,orig,2f_top100,async_win,128,1,1,0.00,100.00,528.50,387.17,199.28,119.22,68.66,97.00,915.67,647.72,2.18,187.00,272.00,1.00,42981636,2026-09-23T02:55:45Z
B,orig,2f_top100,async_bulk,128,1,1,0.00,100.00,527.67,399.15,199.26,133.26,66.62,97.00,926.82,660.93,2.20,187.00,272.00,1.00,42982432,2026-09-23T02:55:46Z
B,orig,2f_top500,pread,128,1,1,0.00,100.00,180.54,17782.94,83.81,17699.13,,,17963.48,17879.67,1.82,74.00,316.00,1.00,42982096,2026-09-23T02:55:46Z
B,orig,2f_top500,async,128,1,1,0.00,100.00,180.62,1010.76,211.97,798.79,,,1191.38,979.41,2.16,187.00,311.00,1.00,42982372,2026-09-23T02:55:46Z
B,orig,2f_top500,async_win,128,1,1,0.00,100.00,177.46,946.96,197.99,659.40,89.57,448.00,1124.42,836.86,2.16,187.00,313.00,1.00,42983344,2026-09-23T02:55:47Z
B,orig,2f_top500,async_bulk,128,1,1,0.00,100.00,182.34,960.88,205.89,664.50,90.49,448.00,1143.22,846.84,2.17,187.00,312.00,1.00,42983324,2026-09-23T02:55:47Z
B,orig,2f_slru,pread,128,1,1,0.00,100.00,94.67,18465.40,81.14,18384.26,,,18560.07,18478.93,1.61,0.00,278.00,1.00,42983040,2026-09-23T02:55:47Z
B,orig,2f_slru,async,128,1,1,0.00,100.00,98.85,7348.00,227.92,7120.09,,,7446.85,7218.94,1.64,0.00,278.00,1.00,42979416,2026-09-23T02:55:48Z
B,orig,2f_slru,async_win,128,1,1,0.00,83.40,96.56,2499.86,226.63,1951.23,322.01,139.00,2596.42,2047.79,1.62,0.00,278.00,1.00,42979728,2026-09-23T02:55:48Z
B,orig,2f_slru,async_bulk,128,1,1,0.00,2.20,773.29,639.86,223.73,93.68,322.46,3.00,1413.15,866.97,2.15,184.00,259.00,1.08,42982564,2026-09-23T02:55:48Z
B,orig,leaf_freq_K10,pread,128,1,1,0.00,100.00,953.08,1103.04,174.48,928.57,,,2056.12,1881.65,2.20,187.00,260.00,1.08,42982628,2026-09-23T02:55:48Z
B,orig,leaf_freq_K10,async,128,1,1,0.00,100.00,913.20,288.43,212.02,76.41,,,1201.63,989.61,2.22,187.00,260.00,1.08,42969904,2026-09-23T02:55:49Z
B,orig,leaf_freq_K10,async_win,128,1,1,0.00,100.00,950.85,271.59,196.25,14.48,60.86,10.00,1222.44,965.33,2.20,187.00,260.00,1.08,42973992,2026-09-23T02:55:49Z
B,orig,leaf_freq_K10,async_bulk,128,1,1,0.00,100.00,941.63,272.95,196.80,14.37,61.79,10.00,1214.58,956.00,2.19,187.00,260.00,1.08,42974660,2026-09-23T02:55:49Z
B,orig,leaf_rand_K10,pread,128,1,1,0.00,100.00,953.41,982.35,85.15,897.20,,,1935.76,1850.61,2.22,188.00,261.00,1.08,42975172,2026-09-23T02:55:50Z
B,orig,leaf_rand_K10,async,128,1,1,0.00,100.00,876.27,323.11,247.56,75.55,,,1199.38,951.82,2.20,188.00,261.00,1.08,42975556,2026-09-23T02:55:50Z
B,orig,leaf_rand_K10,async_win,128,1,1,0.00,100.00,947.90,328.75,248.39,17.49,62.87,10.00,1276.65,965.39,2.20,188.00,261.00,1.08,42976540,2026-09-23T02:55:50Z
B,orig,leaf_rand_K10,async_bulk,128,1,1,0.00,100.00,947.06,309.59,230.48,17.24,61.87,10.00,1256.65,964.30,2.22,188.00,261.00,1.08,42977300,2026-09-23T02:55:51Z
B,orig,learned_markov_14,pread,128,1,1,0.00,100.00,527.09,1303.88,90.18,1213.70,,,1830.97,1740.79,2.21,187.00,265.00,1.08,42977236,2026-09-23T02:55:51Z
B,orig,learned_markov_14,async,128,1,1,0.00,100.00,523.72,329.80,250.13,79.67,,,853.52,603.39,2.18,187.00,265.00,1.08,42978908,2026-09-23T02:55:51Z
B,orig,learned_markov_14,async_win,128,1,1,0.00,100.00,523.14,331.03,249.51,19.24,62.29,13.00,854.17,542.38,2.15,187.00,265.00,1.08,42979652,2026-09-23T02:55:52Z
B,orig,learned_markov_14,async_bulk,128,1,1,0.00,100.00,527.05,315.12,232.09,20.58,62.46,13.00,842.17,547.63,2.19,187.00,265.00,1.08,42979476,2026-09-23T02:55:52Z
B,orig,learned_markov_28,pread,128,1,1,0.00,100.00,461.30,2561.18,167.90,2393.29,,,3022.48,2854.59,2.18,187.00,265.00,1.08,42979960,2026-09-23T02:55:52Z
B,orig,learned_markov_28,async,128,1,1,0.00,100.00,465.19,299.09,201.44,97.65,,,764.28,562.84,2.18,187.00,265.00,1.08,42980440,2026-09-23T02:55:53Z
B,orig,learned_markov_28,async_win,128,1,1,0.00,100.00,525.16,301.89,201.35,37.45,63.09,27.00,827.05,562.61,2.18,187.00,265.00,1.08,42980528,2026-09-23T02:55:53Z
B,orig,learned_markov_28,async_bulk,128,1,1,0.00,100.00,527.73,305.94,201.77,41.16,63.01,27.00,833.67,568.89,2.22,187.00,265.00,1.07,42979832,2026-09-23T02:55:53Z
C,orig,layers_5,pread,128,1,1,0.00,100.00,747.88,679.80,244.71,435.09,,,1427.68,1182.97,1.59,20.00,27.00,1.07,42981584,2026-09-23T02:55:53Z
C,orig,layers_5,async,128,1,1,0.00,100.00,845.55,315.33,245.22,70.11,,,1160.88,915.66,1.63,20.00,27.00,1.07,42982736,2026-09-23T02:55:54Z
C,orig,layers_5,async_win,128,1,1,0.00,100.00,844.73,315.18,245.58,7.91,61.70,2.00,1159.91,852.64,1.63,20.00,27.00,1.07,42968888,2026-09-23T02:55:54Z
C,orig,layers_5,async_bulk,128,1,1,0.00,100.00,818.39,314.11,244.79,7.43,61.89,2.00,1132.50,825.82,1.58,20.00,27.00,1.07,42977944,2026-09-23T02:55:54Z
C,orig,layers_92,pread,128,1,1,0.00,100.00,471.03,8108.52,192.88,7915.64,,,8579.55,8386.67,1.58,18.00,30.00,1.07,42977396,2026-09-23T02:55:55Z
C,orig,layers_92,async,128,1,1,0.00,100.00,468.45,384.73,183.34,201.40,,,853.18,669.85,1.60,18.00,30.00,1.07,42975796,2026-09-23T02:55:55Z
C,orig,layers_92,async_win,128,1,1,0.00,100.00,404.36,362.28,186.58,104.82,70.88,87.00,766.64,509.18,1.59,18.00,30.00,1.07,42974996,2026-09-23T02:55:55Z
C,orig,layers_92,async_bulk,128,1,1,0.00,94.60,1049.47,1747.24,1293.98,101.76,351.50,87.00,2796.71,1151.23,1.66,18.00,30.00,1.07,42975760,2026-09-23T02:55:55Z
C,orig,2d,pread,128,1,1,0.00,100.00,699.76,2329.89,521.45,1808.44,,,3029.65,2508.20,1.65,18.00,30.00,1.07,42975968,2026-09-23T02:55:56Z
C,orig,2d,async,128,1,1,0.00,100.00,438.06,260.91,192.11,68.80,,,698.97,506.86,1.59,18.00,30.00,1.07,42975860,2026-09-23T02:55:56Z
C,orig,2d,async_win,128,1,1,0.00,100.00,455.61,262.69,192.84,7.96,61.90,2.00,718.30,463.57,1.58,18.00,30.00,1.07,42976220,2026-09-23T02:55:56Z
C,orig,2d,async_bulk,128,1,1,0.00,100.00,436.16,257.29,191.02,6.57,59.70,2.00,693.45,442.73,1.58,18.00,30.00,1.07,42976704,2026-09-23T02:55:56Z
C,orig,2e_K10,pread,128,1,1,0.00,100.00,175.82,1379.93,192.06,1187.87,,,1555.75,1363.69,1.57,17.00,33.00,1.07,42976528,2026-09-23T02:55:57Z
C,orig,2e_K10,async,128,1,1,0.00,100.00,172.56,269.59,191.42,78.17,,,442.15,250.73,1.59,17.00,32.00,1.07,42977236,2026-09-23T02:55:57Z
C,orig,2e_K10,async_win,128,1,1,0.00,100.00,175.48,267.25,191.45,15.21,60.59,8.00,442.73,190.69,1.59,17.00,32.00,1.07,42977092,2026-09-23T02:55:57Z
C,orig,2e_K10,async_bulk,128,1,1,0.00,100.00,177.68,261.49,184.33,16.03,61.13,8.00,439.17,193.71,1.60,17.00,32.00,1.07,42976928,2026-09-23T02:55:57Z
C,orig,2e_K500,pread,128,1,1,0.00,100.00,171.71,2485.33,191.26,2294.07,,,2657.04,2465.78,1.53,0.00,37.00,1.07,42976908,2026-09-23T02:55:58Z
C,orig,2e_K500,async,128,1,1,0.00,68.30,173.16,637.60,194.25,443.35,,,810.76,616.51,1.54,0.00,37.00,1.07,42977496,2026-09-23T02:55:58Z
C,orig,2e_K500,async_win,128,1,1,0.00,100.00,173.58,508.99,195.09,231.34,82.56,90.00,682.57,404.92,1.54,0.00,37.00,1.07,42977384,2026-09-23T02:55:58Z
C,orig,2e_K500,async_bulk,128,1,1,0.00,100.00,175.93,493.09,193.14,217.36,82.58,90.00,669.02,393.29,1.52,0.00,37.00,1.07,42978184,2026-09-23T02:55:58Z
C,orig,2f_top14,pread,128,1,1,0.00,100.00,172.60,1223.03,189.41,1033.62,,,1395.63,1206.22,1.56,16.00,34.00,1.07,42978576,2026-09-23T02:55:59Z
C,orig,2f_top14,async,128,1,1,0.00,100.00,178.31,266.62,188.09,78.53,,,444.93,256.84,1.59,17.00,32.00,1.07,42978616,2026-09-23T02:55:59Z
C,orig,2f_top14,async_win,128,1,1,0.00,100.00,177.21,268.85,191.98,15.32,61.55,9.00,446.06,192.53,1.58,17.00,32.00,1.07,42982412,2026-09-23T02:55:59Z
C,orig,2f_top14,async_bulk,128,1,1,0.00,100.00,176.73,267.99,190.24,16.77,60.98,9.00,444.72,193.50,1.60,17.00,32.00,1.07,42980132,2026-09-23T02:55:59Z
C,orig,2f_top28,pread,128,1,1,0.00,100.00,172.74,1119.48,85.20,1034.28,,,1292.22,1207.02,1.57,15.00,33.00,1.07,42980884,2026-09-23T02:56:00Z
C,orig,2f_top28,async,128,1,1,0.00,100.00,174.05,335.64,238.41,97.23,,,509.69,271.28,1.56,16.00,33.00,1.07,42981428,2026-09-23T02:56:00Z
C,orig,2f_top28,async_win,128,1,1,0.00,100.00,173.00,324.46,236.47,25.58,62.42,13.00,497.46,198.58,1.58,16.00,33.00,1.07,42981872,2026-09-23T02:56:00Z
C,orig,2f_top28,async_bulk,128,1,1,0.00,100.00,173.45,322.24,235.28,25.22,61.74,13.00,495.69,198.67,1.58,16.00,33.00,1.07,42982524,2026-09-23T02:56:00Z
C,orig,2f_top100,pread,128,1,1,0.00,100.00,173.75,1240.51,83.33,1157.19,,,1414.26,1330.94,1.56,11.00,33.00,1.07,42982680,2026-09-23T02:56:01Z
C,orig,2f_top100,async,128,1,1,0.00,100.00,177.16,405.98,228.32,177.66,,,583.14,354.82,1.58,14.00,33.00,1.07,42983284,2026-09-23T02:56:01Z
C,orig,2f_top100,async_win,128,1,1,0.00,100.00,174.46,364.68,228.36,70.83,65.48,32.00,539.14,245.29,1.59,14.00,33.00,1.07,42984384,2026-09-23T02:56:01Z
C,orig,2f_top100,async_bulk,128,1,1,0.00,100.00,172.75,364.25,227.44,71.44,65.37,32.00,537.00,244.19,1.58,14.00,33.00,1.07,42983892,2026-09-23T02:56:01Z
C,orig,2f_top500,pread,128,1,1,0.00,100.00,87.62,2962.09,234.77,2727.32,,,3049.71,2814.94,1.50,0.00,37.00,1.07,42985432,2026-09-23T02:56:02Z
C,orig,2f_top500,async,128,1,1,0.00,100.00,87.09,957.27,232.99,724.28,,,1044.36,811.37,1.54,0.00,37.00,1.07,42985712,2026-09-23T02:56:02Z
C,orig,2f_top500,async_win,128,1,1,0.00,100.00,87.24,537.71,226.12,222.06,89.54,15.00,624.95,309.30,1.55,0.00,37.00,1.07,42985772,2026-09-23T02:56:02Z
C,orig,2f_top500,async_bulk,128,1,1,0.00,13.40,758.80,357.58,227.96,40.57,89.06,2.00,1116.38,799.37,1.59,19.00,29.00,1.07,42986708,2026-09-23T02:56:02Z
C,orig,2f_slru,pread,128,1,1,0.00,100.00,86.86,2803.00,82.96,2720.04,,,2889.86,2806.90,1.51,0.00,37.00,1.07,42986540,2026-09-23T02:56:03Z
C,orig,2f_slru,async,128,1,1,0.00,100.00,88.00,952.23,239.69,712.54,,,1040.23,800.54,1.52,0.00,37.00,1.07,42986984,2026-09-23T02:56:03Z
C,orig,2f_slru,async_win,128,1,1,0.00,100.00,86.48,554.51,232.56,230.09,91.86,15.00,640.99,316.57,1.54,0.00,37.00,1.06,42986440,2026-09-23T02:56:03Z
C,orig,2f_slru,async_bulk,128,1,1,0.00,13.40,761.37,358.05,230.00,39.62,88.43,2.00,1119.42,800.99,1.59,19.00,29.00,1.06,42988416,2026-09-23T02:56:03Z
C,orig,leaf_freq_K10,pread,128,1,1,0.00,100.00,664.92,779.04,81.18,697.86,,,1443.96,1362.78,1.63,19.00,30.00,1.06,42987540,2026-09-23T02:56:04Z
C,orig,leaf_freq_K10,async,128,1,1,0.00,100.00,615.85,310.03,237.02,73.02,,,925.88,688.87,1.59,19.00,29.00,1.06,42987668,2026-09-23T02:56:04Z
C,orig,leaf_freq_K10,async_win,128,1,1,0.00,100.00,556.24,302.82,231.18,11.26,60.37,6.00,859.06,567.50,1.59,19.00,29.00,1.06,42988516,2026-09-23T02:56:04Z
C,orig,leaf_freq_K10,async_bulk,128,1,1,0.00,100.00,565.50,299.48,227.43,11.63,60.42,6.00,864.98,577.13,1.60,19.00,29.00,1.06,42971300,2026-09-23T02:56:05Z
C,orig,leaf_rand_K10,pread,128,1,1,0.00,100.00,822.74,950.13,83.34,866.79,,,1772.87,1689.53,1.61,20.00,27.00,1.06,42971404,2026-09-23T02:56:05Z
C,orig,leaf_rand_K10,async,128,1,1,0.00,100.00,719.42,319.57,238.44,81.13,,,1038.99,800.55,1.60,20.00,27.00,1.06,42971696,2026-09-23T02:56:05Z
C,orig,leaf_rand_K10,async_win,128,1,1,0.00,100.00,789.82,311.12,235.28,15.56,60.28,10.00,1100.94,805.38,1.59,20.00,27.00,1.06,42972600,2026-09-23T02:56:05Z
C,orig,leaf_rand_K10,async_bulk,128,1,1,0.00,100.00,851.41,316.14,238.46,15.98,61.71,10.00,1167.55,867.39,1.62,20.00,27.00,1.06,42972740,2026-09-23T02:56:06Z
C,orig,learned_markov_14,pread,128,1,1,0.00,100.00,170.67,1309.37,238.53,1070.84,,,1480.04,1241.51,1.58,16.00,34.00,1.06,42972988,2026-09-23T02:56:06Z
C,orig,learned_markov_14,async,128,1,1,0.00,100.00,172.63,314.78,237.59,77.19,,,487.41,249.82,1.57,17.00,32.00,1.06,42974336,2026-09-23T02:56:06Z
C,orig,learned_markov_14,async_win,128,1,1,0.00,100.00,174.22,313.77,237.74,15.25,60.78,9.00,487.99,189.47,1.58,17.00,32.00,1.06,42975240,2026-09-23T02:56:06Z
C,orig,learned_markov_14,async_bulk,128,1,1,0.00,100.00,168.67,312.67,230.62,16.26,65.78,9.00,481.34,184.93,1.60,17.00,32.00,1.06,42976096,2026-09-23T02:56:07Z
C,orig,learned_markov_28,pread,128,1,1,0.00,100.00,172.22,1266.95,238.42,1028.53,,,1439.17,1200.75,1.59,15.00,33.00,1.06,42976284,2026-09-23T02:56:07Z
C,orig,learned_markov_28,async,128,1,1,0.00,100.00,172.09,322.56,226.75,95.81,,,494.65,267.90,1.61,16.00,33.00,1.06,42976960,2026-09-23T02:56:07Z
C,orig,learned_markov_28,async_win,128,1,1,0.00,100.00,175.82,316.56,228.85,25.77,61.95,13.00,492.38,201.59,1.61,16.00,33.00,1.06,42976092,2026-09-23T02:56:07Z
C,orig,learned_markov_28,async_bulk,128,1,1,0.00,100.00,172.40,316.37,226.73,28.23,61.41,13.00,488.77,200.63,1.60,16.00,33.00,1.06,42976688,2026-09-23T02:56:08Z
C_hit,orig,layers_5,pread,128,1,1,0.00,100.00,549.22,555.03,118.66,436.37,,,1104.25,985.59,1.67,38.00,51.00,1.06,42976724,2026-09-23T02:56:08Z
C_hit,orig,layers_5,async,128,1,1,0.00,100.00,549.22,292.25,224.72,67.53,,,841.47,616.75,1.68,38.00,51.00,1.06,42976868,2026-09-23T02:56:08Z
C_hit,orig,layers_5,async_win,128,1,1,0.00,100.00,554.83,296.19,227.08,7.68,61.42,2.00,851.02,562.51,1.71,38.00,51.00,1.06,42977596,2026-09-23T02:56:08Z
C_hit,orig,layers_5,async_bulk,128,1,1,0.00,100.00,547.46,290.84,222.72,7.58,60.53,2.00,838.30,555.04,1.68,38.00,51.00,1.06,42976860,2026-09-23T02:56:09Z
C_hit,orig,layers_92,pread,128,1,1,0.00,100.00,556.07,7968.67,117.52,7851.15,,,8524.74,8407.22,1.68,39.00,53.00,1.06,42977276,2026-09-23T02:56:09Z
C_hit,orig,layers_92,async,128,1,1,0.00,100.00,562.06,427.43,228.16,199.28,,,989.49,761.34,1.68,39.00,53.00,1.06,42977596,2026-09-23T02:56:09Z
C_hit,orig,layers_92,async_win,128,1,1,0.00,100.00,559.29,413.19,223.01,125.16,65.02,87.00,972.48,684.45,1.71,39.00,53.00,1.06,42979236,2026-09-23T02:56:09Z
C_hit,orig,layers_92,async_bulk,128,1,1,0.00,100.00,555.06,401.73,221.19,114.83,65.70,87.00,956.79,669.89,1.69,39.00,53.00,1.06,42962352,2026-09-23T02:56:10Z
C_hit,orig,2d,pread,128,1,1,0.00,100.00,553.85,598.05,167.12,430.93,,,1151.90,984.78,1.69,39.00,53.00,1.06,42964160,2026-09-23T02:56:10Z
C_hit,orig,2d,async,128,1,1,0.00,100.00,551.77,270.41,197.09,73.32,,,822.18,625.09,1.69,39.00,53.00,1.06,42966432,2026-09-23T02:56:10Z
C_hit,orig,2d,async_win,128,1,1,0.00,100.00,555.25,263.40,193.40,8.84,61.16,3.00,818.65,564.09,1.69,39.00,53.00,1.06,42966088,2026-09-23T02:56:11Z
C_hit,orig,2d,async_bulk,128,1,1,0.00,100.00,555.21,262.32,193.19,8.49,60.64,3.00,817.53,563.70,1.67,39.00,53.00,1.06,42966424,2026-09-23T02:56:11Z
C_hit,orig,2e_K10,pread,128,1,1,0.00,100.00,563.55,1204.39,227.07,977.33,,,1767.94,1540.88,1.68,37.00,52.00,1.06,42966860,2026-09-23T02:56:11Z
C_hit,orig,2e_K10,async,128,1,1,0.00,100.00,496.65,310.03,228.54,81.49,,,806.68,578.14,1.70,39.00,53.00,1.06,42969092,2026-09-23T02:56:11Z
C_hit,orig,2e_K10,async_win,128,1,1,0.00,100.00,549.44,300.61,225.02,14.88,60.70,6.00,850.05,564.32,1.70,39.00,53.00,1.06,42968556,2026-09-23T02:56:12Z
C_hit,orig,2e_K10,async_bulk,128,1,1,0.00,100.00,554.06,299.88,222.89,15.33,61.67,6.00,853.94,569.39,1.69,39.00,53.00,1.06,42969368,2026-09-23T02:56:12Z
C_hit,orig,2e_K500,pread,128,1,1,0.00,100.00,172.72,3293.11,109.03,3184.09,,,3465.83,3356.81,1.60,9.00,61.00,1.06,42969512,2026-09-23T02:56:12Z
C_hit,orig,2e_K500,async,128,1,1,0.00,44.60,178.12,877.90,203.98,673.92,,,1056.02,852.04,1.60,9.00,61.00,1.06,42970240,2026-09-23T02:56:12Z
C_hit,orig,2e_K500,async_win,128,1,1,0.00,39.00,175.25,643.05,209.69,341.71,91.64,139.00,818.30,516.96,1.60,9.00,61.00,1.06,42970004,2026-09-23T02:56:13Z
C_hit,orig,2e_K500,async_bulk,128,1,1,0.00,31.70,179.22,634.19,207.61,337.17,89.41,139.00,813.41,516.39,1.60,9.00,61.00,1.06,42971688,2026-09-23T02:56:13Z
C_hit,orig,2f_top14,pread,128,1,1,0.00,100.00,496.69,993.78,118.28,875.50,,,1490.47,1372.19,1.68,37.00,52.00,1.05,42973052,2026-09-23T02:56:13Z
C_hit,orig,2f_top14,async,128,1,1,0.00,100.00,494.06,307.98,230.60,77.38,,,802.04,571.44,1.69,39.00,53.00,1.05,42974912,2026-09-23T02:56:13Z
C_hit,orig,2f_top14,async_win,128,1,1,0.00,100.00,557.42,306.18,230.39,15.49,60.29,6.00,863.60,572.91,1.66,39.00,53.00,1.05,42974536,2026-09-23T02:56:14Z
C_hit,orig,2f_top14,async_bulk,128,1,1,0.00,100.00,553.10,304.48,230.02,14.65,59.81,6.00,857.58,567.75,1.69,39.00,53.00,1.05,42974588,2026-09-23T02:56:14Z
C_hit,orig,2f_top28,pread,128,1,1,0.00,100.00,498.64,1034.16,150.98,883.18,,,1532.80,1381.82,1.66,36.00,53.00,1.05,42976740,2026-09-23T02:56:14Z
C_hit,orig,2f_top28,async,128,1,1,0.00,100.00,560.06,290.95,196.04,94.91,,,851.01,654.97,1.70,38.00,51.00,1.05,42977480,2026-09-23T02:56:14Z
C_hit,orig,2f_top28,async_win,128,1,1,0.00,100.00,502.89,267.90,184.01,23.46,60.43,8.00,770.79,526.35,1.68,38.00,51.00,1.05,42976840,2026-09-23T02:56:15Z
C_hit,orig,2f_top28,async_bulk,128,1,1,0.00,100.00,502.45,271.76,188.71,22.27,60.78,8.00,774.21,524.72,1.68,38.00,51.00,1.05,42976780,2026-09-23T02:56:15Z
C_hit,orig,2f_top100,pread,128,1,1,0.00,100.00,550.73,1199.38,117.29,1082.10,,,1750.11,1632.83,1.66,31.00,54.00,1.05,42979136,2026-09-23T02:56:15Z
C_hit,orig,2f_top100,async,128,1,1,0.00,100.00,518.29,406.86,228.04,178.82,,,925.15,697.11,1.67,33.00,53.00,1.05,42979508,2026-09-23T02:56:16Z
C_hit,orig,2f_top100,async_win,128,1,1,0.00,88.00,551.97,360.18,226.12,70.25,63.81,28.00,912.15,622.22,1.66,33.00,53.00,1.05,42980100,2026-09-23T02:56:16Z
C_hit,orig,2f_top100,async_bulk,128,1,1,0.00,100.00,520.25,361.70,223.27,74.34,64.09,28.00,881.95,594.59,1.69,33.00,53.00,1.05,42979304,2026-09-23T02:56:16Z
C_hit,orig,2f_top500,pread,128,1,1,0.00,100.00,174.06,3080.54,118.25,2962.29,,,3254.60,3136.35,1.58,9.00,61.00,1.05,42980920,2026-09-23T02:56:16Z
C_hit,orig,2f_top500,async,128,1,1,0.00,45.00,176.12,852.95,220.69,632.27,,,1029.07,808.39,1.60,10.00,61.00,1.05,42980156,2026-09-23T02:56:17Z
C_hit,orig,2f_top500,async_win,128,1,1,0.00,32.60,176.41,650.02,220.13,338.66,91.23,138.00,826.43,515.07,1.59,10.00,61.00,1.05,42980056,2026-09-23T02:56:17Z
C_hit,orig,2f_top500,async_bulk,128,1,1,0.00,100.00,174.88,661.90,222.62,349.17,90.12,138.00,836.78,524.05,1.59,10.00,61.00,1.05,42979904,2026-09-23T02:56:17Z
C_hit,orig,2f_slru,pread,128,1,1,0.00,100.00,91.43,4794.75,118.50,4676.25,,,4886.18,4767.68,1.55,0.00,62.00,1.05,42981516,2026-09-23T02:56:17Z
C_hit,orig,2f_slru,async,128,1,1,0.00,100.00,90.70,1604.78,231.10,1373.67,,,1695.48,1464.37,1.55,0.00,62.00,1.05,42981940,2026-09-23T02:56:18Z
C_hit,orig,2f_slru,async_win,128,1,1,0.00,100.00,88.88,792.97,222.61,415.99,154.37,29.00,881.85,504.87,1.57,0.00,62.00,1.05,42980200,2026-09-23T02:56:18Z
C_hit,orig,2f_slru,async_bulk,128,1,1,0.00,7.00,460.73,420.53,224.80,41.47,154.26,2.00,881.26,502.20,1.68,37.00,50.00,1.05,42980200,2026-09-23T02:56:18Z
C_hit,orig,leaf_freq_K10,pread,128,1,1,0.00,100.00,602.75,742.83,155.31,587.51,,,1345.58,1190.26,1.69,36.00,54.00,1.05,42980968,2026-09-23T02:56:18Z
C_hit,orig,leaf_freq_K10,async,128,1,1,0.00,100.00,566.15,260.19,188.07,72.11,,,826.34,638.26,1.68,38.00,51.00,1.05,42981440,2026-09-23T02:56:19Z
C_hit,orig,leaf_freq_K10,async_win,128,1,1,0.00,100.00,560.14,250.77,182.37,9.21,59.19,3.00,810.91,569.35,1.68,38.00,51.00,1.05,42981776,2026-09-23T02:56:19Z
C_hit,orig,leaf_freq_K10,async_bulk,128,1,1,0.00,100.00,563.05,251.70,181.76,10.96,58.98,3.00,814.75,574.01,1.69,38.00,51.00,1.05,42981792,2026-09-23T02:56:19Z
C_hit,orig,leaf_rand_K10,pread,128,1,1,0.00,100.00,566.02,1012.34,118.33,894.01,,,1578.36,1460.03,1.68,38.00,51.00,1.05,42983012,2026-09-23T02:56:19Z
C_hit,orig,leaf_rand_K10,async,128,1,1,0.00,100.00,567.76,306.40,232.13,74.27,,,874.16,642.03,1.67,38.00,51.00,1.05,42998192,2026-09-23T02:56:20Z
C_hit,orig,leaf_rand_K10,async_win,128,1,1,0.00,100.00,564.13,312.29,235.39,17.23,59.66,10.00,876.42,581.36,1.66,38.00,51.00,1.05,42998696,2026-09-23T02:56:20Z
C_hit,orig,leaf_rand_K10,async_bulk,128,1,1,0.00,100.00,564.58,303.38,228.38,14.62,60.38,10.00,867.96,579.20,1.69,38.00,51.00,1.05,42995544,2026-09-23T02:56:20Z
C_hit,orig,learned_markov_14,pread,128,1,1,0.00,100.00,495.63,1005.18,117.82,887.36,,,1500.81,1382.99,1.66,37.00,52.00,1.05,42996728,2026-09-23T02:56:21Z
C_hit,orig,learned_markov_14,async,128,1,1,0.00,100.00,496.82,309.39,232.32,77.08,,,806.21,573.90,1.66,39.00,53.00,1.05,42996684,2026-09-23T02:56:21Z
C_hit,orig,learned_markov_14,async_win,128,1,1,0.00,100.00,556.86,307.47,231.98,15.60,59.89,6.00,864.33,572.46,1.69,39.00,53.00,1.05,42997692,2026-09-23T02:56:21Z
C_hit,orig,learned_markov_14,async_bulk,128,1,1,0.00,100.00,554.13,305.11,229.56,16.27,59.28,6.00,859.24,570.40,1.69,39.00,53.00,1.05,42997688,2026-09-23T02:56:21Z
C_hit,orig,learned_markov_28,pread,128,1,1,0.00,100.00,565.54,995.88,118.27,877.61,,,1561.42,1443.15,1.71,36.00,53.00,1.05,42999336,2026-09-23T02:56:22Z
C_hit,orig,learned_markov_28,async,128,1,1,0.00,100.00,555.72,324.69,230.58,94.11,,,880.41,649.83,1.68,38.00,51.00,1.05,43003868,2026-09-23T02:56:22Z
C_hit,orig,learned_markov_28,async_win,128,1,1,0.00,100.00,514.40,315.30,230.13,24.75,60.42,8.00,829.70,539.15,1.68,38.00,51.00,1.05,43004532,2026-09-23T02:56:22Z
C_hit,orig,learned_markov_28,async_bulk,128,1,1,0.00,100.00,507.08,314.46,229.61,23.58,61.27,8.00,821.54,530.66,1.68,38.00,51.00,1.05,43004492,2026-09-23T02:56:22Z
A,orig,baseline,baseline,128,2,0,0.00,0.00,1032.20,0.00,0.00,0.00,,,1032.20,1032.20,2.15,189.00,265.00,1.05,43004644,2026-09-23T02:56:23Z
B,orig,baseline,baseline,128,2,0,0.00,0.00,908.73,0.00,0.00,0.00,,,908.73,908.73,2.19,187.00,260.00,1.05,43005144,2026-09-23T02:56:23Z
C,orig,baseline,baseline,128,2,0,0.00,0.00,878.24,0.00,0.00,0.00,,,878.24,878.24,1.60,20.00,27.00,1.04,43007216,2026-09-23T02:56:23Z
C_hit,orig,baseline,baseline,128,2,0,0.00,0.00,579.77,0.00,0.00,0.00,,,579.77,579.77,1.69,38.00,51.00,1.04,43009192,2026-09-23T02:56:24Z
A,orig,layers_5,pread,128,2,0,0.00,100.00,1001.00,678.45,228.69,449.76,,,1679.45,1450.76,2.16,188.00,268.00,1.04,43009488,2026-09-23T02:56:24Z
A,orig,layers_5,async,128,2,0,0.00,100.00,999.20,295.74,225.63,70.10,,,1294.94,1069.30,2.15,189.00,268.00,1.04,43009496,2026-09-23T02:56:24Z
A,orig,layers_5,async_win,128,2,0,0.00,100.00,924.14,294.88,226.75,7.45,60.68,2.00,1219.02,931.59,2.12,189.00,268.00,1.04,43009556,2026-09-23T02:56:24Z
A,orig,layers_5,async_bulk,128,2,0,0.00,100.00,991.98,305.30,235.18,8.31,61.82,2.00,1297.28,1000.29,2.14,189.00,268.00,1.04,43009716,2026-09-23T02:56:25Z
A,orig,layers_92,pread,128,2,0,0.00,100.00,596.23,8267.43,224.80,8042.63,,,8863.66,8638.86,2.17,188.00,273.00,1.04,42993516,2026-09-23T02:56:25Z
A,orig,layers_92,async,128,2,0,0.00,100.00,526.38,418.32,225.06,193.25,,,944.70,719.63,2.11,189.00,272.00,1.04,42992716,2026-09-23T02:56:25Z
A,orig,layers_92,async_win,128,2,0,0.00,100.00,590.68,402.82,225.62,111.48,65.71,87.00,993.50,702.16,2.12,189.00,272.00,1.04,42992860,2026-09-23T02:56:26Z
A,orig,layers_92,async_bulk,128,2,0,0.00,100.00,592.15,400.74,219.14,115.36,66.25,87.00,992.89,707.51,2.13,189.00,272.00,1.04,42993024,2026-09-23T02:56:26Z
A,orig,2d,pread,128,2,0,0.00,100.00,588.11,1975.40,224.92,1750.48,,,2563.51,2338.59,2.18,188.00,273.00,1.04,42981200,2026-09-23T02:56:26Z
A,orig,2d,async,128,2,0,0.00,100.00,594.37,319.61,227.95,91.66,,,913.98,686.03,2.15,189.00,272.00,1.04,42982080,2026-09-23T02:56:27Z
A,orig,2d,async_win,128,2,0,0.00,100.00,593.00,310.28,224.82,23.38,62.08,13.00,903.28,616.38,2.14,189.00,272.00,1.04,42980712,2026-09-23T02:56:27Z
A,orig,2d,async_bulk,128,2,0,0.00,100.00,587.93,310.14,224.73,23.88,61.53,13.00,898.07,611.81,2.13,189.00,272.00,1.04,42980928,2026-09-23T02:56:27Z
A,orig,2e_K10,pread,128,2,0,0.00,100.00,590.99,2811.09,221.99,2589.11,,,3402.08,3180.10,2.14,189.00,284.00,1.04,42981408,2026-09-23T02:56:28Z
A,orig,2e_K10,async,128,2,0,0.00,100.00,594.88,327.24,226.70,100.54,,,922.12,695.42,2.16,190.00,283.00,1.04,42980928,2026-09-23T02:56:28Z
A,orig,2e_K10,async_win,128,2,0,0.00,100.00,590.18,319.79,225.31,31.69,62.79,23.00,909.97,621.87,2.14,190.00,283.00,1.04,42981104,2026-09-23T02:56:28Z
A,orig,2e_K10,async_bulk,128,2,0,0.00,100.00,591.59,323.79,225.14,35.47,63.18,23.00,915.38,627.06,2.19,190.00,283.00,1.04,42982408,2026-09-23T02:56:29Z
A,orig,2e_K500,pread,128,2,0,0.00,100.00,180.60,19154.51,224.59,18929.92,,,19335.11,19110.52,1.72,53.00,319.00,1.04,42982508,2026-09-23T02:56:29Z
A,orig,2e_K500,async,128,2,0,0.00,100.00,632.98,1107.21,222.64,884.57,,,1740.19,1517.55,2.13,194.00,395.00,1.04,42983968,2026-09-23T02:56:29Z
A,orig,2e_K500,async_win,128,2,0,0.00,100.00,642.31,1042.23,225.40,688.36,128.46,471.00,1684.54,1330.67,2.11,194.00,395.00,1.04,42984064,2026-09-23T02:56:29Z
A,orig,2e_K500,async_bulk,128,2,0,0.00,100.00,634.45,1038.15,227.82,681.89,128.44,471.00,1672.60,1316.34,2.12,194.00,394.00,1.04,42983536,2026-09-23T02:56:30Z
A,orig,2f_top14,pread,128,2,0,0.00,100.00,590.47,1476.69,225.52,1251.16,,,2067.16,1841.63,2.11,191.00,271.00,1.04,42983568,2026-09-23T02:56:30Z
A,orig,2f_top14,async,128,2,0,0.00,100.00,594.98,306.48,225.54,80.93,,,901.46,675.91,2.11,191.00,271.00,1.04,42984992,2026-09-23T02:56:30Z
A,orig,2f_top14,async_win,128,2,0,0.00,100.00,589.44,310.30,225.55,23.43,61.31,13.00,899.74,612.87,2.12,191.00,271.00,1.04,42985020,2026-09-23T02:56:31Z
A,orig,2f_top14,async_bulk,128,2,0,0.00,100.00,590.07,308.09,227.04,19.07,61.99,13.00,898.16,609.14,2.15,191.00,271.00,1.04,42985816,2026-09-23T02:56:31Z
A,orig,2f_top28,pread,128,2,0,0.00,100.00,612.22,2653.52,225.21,2428.30,,,3265.74,3040.52,2.14,191.00,290.00,1.04,42987708,2026-09-23T02:56:31Z
A,orig,2f_top28,async,128,2,0,0.00,100.00,590.62,317.17,223.32,93.85,,,907.79,684.47,2.14,191.00,290.00,1.04,42982200,2026-09-23T02:56:32Z
A,orig,2f_top28,async_win,128,2,0,0.00,100.00,619.97,326.34,228.92,34.18,63.24,27.00,946.31,654.15,2.16,191.00,291.00,1.04,42982136,2026-09-23T02:56:32Z
A,orig,2f_top28,async_bulk,128,2,0,0.00,100.00,596.08,323.60,226.31,34.73,62.56,27.00,919.68,630.81,2.18,191.00,290.00,1.04,42983892,2026-09-23T02:56:32Z
A,orig,2f_top100,pread,128,2,0,0.00,100.00,588.18,8934.29,226.44,8707.85,,,9522.47,9296.03,2.14,186.00,317.00,1.04,42985524,2026-09-23T02:56:33Z
A,orig,2f_top100,async,128,2,0,0.00,100.00,591.56,417.63,225.69,191.94,,,1009.19,783.50,2.17,191.00,310.00,1.04,42985528,2026-09-23T02:56:33Z
A,orig,2f_top100,async_win,128,2,0,0.00,82.00,598.16,409.98,225.44,118.73,65.80,98.00,1008.14,716.89,2.16,191.00,312.00,1.04,42985700,2026-09-23T02:56:33Z
A,orig,2f_top100,async_bulk,128,2,0,0.00,81.00,599.27,407.80,226.91,114.42,66.47,98.00,1007.07,713.69,2.15,191.00,312.00,1.04,42986000,2026-09-23T02:56:34Z
A,orig,2f_top500,pread,128,2,0,0.00,100.00,181.97,18652.84,224.13,18428.71,,,18834.81,18610.68,1.71,54.00,321.00,1.04,42985876,2026-09-23T02:56:34Z
A,orig,2f_top500,async,128,2,0,0.00,100.00,637.16,1028.88,224.14,804.73,,,1666.04,1441.89,2.12,193.00,396.00,1.04,42986648,2026-09-23T02:56:34Z
A,orig,2f_top500,async_win,128,2,0,0.00,100.00,636.52,985.34,226.31,669.07,89.97,460.00,1621.86,1305.59,2.12,193.00,398.00,1.04,42986980,2026-09-23T02:56:34Z
A,orig,2f_top500,async_bulk,128,2,0,0.00,100.00,636.20,984.49,226.01,667.70,90.78,460.00,1620.69,1303.90,2.11,193.00,398.00,1.04,42987104,2026-09-23T02:56:35Z
A,orig,2f_slru,pread,128,2,0,0.00,100.00,95.03,18039.29,225.57,17813.72,,,18134.32,17908.75,1.54,0.00,278.00,1.04,42987344,2026-09-23T02:56:35Z
A,orig,2f_slru,async,128,2,0,0.00,100.00,96.49,7345.97,223.46,7122.51,,,7442.46,7219.00,1.57,0.00,278.00,1.04,42985348,2026-09-23T02:56:35Z
A,orig,2f_slru,async_win,128,2,0,0.00,89.10,99.10,2604.92,227.30,1987.10,390.52,138.00,2704.02,2086.20,1.58,0.00,278.00,1.04,42986512,2026-09-23T02:56:36Z
A,orig,2f_slru,async_bulk,128,2,0,0.00,1.40,905.66,704.21,226.47,80.09,397.66,2.00,1609.87,985.75,2.14,188.00,263.00,1.04,42988252,2026-09-23T02:56:36Z
A,orig,leaf_freq_K10,pread,128,2,0,0.00,100.00,1003.44,1153.90,223.27,930.63,,,2157.34,1934.07,2.14,188.00,278.00,1.04,42989100,2026-09-23T02:56:36Z
A,orig,leaf_freq_K10,async,128,2,0,0.00,100.00,1005.11,301.55,227.10,74.45,,,1306.66,1079.56,2.14,188.00,278.00,1.04,42989176,2026-09-23T02:56:37Z
A,orig,leaf_freq_K10,async_win,128,2,0,0.00,100.00,1010.40,300.04,225.44,13.86,60.74,10.00,1310.44,1024.26,2.17,188.00,278.00,1.04,42979704,2026-09-23T02:56:37Z
A,orig,leaf_freq_K10,async_bulk,128,2,0,0.00,100.00,1004.72,300.36,225.12,14.87,60.36,10.00,1305.08,1019.59,2.14,188.00,278.00,1.04,42979204,2026-09-23T02:56:37Z
A,orig,leaf_rand_K10,pread,128,2,0,0.00,100.00,935.98,1145.11,224.17,920.94,,,2081.09,1856.92,2.12,189.00,266.00,1.04,42979152,2026-09-23T02:56:37Z
A,orig,leaf_rand_K10,async,128,2,0,0.00,100.00,936.77,300.88,226.97,73.91,,,1237.65,1010.68,2.10,189.00,266.00,1.04,42979244,2026-09-23T02:56:38Z
A,orig,leaf_rand_K10,async_win,128,2,0,0.00,100.00,1002.50,299.98,224.08,14.99,60.91,10.00,1302.48,1017.49,2.16,189.00,266.00,1.04,42979580,2026-09-23T02:56:38Z
A,orig,leaf_rand_K10,async_bulk,128,2,0,0.00,100.00,1009.09,301.42,225.81,14.97,60.64,10.00,1310.51,1024.06,2.14,189.00,266.00,1.03,42979388,2026-09-23T02:56:38Z
A,orig,learned_markov_14,pread,128,2,0,0.00,100.00,585.78,1495.97,225.51,1270.46,,,2081.75,1856.24,2.11,189.00,273.00,1.03,42980064,2026-09-23T02:56:39Z
A,orig,learned_markov_14,async,128,2,0,0.00,100.00,593.22,303.96,224.62,79.34,,,897.18,672.56,2.13,189.00,273.00,1.03,42980516,2026-09-23T02:56:39Z
A,orig,learned_markov_14,async_win,128,2,0,0.00,100.00,594.50,311.40,229.66,20.72,61.02,13.00,905.90,615.22,2.14,189.00,273.00,1.03,42980588,2026-09-23T02:56:39Z
A,orig,learned_markov_14,async_bulk,128,2,0,0.00,100.00,598.48,303.99,224.37,18.36,61.26,13.00,902.47,616.84,2.16,189.00,273.00,1.03,42981300,2026-09-23T02:56:40Z
A,orig,learned_markov_28,pread,128,2,0,0.00,100.00,592.91,2738.72,224.20,2514.52,,,3331.63,3107.43,2.15,189.00,276.00,1.03,42980420,2026-09-23T02:56:40Z
A,orig,learned_markov_28,async,128,2,0,0.00,100.00,591.69,326.43,229.94,96.49,,,918.12,688.18,2.16,189.00,275.00,1.03,42995260,2026-09-23T02:56:40Z
A,orig,learned_markov_28,async_win,128,2,0,0.00,100.00,594.20,326.35,226.16,38.48,61.71,26.00,920.55,632.68,2.17,189.00,275.00,1.03,42995024,2026-09-23T02:56:41Z
A,orig,learned_markov_28,async_bulk,128,2,0,0.00,100.00,526.15,333.75,234.13,38.00,61.62,26.00,859.90,564.15,2.11,189.00,275.00,1.03,42995936,2026-09-23T02:56:41Z
B,orig,layers_5,pread,128,2,0,0.00,100.00,903.49,667.59,225.80,441.78,,,1571.08,1345.27,2.22,186.00,260.00,1.03,42996120,2026-09-23T02:56:41Z
B,orig,layers_5,async,128,2,0,0.00,100.00,940.64,296.53,228.03,68.50,,,1237.17,1009.14,2.20,187.00,260.00,1.03,42996748,2026-09-23T02:56:42Z
B,orig,layers_5,async_win,128,2,0,0.00,100.00,779.92,293.51,224.62,7.70,61.20,2.00,1073.43,787.62,2.16,187.00,260.00,1.03,42995484,2026-09-23T02:56:42Z
B,orig,layers_5,async_bulk,128,2,0,0.00,100.00,805.98,293.46,225.49,7.32,60.64,2.00,1099.44,813.30,2.20,187.00,260.00,1.03,42979452,2026-09-23T02:56:42Z
B,orig,layers_92,pread,128,2,0,0.00,100.00,526.21,8308.19,226.07,8082.11,,,8834.40,8608.32,2.19,186.00,267.00,1.03,42988208,2026-09-23T02:56:42Z
B,orig,layers_92,async,128,2,0,0.00,100.00,529.45,413.01,223.94,189.07,,,942.46,718.52,2.19,187.00,266.00,1.03,42988620,2026-09-23T02:56:43Z
B,orig,layers_92,async_win,128,2,0,0.00,100.00,531.34,401.51,225.07,111.25,65.19,87.00,932.85,642.59,2.20,187.00,266.00,1.03,42988572,2026-09-23T02:56:43Z
B,orig,layers_92,async_bulk,128,2,0,0.00,100.00,460.59,396.96,226.38,105.02,65.56,87.00,857.55,565.61,2.18,187.00,266.00,1.03,42989892,2026-09-23T02:56:43Z
B,orig,2d,pread,128,2,0,0.00,100.00,531.78,1945.98,229.28,1716.70,,,2477.76,2248.48,2.21,186.00,267.00,1.03,42990408,2026-09-23T02:56:44Z
B,orig,2d,async,128,2,0,0.00,100.00,526.98,314.67,225.85,88.82,,,841.65,615.80,2.20,187.00,266.00,1.03,42990200,2026-09-23T02:56:44Z
B,orig,2d,async_win,128,2,0,0.00,100.00,526.76,311.42,228.73,20.33,62.36,13.00,838.18,547.09,2.22,187.00,266.00,1.03,42990936,2026-09-23T02:56:44Z
B,orig,2d,async_bulk,128,2,0,0.00,100.00,524.25,310.67,225.17,23.77,61.74,13.00,834.92,548.02,2.21,187.00,266.00,1.03,42991396,2026-09-23T02:56:45Z
B,orig,2e_K10,pread,128,2,0,0.00,100.00,522.73,2672.55,189.55,2483.00,,,3195.28,3005.73,2.16,187.00,267.00,1.03,42990844,2026-09-23T02:56:45Z
B,orig,2e_K10,async,128,2,0,0.00,100.00,523.20,279.70,183.64,96.06,,,802.90,619.26,2.19,188.00,267.00,1.03,42992892,2026-09-23T02:56:45Z
B,orig,2e_K10,async_win,128,2,0,0.00,100.00,528.92,285.61,185.01,37.99,62.61,23.00,814.53,566.91,2.20,188.00,267.00,1.03,42980948,2026-09-23T02:56:46Z
B,orig,2e_K10,async_bulk,128,2,0,0.00,100.00,525.15,278.87,183.22,33.19,62.46,23.00,804.02,558.34,2.21,188.00,267.00,1.03,42980492,2026-09-23T02:56:46Z
B,orig,2e_K500,pread,128,2,0,0.00,100.00,180.73,18182.61,183.80,17998.82,,,18363.34,18179.55,1.82,73.00,312.00,1.03,42979672,2026-09-23T02:56:46Z
B,orig,2e_K500,async,128,2,0,0.00,100.00,180.89,1019.97,180.84,839.13,,,1200.86,1020.02,2.14,187.00,313.00,1.03,42980696,2026-09-23T02:56:47Z
B,orig,2e_K500,async_win,128,2,0,0.00,100.00,181.27,958.44,183.87,683.66,90.91,461.00,1139.71,864.93,2.15,187.00,313.00,1.03,42980704,2026-09-23T02:56:47Z
B,orig,2e_K500,async_bulk,128,2,0,0.00,100.00,181.51,976.93,185.57,701.19,90.17,461.00,1158.44,882.70,2.17,187.00,313.00,1.03,42979836,2026-09-23T02:56:47Z
B,orig,2f_top14,pread,128,2,0,0.00,100.00,466.71,1465.87,183.98,1281.89,,,1932.58,1748.60,2.15,188.00,265.00,1.03,42979640,2026-09-23T02:56:48Z
B,orig,2f_top14,async,128,2,0,0.00,100.00,524.44,267.54,184.42,83.13,,,791.98,607.57,2.18,188.00,265.00,1.03,42975608,2026-09-23T02:56:48Z
B,orig,2f_top14,async_win,128,2,0,0.00,100.00,526.99,263.38,183.21,18.43,61.74,13.00,790.37,545.42,2.20,188.00,266.00,1.03,42978716,2026-09-23T02:56:48Z
B,orig,2f_top14,async_bulk,128,2,0,0.00,100.00,526.91,266.48,184.39,19.82,62.28,13.00,793.39,546.73,2.23,188.00,266.00,1.03,42978988,2026-09-23T02:56:49Z
B,orig,2f_top28,pread,128,2,0,0.00,100.00,526.29,2654.00,181.37,2472.63,,,3180.29,2998.92,2.18,188.00,267.00,1.03,42978220,2026-09-23T02:56:49Z
B,orig,2f_top28,async,128,2,0,0.00,100.00,526.13,282.76,183.97,98.79,,,808.89,624.92,2.19,188.00,268.00,1.03,42978456,2026-09-23T02:56:49Z
B,orig,2f_top28,async_win,128,2,0,0.00,100.00,527.35,284.96,184.48,37.13,63.35,27.00,812.31,564.48,2.19,188.00,268.00,1.03,42980456,2026-09-23T02:56:49Z
B,orig,2f_top28,async_bulk,128,2,0,0.00,100.00,525.76,286.67,183.84,40.16,62.68,27.00,812.43,565.92,2.15,188.00,268.00,1.03,42980840,2026-09-23T02:56:50Z
B,orig,2f_top100,pread,128,2,0,0.00,100.00,464.09,8926.86,183.08,8743.78,,,9390.95,9207.87,2.17,187.00,272.00,1.03,42980724,2026-09-23T02:56:50Z
B,orig,2f_top100,async,128,2,0,0.00,100.00,528.86,380.65,182.97,197.67,,,909.51,726.53,2.18,187.00,273.00,1.03,42982612,2026-09-23T02:56:50Z
B,orig,2f_top100,async_win,128,2,0,0.00,100.00,526.06,369.67,182.88,120.51,66.28,97.00,895.73,646.57,2.13,187.00,272.00,1.03,42982348,2026-09-23T02:56:51Z
B,orig,2f_top100,async_bulk,128,2,0,0.00,100.00,523.79,372.76,183.76,123.70,65.30,97.00,896.55,647.49,2.16,187.00,272.00,1.03,42982848,2026-09-23T02:56:51Z
B,orig,2f_top500,pread,128,2,0,0.00,100.00,184.34,19364.32,183.64,19180.68,,,19548.66,19365.02,1.82,74.00,316.00,1.03,42983436,2026-09-23T02:56:51Z
B,orig,2f_top500,async,128,2,0,0.00,100.00,181.56,986.75,186.14,800.62,,,1168.31,982.18,2.16,187.00,313.00,1.03,42983864,2026-09-23T02:56:52Z
B,orig,2f_top500,async_win,128,2,0,0.00,100.00,182.44,935.54,182.10,663.65,89.79,448.00,1117.98,846.09,2.18,187.00,314.00,1.03,42983964,2026-09-23T02:56:52Z
B,orig,2f_top500,async_bulk,128,2,0,0.00,100.00,178.74,927.19,182.18,654.94,90.07,448.00,1105.93,833.68,2.15,187.00,315.00,1.03,42982764,2026-09-23T02:56:52Z
B,orig,2f_slru,pread,128,2,0,0.00,100.00,96.14,18338.14,186.11,18152.03,,,18434.28,18248.17,1.56,0.00,278.00,1.03,42984008,2026-09-23T02:56:53Z
B,orig,2f_slru,async,128,2,0,0.00,100.00,96.95,7292.02,184.45,7107.57,,,7388.97,7204.52,1.59,0.00,278.00,1.03,42981272,2026-09-23T02:56:53Z
B,orig,2f_slru,async_win,128,2,0,0.00,92.10,95.25,2591.85,185.40,2091.42,315.03,139.00,2687.10,2186.67,1.61,0.00,278.00,1.03,42967160,2026-09-23T02:56:53Z
B,orig,2f_slru,async_bulk,128,2,0,0.00,2.20,853.88,611.00,191.67,94.63,324.70,3.00,1464.88,948.51,2.18,184.00,259.00,1.02,42973864,2026-09-23T02:56:53Z
B,orig,leaf_freq_K10,pread,128,2,0,0.00,100.00,845.12,1116.53,190.79,925.74,,,1961.65,1770.86,2.16,187.00,260.00,1.02,42974480,2026-09-23T02:56:54Z
B,orig,leaf_freq_K10,async,128,2,0,0.00,100.00,943.06,257.42,182.25,75.17,,,1200.48,1018.23,2.18,187.00,260.00,1.02,42974560,2026-09-23T02:56:54Z
B,orig,leaf_freq_K10,async_win,128,2,0,0.00,100.00,920.27,259.80,183.37,15.09,61.34,10.00,1180.07,935.36,2.19,187.00,260.00,1.02,42975352,2026-09-23T02:56:54Z
B,orig,leaf_freq_K10,async_bulk,128,2,0,0.00,100.00,944.97,259.59,182.75,14.82,62.02,10.00,1204.56,959.79,2.19,187.00,260.00,1.02,42974852,2026-09-23T02:56:55Z
B,orig,leaf_rand_K10,pread,128,2,0,0.00,100.00,931.13,1046.12,190.04,856.08,,,1977.25,1787.21,2.19,188.00,261.00,1.02,42975168,2026-09-23T02:56:55Z
B,orig,leaf_rand_K10,async,128,2,0,0.00,100.00,2082.21,1631.45,1093.80,537.65,,,3713.66,2619.86,2.87,188.00,261.00,1.02,42975832,2026-09-23T02:56:55Z
B,orig,leaf_rand_K10,async_win,128,2,0,0.00,100.00,1856.41,893.15,816.58,14.90,61.68,10.00,2749.56,1871.31,3.04,188.00,261.00,1.02,42975856,2026-09-23T02:56:56Z
B,orig,leaf_rand_K10,async_bulk,128,2,0,0.00,100.00,846.06,258.42,182.14,15.32,60.95,10.00,1104.48,861.38,2.19,188.00,261.00,1.02,42976452,2026-09-23T02:56:56Z
B,orig,learned_markov_14,pread,128,2,0,0.00,100.00,526.91,1407.02,185.21,1221.81,,,1933.93,1748.72,2.17,187.00,265.00,1.02,42976476,2026-09-23T02:56:56Z
B,orig,learned_markov_14,async,128,2,0,0.00,100.00,523.71,265.98,184.11,81.87,,,789.69,605.58,2.16,187.00,265.00,1.02,42976816,2026-09-23T02:56:57Z
B,orig,learned_markov_14,async_win,128,2,0,0.00,100.00,460.67,267.71,185.09,20.54,62.09,13.00,728.38,481.21,2.17,187.00,265.00,1.02,42977868,2026-09-23T02:56:57Z
B,orig,learned_markov_14,async_bulk,128,2,0,0.00,100.00,462.05,264.61,183.99,19.52,61.10,13.00,726.66,481.57,2.15,187.00,265.00,1.02,42978652,2026-09-23T02:56:57Z
B,orig,learned_markov_28,pread,128,2,0,0.00,100.00,526.27,2531.24,183.85,2347.39,,,3057.51,2873.66,2.18,187.00,265.00,1.02,42978692,2026-09-23T02:56:58Z
B,orig,learned_markov_28,async,128,2,0,0.00,100.00,462.32,281.54,184.37,97.17,,,743.86,559.49,2.15,187.00,265.00,1.02,42977856,2026-09-23T02:56:58Z
B,orig,learned_markov_28,async_win,128,2,0,0.00,100.00,522.38,283.16,185.15,35.55,62.47,27.00,805.54,557.93,2.18,187.00,265.00,1.10,42960624,2026-09-23T02:56:58Z
B,orig,learned_markov_28,async_bulk,128,2,0,0.00,100.00,460.11,280.90,182.11,36.27,62.52,27.00,741.01,496.38,2.15,187.00,265.00,1.10,42962056,2026-09-23T02:56:59Z
C,orig,layers_5,pread,128,2,0,0.00,100.00,839.46,615.25,177.83,437.41,,,1454.71,1276.87,1.57,20.00,27.00,1.10,42961512,2026-09-23T02:56:59Z
C,orig,layers_5,async,128,2,0,0.00,100.00,818.95,251.36,182.78,68.58,,,1070.31,887.53,1.59,20.00,27.00,1.10,42962604,2026-09-23T02:56:59Z
C,orig,layers_5,async_win,128,2,0,0.00,100.00,813.88,257.75,189.17,7.53,61.05,2.00,1071.63,821.41,1.57,20.00,27.00,1.10,42964500,2026-09-23T02:56:59Z
C,orig,layers_5,async_bulk,128,2,0,0.00,100.00,814.88,251.49,182.35,7.74,61.41,2.00,1066.37,822.62,1.57,20.00,27.00,1.10,42965220,2026-09-23T02:57:00Z
C,orig,layers_92,pread,128,2,0,0.00,100.00,393.53,8112.56,189.96,7922.60,,,8506.09,8316.13,1.59,18.00,30.00,1.10,42964908,2026-09-23T02:57:00Z
C,orig,layers_92,async,128,2,0,0.00,100.00,467.19,376.34,181.35,194.99,,,843.53,662.18,1.57,18.00,30.00,1.10,42965252,2026-09-23T02:57:00Z
C,orig,layers_92,async_win,128,2,0,0.00,100.00,466.59,357.48,179.43,113.43,64.62,87.00,824.07,580.02,1.55,18.00,30.00,1.10,42968224,2026-09-23T02:57:00Z
C,orig,layers_92,async_bulk,128,2,0,0.00,100.00,465.84,364.49,181.42,118.40,64.66,87.00,830.33,584.24,1.58,18.00,30.00,1.10,42977248,2026-09-23T02:57:01Z
C,orig,2d,pread,128,2,0,0.00,100.00,432.12,540.11,182.01,358.09,,,972.23,790.21,1.56,18.00,30.00,1.10,42976616,2026-09-23T02:57:01Z
C,orig,2d,async,128,2,0,0.00,100.00,432.98,250.34,183.23,67.11,,,683.32,500.09,1.57,18.00,30.00,1.10,42979568,2026-09-23T02:57:01Z
C,orig,2d,async_win,128,2,0,0.00,100.00,436.23,247.82,180.08,7.41,60.32,2.00,684.05,443.64,1.57,18.00,30.00,1.10,42978524,2026-09-23T02:57:01Z
C,orig,2d,async_bulk,128,2,0,0.00,100.00,434.65,259.93,191.48,7.66,60.79,2.00,694.58,442.31,1.56,18.00,30.00,1.10,42978416,2026-09-23T02:57:02Z
C,orig,2e_K10,pread,128,2,0,0.00,100.00,174.92,1323.97,181.40,1142.57,,,1498.89,1317.49,1.56,17.00,33.00,1.10,42978740,2026-09-23T02:57:02Z
C,orig,2e_K10,async,128,2,0,0.00,100.00,172.08,258.57,179.18,79.39,,,430.65,251.47,1.55,17.00,32.00,1.10,42979256,2026-09-23T02:57:02Z
C,orig,2e_K10,async_win,128,2,0,0.00,100.00,175.61,258.93,181.84,16.02,61.06,8.00,434.54,191.63,1.56,17.00,32.00,1.10,42981724,2026-09-23T02:57:02Z
C,orig,2e_K10,async_bulk,128,2,0,0.00,100.00,172.85,257.83,177.77,18.83,61.23,8.00,430.68,191.68,1.56,17.00,32.00,1.10,42982052,2026-09-23T02:57:03Z
C,orig,2e_K500,pread,128,2,0,0.00,100.00,173.46,2426.71,180.85,2245.86,,,2600.17,2419.32,1.50,0.00,37.00,1.10,42982612,2026-09-23T02:57:03Z
C,orig,2e_K500,async,128,2,0,0.00,67.50,172.31,624.25,181.20,443.05,,,796.56,615.36,1.52,0.00,37.00,1.09,42981556,2026-09-23T02:57:03Z
C,orig,2e_K500,async_win,128,2,0,0.00,100.00,175.08,492.10,181.65,227.30,83.15,90.00,667.18,402.38,1.51,0.00,37.00,1.09,42983812,2026-09-23T02:57:03Z
C,orig,2e_K500,async_bulk,128,2,0,0.00,100.00,177.02,489.03,183.10,222.70,83.23,90.00,666.05,399.72,1.51,0.00,37.00,1.09,42984104,2026-09-23T02:57:04Z
C,orig,2f_top14,pread,128,2,0,0.00,100.00,173.94,1215.44,179.49,1035.96,,,1389.38,1209.90,1.55,16.00,34.00,1.09,42984236,2026-09-23T02:57:04Z
C,orig,2f_top14,async,128,2,0,0.00,100.00,174.98,257.28,179.58,77.71,,,432.26,252.69,1.57,17.00,32.00,1.09,42979548,2026-09-23T02:57:04Z
C,orig,2f_top14,async_win,128,2,0,0.00,100.00,178.68,258.52,182.46,14.92,61.13,9.00,437.20,193.60,1.56,17.00,32.00,1.09,42986492,2026-09-23T02:57:04Z
C,orig,2f_top14,async_bulk,128,2,0,0.00,100.00,172.84,258.95,180.92,17.06,60.96,9.00,431.79,189.90,1.58,17.00,32.00,1.09,42987120,2026-09-23T02:57:05Z
C,orig,2f_top28,pread,128,2,0,0.00,100.00,172.03,1299.62,181.27,1118.35,,,1471.65,1290.38,1.59,15.00,33.00,1.09,42986988,2026-09-23T02:57:05Z
C,orig,2f_top28,async,128,2,0,0.00,100.00,178.53,282.35,185.38,96.97,,,460.88,275.50,1.56,16.00,33.00,1.09,42987760,2026-09-23T02:57:05Z
C,orig,2f_top28,async_win,128,2,0,0.00,100.00,175.57,266.75,178.83,26.36,61.57,13.00,442.32,201.93,1.58,16.00,33.00,1.09,42989024,2026-09-23T02:57:06Z
C,orig,2f_top28,async_bulk,128,2,0,0.00,100.00,174.16,269.26,181.33,25.73,62.20,13.00,443.42,199.89,1.56,16.00,33.00,1.09,42988620,2026-09-23T02:57:06Z
C,orig,2f_top100,pread,128,2,0,0.00,100.00,175.65,1392.11,182.36,1209.74,,,1567.76,1385.39,1.55,11.00,33.00,1.09,42972340,2026-09-23T02:57:06Z
C,orig,2f_top100,async,128,2,0,0.00,100.00,175.94,358.94,181.38,177.56,,,534.88,353.50,1.58,14.00,33.00,1.09,42972996,2026-09-23T02:57:06Z
C,orig,2f_top100,async_win,128,2,0,0.00,100.00,172.63,318.09,180.92,71.34,65.82,32.00,490.72,243.97,1.57,14.00,33.00,1.09,42973048,2026-09-23T02:57:07Z
C,orig,2f_top100,async_bulk,128,2,0,0.00,71.00,172.82,318.69,181.84,71.40,65.44,32.00,491.51,244.22,1.56,14.00,33.00,1.09,42972996,2026-09-23T02:57:07Z
C,orig,2f_top500,pread,128,2,0,0.00,100.00,87.61,2792.22,177.56,2614.66,,,2879.83,2702.27,1.50,0.00,37.00,1.09,42973596,2026-09-23T02:57:07Z
C,orig,2f_top500,async,128,2,0,0.00,100.00,85.94,905.32,180.01,725.31,,,991.26,811.25,1.51,0.00,37.00,1.09,42974880,2026-09-23T02:57:07Z
C,orig,2f_top500,async_win,128,2,0,0.00,100.00,88.90,493.90,180.95,223.05,89.90,15.00,582.80,311.95,1.53,0.00,37.00,1.09,42975400,2026-09-23T02:57:08Z
C,orig,2f_top500,async_bulk,128,2,0,0.00,13.40,752.50,307.90,180.97,38.75,88.18,2.00,1060.40,791.25,1.59,19.00,29.00,1.09,42971900,2026-09-23T02:57:08Z
C,orig,2f_slru,pread,128,2,0,0.00,100.00,86.67,3033.85,190.20,2843.66,,,3120.52,2930.33,1.51,0.00,37.00,1.09,42972152,2026-09-23T02:57:08Z
C,orig,2f_slru,async,128,2,0,0.00,100.00,87.33,885.96,179.62,706.34,,,973.29,793.67,1.52,0.00,37.00,1.09,42974280,2026-09-23T02:57:08Z
C,orig,2f_slru,async_win,128,2,0,0.00,100.00,83.77,496.41,179.19,228.37,88.86,15.00,580.18,312.14,1.51,0.00,37.00,1.09,42974872,2026-09-23T02:57:09Z
C,orig,2f_slru,async_bulk,128,2,0,0.00,13.40,753.93,316.79,185.51,41.17,90.11,2.00,1070.72,795.10,1.57,19.00,29.00,1.09,42974468,2026-09-23T02:57:09Z
C,orig,leaf_freq_K10,pread,128,2,0,0.00,100.00,604.95,899.00,178.03,720.97,,,1503.95,1325.92,1.57,19.00,30.00,1.09,42974072,2026-09-23T02:57:09Z
C,orig,leaf_freq_K10,async,128,2,0,0.00,100.00,675.38,252.31,179.74,72.58,,,927.69,747.96,1.58,19.00,29.00,1.09,42975072,2026-09-23T02:57:09Z
C,orig,leaf_freq_K10,async_win,128,2,0,0.00,100.00,566.21,259.72,188.33,11.19,60.19,6.00,825.93,577.40,1.58,19.00,29.00,1.09,42974972,2026-09-23T02:57:10Z
C,orig,leaf_freq_K10,async_bulk,128,2,0,0.00,100.00,559.16,254.44,181.40,12.81,60.22,6.00,813.60,571.97,1.57,19.00,29.00,1.09,42958224,2026-09-23T02:57:10Z
C,orig,leaf_rand_K10,pread,128,2,0,0.00,100.00,854.61,1046.63,182.50,864.12,,,1901.24,1718.73,1.57,20.00,27.00,1.09,42958348,2026-09-23T02:57:10Z
C,orig,leaf_rand_K10,async,128,2,0,0.00,100.00,851.34,254.12,179.50,74.62,,,1105.46,925.96,1.57,20.00,27.00,1.09,42959936,2026-09-23T02:57:10Z
C,orig,leaf_rand_K10,async_win,128,2,0,0.00,100.00,822.37,257.62,181.57,15.95,60.10,10.00,1079.99,838.32,1.58,20.00,27.00,1.09,42960060,2026-09-23T02:57:11Z
C,orig,leaf_rand_K10,async_bulk,128,2,0,0.00,100.00,820.46,256.89,180.98,15.04,60.88,10.00,1077.35,835.50,1.57,20.00,27.00,1.09,42960260,2026-09-23T02:57:11Z
C,orig,learned_markov_14,pread,128,2,0,0.00,100.00,171.88,1204.13,179.83,1024.31,,,1376.01,1196.19,1.55,16.00,34.00,1.09,42955292,2026-09-23T02:57:11Z
C,orig,learned_markov_14,async,128,2,0,0.00,100.00,174.38,267.37,189.00,78.37,,,441.75,252.75,1.56,17.00,32.00,1.09,42955540,2026-09-23T02:57:11Z
C,orig,learned_markov_14,async_win,128,2,0,0.00,100.00,174.39,262.23,183.62,17.23,61.39,9.00,436.62,191.62,1.59,17.00,32.00,1.09,42956136,2026-09-23T02:57:12Z
C,orig,learned_markov_14,async_bulk,128,2,0,0.00,100.00,173.47,261.10,180.32,16.16,64.62,9.00,434.57,189.63,1.58,17.00,32.00,1.09,42956072,2026-09-23T02:57:12Z
C,orig,learned_markov_28,pread,128,2,0,0.00,100.00,172.41,1218.25,183.07,1035.18,,,1390.66,1207.59,1.55,15.00,33.00,1.09,42954652,2026-09-23T02:57:12Z
C,orig,learned_markov_28,async,128,2,0,0.00,100.00,174.16,280.62,180.33,100.29,,,454.78,274.45,1.57,16.00,33.00,1.09,42955824,2026-09-23T02:57:12Z
C,orig,learned_markov_28,async_win,128,2,0,0.00,100.00,172.88,272.06,183.28,27.34,61.44,13.00,444.94,200.22,1.57,16.00,33.00,1.09,42956216,2026-09-23T02:57:13Z
C,orig,learned_markov_28,async_bulk,128,2,0,0.00,100.00,172.65,271.93,183.25,27.28,61.41,13.00,444.58,199.93,1.57,16.00,33.00,1.09,42955132,2026-09-23T02:57:13Z
C_hit,orig,layers_5,pread,128,2,0,0.00,100.00,551.55,618.88,180.65,438.23,,,1170.43,989.78,1.66,38.00,51.00,1.08,42955356,2026-09-23T02:57:13Z
C_hit,orig,layers_5,async,128,2,0,0.00,100.00,554.93,253.47,185.20,68.27,,,808.40,623.20,1.67,38.00,51.00,1.08,42958572,2026-09-23T02:57:13Z
C_hit,orig,layers_5,async_win,128,2,0,0.00,100.00,553.01,250.01,182.18,7.78,60.05,2.00,803.02,560.79,1.72,38.00,51.00,1.08,42958600,2026-09-23T02:57:14Z
C_hit,orig,layers_5,async_bulk,128,2,0,0.00,100.00,549.27,247.00,179.40,7.69,59.91,2.00,796.27,556.96,1.64,38.00,51.00,1.08,42958776,2026-09-23T02:57:14Z
C_hit,orig,layers_92,pread,128,2,0,0.00,100.00,549.12,7909.18,177.78,7731.40,,,8458.30,8280.52,1.63,39.00,53.00,1.08,42958540,2026-09-23T02:57:14Z
C_hit,orig,layers_92,async,128,2,0,0.00,100.00,556.41,374.82,180.30,194.53,,,931.23,750.94,1.66,39.00,53.00,1.08,42962980,2026-09-23T02:57:14Z
C_hit,orig,layers_92,async_win,128,2,0,0.00,100.00,555.49,357.34,183.84,108.09,65.40,87.00,912.83,663.58,1.67,39.00,53.00,1.08,42963564,2026-09-23T02:57:15Z
C_hit,orig,layers_92,async_bulk,128,2,0,0.00,100.00,552.74,362.33,180.33,112.72,69.28,87.00,915.07,665.46,1.65,39.00,53.00,1.08,42939988,2026-09-23T02:57:15Z
C_hit,orig,2d,pread,128,2,0,0.00,100.00,552.31,613.97,180.92,433.05,,,1166.28,985.36,1.67,39.00,53.00,1.08,42949308,2026-09-23T02:57:15Z
C_hit,orig,2d,async,128,2,0,0.00,100.00,558.20,251.30,182.17,69.13,,,809.50,627.33,1.67,39.00,53.00,1.08,42949280,2026-09-23T02:57:16Z
C_hit,orig,2d,async_win,128,2,0,0.00,100.00,558.69,250.91,182.34,7.88,60.69,3.00,809.60,566.57,1.64,39.00,53.00,1.08,42949860,2026-09-23T02:57:16Z
C_hit,orig,2d,async_bulk,128,2,0,0.00,100.00,551.40,249.26,180.52,8.06,60.67,3.00,800.66,559.46,1.68,39.00,53.00,1.08,42949276,2026-09-23T02:57:16Z
C_hit,orig,2e_K10,pread,128,2,0,0.00,100.00,493.30,1199.92,180.05,1019.87,,,1693.22,1513.17,1.64,37.00,52.00,1.08,42950980,2026-09-23T02:57:16Z
C_hit,orig,2e_K10,async,128,2,0,0.00,100.00,560.24,263.61,181.86,81.74,,,823.85,641.98,1.65,39.00,53.00,1.08,42951252,2026-09-23T02:57:17Z
C_hit,orig,2e_K10,async_win,128,2,0,0.00,100.00,553.87,257.21,179.78,16.75,60.68,6.00,811.08,570.62,1.65,39.00,53.00,1.08,42950584,2026-09-23T02:57:17Z
C_hit,orig,2e_K10,async_bulk,128,2,0,0.00,100.00,551.81,259.04,180.92,17.05,61.06,6.00,810.85,568.86,1.66,39.00,53.00,1.08,42951480,2026-09-23T02:57:17Z
C_hit,orig,2e_K500,pread,128,2,0,0.00,100.00,175.74,3428.70,181.11,3247.59,,,3604.44,3423.33,1.55,9.00,61.00,1.08,42952968,2026-09-23T02:57:17Z
C_hit,orig,2e_K500,async,128,2,0,0.00,43.80,176.61,829.25,180.12,649.13,,,1005.86,825.74,1.57,9.00,61.00,1.08,42952292,2026-09-23T02:57:18Z
C_hit,orig,2e_K500,async_win,128,2,0,0.00,31.70,176.93,612.82,179.86,342.11,90.85,139.00,789.75,519.04,1.56,9.00,61.00,1.08,42952872,2026-09-23T02:57:18Z
C_hit,orig,2e_K500,async_bulk,128,2,0,0.00,100.00,178.07,613.97,180.86,344.67,88.45,139.00,792.04,522.74,1.59,9.00,61.00,1.07,42953296,2026-09-23T02:57:18Z
C_hit,orig,2f_top14,pread,128,2,0,0.00,100.00,563.71,1088.33,181.87,906.46,,,1652.04,1470.17,1.64,37.00,52.00,1.07,42954460,2026-09-23T02:57:18Z
C_hit,orig,2f_top14,async,128,2,0,0.00,100.00,496.11,258.90,180.66,78.24,,,755.01,574.35,1.65,39.00,53.00,1.07,42955384,2026-09-23T02:57:19Z
C_hit,orig,2f_top14,async_win,128,2,0,0.00,100.00,553.28,258.99,182.43,16.93,59.62,6.00,812.27,570.21,1.65,39.00,53.00,1.07,42955832,2026-09-23T02:57:19Z
C_hit,orig,2f_top14,async_bulk,128,2,0,0.00,100.00,553.09,255.82,181.67,14.10,60.05,6.00,808.91,567.19,1.66,39.00,53.00,1.07,42956292,2026-09-23T02:57:19Z
C_hit,orig,2f_top28,pread,128,2,0,0.00,100.00,552.49,1075.26,178.60,896.66,,,1627.75,1449.15,1.66,36.00,53.00,1.07,42956644,2026-09-23T02:57:19Z
C_hit,orig,2f_top28,async,128,2,0,0.00,100.00,554.32,276.39,181.09,95.30,,,830.71,649.62,1.65,38.00,51.00,1.07,42956740,2026-09-23T02:57:20Z
C_hit,orig,2f_top28,async_win,128,2,0,0.00,100.00,501.94,267.78,182.00,25.14,60.64,8.00,769.72,527.08,1.66,38.00,51.00,1.07,42956940,2026-09-23T02:57:20Z
C_hit,orig,2f_top28,async_bulk,128,2,0,0.00,100.00,501.67,265.43,181.44,23.93,60.05,8.00,767.10,525.60,1.65,38.00,51.00,1.07,42944712,2026-09-23T02:57:20Z
C_hit,orig,2f_top100,pread,128,2,0,0.00,100.00,517.04,1364.32,195.91,1168.41,,,1881.36,1685.45,1.63,31.00,54.00,1.07,42953584,2026-09-23T02:57:20Z
C_hit,orig,2f_top100,async,128,2,0,0.00,100.00,524.11,371.55,194.38,177.17,,,895.66,701.28,1.64,33.00,53.00,1.07,42953280,2026-09-23T02:57:21Z
C_hit,orig,2f_top100,async_win,128,2,0,0.00,100.00,522.75,326.99,193.80,68.32,64.86,28.00,849.74,591.07,1.64,33.00,53.00,1.07,42953816,2026-09-23T02:57:21Z
C_hit,orig,2f_top100,async_bulk,128,2,0,0.00,100.00,495.93,324.64,191.75,68.36,64.53,28.00,820.57,564.29,1.63,33.00,53.00,1.07,42975088,2026-09-23T02:57:21Z
C_hit,orig,2f_top500,pread,128,2,0,0.00,100.00,174.44,3311.97,195.34,3116.63,,,3486.41,3291.07,1.55,9.00,61.00,1.07,42975060,2026-09-23T02:57:22Z
C_hit,orig,2f_top500,async,128,2,0,0.00,43.00,176.77,823.90,194.77,629.13,,,1000.67,805.90,1.56,10.00,61.00,1.07,42974672,2026-09-23T02:57:22Z
C_hit,orig,2f_top500,async_win,128,2,0,0.00,31.40,176.56,624.11,193.82,341.54,88.75,138.00,800.67,518.10,1.56,10.00,61.00,1.07,42975332,2026-09-23T02:57:22Z
C_hit,orig,2f_top500,async_bulk,128,2,0,0.00,32.60,174.47,620.99,188.88,342.18,89.92,138.00,795.46,516.65,1.56,10.00,61.00,1.07,42977552,2026-09-23T02:57:22Z
C_hit,orig,2f_slru,pread,128,2,0,0.00,100.00,86.60,4640.25,195.05,4445.21,,,4726.85,4531.81,1.53,0.00,62.00,1.07,42978948,2026-09-23T02:57:23Z
C_hit,orig,2f_slru,async,128,2,0,0.00,100.00,88.90,1562.86,192.79,1370.07,,,1651.76,1458.97,1.54,0.00,62.00,1.07,42979332,2026-09-23T02:57:23Z
C_hit,orig,2f_slru,async_win,128,2,0,0.00,100.00,88.58,768.67,192.81,414.24,161.61,29.00,857.25,502.82,1.57,0.00,62.00,1.07,42978976,2026-09-23T02:57:23Z
C_hit,orig,2f_slru,async_bulk,128,2,0,0.00,7.00,464.08,399.77,193.78,43.69,162.31,2.00,863.85,507.77,1.68,37.00,50.00,1.07,42980076,2026-09-23T02:57:23Z
C_hit,orig,leaf_freq_K10,pread,128,2,0,0.00,100.00,600.12,705.06,193.93,511.13,,,1305.18,1111.25,1.64,36.00,54.00,1.07,42980156,2026-09-23T02:57:24Z
C_hit,orig,leaf_freq_K10,async,128,2,0,0.00,100.00,574.04,262.43,191.19,71.24,,,836.47,645.28,1.65,38.00,51.00,1.07,42979376,2026-09-23T02:57:24Z
C_hit,orig,leaf_freq_K10,async_win,128,2,0,0.00,100.00,566.38,256.71,191.88,9.90,54.93,3.00,823.09,576.28,1.65,38.00,51.00,1.07,42980012,2026-09-23T02:57:24Z
C_hit,orig,leaf_freq_K10,async_bulk,128,2,0,0.00,100.00,567.71,261.83,193.03,9.72,59.08,3.00,829.54,577.43,1.66,38.00,51.00,1.07,42981720,2026-09-23T02:57:24Z
C_hit,orig,leaf_rand_K10,pread,128,2,0,0.00,100.00,564.95,1090.69,192.15,898.54,,,1655.64,1463.49,1.64,38.00,51.00,1.07,42981756,2026-09-23T02:57:25Z
C_hit,orig,leaf_rand_K10,async,128,2,0,0.00,100.00,570.05,266.60,193.41,73.19,,,836.65,643.24,1.65,38.00,51.00,1.07,42981924,2026-09-23T02:57:25Z
C_hit,orig,leaf_rand_K10,async_win,128,2,0,0.00,100.00,567.04,270.14,192.43,14.94,62.77,10.00,837.18,581.98,1.66,38.00,51.00,1.07,42983424,2026-09-23T02:57:25Z
C_hit,orig,leaf_rand_K10,async_bulk,128,2,0,0.00,100.00,567.78,266.74,193.26,13.92,59.56,10.00,834.52,581.70,1.65,38.00,51.00,1.07,42983116,2026-09-23T02:57:25Z
C_hit,orig,learned_markov_14,pread,128,2,0,0.00,100.00,494.55,1071.11,193.56,877.55,,,1565.66,1372.10,1.64,37.00,52.00,1.07,42982848,2026-09-23T02:57:26Z
C_hit,orig,learned_markov_14,async,128,2,0,0.00,100.00,556.20,272.63,194.01,78.62,,,828.83,634.82,1.66,39.00,53.00,1.07,42983052,2026-09-23T02:57:26Z
C_hit,orig,learned_markov_14,async_win,128,2,0,0.00,100.00,549.21,268.10,193.52,14.75,59.83,6.00,817.31,563.96,1.66,39.00,53.00,1.07,42964876,2026-09-23T02:57:26Z
C_hit,orig,learned_markov_14,async_bulk,128,2,0,0.00,100.00,563.38,274.27,195.04,17.25,61.99,6.00,837.65,580.63,1.66,39.00,53.00,1.07,42971232,2026-09-23T02:57:26Z
C_hit,orig,learned_markov_28,pread,128,2,0,0.00,100.00,500.71,1086.60,195.56,891.04,,,1587.31,1391.75,1.64,36.00,53.00,1.07,42971504,2026-09-23T02:57:27Z
C_hit,orig,learned_markov_28,async,128,2,0,0.00,100.00,556.87,287.39,192.78,94.61,,,844.26,651.48,1.66,38.00,51.00,1.07,42968984,2026-09-23T02:57:27Z
C_hit,orig,learned_markov_28,async_win,128,2,0,0.00,100.00,513.18,275.28,192.16,22.57,60.54,8.00,788.46,535.75,1.65,38.00,51.00,1.07,42970080,2026-09-23T02:57:27Z
C_hit,orig,learned_markov_28,async_bulk,128,2,0,0.00,100.00,507.19,276.90,192.64,22.81,61.45,8.00,784.09,530.00,1.64,38.00,51.00,1.07,42970968,2026-09-23T02:57:28Z
A,orig,baseline,baseline,128,3,0,0.00,0.00,1012.72,0.00,0.00,0.00,,,1012.72,1012.72,2.16,189.00,265.00,1.07,42969392,2026-09-23T02:57:28Z
B,orig,baseline,baseline,128,3,0,0.00,0.00,837.77,0.00,0.00,0.00,,,837.77,837.77,2.14,187.00,260.00,1.06,42969684,2026-09-23T02:57:28Z
C,orig,baseline,baseline,128,3,0,0.00,0.00,879.27,0.00,0.00,0.00,,,879.27,879.27,1.56,20.00,27.00,1.06,42971792,2026-09-23T02:57:28Z
C_hit,orig,baseline,baseline,128,3,0,0.00,0.00,583.62,0.00,0.00,0.00,,,583.62,583.62,1.64,38.00,51.00,1.06,42971268,2026-09-23T02:57:29Z
A,orig,layers_5,pread,128,3,0,0.00,100.00,999.71,667.85,228.71,439.13,,,1667.56,1438.84,2.12,188.00,268.00,1.06,42971952,2026-09-23T02:57:29Z
A,orig,layers_5,async,128,3,0,0.00,100.00,987.85,294.22,225.11,69.11,,,1282.07,1056.96,2.10,189.00,268.00,1.06,42973508,2026-09-23T02:57:29Z
A,orig,layers_5,async_win,128,3,0,0.00,100.00,995.88,296.43,227.97,7.24,61.22,2.00,1292.31,1003.12,2.13,189.00,268.00,1.06,42974168,2026-09-23T02:57:30Z
A,orig,layers_5,async_bulk,128,3,0,0.00,100.00,1024.00,301.84,233.42,7.53,60.89,2.00,1325.84,1031.53,2.13,189.00,268.00,1.06,42973692,2026-09-23T02:57:30Z
A,orig,layers_92,pread,128,3,0,0.00,100.00,527.22,8270.86,224.11,8046.75,,,8798.08,8573.97,2.12,188.00,273.00,1.06,42974836,2026-09-23T02:57:30Z
A,orig,layers_92,async,128,3,0,0.00,100.00,593.72,409.98,225.19,184.79,,,1003.70,778.51,2.11,189.00,272.00,1.06,42975604,2026-09-23T02:57:31Z
A,orig,layers_92,async_win,128,3,0,0.00,100.00,590.32,398.01,224.59,107.07,66.34,87.00,988.33,697.39,2.08,189.00,272.00,1.06,42975992,2026-09-23T02:57:31Z
A,orig,layers_92,async_bulk,128,3,0,0.00,100.00,595.30,394.78,224.21,104.21,66.36,87.00,990.08,699.51,2.12,189.00,272.00,1.06,42975980,2026-09-23T02:57:31Z
A,orig,2d,pread,128,3,0,0.00,100.00,594.84,1941.38,227.10,1714.28,,,2536.22,2309.12,2.12,188.00,273.00,1.06,42970040,2026-09-23T02:57:31Z
A,orig,2d,async,128,3,0,0.00,100.00,597.43,311.27,224.36,86.91,,,908.70,684.34,2.18,189.00,272.00,1.06,42970768,2026-09-23T02:57:32Z
A,orig,2d,async_win,128,3,0,0.00,100.00,592.66,312.13,225.78,24.15,62.21,13.00,904.79,616.81,2.13,189.00,272.00,1.06,42970020,2026-09-23T02:57:32Z
A,orig,2d,async_bulk,128,3,0,0.00,100.00,586.89,308.37,225.44,21.00,61.93,13.00,895.26,607.89,2.09,189.00,272.00,1.06,42971200,2026-09-23T02:57:32Z
A,orig,2e_K10,pread,128,3,0,0.00,100.00,590.56,2810.37,225.23,2585.14,,,3400.93,3175.70,2.14,189.00,284.00,1.06,42970808,2026-09-23T02:57:33Z
A,orig,2e_K10,async,128,3,0,0.00,100.00,592.05,323.33,224.28,99.05,,,915.38,691.10,2.13,190.00,283.00,1.06,42971164,2026-09-23T02:57:33Z
A,orig,2e_K10,async_win,128,3,0,0.00,100.00,584.46,323.55,225.73,34.99,62.83,23.00,908.01,619.45,2.09,190.00,283.00,1.06,42971140,2026-09-23T02:57:33Z
A,orig,2e_K10,async_bulk,128,3,0,0.00,100.00,523.24,319.67,224.98,32.17,62.52,23.00,842.91,555.41,2.10,190.00,283.00,1.06,42972660,2026-09-23T02:57:34Z
A,orig,2e_K500,pread,128,3,0,0.00,100.00,183.31,20468.48,224.49,20243.99,,,20651.79,20427.30,1.68,53.00,320.00,1.06,42973888,2026-09-23T02:57:34Z
A,orig,2e_K500,async,128,3,0,0.00,100.00,634.38,1102.84,226.70,876.15,,,1737.22,1510.53,2.12,194.00,399.00,1.06,42974172,2026-09-23T02:57:34Z
A,orig,2e_K500,async_win,128,3,0,0.00,100.00,637.03,1064.25,234.99,699.87,129.39,471.00,1701.28,1336.90,2.10,194.00,394.00,1.06,42974692,2026-09-23T02:57:35Z
A,orig,2e_K500,async_bulk,128,3,0,0.00,100.00,640.08,1034.93,223.52,682.57,128.83,471.00,1675.01,1322.65,2.09,194.00,394.00,1.06,42975228,2026-09-23T02:57:35Z
A,orig,2f_top14,pread,128,3,0,0.00,100.00,594.86,1477.58,226.15,1251.43,,,2072.44,1846.29,2.14,191.00,271.00,1.06,42975560,2026-09-23T02:57:35Z
A,orig,2f_top14,async,128,3,0,0.00,100.00,590.29,305.74,225.10,80.63,,,896.03,670.92,2.08,191.00,271.00,1.06,42980072,2026-09-23T02:57:36Z
A,orig,2f_top14,async_win,128,3,0,0.00,100.00,527.34,309.97,226.07,22.36,61.53,13.00,837.31,549.70,2.11,191.00,271.00,1.06,42980064,2026-09-23T02:57:36Z
A,orig,2f_top14,async_bulk,128,3,0,0.00,100.00,592.37,309.97,227.48,20.71,61.79,13.00,902.34,613.08,2.12,191.00,271.00,1.06,42980496,2026-09-23T02:57:36Z
A,orig,2f_top28,pread,128,3,0,0.00,100.00,589.36,2666.47,225.16,2441.31,,,3255.83,3030.67,2.13,191.00,290.00,1.06,42981816,2026-09-23T02:57:36Z
A,orig,2f_top28,async,128,3,0,0.00,100.00,595.13,324.13,224.57,99.56,,,919.26,694.69,2.14,191.00,290.00,1.06,42964352,2026-09-23T02:57:37Z
A,orig,2f_top28,async_win,128,3,0,0.00,100.00,590.63,325.95,225.94,37.01,63.00,27.00,916.58,627.64,2.12,191.00,290.00,1.06,42965768,2026-09-23T02:57:37Z
A,orig,2f_top28,async_bulk,128,3,0,0.00,100.00,595.39,327.75,228.89,35.45,63.41,27.00,923.14,630.84,2.14,191.00,290.00,1.06,42966780,2026-09-23T02:57:37Z
A,orig,2f_top100,pread,128,3,0,0.00,100.00,594.62,8986.54,225.27,8761.27,,,9581.16,9355.89,2.10,186.00,316.00,1.06,42967488,2026-09-23T02:57:38Z
A,orig,2f_top100,async,128,3,0,0.00,95.00,587.33,415.70,222.89,192.81,,,1003.03,780.14,2.12,191.00,310.00,1.06,42966828,2026-09-23T02:57:38Z
A,orig,2f_top100,async_win,128,3,0,0.00,100.00,590.90,409.18,225.24,118.00,65.93,98.00,1000.08,708.90,2.12,191.00,310.00,1.05,42969212,2026-09-23T02:57:38Z
A,orig,2f_top100,async_bulk,128,3,0,0.00,100.00,593.80,407.30,225.41,115.90,65.98,98.00,1001.10,709.70,2.13,191.00,311.00,1.05,42970100,2026-09-23T02:57:39Z
A,orig,2f_top500,pread,128,3,0,0.00,100.00,185.73,19500.62,223.61,19277.01,,,19686.35,19462.74,1.69,54.00,322.00,1.05,42969660,2026-09-23T02:57:39Z
A,orig,2f_top500,async,128,3,0,0.00,100.00,574.23,1027.77,225.13,802.64,,,1602.00,1376.87,2.09,193.00,400.00,1.05,42969080,2026-09-23T02:57:39Z
A,orig,2f_top500,async_win,128,3,0,0.00,100.00,635.42,986.13,223.84,669.22,93.08,460.00,1621.55,1304.64,2.10,193.00,398.00,1.05,42970332,2026-09-23T02:57:40Z
A,orig,2f_top500,async_bulk,128,3,0,0.00,100.00,568.89,985.45,226.96,669.42,89.08,460.00,1554.34,1238.31,2.11,193.00,400.00,1.05,42970184,2026-09-23T02:57:40Z
A,orig,2f_slru,pread,128,3,0,0.00,100.00,95.32,17671.72,224.76,17446.96,,,17767.04,17542.28,1.52,0.00,278.00,1.05,42972304,2026-09-23T02:57:40Z
A,orig,2f_slru,async,128,3,0,0.00,100.00,98.02,7383.31,227.40,7155.91,,,7481.33,7253.93,1.54,0.00,278.00,1.05,42969876,2026-09-23T02:57:40Z
A,orig,2f_slru,async_win,128,3,0,0.00,79.70,99.72,2583.23,224.89,1968.78,389.55,138.00,2682.95,2068.50,1.54,0.00,278.00,1.05,42970192,2026-09-23T02:57:41Z
A,orig,2f_slru,async_bulk,128,3,0,0.00,1.40,902.53,698.21,224.83,80.14,393.24,2.00,1600.74,982.67,2.09,188.00,263.00,1.05,42972988,2026-09-23T02:57:41Z
A,orig,leaf_freq_K10,pread,128,3,0,0.00,100.00,948.01,1152.11,224.27,927.83,,,2100.12,1875.84,2.08,188.00,278.00,1.05,42974512,2026-09-23T02:57:41Z
A,orig,leaf_freq_K10,async,128,3,0,0.00,100.00,938.05,299.36,224.71,74.65,,,1237.41,1012.70,2.09,188.00,278.00,1.05,42993780,2026-09-23T02:57:42Z
A,orig,leaf_freq_K10,async_win,128,3,0,0.00,100.00,998.91,300.88,225.66,14.09,61.12,10.00,1299.79,1013.00,2.14,188.00,278.00,1.05,42994156,2026-09-23T02:57:42Z
A,orig,leaf_freq_K10,async_bulk,128,3,0,0.00,100.00,1007.57,303.00,226.66,15.82,60.52,10.00,1310.57,1023.39,2.12,188.00,278.00,1.05,42970788,2026-09-23T02:57:42Z
A,orig,leaf_rand_K10,pread,128,3,0,0.00,100.00,1007.34,1151.83,225.44,926.38,,,2159.17,1933.72,2.12,189.00,266.00,1.05,42981148,2026-09-23T02:57:42Z
A,orig,leaf_rand_K10,async,128,3,0,0.00,100.00,1003.53,304.55,229.09,75.46,,,1308.08,1078.99,2.14,189.00,266.00,1.05,42981584,2026-09-23T02:57:43Z
A,orig,leaf_rand_K10,async_win,128,3,0,0.00,100.00,870.91,302.38,225.71,16.03,60.64,10.00,1173.29,886.94,2.09,189.00,266.00,1.05,42982460,2026-09-23T02:57:43Z
A,orig,leaf_rand_K10,async_bulk,128,3,0,0.00,100.00,1010.64,300.81,225.17,14.43,61.20,10.00,1311.45,1025.07,2.11,189.00,266.00,1.13,42984324,2026-09-23T02:57:43Z
A,orig,learned_markov_14,pread,128,3,0,0.00,100.00,590.86,1476.71,225.14,1251.56,,,2067.57,1842.42,2.11,189.00,273.00,1.13,42984856,2026-09-23T02:57:44Z
A,orig,learned_markov_14,async,128,3,0,0.00,100.00,591.12,307.67,228.32,79.35,,,898.79,670.47,2.12,189.00,273.00,1.13,42984656,2026-09-23T02:57:44Z
A,orig,learned_markov_14,async_win,128,3,0,0.00,100.00,593.89,307.88,225.65,20.90,61.34,13.00,901.77,614.79,2.13,189.00,273.00,1.13,42987824,2026-09-23T02:57:44Z
A,orig,learned_markov_14,async_bulk,128,3,0,0.00,100.00,589.45,307.97,226.57,20.02,61.38,13.00,897.42,609.47,2.11,189.00,273.00,1.13,42988028,2026-09-23T02:57:45Z
A,orig,learned_markov_28,pread,128,3,0,0.00,100.00,594.33,2750.43,227.23,2523.20,,,3344.76,3117.53,2.12,189.00,276.00,1.13,42987668,2026-09-23T02:57:45Z
A,orig,learned_markov_28,async,128,3,0,0.00,100.00,588.67,323.66,228.15,95.51,,,912.33,684.18,2.12,189.00,275.00,1.13,42989108,2026-09-23T02:57:45Z
A,orig,learned_markov_28,async_win,128,3,0,0.00,100.00,590.92,323.51,227.15,34.23,62.13,26.00,914.43,625.15,2.12,189.00,275.00,1.13,42989392,2026-09-23T02:57:46Z
A,orig,learned_markov_28,async_bulk,128,3,0,0.00,100.00,594.48,321.53,225.40,33.70,62.43,26.00,916.01,628.18,2.15,189.00,275.00,1.13,42989252,2026-09-23T02:57:46Z
B,orig,layers_5,pread,128,3,0,0.00,100.00,905.53,662.10,226.00,436.10,,,1567.63,1341.63,2.16,186.00,260.00,1.13,42991044,2026-09-23T02:57:46Z
B,orig,layers_5,async,128,3,0,0.00,100.00,938.09,294.67,226.07,68.60,,,1232.76,1006.69,2.17,187.00,260.00,1.13,42991408,2026-09-23T02:57:47Z
B,orig,layers_5,async_win,128,3,0,0.00,100.00,943.48,294.38,226.10,7.54,60.73,2.00,1237.86,951.02,2.18,187.00,260.00,1.13,42969984,2026-09-23T02:57:47Z
B,orig,layers_5,async_bulk,128,3,0,0.00,100.00,938.89,294.24,225.13,7.43,61.67,2.00,1233.13,946.32,2.17,187.00,260.00,1.13,42971960,2026-09-23T02:57:47Z
B,orig,layers_92,pread,128,3,0,0.00,100.00,523.95,8282.17,225.55,8056.62,,,8806.12,8580.57,2.15,186.00,267.00,1.13,42971552,2026-09-23T02:57:47Z
B,orig,layers_92,async,128,3,0,0.00,100.00,526.21,423.13,224.58,198.54,,,949.34,724.75,2.19,187.00,265.00,1.13,42971560,2026-09-23T02:57:48Z
B,orig,layers_92,async_win,128,3,0,0.00,100.00,528.28,409.00,226.04,117.26,65.69,87.00,937.28,645.54,2.18,187.00,266.00,1.20,42971504,2026-09-23T02:57:48Z
B,orig,layers_92,async_bulk,128,3,0,0.00,100.00,525.52,397.74,223.24,114.23,60.26,87.00,923.26,639.75,2.20,187.00,266.00,1.20,42953864,2026-09-23T02:57:48Z
B,orig,2d,pread,128,3,0,0.00,100.00,529.28,1942.38,227.62,1714.76,,,2471.66,2244.04,2.18,186.00,267.00,1.20,42954828,2026-09-23T02:57:49Z
B,orig,2d,async,128,3,0,0.00,100.00,460.06,306.79,221.96,84.83,,,766.85,544.89,2.16,187.00,266.00,1.20,42955492,2026-09-23T02:57:49Z
B,orig,2d,async_win,128,3,0,0.00,100.00,524.13,307.14,224.76,20.88,61.50,13.00,831.27,545.01,2.20,187.00,266.00,1.20,42956568,2026-09-23T02:57:49Z
B,orig,2d,async_bulk,128,3,0,0.00,100.00,524.22,308.84,225.00,22.05,61.79,13.00,833.06,546.27,2.16,187.00,266.00,1.20,42957120,2026-09-23T02:57:50Z
B,orig,2e_K10,pread,128,3,0,0.00,100.00,525.19,2704.41,183.25,2521.16,,,3229.60,3046.35,2.20,187.00,267.00,1.20,42957352,2026-09-23T02:57:50Z
B,orig,2e_K10,async,128,3,0,0.00,100.00,456.77,282.26,185.12,97.14,,,739.03,553.91,2.12,188.00,267.00,1.20,42957464,2026-09-23T02:57:50Z
B,orig,2e_K10,async_win,128,3,0,0.00,100.00,457.94,282.36,186.26,33.42,62.68,23.00,740.30,491.36,2.14,188.00,267.00,1.20,42958560,2026-09-23T02:57:51Z
B,orig,2e_K10,async_bulk,128,3,0,0.00,100.00,459.88,279.31,183.64,32.49,63.19,23.00,739.19,492.37,2.14,188.00,267.00,1.20,42958160,2026-09-23T02:57:51Z
B,orig,2e_K500,pread,128,3,0,0.00,100.00,179.54,19434.86,183.71,19251.15,,,19614.40,19430.69,1.82,73.00,312.00,1.20,42957588,2026-09-23T02:57:51Z
B,orig,2e_K500,async,128,3,0,0.00,100.00,180.43,1029.56,193.56,835.99,,,1209.99,1016.42,2.16,187.00,312.00,1.20,42958128,2026-09-23T02:57:52Z
B,orig,2e_K500,async_win,128,3,0,0.00,100.00,180.83,954.98,185.82,679.00,90.16,461.00,1135.81,859.83,2.16,187.00,314.00,1.20,42958640,2026-09-23T02:57:52Z
B,orig,2e_K500,async_bulk,128,3,0,0.00,100.00,179.29,958.26,183.41,684.41,90.45,461.00,1137.55,863.70,2.16,187.00,315.00,1.20,42958336,2026-09-23T02:57:52Z
B,orig,2f_top14,pread,128,3,0,0.00,100.00,527.35,1410.29,190.58,1219.71,,,1937.64,1747.06,2.18,188.00,265.00,1.20,42959156,2026-09-23T02:57:53Z
B,orig,2f_top14,async,128,3,0,0.00,100.00,525.69,263.67,182.88,80.78,,,789.36,606.47,2.17,188.00,266.00,1.20,42958876,2026-09-23T02:57:53Z
B,orig,2f_top14,async_win,128,3,0,0.00,100.00,526.14,264.35,184.45,18.36,61.55,13.00,790.49,544.50,2.19,188.00,266.00,1.18,42959824,2026-09-23T02:57:53Z
B,orig,2f_top14,async_bulk,128,3,0,0.00,100.00,527.86,266.49,185.32,19.17,62.01,13.00,794.35,547.03,2.21,188.00,266.00,1.18,42935808,2026-09-23T02:57:53Z
B,orig,2f_top28,pread,128,3,0,0.00,100.00,523.71,2639.01,185.00,2454.01,,,3162.72,2977.72,2.16,188.00,267.00,1.18,42944400,2026-09-23T02:57:54Z
B,orig,2f_top28,async,128,3,0,0.00,100.00,526.21,280.66,182.80,97.85,,,806.87,624.06,2.19,188.00,268.00,1.18,42944844,2026-09-23T02:57:54Z
B,orig,2f_top28,async_win,128,3,0,0.00,100.00,531.00,294.92,194.43,36.67,63.82,27.00,825.92,567.67,2.19,188.00,268.00,1.18,42947096,2026-09-23T02:57:54Z
B,orig,2f_top28,async_bulk,128,3,0,0.00,100.00,526.76,283.06,185.82,35.16,62.09,27.00,809.82,561.92,2.21,188.00,268.00,1.18,42948628,2026-09-23T02:57:55Z
B,orig,2f_top100,pread,128,3,0,0.00,100.00,524.65,9313.20,189.91,9123.29,,,9837.85,9647.94,2.22,187.00,272.00,1.18,42949876,2026-09-23T02:57:55Z
B,orig,2f_top100,async,128,3,0,0.00,100.00,998.44,1005.27,807.30,197.97,,,2003.71,1196.41,2.99,187.00,272.00,1.18,42950100,2026-09-23T02:57:56Z
B,orig,2f_top100,async_win,128,3,0,0.00,100.00,525.39,855.42,190.16,113.94,551.32,97.00,1380.81,639.33,2.18,187.00,271.00,1.18,42949972,2026-09-23T02:57:56Z
B,orig,2f_top100,async_bulk,128,3,0,0.00,100.00,528.64,373.42,184.40,122.37,66.66,97.00,902.06,651.01,2.15,187.00,272.00,1.18,42951008,2026-09-23T02:57:56Z
B,orig,2f_top500,pread,128,3,0,0.00,100.00,181.34,18797.59,183.59,18613.99,,,18978.93,18795.33,1.79,74.00,317.00,1.18,42952136,2026-09-23T02:57:56Z
B,orig,2f_top500,async,128,3,0,0.00,100.00,180.95,985.43,181.84,803.59,,,1166.38,984.54,2.16,187.00,316.00,1.18,42952168,2026-09-23T02:57:57Z
B,orig,2f_top500,async_win,128,3,0,0.00,100.00,180.04,945.41,183.78,671.41,90.22,448.00,1125.45,851.45,2.14,187.00,315.00,1.18,42952224,2026-09-23T02:57:57Z
B,orig,2f_top500,async_bulk,128,3,0,0.00,100.00,179.27,934.77,183.83,660.76,90.18,448.00,1114.04,840.03,2.14,187.00,313.00,1.18,42952940,2026-09-23T02:57:57Z
B,orig,2f_slru,pread,128,3,0,0.00,100.00,93.93,18008.67,184.35,17824.32,,,18102.60,17918.25,1.54,0.00,278.00,1.18,42953144,2026-09-23T02:57:58Z
B,orig,2f_slru,async,128,3,0,0.00,100.00,97.16,7356.28,182.73,7173.55,,,7453.44,7270.71,1.58,0.00,278.00,1.18,42951772,2026-09-23T02:57:58Z
B,orig,2f_slru,async_win,128,3,0,0.00,79.10,94.25,2427.74,182.63,1926.16,318.95,139.00,2521.99,2020.41,1.60,0.00,278.00,1.17,42951304,2026-09-23T02:57:58Z
B,orig,2f_slru,async_bulk,128,3,0,0.00,2.20,774.43,601.83,184.14,97.87,319.82,3.00,1376.26,872.30,2.14,184.00,259.00,1.17,42953056,2026-09-23T02:57:58Z
B,orig,leaf_freq_K10,pread,128,3,0,0.00,100.00,877.20,1114.21,186.59,927.62,,,1991.41,1804.82,2.17,187.00,260.00,1.17,42952932,2026-09-23T02:57:59Z
B,orig,leaf_freq_K10,async,128,3,0,0.00,100.00,946.62,261.69,185.67,76.02,,,1208.31,1022.64,2.16,187.00,260.00,1.17,42954068,2026-09-23T02:57:59Z
B,orig,leaf_freq_K10,async_win,128,3,0,0.00,100.00,946.48,269.15,191.66,15.80,61.69,10.00,1215.63,962.28,2.18,187.00,260.00,1.17,42954968,2026-09-23T02:57:59Z
B,orig,leaf_freq_K10,async_bulk,128,3,0,0.00,100.00,873.55,259.00,182.12,15.37,61.51,10.00,1132.55,888.92,2.11,187.00,260.00,1.17,42955688,2026-09-23T02:58:00Z
B,orig,leaf_rand_K10,pread,128,3,0,0.00,100.00,947.24,1078.81,183.72,895.08,,,2026.05,1842.32,2.16,188.00,261.00,1.17,42954896,2026-09-23T02:58:00Z
B,orig,leaf_rand_K10,async,128,3,0,0.00,100.00,945.15,257.32,182.73,74.59,,,1202.47,1019.74,2.17,188.00,261.00,1.17,42955248,2026-09-23T02:58:00Z
B,orig,leaf_rand_K10,async_win,128,3,0,0.00,100.00,944.02,264.39,185.53,16.88,61.98,10.00,1208.41,960.90,2.17,188.00,261.00,1.17,42955464,2026-09-23T02:58:01Z
B,orig,leaf_rand_K10,async_bulk,128,3,0,0.00,100.00,935.15,260.77,183.82,15.22,61.74,10.00,1195.92,950.37,2.18,188.00,261.00,1.17,42955876,2026-09-23T02:58:01Z
B,orig,learned_markov_14,pread,128,3,0,0.00,100.00,530.07,1463.02,183.60,1279.42,,,1993.09,1809.49,2.15,187.00,265.00,1.17,42955192,2026-09-23T02:58:01Z
B,orig,learned_markov_14,async,128,3,0,0.00,100.00,525.42,263.40,184.87,78.54,,,788.82,603.96,2.16,187.00,265.00,1.17,42954932,2026-09-23T02:58:02Z
B,orig,learned_markov_14,async_win,128,3,0,0.00,100.00,523.91,262.53,183.47,17.69,61.37,13.00,786.44,541.60,2.16,187.00,265.00,1.17,42963640,2026-09-23T02:58:02Z
B,orig,learned_markov_14,async_bulk,128,3,0,0.00,100.00,527.25,269.76,184.75,18.32,66.69,13.00,797.01,545.57,2.16,187.00,264.00,1.17,42965076,2026-09-23T02:58:02Z
B,orig,learned_markov_28,pread,128,3,0,0.00,100.00,526.82,2537.54,191.33,2346.21,,,3064.36,2873.03,2.17,187.00,266.00,1.17,42965716,2026-09-23T02:58:03Z
B,orig,learned_markov_28,async,128,3,0,0.00,100.00,525.46,281.21,183.98,97.23,,,806.67,622.69,2.18,187.00,265.00,1.17,42965592,2026-09-23T02:58:03Z
B,orig,learned_markov_28,async_win,128,3,0,0.00,100.00,539.96,285.52,184.78,38.09,62.65,27.00,825.48,578.05,2.18,187.00,265.00,1.15,42965004,2026-09-23T02:58:03Z
B,orig,learned_markov_28,async_bulk,128,3,0,0.00,100.00,523.09,284.07,182.53,39.22,62.32,27.00,807.16,562.31,2.12,187.00,265.00,1.15,42968044,2026-09-23T02:58:04Z
C,orig,layers_5,pread,128,3,0,0.00,100.00,846.66,628.24,184.11,444.13,,,1474.90,1290.79,1.56,20.00,27.00,1.15,42969044,2026-09-23T02:58:04Z
C,orig,layers_5,async,128,3,0,0.00,100.00,845.05,252.84,182.67,70.16,,,1097.89,915.21,1.57,20.00,27.00,1.15,42969852,2026-09-23T02:58:04Z
C,orig,layers_5,async_win,128,3,0,0.00,100.00,904.04,250.20,181.26,7.62,61.33,2.00,1154.24,911.66,1.60,20.00,27.00,1.15,42982048,2026-09-23T02:58:04Z
C,orig,layers_5,async_bulk,128,3,0,0.00,100.00,817.16,253.93,185.34,7.47,61.12,2.00,1071.09,824.63,1.59,20.00,27.00,1.15,42984108,2026-09-23T02:58:05Z
C,orig,layers_92,pread,128,3,0,0.00,100.00,467.88,8145.25,181.23,7964.02,,,8613.13,8431.90,1.58,18.00,30.00,1.15,42984520,2026-09-23T02:58:05Z
C,orig,layers_92,async,128,3,0,0.00,100.00,466.15,377.81,180.89,196.92,,,843.96,663.07,1.56,18.00,30.00,1.15,42985028,2026-09-23T02:58:05Z
C,orig,layers_92,async_win,128,3,0,0.00,100.00,473.23,1352.08,1173.64,111.38,67.07,87.00,1825.31,584.61,1.59,18.00,30.00,1.15,42987160,2026-09-23T02:58:05Z
C,orig,layers_92,async_bulk,128,3,0,0.00,100.00,466.06,365.76,181.23,119.58,64.94,87.00,831.82,585.64,1.59,18.00,30.00,1.15,42987024,2026-09-23T02:58:06Z
C,orig,2d,pread,128,3,0,0.00,100.00,461.75,536.82,181.58,355.24,,,998.57,816.99,1.57,18.00,30.00,1.15,42987952,2026-09-23T02:58:06Z
C,orig,2d,async,128,3,0,0.00,100.00,435.17,249.66,182.43,67.23,,,684.83,502.40,1.57,18.00,30.00,1.15,42988384,2026-09-23T02:58:06Z
C,orig,2d,async_win,128,3,0,0.00,100.00,436.37,247.09,179.44,7.22,60.43,2.00,683.46,443.59,1.60,18.00,30.00,1.15,42990492,2026-09-23T02:58:06Z
C,orig,2d,async_bulk,128,3,0,0.00,100.00,434.47,247.94,180.43,6.92,60.58,2.00,682.41,441.39,1.57,18.00,30.00,1.15,42990512,2026-09-23T02:58:07Z
C,orig,2e_K10,pread,128,3,0,0.00,100.00,173.47,1359.75,182.95,1176.79,,,1533.22,1350.26,1.57,17.00,33.00,1.15,42991164,2026-09-23T02:58:07Z
C,orig,2e_K10,async,128,3,0,0.00,100.00,173.73,259.06,181.00,78.06,,,432.79,251.79,1.57,17.00,32.00,1.15,42993060,2026-09-23T02:58:07Z
C,orig,2e_K10,async_win,128,3,0,0.00,100.00,176.04,266.39,185.09,15.93,65.37,8.00,442.43,191.97,1.58,17.00,32.00,1.15,42979236,2026-09-23T02:58:07Z
C,orig,2e_K10,async_bulk,128,3,0,0.00,100.00,172.59,260.47,182.45,16.71,61.30,8.00,433.06,189.30,1.57,17.00,32.00,1.15,42979704,2026-09-23T02:58:08Z
C,orig,2e_K500,pread,128,3,0,0.00,100.00,173.68,2452.15,181.08,2271.07,,,2625.83,2444.75,1.51,0.00,37.00,1.15,42979048,2026-09-23T02:58:08Z
C,orig,2e_K500,async,128,3,0,0.00,47.90,184.80,630.03,181.13,448.90,,,814.83,633.70,1.54,0.00,37.00,1.14,42978916,2026-09-23T02:58:08Z
C,orig,2e_K500,async_win,128,3,0,0.00,100.00,174.16,488.03,182.44,223.22,82.36,90.00,662.19,397.38,1.53,0.00,37.00,1.14,42979176,2026-09-23T02:58:08Z
C,orig,2e_K500,async_bulk,128,3,0,0.00,45.90,174.47,488.69,183.32,223.02,82.34,90.00,663.16,397.49,1.53,0.00,37.00,1.14,42980472,2026-09-23T02:58:09Z
C,orig,2f_top14,pread,128,3,0,0.00,100.00,173.54,1259.60,181.27,1078.33,,,1433.14,1251.87,1.56,16.00,34.00,1.14,42980436,2026-09-23T02:58:09Z
C,orig,2f_top14,async,128,3,0,0.00,100.00,175.04,260.19,180.88,79.31,,,435.23,254.35,1.58,17.00,32.00,1.14,42980856,2026-09-23T02:58:09Z
C,orig,2f_top14,async_win,128,3,0,0.00,100.00,173.44,258.00,180.95,16.07,60.98,9.00,431.44,189.51,1.60,17.00,32.00,1.14,42972684,2026-09-23T02:58:09Z
C,orig,2f_top14,async_bulk,128,3,0,0.00,100.00,167.86,256.95,179.63,15.59,61.74,9.00,424.81,183.45,1.58,17.00,32.00,1.14,42980648,2026-09-23T02:58:10Z
C,orig,2f_top28,pread,128,3,0,0.00,100.00,187.73,1262.78,182.54,1080.24,,,1450.51,1267.97,1.55,15.00,33.00,1.14,42980608,2026-09-23T02:58:10Z
C,orig,2f_top28,async,128,3,0,0.00,100.00,174.38,275.93,181.50,94.43,,,450.31,268.81,1.58,16.00,33.00,1.14,42980928,2026-09-23T02:58:10Z
C,orig,2f_top28,async_win,128,3,0,0.00,100.00,172.91,269.27,180.27,27.35,61.65,13.00,442.18,200.26,1.57,16.00,33.00,1.14,42983460,2026-09-23T02:58:10Z
C,orig,2f_top28,async_bulk,128,3,0,0.00,100.00,176.89,269.91,181.10,26.22,62.59,13.00,446.80,203.11,1.57,16.00,33.00,1.14,42983716,2026-09-23T02:58:11Z
C,orig,2f_top100,pread,128,3,0,0.00,100.00,177.36,1305.72,181.20,1124.52,,,1483.08,1301.88,1.55,11.00,33.00,1.14,42983656,2026-09-23T02:58:11Z
C,orig,2f_top100,async,128,3,0,0.00,100.00,173.73,357.84,180.90,176.94,,,531.57,350.67,1.55,14.00,33.00,1.14,42983464,2026-09-23T02:58:11Z
C,orig,2f_top100,async_win,128,3,0,0.00,100.00,170.49,316.25,180.85,69.92,65.47,32.00,486.74,240.41,1.56,14.00,33.00,1.14,42983688,2026-09-23T02:58:11Z
C,orig,2f_top100,async_bulk,128,3,0,0.00,100.00,172.81,323.35,180.66,77.09,65.59,32.00,496.16,249.90,1.57,14.00,33.00,1.14,42984540,2026-09-23T02:58:12Z
C,orig,2f_top500,pread,128,3,0,0.00,100.00,85.78,2907.03,181.19,2725.84,,,2992.81,2811.62,1.51,0.00,37.00,1.14,42984880,2026-09-23T02:58:12Z
C,orig,2f_top500,async,128,3,0,0.00,100.00,87.98,885.17,181.32,703.85,,,973.15,791.83,1.50,0.00,37.00,1.14,42984980,2026-09-23T02:58:12Z
C,orig,2f_top500,async_win,128,3,0,0.00,100.00,90.69,495.01,178.09,228.11,88.82,15.00,585.70,318.80,1.51,0.00,37.00,1.14,42986664,2026-09-23T02:58:12Z
C,orig,2f_top500,async_bulk,128,3,0,0.00,13.40,758.05,310.35,181.89,37.85,90.61,2.00,1068.40,795.90,1.58,19.00,29.00,1.14,42986236,2026-09-23T02:58:13Z
C,orig,2f_slru,pread,128,3,0,0.00,100.00,87.73,2889.45,180.38,2709.07,,,2977.18,2796.80,1.52,0.00,37.00,1.14,42986976,2026-09-23T02:58:13Z
C,orig,2f_slru,async,128,3,0,0.00,100.00,86.18,922.45,180.14,742.32,,,1008.63,828.50,1.51,0.00,37.00,1.13,42987396,2026-09-23T02:58:13Z
C,orig,2f_slru,async_win,128,3,0,0.00,100.00,88.99,490.01,183.09,217.22,89.70,15.00,579.00,306.21,1.50,0.00,37.00,1.13,42987516,2026-09-23T02:58:13Z
C,orig,2f_slru,async_bulk,128,3,0,0.00,13.40,758.82,311.17,182.93,38.55,89.68,2.00,1069.99,797.37,1.58,19.00,29.00,1.13,42987988,2026-09-23T02:58:14Z
C,orig,leaf_freq_K10,pread,128,3,0,0.00,100.00,554.55,887.56,179.68,707.88,,,1442.11,1262.43,1.58,19.00,30.00,1.13,42987500,2026-09-23T02:58:14Z
C,orig,leaf_freq_K10,async,128,3,0,0.00,100.00,677.33,253.36,180.96,72.40,,,930.69,749.73,1.57,19.00,29.00,1.13,42987240,2026-09-23T02:58:14Z
C,orig,leaf_freq_K10,async_win,128,3,0,0.00,100.00,563.15,257.09,182.79,12.70,61.59,6.00,820.24,575.85,1.57,19.00,29.00,1.13,42986468,2026-09-23T02:58:14Z
C,orig,leaf_freq_K10,async_bulk,128,3,0,0.00,100.00,556.11,252.66,179.56,12.12,60.98,6.00,808.77,568.23,1.58,19.00,29.00,1.13,42975924,2026-09-23T02:58:15Z
C,orig,leaf_rand_K10,pread,128,3,0,0.00,100.00,856.83,1047.42,179.60,867.82,,,1904.25,1724.65,1.57,20.00,27.00,1.13,42993152,2026-09-23T02:58:15Z
C,orig,leaf_rand_K10,async,128,3,0,0.00,100.00,855.57,258.12,180.34,77.78,,,1113.69,933.35,1.57,20.00,27.00,1.13,42992772,2026-09-23T02:58:15Z
C,orig,leaf_rand_K10,async_win,128,3,0,0.00,100.00,821.20,256.47,180.24,15.98,60.25,10.00,1077.67,837.18,1.58,20.00,27.00,1.13,42992872,2026-09-23T02:58:16Z
C,orig,leaf_rand_K10,async_bulk,128,3,0,0.00,100.00,824.78,257.80,180.70,17.18,59.91,10.00,1082.58,841.96,1.57,20.00,27.00,1.13,42994076,2026-09-23T02:58:16Z
C,orig,learned_markov_14,pread,128,3,0,0.00,100.00,170.61,1187.40,179.61,1007.79,,,1358.01,1178.40,1.55,16.00,34.00,1.13,42994204,2026-09-23T02:58:16Z
C,orig,learned_markov_14,async,128,3,0,0.00,100.00,167.19,259.57,180.64,78.93,,,426.76,246.12,1.55,17.00,32.00,1.13,42994628,2026-09-23T02:58:16Z
C,orig,learned_markov_14,async_win,128,3,0,0.00,100.00,174.09,258.26,181.57,16.08,60.60,9.00,432.35,190.17,1.60,17.00,32.00,1.13,42994396,2026-09-23T02:58:17Z
C,orig,learned_markov_14,async_bulk,128,3,0,0.00,100.00,173.77,258.76,181.54,15.90,61.31,9.00,432.53,189.67,1.58,17.00,32.00,1.13,42995048,2026-09-23T02:58:17Z
C,orig,learned_markov_28,pread,128,3,0,0.00,100.00,171.29,1217.34,178.78,1038.56,,,1388.63,1209.85,1.55,15.00,33.00,1.13,42994692,2026-09-23T02:58:17Z
C,orig,learned_markov_28,async,128,3,0,0.00,100.00,172.02,275.31,180.41,94.90,,,447.33,266.92,1.59,16.00,33.00,1.13,42995868,2026-09-23T02:58:17Z
C,orig,learned_markov_28,async_win,128,3,0,0.00,100.00,173.54,268.62,181.34,26.32,60.95,13.00,442.16,199.86,1.57,16.00,33.00,1.13,42995092,2026-09-23T02:58:18Z
C,orig,learned_markov_28,async_bulk,128,3,0,0.00,100.00,175.14,268.45,180.87,26.20,61.38,13.00,443.59,201.34,1.56,16.00,33.00,1.13,42995696,2026-09-23T02:58:18Z
C_hit,orig,layers_5,pread,128,3,0,0.00,100.00,549.14,620.39,183.62,436.76,,,1169.53,985.90,1.66,38.00,51.00,1.13,42995940,2026-09-23T02:58:18Z
C_hit,orig,layers_5,async,128,3,0,0.00,100.00,551.42,250.53,181.55,68.98,,,801.95,620.40,1.66,38.00,51.00,1.12,42995912,2026-09-23T02:58:18Z
C_hit,orig,layers_5,async_win,128,3,0,0.00,100.00,554.15,252.16,183.16,7.79,61.22,2.00,806.31,561.94,1.64,38.00,51.00,1.12,42995232,2026-09-23T02:58:19Z
C_hit,orig,layers_5,async_bulk,128,3,0,0.00,100.00,549.57,249.14,181.62,7.20,60.31,2.00,798.71,556.77,1.67,38.00,51.00,1.12,42995712,2026-09-23T02:58:19Z
C_hit,orig,layers_92,pread,128,3,0,0.00,100.00,554.73,8035.75,181.61,7854.14,,,8590.48,8408.87,1.66,39.00,53.00,1.12,42996548,2026-09-23T02:58:19Z
C_hit,orig,layers_92,async,128,3,0,0.00,100.00,555.92,379.24,181.28,197.96,,,935.16,753.88,1.66,39.00,53.00,1.12,42995716,2026-09-23T02:58:19Z
C_hit,orig,layers_92,async_win,128,3,0,0.00,100.00,554.49,365.11,180.62,119.48,65.00,87.00,919.60,673.97,1.65,39.00,53.00,1.12,42997488,2026-09-23T02:58:20Z
C_hit,orig,layers_92,async_bulk,128,3,0,0.00,100.00,553.22,365.12,179.01,121.97,64.14,87.00,918.34,675.19,1.65,39.00,53.00,1.12,42980872,2026-09-23T02:58:20Z
C_hit,orig,2d,pread,128,3,0,0.00,100.00,487.71,614.17,184.76,429.42,,,1101.88,917.13,1.66,39.00,53.00,1.12,42986168,2026-09-23T02:58:20Z
C_hit,orig,2d,async,128,3,0,0.00,100.00,550.07,249.66,181.11,68.55,,,799.73,618.62,1.65,39.00,53.00,1.12,42986580,2026-09-23T02:58:20Z
C_hit,orig,2d,async_win,128,3,0,0.00,100.00,552.74,249.60,181.01,7.89,60.69,3.00,802.34,560.63,1.65,39.00,53.00,1.12,42986940,2026-09-23T02:58:21Z
C_hit,orig,2d,async_bulk,128,3,0,0.00,100.00,555.82,260.10,190.89,8.43,60.78,3.00,815.92,564.25,1.66,39.00,53.00,1.12,42987304,2026-09-23T02:58:21Z
C_hit,orig,2e_K10,pread,128,3,0,0.00,100.00,494.65,1148.11,180.56,967.55,,,1642.76,1462.20,1.65,37.00,52.00,1.12,42988276,2026-09-23T02:58:21Z
C_hit,orig,2e_K10,async,128,3,0,0.00,100.00,498.50,262.23,181.67,80.56,,,760.73,579.06,1.66,39.00,53.00,1.12,42987320,2026-09-23T02:58:22Z
C_hit,orig,2e_K10,async_win,128,3,0,0.00,100.00,556.90,259.53,182.15,15.69,61.69,6.00,816.43,572.59,1.66,39.00,53.00,1.12,42987524,2026-09-23T02:58:22Z
C_hit,orig,2e_K10,async_bulk,128,3,0,0.00,100.00,551.77,260.32,183.59,15.36,61.37,6.00,812.09,567.13,1.66,39.00,53.00,1.12,42987760,2026-09-23T02:58:22Z
C_hit,orig,2e_K500,pread,128,3,0,0.00,100.00,174.22,3519.76,182.42,3337.33,,,3693.98,3511.55,1.54,9.00,61.00,1.12,42987540,2026-09-23T02:58:22Z
C_hit,orig,2e_K500,async,128,3,0,0.00,44.00,174.17,826.07,182.10,643.97,,,1000.24,818.14,1.58,9.00,61.00,1.12,43007208,2026-09-23T02:58:23Z
C_hit,orig,2e_K500,async_win,128,3,0,0.00,32.90,176.02,617.84,182.45,342.11,93.28,139.00,793.86,518.13,1.57,9.00,61.00,1.12,43007692,2026-09-23T02:58:23Z
C_hit,orig,2e_K500,async_bulk,128,3,0,0.00,31.70,174.73,622.63,187.96,346.63,88.04,139.00,797.36,521.36,1.57,9.00,61.00,1.12,43007312,2026-09-23T02:58:23Z
C_hit,orig,2f_top14,pread,128,3,0,0.00,100.00,496.90,1055.43,181.37,874.06,,,1552.33,1370.96,1.65,37.00,52.00,1.11,43009472,2026-09-23T02:58:23Z
C_hit,orig,2f_top14,async,128,3,0,0.00,100.00,498.77,256.93,180.83,76.10,,,755.70,574.87,1.67,39.00,53.00,1.11,43010300,2026-09-23T02:58:24Z
C_hit,orig,2f_top14,async_win,128,3,0,0.00,100.00,551.57,255.93,180.75,15.65,59.53,6.00,807.50,567.22,1.66,39.00,53.00,1.11,43010200,2026-09-23T02:58:24Z
C_hit,orig,2f_top14,async_bulk,128,3,0,0.00,100.00,552.65,251.22,177.47,14.53,59.22,6.00,803.87,567.18,1.63,39.00,53.00,1.11,43010276,2026-09-23T02:58:24Z
C_hit,orig,2f_top28,pread,128,3,0,0.00,100.00,499.82,1107.76,180.60,927.16,,,1607.58,1426.98,1.63,36.00,53.00,1.11,43010368,2026-09-23T02:58:24Z
C_hit,orig,2f_top28,async,128,3,0,0.00,100.00,556.74,275.08,181.39,93.69,,,831.82,650.43,1.66,38.00,51.00,1.11,43009800,2026-09-23T02:58:25Z
C_hit,orig,2f_top28,async_win,128,3,0,0.00,100.00,501.40,266.04,181.28,24.41,60.35,8.00,767.44,525.81,1.69,38.00,51.00,1.11,43010164,2026-09-23T02:58:25Z
C_hit,orig,2f_top28,async_bulk,128,3,0,0.00,100.00,515.32,264.93,181.60,22.74,60.58,8.00,780.25,538.06,1.66,38.00,51.00,1.11,42993772,2026-09-23T02:58:25Z
C_hit,orig,2f_top100,pread,128,3,0,0.00,100.00,509.95,1348.92,188.46,1160.46,,,1858.87,1670.41,1.66,31.00,54.00,1.11,42997652,2026-09-23T02:58:25Z
C_hit,orig,2f_top100,async,128,3,0,0.00,100.00,522.93,382.93,205.31,177.62,,,905.86,700.55,1.67,33.00,53.00,1.11,42998828,2026-09-23T02:58:26Z
C_hit,orig,2f_top100,async_win,128,3,0,0.00,63.00,557.92,326.71,193.54,68.88,64.29,28.00,884.63,626.80,1.66,33.00,53.00,1.11,42998068,2026-09-23T02:58:26Z
C_hit,orig,2f_top100,async_bulk,128,3,0,0.00,100.00,514.68,324.01,191.47,67.91,64.63,28.00,838.69,582.59,1.64,33.00,53.00,1.11,42998588,2026-09-23T02:58:26Z
C_hit,orig,2f_top500,pread,128,3,0,0.00,100.00,178.85,3215.34,196.04,3019.30,,,3394.19,3198.15,1.61,9.00,61.00,1.11,42998228,2026-09-23T02:58:26Z
C_hit,orig,2f_top500,async,128,3,0,0.00,45.40,175.31,841.71,193.14,648.57,,,1017.02,823.88,1.57,10.00,61.00,1.11,42997772,2026-09-23T02:58:27Z
C_hit,orig,2f_top500,async_win,128,3,0,0.00,32.60,175.49,622.00,192.18,336.88,92.94,138.00,797.49,512.37,1.59,10.00,61.00,1.11,42997664,2026-09-23T02:58:27Z
C_hit,orig,2f_top500,async_bulk,128,3,0,0.00,31.40,187.68,621.93,194.28,336.99,90.65,138.00,809.61,524.67,1.58,10.00,61.00,1.11,42997168,2026-09-23T02:58:27Z
C_hit,orig,2f_slru,pread,128,3,0,0.00,100.00,87.19,4826.64,192.35,4634.29,,,4913.83,4721.48,1.52,0.00,62.00,1.11,42997888,2026-09-23T02:58:28Z
C_hit,orig,2f_slru,async,128,3,0,0.00,100.00,89.33,1568.12,191.65,1376.47,,,1657.45,1465.80,1.55,0.00,62.00,1.11,42986164,2026-09-23T02:58:28Z
C_hit,orig,2f_slru,async_win,128,3,0,0.00,100.00,90.88,769.63,195.17,411.46,163.00,29.00,860.51,502.34,1.54,0.00,62.00,1.11,42986524,2026-09-23T02:58:28Z
C_hit,orig,2f_slru,async_bulk,128,3,0,0.00,7.00,463.82,400.70,192.53,45.87,162.31,2.00,864.52,509.69,1.66,37.00,50.00,1.10,42986644,2026-09-23T02:58:28Z
C_hit,orig,leaf_freq_K10,pread,128,3,0,0.00,100.00,564.96,770.87,193.81,577.05,,,1335.83,1142.01,1.65,36.00,54.00,1.10,42985912,2026-09-23T02:58:29Z
C_hit,orig,leaf_freq_K10,async,128,3,0,0.00,100.00,591.94,265.60,193.00,72.60,,,857.54,664.54,1.65,38.00,51.00,1.10,42986680,2026-09-23T02:58:29Z
C_hit,orig,leaf_freq_K10,async_win,128,3,0,0.00,100.00,571.53,262.49,193.81,9.16,59.52,3.00,834.02,580.69,1.65,38.00,51.00,1.10,42987568,2026-09-23T02:58:29Z
C_hit,orig,leaf_freq_K10,async_bulk,128,3,0,0.00,100.00,501.50,263.09,193.00,10.12,59.97,3.00,764.59,511.62,1.67,38.00,51.00,1.10,42987564,2026-09-23T02:58:29Z
C_hit,orig,leaf_rand_K10,pread,128,3,0,0.00,100.00,585.14,1061.63,192.93,868.70,,,1646.77,1453.84,1.67,38.00,51.00,1.10,42987476,2026-09-23T02:58:30Z
C_hit,orig,leaf_rand_K10,async,128,3,0,0.00,100.00,562.16,268.29,191.23,77.06,,,830.45,639.22,1.64,38.00,51.00,1.10,42988148,2026-09-23T02:58:30Z
C_hit,orig,leaf_rand_K10,async_win,128,3,0,0.00,100.00,557.48,272.97,193.32,15.87,63.78,10.00,830.45,573.35,1.68,38.00,51.00,1.10,42988764,2026-09-23T02:58:30Z
C_hit,orig,leaf_rand_K10,async_bulk,128,3,0,0.00,100.00,566.45,267.73,191.16,16.43,60.14,10.00,834.18,582.88,1.65,38.00,51.00,1.10,42982284,2026-09-23T02:58:30Z
C_hit,orig,learned_markov_14,pread,128,3,0,0.00,100.00,564.15,1092.30,194.16,898.14,,,1656.45,1462.29,1.69,37.00,52.00,1.10,42981380,2026-09-23T02:58:31Z
C_hit,orig,learned_markov_14,async,128,3,0,0.00,100.00,499.07,272.04,193.90,78.15,,,771.11,577.22,1.68,39.00,53.00,1.10,42982784,2026-09-23T02:58:31Z
C_hit,orig,learned_markov_14,async_win,128,3,0,0.00,100.00,549.32,268.17,192.88,15.32,59.97,6.00,817.49,564.64,1.65,39.00,53.00,1.10,42982904,2026-09-23T02:58:31Z
C_hit,orig,learned_markov_14,async_bulk,128,3,0,0.00,100.00,553.26,270.84,195.02,15.38,60.44,6.00,824.10,568.64,1.65,39.00,53.00,1.10,42984736,2026-09-23T02:58:31Z
C_hit,orig,learned_markov_28,pread,128,3,0,0.00,100.00,497.63,1073.25,192.01,881.24,,,1570.88,1378.87,1.66,36.00,53.00,1.10,42984708,2026-09-23T02:58:32Z
C_hit,orig,learned_markov_28,async,128,3,0,0.00,100.00,555.82,287.38,193.61,93.77,,,843.20,649.59,1.65,38.00,51.00,1.10,42984108,2026-09-23T02:58:32Z
C_hit,orig,learned_markov_28,async_win,128,3,0,0.00,100.00,502.64,272.03,187.47,23.04,61.52,8.00,774.67,525.68,1.66,38.00,51.00,1.10,42985468,2026-09-23T02:58:32Z
C_hit,orig,learned_markov_28,async_bulk,128,3,0,0.00,100.00,503.73,282.68,193.22,26.23,63.23,8.00,786.41,529.96,1.63,38.00,51.00,1.10,42986024,2026-09-23T02:58:32Z
A,orig,baseline,baseline,128,4,0,0.00,0.00,1010.08,0.00,0.00,0.00,,,1010.08,1010.08,2.13,189.00,265.00,1.10,42985772,2026-09-23T02:58:33Z
B,orig,baseline,baseline,128,4,0,0.00,0.00,809.82,0.00,0.00,0.00,,,809.82,809.82,2.10,187.00,260.00,1.10,42985976,2026-09-23T02:58:33Z
C,orig,baseline,baseline,128,4,0,0.00,0.00,875.70,0.00,0.00,0.00,,,875.70,875.70,1.58,20.00,27.00,1.17,42987848,2026-09-23T02:58:33Z
C_hit,orig,baseline,baseline,128,4,0,0.00,0.00,589.24,0.00,0.00,0.00,,,589.24,589.24,1.65,38.00,51.00,1.17,42987608,2026-09-23T02:58:34Z
A,orig,layers_5,pread,128,4,0,0.00,100.00,990.50,666.79,223.17,443.62,,,1657.29,1434.12,2.12,188.00,268.00,1.17,42987684,2026-09-23T02:58:34Z
A,orig,layers_5,async,128,4,0,0.00,100.00,992.20,296.85,226.96,69.89,,,1289.05,1062.09,2.14,189.00,268.00,1.17,42987804,2026-09-23T02:58:34Z
A,orig,layers_5,async_win,128,4,0,0.00,100.00,989.58,297.04,227.17,7.43,62.44,2.00,1286.62,997.01,2.14,189.00,268.00,1.17,42988444,2026-09-23T02:58:35Z
A,orig,layers_5,async_bulk,128,4,0,0.00,100.00,999.29,294.74,225.33,7.36,62.05,2.00,1294.03,1006.65,2.15,189.00,268.00,1.17,42988308,2026-09-23T02:58:35Z
A,orig,layers_92,pread,128,4,0,0.00,100.00,592.70,8264.54,223.81,8040.73,,,8857.24,8633.43,2.12,188.00,273.00,1.17,42989436,2026-09-23T02:58:35Z
A,orig,layers_92,async,128,4,0,0.00,100.00,590.63,411.54,226.49,185.06,,,1002.17,775.69,2.12,189.00,272.00,1.17,42990148,2026-09-23T02:58:36Z
A,orig,layers_92,async_win,128,4,0,0.00,100.00,591.27,397.36,225.89,105.69,65.77,87.00,988.63,696.96,2.14,189.00,272.00,1.17,42981956,2026-09-23T02:58:36Z
A,orig,layers_92,async_bulk,128,4,0,0.00,100.00,603.84,412.62,228.08,118.19,66.36,87.00,1016.46,722.03,2.14,189.00,272.00,1.17,42982552,2026-09-23T02:58:36Z
A,orig,2d,pread,128,4,0,0.00,100.00,594.04,1965.31,226.42,1738.89,,,2559.35,2332.93,2.13,188.00,273.00,1.17,42982716,2026-09-23T02:58:36Z
A,orig,2d,async,128,4,0,0.00,100.00,594.77,315.05,227.52,87.53,,,909.82,682.30,2.13,189.00,272.00,1.17,42983824,2026-09-23T02:58:37Z
A,orig,2d,async_win,128,4,0,0.00,100.00,591.01,311.55,226.32,23.51,61.71,13.00,902.56,614.52,2.13,189.00,272.00,1.17,42983352,2026-09-23T02:58:37Z
A,orig,2d,async_bulk,128,4,0,0.00,100.00,591.13,310.25,225.22,22.52,62.51,13.00,901.38,613.65,2.12,189.00,272.00,1.17,42983760,2026-09-23T02:58:37Z
A,orig,2e_K10,pread,128,4,0,0.00,100.00,589.84,2806.76,224.78,2581.97,,,3396.60,3171.81,2.08,189.00,284.00,1.17,42984032,2026-09-23T02:58:38Z
A,orig,2e_K10,async,128,4,0,0.00,100.00,592.33,323.23,225.62,97.60,,,915.56,689.93,2.12,190.00,283.00,1.17,42984036,2026-09-23T02:58:38Z
A,orig,2e_K10,async_win,128,4,0,0.00,100.00,592.66,320.61,224.01,33.14,63.46,23.00,913.27,625.80,2.12,190.00,283.00,1.16,42985056,2026-09-23T02:58:38Z
A,orig,2e_K10,async_bulk,128,4,0,0.00,100.00,590.89,326.03,226.00,37.11,62.92,23.00,916.92,628.00,2.14,190.00,283.00,1.16,42985392,2026-09-23T02:58:39Z
A,orig,2e_K500,pread,128,4,0,0.00,100.00,182.20,18422.97,223.38,18199.60,,,18605.17,18381.80,1.72,53.00,319.00,1.16,42985928,2026-09-23T02:58:39Z
A,orig,2e_K500,async,128,4,0,0.00,100.00,566.26,1100.96,224.57,876.39,,,1667.22,1442.65,2.11,194.00,396.00,1.16,42985672,2026-09-23T02:58:39Z
A,orig,2e_K500,async_win,128,4,0,0.00,100.00,566.07,1042.82,226.63,687.36,128.83,471.00,1608.89,1253.43,2.09,194.00,395.00,1.16,42987404,2026-09-23T02:58:40Z
A,orig,2e_K500,async_bulk,128,4,0,0.00,100.00,635.49,1049.97,227.47,692.57,129.94,471.00,1685.46,1328.06,2.12,194.00,395.00,1.16,42987864,2026-09-23T02:58:40Z
A,orig,2f_top14,pread,128,4,0,0.00,100.00,597.41,1444.17,232.17,1212.01,,,2041.58,1809.42,2.13,191.00,271.00,1.16,42988564,2026-09-23T02:58:40Z
A,orig,2f_top14,async,128,4,0,0.00,100.00,595.38,309.67,226.16,83.52,,,905.05,678.90,2.15,191.00,271.00,1.16,42989960,2026-09-23T02:58:40Z
A,orig,2f_top14,async_win,128,4,0,0.00,100.00,596.54,311.01,226.35,22.08,62.59,13.00,907.55,618.62,2.14,191.00,271.00,1.16,42990148,2026-09-23T02:58:41Z
A,orig,2f_top14,async_bulk,128,4,0,0.00,100.00,526.95,310.64,224.75,23.01,62.88,13.00,837.59,549.96,2.11,191.00,271.00,1.16,42985100,2026-09-23T02:58:41Z
A,orig,2f_top28,pread,128,4,0,0.00,100.00,591.26,2623.42,224.68,2398.74,,,3214.68,2990.00,2.14,191.00,290.00,1.16,42986772,2026-09-23T02:58:41Z
A,orig,2f_top28,async,128,4,0,0.00,100.00,594.30,324.66,226.21,98.46,,,918.96,692.76,2.16,191.00,290.00,1.16,42987636,2026-09-23T02:58:42Z
A,orig,2f_top28,async_win,128,4,0,0.00,100.00,591.25,322.35,226.04,33.74,62.56,27.00,913.60,624.99,2.09,191.00,290.00,1.16,42987452,2026-09-23T02:58:42Z
A,orig,2f_top28,async_bulk,128,4,0,0.00,100.00,524.09,322.36,223.93,33.69,64.73,27.00,846.45,557.78,2.10,191.00,290.00,1.16,42987084,2026-09-23T02:58:42Z
A,orig,2f_top100,pread,128,4,0,0.00,100.00,583.18,9004.35,227.32,8777.03,,,9587.53,9360.21,2.10,186.00,315.00,1.16,42989056,2026-09-23T02:58:43Z
A,orig,2f_top100,async,128,4,0,0.00,100.00,591.13,422.43,225.19,197.23,,,1013.56,788.36,2.15,191.00,311.00,1.16,43005336,2026-09-23T02:58:43Z
A,orig,2f_top100,async_win,128,4,0,0.00,100.00,596.08,418.99,225.65,127.02,66.31,98.00,1015.07,723.10,2.16,191.00,312.00,1.14,43005040,2026-09-23T02:58:43Z
A,orig,2f_top100,async_bulk,128,4,0,0.00,100.00,593.01,417.13,223.83,126.67,66.64,98.00,1010.14,719.68,2.14,191.00,310.00,1.14,43005360,2026-09-23T02:58:44Z
A,orig,2f_top500,pread,128,4,0,0.00,100.00,185.81,18893.67,226.48,18667.19,,,19079.48,18853.00,1.68,54.00,321.00,1.14,43006228,2026-09-23T02:58:44Z
A,orig,2f_top500,async,128,4,0,0.00,22.80,685.00,897.89,223.34,674.55,,,1582.89,1359.55,2.13,193.00,400.00,1.14,43006004,2026-09-23T02:58:44Z
A,orig,2f_top500,async_win,128,4,0,0.00,100.00,569.16,981.45,223.76,665.81,91.87,460.00,1550.61,1234.97,2.09,193.00,394.00,1.14,43007692,2026-09-23T02:58:44Z
A,orig,2f_top500,async_bulk,128,4,0,0.00,100.00,636.60,984.17,227.47,666.97,89.73,460.00,1620.77,1303.57,2.09,193.00,398.00,1.14,43008384,2026-09-23T02:58:45Z
A,orig,2f_slru,pread,128,4,0,0.00,100.00,97.60,18694.87,224.23,18470.63,,,18792.47,18568.23,1.55,0.00,278.00,1.14,43008768,2026-09-23T02:58:45Z
A,orig,2f_slru,async,128,4,0,0.00,100.00,96.88,7316.59,225.75,7090.83,,,7413.47,7187.71,1.53,0.00,278.00,1.14,43005836,2026-09-23T02:58:45Z
A,orig,2f_slru,async_win,128,4,0,0.00,86.20,97.25,2597.29,230.75,1974.39,392.15,138.00,2694.54,2071.64,1.53,0.00,278.00,1.14,43006212,2026-09-23T02:58:46Z
A,orig,2f_slru,async_bulk,128,4,0,0.00,1.40,904.72,700.54,225.94,82.86,391.74,2.00,1605.26,987.58,2.10,188.00,263.00,1.14,43008660,2026-09-23T02:58:46Z
A,orig,leaf_freq_K10,pread,128,4,0,0.00,100.00,1002.34,1152.03,224.94,927.08,,,2154.37,1929.42,2.12,188.00,278.00,1.14,42985684,2026-09-23T02:58:46Z
A,orig,leaf_freq_K10,async,128,4,0,0.00,100.00,1002.10,299.89,224.59,75.30,,,1301.99,1077.40,2.13,188.00,278.00,1.14,42992092,2026-09-23T02:58:47Z
A,orig,leaf_freq_K10,async_win,128,4,0,0.00,100.00,1005.15,302.78,225.47,15.54,61.77,10.00,1307.93,1020.69,2.12,188.00,278.00,1.14,42992080,2026-09-23T02:58:47Z
A,orig,leaf_freq_K10,async_bulk,128,4,0,0.00,100.00,1012.43,302.77,226.32,15.10,61.35,10.00,1315.20,1027.53,2.13,188.00,278.00,1.14,42992936,2026-09-23T02:58:47Z
A,orig,leaf_rand_K10,pread,128,4,0,0.00,100.00,1002.51,1147.19,225.68,921.50,,,2149.70,1924.01,2.10,189.00,266.00,1.14,42992840,2026-09-23T02:58:47Z
A,orig,leaf_rand_K10,async,128,4,0,0.00,100.00,1003.71,302.30,224.78,77.52,,,1306.01,1081.23,2.12,189.00,266.00,1.14,42993504,2026-09-23T02:58:48Z
A,orig,leaf_rand_K10,async_win,128,4,0,0.00,100.00,1007.77,304.18,224.91,18.06,61.20,10.00,1311.95,1025.83,2.13,189.00,266.00,1.14,42993532,2026-09-23T02:58:48Z
A,orig,leaf_rand_K10,async_bulk,128,4,0,0.00,100.00,1004.68,294.78,223.48,14.53,56.78,10.00,1299.46,1019.21,2.14,189.00,266.00,1.21,42978052,2026-09-23T02:58:48Z
A,orig,learned_markov_14,pread,128,4,0,0.00,100.00,591.13,1474.44,226.12,1248.33,,,2065.57,1839.46,2.10,189.00,273.00,1.21,42978712,2026-09-23T02:58:49Z
A,orig,learned_markov_14,async,128,4,0,0.00,100.00,590.87,304.60,225.19,79.41,,,895.47,670.28,2.14,189.00,273.00,1.21,42979488,2026-09-23T02:58:49Z
A,orig,learned_markov_14,async_win,128,4,0,0.00,100.00,597.89,304.64,224.58,18.66,61.41,13.00,902.53,616.55,2.14,189.00,273.00,1.21,42979376,2026-09-23T02:58:49Z
A,orig,learned_markov_14,async_bulk,128,4,0,0.00,100.00,596.24,311.64,228.19,21.43,62.02,13.00,907.88,617.67,2.13,189.00,273.00,1.21,42979900,2026-09-23T02:58:50Z
A,orig,learned_markov_28,pread,128,4,0,0.00,100.00,589.67,2709.19,227.47,2481.72,,,3298.86,3071.39,2.13,189.00,276.00,1.21,42980020,2026-09-23T02:58:50Z
A,orig,learned_markov_28,async,128,4,0,0.00,100.00,592.93,327.93,226.82,101.11,,,920.86,694.04,2.14,189.00,275.00,1.21,42980580,2026-09-23T02:58:50Z
A,orig,learned_markov_28,async_win,128,4,0,0.00,100.00,588.91,320.47,225.36,33.03,62.08,26.00,909.38,621.94,2.14,189.00,275.00,1.21,42980452,2026-09-23T02:58:51Z
A,orig,learned_markov_28,async_bulk,128,4,0,0.00,100.00,594.45,323.48,226.92,34.20,62.37,26.00,917.93,628.65,2.13,189.00,275.00,1.21,42980552,2026-09-23T02:58:51Z
B,orig,layers_5,pread,128,4,0,0.00,100.00,868.40,659.33,223.62,435.71,,,1527.73,1304.11,2.17,186.00,260.00,1.21,42980400,2026-09-23T02:58:51Z
B,orig,layers_5,async,128,4,0,0.00,100.00,941.31,296.67,226.74,69.93,,,1237.98,1011.24,2.21,187.00,260.00,1.21,42971988,2026-09-23T02:58:52Z
B,orig,layers_5,async_win,128,4,0,0.00,100.00,908.64,293.20,224.38,7.51,61.30,2.00,1201.84,916.15,2.19,187.00,260.00,1.21,42972840,2026-09-23T02:58:52Z
B,orig,layers_5,async_bulk,128,4,0,0.00,100.00,911.66,294.73,225.31,7.86,61.56,2.00,1206.39,919.52,2.18,187.00,260.00,1.21,42973332,2026-09-23T02:58:52Z
B,orig,layers_92,pread,128,4,0,0.00,100.00,526.55,8256.49,224.86,8031.63,,,8783.04,8558.18,2.16,186.00,267.00,1.21,42974840,2026-09-23T02:58:52Z
B,orig,layers_92,async,128,4,0,0.00,100.00,524.98,420.80,224.28,196.52,,,945.78,721.50,2.17,187.00,266.00,1.21,42975632,2026-09-23T02:58:53Z
B,orig,layers_92,async_win,128,4,0,0.00,100.00,527.48,409.53,228.98,114.95,65.60,87.00,937.01,642.43,2.20,187.00,266.00,1.21,42975548,2026-09-23T02:58:53Z
B,orig,layers_92,async_bulk,128,4,0,0.00,100.00,530.59,410.03,226.62,117.59,65.82,87.00,940.62,648.18,2.18,187.00,266.00,1.20,42977124,2026-09-23T02:58:53Z
B,orig,2d,pread,128,4,0,0.00,100.00,463.92,1960.16,227.52,1732.65,,,2424.08,2196.57,2.14,186.00,267.00,1.20,42976976,2026-09-23T02:58:54Z
B,orig,2d,async,128,4,0,0.00,100.00,521.40,313.15,226.31,86.83,,,834.55,608.23,2.16,187.00,266.00,1.20,42978440,2026-09-23T02:58:54Z
B,orig,2d,async_win,128,4,0,0.00,100.00,525.63,310.21,226.06,22.09,62.07,13.00,835.84,547.72,2.18,187.00,266.00,1.20,42979596,2026-09-23T02:58:54Z
B,orig,2d,async_bulk,128,4,0,0.00,100.00,530.06,309.30,224.58,22.58,62.14,13.00,839.36,552.64,2.20,187.00,266.00,1.20,42980348,2026-09-23T02:58:55Z
B,orig,2e_K10,pread,128,4,0,0.00,100.00,525.73,2763.91,183.37,2580.54,,,3289.64,3106.27,2.24,187.00,267.00,1.20,42975836,2026-09-23T02:58:55Z
B,orig,2e_K10,async,128,4,0,0.00,96.40,1529.60,1630.71,1072.83,557.88,,,3160.31,2087.48,2.90,188.00,266.00,1.20,42978372,2026-09-23T02:58:55Z
B,orig,2e_K10,async_win,128,4,0,0.00,100.00,1509.65,696.41,196.93,32.24,467.24,23.00,2206.06,1541.89,2.54,188.00,267.00,1.20,42978108,2026-09-23T02:58:56Z
B,orig,2e_K10,async_bulk,128,4,0,0.00,100.00,528.15,277.19,182.53,31.75,62.91,23.00,805.34,559.90,2.19,188.00,267.00,1.20,42976828,2026-09-23T02:58:56Z
B,orig,2e_K500,pread,128,4,0,0.00,100.00,183.81,18905.86,179.63,18726.24,,,19089.67,18910.05,1.82,73.00,311.00,1.20,42977848,2026-09-23T02:58:56Z
B,orig,2e_K500,async,128,4,0,0.00,100.00,182.52,1031.74,184.08,847.66,,,1214.26,1030.18,2.18,187.00,313.00,1.20,42964740,2026-09-23T02:58:57Z
B,orig,2e_K500,async_win,128,4,0,0.00,100.00,180.01,973.67,183.09,699.21,91.37,461.00,1153.68,879.22,2.18,187.00,313.00,1.20,42977900,2026-09-23T02:58:57Z
B,orig,2e_K500,async_bulk,128,4,0,0.00,100.00,180.59,976.15,182.94,699.75,93.47,461.00,1156.74,880.34,2.15,187.00,313.00,1.20,42980020,2026-09-23T02:58:57Z
B,orig,2f_top14,pread,128,4,0,0.00,100.00,527.35,1437.99,185.25,1252.75,,,1965.34,1780.10,2.17,188.00,265.00,1.20,42981784,2026-09-23T02:58:58Z
B,orig,2f_top14,async,128,4,0,0.00,100.00,530.16,265.53,185.39,80.14,,,795.69,610.30,2.19,188.00,266.00,1.20,42981584,2026-09-23T02:58:58Z
B,orig,2f_top14,async_win,128,4,0,0.00,100.00,530.14,264.76,184.60,17.23,62.93,13.00,794.90,547.37,2.18,188.00,266.00,1.18,42981728,2026-09-23T02:58:58Z
B,orig,2f_top14,async_bulk,128,4,0,0.00,100.00,526.26,266.53,184.74,19.45,62.35,13.00,792.79,545.71,2.16,188.00,266.00,1.18,42982304,2026-09-23T02:58:59Z
B,orig,2f_top28,pread,128,4,0,0.00,100.00,526.45,2584.00,184.90,2399.10,,,3110.45,2925.55,2.16,188.00,267.00,1.18,42982340,2026-09-23T02:58:59Z
B,orig,2f_top28,async,128,4,0,0.00,100.00,459.89,278.84,180.47,98.38,,,738.73,558.27,2.12,188.00,268.00,1.18,42982296,2026-09-23T02:58:59Z
B,orig,2f_top28,async_win,128,4,0,0.00,100.00,527.44,282.80,186.11,33.69,63.00,27.00,810.24,561.13,2.19,188.00,268.00,1.18,42982528,2026-09-23T02:59:00Z
B,orig,2f_top28,async_bulk,128,4,0,0.00,100.00,526.90,285.62,188.45,35.05,62.12,27.00,812.52,561.95,2.19,188.00,268.00,1.18,42983500,2026-09-23T02:59:00Z
B,orig,2f_top100,pread,128,4,0,0.00,100.00,523.56,8846.35,182.19,8664.16,,,9369.91,9187.72,2.15,187.00,272.00,1.18,42983308,2026-09-23T02:59:00Z
B,orig,2f_top100,async,128,4,0,0.00,100.00,525.88,384.85,185.36,199.50,,,910.73,725.38,2.16,187.00,272.00,1.18,42983580,2026-09-23T02:59:01Z
B,orig,2f_top100,async_win,128,4,0,0.00,100.00,531.80,366.12,184.19,115.36,66.58,97.00,897.92,647.16,2.18,187.00,272.00,1.18,42983704,2026-09-23T02:59:01Z
B,orig,2f_top100,async_bulk,128,4,0,0.00,100.00,458.27,366.55,184.16,116.35,66.04,97.00,824.82,574.62,2.17,187.00,272.00,1.18,42984148,2026-09-23T02:59:01Z
B,orig,2f_top500,pread,128,4,0,0.00,100.00,179.11,18577.28,183.68,18393.60,,,18756.39,18572.71,1.83,74.00,317.00,1.18,42983904,2026-09-23T02:59:01Z
B,orig,2f_top500,async,128,4,0,0.00,100.00,180.57,982.61,182.54,800.06,,,1163.18,980.63,2.15,187.00,313.00,1.18,42984352,2026-09-23T02:59:02Z
B,orig,2f_top500,async_win,128,4,0,0.00,100.00,180.88,931.15,182.72,658.28,90.15,448.00,1112.03,839.16,2.14,187.00,314.00,1.18,42972332,2026-09-23T02:59:02Z
B,orig,2f_top500,async_bulk,128,4,0,0.00,100.00,183.97,946.43,194.86,661.13,90.44,448.00,1130.40,845.10,2.14,187.00,315.00,1.18,42971040,2026-09-23T02:59:02Z
B,orig,2f_slru,pread,128,4,0,0.00,100.00,99.09,18313.88,184.67,18129.21,,,18412.97,18228.30,1.55,0.00,278.00,1.18,42971832,2026-09-23T02:59:03Z
B,orig,2f_slru,async,128,4,0,0.00,100.00,98.59,7285.10,187.18,7097.91,,,7383.69,7196.50,1.60,0.00,278.00,1.18,42969176,2026-09-23T02:59:03Z
B,orig,2f_slru,async_win,128,4,0,0.00,89.50,96.22,2532.20,182.36,2023.14,326.69,139.00,2628.42,2119.36,1.61,0.00,278.00,1.17,42990888,2026-09-23T02:59:03Z
B,orig,2f_slru,async_bulk,128,4,0,0.00,2.20,848.67,607.36,185.19,99.94,322.24,3.00,1456.03,948.61,2.17,184.00,259.00,1.17,42993876,2026-09-23T02:59:04Z
B,orig,leaf_freq_K10,pread,128,4,0,0.00,100.00,812.64,1111.37,181.38,929.99,,,1924.01,1742.63,2.11,187.00,260.00,1.17,42994064,2026-09-23T02:59:04Z
B,orig,leaf_freq_K10,async,128,4,0,0.00,100.00,945.82,257.03,182.54,74.49,,,1202.85,1020.31,2.17,187.00,260.00,1.17,42994476,2026-09-23T02:59:04Z
B,orig,leaf_freq_K10,async_win,128,4,0,0.00,100.00,941.88,264.88,187.36,15.39,62.13,10.00,1206.76,957.27,2.15,187.00,260.00,1.17,42995084,2026-09-23T02:59:04Z
B,orig,leaf_freq_K10,async_bulk,128,4,0,0.00,100.00,813.06,261.37,184.27,15.61,61.49,10.00,1074.43,828.67,2.14,187.00,260.00,1.17,42995024,2026-09-23T02:59:05Z
B,orig,leaf_rand_K10,pread,128,4,0,0.00,100.00,947.28,1077.64,182.30,895.33,,,2024.92,1842.61,2.22,188.00,261.00,1.17,42995936,2026-09-23T02:59:05Z
B,orig,leaf_rand_K10,async,128,4,0,0.00,100.00,941.99,259.62,183.92,75.70,,,1201.61,1017.69,2.17,188.00,261.00,1.17,42998212,2026-09-23T02:59:05Z
B,orig,leaf_rand_K10,async_win,128,4,0,0.00,100.00,944.22,266.34,185.45,14.92,65.97,10.00,1210.56,959.14,2.15,188.00,261.00,1.17,42998728,2026-09-23T02:59:06Z
B,orig,leaf_rand_K10,async_bulk,128,4,0,0.00,100.00,944.58,260.83,184.13,14.81,61.90,10.00,1205.41,959.39,2.16,188.00,261.00,1.17,42997980,2026-09-23T02:59:06Z
B,orig,learned_markov_14,pread,128,4,0,0.00,100.00,459.72,1398.08,181.62,1216.46,,,1857.80,1676.18,2.13,187.00,265.00,1.17,42999784,2026-09-23T02:59:06Z
B,orig,learned_markov_14,async,128,4,0,0.00,100.00,522.48,264.04,183.25,80.79,,,786.52,603.27,2.12,187.00,265.00,1.17,42999964,2026-09-23T02:59:07Z
B,orig,learned_markov_14,async_win,128,4,0,0.00,100.00,527.53,264.26,182.93,19.57,61.76,13.00,791.79,547.10,2.15,187.00,265.00,1.17,43000644,2026-09-23T02:59:07Z
B,orig,learned_markov_14,async_bulk,128,4,0,0.00,100.00,523.50,263.81,183.08,19.28,61.45,13.00,787.31,542.78,2.18,187.00,265.00,1.17,43004160,2026-09-23T02:59:07Z
B,orig,learned_markov_28,pread,128,4,0,0.00,100.00,525.21,2584.55,184.11,2400.44,,,3109.76,2925.65,2.16,187.00,265.00,1.17,43005832,2026-09-23T02:59:08Z
B,orig,learned_markov_28,async,128,4,0,0.00,100.00,529.21,279.06,184.61,94.45,,,808.27,623.66,2.18,187.00,265.00,1.17,43006060,2026-09-23T02:59:08Z
B,orig,learned_markov_28,async_win,128,4,0,0.00,100.00,524.83,281.29,182.30,36.67,62.32,27.00,806.12,561.50,2.13,187.00,265.00,1.15,43006956,2026-09-23T02:59:08Z
B,orig,learned_markov_28,async_bulk,128,4,0,0.00,100.00,522.11,282.52,184.17,36.13,62.23,27.00,804.63,558.24,2.15,187.00,265.00,1.15,42987908,2026-09-23T02:59:09Z
C,orig,layers_5,pread,128,4,0,0.00,100.00,851.21,625.46,185.19,440.27,,,1476.67,1291.48,1.57,20.00,27.00,1.15,42988192,2026-09-23T02:59:09Z
C,orig,layers_5,async,128,4,0,0.00,100.00,819.32,261.85,190.92,70.93,,,1081.17,890.25,1.59,20.00,27.00,1.15,42988792,2026-09-23T02:59:09Z
C,orig,layers_5,async_win,128,4,0,0.00,100.00,818.80,254.10,185.88,6.97,61.24,2.00,1072.90,825.77,1.56,20.00,27.00,1.15,42988140,2026-09-23T02:59:09Z
C,orig,layers_5,async_bulk,128,4,0,0.00,100.00,817.98,251.84,182.90,7.45,61.48,2.00,1069.82,825.43,1.57,20.00,27.00,1.15,42988084,2026-09-23T02:59:10Z
C,orig,layers_92,pread,128,4,0,0.00,100.00,399.41,8103.74,183.12,7920.62,,,8503.15,8320.03,1.55,18.00,30.00,1.15,42988552,2026-09-23T02:59:10Z
C,orig,layers_92,async,128,4,0,0.00,100.00,465.56,376.71,182.30,194.41,,,842.27,659.97,1.56,18.00,30.00,1.15,42988852,2026-09-23T02:59:10Z
C,orig,layers_92,async_win,128,4,0,0.00,100.00,464.50,367.87,182.43,119.22,66.21,87.00,832.37,583.72,1.57,18.00,30.00,1.15,42989800,2026-09-23T02:59:10Z
C,orig,layers_92,async_bulk,128,4,0,0.00,100.00,467.06,366.43,182.89,118.20,65.33,87.00,833.49,585.26,1.56,18.00,30.00,1.15,42989168,2026-09-23T02:59:11Z
C,orig,2d,pread,128,4,0,0.00,100.00,433.67,541.99,181.55,360.44,,,975.66,794.11,1.56,18.00,30.00,1.15,42988336,2026-09-23T02:59:11Z
C,orig,2d,async,128,4,0,0.00,100.00,432.37,247.90,181.02,66.88,,,680.27,499.25,1.58,18.00,30.00,1.15,42988856,2026-09-23T02:59:11Z
C,orig,2d,async_win,128,4,0,0.00,100.00,434.21,248.89,181.31,7.37,60.20,2.00,683.10,441.58,1.56,18.00,30.00,1.15,42989452,2026-09-23T02:59:11Z
C,orig,2d,async_bulk,128,4,0,0.00,100.00,434.09,250.92,182.44,7.30,61.17,2.00,685.01,441.39,1.59,18.00,30.00,1.15,42989800,2026-09-23T02:59:12Z
C,orig,2e_K10,pread,128,4,0,0.00,100.00,171.38,1358.16,180.97,1177.19,,,1529.54,1348.57,1.56,17.00,33.00,1.15,42989664,2026-09-23T02:59:12Z
C,orig,2e_K10,async,128,4,0,0.00,100.00,172.75,257.30,179.69,77.62,,,430.05,250.37,1.57,17.00,32.00,1.15,42990168,2026-09-23T02:59:12Z
C,orig,2e_K10,async_win,128,4,0,0.00,100.00,174.80,257.40,181.11,15.17,61.12,8.00,432.20,189.97,1.56,17.00,32.00,1.15,42989760,2026-09-23T02:59:12Z
C,orig,2e_K10,async_bulk,128,4,0,0.00,100.00,172.87,258.91,181.80,15.74,61.37,8.00,431.78,188.61,1.56,17.00,32.00,1.15,42985136,2026-09-23T02:59:13Z
C,orig,2e_K500,pread,128,4,0,0.00,100.00,176.89,2388.22,223.97,2164.25,,,2565.11,2341.14,1.51,0.00,37.00,1.15,42977004,2026-09-23T02:59:13Z
C,orig,2e_K500,async,128,4,0,0.00,48.20,174.58,630.42,183.99,446.44,,,805.00,621.02,1.50,0.00,37.00,1.15,42978284,2026-09-23T02:59:13Z
C,orig,2e_K500,async_win,128,4,0,0.00,45.90,174.26,487.11,183.60,220.43,83.08,90.00,661.37,394.69,1.51,0.00,37.00,1.14,42979976,2026-09-23T02:59:13Z
C,orig,2e_K500,async_bulk,128,4,0,0.00,42.30,174.28,480.30,181.25,216.33,82.73,90.00,654.58,390.61,1.50,0.00,37.00,1.14,42979508,2026-09-23T02:59:14Z
C,orig,2f_top14,pread,128,4,0,0.00,100.00,173.56,1294.40,181.12,1113.28,,,1467.96,1286.84,1.56,16.00,34.00,1.14,42979272,2026-09-23T02:59:14Z
C,orig,2f_top14,async,128,4,0,0.00,100.00,172.91,257.06,179.36,77.71,,,429.97,250.62,1.57,17.00,32.00,1.14,42979912,2026-09-23T02:59:14Z
C,orig,2f_top14,async_win,128,4,0,0.00,100.00,174.96,261.37,182.41,17.28,61.68,9.00,436.33,192.24,1.56,17.00,32.00,1.14,42982032,2026-09-23T02:59:14Z
C,orig,2f_top14,async_bulk,128,4,0,0.00,100.00,179.28,258.21,181.51,15.76,60.94,9.00,437.49,195.04,1.58,17.00,32.00,1.14,42982360,2026-09-23T02:59:15Z
C,orig,2f_top28,pread,128,4,0,0.00,100.00,170.07,1279.37,181.16,1098.20,,,1449.44,1268.27,1.55,15.00,33.00,1.14,42981380,2026-09-23T02:59:15Z
C,orig,2f_top28,async,128,4,0,0.00,100.00,172.10,275.66,182.09,93.57,,,447.76,265.67,1.57,16.00,33.00,1.14,42982544,2026-09-23T02:59:15Z
C,orig,2f_top28,async_win,128,4,0,0.00,100.00,169.98,268.83,182.24,24.74,61.85,13.00,438.81,194.72,1.59,16.00,33.00,1.14,42983732,2026-09-23T02:59:15Z
C,orig,2f_top28,async_bulk,128,4,0,0.00,100.00,173.36,267.19,180.54,24.62,62.04,13.00,440.55,197.98,1.57,16.00,33.00,1.14,42984248,2026-09-23T02:59:16Z
C,orig,2f_top100,pread,128,4,0,0.00,100.00,172.53,1307.51,181.66,1125.85,,,1480.04,1298.38,1.54,11.00,33.00,1.14,42984352,2026-09-23T02:59:16Z
C,orig,2f_top100,async,128,4,0,0.00,100.00,176.07,358.21,181.31,176.90,,,534.28,352.97,1.55,14.00,33.00,1.14,42984940,2026-09-23T02:59:16Z
C,orig,2f_top100,async_win,128,4,0,0.00,100.00,173.13,316.56,181.11,70.28,65.16,32.00,489.69,243.41,1.55,14.00,33.00,1.14,42984924,2026-09-23T02:59:16Z
C,orig,2f_top100,async_bulk,128,4,0,0.00,100.00,173.56,317.69,181.27,71.09,65.32,32.00,491.25,244.65,1.57,14.00,33.00,1.14,42985836,2026-09-23T02:59:17Z
C,orig,2f_top500,pread,128,4,0,0.00,100.00,89.37,2905.70,182.52,2723.18,,,2995.07,2812.55,1.50,0.00,37.00,1.14,42985396,2026-09-23T02:59:17Z
C,orig,2f_top500,async,128,4,0,0.00,100.00,87.36,896.63,181.70,714.93,,,983.99,802.29,1.51,0.00,37.00,1.14,42985836,2026-09-23T02:59:17Z
C,orig,2f_top500,async_win,128,4,0,0.00,100.00,86.91,496.59,181.24,224.73,90.62,15.00,583.50,311.64,1.50,0.00,37.00,1.14,42986792,2026-09-23T02:59:17Z
C,orig,2f_top500,async_bulk,128,4,0,0.00,13.40,758.45,308.13,181.18,36.97,89.98,2.00,1066.58,795.42,1.56,19.00,29.00,1.14,42986592,2026-09-23T02:59:18Z
C,orig,2f_slru,pread,128,4,0,0.00,100.00,85.58,2843.77,181.55,2662.22,,,2929.35,2747.80,1.51,0.00,37.00,1.14,42971076,2026-09-23T02:59:18Z
C,orig,2f_slru,async,128,4,0,0.00,100.00,87.98,965.15,181.82,783.33,,,1053.13,871.31,1.51,0.00,37.00,1.13,42987176,2026-09-23T02:59:18Z
C,orig,2f_slru,async_win,128,4,0,0.00,100.00,87.83,493.98,178.41,227.01,88.57,15.00,581.81,314.84,1.49,0.00,37.00,1.13,42988120,2026-09-23T02:59:18Z
C,orig,2f_slru,async_bulk,128,4,0,0.00,13.40,755.62,311.20,181.24,40.30,89.67,2.00,1066.82,795.92,1.57,19.00,29.00,1.13,42988164,2026-09-23T02:59:19Z
C,orig,leaf_freq_K10,pread,128,4,0,0.00,100.00,666.00,878.55,181.72,696.83,,,1544.55,1362.83,1.56,19.00,30.00,1.13,42988716,2026-09-23T02:59:19Z
C,orig,leaf_freq_K10,async,128,4,0,0.00,100.00,678.86,254.83,180.74,74.09,,,933.69,752.95,1.57,19.00,29.00,1.13,42987196,2026-09-23T02:59:19Z
C,orig,leaf_freq_K10,async_win,128,4,0,0.00,100.00,554.89,260.68,187.73,12.20,60.74,6.00,815.57,567.09,1.57,19.00,29.00,1.13,42987676,2026-09-23T02:59:19Z
C,orig,leaf_freq_K10,async_bulk,128,4,0,0.00,100.00,559.40,255.76,181.34,12.84,61.58,6.00,815.16,572.24,1.58,19.00,29.00,1.13,42988080,2026-09-23T02:59:20Z
C,orig,leaf_rand_K10,pread,128,4,0,0.00,100.00,854.30,1049.01,180.26,868.75,,,1903.31,1723.05,1.56,20.00,27.00,1.13,42988376,2026-09-23T02:59:20Z
C,orig,leaf_rand_K10,async,128,4,0,0.00,100.00,853.84,262.85,180.98,81.87,,,1116.69,935.71,1.57,20.00,27.00,1.13,42988728,2026-09-23T02:59:20Z
C,orig,leaf_rand_K10,async_win,128,4,0,0.00,100.00,821.40,256.40,179.63,16.13,60.64,10.00,1077.80,837.53,1.58,20.00,27.00,1.13,42988544,2026-09-23T02:59:20Z
C,orig,leaf_rand_K10,async_bulk,128,4,0,0.00,100.00,823.29,255.29,180.65,14.33,60.31,10.00,1078.58,837.62,1.58,20.00,27.00,1.13,42988308,2026-09-23T02:59:21Z
C,orig,learned_markov_14,pread,128,4,0,0.00,100.00,171.01,1292.73,183.28,1109.44,,,1463.74,1280.45,1.56,16.00,34.00,1.13,42988164,2026-09-23T02:59:21Z
C,orig,learned_markov_14,async,128,4,0,0.00,100.00,179.55,254.76,177.64,77.11,,,434.31,256.66,1.55,17.00,32.00,1.13,42988088,2026-09-23T02:59:21Z
C,orig,learned_markov_14,async_win,128,4,0,0.00,100.00,173.41,259.99,181.15,17.53,61.30,9.00,433.40,190.94,1.57,17.00,32.00,1.13,42988428,2026-09-23T02:59:22Z
C,orig,learned_markov_14,async_bulk,128,4,0,0.00,100.00,172.78,260.90,182.15,18.01,60.73,9.00,433.68,190.79,1.56,17.00,32.00,1.13,42988792,2026-09-23T02:59:22Z
C,orig,learned_markov_28,pread,128,4,0,0.00,100.00,169.77,1285.67,181.10,1104.57,,,1455.44,1274.34,1.56,15.00,33.00,1.13,42990252,2026-09-23T02:59:22Z
C,orig,learned_markov_28,async,128,4,0,0.00,100.00,172.20,279.66,180.95,98.71,,,451.86,270.91,1.55,16.00,33.00,1.13,42988392,2026-09-23T02:59:22Z
C,orig,learned_markov_28,async_win,128,4,0,0.00,100.00,172.47,270.35,180.97,27.62,61.76,13.00,442.82,200.09,1.56,16.00,33.00,1.13,42988980,2026-09-23T02:59:23Z
C,orig,learned_markov_28,async_bulk,128,4,0,0.00,100.00,173.43,268.62,180.92,26.24,61.46,13.00,442.05,199.67,1.59,16.00,33.00,1.13,42987864,2026-09-23T02:59:23Z
C_hit,orig,layers_5,pread,128,4,0,0.00,100.00,546.96,618.21,180.92,437.29,,,1165.17,984.25,1.64,38.00,51.00,1.13,42986376,2026-09-23T02:59:23Z
C_hit,orig,layers_5,async,128,4,0,0.00,100.00,571.60,246.24,177.22,69.02,,,817.84,640.62,1.65,38.00,51.00,1.28,42974412,2026-09-23T02:59:23Z
C_hit,orig,layers_5,async_win,128,4,0,0.00,100.00,546.50,248.96,181.41,7.00,60.54,2.00,795.46,553.50,1.68,38.00,51.00,1.28,42973992,2026-09-23T02:59:24Z
C_hit,orig,layers_5,async_bulk,128,4,0,0.00,100.00,548.63,248.75,181.75,6.13,60.87,2.00,797.38,554.76,1.65,38.00,51.00,1.28,42996160,2026-09-23T02:59:24Z
C_hit,orig,layers_92,pread,128,4,0,0.00,100.00,555.26,7983.01,180.86,7802.15,,,8538.27,8357.41,1.66,39.00,53.00,1.28,42997236,2026-09-23T02:59:24Z
C_hit,orig,layers_92,async,128,4,0,0.00,100.00,555.35,380.58,180.98,199.59,,,935.93,754.94,1.66,39.00,53.00,1.28,42997764,2026-09-23T02:59:24Z
C_hit,orig,layers_92,async_win,128,4,0,0.00,100.00,556.52,361.77,180.55,116.25,64.97,87.00,918.29,672.77,1.64,39.00,53.00,1.28,42998204,2026-09-23T02:59:25Z
C_hit,orig,layers_92,async_bulk,128,4,0,0.00,100.00,559.49,368.87,183.82,119.27,65.78,87.00,928.36,678.76,1.66,39.00,53.00,1.28,42998212,2026-09-23T02:59:25Z
C_hit,orig,2d,pread,128,4,0,0.00,100.00,553.00,611.78,179.63,432.15,,,1164.78,985.15,1.65,39.00,53.00,1.28,42999528,2026-09-23T02:59:25Z
C_hit,orig,2d,async,128,4,0,0.00,100.00,555.02,249.60,180.45,69.15,,,804.62,624.17,1.64,39.00,53.00,1.28,42999980,2026-09-23T02:59:25Z
C_hit,orig,2d,async_win,128,4,0,0.00,100.00,551.51,247.04,178.67,7.59,60.78,3.00,798.55,559.10,1.65,39.00,53.00,1.28,43001416,2026-09-23T02:59:26Z
C_hit,orig,2d,async_bulk,128,4,0,0.00,100.00,552.83,249.31,180.65,7.68,60.97,3.00,802.14,560.51,1.64,39.00,53.00,1.28,43001620,2026-09-23T02:59:26Z
C_hit,orig,2e_K10,pread,128,4,0,0.00,100.00,495.30,1168.88,181.08,987.80,,,1664.18,1483.10,1.68,37.00,52.00,1.28,43001868,2026-09-23T02:59:26Z
C_hit,orig,2e_K10,async,128,4,0,0.00,100.00,557.97,264.86,185.33,79.53,,,822.83,637.50,1.65,39.00,53.00,1.28,43002572,2026-09-23T02:59:26Z
C_hit,orig,2e_K10,async_win,128,4,0,0.00,100.00,548.74,257.54,181.33,15.34,60.87,6.00,806.28,564.08,1.65,39.00,53.00,1.28,43003168,2026-09-23T02:59:27Z
C_hit,orig,2e_K10,async_bulk,128,4,0,0.00,100.00,551.16,257.00,179.90,15.98,61.12,6.00,808.16,567.14,1.64,39.00,53.00,1.28,43003516,2026-09-23T02:59:27Z
C_hit,orig,2e_K500,pread,128,4,0,0.00,100.00,172.24,3375.02,180.84,3194.18,,,3547.26,3366.42,1.55,9.00,61.00,1.28,43001324,2026-09-23T02:59:27Z
C_hit,orig,2e_K500,async,128,4,0,0.00,57.80,174.88,873.59,182.78,690.81,,,1048.47,865.69,1.55,9.00,61.00,1.28,43000332,2026-09-23T02:59:27Z
C_hit,orig,2e_K500,async_win,128,4,0,0.00,100.00,176.62,627.39,180.68,354.81,91.90,139.00,804.01,531.43,1.56,9.00,61.00,1.28,43002032,2026-09-23T02:59:28Z
C_hit,orig,2e_K500,async_bulk,128,4,0,0.00,31.70,176.34,615.76,181.29,343.24,91.23,139.00,792.10,519.58,1.58,9.00,61.00,1.28,43000924,2026-09-23T02:59:28Z
C_hit,orig,2f_top14,pread,128,4,0,0.00,100.00,498.49,1048.83,178.82,870.01,,,1547.32,1368.50,1.63,37.00,52.00,1.26,43003384,2026-09-23T02:59:28Z
C_hit,orig,2f_top14,async,128,4,0,0.00,100.00,496.60,260.29,180.90,79.39,,,756.89,575.99,1.67,39.00,53.00,1.26,43004156,2026-09-23T02:59:29Z
C_hit,orig,2f_top14,async_win,128,4,0,0.00,100.00,554.76,254.97,180.73,14.69,59.55,6.00,809.73,569.45,1.64,39.00,53.00,1.26,43003560,2026-09-23T02:59:29Z
C_hit,orig,2f_top14,async_bulk,128,4,0,0.00,100.00,551.13,254.68,180.59,14.02,60.07,6.00,805.81,565.15,1.67,39.00,53.00,1.26,42970672,2026-09-23T02:59:29Z
C_hit,orig,2f_top28,pread,128,4,0,0.00,100.00,500.39,1118.02,181.64,936.38,,,1618.41,1436.77,1.65,36.00,53.00,1.26,42971852,2026-09-23T02:59:29Z
C_hit,orig,2f_top28,async,128,4,0,0.00,100.00,556.50,274.72,181.18,93.54,,,831.22,650.04,1.66,38.00,51.00,1.26,42972948,2026-09-23T02:59:30Z
C_hit,orig,2f_top28,async_win,128,4,0,0.00,100.00,572.10,264.99,179.82,23.93,61.23,8.00,837.09,596.03,1.64,38.00,51.00,1.26,42973444,2026-09-23T02:59:30Z
C_hit,orig,2f_top28,async_bulk,128,4,0,0.00,100.00,511.28,265.24,182.17,22.37,60.69,8.00,776.52,533.65,1.64,38.00,51.00,1.26,42972832,2026-09-23T02:59:30Z
C_hit,orig,2f_top100,pread,128,4,0,0.00,100.00,511.71,1352.78,191.01,1161.77,,,1864.49,1673.48,1.61,31.00,54.00,1.26,42973428,2026-09-23T02:59:30Z
C_hit,orig,2f_top100,async,128,4,0,0.00,100.00,506.15,371.59,194.57,177.02,,,877.74,683.17,1.67,33.00,53.00,1.26,42974284,2026-09-23T02:59:31Z
C_hit,orig,2f_top100,async_win,128,4,0,0.00,100.00,554.60,328.89,194.07,70.18,64.63,28.00,883.49,624.78,1.63,33.00,53.00,1.26,42974144,2026-09-23T02:59:31Z
C_hit,orig,2f_top100,async_bulk,128,4,0,0.00,100.00,519.57,328.12,194.24,69.10,64.78,28.00,847.69,588.67,1.63,33.00,53.00,1.26,42974568,2026-09-23T02:59:31Z
C_hit,orig,2f_top500,pread,128,4,0,0.00,100.00,173.25,3397.59,197.20,3200.39,,,3570.84,3373.64,1.54,9.00,61.00,1.26,42975416,2026-09-23T02:59:31Z
C_hit,orig,2f_top500,async,128,4,0,0.00,43.00,175.45,829.46,193.34,636.12,,,1004.91,811.57,1.57,10.00,61.00,1.26,42974720,2026-09-23T02:59:32Z
C_hit,orig,2f_top500,async_win,128,4,0,0.00,31.40,176.60,629.08,195.92,341.58,91.58,138.00,805.68,518.18,1.56,10.00,61.00,1.26,42974636,2026-09-23T02:59:32Z
C_hit,orig,2f_top500,async_bulk,128,4,0,0.00,29.20,177.16,621.47,195.21,334.84,91.42,138.00,798.63,512.00,1.56,10.00,61.00,1.26,42975700,2026-09-23T02:59:32Z
C_hit,orig,2f_slru,pread,128,4,0,0.00,100.00,86.37,4893.59,192.66,4700.93,,,4979.96,4787.30,1.53,0.00,62.00,1.26,42976040,2026-09-23T02:59:32Z
C_hit,orig,2f_slru,async,128,4,0,0.00,100.00,89.64,1569.29,194.87,1374.42,,,1658.93,1464.06,1.56,0.00,62.00,1.26,42978048,2026-09-23T02:59:33Z
C_hit,orig,2f_slru,async_win,128,4,0,0.00,100.00,90.90,760.62,193.32,405.03,162.26,29.00,851.52,495.93,1.54,0.00,62.00,1.26,42978444,2026-09-23T02:59:33Z
C_hit,orig,2f_slru,async_bulk,128,4,0,0.00,7.00,459.99,402.60,194.09,44.80,163.70,2.00,862.59,504.79,1.65,37.00,50.00,1.24,42977816,2026-09-23T02:59:33Z
C_hit,orig,leaf_freq_K10,pread,128,4,0,0.00,100.00,684.96,779.32,191.69,587.62,,,1464.28,1272.58,1.67,36.00,54.00,1.24,42977372,2026-09-23T02:59:33Z
C_hit,orig,leaf_freq_K10,async,128,4,0,0.00,100.00,597.95,264.98,192.36,72.62,,,862.93,670.57,1.65,38.00,51.00,1.24,42978276,2026-09-23T02:59:34Z
C_hit,orig,leaf_freq_K10,async_win,128,4,0,0.00,100.00,565.34,273.29,203.01,10.41,59.87,3.00,838.63,575.75,1.65,38.00,51.00,1.24,42978744,2026-09-23T02:59:34Z
C_hit,orig,leaf_freq_K10,async_bulk,128,4,0,0.00,100.00,562.11,263.37,192.09,10.55,60.72,3.00,825.48,572.66,1.67,38.00,51.00,1.24,42978832,2026-09-23T02:59:34Z
C_hit,orig,leaf_rand_K10,pread,128,4,0,0.00,100.00,566.36,1060.89,195.51,865.39,,,1627.25,1431.75,1.65,38.00,51.00,1.24,42977920,2026-09-23T02:59:35Z
C_hit,orig,leaf_rand_K10,async,128,4,0,0.00,100.00,562.63,265.69,192.46,73.23,,,828.32,635.86,1.65,38.00,51.00,1.24,42978200,2026-09-23T02:59:35Z
C_hit,orig,leaf_rand_K10,async_win,128,4,0,0.00,100.00,569.07,272.50,194.38,17.31,60.81,10.00,841.57,586.38,1.67,38.00,51.00,1.24,42978340,2026-09-23T02:59:35Z
C_hit,orig,leaf_rand_K10,async_bulk,128,4,0,0.00,100.00,567.28,266.56,192.87,14.39,59.30,10.00,833.84,581.67,1.64,38.00,51.00,1.24,42978684,2026-09-23T02:59:35Z
C_hit,orig,learned_markov_14,pread,128,4,0,0.00,100.00,551.05,1078.94,191.89,887.05,,,1629.99,1438.10,1.65,37.00,52.00,1.24,42978368,2026-09-23T02:59:36Z
C_hit,orig,learned_markov_14,async,128,4,0,0.00,100.00,562.46,269.49,191.46,78.03,,,831.95,640.49,1.65,39.00,53.00,1.24,42978896,2026-09-23T02:59:36Z
C_hit,orig,learned_markov_14,async_win,128,4,0,0.00,100.00,554.40,270.88,194.81,15.28,60.79,6.00,825.28,569.68,1.68,39.00,53.00,1.24,42979108,2026-09-23T02:59:36Z
C_hit,orig,learned_markov_14,async_bulk,128,4,0,0.00,100.00,557.11,271.13,194.38,15.44,61.31,6.00,828.24,572.55,1.64,39.00,53.00,1.24,42979236,2026-09-23T02:59:36Z
C_hit,orig,learned_markov_28,pread,128,4,0,0.00,100.00,501.57,1068.54,193.42,875.12,,,1570.11,1376.69,1.64,36.00,53.00,1.24,42979900,2026-09-23T02:59:37Z
C_hit,orig,learned_markov_28,async,128,4,0,0.00,100.00,551.37,287.59,192.96,94.63,,,838.96,646.00,1.63,38.00,51.00,1.24,42979796,2026-09-23T02:59:37Z
C_hit,orig,learned_markov_28,async_win,128,4,0,0.00,100.00,501.53,270.68,186.55,22.98,61.15,8.00,772.21,524.51,1.65,38.00,51.00,1.24,42979432,2026-09-23T02:59:37Z
C_hit,orig,learned_markov_28,async_bulk,128,4,0,0.00,100.00,503.01,278.60,193.05,24.88,60.67,8.00,781.61,527.89,1.64,38.00,51.00,1.24,42978868,2026-09-23T02:59:37Z
A,orig,baseline,baseline,128,5,0,0.00,0.00,1008.66,0.00,0.00,0.00,,,1008.66,1008.66,2.12,189.00,265.00,1.24,42978928,2026-09-23T02:59:38Z
B,orig,baseline,baseline,128,5,0,0.00,0.00,911.32,0.00,0.00,0.00,,,911.32,911.32,2.15,187.00,260.00,1.24,42979660,2026-09-23T02:59:38Z
C,orig,baseline,baseline,128,5,0,0.00,0.00,878.84,0.00,0.00,0.00,,,878.84,878.84,1.57,20.00,27.00,1.22,42979796,2026-09-23T02:59:38Z
C_hit,orig,baseline,baseline,128,5,0,0.00,0.00,606.69,0.00,0.00,0.00,,,606.69,606.69,1.66,38.00,51.00,1.22,42980268,2026-09-23T02:59:39Z
A,orig,layers_5,pread,128,5,0,0.00,100.00,1000.44,671.35,225.84,445.52,,,1671.79,1445.96,2.14,188.00,268.00,1.22,42980332,2026-09-23T02:59:39Z
A,orig,layers_5,async,128,5,0,0.00,100.00,988.74,298.19,226.95,71.24,,,1286.93,1059.98,2.10,189.00,268.00,1.22,42980524,2026-09-23T02:59:39Z
A,orig,layers_5,async_win,128,5,0,0.00,100.00,863.34,292.05,223.60,7.44,61.01,2.00,1155.39,870.78,2.11,189.00,268.00,1.22,42968928,2026-09-23T02:59:39Z
A,orig,layers_5,async_bulk,128,5,0,0.00,100.00,996.26,292.25,223.19,7.54,61.52,2.00,1288.51,1003.80,2.15,189.00,268.00,1.22,42969816,2026-09-23T02:59:40Z
A,orig,layers_92,pread,128,5,0,0.00,100.00,614.09,8265.45,224.46,8040.99,,,8879.54,8655.08,2.11,188.00,273.00,1.22,42970444,2026-09-23T02:59:40Z
A,orig,layers_92,async,128,5,0,0.00,100.00,597.27,420.82,224.68,196.14,,,1018.09,793.41,2.12,189.00,272.00,1.22,42972956,2026-09-23T02:59:40Z
A,orig,layers_92,async_win,128,5,0,0.00,100.00,596.11,419.19,226.85,126.62,65.72,87.00,1015.30,722.73,2.11,189.00,272.00,1.22,42972432,2026-09-23T02:59:41Z
A,orig,layers_92,async_bulk,128,5,0,0.00,100.00,593.88,401.35,224.87,110.27,66.21,87.00,995.23,704.15,2.12,189.00,272.00,1.22,42972716,2026-09-23T02:59:41Z
A,orig,2d,pread,128,5,0,0.00,100.00,591.71,1934.41,223.28,1711.13,,,2526.12,2302.84,2.12,188.00,273.00,1.22,42973780,2026-09-23T02:59:41Z
A,orig,2d,async,128,5,0,0.00,100.00,592.98,312.88,225.66,87.21,,,905.86,680.19,2.12,189.00,272.00,1.22,42973532,2026-09-23T02:59:42Z
A,orig,2d,async_win,128,5,0,0.00,100.00,589.97,310.82,227.66,21.26,61.91,13.00,900.79,611.23,2.12,189.00,272.00,1.22,42973360,2026-09-23T02:59:42Z
A,orig,2d,async_bulk,128,5,0,0.00,100.00,589.24,319.41,231.96,25.19,62.27,13.00,908.65,614.43,2.10,189.00,272.00,1.22,42974084,2026-09-23T02:59:42Z
A,orig,2e_K10,pread,128,5,0,0.00,100.00,522.55,2829.41,222.61,2606.80,,,3351.96,3129.35,2.06,189.00,284.00,1.22,42974400,2026-09-23T02:59:43Z
A,orig,2e_K10,async,128,5,0,0.00,100.00,591.42,324.97,226.43,98.55,,,916.39,689.97,2.10,190.00,283.00,1.22,42974984,2026-09-23T02:59:43Z
A,orig,2e_K10,async_win,128,5,0,0.00,100.00,525.87,321.38,224.53,34.21,62.64,23.00,847.25,560.08,2.12,190.00,283.00,1.20,42975140,2026-09-23T02:59:43Z
A,orig,2e_K10,async_bulk,128,5,0,0.00,100.00,586.28,321.08,224.41,34.80,61.88,23.00,907.36,621.08,2.10,190.00,283.00,1.20,42975332,2026-09-23T02:59:44Z
A,orig,2e_K500,pread,128,5,0,0.00,100.00,176.06,19498.99,228.61,19270.38,,,19675.05,19446.44,1.69,53.00,320.00,1.20,42976280,2026-09-23T02:59:44Z
A,orig,2e_K500,async,128,5,0,0.00,100.00,633.35,1130.00,243.90,886.11,,,1763.35,1519.46,2.09,194.00,396.00,1.20,42992112,2026-09-23T02:59:44Z
A,orig,2e_K500,async_win,128,5,0,0.00,100.00,566.25,1060.00,222.90,708.04,129.06,471.00,1626.25,1274.29,2.08,194.00,397.00,1.20,42991884,2026-09-23T02:59:44Z
A,orig,2e_K500,async_bulk,128,5,0,0.00,100.00,637.12,1040.93,225.04,686.28,129.60,471.00,1678.05,1323.40,2.09,194.00,395.00,1.20,42992444,2026-09-23T02:59:45Z
A,orig,2f_top14,pread,128,5,0,0.00,100.00,598.23,1441.06,223.82,1217.24,,,2039.29,1815.47,2.13,191.00,271.00,1.20,42992372,2026-09-23T02:59:45Z
A,orig,2f_top14,async,128,5,0,0.00,100.00,592.32,308.93,225.91,83.02,,,901.25,675.34,2.16,191.00,271.00,1.20,42987992,2026-09-23T02:59:45Z
A,orig,2f_top14,async_win,128,5,0,0.00,100.00,592.24,307.83,226.35,19.26,62.22,13.00,900.07,611.50,2.14,191.00,271.00,1.20,42993800,2026-09-23T02:59:46Z
A,orig,2f_top14,async_bulk,128,5,0,0.00,100.00,593.16,323.10,241.62,19.40,62.08,13.00,916.26,612.56,2.09,191.00,271.00,1.20,42994308,2026-09-23T02:59:46Z
A,orig,2f_top28,pread,128,5,0,0.00,100.00,592.85,2661.45,228.40,2433.05,,,3254.30,3025.90,2.12,191.00,290.00,1.20,42995160,2026-09-23T02:59:46Z
A,orig,2f_top28,async,128,5,0,0.00,100.00,594.51,323.96,225.40,98.56,,,918.47,693.07,2.13,191.00,290.00,1.20,42995816,2026-09-23T02:59:47Z
A,orig,2f_top28,async_win,128,5,0,0.00,100.00,588.47,321.89,225.53,33.53,62.83,27.00,910.36,622.00,2.12,191.00,290.00,1.20,42996540,2026-09-23T02:59:47Z
A,orig,2f_top28,async_bulk,128,5,0,0.00,100.00,598.75,324.37,227.05,34.55,62.77,27.00,923.12,633.30,2.14,191.00,290.00,1.20,42996812,2026-09-23T02:59:47Z
A,orig,2f_top100,pread,128,5,0,0.00,100.00,595.63,8856.03,225.04,8630.99,,,9451.66,9226.62,2.11,186.00,315.00,1.20,42996636,2026-09-23T02:59:48Z
A,orig,2f_top100,async,128,5,0,0.00,93.00,592.50,425.43,225.99,199.44,,,1017.93,791.94,2.13,191.00,311.00,1.20,42996984,2026-09-23T02:59:48Z
A,orig,2f_top100,async_win,128,5,0,0.00,100.00,594.17,410.07,226.35,117.60,66.11,98.00,1004.24,711.77,2.14,191.00,311.00,1.18,42997056,2026-09-23T02:59:48Z
A,orig,2f_top100,async_bulk,128,5,0,0.00,100.00,592.48,416.45,225.99,123.35,67.12,98.00,1008.93,715.83,2.12,191.00,312.00,1.18,42998436,2026-09-23T02:59:49Z
A,orig,2f_top500,pread,128,5,0,0.00,100.00,184.22,18815.04,220.81,18594.24,,,18999.26,18778.46,1.68,54.00,321.00,1.18,42998464,2026-09-23T02:59:49Z
A,orig,2f_top500,async,128,5,0,0.00,100.00,636.96,1039.53,225.08,814.45,,,1676.49,1451.41,2.08,193.00,395.00,1.18,42999288,2026-09-23T02:59:49Z
A,orig,2f_top500,async_win,128,5,0,0.00,100.00,643.36,989.70,226.95,671.56,91.19,460.00,1633.06,1314.92,2.08,193.00,398.00,1.18,42988120,2026-09-23T02:59:49Z
A,orig,2f_top500,async_bulk,128,5,0,0.00,100.00,638.19,1039.48,225.54,715.23,98.72,460.00,1677.67,1353.42,2.09,193.00,397.00,1.18,42980872,2026-09-23T02:59:50Z
A,orig,2f_slru,pread,128,5,0,0.00,100.00,96.87,18912.73,227.04,18685.69,,,19009.60,18782.56,1.53,0.00,278.00,1.18,42982112,2026-09-23T02:59:50Z
A,orig,2f_slru,async,128,5,0,0.00,100.00,97.58,7359.77,224.51,7135.26,,,7457.35,7232.84,1.53,0.00,278.00,1.18,42981128,2026-09-23T02:59:50Z
A,orig,2f_slru,async_win,128,5,0,0.00,73.20,96.51,2518.18,224.56,1901.99,391.63,138.00,2614.69,1998.50,1.54,0.00,278.00,1.18,42985108,2026-09-23T02:59:51Z
A,orig,2f_slru,async_bulk,128,5,0,0.00,1.40,844.82,698.20,225.37,79.65,393.18,2.00,1543.02,924.47,2.10,188.00,263.00,1.18,42985268,2026-09-23T02:59:51Z
A,orig,leaf_freq_K10,pread,128,5,0,0.00,100.00,875.94,1145.70,223.13,922.57,,,2021.64,1798.51,2.09,188.00,278.00,1.18,42979316,2026-09-23T02:59:51Z
A,orig,leaf_freq_K10,async,128,5,0,0.00,100.00,1002.47,299.48,224.25,75.23,,,1301.95,1077.70,2.10,188.00,278.00,1.18,42967268,2026-09-23T02:59:51Z
A,orig,leaf_freq_K10,async_win,128,5,0,0.00,100.00,1007.20,302.75,226.41,15.08,61.27,10.00,1309.95,1022.28,2.11,188.00,278.00,1.18,42968420,2026-09-23T02:59:52Z
A,orig,leaf_freq_K10,async_bulk,128,5,0,0.00,100.00,1004.10,297.50,221.65,14.87,60.98,10.00,1301.60,1018.97,2.11,188.00,278.00,1.18,42968456,2026-09-23T02:59:52Z
A,orig,leaf_rand_K10,pread,128,5,0,0.00,100.00,1005.86,1146.86,223.92,922.93,,,2152.72,1928.79,2.12,189.00,266.00,1.18,42968700,2026-09-23T02:59:52Z
A,orig,leaf_rand_K10,async,128,5,0,0.00,100.00,1008.04,301.94,226.41,75.53,,,1309.98,1083.57,2.15,189.00,266.00,1.18,42968796,2026-09-23T02:59:53Z
A,orig,leaf_rand_K10,async_win,128,5,0,0.00,100.00,939.79,300.36,222.59,17.20,60.56,10.00,1240.15,956.99,2.10,189.00,266.00,1.18,42968904,2026-09-23T02:59:53Z
A,orig,leaf_rand_K10,async_bulk,128,5,0,0.00,100.00,999.65,304.21,224.65,18.01,61.55,10.00,1303.86,1017.66,2.12,189.00,266.00,1.17,42968160,2026-09-23T02:59:53Z
A,orig,learned_markov_14,pread,128,5,0,0.00,100.00,590.79,1443.40,225.05,1218.35,,,2034.19,1809.14,2.12,189.00,273.00,1.17,42970012,2026-09-23T02:59:54Z
A,orig,learned_markov_14,async,128,5,0,0.00,100.00,591.17,306.90,224.44,82.45,,,898.07,673.62,2.14,189.00,273.00,1.17,42970348,2026-09-23T02:59:54Z
A,orig,learned_markov_14,async_win,128,5,0,0.00,100.00,594.78,316.91,234.33,20.25,62.33,13.00,911.69,615.03,2.12,189.00,273.00,1.17,42972928,2026-09-23T02:59:54Z
A,orig,learned_markov_14,async_bulk,128,5,0,0.00,100.00,524.54,304.10,224.54,17.85,61.71,13.00,828.64,542.39,2.09,189.00,273.00,1.17,42973196,2026-09-23T02:59:55Z
A,orig,learned_markov_28,pread,128,5,0,0.00,100.00,590.25,2736.84,226.76,2510.08,,,3327.09,3100.33,2.14,189.00,276.00,1.17,42975212,2026-09-23T02:59:55Z
A,orig,learned_markov_28,async,128,5,0,0.00,100.00,1452.16,1810.17,1251.38,558.79,,,3262.33,2010.95,2.83,189.00,275.00,1.17,42978388,2026-09-23T02:59:55Z
A,orig,learned_markov_28,async_win,128,5,0,0.00,21.40,1777.99,924.99,548.88,30.70,345.41,26.00,2702.98,1808.69,2.84,189.00,275.00,1.17,42979128,2026-09-23T02:59:56Z
A,orig,learned_markov_28,async_bulk,128,5,0,0.00,100.00,588.03,320.43,224.59,33.54,62.30,26.00,908.46,621.57,2.11,189.00,275.00,1.17,42980044,2026-09-23T02:59:56Z
B,orig,layers_5,pread,128,5,0,0.00,100.00,933.80,680.45,225.33,455.12,,,1614.25,1388.92,2.17,186.00,260.00,1.17,42981688,2026-09-23T02:59:56Z
B,orig,layers_5,async,128,5,0,0.00,100.00,870.20,302.48,233.95,68.53,,,1172.68,938.73,2.18,187.00,260.00,1.17,42977400,2026-09-23T02:59:57Z
B,orig,layers_5,async_win,128,5,0,0.00,100.00,872.26,293.32,224.50,7.88,60.94,2.00,1165.58,880.14,2.15,187.00,260.00,1.17,42977400,2026-09-23T02:59:57Z
B,orig,layers_5,async_bulk,128,5,0,0.00,100.00,937.35,296.90,225.08,8.32,63.49,2.00,1234.25,945.67,2.19,187.00,260.00,1.17,42979504,2026-09-23T02:59:57Z
B,orig,layers_92,pread,128,5,0,0.00,100.00,545.99,8361.78,225.24,8136.54,,,8907.77,8682.53,2.17,186.00,267.00,1.17,42979544,2026-09-23T02:59:58Z
B,orig,layers_92,async,128,5,0,0.00,100.00,524.71,420.37,224.50,195.87,,,945.08,720.58,2.16,187.00,266.00,1.17,42980320,2026-09-23T02:59:58Z
B,orig,layers_92,async_win,128,5,0,0.00,100.00,523.40,410.50,225.84,118.78,65.87,87.00,933.90,642.18,2.19,187.00,266.00,1.15,42980784,2026-09-23T02:59:58Z
B,orig,layers_92,async_bulk,128,5,0,0.00,100.00,528.09,405.46,226.64,113.54,65.28,87.00,933.55,641.63,2.17,187.00,266.00,1.15,42980136,2026-09-23T02:59:58Z
B,orig,2d,pread,128,5,0,0.00,100.00,527.62,1909.61,226.84,1682.77,,,2437.23,2210.39,2.17,186.00,267.00,1.15,42981472,2026-09-23T02:59:59Z
B,orig,2d,async,128,5,0,0.00,100.00,455.97,308.87,222.38,86.49,,,764.84,542.46,2.14,187.00,266.00,1.15,42981748,2026-09-23T02:59:59Z
B,orig,2d,async_win,128,5,0,0.00,100.00,521.98,309.75,225.19,23.18,61.38,13.00,831.73,545.16,2.13,187.00,266.00,1.15,42982784,2026-09-23T02:59:59Z
B,orig,2d,async_bulk,128,5,0,0.00,100.00,523.21,310.17,225.12,23.01,62.04,13.00,833.38,546.22,2.18,187.00,266.00,1.15,42982440,2026-09-23T03:00:00Z
B,orig,2e_K10,pread,128,5,0,0.00,100.00,524.50,2759.36,184.50,2574.86,,,3283.86,3099.36,2.17,187.00,267.00,1.15,42981764,2026-09-23T03:00:00Z
B,orig,2e_K10,async,128,5,0,0.00,100.00,523.34,284.95,184.83,100.13,,,808.29,623.47,2.19,188.00,267.00,1.15,42984400,2026-09-23T03:00:00Z
B,orig,2e_K10,async_win,128,5,0,0.00,100.00,525.68,291.99,192.92,35.60,63.47,23.00,817.67,561.28,2.19,188.00,267.00,1.15,42984900,2026-09-23T03:00:01Z
B,orig,2e_K10,async_bulk,128,5,0,0.00,100.00,461.25,279.40,182.87,33.95,62.58,23.00,740.65,495.20,2.15,188.00,267.00,1.15,42984968,2026-09-23T03:00:01Z
B,orig,2e_K500,pread,128,5,0,0.00,100.00,179.79,19127.14,182.90,18944.24,,,19306.93,19124.03,1.80,73.00,313.00,1.15,42985932,2026-09-23T03:00:01Z
B,orig,2e_K500,async,128,5,0,0.00,100.00,179.60,1032.29,186.01,846.28,,,1211.89,1025.88,2.15,187.00,317.00,1.15,42961272,2026-09-23T03:00:02Z
B,orig,2e_K500,async_win,128,5,0,0.00,100.00,183.49,956.27,183.75,681.22,91.29,461.00,1139.76,864.71,2.16,187.00,314.00,1.15,42957012,2026-09-23T03:00:02Z
B,orig,2e_K500,async_bulk,128,5,0,0.00,100.00,187.05,960.83,183.07,687.56,90.19,461.00,1147.88,874.61,2.14,187.00,315.00,1.15,42961304,2026-09-23T03:00:02Z
B,orig,2f_top14,pread,128,5,0,0.00,100.00,528.10,1441.27,185.11,1256.16,,,1969.37,1784.26,2.20,188.00,265.00,1.15,42969344,2026-09-23T03:00:03Z
B,orig,2f_top14,async,128,5,0,0.00,100.00,523.84,266.42,184.15,82.28,,,790.26,606.12,2.17,188.00,266.00,1.15,42969892,2026-09-23T03:00:03Z
B,orig,2f_top14,async_win,128,5,0,0.00,100.00,530.08,266.07,184.62,19.38,62.08,13.00,796.15,549.46,2.18,188.00,266.00,1.14,42968868,2026-09-23T03:00:03Z
B,orig,2f_top14,async_bulk,128,5,0,0.00,100.00,527.75,266.93,183.81,20.19,62.94,13.00,794.68,547.94,2.18,188.00,266.00,1.14,42969984,2026-09-23T03:00:04Z
B,orig,2f_top28,pread,128,5,0,0.00,100.00,465.32,2602.45,182.30,2420.15,,,3067.77,2885.47,2.13,188.00,267.00,1.14,42970240,2026-09-23T03:00:04Z
B,orig,2f_top28,async,128,5,0,0.00,100.00,461.98,284.02,181.82,102.20,,,746.00,564.18,2.14,188.00,268.00,1.14,42970520,2026-09-23T03:00:04Z
B,orig,2f_top28,async_win,128,5,0,0.00,100.00,523.28,282.04,182.86,36.65,62.53,27.00,805.32,559.93,2.18,188.00,268.00,1.14,42969868,2026-09-23T03:00:04Z
B,orig,2f_top28,async_bulk,128,5,0,0.00,100.00,527.18,285.60,184.64,37.96,63.00,27.00,812.78,565.14,2.19,188.00,268.00,1.14,42996108,2026-09-23T03:00:05Z
B,orig,2f_top100,pread,128,5,0,0.00,100.00,529.75,8918.24,181.91,8736.32,,,9447.99,9266.07,2.18,187.00,272.00,1.14,42995960,2026-09-23T03:00:05Z
B,orig,2f_top100,async,128,5,0,0.00,100.00,531.59,377.98,182.22,195.76,,,909.57,727.35,2.16,187.00,272.00,1.14,42996908,2026-09-23T03:00:05Z
B,orig,2f_top100,async_win,128,5,0,0.00,100.00,460.62,370.67,184.10,120.65,65.92,97.00,831.29,581.27,2.12,187.00,271.00,1.14,42997624,2026-09-23T03:00:06Z
B,orig,2f_top100,async_bulk,128,5,0,0.00,100.00,460.98,362.01,181.75,114.31,65.95,97.00,822.99,575.29,2.13,187.00,272.00,1.14,42996912,2026-09-23T03:00:06Z
B,orig,2f_top500,pread,128,5,0,0.00,100.00,179.24,18522.91,183.17,18339.74,,,18702.15,18518.98,1.79,74.00,315.00,1.14,42998960,2026-09-23T03:00:06Z
B,orig,2f_top500,async,128,5,0,0.00,100.00,181.23,979.74,182.52,797.22,,,1160.97,978.45,2.14,187.00,314.00,1.14,42999272,2026-09-23T03:00:07Z
B,orig,2f_top500,async_win,128,5,0,0.00,100.00,183.21,923.52,183.97,648.85,90.69,448.00,1106.73,832.06,2.14,187.00,312.00,1.14,42999636,2026-09-23T03:00:07Z
B,orig,2f_top500,async_bulk,128,5,0,0.00,100.00,181.63,931.27,184.91,655.80,90.56,448.00,1112.90,837.43,2.17,187.00,313.00,1.14,42988236,2026-09-23T03:00:07Z
B,orig,2f_slru,pread,128,5,0,0.00,100.00,95.23,18324.02,181.69,18142.33,,,18419.25,18237.56,1.55,0.00,278.00,1.14,42988948,2026-09-23T03:00:08Z
B,orig,2f_slru,async,128,5,0,0.00,100.00,94.96,7281.65,181.49,7100.16,,,7376.61,7195.12,1.60,0.00,278.00,1.14,42986932,2026-09-23T03:00:08Z
B,orig,2f_slru,async_win,128,5,0,0.00,81.60,95.40,2424.87,182.86,1922.18,319.82,139.00,2520.27,2017.58,1.59,0.00,278.00,1.14,42986924,2026-09-23T03:00:08Z
B,orig,2f_slru,async_bulk,128,5,0,0.00,2.20,846.43,598.11,183.11,94.53,320.47,3.00,1444.54,940.96,2.15,184.00,259.00,1.13,42989980,2026-09-23T03:00:08Z
B,orig,leaf_freq_K10,pread,128,5,0,0.00,100.00,915.16,1112.73,184.07,928.67,,,2027.89,1843.83,2.20,187.00,260.00,1.13,42990416,2026-09-23T03:00:09Z
B,orig,leaf_freq_K10,async,128,5,0,0.00,100.00,915.87,260.95,186.40,74.55,,,1176.82,990.42,2.16,187.00,260.00,1.13,42990952,2026-09-23T03:00:09Z
B,orig,leaf_freq_K10,async_win,128,5,0,0.00,100.00,873.73,258.57,183.79,13.85,60.92,10.00,1132.30,887.58,2.13,187.00,260.00,1.13,42991432,2026-09-23T03:00:09Z
B,orig,leaf_freq_K10,async_bulk,128,5,0,0.00,100.00,939.61,265.57,189.45,14.83,61.30,10.00,1205.18,954.44,2.19,187.00,260.00,1.13,42992468,2026-09-23T03:00:10Z
B,orig,leaf_rand_K10,pread,128,5,0,0.00,100.00,945.31,1051.71,185.34,866.37,,,1997.02,1811.68,2.20,188.00,261.00,1.13,42982692,2026-09-23T03:00:10Z
B,orig,leaf_rand_K10,async,128,5,0,0.00,100.00,946.75,260.46,184.77,75.69,,,1207.21,1022.44,2.21,188.00,261.00,1.13,42982852,2026-09-23T03:00:10Z
B,orig,leaf_rand_K10,async_win,128,5,0,0.00,100.00,943.79,264.75,183.70,18.54,62.52,10.00,1208.54,962.33,2.17,188.00,261.00,1.13,42983352,2026-09-23T03:00:11Z
B,orig,leaf_rand_K10,async_bulk,128,5,0,0.00,100.00,878.70,264.97,185.14,18.32,61.51,10.00,1143.67,897.02,2.12,188.00,261.00,1.13,42983368,2026-09-23T03:00:11Z
B,orig,learned_markov_14,pread,128,5,0,0.00,100.00,524.95,1433.65,182.53,1251.12,,,1958.60,1776.07,2.18,187.00,265.00,1.13,42983356,2026-09-23T03:00:11Z
B,orig,learned_markov_14,async,128,5,0,0.00,100.00,524.38,273.09,193.18,79.91,,,797.47,604.29,2.17,187.00,265.00,1.13,42983224,2026-09-23T03:00:12Z
B,orig,learned_markov_14,async_win,128,5,0,0.00,100.00,524.51,266.12,183.66,19.38,63.09,13.00,790.63,543.89,2.18,187.00,265.00,1.13,42983884,2026-09-23T03:00:12Z
B,orig,learned_markov_14,async_bulk,128,5,0,0.00,100.00,523.25,262.76,183.00,17.85,61.91,13.00,786.01,541.10,2.13,187.00,265.00,1.13,42983624,2026-09-23T03:00:12Z
B,orig,learned_markov_28,pread,128,5,0,0.00,100.00,526.66,2585.58,183.86,2401.72,,,3112.24,2928.38,2.17,187.00,265.00,1.13,42984616,2026-09-23T03:00:13Z
B,orig,learned_markov_28,async,128,5,0,0.00,100.00,530.29,282.14,184.99,97.15,,,812.43,627.44,2.18,187.00,265.00,1.13,42983860,2026-09-23T03:00:13Z
B,orig,learned_markov_28,async_win,128,5,0,0.00,100.00,527.74,280.17,183.12,34.14,62.90,27.00,807.91,561.88,2.19,187.00,265.00,1.12,42984468,2026-09-23T03:00:13Z
B,orig,learned_markov_28,async_bulk,128,5,0,0.00,100.00,528.89,287.67,185.16,39.99,62.53,27.00,816.56,568.88,2.17,187.00,265.00,1.12,42984764,2026-09-23T03:00:13Z
C,orig,layers_5,pread,128,5,0,0.00,100.00,850.96,621.86,184.75,437.11,,,1472.82,1288.07,1.56,20.00,27.00,1.12,42984864,2026-09-23T03:00:14Z
C,orig,layers_5,async,128,5,0,0.00,100.00,847.74,256.89,184.57,72.33,,,1104.63,920.07,1.57,20.00,27.00,1.12,42985696,2026-09-23T03:00:14Z
C,orig,layers_5,async_win,128,5,0,0.00,100.00,746.44,251.44,182.91,7.53,60.99,2.00,997.88,753.97,1.57,20.00,27.00,1.12,42986572,2026-09-23T03:00:14Z
C,orig,layers_5,async_bulk,128,5,0,0.00,100.00,817.21,252.72,183.12,7.97,61.62,2.00,1069.93,825.18,1.56,20.00,27.00,1.12,42986356,2026-09-23T03:00:14Z
C,orig,layers_92,pread,128,5,0,0.00,100.00,470.09,8065.72,184.01,7881.72,,,8535.81,8351.81,1.57,18.00,30.00,1.12,42986572,2026-09-23T03:00:15Z
C,orig,layers_92,async,128,5,0,0.00,100.00,467.14,376.81,182.10,194.71,,,843.95,661.85,1.55,18.00,30.00,1.12,42988084,2026-09-23T03:00:15Z
C,orig,layers_92,async_win,128,5,0,0.00,100.00,464.81,356.97,181.09,110.53,65.35,87.00,821.78,575.34,1.58,18.00,30.00,1.12,42987036,2026-09-23T03:00:15Z
C,orig,layers_92,async_bulk,128,5,0,0.00,100.00,464.43,364.66,181.31,117.42,65.92,87.00,829.09,581.85,1.56,18.00,30.00,1.12,42987068,2026-09-23T03:00:16Z
C,orig,2d,pread,128,5,0,0.00,100.00,464.22,541.67,181.86,359.81,,,1005.89,824.03,1.59,18.00,30.00,1.12,42987512,2026-09-23T03:00:16Z
C,orig,2d,async,128,5,0,0.00,100.00,434.55,248.56,181.15,67.41,,,683.11,501.96,1.56,18.00,30.00,1.12,42988488,2026-09-23T03:00:16Z
C,orig,2d,async_win,128,5,0,0.00,100.00,435.77,247.53,180.29,6.69,60.54,2.00,683.30,442.46,1.57,18.00,30.00,1.12,42988588,2026-09-23T03:00:16Z
C,orig,2d,async_bulk,128,5,0,0.00,100.00,435.08,248.69,181.61,7.49,59.58,2.00,683.77,442.57,1.56,18.00,30.00,1.12,42988836,2026-09-23T03:00:17Z
C,orig,2e_K10,pread,128,5,0,0.00,100.00,174.30,1398.82,181.53,1217.29,,,1573.12,1391.59,1.56,17.00,33.00,1.12,42989640,2026-09-23T03:00:17Z
C,orig,2e_K10,async,128,5,0,0.00,100.00,172.45,260.72,182.27,78.45,,,433.17,250.90,1.55,17.00,32.00,1.12,42990576,2026-09-23T03:00:17Z
C,orig,2e_K10,async_win,128,5,0,0.00,100.00,171.73,255.68,179.53,15.33,60.82,8.00,427.41,187.06,1.56,17.00,32.00,1.12,42990012,2026-09-23T03:00:17Z
C,orig,2e_K10,async_bulk,128,5,0,0.00,100.00,173.37,257.55,181.70,14.99,60.87,8.00,430.92,188.36,1.56,17.00,32.00,1.12,42990424,2026-09-23T03:00:18Z
C,orig,2e_K500,pread,128,5,0,0.00,100.00,174.01,2489.96,180.20,2309.76,,,2663.97,2483.77,1.53,0.00,37.00,1.12,42990868,2026-09-23T03:00:18Z
C,orig,2e_K500,async,128,5,0,0.00,45.90,172.90,629.09,181.82,447.27,,,801.99,620.17,1.51,0.00,37.00,1.12,42986632,2026-09-23T03:00:18Z
C,orig,2e_K500,async_win,128,5,0,0.00,42.30,174.35,489.63,182.34,225.79,81.49,90.00,663.98,400.14,1.51,0.00,37.00,1.11,42986912,2026-09-23T03:00:18Z
C,orig,2e_K500,async_bulk,128,5,0,0.00,42.30,171.83,498.27,189.00,228.91,80.36,90.00,670.10,400.74,1.51,0.00,37.00,1.11,42988536,2026-09-23T03:00:19Z
C,orig,2f_top14,pread,128,5,0,0.00,100.00,172.40,1211.10,180.49,1030.61,,,1383.50,1203.01,1.56,16.00,34.00,1.11,42988392,2026-09-23T03:00:19Z
C,orig,2f_top14,async,128,5,0,0.00,100.00,173.51,261.88,182.51,79.37,,,435.39,252.88,1.55,17.00,32.00,1.11,42988652,2026-09-23T03:00:19Z
C,orig,2f_top14,async_win,128,5,0,0.00,100.00,174.23,259.30,181.20,16.83,61.27,9.00,433.53,191.06,1.57,17.00,32.00,1.11,42989804,2026-09-23T03:00:19Z
C,orig,2f_top14,async_bulk,128,5,0,0.00,100.00,172.69,261.14,181.35,17.97,61.82,9.00,433.83,190.66,1.57,17.00,32.00,1.11,42988956,2026-09-23T03:00:20Z
C,orig,2f_top28,pread,128,5,0,0.00,100.00,173.12,1226.36,181.21,1045.14,,,1399.48,1218.26,1.57,15.00,33.00,1.11,42988932,2026-09-23T03:00:20Z
C,orig,2f_top28,async,128,5,0,0.00,100.00,172.08,272.99,178.86,94.14,,,445.07,266.22,1.55,16.00,33.00,1.11,42989552,2026-09-23T03:00:20Z
C,orig,2f_top28,async_win,128,5,0,0.00,100.00,173.74,268.93,180.72,26.21,62.00,13.00,442.67,199.95,1.56,16.00,33.00,1.11,42989540,2026-09-23T03:00:20Z
C,orig,2f_top28,async_bulk,128,5,0,0.00,100.00,171.88,269.51,180.80,26.78,61.93,13.00,441.39,198.66,1.57,16.00,33.00,1.11,42989804,2026-09-23T03:00:21Z
C,orig,2f_top100,pread,128,5,0,0.00,100.00,171.97,1304.33,181.05,1123.28,,,1476.30,1295.25,1.54,11.00,33.00,1.11,42990368,2026-09-23T03:00:21Z
C,orig,2f_top100,async,128,5,0,0.00,100.00,169.21,352.32,180.70,171.62,,,521.53,340.83,1.55,14.00,33.00,1.11,42989716,2026-09-23T03:00:21Z
C,orig,2f_top100,async_win,128,5,0,0.00,86.00,174.25,318.30,179.16,73.97,65.17,32.00,492.55,248.22,1.56,14.00,33.00,1.11,42990560,2026-09-23T03:00:21Z
C,orig,2f_top100,async_bulk,128,5,0,0.00,100.00,172.49,316.40,179.63,71.78,64.99,32.00,488.89,244.27,1.56,14.00,33.00,1.11,42990876,2026-09-23T03:00:22Z
C,orig,2f_top500,pread,128,5,0,0.00,100.00,87.58,2881.06,180.14,2700.92,,,2968.64,2788.50,1.50,0.00,37.00,1.11,42991388,2026-09-23T03:00:22Z
C,orig,2f_top500,async,128,5,0,0.00,100.00,87.61,894.18,180.56,713.62,,,981.79,801.23,1.50,0.00,37.00,1.11,42992440,2026-09-23T03:00:22Z
C,orig,2f_top500,async_win,128,5,0,0.00,100.00,87.48,495.83,180.82,223.67,91.34,15.00,583.31,311.15,1.51,0.00,37.00,1.11,42992728,2026-09-23T03:00:22Z
C,orig,2f_top500,async_bulk,128,5,0,0.00,13.40,756.74,306.78,179.11,37.57,90.10,2.00,1063.52,794.31,1.55,19.00,29.00,1.11,42991812,2026-09-23T03:00:23Z
C,orig,2f_slru,pread,128,5,0,0.00,100.00,85.78,2939.74,180.59,2759.15,,,3025.52,2844.93,1.51,0.00,37.00,1.11,42992152,2026-09-23T03:00:23Z
C,orig,2f_slru,async,128,5,0,0.00,100.00,85.74,892.54,179.60,712.94,,,978.28,798.68,1.50,0.00,37.00,1.11,42988888,2026-09-23T03:00:23Z
C,orig,2f_slru,async_win,128,5,0,0.00,100.00,85.44,520.91,179.64,249.91,91.36,15.00,606.35,335.35,1.50,0.00,37.00,1.18,42978532,2026-09-23T03:00:23Z
C,orig,2f_slru,async_bulk,128,5,0,0.00,13.40,754.92,312.26,181.43,39.56,91.26,2.00,1067.18,794.48,1.56,19.00,29.00,1.18,42980744,2026-09-23T03:00:24Z
C,orig,leaf_freq_K10,pread,128,5,0,0.00,100.00,669.08,884.06,182.89,701.17,,,1553.14,1370.25,1.57,19.00,30.00,1.18,42981152,2026-09-23T03:00:24Z
C,orig,leaf_freq_K10,async,128,5,0,0.00,100.00,620.77,258.22,185.33,72.89,,,878.99,693.66,1.56,19.00,29.00,1.18,42980732,2026-09-23T03:00:24Z
C,orig,leaf_freq_K10,async_win,128,5,0,0.00,100.00,563.63,252.88,180.58,11.30,61.01,6.00,816.51,574.93,1.56,19.00,29.00,1.18,42980656,2026-09-23T03:00:24Z
C,orig,leaf_freq_K10,async_bulk,128,5,0,0.00,100.00,555.93,252.26,179.77,11.18,61.31,6.00,808.19,567.11,1.56,19.00,29.00,1.18,42981092,2026-09-23T03:00:25Z
C,orig,leaf_rand_K10,pread,128,5,0,0.00,100.00,854.85,1045.85,180.94,864.91,,,1900.70,1719.76,1.58,20.00,27.00,1.18,42982068,2026-09-23T03:00:25Z
C,orig,leaf_rand_K10,async,128,5,0,0.00,100.00,854.44,264.16,189.06,75.10,,,1118.60,929.54,1.61,20.00,27.00,1.18,42998092,2026-09-23T03:00:25Z
C,orig,leaf_rand_K10,async_win,128,5,0,0.00,100.00,856.32,258.74,181.88,15.46,61.40,10.00,1115.06,871.78,1.59,20.00,27.00,1.18,42997396,2026-09-23T03:00:25Z
C,orig,leaf_rand_K10,async_bulk,128,5,0,0.00,100.00,851.87,258.18,182.64,15.33,60.20,10.00,1110.05,867.20,1.56,20.00,27.00,1.18,42996604,2026-09-23T03:00:26Z
C,orig,learned_markov_14,pread,128,5,0,0.00,100.00,172.53,1252.89,180.48,1072.41,,,1425.42,1244.94,1.55,16.00,34.00,1.18,42996364,2026-09-23T03:00:26Z
C,orig,learned_markov_14,async,128,5,0,0.00,100.00,171.69,258.67,181.12,77.55,,,430.36,249.24,1.55,17.00,32.00,1.18,42996708,2026-09-23T03:00:26Z
C,orig,learned_markov_14,async_win,128,5,0,0.00,100.00,178.85,262.08,182.77,17.09,62.22,9.00,440.93,195.94,1.55,17.00,32.00,1.18,42997476,2026-09-23T03:00:26Z
C,orig,learned_markov_14,async_bulk,128,5,0,0.00,100.00,173.60,261.33,181.49,17.45,62.39,9.00,434.93,191.05,1.56,17.00,32.00,1.18,42997792,2026-09-23T03:00:27Z
C,orig,learned_markov_28,pread,128,5,0,0.00,100.00,176.43,1247.10,178.63,1068.47,,,1423.53,1244.90,1.57,15.00,33.00,1.18,42997832,2026-09-23T03:00:27Z
C,orig,learned_markov_28,async,128,5,0,0.00,100.00,171.74,276.55,180.30,96.25,,,448.29,267.99,1.56,16.00,33.00,1.18,42998976,2026-09-23T03:00:27Z
C,orig,learned_markov_28,async_win,128,5,0,0.00,100.00,172.10,267.50,180.85,24.95,61.71,13.00,439.60,197.05,1.56,16.00,33.00,1.18,42999396,2026-09-23T03:00:27Z
C,orig,learned_markov_28,async_bulk,128,5,0,0.00,100.00,184.47,274.79,184.77,27.87,62.15,13.00,459.26,212.34,1.56,16.00,33.00,1.18,42997944,2026-09-23T03:00:28Z
C_hit,orig,layers_5,pread,128,5,0,0.00,100.00,552.85,621.12,181.74,439.38,,,1173.97,992.23,1.64,38.00,51.00,1.18,42998540,2026-09-23T03:00:28Z
C_hit,orig,layers_5,async,128,5,0,0.00,100.00,551.04,250.70,182.76,67.94,,,801.74,618.98,1.67,38.00,51.00,1.17,42999100,2026-09-23T03:00:28Z
C_hit,orig,layers_5,async_win,128,5,0,0.00,100.00,549.08,249.23,180.70,8.04,60.49,2.00,798.31,557.12,1.66,38.00,51.00,1.17,42999468,2026-09-23T03:00:28Z
C_hit,orig,layers_5,async_bulk,128,5,0,0.00,100.00,546.78,246.52,179.09,7.35,60.08,2.00,793.30,554.13,1.65,38.00,51.00,1.17,42999680,2026-09-23T03:00:29Z
C_hit,orig,layers_92,pread,128,5,0,0.00,100.00,550.55,7987.40,177.84,7809.55,,,8537.95,8360.10,1.65,39.00,53.00,1.17,42998528,2026-09-23T03:00:29Z
C_hit,orig,layers_92,async,128,5,0,0.00,100.00,552.11,370.24,181.51,188.72,,,922.35,740.83,1.67,39.00,53.00,1.17,42989896,2026-09-23T03:00:29Z
C_hit,orig,layers_92,async_win,128,5,0,0.00,100.00,554.64,365.67,181.27,118.98,65.41,87.00,920.31,673.62,1.66,39.00,53.00,1.17,42991236,2026-09-23T03:00:30Z
C_hit,orig,layers_92,async_bulk,128,5,0,0.00,100.00,554.64,357.90,180.53,112.02,65.35,87.00,912.54,666.66,1.65,39.00,53.00,1.17,42991716,2026-09-23T03:00:30Z
C_hit,orig,2d,pread,128,5,0,0.00,100.00,558.57,610.47,180.01,430.46,,,1169.04,989.03,1.63,39.00,53.00,1.17,42992468,2026-09-23T03:00:30Z
C_hit,orig,2d,async,128,5,0,0.00,100.00,550.20,250.45,182.47,67.98,,,800.65,618.18,1.64,39.00,53.00,1.17,42993176,2026-09-23T03:00:30Z
C_hit,orig,2d,async_win,128,5,0,0.00,100.00,559.83,250.71,180.59,9.22,60.91,3.00,810.54,569.05,1.66,39.00,53.00,1.17,42983428,2026-09-23T03:00:31Z
C_hit,orig,2d,async_bulk,128,5,0,0.00,100.00,557.71,251.08,181.41,8.85,60.82,3.00,808.79,566.56,1.65,39.00,53.00,1.17,42984432,2026-09-23T03:00:31Z
C_hit,orig,2e_K10,pread,128,5,0,0.00,100.00,492.28,1153.72,179.42,974.30,,,1646.00,1466.58,1.63,37.00,52.00,1.17,42978524,2026-09-23T03:00:31Z
C_hit,orig,2e_K10,async,128,5,0,0.00,100.00,564.10,261.58,182.12,79.46,,,825.68,643.56,1.64,39.00,53.00,1.17,42977332,2026-09-23T03:00:31Z
C_hit,orig,2e_K10,async_win,128,5,0,0.00,100.00,548.40,256.77,180.31,15.17,61.30,6.00,805.17,563.57,1.64,39.00,53.00,1.17,42977164,2026-09-23T03:00:32Z
C_hit,orig,2e_K10,async_bulk,128,5,0,0.00,100.00,555.71,257.75,180.88,15.49,61.38,6.00,813.46,571.20,1.66,39.00,53.00,1.17,42976940,2026-09-23T03:00:32Z
C_hit,orig,2e_K500,pread,128,5,0,0.00,100.00,174.60,3362.51,184.41,3178.11,,,3537.11,3352.71,1.54,9.00,61.00,1.17,42977216,2026-09-23T03:00:32Z
C_hit,orig,2e_K500,async,128,5,0,0.00,45.50,177.36,843.76,182.12,661.63,,,1021.12,838.99,1.56,9.00,61.00,1.17,42976576,2026-09-23T03:00:32Z
C_hit,orig,2e_K500,async_win,128,5,0,0.00,31.70,176.62,610.07,180.86,337.58,91.62,139.00,786.69,514.20,1.55,9.00,61.00,1.17,42977716,2026-09-23T03:00:33Z
C_hit,orig,2e_K500,async_bulk,128,5,0,0.00,32.90,173.87,617.49,181.07,347.80,88.62,139.00,791.36,521.67,1.56,9.00,61.00,1.17,42977064,2026-09-23T03:00:33Z
C_hit,orig,2f_top14,pread,128,5,0,0.00,100.00,497.29,1054.13,181.95,872.18,,,1551.42,1369.47,1.64,37.00,52.00,1.15,42979008,2026-09-23T03:00:33Z
C_hit,orig,2f_top14,async,128,5,0,0.00,100.00,496.43,258.51,181.64,76.86,,,754.94,573.29,1.65,39.00,53.00,1.15,42979452,2026-09-23T03:00:33Z
C_hit,orig,2f_top14,async_win,128,5,0,0.00,100.00,553.92,261.11,184.33,15.44,61.34,6.00,815.03,569.36,1.65,39.00,53.00,1.15,42980428,2026-09-23T03:00:34Z
C_hit,orig,2f_top14,async_bulk,128,5,0,0.00,100.00,551.61,268.65,192.06,15.35,61.24,6.00,820.26,566.96,1.64,39.00,53.00,1.15,42980356,2026-09-23T03:00:34Z
C_hit,orig,2f_top28,pread,128,5,0,0.00,100.00,498.28,1095.98,181.88,914.10,,,1594.26,1412.38,1.64,36.00,53.00,1.15,42981288,2026-09-23T03:00:34Z
C_hit,orig,2f_top28,async,128,5,0,0.00,100.00,555.19,276.11,181.67,94.44,,,831.30,649.63,1.65,38.00,51.00,1.15,42980900,2026-09-23T03:00:34Z
C_hit,orig,2f_top28,async_win,128,5,0,0.00,100.00,502.49,270.61,182.06,28.20,60.34,8.00,773.10,530.69,1.64,38.00,51.00,1.15,42969680,2026-09-23T03:00:35Z
C_hit,orig,2f_top28,async_bulk,128,5,0,0.00,100.00,511.63,265.31,181.01,23.56,60.73,8.00,776.94,535.19,1.67,38.00,51.00,1.15,42972100,2026-09-23T03:00:35Z
C_hit,orig,2f_top100,pread,128,5,0,0.00,100.00,521.33,1367.19,193.46,1173.73,,,1888.52,1695.06,1.62,31.00,54.00,1.15,42973324,2026-09-23T03:00:35Z
C_hit,orig,2f_top100,async,128,5,0,0.00,100.00,519.14,369.96,191.97,177.99,,,889.10,697.13,1.64,33.00,53.00,1.15,42974192,2026-09-23T03:00:36Z
C_hit,orig,2f_top100,async_win,128,5,0,0.00,100.00,555.27,328.66,194.74,68.86,65.06,28.00,883.93,624.13,1.64,33.00,53.00,1.15,42974524,2026-09-23T03:00:36Z
C_hit,orig,2f_top100,async_bulk,128,5,0,0.00,100.00,557.05,329.45,193.70,71.45,64.29,28.00,886.50,628.50,1.63,33.00,53.00,1.15,42973840,2026-09-23T03:00:36Z
C_hit,orig,2f_top500,pread,128,5,0,0.00,100.00,174.59,3272.49,193.56,3078.93,,,3447.08,3253.52,1.54,9.00,61.00,1.15,42976248,2026-09-23T03:00:36Z
C_hit,orig,2f_top500,async,128,5,0,0.00,43.00,174.14,839.41,192.03,647.38,,,1013.55,821.52,1.57,10.00,61.00,1.15,42975116,2026-09-23T03:00:37Z
C_hit,orig,2f_top500,async_win,128,5,0,0.00,31.60,177.40,620.17,192.26,336.61,91.30,138.00,797.57,514.01,1.57,10.00,61.00,1.15,42975740,2026-09-23T03:00:37Z
C_hit,orig,2f_top500,async_bulk,128,5,0,0.00,100.00,176.20,632.80,193.83,350.68,88.29,138.00,809.00,526.88,1.57,10.00,61.00,1.15,42975864,2026-09-23T03:00:37Z
C_hit,orig,2f_slru,pread,128,5,0,0.00,100.00,88.14,4637.25,192.39,4444.86,,,4725.39,4533.00,1.51,0.00,62.00,1.15,42977364,2026-09-23T03:00:37Z
C_hit,orig,2f_slru,async,128,5,0,0.00,100.00,88.30,1544.84,191.89,1352.94,,,1633.14,1441.24,1.55,0.00,62.00,1.15,42977956,2026-09-23T03:00:38Z
C_hit,orig,2f_slru,async_win,128,5,0,0.00,100.00,86.47,771.13,191.75,417.93,161.45,29.00,857.60,504.40,1.52,0.00,62.00,1.15,42979328,2026-09-23T03:00:38Z
C_hit,orig,2f_slru,async_bulk,128,5,0,0.00,7.00,464.93,398.29,191.94,44.45,161.89,2.00,863.22,509.38,1.65,37.00,50.00,1.15,42979132,2026-09-23T03:00:38Z
C_hit,orig,leaf_freq_K10,pread,128,5,0,0.00,100.00,579.78,772.03,191.72,580.31,,,1351.81,1160.09,1.64,36.00,54.00,1.14,42979624,2026-09-23T03:00:38Z
C_hit,orig,leaf_freq_K10,async,128,5,0,0.00,100.00,587.81,264.30,192.21,72.09,,,852.11,659.90,1.67,38.00,51.00,1.14,42979616,2026-09-23T03:00:39Z
C_hit,orig,leaf_freq_K10,async_win,128,5,0,0.00,100.00,567.36,264.01,193.07,11.53,59.40,3.00,831.37,578.89,1.65,38.00,51.00,1.14,42980208,2026-09-23T03:00:39Z
C_hit,orig,leaf_freq_K10,async_bulk,128,5,0,0.00,100.00,565.85,261.92,192.37,10.75,58.80,3.00,827.77,576.60,1.65,38.00,51.00,1.14,42980860,2026-09-23T03:00:39Z
C_hit,orig,leaf_rand_K10,pread,128,5,0,0.00,100.00,592.31,1063.62,193.59,870.03,,,1655.93,1462.34,1.67,38.00,51.00,1.14,42980340,2026-09-23T03:00:39Z
C_hit,orig,leaf_rand_K10,async,128,5,0,0.00,100.00,564.96,267.68,194.67,73.02,,,832.64,637.98,1.64,38.00,51.00,1.14,42981468,2026-09-23T03:00:40Z
C_hit,orig,leaf_rand_K10,async_win,128,5,0,0.00,100.00,564.59,271.57,197.69,14.49,59.39,10.00,836.16,579.08,1.65,38.00,51.00,1.14,42968060,2026-09-23T03:00:40Z
C_hit,orig,leaf_rand_K10,async_bulk,128,5,0,0.00,100.00,568.20,268.61,192.19,16.93,59.48,10.00,836.81,585.13,1.67,38.00,51.00,1.14,42978644,2026-09-23T03:00:40Z
C_hit,orig,learned_markov_14,pread,128,5,0,0.00,100.00,496.65,1067.00,192.14,874.85,,,1563.65,1371.50,1.64,37.00,52.00,1.14,42978580,2026-09-23T03:00:40Z
C_hit,orig,learned_markov_14,async,128,5,0,0.00,100.00,562.95,271.80,194.40,77.41,,,834.75,640.36,1.65,39.00,53.00,1.14,42978876,2026-09-23T03:00:41Z
C_hit,orig,learned_markov_14,async_win,128,5,0,0.00,100.00,548.61,264.29,189.78,15.46,59.05,6.00,812.90,564.07,1.66,39.00,53.00,1.14,42978132,2026-09-23T03:00:41Z
C_hit,orig,learned_markov_14,async_bulk,128,5,0,0.00,100.00,555.92,268.74,192.69,15.73,60.31,6.00,824.66,571.65,1.65,39.00,53.00,1.14,42979400,2026-09-23T03:00:41Z
C_hit,orig,learned_markov_28,pread,128,5,0,0.00,100.00,496.17,1077.02,191.92,885.09,,,1573.19,1381.26,1.64,36.00,53.00,1.14,42978744,2026-09-23T03:00:42Z
C_hit,orig,learned_markov_28,async,128,5,0,0.00,100.00,554.46,286.33,192.15,94.18,,,840.79,648.64,1.65,38.00,51.00,1.14,42979452,2026-09-23T03:00:42Z
C_hit,orig,learned_markov_28,async_win,128,5,0,0.00,100.00,503.00,278.55,194.06,24.05,60.45,8.00,781.55,527.05,1.64,38.00,51.00,1.14,42980144,2026-09-23T03:00:42Z
C_hit,orig,learned_markov_28,async_bulk,128,5,0,0.00,100.00,501.09,273.93,191.47,21.97,60.48,8.00,775.02,523.06,1.67,38.00,51.00,1.14,42980588,2026-09-23T03:00:42Z
A,orig,baseline,baseline,128,6,0,0.00,0.00,1004.71,0.00,0.00,0.00,,,1004.71,1004.71,2.12,189.00,265.00,1.14,42980240,2026-09-23T03:00:43Z
B,orig,baseline,baseline,128,6,0,0.00,0.00,859.08,0.00,0.00,0.00,,,859.08,859.08,2.15,187.00,260.00,1.14,42979964,2026-09-23T03:00:43Z
C,orig,baseline,baseline,128,6,0,0.00,0.00,872.60,0.00,0.00,0.00,,,872.60,872.60,1.57,20.00,27.00,1.13,42981968,2026-09-23T03:00:43Z
C_hit,orig,baseline,baseline,128,6,0,0.00,0.00,584.89,0.00,0.00,0.00,,,584.89,584.89,1.64,38.00,51.00,1.13,42982096,2026-09-23T03:00:43Z
A,orig,layers_5,pread,128,6,0,0.00,100.00,996.52,661.97,226.06,435.91,,,1658.49,1432.43,2.11,188.00,268.00,1.13,42982916,2026-09-23T03:00:44Z
A,orig,layers_5,async,128,6,0,0.00,100.00,991.55,304.82,234.93,69.89,,,1296.37,1061.44,2.12,189.00,268.00,1.13,42982924,2026-09-23T03:00:44Z
A,orig,layers_5,async_win,128,6,0,0.00,100.00,992.23,293.93,225.00,7.32,61.61,2.00,1286.16,999.55,2.11,189.00,268.00,1.13,42983104,2026-09-23T03:00:44Z
A,orig,layers_5,async_bulk,128,6,0,0.00,100.00,996.15,296.62,227.01,7.84,61.77,2.00,1292.77,1003.99,2.13,189.00,268.00,1.13,42983748,2026-09-23T03:00:45Z
A,orig,layers_92,pread,128,6,0,0.00,100.00,590.83,8206.14,226.54,7979.60,,,8796.97,8570.43,2.09,188.00,273.00,1.13,42984716,2026-09-23T03:00:45Z
A,orig,layers_92,async,128,6,0,0.00,100.00,592.40,421.13,226.55,194.59,,,1013.53,786.99,2.10,189.00,272.00,1.13,42971860,2026-09-23T03:00:45Z
A,orig,layers_92,async_win,128,6,0,0.00,100.00,593.42,409.81,225.02,118.30,66.48,87.00,1003.23,711.72,2.08,189.00,272.00,1.13,42984244,2026-09-23T03:00:46Z
A,orig,layers_92,async_bulk,128,6,0,0.00,100.00,592.29,415.78,228.27,121.09,66.42,87.00,1008.07,713.38,2.11,189.00,272.00,1.13,42984752,2026-09-23T03:00:46Z
A,orig,2d,pread,128,6,0,0.00,100.00,587.46,1932.05,222.19,1709.86,,,2519.51,2297.32,2.08,188.00,273.00,1.13,42985624,2026-09-23T03:00:46Z
A,orig,2d,async,128,6,0,0.00,100.00,593.83,313.00,225.77,87.22,,,906.83,681.05,2.12,189.00,272.00,1.13,42986096,2026-09-23T03:00:47Z
A,orig,2d,async_win,128,6,0,0.00,100.00,591.25,310.68,226.16,22.10,62.43,13.00,901.93,613.35,2.11,189.00,272.00,1.13,42987124,2026-09-23T03:00:47Z
A,orig,2d,async_bulk,128,6,0,0.00,100.00,523.76,308.00,222.81,23.16,62.03,13.00,831.76,546.92,2.11,189.00,272.00,1.13,42987100,2026-09-23T03:00:47Z
A,orig,2e_K10,pread,128,6,0,0.00,100.00,588.74,2808.68,224.72,2583.96,,,3397.42,3172.70,2.08,189.00,284.00,1.13,42986116,2026-09-23T03:00:47Z
A,orig,2e_K10,async,128,6,0,0.00,100.00,589.68,324.36,226.75,97.61,,,914.04,687.29,2.12,190.00,283.00,1.13,42986676,2026-09-23T03:00:48Z
A,orig,2e_K10,async_win,128,6,0,0.00,100.00,585.56,318.71,224.19,32.62,61.90,23.00,904.27,618.18,2.07,190.00,283.00,1.13,42986868,2026-09-23T03:00:48Z
A,orig,2e_K10,async_bulk,128,6,0,0.00,100.00,592.67,320.29,225.68,32.63,61.99,23.00,912.96,625.30,2.11,190.00,283.00,1.12,42988376,2026-09-23T03:00:48Z
A,orig,2e_K500,pread,128,6,0,0.00,100.00,182.01,19552.04,226.43,19325.61,,,19734.05,19507.62,1.70,53.00,320.00,1.12,42990204,2026-09-23T03:00:49Z
A,orig,2e_K500,async,128,6,0,0.00,100.00,635.00,1105.58,226.25,879.33,,,1740.58,1514.33,2.09,194.00,397.00,1.12,42989956,2026-09-23T03:00:49Z
A,orig,2e_K500,async_win,128,6,0,0.00,100.00,636.50,1045.90,229.37,687.65,128.87,471.00,1682.40,1324.15,2.10,194.00,395.00,1.12,42991508,2026-09-23T03:00:49Z
A,orig,2e_K500,async_bulk,128,6,0,0.00,100.00,567.49,1032.77,224.28,679.23,129.26,471.00,1600.26,1246.72,2.10,194.00,393.00,1.12,42991176,2026-09-23T03:00:50Z
A,orig,2f_top14,pread,128,6,0,0.00,100.00,591.85,1437.99,225.00,1212.99,,,2029.84,1804.84,2.12,191.00,271.00,1.12,42992184,2026-09-23T03:00:50Z
A,orig,2f_top14,async,128,6,0,0.00,100.00,591.37,304.43,224.63,79.80,,,895.80,671.17,2.14,191.00,271.00,1.12,42993016,2026-09-23T03:00:50Z
A,orig,2f_top14,async_win,128,6,0,0.00,100.00,614.46,305.54,225.22,17.82,62.49,13.00,920.00,632.28,2.15,191.00,271.00,1.12,42993084,2026-09-23T03:00:51Z
A,orig,2f_top14,async_bulk,128,6,0,0.00,100.00,588.75,309.97,226.12,21.72,62.14,13.00,898.72,610.47,2.12,191.00,271.00,1.12,42992164,2026-09-23T03:00:51Z
A,orig,2f_top28,pread,128,6,0,0.00,100.00,588.10,2689.54,225.06,2464.47,,,3277.64,3052.57,2.14,191.00,290.00,1.12,42972056,2026-09-23T03:00:51Z
A,orig,2f_top28,async,128,6,0,0.00,100.00,605.41,322.07,224.34,97.73,,,927.48,703.14,2.12,191.00,290.00,1.12,42972904,2026-09-23T03:00:52Z
A,orig,2f_top28,async_win,128,6,0,0.00,100.00,597.38,324.18,226.80,34.56,62.82,27.00,921.56,631.94,2.16,191.00,290.00,1.12,42973360,2026-09-23T03:00:52Z
A,orig,2f_top28,async_bulk,128,6,0,0.00,100.00,589.98,326.74,227.84,36.00,62.91,27.00,916.72,625.98,2.14,191.00,290.00,1.12,42973456,2026-09-23T03:00:52Z
A,orig,2f_top100,pread,128,6,0,0.00,100.00,521.78,8948.43,246.84,8701.60,,,9470.21,9223.38,2.08,186.00,315.00,1.12,42975116,2026-09-23T03:00:52Z
A,orig,2f_top100,async,128,6,0,0.00,100.00,589.04,416.31,225.67,190.64,,,1005.35,779.68,2.11,191.00,310.00,1.12,42973852,2026-09-23T03:00:53Z
A,orig,2f_top100,async_win,128,6,0,0.00,100.00,593.13,410.92,224.97,119.75,66.20,98.00,1004.05,712.88,2.14,191.00,312.00,1.12,42973856,2026-09-23T03:00:53Z
A,orig,2f_top100,async_bulk,128,6,0,0.00,86.00,587.93,418.88,225.48,127.28,66.11,98.00,1006.81,715.21,2.09,191.00,312.00,1.11,42974124,2026-09-23T03:00:53Z
A,orig,2f_top500,pread,128,6,0,0.00,100.00,182.69,18153.09,224.44,17928.65,,,18335.78,18111.34,1.71,54.00,321.00,1.11,42974884,2026-09-23T03:00:54Z
A,orig,2f_top500,async,128,6,0,0.00,100.00,568.29,1037.63,226.38,811.25,,,1605.92,1379.54,2.08,193.00,396.00,1.11,42974708,2026-09-23T03:00:54Z
A,orig,2f_top500,async_win,128,6,0,0.00,100.00,570.50,994.73,226.98,677.35,90.40,460.00,1565.23,1247.85,2.09,193.00,399.00,1.11,42975608,2026-09-23T03:00:54Z
A,orig,2f_top500,async_bulk,128,6,0,0.00,100.00,568.16,988.23,224.43,674.35,89.45,460.00,1556.39,1242.51,2.09,193.00,400.00,1.11,42975832,2026-09-23T03:00:55Z
A,orig,2f_slru,pread,128,6,0,0.00,100.00,97.05,18534.83,224.68,18310.14,,,18631.88,18407.19,1.57,0.00,278.00,1.11,42976776,2026-09-23T03:00:55Z
A,orig,2f_slru,async,128,6,0,0.00,80.70,350.50,21163.38,244.62,20918.76,,,21513.88,21269.26,1.55,0.00,278.00,1.11,42977572,2026-09-23T03:00:55Z
A,orig,2f_slru,async_win,128,6,0,0.00,58.70,462.47,3876.75,774.54,1989.66,1112.55,138.00,4339.22,2452.13,1.56,0.00,278.00,1.11,42975512,2026-09-23T03:00:55Z
A,orig,2f_slru,async_bulk,128,6,0,0.00,0.70,903.20,1498.24,276.42,80.18,1141.64,2.00,2401.44,983.38,2.12,188.00,263.00,1.11,42977796,2026-09-23T03:00:56Z
A,orig,leaf_freq_K10,pread,128,6,0,0.00,100.00,1006.48,1152.10,225.17,926.92,,,2158.58,1933.40,2.13,188.00,278.00,1.11,42978548,2026-09-23T03:00:56Z
A,orig,leaf_freq_K10,async,128,6,0,0.00,100.00,1018.87,302.50,226.55,75.95,,,1321.37,1094.82,2.15,188.00,278.00,1.11,42967484,2026-09-23T03:00:56Z
A,orig,leaf_freq_K10,async_win,128,6,0,0.00,100.00,869.85,303.15,226.00,15.75,61.40,10.00,1173.00,885.60,2.08,188.00,278.00,1.11,42967880,2026-09-23T03:00:57Z
A,orig,leaf_freq_K10,async_bulk,128,6,0,0.00,100.00,1003.30,302.79,225.35,17.14,60.29,10.00,1306.09,1020.44,2.11,188.00,278.00,1.11,42967916,2026-09-23T03:00:57Z
A,orig,leaf_rand_K10,pread,128,6,0,0.00,100.00,1004.50,1148.91,225.00,923.91,,,2153.41,1928.41,2.12,189.00,266.00,1.11,42968716,2026-09-23T03:00:57Z
A,orig,leaf_rand_K10,async,128,6,0,0.00,100.00,1009.46,312.85,236.25,76.59,,,1322.31,1086.05,2.14,189.00,266.00,1.11,42968664,2026-09-23T03:00:58Z
A,orig,leaf_rand_K10,async_win,128,6,0,0.00,100.00,874.15,301.94,225.30,15.87,60.77,10.00,1176.09,890.02,2.08,189.00,266.00,1.11,42969148,2026-09-23T03:00:58Z
A,orig,leaf_rand_K10,async_bulk,128,6,0,0.00,100.00,1008.70,300.76,225.03,15.18,60.55,10.00,1309.46,1023.88,2.11,189.00,266.00,1.10,42970760,2026-09-23T03:00:58Z
A,orig,learned_markov_14,pread,128,6,0,0.00,100.00,590.74,1477.92,225.42,1252.49,,,2068.66,1843.23,2.12,189.00,273.00,1.10,42968728,2026-09-23T03:00:59Z
A,orig,learned_markov_14,async,128,6,0,0.00,100.00,594.69,310.79,229.10,81.69,,,905.48,676.38,2.13,189.00,273.00,1.10,42969192,2026-09-23T03:00:59Z
A,orig,learned_markov_14,async_win,128,6,0,0.00,100.00,595.35,309.48,226.77,21.74,60.97,13.00,904.83,617.09,2.13,189.00,273.00,1.10,42970336,2026-09-23T03:00:59Z
A,orig,learned_markov_14,async_bulk,128,6,0,0.00,100.00,594.17,310.45,226.88,21.60,61.98,13.00,904.62,615.77,2.13,189.00,273.00,1.10,42971788,2026-09-23T03:00:59Z
A,orig,learned_markov_28,pread,128,6,0,0.00,100.00,589.71,2739.27,225.43,2513.84,,,3328.98,3103.55,2.10,189.00,276.00,1.10,42971788,2026-09-23T03:01:00Z
A,orig,learned_markov_28,async,128,6,0,0.00,100.00,589.35,322.22,226.86,95.36,,,911.57,684.71,2.11,189.00,275.00,1.10,42971716,2026-09-23T03:01:00Z
A,orig,learned_markov_28,async_win,128,6,0,0.00,100.00,592.18,320.04,225.05,33.39,61.60,26.00,912.22,625.57,2.12,189.00,275.00,1.10,42974196,2026-09-23T03:01:00Z
A,orig,learned_markov_28,async_bulk,128,6,0,0.00,100.00,589.45,325.18,224.67,38.15,62.36,26.00,914.63,627.60,2.10,189.00,275.00,1.10,42974644,2026-09-23T03:01:01Z
B,orig,layers_5,pread,128,6,0,0.00,100.00,931.27,668.28,223.68,444.60,,,1599.55,1375.87,2.18,186.00,260.00,1.10,42974792,2026-09-23T03:01:01Z
B,orig,layers_5,async,128,6,0,0.00,100.00,931.40,293.67,224.94,68.73,,,1225.07,1000.13,2.14,187.00,260.00,1.10,42976248,2026-09-23T03:01:01Z
B,orig,layers_5,async_win,128,6,0,0.00,100.00,983.83,294.89,225.76,9.04,60.09,2.00,1278.72,992.87,2.18,187.00,260.00,1.10,42959468,2026-09-23T03:01:02Z
B,orig,layers_5,async_bulk,128,6,0,0.00,100.00,908.88,296.13,227.25,7.46,61.42,2.00,1205.01,916.34,2.20,187.00,260.00,1.10,42959912,2026-09-23T03:01:02Z
B,orig,layers_92,pread,128,6,0,0.00,100.00,460.48,8300.86,224.43,8076.43,,,8761.34,8536.91,2.17,186.00,267.00,1.10,42961516,2026-09-23T03:01:02Z
B,orig,layers_92,async,128,6,0,0.00,100.00,543.21,421.48,225.22,196.26,,,964.69,739.47,2.16,187.00,266.00,1.10,42962188,2026-09-23T03:01:03Z
B,orig,layers_92,async_win,128,6,0,0.00,100.00,521.57,400.82,224.11,111.97,64.74,87.00,922.39,633.54,2.19,187.00,266.00,1.10,42962664,2026-09-23T03:01:03Z
B,orig,layers_92,async_bulk,128,6,0,0.00,100.00,522.47,409.68,223.79,120.05,65.84,87.00,932.15,642.52,2.18,187.00,266.00,1.09,42963024,2026-09-23T03:01:03Z
B,orig,2d,pread,128,6,0,0.00,100.00,522.87,1964.51,226.06,1738.45,,,2487.38,2261.32,2.12,186.00,267.00,1.09,42963136,2026-09-23T03:01:04Z
B,orig,2d,async,128,6,0,0.00,100.00,523.98,309.25,224.67,84.58,,,833.23,608.56,2.16,187.00,266.00,1.09,42963848,2026-09-23T03:01:04Z
B,orig,2d,async_win,128,6,0,0.00,100.00,526.56,306.75,223.73,21.48,61.54,13.00,833.31,548.04,2.16,187.00,266.00,1.09,42965356,2026-09-23T03:01:04Z
B,orig,2d,async_bulk,128,6,0,0.00,100.00,524.79,309.48,226.25,21.30,61.94,13.00,834.27,546.09,2.18,187.00,266.00,1.09,42965336,2026-09-23T03:01:05Z
B,orig,2e_K10,pread,128,6,0,0.00,100.00,527.18,2734.41,184.38,2550.03,,,3261.59,3077.21,2.17,187.00,267.00,1.09,42965908,2026-09-23T03:01:05Z
B,orig,2e_K10,async,128,6,0,0.00,100.00,459.98,280.78,185.39,95.39,,,740.76,555.37,2.19,188.00,267.00,1.09,42967472,2026-09-23T03:01:05Z
B,orig,2e_K10,async_win,128,6,0,0.00,100.00,519.73,280.22,185.10,32.62,62.50,23.00,799.95,552.35,2.16,188.00,267.00,1.09,42968320,2026-09-23T03:01:05Z
B,orig,2e_K10,async_bulk,128,6,0,0.00,100.00,524.12,281.05,186.00,32.31,62.74,23.00,805.17,556.43,2.19,188.00,267.00,1.09,42968660,2026-09-23T03:01:06Z
B,orig,2e_K500,pread,128,6,0,0.00,100.00,183.44,18807.99,183.40,18624.59,,,18991.43,18808.03,1.79,73.00,312.00,1.09,42968408,2026-09-23T03:01:06Z
B,orig,2e_K500,async,128,6,0,0.00,100.00,182.86,1034.83,186.10,848.73,,,1217.69,1031.59,2.15,187.00,315.00,1.09,42991752,2026-09-23T03:01:06Z
B,orig,2e_K500,async_win,128,6,0,0.00,100.00,180.20,953.95,181.96,681.43,90.56,461.00,1134.15,861.63,2.14,187.00,317.00,1.09,42991588,2026-09-23T03:01:07Z
B,orig,2e_K500,async_bulk,128,6,0,0.00,100.00,180.04,953.38,184.53,678.18,90.67,461.00,1133.42,858.22,2.14,187.00,310.00,1.09,42992244,2026-09-23T03:01:07Z
B,orig,2f_top14,pread,128,6,0,0.00,100.00,526.15,1433.23,181.61,1251.62,,,1959.38,1777.77,2.18,188.00,265.00,1.09,42981316,2026-09-23T03:01:07Z
B,orig,2f_top14,async,128,6,0,0.00,100.00,547.70,267.30,185.64,81.66,,,815.00,629.36,2.16,188.00,266.00,1.09,42982528,2026-09-23T03:01:08Z
B,orig,2f_top14,async_win,128,6,0,0.00,100.00,575.36,266.41,185.46,19.11,61.85,13.00,841.77,594.47,2.16,188.00,266.00,1.09,42981780,2026-09-23T03:01:08Z
B,orig,2f_top14,async_bulk,128,6,0,0.00,100.00,462.68,264.92,182.01,21.01,61.90,13.00,727.60,483.69,2.13,188.00,265.00,1.08,42982116,2026-09-23T03:01:08Z
B,orig,2f_top28,pread,128,6,0,0.00,100.00,461.50,2577.37,183.69,2393.67,,,3038.87,2855.17,2.15,188.00,267.00,1.08,42984028,2026-09-23T03:01:09Z
B,orig,2f_top28,async,128,6,0,0.00,100.00,523.41,282.88,184.52,98.36,,,806.29,621.77,2.16,188.00,268.00,1.08,42985380,2026-09-23T03:01:09Z
B,orig,2f_top28,async_win,128,6,0,0.00,100.00,529.24,281.61,182.26,36.84,62.51,27.00,810.85,566.08,2.18,188.00,268.00,1.08,42985556,2026-09-23T03:01:09Z
B,orig,2f_top28,async_bulk,128,6,0,0.00,100.00,460.73,281.67,183.44,35.59,62.64,27.00,742.40,496.32,2.11,188.00,268.00,1.08,42986140,2026-09-23T03:01:10Z
B,orig,2f_top100,pread,128,6,0,0.00,100.00,523.19,8695.88,184.24,8511.64,,,9219.07,9034.83,2.12,187.00,272.00,1.08,42986192,2026-09-23T03:01:10Z
B,orig,2f_top100,async,128,6,0,0.00,100.00,462.84,374.62,180.99,193.62,,,837.46,656.46,2.14,187.00,272.00,1.08,42986124,2026-09-23T03:01:10Z
B,orig,2f_top100,async_win,128,6,0,0.00,100.00,524.67,361.28,182.32,112.78,66.17,97.00,885.95,637.45,2.16,187.00,273.00,1.08,42987472,2026-09-23T03:01:10Z
B,orig,2f_top100,async_bulk,128,6,0,0.00,100.00,524.10,368.50,186.51,115.22,66.78,97.00,892.60,639.32,2.16,187.00,272.00,1.08,42987804,2026-09-23T03:01:11Z
B,orig,2f_top500,pread,128,6,0,0.00,100.00,180.10,17886.36,182.96,17703.39,,,18066.46,17883.49,1.78,74.00,316.00,1.08,42988296,2026-09-23T03:01:11Z
B,orig,2f_top500,async,128,6,0,0.00,100.00,183.76,981.69,183.66,798.03,,,1165.45,981.79,2.15,187.00,313.00,1.08,42990960,2026-09-23T03:01:11Z
B,orig,2f_top500,async_win,128,6,0,0.00,100.00,179.26,935.79,192.81,652.02,90.96,448.00,1115.05,831.28,2.14,187.00,311.00,1.08,42975572,2026-09-23T03:01:12Z
B,orig,2f_top500,async_bulk,128,6,0,0.00,100.00,182.30,936.09,185.68,660.45,89.96,448.00,1118.39,842.75,2.17,187.00,313.00,1.08,42976072,2026-09-23T03:01:12Z
B,orig,2f_slru,pread,128,6,0,0.00,100.00,95.63,17592.97,184.44,17408.54,,,17688.60,17504.17,1.54,0.00,278.00,1.08,42976076,2026-09-23T03:01:12Z
B,orig,2f_slru,async,128,6,0,0.00,100.00,96.08,7270.86,183.44,7087.41,,,7366.94,7183.49,1.60,0.00,278.00,1.08,42974820,2026-09-23T03:01:13Z
B,orig,2f_slru,async_win,128,6,0,0.00,81.60,96.39,2433.68,184.27,1928.57,320.85,139.00,2530.07,2024.96,1.59,0.00,278.00,1.08,42975924,2026-09-23T03:01:13Z
B,orig,2f_slru,async_bulk,128,6,0,0.00,2.20,847.89,598.03,184.75,93.60,319.69,3.00,1445.92,941.49,2.16,184.00,259.00,1.08,42966360,2026-09-23T03:01:13Z
B,orig,leaf_freq_K10,pread,128,6,0,0.00,100.00,942.58,1115.20,185.17,930.03,,,2057.78,1872.61,2.15,187.00,260.00,1.16,42979260,2026-09-23T03:01:13Z
B,orig,leaf_freq_K10,async,128,6,0,0.00,100.00,912.01,259.33,184.06,75.27,,,1171.34,987.28,2.17,187.00,260.00,1.16,42979540,2026-09-23T03:01:14Z
B,orig,leaf_freq_K10,async_win,128,6,0,0.00,100.00,917.96,261.08,184.64,14.65,61.80,10.00,1179.04,932.61,2.20,187.00,260.00,1.16,42979664,2026-09-23T03:01:14Z
B,orig,leaf_freq_K10,async_bulk,128,6,0,0.00,100.00,942.76,259.76,184.00,14.55,61.22,10.00,1202.52,957.31,2.14,187.00,260.00,1.16,42982180,2026-09-23T03:01:14Z
B,orig,leaf_rand_K10,pread,128,6,0,0.00,100.00,950.03,1073.28,183.50,889.77,,,2023.31,1839.80,2.17,188.00,261.00,1.16,42981820,2026-09-23T03:01:15Z
B,orig,leaf_rand_K10,async,128,6,0,0.00,100.00,946.56,257.78,184.42,73.37,,,1204.34,1019.93,2.17,188.00,261.00,1.16,42981652,2026-09-23T03:01:15Z
B,orig,leaf_rand_K10,async_win,128,6,0,0.00,100.00,945.65,261.24,183.96,15.47,61.82,10.00,1206.89,961.12,2.18,188.00,261.00,1.16,42981808,2026-09-23T03:01:15Z
B,orig,leaf_rand_K10,async_bulk,128,6,0,0.00,100.00,947.24,270.45,193.03,15.13,62.29,10.00,1217.69,962.37,2.21,188.00,261.00,1.16,42981336,2026-09-23T03:01:16Z
B,orig,learned_markov_14,pread,128,6,0,0.00,100.00,460.61,1395.07,178.49,1216.59,,,1855.68,1677.20,2.16,187.00,265.00,1.16,42981860,2026-09-23T03:01:16Z
B,orig,learned_markov_14,async,128,6,0,0.00,100.00,465.19,263.91,184.39,79.52,,,729.10,544.71,2.16,187.00,265.00,1.16,42982428,2026-09-23T03:01:16Z
B,orig,learned_markov_14,async_win,128,6,0,0.00,100.00,526.22,267.75,185.39,19.77,62.60,13.00,793.97,545.99,2.17,187.00,265.00,1.16,42983296,2026-09-23T03:01:17Z
B,orig,learned_markov_14,async_bulk,128,6,0,0.00,100.00,527.67,264.98,183.24,20.28,61.47,13.00,792.65,547.95,2.20,187.00,265.00,1.16,42983956,2026-09-23T03:01:17Z
B,orig,learned_markov_28,pread,128,6,0,0.00,100.00,524.55,2478.50,181.97,2296.53,,,3003.05,2821.08,2.14,187.00,265.00,1.16,42983268,2026-09-23T03:01:17Z
B,orig,learned_markov_28,async,128,6,0,0.00,100.00,524.64,282.80,185.33,97.47,,,807.44,622.11,2.16,187.00,265.00,1.16,42984404,2026-09-23T03:01:18Z
B,orig,learned_markov_28,async_win,128,6,0,0.00,100.00,527.08,282.57,184.91,35.87,61.80,27.00,809.65,562.95,2.17,187.00,265.00,1.16,42983104,2026-09-23T03:01:18Z
B,orig,learned_markov_28,async_bulk,128,6,0,0.00,100.00,460.92,283.02,182.14,38.60,62.28,27.00,743.94,499.52,2.13,187.00,265.00,1.14,42982872,2026-09-23T03:01:18Z
C,orig,layers_5,pread,128,6,0,0.00,100.00,846.35,627.80,182.88,444.92,,,1474.15,1291.27,1.58,20.00,27.00,1.14,42963460,2026-09-23T03:01:18Z
C,orig,layers_5,async,128,6,0,0.00,100.00,824.81,252.56,182.84,69.71,,,1077.37,894.52,1.57,20.00,27.00,1.14,42976388,2026-09-23T03:01:19Z
C,orig,layers_5,async_win,128,6,0,0.00,100.00,809.49,250.79,182.33,7.37,61.09,2.00,1060.28,816.86,1.58,20.00,27.00,1.14,42976792,2026-09-23T03:01:19Z
C,orig,layers_5,async_bulk,128,6,0,0.00,100.00,815.11,250.80,182.37,7.83,60.59,2.00,1065.91,822.94,1.56,20.00,27.00,1.14,42977192,2026-09-23T03:01:19Z
C,orig,layers_92,pread,128,6,0,0.00,100.00,467.12,8108.60,181.56,7927.04,,,8575.72,8394.16,1.57,18.00,30.00,1.14,42977324,2026-09-23T03:01:19Z
C,orig,layers_92,async,128,6,0,0.00,100.00,465.64,375.12,182.51,192.61,,,840.76,658.25,1.55,18.00,30.00,1.14,42978140,2026-09-23T03:01:20Z
C,orig,layers_92,async_win,128,6,0,0.00,100.00,465.52,354.43,180.84,108.81,64.78,87.00,819.95,574.33,1.55,18.00,30.00,1.14,42978780,2026-09-23T03:01:20Z
C,orig,layers_92,async_bulk,128,6,0,0.00,100.00,465.73,352.93,181.32,106.72,64.89,87.00,818.66,572.45,1.56,18.00,30.00,1.14,42978976,2026-09-23T03:01:20Z
C,orig,2d,pread,128,6,0,0.00,100.00,433.88,535.04,179.22,355.82,,,968.92,789.70,1.57,18.00,30.00,1.14,42979116,2026-09-23T03:01:21Z
C,orig,2d,async,128,6,0,0.00,100.00,438.74,248.56,181.87,66.69,,,687.30,505.43,1.57,18.00,30.00,1.14,42980228,2026-09-23T03:01:21Z
C,orig,2d,async_win,128,6,0,0.00,100.00,433.96,248.56,181.42,6.73,60.40,2.00,682.52,440.69,1.57,18.00,30.00,1.14,42978936,2026-09-23T03:01:21Z
C,orig,2d,async_bulk,128,6,0,0.00,100.00,436.46,251.72,183.96,7.20,60.56,2.00,688.18,443.66,1.56,18.00,30.00,1.14,42979760,2026-09-23T03:01:21Z
C,orig,2e_K10,pread,128,6,0,0.00,100.00,173.54,1321.95,181.12,1140.83,,,1495.49,1314.37,1.55,17.00,33.00,1.14,42979408,2026-09-23T03:01:22Z
C,orig,2e_K10,async,128,6,0,0.00,100.00,174.97,259.16,181.56,77.60,,,434.13,252.57,1.58,17.00,32.00,1.14,42980048,2026-09-23T03:01:22Z
C,orig,2e_K10,async_win,128,6,0,0.00,100.00,172.81,257.16,179.61,16.79,60.76,8.00,429.97,189.60,1.55,17.00,32.00,1.14,42979920,2026-09-23T03:01:22Z
C,orig,2e_K10,async_bulk,128,6,0,0.00,100.00,174.66,260.55,182.47,16.84,61.23,8.00,435.21,191.50,1.57,17.00,32.00,1.14,42979972,2026-09-23T03:01:22Z
C,orig,2e_K500,pread,128,6,0,0.00,100.00,173.25,2388.98,181.95,2207.03,,,2562.23,2380.28,1.50,0.00,37.00,1.14,42980584,2026-09-23T03:01:23Z
C,orig,2e_K500,async,128,6,0,0.00,67.50,173.44,622.82,180.79,442.03,,,796.26,615.47,1.51,0.00,37.00,1.14,42980904,2026-09-23T03:01:23Z
C,orig,2e_K500,async_win,128,6,0,0.00,42.30,174.03,505.23,182.48,241.27,81.47,90.00,679.26,415.30,1.54,0.00,37.00,1.14,42980592,2026-09-23T03:01:23Z
C,orig,2e_K500,async_bulk,128,6,0,0.00,42.30,174.72,487.25,180.51,226.28,80.45,90.00,661.97,401.00,1.51,0.00,37.00,1.21,42979696,2026-09-23T03:01:23Z
C,orig,2f_top14,pread,128,6,0,0.00,100.00,171.29,1288.15,189.43,1098.73,,,1459.44,1270.02,1.57,16.00,34.00,1.21,42979396,2026-09-23T03:01:24Z
C,orig,2f_top14,async,128,6,0,0.00,100.00,181.09,262.11,184.20,77.92,,,443.20,259.01,1.58,17.00,32.00,1.21,42972680,2026-09-23T03:01:24Z
C,orig,2f_top14,async_win,128,6,0,0.00,100.00,174.19,262.36,182.70,18.08,61.58,9.00,436.55,192.27,1.55,17.00,32.00,1.21,42977032,2026-09-23T03:01:24Z
C,orig,2f_top14,async_bulk,128,6,0,0.00,100.00,177.02,261.29,183.06,16.89,61.34,9.00,438.31,193.91,1.58,17.00,32.00,1.21,42976832,2026-09-23T03:01:24Z
C,orig,2f_top28,pread,128,6,0,0.00,100.00,173.36,1287.80,180.43,1107.37,,,1461.16,1280.73,1.56,15.00,33.00,1.21,42977376,2026-09-23T03:01:25Z
C,orig,2f_top28,async,128,6,0,0.00,100.00,170.83,277.06,182.35,94.71,,,447.89,265.54,1.56,16.00,33.00,1.21,42977984,2026-09-23T03:01:25Z
C,orig,2f_top28,async_win,128,6,0,0.00,100.00,172.06,270.26,182.41,27.04,60.80,13.00,442.32,199.10,1.57,16.00,33.00,1.21,42978028,2026-09-23T03:01:25Z
C,orig,2f_top28,async_bulk,128,6,0,0.00,100.00,174.45,268.86,181.00,26.99,60.87,13.00,443.31,201.44,1.57,16.00,33.00,1.21,42978924,2026-09-23T03:01:25Z
C,orig,2f_top100,pread,128,6,0,0.00,100.00,172.22,1311.80,180.55,1131.25,,,1484.02,1303.47,1.54,11.00,33.00,1.21,42978792,2026-09-23T03:01:26Z
C,orig,2f_top100,async,128,6,0,0.00,100.00,174.33,361.30,180.55,180.75,,,535.63,355.08,1.55,14.00,33.00,1.21,42977604,2026-09-23T03:01:26Z
C,orig,2f_top100,async_win,128,6,0,0.00,100.00,173.09,318.83,181.49,72.43,64.91,32.00,491.92,245.52,1.55,14.00,33.00,1.21,42975944,2026-09-23T03:01:26Z
C,orig,2f_top100,async_bulk,128,6,0,0.00,100.00,174.35,318.92,180.81,73.54,64.57,32.00,493.27,247.89,1.56,14.00,33.00,1.21,42975960,2026-09-23T03:01:26Z
C,orig,2f_top500,pread,128,6,0,0.00,100.00,87.72,2873.79,178.91,2694.89,,,2961.51,2782.61,1.51,0.00,37.00,1.21,42976272,2026-09-23T03:01:27Z
C,orig,2f_top500,async,128,6,0,0.00,100.00,88.26,921.25,180.02,741.23,,,1009.51,829.49,1.53,0.00,37.00,1.21,42991464,2026-09-23T03:01:27Z
C,orig,2f_top500,async_win,128,6,0,0.00,100.00,88.05,495.41,180.61,224.70,90.10,15.00,583.46,312.75,1.54,0.00,37.00,1.21,42991252,2026-09-23T03:01:27Z
C,orig,2f_top500,async_bulk,128,6,0,0.00,13.40,759.49,471.55,343.73,39.20,88.62,2.00,1231.04,798.69,1.58,19.00,29.00,1.21,42991412,2026-09-23T03:01:27Z
C,orig,2f_slru,pread,128,6,0,0.00,100.00,87.69,2983.57,182.47,2801.10,,,3071.26,2888.79,1.54,0.00,37.00,1.21,42991260,2026-09-23T03:01:28Z
C,orig,2f_slru,async,128,6,0,0.00,100.00,90.09,936.39,181.36,755.03,,,1026.48,845.12,1.52,0.00,37.00,1.21,42992192,2026-09-23T03:01:28Z
C,orig,2f_slru,async_win,128,6,0,0.00,100.00,86.81,497.89,179.93,228.04,89.92,15.00,584.70,314.85,1.52,0.00,37.00,1.21,42992072,2026-09-23T03:01:28Z
C,orig,2f_slru,async_bulk,128,6,0,0.00,13.40,757.50,308.57,181.29,38.62,88.66,2.00,1066.07,796.12,1.57,19.00,29.00,1.20,42992892,2026-09-23T03:01:28Z
C,orig,leaf_freq_K10,pread,128,6,0,0.00,100.00,664.36,1006.13,188.11,818.02,,,1670.49,1482.38,1.55,19.00,30.00,1.20,42992468,2026-09-23T03:01:29Z
C,orig,leaf_freq_K10,async,128,6,0,0.00,100.00,562.49,255.57,180.94,74.63,,,818.06,637.12,1.59,19.00,29.00,1.20,42992308,2026-09-23T03:01:29Z
C,orig,leaf_freq_K10,async_win,128,6,0,0.00,100.00,558.79,253.89,180.95,12.53,60.40,6.00,812.68,571.32,1.59,19.00,29.00,1.20,42990052,2026-09-23T03:01:29Z
C,orig,leaf_freq_K10,async_bulk,128,6,0,0.00,100.00,577.20,381.35,302.72,13.12,65.51,6.00,958.55,590.32,1.58,19.00,29.00,1.20,42986092,2026-09-23T03:01:29Z
C,orig,leaf_rand_K10,pread,128,6,0,0.00,100.00,855.80,1049.11,181.55,867.56,,,1904.91,1723.36,1.59,20.00,27.00,1.20,42986632,2026-09-23T03:01:30Z
C,orig,leaf_rand_K10,async,128,6,0,0.00,100.00,783.00,254.77,181.47,73.30,,,1037.77,856.30,1.59,20.00,27.00,1.20,42987384,2026-09-23T03:01:30Z
C,orig,leaf_rand_K10,async_win,128,6,0,0.00,100.00,850.09,258.39,183.09,15.05,60.24,10.00,1108.48,865.14,1.57,20.00,27.00,1.20,42986792,2026-09-23T03:01:30Z
C,orig,leaf_rand_K10,async_bulk,128,6,0,0.00,100.00,823.25,259.78,182.14,16.65,60.98,10.00,1083.03,839.90,1.57,20.00,27.00,1.20,42988056,2026-09-23T03:01:30Z
C,orig,learned_markov_14,pread,128,6,0,0.00,100.00,195.62,1299.77,181.83,1117.94,,,1495.39,1313.56,1.56,16.00,34.00,1.20,42987544,2026-09-23T03:01:31Z
C,orig,learned_markov_14,async,128,6,0,0.00,100.00,174.01,263.33,184.06,79.28,,,437.34,253.29,1.57,17.00,32.00,1.20,42988512,2026-09-23T03:01:31Z
C,orig,learned_markov_14,async_win,128,6,0,0.00,100.00,179.49,262.03,181.34,18.92,61.78,9.00,441.52,198.41,1.56,17.00,32.00,1.20,42988736,2026-09-23T03:01:31Z
C,orig,learned_markov_14,async_bulk,128,6,0,0.00,100.00,174.85,259.05,181.25,17.25,60.54,9.00,433.90,192.10,1.59,17.00,32.00,1.20,42991480,2026-09-23T03:01:31Z
C,orig,learned_markov_28,pread,128,6,0,0.00,100.00,173.41,1256.61,182.81,1073.80,,,1430.02,1247.21,1.57,15.00,33.00,1.20,42991632,2026-09-23T03:01:32Z
C,orig,learned_markov_28,async,128,6,0,0.00,100.00,179.27,283.82,184.92,98.91,,,463.09,278.18,1.60,16.00,33.00,1.20,42983756,2026-09-23T03:01:32Z
C,orig,learned_markov_28,async_win,128,6,0,0.00,100.00,176.39,270.83,181.87,26.17,62.79,13.00,447.22,202.56,1.58,16.00,33.00,1.20,42979276,2026-09-23T03:01:32Z
C,orig,learned_markov_28,async_bulk,128,6,0,0.00,100.00,175.33,269.76,182.16,25.47,62.13,13.00,445.09,200.80,1.56,16.00,33.00,1.20,42980104,2026-09-23T03:01:32Z
C_hit,orig,layers_5,pread,128,6,0,0.00,100.00,489.67,625.21,180.00,445.21,,,1114.88,934.88,1.66,38.00,51.00,1.20,42980332,2026-09-23T03:01:33Z
C_hit,orig,layers_5,async,128,6,0,0.00,100.00,550.11,249.53,181.30,68.23,,,799.64,618.34,1.66,38.00,51.00,1.20,42980528,2026-09-23T03:01:33Z
C_hit,orig,layers_5,async_win,128,6,0,0.00,100.00,548.13,246.94,179.64,7.09,60.20,2.00,795.07,555.22,1.66,38.00,51.00,1.18,42981048,2026-09-23T03:01:33Z
C_hit,orig,layers_5,async_bulk,128,6,0,0.00,100.00,550.57,247.85,180.93,6.98,59.93,2.00,798.42,557.55,1.66,38.00,51.00,1.18,42982244,2026-09-23T03:01:34Z
C_hit,orig,layers_92,pread,128,6,0,0.00,100.00,558.02,8039.05,188.47,7850.58,,,8597.07,8408.60,1.65,39.00,53.00,1.18,42981912,2026-09-23T03:01:34Z
C_hit,orig,layers_92,async,128,6,0,0.00,100.00,555.16,373.40,180.71,192.69,,,928.56,747.85,1.65,39.00,53.00,1.18,42981004,2026-09-23T03:01:34Z
C_hit,orig,layers_92,async_win,128,6,0,0.00,100.00,563.99,349.33,180.50,104.21,64.62,87.00,913.32,668.20,1.66,39.00,53.00,1.18,42981144,2026-09-23T03:01:34Z
C_hit,orig,layers_92,async_bulk,128,6,0,0.00,100.00,554.38,354.14,180.40,109.02,64.72,87.00,908.52,663.40,1.66,39.00,53.00,1.18,42982756,2026-09-23T03:01:35Z
C_hit,orig,2d,pread,128,6,0,0.00,100.00,561.04,609.94,182.15,427.78,,,1170.98,988.82,1.67,39.00,53.00,1.18,42983932,2026-09-23T03:01:35Z
C_hit,orig,2d,async,128,6,0,0.00,100.00,552.34,253.39,185.37,68.02,,,805.73,620.36,1.68,39.00,53.00,1.18,42984560,2026-09-23T03:01:35Z
C_hit,orig,2d,async_win,128,6,0,0.00,100.00,550.92,258.23,188.81,9.23,60.19,3.00,809.15,560.15,1.65,39.00,53.00,1.18,42986212,2026-09-23T03:01:35Z
C_hit,orig,2d,async_bulk,128,6,0,0.00,100.00,551.63,248.59,180.68,7.72,60.18,3.00,800.22,559.35,1.68,39.00,53.00,1.18,42986260,2026-09-23T03:01:36Z
C_hit,orig,2e_K10,pread,128,6,0,0.00,100.00,496.94,1153.31,180.37,972.94,,,1650.25,1469.88,1.64,37.00,52.00,1.18,42986872,2026-09-23T03:01:36Z
C_hit,orig,2e_K10,async,128,6,0,0.00,100.00,496.25,261.72,180.36,81.36,,,757.97,577.61,1.64,39.00,53.00,1.18,42986508,2026-09-23T03:01:36Z
C_hit,orig,2e_K10,async_win,128,6,0,0.00,100.00,553.32,261.99,183.71,16.86,61.43,6.00,815.31,570.18,1.63,39.00,53.00,1.18,42987216,2026-09-23T03:01:36Z
C_hit,orig,2e_K10,async_bulk,128,6,0,0.00,100.00,553.48,258.59,181.46,16.49,60.63,6.00,812.07,569.97,1.69,39.00,53.00,1.18,42987796,2026-09-23T03:01:37Z
C_hit,orig,2e_K500,pread,128,6,0,0.00,100.00,174.71,3360.86,180.69,3180.17,,,3535.57,3354.88,1.56,9.00,61.00,1.18,42987952,2026-09-23T03:01:37Z
C_hit,orig,2e_K500,async,128,6,0,0.00,53.50,175.96,860.72,180.75,679.97,,,1036.68,855.93,1.55,9.00,61.00,1.18,42987452,2026-09-23T03:01:37Z
C_hit,orig,2e_K500,async_win,128,6,0,0.00,100.00,175.68,638.33,181.83,365.19,91.31,139.00,814.01,540.87,1.56,9.00,61.00,1.18,42987208,2026-09-23T03:01:37Z
C_hit,orig,2e_K500,async_bulk,128,6,0,0.00,100.00,176.40,613.04,179.45,345.16,88.44,139.00,789.44,521.56,1.59,9.00,61.00,1.18,42987912,2026-09-23T03:01:38Z
C_hit,orig,2f_top14,pread,128,6,0,0.00,100.00,500.10,1051.64,182.80,868.83,,,1551.74,1368.93,1.62,37.00,52.00,1.18,42988872,2026-09-23T03:01:38Z
C_hit,orig,2f_top14,async,128,6,0,0.00,100.00,497.96,262.03,180.72,81.31,,,759.99,579.27,1.66,39.00,53.00,1.17,42989004,2026-09-23T03:01:38Z
C_hit,orig,2f_top14,async_win,128,6,0,0.00,100.00,553.29,254.17,180.05,14.15,59.97,6.00,807.46,567.44,1.66,39.00,53.00,1.17,42988780,2026-09-23T03:01:38Z
C_hit,orig,2f_top14,async_bulk,128,6,0,0.00,100.00,552.84,257.03,182.43,15.15,59.45,6.00,809.87,567.99,1.68,39.00,53.00,1.17,42990088,2026-09-23T03:01:39Z
C_hit,orig,2f_top28,pread,128,6,0,0.00,100.00,500.70,1063.52,180.10,883.42,,,1564.22,1384.12,1.63,36.00,53.00,1.17,42989528,2026-09-23T03:01:39Z
C_hit,orig,2f_top28,async,128,6,0,0.00,100.00,554.11,274.66,180.16,94.50,,,828.77,648.61,1.65,38.00,51.00,1.17,42990832,2026-09-23T03:01:39Z
C_hit,orig,2f_top28,async_win,128,6,0,0.00,100.00,517.13,265.58,181.92,22.79,60.86,8.00,782.71,539.92,1.66,38.00,51.00,1.17,42990468,2026-09-23T03:01:40Z
C_hit,orig,2f_top28,async_bulk,128,6,0,0.00,100.00,510.97,265.19,181.28,23.80,60.11,8.00,776.16,534.77,1.66,38.00,51.00,1.17,42991424,2026-09-23T03:01:40Z
C_hit,orig,2f_top100,pread,128,6,0,0.00,100.00,509.70,1308.08,192.83,1115.25,,,1817.78,1624.95,1.62,31.00,54.00,1.17,42980684,2026-09-23T03:01:40Z
C_hit,orig,2f_top100,async,128,6,0,0.00,100.00,520.97,375.40,192.88,182.52,,,896.37,703.49,1.63,33.00,53.00,1.17,42982716,2026-09-23T03:01:40Z
C_hit,orig,2f_top100,async_win,128,6,0,0.00,100.00,519.62,328.20,193.56,70.03,64.60,28.00,847.82,589.65,1.64,33.00,53.00,1.17,42983304,2026-09-23T03:01:41Z
C_hit,orig,2f_top100,async_bulk,128,6,0,0.00,100.00,561.01,330.63,195.58,70.43,64.62,28.00,891.64,631.44,1.62,33.00,53.00,1.17,42982808,2026-09-23T03:01:41Z
C_hit,orig,2f_top500,pread,128,6,0,0.00,100.00,174.98,3322.37,194.28,3128.09,,,3497.35,3303.07,1.54,9.00,61.00,1.17,42982984,2026-09-23T03:01:41Z
C_hit,orig,2f_top500,async,128,6,0,0.00,54.20,181.36,873.56,192.00,681.56,,,1054.92,862.92,1.56,10.00,61.00,1.17,42982560,2026-09-23T03:01:41Z
C_hit,orig,2f_top500,async_win,128,6,0,0.00,31.60,176.63,630.27,184.31,349.38,96.59,138.00,806.90,526.01,1.56,10.00,61.00,1.17,42981236,2026-09-23T03:01:42Z
C_hit,orig,2f_top500,async_bulk,128,6,0,0.00,30.20,174.46,625.52,193.66,342.56,89.29,138.00,799.98,517.02,1.57,10.00,61.00,1.17,42982200,2026-09-23T03:01:42Z
C_hit,orig,2f_slru,pread,128,6,0,0.00,100.00,87.36,5085.66,193.47,4892.19,,,5173.02,4979.55,1.52,0.00,62.00,1.17,42983440,2026-09-23T03:01:42Z
C_hit,orig,2f_slru,async,128,6,0,0.00,100.00,92.42,1570.60,195.42,1375.19,,,1663.02,1467.61,1.53,0.00,62.00,1.17,42983556,2026-09-23T03:01:42Z
C_hit,orig,2f_slru,async_win,128,6,0,0.00,100.00,90.01,770.53,193.82,414.29,162.41,29.00,860.54,504.30,1.51,0.00,62.00,1.17,42983132,2026-09-23T03:01:43Z
C_hit,orig,2f_slru,async_bulk,128,6,0,0.00,7.00,460.89,402.39,192.34,49.60,160.44,2.00,863.28,510.49,1.66,37.00,50.00,1.17,42982944,2026-09-23T03:01:43Z
C_hit,orig,leaf_freq_K10,pread,128,6,0,0.00,100.00,740.98,777.10,193.66,583.44,,,1518.08,1324.42,1.67,36.00,54.00,1.15,42983148,2026-09-23T03:01:43Z
C_hit,orig,leaf_freq_K10,async,128,6,0,0.00,100.00,596.53,268.21,192.46,75.75,,,864.74,672.28,1.64,38.00,51.00,1.15,42984384,2026-09-23T03:01:43Z
C_hit,orig,leaf_freq_K10,async_win,128,6,0,0.00,100.00,571.45,267.12,196.64,11.06,59.42,3.00,838.57,582.51,1.64,38.00,51.00,1.15,42983792,2026-09-23T03:01:44Z
C_hit,orig,leaf_freq_K10,async_bulk,128,6,0,0.00,100.00,506.28,261.17,192.20,9.72,59.25,3.00,767.45,516.00,1.66,38.00,51.00,1.15,42984916,2026-09-23T03:01:44Z
C_hit,orig,leaf_rand_K10,pread,128,6,0,0.00,100.00,562.54,1058.82,193.30,865.52,,,1621.36,1428.06,1.64,38.00,51.00,1.15,42985196,2026-09-23T03:01:44Z
C_hit,orig,leaf_rand_K10,async,128,6,0,0.00,100.00,566.13,267.08,193.10,73.98,,,833.21,640.11,1.64,38.00,51.00,1.15,42984744,2026-09-23T03:01:44Z
C_hit,orig,leaf_rand_K10,async_win,128,6,0,0.00,100.00,566.21,269.14,194.22,14.70,60.22,10.00,835.35,580.91,1.66,38.00,51.00,1.15,42984820,2026-09-23T03:01:45Z
C_hit,orig,leaf_rand_K10,async_bulk,128,6,0,0.00,100.00,566.45,267.36,193.37,14.40,59.59,10.00,833.81,580.85,1.64,38.00,51.00,1.15,42985424,2026-09-23T03:01:45Z
C_hit,orig,learned_markov_14,pread,128,6,0,0.00,100.00,494.52,1057.63,192.18,865.45,,,1552.15,1359.97,1.66,37.00,52.00,1.15,42977888,2026-09-23T03:01:45Z
C_hit,orig,learned_markov_14,async,128,6,0,0.00,100.00,501.39,273.20,193.28,79.92,,,774.59,581.31,1.65,39.00,53.00,1.15,42977996,2026-09-23T03:01:46Z
C_hit,orig,learned_markov_14,async_win,128,6,0,0.00,100.00,553.55,268.36,193.75,14.77,59.84,6.00,821.91,568.32,1.68,39.00,53.00,1.15,42978320,2026-09-23T03:01:46Z
C_hit,orig,learned_markov_14,async_bulk,128,6,0,0.00,100.00,554.39,267.13,191.78,15.51,59.84,6.00,821.52,569.90,1.65,39.00,53.00,1.15,42979212,2026-09-23T03:01:46Z
C_hit,orig,learned_markov_28,pread,128,6,0,0.00,100.00,499.65,1097.33,195.61,901.73,,,1596.98,1401.38,1.65,36.00,53.00,1.15,42979492,2026-09-23T03:01:46Z
C_hit,orig,learned_markov_28,async,128,6,0,0.00,100.00,551.95,287.61,191.63,95.98,,,839.56,647.93,1.65,38.00,51.00,1.15,42979344,2026-09-23T03:01:47Z
C_hit,orig,learned_markov_28,async_win,128,6,0,0.00,100.00,502.09,276.46,193.11,22.83,60.51,8.00,778.55,524.92,1.66,38.00,51.00,1.15,42979280,2026-09-23T03:01:47Z
C_hit,orig,learned_markov_28,async_bulk,128,6,0,0.00,100.00,499.02,281.66,192.46,28.11,61.09,8.00,780.68,527.13,1.66,38.00,51.00,1.15,42995300,2026-09-23T03:01:47Z
A,orig,baseline,baseline,128,7,0,0.00,0.00,1014.66,0.00,0.00,0.00,,,1014.66,1014.66,2.08,189.00,265.00,1.15,42996260,2026-09-23T03:01:47Z
B,orig,baseline,baseline,128,7,0,0.00,0.00,908.79,0.00,0.00,0.00,,,908.79,908.79,2.16,187.00,260.00,1.15,42994024,2026-09-23T03:01:48Z
C,orig,baseline,baseline,128,7,0,0.00,0.00,841.80,0.00,0.00,0.00,,,841.80,841.80,1.58,20.00,27.00,1.15,42995800,2026-09-23T03:01:48Z
C_hit,orig,baseline,baseline,128,7,0,0.00,0.00,586.76,0.00,0.00,0.00,,,586.76,586.76,1.65,38.00,51.00,1.14,42994792,2026-09-23T03:01:48Z
A,orig,layers_5,async,128,7,0,0.00,100.00,924.11,293.32,223.74,69.58,,,1217.43,993.69,2.11,189.00,268.00,1.14,42993876,2026-09-23T03:01:49Z
A,orig,layers_5,async_win,128,7,0,0.00,100.00,993.69,296.27,226.94,7.37,61.96,2.00,1289.96,1001.06,2.16,189.00,268.00,1.14,42993980,2026-09-23T03:01:49Z
A,orig,layers_92,async,128,7,0,0.00,100.00,591.57,425.43,224.15,201.28,,,1017.00,792.85,2.14,189.00,272.00,1.14,42993596,2026-09-23T03:01:49Z
A,orig,layers_92,async_win,128,7,0,0.00,100.00,589.16,414.36,224.59,124.50,65.26,87.00,1003.52,713.66,2.09,189.00,272.00,1.14,42992076,2026-09-23T03:01:50Z
A,orig,2d,async,128,7,0,0.00,100.00,590.88,313.28,226.81,86.47,,,904.16,677.35,2.15,189.00,272.00,1.14,42993076,2026-09-23T03:01:50Z
A,orig,2d,async_win,128,7,0,0.00,100.00,592.40,310.38,226.10,21.44,62.85,13.00,902.78,613.84,2.15,189.00,272.00,1.14,42992752,2026-09-23T03:01:50Z
A,orig,2e_K10,async,128,7,0,0.00,100.00,522.47,320.44,223.79,96.65,,,842.91,619.12,2.10,190.00,283.00,1.14,42992808,2026-09-23T03:01:50Z
A,orig,2e_K10,async_win,128,7,0,0.00,100.00,591.84,325.27,225.02,36.76,63.49,23.00,917.11,628.60,2.12,190.00,283.00,1.14,42992904,2026-09-23T03:01:51Z
A,orig,2e_K500,async,128,7,0,0.00,100.00,566.77,1100.65,224.40,876.25,,,1667.42,1443.02,2.09,194.00,395.00,1.14,42993836,2026-09-23T03:01:51Z
A,orig,2e_K500,async_win,128,7,0,0.00,100.00,568.06,1042.52,224.80,689.62,128.10,471.00,1610.58,1257.68,2.10,194.00,397.00,1.14,42981288,2026-09-23T03:01:51Z
A,orig,2f_top14,async,128,7,0,0.00,100.00,596.19,307.31,226.48,80.83,,,903.50,677.02,2.17,191.00,271.00,1.14,42981836,2026-09-23T03:01:52Z
A,orig,2f_top14,async_win,128,7,0,0.00,100.00,590.63,306.28,225.26,19.15,61.87,13.00,896.91,609.78,2.10,191.00,271.00,1.14,42982100,2026-09-23T03:01:52Z
A,orig,2f_top28,async,128,7,0,0.00,100.00,595.80,326.46,227.36,99.11,,,922.26,694.91,2.13,191.00,290.00,1.14,42982508,2026-09-23T03:01:52Z
A,orig,2f_top28,async_win,128,7,0,0.00,100.00,594.37,322.01,226.19,33.17,62.65,27.00,916.38,627.54,2.15,191.00,291.00,1.14,42970180,2026-09-23T03:01:53Z
A,orig,2f_top100,async,128,7,0,0.00,94.00,594.28,424.51,226.31,198.20,,,1018.79,792.48,2.15,191.00,310.00,1.14,42970836,2026-09-23T03:01:53Z
A,orig,2f_top100,async_win,128,7,0,0.00,100.00,594.14,414.03,225.55,122.06,66.42,98.00,1008.17,716.20,2.13,191.00,311.00,1.13,42971100,2026-09-23T03:01:53Z
A,orig,2f_top500,async,128,7,0,0.00,100.00,633.59,1037.96,225.90,812.07,,,1671.55,1445.66,2.09,193.00,396.00,1.13,42970660,2026-09-23T03:01:54Z
A,orig,2f_top500,async_win,128,7,0,0.00,100.00,635.41,983.30,224.45,668.65,90.20,460.00,1618.71,1304.06,2.11,193.00,396.00,1.13,42971328,2026-09-23T03:01:54Z
A,orig,2f_slru,async,128,7,0,0.00,100.00,95.67,7074.67,223.65,6851.02,,,7170.34,6946.69,1.54,0.00,278.00,1.13,42969264,2026-09-23T03:01:54Z
A,orig,2f_slru,async_win,128,7,0,0.00,84.80,98.91,2544.44,237.07,1915.09,392.29,138.00,2643.35,2014.00,1.55,0.00,278.00,1.13,42969652,2026-09-23T03:01:54Z
A,orig,leaf_freq_K10,async,128,7,0,0.00,100.00,871.26,296.89,222.96,73.93,,,1168.15,945.19,2.09,188.00,278.00,1.13,42973680,2026-09-23T03:01:55Z
A,orig,leaf_freq_K10,async_win,128,7,0,0.00,100.00,1024.55,316.02,235.71,13.65,66.66,10.00,1340.57,1038.20,2.16,188.00,278.00,1.13,42975644,2026-09-23T03:01:55Z
A,orig,leaf_rand_K10,async,128,7,0,0.00,100.00,2220.27,1667.55,1128.97,538.57,,,3887.82,2758.84,2.84,189.00,266.00,1.13,42976520,2026-09-23T03:01:55Z
A,orig,leaf_rand_K10,async_win,128,7,0,0.00,90.00,2395.64,919.33,562.41,14.31,342.61,10.00,3314.97,2409.95,2.52,189.00,266.00,1.13,42976208,2026-09-23T03:01:56Z
A,orig,learned_markov_14,async,128,7,0,0.00,100.00,589.43,304.88,225.30,79.58,,,894.31,669.01,2.13,189.00,273.00,1.13,42977160,2026-09-23T03:01:56Z
A,orig,learned_markov_14,async_win,128,7,0,0.00,100.00,589.89,303.41,223.94,18.48,60.98,13.00,893.30,608.37,2.12,189.00,273.00,1.13,42977672,2026-09-23T03:01:56Z
A,orig,learned_markov_28,async,128,7,0,0.00,100.00,588.86,327.42,224.29,103.12,,,916.28,691.98,2.11,189.00,275.00,1.13,42961064,2026-09-23T03:01:57Z
A,orig,learned_markov_28,async_win,128,7,0,0.00,100.00,596.04,322.22,226.83,33.73,61.66,26.00,918.26,629.77,2.13,189.00,275.00,1.13,42968948,2026-09-23T03:01:57Z
B,orig,layers_5,async,128,7,0,0.00,100.00,874.56,293.01,224.27,68.74,,,1167.57,943.30,2.19,187.00,260.00,1.13,42969500,2026-09-23T03:01:57Z
B,orig,layers_5,async_win,128,7,0,0.00,100.00,873.58,292.29,223.60,7.47,61.22,2.00,1165.87,881.05,2.17,187.00,260.00,1.13,42970456,2026-09-23T03:01:58Z
B,orig,layers_92,async,128,7,0,0.00,100.00,527.20,420.81,224.55,196.26,,,948.01,723.46,2.15,187.00,266.00,1.13,42971416,2026-09-23T03:01:58Z
B,orig,layers_92,async_win,128,7,0,0.00,100.00,525.24,396.99,224.68,106.27,66.03,87.00,922.23,631.51,2.16,187.00,266.00,1.12,42971828,2026-09-23T03:01:58Z
B,orig,2d,async,128,7,0,0.00,100.00,457.63,304.26,224.58,79.68,,,761.89,537.31,2.12,187.00,266.00,1.12,42971636,2026-09-23T03:01:59Z
B,orig,2d,async_win,128,7,0,0.00,100.00,457.36,308.52,224.97,22.30,61.25,13.00,765.88,479.66,2.13,187.00,266.00,1.12,42972364,2026-09-23T03:01:59Z
B,orig,2e_K10,async,128,7,0,0.00,100.00,523.65,281.24,185.19,96.05,,,804.89,619.70,2.18,188.00,267.00,1.12,42971760,2026-09-23T03:01:59Z
B,orig,2e_K10,async_win,128,7,0,0.00,100.00,520.70,284.88,189.65,33.09,62.14,23.00,805.58,553.79,2.14,188.00,267.00,1.12,42974648,2026-09-23T03:02:00Z
B,orig,2e_K500,async,128,7,0,0.00,100.00,180.06,1013.42,184.07,829.36,,,1193.48,1009.42,2.16,187.00,314.00,1.12,42974428,2026-09-23T03:02:00Z
B,orig,2e_K500,async_win,128,7,0,0.00,100.00,181.63,953.42,183.71,677.89,91.82,461.00,1135.05,859.52,2.15,187.00,317.00,1.12,42974284,2026-09-23T03:02:00Z
B,orig,2f_top14,async,128,7,0,0.00,100.00,521.22,261.10,182.56,78.54,,,782.32,599.76,2.11,188.00,266.00,1.12,42976952,2026-09-23T03:02:00Z
B,orig,2f_top14,async_win,128,7,0,0.00,100.00,523.77,265.27,182.78,20.11,62.38,13.00,789.04,543.88,2.19,188.00,266.00,1.12,42976188,2026-09-23T03:02:01Z
B,orig,2f_top28,async,128,7,0,0.00,100.00,523.85,283.54,183.76,99.79,,,807.39,623.64,2.15,188.00,268.00,1.12,42976320,2026-09-23T03:02:01Z
B,orig,2f_top28,async_win,128,7,0,0.00,100.00,536.93,282.98,184.29,35.59,63.11,27.00,819.91,572.52,2.17,188.00,268.00,1.12,42977728,2026-09-23T03:02:01Z
B,orig,2f_top100,async,128,7,0,0.00,100.00,526.92,385.41,184.56,200.86,,,912.33,727.78,2.17,187.00,271.00,1.12,42978428,2026-09-23T03:02:02Z
B,orig,2f_top100,async_win,128,7,0,0.00,100.00,525.33,371.96,184.55,120.44,66.98,97.00,897.29,645.77,2.17,187.00,272.00,1.12,42953876,2026-09-23T03:02:02Z
B,orig,2f_top500,async,128,7,0,0.00,100.00,194.40,986.68,184.91,801.78,,,1181.08,996.18,2.16,187.00,314.00,1.12,42955976,2026-09-23T03:02:02Z
B,orig,2f_top500,async_win,128,7,0,0.00,100.00,183.82,929.46,184.70,655.27,89.49,448.00,1113.28,839.09,2.15,187.00,313.00,1.12,42955520,2026-09-23T03:02:03Z
B,orig,2f_slru,async,128,7,0,0.00,100.00,100.08,7050.52,182.83,6867.68,,,7150.60,6967.76,1.59,0.00,278.00,1.12,42953164,2026-09-23T03:02:03Z
B,orig,2f_slru,async_win,128,7,0,0.00,77.30,95.98,2428.18,182.52,1928.80,316.86,139.00,2524.16,2024.78,1.61,0.00,278.00,1.11,42956004,2026-09-23T03:02:03Z
B,orig,leaf_freq_K10,async,128,7,0,0.00,100.00,937.91,258.04,183.34,74.70,,,1195.95,1012.61,2.18,187.00,260.00,1.11,42958820,2026-09-23T03:02:04Z
B,orig,leaf_freq_K10,async_win,128,7,0,0.00,100.00,943.79,268.25,192.68,14.19,61.39,10.00,1212.04,957.98,2.18,187.00,260.00,1.11,42958748,2026-09-23T03:02:04Z
B,orig,leaf_rand_K10,async,128,7,0,0.00,100.00,879.26,257.51,182.60,74.91,,,1136.77,954.17,2.16,188.00,261.00,1.11,42958316,2026-09-23T03:02:04Z
B,orig,leaf_rand_K10,async_win,128,7,0,0.00,100.00,947.37,258.72,183.02,13.80,61.90,10.00,1206.09,961.17,2.18,188.00,261.00,1.11,42961344,2026-09-23T03:02:04Z
B,orig,learned_markov_14,async,128,7,0,0.00,100.00,461.30,262.26,182.32,79.94,,,723.56,541.24,2.16,187.00,265.00,1.11,42961856,2026-09-23T03:02:05Z
B,orig,learned_markov_14,async_win,128,7,0,0.00,100.00,461.11,259.52,179.35,18.66,61.51,13.00,720.63,479.77,2.18,187.00,265.00,1.11,42962516,2026-09-23T03:02:05Z
B,orig,learned_markov_28,async,128,7,0,0.00,100.00,528.99,281.62,184.60,97.02,,,810.61,626.01,2.19,187.00,265.00,1.11,42964952,2026-09-23T03:02:05Z
B,orig,learned_markov_28,async_win,128,7,0,0.00,100.00,520.51,280.12,183.44,34.93,61.76,27.00,800.63,555.44,2.13,187.00,265.00,1.11,42965192,2026-09-23T03:02:06Z
C,orig,layers_5,async,128,7,0,0.00,100.00,846.03,255.43,186.25,69.18,,,1101.46,915.21,1.58,20.00,27.00,1.11,42965836,2026-09-23T03:02:06Z
C,orig,layers_5,async_win,128,7,0,0.00,100.00,815.69,252.87,183.95,7.72,61.20,2.00,1068.56,823.41,1.57,20.00,27.00,1.11,42966136,2026-09-23T03:02:06Z
C,orig,layers_92,async,128,7,0,0.00,100.00,467.50,373.14,181.88,191.26,,,840.64,658.76,1.60,18.00,30.00,1.11,42966296,2026-09-23T03:02:07Z
C,orig,layers_92,async_win,128,7,0,0.00,100.00,468.24,355.01,181.15,109.16,64.70,87.00,823.25,577.40,1.56,18.00,30.00,1.11,42967420,2026-09-23T03:02:07Z
C,orig,2d,async,128,7,0,0.00,100.00,364.96,247.50,180.37,67.13,,,612.46,432.09,1.56,18.00,30.00,1.11,42967792,2026-09-23T03:02:07Z
C,orig,2d,async_win,128,7,0,0.00,100.00,363.42,249.75,182.28,6.71,60.75,2.00,613.17,370.13,1.56,18.00,30.00,1.11,42952948,2026-09-23T03:02:07Z
C,orig,2e_K10,async,128,7,0,0.00,100.00,174.41,262.78,184.78,78.01,,,437.19,252.42,1.60,17.00,32.00,1.11,42952688,2026-09-23T03:02:08Z
C,orig,2e_K10,async_win,128,7,0,0.00,100.00,174.64,257.99,181.47,15.68,60.83,8.00,432.63,190.32,1.58,17.00,32.00,1.11,42974968,2026-09-23T03:02:08Z
C,orig,2e_K500,async,128,7,0,0.00,49.70,172.60,643.15,180.24,462.91,,,815.75,635.51,1.52,0.00,37.00,1.11,42974748,2026-09-23T03:02:08Z
C,orig,2e_K500,async_win,128,7,0,0.00,100.00,171.96,493.17,180.41,230.61,82.14,90.00,665.13,402.57,1.50,0.00,37.00,1.10,42975608,2026-09-23T03:02:08Z
C,orig,2f_top14,async,128,7,0,0.00,100.00,172.21,259.23,181.04,78.19,,,431.44,250.40,1.59,17.00,32.00,1.10,42976296,2026-09-23T03:02:09Z
C,orig,2f_top14,async_win,128,7,0,0.00,100.00,174.10,260.77,182.34,17.94,60.48,9.00,434.87,192.04,1.55,17.00,32.00,1.10,42978036,2026-09-23T03:02:09Z
C,orig,2f_top28,async,128,7,0,0.00,100.00,172.06,277.82,180.23,97.59,,,449.88,269.65,1.59,16.00,33.00,1.10,42978012,2026-09-23T03:02:09Z
C,orig,2f_top28,async_win,128,7,0,0.00,100.00,172.46,268.54,180.84,26.85,60.84,13.00,441.00,199.31,1.57,16.00,33.00,1.10,42978328,2026-09-23T03:02:09Z
C,orig,2f_top100,async,128,7,0,0.00,100.00,171.69,358.62,179.98,178.65,,,530.31,350.34,1.55,14.00,33.00,1.10,42978880,2026-09-23T03:02:10Z
C,orig,2f_top100,async_win,128,7,0,0.00,100.00,174.75,318.34,182.77,70.72,64.84,32.00,493.09,245.47,1.55,14.00,33.00,1.10,42979032,2026-09-23T03:02:10Z
C,orig,2f_top500,async,128,7,0,0.00,100.00,86.42,960.33,180.70,779.62,,,1046.75,866.04,1.51,0.00,37.00,1.10,42980124,2026-09-23T03:02:10Z
C,orig,2f_top500,async_win,128,7,0,0.00,100.00,84.97,492.25,175.44,227.22,89.59,15.00,577.22,312.19,1.50,0.00,37.00,1.10,42981152,2026-09-23T03:02:10Z
C,orig,2f_slru,async,128,7,0,0.00,100.00,87.31,950.48,179.27,771.21,,,1037.79,858.52,1.50,0.00,37.00,1.10,42980408,2026-09-23T03:02:11Z
C,orig,2f_slru,async_win,128,7,0,0.00,100.00,89.32,488.96,181.21,220.40,87.34,15.00,578.28,309.72,1.51,0.00,37.00,1.10,42981192,2026-09-23T03:02:11Z
C,orig,leaf_freq_K10,async,128,7,0,0.00,100.00,676.58,253.46,180.31,73.15,,,930.04,749.73,1.55,19.00,29.00,1.10,42979816,2026-09-23T03:02:11Z
C,orig,leaf_freq_K10,async_win,128,7,0,0.00,100.00,555.74,253.11,181.57,11.33,60.20,6.00,808.85,567.07,1.57,19.00,29.00,1.10,42981764,2026-09-23T03:02:11Z
C,orig,leaf_rand_K10,async,128,7,0,0.00,100.00,853.21,257.40,182.32,75.08,,,1110.61,928.29,1.57,20.00,27.00,1.10,42981516,2026-09-23T03:02:12Z
C,orig,leaf_rand_K10,async_win,128,7,0,0.00,100.00,781.25,258.32,181.93,15.73,60.66,10.00,1039.57,796.98,1.57,20.00,27.00,1.10,42981720,2026-09-23T03:02:12Z
C,orig,learned_markov_14,async,128,7,0,0.00,100.00,177.15,260.57,182.49,78.08,,,437.72,255.23,1.56,17.00,32.00,1.10,42981264,2026-09-23T03:02:12Z
C,orig,learned_markov_14,async_win,128,7,0,0.00,100.00,176.10,258.06,181.16,15.96,60.93,9.00,434.16,192.06,1.55,17.00,32.00,1.10,42982888,2026-09-23T03:02:12Z
C,orig,learned_markov_28,async,128,7,0,0.00,100.00,194.32,275.85,181.06,94.79,,,470.17,289.11,1.55,16.00,33.00,1.10,42982220,2026-09-23T03:02:13Z
C,orig,learned_markov_28,async_win,128,7,0,0.00,100.00,173.06,271.65,182.46,27.47,61.72,13.00,444.71,200.53,1.58,16.00,33.00,1.10,42982956,2026-09-23T03:02:13Z
C_hit,orig,layers_5,async,128,7,0,0.00,100.00,561.89,253.35,181.08,72.27,,,815.24,634.16,1.66,38.00,51.00,1.10,42971468,2026-09-23T03:02:13Z
C_hit,orig,layers_5,async_win,128,7,0,0.00,100.00,494.00,250.06,181.70,7.95,60.41,2.00,744.06,501.95,1.65,38.00,51.00,1.09,42972096,2026-09-23T03:02:13Z
C_hit,orig,layers_92,async,128,7,0,0.00,100.00,556.28,377.03,181.01,196.02,,,933.31,752.30,1.67,39.00,53.00,1.09,42972284,2026-09-23T03:02:14Z
C_hit,orig,layers_92,async_win,128,7,0,0.00,100.00,555.89,360.45,177.76,117.58,65.10,87.00,916.34,673.47,1.66,39.00,53.00,1.09,42972524,2026-09-23T03:02:14Z
C_hit,orig,2d,async,128,7,0,0.00,100.00,552.04,248.32,180.37,67.95,,,800.36,619.99,1.65,39.00,53.00,1.09,42973092,2026-09-23T03:02:14Z
C_hit,orig,2d,async_win,128,7,0,0.00,100.00,551.56,250.66,180.82,8.21,61.64,3.00,802.22,559.77,1.64,39.00,53.00,1.09,42974128,2026-09-23T03:02:14Z
C_hit,orig,2e_K10,async,128,7,0,0.00,100.00,556.65,265.51,183.47,82.03,,,822.16,638.68,1.67,39.00,53.00,1.09,42973588,2026-09-23T03:02:15Z
C_hit,orig,2e_K10,async_win,128,7,0,0.00,100.00,555.65,258.13,182.54,14.67,60.92,6.00,813.78,570.32,1.64,39.00,53.00,1.09,42973900,2026-09-23T03:02:15Z
C_hit,orig,2e_K500,async,128,7,0,0.00,44.00,174.33,846.79,181.83,664.96,,,1021.12,839.29,1.57,9.00,61.00,1.09,42973372,2026-09-23T03:02:15Z
C_hit,orig,2e_K500,async_win,128,7,0,0.00,100.00,178.51,627.55,182.77,354.06,90.72,139.00,806.06,532.57,1.56,9.00,61.00,1.09,42975276,2026-09-23T03:02:15Z
C_hit,orig,2f_top14,async,128,7,0,0.00,100.00,558.24,259.42,183.28,76.13,,,817.66,634.37,1.65,39.00,53.00,1.09,42977340,2026-09-23T03:02:16Z
C_hit,orig,2f_top14,async_win,128,7,0,0.00,100.00,559.83,254.71,180.52,14.09,60.10,6.00,814.54,573.92,1.66,39.00,53.00,1.09,42977232,2026-09-23T03:02:16Z
C_hit,orig,2f_top28,async,128,7,0,0.00,100.00,561.24,274.59,180.83,93.76,,,835.83,655.00,1.67,38.00,51.00,1.09,42980000,2026-09-23T03:02:16Z
C_hit,orig,2f_top28,async_win,128,7,0,0.00,100.00,502.28,264.41,180.55,23.00,60.85,8.00,766.69,525.28,1.63,38.00,51.00,1.09,42979132,2026-09-23T03:02:17Z
C_hit,orig,2f_top100,async,128,7,0,0.00,100.00,520.43,367.17,191.00,176.17,,,887.60,696.60,1.67,33.00,53.00,1.09,42979436,2026-09-23T03:02:17Z
C_hit,orig,2f_top100,async_win,128,7,0,0.00,63.00,559.19,335.39,197.43,73.20,64.76,28.00,894.58,632.39,1.64,33.00,53.00,1.09,42978800,2026-09-23T03:02:17Z
C_hit,orig,2f_top500,async,128,7,0,0.00,57.60,178.38,898.18,194.73,703.45,,,1076.56,881.83,1.57,10.00,61.00,1.09,42978960,2026-09-23T03:02:17Z
C_hit,orig,2f_top500,async_win,128,7,0,0.00,32.80,174.92,621.06,186.72,344.90,89.44,138.00,795.98,519.82,1.58,10.00,61.00,1.09,42978924,2026-09-23T03:02:18Z
C_hit,orig,2f_slru,async,128,7,0,0.00,100.00,89.15,1600.50,193.75,1406.74,,,1689.65,1495.89,1.52,0.00,62.00,1.09,42981064,2026-09-23T03:02:18Z
C_hit,orig,2f_slru,async_win,128,7,0,0.00,100.00,89.39,765.92,197.87,407.00,161.04,29.00,855.31,496.39,1.54,0.00,62.00,1.09,42978224,2026-09-23T03:02:18Z
C_hit,orig,leaf_freq_K10,async,128,7,0,0.00,100.00,592.32,277.95,203.98,73.97,,,870.27,666.29,1.65,38.00,51.00,1.16,42965096,2026-09-23T03:02:18Z
C_hit,orig,leaf_freq_K10,async_win,128,7,0,0.00,100.00,568.20,263.14,194.63,9.55,58.97,3.00,831.34,577.75,1.67,38.00,51.00,1.16,42965856,2026-09-23T03:02:19Z
C_hit,orig,leaf_rand_K10,async,128,7,0,0.00,100.00,565.97,269.45,195.21,74.24,,,835.42,640.21,1.67,38.00,51.00,1.16,42968584,2026-09-23T03:02:19Z
C_hit,orig,leaf_rand_K10,async_win,128,7,0,0.00,100.00,503.65,268.35,194.13,15.28,58.94,10.00,772.00,518.93,1.64,38.00,51.00,1.16,42968176,2026-09-23T03:02:19Z
C_hit,orig,learned_markov_14,async,128,7,0,0.00,100.00,494.65,270.42,194.35,76.07,,,765.07,570.72,1.66,39.00,53.00,1.16,42968776,2026-09-23T03:02:19Z
C_hit,orig,learned_markov_14,async_win,128,7,0,0.00,100.00,552.92,268.96,193.58,15.67,59.70,6.00,821.88,568.59,1.66,39.00,53.00,1.16,42967360,2026-09-23T03:02:20Z
C_hit,orig,learned_markov_28,async,128,7,0,0.00,100.00,558.56,289.44,194.40,95.05,,,848.00,653.61,1.64,38.00,51.00,1.16,42968064,2026-09-23T03:02:20Z
C_hit,orig,learned_markov_28,async_win,128,7,0,0.00,100.00,558.74,276.82,193.54,22.28,60.99,8.00,835.56,581.02,1.66,38.00,51.00,1.16,42967704,2026-09-23T03:02:20Z
A,orig,baseline,baseline,128,8,0,0.00,0.00,1021.83,0.00,0.00,0.00,,,1021.83,1021.83,2.11,189.00,265.00,1.16,42968324,2026-09-23T03:02:21Z
B,orig,baseline,baseline,128,8,0,0.00,0.00,842.78,0.00,0.00,0.00,,,842.78,842.78,2.15,187.00,260.00,1.16,42966880,2026-09-23T03:02:21Z
C,orig,baseline,baseline,128,8,0,0.00,0.00,848.46,0.00,0.00,0.00,,,848.46,848.46,1.56,20.00,27.00,1.16,42968136,2026-09-23T03:02:21Z
C_hit,orig,baseline,baseline,128,8,0,0.00,0.00,608.10,0.00,0.00,0.00,,,608.10,608.10,1.67,38.00,51.00,1.16,42968332,2026-09-23T03:02:21Z
A,orig,layers_5,async,128,8,0,0.00,100.00,996.92,295.43,226.10,69.32,,,1292.35,1066.24,2.14,189.00,268.00,1.16,42969160,2026-09-23T03:02:22Z
A,orig,layers_5,async_win,128,8,0,0.00,100.00,1000.26,300.74,230.29,8.28,62.17,2.00,1301.00,1008.54,2.16,189.00,268.00,1.16,42969760,2026-09-23T03:02:22Z
A,orig,layers_92,async,128,8,0,0.00,100.00,592.55,421.68,226.34,195.34,,,1014.23,787.89,2.13,189.00,272.00,1.16,42972220,2026-09-23T03:02:22Z
A,orig,layers_92,async_win,128,8,0,0.00,100.00,593.64,404.64,225.41,112.87,66.36,87.00,998.28,706.51,2.12,189.00,272.00,1.16,42972640,2026-09-23T03:02:23Z
A,orig,2d,async,128,8,0,0.00,100.00,591.32,313.06,226.25,86.80,,,904.38,678.12,2.14,189.00,272.00,1.16,42972272,2026-09-23T03:02:23Z
A,orig,2d,async_win,128,8,0,0.00,100.00,523.33,312.70,227.69,23.32,61.69,13.00,836.03,546.65,2.12,189.00,272.00,1.15,42974020,2026-09-23T03:02:23Z
A,orig,2e_K10,async,128,8,0,0.00,100.00,588.46,323.18,223.79,99.39,,,911.64,687.85,2.14,190.00,283.00,1.15,42967440,2026-09-23T03:02:24Z
A,orig,2e_K10,async_win,128,8,0,0.00,100.00,592.02,321.03,226.06,32.34,62.64,23.00,913.05,624.36,2.12,190.00,283.00,1.15,42967548,2026-09-23T03:02:24Z
A,orig,2e_K500,async,128,8,0,0.00,100.00,632.78,1104.64,223.73,880.91,,,1737.42,1513.69,2.09,194.00,396.00,1.15,42968136,2026-09-23T03:02:24Z
A,orig,2e_K500,async_win,128,8,0,0.00,100.00,638.37,1044.08,226.89,687.97,129.22,471.00,1682.45,1326.34,2.10,194.00,396.00,1.15,42968512,2026-09-23T03:02:24Z
A,orig,2f_top14,async,128,8,0,0.00,100.00,593.25,305.14,224.94,80.20,,,898.39,673.45,2.11,191.00,271.00,1.15,42968900,2026-09-23T03:02:25Z
A,orig,2f_top14,async_win,128,8,0,0.00,100.00,590.24,309.90,226.09,22.34,61.48,13.00,900.14,612.58,2.12,191.00,271.00,1.15,42969120,2026-09-23T03:02:25Z
A,orig,2f_top28,async,128,8,0,0.00,100.00,591.95,323.64,224.95,98.69,,,915.59,690.64,2.13,191.00,290.00,1.15,42969440,2026-09-23T03:02:25Z
A,orig,2f_top28,async_win,128,8,0,0.00,100.00,593.38,326.99,224.88,39.36,62.74,27.00,920.37,632.74,2.17,191.00,290.00,1.15,42969852,2026-09-23T03:02:26Z
A,orig,2f_top100,async,128,8,0,0.00,68.00,593.75,425.88,222.68,203.20,,,1019.63,796.95,2.10,191.00,311.00,1.15,42968388,2026-09-23T03:02:26Z
A,orig,2f_top100,async_win,128,8,0,0.00,100.00,590.08,426.15,235.50,123.85,66.80,98.00,1016.23,713.93,2.13,191.00,312.00,1.15,42968656,2026-09-23T03:02:26Z
A,orig,2f_top500,async,128,8,0,0.00,100.00,637.61,1052.53,234.96,817.57,,,1690.14,1455.18,2.10,193.00,397.00,1.15,42968660,2026-09-23T03:02:27Z
A,orig,2f_top500,async_win,128,8,0,0.00,100.00,634.88,985.02,227.05,668.04,89.94,460.00,1619.90,1302.92,2.11,193.00,398.00,1.15,42969104,2026-09-23T03:02:27Z
A,orig,2f_slru,async,128,8,0,0.00,100.00,96.14,7089.46,223.23,6866.23,,,7185.60,6962.37,1.54,0.00,278.00,1.15,42965236,2026-09-23T03:02:27Z
A,orig,2f_slru,async_win,128,8,0,0.00,84.80,98.98,2612.43,225.03,1995.30,392.10,138.00,2711.41,2094.28,1.55,0.00,278.00,1.15,42966260,2026-09-23T03:02:27Z
A,orig,leaf_freq_K10,async,128,8,0,0.00,100.00,1004.92,301.80,225.75,76.04,,,1306.72,1080.96,2.14,188.00,278.00,1.15,42969108,2026-09-23T03:02:28Z
A,orig,leaf_freq_K10,async_win,128,8,0,0.00,100.00,1006.75,301.89,227.09,14.19,60.61,10.00,1308.64,1020.94,2.13,188.00,278.00,1.15,42984040,2026-09-23T03:02:28Z
A,orig,leaf_rand_K10,async,128,8,0,0.00,100.00,1003.26,300.85,226.14,74.71,,,1304.11,1077.97,2.12,189.00,266.00,1.22,42984576,2026-09-23T03:02:28Z
A,orig,leaf_rand_K10,async_win,128,8,0,0.00,100.00,1000.79,301.31,224.17,15.89,61.24,10.00,1302.10,1016.68,2.15,189.00,266.00,1.22,42985344,2026-09-23T03:02:29Z
A,orig,learned_markov_14,async,128,8,0,0.00,100.00,591.68,303.75,224.60,79.15,,,895.43,670.83,2.11,189.00,273.00,1.22,42986628,2026-09-23T03:02:29Z
A,orig,learned_markov_14,async_win,128,8,0,0.00,100.00,526.63,310.81,231.34,18.77,60.71,13.00,837.44,545.40,2.11,189.00,273.00,1.22,42977156,2026-09-23T03:02:29Z
A,orig,learned_markov_28,async,128,8,0,0.00,100.00,593.23,320.55,224.66,95.89,,,913.78,689.12,2.12,189.00,275.00,1.22,42975596,2026-09-23T03:02:30Z
A,orig,learned_markov_28,async_win,128,8,0,0.00,100.00,521.89,319.41,224.27,33.74,61.40,26.00,841.30,555.63,2.07,189.00,275.00,1.22,42976288,2026-09-23T03:02:30Z
B,orig,layers_5,async,128,8,0,0.00,100.00,867.17,292.93,223.40,69.53,,,1160.10,936.70,2.19,187.00,260.00,1.22,42976312,2026-09-23T03:02:30Z
B,orig,layers_5,async_win,128,8,0,0.00,100.00,900.99,293.70,225.46,7.61,60.62,2.00,1194.69,908.60,2.16,187.00,260.00,1.22,42977476,2026-09-23T03:02:31Z
B,orig,layers_92,async,128,8,0,0.00,100.00,562.72,428.66,226.44,202.22,,,991.38,764.94,2.18,187.00,266.00,1.22,42977848,2026-09-23T03:02:31Z
B,orig,layers_92,async_win,128,8,0,0.00,100.00,527.89,417.44,226.84,125.30,65.30,87.00,945.33,653.19,2.19,187.00,266.00,1.22,42978380,2026-09-23T03:02:31Z
B,orig,2d,async,128,8,0,0.00,100.00,524.16,308.38,223.02,85.36,,,832.54,609.52,2.12,187.00,266.00,1.22,42979200,2026-09-23T03:02:32Z
B,orig,2d,async_win,128,8,0,0.00,100.00,521.58,304.26,226.90,20.47,56.90,13.00,825.84,542.05,2.17,187.00,266.00,1.22,42979240,2026-09-23T03:02:32Z
B,orig,2e_K10,async,128,8,0,0.00,100.00,524.47,280.92,182.27,98.65,,,805.39,623.12,2.18,188.00,267.00,1.22,42979516,2026-09-23T03:02:32Z
B,orig,2e_K10,async_win,128,8,0,0.00,100.00,524.85,280.47,184.29,33.34,62.84,23.00,805.32,558.19,2.18,188.00,267.00,1.22,42981032,2026-09-23T03:02:33Z
B,orig,2e_K500,async,128,8,0,0.00,100.00,182.95,1027.91,191.19,836.72,,,1210.86,1019.67,2.16,187.00,317.00,1.22,42980444,2026-09-23T03:02:33Z
B,orig,2e_K500,async_win,128,8,0,0.00,100.00,182.48,965.65,184.01,690.81,90.83,461.00,1148.13,873.29,2.16,187.00,313.00,1.22,42980496,2026-09-23T03:02:33Z
B,orig,2f_top14,async,128,8,0,0.00,100.00,526.58,265.93,184.04,81.89,,,792.51,608.47,2.18,188.00,266.00,1.20,42971176,2026-09-23T03:02:33Z
B,orig,2f_top14,async_win,128,8,0,0.00,100.00,526.81,262.96,183.17,17.38,62.41,13.00,789.77,544.19,2.17,188.00,266.00,1.20,42968688,2026-09-23T03:02:34Z
B,orig,2f_top28,async,128,8,0,0.00,100.00,526.47,285.13,185.74,99.39,,,811.60,625.86,2.19,188.00,268.00,1.20,42969020,2026-09-23T03:02:34Z
B,orig,2f_top28,async_win,128,8,0,0.00,100.00,522.87,282.91,184.70,35.43,62.79,27.00,805.78,558.30,2.13,188.00,268.00,1.20,42969948,2026-09-23T03:02:34Z
B,orig,2f_top100,async,128,8,0,0.00,100.00,527.77,378.73,185.60,193.13,,,906.50,720.90,2.18,187.00,273.00,1.20,42968712,2026-09-23T03:02:35Z
B,orig,2f_top100,async_win,128,8,0,0.00,100.00,462.02,366.95,185.05,116.46,65.44,97.00,828.97,578.48,2.14,187.00,272.00,1.20,42969576,2026-09-23T03:02:35Z
B,orig,2f_top500,async,128,8,0,0.00,100.00,179.94,990.35,183.07,807.28,,,1170.29,987.22,2.14,187.00,317.00,1.20,42973884,2026-09-23T03:02:35Z
B,orig,2f_top500,async_win,128,8,0,0.00,100.00,181.86,951.13,184.94,676.06,90.13,448.00,1132.99,857.92,2.17,187.00,313.00,1.20,42974860,2026-09-23T03:02:36Z
B,orig,2f_slru,async,128,8,0,0.00,100.00,99.17,7112.75,184.76,6927.99,,,7211.92,7027.16,1.61,0.00,278.00,1.20,42972856,2026-09-23T03:02:36Z
B,orig,2f_slru,async_win,128,8,0,0.00,83.80,96.28,2436.78,182.90,1932.68,321.19,139.00,2533.06,2028.96,1.62,0.00,278.00,1.20,42973304,2026-09-23T03:02:36Z
B,orig,leaf_freq_K10,async,128,8,0,0.00,100.00,871.32,257.98,183.07,74.90,,,1129.30,946.22,2.13,187.00,260.00,1.20,42976584,2026-09-23T03:02:37Z
B,orig,leaf_freq_K10,async_win,128,8,0,0.00,100.00,877.64,256.86,181.95,13.87,61.04,10.00,1134.50,891.51,2.15,187.00,260.00,1.20,42976392,2026-09-23T03:02:37Z
B,orig,leaf_rand_K10,async,128,8,0,0.00,100.00,944.16,260.99,183.97,77.03,,,1205.15,1021.19,2.17,188.00,261.00,1.20,42977256,2026-09-23T03:02:37Z
B,orig,leaf_rand_K10,async_win,128,8,0,0.00,100.00,966.22,262.70,183.96,17.17,61.58,10.00,1228.92,983.39,2.20,188.00,261.00,1.20,42978248,2026-09-23T03:02:37Z
B,orig,learned_markov_14,async,128,8,0,0.00,100.00,528.52,266.76,185.71,81.05,,,795.28,609.57,2.19,187.00,265.00,1.20,42978280,2026-09-23T03:02:38Z
B,orig,learned_markov_14,async_win,128,8,0,0.00,100.00,525.22,267.03,183.56,22.15,61.31,13.00,792.25,547.37,2.12,187.00,265.00,1.20,42978732,2026-09-23T03:02:38Z
B,orig,learned_markov_28,async,128,8,0,0.00,100.00,525.06,284.38,183.50,100.89,,,809.44,625.95,2.16,187.00,265.00,1.18,42980000,2026-09-23T03:02:38Z
B,orig,learned_markov_28,async_win,128,8,0,0.00,100.00,522.97,286.74,185.76,37.25,63.73,27.00,809.71,560.22,2.17,187.00,265.00,1.18,42980156,2026-09-23T03:02:39Z
C,orig,layers_5,async,128,8,0,0.00,100.00,851.03,254.75,184.13,70.62,,,1105.78,921.65,1.57,20.00,27.00,1.18,42980104,2026-09-23T03:02:39Z
C,orig,layers_5,async_win,128,8,0,0.00,100.00,852.98,252.76,182.59,7.67,62.50,2.00,1105.74,860.65,1.62,20.00,27.00,1.18,42980480,2026-09-23T03:02:39Z
C,orig,layers_92,async,128,8,0,0.00,100.00,474.16,390.02,182.85,207.17,,,864.18,681.33,1.57,18.00,30.00,1.18,42981344,2026-09-23T03:02:39Z
C,orig,layers_92,async_win,128,8,0,0.00,100.00,467.20,367.58,182.65,119.39,65.53,87.00,834.78,586.59,1.59,18.00,30.00,1.18,42983636,2026-09-23T03:02:40Z
C,orig,2d,async,128,8,0,0.00,100.00,368.51,250.97,181.98,68.99,,,619.48,437.50,1.57,18.00,30.00,1.18,42984444,2026-09-23T03:02:40Z
C,orig,2d,async_win,128,8,0,0.00,100.00,437.28,246.66,177.76,7.33,61.56,2.00,683.94,444.61,1.57,18.00,30.00,1.18,42984560,2026-09-23T03:02:40Z
C,orig,2e_K10,async,128,8,0,0.00,100.00,173.56,261.85,182.34,79.51,,,435.41,253.07,1.57,17.00,32.00,1.18,42973596,2026-09-23T03:02:41Z
C,orig,2e_K10,async_win,128,8,0,0.00,100.00,176.53,260.65,182.81,15.82,62.02,8.00,437.18,192.35,1.57,17.00,32.00,1.18,42974708,2026-09-23T03:02:41Z
C,orig,2e_K500,async,128,8,0,0.00,68.30,178.38,640.72,181.48,459.23,,,819.10,637.61,1.52,0.00,37.00,1.18,42974520,2026-09-23T03:02:41Z
C,orig,2e_K500,async_win,128,8,0,0.00,100.00,176.29,485.88,180.84,222.37,82.67,90.00,662.17,398.66,1.52,0.00,37.00,1.18,42975504,2026-09-23T03:02:41Z
C,orig,2f_top14,async,128,8,0,0.00,100.00,175.91,259.52,181.86,77.66,,,435.43,253.57,1.57,17.00,32.00,1.18,42975620,2026-09-23T03:02:42Z
C,orig,2f_top14,async_win,128,8,0,0.00,100.00,179.41,262.41,183.15,17.68,61.59,9.00,441.82,197.09,1.59,17.00,32.00,1.18,42975640,2026-09-23T03:02:42Z
C,orig,2f_top28,async,128,8,0,0.00,100.00,174.15,277.73,182.07,95.66,,,451.88,269.81,1.58,16.00,33.00,1.18,42975812,2026-09-23T03:02:42Z
C,orig,2f_top28,async_win,128,8,0,0.00,100.00,174.31,268.67,180.20,27.05,61.41,13.00,442.98,201.36,1.58,16.00,33.00,1.18,42976588,2026-09-23T03:02:42Z
C,orig,2f_top100,async,128,8,0,0.00,100.00,171.92,359.71,180.63,179.08,,,531.63,351.00,1.55,14.00,33.00,1.18,42976192,2026-09-23T03:02:43Z
C,orig,2f_top100,async_win,128,8,0,0.00,100.00,173.56,314.16,179.14,69.28,65.74,32.00,487.72,242.84,1.56,14.00,33.00,1.18,42976480,2026-09-23T03:02:43Z
C,orig,2f_top500,async,128,8,0,0.00,100.00,85.81,947.13,180.78,766.35,,,1032.94,852.16,1.53,0.00,37.00,1.18,42975976,2026-09-23T03:02:43Z
C,orig,2f_top500,async_win,128,8,0,0.00,100.00,83.48,497.48,179.95,227.25,90.28,15.00,580.96,310.73,1.52,0.00,37.00,1.17,42976768,2026-09-23T03:02:43Z
C,orig,2f_slru,async,128,8,0,0.00,100.00,85.74,920.21,179.77,740.44,,,1005.95,826.18,1.53,0.00,37.00,1.17,42977088,2026-09-23T03:02:44Z
C,orig,2f_slru,async_win,128,8,0,0.00,100.00,86.68,503.93,179.20,235.95,88.78,15.00,590.61,322.63,1.52,0.00,37.00,1.17,42977112,2026-09-23T03:02:44Z
C,orig,leaf_freq_K10,async,128,8,0,0.00,100.00,672.36,252.50,180.29,72.22,,,924.86,744.58,1.57,19.00,29.00,1.17,42976520,2026-09-23T03:02:44Z
C,orig,leaf_freq_K10,async_win,128,8,0,0.00,100.00,556.66,255.20,181.58,12.21,61.41,6.00,811.86,568.87,1.57,19.00,29.00,1.17,42977064,2026-09-23T03:02:44Z
C,orig,leaf_rand_K10,async,128,8,0,0.00,100.00,851.02,257.15,181.57,75.58,,,1108.17,926.60,1.57,20.00,27.00,1.17,42976464,2026-09-23T03:02:45Z
C,orig,leaf_rand_K10,async_win,128,8,0,0.00,100.00,854.26,255.70,180.34,14.09,61.28,10.00,1109.96,868.35,1.57,20.00,27.00,1.17,42977384,2026-09-23T03:02:45Z
C,orig,learned_markov_14,async,128,8,0,0.00,100.00,169.86,258.25,179.11,79.14,,,428.11,249.00,1.59,17.00,32.00,1.17,42978300,2026-09-23T03:02:45Z
C,orig,learned_markov_14,async_win,128,8,0,0.00,100.00,175.71,259.81,180.64,17.39,61.78,9.00,435.52,193.10,1.59,17.00,32.00,1.17,42978096,2026-09-23T03:02:45Z
C,orig,learned_markov_28,async,128,8,0,0.00,100.00,170.47,275.79,181.18,94.61,,,446.26,265.08,1.57,16.00,33.00,1.17,42978376,2026-09-23T03:02:46Z
C,orig,learned_markov_28,async_win,128,8,0,0.00,100.00,172.94,267.42,181.46,24.42,61.55,13.00,440.36,197.36,1.58,16.00,33.00,1.17,42965984,2026-09-23T03:02:46Z
C_hit,orig,layers_5,async,128,8,0,0.00,100.00,550.03,246.07,178.36,67.72,,,796.10,617.75,1.65,38.00,51.00,1.17,42966888,2026-09-23T03:02:46Z
C_hit,orig,layers_5,async_win,128,8,0,0.00,100.00,549.04,249.29,180.97,8.00,60.32,2.00,798.33,557.04,1.64,38.00,51.00,1.17,42967624,2026-09-23T03:02:46Z
C_hit,orig,layers_92,async,128,8,0,0.00,100.00,554.70,381.63,181.95,199.68,,,936.33,754.38,1.67,39.00,53.00,1.17,42967436,2026-09-23T03:02:47Z
C_hit,orig,layers_92,async_win,128,8,0,0.00,100.00,557.43,365.30,182.35,117.71,65.23,87.00,922.73,675.14,1.68,39.00,53.00,1.17,42968852,2026-09-23T03:02:47Z
C_hit,orig,2d,async,128,8,0,0.00,100.00,555.76,247.78,179.19,68.60,,,803.54,624.36,1.67,39.00,53.00,1.17,42969000,2026-09-23T03:02:47Z
C_hit,orig,2d,async_win,128,8,0,0.00,100.00,556.42,249.57,181.29,7.91,60.37,3.00,805.99,564.33,1.66,39.00,53.00,1.17,42971044,2026-09-23T03:02:47Z
C_hit,orig,2e_K10,async,128,8,0,0.00,100.00,499.73,269.32,190.89,78.43,,,769.05,578.16,1.66,39.00,53.00,1.17,42969716,2026-09-23T03:02:48Z
C_hit,orig,2e_K10,async_win,128,8,0,0.00,100.00,555.06,259.43,182.70,15.64,61.09,6.00,814.49,570.70,1.66,39.00,53.00,1.17,42970040,2026-09-23T03:02:48Z
C_hit,orig,2e_K500,async,128,8,0,0.00,46.90,176.41,874.76,179.77,695.00,,,1051.17,871.41,1.57,9.00,61.00,1.16,42969068,2026-09-23T03:02:48Z
C_hit,orig,2e_K500,async_win,128,8,0,0.00,39.00,178.96,615.00,181.44,342.92,90.64,139.00,793.96,521.88,1.56,9.00,61.00,1.16,42970052,2026-09-23T03:02:48Z
C_hit,orig,2f_top14,async,128,8,0,0.00,100.00,559.06,258.71,180.53,78.18,,,817.77,637.24,1.70,39.00,53.00,1.16,42988040,2026-09-23T03:02:49Z
C_hit,orig,2f_top14,async_win,128,8,0,0.00,100.00,555.88,258.81,182.75,15.84,60.21,6.00,814.69,571.72,1.66,39.00,53.00,1.16,42988816,2026-09-23T03:02:49Z
C_hit,orig,2f_top28,async,128,8,0,0.00,100.00,559.84,275.42,181.44,93.98,,,835.26,653.82,1.66,38.00,51.00,1.16,42989468,2026-09-23T03:02:49Z
C_hit,orig,2f_top28,async_win,128,8,0,0.00,100.00,512.56,263.62,179.61,23.47,60.53,8.00,776.18,536.03,1.65,38.00,51.00,1.16,42987636,2026-09-23T03:02:50Z
C_hit,orig,2f_top100,async,128,8,0,0.00,100.00,555.45,366.00,193.30,172.69,,,921.45,728.14,1.65,33.00,53.00,1.16,42988744,2026-09-23T03:02:50Z
C_hit,orig,2f_top100,async_win,128,8,0,0.00,100.00,516.24,323.99,190.35,69.51,64.13,28.00,840.23,585.75,1.64,33.00,53.00,1.16,42988796,2026-09-23T03:02:50Z
C_hit,orig,2f_top500,async,128,8,0,0.00,44.40,179.65,838.19,194.99,643.20,,,1017.84,822.85,1.57,10.00,61.00,1.16,42988316,2026-09-23T03:02:50Z
C_hit,orig,2f_top500,async_win,128,8,0,0.00,100.00,176.44,633.83,193.09,349.37,91.37,138.00,810.27,525.81,1.59,10.00,61.00,1.16,42988312,2026-09-23T03:02:51Z
C_hit,orig,2f_slru,async,128,8,0,0.00,100.00,90.24,1587.68,194.52,1393.17,,,1677.92,1483.41,1.54,0.00,62.00,1.16,42990336,2026-09-23T03:02:51Z
C_hit,orig,2f_slru,async_win,128,8,0,0.00,100.00,88.45,760.46,190.77,409.42,160.27,29.00,848.91,497.87,1.53,0.00,62.00,1.16,42989608,2026-09-23T03:02:51Z
C_hit,orig,leaf_freq_K10,async,128,8,0,0.00,100.00,592.44,258.28,186.96,71.31,,,850.72,663.75,1.67,38.00,51.00,1.16,42989652,2026-09-23T03:02:51Z
C_hit,orig,leaf_freq_K10,async_win,128,8,0,0.00,100.00,569.54,265.13,193.25,10.91,60.96,3.00,834.67,580.45,1.65,38.00,51.00,1.16,42990732,2026-09-23T03:02:52Z
C_hit,orig,leaf_rand_K10,async,128,8,0,0.00,100.00,567.99,265.27,192.65,72.62,,,833.26,640.61,1.66,38.00,51.00,1.16,42991148,2026-09-23T03:02:52Z
C_hit,orig,leaf_rand_K10,async_win,128,8,0,0.00,100.00,566.47,268.88,192.50,17.12,59.25,10.00,835.35,583.59,1.65,38.00,51.00,1.16,42991192,2026-09-23T03:02:52Z
C_hit,orig,learned_markov_14,async,128,8,0,0.00,100.00,497.27,270.31,193.46,76.84,,,767.58,574.11,1.65,39.00,53.00,1.16,42991624,2026-09-23T03:02:52Z
C_hit,orig,learned_markov_14,async_win,128,8,0,0.00,100.00,553.17,269.72,194.25,15.42,60.04,6.00,822.89,568.59,1.64,39.00,53.00,1.16,42992272,2026-09-23T03:02:53Z
C_hit,orig,learned_markov_28,async,128,8,0,0.00,100.00,557.96,288.02,194.19,93.83,,,845.98,651.79,1.65,38.00,51.00,1.16,42992536,2026-09-23T03:02:53Z
C_hit,orig,learned_markov_28,async_win,128,8,0,0.00,100.00,506.52,274.60,190.48,23.50,60.62,8.00,781.12,530.02,1.68,38.00,51.00,1.14,42992732,2026-09-23T03:02:53Z
A,orig,baseline,baseline,128,9,0,0.00,0.00,1018.94,0.00,0.00,0.00,,,1018.94,1018.94,2.15,189.00,265.00,1.14,42993384,2026-09-23T03:02:54Z
B,orig,baseline,baseline,128,9,0,0.00,0.00,911.88,0.00,0.00,0.00,,,911.88,911.88,2.18,187.00,260.00,1.14,42994164,2026-09-23T03:02:54Z
C,orig,baseline,baseline,128,9,0,0.00,0.00,892.17,0.00,0.00,0.00,,,892.17,892.17,1.57,20.00,27.00,1.14,42983876,2026-09-23T03:02:54Z
C_hit,orig,baseline,baseline,128,9,0,0.00,0.00,584.74,0.00,0.00,0.00,,,584.74,584.74,1.66,38.00,51.00,1.14,42985340,2026-09-23T03:02:54Z
A,orig,layers_5,async,128,9,0,0.00,100.00,996.28,295.29,225.14,70.14,,,1291.57,1066.42,2.17,189.00,268.00,1.14,42983836,2026-09-23T03:02:55Z
A,orig,layers_5,async_win,128,9,0,0.00,100.00,990.76,315.05,244.69,7.17,63.19,2.00,1305.81,997.93,2.13,189.00,268.00,1.14,42983548,2026-09-23T03:02:55Z
A,orig,layers_92,async,128,9,0,0.00,95.70,1215.04,1568.36,1117.54,450.82,,,2783.40,1665.86,2.81,189.00,272.00,1.14,42985860,2026-09-23T03:02:55Z
A,orig,layers_92,async_win,128,9,0,0.00,98.90,1309.31,1440.10,789.79,112.68,537.62,87.00,2749.41,1421.99,2.79,189.00,272.00,1.14,42985644,2026-09-23T03:02:56Z
A,orig,2d,async,128,9,0,0.00,100.00,525.36,311.83,226.06,85.76,,,837.19,611.12,2.10,189.00,272.00,1.14,42986084,2026-09-23T03:02:56Z
A,orig,2d,async_win,128,9,0,0.00,100.00,595.12,310.28,225.37,22.51,62.40,13.00,905.40,617.63,2.13,189.00,272.00,1.14,42986380,2026-09-23T03:02:56Z
A,orig,2e_K10,async,128,9,0,0.00,100.00,588.34,319.53,223.77,95.76,,,907.87,684.10,2.13,190.00,283.00,1.14,42964984,2026-09-23T03:02:57Z
A,orig,2e_K10,async_win,128,9,0,0.00,100.00,589.04,320.39,226.42,31.82,62.16,23.00,909.43,620.86,2.12,190.00,283.00,1.14,42965000,2026-09-23T03:02:57Z
A,orig,2e_K500,async,128,9,0,0.00,100.00,569.99,1094.92,225.87,869.04,,,1664.91,1439.03,2.10,194.00,397.00,1.14,42965244,2026-09-23T03:02:57Z
A,orig,2e_K500,async_win,128,9,0,0.00,100.00,635.53,1030.84,226.71,676.02,128.11,471.00,1666.37,1311.55,2.09,194.00,395.00,1.14,42966756,2026-09-23T03:02:58Z
A,orig,2f_top14,async,128,9,0,0.00,100.00,594.84,306.56,227.14,79.42,,,901.40,674.26,2.14,191.00,271.00,1.14,42967456,2026-09-23T03:02:58Z
A,orig,2f_top14,async_win,128,9,0,0.00,100.00,593.20,308.85,226.63,19.54,62.69,13.00,902.05,612.74,2.13,191.00,271.00,1.13,42966972,2026-09-23T03:02:58Z
A,orig,2f_top28,async,128,9,0,0.00,100.00,590.10,323.72,226.83,96.89,,,913.82,686.99,2.11,191.00,290.00,1.13,42969140,2026-09-23T03:02:59Z
A,orig,2f_top28,async_win,128,9,0,0.00,100.00,588.76,321.55,225.19,33.57,62.79,27.00,910.31,622.33,2.10,191.00,290.00,1.13,42969600,2026-09-23T03:02:59Z
A,orig,2f_top100,async,128,9,0,0.00,100.00,585.59,422.58,229.07,193.51,,,1008.17,779.10,2.12,191.00,310.00,1.13,42969200,2026-09-23T03:02:59Z
A,orig,2f_top100,async_win,128,9,0,0.00,100.00,590.01,413.85,227.62,119.72,66.52,98.00,1003.86,709.73,2.13,191.00,311.00,1.13,42971500,2026-09-23T03:02:59Z
A,orig,2f_top500,async,128,9,0,0.00,100.00,635.43,1034.91,224.54,810.37,,,1670.34,1445.80,2.10,193.00,398.00,1.13,42971248,2026-09-23T03:03:00Z
A,orig,2f_top500,async_win,128,9,0,0.00,100.00,637.81,989.37,224.70,674.19,90.48,460.00,1627.18,1312.00,2.09,193.00,395.00,1.13,42971480,2026-09-23T03:03:00Z
A,orig,2f_slru,async,128,9,0,0.00,100.00,107.16,7105.82,225.18,6880.64,,,7212.98,6987.80,1.57,0.00,278.00,1.13,42970340,2026-09-23T03:03:00Z
A,orig,2f_slru,async_win,128,9,0,0.00,86.20,96.09,2547.79,226.15,1929.57,392.08,138.00,2643.88,2025.66,1.58,0.00,278.00,1.13,42970892,2026-09-23T03:03:01Z
A,orig,leaf_freq_K10,async,128,9,0,0.00,100.00,1002.47,298.05,224.78,73.27,,,1300.52,1075.74,2.17,188.00,278.00,1.13,42972308,2026-09-23T03:03:01Z
A,orig,leaf_freq_K10,async_win,128,9,0,0.00,100.00,1006.62,302.26,226.03,14.93,61.30,10.00,1308.88,1021.55,2.12,188.00,278.00,1.13,42972380,2026-09-23T03:03:01Z
A,orig,leaf_rand_K10,async,128,9,0,0.00,100.00,1006.86,300.80,225.50,75.29,,,1307.66,1082.15,2.14,189.00,266.00,1.13,42972876,2026-09-23T03:03:02Z
A,orig,leaf_rand_K10,async_win,128,9,0,0.00,100.00,1012.77,302.20,226.68,14.15,61.38,10.00,1314.97,1026.92,2.13,189.00,266.00,1.13,42962136,2026-09-23T03:03:02Z
A,orig,learned_markov_14,async,128,9,0,0.00,100.00,526.16,307.83,226.28,81.55,,,833.99,607.71,2.15,189.00,273.00,1.13,42967536,2026-09-23T03:03:02Z
A,orig,learned_markov_14,async_win,128,9,0,0.00,100.00,594.63,304.62,224.78,18.32,61.52,13.00,899.25,612.95,2.15,189.00,273.00,1.13,42968276,2026-09-23T03:03:03Z
A,orig,learned_markov_28,async,128,9,0,0.00,100.00,593.25,324.04,226.28,97.76,,,917.29,691.01,2.15,189.00,275.00,1.13,42967976,2026-09-23T03:03:03Z
A,orig,learned_markov_28,async_win,128,9,0,0.00,100.00,590.65,328.78,232.03,34.05,62.70,26.00,919.43,624.70,2.15,189.00,275.00,1.13,42968464,2026-09-23T03:03:03Z
B,orig,layers_5,async,128,9,0,0.00,100.00,797.66,302.37,233.81,68.56,,,1100.03,866.22,2.15,187.00,260.00,1.12,42969624,2026-09-23T03:03:03Z
B,orig,layers_5,async_win,128,9,0,0.00,100.00,769.42,294.43,225.61,7.48,61.34,2.00,1063.85,776.90,2.17,187.00,260.00,1.12,42969868,2026-09-23T03:03:04Z
B,orig,layers_92,async,128,9,0,0.00,100.00,524.84,416.45,226.56,189.89,,,941.29,714.73,2.18,187.00,266.00,1.12,42969916,2026-09-23T03:03:04Z
B,orig,layers_92,async_win,128,9,0,0.00,100.00,527.63,393.50,225.18,102.70,65.61,87.00,921.13,630.33,2.21,187.00,266.00,1.12,42969052,2026-09-23T03:03:04Z
B,orig,2d,async,128,9,0,0.00,100.00,523.34,307.44,223.78,83.66,,,830.78,607.00,2.18,187.00,266.00,1.12,42969256,2026-09-23T03:03:05Z
B,orig,2d,async_win,128,9,0,0.00,100.00,524.21,309.92,226.36,21.41,62.16,13.00,834.13,545.62,2.20,187.00,266.00,1.12,42969904,2026-09-23T03:03:05Z
B,orig,2e_K10,async,128,9,0,0.00,100.00,462.11,280.62,182.84,97.77,,,742.73,559.88,2.23,188.00,267.00,1.12,42971152,2026-09-23T03:03:05Z
B,orig,2e_K10,async_win,128,9,0,0.00,100.00,526.21,277.01,182.08,32.39,62.54,23.00,803.22,558.60,2.19,188.00,267.00,1.12,42971180,2026-09-23T03:03:06Z
B,orig,2e_K500,async,128,9,0,0.00,100.00,180.89,999.99,180.61,819.38,,,1180.88,1000.27,2.16,187.00,313.00,1.12,42970840,2026-09-23T03:03:06Z
B,orig,2e_K500,async_win,128,9,0,0.00,100.00,182.30,962.82,185.88,686.40,90.54,461.00,1145.12,868.70,2.19,187.00,313.00,1.12,42969756,2026-09-23T03:03:06Z
B,orig,2f_top14,async,128,9,0,0.00,100.00,525.16,262.18,183.59,78.60,,,787.34,603.76,2.21,188.00,266.00,1.12,42970744,2026-09-23T03:03:07Z
B,orig,2f_top14,async_win,128,9,0,0.00,100.00,528.94,269.41,186.63,20.28,62.50,13.00,798.35,549.22,2.20,188.00,266.00,1.12,42971980,2026-09-23T03:03:07Z
B,orig,2f_top28,async,128,9,0,0.00,100.00,525.02,281.84,182.49,99.35,,,806.86,624.37,2.22,188.00,268.00,1.12,42958312,2026-09-23T03:03:07Z
B,orig,2f_top28,async_win,128,9,0,0.00,100.00,527.83,279.32,183.79,33.17,62.36,27.00,807.15,561.00,2.19,188.00,268.00,1.12,42959764,2026-09-23T03:03:08Z
B,orig,2f_top100,async,128,9,0,0.00,100.00,529.25,378.54,185.40,193.14,,,907.79,722.39,2.19,187.00,272.00,1.12,42959592,2026-09-23T03:03:08Z
B,orig,2f_top100,async_win,128,9,0,0.00,100.00,461.95,365.22,183.59,112.30,69.32,97.00,827.17,574.25,2.16,187.00,272.00,1.11,42959208,2026-09-23T03:03:08Z
B,orig,2f_top500,async,128,9,0,0.00,100.00,180.12,994.80,182.80,812.00,,,1174.92,992.12,2.17,187.00,309.00,1.11,42960156,2026-09-23T03:03:09Z
B,orig,2f_top500,async_win,128,9,0,0.00,100.00,181.85,943.05,184.63,667.97,90.46,448.00,1124.90,849.82,2.20,187.00,314.00,1.11,42960540,2026-09-23T03:03:09Z
B,orig,2f_slru,async,128,9,0,0.00,100.00,98.69,7056.98,186.74,6870.24,,,7155.67,6968.93,1.62,0.00,278.00,1.11,42977684,2026-09-23T03:03:09Z
B,orig,2f_slru,async_win,128,9,0,0.00,96.40,99.20,2607.80,184.27,2099.46,324.08,139.00,2707.00,2198.66,1.62,0.00,278.00,1.11,42979316,2026-09-23T03:03:09Z
B,orig,leaf_freq_K10,async,128,9,0,0.00,100.00,971.93,258.25,182.48,75.76,,,1230.18,1047.69,2.18,187.00,260.00,1.11,42981544,2026-09-23T03:03:10Z
B,orig,leaf_freq_K10,async_win,128,9,0,0.00,100.00,911.89,270.69,192.67,15.64,62.38,10.00,1182.58,927.53,2.19,187.00,260.00,1.11,42982148,2026-09-23T03:03:10Z
B,orig,leaf_rand_K10,async,128,9,0,0.00,100.00,918.23,262.66,184.04,78.63,,,1180.89,996.86,2.20,188.00,261.00,1.11,42984844,2026-09-23T03:03:10Z
B,orig,leaf_rand_K10,async_win,128,9,0,0.00,100.00,947.29,259.38,182.64,15.06,61.68,10.00,1206.67,962.35,2.21,188.00,261.00,1.11,42984584,2026-09-23T03:03:11Z
B,orig,learned_markov_14,async,128,9,0,0.00,100.00,530.89,267.34,184.67,82.67,,,798.23,613.56,2.19,187.00,265.00,1.11,42985072,2026-09-23T03:03:11Z
B,orig,learned_markov_14,async_win,128,9,0,0.00,100.00,529.06,264.78,183.83,18.64,62.32,13.00,793.84,547.70,2.21,187.00,265.00,1.11,42985252,2026-09-23T03:03:11Z
B,orig,learned_markov_28,async,128,9,0,0.00,100.00,521.64,291.62,190.03,101.59,,,813.26,623.23,2.18,187.00,265.00,1.11,42988972,2026-09-23T03:03:12Z
B,orig,learned_markov_28,async_win,128,9,0,0.00,100.00,527.83,285.73,183.82,39.05,62.86,27.00,813.56,566.88,2.17,187.00,265.00,1.11,42989744,2026-09-23T03:03:12Z
C,orig,layers_5,async,128,9,0,0.00,100.00,790.11,257.11,187.22,69.89,,,1047.22,860.00,1.60,20.00,27.00,1.11,42991880,2026-09-23T03:03:12Z
C,orig,layers_5,async_win,128,9,0,0.00,100.00,816.39,253.81,183.88,7.91,62.03,2.00,1070.20,824.30,1.59,20.00,27.00,1.11,42992252,2026-09-23T03:03:12Z
C,orig,layers_92,async,128,9,0,0.00,100.00,470.81,383.03,185.05,197.98,,,853.84,668.79,1.58,18.00,30.00,1.11,42991864,2026-09-23T03:03:13Z
C,orig,layers_92,async_win,128,9,0,0.00,100.00,467.48,365.48,183.29,117.20,64.98,87.00,832.96,584.68,1.59,18.00,30.00,1.11,42992196,2026-09-23T03:03:13Z
C,orig,2d,async,128,9,0,0.00,100.00,469.05,250.00,181.94,68.06,,,719.05,537.11,1.60,18.00,30.00,1.18,42988948,2026-09-23T03:03:13Z
C,orig,2d,async_win,128,9,0,0.00,100.00,439.12,249.76,181.70,6.62,61.44,2.00,688.88,445.74,1.59,18.00,30.00,1.18,42990168,2026-09-23T03:03:14Z
C,orig,2e_K10,async,128,9,0,0.00,100.00,172.74,259.77,180.65,79.12,,,432.51,251.86,1.58,17.00,32.00,1.18,42990296,2026-09-23T03:03:14Z
C,orig,2e_K10,async_win,128,9,0,0.00,100.00,176.89,256.44,180.09,14.46,61.90,8.00,433.33,191.35,1.62,17.00,32.00,1.18,42990884,2026-09-23T03:03:14Z
C,orig,2e_K500,async,128,9,0,0.00,65.40,172.06,644.18,179.56,464.62,,,816.24,636.68,1.53,0.00,37.00,1.18,42992372,2026-09-23T03:03:14Z
C,orig,2e_K500,async_win,128,9,0,0.00,42.30,170.15,488.66,181.62,226.83,80.21,90.00,658.81,396.98,1.56,0.00,37.00,1.18,42981012,2026-09-23T03:03:15Z
C,orig,2f_top14,async,128,9,0,0.00,100.00,175.29,262.87,182.68,80.18,,,438.16,255.47,1.61,17.00,32.00,1.18,42979756,2026-09-23T03:03:15Z
C,orig,2f_top14,async_win,128,9,0,0.00,100.00,176.32,260.58,182.11,17.55,60.91,9.00,436.90,193.87,1.59,17.00,32.00,1.18,42982248,2026-09-23T03:03:15Z
C,orig,2f_top28,async,128,9,0,0.00,100.00,172.67,275.95,181.64,94.31,,,448.62,266.98,1.57,16.00,33.00,1.18,42982692,2026-09-23T03:03:15Z
C,orig,2f_top28,async_win,128,9,0,0.00,100.00,174.71,271.16,181.89,27.46,61.81,13.00,445.87,202.17,1.58,16.00,33.00,1.18,42981904,2026-09-23T03:03:16Z
C,orig,2f_top100,async,128,9,0,0.00,100.00,174.43,358.56,180.60,177.96,,,532.99,352.39,1.58,14.00,33.00,1.18,42982272,2026-09-23T03:03:16Z
C,orig,2f_top100,async_win,128,9,0,0.00,100.00,176.04,326.86,182.27,75.36,69.23,32.00,502.90,251.40,1.58,14.00,33.00,1.18,42983408,2026-09-23T03:03:16Z
C,orig,2f_top500,async,128,9,0,0.00,100.00,89.10,915.10,180.48,734.62,,,1004.20,823.72,1.53,0.00,37.00,1.18,42984616,2026-09-23T03:03:16Z
C,orig,2f_top500,async_win,128,9,0,0.00,100.00,88.86,503.61,181.16,228.30,94.15,15.00,592.47,317.16,1.55,0.00,37.00,1.18,42985172,2026-09-23T03:03:17Z
C,orig,2f_slru,async,128,9,0,0.00,100.00,88.18,937.53,181.75,755.78,,,1025.71,843.96,1.54,0.00,37.00,1.18,42985488,2026-09-23T03:03:17Z
C,orig,2f_slru,async_win,128,9,0,0.00,100.00,87.33,494.23,181.78,223.74,88.71,15.00,581.56,311.07,1.54,0.00,37.00,1.18,42985352,2026-09-23T03:03:17Z
C,orig,leaf_freq_K10,async,128,9,0,0.00,100.00,672.89,254.43,180.35,74.08,,,927.32,746.97,1.59,19.00,29.00,1.18,42985036,2026-09-23T03:03:17Z
C,orig,leaf_freq_K10,async_win,128,9,0,0.00,100.00,558.93,256.55,182.02,13.75,60.78,6.00,815.48,572.68,1.61,19.00,29.00,1.18,42984672,2026-09-23T03:03:18Z
C,orig,leaf_rand_K10,async,128,9,0,0.00,100.00,852.51,253.59,179.97,73.62,,,1106.10,926.13,1.60,20.00,27.00,1.18,42984616,2026-09-23T03:03:18Z
C,orig,leaf_rand_K10,async_win,128,9,0,0.00,100.00,852.78,254.54,178.48,15.13,60.93,10.00,1107.32,867.91,1.59,20.00,27.00,1.18,42984412,2026-09-23T03:03:18Z
C,orig,learned_markov_14,async,128,9,0,0.00,100.00,173.00,264.37,185.19,79.18,,,437.37,252.18,1.61,17.00,32.00,1.17,42985872,2026-09-23T03:03:18Z
C,orig,learned_markov_14,async_win,128,9,0,0.00,100.00,172.29,265.31,185.26,18.37,61.68,9.00,437.60,190.66,1.59,17.00,32.00,1.17,42982448,2026-09-23T03:03:19Z
C,orig,learned_markov_28,async,128,9,0,0.00,100.00,176.32,272.24,180.58,91.66,,,448.56,267.98,1.60,16.00,33.00,1.17,42987136,2026-09-23T03:03:19Z
C,orig,learned_markov_28,async_win,128,9,0,0.00,100.00,172.28,269.63,180.74,26.49,62.40,13.00,441.91,198.77,1.58,16.00,33.00,1.17,42987552,2026-09-23T03:03:19Z
C_hit,orig,layers_5,async,128,9,0,0.00,100.00,553.08,251.76,181.94,69.82,,,804.84,622.90,1.67,38.00,51.00,1.17,42989440,2026-09-23T03:03:19Z
C_hit,orig,layers_5,async_win,128,9,0,0.00,100.00,554.32,247.47,180.07,6.99,60.40,2.00,801.79,561.31,1.70,38.00,51.00,1.17,42989696,2026-09-23T03:03:20Z
C_hit,orig,layers_92,async,128,9,0,0.00,100.00,556.98,377.04,181.80,195.24,,,934.02,752.22,1.67,39.00,53.00,1.17,42989604,2026-09-23T03:03:20Z
C_hit,orig,layers_92,async_win,128,9,0,0.00,100.00,552.35,360.40,181.15,114.28,64.96,87.00,912.75,666.63,1.67,39.00,53.00,1.17,42990504,2026-09-23T03:03:20Z
C_hit,orig,2d,async,128,9,0,0.00,100.00,550.47,247.51,179.26,68.26,,,797.98,618.73,1.67,39.00,53.00,1.17,42990296,2026-09-23T03:03:20Z
C_hit,orig,2d,async_win,128,9,0,0.00,100.00,555.62,249.45,179.78,8.46,61.22,3.00,805.07,564.08,1.67,39.00,53.00,1.17,42990976,2026-09-23T03:03:21Z
C_hit,orig,2e_K10,async,128,9,0,0.00,100.00,499.04,259.11,178.31,80.79,,,758.15,579.83,1.69,39.00,53.00,1.17,42992028,2026-09-23T03:03:21Z
C_hit,orig,2e_K10,async_win,128,9,0,0.00,100.00,550.00,257.99,181.33,16.05,60.60,6.00,807.99,566.05,1.67,39.00,53.00,1.17,42991712,2026-09-23T03:03:21Z
C_hit,orig,2e_K500,async,128,9,0,0.00,48.70,173.96,894.43,180.16,714.27,,,1068.39,888.23,1.58,9.00,61.00,1.17,42988852,2026-09-23T03:03:22Z
C_hit,orig,2e_K500,async_win,128,9,0,0.00,100.00,177.15,615.59,181.15,343.25,91.19,139.00,792.74,520.40,1.58,9.00,61.00,1.17,42989192,2026-09-23T03:03:22Z
C_hit,orig,2f_top14,async,128,9,0,0.00,100.00,560.93,255.48,178.79,76.69,,,816.41,637.62,1.71,39.00,53.00,1.17,42990336,2026-09-23T03:03:22Z
C_hit,orig,2f_top14,async_win,128,9,0,0.00,100.00,552.59,256.83,181.38,15.36,60.09,6.00,809.42,567.95,1.66,39.00,53.00,1.17,42990328,2026-09-23T03:03:22Z
C_hit,orig,2f_top28,async,128,9,0,0.00,100.00,551.90,275.09,179.09,96.00,,,826.99,647.90,1.66,38.00,51.00,1.17,42990176,2026-09-23T03:03:23Z
C_hit,orig,2f_top28,async_win,128,9,0,0.00,100.00,518.91,264.94,180.54,23.70,60.70,8.00,783.85,542.61,1.65,38.00,51.00,1.17,42990236,2026-09-23T03:03:23Z
C_hit,orig,2f_top100,async,128,9,0,0.00,100.00,553.36,374.70,195.76,178.95,,,928.06,732.31,1.65,33.00,53.00,1.17,42989704,2026-09-23T03:03:23Z
C_hit,orig,2f_top100,async_win,128,9,0,0.00,100.00,553.46,320.22,191.41,68.86,59.95,28.00,873.68,622.32,1.65,33.00,53.00,1.15,42990568,2026-09-23T03:03:23Z
C_hit,orig,2f_top500,async,128,9,0,0.00,45.60,174.58,847.63,190.28,657.36,,,1022.21,831.94,1.61,10.00,61.00,1.15,42988728,2026-09-23T03:03:24Z
C_hit,orig,2f_top500,async_win,128,9,0,0.00,32.80,175.47,623.46,192.52,341.74,89.20,138.00,798.93,517.21,1.60,10.00,61.00,1.15,42980516,2026-09-23T03:03:24Z
C_hit,orig,2f_slru,async,128,9,0,0.00,100.00,90.33,1687.07,186.58,1500.49,,,1777.40,1590.82,1.57,0.00,62.00,1.15,42977940,2026-09-23T03:03:24Z
C_hit,orig,2f_slru,async_win,128,9,0,0.00,96.50,92.52,760.04,192.62,405.50,161.91,29.00,852.56,498.02,1.56,0.00,62.00,1.15,42979896,2026-09-23T03:03:24Z
C_hit,orig,leaf_freq_K10,async,128,9,0,0.00,100.00,595.13,268.11,195.97,72.15,,,863.24,667.28,1.68,38.00,51.00,1.15,42979776,2026-09-23T03:03:25Z
C_hit,orig,leaf_freq_K10,async_win,128,9,0,0.00,100.00,567.63,261.92,192.64,9.96,59.32,3.00,829.55,577.59,1.67,38.00,51.00,1.15,42979852,2026-09-23T03:03:25Z
C_hit,orig,leaf_rand_K10,async,128,9,0,0.00,100.00,567.12,270.76,196.94,73.82,,,837.88,640.94,1.67,38.00,51.00,1.15,42981192,2026-09-23T03:03:25Z
C_hit,orig,leaf_rand_K10,async_win,128,9,0,0.00,100.00,561.10,266.80,193.08,14.15,59.57,10.00,827.90,575.25,1.68,38.00,51.00,1.15,42981480,2026-09-23T03:03:25Z
C_hit,orig,learned_markov_14,async,128,9,0,0.00,100.00,495.84,268.30,190.68,77.62,,,764.14,573.46,1.68,39.00,53.00,1.15,42981412,2026-09-23T03:03:26Z
C_hit,orig,learned_markov_14,async_win,128,9,0,0.00,100.00,555.27,268.43,193.18,15.75,59.50,6.00,823.70,571.02,1.67,39.00,53.00,1.15,42983232,2026-09-23T03:03:26Z
C_hit,orig,learned_markov_28,async,128,9,0,0.00,100.00,554.81,287.00,194.10,92.89,,,841.81,647.70,1.66,38.00,51.00,1.15,42982928,2026-09-23T03:03:26Z
C_hit,orig,learned_markov_28,async_win,128,9,0,0.00,100.00,502.15,277.99,193.62,24.18,60.19,8.00,780.14,526.33,1.67,38.00,51.00,1.15,42983932,2026-09-23T03:03:27Z
A,orig,baseline,baseline,128,10,0,0.00,0.00,874.96,0.00,0.00,0.00,,,874.96,874.96,2.11,189.00,265.00,1.15,42983416,2026-09-23T03:03:27Z
B,orig,baseline,baseline,128,10,0,0.00,0.00,930.49,0.00,0.00,0.00,,,930.49,930.49,2.20,187.00,260.00,1.15,42983556,2026-09-23T03:03:27Z
C,orig,baseline,baseline,128,10,0,0.00,0.00,883.93,0.00,0.00,0.00,,,883.93,883.93,1.59,20.00,27.00,1.15,42982740,2026-09-23T03:03:27Z
C_hit,orig,baseline,baseline,128,10,0,0.00,0.00,584.48,0.00,0.00,0.00,,,584.48,584.48,1.66,38.00,51.00,1.15,42983332,2026-09-23T03:03:28Z
A,orig,layers_5,async,128,10,0,0.00,100.00,994.78,295.31,225.15,70.15,,,1290.09,1064.93,2.17,189.00,268.00,1.15,42983396,2026-09-23T03:03:28Z
A,orig,layers_5,async_win,128,10,0,0.00,100.00,993.08,293.57,224.79,7.55,61.23,2.00,1286.65,1000.63,2.13,189.00,268.00,1.14,42984116,2026-09-23T03:03:28Z
A,orig,layers_92,async,128,10,0,0.00,100.00,595.26,425.91,225.71,200.21,,,1021.17,795.47,2.15,189.00,272.00,1.14,42984852,2026-09-23T03:03:29Z
A,orig,layers_92,async_win,128,10,0,0.00,100.00,592.54,404.98,226.79,111.63,66.56,87.00,997.52,704.17,2.15,189.00,272.00,1.14,42984804,2026-09-23T03:03:29Z
A,orig,2d,async,128,10,0,0.00,100.00,590.76,311.14,224.83,86.31,,,901.90,677.07,2.18,189.00,272.00,1.14,42984416,2026-09-23T03:03:29Z
A,orig,2d,async_win,128,10,0,0.00,100.00,588.82,312.45,225.72,20.33,66.39,13.00,901.27,609.15,2.13,189.00,272.00,1.14,42984388,2026-09-23T03:03:30Z
A,orig,2e_K10,async,128,10,0,0.00,100.00,590.34,322.22,225.91,96.30,,,912.56,686.64,2.13,190.00,283.00,1.14,42998064,2026-09-23T03:03:30Z
A,orig,2e_K10,async_win,128,10,0,0.00,100.00,522.95,321.74,225.82,33.41,62.50,23.00,844.69,556.36,2.13,190.00,283.00,1.14,42999628,2026-09-23T03:03:30Z
A,orig,2e_K500,async,128,10,0,0.00,100.00,634.21,1075.83,224.74,851.09,,,1710.04,1485.30,2.11,194.00,397.00,1.14,43000348,2026-09-23T03:03:30Z
A,orig,2e_K500,async_win,128,10,0,0.00,100.00,634.65,1047.06,224.41,688.35,134.29,471.00,1681.71,1323.00,2.11,194.00,394.00,1.14,43000304,2026-09-23T03:03:31Z
A,orig,2f_top14,async,128,10,0,0.00,100.00,593.63,303.85,224.82,79.03,,,897.48,672.66,2.14,191.00,271.00,1.14,43003880,2026-09-23T03:03:31Z
A,orig,2f_top14,async_win,128,10,0,0.00,100.00,595.29,310.01,227.18,20.61,62.23,13.00,905.30,615.90,2.15,191.00,271.00,1.14,43004688,2026-09-23T03:03:31Z
A,orig,2f_top28,async,128,10,0,0.00,100.00,589.73,322.94,225.62,97.31,,,912.67,687.04,2.16,191.00,290.00,1.14,43004884,2026-09-23T03:03:32Z
A,orig,2f_top28,async_win,128,10,0,0.00,100.00,592.29,328.06,226.75,38.63,62.68,27.00,920.35,630.92,2.16,191.00,290.00,1.14,43005692,2026-09-23T03:03:32Z
A,orig,2f_top100,async,128,10,0,0.00,100.00,588.02,425.58,228.77,196.81,,,1013.60,784.83,2.12,191.00,311.00,1.14,43006192,2026-09-23T03:03:32Z
A,orig,2f_top100,async_win,128,10,0,0.00,100.00,596.76,414.66,225.93,121.64,67.10,98.00,1011.42,718.40,2.13,191.00,312.00,1.14,43006788,2026-09-23T03:03:33Z
A,orig,2f_top500,async,128,10,0,0.00,100.00,564.25,1048.92,226.64,822.29,,,1613.17,1386.54,2.10,193.00,400.00,1.14,43006488,2026-09-23T03:03:33Z
A,orig,2f_top500,async_win,128,10,0,0.00,100.00,635.64,978.18,222.08,664.90,91.20,460.00,1613.82,1300.54,2.11,193.00,396.00,1.13,43006888,2026-09-23T03:03:33Z
A,orig,2f_slru,async,128,10,0,0.00,100.00,96.70,7096.93,223.58,6873.35,,,7193.63,6970.05,1.55,0.00,278.00,1.13,43003660,2026-09-23T03:03:34Z
A,orig,2f_slru,async_win,128,10,0,0.00,79.00,98.17,2531.61,226.65,1910.78,394.18,138.00,2629.78,2008.95,1.55,0.00,278.00,1.13,43004888,2026-09-23T03:03:34Z
A,orig,leaf_freq_K10,async,128,10,0,0.00,100.00,1005.54,300.19,224.74,75.45,,,1305.73,1080.99,2.14,188.00,278.00,1.13,43007116,2026-09-23T03:03:34Z
A,orig,leaf_freq_K10,async_win,128,10,0,0.00,100.00,1021.43,301.05,225.35,14.82,60.87,10.00,1322.48,1036.25,2.16,188.00,278.00,1.13,43007236,2026-09-23T03:03:34Z
A,orig,leaf_rand_K10,async,128,10,0,0.00,100.00,1003.22,303.14,227.20,75.94,,,1306.36,1079.16,2.13,189.00,266.00,1.13,43007052,2026-09-23T03:03:35Z
A,orig,leaf_rand_K10,async_win,128,10,0,0.00,100.00,1010.50,303.10,227.33,14.89,60.88,10.00,1313.60,1025.39,2.18,189.00,266.00,1.13,42976436,2026-09-23T03:03:35Z
A,orig,learned_markov_14,async,128,10,0,0.00,100.00,595.33,313.54,226.88,86.66,,,908.87,681.99,2.15,189.00,273.00,1.13,42978368,2026-09-23T03:03:35Z
A,orig,learned_markov_14,async_win,128,10,0,0.00,100.00,593.52,304.97,224.28,19.56,61.13,13.00,898.49,613.08,2.14,189.00,272.00,1.13,42977712,2026-09-23T03:03:36Z
A,orig,learned_markov_28,async,128,10,0,0.00,100.00,593.07,324.78,229.03,95.75,,,917.85,688.82,2.14,189.00,275.00,1.13,42975244,2026-09-23T03:03:36Z
A,orig,learned_markov_28,async_win,128,10,0,0.00,100.00,593.91,322.26,223.51,36.37,62.39,26.00,916.17,630.28,2.17,189.00,275.00,1.13,42974692,2026-09-23T03:03:36Z
B,orig,layers_5,async,128,10,0,0.00,100.00,937.24,292.76,223.99,68.77,,,1230.00,1006.01,2.19,187.00,260.00,1.13,42975484,2026-09-23T03:03:37Z
B,orig,layers_5,async_win,128,10,0,0.00,100.00,847.06,293.65,225.26,7.54,60.84,2.00,1140.71,854.60,2.19,187.00,260.00,1.13,42975772,2026-09-23T03:03:37Z
B,orig,layers_92,async,128,10,0,0.00,100.00,528.79,419.29,225.42,193.87,,,948.08,722.66,2.19,187.00,266.00,1.13,42974756,2026-09-23T03:03:37Z
B,orig,layers_92,async_win,128,10,0,0.00,100.00,525.63,409.19,223.96,120.18,65.05,87.00,934.82,645.81,2.17,187.00,266.00,1.13,42974208,2026-09-23T03:03:38Z
B,orig,2d,async,128,10,0,0.00,100.00,523.66,310.83,226.19,84.64,,,834.49,608.30,2.21,187.00,266.00,1.13,42973784,2026-09-23T03:03:38Z
B,orig,2d,async_win,128,10,0,0.00,100.00,524.49,310.45,224.66,24.27,61.52,13.00,834.94,548.76,2.20,187.00,266.00,1.12,42974852,2026-09-23T03:03:38Z
B,orig,2e_K10,async,128,10,0,0.00,100.00,524.14,285.04,183.19,101.84,,,809.18,625.98,2.20,188.00,267.00,1.12,42975572,2026-09-23T03:03:39Z
B,orig,2e_K10,async_win,128,10,0,0.00,100.00,525.56,278.76,181.70,34.30,62.77,23.00,804.32,559.86,2.20,188.00,267.00,1.12,42975784,2026-09-23T03:03:39Z
B,orig,2e_K500,async,128,10,0,0.00,100.00,178.64,1023.38,180.46,842.92,,,1202.02,1021.56,2.17,187.00,311.00,1.12,42977816,2026-09-23T03:03:39Z
B,orig,2e_K500,async_win,128,10,0,0.00,100.00,185.53,958.75,186.69,680.99,91.07,461.00,1144.28,866.52,2.16,187.00,315.00,1.12,42979044,2026-09-23T03:03:40Z
B,orig,2f_top14,async,128,10,0,0.00,100.00,522.39,263.82,181.64,82.17,,,786.21,604.56,2.16,188.00,266.00,1.12,42979740,2026-09-23T03:03:40Z
B,orig,2f_top14,async_win,128,10,0,0.00,100.00,523.99,265.34,183.08,20.13,62.13,13.00,789.33,544.12,2.19,188.00,266.00,1.12,42958376,2026-09-23T03:03:40Z
B,orig,2f_top28,async,128,10,0,0.00,100.00,523.75,287.74,184.31,103.44,,,811.49,627.19,2.19,188.00,268.00,1.12,42963136,2026-09-23T03:03:40Z
B,orig,2f_top28,async_win,128,10,0,0.00,100.00,523.95,283.45,183.35,36.75,63.35,27.00,807.40,560.70,2.20,188.00,268.00,1.12,42963996,2026-09-23T03:03:41Z
B,orig,2f_top100,async,128,10,0,0.00,100.00,526.84,392.01,183.65,208.36,,,918.85,735.20,2.19,187.00,272.00,1.12,42964264,2026-09-23T03:03:41Z
B,orig,2f_top100,async_win,128,10,0,0.00,100.00,526.32,370.66,184.12,120.41,66.14,97.00,896.98,646.73,2.16,187.00,272.00,1.12,42964696,2026-09-23T03:03:41Z
B,orig,2f_top500,async,128,10,0,0.00,100.00,180.95,992.46,182.67,809.78,,,1173.41,990.73,2.16,187.00,314.00,1.12,42965056,2026-09-23T03:03:42Z
B,orig,2f_top500,async_win,128,10,0,0.00,100.00,181.78,941.23,183.91,667.10,90.23,448.00,1123.01,848.88,2.18,187.00,316.00,1.12,42965072,2026-09-23T03:03:42Z
B,orig,2f_slru,async,128,10,0,0.00,100.00,95.30,7078.53,182.99,6895.53,,,7173.83,6990.83,1.61,0.00,278.00,1.12,42963772,2026-09-23T03:03:42Z
B,orig,2f_slru,async_win,128,10,0,0.00,88.40,95.31,2522.60,182.66,2016.76,323.18,139.00,2617.91,2112.07,1.61,0.00,278.00,1.12,42964620,2026-09-23T03:03:43Z
B,orig,leaf_freq_K10,async,128,10,0,0.00,100.00,812.19,256.86,180.93,75.93,,,1069.05,888.12,2.17,187.00,260.00,1.12,42967068,2026-09-23T03:03:43Z
B,orig,leaf_freq_K10,async_win,128,10,0,0.00,100.00,945.68,260.34,182.12,15.84,62.38,10.00,1206.02,961.52,2.19,187.00,260.00,1.11,42966828,2026-09-23T03:03:43Z
B,orig,leaf_rand_K10,async,128,10,0,0.00,100.00,921.51,259.94,183.84,76.10,,,1181.45,997.61,2.19,188.00,261.00,1.11,42967924,2026-09-23T03:03:44Z
B,orig,leaf_rand_K10,async_win,128,10,0,0.00,100.00,946.63,260.96,183.23,16.59,61.13,10.00,1207.59,963.22,2.19,188.00,261.00,1.11,42968884,2026-09-23T03:03:44Z
B,orig,learned_markov_14,async,128,10,0,0.00,100.00,461.12,263.06,182.38,80.68,,,724.18,541.80,2.15,187.00,265.00,1.11,42970040,2026-09-23T03:03:44Z
B,orig,learned_markov_14,async_win,128,10,0,0.00,100.00,464.03,263.88,183.29,19.26,61.33,13.00,727.91,483.29,2.17,187.00,265.00,1.11,42970552,2026-09-23T03:03:45Z
B,orig,learned_markov_28,async,128,10,0,0.00,100.00,525.69,280.26,182.79,97.46,,,805.95,623.15,2.19,187.00,266.00,1.11,42970404,2026-09-23T03:03:45Z
B,orig,learned_markov_28,async_win,128,10,0,0.00,100.00,522.72,282.55,183.34,37.06,62.15,27.00,805.27,559.78,2.13,187.00,265.00,1.11,42970632,2026-09-23T03:03:45Z
C,orig,layers_5,async,128,10,0,0.00,100.00,850.75,251.17,182.34,68.83,,,1101.92,919.58,1.58,20.00,27.00,1.11,42963828,2026-09-23T03:03:45Z
C,orig,layers_5,async_win,128,10,0,0.00,100.00,816.57,251.16,182.76,7.14,61.26,2.00,1067.73,823.71,1.60,20.00,27.00,1.11,42964612,2026-09-23T03:03:46Z
C,orig,layers_92,async,128,10,0,0.00,100.00,470.77,379.79,183.83,195.97,,,850.56,666.74,1.60,18.00,30.00,1.11,42964632,2026-09-23T03:03:46Z
C,orig,layers_92,async_win,128,10,0,0.00,100.00,468.30,358.98,182.04,111.49,65.44,87.00,827.28,579.79,1.60,18.00,30.00,1.11,42964464,2026-09-23T03:03:46Z
C,orig,2d,async,128,10,0,0.00,100.00,466.86,251.49,183.10,68.39,,,718.35,535.25,1.60,18.00,30.00,1.11,42967592,2026-09-23T03:03:46Z
C,orig,2d,async_win,128,10,0,0.00,100.00,436.11,248.98,180.80,7.50,60.67,2.00,685.09,443.61,1.60,18.00,30.00,1.11,42967184,2026-09-23T03:03:47Z
C,orig,2e_K10,async,128,10,0,0.00,100.00,172.49,256.14,179.05,77.09,,,428.63,249.58,1.59,17.00,32.00,1.11,42967448,2026-09-23T03:03:47Z
C,orig,2e_K10,async_win,128,10,0,0.00,100.00,176.11,256.80,180.91,14.81,61.09,8.00,432.91,190.92,1.61,17.00,32.00,1.11,42968164,2026-09-23T03:03:47Z
C,orig,2e_K500,async,128,10,0,0.00,59.20,175.19,641.25,182.03,459.21,,,816.44,634.40,1.54,0.00,37.00,1.11,42968568,2026-09-23T03:03:47Z
C,orig,2e_K500,async_win,128,10,0,0.00,42.30,173.97,487.67,180.03,225.91,81.73,90.00,661.64,399.88,1.56,0.00,37.00,1.11,42966156,2026-09-23T03:03:48Z
C,orig,2f_top14,async,128,10,0,0.00,100.00,175.48,258.20,180.95,77.25,,,433.68,252.73,1.60,17.00,32.00,1.11,42967292,2026-09-23T03:03:48Z
C,orig,2f_top14,async_win,128,10,0,0.00,100.00,177.82,258.18,181.26,15.51,61.41,9.00,436.00,193.33,1.58,17.00,32.00,1.10,42968804,2026-09-23T03:03:48Z
C,orig,2f_top28,async,128,10,0,0.00,100.00,170.70,275.89,181.29,94.60,,,446.59,265.30,1.58,16.00,33.00,1.10,42969848,2026-09-23T03:03:48Z
C,orig,2f_top28,async_win,128,10,0,0.00,100.00,172.62,272.05,182.99,26.96,62.10,13.00,444.67,199.58,1.59,16.00,33.00,1.10,42969432,2026-09-23T03:03:49Z
C,orig,2f_top100,async,128,10,0,0.00,100.00,173.74,355.32,180.98,174.34,,,529.06,348.08,1.57,14.00,33.00,1.10,42970020,2026-09-23T03:03:49Z
C,orig,2f_top100,async_win,128,10,0,0.00,100.00,173.13,316.07,181.85,68.92,65.30,32.00,489.20,242.05,1.57,14.00,33.00,1.10,42970664,2026-09-23T03:03:49Z
C,orig,2f_top500,async,128,10,0,0.00,100.00,86.67,925.10,189.02,736.08,,,1011.77,822.75,1.53,0.00,37.00,1.10,42970576,2026-09-23T03:03:50Z
C,orig,2f_top500,async_win,128,10,0,0.00,100.00,86.44,493.83,179.16,226.13,88.55,15.00,580.27,312.57,1.53,0.00,37.00,1.10,42971096,2026-09-23T03:03:50Z
C,orig,2f_slru,async,128,10,0,0.00,100.00,89.90,919.57,183.15,736.42,,,1009.47,826.32,1.54,0.00,37.00,1.10,42972232,2026-09-23T03:03:50Z
C,orig,2f_slru,async_win,128,10,0,0.00,100.00,86.84,502.31,182.43,229.83,90.05,15.00,589.15,316.67,1.52,0.00,37.00,1.10,42989148,2026-09-23T03:03:50Z
C,orig,leaf_freq_K10,async,128,10,0,0.00,100.00,609.36,253.36,180.46,72.90,,,862.72,682.26,1.58,19.00,29.00,1.10,42988128,2026-09-23T03:03:51Z
C,orig,leaf_freq_K10,async_win,128,10,0,0.00,100.00,557.65,250.47,178.53,12.33,59.60,6.00,808.12,569.98,1.58,19.00,29.00,1.10,42988104,2026-09-23T03:03:51Z
C,orig,leaf_rand_K10,async,128,10,0,0.00,100.00,821.13,260.09,182.28,77.81,,,1081.22,898.94,1.62,20.00,27.00,1.10,42988992,2026-09-23T03:03:51Z
C,orig,leaf_rand_K10,async_win,128,10,0,0.00,100.00,689.85,253.85,178.13,15.27,60.44,10.00,943.70,705.12,1.60,20.00,27.00,1.10,42985212,2026-09-23T03:03:51Z
C,orig,learned_markov_14,async,128,10,0,0.00,100.00,172.66,261.46,182.19,79.27,,,434.12,251.93,1.58,17.00,32.00,1.10,42986252,2026-09-23T03:03:52Z
C,orig,learned_markov_14,async_win,128,10,0,0.00,100.00,172.90,259.65,181.82,16.89,60.93,9.00,432.55,189.79,1.59,17.00,32.00,1.10,42986876,2026-09-23T03:03:52Z
C,orig,learned_markov_28,async,128,10,0,0.00,100.00,173.31,279.55,182.57,96.97,,,452.86,270.28,1.59,16.00,33.00,1.10,42986544,2026-09-23T03:03:52Z
C,orig,learned_markov_28,async_win,128,10,0,0.00,100.00,172.23,264.83,178.57,25.02,61.24,13.00,437.06,197.25,1.59,16.00,33.00,1.10,42986960,2026-09-23T03:03:52Z
C_hit,orig,layers_5,async,128,10,0,0.00,100.00,548.51,246.59,178.74,67.86,,,795.10,616.37,1.68,38.00,51.00,1.10,42986792,2026-09-23T03:03:53Z
C_hit,orig,layers_5,async_win,128,10,0,0.00,100.00,551.41,249.82,180.31,8.70,60.81,2.00,801.23,560.11,1.70,38.00,51.00,1.10,42986952,2026-09-23T03:03:53Z
C_hit,orig,layers_92,async,128,10,0,0.00,100.00,558.86,377.59,181.35,196.24,,,936.45,755.10,1.69,39.00,53.00,1.10,42987852,2026-09-23T03:03:53Z
C_hit,orig,layers_92,async_win,128,10,0,0.00,100.00,551.67,355.58,177.03,113.09,65.45,87.00,907.25,664.76,1.69,39.00,53.00,1.09,42987544,2026-09-23T03:03:53Z
C_hit,orig,2d,async,128,10,0,0.00,100.00,553.61,248.16,179.63,68.53,,,801.77,622.14,1.67,39.00,53.00,1.09,42987328,2026-09-23T03:03:54Z
C_hit,orig,2d,async_win,128,10,0,0.00,100.00,551.93,249.11,180.07,8.40,60.64,3.00,801.04,560.33,1.65,39.00,53.00,1.09,42987816,2026-09-23T03:03:54Z
C_hit,orig,2e_K10,async,128,10,0,0.00,100.00,495.90,261.00,180.74,80.26,,,756.90,576.16,1.68,39.00,53.00,1.09,42988472,2026-09-23T03:03:54Z
C_hit,orig,2e_K10,async_win,128,10,0,0.00,100.00,555.90,255.43,179.37,15.18,60.88,6.00,811.33,571.08,1.66,39.00,53.00,1.09,42989752,2026-09-23T03:03:54Z
C_hit,orig,2e_K500,async,128,10,0,0.00,43.80,175.33,850.11,182.81,667.29,,,1025.44,842.62,1.61,9.00,61.00,1.09,42988892,2026-09-23T03:03:55Z
C_hit,orig,2e_K500,async_win,128,10,0,0.00,44.00,179.27,589.25,184.71,310.10,94.44,139.00,768.52,489.37,1.62,9.00,61.00,1.09,42989080,2026-09-23T03:03:55Z
C_hit,orig,2f_top14,async,128,10,0,0.00,64.30,1501.05,864.40,787.83,76.57,,,2365.45,1577.62,1.81,39.00,53.00,1.09,42993156,2026-09-23T03:03:55Z
C_hit,orig,2f_top14,async_win,128,10,0,0.00,100.00,1409.76,482.80,400.93,13.55,68.32,6.00,1892.56,1423.31,1.79,39.00,53.00,1.09,42973944,2026-09-23T03:03:56Z
C_hit,orig,2f_top28,async,128,10,0,0.00,100.00,552.69,276.01,182.72,93.28,,,828.70,645.97,1.68,38.00,51.00,1.09,42974696,2026-09-23T03:03:56Z
C_hit,orig,2f_top28,async_win,128,10,0,0.00,100.00,503.60,263.74,179.58,22.95,61.20,8.00,767.34,526.55,1.67,38.00,51.00,1.09,42974200,2026-09-23T03:03:56Z
C_hit,orig,2f_top100,async,128,10,0,0.00,100.00,519.00,372.48,194.25,178.22,,,891.48,697.22,1.66,33.00,53.00,1.09,42975560,2026-09-23T03:03:56Z
C_hit,orig,2f_top100,async_win,128,10,0,0.00,58.00,555.96,327.65,193.19,69.59,64.86,28.00,883.61,625.55,1.64,33.00,53.00,1.09,42975016,2026-09-23T03:03:57Z
C_hit,orig,2f_top500,async,128,10,0,0.00,43.00,178.98,846.58,191.36,655.22,,,1025.56,834.20,1.60,10.00,61.00,1.09,42974776,2026-09-23T03:03:57Z
C_hit,orig,2f_top500,async_win,128,10,0,0.00,34.00,175.24,619.76,192.48,337.81,89.47,138.00,795.00,513.05,1.61,10.00,61.00,1.09,42970344,2026-09-23T03:03:57Z
C_hit,orig,2f_slru,async,128,10,0,0.00,100.00,92.31,1641.41,196.08,1445.33,,,1733.72,1537.64,1.56,0.00,62.00,1.09,42965084,2026-09-23T03:03:57Z
C_hit,orig,2f_slru,async_win,128,10,0,0.00,100.00,90.47,773.31,194.58,416.79,161.94,29.00,863.78,507.26,1.56,0.00,62.00,1.09,42965872,2026-09-23T03:03:58Z
C_hit,orig,leaf_freq_K10,async,128,10,0,0.00,100.00,587.54,266.62,194.21,72.42,,,854.16,659.96,1.67,38.00,51.00,1.09,42965924,2026-09-23T03:03:58Z
C_hit,orig,leaf_freq_K10,async_win,128,10,0,0.00,100.00,564.83,263.79,193.45,10.06,60.27,3.00,828.62,574.89,1.69,38.00,51.00,1.09,42965796,2026-09-23T03:03:58Z
C_hit,orig,leaf_rand_K10,async,128,10,0,0.00,100.00,561.16,274.79,201.44,73.35,,,835.95,634.51,1.68,38.00,51.00,1.08,42967332,2026-09-23T03:03:58Z
C_hit,orig,leaf_rand_K10,async_win,128,10,0,0.00,100.00,565.14,269.58,191.88,18.02,59.67,10.00,834.72,583.16,1.68,38.00,51.00,1.08,42967308,2026-09-23T03:03:59Z
C_hit,orig,learned_markov_14,async,128,10,0,0.00,100.00,563.53,270.97,193.82,77.14,,,834.50,640.67,1.67,39.00,53.00,1.08,42967844,2026-09-23T03:03:59Z
C_hit,orig,learned_markov_14,async_win,128,10,0,0.00,100.00,554.76,270.42,194.63,15.50,60.29,6.00,825.18,570.26,1.68,39.00,53.00,1.08,42968628,2026-09-23T03:03:59Z
C_hit,orig,learned_markov_28,async,128,10,0,0.00,100.00,559.61,287.93,193.54,94.39,,,847.54,654.00,1.67,38.00,51.00,1.08,42970780,2026-09-23T03:04:00Z
C_hit,orig,learned_markov_28,async_win,128,10,0,0.00,100.00,554.60,277.87,193.50,23.82,60.55,8.00,832.47,578.42,1.69,38.00,51.00,1.08,42971456,2026-09-23T03:04:00Z
A,orig,baseline,baseline,128,11,0,0.00,0.00,1010.36,0.00,0.00,0.00,,,1010.36,1010.36,2.15,189.00,265.00,1.08,42971176,2026-09-23T03:04:00Z
B,orig,baseline,baseline,128,11,0,0.00,0.00,910.79,0.00,0.00,0.00,,,910.79,910.79,2.21,187.00,260.00,1.08,42973532,2026-09-23T03:04:00Z
C,orig,baseline,baseline,128,11,0,0.00,0.00,878.60,0.00,0.00,0.00,,,878.60,878.60,1.58,20.00,27.00,1.08,42973988,2026-09-23T03:04:01Z
C_hit,orig,baseline,baseline,128,11,0,0.00,0.00,591.78,0.00,0.00,0.00,,,591.78,591.78,1.66,38.00,51.00,1.08,42974456,2026-09-23T03:04:01Z
A,orig,layers_5,async,128,11,0,0.00,100.00,995.12,292.79,224.96,67.83,,,1287.91,1062.95,2.13,189.00,268.00,1.08,42973688,2026-09-23T03:04:01Z
A,orig,layers_5,async_win,128,11,0,0.00,100.00,995.54,294.96,224.37,8.03,62.57,2.00,1290.50,1003.57,2.13,189.00,268.00,1.08,42975264,2026-09-23T03:04:02Z
A,orig,layers_92,async,128,11,0,0.00,100.00,594.95,413.01,225.02,187.98,,,1007.96,782.93,2.15,189.00,272.00,1.08,42976848,2026-09-23T03:04:02Z
A,orig,layers_92,async_win,128,11,0,0.00,100.00,594.88,394.49,227.34,100.79,66.36,87.00,989.37,695.67,2.15,189.00,272.00,1.08,42976960,2026-09-23T03:04:02Z
A,orig,2d,async,128,11,0,0.00,100.00,590.34,307.60,223.81,83.79,,,897.94,674.13,2.14,189.00,272.00,1.08,42983320,2026-09-23T03:04:03Z
A,orig,2d,async_win,128,11,0,0.00,100.00,612.85,306.77,223.47,21.27,62.03,13.00,919.62,634.12,2.12,189.00,272.00,1.08,42983484,2026-09-23T03:04:03Z
A,orig,2e_K10,async,128,11,0,0.00,100.00,593.05,320.69,224.39,96.30,,,913.74,689.35,2.15,190.00,283.00,1.08,42983728,2026-09-23T03:04:03Z
A,orig,2e_K10,async_win,128,11,0,0.00,100.00,593.71,324.54,227.85,33.21,63.48,23.00,918.25,626.92,2.16,190.00,283.00,1.08,42985348,2026-09-23T03:04:03Z
A,orig,2e_K500,async,128,11,0,0.00,100.00,567.64,1073.03,222.98,850.05,,,1640.67,1417.69,2.13,194.00,395.00,1.08,42985128,2026-09-23T03:04:04Z
A,orig,2e_K500,async_win,128,11,0,0.00,100.00,568.07,1021.49,224.38,669.40,127.71,471.00,1589.56,1237.47,2.12,194.00,396.00,1.08,42985528,2026-09-23T03:04:04Z
A,orig,2f_top14,async,128,11,0,0.00,100.00,526.60,300.82,220.88,79.94,,,827.42,606.54,2.11,191.00,271.00,1.08,42986368,2026-09-23T03:04:04Z
A,orig,2f_top14,async_win,128,11,0,0.00,100.00,593.89,302.85,223.43,17.26,62.16,13.00,896.74,611.15,2.17,191.00,271.00,1.08,42986656,2026-09-23T03:04:05Z
A,orig,2f_top28,async,128,11,0,0.00,100.00,589.41,321.74,223.49,98.25,,,911.15,687.66,2.15,191.00,290.00,1.08,42987700,2026-09-23T03:04:05Z
A,orig,2f_top28,async_win,128,11,0,0.00,100.00,586.50,320.00,224.28,33.67,62.05,27.00,906.50,620.17,2.15,191.00,290.00,1.08,42987356,2026-09-23T03:04:05Z
A,orig,2f_top100,async,128,11,0,0.00,95.00,592.52,416.96,224.75,192.21,,,1009.48,784.73,2.15,191.00,310.00,1.08,42988388,2026-09-23T03:04:06Z
A,orig,2f_top100,async_win,128,11,0,0.00,100.00,594.75,406.31,225.30,114.75,66.26,98.00,1001.06,709.50,2.15,191.00,311.00,1.08,42987696,2026-09-23T03:04:06Z
A,orig,2f_top500,async,128,11,0,0.00,100.00,632.86,1023.77,224.33,799.44,,,1656.63,1432.30,2.13,193.00,397.00,1.08,42987536,2026-09-23T03:04:06Z
A,orig,2f_top500,async_win,128,11,0,0.00,100.00,636.31,973.49,225.00,659.38,89.11,460.00,1609.80,1295.69,2.13,193.00,398.00,1.08,42988304,2026-09-23T03:04:07Z
A,orig,2f_slru,async,128,11,0,0.00,100.00,97.87,7087.05,226.35,6860.71,,,7184.92,6958.58,1.58,0.00,278.00,1.08,42985784,2026-09-23T03:04:07Z
A,orig,2f_slru,async_win,128,11,0,0.00,80.40,96.50,2545.30,244.37,1910.22,390.71,138.00,2641.80,2006.72,1.57,0.00,278.00,1.08,42986336,2026-09-23T03:04:07Z
A,orig,leaf_freq_K10,async,128,11,0,0.00,100.00,1004.40,296.90,223.00,73.90,,,1301.30,1078.30,2.14,188.00,278.00,1.08,42987772,2026-09-23T03:04:07Z
A,orig,leaf_freq_K10,async_win,128,11,0,0.00,100.00,1007.48,304.27,228.21,14.91,61.16,10.00,1311.75,1022.39,2.14,188.00,278.00,1.08,42970648,2026-09-23T03:04:08Z
A,orig,leaf_rand_K10,async,128,11,0,0.00,100.00,1009.53,297.76,222.30,75.46,,,1307.29,1084.99,2.14,189.00,266.00,1.08,42977600,2026-09-23T03:04:08Z
A,orig,leaf_rand_K10,async_win,128,11,0,0.00,100.00,1008.04,298.03,222.82,14.82,60.39,10.00,1306.07,1022.86,2.17,189.00,266.00,1.07,42977572,2026-09-23T03:04:08Z
A,orig,learned_markov_14,async,128,11,0,0.00,100.00,525.88,303.80,224.28,79.52,,,829.68,605.40,2.11,189.00,273.00,1.07,42977388,2026-09-23T03:04:09Z
A,orig,learned_markov_14,async_win,128,11,0,0.00,100.00,594.80,306.13,223.36,22.01,60.76,13.00,900.93,616.81,2.14,189.00,273.00,1.07,42978136,2026-09-23T03:04:09Z
A,orig,learned_markov_28,async,128,11,0,0.00,100.00,587.17,319.99,222.56,97.43,,,907.16,684.60,2.10,189.00,275.00,1.07,42977900,2026-09-23T03:04:09Z
A,orig,learned_markov_28,async_win,128,11,0,0.00,100.00,525.01,324.42,223.70,39.26,61.46,26.00,849.43,564.27,2.13,189.00,275.00,1.07,42977804,2026-09-23T03:04:10Z
B,orig,layers_5,async,128,11,0,0.00,100.00,909.08,317.43,242.64,74.79,,,1226.51,983.87,2.19,187.00,260.00,1.07,42978724,2026-09-23T03:04:10Z
B,orig,layers_5,async_win,128,11,0,0.00,100.00,903.88,296.76,226.82,8.63,61.31,2.00,1200.64,912.51,2.20,187.00,260.00,1.07,42979076,2026-09-23T03:04:10Z
B,orig,layers_92,async,128,11,0,0.00,100.00,461.97,420.67,224.97,195.70,,,882.64,657.67,2.21,187.00,266.00,1.07,42979968,2026-09-23T03:04:11Z
B,orig,layers_92,async_win,128,11,0,0.00,100.00,527.87,404.65,226.00,113.00,65.64,87.00,932.52,640.87,2.21,187.00,266.00,1.07,42994376,2026-09-23T03:04:11Z
B,orig,2d,async,128,11,0,0.00,100.00,525.21,310.59,225.38,85.21,,,835.80,610.42,2.19,187.00,266.00,1.07,42994796,2026-09-23T03:04:11Z
B,orig,2d,async_win,128,11,0,0.00,100.00,528.36,309.39,223.85,23.73,61.82,13.00,837.75,552.09,2.19,187.00,266.00,1.07,42995432,2026-09-23T03:04:12Z
B,orig,2e_K10,async,128,11,0,0.00,100.00,524.66,281.93,182.65,99.28,,,806.59,623.94,2.20,188.00,267.00,1.07,42995316,2026-09-23T03:04:12Z
B,orig,2e_K10,async_win,128,11,0,0.00,100.00,527.15,276.97,182.34,32.32,62.31,23.00,804.12,559.47,2.21,188.00,267.00,1.07,42996100,2026-09-23T03:04:12Z
B,orig,2e_K500,async,128,11,0,0.00,100.00,182.11,1037.32,182.49,854.83,,,1219.43,1036.94,2.18,187.00,312.00,1.07,42995800,2026-09-23T03:04:12Z
B,orig,2e_K500,async_win,128,11,0,0.00,100.00,180.83,962.06,182.80,688.72,90.54,461.00,1142.89,869.55,2.18,187.00,312.00,1.07,42995472,2026-09-23T03:04:13Z
B,orig,2f_top14,async,128,11,0,0.00,100.00,524.15,265.80,183.28,82.52,,,789.95,606.67,2.16,188.00,266.00,1.07,42993664,2026-09-23T03:04:13Z
B,orig,2f_top14,async_win,128,11,0,0.00,100.00,525.74,272.23,185.25,25.33,61.66,13.00,797.97,551.07,2.21,188.00,266.00,1.15,42987684,2026-09-23T03:04:13Z
B,orig,2f_top28,async,128,11,0,0.00,100.00,527.35,279.80,182.07,97.72,,,807.15,625.07,2.21,188.00,268.00,1.15,42988192,2026-09-23T03:04:14Z
B,orig,2f_top28,async_win,128,11,0,0.00,100.00,460.45,280.68,182.47,35.57,62.64,27.00,741.13,496.02,2.18,188.00,268.00,1.15,42988644,2026-09-23T03:04:14Z
B,orig,2f_top100,async,128,11,0,0.00,100.00,525.76,388.28,183.49,204.79,,,914.04,730.55,2.21,187.00,271.00,1.15,42989464,2026-09-23T03:04:14Z
B,orig,2f_top100,async_win,128,11,0,0.00,100.00,525.36,372.90,183.51,122.68,66.70,97.00,898.26,648.04,2.20,187.00,272.00,1.15,42989888,2026-09-23T03:04:15Z
B,orig,2f_top500,async,128,11,0,0.00,100.00,181.82,985.95,181.93,804.02,,,1167.77,985.84,2.17,187.00,312.00,1.15,42989760,2026-09-23T03:04:15Z
B,orig,2f_top500,async_win,128,11,0,0.00,100.00,179.85,941.01,182.20,668.01,90.80,448.00,1120.86,847.86,2.19,187.00,313.00,1.15,42996456,2026-09-23T03:04:15Z
B,orig,2f_slru,async,128,11,0,0.00,100.00,95.99,7123.86,183.02,6940.84,,,7219.85,7036.83,1.62,0.00,278.00,1.15,42993464,2026-09-23T03:04:16Z
B,orig,2f_slru,async_win,128,11,0,0.00,83.00,97.97,2470.80,182.35,1970.38,318.07,139.00,2568.77,2068.35,1.62,0.00,278.00,1.15,42996948,2026-09-23T03:04:16Z
B,orig,leaf_freq_K10,async,128,11,0,0.00,100.00,959.24,262.55,185.19,77.36,,,1221.79,1036.60,2.21,187.00,260.00,1.15,42986164,2026-09-23T03:04:16Z
B,orig,leaf_freq_K10,async_win,128,11,0,0.00,100.00,952.30,257.54,181.54,13.83,62.18,10.00,1209.84,966.13,2.22,187.00,260.00,1.15,42986720,2026-09-23T03:04:17Z
B,orig,leaf_rand_K10,async,128,11,0,0.00,100.00,815.37,254.48,179.26,75.22,,,1069.85,890.59,2.17,188.00,261.00,1.15,42987248,2026-09-23T03:04:17Z
B,orig,leaf_rand_K10,async_win,128,11,0,0.00,100.00,949.06,259.09,182.28,14.82,61.99,10.00,1208.15,963.88,2.20,188.00,261.00,1.15,42987304,2026-09-23T03:04:17Z
B,orig,learned_markov_14,async,128,11,0,0.00,100.00,528.07,265.95,186.15,79.80,,,794.02,607.87,2.21,187.00,265.00,1.15,42988660,2026-09-23T03:04:17Z
B,orig,learned_markov_14,async_win,128,11,0,0.00,100.00,523.37,260.07,181.15,17.61,61.30,13.00,783.44,540.98,2.18,187.00,265.00,1.15,42988452,2026-09-23T03:04:18Z
B,orig,learned_markov_28,async,128,11,0,0.00,100.00,461.18,279.36,182.50,96.85,,,740.54,558.03,2.16,187.00,265.00,1.15,42986244,2026-09-23T03:04:18Z
B,orig,learned_markov_28,async_win,128,11,0,0.00,100.00,525.11,279.08,183.54,33.28,62.26,27.00,804.19,558.39,2.20,187.00,265.00,1.13,42987452,2026-09-23T03:04:18Z
C,orig,layers_5,async,128,11,0,0.00,100.00,778.95,251.08,181.59,69.49,,,1030.03,848.44,1.62,20.00,27.00,1.13,42971704,2026-09-23T03:04:19Z
C,orig,layers_5,async_win,128,11,0,0.00,100.00,789.00,377.29,185.38,8.18,183.74,2.00,1166.29,797.18,1.59,20.00,27.00,1.13,42979236,2026-09-23T03:04:19Z
C,orig,layers_92,async,128,11,0,0.00,100.00,469.00,377.58,183.21,194.37,,,846.58,663.37,1.59,18.00,30.00,1.13,42979348,2026-09-23T03:04:19Z
C,orig,layers_92,async_win,128,11,0,0.00,100.00,468.46,367.25,181.39,120.38,65.48,87.00,835.71,588.84,1.60,18.00,30.00,1.13,42979620,2026-09-23T03:04:19Z
C,orig,2d,async,128,11,0,0.00,100.00,437.03,247.34,180.21,67.13,,,684.37,504.16,1.59,18.00,30.00,1.13,42979852,2026-09-23T03:04:20Z
C,orig,2d,async_win,128,11,0,0.00,100.00,439.85,248.23,180.88,6.83,60.51,2.00,688.08,446.68,1.58,18.00,30.00,1.13,42980772,2026-09-23T03:04:20Z
C,orig,2e_K10,async,128,11,0,0.00,100.00,174.27,256.96,179.15,77.82,,,431.23,252.09,1.59,17.00,32.00,1.13,42979924,2026-09-23T03:04:20Z
C,orig,2e_K10,async_win,128,11,0,0.00,100.00,173.38,254.92,177.00,16.78,61.13,8.00,428.30,190.16,1.58,17.00,32.00,1.13,42980180,2026-09-23T03:04:21Z
C,orig,2e_K500,async,128,11,0,0.00,59.50,173.72,643.25,181.00,462.25,,,816.97,635.97,1.54,0.00,37.00,1.13,42979924,2026-09-23T03:04:21Z
C,orig,2e_K500,async_win,128,11,0,0.00,100.00,176.93,481.26,181.90,217.12,82.25,90.00,658.19,394.05,1.53,0.00,37.00,1.13,42980860,2026-09-23T03:04:21Z
C,orig,2f_top14,async,128,11,0,0.00,100.00,176.40,259.84,181.84,78.00,,,436.24,254.40,1.61,17.00,32.00,1.13,42981184,2026-09-23T03:04:21Z
C,orig,2f_top14,async_win,128,11,0,0.00,100.00,177.17,257.12,179.52,16.80,60.80,9.00,434.29,193.97,1.57,17.00,32.00,1.13,42981524,2026-09-23T03:04:22Z
C,orig,2f_top28,async,128,11,0,0.00,100.00,173.42,274.71,180.93,93.78,,,448.13,267.20,1.58,16.00,33.00,1.13,42981524,2026-09-23T03:04:22Z
C,orig,2f_top28,async_win,128,11,0,0.00,100.00,178.50,269.32,182.08,25.25,61.99,13.00,447.82,203.75,1.59,16.00,33.00,1.13,42982312,2026-09-23T03:04:22Z
C,orig,2f_top100,async,128,11,0,0.00,100.00,174.69,363.31,182.84,180.47,,,538.00,355.16,1.58,14.00,33.00,1.13,42983808,2026-09-23T03:04:22Z
C,orig,2f_top100,async_win,128,11,0,0.00,73.00,175.48,317.44,181.75,70.44,65.24,32.00,492.92,245.92,1.57,14.00,33.00,1.13,42983680,2026-09-23T03:04:23Z
C,orig,2f_top500,async,128,11,0,0.00,100.00,88.27,954.06,178.21,775.86,,,1042.33,864.13,1.55,0.00,37.00,1.13,42983344,2026-09-23T03:04:23Z
C,orig,2f_top500,async_win,128,11,0,0.00,100.00,85.80,493.12,180.16,225.57,87.38,15.00,578.92,311.37,1.54,0.00,37.00,1.13,42983852,2026-09-23T03:04:23Z
C,orig,2f_slru,async,128,11,0,0.00,100.00,87.50,934.25,180.25,754.00,,,1021.75,841.50,1.53,0.00,37.00,1.20,42985100,2026-09-23T03:04:23Z
C,orig,2f_slru,async_win,128,11,0,0.00,100.00,85.48,499.47,179.41,230.12,89.94,15.00,584.95,315.60,1.53,0.00,37.00,1.20,42986424,2026-09-23T03:04:24Z
C,orig,leaf_freq_K10,async,128,11,0,0.00,100.00,566.22,252.46,179.14,73.32,,,818.68,639.54,1.58,19.00,29.00,1.20,42985704,2026-09-23T03:04:24Z
C,orig,leaf_freq_K10,async_win,128,11,0,0.00,100.00,556.47,252.13,180.13,12.22,59.78,6.00,808.60,568.69,1.59,19.00,29.00,1.20,42985804,2026-09-23T03:04:24Z
C,orig,leaf_rand_K10,async,128,11,0,0.00,100.00,852.02,258.12,183.54,74.57,,,1110.14,926.59,1.58,20.00,27.00,1.20,42969492,2026-09-23T03:04:24Z
C,orig,leaf_rand_K10,async_win,128,11,0,0.00,100.00,821.29,255.93,180.34,14.82,60.77,10.00,1077.22,836.11,1.58,20.00,27.00,1.20,42970136,2026-09-23T03:04:25Z
C,orig,learned_markov_14,async,128,11,0,0.00,100.00,167.32,264.47,187.80,76.67,,,431.79,243.99,1.57,17.00,32.00,1.20,42970424,2026-09-23T03:04:25Z
C,orig,learned_markov_14,async_win,128,11,0,0.00,100.00,176.46,268.15,189.22,17.28,61.66,9.00,444.61,193.74,1.61,17.00,32.00,1.20,42971472,2026-09-23T03:04:25Z
C,orig,learned_markov_28,async,128,11,0,0.00,100.00,171.93,279.95,184.41,95.54,,,451.88,267.47,1.57,16.00,33.00,1.20,42972556,2026-09-23T03:04:25Z
C,orig,learned_markov_28,async_win,128,11,0,0.00,100.00,171.14,268.23,181.27,25.62,61.34,13.00,439.37,196.76,1.59,16.00,33.00,1.20,42971920,2026-09-23T03:04:26Z
C_hit,orig,layers_5,async,128,11,0,0.00,100.00,551.55,248.96,180.64,68.32,,,800.51,619.87,1.68,38.00,51.00,1.20,42972644,2026-09-23T03:04:26Z
C_hit,orig,layers_5,async_win,128,11,0,0.00,100.00,549.28,248.33,181.39,6.93,60.00,2.00,797.61,556.21,1.68,38.00,51.00,1.20,42972788,2026-09-23T03:04:26Z
C_hit,orig,layers_92,async,128,11,0,0.00,100.00,501.42,373.68,180.76,192.92,,,875.10,694.34,1.68,39.00,53.00,1.20,42974176,2026-09-23T03:04:26Z
C_hit,orig,layers_92,async_win,128,11,0,0.00,100.00,558.02,364.14,180.16,119.21,64.77,87.00,922.16,677.23,1.67,39.00,53.00,1.20,42974028,2026-09-23T03:04:27Z
C_hit,orig,2d,async,128,11,0,0.00,100.00,556.30,249.35,181.56,67.79,,,805.65,624.09,1.69,39.00,53.00,1.20,42975108,2026-09-23T03:04:27Z
C_hit,orig,2d,async_win,128,11,0,0.00,100.00,552.81,249.57,181.50,7.36,60.70,3.00,802.38,560.17,1.71,39.00,53.00,1.20,42974320,2026-09-23T03:04:27Z
C_hit,orig,2e_K10,async,128,11,0,0.00,100.00,558.74,257.71,180.50,77.22,,,816.45,635.96,1.71,39.00,53.00,1.20,42974744,2026-09-23T03:04:27Z
C_hit,orig,2e_K10,async_win,128,11,0,0.00,100.00,552.90,256.57,180.27,15.23,61.08,6.00,809.47,568.13,1.70,39.00,53.00,1.20,42974024,2026-09-23T03:04:28Z
C_hit,orig,2e_K500,async,128,11,0,0.00,49.50,179.72,877.95,179.81,698.14,,,1057.67,877.86,1.59,9.00,61.00,1.20,42973084,2026-09-23T03:04:28Z
C_hit,orig,2e_K500,async_win,128,11,0,0.00,32.70,175.22,610.90,180.18,342.06,88.66,139.00,786.12,517.28,1.63,9.00,61.00,1.19,42975724,2026-09-23T03:04:28Z
C_hit,orig,2f_top14,async,128,11,0,0.00,100.00,530.71,253.77,177.63,76.13,,,784.48,606.84,1.68,39.00,53.00,1.19,42977552,2026-09-23T03:04:29Z
C_hit,orig,2f_top14,async_win,128,11,0,0.00,100.00,551.57,257.69,182.02,15.33,60.34,6.00,809.26,566.90,1.68,39.00,53.00,1.19,42977244,2026-09-23T03:04:29Z
C_hit,orig,2f_top28,async,128,11,0,0.00,100.00,555.44,275.80,182.67,93.12,,,831.24,648.56,1.67,38.00,51.00,1.19,42977660,2026-09-23T03:04:29Z
C_hit,orig,2f_top28,async_win,128,11,0,0.00,100.00,506.16,264.59,180.21,22.60,61.78,8.00,770.75,528.76,1.67,38.00,51.00,1.19,42979520,2026-09-23T03:04:29Z
C_hit,orig,2f_top100,async,128,11,0,0.00,100.00,522.82,368.91,196.15,172.76,,,891.73,695.58,1.67,33.00,53.00,1.19,42964700,2026-09-23T03:04:30Z
C_hit,orig,2f_top100,async_win,128,11,0,0.00,63.00,555.32,324.43,192.14,68.03,64.26,28.00,879.75,623.35,1.66,33.00,53.00,1.19,42964708,2026-09-23T03:04:30Z
C_hit,orig,2f_top500,async,128,11,0,0.00,46.80,177.75,898.56,196.52,702.04,,,1076.31,879.79,1.62,10.00,61.00,1.19,42963328,2026-09-23T03:04:30Z
C_hit,orig,2f_top500,async_win,128,11,0,0.00,100.00,174.69,641.96,192.92,359.57,89.47,138.00,816.65,534.26,1.59,10.00,61.00,1.19,42969436,2026-09-23T03:04:30Z
C_hit,orig,2f_slru,async,128,11,0,0.00,100.00,89.45,1619.33,193.85,1425.47,,,1708.78,1514.92,1.56,0.00,62.00,1.19,42971148,2026-09-23T03:04:31Z
C_hit,orig,2f_slru,async_win,128,11,0,0.00,100.00,88.32,757.29,191.56,403.77,161.96,29.00,845.61,492.09,1.56,0.00,62.00,1.19,42971960,2026-09-23T03:04:31Z
C_hit,orig,leaf_freq_K10,async,128,11,0,0.00,100.00,567.18,264.97,192.86,72.11,,,832.15,639.29,1.67,38.00,51.00,1.19,42985928,2026-09-23T03:04:31Z
C_hit,orig,leaf_freq_K10,async_win,128,11,0,0.00,100.00,574.33,265.78,195.21,10.14,60.43,3.00,840.11,584.47,1.68,38.00,51.00,1.19,42986200,2026-09-23T03:04:31Z
C_hit,orig,leaf_rand_K10,async,128,11,0,0.00,100.00,569.93,270.38,193.37,77.00,,,840.31,646.93,1.66,38.00,51.00,1.19,42987236,2026-09-23T03:04:32Z
C_hit,orig,leaf_rand_K10,async_win,128,11,0,0.00,100.00,571.62,272.37,197.19,15.29,59.89,10.00,843.99,586.91,1.69,38.00,51.00,1.19,42987900,2026-09-23T03:04:32Z
C_hit,orig,learned_markov_14,async,128,11,0,0.00,100.00,497.79,266.96,190.56,76.40,,,764.75,574.19,1.66,39.00,53.00,1.19,42988456,2026-09-23T03:04:32Z
C_hit,orig,learned_markov_14,async_win,128,11,0,0.00,100.00,554.88,269.87,193.55,15.94,60.37,6.00,824.75,570.82,1.66,39.00,53.00,1.19,42988496,2026-09-23T03:04:32Z
C_hit,orig,learned_markov_28,async,128,11,0,0.00,100.00,559.08,288.06,194.87,93.19,,,847.14,652.27,1.67,38.00,51.00,1.19,42988988,2026-09-23T03:04:33Z
C_hit,orig,learned_markov_28,async_win,128,11,0,0.00,100.00,503.39,279.56,194.31,24.47,60.77,8.00,782.95,527.86,1.67,38.00,51.00,1.19,42989368,2026-09-23T03:04:33Z
