=== learned_10fold batch 2026-07-30T07:11:41Z  seeds={1 2 3 4 5 6 7 8 9 10} reps=10/10 ===
--- prep: learned_markov LOSO hotsets ---
  fold 1: learned hotset present, reuse
  fold 2: learned hotset present, reuse
  fold 3: learned hotset present, reuse
  fold 4: learned hotset present, reuse
  fold 5: learned hotset present, reuse
  fold 6: learned hotset present, reuse
  fold 7: learned hotset present, reuse
  fold 8: learned hotset present, reuse
  fold 9: learned hotset present, reuse
  fold 10: learned hotset present, reuse
--- fold 1: measure (async+pread) ---
ENV kernel=6.17.0-41-generic disk=nvme1n1 ra_kb=128 governor=powersave driver=amd-pstate-epp epp=balance_performance boost=1 maxfreq_khz=5756452 thp=madvise loadavg=1.17 memavail_kb=56049288
[rep1 warm] A orig baseline baseline: fq=532.32 delivery=0.0 cold=0.0
[rep1 warm] B orig baseline baseline: fq=740.0 delivery=0.0 cold=0.0
[rep1 warm] C orig baseline baseline: fq=1009.5 delivery=0.0 cold=0.0
[rep1 warm] A orig learned_markov_14 pread: fq=353.55 delivery=100.0 cold=0.0
[rep1 warm] A orig learned_markov_14 async: fq=370.91 delivery=100.0 cold=0.0
[rep1 warm] A orig learned_markov_28 pread: fq=412.04 delivery=100.0 cold=0.0
[rep1 warm] A orig learned_markov_28 async: fq=361.81 delivery=100.0 cold=0.0
[rep1 warm] A orig 2f_top14 pread: fq=355.51 delivery=100.0 cold=0.0
[rep1 warm] A orig 2f_top14 async: fq=403.41 delivery=100.0 cold=0.0
[rep1 warm] A orig 2f_top28 pread: fq=358.04 delivery=100.0 cold=0.0
[rep1 warm] A orig 2f_top28 async: fq=339.09 delivery=100.0 cold=0.0
[rep1 warm] A orig 2e_K10 pread: fq=181.67 delivery=100.0 cold=0.0
[rep1 warm] A orig 2e_K10 async: fq=356.68 delivery=100.0 cold=0.0
[rep1 warm] B orig learned_markov_14 pread: fq=409.4 delivery=100.0 cold=0.0
[rep1 warm] B orig learned_markov_14 async: fq=401.22 delivery=100.0 cold=0.0
[rep1 warm] B orig learned_markov_28 pread: fq=408.95 delivery=100.0 cold=0.0
[rep1 warm] B orig learned_markov_28 async: fq=418.07 delivery=100.0 cold=0.0
[rep1 warm] B orig 2f_top14 pread: fq=409.68 delivery=100.0 cold=0.0
[rep1 warm] B orig 2f_top14 async: fq=403.01 delivery=100.0 cold=0.0
[rep1 warm] B orig 2f_top28 pread: fq=410.42 delivery=100.0 cold=0.0
[rep1 warm] B orig 2f_top28 async: fq=407.63 delivery=100.0 cold=0.0
[rep1 warm] B orig 2e_K10 pread: fq=401.46 delivery=100.0 cold=0.0
[rep1 warm] B orig 2e_K10 async: fq=400.06 delivery=100.0 cold=0.0
[rep1 warm] C orig learned_markov_14 pread: fq=183.08 delivery=100.0 cold=0.0
[rep1 warm] C orig learned_markov_14 async: fq=182.27 delivery=100.0 cold=0.0
[rep1 warm] C orig learned_markov_28 pread: fq=182.21 delivery=100.0 cold=0.0
[rep1 warm] C orig learned_markov_28 async: fq=178.82 delivery=100.0 cold=0.0
[rep1 warm] C orig 2f_top14 pread: fq=181.77 delivery=100.0 cold=0.0
[rep1 warm] C orig 2f_top14 async: fq=177.9 delivery=100.0 cold=0.0
[rep1 warm] C orig 2f_top28 pread: fq=183.82 delivery=100.0 cold=0.0
[rep1 warm] C orig 2f_top28 async: fq=180.43 delivery=100.0 cold=0.0
[rep1 warm] C orig 2e_K10 pread: fq=179.32 delivery=100.0 cold=0.0
[rep1 warm] C orig 2e_K10 async: fq=179.08 delivery=100.0 cold=0.0
[rep2 keep] A orig baseline baseline: fq=513.01 delivery=0.0 cold=0.0
[rep2 keep] B orig baseline baseline: fq=733.86 delivery=0.0 cold=0.0
[rep2 keep] C orig baseline baseline: fq=1074.94 delivery=0.0 cold=0.0
[rep2 keep] A orig learned_markov_14 pread: fq=407.0 delivery=100.0 cold=0.0
[rep2 keep] A orig learned_markov_14 async: fq=357.23 delivery=100.0 cold=0.0
[rep2 keep] A orig learned_markov_28 pread: fq=407.06 delivery=100.0 cold=0.0
[rep2 keep] A orig learned_markov_28 async: fq=408.72 delivery=100.0 cold=0.0
[rep2 keep] A orig 2f_top14 pread: fq=389.29 delivery=100.0 cold=0.0
[rep2 keep] A orig 2f_top14 async: fq=353.36 delivery=100.0 cold=0.0
[rep2 keep] A orig 2f_top28 pread: fq=329.04 delivery=100.0 cold=0.0
[rep2 keep] A orig 2f_top28 async: fq=365.12 delivery=100.0 cold=0.0
[rep2 keep] A orig 2e_K10 pread: fq=188.32 delivery=100.0 cold=0.0
[rep2 keep] A orig 2e_K10 async: fq=359.48 delivery=100.0 cold=0.0
[rep2 keep] B orig learned_markov_14 pread: fq=413.77 delivery=100.0 cold=0.0
[rep2 keep] B orig learned_markov_14 async: fq=406.63 delivery=100.0 cold=0.0
[rep2 keep] B orig learned_markov_28 pread: fq=416.03 delivery=100.0 cold=0.0
[rep2 keep] B orig learned_markov_28 async: fq=411.52 delivery=100.0 cold=0.0
[rep2 keep] B orig 2f_top14 pread: fq=411.37 delivery=100.0 cold=0.0
[rep2 keep] B orig 2f_top14 async: fq=413.83 delivery=100.0 cold=0.0
[rep2 keep] B orig 2f_top28 pread: fq=412.16 delivery=100.0 cold=0.0
[rep2 keep] B orig 2f_top28 async: fq=404.47 delivery=100.0 cold=0.0
[rep2 keep] B orig 2e_K10 pread: fq=412.97 delivery=100.0 cold=0.0
[rep2 keep] B orig 2e_K10 async: fq=408.18 delivery=100.0 cold=0.0
[rep2 keep] C orig learned_markov_14 pread: fq=177.75 delivery=100.0 cold=0.0
[rep2 keep] C orig learned_markov_14 async: fq=180.34 delivery=100.0 cold=0.0
[rep2 keep] C orig learned_markov_28 pread: fq=180.17 delivery=100.0 cold=0.0
[rep2 keep] C orig learned_markov_28 async: fq=179.96 delivery=100.0 cold=0.0
[rep2 keep] C orig 2f_top14 pread: fq=178.71 delivery=100.0 cold=0.0
[rep2 keep] C orig 2f_top14 async: fq=179.52 delivery=100.0 cold=0.0
[rep2 keep] C orig 2f_top28 pread: fq=179.03 delivery=100.0 cold=0.0
[rep2 keep] C orig 2f_top28 async: fq=178.59 delivery=100.0 cold=0.0
[rep2 keep] C orig 2e_K10 pread: fq=179.05 delivery=100.0 cold=0.0
[rep2 keep] C orig 2e_K10 async: fq=178.91 delivery=100.0 cold=0.0
[rep3 keep] A orig baseline baseline: fq=513.92 delivery=0.0 cold=0.0
[rep3 keep] B orig baseline baseline: fq=740.96 delivery=0.0 cold=0.0
[rep3 keep] C orig baseline baseline: fq=1073.7 delivery=0.0 cold=0.0
[rep3 keep] A orig learned_markov_14 pread: fq=333.6 delivery=100.0 cold=0.0
[rep3 keep] A orig learned_markov_14 async: fq=397.19 delivery=100.0 cold=0.0
[rep3 keep] A orig learned_markov_28 pread: fq=406.18 delivery=100.0 cold=0.0
[rep3 keep] A orig learned_markov_28 async: fq=357.38 delivery=100.0 cold=0.0
[rep3 keep] A orig 2f_top14 pread: fq=384.52 delivery=100.0 cold=0.0
[rep3 keep] A orig 2f_top14 async: fq=363.15 delivery=100.0 cold=0.0
[rep3 keep] A orig 2f_top28 pread: fq=423.64 delivery=100.0 cold=0.0
[rep3 keep] A orig 2f_top28 async: fq=378.86 delivery=100.0 cold=0.0
[rep3 keep] A orig 2e_K10 pread: fq=187.23 delivery=100.0 cold=0.0
[rep3 keep] A orig 2e_K10 async: fq=356.88 delivery=100.0 cold=0.0
[rep3 keep] B orig learned_markov_14 pread: fq=450.48 delivery=100.0 cold=0.0
[rep3 keep] B orig learned_markov_14 async: fq=417.23 delivery=100.0 cold=0.0
[rep3 keep] B orig learned_markov_28 pread: fq=406.86 delivery=100.0 cold=0.0
[rep3 keep] B orig learned_markov_28 async: fq=420.76 delivery=100.0 cold=0.0
[rep3 keep] B orig 2f_top14 pread: fq=411.28 delivery=100.0 cold=0.0
[rep3 keep] B orig 2f_top14 async: fq=398.95 delivery=100.0 cold=0.0
[rep3 keep] B orig 2f_top28 pread: fq=415.84 delivery=100.0 cold=0.0
[rep3 keep] B orig 2f_top28 async: fq=414.57 delivery=100.0 cold=0.0
[rep3 keep] B orig 2e_K10 pread: fq=405.06 delivery=100.0 cold=0.0
[rep3 keep] B orig 2e_K10 async: fq=411.94 delivery=100.0 cold=0.0
[rep3 keep] C orig learned_markov_14 pread: fq=181.9 delivery=100.0 cold=0.0
[rep3 keep] C orig learned_markov_14 async: fq=181.95 delivery=100.0 cold=0.0
[rep3 keep] C orig learned_markov_28 pread: fq=178.86 delivery=100.0 cold=0.0
[rep3 keep] C orig learned_markov_28 async: fq=178.63 delivery=100.0 cold=0.0
[rep3 keep] C orig 2f_top14 pread: fq=177.85 delivery=100.0 cold=0.0
[rep3 keep] C orig 2f_top14 async: fq=175.8 delivery=100.0 cold=0.0
[rep3 keep] C orig 2f_top28 pread: fq=181.6 delivery=100.0 cold=0.0
[rep3 keep] C orig 2f_top28 async: fq=199.37 delivery=100.0 cold=0.0
[rep3 keep] C orig 2e_K10 pread: fq=178.47 delivery=100.0 cold=0.0
[rep3 keep] C orig 2e_K10 async: fq=181.86 delivery=100.0 cold=0.0
[rep4 keep] A orig baseline baseline: fq=509.91 delivery=0.0 cold=0.0
[rep4 keep] B orig baseline baseline: fq=746.34 delivery=0.0 cold=0.0
[rep4 keep] C orig baseline baseline: fq=1068.08 delivery=0.0 cold=0.0
[rep4 keep] A orig learned_markov_14 pread: fq=363.27 delivery=100.0 cold=0.0
[rep4 keep] A orig learned_markov_14 async: fq=365.64 delivery=100.0 cold=0.0
[rep4 keep] A orig learned_markov_28 pread: fq=358.56 delivery=100.0 cold=0.0
[rep4 keep] A orig learned_markov_28 async: fq=357.04 delivery=100.0 cold=0.0
[rep4 keep] A orig 2f_top14 pread: fq=375.63 delivery=100.0 cold=0.0
[rep4 keep] A orig 2f_top14 async: fq=359.63 delivery=100.0 cold=0.0
[rep4 keep] A orig 2f_top28 pread: fq=397.42 delivery=100.0 cold=0.0
[rep4 keep] A orig 2f_top28 async: fq=398.97 delivery=100.0 cold=0.0
[rep4 keep] A orig 2e_K10 pread: fq=179.65 delivery=100.0 cold=0.0
[rep4 keep] A orig 2e_K10 async: fq=427.25 delivery=100.0 cold=0.0
[rep4 keep] B orig learned_markov_14 pread: fq=404.82 delivery=100.0 cold=0.0
[rep4 keep] B orig learned_markov_14 async: fq=417.25 delivery=100.0 cold=0.0
[rep4 keep] B orig learned_markov_28 pread: fq=400.85 delivery=100.0 cold=0.0
[rep4 keep] B orig learned_markov_28 async: fq=411.87 delivery=100.0 cold=0.0
[rep4 keep] B orig 2f_top14 pread: fq=412.62 delivery=100.0 cold=0.0
[rep4 keep] B orig 2f_top14 async: fq=410.59 delivery=100.0 cold=0.0
[rep4 keep] B orig 2f_top28 pread: fq=408.45 delivery=100.0 cold=0.0
[rep4 keep] B orig 2f_top28 async: fq=409.33 delivery=100.0 cold=0.0
[rep4 keep] B orig 2e_K10 pread: fq=410.23 delivery=100.0 cold=0.0
[rep4 keep] B orig 2e_K10 async: fq=403.52 delivery=100.0 cold=0.0
[rep4 keep] C orig learned_markov_14 pread: fq=178.44 delivery=100.0 cold=0.0
[rep4 keep] C orig learned_markov_14 async: fq=180.61 delivery=100.0 cold=0.0
[rep4 keep] C orig learned_markov_28 pread: fq=184.25 delivery=100.0 cold=0.0
[rep4 keep] C orig learned_markov_28 async: fq=180.06 delivery=100.0 cold=0.0
[rep4 keep] C orig 2f_top14 pread: fq=185.34 delivery=100.0 cold=0.0
[rep4 keep] C orig 2f_top14 async: fq=180.3 delivery=100.0 cold=0.0
[rep4 keep] C orig 2f_top28 pread: fq=178.8 delivery=100.0 cold=0.0
[rep4 keep] C orig 2f_top28 async: fq=180.29 delivery=100.0 cold=0.0
[rep4 keep] C orig 2e_K10 pread: fq=180.67 delivery=100.0 cold=0.0
[rep4 keep] C orig 2e_K10 async: fq=178.24 delivery=100.0 cold=0.0
[rep5 keep] A orig baseline baseline: fq=513.72 delivery=0.0 cold=0.0
[rep5 keep] B orig baseline baseline: fq=733.53 delivery=0.0 cold=0.0
[rep5 keep] C orig baseline baseline: fq=1073.75 delivery=0.0 cold=0.0
[rep5 keep] A orig learned_markov_14 pread: fq=328.81 delivery=100.0 cold=0.0
[rep5 keep] A orig learned_markov_14 async: fq=351.85 delivery=100.0 cold=0.0
[rep5 keep] A orig learned_markov_28 pread: fq=355.65 delivery=100.0 cold=0.0
[rep5 keep] A orig learned_markov_28 async: fq=354.17 delivery=100.0 cold=0.0
[rep5 keep] A orig 2f_top14 pread: fq=398.41 delivery=100.0 cold=0.0
[rep5 keep] A orig 2f_top14 async: fq=334.2 delivery=100.0 cold=0.0
[rep5 keep] A orig 2f_top28 pread: fq=325.39 delivery=100.0 cold=0.0
[rep5 keep] A orig 2f_top28 async: fq=374.23 delivery=100.0 cold=0.0
[rep5 keep] A orig 2e_K10 pread: fq=170.56 delivery=100.0 cold=0.0
[rep5 keep] A orig 2e_K10 async: fq=358.01 delivery=100.0 cold=0.0
[rep5 keep] B orig learned_markov_14 pread: fq=410.1 delivery=100.0 cold=0.0
[rep5 keep] B orig learned_markov_14 async: fq=404.62 delivery=100.0 cold=0.0
[rep5 keep] B orig learned_markov_28 pread: fq=400.07 delivery=100.0 cold=0.0
[rep5 keep] B orig learned_markov_28 async: fq=419.14 delivery=100.0 cold=0.0
[rep5 keep] B orig 2f_top14 pread: fq=412.61 delivery=100.0 cold=0.0
[rep5 keep] B orig 2f_top14 async: fq=416.82 delivery=100.0 cold=0.0
[rep5 keep] B orig 2f_top28 pread: fq=425.92 delivery=100.0 cold=0.0
[rep5 keep] B orig 2f_top28 async: fq=417.52 delivery=100.0 cold=0.0
[rep5 keep] B orig 2e_K10 pread: fq=411.49 delivery=100.0 cold=0.0
[rep5 keep] B orig 2e_K10 async: fq=416.7 delivery=100.0 cold=0.0
[rep5 keep] C orig learned_markov_14 pread: fq=177.84 delivery=100.0 cold=0.0
[rep5 keep] C orig learned_markov_14 async: fq=179.99 delivery=100.0 cold=0.0
[rep5 keep] C orig learned_markov_28 pread: fq=179.95 delivery=100.0 cold=0.0
[rep5 keep] C orig learned_markov_28 async: fq=179.32 delivery=100.0 cold=0.0
[rep5 keep] C orig 2f_top14 pread: fq=180.04 delivery=100.0 cold=0.0
[rep5 keep] C orig 2f_top14 async: fq=181.49 delivery=100.0 cold=0.0
[rep5 keep] C orig 2f_top28 pread: fq=180.27 delivery=100.0 cold=0.0
[rep5 keep] C orig 2f_top28 async: fq=177.99 delivery=100.0 cold=0.0
[rep5 keep] C orig 2e_K10 pread: fq=183.47 delivery=100.0 cold=0.0
[rep5 keep] C orig 2e_K10 async: fq=179.67 delivery=100.0 cold=0.0
[rep6 keep] A orig baseline baseline: fq=512.86 delivery=0.0 cold=0.0
[rep6 keep] B orig baseline baseline: fq=747.22 delivery=0.0 cold=0.0
[rep6 keep] C orig baseline baseline: fq=1076.42 delivery=0.0 cold=0.0
[rep6 keep] A orig learned_markov_14 pread: fq=406.85 delivery=100.0 cold=0.0
[rep6 keep] A orig learned_markov_14 async: fq=372.97 delivery=100.0 cold=0.0
[rep6 keep] A orig learned_markov_28 pread: fq=359.8 delivery=100.0 cold=0.0
[rep6 keep] A orig learned_markov_28 async: fq=404.45 delivery=100.0 cold=0.0
[rep6 keep] A orig 2f_top14 pread: fq=386.01 delivery=100.0 cold=0.0
[rep6 keep] A orig 2f_top14 async: fq=383.02 delivery=100.0 cold=0.0
[rep6 keep] A orig 2f_top28 pread: fq=359.17 delivery=100.0 cold=0.0
[rep6 keep] A orig 2f_top28 async: fq=358.4 delivery=100.0 cold=0.0
[rep6 keep] A orig 2e_K10 pread: fq=181.69 delivery=100.0 cold=0.0
[rep6 keep] A orig 2e_K10 async: fq=355.12 delivery=100.0 cold=0.0
[rep6 keep] B orig learned_markov_14 pread: fq=407.07 delivery=100.0 cold=0.0
[rep6 keep] B orig learned_markov_14 async: fq=417.96 delivery=100.0 cold=0.0
[rep6 keep] B orig learned_markov_28 pread: fq=406.2 delivery=100.0 cold=0.0
[rep6 keep] B orig learned_markov_28 async: fq=415.18 delivery=100.0 cold=0.0
[rep6 keep] B orig 2f_top14 pread: fq=413.46 delivery=100.0 cold=0.0
[rep6 keep] B orig 2f_top14 async: fq=406.26 delivery=100.0 cold=0.0
[rep6 keep] B orig 2f_top28 pread: fq=418.85 delivery=100.0 cold=0.0
[rep6 keep] B orig 2f_top28 async: fq=407.57 delivery=100.0 cold=0.0
[rep6 keep] B orig 2e_K10 pread: fq=406.01 delivery=100.0 cold=0.0
[rep6 keep] B orig 2e_K10 async: fq=409.5 delivery=100.0 cold=0.0
[rep6 keep] C orig learned_markov_14 pread: fq=180.09 delivery=100.0 cold=0.0
[rep6 keep] C orig learned_markov_14 async: fq=180.61 delivery=100.0 cold=0.0
[rep6 keep] C orig learned_markov_28 pread: fq=179.57 delivery=100.0 cold=0.0
[rep6 keep] C orig learned_markov_28 async: fq=186.25 delivery=100.0 cold=0.0
[rep6 keep] C orig 2f_top14 pread: fq=183.17 delivery=100.0 cold=0.0
[rep6 keep] C orig 2f_top14 async: fq=182.91 delivery=100.0 cold=0.0
[rep6 keep] C orig 2f_top28 pread: fq=179.49 delivery=100.0 cold=0.0
[rep6 keep] C orig 2f_top28 async: fq=180.19 delivery=100.0 cold=0.0
[rep6 keep] C orig 2e_K10 pread: fq=179.88 delivery=100.0 cold=0.0
[rep6 keep] C orig 2e_K10 async: fq=181.46 delivery=100.0 cold=0.0
[rep7 keep] A orig baseline baseline: fq=507.81 delivery=0.0 cold=0.0
[rep7 keep] B orig baseline baseline: fq=738.87 delivery=0.0 cold=0.0
[rep7 keep] C orig baseline baseline: fq=1104.74 delivery=0.0 cold=0.0
[rep7 keep] A orig learned_markov_14 pread: fq=327.89 delivery=100.0 cold=0.0
[rep7 keep] A orig learned_markov_14 async: fq=332.1 delivery=100.0 cold=0.0
[rep7 keep] A orig learned_markov_28 pread: fq=409.1 delivery=100.0 cold=0.0
[rep7 keep] A orig learned_markov_28 async: fq=357.4 delivery=100.0 cold=0.0
[rep7 keep] A orig 2f_top14 pread: fq=407.87 delivery=100.0 cold=0.0
[rep7 keep] A orig 2f_top14 async: fq=387.35 delivery=100.0 cold=0.0
[rep7 keep] A orig 2f_top28 pread: fq=359.54 delivery=100.0 cold=0.0
[rep7 keep] A orig 2f_top28 async: fq=359.06 delivery=100.0 cold=0.0
[rep7 keep] A orig 2e_K10 pread: fq=183.41 delivery=100.0 cold=0.0
[rep7 keep] A orig 2e_K10 async: fq=325.39 delivery=100.0 cold=0.0
[rep7 keep] B orig learned_markov_14 pread: fq=403.46 delivery=100.0 cold=0.0
[rep7 keep] B orig learned_markov_14 async: fq=410.35 delivery=100.0 cold=0.0
[rep7 keep] B orig learned_markov_28 pread: fq=402.36 delivery=100.0 cold=0.0
[rep7 keep] B orig learned_markov_28 async: fq=404.2 delivery=100.0 cold=0.0
[rep7 keep] B orig 2f_top14 pread: fq=413.84 delivery=100.0 cold=0.0
[rep7 keep] B orig 2f_top14 async: fq=412.82 delivery=100.0 cold=0.0
[rep7 keep] B orig 2f_top28 pread: fq=413.91 delivery=100.0 cold=0.0
[rep7 keep] B orig 2f_top28 async: fq=411.44 delivery=100.0 cold=0.0
[rep7 keep] B orig 2e_K10 pread: fq=412.75 delivery=100.0 cold=0.0
[rep7 keep] B orig 2e_K10 async: fq=409.63 delivery=100.0 cold=0.0
[rep7 keep] C orig learned_markov_14 pread: fq=178.03 delivery=100.0 cold=0.0
[rep7 keep] C orig learned_markov_14 async: fq=177.55 delivery=100.0 cold=0.0
[rep7 keep] C orig learned_markov_28 pread: fq=180.96 delivery=100.0 cold=0.0
[rep7 keep] C orig learned_markov_28 async: fq=181.35 delivery=100.0 cold=0.0
[rep7 keep] C orig 2f_top14 pread: fq=182.08 delivery=100.0 cold=0.0
[rep7 keep] C orig 2f_top14 async: fq=214.28 delivery=100.0 cold=0.0
[rep7 keep] C orig 2f_top28 pread: fq=177.57 delivery=100.0 cold=0.0
[rep7 keep] C orig 2f_top28 async: fq=179.17 delivery=100.0 cold=0.0
[rep7 keep] C orig 2e_K10 pread: fq=179.47 delivery=100.0 cold=0.0
[rep7 keep] C orig 2e_K10 async: fq=181.96 delivery=100.0 cold=0.0
[rep8 keep] A orig baseline baseline: fq=510.96 delivery=0.0 cold=0.0
[rep8 keep] B orig baseline baseline: fq=736.68 delivery=0.0 cold=0.0
[rep8 keep] C orig baseline baseline: fq=1070.14 delivery=0.0 cold=0.0
[rep8 keep] A orig learned_markov_14 pread: fq=355.11 delivery=100.0 cold=0.0
[rep8 keep] A orig learned_markov_14 async: fq=378.71 delivery=100.0 cold=0.0
[rep8 keep] A orig learned_markov_28 pread: fq=403.87 delivery=100.0 cold=0.0
[rep8 keep] A orig learned_markov_28 async: fq=360.36 delivery=100.0 cold=0.0
[rep8 keep] A orig 2f_top14 pread: fq=386.51 delivery=100.0 cold=0.0
[rep8 keep] A orig 2f_top14 async: fq=386.22 delivery=100.0 cold=0.0
[rep8 keep] A orig 2f_top28 pread: fq=397.18 delivery=100.0 cold=0.0
[rep8 keep] A orig 2f_top28 async: fq=331.83 delivery=100.0 cold=0.0
[rep8 keep] A orig 2e_K10 pread: fq=180.35 delivery=100.0 cold=0.0
[rep8 keep] A orig 2e_K10 async: fq=360.98 delivery=100.0 cold=0.0
[rep8 keep] B orig learned_markov_14 pread: fq=405.79 delivery=100.0 cold=0.0
[rep8 keep] B orig learned_markov_14 async: fq=413.73 delivery=100.0 cold=0.0
[rep8 keep] B orig learned_markov_28 pread: fq=412.28 delivery=100.0 cold=0.0
[rep8 keep] B orig learned_markov_28 async: fq=412.16 delivery=100.0 cold=0.0
[rep8 keep] B orig 2f_top14 pread: fq=416.9 delivery=100.0 cold=0.0
[rep8 keep] B orig 2f_top14 async: fq=410.35 delivery=100.0 cold=0.0
[rep8 keep] B orig 2f_top28 pread: fq=410.09 delivery=100.0 cold=0.0
[rep8 keep] B orig 2f_top28 async: fq=409.1 delivery=100.0 cold=0.0
[rep8 keep] B orig 2e_K10 pread: fq=445.08 delivery=100.0 cold=0.0
[rep8 keep] B orig 2e_K10 async: fq=413.73 delivery=100.0 cold=0.0
[rep8 keep] C orig learned_markov_14 pread: fq=182.19 delivery=100.0 cold=0.0
[rep8 keep] C orig learned_markov_14 async: fq=182.97 delivery=100.0 cold=0.0
[rep8 keep] C orig learned_markov_28 pread: fq=184.38 delivery=100.0 cold=0.0
[rep8 keep] C orig learned_markov_28 async: fq=178.59 delivery=100.0 cold=0.0
[rep8 keep] C orig 2f_top14 pread: fq=179.0 delivery=100.0 cold=0.0
[rep8 keep] C orig 2f_top14 async: fq=179.24 delivery=100.0 cold=0.0
[rep8 keep] C orig 2f_top28 pread: fq=180.39 delivery=100.0 cold=0.0
[rep8 keep] C orig 2f_top28 async: fq=185.3 delivery=100.0 cold=0.0
[rep8 keep] C orig 2e_K10 pread: fq=178.31 delivery=100.0 cold=0.0
[rep8 keep] C orig 2e_K10 async: fq=183.79 delivery=100.0 cold=0.0
[rep9 keep] A orig baseline baseline: fq=507.54 delivery=0.0 cold=0.0
[rep9 keep] B orig baseline baseline: fq=734.56 delivery=0.0 cold=0.0
[rep9 keep] C orig baseline baseline: fq=1071.32 delivery=0.0 cold=0.0
[rep9 keep] A orig learned_markov_14 pread: fq=327.21 delivery=100.0 cold=0.0
[rep9 keep] A orig learned_markov_14 async: fq=332.54 delivery=100.0 cold=0.0
[rep9 keep] A orig learned_markov_28 pread: fq=355.59 delivery=100.0 cold=0.0
[rep9 keep] A orig learned_markov_28 async: fq=360.13 delivery=100.0 cold=0.0
[rep9 keep] A orig 2f_top14 pread: fq=398.42 delivery=100.0 cold=0.0
[rep9 keep] A orig 2f_top14 async: fq=359.31 delivery=100.0 cold=0.0
[rep9 keep] A orig 2f_top28 pread: fq=355.84 delivery=100.0 cold=0.0
[rep9 keep] A orig 2f_top28 async: fq=332.58 delivery=100.0 cold=0.0
[rep9 keep] A orig 2e_K10 pread: fq=181.0 delivery=100.0 cold=0.0
[rep9 keep] A orig 2e_K10 async: fq=354.02 delivery=100.0 cold=0.0
[rep9 keep] B orig learned_markov_14 pread: fq=445.77 delivery=100.0 cold=0.0
[rep9 keep] B orig learned_markov_14 async: fq=409.56 delivery=100.0 cold=0.0
[rep9 keep] B orig learned_markov_28 pread: fq=407.72 delivery=100.0 cold=0.0
[rep9 keep] B orig learned_markov_28 async: fq=412.9 delivery=100.0 cold=0.0
[rep9 keep] B orig 2f_top14 pread: fq=422.59 delivery=100.0 cold=0.0
[rep9 keep] B orig 2f_top14 async: fq=407.37 delivery=100.0 cold=0.0
[rep9 keep] B orig 2f_top28 pread: fq=404.77 delivery=100.0 cold=0.0
[rep9 keep] B orig 2f_top28 async: fq=407.73 delivery=100.0 cold=0.0
[rep9 keep] B orig 2e_K10 pread: fq=408.12 delivery=100.0 cold=0.0
[rep9 keep] B orig 2e_K10 async: fq=412.94 delivery=100.0 cold=0.0
[rep9 keep] C orig learned_markov_14 pread: fq=188.94 delivery=100.0 cold=0.0
[rep9 keep] C orig learned_markov_14 async: fq=186.86 delivery=100.0 cold=0.0
[rep9 keep] C orig learned_markov_28 pread: fq=177.12 delivery=100.0 cold=0.0
[rep9 keep] C orig learned_markov_28 async: fq=179.78 delivery=100.0 cold=0.0
[rep9 keep] C orig 2f_top14 pread: fq=180.08 delivery=100.0 cold=0.0
[rep9 keep] C orig 2f_top14 async: fq=178.52 delivery=100.0 cold=0.0
[rep9 keep] C orig 2f_top28 pread: fq=178.67 delivery=100.0 cold=0.0
[rep9 keep] C orig 2f_top28 async: fq=186.52 delivery=100.0 cold=0.0
[rep9 keep] C orig 2e_K10 pread: fq=176.92 delivery=100.0 cold=0.0
[rep9 keep] C orig 2e_K10 async: fq=181.52 delivery=100.0 cold=0.0
[rep10 keep] A orig baseline baseline: fq=507.92 delivery=0.0 cold=0.0
[rep10 keep] B orig baseline baseline: fq=731.6 delivery=0.0 cold=0.0
[rep10 keep] C orig baseline baseline: fq=1069.63 delivery=0.0 cold=0.0
[rep10 keep] A orig learned_markov_14 pread: fq=408.9 delivery=100.0 cold=0.0
[rep10 keep] A orig learned_markov_14 async: fq=324.7 delivery=100.0 cold=0.0
[rep10 keep] A orig learned_markov_28 pread: fq=356.49 delivery=100.0 cold=0.0
[rep10 keep] A orig learned_markov_28 async: fq=407.7 delivery=100.0 cold=0.0
[rep10 keep] A orig 2f_top14 pread: fq=387.81 delivery=100.0 cold=0.0
[rep10 keep] A orig 2f_top14 async: fq=356.36 delivery=100.0 cold=0.0
[rep10 keep] A orig 2f_top28 pread: fq=345.29 delivery=100.0 cold=0.0
[rep10 keep] A orig 2f_top28 async: fq=391.46 delivery=100.0 cold=0.0
[rep10 keep] A orig 2e_K10 pread: fq=183.66 delivery=100.0 cold=0.0
[rep10 keep] A orig 2e_K10 async: fq=410.07 delivery=100.0 cold=0.0
[rep10 keep] B orig learned_markov_14 pread: fq=419.66 delivery=100.0 cold=0.0
[rep10 keep] B orig learned_markov_14 async: fq=418.31 delivery=100.0 cold=0.0
[rep10 keep] B orig learned_markov_28 pread: fq=414.27 delivery=100.0 cold=0.0
[rep10 keep] B orig learned_markov_28 async: fq=415.61 delivery=100.0 cold=0.0
[rep10 keep] B orig 2f_top14 pread: fq=409.63 delivery=100.0 cold=0.0
[rep10 keep] B orig 2f_top14 async: fq=452.19 delivery=100.0 cold=0.0
[rep10 keep] B orig 2f_top28 pread: fq=402.08 delivery=100.0 cold=0.0
[rep10 keep] B orig 2f_top28 async: fq=412.38 delivery=100.0 cold=0.0
[rep10 keep] B orig 2e_K10 pread: fq=416.07 delivery=100.0 cold=0.0
[rep10 keep] B orig 2e_K10 async: fq=407.26 delivery=100.0 cold=0.0
[rep10 keep] C orig learned_markov_14 pread: fq=178.25 delivery=100.0 cold=0.0
[rep10 keep] C orig learned_markov_14 async: fq=184.74 delivery=100.0 cold=0.0
[rep10 keep] C orig learned_markov_28 pread: fq=180.96 delivery=100.0 cold=0.0
[rep10 keep] C orig learned_markov_28 async: fq=176.36 delivery=100.0 cold=0.0
[rep10 keep] C orig 2f_top14 pread: fq=184.63 delivery=100.0 cold=0.0
[rep10 keep] C orig 2f_top14 async: fq=180.93 delivery=100.0 cold=0.0
[rep10 keep] C orig 2f_top28 pread: fq=191.02 delivery=100.0 cold=0.0
[rep10 keep] C orig 2f_top28 async: fq=180.38 delivery=100.0 cold=0.0
[rep10 keep] C orig 2e_K10 pread: fq=182.47 delivery=100.0 cold=0.0
[rep10 keep] C orig 2e_K10 async: fq=179.17 delivery=100.0 cold=0.0
[rep11 keep] A orig baseline baseline: fq=445.25 delivery=0.0 cold=0.0
[rep11 keep] B orig baseline baseline: fq=747.63 delivery=0.0 cold=0.0
[rep11 keep] C orig baseline baseline: fq=1070.39 delivery=0.0 cold=0.0
[rep11 keep] A orig learned_markov_14 pread: fq=405.66 delivery=100.0 cold=0.0
[rep11 keep] A orig learned_markov_14 async: fq=328.67 delivery=100.0 cold=0.0
[rep11 keep] A orig learned_markov_28 pread: fq=359.25 delivery=100.0 cold=0.0
[rep11 keep] A orig learned_markov_28 async: fq=358.45 delivery=100.0 cold=0.0
[rep11 keep] A orig 2f_top14 pread: fq=372.8 delivery=100.0 cold=0.0
[rep11 keep] A orig 2f_top14 async: fq=385.22 delivery=100.0 cold=0.0
[rep11 keep] A orig 2f_top28 pread: fq=328.4 delivery=100.0 cold=0.0
[rep11 keep] A orig 2f_top28 async: fq=357.29 delivery=100.0 cold=0.0
[rep11 keep] A orig 2e_K10 pread: fq=181.93 delivery=100.0 cold=0.0
[rep11 keep] A orig 2e_K10 async: fq=355.61 delivery=100.0 cold=0.0
[rep11 keep] B orig learned_markov_14 pread: fq=412.71 delivery=100.0 cold=0.0
[rep11 keep] B orig learned_markov_14 async: fq=411.72 delivery=100.0 cold=0.0
[rep11 keep] B orig learned_markov_28 pread: fq=400.73 delivery=100.0 cold=0.0
[rep11 keep] B orig learned_markov_28 async: fq=412.97 delivery=100.0 cold=0.0
[rep11 keep] B orig 2f_top14 pread: fq=412.37 delivery=100.0 cold=0.0
[rep11 keep] B orig 2f_top14 async: fq=420.58 delivery=100.0 cold=0.0
[rep11 keep] B orig 2f_top28 pread: fq=415.12 delivery=100.0 cold=0.0
[rep11 keep] B orig 2f_top28 async: fq=409.55 delivery=100.0 cold=0.0
[rep11 keep] B orig 2e_K10 pread: fq=407.08 delivery=100.0 cold=0.0
[rep11 keep] B orig 2e_K10 async: fq=402.13 delivery=100.0 cold=0.0
[rep11 keep] C orig learned_markov_14 pread: fq=186.58 delivery=100.0 cold=0.0
[rep11 keep] C orig learned_markov_14 async: fq=177.28 delivery=100.0 cold=0.0
[rep11 keep] C orig learned_markov_28 pread: fq=181.16 delivery=100.0 cold=0.0
[rep11 keep] C orig learned_markov_28 async: fq=180.68 delivery=100.0 cold=0.0
[rep11 keep] C orig 2f_top14 pread: fq=179.81 delivery=100.0 cold=0.0
[rep11 keep] C orig 2f_top14 async: fq=182.14 delivery=100.0 cold=0.0
[rep11 keep] C orig 2f_top28 pread: fq=181.02 delivery=100.0 cold=0.0
[rep11 keep] C orig 2f_top28 async: fq=184.42 delivery=100.0 cold=0.0
[rep11 keep] C orig 2e_K10 pread: fq=181.39 delivery=100.0 cold=0.0
[rep11 keep] C orig 2e_K10 async: fq=181.72 delivery=100.0 cold=0.0

done. raw=results/learned_10fold/seed1/raw.csv  summary=results/learned_10fold/seed1/summary.csv
--- fold 2: measure (async+pread) ---
--seed 2: missing workload file /home/u03/sqlite-research-project-sharing/workloads/workload_yc_2.txt (generate it with workloads/gen_workload.py)
  !! run failed fold 2
=== learned_10fold batch 2026-07-30T07:17:39Z  seeds={1 2 3 4 5 6 7 8 9 10} reps=10/10 ===
--- prep: learned_markov LOSO hotsets ---
  fold 1: learned hotset present, reuse
  fold 2: learned hotset present, reuse
  fold 3: learned hotset present, reuse
  fold 4: learned hotset present, reuse
  fold 5: learned hotset present, reuse
  fold 6: learned hotset present, reuse
  fold 7: learned hotset present, reuse
  fold 8: learned hotset present, reuse
  fold 9: learned hotset present, reuse
  fold 10: learned hotset present, reuse
--- fold 1: SKIP (summary present) ---
--- fold 2: measure (async+pread) ---
ENV kernel=6.17.0-41-generic disk=nvme1n1 ra_kb=128 governor=powersave driver=amd-pstate-epp epp=balance_performance boost=1 maxfreq_khz=5756452 thp=madvise loadavg=0.10 memavail_kb=55710444
[rep1 warm] A orig baseline baseline: fq=884.4 delivery=0.0 cold=0.0
[rep1 warm] B orig baseline baseline: fq=928.99 delivery=0.0 cold=0.0
[rep1 warm] C orig baseline baseline: fq=979.56 delivery=0.0 cold=0.0
[rep1 warm] A orig learned_markov_14 pread: fq=552.61 delivery=100.0 cold=0.0
[rep1 warm] A orig learned_markov_14 async: fq=584.97 delivery=100.0 cold=0.0
[rep1 warm] A orig learned_markov_28 pread: fq=584.96 delivery=100.0 cold=0.0
[rep1 warm] A orig learned_markov_28 async: fq=518.55 delivery=100.0 cold=0.0
[rep1 warm] A orig 2f_top14 pread: fq=552.89 delivery=100.0 cold=0.0
[rep1 warm] A orig 2f_top14 async: fq=582.21 delivery=100.0 cold=0.0
[rep1 warm] A orig 2f_top28 pread: fq=572.05 delivery=100.0 cold=0.0
[rep1 warm] A orig 2f_top28 async: fq=584.35 delivery=100.0 cold=0.0
[rep1 warm] A orig 2e_K10 pread: fq=515.52 delivery=100.0 cold=0.0
[rep1 warm] A orig 2e_K10 async: fq=513.4 delivery=100.0 cold=0.0
[rep1 warm] B orig learned_markov_14 pread: fq=669.63 delivery=100.0 cold=0.0
[rep1 warm] B orig learned_markov_14 async: fq=666.98 delivery=100.0 cold=0.0
[rep1 warm] B orig learned_markov_28 pread: fq=564.75 delivery=100.0 cold=0.0
[rep1 warm] B orig learned_markov_28 async: fq=551.22 delivery=100.0 cold=0.0
[rep1 warm] B orig 2f_top14 pread: fq=666.23 delivery=100.0 cold=0.0
[rep1 warm] B orig 2f_top14 async: fq=634.17 delivery=100.0 cold=0.0
[rep1 warm] B orig 2f_top28 pread: fq=601.57 delivery=100.0 cold=0.0
[rep1 warm] B orig 2f_top28 async: fq=638.79 delivery=100.0 cold=0.0
[rep1 warm] B orig 2e_K10 pread: fq=635.6 delivery=100.0 cold=0.0
[rep1 warm] B orig 2e_K10 async: fq=663.69 delivery=100.0 cold=0.0
[rep1 warm] C orig learned_markov_14 pread: fq=590.47 delivery=100.0 cold=0.0
[rep1 warm] C orig learned_markov_14 async: fq=534.75 delivery=100.0 cold=0.0
[rep1 warm] C orig learned_markov_28 pread: fq=561.72 delivery=100.0 cold=0.0
[rep1 warm] C orig learned_markov_28 async: fq=641.28 delivery=100.0 cold=0.0
[rep1 warm] C orig 2f_top14 pread: fq=587.47 delivery=100.0 cold=0.0
[rep1 warm] C orig 2f_top14 async: fq=642.53 delivery=100.0 cold=0.0
[rep1 warm] C orig 2f_top28 pread: fq=559.38 delivery=100.0 cold=0.0
[rep1 warm] C orig 2f_top28 async: fq=514.03 delivery=100.0 cold=0.0
[rep1 warm] C orig 2e_K10 pread: fq=560.5 delivery=100.0 cold=0.0
[rep1 warm] C orig 2e_K10 async: fq=544.58 delivery=100.0 cold=0.0
[rep2 keep] A orig baseline baseline: fq=860.66 delivery=0.0 cold=0.0
[rep2 keep] B orig baseline baseline: fq=969.46 delivery=0.0 cold=0.0
[rep2 keep] C orig baseline baseline: fq=925.15 delivery=0.0 cold=0.0
[rep2 keep] A orig learned_markov_14 pread: fq=514.32 delivery=100.0 cold=0.0
[rep2 keep] A orig learned_markov_14 async: fq=585.93 delivery=100.0 cold=0.0
[rep2 keep] A orig learned_markov_28 pread: fq=520.87 delivery=100.0 cold=0.0
[rep2 keep] A orig learned_markov_28 async: fq=516.74 delivery=100.0 cold=0.0
[rep2 keep] A orig 2f_top14 pread: fq=515.46 delivery=100.0 cold=0.0
[rep2 keep] A orig 2f_top14 async: fq=512.21 delivery=100.0 cold=0.0
[rep2 keep] A orig 2f_top28 pread: fq=515.89 delivery=100.0 cold=0.0
[rep2 keep] A orig 2f_top28 async: fq=512.22 delivery=100.0 cold=0.0
[rep2 keep] A orig 2e_K10 pread: fq=590.28 delivery=100.0 cold=0.0
[rep2 keep] A orig 2e_K10 async: fq=513.7 delivery=100.0 cold=0.0
[rep2 keep] B orig learned_markov_14 pread: fq=566.37 delivery=100.0 cold=0.0
[rep2 keep] B orig learned_markov_14 async: fq=527.5 delivery=100.0 cold=0.0
[rep2 keep] B orig learned_markov_28 pread: fq=573.92 delivery=100.0 cold=0.0
[rep2 keep] B orig learned_markov_28 async: fq=517.62 delivery=100.0 cold=0.0
[rep2 keep] B orig 2f_top14 pread: fq=666.95 delivery=100.0 cold=0.0
[rep2 keep] B orig 2f_top14 async: fq=662.97 delivery=100.0 cold=0.0
[rep2 keep] B orig 2f_top28 pread: fq=632.25 delivery=100.0 cold=0.0
[rep2 keep] B orig 2f_top28 async: fq=666.38 delivery=100.0 cold=0.0
[rep2 keep] B orig 2e_K10 pread: fq=666.59 delivery=100.0 cold=0.0
[rep2 keep] B orig 2e_K10 async: fq=593.45 delivery=100.0 cold=0.0
[rep2 keep] C orig learned_markov_14 pread: fq=568.33 delivery=100.0 cold=0.0
[rep2 keep] C orig learned_markov_14 async: fq=535.23 delivery=100.0 cold=0.0
[rep2 keep] C orig learned_markov_28 pread: fq=671.94 delivery=100.0 cold=0.0
[rep2 keep] C orig learned_markov_28 async: fq=667.05 delivery=100.0 cold=0.0
[rep2 keep] C orig 2f_top14 pread: fq=563.32 delivery=100.0 cold=0.0
[rep2 keep] C orig 2f_top14 async: fq=597.82 delivery=100.0 cold=0.0
[rep2 keep] C orig 2f_top28 pread: fq=595.35 delivery=100.0 cold=0.0
[rep2 keep] C orig 2f_top28 async: fq=576.5 delivery=100.0 cold=0.0
[rep2 keep] C orig 2e_K10 pread: fq=597.92 delivery=100.0 cold=0.0
[rep2 keep] C orig 2e_K10 async: fq=532.01 delivery=100.0 cold=0.0
[rep3 keep] A orig baseline baseline: fq=817.19 delivery=0.0 cold=0.0
[rep3 keep] B orig baseline baseline: fq=996.04 delivery=0.0 cold=0.0
[rep3 keep] C orig baseline baseline: fq=907.99 delivery=0.0 cold=0.0
[rep3 keep] A orig learned_markov_14 pread: fq=551.33 delivery=100.0 cold=0.0
[rep3 keep] A orig learned_markov_14 async: fq=587.2 delivery=100.0 cold=0.0
[rep3 keep] A orig learned_markov_28 pread: fq=587.98 delivery=100.0 cold=0.0
[rep3 keep] A orig learned_markov_28 async: fq=586.4 delivery=100.0 cold=0.0
[rep3 keep] A orig 2f_top14 pread: fq=598.77 delivery=100.0 cold=0.0
[rep3 keep] A orig 2f_top14 async: fq=521.49 delivery=100.0 cold=0.0
[rep3 keep] A orig 2f_top28 pread: fq=523.39 delivery=100.0 cold=0.0
[rep3 keep] A orig 2f_top28 async: fq=481.44 delivery=100.0 cold=0.0
[rep3 keep] A orig 2e_K10 pread: fq=511.53 delivery=100.0 cold=0.0
[rep3 keep] A orig 2e_K10 async: fq=514.71 delivery=100.0 cold=0.0
[rep3 keep] B orig learned_markov_14 pread: fq=604.29 delivery=100.0 cold=0.0
[rep3 keep] B orig learned_markov_14 async: fq=609.04 delivery=100.0 cold=0.0
[rep3 keep] B orig learned_markov_28 pread: fq=552.86 delivery=100.0 cold=0.0
[rep3 keep] B orig learned_markov_28 async: fq=550.3 delivery=100.0 cold=0.0
[rep3 keep] B orig 2f_top14 pread: fq=643.9 delivery=100.0 cold=0.0
[rep3 keep] B orig 2f_top14 async: fq=665.29 delivery=100.0 cold=0.0
[rep3 keep] B orig 2f_top28 pread: fq=665.25 delivery=100.0 cold=0.0
[rep3 keep] B orig 2f_top28 async: fq=640.17 delivery=100.0 cold=0.0
[rep3 keep] B orig 2e_K10 pread: fq=600.97 delivery=100.0 cold=0.0
[rep3 keep] B orig 2e_K10 async: fq=661.94 delivery=100.0 cold=0.0
[rep3 keep] C orig learned_markov_14 pread: fq=558.86 delivery=100.0 cold=0.0
[rep3 keep] C orig learned_markov_14 async: fq=546.37 delivery=100.0 cold=0.0
[rep3 keep] C orig learned_markov_28 pread: fq=570.31 delivery=100.0 cold=0.0
[rep3 keep] C orig learned_markov_28 async: fq=539.85 delivery=100.0 cold=0.0
[rep3 keep] C orig 2f_top14 pread: fq=592.79 delivery=100.0 cold=0.0
[rep3 keep] C orig 2f_top14 async: fq=509.69 delivery=100.0 cold=0.0
[rep3 keep] C orig 2f_top28 pread: fq=663.78 delivery=100.0 cold=0.0
[rep3 keep] C orig 2f_top28 async: fq=534.26 delivery=100.0 cold=0.0
[rep3 keep] C orig 2e_K10 pread: fq=528.9 delivery=100.0 cold=0.0
[rep3 keep] C orig 2e_K10 async: fq=550.14 delivery=100.0 cold=0.0
[rep4 keep] A orig baseline baseline: fq=846.57 delivery=0.0 cold=0.0
[rep4 keep] B orig baseline baseline: fq=873.17 delivery=0.0 cold=0.0
[rep4 keep] C orig baseline baseline: fq=945.74 delivery=0.0 cold=0.0
[rep4 keep] A orig learned_markov_14 pread: fq=513.98 delivery=100.0 cold=0.0
[rep4 keep] A orig learned_markov_14 async: fq=514.79 delivery=100.0 cold=0.0
[rep4 keep] A orig learned_markov_28 pread: fq=581.64 delivery=100.0 cold=0.0
[rep4 keep] A orig learned_markov_28 async: fq=520.03 delivery=100.0 cold=0.0
[rep4 keep] A orig 2f_top14 pread: fq=515.35 delivery=100.0 cold=0.0
[rep4 keep] A orig 2f_top14 async: fq=512.91 delivery=100.0 cold=0.0
[rep4 keep] A orig 2f_top28 pread: fq=574.88 delivery=100.0 cold=0.0
[rep4 keep] A orig 2f_top28 async: fq=515.12 delivery=100.0 cold=0.0
[rep4 keep] A orig 2e_K10 pread: fq=512.45 delivery=100.0 cold=0.0
[rep4 keep] A orig 2e_K10 async: fq=531.33 delivery=100.0 cold=0.0
[rep4 keep] B orig learned_markov_14 pread: fq=636.31 delivery=100.0 cold=0.0
[rep4 keep] B orig learned_markov_14 async: fq=663.04 delivery=100.0 cold=0.0
[rep4 keep] B orig learned_markov_28 pread: fq=571.2 delivery=100.0 cold=0.0
[rep4 keep] B orig learned_markov_28 async: fq=536.64 delivery=100.0 cold=0.0
[rep4 keep] B orig 2f_top14 pread: fq=664.18 delivery=100.0 cold=0.0
[rep4 keep] B orig 2f_top14 async: fq=633.65 delivery=100.0 cold=0.0
[rep4 keep] B orig 2f_top28 pread: fq=628.05 delivery=100.0 cold=0.0
[rep4 keep] B orig 2f_top28 async: fq=665.22 delivery=100.0 cold=0.0
[rep4 keep] B orig 2e_K10 pread: fq=661.12 delivery=100.0 cold=0.0
[rep4 keep] B orig 2e_K10 async: fq=501.66 delivery=100.0 cold=0.0
[rep4 keep] C orig learned_markov_14 pread: fq=568.58 delivery=100.0 cold=0.0
[rep4 keep] C orig learned_markov_14 async: fq=555.52 delivery=100.0 cold=0.0
[rep4 keep] C orig learned_markov_28 pread: fq=524.69 delivery=100.0 cold=0.0
[rep4 keep] C orig learned_markov_28 async: fq=543.55 delivery=100.0 cold=0.0
[rep4 keep] C orig 2f_top14 pread: fq=632.11 delivery=100.0 cold=0.0
[rep4 keep] C orig 2f_top14 async: fq=546.46 delivery=100.0 cold=0.0
[rep4 keep] C orig 2f_top28 pread: fq=703.64 delivery=100.0 cold=0.0
[rep4 keep] C orig 2f_top28 async: fq=543.65 delivery=100.0 cold=0.0
[rep4 keep] C orig 2e_K10 pread: fq=559.77 delivery=100.0 cold=0.0
[rep4 keep] C orig 2e_K10 async: fq=546.49 delivery=100.0 cold=0.0
[rep5 keep] A orig baseline baseline: fq=890.77 delivery=0.0 cold=0.0
[rep5 keep] B orig baseline baseline: fq=868.82 delivery=0.0 cold=0.0
[rep5 keep] C orig baseline baseline: fq=922.04 delivery=0.0 cold=0.0
[rep5 keep] A orig learned_markov_14 pread: fq=584.66 delivery=100.0 cold=0.0
[rep5 keep] A orig learned_markov_14 async: fq=511.21 delivery=100.0 cold=0.0
[rep5 keep] A orig learned_markov_28 pread: fq=518.52 delivery=100.0 cold=0.0
[rep5 keep] A orig learned_markov_28 async: fq=584.12 delivery=100.0 cold=0.0
[rep5 keep] A orig 2f_top14 pread: fq=516.16 delivery=100.0 cold=0.0
[rep5 keep] A orig 2f_top14 async: fq=583.48 delivery=100.0 cold=0.0
[rep5 keep] A orig 2f_top28 pread: fq=550.89 delivery=100.0 cold=0.0
[rep5 keep] A orig 2f_top28 async: fq=524.34 delivery=100.0 cold=0.0
[rep5 keep] A orig 2e_K10 pread: fq=518.55 delivery=100.0 cold=0.0
[rep5 keep] A orig 2e_K10 async: fq=511.83 delivery=100.0 cold=0.0
[rep5 keep] B orig learned_markov_14 pread: fq=598.06 delivery=100.0 cold=0.0
[rep5 keep] B orig learned_markov_14 async: fq=639.45 delivery=100.0 cold=0.0
[rep5 keep] B orig learned_markov_28 pread: fq=557.79 delivery=100.0 cold=0.0
[rep5 keep] B orig learned_markov_28 async: fq=518.28 delivery=100.0 cold=0.0
[rep5 keep] B orig 2f_top14 pread: fq=635.7 delivery=100.0 cold=0.0
[rep5 keep] B orig 2f_top14 async: fq=631.94 delivery=100.0 cold=0.0
[rep5 keep] B orig 2f_top28 pread: fq=640.27 delivery=100.0 cold=0.0
[rep5 keep] B orig 2f_top28 async: fq=633.98 delivery=100.0 cold=0.0
[rep5 keep] B orig 2e_K10 pread: fq=664.37 delivery=100.0 cold=0.0
[rep5 keep] B orig 2e_K10 async: fq=655.77 delivery=100.0 cold=0.0
[rep5 keep] C orig learned_markov_14 pread: fq=559.74 delivery=100.0 cold=0.0
[rep5 keep] C orig learned_markov_14 async: fq=544.07 delivery=100.0 cold=0.0
[rep5 keep] C orig learned_markov_28 pread: fq=632.88 delivery=100.0 cold=0.0
[rep5 keep] C orig learned_markov_28 async: fq=603.18 delivery=100.0 cold=0.0
[rep5 keep] C orig 2f_top14 pread: fq=561.52 delivery=100.0 cold=0.0
[rep5 keep] C orig 2f_top14 async: fq=604.79 delivery=100.0 cold=0.0
[rep5 keep] C orig 2f_top28 pread: fq=587.56 delivery=100.0 cold=0.0
[rep5 keep] C orig 2f_top28 async: fq=539.71 delivery=100.0 cold=0.0
[rep5 keep] C orig 2e_K10 pread: fq=563.2 delivery=100.0 cold=0.0
[rep5 keep] C orig 2e_K10 async: fq=637.59 delivery=100.0 cold=0.0
[rep6 keep] A orig baseline baseline: fq=811.83 delivery=0.0 cold=0.0
[rep6 keep] B orig baseline baseline: fq=970.67 delivery=0.0 cold=0.0
[rep6 keep] C orig baseline baseline: fq=976.59 delivery=0.0 cold=0.0
[rep6 keep] A orig learned_markov_14 pread: fq=581.73 delivery=100.0 cold=0.0
[rep6 keep] A orig learned_markov_14 async: fq=545.12 delivery=100.0 cold=0.0
[rep6 keep] A orig learned_markov_28 pread: fq=513.25 delivery=100.0 cold=0.0
[rep6 keep] A orig learned_markov_28 async: fq=517.3 delivery=100.0 cold=0.0
[rep6 keep] A orig 2f_top14 pread: fq=554.67 delivery=100.0 cold=0.0
[rep6 keep] A orig 2f_top14 async: fq=585.89 delivery=100.0 cold=0.0
[rep6 keep] A orig 2f_top28 pread: fq=579.71 delivery=100.0 cold=0.0
[rep6 keep] A orig 2f_top28 async: fq=617.65 delivery=100.0 cold=0.0
[rep6 keep] A orig 2e_K10 pread: fq=587.22 delivery=100.0 cold=0.0
[rep6 keep] A orig 2e_K10 async: fq=580.87 delivery=100.0 cold=0.0
[rep6 keep] B orig learned_markov_14 pread: fq=631.54 delivery=100.0 cold=0.0
[rep6 keep] B orig learned_markov_14 async: fq=660.1 delivery=100.0 cold=0.0
[rep6 keep] B orig learned_markov_28 pread: fq=507.87 delivery=100.0 cold=0.0
[rep6 keep] B orig learned_markov_28 async: fq=554.08 delivery=100.0 cold=0.0
[rep6 keep] B orig 2f_top14 pread: fq=636.26 delivery=100.0 cold=0.0
[rep6 keep] B orig 2f_top14 async: fq=619.02 delivery=100.0 cold=0.0
[rep6 keep] B orig 2f_top28 pread: fq=631.82 delivery=100.0 cold=0.0
[rep6 keep] B orig 2f_top28 async: fq=633.65 delivery=100.0 cold=0.0
[rep6 keep] B orig 2e_K10 pread: fq=664.53 delivery=100.0 cold=0.0
[rep6 keep] B orig 2e_K10 async: fq=628.07 delivery=100.0 cold=0.0
[rep6 keep] C orig learned_markov_14 pread: fq=562.73 delivery=100.0 cold=0.0
[rep6 keep] C orig learned_markov_14 async: fq=583.46 delivery=100.0 cold=0.0
[rep6 keep] C orig learned_markov_28 pread: fq=559.04 delivery=100.0 cold=0.0
[rep6 keep] C orig learned_markov_28 async: fq=561.18 delivery=100.0 cold=0.0
[rep6 keep] C orig 2f_top14 pread: fq=601.56 delivery=100.0 cold=0.0
[rep6 keep] C orig 2f_top14 async: fq=537.07 delivery=100.0 cold=0.0
[rep6 keep] C orig 2f_top28 pread: fq=558.28 delivery=100.0 cold=0.0
[rep6 keep] C orig 2f_top28 async: fq=536.89 delivery=100.0 cold=0.0
[rep6 keep] C orig 2e_K10 pread: fq=588.81 delivery=100.0 cold=0.0
[rep6 keep] C orig 2e_K10 async: fq=550.43 delivery=100.0 cold=0.0
[rep7 keep] A orig baseline baseline: fq=849.85 delivery=0.0 cold=0.0
[rep7 keep] B orig baseline baseline: fq=932.08 delivery=0.0 cold=0.0
[rep7 keep] C orig baseline baseline: fq=1036.99 delivery=0.0 cold=0.0
[rep7 keep] A orig learned_markov_14 pread: fq=558.45 delivery=100.0 cold=0.0
[rep7 keep] A orig learned_markov_14 async: fq=586.18 delivery=100.0 cold=0.0
[rep7 keep] A orig learned_markov_28 pread: fq=514.03 delivery=100.0 cold=0.0
[rep7 keep] A orig learned_markov_28 async: fq=522.37 delivery=100.0 cold=0.0
[rep7 keep] A orig 2f_top14 pread: fq=581.31 delivery=100.0 cold=0.0
[rep7 keep] A orig 2f_top14 async: fq=581.87 delivery=100.0 cold=0.0
[rep7 keep] A orig 2f_top28 pread: fq=520.63 delivery=100.0 cold=0.0
[rep7 keep] A orig 2f_top28 async: fq=585.84 delivery=100.0 cold=0.0
[rep7 keep] A orig 2e_K10 pread: fq=494.94 delivery=100.0 cold=0.0
[rep7 keep] A orig 2e_K10 async: fq=578.46 delivery=100.0 cold=0.0
[rep7 keep] B orig learned_markov_14 pread: fq=609.92 delivery=100.0 cold=0.0
[rep7 keep] B orig learned_markov_14 async: fq=630.64 delivery=100.0 cold=0.0
[rep7 keep] B orig learned_markov_28 pread: fq=546.74 delivery=100.0 cold=0.0
[rep7 keep] B orig learned_markov_28 async: fq=518.59 delivery=100.0 cold=0.0
[rep7 keep] B orig 2f_top14 pread: fq=602.44 delivery=100.0 cold=0.0
[rep7 keep] B orig 2f_top14 async: fq=633.36 delivery=100.0 cold=0.0
[rep7 keep] B orig 2f_top28 pread: fq=636.58 delivery=100.0 cold=0.0
[rep7 keep] B orig 2f_top28 async: fq=673.2 delivery=100.0 cold=0.0
[rep7 keep] B orig 2e_K10 pread: fq=631.97 delivery=100.0 cold=0.0
[rep7 keep] B orig 2e_K10 async: fq=678.26 delivery=100.0 cold=0.0
[rep7 keep] C orig learned_markov_14 pread: fq=559.92 delivery=100.0 cold=0.0
[rep7 keep] C orig learned_markov_14 async: fq=567.04 delivery=100.0 cold=0.0
[rep7 keep] C orig learned_markov_28 pread: fq=559.14 delivery=100.0 cold=0.0
[rep7 keep] C orig learned_markov_28 async: fq=533.06 delivery=100.0 cold=0.0
[rep7 keep] C orig 2f_top14 pread: fq=511.97 delivery=100.0 cold=0.0
[rep7 keep] C orig 2f_top14 async: fq=528.63 delivery=100.0 cold=0.0
[rep7 keep] C orig 2f_top28 pread: fq=572.97 delivery=100.0 cold=0.0
[rep7 keep] C orig 2f_top28 async: fq=600.46 delivery=100.0 cold=0.0
[rep7 keep] C orig 2e_K10 pread: fq=563.3 delivery=100.0 cold=0.0
[rep7 keep] C orig 2e_K10 async: fq=544.23 delivery=100.0 cold=0.0
[rep8 keep] A orig baseline baseline: fq=777.63 delivery=0.0 cold=0.0
[rep8 keep] B orig baseline baseline: fq=991.85 delivery=0.0 cold=0.0
[rep8 keep] C orig baseline baseline: fq=982.04 delivery=0.0 cold=0.0
[rep8 keep] A orig learned_markov_14 pread: fq=584.29 delivery=100.0 cold=0.0
[rep8 keep] A orig learned_markov_14 async: fq=511.99 delivery=100.0 cold=0.0
[rep8 keep] A orig learned_markov_28 pread: fq=520.61 delivery=100.0 cold=0.0
[rep8 keep] A orig learned_markov_28 async: fq=579.96 delivery=100.0 cold=0.0
[rep8 keep] A orig 2f_top14 pread: fq=557.75 delivery=100.0 cold=0.0
[rep8 keep] A orig 2f_top14 async: fq=580.83 delivery=100.0 cold=0.0
[rep8 keep] A orig 2f_top28 pread: fq=478.31 delivery=100.0 cold=0.0
[rep8 keep] A orig 2f_top28 async: fq=550.42 delivery=100.0 cold=0.0
[rep8 keep] A orig 2e_K10 pread: fq=590.12 delivery=100.0 cold=0.0
[rep8 keep] A orig 2e_K10 async: fq=581.54 delivery=100.0 cold=0.0
[rep8 keep] B orig learned_markov_14 pread: fq=632.5 delivery=100.0 cold=0.0
[rep8 keep] B orig learned_markov_14 async: fq=630.43 delivery=100.0 cold=0.0
[rep8 keep] B orig learned_markov_28 pread: fq=519.12 delivery=100.0 cold=0.0
[rep8 keep] B orig learned_markov_28 async: fq=518.64 delivery=100.0 cold=0.0
[rep8 keep] B orig 2f_top14 pread: fq=663.86 delivery=100.0 cold=0.0
[rep8 keep] B orig 2f_top14 async: fq=627.94 delivery=100.0 cold=0.0
[rep8 keep] B orig 2f_top28 pread: fq=667.08 delivery=100.0 cold=0.0
[rep8 keep] B orig 2f_top28 async: fq=666.24 delivery=100.0 cold=0.0
[rep8 keep] B orig 2e_K10 pread: fq=629.81 delivery=100.0 cold=0.0
[rep8 keep] B orig 2e_K10 async: fq=661.17 delivery=100.0 cold=0.0
[rep8 keep] C orig learned_markov_14 pread: fq=561.84 delivery=100.0 cold=0.0
[rep8 keep] C orig learned_markov_14 async: fq=595.92 delivery=100.0 cold=0.0
[rep8 keep] C orig learned_markov_28 pread: fq=563.76 delivery=100.0 cold=0.0
[rep8 keep] C orig learned_markov_28 async: fq=668.05 delivery=100.0 cold=0.0
[rep8 keep] C orig 2f_top14 pread: fq=571.39 delivery=100.0 cold=0.0
[rep8 keep] C orig 2f_top14 async: fq=665.09 delivery=100.0 cold=0.0
[rep8 keep] C orig 2f_top28 pread: fq=559.02 delivery=100.0 cold=0.0
[rep8 keep] C orig 2f_top28 async: fq=553.22 delivery=100.0 cold=0.0
[rep8 keep] C orig 2e_K10 pread: fq=666.08 delivery=100.0 cold=0.0
[rep8 keep] C orig 2e_K10 async: fq=667.48 delivery=100.0 cold=0.0
[rep9 keep] A orig baseline baseline: fq=812.76 delivery=0.0 cold=0.0
[rep9 keep] B orig baseline baseline: fq=970.07 delivery=0.0 cold=0.0
[rep9 keep] C orig baseline baseline: fq=913.22 delivery=0.0 cold=0.0
[rep9 keep] A orig learned_markov_14 pread: fq=582.86 delivery=100.0 cold=0.0
[rep9 keep] A orig learned_markov_14 async: fq=517.08 delivery=100.0 cold=0.0
[rep9 keep] A orig learned_markov_28 pread: fq=513.57 delivery=100.0 cold=0.0
[rep9 keep] A orig learned_markov_28 async: fq=518.93 delivery=100.0 cold=0.0
[rep9 keep] A orig 2f_top14 pread: fq=511.48 delivery=100.0 cold=0.0
[rep9 keep] A orig 2f_top14 async: fq=512.4 delivery=100.0 cold=0.0
[rep9 keep] A orig 2f_top28 pread: fq=514.53 delivery=100.0 cold=0.0
[rep9 keep] A orig 2f_top28 async: fq=557.29 delivery=100.0 cold=0.0
[rep9 keep] A orig 2e_K10 pread: fq=501.58 delivery=100.0 cold=0.0
[rep9 keep] A orig 2e_K10 async: fq=515.42 delivery=100.0 cold=0.0
[rep9 keep] B orig learned_markov_14 pread: fq=613.97 delivery=100.0 cold=0.0
[rep9 keep] B orig learned_markov_14 async: fq=676.96 delivery=100.0 cold=0.0
[rep9 keep] B orig learned_markov_28 pread: fq=564.55 delivery=100.0 cold=0.0
[rep9 keep] B orig learned_markov_28 async: fq=521.52 delivery=100.0 cold=0.0
[rep9 keep] B orig 2f_top14 pread: fq=664.96 delivery=100.0 cold=0.0
[rep9 keep] B orig 2f_top14 async: fq=498.42 delivery=100.0 cold=0.0
[rep9 keep] B orig 2f_top28 pread: fq=664.49 delivery=100.0 cold=0.0
[rep9 keep] B orig 2f_top28 async: fq=634.45 delivery=100.0 cold=0.0
[rep9 keep] B orig 2e_K10 pread: fq=663.07 delivery=100.0 cold=0.0
[rep9 keep] B orig 2e_K10 async: fq=663.82 delivery=100.0 cold=0.0
[rep9 keep] C orig learned_markov_14 pread: fq=598.54 delivery=100.0 cold=0.0
[rep9 keep] C orig learned_markov_14 async: fq=589.57 delivery=100.0 cold=0.0
[rep9 keep] C orig learned_markov_28 pread: fq=663.75 delivery=100.0 cold=0.0
[rep9 keep] C orig learned_markov_28 async: fq=664.58 delivery=100.0 cold=0.0
[rep9 keep] C orig 2f_top14 pread: fq=591.65 delivery=100.0 cold=0.0
[rep9 keep] C orig 2f_top14 async: fq=535.58 delivery=100.0 cold=0.0
[rep9 keep] C orig 2f_top28 pread: fq=664.71 delivery=100.0 cold=0.0
[rep9 keep] C orig 2f_top28 async: fq=552.58 delivery=100.0 cold=0.0
[rep9 keep] C orig 2e_K10 pread: fq=560.16 delivery=100.0 cold=0.0
[rep9 keep] C orig 2e_K10 async: fq=592.45 delivery=100.0 cold=0.0
[rep10 keep] A orig baseline baseline: fq=856.64 delivery=0.0 cold=0.0
[rep10 keep] B orig baseline baseline: fq=961.38 delivery=0.0 cold=0.0
[rep10 keep] C orig baseline baseline: fq=980.32 delivery=0.0 cold=0.0
[rep10 keep] A orig learned_markov_14 pread: fq=557.43 delivery=100.0 cold=0.0
[rep10 keep] A orig learned_markov_14 async: fq=586.35 delivery=100.0 cold=0.0
[rep10 keep] A orig learned_markov_28 pread: fq=585.96 delivery=100.0 cold=0.0
[rep10 keep] A orig learned_markov_28 async: fq=587.36 delivery=100.0 cold=0.0
[rep10 keep] A orig 2f_top14 pread: fq=602.08 delivery=100.0 cold=0.0
[rep10 keep] A orig 2f_top14 async: fq=580.68 delivery=100.0 cold=0.0
[rep10 keep] A orig 2f_top28 pread: fq=511.2 delivery=100.0 cold=0.0
[rep10 keep] A orig 2f_top28 async: fq=550.64 delivery=100.0 cold=0.0
[rep10 keep] A orig 2e_K10 pread: fq=585.19 delivery=100.0 cold=0.0
[rep10 keep] A orig 2e_K10 async: fq=519.87 delivery=100.0 cold=0.0
[rep10 keep] B orig learned_markov_14 pread: fq=629.96 delivery=100.0 cold=0.0
[rep10 keep] B orig learned_markov_14 async: fq=631.52 delivery=100.0 cold=0.0
[rep10 keep] B orig learned_markov_28 pread: fq=545.4 delivery=100.0 cold=0.0
[rep10 keep] B orig learned_markov_28 async: fq=566.12 delivery=100.0 cold=0.0
[rep10 keep] B orig 2f_top14 pread: fq=530.16 delivery=100.0 cold=0.0
[rep10 keep] B orig 2f_top14 async: fq=646.65 delivery=100.0 cold=0.0
[rep10 keep] B orig 2f_top28 pread: fq=630.5 delivery=100.0 cold=0.0
[rep10 keep] B orig 2f_top28 async: fq=496.34 delivery=100.0 cold=0.0
[rep10 keep] B orig 2e_K10 pread: fq=635.33 delivery=100.0 cold=0.0
[rep10 keep] B orig 2e_K10 async: fq=661.53 delivery=100.0 cold=0.0
[rep10 keep] C orig learned_markov_14 pread: fq=590.39 delivery=100.0 cold=0.0
[rep10 keep] C orig learned_markov_14 async: fq=535.32 delivery=100.0 cold=0.0
[rep10 keep] C orig learned_markov_28 pread: fq=598.25 delivery=100.0 cold=0.0
[rep10 keep] C orig learned_markov_28 async: fq=550.29 delivery=100.0 cold=0.0
[rep10 keep] C orig 2f_top14 pread: fq=594.37 delivery=100.0 cold=0.0
[rep10 keep] C orig 2f_top14 async: fq=672.79 delivery=100.0 cold=0.0
[rep10 keep] C orig 2f_top28 pread: fq=573.08 delivery=100.0 cold=0.0
[rep10 keep] C orig 2f_top28 async: fq=571.51 delivery=100.0 cold=0.0
[rep10 keep] C orig 2e_K10 pread: fq=560.05 delivery=100.0 cold=0.0
[rep10 keep] C orig 2e_K10 async: fq=591.33 delivery=100.0 cold=0.0
[rep11 keep] A orig baseline baseline: fq=841.44 delivery=0.0 cold=0.0
[rep11 keep] B orig baseline baseline: fq=1000.95 delivery=0.0 cold=0.0
[rep11 keep] C orig baseline baseline: fq=967.39 delivery=0.0 cold=0.0
[rep11 keep] A orig learned_markov_14 pread: fq=517.14 delivery=100.0 cold=0.0
[rep11 keep] A orig learned_markov_14 async: fq=586.83 delivery=100.0 cold=0.0
[rep11 keep] A orig learned_markov_28 pread: fq=581.7 delivery=100.0 cold=0.0
[rep11 keep] A orig learned_markov_28 async: fq=516.96 delivery=100.0 cold=0.0
[rep11 keep] A orig 2f_top14 pread: fq=588.88 delivery=100.0 cold=0.0
[rep11 keep] A orig 2f_top14 async: fq=515.92 delivery=100.0 cold=0.0
[rep11 keep] A orig 2f_top28 pread: fq=521.85 delivery=100.0 cold=0.0
[rep11 keep] A orig 2f_top28 async: fq=581.72 delivery=100.0 cold=0.0
[rep11 keep] A orig 2e_K10 pread: fq=513.92 delivery=100.0 cold=0.0
[rep11 keep] A orig 2e_K10 async: fq=516.32 delivery=100.0 cold=0.0
[rep11 keep] B orig learned_markov_14 pread: fq=633.57 delivery=100.0 cold=0.0
[rep11 keep] B orig learned_markov_14 async: fq=604.51 delivery=100.0 cold=0.0
[rep11 keep] B orig learned_markov_28 pread: fq=532.77 delivery=100.0 cold=0.0
[rep11 keep] B orig learned_markov_28 async: fq=496.37 delivery=100.0 cold=0.0
[rep11 keep] B orig 2f_top14 pread: fq=607.41 delivery=100.0 cold=0.0
[rep11 keep] B orig 2f_top14 async: fq=602.03 delivery=100.0 cold=0.0
[rep11 keep] B orig 2f_top28 pread: fq=632.21 delivery=100.0 cold=0.0
[rep11 keep] B orig 2f_top28 async: fq=633.35 delivery=100.0 cold=0.0
[rep11 keep] B orig 2e_K10 pread: fq=639.08 delivery=100.0 cold=0.0
[rep11 keep] B orig 2e_K10 async: fq=632.3 delivery=100.0 cold=0.0
[rep11 keep] C orig learned_markov_14 pread: fq=536.79 delivery=100.0 cold=0.0
[rep11 keep] C orig learned_markov_14 async: fq=513.54 delivery=100.0 cold=0.0
[rep11 keep] C orig learned_markov_28 pread: fq=538.16 delivery=100.0 cold=0.0
[rep11 keep] C orig learned_markov_28 async: fq=533.52 delivery=100.0 cold=0.0
[rep11 keep] C orig 2f_top14 pread: fq=533.14 delivery=100.0 cold=0.0
[rep11 keep] C orig 2f_top14 async: fq=560.65 delivery=100.0 cold=0.0
[rep11 keep] C orig 2f_top28 pread: fq=593.34 delivery=100.0 cold=0.0
[rep11 keep] C orig 2f_top28 async: fq=555.6 delivery=100.0 cold=0.0
[rep11 keep] C orig 2e_K10 pread: fq=562.99 delivery=100.0 cold=0.0
[rep11 keep] C orig 2e_K10 async: fq=537.81 delivery=100.0 cold=0.0

done. raw=results/learned_10fold/seed2/raw.csv  summary=results/learned_10fold/seed2/summary.csv
--- fold 3: measure (async+pread) ---
ENV kernel=6.17.0-41-generic disk=nvme1n1 ra_kb=128 governor=powersave driver=amd-pstate-epp epp=balance_performance boost=1 maxfreq_khz=5756452 thp=madvise loadavg=0.93 memavail_kb=55739432
[rep1 warm] A orig baseline baseline: fq=920.24 delivery=0.0 cold=0.0
[rep1 warm] B orig baseline baseline: fq=999.73 delivery=0.0 cold=0.0
[rep1 warm] C orig baseline baseline: fq=878.81 delivery=0.0 cold=0.0
[rep1 warm] A orig learned_markov_14 pread: fq=499.59 delivery=100.0 cold=0.0
[rep1 warm] A orig learned_markov_14 async: fq=511.14 delivery=100.0 cold=0.0
[rep1 warm] A orig learned_markov_28 pread: fq=474.69 delivery=100.0 cold=0.0
[rep1 warm] A orig learned_markov_28 async: fq=483.69 delivery=100.0 cold=0.0
[rep1 warm] A orig 2f_top14 pread: fq=575.04 delivery=100.0 cold=0.0
[rep1 warm] A orig 2f_top14 async: fq=511.41 delivery=100.0 cold=0.0
[rep1 warm] A orig 2f_top28 pread: fq=477.13 delivery=100.0 cold=0.0
[rep1 warm] A orig 2f_top28 async: fq=565.92 delivery=100.0 cold=0.0
[rep1 warm] A orig 2e_K10 pread: fq=568.85 delivery=100.0 cold=0.0
[rep1 warm] A orig 2e_K10 async: fq=514.44 delivery=100.0 cold=0.0
[rep1 warm] B orig learned_markov_14 pread: fq=525.08 delivery=100.0 cold=0.0
[rep1 warm] B orig learned_markov_14 async: fq=591.2 delivery=100.0 cold=0.0
[rep1 warm] B orig learned_markov_28 pread: fq=590.0 delivery=100.0 cold=0.0
[rep1 warm] B orig learned_markov_28 async: fq=562.05 delivery=100.0 cold=0.0
[rep1 warm] B orig 2f_top14 pread: fq=524.62 delivery=100.0 cold=0.0
[rep1 warm] B orig 2f_top14 async: fq=522.24 delivery=100.0 cold=0.0
[rep1 warm] B orig 2f_top28 pread: fq=559.69 delivery=100.0 cold=0.0
[rep1 warm] B orig 2f_top28 async: fq=588.78 delivery=100.0 cold=0.0
[rep1 warm] B orig 2e_K10 pread: fq=528.18 delivery=100.0 cold=0.0
[rep1 warm] B orig 2e_K10 async: fq=593.3 delivery=100.0 cold=0.0
[rep1 warm] C orig learned_markov_14 pread: fq=181.64 delivery=100.0 cold=0.0
[rep1 warm] C orig learned_markov_14 async: fq=180.01 delivery=100.0 cold=0.0
[rep1 warm] C orig learned_markov_28 pread: fq=180.85 delivery=100.0 cold=0.0
[rep1 warm] C orig learned_markov_28 async: fq=178.74 delivery=100.0 cold=0.0
[rep1 warm] C orig 2f_top14 pread: fq=178.41 delivery=100.0 cold=0.0
[rep1 warm] C orig 2f_top14 async: fq=178.4 delivery=100.0 cold=0.0
[rep1 warm] C orig 2f_top28 pread: fq=179.5 delivery=100.0 cold=0.0
[rep1 warm] C orig 2f_top28 async: fq=182.05 delivery=100.0 cold=0.0
[rep1 warm] C orig 2e_K10 pread: fq=179.02 delivery=100.0 cold=0.0
[rep1 warm] C orig 2e_K10 async: fq=180.89 delivery=100.0 cold=0.0
[rep2 keep] A orig baseline baseline: fq=886.84 delivery=0.0 cold=0.0
[rep2 keep] B orig baseline baseline: fq=902.14 delivery=0.0 cold=0.0
[rep2 keep] C orig baseline baseline: fq=879.54 delivery=0.0 cold=0.0
[rep2 keep] A orig learned_markov_14 pread: fq=500.15 delivery=100.0 cold=0.0
[rep2 keep] A orig learned_markov_14 async: fq=508.02 delivery=100.0 cold=0.0
[rep2 keep] A orig learned_markov_28 pread: fq=510.8 delivery=100.0 cold=0.0
[rep2 keep] A orig learned_markov_28 async: fq=506.92 delivery=100.0 cold=0.0
[rep2 keep] A orig 2f_top14 pread: fq=472.24 delivery=100.0 cold=0.0
[rep2 keep] A orig 2f_top14 async: fq=505.99 delivery=100.0 cold=0.0
[rep2 keep] A orig 2f_top28 pread: fq=441.2 delivery=100.0 cold=0.0
[rep2 keep] A orig 2f_top28 async: fq=512.38 delivery=100.0 cold=0.0
[rep2 keep] A orig 2e_K10 pread: fq=470.57 delivery=100.0 cold=0.0
[rep2 keep] A orig 2e_K10 async: fq=547.39 delivery=100.0 cold=0.0
[rep2 keep] B orig learned_markov_14 pread: fq=529.66 delivery=100.0 cold=0.0
[rep2 keep] B orig learned_markov_14 async: fq=588.4 delivery=100.0 cold=0.0
[rep2 keep] B orig learned_markov_28 pread: fq=588.49 delivery=100.0 cold=0.0
[rep2 keep] B orig learned_markov_28 async: fq=594.94 delivery=100.0 cold=0.0
[rep2 keep] B orig 2f_top14 pread: fq=523.73 delivery=100.0 cold=0.0
[rep2 keep] B orig 2f_top14 async: fq=523.04 delivery=100.0 cold=0.0
[rep2 keep] B orig 2f_top28 pread: fq=586.17 delivery=100.0 cold=0.0
[rep2 keep] B orig 2f_top28 async: fq=589.49 delivery=100.0 cold=0.0
[rep2 keep] B orig 2e_K10 pread: fq=589.43 delivery=100.0 cold=0.0
[rep2 keep] B orig 2e_K10 async: fq=588.03 delivery=100.0 cold=0.0
[rep2 keep] C orig learned_markov_14 pread: fq=182.15 delivery=100.0 cold=0.0
[rep2 keep] C orig learned_markov_14 async: fq=179.47 delivery=100.0 cold=0.0
[rep2 keep] C orig learned_markov_28 pread: fq=179.35 delivery=100.0 cold=0.0
[rep2 keep] C orig learned_markov_28 async: fq=179.58 delivery=100.0 cold=0.0
[rep2 keep] C orig 2f_top14 pread: fq=177.7 delivery=100.0 cold=0.0
[rep2 keep] C orig 2f_top14 async: fq=180.01 delivery=100.0 cold=0.0
[rep2 keep] C orig 2f_top28 pread: fq=181.09 delivery=100.0 cold=0.0
[rep2 keep] C orig 2f_top28 async: fq=178.81 delivery=100.0 cold=0.0
[rep2 keep] C orig 2e_K10 pread: fq=180.23 delivery=100.0 cold=0.0
[rep2 keep] C orig 2e_K10 async: fq=181.08 delivery=100.0 cold=0.0
[rep3 keep] A orig baseline baseline: fq=885.02 delivery=0.0 cold=0.0
[rep3 keep] B orig baseline baseline: fq=945.78 delivery=0.0 cold=0.0
[rep3 keep] C orig baseline baseline: fq=752.75 delivery=0.0 cold=0.0
[rep3 keep] A orig learned_markov_14 pread: fq=540.81 delivery=100.0 cold=0.0
[rep3 keep] A orig learned_markov_14 async: fq=514.88 delivery=100.0 cold=0.0
[rep3 keep] A orig learned_markov_28 pread: fq=572.32 delivery=100.0 cold=0.0
[rep3 keep] A orig learned_markov_28 async: fq=509.53 delivery=100.0 cold=0.0
[rep3 keep] A orig 2f_top14 pread: fq=449.31 delivery=100.0 cold=0.0
[rep3 keep] A orig 2f_top14 async: fq=512.6 delivery=100.0 cold=0.0
[rep3 keep] A orig 2f_top28 pread: fq=513.67 delivery=100.0 cold=0.0
[rep3 keep] A orig 2f_top28 async: fq=501.91 delivery=100.0 cold=0.0
[rep3 keep] A orig 2e_K10 pread: fq=507.16 delivery=100.0 cold=0.0
[rep3 keep] A orig 2e_K10 async: fq=522.4 delivery=100.0 cold=0.0
[rep3 keep] B orig learned_markov_14 pread: fq=535.44 delivery=100.0 cold=0.0
[rep3 keep] B orig learned_markov_14 async: fq=602.3 delivery=100.0 cold=0.0
[rep3 keep] B orig learned_markov_28 pread: fq=520.19 delivery=100.0 cold=0.0
[rep3 keep] B orig learned_markov_28 async: fq=591.63 delivery=100.0 cold=0.0
[rep3 keep] B orig 2f_top14 pread: fq=536.84 delivery=100.0 cold=0.0
[rep3 keep] B orig 2f_top14 async: fq=588.29 delivery=100.0 cold=0.0
[rep3 keep] B orig 2f_top28 pread: fq=588.25 delivery=100.0 cold=0.0
[rep3 keep] B orig 2f_top28 async: fq=589.0 delivery=100.0 cold=0.0
[rep3 keep] B orig 2e_K10 pread: fq=537.82 delivery=100.0 cold=0.0
[rep3 keep] B orig 2e_K10 async: fq=599.14 delivery=100.0 cold=0.0
[rep3 keep] C orig learned_markov_14 pread: fq=179.21 delivery=100.0 cold=0.0
[rep3 keep] C orig learned_markov_14 async: fq=179.96 delivery=100.0 cold=0.0
[rep3 keep] C orig learned_markov_28 pread: fq=180.9 delivery=100.0 cold=0.0
[rep3 keep] C orig learned_markov_28 async: fq=179.45 delivery=100.0 cold=0.0
[rep3 keep] C orig 2f_top14 pread: fq=177.3 delivery=100.0 cold=0.0
[rep3 keep] C orig 2f_top14 async: fq=181.75 delivery=100.0 cold=0.0
[rep3 keep] C orig 2f_top28 pread: fq=184.58 delivery=100.0 cold=0.0
[rep3 keep] C orig 2f_top28 async: fq=181.38 delivery=100.0 cold=0.0
[rep3 keep] C orig 2e_K10 pread: fq=183.02 delivery=100.0 cold=0.0
[rep3 keep] C orig 2e_K10 async: fq=180.05 delivery=100.0 cold=0.0
[rep4 keep] A orig baseline baseline: fq=852.55 delivery=0.0 cold=0.0
[rep4 keep] B orig baseline baseline: fq=998.74 delivery=0.0 cold=0.0
[rep4 keep] C orig baseline baseline: fq=878.16 delivery=0.0 cold=0.0
[rep4 keep] A orig learned_markov_14 pread: fq=593.58 delivery=100.0 cold=0.0
[rep4 keep] A orig learned_markov_14 async: fq=504.22 delivery=100.0 cold=0.0
[rep4 keep] A orig learned_markov_28 pread: fq=508.12 delivery=100.0 cold=0.0
[rep4 keep] A orig learned_markov_28 async: fq=570.54 delivery=100.0 cold=0.0
[rep4 keep] A orig 2f_top14 pread: fq=473.84 delivery=100.0 cold=0.0
[rep4 keep] A orig 2f_top14 async: fq=477.25 delivery=100.0 cold=0.0
[rep4 keep] A orig 2f_top28 pread: fq=474.11 delivery=100.0 cold=0.0
[rep4 keep] A orig 2f_top28 async: fq=471.45 delivery=100.0 cold=0.0
[rep4 keep] A orig 2e_K10 pread: fq=500.68 delivery=100.0 cold=0.0
[rep4 keep] A orig 2e_K10 async: fq=509.86 delivery=100.0 cold=0.0
[rep4 keep] B orig learned_markov_14 pread: fq=560.27 delivery=100.0 cold=0.0
[rep4 keep] B orig learned_markov_14 async: fq=590.28 delivery=100.0 cold=0.0
[rep4 keep] B orig learned_markov_28 pread: fq=545.78 delivery=100.0 cold=0.0
[rep4 keep] B orig learned_markov_28 async: fq=528.92 delivery=100.0 cold=0.0
[rep4 keep] B orig 2f_top14 pread: fq=531.23 delivery=100.0 cold=0.0
[rep4 keep] B orig 2f_top14 async: fq=594.15 delivery=100.0 cold=0.0
[rep4 keep] B orig 2f_top28 pread: fq=565.42 delivery=100.0 cold=0.0
[rep4 keep] B orig 2f_top28 async: fq=597.73 delivery=100.0 cold=0.0
[rep4 keep] B orig 2e_K10 pread: fq=588.76 delivery=100.0 cold=0.0
[rep4 keep] B orig 2e_K10 async: fq=585.2 delivery=100.0 cold=0.0
[rep4 keep] C orig learned_markov_14 pread: fq=199.66 delivery=100.0 cold=0.0
[rep4 keep] C orig learned_markov_14 async: fq=179.26 delivery=100.0 cold=0.0
[rep4 keep] C orig learned_markov_28 pread: fq=182.85 delivery=100.0 cold=0.0
[rep4 keep] C orig learned_markov_28 async: fq=178.83 delivery=100.0 cold=0.0
[rep4 keep] C orig 2f_top14 pread: fq=178.06 delivery=100.0 cold=0.0
[rep4 keep] C orig 2f_top14 async: fq=179.14 delivery=100.0 cold=0.0
[rep4 keep] C orig 2f_top28 pread: fq=180.19 delivery=100.0 cold=0.0
[rep4 keep] C orig 2f_top28 async: fq=179.97 delivery=100.0 cold=0.0
[rep4 keep] C orig 2e_K10 pread: fq=178.69 delivery=100.0 cold=0.0
[rep4 keep] C orig 2e_K10 async: fq=181.2 delivery=100.0 cold=0.0
[rep5 keep] A orig baseline baseline: fq=907.81 delivery=0.0 cold=0.0
[rep5 keep] B orig baseline baseline: fq=914.17 delivery=0.0 cold=0.0
[rep5 keep] C orig baseline baseline: fq=845.68 delivery=0.0 cold=0.0
[rep5 keep] A orig learned_markov_14 pread: fq=512.18 delivery=100.0 cold=0.0
[rep5 keep] A orig learned_markov_14 async: fq=474.05 delivery=100.0 cold=0.0
[rep5 keep] A orig learned_markov_28 pread: fq=569.16 delivery=100.0 cold=0.0
[rep5 keep] A orig learned_markov_28 async: fq=474.21 delivery=100.0 cold=0.0
[rep5 keep] A orig 2f_top14 pread: fq=515.44 delivery=100.0 cold=0.0
[rep5 keep] A orig 2f_top14 async: fq=470.53 delivery=100.0 cold=0.0
[rep5 keep] A orig 2f_top28 pread: fq=510.72 delivery=100.0 cold=0.0
[rep5 keep] A orig 2f_top28 async: fq=448.97 delivery=100.0 cold=0.0
[rep5 keep] A orig 2e_K10 pread: fq=501.82 delivery=100.0 cold=0.0
[rep5 keep] A orig 2e_K10 async: fq=567.36 delivery=100.0 cold=0.0
[rep5 keep] B orig learned_markov_14 pread: fq=527.53 delivery=100.0 cold=0.0
[rep5 keep] B orig learned_markov_14 async: fq=531.11 delivery=100.0 cold=0.0
[rep5 keep] B orig learned_markov_28 pread: fq=591.95 delivery=100.0 cold=0.0
[rep5 keep] B orig learned_markov_28 async: fq=588.42 delivery=100.0 cold=0.0
[rep5 keep] B orig 2f_top14 pread: fq=525.83 delivery=100.0 cold=0.0
[rep5 keep] B orig 2f_top14 async: fq=524.23 delivery=100.0 cold=0.0
[rep5 keep] B orig 2f_top28 pread: fq=595.44 delivery=100.0 cold=0.0
[rep5 keep] B orig 2f_top28 async: fq=589.7 delivery=100.0 cold=0.0
[rep5 keep] B orig 2e_K10 pread: fq=529.55 delivery=100.0 cold=0.0
[rep5 keep] B orig 2e_K10 async: fq=586.92 delivery=100.0 cold=0.0
[rep5 keep] C orig learned_markov_14 pread: fq=178.99 delivery=100.0 cold=0.0
[rep5 keep] C orig learned_markov_14 async: fq=179.46 delivery=100.0 cold=0.0
[rep5 keep] C orig learned_markov_28 pread: fq=180.15 delivery=100.0 cold=0.0
[rep5 keep] C orig learned_markov_28 async: fq=179.44 delivery=100.0 cold=0.0
[rep5 keep] C orig 2f_top14 pread: fq=178.44 delivery=100.0 cold=0.0
[rep5 keep] C orig 2f_top14 async: fq=180.2 delivery=100.0 cold=0.0
[rep5 keep] C orig 2f_top28 pread: fq=179.27 delivery=100.0 cold=0.0
[rep5 keep] C orig 2f_top28 async: fq=178.06 delivery=100.0 cold=0.0
[rep5 keep] C orig 2e_K10 pread: fq=179.7 delivery=100.0 cold=0.0
[rep5 keep] C orig 2e_K10 async: fq=178.99 delivery=100.0 cold=0.0
[rep6 keep] A orig baseline baseline: fq=944.65 delivery=0.0 cold=0.0
[rep6 keep] B orig baseline baseline: fq=971.97 delivery=0.0 cold=0.0
[rep6 keep] C orig baseline baseline: fq=850.4 delivery=0.0 cold=0.0
[rep6 keep] A orig learned_markov_14 pread: fq=569.37 delivery=100.0 cold=0.0
[rep6 keep] A orig learned_markov_14 async: fq=507.4 delivery=100.0 cold=0.0
[rep6 keep] A orig learned_markov_28 pread: fq=471.51 delivery=100.0 cold=0.0
[rep6 keep] A orig learned_markov_28 async: fq=570.55 delivery=100.0 cold=0.0
[rep6 keep] A orig 2f_top14 pread: fq=502.12 delivery=100.0 cold=0.0
[rep6 keep] A orig 2f_top14 async: fq=476.49 delivery=100.0 cold=0.0
[rep6 keep] A orig 2f_top28 pread: fq=507.48 delivery=100.0 cold=0.0
[rep6 keep] A orig 2f_top28 async: fq=476.67 delivery=100.0 cold=0.0
[rep6 keep] A orig 2e_K10 pread: fq=486.38 delivery=100.0 cold=0.0
[rep6 keep] A orig 2e_K10 async: fq=506.64 delivery=100.0 cold=0.0
[rep6 keep] B orig learned_markov_14 pread: fq=593.69 delivery=100.0 cold=0.0
[rep6 keep] B orig learned_markov_14 async: fq=591.51 delivery=100.0 cold=0.0
[rep6 keep] B orig learned_markov_28 pread: fq=593.94 delivery=100.0 cold=0.0
[rep6 keep] B orig learned_markov_28 async: fq=594.88 delivery=100.0 cold=0.0
[rep6 keep] B orig 2f_top14 pread: fq=592.05 delivery=100.0 cold=0.0
[rep6 keep] B orig 2f_top14 async: fq=522.31 delivery=100.0 cold=0.0
[rep6 keep] B orig 2f_top28 pread: fq=565.13 delivery=100.0 cold=0.0
[rep6 keep] B orig 2f_top28 async: fq=596.75 delivery=100.0 cold=0.0
[rep6 keep] B orig 2e_K10 pread: fq=585.93 delivery=100.0 cold=0.0
[rep6 keep] B orig 2e_K10 async: fq=521.43 delivery=100.0 cold=0.0
[rep6 keep] C orig learned_markov_14 pread: fq=180.67 delivery=100.0 cold=0.0
[rep6 keep] C orig learned_markov_14 async: fq=179.71 delivery=100.0 cold=0.0
[rep6 keep] C orig learned_markov_28 pread: fq=177.23 delivery=100.0 cold=0.0
[rep6 keep] C orig learned_markov_28 async: fq=178.95 delivery=100.0 cold=0.0
[rep6 keep] C orig 2f_top14 pread: fq=179.14 delivery=100.0 cold=0.0
[rep6 keep] C orig 2f_top14 async: fq=179.08 delivery=100.0 cold=0.0
[rep6 keep] C orig 2f_top28 pread: fq=203.78 delivery=100.0 cold=0.0
[rep6 keep] C orig 2f_top28 async: fq=178.24 delivery=100.0 cold=0.0
[rep6 keep] C orig 2e_K10 pread: fq=178.51 delivery=100.0 cold=0.0
[rep6 keep] C orig 2e_K10 async: fq=172.43 delivery=100.0 cold=0.0
[rep7 keep] A orig baseline baseline: fq=914.36 delivery=0.0 cold=0.0
[rep7 keep] B orig baseline baseline: fq=915.57 delivery=0.0 cold=0.0
[rep7 keep] C orig baseline baseline: fq=892.57 delivery=0.0 cold=0.0
[rep7 keep] A orig learned_markov_14 pread: fq=475.9 delivery=100.0 cold=0.0
[rep7 keep] A orig learned_markov_14 async: fq=515.31 delivery=100.0 cold=0.0
[rep7 keep] A orig learned_markov_28 pread: fq=502.96 delivery=100.0 cold=0.0
[rep7 keep] A orig learned_markov_28 async: fq=473.1 delivery=100.0 cold=0.0
[rep7 keep] A orig 2f_top14 pread: fq=478.04 delivery=100.0 cold=0.0
[rep7 keep] A orig 2f_top14 async: fq=480.83 delivery=100.0 cold=0.0
[rep7 keep] A orig 2f_top28 pread: fq=505.3 delivery=100.0 cold=0.0
[rep7 keep] A orig 2f_top28 async: fq=576.05 delivery=100.0 cold=0.0
[rep7 keep] A orig 2e_K10 pread: fq=498.26 delivery=100.0 cold=0.0
[rep7 keep] A orig 2e_K10 async: fq=506.91 delivery=100.0 cold=0.0
[rep7 keep] B orig learned_markov_14 pread: fq=556.12 delivery=100.0 cold=0.0
[rep7 keep] B orig learned_markov_14 async: fq=593.04 delivery=100.0 cold=0.0
[rep7 keep] B orig learned_markov_28 pread: fq=525.61 delivery=100.0 cold=0.0
[rep7 keep] B orig learned_markov_28 async: fq=593.35 delivery=100.0 cold=0.0
[rep7 keep] B orig 2f_top14 pread: fq=597.18 delivery=100.0 cold=0.0
[rep7 keep] B orig 2f_top14 async: fq=591.39 delivery=100.0 cold=0.0
[rep7 keep] B orig 2f_top28 pread: fq=584.15 delivery=100.0 cold=0.0
[rep7 keep] B orig 2f_top28 async: fq=538.62 delivery=100.0 cold=0.0
[rep7 keep] B orig 2e_K10 pread: fq=533.59 delivery=100.0 cold=0.0
[rep7 keep] B orig 2e_K10 async: fq=585.04 delivery=100.0 cold=0.0
[rep7 keep] C orig learned_markov_14 pread: fq=183.12 delivery=100.0 cold=0.0
[rep7 keep] C orig learned_markov_14 async: fq=180.96 delivery=100.0 cold=0.0
[rep7 keep] C orig learned_markov_28 pread: fq=178.1 delivery=100.0 cold=0.0
[rep7 keep] C orig learned_markov_28 async: fq=178.1 delivery=100.0 cold=0.0
[rep7 keep] C orig 2f_top14 pread: fq=180.62 delivery=100.0 cold=0.0
[rep7 keep] C orig 2f_top14 async: fq=179.95 delivery=100.0 cold=0.0
[rep7 keep] C orig 2f_top28 pread: fq=178.19 delivery=100.0 cold=0.0
[rep7 keep] C orig 2f_top28 async: fq=179.58 delivery=100.0 cold=0.0
[rep7 keep] C orig 2e_K10 pread: fq=187.56 delivery=100.0 cold=0.0
[rep7 keep] C orig 2e_K10 async: fq=177.45 delivery=100.0 cold=0.0
[rep8 keep] A orig baseline baseline: fq=892.92 delivery=0.0 cold=0.0
[rep8 keep] B orig baseline baseline: fq=832.74 delivery=0.0 cold=0.0
[rep8 keep] C orig baseline baseline: fq=797.67 delivery=0.0 cold=0.0
[rep8 keep] A orig learned_markov_14 pread: fq=503.61 delivery=100.0 cold=0.0
[rep8 keep] A orig learned_markov_14 async: fq=508.8 delivery=100.0 cold=0.0
[rep8 keep] A orig learned_markov_28 pread: fq=508.01 delivery=100.0 cold=0.0
[rep8 keep] A orig learned_markov_28 async: fq=517.39 delivery=100.0 cold=0.0
[rep8 keep] A orig 2f_top14 pread: fq=445.58 delivery=100.0 cold=0.0
[rep8 keep] A orig 2f_top14 async: fq=505.82 delivery=100.0 cold=0.0
[rep8 keep] A orig 2f_top28 pread: fq=574.36 delivery=100.0 cold=0.0
[rep8 keep] A orig 2f_top28 async: fq=499.59 delivery=100.0 cold=0.0
[rep8 keep] A orig 2e_K10 pread: fq=504.79 delivery=100.0 cold=0.0
[rep8 keep] A orig 2e_K10 async: fq=500.46 delivery=100.0 cold=0.0
[rep8 keep] B orig learned_markov_14 pread: fq=591.29 delivery=100.0 cold=0.0
[rep8 keep] B orig learned_markov_14 async: fq=566.07 delivery=100.0 cold=0.0
[rep8 keep] B orig learned_markov_28 pread: fq=590.41 delivery=100.0 cold=0.0
[rep8 keep] B orig learned_markov_28 async: fq=594.38 delivery=100.0 cold=0.0
[rep8 keep] B orig 2f_top14 pread: fq=540.12 delivery=100.0 cold=0.0
[rep8 keep] B orig 2f_top14 async: fq=588.42 delivery=100.0 cold=0.0
[rep8 keep] B orig 2f_top28 pread: fq=587.68 delivery=100.0 cold=0.0
[rep8 keep] B orig 2f_top28 async: fq=590.16 delivery=100.0 cold=0.0
[rep8 keep] B orig 2e_K10 pread: fq=592.43 delivery=100.0 cold=0.0
[rep8 keep] B orig 2e_K10 async: fq=587.45 delivery=100.0 cold=0.0
[rep8 keep] C orig learned_markov_14 pread: fq=178.52 delivery=100.0 cold=0.0
[rep8 keep] C orig learned_markov_14 async: fq=187.57 delivery=100.0 cold=0.0
[rep8 keep] C orig learned_markov_28 pread: fq=178.5 delivery=100.0 cold=0.0
[rep8 keep] C orig learned_markov_28 async: fq=181.08 delivery=100.0 cold=0.0
[rep8 keep] C orig 2f_top14 pread: fq=179.14 delivery=100.0 cold=0.0
[rep8 keep] C orig 2f_top14 async: fq=180.48 delivery=100.0 cold=0.0
[rep8 keep] C orig 2f_top28 pread: fq=177.48 delivery=100.0 cold=0.0
[rep8 keep] C orig 2f_top28 async: fq=177.95 delivery=100.0 cold=0.0
[rep8 keep] C orig 2e_K10 pread: fq=179.43 delivery=100.0 cold=0.0
[rep8 keep] C orig 2e_K10 async: fq=199.06 delivery=100.0 cold=0.0
[rep9 keep] A orig baseline baseline: fq=844.87 delivery=0.0 cold=0.0
[rep9 keep] B orig baseline baseline: fq=969.91 delivery=0.0 cold=0.0
[rep9 keep] C orig baseline baseline: fq=887.71 delivery=0.0 cold=0.0
[rep9 keep] A orig learned_markov_14 pread: fq=541.09 delivery=100.0 cold=0.0
[rep9 keep] A orig learned_markov_14 async: fq=441.98 delivery=100.0 cold=0.0
[rep9 keep] A orig learned_markov_28 pread: fq=440.11 delivery=100.0 cold=0.0
[rep9 keep] A orig learned_markov_28 async: fq=506.13 delivery=100.0 cold=0.0
[rep9 keep] A orig 2f_top14 pread: fq=444.05 delivery=100.0 cold=0.0
[rep9 keep] A orig 2f_top14 async: fq=512.46 delivery=100.0 cold=0.0
[rep9 keep] A orig 2f_top28 pread: fq=507.83 delivery=100.0 cold=0.0
[rep9 keep] A orig 2f_top28 async: fq=476.94 delivery=100.0 cold=0.0
[rep9 keep] A orig 2e_K10 pread: fq=539.18 delivery=100.0 cold=0.0
[rep9 keep] A orig 2e_K10 async: fq=511.02 delivery=100.0 cold=0.0
[rep9 keep] B orig learned_markov_14 pread: fq=582.68 delivery=100.0 cold=0.0
[rep9 keep] B orig learned_markov_14 async: fq=595.48 delivery=100.0 cold=0.0
[rep9 keep] B orig learned_markov_28 pread: fq=589.35 delivery=100.0 cold=0.0
[rep9 keep] B orig learned_markov_28 async: fq=589.88 delivery=100.0 cold=0.0
[rep9 keep] B orig 2f_top14 pread: fq=592.58 delivery=100.0 cold=0.0
[rep9 keep] B orig 2f_top14 async: fq=594.27 delivery=100.0 cold=0.0
[rep9 keep] B orig 2f_top28 pread: fq=530.32 delivery=100.0 cold=0.0
[rep9 keep] B orig 2f_top28 async: fq=597.93 delivery=100.0 cold=0.0
[rep9 keep] B orig 2e_K10 pread: fq=587.97 delivery=100.0 cold=0.0
[rep9 keep] B orig 2e_K10 async: fq=523.31 delivery=100.0 cold=0.0
[rep9 keep] C orig learned_markov_14 pread: fq=177.74 delivery=100.0 cold=0.0
[rep9 keep] C orig learned_markov_14 async: fq=181.88 delivery=100.0 cold=0.0
[rep9 keep] C orig learned_markov_28 pread: fq=178.53 delivery=100.0 cold=0.0
[rep9 keep] C orig learned_markov_28 async: fq=178.9 delivery=100.0 cold=0.0
[rep9 keep] C orig 2f_top14 pread: fq=186.1 delivery=100.0 cold=0.0
[rep9 keep] C orig 2f_top14 async: fq=177.8 delivery=100.0 cold=0.0
[rep9 keep] C orig 2f_top28 pread: fq=179.92 delivery=100.0 cold=0.0
[rep9 keep] C orig 2f_top28 async: fq=180.03 delivery=100.0 cold=0.0
[rep9 keep] C orig 2e_K10 pread: fq=178.96 delivery=100.0 cold=0.0
[rep9 keep] C orig 2e_K10 async: fq=178.08 delivery=100.0 cold=0.0
[rep10 keep] A orig baseline baseline: fq=909.51 delivery=0.0 cold=0.0
[rep10 keep] B orig baseline baseline: fq=968.87 delivery=0.0 cold=0.0
[rep10 keep] C orig baseline baseline: fq=809.32 delivery=0.0 cold=0.0
[rep10 keep] A orig learned_markov_14 pread: fq=492.58 delivery=100.0 cold=0.0
[rep10 keep] A orig learned_markov_14 async: fq=514.49 delivery=100.0 cold=0.0
[rep10 keep] A orig learned_markov_28 pread: fq=509.44 delivery=100.0 cold=0.0
[rep10 keep] A orig learned_markov_28 async: fq=504.75 delivery=100.0 cold=0.0
[rep10 keep] A orig 2f_top14 pread: fq=511.58 delivery=100.0 cold=0.0
[rep10 keep] A orig 2f_top14 async: fq=507.65 delivery=100.0 cold=0.0
[rep10 keep] A orig 2f_top28 pread: fq=506.35 delivery=100.0 cold=0.0
[rep10 keep] A orig 2f_top28 async: fq=510.64 delivery=100.0 cold=0.0
[rep10 keep] A orig 2e_K10 pread: fq=579.95 delivery=100.0 cold=0.0
[rep10 keep] A orig 2e_K10 async: fq=536.52 delivery=100.0 cold=0.0
[rep10 keep] B orig learned_markov_14 pread: fq=557.01 delivery=100.0 cold=0.0
[rep10 keep] B orig learned_markov_14 async: fq=529.02 delivery=100.0 cold=0.0
[rep10 keep] B orig learned_markov_28 pread: fq=589.47 delivery=100.0 cold=0.0
[rep10 keep] B orig learned_markov_28 async: fq=555.79 delivery=100.0 cold=0.0
[rep10 keep] B orig 2f_top14 pread: fq=560.48 delivery=100.0 cold=0.0
[rep10 keep] B orig 2f_top14 async: fq=592.09 delivery=100.0 cold=0.0
[rep10 keep] B orig 2f_top28 pread: fq=589.06 delivery=100.0 cold=0.0
[rep10 keep] B orig 2f_top28 async: fq=538.17 delivery=100.0 cold=0.0
[rep10 keep] B orig 2e_K10 pread: fq=585.54 delivery=100.0 cold=0.0
[rep10 keep] B orig 2e_K10 async: fq=679.37 delivery=100.0 cold=0.0
[rep10 keep] C orig learned_markov_14 pread: fq=179.12 delivery=100.0 cold=0.0
[rep10 keep] C orig learned_markov_14 async: fq=182.12 delivery=100.0 cold=0.0
[rep10 keep] C orig learned_markov_28 pread: fq=178.75 delivery=100.0 cold=0.0
[rep10 keep] C orig learned_markov_28 async: fq=180.28 delivery=100.0 cold=0.0
[rep10 keep] C orig 2f_top14 pread: fq=175.92 delivery=100.0 cold=0.0
[rep10 keep] C orig 2f_top14 async: fq=180.02 delivery=100.0 cold=0.0
[rep10 keep] C orig 2f_top28 pread: fq=187.72 delivery=100.0 cold=0.0
[rep10 keep] C orig 2f_top28 async: fq=177.35 delivery=100.0 cold=0.0
[rep10 keep] C orig 2e_K10 pread: fq=180.22 delivery=100.0 cold=0.0
[rep10 keep] C orig 2e_K10 async: fq=190.46 delivery=100.0 cold=0.0
[rep11 keep] A orig baseline baseline: fq=846.01 delivery=0.0 cold=0.0
[rep11 keep] B orig baseline baseline: fq=966.54 delivery=0.0 cold=0.0
[rep11 keep] C orig baseline baseline: fq=881.05 delivery=0.0 cold=0.0
[rep11 keep] A orig learned_markov_14 pread: fq=504.94 delivery=100.0 cold=0.0
[rep11 keep] A orig learned_markov_14 async: fq=507.85 delivery=100.0 cold=0.0
[rep11 keep] A orig learned_markov_28 pread: fq=508.71 delivery=100.0 cold=0.0
[rep11 keep] A orig learned_markov_28 async: fq=581.35 delivery=100.0 cold=0.0
[rep11 keep] A orig 2f_top14 pread: fq=472.71 delivery=100.0 cold=0.0
[rep11 keep] A orig 2f_top14 async: fq=508.4 delivery=100.0 cold=0.0
[rep11 keep] A orig 2f_top28 pread: fq=478.57 delivery=100.0 cold=0.0
[rep11 keep] A orig 2f_top28 async: fq=500.96 delivery=100.0 cold=0.0
[rep11 keep] A orig 2e_K10 pread: fq=568.57 delivery=100.0 cold=0.0
[rep11 keep] A orig 2e_K10 async: fq=440.96 delivery=100.0 cold=0.0
[rep11 keep] B orig learned_markov_14 pread: fq=523.12 delivery=100.0 cold=0.0
[rep11 keep] B orig learned_markov_14 async: fq=586.28 delivery=100.0 cold=0.0
[rep11 keep] B orig learned_markov_28 pread: fq=561.21 delivery=100.0 cold=0.0
[rep11 keep] B orig learned_markov_28 async: fq=562.75 delivery=100.0 cold=0.0
[rep11 keep] B orig 2f_top14 pread: fq=584.78 delivery=100.0 cold=0.0
[rep11 keep] B orig 2f_top14 async: fq=532.8 delivery=100.0 cold=0.0
[rep11 keep] B orig 2f_top28 pread: fq=590.75 delivery=100.0 cold=0.0
[rep11 keep] B orig 2f_top28 async: fq=592.25 delivery=100.0 cold=0.0
[rep11 keep] B orig 2e_K10 pread: fq=589.03 delivery=100.0 cold=0.0
[rep11 keep] B orig 2e_K10 async: fq=592.89 delivery=100.0 cold=0.0
[rep11 keep] C orig learned_markov_14 pread: fq=181.87 delivery=100.0 cold=0.0
[rep11 keep] C orig learned_markov_14 async: fq=185.98 delivery=100.0 cold=0.0
[rep11 keep] C orig learned_markov_28 pread: fq=180.04 delivery=100.0 cold=0.0
[rep11 keep] C orig learned_markov_28 async: fq=191.5 delivery=100.0 cold=0.0
[rep11 keep] C orig 2f_top14 pread: fq=179.23 delivery=100.0 cold=0.0
[rep11 keep] C orig 2f_top14 async: fq=180.56 delivery=100.0 cold=0.0
[rep11 keep] C orig 2f_top28 pread: fq=178.7 delivery=100.0 cold=0.0
[rep11 keep] C orig 2f_top28 async: fq=178.55 delivery=100.0 cold=0.0
[rep11 keep] C orig 2e_K10 pread: fq=176.74 delivery=100.0 cold=0.0
[rep11 keep] C orig 2e_K10 async: fq=178.1 delivery=100.0 cold=0.0

done. raw=results/learned_10fold/seed3/raw.csv  summary=results/learned_10fold/seed3/summary.csv
--- fold 4: measure (async+pread) ---
ENV kernel=6.17.0-41-generic disk=nvme1n1 ra_kb=128 governor=powersave driver=amd-pstate-epp epp=balance_performance boost=1 maxfreq_khz=5756452 thp=madvise loadavg=1.24 memavail_kb=55718924
[rep1 warm] A orig baseline baseline: fq=1023.63 delivery=0.0 cold=0.0
[rep1 warm] B orig baseline baseline: fq=900.61 delivery=0.0 cold=0.0
[rep1 warm] C orig baseline baseline: fq=849.32 delivery=0.0 cold=0.0
[rep1 warm] A orig learned_markov_14 pread: fq=604.4 delivery=100.0 cold=0.0
[rep1 warm] A orig learned_markov_14 async: fq=595.94 delivery=100.0 cold=0.0
[rep1 warm] A orig learned_markov_28 pread: fq=591.25 delivery=100.0 cold=0.0
[rep1 warm] A orig learned_markov_28 async: fq=606.34 delivery=100.0 cold=0.0
[rep1 warm] A orig 2f_top14 pread: fq=597.28 delivery=100.0 cold=0.0
[rep1 warm] A orig 2f_top14 async: fq=595.8 delivery=100.0 cold=0.0
[rep1 warm] A orig 2f_top28 pread: fq=603.04 delivery=100.0 cold=0.0
[rep1 warm] A orig 2f_top28 async: fq=592.99 delivery=100.0 cold=0.0
[rep1 warm] A orig 2e_K10 pread: fq=595.34 delivery=100.0 cold=0.0
[rep1 warm] A orig 2e_K10 async: fq=598.0 delivery=100.0 cold=0.0
[rep1 warm] B orig learned_markov_14 pread: fq=530.67 delivery=100.0 cold=0.0
[rep1 warm] B orig learned_markov_14 async: fq=530.79 delivery=100.0 cold=0.0
[rep1 warm] B orig learned_markov_28 pread: fq=529.87 delivery=100.0 cold=0.0
[rep1 warm] B orig learned_markov_28 async: fq=528.66 delivery=100.0 cold=0.0
[rep1 warm] B orig 2f_top14 pread: fq=533.58 delivery=100.0 cold=0.0
[rep1 warm] B orig 2f_top14 async: fq=529.26 delivery=100.0 cold=0.0
[rep1 warm] B orig 2f_top28 pread: fq=534.5 delivery=100.0 cold=0.0
[rep1 warm] B orig 2f_top28 async: fq=532.54 delivery=100.0 cold=0.0
[rep1 warm] B orig 2e_K10 pread: fq=537.39 delivery=100.0 cold=0.0
[rep1 warm] B orig 2e_K10 async: fq=525.3 delivery=100.0 cold=0.0
[rep1 warm] C orig learned_markov_14 pread: fq=183.59 delivery=100.0 cold=0.0
[rep1 warm] C orig learned_markov_14 async: fq=181.65 delivery=100.0 cold=0.0
[rep1 warm] C orig learned_markov_28 pread: fq=180.04 delivery=100.0 cold=0.0
[rep1 warm] C orig learned_markov_28 async: fq=173.95 delivery=100.0 cold=0.0
[rep1 warm] C orig 2f_top14 pread: fq=180.6 delivery=100.0 cold=0.0
[rep1 warm] C orig 2f_top14 async: fq=181.0 delivery=100.0 cold=0.0
[rep1 warm] C orig 2f_top28 pread: fq=178.07 delivery=100.0 cold=0.0
[rep1 warm] C orig 2f_top28 async: fq=181.38 delivery=100.0 cold=0.0
[rep1 warm] C orig 2e_K10 pread: fq=179.55 delivery=100.0 cold=0.0
[rep1 warm] C orig 2e_K10 async: fq=181.95 delivery=100.0 cold=0.0
[rep2 keep] A orig baseline baseline: fq=1026.98 delivery=0.0 cold=0.0
[rep2 keep] B orig baseline baseline: fq=922.48 delivery=0.0 cold=0.0
[rep2 keep] C orig baseline baseline: fq=863.12 delivery=0.0 cold=0.0
[rep2 keep] A orig learned_markov_14 pread: fq=591.65 delivery=100.0 cold=0.0
[rep2 keep] A orig learned_markov_14 async: fq=591.12 delivery=100.0 cold=0.0
[rep2 keep] A orig learned_markov_28 pread: fq=595.66 delivery=100.0 cold=0.0
[rep2 keep] A orig learned_markov_28 async: fq=603.58 delivery=100.0 cold=0.0
[rep2 keep] A orig 2f_top14 pread: fq=526.07 delivery=100.0 cold=0.0
[rep2 keep] A orig 2f_top14 async: fq=597.64 delivery=100.0 cold=0.0
[rep2 keep] A orig 2f_top28 pread: fq=599.99 delivery=100.0 cold=0.0
[rep2 keep] A orig 2f_top28 async: fq=598.5 delivery=100.0 cold=0.0
[rep2 keep] A orig 2e_K10 pread: fq=598.37 delivery=100.0 cold=0.0
[rep2 keep] A orig 2e_K10 async: fq=597.54 delivery=100.0 cold=0.0
[rep2 keep] B orig learned_markov_14 pread: fq=532.35 delivery=100.0 cold=0.0
[rep2 keep] B orig learned_markov_14 async: fq=529.36 delivery=100.0 cold=0.0
[rep2 keep] B orig learned_markov_28 pread: fq=529.36 delivery=100.0 cold=0.0
[rep2 keep] B orig learned_markov_28 async: fq=528.76 delivery=100.0 cold=0.0
[rep2 keep] B orig 2f_top14 pread: fq=534.54 delivery=100.0 cold=0.0
[rep2 keep] B orig 2f_top14 async: fq=540.3 delivery=100.0 cold=0.0
[rep2 keep] B orig 2f_top28 pread: fq=538.68 delivery=100.0 cold=0.0
[rep2 keep] B orig 2f_top28 async: fq=558.75 delivery=100.0 cold=0.0
[rep2 keep] B orig 2e_K10 pread: fq=551.94 delivery=100.0 cold=0.0
[rep2 keep] B orig 2e_K10 async: fq=540.3 delivery=100.0 cold=0.0
[rep2 keep] C orig learned_markov_14 pread: fq=210.62 delivery=100.0 cold=0.0
[rep2 keep] C orig learned_markov_14 async: fq=227.93 delivery=100.0 cold=0.0
[rep2 keep] C orig learned_markov_28 pread: fq=194.03 delivery=100.0 cold=0.0
[rep2 keep] C orig learned_markov_28 async: fq=189.61 delivery=100.0 cold=0.0
[rep2 keep] C orig 2f_top14 pread: fq=192.53 delivery=100.0 cold=0.0
[rep2 keep] C orig 2f_top14 async: fq=196.06 delivery=100.0 cold=0.0
[rep2 keep] C orig 2f_top28 pread: fq=209.44 delivery=100.0 cold=0.0
[rep2 keep] C orig 2f_top28 async: fq=194.96 delivery=100.0 cold=0.0
[rep2 keep] C orig 2e_K10 pread: fq=201.98 delivery=100.0 cold=0.0
[rep2 keep] C orig 2e_K10 async: fq=193.44 delivery=100.0 cold=0.0
[rep3 keep] A orig baseline baseline: fq=1029.86 delivery=0.0 cold=0.0
[rep3 keep] B orig baseline baseline: fq=966.1 delivery=0.0 cold=0.0
[rep3 keep] C orig baseline baseline: fq=867.12 delivery=0.0 cold=0.0
[rep3 keep] A orig learned_markov_14 pread: fq=560.04 delivery=100.0 cold=0.0
[rep3 keep] A orig learned_markov_14 async: fq=646.72 delivery=100.0 cold=0.0
[rep3 keep] A orig learned_markov_28 pread: fq=619.12 delivery=100.0 cold=0.0
[rep3 keep] A orig learned_markov_28 async: fq=614.85 delivery=100.0 cold=0.0
[rep3 keep] A orig 2f_top14 pread: fq=555.43 delivery=100.0 cold=0.0
[rep3 keep] A orig 2f_top14 async: fq=636.67 delivery=100.0 cold=0.0
[rep3 keep] A orig 2f_top28 pread: fq=634.86 delivery=100.0 cold=0.0
[rep3 keep] A orig 2f_top28 async: fq=639.9 delivery=100.0 cold=0.0
[rep3 keep] A orig 2e_K10 pread: fq=571.77 delivery=100.0 cold=0.0
[rep3 keep] A orig 2e_K10 async: fq=634.92 delivery=100.0 cold=0.0
[rep3 keep] B orig learned_markov_14 pread: fq=570.25 delivery=100.0 cold=0.0
[rep3 keep] B orig learned_markov_14 async: fq=590.41 delivery=100.0 cold=0.0
[rep3 keep] B orig learned_markov_28 pread: fq=577.79 delivery=100.0 cold=0.0
[rep3 keep] B orig learned_markov_28 async: fq=565.3 delivery=100.0 cold=0.0
[rep3 keep] B orig 2f_top14 pread: fq=501.72 delivery=100.0 cold=0.0
[rep3 keep] B orig 2f_top14 async: fq=564.09 delivery=100.0 cold=0.0
[rep3 keep] B orig 2f_top28 pread: fq=505.16 delivery=100.0 cold=0.0
[rep3 keep] B orig 2f_top28 async: fq=554.0 delivery=100.0 cold=0.0
[rep3 keep] B orig 2e_K10 pread: fq=567.34 delivery=100.0 cold=0.0
[rep3 keep] B orig 2e_K10 async: fq=544.69 delivery=100.0 cold=0.0
[rep3 keep] C orig learned_markov_14 pread: fq=195.56 delivery=100.0 cold=0.0
[rep3 keep] C orig learned_markov_14 async: fq=209.03 delivery=100.0 cold=0.0
[rep3 keep] C orig learned_markov_28 pread: fq=225.43 delivery=100.0 cold=0.0
[rep3 keep] C orig learned_markov_28 async: fq=217.15 delivery=100.0 cold=0.0
[rep3 keep] C orig 2f_top14 pread: fq=217.58 delivery=100.0 cold=0.0
[rep3 keep] C orig 2f_top14 async: fq=218.75 delivery=100.0 cold=0.0
[rep3 keep] C orig 2f_top28 pread: fq=222.27 delivery=100.0 cold=0.0
[rep3 keep] C orig 2f_top28 async: fq=219.11 delivery=100.0 cold=0.0
[rep3 keep] C orig 2e_K10 pread: fq=197.95 delivery=100.0 cold=0.0
[rep3 keep] C orig 2e_K10 async: fq=219.44 delivery=100.0 cold=0.0
[rep4 keep] A orig baseline baseline: fq=1070.75 delivery=0.0 cold=0.0
[rep4 keep] B orig baseline baseline: fq=944.25 delivery=0.0 cold=0.0
[rep4 keep] C orig baseline baseline: fq=920.11 delivery=0.0 cold=0.0
[rep4 keep] A orig learned_markov_14 pread: fq=583.83 delivery=100.0 cold=0.0
[rep4 keep] A orig learned_markov_14 async: fq=643.39 delivery=100.0 cold=0.0
[rep4 keep] A orig learned_markov_28 pread: fq=628.2 delivery=100.0 cold=0.0
[rep4 keep] A orig learned_markov_28 async: fq=629.98 delivery=100.0 cold=0.0
[rep4 keep] A orig 2f_top14 pread: fq=623.18 delivery=100.0 cold=0.0
[rep4 keep] A orig 2f_top14 async: fq=629.52 delivery=100.0 cold=0.0
[rep4 keep] A orig 2f_top28 pread: fq=625.45 delivery=100.0 cold=0.0
[rep4 keep] A orig 2f_top28 async: fq=646.82 delivery=100.0 cold=0.0
[rep4 keep] A orig 2e_K10 pread: fq=585.43 delivery=100.0 cold=0.0
[rep4 keep] A orig 2e_K10 async: fq=540.29 delivery=100.0 cold=0.0
[rep4 keep] B orig learned_markov_14 pread: fq=641.81 delivery=100.0 cold=0.0
[rep4 keep] B orig learned_markov_14 async: fq=647.91 delivery=100.0 cold=0.0
[rep4 keep] B orig learned_markov_28 pread: fq=579.79 delivery=100.0 cold=0.0
[rep4 keep] B orig learned_markov_28 async: fq=545.54 delivery=100.0 cold=0.0
[rep4 keep] B orig 2f_top14 pread: fq=553.56 delivery=100.0 cold=0.0
[rep4 keep] B orig 2f_top14 async: fq=569.01 delivery=100.0 cold=0.0
[rep4 keep] B orig 2f_top28 pread: fq=576.63 delivery=100.0 cold=0.0
[rep4 keep] B orig 2f_top28 async: fq=515.19 delivery=100.0 cold=0.0
[rep4 keep] B orig 2e_K10 pread: fq=576.49 delivery=100.0 cold=0.0
[rep4 keep] B orig 2e_K10 async: fq=572.91 delivery=100.0 cold=0.0
[rep4 keep] C orig learned_markov_14 pread: fq=200.11 delivery=100.0 cold=0.0
[rep4 keep] C orig learned_markov_14 async: fq=213.64 delivery=100.0 cold=0.0
[rep4 keep] C orig learned_markov_28 pread: fq=187.26 delivery=100.0 cold=0.0
[rep4 keep] C orig learned_markov_28 async: fq=196.95 delivery=100.0 cold=0.0
[rep4 keep] C orig 2f_top14 pread: fq=193.13 delivery=100.0 cold=0.0
[rep4 keep] C orig 2f_top14 async: fq=199.75 delivery=100.0 cold=0.0
[rep4 keep] C orig 2f_top28 pread: fq=199.6 delivery=100.0 cold=0.0
[rep4 keep] C orig 2f_top28 async: fq=192.72 delivery=100.0 cold=0.0
[rep4 keep] C orig 2e_K10 pread: fq=198.94 delivery=100.0 cold=0.0
[rep4 keep] C orig 2e_K10 async: fq=196.35 delivery=100.0 cold=0.0
[rep5 keep] A orig baseline baseline: fq=1062.16 delivery=0.0 cold=0.0
[rep5 keep] B orig baseline baseline: fq=913.08 delivery=0.0 cold=0.0
[rep5 keep] C orig baseline baseline: fq=830.19 delivery=0.0 cold=0.0
[rep5 keep] A orig learned_markov_14 pread: fq=643.84 delivery=100.0 cold=0.0
[rep5 keep] A orig learned_markov_14 async: fq=638.84 delivery=100.0 cold=0.0
[rep5 keep] A orig learned_markov_28 pread: fq=579.54 delivery=100.0 cold=0.0
[rep5 keep] A orig learned_markov_28 async: fq=625.73 delivery=100.0 cold=0.0
[rep5 keep] A orig 2f_top14 pread: fq=634.14 delivery=100.0 cold=0.0
[rep5 keep] A orig 2f_top14 async: fq=645.92 delivery=100.0 cold=0.0
[rep5 keep] A orig 2f_top28 pread: fq=607.24 delivery=100.0 cold=0.0
[rep5 keep] A orig 2f_top28 async: fq=633.74 delivery=100.0 cold=0.0
[rep5 keep] A orig 2e_K10 pread: fq=539.38 delivery=100.0 cold=0.0
[rep5 keep] A orig 2e_K10 async: fq=595.53 delivery=100.0 cold=0.0
[rep5 keep] B orig learned_markov_14 pread: fq=530.33 delivery=100.0 cold=0.0
[rep5 keep] B orig learned_markov_14 async: fq=526.76 delivery=100.0 cold=0.0
[rep5 keep] B orig learned_markov_28 pread: fq=528.57 delivery=100.0 cold=0.0
[rep5 keep] B orig learned_markov_28 async: fq=537.89 delivery=100.0 cold=0.0
[rep5 keep] B orig 2f_top14 pread: fq=526.38 delivery=100.0 cold=0.0
[rep5 keep] B orig 2f_top14 async: fq=530.44 delivery=100.0 cold=0.0
[rep5 keep] B orig 2f_top28 pread: fq=528.16 delivery=100.0 cold=0.0
[rep5 keep] B orig 2f_top28 async: fq=529.59 delivery=100.0 cold=0.0
[rep5 keep] B orig 2e_K10 pread: fq=464.23 delivery=100.0 cold=0.0
[rep5 keep] B orig 2e_K10 async: fq=528.39 delivery=100.0 cold=0.0
[rep5 keep] C orig learned_markov_14 pread: fq=180.27 delivery=100.0 cold=0.0
[rep5 keep] C orig learned_markov_14 async: fq=180.04 delivery=100.0 cold=0.0
[rep5 keep] C orig learned_markov_28 pread: fq=182.74 delivery=100.0 cold=0.0
[rep5 keep] C orig learned_markov_28 async: fq=181.28 delivery=100.0 cold=0.0
[rep5 keep] C orig 2f_top14 pread: fq=179.28 delivery=100.0 cold=0.0
[rep5 keep] C orig 2f_top14 async: fq=179.75 delivery=100.0 cold=0.0
[rep5 keep] C orig 2f_top28 pread: fq=179.45 delivery=100.0 cold=0.0
[rep5 keep] C orig 2f_top28 async: fq=178.29 delivery=100.0 cold=0.0
[rep5 keep] C orig 2e_K10 pread: fq=185.48 delivery=100.0 cold=0.0
[rep5 keep] C orig 2e_K10 async: fq=180.99 delivery=100.0 cold=0.0
[rep6 keep] A orig baseline baseline: fq=1036.16 delivery=0.0 cold=0.0
[rep6 keep] B orig baseline baseline: fq=803.95 delivery=0.0 cold=0.0
[rep6 keep] C orig baseline baseline: fq=782.96 delivery=0.0 cold=0.0
[rep6 keep] A orig learned_markov_14 pread: fq=601.88 delivery=100.0 cold=0.0
[rep6 keep] A orig learned_markov_14 async: fq=594.32 delivery=100.0 cold=0.0
[rep6 keep] A orig learned_markov_28 pread: fq=593.39 delivery=100.0 cold=0.0
[rep6 keep] A orig learned_markov_28 async: fq=595.99 delivery=100.0 cold=0.0
[rep6 keep] A orig 2f_top14 pread: fq=532.38 delivery=100.0 cold=0.0
[rep6 keep] A orig 2f_top14 async: fq=591.71 delivery=100.0 cold=0.0
[rep6 keep] A orig 2f_top28 pread: fq=598.07 delivery=100.0 cold=0.0
[rep6 keep] A orig 2f_top28 async: fq=593.47 delivery=100.0 cold=0.0
[rep6 keep] A orig 2e_K10 pread: fq=527.91 delivery=100.0 cold=0.0
[rep6 keep] A orig 2e_K10 async: fq=527.81 delivery=100.0 cold=0.0
[rep6 keep] B orig learned_markov_14 pread: fq=529.97 delivery=100.0 cold=0.0
[rep6 keep] B orig learned_markov_14 async: fq=524.1 delivery=100.0 cold=0.0
[rep6 keep] B orig learned_markov_28 pread: fq=529.18 delivery=100.0 cold=0.0
[rep6 keep] B orig learned_markov_28 async: fq=527.4 delivery=100.0 cold=0.0
[rep6 keep] B orig 2f_top14 pread: fq=529.62 delivery=100.0 cold=0.0
[rep6 keep] B orig 2f_top14 async: fq=528.66 delivery=100.0 cold=0.0
[rep6 keep] B orig 2f_top28 pread: fq=462.53 delivery=100.0 cold=0.0
[rep6 keep] B orig 2f_top28 async: fq=531.19 delivery=100.0 cold=0.0
[rep6 keep] B orig 2e_K10 pread: fq=469.66 delivery=100.0 cold=0.0
[rep6 keep] B orig 2e_K10 async: fq=524.15 delivery=100.0 cold=0.0
[rep6 keep] C orig learned_markov_14 pread: fq=179.41 delivery=100.0 cold=0.0
[rep6 keep] C orig learned_markov_14 async: fq=179.21 delivery=100.0 cold=0.0
[rep6 keep] C orig learned_markov_28 pread: fq=183.02 delivery=100.0 cold=0.0
[rep6 keep] C orig learned_markov_28 async: fq=178.69 delivery=100.0 cold=0.0
[rep6 keep] C orig 2f_top14 pread: fq=186.34 delivery=100.0 cold=0.0
[rep6 keep] C orig 2f_top14 async: fq=179.99 delivery=100.0 cold=0.0
[rep6 keep] C orig 2f_top28 pread: fq=182.35 delivery=100.0 cold=0.0
[rep6 keep] C orig 2f_top28 async: fq=180.76 delivery=100.0 cold=0.0
[rep6 keep] C orig 2e_K10 pread: fq=181.87 delivery=100.0 cold=0.0
[rep6 keep] C orig 2e_K10 async: fq=179.83 delivery=100.0 cold=0.0
[rep7 keep] A orig baseline baseline: fq=888.48 delivery=0.0 cold=0.0
[rep7 keep] B orig baseline baseline: fq=841.78 delivery=0.0 cold=0.0
[rep7 keep] C orig baseline baseline: fq=887.03 delivery=0.0 cold=0.0
[rep7 keep] A orig learned_markov_14 pread: fq=596.24 delivery=100.0 cold=0.0
[rep7 keep] A orig learned_markov_14 async: fq=529.94 delivery=100.0 cold=0.0
[rep7 keep] A orig learned_markov_28 pread: fq=595.44 delivery=100.0 cold=0.0
[rep7 keep] A orig learned_markov_28 async: fq=594.81 delivery=100.0 cold=0.0
[rep7 keep] A orig 2f_top14 pread: fq=594.52 delivery=100.0 cold=0.0
[rep7 keep] A orig 2f_top14 async: fq=531.37 delivery=100.0 cold=0.0
[rep7 keep] A orig 2f_top28 pread: fq=600.43 delivery=100.0 cold=0.0
[rep7 keep] A orig 2f_top28 async: fq=594.32 delivery=100.0 cold=0.0
[rep7 keep] A orig 2e_K10 pread: fq=603.56 delivery=100.0 cold=0.0
[rep7 keep] A orig 2e_K10 async: fq=592.34 delivery=100.0 cold=0.0
[rep7 keep] B orig learned_markov_14 pread: fq=531.34 delivery=100.0 cold=0.0
[rep7 keep] B orig learned_markov_14 async: fq=527.89 delivery=100.0 cold=0.0
[rep7 keep] B orig learned_markov_28 pread: fq=459.69 delivery=100.0 cold=0.0
[rep7 keep] B orig learned_markov_28 async: fq=459.96 delivery=100.0 cold=0.0
[rep7 keep] B orig 2f_top14 pread: fq=527.15 delivery=100.0 cold=0.0
[rep7 keep] B orig 2f_top14 async: fq=533.2 delivery=100.0 cold=0.0
[rep7 keep] B orig 2f_top28 pread: fq=530.2 delivery=100.0 cold=0.0
[rep7 keep] B orig 2f_top28 async: fq=530.89 delivery=100.0 cold=0.0
[rep7 keep] B orig 2e_K10 pread: fq=464.81 delivery=100.0 cold=0.0
[rep7 keep] B orig 2e_K10 async: fq=532.11 delivery=100.0 cold=0.0
[rep7 keep] C orig learned_markov_14 pread: fq=180.92 delivery=100.0 cold=0.0
[rep7 keep] C orig learned_markov_14 async: fq=181.78 delivery=100.0 cold=0.0
[rep7 keep] C orig learned_markov_28 pread: fq=183.13 delivery=100.0 cold=0.0
[rep7 keep] C orig learned_markov_28 async: fq=180.88 delivery=100.0 cold=0.0
[rep7 keep] C orig 2f_top14 pread: fq=180.78 delivery=100.0 cold=0.0
[rep7 keep] C orig 2f_top14 async: fq=185.84 delivery=100.0 cold=0.0
[rep7 keep] C orig 2f_top28 pread: fq=181.96 delivery=100.0 cold=0.0
[rep7 keep] C orig 2f_top28 async: fq=178.25 delivery=100.0 cold=0.0
[rep7 keep] C orig 2e_K10 pread: fq=177.69 delivery=100.0 cold=0.0
[rep7 keep] C orig 2e_K10 async: fq=177.94 delivery=100.0 cold=0.0
[rep8 keep] A orig baseline baseline: fq=949.28 delivery=0.0 cold=0.0
[rep8 keep] B orig baseline baseline: fq=946.07 delivery=0.0 cold=0.0
[rep8 keep] C orig baseline baseline: fq=722.67 delivery=0.0 cold=0.0
[rep8 keep] A orig learned_markov_14 pread: fq=599.57 delivery=100.0 cold=0.0
[rep8 keep] A orig learned_markov_14 async: fq=599.95 delivery=100.0 cold=0.0
[rep8 keep] A orig learned_markov_28 pread: fq=593.96 delivery=100.0 cold=0.0
[rep8 keep] A orig learned_markov_28 async: fq=599.58 delivery=100.0 cold=0.0
[rep8 keep] A orig 2f_top14 pread: fq=596.09 delivery=100.0 cold=0.0
[rep8 keep] A orig 2f_top14 async: fq=598.36 delivery=100.0 cold=0.0
[rep8 keep] A orig 2f_top28 pread: fq=607.88 delivery=100.0 cold=0.0
[rep8 keep] A orig 2f_top28 async: fq=595.3 delivery=100.0 cold=0.0
[rep8 keep] A orig 2e_K10 pread: fq=595.41 delivery=100.0 cold=0.0
[rep8 keep] A orig 2e_K10 async: fq=596.1 delivery=100.0 cold=0.0
[rep8 keep] B orig learned_markov_14 pread: fq=532.11 delivery=100.0 cold=0.0
[rep8 keep] B orig learned_markov_14 async: fq=530.9 delivery=100.0 cold=0.0
[rep8 keep] B orig learned_markov_28 pread: fq=525.05 delivery=100.0 cold=0.0
[rep8 keep] B orig learned_markov_28 async: fq=462.68 delivery=100.0 cold=0.0
[rep8 keep] B orig 2f_top14 pread: fq=529.8 delivery=100.0 cold=0.0
[rep8 keep] B orig 2f_top14 async: fq=532.48 delivery=100.0 cold=0.0
[rep8 keep] B orig 2f_top28 pread: fq=532.22 delivery=100.0 cold=0.0
[rep8 keep] B orig 2f_top28 async: fq=530.05 delivery=100.0 cold=0.0
[rep8 keep] B orig 2e_K10 pread: fq=531.97 delivery=100.0 cold=0.0
[rep8 keep] B orig 2e_K10 async: fq=530.39 delivery=100.0 cold=0.0
[rep8 keep] C orig learned_markov_14 pread: fq=184.74 delivery=100.0 cold=0.0
[rep8 keep] C orig learned_markov_14 async: fq=183.84 delivery=100.0 cold=0.0
[rep8 keep] C orig learned_markov_28 pread: fq=180.96 delivery=100.0 cold=0.0
[rep8 keep] C orig learned_markov_28 async: fq=179.06 delivery=100.0 cold=0.0
[rep8 keep] C orig 2f_top14 pread: fq=180.48 delivery=100.0 cold=0.0
[rep8 keep] C orig 2f_top14 async: fq=184.51 delivery=100.0 cold=0.0
[rep8 keep] C orig 2f_top28 pread: fq=180.94 delivery=100.0 cold=0.0
[rep8 keep] C orig 2f_top28 async: fq=181.4 delivery=100.0 cold=0.0
[rep8 keep] C orig 2e_K10 pread: fq=184.51 delivery=100.0 cold=0.0
[rep8 keep] C orig 2e_K10 async: fq=182.87 delivery=100.0 cold=0.0
[rep9 keep] A orig baseline baseline: fq=1033.84 delivery=0.0 cold=0.0
[rep9 keep] B orig baseline baseline: fq=944.58 delivery=0.0 cold=0.0
[rep9 keep] C orig baseline baseline: fq=723.98 delivery=0.0 cold=0.0
[rep9 keep] A orig learned_markov_14 pread: fq=530.52 delivery=100.0 cold=0.0
[rep9 keep] A orig learned_markov_14 async: fq=599.12 delivery=100.0 cold=0.0
[rep9 keep] A orig learned_markov_28 pread: fq=596.02 delivery=100.0 cold=0.0
[rep9 keep] A orig learned_markov_28 async: fq=595.69 delivery=100.0 cold=0.0
[rep9 keep] A orig 2f_top14 pread: fq=530.84 delivery=100.0 cold=0.0
[rep9 keep] A orig 2f_top14 async: fq=593.58 delivery=100.0 cold=0.0
[rep9 keep] A orig 2f_top28 pread: fq=599.32 delivery=100.0 cold=0.0
[rep9 keep] A orig 2f_top28 async: fq=596.02 delivery=100.0 cold=0.0
[rep9 keep] A orig 2e_K10 pread: fq=594.72 delivery=100.0 cold=0.0
[rep9 keep] A orig 2e_K10 async: fq=526.15 delivery=100.0 cold=0.0
[rep9 keep] B orig learned_markov_14 pread: fq=530.07 delivery=100.0 cold=0.0
[rep9 keep] B orig learned_markov_14 async: fq=528.25 delivery=100.0 cold=0.0
[rep9 keep] B orig learned_markov_28 pread: fq=524.94 delivery=100.0 cold=0.0
[rep9 keep] B orig learned_markov_28 async: fq=528.69 delivery=100.0 cold=0.0
[rep9 keep] B orig 2f_top14 pread: fq=535.75 delivery=100.0 cold=0.0
[rep9 keep] B orig 2f_top14 async: fq=581.02 delivery=100.0 cold=0.0
[rep9 keep] B orig 2f_top28 pread: fq=529.35 delivery=100.0 cold=0.0
[rep9 keep] B orig 2f_top28 async: fq=466.91 delivery=100.0 cold=0.0
[rep9 keep] B orig 2e_K10 pread: fq=522.44 delivery=100.0 cold=0.0
[rep9 keep] B orig 2e_K10 async: fq=532.27 delivery=100.0 cold=0.0
[rep9 keep] C orig learned_markov_14 pread: fq=180.97 delivery=100.0 cold=0.0
[rep9 keep] C orig learned_markov_14 async: fq=178.28 delivery=100.0 cold=0.0
[rep9 keep] C orig learned_markov_28 pread: fq=179.97 delivery=100.0 cold=0.0
[rep9 keep] C orig learned_markov_28 async: fq=187.71 delivery=100.0 cold=0.0
[rep9 keep] C orig 2f_top14 pread: fq=180.05 delivery=100.0 cold=0.0
[rep9 keep] C orig 2f_top14 async: fq=179.94 delivery=100.0 cold=0.0
[rep9 keep] C orig 2f_top28 pread: fq=181.5 delivery=100.0 cold=0.0
[rep9 keep] C orig 2f_top28 async: fq=184.42 delivery=100.0 cold=0.0
[rep9 keep] C orig 2e_K10 pread: fq=185.84 delivery=100.0 cold=0.0
[rep9 keep] C orig 2e_K10 async: fq=181.71 delivery=100.0 cold=0.0
[rep10 keep] A orig baseline baseline: fq=1019.93 delivery=0.0 cold=0.0
[rep10 keep] B orig baseline baseline: fq=937.05 delivery=0.0 cold=0.0
[rep10 keep] C orig baseline baseline: fq=815.81 delivery=0.0 cold=0.0
[rep10 keep] A orig learned_markov_14 pread: fq=594.54 delivery=100.0 cold=0.0
[rep10 keep] A orig learned_markov_14 async: fq=593.3 delivery=100.0 cold=0.0
[rep10 keep] A orig learned_markov_28 pread: fq=528.78 delivery=100.0 cold=0.0
[rep10 keep] A orig learned_markov_28 async: fq=528.0 delivery=100.0 cold=0.0
[rep10 keep] A orig 2f_top14 pread: fq=597.61 delivery=100.0 cold=0.0
[rep10 keep] A orig 2f_top14 async: fq=595.0 delivery=100.0 cold=0.0
[rep10 keep] A orig 2f_top28 pread: fq=595.82 delivery=100.0 cold=0.0
[rep10 keep] A orig 2f_top28 async: fq=599.85 delivery=100.0 cold=0.0
[rep10 keep] A orig 2e_K10 pread: fq=618.62 delivery=100.0 cold=0.0
[rep10 keep] A orig 2e_K10 async: fq=600.49 delivery=100.0 cold=0.0
[rep10 keep] B orig learned_markov_14 pread: fq=469.2 delivery=100.0 cold=0.0
[rep10 keep] B orig learned_markov_14 async: fq=531.78 delivery=100.0 cold=0.0
[rep10 keep] B orig learned_markov_28 pread: fq=572.34 delivery=100.0 cold=0.0
[rep10 keep] B orig learned_markov_28 async: fq=531.8 delivery=100.0 cold=0.0
[rep10 keep] B orig 2f_top14 pread: fq=528.49 delivery=100.0 cold=0.0
[rep10 keep] B orig 2f_top14 async: fq=531.16 delivery=100.0 cold=0.0
[rep10 keep] B orig 2f_top28 pread: fq=461.51 delivery=100.0 cold=0.0
[rep10 keep] B orig 2f_top28 async: fq=459.15 delivery=100.0 cold=0.0
[rep10 keep] B orig 2e_K10 pread: fq=530.27 delivery=100.0 cold=0.0
[rep10 keep] B orig 2e_K10 async: fq=527.45 delivery=100.0 cold=0.0
[rep10 keep] C orig learned_markov_14 pread: fq=181.17 delivery=100.0 cold=0.0
[rep10 keep] C orig learned_markov_14 async: fq=180.07 delivery=100.0 cold=0.0
[rep10 keep] C orig learned_markov_28 pread: fq=181.93 delivery=100.0 cold=0.0
[rep10 keep] C orig learned_markov_28 async: fq=183.18 delivery=100.0 cold=0.0
[rep10 keep] C orig 2f_top14 pread: fq=188.4 delivery=100.0 cold=0.0
[rep10 keep] C orig 2f_top14 async: fq=180.98 delivery=100.0 cold=0.0
[rep10 keep] C orig 2f_top28 pread: fq=180.36 delivery=100.0 cold=0.0
[rep10 keep] C orig 2f_top28 async: fq=178.9 delivery=100.0 cold=0.0
[rep10 keep] C orig 2e_K10 pread: fq=184.63 delivery=100.0 cold=0.0
[rep10 keep] C orig 2e_K10 async: fq=178.18 delivery=100.0 cold=0.0
[rep11 keep] A orig baseline baseline: fq=1023.29 delivery=0.0 cold=0.0
[rep11 keep] B orig baseline baseline: fq=938.79 delivery=0.0 cold=0.0
[rep11 keep] C orig baseline baseline: fq=866.76 delivery=0.0 cold=0.0
[rep11 keep] A orig learned_markov_14 pread: fq=597.21 delivery=100.0 cold=0.0
[rep11 keep] A orig learned_markov_14 async: fq=534.84 delivery=100.0 cold=0.0
[rep11 keep] A orig learned_markov_28 pread: fq=528.29 delivery=100.0 cold=0.0
[rep11 keep] A orig learned_markov_28 async: fq=586.6 delivery=100.0 cold=0.0
[rep11 keep] A orig 2f_top14 pread: fq=602.41 delivery=100.0 cold=0.0
[rep11 keep] A orig 2f_top14 async: fq=594.05 delivery=100.0 cold=0.0
[rep11 keep] A orig 2f_top28 pread: fq=595.36 delivery=100.0 cold=0.0
[rep11 keep] A orig 2f_top28 async: fq=592.6 delivery=100.0 cold=0.0
[rep11 keep] A orig 2e_K10 pread: fq=593.78 delivery=100.0 cold=0.0
[rep11 keep] A orig 2e_K10 async: fq=531.38 delivery=100.0 cold=0.0
[rep11 keep] B orig learned_markov_14 pread: fq=529.48 delivery=100.0 cold=0.0
[rep11 keep] B orig learned_markov_14 async: fq=525.35 delivery=100.0 cold=0.0
[rep11 keep] B orig learned_markov_28 pread: fq=522.65 delivery=100.0 cold=0.0
[rep11 keep] B orig learned_markov_28 async: fq=531.82 delivery=100.0 cold=0.0
[rep11 keep] B orig 2f_top14 pread: fq=527.34 delivery=100.0 cold=0.0
[rep11 keep] B orig 2f_top14 async: fq=533.55 delivery=100.0 cold=0.0
[rep11 keep] B orig 2f_top28 pread: fq=527.55 delivery=100.0 cold=0.0
[rep11 keep] B orig 2f_top28 async: fq=466.03 delivery=100.0 cold=0.0
[rep11 keep] B orig 2e_K10 pread: fq=528.91 delivery=100.0 cold=0.0
[rep11 keep] B orig 2e_K10 async: fq=529.54 delivery=100.0 cold=0.0
[rep11 keep] C orig learned_markov_14 pread: fq=179.31 delivery=100.0 cold=0.0
[rep11 keep] C orig learned_markov_14 async: fq=184.11 delivery=100.0 cold=0.0
[rep11 keep] C orig learned_markov_28 pread: fq=178.31 delivery=100.0 cold=0.0
[rep11 keep] C orig learned_markov_28 async: fq=180.47 delivery=100.0 cold=0.0
[rep11 keep] C orig 2f_top14 pread: fq=179.32 delivery=100.0 cold=0.0
[rep11 keep] C orig 2f_top14 async: fq=181.92 delivery=100.0 cold=0.0
[rep11 keep] C orig 2f_top28 pread: fq=184.18 delivery=100.0 cold=0.0
[rep11 keep] C orig 2f_top28 async: fq=181.19 delivery=100.0 cold=0.0
[rep11 keep] C orig 2e_K10 pread: fq=180.86 delivery=100.0 cold=0.0
[rep11 keep] C orig 2e_K10 async: fq=177.65 delivery=100.0 cold=0.0

done. raw=results/learned_10fold/seed4/raw.csv  summary=results/learned_10fold/seed4/summary.csv
--- fold 5: measure (async+pread) ---
ENV kernel=6.17.0-41-generic disk=nvme1n1 ra_kb=128 governor=powersave driver=amd-pstate-epp epp=balance_performance boost=1 maxfreq_khz=5756452 thp=madvise loadavg=1.27 memavail_kb=55750136
[rep1 warm] A orig baseline baseline: fq=1027.31 delivery=0.0 cold=0.0
[rep1 warm] B orig baseline baseline: fq=930.01 delivery=0.0 cold=0.0
[rep1 warm] C orig baseline baseline: fq=993.61 delivery=0.0 cold=0.0
[rep1 warm] A orig learned_markov_14 pread: fq=570.86 delivery=100.0 cold=0.0
[rep1 warm] A orig learned_markov_14 async: fq=504.91 delivery=100.0 cold=0.0
[rep1 warm] A orig learned_markov_28 pread: fq=568.49 delivery=100.0 cold=0.0
[rep1 warm] A orig learned_markov_28 async: fq=571.75 delivery=100.0 cold=0.0
[rep1 warm] A orig 2f_top14 pread: fq=567.16 delivery=100.0 cold=0.0
[rep1 warm] A orig 2f_top14 async: fq=574.32 delivery=100.0 cold=0.0
[rep1 warm] A orig 2f_top28 pread: fq=181.79 delivery=100.0 cold=0.0
[rep1 warm] A orig 2f_top28 async: fq=181.99 delivery=100.0 cold=0.0
[rep1 warm] A orig 2e_K10 pread: fq=180.13 delivery=100.0 cold=0.0
[rep1 warm] A orig 2e_K10 async: fq=180.71 delivery=100.0 cold=0.0
[rep1 warm] B orig learned_markov_14 pread: fq=604.05 delivery=100.0 cold=0.0
[rep1 warm] B orig learned_markov_14 async: fq=542.53 delivery=100.0 cold=0.0
[rep1 warm] B orig learned_markov_28 pread: fq=504.48 delivery=100.0 cold=0.0
[rep1 warm] B orig learned_markov_28 async: fq=472.32 delivery=100.0 cold=0.0
[rep1 warm] B orig 2f_top14 pread: fq=544.97 delivery=100.0 cold=0.0
[rep1 warm] B orig 2f_top14 async: fq=543.92 delivery=100.0 cold=0.0
[rep1 warm] B orig 2f_top28 pread: fq=503.68 delivery=100.0 cold=0.0
[rep1 warm] B orig 2f_top28 async: fq=507.63 delivery=100.0 cold=0.0
[rep1 warm] B orig 2e_K10 pread: fq=542.66 delivery=100.0 cold=0.0
[rep1 warm] B orig 2e_K10 async: fq=546.61 delivery=100.0 cold=0.0
[rep1 warm] C orig learned_markov_14 pread: fq=189.83 delivery=100.0 cold=0.0
[rep1 warm] C orig learned_markov_14 async: fq=482.09 delivery=100.0 cold=0.0
[rep1 warm] C orig learned_markov_28 pread: fq=185.24 delivery=100.0 cold=0.0
[rep1 warm] C orig learned_markov_28 async: fq=181.28 delivery=100.0 cold=0.0
[rep1 warm] C orig 2f_top14 pread: fq=196.43 delivery=100.0 cold=0.0
[rep1 warm] C orig 2f_top14 async: fq=482.06 delivery=100.0 cold=0.0
[rep1 warm] C orig 2f_top28 pread: fq=178.22 delivery=100.0 cold=0.0
[rep1 warm] C orig 2f_top28 async: fq=178.93 delivery=100.0 cold=0.0
[rep1 warm] C orig 2e_K10 pread: fq=565.07 delivery=100.0 cold=0.0
[rep1 warm] C orig 2e_K10 async: fq=581.65 delivery=100.0 cold=0.0
[rep2 keep] A orig baseline baseline: fq=992.67 delivery=0.0 cold=0.0
[rep2 keep] B orig baseline baseline: fq=1001.5 delivery=0.0 cold=0.0
[rep2 keep] C orig baseline baseline: fq=924.21 delivery=0.0 cold=0.0
[rep2 keep] A orig learned_markov_14 pread: fq=567.01 delivery=100.0 cold=0.0
[rep2 keep] A orig learned_markov_14 async: fq=571.93 delivery=100.0 cold=0.0
[rep2 keep] A orig learned_markov_28 pread: fq=503.98 delivery=100.0 cold=0.0
[rep2 keep] A orig learned_markov_28 async: fq=570.46 delivery=100.0 cold=0.0
[rep2 keep] A orig 2f_top14 pread: fq=569.78 delivery=100.0 cold=0.0
[rep2 keep] A orig 2f_top14 async: fq=572.58 delivery=100.0 cold=0.0
[rep2 keep] A orig 2f_top28 pread: fq=181.17 delivery=100.0 cold=0.0
[rep2 keep] A orig 2f_top28 async: fq=184.72 delivery=100.0 cold=0.0
[rep2 keep] A orig 2e_K10 pread: fq=180.58 delivery=100.0 cold=0.0
[rep2 keep] A orig 2e_K10 async: fq=183.06 delivery=100.0 cold=0.0
[rep2 keep] B orig learned_markov_14 pread: fq=546.58 delivery=100.0 cold=0.0
[rep2 keep] B orig learned_markov_14 async: fq=555.37 delivery=100.0 cold=0.0
[rep2 keep] B orig learned_markov_28 pread: fq=502.55 delivery=100.0 cold=0.0
[rep2 keep] B orig learned_markov_28 async: fq=504.2 delivery=100.0 cold=0.0
[rep2 keep] B orig 2f_top14 pread: fq=513.17 delivery=100.0 cold=0.0
[rep2 keep] B orig 2f_top14 async: fq=546.92 delivery=100.0 cold=0.0
[rep2 keep] B orig 2f_top28 pread: fq=506.67 delivery=100.0 cold=0.0
[rep2 keep] B orig 2f_top28 async: fq=540.15 delivery=100.0 cold=0.0
[rep2 keep] B orig 2e_K10 pread: fq=507.1 delivery=100.0 cold=0.0
[rep2 keep] B orig 2e_K10 async: fq=503.4 delivery=100.0 cold=0.0
[rep2 keep] C orig learned_markov_14 pread: fq=194.31 delivery=100.0 cold=0.0
[rep2 keep] C orig learned_markov_14 async: fq=585.64 delivery=100.0 cold=0.0
[rep2 keep] C orig learned_markov_28 pread: fq=184.51 delivery=100.0 cold=0.0
[rep2 keep] C orig learned_markov_28 async: fq=182.99 delivery=100.0 cold=0.0
[rep2 keep] C orig 2f_top14 pread: fq=200.77 delivery=100.0 cold=0.0
[rep2 keep] C orig 2f_top14 async: fq=528.74 delivery=100.0 cold=0.0
[rep2 keep] C orig 2f_top28 pread: fq=179.04 delivery=100.0 cold=0.0
[rep2 keep] C orig 2f_top28 async: fq=181.19 delivery=100.0 cold=0.0
[rep2 keep] C orig 2e_K10 pread: fq=559.79 delivery=100.0 cold=0.0
[rep2 keep] C orig 2e_K10 async: fq=583.95 delivery=100.0 cold=0.0
[rep3 keep] A orig baseline baseline: fq=939.04 delivery=0.0 cold=0.0
[rep3 keep] B orig baseline baseline: fq=908.58 delivery=0.0 cold=0.0
[rep3 keep] C orig baseline baseline: fq=967.15 delivery=0.0 cold=0.0
[rep3 keep] A orig learned_markov_14 pread: fq=571.65 delivery=100.0 cold=0.0
[rep3 keep] A orig learned_markov_14 async: fq=573.33 delivery=100.0 cold=0.0
[rep3 keep] A orig learned_markov_28 pread: fq=567.45 delivery=100.0 cold=0.0
[rep3 keep] A orig learned_markov_28 async: fq=504.5 delivery=100.0 cold=0.0
[rep3 keep] A orig 2f_top14 pread: fq=583.38 delivery=100.0 cold=0.0
[rep3 keep] A orig 2f_top14 async: fq=573.99 delivery=100.0 cold=0.0
[rep3 keep] A orig 2f_top28 pread: fq=180.74 delivery=100.0 cold=0.0
[rep3 keep] A orig 2f_top28 async: fq=181.18 delivery=100.0 cold=0.0
[rep3 keep] A orig 2e_K10 pread: fq=182.24 delivery=100.0 cold=0.0
[rep3 keep] A orig 2e_K10 async: fq=181.82 delivery=100.0 cold=0.0
[rep3 keep] B orig learned_markov_14 pread: fq=574.17 delivery=100.0 cold=0.0
[rep3 keep] B orig learned_markov_14 async: fq=544.14 delivery=100.0 cold=0.0
[rep3 keep] B orig learned_markov_28 pread: fq=502.43 delivery=100.0 cold=0.0
[rep3 keep] B orig learned_markov_28 async: fq=471.26 delivery=100.0 cold=0.0
[rep3 keep] B orig 2f_top14 pread: fq=543.29 delivery=100.0 cold=0.0
[rep3 keep] B orig 2f_top14 async: fq=543.96 delivery=100.0 cold=0.0
[rep3 keep] B orig 2f_top28 pread: fq=471.83 delivery=100.0 cold=0.0
[rep3 keep] B orig 2f_top28 async: fq=540.94 delivery=100.0 cold=0.0
[rep3 keep] B orig 2e_K10 pread: fq=507.78 delivery=100.0 cold=0.0
[rep3 keep] B orig 2e_K10 async: fq=541.93 delivery=100.0 cold=0.0
[rep3 keep] C orig learned_markov_14 pread: fq=192.2 delivery=100.0 cold=0.0
[rep3 keep] C orig learned_markov_14 async: fq=585.52 delivery=100.0 cold=0.0
[rep3 keep] C orig learned_markov_28 pread: fq=180.26 delivery=100.0 cold=0.0
[rep3 keep] C orig learned_markov_28 async: fq=183.89 delivery=100.0 cold=0.0
[rep3 keep] C orig 2f_top14 pread: fq=195.15 delivery=100.0 cold=0.0
[rep3 keep] C orig 2f_top14 async: fq=590.78 delivery=100.0 cold=0.0
[rep3 keep] C orig 2f_top28 pread: fq=180.6 delivery=100.0 cold=0.0
[rep3 keep] C orig 2f_top28 async: fq=180.46 delivery=100.0 cold=0.0
[rep3 keep] C orig 2e_K10 pread: fq=564.34 delivery=100.0 cold=0.0
[rep3 keep] C orig 2e_K10 async: fq=634.63 delivery=100.0 cold=0.0
[rep4 keep] A orig baseline baseline: fq=945.31 delivery=0.0 cold=0.0
[rep4 keep] B orig baseline baseline: fq=1003.5 delivery=0.0 cold=0.0
[rep4 keep] C orig baseline baseline: fq=998.64 delivery=0.0 cold=0.0
[rep4 keep] A orig learned_markov_14 pread: fq=568.15 delivery=100.0 cold=0.0
[rep4 keep] A orig learned_markov_14 async: fq=573.13 delivery=100.0 cold=0.0
[rep4 keep] A orig learned_markov_28 pread: fq=569.79 delivery=100.0 cold=0.0
[rep4 keep] A orig learned_markov_28 async: fq=574.76 delivery=100.0 cold=0.0
[rep4 keep] A orig 2f_top14 pread: fq=569.92 delivery=100.0 cold=0.0
[rep4 keep] A orig 2f_top14 async: fq=573.17 delivery=100.0 cold=0.0
[rep4 keep] A orig 2f_top28 pread: fq=184.62 delivery=100.0 cold=0.0
[rep4 keep] A orig 2f_top28 async: fq=180.75 delivery=100.0 cold=0.0
[rep4 keep] A orig 2e_K10 pread: fq=184.42 delivery=100.0 cold=0.0
[rep4 keep] A orig 2e_K10 async: fq=179.61 delivery=100.0 cold=0.0
[rep4 keep] B orig learned_markov_14 pread: fq=503.24 delivery=100.0 cold=0.0
[rep4 keep] B orig learned_markov_14 async: fq=510.61 delivery=100.0 cold=0.0
[rep4 keep] B orig learned_markov_28 pread: fq=543.7 delivery=100.0 cold=0.0
[rep4 keep] B orig learned_markov_28 async: fq=504.05 delivery=100.0 cold=0.0
[rep4 keep] B orig 2f_top14 pread: fq=542.22 delivery=100.0 cold=0.0
[rep4 keep] B orig 2f_top14 async: fq=504.2 delivery=100.0 cold=0.0
[rep4 keep] B orig 2f_top28 pread: fq=536.61 delivery=100.0 cold=0.0
[rep4 keep] B orig 2f_top28 async: fq=543.76 delivery=100.0 cold=0.0
[rep4 keep] B orig 2e_K10 pread: fq=548.69 delivery=100.0 cold=0.0
[rep4 keep] B orig 2e_K10 async: fq=502.53 delivery=100.0 cold=0.0
[rep4 keep] C orig learned_markov_14 pread: fq=188.78 delivery=100.0 cold=0.0
[rep4 keep] C orig learned_markov_14 async: fq=459.71 delivery=100.0 cold=0.0
[rep4 keep] C orig learned_markov_28 pread: fq=179.61 delivery=100.0 cold=0.0
[rep4 keep] C orig learned_markov_28 async: fq=181.4 delivery=100.0 cold=0.0
[rep4 keep] C orig 2f_top14 pread: fq=193.61 delivery=100.0 cold=0.0
[rep4 keep] C orig 2f_top14 async: fq=589.29 delivery=100.0 cold=0.0
[rep4 keep] C orig 2f_top28 pread: fq=210.25 delivery=100.0 cold=0.0
[rep4 keep] C orig 2f_top28 async: fq=180.91 delivery=100.0 cold=0.0
[rep4 keep] C orig 2e_K10 pread: fq=568.61 delivery=100.0 cold=0.0
[rep4 keep] C orig 2e_K10 async: fq=586.04 delivery=100.0 cold=0.0
[rep5 keep] A orig baseline baseline: fq=908.28 delivery=0.0 cold=0.0
[rep5 keep] B orig baseline baseline: fq=931.38 delivery=0.0 cold=0.0
[rep5 keep] C orig baseline baseline: fq=995.27 delivery=0.0 cold=0.0
[rep5 keep] A orig learned_markov_14 pread: fq=566.87 delivery=100.0 cold=0.0
[rep5 keep] A orig learned_markov_14 async: fq=571.97 delivery=100.0 cold=0.0
[rep5 keep] A orig learned_markov_28 pread: fq=502.64 delivery=100.0 cold=0.0
[rep5 keep] A orig learned_markov_28 async: fq=568.91 delivery=100.0 cold=0.0
[rep5 keep] A orig 2f_top14 pread: fq=568.59 delivery=100.0 cold=0.0
[rep5 keep] A orig 2f_top14 async: fq=569.54 delivery=100.0 cold=0.0
[rep5 keep] A orig 2f_top28 pread: fq=178.86 delivery=100.0 cold=0.0
[rep5 keep] A orig 2f_top28 async: fq=187.16 delivery=100.0 cold=0.0
[rep5 keep] A orig 2e_K10 pread: fq=183.78 delivery=100.0 cold=0.0
[rep5 keep] A orig 2e_K10 async: fq=181.3 delivery=100.0 cold=0.0
[rep5 keep] B orig learned_markov_14 pread: fq=506.35 delivery=100.0 cold=0.0
[rep5 keep] B orig learned_markov_14 async: fq=503.13 delivery=100.0 cold=0.0
[rep5 keep] B orig learned_markov_28 pread: fq=539.81 delivery=100.0 cold=0.0
[rep5 keep] B orig learned_markov_28 async: fq=542.52 delivery=100.0 cold=0.0
[rep5 keep] B orig 2f_top14 pread: fq=544.36 delivery=100.0 cold=0.0
[rep5 keep] B orig 2f_top14 async: fq=507.59 delivery=100.0 cold=0.0
[rep5 keep] B orig 2f_top28 pread: fq=475.29 delivery=100.0 cold=0.0
[rep5 keep] B orig 2f_top28 async: fq=512.97 delivery=100.0 cold=0.0
[rep5 keep] B orig 2e_K10 pread: fq=505.16 delivery=100.0 cold=0.0
[rep5 keep] B orig 2e_K10 async: fq=506.19 delivery=100.0 cold=0.0
[rep5 keep] C orig learned_markov_14 pread: fq=191.72 delivery=100.0 cold=0.0
[rep5 keep] C orig learned_markov_14 async: fq=591.7 delivery=100.0 cold=0.0
[rep5 keep] C orig learned_markov_28 pread: fq=185.55 delivery=100.0 cold=0.0
[rep5 keep] C orig learned_markov_28 async: fq=182.45 delivery=100.0 cold=0.0
[rep5 keep] C orig 2f_top14 pread: fq=194.81 delivery=100.0 cold=0.0
[rep5 keep] C orig 2f_top14 async: fq=586.32 delivery=100.0 cold=0.0
[rep5 keep] C orig 2f_top28 pread: fq=182.34 delivery=100.0 cold=0.0
[rep5 keep] C orig 2f_top28 async: fq=181.6 delivery=100.0 cold=0.0
[rep5 keep] C orig 2e_K10 pread: fq=566.64 delivery=100.0 cold=0.0
[rep5 keep] C orig 2e_K10 async: fq=585.77 delivery=100.0 cold=0.0
[rep6 keep] A orig baseline baseline: fq=944.04 delivery=0.0 cold=0.0
[rep6 keep] B orig baseline baseline: fq=935.69 delivery=0.0 cold=0.0
[rep6 keep] C orig baseline baseline: fq=993.2 delivery=0.0 cold=0.0
[rep6 keep] A orig learned_markov_14 pread: fq=568.47 delivery=100.0 cold=0.0
[rep6 keep] A orig learned_markov_14 async: fq=570.96 delivery=100.0 cold=0.0
[rep6 keep] A orig learned_markov_28 pread: fq=564.37 delivery=100.0 cold=0.0
[rep6 keep] A orig learned_markov_28 async: fq=567.7 delivery=100.0 cold=0.0
[rep6 keep] A orig 2f_top14 pread: fq=568.29 delivery=100.0 cold=0.0
[rep6 keep] A orig 2f_top14 async: fq=567.92 delivery=100.0 cold=0.0
[rep6 keep] A orig 2f_top28 pread: fq=218.66 delivery=100.0 cold=0.0
[rep6 keep] A orig 2f_top28 async: fq=177.17 delivery=100.0 cold=0.0
[rep6 keep] A orig 2e_K10 pread: fq=186.72 delivery=100.0 cold=0.0
[rep6 keep] A orig 2e_K10 async: fq=187.55 delivery=100.0 cold=0.0
[rep6 keep] B orig learned_markov_14 pread: fq=511.42 delivery=100.0 cold=0.0
[rep6 keep] B orig learned_markov_14 async: fq=513.07 delivery=100.0 cold=0.0
[rep6 keep] B orig learned_markov_28 pread: fq=516.37 delivery=100.0 cold=0.0
[rep6 keep] B orig learned_markov_28 async: fq=553.39 delivery=100.0 cold=0.0
[rep6 keep] B orig 2f_top14 pread: fq=486.41 delivery=100.0 cold=0.0
[rep6 keep] B orig 2f_top14 async: fq=482.49 delivery=100.0 cold=0.0
[rep6 keep] B orig 2f_top28 pread: fq=506.57 delivery=100.0 cold=0.0
[rep6 keep] B orig 2f_top28 async: fq=548.16 delivery=100.0 cold=0.0
[rep6 keep] B orig 2e_K10 pread: fq=547.56 delivery=100.0 cold=0.0
[rep6 keep] B orig 2e_K10 async: fq=488.96 delivery=100.0 cold=0.0
[rep6 keep] C orig learned_markov_14 pread: fq=201.67 delivery=100.0 cold=0.0
[rep6 keep] C orig learned_markov_14 async: fq=589.79 delivery=100.0 cold=0.0
[rep6 keep] C orig learned_markov_28 pread: fq=184.66 delivery=100.0 cold=0.0
[rep6 keep] C orig learned_markov_28 async: fq=185.65 delivery=100.0 cold=0.0
[rep6 keep] C orig 2f_top14 pread: fq=196.74 delivery=100.0 cold=0.0
[rep6 keep] C orig 2f_top14 async: fq=598.96 delivery=100.0 cold=0.0
[rep6 keep] C orig 2f_top28 pread: fq=186.22 delivery=100.0 cold=0.0
[rep6 keep] C orig 2f_top28 async: fq=185.69 delivery=100.0 cold=0.0
[rep6 keep] C orig 2e_K10 pread: fq=501.22 delivery=100.0 cold=0.0
[rep6 keep] C orig 2e_K10 async: fq=590.68 delivery=100.0 cold=0.0
[rep7 keep] A orig baseline baseline: fq=885.98 delivery=0.0 cold=0.0
[rep7 keep] B orig baseline baseline: fq=972.64 delivery=0.0 cold=0.0
[rep7 keep] C orig baseline baseline: fq=973.81 delivery=0.0 cold=0.0
[rep7 keep] A orig learned_markov_14 pread: fq=576.17 delivery=100.0 cold=0.0
[rep7 keep] A orig learned_markov_14 async: fq=508.05 delivery=100.0 cold=0.0
[rep7 keep] A orig learned_markov_28 pread: fq=573.75 delivery=100.0 cold=0.0
[rep7 keep] A orig learned_markov_28 async: fq=528.58 delivery=100.0 cold=0.0
[rep7 keep] A orig 2f_top14 pread: fq=575.6 delivery=100.0 cold=0.0
[rep7 keep] A orig 2f_top14 async: fq=575.33 delivery=100.0 cold=0.0
[rep7 keep] A orig 2f_top28 pread: fq=183.81 delivery=100.0 cold=0.0
[rep7 keep] A orig 2f_top28 async: fq=185.47 delivery=100.0 cold=0.0
[rep7 keep] A orig 2e_K10 pread: fq=185.58 delivery=100.0 cold=0.0
[rep7 keep] A orig 2e_K10 async: fq=191.48 delivery=100.0 cold=0.0
[rep7 keep] B orig learned_markov_14 pread: fq=580.92 delivery=100.0 cold=0.0
[rep7 keep] B orig learned_markov_14 async: fq=506.49 delivery=100.0 cold=0.0
[rep7 keep] B orig learned_markov_28 pread: fq=545.73 delivery=100.0 cold=0.0
[rep7 keep] B orig learned_markov_28 async: fq=549.87 delivery=100.0 cold=0.0
[rep7 keep] B orig 2f_top14 pread: fq=509.71 delivery=100.0 cold=0.0
[rep7 keep] B orig 2f_top14 async: fq=552.29 delivery=100.0 cold=0.0
[rep7 keep] B orig 2f_top28 pread: fq=547.61 delivery=100.0 cold=0.0
[rep7 keep] B orig 2f_top28 async: fq=546.69 delivery=100.0 cold=0.0
[rep7 keep] B orig 2e_K10 pread: fq=545.66 delivery=100.0 cold=0.0
[rep7 keep] B orig 2e_K10 async: fq=549.86 delivery=100.0 cold=0.0
[rep7 keep] C orig learned_markov_14 pread: fq=192.99 delivery=100.0 cold=0.0
[rep7 keep] C orig learned_markov_14 async: fq=472.07 delivery=100.0 cold=0.0
[rep7 keep] C orig learned_markov_28 pread: fq=183.28 delivery=100.0 cold=0.0
[rep7 keep] C orig learned_markov_28 async: fq=188.32 delivery=100.0 cold=0.0
[rep7 keep] C orig 2f_top14 pread: fq=194.53 delivery=100.0 cold=0.0
[rep7 keep] C orig 2f_top14 async: fq=464.16 delivery=100.0 cold=0.0
[rep7 keep] C orig 2f_top28 pread: fq=181.91 delivery=100.0 cold=0.0
[rep7 keep] C orig 2f_top28 async: fq=186.87 delivery=100.0 cold=0.0
[rep7 keep] C orig 2e_K10 pread: fq=501.85 delivery=100.0 cold=0.0
[rep7 keep] C orig 2e_K10 async: fq=589.29 delivery=100.0 cold=0.0
[rep8 keep] A orig baseline baseline: fq=958.56 delivery=0.0 cold=0.0
[rep8 keep] B orig baseline baseline: fq=3862.15 delivery=0.0 cold=0.0
[rep8 keep] C orig baseline baseline: fq=968.92 delivery=0.0 cold=0.0
[rep8 keep] A orig learned_markov_14 pread: fq=575.16 delivery=100.0 cold=0.0
[rep8 keep] A orig learned_markov_14 async: fq=578.75 delivery=100.0 cold=0.0
[rep8 keep] A orig learned_markov_28 pread: fq=575.47 delivery=100.0 cold=0.0
[rep8 keep] A orig learned_markov_28 async: fq=575.73 delivery=100.0 cold=0.0
[rep8 keep] A orig 2f_top14 pread: fq=577.67 delivery=100.0 cold=0.0
[rep8 keep] A orig 2f_top14 async: fq=572.47 delivery=100.0 cold=0.0
[rep8 keep] A orig 2f_top28 pread: fq=181.8 delivery=100.0 cold=0.0
[rep8 keep] A orig 2f_top28 async: fq=183.11 delivery=100.0 cold=0.0
[rep8 keep] A orig 2e_K10 pread: fq=182.64 delivery=100.0 cold=0.0
[rep8 keep] A orig 2e_K10 async: fq=182.85 delivery=100.0 cold=0.0
[rep8 keep] B orig learned_markov_14 pread: fq=506.11 delivery=100.0 cold=0.0
[rep8 keep] B orig learned_markov_14 async: fq=504.64 delivery=100.0 cold=0.0
[rep8 keep] B orig learned_markov_28 pread: fq=545.57 delivery=100.0 cold=0.0
[rep8 keep] B orig learned_markov_28 async: fq=479.03 delivery=100.0 cold=0.0
[rep8 keep] B orig 2f_top14 pread: fq=504.3 delivery=100.0 cold=0.0
[rep8 keep] B orig 2f_top14 async: fq=501.48 delivery=100.0 cold=0.0
[rep8 keep] B orig 2f_top28 pread: fq=504.79 delivery=100.0 cold=0.0
[rep8 keep] B orig 2f_top28 async: fq=550.88 delivery=100.0 cold=0.0
[rep8 keep] B orig 2e_K10 pread: fq=542.24 delivery=100.0 cold=0.0
[rep8 keep] B orig 2e_K10 async: fq=545.43 delivery=100.0 cold=0.0
[rep8 keep] C orig learned_markov_14 pread: fq=192.39 delivery=100.0 cold=0.0
[rep8 keep] C orig learned_markov_14 async: fq=579.65 delivery=100.0 cold=0.0
[rep8 keep] C orig learned_markov_28 pread: fq=182.08 delivery=100.0 cold=0.0
[rep8 keep] C orig learned_markov_28 async: fq=182.48 delivery=100.0 cold=0.0
[rep8 keep] C orig 2f_top14 pread: fq=195.3 delivery=100.0 cold=0.0
[rep8 keep] C orig 2f_top14 async: fq=492.94 delivery=100.0 cold=0.0
[rep8 keep] C orig 2f_top28 pread: fq=185.4 delivery=100.0 cold=0.0
[rep8 keep] C orig 2f_top28 async: fq=184.22 delivery=100.0 cold=0.0
[rep8 keep] C orig 2e_K10 pread: fq=570.38 delivery=100.0 cold=0.0
[rep8 keep] C orig 2e_K10 async: fq=520.67 delivery=100.0 cold=0.0
[rep9 keep] A orig baseline baseline: fq=926.87 delivery=0.0 cold=0.0
[rep9 keep] B orig baseline baseline: fq=934.72 delivery=0.0 cold=0.0
[rep9 keep] C orig baseline baseline: fq=1000.72 delivery=0.0 cold=0.0
[rep9 keep] A orig learned_markov_14 pread: fq=575.19 delivery=100.0 cold=0.0
[rep9 keep] A orig learned_markov_14 async: fq=570.49 delivery=100.0 cold=0.0
[rep9 keep] A orig learned_markov_28 pread: fq=573.85 delivery=100.0 cold=0.0
[rep9 keep] A orig learned_markov_28 async: fq=571.43 delivery=100.0 cold=0.0
[rep9 keep] A orig 2f_top14 pread: fq=578.73 delivery=100.0 cold=0.0
[rep9 keep] A orig 2f_top14 async: fq=573.78 delivery=100.0 cold=0.0
[rep9 keep] A orig 2f_top28 pread: fq=182.37 delivery=100.0 cold=0.0
[rep9 keep] A orig 2f_top28 async: fq=181.54 delivery=100.0 cold=0.0
[rep9 keep] A orig 2e_K10 pread: fq=182.88 delivery=100.0 cold=0.0
[rep9 keep] A orig 2e_K10 async: fq=177.54 delivery=100.0 cold=0.0
[rep9 keep] B orig learned_markov_14 pread: fq=503.81 delivery=100.0 cold=0.0
[rep9 keep] B orig learned_markov_14 async: fq=540.75 delivery=100.0 cold=0.0
[rep9 keep] B orig learned_markov_28 pread: fq=478.8 delivery=100.0 cold=0.0
[rep9 keep] B orig learned_markov_28 async: fq=546.92 delivery=100.0 cold=0.0
[rep9 keep] B orig 2f_top14 pread: fq=540.91 delivery=100.0 cold=0.0
[rep9 keep] B orig 2f_top14 async: fq=486.0 delivery=100.0 cold=0.0
[rep9 keep] B orig 2f_top28 pread: fq=538.89 delivery=100.0 cold=0.0
[rep9 keep] B orig 2f_top28 async: fq=543.3 delivery=100.0 cold=0.0
[rep9 keep] B orig 2e_K10 pread: fq=539.75 delivery=100.0 cold=0.0
[rep9 keep] B orig 2e_K10 async: fq=546.91 delivery=100.0 cold=0.0
[rep9 keep] C orig learned_markov_14 pread: fq=194.86 delivery=100.0 cold=0.0
[rep9 keep] C orig learned_markov_14 async: fq=492.13 delivery=100.0 cold=0.0
[rep9 keep] C orig learned_markov_28 pread: fq=183.97 delivery=100.0 cold=0.0
[rep9 keep] C orig learned_markov_28 async: fq=186.09 delivery=100.0 cold=0.0
[rep9 keep] C orig 2f_top14 pread: fq=192.37 delivery=100.0 cold=0.0
[rep9 keep] C orig 2f_top14 async: fq=593.82 delivery=100.0 cold=0.0
[rep9 keep] C orig 2f_top28 pread: fq=182.7 delivery=100.0 cold=0.0
[rep9 keep] C orig 2f_top28 async: fq=181.67 delivery=100.0 cold=0.0
[rep9 keep] C orig 2e_K10 pread: fq=562.42 delivery=100.0 cold=0.0
[rep9 keep] C orig 2e_K10 async: fq=525.9 delivery=100.0 cold=0.0
[rep10 keep] A orig baseline baseline: fq=908.64 delivery=0.0 cold=0.0
[rep10 keep] B orig baseline baseline: fq=937.87 delivery=0.0 cold=0.0
[rep10 keep] C orig baseline baseline: fq=970.44 delivery=0.0 cold=0.0
[rep10 keep] A orig learned_markov_14 pread: fq=574.14 delivery=100.0 cold=0.0
[rep10 keep] A orig learned_markov_14 async: fq=573.16 delivery=100.0 cold=0.0
[rep10 keep] A orig learned_markov_28 pread: fq=571.62 delivery=100.0 cold=0.0
[rep10 keep] A orig learned_markov_28 async: fq=573.76 delivery=100.0 cold=0.0
[rep10 keep] A orig 2f_top14 pread: fq=571.58 delivery=100.0 cold=0.0
[rep10 keep] A orig 2f_top14 async: fq=575.57 delivery=100.0 cold=0.0
[rep10 keep] A orig 2f_top28 pread: fq=183.11 delivery=100.0 cold=0.0
[rep10 keep] A orig 2f_top28 async: fq=185.48 delivery=100.0 cold=0.0
[rep10 keep] A orig 2e_K10 pread: fq=181.51 delivery=100.0 cold=0.0
[rep10 keep] A orig 2e_K10 async: fq=183.62 delivery=100.0 cold=0.0
[rep10 keep] B orig learned_markov_14 pread: fq=508.24 delivery=100.0 cold=0.0
[rep10 keep] B orig learned_markov_14 async: fq=548.12 delivery=100.0 cold=0.0
[rep10 keep] B orig learned_markov_28 pread: fq=545.55 delivery=100.0 cold=0.0
[rep10 keep] B orig learned_markov_28 async: fq=473.62 delivery=100.0 cold=0.0
[rep10 keep] B orig 2f_top14 pread: fq=506.37 delivery=100.0 cold=0.0
[rep10 keep] B orig 2f_top14 async: fq=547.33 delivery=100.0 cold=0.0
[rep10 keep] B orig 2f_top28 pread: fq=541.51 delivery=100.0 cold=0.0
[rep10 keep] B orig 2f_top28 async: fq=543.79 delivery=100.0 cold=0.0
[rep10 keep] B orig 2e_K10 pread: fq=471.85 delivery=100.0 cold=0.0
[rep10 keep] B orig 2e_K10 async: fq=553.73 delivery=100.0 cold=0.0
[rep10 keep] C orig learned_markov_14 pread: fq=194.44 delivery=100.0 cold=0.0
[rep10 keep] C orig learned_markov_14 async: fq=427.32 delivery=100.0 cold=0.0
[rep10 keep] C orig learned_markov_28 pread: fq=180.1 delivery=100.0 cold=0.0
[rep10 keep] C orig learned_markov_28 async: fq=182.59 delivery=100.0 cold=0.0
[rep10 keep] C orig 2f_top14 pread: fq=196.27 delivery=100.0 cold=0.0
[rep10 keep] C orig 2f_top14 async: fq=584.12 delivery=100.0 cold=0.0
[rep10 keep] C orig 2f_top28 pread: fq=182.73 delivery=100.0 cold=0.0
[rep10 keep] C orig 2f_top28 async: fq=184.79 delivery=100.0 cold=0.0
[rep10 keep] C orig 2e_K10 pread: fq=564.82 delivery=100.0 cold=0.0
[rep10 keep] C orig 2e_K10 async: fq=581.94 delivery=100.0 cold=0.0
[rep11 keep] A orig baseline baseline: fq=950.29 delivery=0.0 cold=0.0
[rep11 keep] B orig baseline baseline: fq=1012.76 delivery=0.0 cold=0.0
[rep11 keep] C orig baseline baseline: fq=939.91 delivery=0.0 cold=0.0
[rep11 keep] A orig learned_markov_14 pread: fq=590.72 delivery=100.0 cold=0.0
[rep11 keep] A orig learned_markov_14 async: fq=573.2 delivery=100.0 cold=0.0
[rep11 keep] A orig learned_markov_28 pread: fq=571.13 delivery=100.0 cold=0.0
[rep11 keep] A orig learned_markov_28 async: fq=574.98 delivery=100.0 cold=0.0
[rep11 keep] A orig 2f_top14 pread: fq=572.83 delivery=100.0 cold=0.0
[rep11 keep] A orig 2f_top14 async: fq=585.55 delivery=100.0 cold=0.0
[rep11 keep] A orig 2f_top28 pread: fq=182.31 delivery=100.0 cold=0.0
[rep11 keep] A orig 2f_top28 async: fq=184.79 delivery=100.0 cold=0.0
[rep11 keep] A orig 2e_K10 pread: fq=183.16 delivery=100.0 cold=0.0
[rep11 keep] A orig 2e_K10 async: fq=185.97 delivery=100.0 cold=0.0
[rep11 keep] B orig learned_markov_14 pread: fq=510.77 delivery=100.0 cold=0.0
[rep11 keep] B orig learned_markov_14 async: fq=506.98 delivery=100.0 cold=0.0
[rep11 keep] B orig learned_markov_28 pread: fq=547.99 delivery=100.0 cold=0.0
[rep11 keep] B orig learned_markov_28 async: fq=480.92 delivery=100.0 cold=0.0
[rep11 keep] B orig 2f_top14 pread: fq=506.21 delivery=100.0 cold=0.0
[rep11 keep] B orig 2f_top14 async: fq=546.53 delivery=100.0 cold=0.0
[rep11 keep] B orig 2f_top28 pread: fq=547.5 delivery=100.0 cold=0.0
[rep11 keep] B orig 2f_top28 async: fq=480.81 delivery=100.0 cold=0.0
[rep11 keep] B orig 2e_K10 pread: fq=548.14 delivery=100.0 cold=0.0
[rep11 keep] B orig 2e_K10 async: fq=550.62 delivery=100.0 cold=0.0
[rep11 keep] C orig learned_markov_14 pread: fq=191.89 delivery=100.0 cold=0.0
[rep11 keep] C orig learned_markov_14 async: fq=466.11 delivery=100.0 cold=0.0
[rep11 keep] C orig learned_markov_28 pread: fq=181.16 delivery=100.0 cold=0.0
[rep11 keep] C orig learned_markov_28 async: fq=183.34 delivery=100.0 cold=0.0
[rep11 keep] C orig 2f_top14 pread: fq=195.64 delivery=100.0 cold=0.0
[rep11 keep] C orig 2f_top14 async: fq=594.1 delivery=100.0 cold=0.0
[rep11 keep] C orig 2f_top28 pread: fq=180.98 delivery=100.0 cold=0.0
[rep11 keep] C orig 2f_top28 async: fq=181.01 delivery=100.0 cold=0.0
[rep11 keep] C orig 2e_K10 pread: fq=572.2 delivery=100.0 cold=0.0
[rep11 keep] C orig 2e_K10 async: fq=533.52 delivery=100.0 cold=0.0

done. raw=results/learned_10fold/seed5/raw.csv  summary=results/learned_10fold/seed5/summary.csv
--- fold 6: measure (async+pread) ---
ENV kernel=6.17.0-41-generic disk=nvme1n1 ra_kb=128 governor=powersave driver=amd-pstate-epp epp=balance_performance boost=1 maxfreq_khz=5756452 thp=madvise loadavg=2.32 memavail_kb=55771740
[rep1 warm] A orig baseline baseline: fq=902.23 delivery=0.0 cold=0.0
[rep1 warm] B orig baseline baseline: fq=961.01 delivery=0.0 cold=0.0
[rep1 warm] C orig baseline baseline: fq=1082.59 delivery=0.0 cold=0.0
[rep1 warm] A orig learned_markov_14 pread: fq=476.62 delivery=100.0 cold=0.0
[rep1 warm] A orig learned_markov_14 async: fq=481.81 delivery=100.0 cold=0.0
[rep1 warm] A orig learned_markov_28 pread: fq=481.43 delivery=100.0 cold=0.0
[rep1 warm] A orig learned_markov_28 async: fq=475.77 delivery=100.0 cold=0.0
[rep1 warm] A orig 2f_top14 pread: fq=412.98 delivery=100.0 cold=0.0
[rep1 warm] A orig 2f_top14 async: fq=480.86 delivery=100.0 cold=0.0
[rep1 warm] A orig 2f_top28 pread: fq=181.61 delivery=100.0 cold=0.0
[rep1 warm] A orig 2f_top28 async: fq=181.69 delivery=100.0 cold=0.0
[rep1 warm] A orig 2e_K10 pread: fq=182.42 delivery=100.0 cold=0.0
[rep1 warm] A orig 2e_K10 async: fq=215.63 delivery=100.0 cold=0.0
[rep1 warm] B orig learned_markov_14 pread: fq=582.58 delivery=100.0 cold=0.0
[rep1 warm] B orig learned_markov_14 async: fq=553.2 delivery=100.0 cold=0.0
[rep1 warm] B orig learned_markov_28 pread: fq=583.43 delivery=100.0 cold=0.0
[rep1 warm] B orig learned_markov_28 async: fq=446.95 delivery=100.0 cold=0.0
[rep1 warm] B orig 2f_top14 pread: fq=548.7 delivery=100.0 cold=0.0
[rep1 warm] B orig 2f_top14 async: fq=521.6 delivery=100.0 cold=0.0
[rep1 warm] B orig 2f_top28 pread: fq=556.61 delivery=100.0 cold=0.0
[rep1 warm] B orig 2f_top28 async: fq=512.0 delivery=100.0 cold=0.0
[rep1 warm] B orig 2e_K10 pread: fq=516.29 delivery=100.0 cold=0.0
[rep1 warm] B orig 2e_K10 async: fq=513.02 delivery=100.0 cold=0.0
[rep1 warm] C orig learned_markov_14 pread: fq=656.49 delivery=100.0 cold=0.0
[rep1 warm] C orig learned_markov_14 async: fq=680.88 delivery=100.0 cold=0.0
[rep1 warm] C orig learned_markov_28 pread: fq=634.93 delivery=100.0 cold=0.0
[rep1 warm] C orig learned_markov_28 async: fq=657.81 delivery=100.0 cold=0.0
[rep1 warm] C orig 2f_top14 pread: fq=595.98 delivery=100.0 cold=0.0
[rep1 warm] C orig 2f_top14 async: fq=535.43 delivery=100.0 cold=0.0
[rep1 warm] C orig 2f_top28 pread: fq=634.61 delivery=100.0 cold=0.0
[rep1 warm] C orig 2f_top28 async: fq=510.71 delivery=100.0 cold=0.0
[rep1 warm] C orig 2e_K10 pread: fq=630.42 delivery=100.0 cold=0.0
[rep1 warm] C orig 2e_K10 async: fq=563.91 delivery=100.0 cold=0.0
[rep2 keep] A orig baseline baseline: fq=1268.89 delivery=0.0 cold=0.0
[rep2 keep] B orig baseline baseline: fq=968.07 delivery=0.0 cold=0.0
[rep2 keep] C orig baseline baseline: fq=1041.75 delivery=0.0 cold=0.0
[rep2 keep] A orig learned_markov_14 pread: fq=452.0 delivery=100.0 cold=0.0
[rep2 keep] A orig learned_markov_14 async: fq=479.2 delivery=100.0 cold=0.0
[rep2 keep] A orig learned_markov_28 pread: fq=481.82 delivery=100.0 cold=0.0
[rep2 keep] A orig learned_markov_28 async: fq=477.73 delivery=100.0 cold=0.0
[rep2 keep] A orig 2f_top14 pread: fq=418.98 delivery=100.0 cold=0.0
[rep2 keep] A orig 2f_top14 async: fq=487.14 delivery=100.0 cold=0.0
[rep2 keep] A orig 2f_top28 pread: fq=180.25 delivery=100.0 cold=0.0
[rep2 keep] A orig 2f_top28 async: fq=183.53 delivery=100.0 cold=0.0
[rep2 keep] A orig 2e_K10 pread: fq=180.06 delivery=100.0 cold=0.0
[rep2 keep] A orig 2e_K10 async: fq=186.85 delivery=100.0 cold=0.0
[rep2 keep] B orig learned_markov_14 pread: fq=579.37 delivery=100.0 cold=0.0
[rep2 keep] B orig learned_markov_14 async: fq=491.7 delivery=100.0 cold=0.0
[rep2 keep] B orig learned_markov_28 pread: fq=549.93 delivery=100.0 cold=0.0
[rep2 keep] B orig learned_markov_28 async: fq=547.66 delivery=100.0 cold=0.0
[rep2 keep] B orig 2f_top14 pread: fq=482.82 delivery=100.0 cold=0.0
[rep2 keep] B orig 2f_top14 async: fq=551.24 delivery=100.0 cold=0.0
[rep2 keep] B orig 2f_top28 pread: fq=580.63 delivery=100.0 cold=0.0
[rep2 keep] B orig 2f_top28 async: fq=562.41 delivery=100.0 cold=0.0
[rep2 keep] B orig 2e_K10 pread: fq=477.29 delivery=100.0 cold=0.0
[rep2 keep] B orig 2e_K10 async: fq=514.28 delivery=100.0 cold=0.0
[rep2 keep] C orig learned_markov_14 pread: fq=633.67 delivery=100.0 cold=0.0
[rep2 keep] C orig learned_markov_14 async: fq=662.5 delivery=100.0 cold=0.0
[rep2 keep] C orig learned_markov_28 pread: fq=655.31 delivery=100.0 cold=0.0
[rep2 keep] C orig learned_markov_28 async: fq=574.13 delivery=100.0 cold=0.0
[rep2 keep] C orig 2f_top14 pread: fq=563.7 delivery=100.0 cold=0.0
[rep2 keep] C orig 2f_top14 async: fq=538.23 delivery=100.0 cold=0.0
[rep2 keep] C orig 2f_top28 pread: fq=655.95 delivery=100.0 cold=0.0
[rep2 keep] C orig 2f_top28 async: fq=518.4 delivery=100.0 cold=0.0
[rep2 keep] C orig 2e_K10 pread: fq=657.57 delivery=100.0 cold=0.0
[rep2 keep] C orig 2e_K10 async: fq=624.76 delivery=100.0 cold=0.0
[rep3 keep] A orig baseline baseline: fq=836.33 delivery=0.0 cold=0.0
[rep3 keep] B orig baseline baseline: fq=992.03 delivery=0.0 cold=0.0
[rep3 keep] C orig baseline baseline: fq=1079.29 delivery=0.0 cold=0.0
[rep3 keep] A orig learned_markov_14 pread: fq=478.47 delivery=100.0 cold=0.0
[rep3 keep] A orig learned_markov_14 async: fq=479.24 delivery=100.0 cold=0.0
[rep3 keep] A orig learned_markov_28 pread: fq=477.59 delivery=100.0 cold=0.0
[rep3 keep] A orig learned_markov_28 async: fq=475.4 delivery=100.0 cold=0.0
[rep3 keep] A orig 2f_top14 pread: fq=421.27 delivery=100.0 cold=0.0
[rep3 keep] A orig 2f_top14 async: fq=478.45 delivery=100.0 cold=0.0
[rep3 keep] A orig 2f_top28 pread: fq=188.94 delivery=100.0 cold=0.0
[rep3 keep] A orig 2f_top28 async: fq=181.76 delivery=100.0 cold=0.0
[rep3 keep] A orig 2e_K10 pread: fq=179.62 delivery=100.0 cold=0.0
[rep3 keep] A orig 2e_K10 async: fq=180.95 delivery=100.0 cold=0.0
[rep3 keep] B orig learned_markov_14 pread: fq=485.35 delivery=100.0 cold=0.0
[rep3 keep] B orig learned_markov_14 async: fq=550.49 delivery=100.0 cold=0.0
[rep3 keep] B orig learned_markov_28 pread: fq=480.38 delivery=100.0 cold=0.0
[rep3 keep] B orig learned_markov_28 async: fq=514.62 delivery=100.0 cold=0.0
[rep3 keep] B orig 2f_top14 pread: fq=519.63 delivery=100.0 cold=0.0
[rep3 keep] B orig 2f_top14 async: fq=553.59 delivery=100.0 cold=0.0
[rep3 keep] B orig 2f_top28 pread: fq=519.5 delivery=100.0 cold=0.0
[rep3 keep] B orig 2f_top28 async: fq=579.72 delivery=100.0 cold=0.0
[rep3 keep] B orig 2e_K10 pread: fq=511.96 delivery=100.0 cold=0.0
[rep3 keep] B orig 2e_K10 async: fq=518.15 delivery=100.0 cold=0.0
[rep3 keep] C orig learned_markov_14 pread: fq=655.05 delivery=100.0 cold=0.0
[rep3 keep] C orig learned_markov_14 async: fq=550.73 delivery=100.0 cold=0.0
[rep3 keep] C orig learned_markov_28 pread: fq=595.1 delivery=100.0 cold=0.0
[rep3 keep] C orig learned_markov_28 async: fq=549.39 delivery=100.0 cold=0.0
[rep3 keep] C orig 2f_top14 pread: fq=656.95 delivery=100.0 cold=0.0
[rep3 keep] C orig 2f_top14 async: fq=571.78 delivery=100.0 cold=0.0
[rep3 keep] C orig 2f_top28 pread: fq=657.2 delivery=100.0 cold=0.0
[rep3 keep] C orig 2f_top28 async: fq=513.96 delivery=100.0 cold=0.0
[rep3 keep] C orig 2e_K10 pread: fq=665.25 delivery=100.0 cold=0.0
[rep3 keep] C orig 2e_K10 async: fq=658.03 delivery=100.0 cold=0.0
[rep4 keep] A orig baseline baseline: fq=893.87 delivery=0.0 cold=0.0
[rep4 keep] B orig baseline baseline: fq=953.98 delivery=0.0 cold=0.0
[rep4 keep] C orig baseline baseline: fq=1063.05 delivery=0.0 cold=0.0
[rep4 keep] A orig learned_markov_14 pread: fq=476.17 delivery=100.0 cold=0.0
[rep4 keep] A orig learned_markov_14 async: fq=484.77 delivery=100.0 cold=0.0
[rep4 keep] A orig learned_markov_28 pread: fq=478.18 delivery=100.0 cold=0.0
[rep4 keep] A orig learned_markov_28 async: fq=475.48 delivery=100.0 cold=0.0
[rep4 keep] A orig 2f_top14 pread: fq=479.87 delivery=100.0 cold=0.0
[rep4 keep] A orig 2f_top14 async: fq=480.77 delivery=100.0 cold=0.0
[rep4 keep] A orig 2f_top28 pread: fq=180.55 delivery=100.0 cold=0.0
[rep4 keep] A orig 2f_top28 async: fq=181.81 delivery=100.0 cold=0.0
[rep4 keep] A orig 2e_K10 pread: fq=180.24 delivery=100.0 cold=0.0
[rep4 keep] A orig 2e_K10 async: fq=180.83 delivery=100.0 cold=0.0
[rep4 keep] B orig learned_markov_14 pread: fq=554.77 delivery=100.0 cold=0.0
[rep4 keep] B orig learned_markov_14 async: fq=523.89 delivery=100.0 cold=0.0
[rep4 keep] B orig learned_markov_28 pread: fq=483.98 delivery=100.0 cold=0.0
[rep4 keep] B orig learned_markov_28 async: fq=522.35 delivery=100.0 cold=0.0
[rep4 keep] B orig 2f_top14 pread: fq=511.38 delivery=100.0 cold=0.0
[rep4 keep] B orig 2f_top14 async: fq=572.78 delivery=100.0 cold=0.0
[rep4 keep] B orig 2f_top28 pread: fq=580.48 delivery=100.0 cold=0.0
[rep4 keep] B orig 2f_top28 async: fq=580.25 delivery=100.0 cold=0.0
[rep4 keep] B orig 2e_K10 pread: fq=570.41 delivery=100.0 cold=0.0
[rep4 keep] B orig 2e_K10 async: fq=583.14 delivery=100.0 cold=0.0
[rep4 keep] C orig learned_markov_14 pread: fq=566.51 delivery=100.0 cold=0.0
[rep4 keep] C orig learned_markov_14 async: fq=665.19 delivery=100.0 cold=0.0
[rep4 keep] C orig learned_markov_28 pread: fq=661.15 delivery=100.0 cold=0.0
[rep4 keep] C orig learned_markov_28 async: fq=518.35 delivery=100.0 cold=0.0
[rep4 keep] C orig 2f_top14 pread: fq=601.04 delivery=100.0 cold=0.0
[rep4 keep] C orig 2f_top14 async: fq=606.25 delivery=100.0 cold=0.0
[rep4 keep] C orig 2f_top28 pread: fq=579.87 delivery=100.0 cold=0.0
[rep4 keep] C orig 2f_top28 async: fq=506.37 delivery=100.0 cold=0.0
[rep4 keep] C orig 2e_K10 pread: fq=657.43 delivery=100.0 cold=0.0
[rep4 keep] C orig 2e_K10 async: fq=634.25 delivery=100.0 cold=0.0
[rep5 keep] A orig baseline baseline: fq=898.4 delivery=0.0 cold=0.0
[rep5 keep] B orig baseline baseline: fq=915.84 delivery=0.0 cold=0.0
[rep5 keep] C orig baseline baseline: fq=1078.03 delivery=0.0 cold=0.0
[rep5 keep] A orig learned_markov_14 pread: fq=479.24 delivery=100.0 cold=0.0
[rep5 keep] A orig learned_markov_14 async: fq=476.78 delivery=100.0 cold=0.0
[rep5 keep] A orig learned_markov_28 pread: fq=470.71 delivery=100.0 cold=0.0
[rep5 keep] A orig learned_markov_28 async: fq=479.37 delivery=100.0 cold=0.0
[rep5 keep] A orig 2f_top14 pread: fq=480.64 delivery=100.0 cold=0.0
[rep5 keep] A orig 2f_top14 async: fq=414.39 delivery=100.0 cold=0.0
[rep5 keep] A orig 2f_top28 pread: fq=182.28 delivery=100.0 cold=0.0
[rep5 keep] A orig 2f_top28 async: fq=182.2 delivery=100.0 cold=0.0
[rep5 keep] A orig 2e_K10 pread: fq=180.05 delivery=100.0 cold=0.0
[rep5 keep] A orig 2e_K10 async: fq=179.59 delivery=100.0 cold=0.0
[rep5 keep] B orig learned_markov_14 pread: fq=483.42 delivery=100.0 cold=0.0
[rep5 keep] B orig learned_markov_14 async: fq=545.25 delivery=100.0 cold=0.0
[rep5 keep] B orig learned_markov_28 pread: fq=486.84 delivery=100.0 cold=0.0
[rep5 keep] B orig learned_markov_28 async: fq=579.85 delivery=100.0 cold=0.0
[rep5 keep] B orig 2f_top14 pread: fq=555.14 delivery=100.0 cold=0.0
[rep5 keep] B orig 2f_top14 async: fq=526.48 delivery=100.0 cold=0.0
[rep5 keep] B orig 2f_top28 pread: fq=512.66 delivery=100.0 cold=0.0
[rep5 keep] B orig 2f_top28 async: fq=583.89 delivery=100.0 cold=0.0
[rep5 keep] B orig 2e_K10 pread: fq=583.68 delivery=100.0 cold=0.0
[rep5 keep] B orig 2e_K10 async: fq=509.78 delivery=100.0 cold=0.0
[rep5 keep] C orig learned_markov_14 pread: fq=592.53 delivery=100.0 cold=0.0
[rep5 keep] C orig learned_markov_14 async: fq=665.4 delivery=100.0 cold=0.0
[rep5 keep] C orig learned_markov_28 pread: fq=657.69 delivery=100.0 cold=0.0
[rep5 keep] C orig learned_markov_28 async: fq=574.43 delivery=100.0 cold=0.0
[rep5 keep] C orig 2f_top14 pread: fq=657.35 delivery=100.0 cold=0.0
[rep5 keep] C orig 2f_top14 async: fq=556.29 delivery=100.0 cold=0.0
[rep5 keep] C orig 2f_top28 pread: fq=663.55 delivery=100.0 cold=0.0
[rep5 keep] C orig 2f_top28 async: fq=509.35 delivery=100.0 cold=0.0
[rep5 keep] C orig 2e_K10 pread: fq=658.25 delivery=100.0 cold=0.0
[rep5 keep] C orig 2e_K10 async: fq=608.0 delivery=100.0 cold=0.0
[rep6 keep] A orig baseline baseline: fq=902.17 delivery=0.0 cold=0.0
[rep6 keep] B orig baseline baseline: fq=961.16 delivery=0.0 cold=0.0
[rep6 keep] C orig baseline baseline: fq=1082.1 delivery=0.0 cold=0.0
[rep6 keep] A orig learned_markov_14 pread: fq=483.02 delivery=100.0 cold=0.0
[rep6 keep] A orig learned_markov_14 async: fq=485.19 delivery=100.0 cold=0.0
[rep6 keep] A orig learned_markov_28 pread: fq=476.38 delivery=100.0 cold=0.0
[rep6 keep] A orig learned_markov_28 async: fq=479.76 delivery=100.0 cold=0.0
[rep6 keep] A orig 2f_top14 pread: fq=477.19 delivery=100.0 cold=0.0
[rep6 keep] A orig 2f_top14 async: fq=475.01 delivery=100.0 cold=0.0
[rep6 keep] A orig 2f_top28 pread: fq=182.43 delivery=100.0 cold=0.0
[rep6 keep] A orig 2f_top28 async: fq=181.41 delivery=100.0 cold=0.0
[rep6 keep] A orig 2e_K10 pread: fq=180.35 delivery=100.0 cold=0.0
[rep6 keep] A orig 2e_K10 async: fq=182.3 delivery=100.0 cold=0.0
[rep6 keep] B orig learned_markov_14 pread: fq=452.66 delivery=100.0 cold=0.0
[rep6 keep] B orig learned_markov_14 async: fq=515.45 delivery=100.0 cold=0.0
[rep6 keep] B orig learned_markov_28 pread: fq=548.36 delivery=100.0 cold=0.0
[rep6 keep] B orig learned_markov_28 async: fq=520.43 delivery=100.0 cold=0.0
[rep6 keep] B orig 2f_top14 pread: fq=587.1 delivery=100.0 cold=0.0
[rep6 keep] B orig 2f_top14 async: fq=552.2 delivery=100.0 cold=0.0
[rep6 keep] B orig 2f_top28 pread: fq=557.01 delivery=100.0 cold=0.0
[rep6 keep] B orig 2f_top28 async: fq=515.08 delivery=100.0 cold=0.0
[rep6 keep] B orig 2e_K10 pread: fq=556.68 delivery=100.0 cold=0.0
[rep6 keep] B orig 2e_K10 async: fq=580.1 delivery=100.0 cold=0.0
[rep6 keep] C orig learned_markov_14 pread: fq=567.76 delivery=100.0 cold=0.0
[rep6 keep] C orig learned_markov_14 async: fq=515.62 delivery=100.0 cold=0.0
[rep6 keep] C orig learned_markov_28 pread: fq=654.83 delivery=100.0 cold=0.0
[rep6 keep] C orig learned_markov_28 async: fq=643.85 delivery=100.0 cold=0.0
[rep6 keep] C orig 2f_top14 pread: fq=625.42 delivery=100.0 cold=0.0
[rep6 keep] C orig 2f_top14 async: fq=664.51 delivery=100.0 cold=0.0
[rep6 keep] C orig 2f_top28 pread: fq=663.06 delivery=100.0 cold=0.0
[rep6 keep] C orig 2f_top28 async: fq=610.01 delivery=100.0 cold=0.0
[rep6 keep] C orig 2e_K10 pread: fq=566.07 delivery=100.0 cold=0.0
[rep6 keep] C orig 2e_K10 async: fq=659.47 delivery=100.0 cold=0.0
[rep7 keep] A orig baseline baseline: fq=900.09 delivery=0.0 cold=0.0
[rep7 keep] B orig baseline baseline: fq=951.43 delivery=0.0 cold=0.0
[rep7 keep] C orig baseline baseline: fq=1076.14 delivery=0.0 cold=0.0
[rep7 keep] A orig learned_markov_14 pread: fq=408.97 delivery=100.0 cold=0.0
[rep7 keep] A orig learned_markov_14 async: fq=482.42 delivery=100.0 cold=0.0
[rep7 keep] A orig learned_markov_28 pread: fq=478.88 delivery=100.0 cold=0.0
[rep7 keep] A orig learned_markov_28 async: fq=474.54 delivery=100.0 cold=0.0
[rep7 keep] A orig 2f_top14 pread: fq=477.99 delivery=100.0 cold=0.0
[rep7 keep] A orig 2f_top14 async: fq=477.9 delivery=100.0 cold=0.0
[rep7 keep] A orig 2f_top28 pread: fq=182.24 delivery=100.0 cold=0.0
[rep7 keep] A orig 2f_top28 async: fq=179.69 delivery=100.0 cold=0.0
[rep7 keep] A orig 2e_K10 pread: fq=179.97 delivery=100.0 cold=0.0
[rep7 keep] A orig 2e_K10 async: fq=180.21 delivery=100.0 cold=0.0
[rep7 keep] B orig learned_markov_14 pread: fq=478.18 delivery=100.0 cold=0.0
[rep7 keep] B orig learned_markov_14 async: fq=479.32 delivery=100.0 cold=0.0
[rep7 keep] B orig learned_markov_28 pread: fq=550.32 delivery=100.0 cold=0.0
[rep7 keep] B orig learned_markov_28 async: fq=579.8 delivery=100.0 cold=0.0
[rep7 keep] B orig 2f_top14 pread: fq=484.55 delivery=100.0 cold=0.0
[rep7 keep] B orig 2f_top14 async: fq=550.88 delivery=100.0 cold=0.0
[rep7 keep] B orig 2f_top28 pread: fq=516.68 delivery=100.0 cold=0.0
[rep7 keep] B orig 2f_top28 async: fq=550.44 delivery=100.0 cold=0.0
[rep7 keep] B orig 2e_K10 pread: fq=581.53 delivery=100.0 cold=0.0
[rep7 keep] B orig 2e_K10 async: fq=583.27 delivery=100.0 cold=0.0
[rep7 keep] C orig learned_markov_14 pread: fq=590.62 delivery=100.0 cold=0.0
[rep7 keep] C orig learned_markov_14 async: fq=595.42 delivery=100.0 cold=0.0
[rep7 keep] C orig learned_markov_28 pread: fq=628.98 delivery=100.0 cold=0.0
[rep7 keep] C orig learned_markov_28 async: fq=555.9 delivery=100.0 cold=0.0
[rep7 keep] C orig 2f_top14 pread: fq=659.18 delivery=100.0 cold=0.0
[rep7 keep] C orig 2f_top14 async: fq=595.79 delivery=100.0 cold=0.0
[rep7 keep] C orig 2f_top28 pread: fq=657.4 delivery=100.0 cold=0.0
[rep7 keep] C orig 2f_top28 async: fq=551.73 delivery=100.0 cold=0.0
[rep7 keep] C orig 2e_K10 pread: fq=661.69 delivery=100.0 cold=0.0
[rep7 keep] C orig 2e_K10 async: fq=627.08 delivery=100.0 cold=0.0
[rep8 keep] A orig baseline baseline: fq=785.92 delivery=0.0 cold=0.0
[rep8 keep] B orig baseline baseline: fq=989.64 delivery=0.0 cold=0.0
[rep8 keep] C orig baseline baseline: fq=1069.94 delivery=0.0 cold=0.0
[rep8 keep] A orig learned_markov_14 pread: fq=478.26 delivery=100.0 cold=0.0
[rep8 keep] A orig learned_markov_14 async: fq=480.02 delivery=100.0 cold=0.0
[rep8 keep] A orig learned_markov_28 pread: fq=477.06 delivery=100.0 cold=0.0
[rep8 keep] A orig learned_markov_28 async: fq=480.29 delivery=100.0 cold=0.0
[rep8 keep] A orig 2f_top14 pread: fq=482.74 delivery=100.0 cold=0.0
[rep8 keep] A orig 2f_top14 async: fq=476.44 delivery=100.0 cold=0.0
[rep8 keep] A orig 2f_top28 pread: fq=188.12 delivery=100.0 cold=0.0
[rep8 keep] A orig 2f_top28 async: fq=181.2 delivery=100.0 cold=0.0
[rep8 keep] A orig 2e_K10 pread: fq=179.02 delivery=100.0 cold=0.0
[rep8 keep] A orig 2e_K10 async: fq=186.76 delivery=100.0 cold=0.0
[rep8 keep] B orig learned_markov_14 pread: fq=513.27 delivery=100.0 cold=0.0
[rep8 keep] B orig learned_markov_14 async: fq=551.51 delivery=100.0 cold=0.0
[rep8 keep] B orig learned_markov_28 pread: fq=550.68 delivery=100.0 cold=0.0
[rep8 keep] B orig learned_markov_28 async: fq=585.81 delivery=100.0 cold=0.0
[rep8 keep] B orig 2f_top14 pread: fq=513.16 delivery=100.0 cold=0.0
[rep8 keep] B orig 2f_top14 async: fq=514.05 delivery=100.0 cold=0.0
[rep8 keep] B orig 2f_top28 pread: fq=553.98 delivery=100.0 cold=0.0
[rep8 keep] B orig 2f_top28 async: fq=588.28 delivery=100.0 cold=0.0
[rep8 keep] B orig 2e_K10 pread: fq=576.79 delivery=100.0 cold=0.0
[rep8 keep] B orig 2e_K10 async: fq=580.01 delivery=100.0 cold=0.0
[rep8 keep] C orig learned_markov_14 pread: fq=658.79 delivery=100.0 cold=0.0
[rep8 keep] C orig learned_markov_14 async: fq=722.24 delivery=100.0 cold=0.0
[rep8 keep] C orig learned_markov_28 pread: fq=661.81 delivery=100.0 cold=0.0
[rep8 keep] C orig learned_markov_28 async: fq=546.63 delivery=100.0 cold=0.0
[rep8 keep] C orig 2f_top14 pread: fq=591.26 delivery=100.0 cold=0.0
[rep8 keep] C orig 2f_top14 async: fq=557.47 delivery=100.0 cold=0.0
[rep8 keep] C orig 2f_top28 pread: fq=658.66 delivery=100.0 cold=0.0
[rep8 keep] C orig 2f_top28 async: fq=540.46 delivery=100.0 cold=0.0
[rep8 keep] C orig 2e_K10 pread: fq=599.15 delivery=100.0 cold=0.0
[rep8 keep] C orig 2e_K10 async: fq=661.88 delivery=100.0 cold=0.0
[rep9 keep] A orig baseline baseline: fq=904.6 delivery=0.0 cold=0.0
[rep9 keep] B orig baseline baseline: fq=956.34 delivery=0.0 cold=0.0
[rep9 keep] C orig baseline baseline: fq=1076.53 delivery=0.0 cold=0.0
[rep9 keep] A orig learned_markov_14 pread: fq=477.71 delivery=100.0 cold=0.0
[rep9 keep] A orig learned_markov_14 async: fq=479.04 delivery=100.0 cold=0.0
[rep9 keep] A orig learned_markov_28 pread: fq=475.49 delivery=100.0 cold=0.0
[rep9 keep] A orig learned_markov_28 async: fq=478.53 delivery=100.0 cold=0.0
[rep9 keep] A orig 2f_top14 pread: fq=418.87 delivery=100.0 cold=0.0
[rep9 keep] A orig 2f_top14 async: fq=476.85 delivery=100.0 cold=0.0
[rep9 keep] A orig 2f_top28 pread: fq=181.57 delivery=100.0 cold=0.0
[rep9 keep] A orig 2f_top28 async: fq=182.24 delivery=100.0 cold=0.0
[rep9 keep] A orig 2e_K10 pread: fq=182.63 delivery=100.0 cold=0.0
[rep9 keep] A orig 2e_K10 async: fq=182.63 delivery=100.0 cold=0.0
[rep9 keep] B orig learned_markov_14 pread: fq=540.05 delivery=100.0 cold=0.0
[rep9 keep] B orig learned_markov_14 async: fq=553.23 delivery=100.0 cold=0.0
[rep9 keep] B orig learned_markov_28 pread: fq=513.15 delivery=100.0 cold=0.0
[rep9 keep] B orig learned_markov_28 async: fq=484.07 delivery=100.0 cold=0.0
[rep9 keep] B orig 2f_top14 pread: fq=511.62 delivery=100.0 cold=0.0
[rep9 keep] B orig 2f_top14 async: fq=581.81 delivery=100.0 cold=0.0
[rep9 keep] B orig 2f_top28 pread: fq=581.6 delivery=100.0 cold=0.0
[rep9 keep] B orig 2f_top28 async: fq=583.12 delivery=100.0 cold=0.0
[rep9 keep] B orig 2e_K10 pread: fq=582.01 delivery=100.0 cold=0.0
[rep9 keep] B orig 2e_K10 async: fq=586.74 delivery=100.0 cold=0.0
[rep9 keep] C orig learned_markov_14 pread: fq=565.07 delivery=100.0 cold=0.0
[rep9 keep] C orig learned_markov_14 async: fq=677.08 delivery=100.0 cold=0.0
[rep9 keep] C orig learned_markov_28 pread: fq=660.09 delivery=100.0 cold=0.0
[rep9 keep] C orig learned_markov_28 async: fq=545.9 delivery=100.0 cold=0.0
[rep9 keep] C orig 2f_top14 pread: fq=618.99 delivery=100.0 cold=0.0
[rep9 keep] C orig 2f_top14 async: fq=660.94 delivery=100.0 cold=0.0
[rep9 keep] C orig 2f_top28 pread: fq=658.13 delivery=100.0 cold=0.0
[rep9 keep] C orig 2f_top28 async: fq=616.75 delivery=100.0 cold=0.0
[rep9 keep] C orig 2e_K10 pread: fq=598.03 delivery=100.0 cold=0.0
[rep9 keep] C orig 2e_K10 async: fq=540.98 delivery=100.0 cold=0.0
[rep10 keep] A orig baseline baseline: fq=901.02 delivery=0.0 cold=0.0
[rep10 keep] B orig baseline baseline: fq=988.05 delivery=0.0 cold=0.0
[rep10 keep] C orig baseline baseline: fq=1096.34 delivery=0.0 cold=0.0
[rep10 keep] A orig learned_markov_14 pread: fq=483.06 delivery=100.0 cold=0.0
[rep10 keep] A orig learned_markov_14 async: fq=475.93 delivery=100.0 cold=0.0
[rep10 keep] A orig learned_markov_28 pread: fq=477.03 delivery=100.0 cold=0.0
[rep10 keep] A orig learned_markov_28 async: fq=479.26 delivery=100.0 cold=0.0
[rep10 keep] A orig 2f_top14 pread: fq=475.28 delivery=100.0 cold=0.0
[rep10 keep] A orig 2f_top14 async: fq=481.17 delivery=100.0 cold=0.0
[rep10 keep] A orig 2f_top28 pread: fq=183.99 delivery=100.0 cold=0.0
[rep10 keep] A orig 2f_top28 async: fq=179.89 delivery=100.0 cold=0.0
[rep10 keep] A orig 2e_K10 pread: fq=180.13 delivery=100.0 cold=0.0
[rep10 keep] A orig 2e_K10 async: fq=183.25 delivery=100.0 cold=0.0
[rep10 keep] B orig learned_markov_14 pread: fq=581.45 delivery=100.0 cold=0.0
[rep10 keep] B orig learned_markov_14 async: fq=550.3 delivery=100.0 cold=0.0
[rep10 keep] B orig learned_markov_28 pread: fq=524.78 delivery=100.0 cold=0.0
[rep10 keep] B orig learned_markov_28 async: fq=525.88 delivery=100.0 cold=0.0
[rep10 keep] B orig 2f_top14 pread: fq=554.01 delivery=100.0 cold=0.0
[rep10 keep] B orig 2f_top14 async: fq=523.81 delivery=100.0 cold=0.0
[rep10 keep] B orig 2f_top28 pread: fq=574.57 delivery=100.0 cold=0.0
[rep10 keep] B orig 2f_top28 async: fq=580.74 delivery=100.0 cold=0.0
[rep10 keep] B orig 2e_K10 pread: fq=517.69 delivery=100.0 cold=0.0
[rep10 keep] B orig 2e_K10 async: fq=584.59 delivery=100.0 cold=0.0
[rep10 keep] C orig learned_markov_14 pread: fq=559.5 delivery=100.0 cold=0.0
[rep10 keep] C orig learned_markov_14 async: fq=537.53 delivery=100.0 cold=0.0
[rep10 keep] C orig learned_markov_28 pread: fq=659.61 delivery=100.0 cold=0.0
[rep10 keep] C orig learned_markov_28 async: fq=550.13 delivery=100.0 cold=0.0
[rep10 keep] C orig 2f_top14 pread: fq=656.4 delivery=100.0 cold=0.0
[rep10 keep] C orig 2f_top14 async: fq=530.05 delivery=100.0 cold=0.0
[rep10 keep] C orig 2f_top28 pread: fq=666.92 delivery=100.0 cold=0.0
[rep10 keep] C orig 2f_top28 async: fq=544.62 delivery=100.0 cold=0.0
[rep10 keep] C orig 2e_K10 pread: fq=591.58 delivery=100.0 cold=0.0
[rep10 keep] C orig 2e_K10 async: fq=537.9 delivery=100.0 cold=0.0
[rep11 keep] A orig baseline baseline: fq=909.71 delivery=0.0 cold=0.0
[rep11 keep] B orig baseline baseline: fq=959.4 delivery=0.0 cold=0.0
[rep11 keep] C orig baseline baseline: fq=1003.37 delivery=0.0 cold=0.0
[rep11 keep] A orig learned_markov_14 pread: fq=478.93 delivery=100.0 cold=0.0
[rep11 keep] A orig learned_markov_14 async: fq=479.23 delivery=100.0 cold=0.0
[rep11 keep] A orig learned_markov_28 pread: fq=477.19 delivery=100.0 cold=0.0
[rep11 keep] A orig learned_markov_28 async: fq=484.0 delivery=100.0 cold=0.0
[rep11 keep] A orig 2f_top14 pread: fq=477.51 delivery=100.0 cold=0.0
[rep11 keep] A orig 2f_top14 async: fq=417.39 delivery=100.0 cold=0.0
[rep11 keep] A orig 2f_top28 pread: fq=184.05 delivery=100.0 cold=0.0
[rep11 keep] A orig 2f_top28 async: fq=180.67 delivery=100.0 cold=0.0
[rep11 keep] A orig 2e_K10 pread: fq=183.07 delivery=100.0 cold=0.0
[rep11 keep] A orig 2e_K10 async: fq=181.06 delivery=100.0 cold=0.0
[rep11 keep] B orig learned_markov_14 pread: fq=553.73 delivery=100.0 cold=0.0
[rep11 keep] B orig learned_markov_14 async: fq=582.45 delivery=100.0 cold=0.0
[rep11 keep] B orig learned_markov_28 pread: fq=547.5 delivery=100.0 cold=0.0
[rep11 keep] B orig learned_markov_28 async: fq=519.36 delivery=100.0 cold=0.0
[rep11 keep] B orig 2f_top14 pread: fq=549.88 delivery=100.0 cold=0.0
[rep11 keep] B orig 2f_top14 async: fq=584.17 delivery=100.0 cold=0.0
[rep11 keep] B orig 2f_top28 pread: fq=517.48 delivery=100.0 cold=0.0
[rep11 keep] B orig 2f_top28 async: fq=551.76 delivery=100.0 cold=0.0
[rep11 keep] B orig 2e_K10 pread: fq=586.31 delivery=100.0 cold=0.0
[rep11 keep] B orig 2e_K10 async: fq=512.29 delivery=100.0 cold=0.0
[rep11 keep] C orig learned_markov_14 pread: fq=660.86 delivery=100.0 cold=0.0
[rep11 keep] C orig learned_markov_14 async: fq=518.64 delivery=100.0 cold=0.0
[rep11 keep] C orig learned_markov_28 pread: fq=560.7 delivery=100.0 cold=0.0
[rep11 keep] C orig learned_markov_28 async: fq=601.22 delivery=100.0 cold=0.0
[rep11 keep] C orig 2f_top14 pread: fq=693.3 delivery=100.0 cold=0.0
[rep11 keep] C orig 2f_top14 async: fq=548.12 delivery=100.0 cold=0.0
[rep11 keep] C orig 2f_top28 pread: fq=658.41 delivery=100.0 cold=0.0
[rep11 keep] C orig 2f_top28 async: fq=569.43 delivery=100.0 cold=0.0
[rep11 keep] C orig 2e_K10 pread: fq=627.12 delivery=100.0 cold=0.0
[rep11 keep] C orig 2e_K10 async: fq=551.3 delivery=100.0 cold=0.0

done. raw=results/learned_10fold/seed6/raw.csv  summary=results/learned_10fold/seed6/summary.csv
--- fold 7: measure (async+pread) ---
ENV kernel=6.17.0-41-generic disk=nvme1n1 ra_kb=128 governor=powersave driver=amd-pstate-epp epp=balance_performance boost=1 maxfreq_khz=5756452 thp=madvise loadavg=1.27 memavail_kb=55799128
[rep1 warm] A orig baseline baseline: fq=898.32 delivery=0.0 cold=0.0
[rep1 warm] B orig baseline baseline: fq=1069.72 delivery=0.0 cold=0.0
[rep1 warm] C orig baseline baseline: fq=1073.43 delivery=0.0 cold=0.0
[rep1 warm] A orig learned_markov_14 pread: fq=530.38 delivery=100.0 cold=0.0
[rep1 warm] A orig learned_markov_14 async: fq=567.36 delivery=100.0 cold=0.0
[rep1 warm] A orig learned_markov_28 pread: fq=566.03 delivery=100.0 cold=0.0
[rep1 warm] A orig learned_markov_28 async: fq=534.1 delivery=100.0 cold=0.0
[rep1 warm] A orig 2f_top14 pread: fq=566.0 delivery=100.0 cold=0.0
[rep1 warm] A orig 2f_top14 async: fq=566.07 delivery=100.0 cold=0.0
[rep1 warm] A orig 2f_top28 pread: fq=563.85 delivery=100.0 cold=0.0
[rep1 warm] A orig 2f_top28 async: fq=561.64 delivery=100.0 cold=0.0
[rep1 warm] A orig 2e_K10 pread: fq=492.2 delivery=100.0 cold=0.0
[rep1 warm] A orig 2e_K10 async: fq=566.14 delivery=100.0 cold=0.0
[rep1 warm] B orig learned_markov_14 pread: fq=674.72 delivery=100.0 cold=0.0
[rep1 warm] B orig learned_markov_14 async: fq=661.9 delivery=100.0 cold=0.0
[rep1 warm] B orig learned_markov_28 pread: fq=661.75 delivery=100.0 cold=0.0
[rep1 warm] B orig learned_markov_28 async: fq=661.44 delivery=100.0 cold=0.0
[rep1 warm] B orig 2f_top14 pread: fq=665.79 delivery=100.0 cold=0.0
[rep1 warm] B orig 2f_top14 async: fq=667.73 delivery=100.0 cold=0.0
[rep1 warm] B orig 2f_top28 pread: fq=665.18 delivery=100.0 cold=0.0
[rep1 warm] B orig 2f_top28 async: fq=661.74 delivery=100.0 cold=0.0
[rep1 warm] B orig 2e_K10 pread: fq=597.29 delivery=100.0 cold=0.0
[rep1 warm] B orig 2e_K10 async: fq=660.68 delivery=100.0 cold=0.0
[rep1 warm] C orig learned_markov_14 pread: fq=647.95 delivery=100.0 cold=0.0
[rep1 warm] C orig learned_markov_14 async: fq=666.92 delivery=100.0 cold=0.0
[rep1 warm] C orig learned_markov_28 pread: fq=599.09 delivery=100.0 cold=0.0
[rep1 warm] C orig learned_markov_28 async: fq=668.93 delivery=100.0 cold=0.0
[rep1 warm] C orig 2f_top14 pread: fq=659.91 delivery=100.0 cold=0.0
[rep1 warm] C orig 2f_top14 async: fq=637.75 delivery=100.0 cold=0.0
[rep1 warm] C orig 2f_top28 pread: fq=655.8 delivery=100.0 cold=0.0
[rep1 warm] C orig 2f_top28 async: fq=660.05 delivery=100.0 cold=0.0
[rep1 warm] C orig 2e_K10 pread: fq=668.85 delivery=100.0 cold=0.0
[rep1 warm] C orig 2e_K10 async: fq=636.46 delivery=100.0 cold=0.0
[rep2 keep] A orig baseline baseline: fq=852.07 delivery=0.0 cold=0.0
[rep2 keep] B orig baseline baseline: fq=1068.91 delivery=0.0 cold=0.0
[rep2 keep] C orig baseline baseline: fq=1047.2 delivery=0.0 cold=0.0
[rep2 keep] A orig learned_markov_14 pread: fq=567.47 delivery=100.0 cold=0.0
[rep2 keep] A orig learned_markov_14 async: fq=529.68 delivery=100.0 cold=0.0
[rep2 keep] A orig learned_markov_28 pread: fq=564.68 delivery=100.0 cold=0.0
[rep2 keep] A orig learned_markov_28 async: fq=537.27 delivery=100.0 cold=0.0
[rep2 keep] A orig 2f_top14 pread: fq=601.1 delivery=100.0 cold=0.0
[rep2 keep] A orig 2f_top14 async: fq=493.19 delivery=100.0 cold=0.0
[rep2 keep] A orig 2f_top28 pread: fq=586.15 delivery=100.0 cold=0.0
[rep2 keep] A orig 2f_top28 async: fq=569.0 delivery=100.0 cold=0.0
[rep2 keep] A orig 2e_K10 pread: fq=592.91 delivery=100.0 cold=0.0
[rep2 keep] A orig 2e_K10 async: fq=594.76 delivery=100.0 cold=0.0
[rep2 keep] B orig learned_markov_14 pread: fq=658.31 delivery=100.0 cold=0.0
[rep2 keep] B orig learned_markov_14 async: fq=663.48 delivery=100.0 cold=0.0
[rep2 keep] B orig learned_markov_28 pread: fq=658.08 delivery=100.0 cold=0.0
[rep2 keep] B orig learned_markov_28 async: fq=660.85 delivery=100.0 cold=0.0
[rep2 keep] B orig 2f_top14 pread: fq=658.0 delivery=100.0 cold=0.0
[rep2 keep] B orig 2f_top14 async: fq=661.09 delivery=100.0 cold=0.0
[rep2 keep] B orig 2f_top28 pread: fq=660.06 delivery=100.0 cold=0.0
[rep2 keep] B orig 2f_top28 async: fq=676.46 delivery=100.0 cold=0.0
[rep2 keep] B orig 2e_K10 pread: fq=666.17 delivery=100.0 cold=0.0
[rep2 keep] B orig 2e_K10 async: fq=658.76 delivery=100.0 cold=0.0
[rep2 keep] C orig learned_markov_14 pread: fq=660.79 delivery=100.0 cold=0.0
[rep2 keep] C orig learned_markov_14 async: fq=546.01 delivery=100.0 cold=0.0
[rep2 keep] C orig learned_markov_28 pread: fq=625.17 delivery=100.0 cold=0.0
[rep2 keep] C orig learned_markov_28 async: fq=663.67 delivery=100.0 cold=0.0
[rep2 keep] C orig 2f_top14 pread: fq=659.29 delivery=100.0 cold=0.0
[rep2 keep] C orig 2f_top14 async: fq=661.39 delivery=100.0 cold=0.0
[rep2 keep] C orig 2f_top28 pread: fq=668.6 delivery=100.0 cold=0.0
[rep2 keep] C orig 2f_top28 async: fq=563.5 delivery=100.0 cold=0.0
[rep2 keep] C orig 2e_K10 pread: fq=629.41 delivery=100.0 cold=0.0
[rep2 keep] C orig 2e_K10 async: fq=660.33 delivery=100.0 cold=0.0
[rep3 keep] A orig baseline baseline: fq=926.69 delivery=0.0 cold=0.0
[rep3 keep] B orig baseline baseline: fq=1011.11 delivery=0.0 cold=0.0
[rep3 keep] C orig baseline baseline: fq=1060.29 delivery=0.0 cold=0.0
[rep3 keep] A orig learned_markov_14 pread: fq=537.65 delivery=100.0 cold=0.0
[rep3 keep] A orig learned_markov_14 async: fq=541.19 delivery=100.0 cold=0.0
[rep3 keep] A orig learned_markov_28 pread: fq=499.11 delivery=100.0 cold=0.0
[rep3 keep] A orig learned_markov_28 async: fq=536.41 delivery=100.0 cold=0.0
[rep3 keep] A orig 2f_top14 pread: fq=595.47 delivery=100.0 cold=0.0
[rep3 keep] A orig 2f_top14 async: fq=605.85 delivery=100.0 cold=0.0
[rep3 keep] A orig 2f_top28 pread: fq=499.9 delivery=100.0 cold=0.0
[rep3 keep] A orig 2f_top28 async: fq=559.98 delivery=100.0 cold=0.0
[rep3 keep] A orig 2e_K10 pread: fq=593.07 delivery=100.0 cold=0.0
[rep3 keep] A orig 2e_K10 async: fq=589.69 delivery=100.0 cold=0.0
[rep3 keep] B orig learned_markov_14 pread: fq=660.13 delivery=100.0 cold=0.0
[rep3 keep] B orig learned_markov_14 async: fq=630.21 delivery=100.0 cold=0.0
[rep3 keep] B orig learned_markov_28 pread: fq=661.42 delivery=100.0 cold=0.0
[rep3 keep] B orig learned_markov_28 async: fq=657.7 delivery=100.0 cold=0.0
[rep3 keep] B orig 2f_top14 pread: fq=668.38 delivery=100.0 cold=0.0
[rep3 keep] B orig 2f_top14 async: fq=659.71 delivery=100.0 cold=0.0
[rep3 keep] B orig 2f_top28 pread: fq=656.46 delivery=100.0 cold=0.0
[rep3 keep] B orig 2f_top28 async: fq=597.03 delivery=100.0 cold=0.0
[rep3 keep] B orig 2e_K10 pread: fq=667.37 delivery=100.0 cold=0.0
[rep3 keep] B orig 2e_K10 async: fq=659.94 delivery=100.0 cold=0.0
[rep3 keep] C orig learned_markov_14 pread: fq=744.12 delivery=100.0 cold=0.0
[rep3 keep] C orig learned_markov_14 async: fq=662.89 delivery=100.0 cold=0.0
[rep3 keep] C orig learned_markov_28 pread: fq=603.17 delivery=100.0 cold=0.0
[rep3 keep] C orig learned_markov_28 async: fq=543.98 delivery=100.0 cold=0.0
[rep3 keep] C orig 2f_top14 pread: fq=634.09 delivery=100.0 cold=0.0
[rep3 keep] C orig 2f_top14 async: fq=671.58 delivery=100.0 cold=0.0
[rep3 keep] C orig 2f_top28 pread: fq=656.75 delivery=100.0 cold=0.0
[rep3 keep] C orig 2f_top28 async: fq=670.49 delivery=100.0 cold=0.0
[rep3 keep] C orig 2e_K10 pread: fq=664.46 delivery=100.0 cold=0.0
[rep3 keep] C orig 2e_K10 async: fq=658.78 delivery=100.0 cold=0.0
[rep4 keep] A orig baseline baseline: fq=857.41 delivery=0.0 cold=0.0
[rep4 keep] B orig baseline baseline: fq=1063.43 delivery=0.0 cold=0.0
[rep4 keep] C orig baseline baseline: fq=1016.02 delivery=0.0 cold=0.0
[rep4 keep] A orig learned_markov_14 pread: fq=563.6 delivery=100.0 cold=0.0
[rep4 keep] A orig learned_markov_14 async: fq=533.53 delivery=100.0 cold=0.0
[rep4 keep] A orig learned_markov_28 pread: fq=560.74 delivery=100.0 cold=0.0
[rep4 keep] A orig learned_markov_28 async: fq=567.32 delivery=100.0 cold=0.0
[rep4 keep] A orig 2f_top14 pread: fq=592.07 delivery=100.0 cold=0.0
[rep4 keep] A orig 2f_top14 async: fq=593.41 delivery=100.0 cold=0.0
[rep4 keep] A orig 2f_top28 pread: fq=498.58 delivery=100.0 cold=0.0
[rep4 keep] A orig 2f_top28 async: fq=523.54 delivery=100.0 cold=0.0
[rep4 keep] A orig 2e_K10 pread: fq=591.8 delivery=100.0 cold=0.0
[rep4 keep] A orig 2e_K10 async: fq=595.21 delivery=100.0 cold=0.0
[rep4 keep] B orig learned_markov_14 pread: fq=663.57 delivery=100.0 cold=0.0
[rep4 keep] B orig learned_markov_14 async: fq=663.87 delivery=100.0 cold=0.0
[rep4 keep] B orig learned_markov_28 pread: fq=655.02 delivery=100.0 cold=0.0
[rep4 keep] B orig learned_markov_28 async: fq=661.19 delivery=100.0 cold=0.0
[rep4 keep] B orig 2f_top14 pread: fq=628.88 delivery=100.0 cold=0.0
[rep4 keep] B orig 2f_top14 async: fq=660.1 delivery=100.0 cold=0.0
[rep4 keep] B orig 2f_top28 pread: fq=659.46 delivery=100.0 cold=0.0
[rep4 keep] B orig 2f_top28 async: fq=597.6 delivery=100.0 cold=0.0
[rep4 keep] B orig 2e_K10 pread: fq=657.79 delivery=100.0 cold=0.0
[rep4 keep] B orig 2e_K10 async: fq=664.95 delivery=100.0 cold=0.0
[rep4 keep] C orig learned_markov_14 pread: fq=606.91 delivery=100.0 cold=0.0
[rep4 keep] C orig learned_markov_14 async: fq=539.12 delivery=100.0 cold=0.0
[rep4 keep] C orig learned_markov_28 pread: fq=634.11 delivery=100.0 cold=0.0
[rep4 keep] C orig learned_markov_28 async: fq=670.28 delivery=100.0 cold=0.0
[rep4 keep] C orig 2f_top14 pread: fq=556.74 delivery=100.0 cold=0.0
[rep4 keep] C orig 2f_top14 async: fq=674.98 delivery=100.0 cold=0.0
[rep4 keep] C orig 2f_top28 pread: fq=658.83 delivery=100.0 cold=0.0
[rep4 keep] C orig 2f_top28 async: fq=538.76 delivery=100.0 cold=0.0
[rep4 keep] C orig 2e_K10 pread: fq=629.73 delivery=100.0 cold=0.0
[rep4 keep] C orig 2e_K10 async: fq=658.29 delivery=100.0 cold=0.0
[rep5 keep] A orig baseline baseline: fq=854.54 delivery=0.0 cold=0.0
[rep5 keep] B orig baseline baseline: fq=1006.95 delivery=0.0 cold=0.0
[rep5 keep] C orig baseline baseline: fq=1053.0 delivery=0.0 cold=0.0
[rep5 keep] A orig learned_markov_14 pread: fq=544.93 delivery=100.0 cold=0.0
[rep5 keep] A orig learned_markov_14 async: fq=569.04 delivery=100.0 cold=0.0
[rep5 keep] A orig learned_markov_28 pread: fq=524.58 delivery=100.0 cold=0.0
[rep5 keep] A orig learned_markov_28 async: fq=562.05 delivery=100.0 cold=0.0
[rep5 keep] A orig 2f_top14 pread: fq=602.66 delivery=100.0 cold=0.0
[rep5 keep] A orig 2f_top14 async: fq=561.67 delivery=100.0 cold=0.0
[rep5 keep] A orig 2f_top28 pread: fq=599.79 delivery=100.0 cold=0.0
[rep5 keep] A orig 2f_top28 async: fq=557.14 delivery=100.0 cold=0.0
[rep5 keep] A orig 2e_K10 pread: fq=587.37 delivery=100.0 cold=0.0
[rep5 keep] A orig 2e_K10 async: fq=564.32 delivery=100.0 cold=0.0
[rep5 keep] B orig learned_markov_14 pread: fq=656.2 delivery=100.0 cold=0.0
[rep5 keep] B orig learned_markov_14 async: fq=668.28 delivery=100.0 cold=0.0
[rep5 keep] B orig learned_markov_28 pread: fq=660.99 delivery=100.0 cold=0.0
[rep5 keep] B orig learned_markov_28 async: fq=662.75 delivery=100.0 cold=0.0
[rep5 keep] B orig 2f_top14 pread: fq=530.58 delivery=100.0 cold=0.0
[rep5 keep] B orig 2f_top14 async: fq=658.91 delivery=100.0 cold=0.0
[rep5 keep] B orig 2f_top28 pread: fq=661.02 delivery=100.0 cold=0.0
[rep5 keep] B orig 2f_top28 async: fq=662.47 delivery=100.0 cold=0.0
[rep5 keep] B orig 2e_K10 pread: fq=660.94 delivery=100.0 cold=0.0
[rep5 keep] B orig 2e_K10 async: fq=657.54 delivery=100.0 cold=0.0
[rep5 keep] C orig learned_markov_14 pread: fq=509.04 delivery=100.0 cold=0.0
[rep5 keep] C orig learned_markov_14 async: fq=599.65 delivery=100.0 cold=0.0
[rep5 keep] C orig learned_markov_28 pread: fq=660.46 delivery=100.0 cold=0.0
[rep5 keep] C orig learned_markov_28 async: fq=634.86 delivery=100.0 cold=0.0
[rep5 keep] C orig 2f_top14 pread: fq=531.4 delivery=100.0 cold=0.0
[rep5 keep] C orig 2f_top14 async: fq=638.81 delivery=100.0 cold=0.0
[rep5 keep] C orig 2f_top28 pread: fq=658.74 delivery=100.0 cold=0.0
[rep5 keep] C orig 2f_top28 async: fq=552.68 delivery=100.0 cold=0.0
[rep5 keep] C orig 2e_K10 pread: fq=626.28 delivery=100.0 cold=0.0
[rep5 keep] C orig 2e_K10 async: fq=669.52 delivery=100.0 cold=0.0
[rep6 keep] A orig baseline baseline: fq=934.21 delivery=0.0 cold=0.0
[rep6 keep] B orig baseline baseline: fq=1029.02 delivery=0.0 cold=0.0
[rep6 keep] C orig baseline baseline: fq=1056.41 delivery=0.0 cold=0.0
[rep6 keep] A orig learned_markov_14 pread: fq=542.0 delivery=100.0 cold=0.0
[rep6 keep] A orig learned_markov_14 async: fq=564.78 delivery=100.0 cold=0.0
[rep6 keep] A orig learned_markov_28 pread: fq=565.29 delivery=100.0 cold=0.0
[rep6 keep] A orig learned_markov_28 async: fq=565.71 delivery=100.0 cold=0.0
[rep6 keep] A orig 2f_top14 pread: fq=569.35 delivery=100.0 cold=0.0
[rep6 keep] A orig 2f_top14 async: fq=526.99 delivery=100.0 cold=0.0
[rep6 keep] A orig 2f_top28 pread: fq=596.37 delivery=100.0 cold=0.0
[rep6 keep] A orig 2f_top28 async: fq=595.15 delivery=100.0 cold=0.0
[rep6 keep] A orig 2e_K10 pread: fq=561.35 delivery=100.0 cold=0.0
[rep6 keep] A orig 2e_K10 async: fq=594.56 delivery=100.0 cold=0.0
[rep6 keep] B orig learned_markov_14 pread: fq=663.85 delivery=100.0 cold=0.0
[rep6 keep] B orig learned_markov_14 async: fq=663.32 delivery=100.0 cold=0.0
[rep6 keep] B orig learned_markov_28 pread: fq=662.0 delivery=100.0 cold=0.0
[rep6 keep] B orig learned_markov_28 async: fq=671.54 delivery=100.0 cold=0.0
[rep6 keep] B orig 2f_top14 pread: fq=665.03 delivery=100.0 cold=0.0
[rep6 keep] B orig 2f_top14 async: fq=671.09 delivery=100.0 cold=0.0
[rep6 keep] B orig 2f_top28 pread: fq=664.61 delivery=100.0 cold=0.0
[rep6 keep] B orig 2f_top28 async: fq=659.63 delivery=100.0 cold=0.0
[rep6 keep] B orig 2e_K10 pread: fq=702.27 delivery=100.0 cold=0.0
[rep6 keep] B orig 2e_K10 async: fq=668.71 delivery=100.0 cold=0.0
[rep6 keep] C orig learned_markov_14 pread: fq=638.37 delivery=100.0 cold=0.0
[rep6 keep] C orig learned_markov_14 async: fq=537.19 delivery=100.0 cold=0.0
[rep6 keep] C orig learned_markov_28 pread: fq=639.04 delivery=100.0 cold=0.0
[rep6 keep] C orig learned_markov_28 async: fq=639.56 delivery=100.0 cold=0.0
[rep6 keep] C orig 2f_top14 pread: fq=669.21 delivery=100.0 cold=0.0
[rep6 keep] C orig 2f_top14 async: fq=645.26 delivery=100.0 cold=0.0
[rep6 keep] C orig 2f_top28 pread: fq=663.89 delivery=100.0 cold=0.0
[rep6 keep] C orig 2f_top28 async: fq=537.2 delivery=100.0 cold=0.0
[rep6 keep] C orig 2e_K10 pread: fq=657.18 delivery=100.0 cold=0.0
[rep6 keep] C orig 2e_K10 async: fq=543.98 delivery=100.0 cold=0.0
[rep7 keep] A orig baseline baseline: fq=926.5 delivery=0.0 cold=0.0
[rep7 keep] B orig baseline baseline: fq=965.13 delivery=0.0 cold=0.0
[rep7 keep] C orig baseline baseline: fq=1078.93 delivery=0.0 cold=0.0
[rep7 keep] A orig learned_markov_14 pread: fq=569.04 delivery=100.0 cold=0.0
[rep7 keep] A orig learned_markov_14 async: fq=565.05 delivery=100.0 cold=0.0
[rep7 keep] A orig learned_markov_28 pread: fq=563.22 delivery=100.0 cold=0.0
[rep7 keep] A orig learned_markov_28 async: fq=500.24 delivery=100.0 cold=0.0
[rep7 keep] A orig 2f_top14 pread: fq=593.71 delivery=100.0 cold=0.0
[rep7 keep] A orig 2f_top14 async: fq=568.39 delivery=100.0 cold=0.0
[rep7 keep] A orig 2f_top28 pread: fq=590.69 delivery=100.0 cold=0.0
[rep7 keep] A orig 2f_top28 async: fq=588.9 delivery=100.0 cold=0.0
[rep7 keep] A orig 2e_K10 pread: fq=563.0 delivery=100.0 cold=0.0
[rep7 keep] A orig 2e_K10 async: fq=597.67 delivery=100.0 cold=0.0
[rep7 keep] B orig learned_markov_14 pread: fq=594.97 delivery=100.0 cold=0.0
[rep7 keep] B orig learned_markov_14 async: fq=595.58 delivery=100.0 cold=0.0
[rep7 keep] B orig learned_markov_28 pread: fq=663.04 delivery=100.0 cold=0.0
[rep7 keep] B orig learned_markov_28 async: fq=669.84 delivery=100.0 cold=0.0
[rep7 keep] B orig 2f_top14 pread: fq=662.67 delivery=100.0 cold=0.0
[rep7 keep] B orig 2f_top14 async: fq=664.33 delivery=100.0 cold=0.0
[rep7 keep] B orig 2f_top28 pread: fq=628.68 delivery=100.0 cold=0.0
[rep7 keep] B orig 2f_top28 async: fq=661.63 delivery=100.0 cold=0.0
[rep7 keep] B orig 2e_K10 pread: fq=664.43 delivery=100.0 cold=0.0
[rep7 keep] B orig 2e_K10 async: fq=659.47 delivery=100.0 cold=0.0
[rep7 keep] C orig learned_markov_14 pread: fq=624.2 delivery=100.0 cold=0.0
[rep7 keep] C orig learned_markov_14 async: fq=560.57 delivery=100.0 cold=0.0
[rep7 keep] C orig learned_markov_28 pread: fq=660.03 delivery=100.0 cold=0.0
[rep7 keep] C orig learned_markov_28 async: fq=545.88 delivery=100.0 cold=0.0
[rep7 keep] C orig 2f_top14 pread: fq=636.38 delivery=100.0 cold=0.0
[rep7 keep] C orig 2f_top14 async: fq=547.51 delivery=100.0 cold=0.0
[rep7 keep] C orig 2f_top28 pread: fq=604.44 delivery=100.0 cold=0.0
[rep7 keep] C orig 2f_top28 async: fq=662.19 delivery=100.0 cold=0.0
[rep7 keep] C orig 2e_K10 pread: fq=660.92 delivery=100.0 cold=0.0
[rep7 keep] C orig 2e_K10 async: fq=547.98 delivery=100.0 cold=0.0
[rep8 keep] A orig baseline baseline: fq=953.4 delivery=0.0 cold=0.0
[rep8 keep] B orig baseline baseline: fq=973.13 delivery=0.0 cold=0.0
[rep8 keep] C orig baseline baseline: fq=1024.28 delivery=0.0 cold=0.0
[rep8 keep] A orig learned_markov_14 pread: fq=564.69 delivery=100.0 cold=0.0
[rep8 keep] A orig learned_markov_14 async: fq=535.75 delivery=100.0 cold=0.0
[rep8 keep] A orig learned_markov_28 pread: fq=566.35 delivery=100.0 cold=0.0
[rep8 keep] A orig learned_markov_28 async: fq=540.5 delivery=100.0 cold=0.0
[rep8 keep] A orig 2f_top14 pread: fq=532.91 delivery=100.0 cold=0.0
[rep8 keep] A orig 2f_top14 async: fq=529.39 delivery=100.0 cold=0.0
[rep8 keep] A orig 2f_top28 pread: fq=499.82 delivery=100.0 cold=0.0
[rep8 keep] A orig 2f_top28 async: fq=494.77 delivery=100.0 cold=0.0
[rep8 keep] A orig 2e_K10 pread: fq=561.91 delivery=100.0 cold=0.0
[rep8 keep] A orig 2e_K10 async: fq=596.38 delivery=100.0 cold=0.0
[rep8 keep] B orig learned_markov_14 pread: fq=662.84 delivery=100.0 cold=0.0
[rep8 keep] B orig learned_markov_14 async: fq=662.82 delivery=100.0 cold=0.0
[rep8 keep] B orig learned_markov_28 pread: fq=661.54 delivery=100.0 cold=0.0
[rep8 keep] B orig learned_markov_28 async: fq=659.1 delivery=100.0 cold=0.0
[rep8 keep] B orig 2f_top14 pread: fq=633.63 delivery=100.0 cold=0.0
[rep8 keep] B orig 2f_top14 async: fq=661.98 delivery=100.0 cold=0.0
[rep8 keep] B orig 2f_top28 pread: fq=659.16 delivery=100.0 cold=0.0
[rep8 keep] B orig 2f_top28 async: fq=660.62 delivery=100.0 cold=0.0
[rep8 keep] B orig 2e_K10 pread: fq=657.24 delivery=100.0 cold=0.0
[rep8 keep] B orig 2e_K10 async: fq=660.02 delivery=100.0 cold=0.0
[rep8 keep] C orig learned_markov_14 pread: fq=624.27 delivery=100.0 cold=0.0
[rep8 keep] C orig learned_markov_14 async: fq=546.17 delivery=100.0 cold=0.0
[rep8 keep] C orig learned_markov_28 pread: fq=627.86 delivery=100.0 cold=0.0
[rep8 keep] C orig learned_markov_28 async: fq=668.34 delivery=100.0 cold=0.0
[rep8 keep] C orig 2f_top14 pread: fq=671.44 delivery=100.0 cold=0.0
[rep8 keep] C orig 2f_top14 async: fq=673.65 delivery=100.0 cold=0.0
[rep8 keep] C orig 2f_top28 pread: fq=658.75 delivery=100.0 cold=0.0
[rep8 keep] C orig 2f_top28 async: fq=551.42 delivery=100.0 cold=0.0
[rep8 keep] C orig 2e_K10 pread: fq=629.6 delivery=100.0 cold=0.0
[rep8 keep] C orig 2e_K10 async: fq=670.73 delivery=100.0 cold=0.0
[rep9 keep] A orig baseline baseline: fq=853.22 delivery=0.0 cold=0.0
[rep9 keep] B orig baseline baseline: fq=1039.69 delivery=0.0 cold=0.0
[rep9 keep] C orig baseline baseline: fq=1044.94 delivery=0.0 cold=0.0
[rep9 keep] A orig learned_markov_14 pread: fq=539.11 delivery=100.0 cold=0.0
[rep9 keep] A orig learned_markov_14 async: fq=537.33 delivery=100.0 cold=0.0
[rep9 keep] A orig learned_markov_28 pread: fq=534.47 delivery=100.0 cold=0.0
[rep9 keep] A orig learned_markov_28 async: fq=532.3 delivery=100.0 cold=0.0
[rep9 keep] A orig 2f_top14 pread: fq=559.37 delivery=100.0 cold=0.0
[rep9 keep] A orig 2f_top14 async: fq=568.47 delivery=100.0 cold=0.0
[rep9 keep] A orig 2f_top28 pread: fq=530.35 delivery=100.0 cold=0.0
[rep9 keep] A orig 2f_top28 async: fq=558.26 delivery=100.0 cold=0.0
[rep9 keep] A orig 2e_K10 pread: fq=595.58 delivery=100.0 cold=0.0
[rep9 keep] A orig 2e_K10 async: fq=563.45 delivery=100.0 cold=0.0
[rep9 keep] B orig learned_markov_14 pread: fq=599.19 delivery=100.0 cold=0.0
[rep9 keep] B orig learned_markov_14 async: fq=628.68 delivery=100.0 cold=0.0
[rep9 keep] B orig learned_markov_28 pread: fq=659.4 delivery=100.0 cold=0.0
[rep9 keep] B orig learned_markov_28 async: fq=664.27 delivery=100.0 cold=0.0
[rep9 keep] B orig 2f_top14 pread: fq=671.09 delivery=100.0 cold=0.0
[rep9 keep] B orig 2f_top14 async: fq=664.93 delivery=100.0 cold=0.0
[rep9 keep] B orig 2f_top28 pread: fq=664.01 delivery=100.0 cold=0.0
[rep9 keep] B orig 2f_top28 async: fq=665.38 delivery=100.0 cold=0.0
[rep9 keep] B orig 2e_K10 pread: fq=662.82 delivery=100.0 cold=0.0
[rep9 keep] B orig 2e_K10 async: fq=661.41 delivery=100.0 cold=0.0
[rep9 keep] C orig learned_markov_14 pread: fq=533.6 delivery=100.0 cold=0.0
[rep9 keep] C orig learned_markov_14 async: fq=509.77 delivery=100.0 cold=0.0
[rep9 keep] C orig learned_markov_28 pread: fq=635.91 delivery=100.0 cold=0.0
[rep9 keep] C orig learned_markov_28 async: fq=639.29 delivery=100.0 cold=0.0
[rep9 keep] C orig 2f_top14 pread: fq=600.0 delivery=100.0 cold=0.0
[rep9 keep] C orig 2f_top14 async: fq=542.65 delivery=100.0 cold=0.0
[rep9 keep] C orig 2f_top28 pread: fq=638.95 delivery=100.0 cold=0.0
[rep9 keep] C orig 2f_top28 async: fq=548.87 delivery=100.0 cold=0.0
[rep9 keep] C orig 2e_K10 pread: fq=640.26 delivery=100.0 cold=0.0
[rep9 keep] C orig 2e_K10 async: fq=609.27 delivery=100.0 cold=0.0
[rep10 keep] A orig baseline baseline: fq=933.36 delivery=0.0 cold=0.0
[rep10 keep] B orig baseline baseline: fq=1039.58 delivery=0.0 cold=0.0
[rep10 keep] C orig baseline baseline: fq=1043.56 delivery=0.0 cold=0.0
[rep10 keep] A orig learned_markov_14 pread: fq=533.05 delivery=100.0 cold=0.0
[rep10 keep] A orig learned_markov_14 async: fq=566.14 delivery=100.0 cold=0.0
[rep10 keep] A orig learned_markov_28 pread: fq=553.74 delivery=100.0 cold=0.0
[rep10 keep] A orig learned_markov_28 async: fq=525.96 delivery=100.0 cold=0.0
[rep10 keep] A orig 2f_top14 pread: fq=571.12 delivery=100.0 cold=0.0
[rep10 keep] A orig 2f_top14 async: fq=567.16 delivery=100.0 cold=0.0
[rep10 keep] A orig 2f_top28 pread: fq=560.56 delivery=100.0 cold=0.0
[rep10 keep] A orig 2f_top28 async: fq=594.58 delivery=100.0 cold=0.0
[rep10 keep] A orig 2e_K10 pread: fq=597.01 delivery=100.0 cold=0.0
[rep10 keep] A orig 2e_K10 async: fq=561.87 delivery=100.0 cold=0.0
[rep10 keep] B orig learned_markov_14 pread: fq=657.47 delivery=100.0 cold=0.0
[rep10 keep] B orig learned_markov_14 async: fq=662.25 delivery=100.0 cold=0.0
[rep10 keep] B orig learned_markov_28 pread: fq=631.56 delivery=100.0 cold=0.0
[rep10 keep] B orig learned_markov_28 async: fq=660.64 delivery=100.0 cold=0.0
[rep10 keep] B orig 2f_top14 pread: fq=595.29 delivery=100.0 cold=0.0
[rep10 keep] B orig 2f_top14 async: fq=659.15 delivery=100.0 cold=0.0
[rep10 keep] B orig 2f_top28 pread: fq=658.8 delivery=100.0 cold=0.0
[rep10 keep] B orig 2f_top28 async: fq=657.32 delivery=100.0 cold=0.0
[rep10 keep] B orig 2e_K10 pread: fq=660.31 delivery=100.0 cold=0.0
[rep10 keep] B orig 2e_K10 async: fq=522.75 delivery=100.0 cold=0.0
[rep10 keep] C orig learned_markov_14 pread: fq=663.89 delivery=100.0 cold=0.0
[rep10 keep] C orig learned_markov_14 async: fq=673.12 delivery=100.0 cold=0.0
[rep10 keep] C orig learned_markov_28 pread: fq=636.24 delivery=100.0 cold=0.0
[rep10 keep] C orig learned_markov_28 async: fq=659.76 delivery=100.0 cold=0.0
[rep10 keep] C orig 2f_top14 pread: fq=656.33 delivery=100.0 cold=0.0
[rep10 keep] C orig 2f_top14 async: fq=633.46 delivery=100.0 cold=0.0
[rep10 keep] C orig 2f_top28 pread: fq=665.79 delivery=100.0 cold=0.0
[rep10 keep] C orig 2f_top28 async: fq=668.09 delivery=100.0 cold=0.0
[rep10 keep] C orig 2e_K10 pread: fq=670.26 delivery=100.0 cold=0.0
[rep10 keep] C orig 2e_K10 async: fq=658.08 delivery=100.0 cold=0.0
[rep11 keep] A orig baseline baseline: fq=918.28 delivery=0.0 cold=0.0
[rep11 keep] B orig baseline baseline: fq=1036.26 delivery=0.0 cold=0.0
[rep11 keep] C orig baseline baseline: fq=1024.28 delivery=0.0 cold=0.0
[rep11 keep] A orig learned_markov_14 pread: fq=565.56 delivery=100.0 cold=0.0
[rep11 keep] A orig learned_markov_14 async: fq=568.61 delivery=100.0 cold=0.0
[rep11 keep] A orig learned_markov_28 pread: fq=536.46 delivery=100.0 cold=0.0
[rep11 keep] A orig learned_markov_28 async: fq=530.48 delivery=100.0 cold=0.0
[rep11 keep] A orig 2f_top14 pread: fq=657.1 delivery=100.0 cold=0.0
[rep11 keep] A orig 2f_top14 async: fq=594.66 delivery=100.0 cold=0.0
[rep11 keep] A orig 2f_top28 pread: fq=594.37 delivery=100.0 cold=0.0
[rep11 keep] A orig 2f_top28 async: fq=560.59 delivery=100.0 cold=0.0
[rep11 keep] A orig 2e_K10 pread: fq=565.47 delivery=100.0 cold=0.0
[rep11 keep] A orig 2e_K10 async: fq=568.64 delivery=100.0 cold=0.0
[rep11 keep] B orig learned_markov_14 pread: fq=528.37 delivery=100.0 cold=0.0
[rep11 keep] B orig learned_markov_14 async: fq=661.35 delivery=100.0 cold=0.0
[rep11 keep] B orig learned_markov_28 pread: fq=662.54 delivery=100.0 cold=0.0
[rep11 keep] B orig learned_markov_28 async: fq=661.48 delivery=100.0 cold=0.0
[rep11 keep] B orig 2f_top14 pread: fq=661.39 delivery=100.0 cold=0.0
[rep11 keep] B orig 2f_top14 async: fq=659.81 delivery=100.0 cold=0.0
[rep11 keep] B orig 2f_top28 pread: fq=659.69 delivery=100.0 cold=0.0
[rep11 keep] B orig 2f_top28 async: fq=662.72 delivery=100.0 cold=0.0
[rep11 keep] B orig 2e_K10 pread: fq=659.2 delivery=100.0 cold=0.0
[rep11 keep] B orig 2e_K10 async: fq=660.51 delivery=100.0 cold=0.0
[rep11 keep] C orig learned_markov_14 pread: fq=703.26 delivery=100.0 cold=0.0
[rep11 keep] C orig learned_markov_14 async: fq=657.12 delivery=100.0 cold=0.0
[rep11 keep] C orig learned_markov_28 pread: fq=634.27 delivery=100.0 cold=0.0
[rep11 keep] C orig learned_markov_28 async: fq=639.79 delivery=100.0 cold=0.0
[rep11 keep] C orig 2f_top14 pread: fq=666.61 delivery=100.0 cold=0.0
[rep11 keep] C orig 2f_top14 async: fq=541.53 delivery=100.0 cold=0.0
[rep11 keep] C orig 2f_top28 pread: fq=609.1 delivery=100.0 cold=0.0
[rep11 keep] C orig 2f_top28 async: fq=659.38 delivery=100.0 cold=0.0
[rep11 keep] C orig 2e_K10 pread: fq=669.19 delivery=100.0 cold=0.0
[rep11 keep] C orig 2e_K10 async: fq=627.69 delivery=100.0 cold=0.0

done. raw=results/learned_10fold/seed7/raw.csv  summary=results/learned_10fold/seed7/summary.csv
--- fold 8: measure (async+pread) ---
ENV kernel=6.17.0-41-generic disk=nvme1n1 ra_kb=128 governor=powersave driver=amd-pstate-epp epp=balance_performance boost=1 maxfreq_khz=5756452 thp=madvise loadavg=1.14 memavail_kb=55787100
[rep1 warm] A orig baseline baseline: fq=914.18 delivery=0.0 cold=0.0
[rep1 warm] B orig baseline baseline: fq=555.48 delivery=0.0 cold=0.0
[rep1 warm] C orig baseline baseline: fq=882.8 delivery=0.0 cold=0.0
[rep1 warm] A orig learned_markov_14 pread: fq=571.27 delivery=100.0 cold=0.0
[rep1 warm] A orig learned_markov_14 async: fq=567.23 delivery=100.0 cold=0.0
[rep1 warm] A orig learned_markov_28 pread: fq=567.89 delivery=100.0 cold=0.0
[rep1 warm] A orig learned_markov_28 async: fq=569.33 delivery=100.0 cold=0.0
[rep1 warm] A orig 2f_top14 pread: fq=572.14 delivery=100.0 cold=0.0
[rep1 warm] A orig 2f_top14 async: fq=569.05 delivery=100.0 cold=0.0
[rep1 warm] A orig 2f_top28 pread: fq=565.14 delivery=100.0 cold=0.0
[rep1 warm] A orig 2f_top28 async: fq=497.22 delivery=100.0 cold=0.0
[rep1 warm] A orig 2e_K10 pread: fq=567.82 delivery=100.0 cold=0.0
[rep1 warm] A orig 2e_K10 async: fq=595.22 delivery=100.0 cold=0.0
[rep1 warm] B orig learned_markov_14 pread: fq=628.49 delivery=100.0 cold=0.0
[rep1 warm] B orig learned_markov_14 async: fq=573.35 delivery=100.0 cold=0.0
[rep1 warm] B orig learned_markov_28 pread: fq=530.79 delivery=100.0 cold=0.0
[rep1 warm] B orig learned_markov_28 async: fq=569.24 delivery=100.0 cold=0.0
[rep1 warm] B orig 2f_top14 pread: fq=562.92 delivery=100.0 cold=0.0
[rep1 warm] B orig 2f_top14 async: fq=571.38 delivery=100.0 cold=0.0
[rep1 warm] B orig 2f_top28 pread: fq=530.02 delivery=100.0 cold=0.0
[rep1 warm] B orig 2f_top28 async: fq=559.69 delivery=100.0 cold=0.0
[rep1 warm] B orig 2e_K10 pread: fq=533.4 delivery=100.0 cold=0.0
[rep1 warm] B orig 2e_K10 async: fq=537.63 delivery=100.0 cold=0.0
[rep1 warm] C orig learned_markov_14 pread: fq=178.06 delivery=100.0 cold=0.0
[rep1 warm] C orig learned_markov_14 async: fq=176.89 delivery=100.0 cold=0.0
[rep1 warm] C orig learned_markov_28 pread: fq=179.73 delivery=100.0 cold=0.0
[rep1 warm] C orig learned_markov_28 async: fq=184.59 delivery=100.0 cold=0.0
[rep1 warm] C orig 2f_top14 pread: fq=207.04 delivery=100.0 cold=0.0
[rep1 warm] C orig 2f_top14 async: fq=181.47 delivery=100.0 cold=0.0
[rep1 warm] C orig 2f_top28 pread: fq=180.14 delivery=100.0 cold=0.0
[rep1 warm] C orig 2f_top28 async: fq=185.33 delivery=100.0 cold=0.0
[rep1 warm] C orig 2e_K10 pread: fq=178.76 delivery=100.0 cold=0.0
[rep1 warm] C orig 2e_K10 async: fq=181.18 delivery=100.0 cold=0.0
[rep2 keep] A orig baseline baseline: fq=905.29 delivery=0.0 cold=0.0
[rep2 keep] B orig baseline baseline: fq=553.91 delivery=0.0 cold=0.0
[rep2 keep] C orig baseline baseline: fq=883.08 delivery=0.0 cold=0.0
[rep2 keep] A orig learned_markov_14 pread: fq=560.69 delivery=100.0 cold=0.0
[rep2 keep] A orig learned_markov_14 async: fq=499.06 delivery=100.0 cold=0.0
[rep2 keep] A orig learned_markov_28 pread: fq=566.63 delivery=100.0 cold=0.0
[rep2 keep] A orig learned_markov_28 async: fq=571.09 delivery=100.0 cold=0.0
[rep2 keep] A orig 2f_top14 pread: fq=568.71 delivery=100.0 cold=0.0
[rep2 keep] A orig 2f_top14 async: fq=565.78 delivery=100.0 cold=0.0
[rep2 keep] A orig 2f_top28 pread: fq=498.28 delivery=100.0 cold=0.0
[rep2 keep] A orig 2f_top28 async: fq=564.14 delivery=100.0 cold=0.0
[rep2 keep] A orig 2e_K10 pread: fq=568.59 delivery=100.0 cold=0.0
[rep2 keep] A orig 2e_K10 async: fq=568.41 delivery=100.0 cold=0.0
[rep2 keep] B orig learned_markov_14 pread: fq=531.76 delivery=100.0 cold=0.0
[rep2 keep] B orig learned_markov_14 async: fq=530.87 delivery=100.0 cold=0.0
[rep2 keep] B orig learned_markov_28 pread: fq=628.99 delivery=100.0 cold=0.0
[rep2 keep] B orig learned_markov_28 async: fq=563.84 delivery=100.0 cold=0.0
[rep2 keep] B orig 2f_top14 pread: fq=562.99 delivery=100.0 cold=0.0
[rep2 keep] B orig 2f_top14 async: fq=631.5 delivery=100.0 cold=0.0
[rep2 keep] B orig 2f_top28 pread: fq=530.38 delivery=100.0 cold=0.0
[rep2 keep] B orig 2f_top28 async: fq=529.89 delivery=100.0 cold=0.0
[rep2 keep] B orig 2e_K10 pread: fq=560.29 delivery=100.0 cold=0.0
[rep2 keep] B orig 2e_K10 async: fq=538.07 delivery=100.0 cold=0.0
[rep2 keep] C orig learned_markov_14 pread: fq=177.23 delivery=100.0 cold=0.0
[rep2 keep] C orig learned_markov_14 async: fq=181.04 delivery=100.0 cold=0.0
[rep2 keep] C orig learned_markov_28 pread: fq=179.31 delivery=100.0 cold=0.0
[rep2 keep] C orig learned_markov_28 async: fq=181.88 delivery=100.0 cold=0.0
[rep2 keep] C orig 2f_top14 pread: fq=178.22 delivery=100.0 cold=0.0
[rep2 keep] C orig 2f_top14 async: fq=178.02 delivery=100.0 cold=0.0
[rep2 keep] C orig 2f_top28 pread: fq=185.89 delivery=100.0 cold=0.0
[rep2 keep] C orig 2f_top28 async: fq=178.6 delivery=100.0 cold=0.0
[rep2 keep] C orig 2e_K10 pread: fq=179.7 delivery=100.0 cold=0.0
[rep2 keep] C orig 2e_K10 async: fq=177.71 delivery=100.0 cold=0.0
[rep3 keep] A orig baseline baseline: fq=905.35 delivery=0.0 cold=0.0
[rep3 keep] B orig baseline baseline: fq=559.28 delivery=0.0 cold=0.0
[rep3 keep] C orig baseline baseline: fq=757.34 delivery=0.0 cold=0.0
[rep3 keep] A orig learned_markov_14 pread: fq=568.54 delivery=100.0 cold=0.0
[rep3 keep] A orig learned_markov_14 async: fq=568.61 delivery=100.0 cold=0.0
[rep3 keep] A orig learned_markov_28 pread: fq=497.93 delivery=100.0 cold=0.0
[rep3 keep] A orig learned_markov_28 async: fq=499.05 delivery=100.0 cold=0.0
[rep3 keep] A orig 2f_top14 pread: fq=565.4 delivery=100.0 cold=0.0
[rep3 keep] A orig 2f_top14 async: fq=569.93 delivery=100.0 cold=0.0
[rep3 keep] A orig 2f_top28 pread: fq=567.8 delivery=100.0 cold=0.0
[rep3 keep] A orig 2f_top28 async: fq=566.65 delivery=100.0 cold=0.0
[rep3 keep] A orig 2e_K10 pread: fq=567.38 delivery=100.0 cold=0.0
[rep3 keep] A orig 2e_K10 async: fq=568.48 delivery=100.0 cold=0.0
[rep3 keep] B orig learned_markov_14 pread: fq=629.09 delivery=100.0 cold=0.0
[rep3 keep] B orig learned_markov_14 async: fq=565.21 delivery=100.0 cold=0.0
[rep3 keep] B orig learned_markov_28 pread: fq=566.33 delivery=100.0 cold=0.0
[rep3 keep] B orig learned_markov_28 async: fq=569.16 delivery=100.0 cold=0.0
[rep3 keep] B orig 2f_top14 pread: fq=540.32 delivery=100.0 cold=0.0
[rep3 keep] B orig 2f_top14 async: fq=572.43 delivery=100.0 cold=0.0
[rep3 keep] B orig 2f_top28 pread: fq=528.93 delivery=100.0 cold=0.0
[rep3 keep] B orig 2f_top28 async: fq=527.3 delivery=100.0 cold=0.0
[rep3 keep] B orig 2e_K10 pread: fq=544.84 delivery=100.0 cold=0.0
[rep3 keep] B orig 2e_K10 async: fq=536.23 delivery=100.0 cold=0.0
[rep3 keep] C orig learned_markov_14 pread: fq=181.25 delivery=100.0 cold=0.0
[rep3 keep] C orig learned_markov_14 async: fq=177.15 delivery=100.0 cold=0.0
[rep3 keep] C orig learned_markov_28 pread: fq=178.18 delivery=100.0 cold=0.0
[rep3 keep] C orig learned_markov_28 async: fq=178.53 delivery=100.0 cold=0.0
[rep3 keep] C orig 2f_top14 pread: fq=180.31 delivery=100.0 cold=0.0
[rep3 keep] C orig 2f_top14 async: fq=178.95 delivery=100.0 cold=0.0
[rep3 keep] C orig 2f_top28 pread: fq=179.35 delivery=100.0 cold=0.0
[rep3 keep] C orig 2f_top28 async: fq=176.12 delivery=100.0 cold=0.0
[rep3 keep] C orig 2e_K10 pread: fq=178.58 delivery=100.0 cold=0.0
[rep3 keep] C orig 2e_K10 async: fq=181.62 delivery=100.0 cold=0.0
[rep4 keep] A orig baseline baseline: fq=899.21 delivery=0.0 cold=0.0
[rep4 keep] B orig baseline baseline: fq=518.28 delivery=0.0 cold=0.0
[rep4 keep] C orig baseline baseline: fq=885.75 delivery=0.0 cold=0.0
[rep4 keep] A orig learned_markov_14 pread: fq=569.1 delivery=100.0 cold=0.0
[rep4 keep] A orig learned_markov_14 async: fq=568.36 delivery=100.0 cold=0.0
[rep4 keep] A orig learned_markov_28 pread: fq=562.0 delivery=100.0 cold=0.0
[rep4 keep] A orig learned_markov_28 async: fq=569.23 delivery=100.0 cold=0.0
[rep4 keep] A orig 2f_top14 pread: fq=566.08 delivery=100.0 cold=0.0
[rep4 keep] A orig 2f_top14 async: fq=605.79 delivery=100.0 cold=0.0
[rep4 keep] A orig 2f_top28 pread: fq=576.45 delivery=100.0 cold=0.0
[rep4 keep] A orig 2f_top28 async: fq=571.5 delivery=100.0 cold=0.0
[rep4 keep] A orig 2e_K10 pread: fq=567.4 delivery=100.0 cold=0.0
[rep4 keep] A orig 2e_K10 async: fq=565.67 delivery=100.0 cold=0.0
[rep4 keep] B orig learned_markov_14 pread: fq=571.55 delivery=100.0 cold=0.0
[rep4 keep] B orig learned_markov_14 async: fq=564.3 delivery=100.0 cold=0.0
[rep4 keep] B orig learned_markov_28 pread: fq=562.72 delivery=100.0 cold=0.0
[rep4 keep] B orig learned_markov_28 async: fq=578.72 delivery=100.0 cold=0.0
[rep4 keep] B orig 2f_top14 pread: fq=624.07 delivery=100.0 cold=0.0
[rep4 keep] B orig 2f_top14 async: fq=536.26 delivery=100.0 cold=0.0
[rep4 keep] B orig 2f_top28 pread: fq=560.78 delivery=100.0 cold=0.0
[rep4 keep] B orig 2f_top28 async: fq=588.51 delivery=100.0 cold=0.0
[rep4 keep] B orig 2e_K10 pread: fq=580.34 delivery=100.0 cold=0.0
[rep4 keep] B orig 2e_K10 async: fq=536.52 delivery=100.0 cold=0.0
[rep4 keep] C orig learned_markov_14 pread: fq=179.99 delivery=100.0 cold=0.0
[rep4 keep] C orig learned_markov_14 async: fq=180.56 delivery=100.0 cold=0.0
[rep4 keep] C orig learned_markov_28 pread: fq=179.11 delivery=100.0 cold=0.0
[rep4 keep] C orig learned_markov_28 async: fq=178.4 delivery=100.0 cold=0.0
[rep4 keep] C orig 2f_top14 pread: fq=176.61 delivery=100.0 cold=0.0
[rep4 keep] C orig 2f_top14 async: fq=178.5 delivery=100.0 cold=0.0
[rep4 keep] C orig 2f_top28 pread: fq=177.2 delivery=100.0 cold=0.0
[rep4 keep] C orig 2f_top28 async: fq=176.77 delivery=100.0 cold=0.0
[rep4 keep] C orig 2e_K10 pread: fq=178.41 delivery=100.0 cold=0.0
[rep4 keep] C orig 2e_K10 async: fq=178.04 delivery=100.0 cold=0.0
[rep5 keep] A orig baseline baseline: fq=825.77 delivery=0.0 cold=0.0
[rep5 keep] B orig baseline baseline: fq=517.9 delivery=0.0 cold=0.0
[rep5 keep] C orig baseline baseline: fq=880.81 delivery=0.0 cold=0.0
[rep5 keep] A orig learned_markov_14 pread: fq=570.27 delivery=100.0 cold=0.0
[rep5 keep] A orig learned_markov_14 async: fq=566.79 delivery=100.0 cold=0.0
[rep5 keep] A orig learned_markov_28 pread: fq=569.0 delivery=100.0 cold=0.0
[rep5 keep] A orig learned_markov_28 async: fq=568.05 delivery=100.0 cold=0.0
[rep5 keep] A orig 2f_top14 pread: fq=568.04 delivery=100.0 cold=0.0
[rep5 keep] A orig 2f_top14 async: fq=568.69 delivery=100.0 cold=0.0
[rep5 keep] A orig 2f_top28 pread: fq=568.41 delivery=100.0 cold=0.0
[rep5 keep] A orig 2f_top28 async: fq=569.92 delivery=100.0 cold=0.0
[rep5 keep] A orig 2e_K10 pread: fq=569.89 delivery=100.0 cold=0.0
[rep5 keep] A orig 2e_K10 async: fq=565.37 delivery=100.0 cold=0.0
[rep5 keep] B orig learned_markov_14 pread: fq=533.1 delivery=100.0 cold=0.0
[rep5 keep] B orig learned_markov_14 async: fq=564.65 delivery=100.0 cold=0.0
[rep5 keep] B orig learned_markov_28 pread: fq=571.0 delivery=100.0 cold=0.0
[rep5 keep] B orig learned_markov_28 async: fq=569.24 delivery=100.0 cold=0.0
[rep5 keep] B orig 2f_top14 pread: fq=570.12 delivery=100.0 cold=0.0
[rep5 keep] B orig 2f_top14 async: fq=534.98 delivery=100.0 cold=0.0
[rep5 keep] B orig 2f_top28 pread: fq=557.91 delivery=100.0 cold=0.0
[rep5 keep] B orig 2f_top28 async: fq=558.57 delivery=100.0 cold=0.0
[rep5 keep] B orig 2e_K10 pread: fq=567.38 delivery=100.0 cold=0.0
[rep5 keep] B orig 2e_K10 async: fq=533.86 delivery=100.0 cold=0.0
[rep5 keep] C orig learned_markov_14 pread: fq=179.35 delivery=100.0 cold=0.0
[rep5 keep] C orig learned_markov_14 async: fq=180.68 delivery=100.0 cold=0.0
[rep5 keep] C orig learned_markov_28 pread: fq=178.69 delivery=100.0 cold=0.0
[rep5 keep] C orig learned_markov_28 async: fq=184.82 delivery=100.0 cold=0.0
[rep5 keep] C orig 2f_top14 pread: fq=176.23 delivery=100.0 cold=0.0
[rep5 keep] C orig 2f_top14 async: fq=177.46 delivery=100.0 cold=0.0
[rep5 keep] C orig 2f_top28 pread: fq=180.1 delivery=100.0 cold=0.0
[rep5 keep] C orig 2f_top28 async: fq=177.33 delivery=100.0 cold=0.0
[rep5 keep] C orig 2e_K10 pread: fq=178.58 delivery=100.0 cold=0.0
[rep5 keep] C orig 2e_K10 async: fq=178.8 delivery=100.0 cold=0.0
[rep6 keep] A orig baseline baseline: fq=901.49 delivery=0.0 cold=0.0
[rep6 keep] B orig baseline baseline: fq=521.35 delivery=0.0 cold=0.0
[rep6 keep] C orig baseline baseline: fq=876.95 delivery=0.0 cold=0.0
[rep6 keep] A orig learned_markov_14 pread: fq=565.35 delivery=100.0 cold=0.0
[rep6 keep] A orig learned_markov_14 async: fq=569.77 delivery=100.0 cold=0.0
[rep6 keep] A orig learned_markov_28 pread: fq=561.57 delivery=100.0 cold=0.0
[rep6 keep] A orig learned_markov_28 async: fq=562.62 delivery=100.0 cold=0.0
[rep6 keep] A orig 2f_top14 pread: fq=568.1 delivery=100.0 cold=0.0
[rep6 keep] A orig 2f_top14 async: fq=569.4 delivery=100.0 cold=0.0
[rep6 keep] A orig 2f_top28 pread: fq=569.43 delivery=100.0 cold=0.0
[rep6 keep] A orig 2f_top28 async: fq=602.58 delivery=100.0 cold=0.0
[rep6 keep] A orig 2e_K10 pread: fq=568.26 delivery=100.0 cold=0.0
[rep6 keep] A orig 2e_K10 async: fq=564.05 delivery=100.0 cold=0.0
[rep6 keep] B orig learned_markov_14 pread: fq=544.59 delivery=100.0 cold=0.0
[rep6 keep] B orig learned_markov_14 async: fq=531.44 delivery=100.0 cold=0.0
[rep6 keep] B orig learned_markov_28 pread: fq=569.63 delivery=100.0 cold=0.0
[rep6 keep] B orig learned_markov_28 async: fq=569.49 delivery=100.0 cold=0.0
[rep6 keep] B orig 2f_top14 pread: fq=563.11 delivery=100.0 cold=0.0
[rep6 keep] B orig 2f_top14 async: fq=570.97 delivery=100.0 cold=0.0
[rep6 keep] B orig 2f_top28 pread: fq=618.37 delivery=100.0 cold=0.0
[rep6 keep] B orig 2f_top28 async: fq=529.01 delivery=100.0 cold=0.0
[rep6 keep] B orig 2e_K10 pread: fq=538.48 delivery=100.0 cold=0.0
[rep6 keep] B orig 2e_K10 async: fq=532.09 delivery=100.0 cold=0.0
[rep6 keep] C orig learned_markov_14 pread: fq=177.75 delivery=100.0 cold=0.0
[rep6 keep] C orig learned_markov_14 async: fq=179.52 delivery=100.0 cold=0.0
[rep6 keep] C orig learned_markov_28 pread: fq=178.77 delivery=100.0 cold=0.0
[rep6 keep] C orig learned_markov_28 async: fq=186.99 delivery=100.0 cold=0.0
[rep6 keep] C orig 2f_top14 pread: fq=176.89 delivery=100.0 cold=0.0
[rep6 keep] C orig 2f_top14 async: fq=179.27 delivery=100.0 cold=0.0
[rep6 keep] C orig 2f_top28 pread: fq=178.04 delivery=100.0 cold=0.0
[rep6 keep] C orig 2f_top28 async: fq=177.57 delivery=100.0 cold=0.0
[rep6 keep] C orig 2e_K10 pread: fq=178.14 delivery=100.0 cold=0.0
[rep6 keep] C orig 2e_K10 async: fq=181.04 delivery=100.0 cold=0.0
[rep7 keep] A orig baseline baseline: fq=901.32 delivery=0.0 cold=0.0
[rep7 keep] B orig baseline baseline: fq=589.48 delivery=0.0 cold=0.0
[rep7 keep] C orig baseline baseline: fq=881.33 delivery=0.0 cold=0.0
[rep7 keep] A orig learned_markov_14 pread: fq=574.97 delivery=100.0 cold=0.0
[rep7 keep] A orig learned_markov_14 async: fq=567.39 delivery=100.0 cold=0.0
[rep7 keep] A orig learned_markov_28 pread: fq=567.76 delivery=100.0 cold=0.0
[rep7 keep] A orig learned_markov_28 async: fq=564.66 delivery=100.0 cold=0.0
[rep7 keep] A orig 2f_top14 pread: fq=566.0 delivery=100.0 cold=0.0
[rep7 keep] A orig 2f_top14 async: fq=565.87 delivery=100.0 cold=0.0
[rep7 keep] A orig 2f_top28 pread: fq=570.06 delivery=100.0 cold=0.0
[rep7 keep] A orig 2f_top28 async: fq=560.95 delivery=100.0 cold=0.0
[rep7 keep] A orig 2e_K10 pread: fq=567.7 delivery=100.0 cold=0.0
[rep7 keep] A orig 2e_K10 async: fq=559.16 delivery=100.0 cold=0.0
[rep7 keep] B orig learned_markov_14 pread: fq=532.66 delivery=100.0 cold=0.0
[rep7 keep] B orig learned_markov_14 async: fq=566.61 delivery=100.0 cold=0.0
[rep7 keep] B orig learned_markov_28 pread: fq=572.24 delivery=100.0 cold=0.0
[rep7 keep] B orig learned_markov_28 async: fq=570.86 delivery=100.0 cold=0.0
[rep7 keep] B orig 2f_top14 pread: fq=561.93 delivery=100.0 cold=0.0
[rep7 keep] B orig 2f_top14 async: fq=532.43 delivery=100.0 cold=0.0
[rep7 keep] B orig 2f_top28 pread: fq=561.75 delivery=100.0 cold=0.0
[rep7 keep] B orig 2f_top28 async: fq=529.96 delivery=100.0 cold=0.0
[rep7 keep] B orig 2e_K10 pread: fq=568.28 delivery=100.0 cold=0.0
[rep7 keep] B orig 2e_K10 async: fq=560.72 delivery=100.0 cold=0.0
[rep7 keep] C orig learned_markov_14 pread: fq=176.64 delivery=100.0 cold=0.0
[rep7 keep] C orig learned_markov_14 async: fq=182.55 delivery=100.0 cold=0.0
[rep7 keep] C orig learned_markov_28 pread: fq=184.54 delivery=100.0 cold=0.0
[rep7 keep] C orig learned_markov_28 async: fq=178.66 delivery=100.0 cold=0.0
[rep7 keep] C orig 2f_top14 pread: fq=179.71 delivery=100.0 cold=0.0
[rep7 keep] C orig 2f_top14 async: fq=170.85 delivery=100.0 cold=0.0
[rep7 keep] C orig 2f_top28 pread: fq=178.32 delivery=100.0 cold=0.0
[rep7 keep] C orig 2f_top28 async: fq=181.69 delivery=100.0 cold=0.0
[rep7 keep] C orig 2e_K10 pread: fq=179.59 delivery=100.0 cold=0.0
[rep7 keep] C orig 2e_K10 async: fq=176.91 delivery=100.0 cold=0.0
[rep8 keep] A orig baseline baseline: fq=893.39 delivery=0.0 cold=0.0
[rep8 keep] B orig baseline baseline: fq=562.71 delivery=0.0 cold=0.0
[rep8 keep] C orig baseline baseline: fq=809.39 delivery=0.0 cold=0.0
[rep8 keep] A orig learned_markov_14 pread: fq=568.68 delivery=100.0 cold=0.0
[rep8 keep] A orig learned_markov_14 async: fq=565.24 delivery=100.0 cold=0.0
[rep8 keep] A orig learned_markov_28 pread: fq=566.73 delivery=100.0 cold=0.0
[rep8 keep] A orig learned_markov_28 async: fq=570.27 delivery=100.0 cold=0.0
[rep8 keep] A orig 2f_top14 pread: fq=567.36 delivery=100.0 cold=0.0
[rep8 keep] A orig 2f_top14 async: fq=575.04 delivery=100.0 cold=0.0
[rep8 keep] A orig 2f_top28 pread: fq=564.59 delivery=100.0 cold=0.0
[rep8 keep] A orig 2f_top28 async: fq=568.18 delivery=100.0 cold=0.0
[rep8 keep] A orig 2e_K10 pread: fq=568.97 delivery=100.0 cold=0.0
[rep8 keep] A orig 2e_K10 async: fq=554.24 delivery=100.0 cold=0.0
[rep8 keep] B orig learned_markov_14 pread: fq=536.48 delivery=100.0 cold=0.0
[rep8 keep] B orig learned_markov_14 async: fq=563.92 delivery=100.0 cold=0.0
[rep8 keep] B orig learned_markov_28 pread: fq=540.85 delivery=100.0 cold=0.0
[rep8 keep] B orig learned_markov_28 async: fq=569.27 delivery=100.0 cold=0.0
[rep8 keep] B orig 2f_top14 pread: fq=566.61 delivery=100.0 cold=0.0
[rep8 keep] B orig 2f_top14 async: fq=632.35 delivery=100.0 cold=0.0
[rep8 keep] B orig 2f_top28 pread: fq=558.81 delivery=100.0 cold=0.0
[rep8 keep] B orig 2f_top28 async: fq=529.13 delivery=100.0 cold=0.0
[rep8 keep] B orig 2e_K10 pread: fq=567.0 delivery=100.0 cold=0.0
[rep8 keep] B orig 2e_K10 async: fq=568.92 delivery=100.0 cold=0.0
[rep8 keep] C orig learned_markov_14 pread: fq=196.81 delivery=100.0 cold=0.0
[rep8 keep] C orig learned_markov_14 async: fq=183.22 delivery=100.0 cold=0.0
[rep8 keep] C orig learned_markov_28 pread: fq=179.74 delivery=100.0 cold=0.0
[rep8 keep] C orig learned_markov_28 async: fq=177.96 delivery=100.0 cold=0.0
[rep8 keep] C orig 2f_top14 pread: fq=178.12 delivery=100.0 cold=0.0
[rep8 keep] C orig 2f_top14 async: fq=174.39 delivery=100.0 cold=0.0
[rep8 keep] C orig 2f_top28 pread: fq=177.49 delivery=100.0 cold=0.0
[rep8 keep] C orig 2f_top28 async: fq=178.83 delivery=100.0 cold=0.0
[rep8 keep] C orig 2e_K10 pread: fq=178.67 delivery=100.0 cold=0.0
[rep8 keep] C orig 2e_K10 async: fq=181.2 delivery=100.0 cold=0.0
[rep9 keep] A orig baseline baseline: fq=889.41 delivery=0.0 cold=0.0
[rep9 keep] B orig baseline baseline: fq=565.65 delivery=0.0 cold=0.0
[rep9 keep] C orig baseline baseline: fq=887.46 delivery=0.0 cold=0.0
[rep9 keep] A orig learned_markov_14 pread: fq=568.1 delivery=100.0 cold=0.0
[rep9 keep] A orig learned_markov_14 async: fq=572.52 delivery=100.0 cold=0.0
[rep9 keep] A orig learned_markov_28 pread: fq=570.04 delivery=100.0 cold=0.0
[rep9 keep] A orig learned_markov_28 async: fq=570.43 delivery=100.0 cold=0.0
[rep9 keep] A orig 2f_top14 pread: fq=566.51 delivery=100.0 cold=0.0
[rep9 keep] A orig 2f_top14 async: fq=566.49 delivery=100.0 cold=0.0
[rep9 keep] A orig 2f_top28 pread: fq=575.0 delivery=100.0 cold=0.0
[rep9 keep] A orig 2f_top28 async: fq=568.48 delivery=100.0 cold=0.0
[rep9 keep] A orig 2e_K10 pread: fq=564.7 delivery=100.0 cold=0.0
[rep9 keep] A orig 2e_K10 async: fq=560.66 delivery=100.0 cold=0.0
[rep9 keep] B orig learned_markov_14 pread: fq=533.1 delivery=100.0 cold=0.0
[rep9 keep] B orig learned_markov_14 async: fq=571.58 delivery=100.0 cold=0.0
[rep9 keep] B orig learned_markov_28 pread: fq=568.17 delivery=100.0 cold=0.0
[rep9 keep] B orig learned_markov_28 async: fq=535.32 delivery=100.0 cold=0.0
[rep9 keep] B orig 2f_top14 pread: fq=590.83 delivery=100.0 cold=0.0
[rep9 keep] B orig 2f_top14 async: fq=562.03 delivery=100.0 cold=0.0
[rep9 keep] B orig 2f_top28 pread: fq=559.29 delivery=100.0 cold=0.0
[rep9 keep] B orig 2f_top28 async: fq=559.21 delivery=100.0 cold=0.0
[rep9 keep] B orig 2e_K10 pread: fq=568.77 delivery=100.0 cold=0.0
[rep9 keep] B orig 2e_K10 async: fq=533.77 delivery=100.0 cold=0.0
[rep9 keep] C orig learned_markov_14 pread: fq=179.49 delivery=100.0 cold=0.0
[rep9 keep] C orig learned_markov_14 async: fq=185.9 delivery=100.0 cold=0.0
[rep9 keep] C orig learned_markov_28 pread: fq=178.21 delivery=100.0 cold=0.0
[rep9 keep] C orig learned_markov_28 async: fq=177.93 delivery=100.0 cold=0.0
[rep9 keep] C orig 2f_top14 pread: fq=177.24 delivery=100.0 cold=0.0
[rep9 keep] C orig 2f_top14 async: fq=180.27 delivery=100.0 cold=0.0
[rep9 keep] C orig 2f_top28 pread: fq=179.89 delivery=100.0 cold=0.0
[rep9 keep] C orig 2f_top28 async: fq=180.32 delivery=100.0 cold=0.0
[rep9 keep] C orig 2e_K10 pread: fq=178.09 delivery=100.0 cold=0.0
[rep9 keep] C orig 2e_K10 async: fq=176.37 delivery=100.0 cold=0.0
[rep10 keep] A orig baseline baseline: fq=910.79 delivery=0.0 cold=0.0
[rep10 keep] B orig baseline baseline: fq=560.53 delivery=0.0 cold=0.0
[rep10 keep] C orig baseline baseline: fq=886.46 delivery=0.0 cold=0.0
[rep10 keep] A orig learned_markov_14 pread: fq=586.11 delivery=100.0 cold=0.0
[rep10 keep] A orig learned_markov_14 async: fq=569.76 delivery=100.0 cold=0.0
[rep10 keep] A orig learned_markov_28 pread: fq=570.73 delivery=100.0 cold=0.0
[rep10 keep] A orig learned_markov_28 async: fq=580.56 delivery=100.0 cold=0.0
[rep10 keep] A orig 2f_top14 pread: fq=573.95 delivery=100.0 cold=0.0
[rep10 keep] A orig 2f_top14 async: fq=569.78 delivery=100.0 cold=0.0
[rep10 keep] A orig 2f_top28 pread: fq=576.22 delivery=100.0 cold=0.0
[rep10 keep] A orig 2f_top28 async: fq=567.22 delivery=100.0 cold=0.0
[rep10 keep] A orig 2e_K10 pread: fq=565.14 delivery=100.0 cold=0.0
[rep10 keep] A orig 2e_K10 async: fq=569.84 delivery=100.0 cold=0.0
[rep10 keep] B orig learned_markov_14 pread: fq=533.82 delivery=100.0 cold=0.0
[rep10 keep] B orig learned_markov_14 async: fq=542.12 delivery=100.0 cold=0.0
[rep10 keep] B orig learned_markov_28 pread: fq=576.26 delivery=100.0 cold=0.0
[rep10 keep] B orig learned_markov_28 async: fq=538.28 delivery=100.0 cold=0.0
[rep10 keep] B orig 2f_top14 pread: fq=534.68 delivery=100.0 cold=0.0
[rep10 keep] B orig 2f_top14 async: fq=571.04 delivery=100.0 cold=0.0
[rep10 keep] B orig 2f_top28 pread: fq=557.49 delivery=100.0 cold=0.0
[rep10 keep] B orig 2f_top28 async: fq=531.04 delivery=100.0 cold=0.0
[rep10 keep] B orig 2e_K10 pread: fq=572.18 delivery=100.0 cold=0.0
[rep10 keep] B orig 2e_K10 async: fq=572.76 delivery=100.0 cold=0.0
[rep10 keep] C orig learned_markov_14 pread: fq=177.96 delivery=100.0 cold=0.0
[rep10 keep] C orig learned_markov_14 async: fq=182.05 delivery=100.0 cold=0.0
[rep10 keep] C orig learned_markov_28 pread: fq=179.63 delivery=100.0 cold=0.0
[rep10 keep] C orig learned_markov_28 async: fq=178.71 delivery=100.0 cold=0.0
[rep10 keep] C orig 2f_top14 pread: fq=177.23 delivery=100.0 cold=0.0
[rep10 keep] C orig 2f_top14 async: fq=178.83 delivery=100.0 cold=0.0
[rep10 keep] C orig 2f_top28 pread: fq=184.0 delivery=100.0 cold=0.0
[rep10 keep] C orig 2f_top28 async: fq=179.65 delivery=100.0 cold=0.0
[rep10 keep] C orig 2e_K10 pread: fq=185.55 delivery=100.0 cold=0.0
[rep10 keep] C orig 2e_K10 async: fq=177.28 delivery=100.0 cold=0.0
[rep11 keep] A orig baseline baseline: fq=897.45 delivery=0.0 cold=0.0
[rep11 keep] B orig baseline baseline: fq=629.91 delivery=0.0 cold=0.0
[rep11 keep] C orig baseline baseline: fq=880.35 delivery=0.0 cold=0.0
[rep11 keep] A orig learned_markov_14 pread: fq=570.22 delivery=100.0 cold=0.0
[rep11 keep] A orig learned_markov_14 async: fq=565.91 delivery=100.0 cold=0.0
[rep11 keep] A orig learned_markov_28 pread: fq=567.24 delivery=100.0 cold=0.0
[rep11 keep] A orig learned_markov_28 async: fq=568.86 delivery=100.0 cold=0.0
[rep11 keep] A orig 2f_top14 pread: fq=568.27 delivery=100.0 cold=0.0
[rep11 keep] A orig 2f_top14 async: fq=594.76 delivery=100.0 cold=0.0
[rep11 keep] A orig 2f_top28 pread: fq=560.6 delivery=100.0 cold=0.0
[rep11 keep] A orig 2f_top28 async: fq=569.09 delivery=100.0 cold=0.0
[rep11 keep] A orig 2e_K10 pread: fq=565.23 delivery=100.0 cold=0.0
[rep11 keep] A orig 2e_K10 async: fq=567.76 delivery=100.0 cold=0.0
[rep11 keep] B orig learned_markov_14 pread: fq=579.37 delivery=100.0 cold=0.0
[rep11 keep] B orig learned_markov_14 async: fq=543.54 delivery=100.0 cold=0.0
[rep11 keep] B orig learned_markov_28 pread: fq=533.14 delivery=100.0 cold=0.0
[rep11 keep] B orig learned_markov_28 async: fq=531.83 delivery=100.0 cold=0.0
[rep11 keep] B orig 2f_top14 pread: fq=574.18 delivery=100.0 cold=0.0
[rep11 keep] B orig 2f_top14 async: fq=538.62 delivery=100.0 cold=0.0
[rep11 keep] B orig 2f_top28 pread: fq=531.42 delivery=100.0 cold=0.0
[rep11 keep] B orig 2f_top28 async: fq=556.95 delivery=100.0 cold=0.0
[rep11 keep] B orig 2e_K10 pread: fq=560.97 delivery=100.0 cold=0.0
[rep11 keep] B orig 2e_K10 async: fq=531.77 delivery=100.0 cold=0.0
[rep11 keep] C orig learned_markov_14 pread: fq=179.36 delivery=100.0 cold=0.0
[rep11 keep] C orig learned_markov_14 async: fq=176.72 delivery=100.0 cold=0.0
[rep11 keep] C orig learned_markov_28 pread: fq=178.49 delivery=100.0 cold=0.0
[rep11 keep] C orig learned_markov_28 async: fq=178.12 delivery=100.0 cold=0.0
[rep11 keep] C orig 2f_top14 pread: fq=183.99 delivery=100.0 cold=0.0
[rep11 keep] C orig 2f_top14 async: fq=178.62 delivery=100.0 cold=0.0
[rep11 keep] C orig 2f_top28 pread: fq=179.77 delivery=100.0 cold=0.0
[rep11 keep] C orig 2f_top28 async: fq=179.62 delivery=100.0 cold=0.0
[rep11 keep] C orig 2e_K10 pread: fq=177.92 delivery=100.0 cold=0.0
[rep11 keep] C orig 2e_K10 async: fq=187.4 delivery=100.0 cold=0.0

done. raw=results/learned_10fold/seed8/raw.csv  summary=results/learned_10fold/seed8/summary.csv
--- fold 9: measure (async+pread) ---
ENV kernel=6.17.0-41-generic disk=nvme1n1 ra_kb=128 governor=powersave driver=amd-pstate-epp epp=balance_performance boost=1 maxfreq_khz=5756452 thp=madvise loadavg=1.09 memavail_kb=55800408
[rep1 warm] A orig baseline baseline: fq=827.67 delivery=0.0 cold=0.0
[rep1 warm] B orig baseline baseline: fq=921.01 delivery=0.0 cold=0.0
[rep1 warm] C orig baseline baseline: fq=860.47 delivery=0.0 cold=0.0
[rep1 warm] A orig learned_markov_14 pread: fq=444.94 delivery=100.0 cold=0.0
[rep1 warm] A orig learned_markov_14 async: fq=511.33 delivery=100.0 cold=0.0
[rep1 warm] A orig learned_markov_28 pread: fq=501.78 delivery=100.0 cold=0.0
[rep1 warm] A orig learned_markov_28 async: fq=512.79 delivery=100.0 cold=0.0
[rep1 warm] A orig 2f_top14 pread: fq=507.54 delivery=100.0 cold=0.0
[rep1 warm] A orig 2f_top14 async: fq=502.73 delivery=100.0 cold=0.0
[rep1 warm] A orig 2f_top28 pread: fq=500.52 delivery=100.0 cold=0.0
[rep1 warm] A orig 2f_top28 async: fq=504.02 delivery=100.0 cold=0.0
[rep1 warm] A orig 2e_K10 pread: fq=501.78 delivery=100.0 cold=0.0
[rep1 warm] A orig 2e_K10 async: fq=467.94 delivery=100.0 cold=0.0
[rep1 warm] B orig learned_markov_14 pread: fq=598.13 delivery=100.0 cold=0.0
[rep1 warm] B orig learned_markov_14 async: fq=612.82 delivery=100.0 cold=0.0
[rep1 warm] B orig learned_markov_28 pread: fq=585.15 delivery=100.0 cold=0.0
[rep1 warm] B orig learned_markov_28 async: fq=578.96 delivery=100.0 cold=0.0
[rep1 warm] B orig 2f_top14 pread: fq=515.93 delivery=100.0 cold=0.0
[rep1 warm] B orig 2f_top14 async: fq=519.83 delivery=100.0 cold=0.0
[rep1 warm] B orig 2f_top28 pread: fq=553.76 delivery=100.0 cold=0.0
[rep1 warm] B orig 2f_top28 async: fq=551.99 delivery=100.0 cold=0.0
[rep1 warm] B orig 2e_K10 pread: fq=513.43 delivery=100.0 cold=0.0
[rep1 warm] B orig 2e_K10 async: fq=550.83 delivery=100.0 cold=0.0
[rep1 warm] C orig learned_markov_14 pread: fq=179.15 delivery=100.0 cold=0.0
[rep1 warm] C orig learned_markov_14 async: fq=179.65 delivery=100.0 cold=0.0
[rep1 warm] C orig learned_markov_28 pread: fq=178.24 delivery=100.0 cold=0.0
[rep1 warm] C orig learned_markov_28 async: fq=176.75 delivery=100.0 cold=0.0
[rep1 warm] C orig 2f_top14 pread: fq=171.62 delivery=100.0 cold=0.0
[rep1 warm] C orig 2f_top14 async: fq=180.58 delivery=100.0 cold=0.0
[rep1 warm] C orig 2f_top28 pread: fq=180.87 delivery=100.0 cold=0.0
[rep1 warm] C orig 2f_top28 async: fq=178.66 delivery=100.0 cold=0.0
[rep1 warm] C orig 2e_K10 pread: fq=176.96 delivery=100.0 cold=0.0
[rep1 warm] C orig 2e_K10 async: fq=178.34 delivery=100.0 cold=0.0
[rep2 keep] A orig baseline baseline: fq=839.21 delivery=0.0 cold=0.0
[rep2 keep] B orig baseline baseline: fq=935.33 delivery=0.0 cold=0.0
[rep2 keep] C orig baseline baseline: fq=850.23 delivery=0.0 cold=0.0
[rep2 keep] A orig learned_markov_14 pread: fq=471.71 delivery=100.0 cold=0.0
[rep2 keep] A orig learned_markov_14 async: fq=500.73 delivery=100.0 cold=0.0
[rep2 keep] A orig learned_markov_28 pread: fq=503.62 delivery=100.0 cold=0.0
[rep2 keep] A orig learned_markov_28 async: fq=506.89 delivery=100.0 cold=0.0
[rep2 keep] A orig 2f_top14 pread: fq=510.26 delivery=100.0 cold=0.0
[rep2 keep] A orig 2f_top14 async: fq=504.84 delivery=100.0 cold=0.0
[rep2 keep] A orig 2f_top28 pread: fq=502.44 delivery=100.0 cold=0.0
[rep2 keep] A orig 2f_top28 async: fq=502.56 delivery=100.0 cold=0.0
[rep2 keep] A orig 2e_K10 pread: fq=497.54 delivery=100.0 cold=0.0
[rep2 keep] A orig 2e_K10 async: fq=499.48 delivery=100.0 cold=0.0
[rep2 keep] B orig learned_markov_14 pread: fq=488.59 delivery=100.0 cold=0.0
[rep2 keep] B orig learned_markov_14 async: fq=530.18 delivery=100.0 cold=0.0
[rep2 keep] B orig learned_markov_28 pread: fq=580.82 delivery=100.0 cold=0.0
[rep2 keep] B orig learned_markov_28 async: fq=586.15 delivery=100.0 cold=0.0
[rep2 keep] B orig 2f_top14 pread: fq=516.4 delivery=100.0 cold=0.0
[rep2 keep] B orig 2f_top14 async: fq=559.32 delivery=100.0 cold=0.0
[rep2 keep] B orig 2f_top28 pread: fq=555.8 delivery=100.0 cold=0.0
[rep2 keep] B orig 2f_top28 async: fq=516.27 delivery=100.0 cold=0.0
[rep2 keep] B orig 2e_K10 pread: fq=551.57 delivery=100.0 cold=0.0
[rep2 keep] B orig 2e_K10 async: fq=549.38 delivery=100.0 cold=0.0
[rep2 keep] C orig learned_markov_14 pread: fq=179.31 delivery=100.0 cold=0.0
[rep2 keep] C orig learned_markov_14 async: fq=185.79 delivery=100.0 cold=0.0
[rep2 keep] C orig learned_markov_28 pread: fq=178.04 delivery=100.0 cold=0.0
[rep2 keep] C orig learned_markov_28 async: fq=176.81 delivery=100.0 cold=0.0
[rep2 keep] C orig 2f_top14 pread: fq=177.71 delivery=100.0 cold=0.0
[rep2 keep] C orig 2f_top14 async: fq=176.89 delivery=100.0 cold=0.0
[rep2 keep] C orig 2f_top28 pread: fq=178.31 delivery=100.0 cold=0.0
[rep2 keep] C orig 2f_top28 async: fq=177.96 delivery=100.0 cold=0.0
[rep2 keep] C orig 2e_K10 pread: fq=178.16 delivery=100.0 cold=0.0
[rep2 keep] C orig 2e_K10 async: fq=181.48 delivery=100.0 cold=0.0
[rep3 keep] A orig baseline baseline: fq=831.5 delivery=0.0 cold=0.0
[rep3 keep] B orig baseline baseline: fq=920.38 delivery=0.0 cold=0.0
[rep3 keep] C orig baseline baseline: fq=888.22 delivery=0.0 cold=0.0
[rep3 keep] A orig learned_markov_14 pread: fq=499.85 delivery=100.0 cold=0.0
[rep3 keep] A orig learned_markov_14 async: fq=499.77 delivery=100.0 cold=0.0
[rep3 keep] A orig learned_markov_28 pread: fq=505.62 delivery=100.0 cold=0.0
[rep3 keep] A orig learned_markov_28 async: fq=474.17 delivery=100.0 cold=0.0
[rep3 keep] A orig 2f_top14 pread: fq=502.74 delivery=100.0 cold=0.0
[rep3 keep] A orig 2f_top14 async: fq=504.39 delivery=100.0 cold=0.0
[rep3 keep] A orig 2f_top28 pread: fq=504.05 delivery=100.0 cold=0.0
[rep3 keep] A orig 2f_top28 async: fq=505.27 delivery=100.0 cold=0.0
[rep3 keep] A orig 2e_K10 pread: fq=510.35 delivery=100.0 cold=0.0
[rep3 keep] A orig 2e_K10 async: fq=499.74 delivery=100.0 cold=0.0
[rep3 keep] B orig learned_markov_14 pread: fq=554.77 delivery=100.0 cold=0.0
[rep3 keep] B orig learned_markov_14 async: fq=602.76 delivery=100.0 cold=0.0
[rep3 keep] B orig learned_markov_28 pread: fq=514.0 delivery=100.0 cold=0.0
[rep3 keep] B orig learned_markov_28 async: fq=580.59 delivery=100.0 cold=0.0
[rep3 keep] B orig 2f_top14 pread: fq=592.96 delivery=100.0 cold=0.0
[rep3 keep] B orig 2f_top14 async: fq=590.78 delivery=100.0 cold=0.0
[rep3 keep] B orig 2f_top28 pread: fq=551.68 delivery=100.0 cold=0.0
[rep3 keep] B orig 2f_top28 async: fq=555.99 delivery=100.0 cold=0.0
[rep3 keep] B orig 2e_K10 pread: fq=555.3 delivery=100.0 cold=0.0
[rep3 keep] B orig 2e_K10 async: fq=481.13 delivery=100.0 cold=0.0
[rep3 keep] C orig learned_markov_14 pread: fq=177.23 delivery=100.0 cold=0.0
[rep3 keep] C orig learned_markov_14 async: fq=178.35 delivery=100.0 cold=0.0
[rep3 keep] C orig learned_markov_28 pread: fq=184.95 delivery=100.0 cold=0.0
[rep3 keep] C orig learned_markov_28 async: fq=179.34 delivery=100.0 cold=0.0
[rep3 keep] C orig 2f_top14 pread: fq=175.87 delivery=100.0 cold=0.0
[rep3 keep] C orig 2f_top14 async: fq=179.05 delivery=100.0 cold=0.0
[rep3 keep] C orig 2f_top28 pread: fq=180.36 delivery=100.0 cold=0.0
[rep3 keep] C orig 2f_top28 async: fq=177.56 delivery=100.0 cold=0.0
[rep3 keep] C orig 2e_K10 pread: fq=177.02 delivery=100.0 cold=0.0
[rep3 keep] C orig 2e_K10 async: fq=178.44 delivery=100.0 cold=0.0
[rep4 keep] A orig baseline baseline: fq=831.31 delivery=0.0 cold=0.0
[rep4 keep] B orig baseline baseline: fq=955.8 delivery=0.0 cold=0.0
[rep4 keep] C orig baseline baseline: fq=879.4 delivery=0.0 cold=0.0
[rep4 keep] A orig learned_markov_14 pread: fq=502.82 delivery=100.0 cold=0.0
[rep4 keep] A orig learned_markov_14 async: fq=510.32 delivery=100.0 cold=0.0
[rep4 keep] A orig learned_markov_28 pread: fq=501.88 delivery=100.0 cold=0.0
[rep4 keep] A orig learned_markov_28 async: fq=506.05 delivery=100.0 cold=0.0
[rep4 keep] A orig 2f_top14 pread: fq=503.2 delivery=100.0 cold=0.0
[rep4 keep] A orig 2f_top14 async: fq=473.75 delivery=100.0 cold=0.0
[rep4 keep] A orig 2f_top28 pread: fq=543.45 delivery=100.0 cold=0.0
[rep4 keep] A orig 2f_top28 async: fq=477.96 delivery=100.0 cold=0.0
[rep4 keep] A orig 2e_K10 pread: fq=499.22 delivery=100.0 cold=0.0
[rep4 keep] A orig 2e_K10 async: fq=500.9 delivery=100.0 cold=0.0
[rep4 keep] B orig learned_markov_14 pread: fq=548.82 delivery=100.0 cold=0.0
[rep4 keep] B orig learned_markov_14 async: fq=582.58 delivery=100.0 cold=0.0
[rep4 keep] B orig learned_markov_28 pread: fq=513.66 delivery=100.0 cold=0.0
[rep4 keep] B orig learned_markov_28 async: fq=517.8 delivery=100.0 cold=0.0
[rep4 keep] B orig 2f_top14 pread: fq=590.35 delivery=100.0 cold=0.0
[rep4 keep] B orig 2f_top14 async: fq=581.64 delivery=100.0 cold=0.0
[rep4 keep] B orig 2f_top28 pread: fq=555.11 delivery=100.0 cold=0.0
[rep4 keep] B orig 2f_top28 async: fq=555.75 delivery=100.0 cold=0.0
[rep4 keep] B orig 2e_K10 pread: fq=553.63 delivery=100.0 cold=0.0
[rep4 keep] B orig 2e_K10 async: fq=565.36 delivery=100.0 cold=0.0
[rep4 keep] C orig learned_markov_14 pread: fq=179.29 delivery=100.0 cold=0.0
[rep4 keep] C orig learned_markov_14 async: fq=179.45 delivery=100.0 cold=0.0
[rep4 keep] C orig learned_markov_28 pread: fq=178.58 delivery=100.0 cold=0.0
[rep4 keep] C orig learned_markov_28 async: fq=178.59 delivery=100.0 cold=0.0
[rep4 keep] C orig 2f_top14 pread: fq=178.89 delivery=100.0 cold=0.0
[rep4 keep] C orig 2f_top14 async: fq=182.83 delivery=100.0 cold=0.0
[rep4 keep] C orig 2f_top28 pread: fq=178.93 delivery=100.0 cold=0.0
[rep4 keep] C orig 2f_top28 async: fq=177.94 delivery=100.0 cold=0.0
[rep4 keep] C orig 2e_K10 pread: fq=175.69 delivery=100.0 cold=0.0
[rep4 keep] C orig 2e_K10 async: fq=180.77 delivery=100.0 cold=0.0
[rep5 keep] A orig baseline baseline: fq=812.62 delivery=0.0 cold=0.0
[rep5 keep] B orig baseline baseline: fq=925.25 delivery=0.0 cold=0.0
[rep5 keep] C orig baseline baseline: fq=851.33 delivery=0.0 cold=0.0
[rep5 keep] A orig learned_markov_14 pread: fq=444.86 delivery=100.0 cold=0.0
[rep5 keep] A orig learned_markov_14 async: fq=507.84 delivery=100.0 cold=0.0
[rep5 keep] A orig learned_markov_28 pread: fq=499.68 delivery=100.0 cold=0.0
[rep5 keep] A orig learned_markov_28 async: fq=509.28 delivery=100.0 cold=0.0
[rep5 keep] A orig 2f_top14 pread: fq=502.75 delivery=100.0 cold=0.0
[rep5 keep] A orig 2f_top14 async: fq=505.8 delivery=100.0 cold=0.0
[rep5 keep] A orig 2f_top28 pread: fq=508.69 delivery=100.0 cold=0.0
[rep5 keep] A orig 2f_top28 async: fq=505.03 delivery=100.0 cold=0.0
[rep5 keep] A orig 2e_K10 pread: fq=503.26 delivery=100.0 cold=0.0
[rep5 keep] A orig 2e_K10 async: fq=504.83 delivery=100.0 cold=0.0
[rep5 keep] B orig learned_markov_14 pread: fq=555.49 delivery=100.0 cold=0.0
[rep5 keep] B orig learned_markov_14 async: fq=584.91 delivery=100.0 cold=0.0
[rep5 keep] B orig learned_markov_28 pread: fq=586.85 delivery=100.0 cold=0.0
[rep5 keep] B orig learned_markov_28 async: fq=584.37 delivery=100.0 cold=0.0
[rep5 keep] B orig 2f_top14 pread: fq=582.5 delivery=100.0 cold=0.0
[rep5 keep] B orig 2f_top14 async: fq=583.65 delivery=100.0 cold=0.0
[rep5 keep] B orig 2f_top28 pread: fq=554.06 delivery=100.0 cold=0.0
[rep5 keep] B orig 2f_top28 async: fq=552.24 delivery=100.0 cold=0.0
[rep5 keep] B orig 2e_K10 pread: fq=551.08 delivery=100.0 cold=0.0
[rep5 keep] B orig 2e_K10 async: fq=556.26 delivery=100.0 cold=0.0
[rep5 keep] C orig learned_markov_14 pread: fq=182.69 delivery=100.0 cold=0.0
[rep5 keep] C orig learned_markov_14 async: fq=178.81 delivery=100.0 cold=0.0
[rep5 keep] C orig learned_markov_28 pread: fq=178.47 delivery=100.0 cold=0.0
[rep5 keep] C orig learned_markov_28 async: fq=178.32 delivery=100.0 cold=0.0
[rep5 keep] C orig 2f_top14 pread: fq=178.78 delivery=100.0 cold=0.0
[rep5 keep] C orig 2f_top14 async: fq=177.6 delivery=100.0 cold=0.0
[rep5 keep] C orig 2f_top28 pread: fq=180.04 delivery=100.0 cold=0.0
[rep5 keep] C orig 2f_top28 async: fq=179.16 delivery=100.0 cold=0.0
[rep5 keep] C orig 2e_K10 pread: fq=188.64 delivery=100.0 cold=0.0
[rep5 keep] C orig 2e_K10 async: fq=177.89 delivery=100.0 cold=0.0
[rep6 keep] A orig baseline baseline: fq=905.41 delivery=0.0 cold=0.0
[rep6 keep] B orig baseline baseline: fq=884.97 delivery=0.0 cold=0.0
[rep6 keep] C orig baseline baseline: fq=750.0 delivery=0.0 cold=0.0
[rep6 keep] A orig learned_markov_14 pread: fq=471.85 delivery=100.0 cold=0.0
[rep6 keep] A orig learned_markov_14 async: fq=472.4 delivery=100.0 cold=0.0
[rep6 keep] A orig learned_markov_28 pread: fq=505.54 delivery=100.0 cold=0.0
[rep6 keep] A orig learned_markov_28 async: fq=504.51 delivery=100.0 cold=0.0
[rep6 keep] A orig 2f_top14 pread: fq=501.71 delivery=100.0 cold=0.0
[rep6 keep] A orig 2f_top14 async: fq=503.59 delivery=100.0 cold=0.0
[rep6 keep] A orig 2f_top28 pread: fq=474.43 delivery=100.0 cold=0.0
[rep6 keep] A orig 2f_top28 async: fq=535.96 delivery=100.0 cold=0.0
[rep6 keep] A orig 2e_K10 pread: fq=498.46 delivery=100.0 cold=0.0
[rep6 keep] A orig 2e_K10 async: fq=504.12 delivery=100.0 cold=0.0
[rep6 keep] B orig learned_markov_14 pread: fq=587.4 delivery=100.0 cold=0.0
[rep6 keep] B orig learned_markov_14 async: fq=584.8 delivery=100.0 cold=0.0
[rep6 keep] B orig learned_markov_28 pread: fq=681.99 delivery=100.0 cold=0.0
[rep6 keep] B orig learned_markov_28 async: fq=583.57 delivery=100.0 cold=0.0
[rep6 keep] B orig 2f_top14 pread: fq=553.08 delivery=100.0 cold=0.0
[rep6 keep] B orig 2f_top14 async: fq=520.25 delivery=100.0 cold=0.0
[rep6 keep] B orig 2f_top28 pread: fq=558.78 delivery=100.0 cold=0.0
[rep6 keep] B orig 2f_top28 async: fq=559.27 delivery=100.0 cold=0.0
[rep6 keep] B orig 2e_K10 pread: fq=553.47 delivery=100.0 cold=0.0
[rep6 keep] B orig 2e_K10 async: fq=519.03 delivery=100.0 cold=0.0
[rep6 keep] C orig learned_markov_14 pread: fq=177.5 delivery=100.0 cold=0.0
[rep6 keep] C orig learned_markov_14 async: fq=180.32 delivery=100.0 cold=0.0
[rep6 keep] C orig learned_markov_28 pread: fq=179.2 delivery=100.0 cold=0.0
[rep6 keep] C orig learned_markov_28 async: fq=180.3 delivery=100.0 cold=0.0
[rep6 keep] C orig 2f_top14 pread: fq=178.55 delivery=100.0 cold=0.0
[rep6 keep] C orig 2f_top14 async: fq=181.97 delivery=100.0 cold=0.0
[rep6 keep] C orig 2f_top28 pread: fq=177.6 delivery=100.0 cold=0.0
[rep6 keep] C orig 2f_top28 async: fq=177.4 delivery=100.0 cold=0.0
[rep6 keep] C orig 2e_K10 pread: fq=179.12 delivery=100.0 cold=0.0
[rep6 keep] C orig 2e_K10 async: fq=186.99 delivery=100.0 cold=0.0
[rep7 keep] A orig baseline baseline: fq=836.05 delivery=0.0 cold=0.0
[rep7 keep] B orig baseline baseline: fq=923.2 delivery=0.0 cold=0.0
[rep7 keep] C orig baseline baseline: fq=849.56 delivery=0.0 cold=0.0
[rep7 keep] A orig learned_markov_14 pread: fq=506.97 delivery=100.0 cold=0.0
[rep7 keep] A orig learned_markov_14 async: fq=476.1 delivery=100.0 cold=0.0
[rep7 keep] A orig learned_markov_28 pread: fq=500.61 delivery=100.0 cold=0.0
[rep7 keep] A orig learned_markov_28 async: fq=509.12 delivery=100.0 cold=0.0
[rep7 keep] A orig 2f_top14 pread: fq=510.66 delivery=100.0 cold=0.0
[rep7 keep] A orig 2f_top14 async: fq=506.45 delivery=100.0 cold=0.0
[rep7 keep] A orig 2f_top28 pread: fq=505.07 delivery=100.0 cold=0.0
[rep7 keep] A orig 2f_top28 async: fq=506.6 delivery=100.0 cold=0.0
[rep7 keep] A orig 2e_K10 pread: fq=496.16 delivery=100.0 cold=0.0
[rep7 keep] A orig 2e_K10 async: fq=502.55 delivery=100.0 cold=0.0
[rep7 keep] B orig learned_markov_14 pread: fq=587.28 delivery=100.0 cold=0.0
[rep7 keep] B orig learned_markov_14 async: fq=590.59 delivery=100.0 cold=0.0
[rep7 keep] B orig learned_markov_28 pread: fq=585.67 delivery=100.0 cold=0.0
[rep7 keep] B orig learned_markov_28 async: fq=614.18 delivery=100.0 cold=0.0
[rep7 keep] B orig 2f_top14 pread: fq=581.81 delivery=100.0 cold=0.0
[rep7 keep] B orig 2f_top14 async: fq=585.52 delivery=100.0 cold=0.0
[rep7 keep] B orig 2f_top28 pread: fq=516.94 delivery=100.0 cold=0.0
[rep7 keep] B orig 2f_top28 async: fq=563.45 delivery=100.0 cold=0.0
[rep7 keep] B orig 2e_K10 pread: fq=549.6 delivery=100.0 cold=0.0
[rep7 keep] B orig 2e_K10 async: fq=514.55 delivery=100.0 cold=0.0
[rep7 keep] C orig learned_markov_14 pread: fq=181.63 delivery=100.0 cold=0.0
[rep7 keep] C orig learned_markov_14 async: fq=180.99 delivery=100.0 cold=0.0
[rep7 keep] C orig learned_markov_28 pread: fq=177.96 delivery=100.0 cold=0.0
[rep7 keep] C orig learned_markov_28 async: fq=178.54 delivery=100.0 cold=0.0
[rep7 keep] C orig 2f_top14 pread: fq=180.86 delivery=100.0 cold=0.0
[rep7 keep] C orig 2f_top14 async: fq=180.07 delivery=100.0 cold=0.0
[rep7 keep] C orig 2f_top28 pread: fq=177.41 delivery=100.0 cold=0.0
[rep7 keep] C orig 2f_top28 async: fq=178.49 delivery=100.0 cold=0.0
[rep7 keep] C orig 2e_K10 pread: fq=183.31 delivery=100.0 cold=0.0
[rep7 keep] C orig 2e_K10 async: fq=179.77 delivery=100.0 cold=0.0
[rep8 keep] A orig baseline baseline: fq=837.32 delivery=0.0 cold=0.0
[rep8 keep] B orig baseline baseline: fq=943.05 delivery=0.0 cold=0.0
[rep8 keep] C orig baseline baseline: fq=809.15 delivery=0.0 cold=0.0
[rep8 keep] A orig learned_markov_14 pread: fq=506.04 delivery=100.0 cold=0.0
[rep8 keep] A orig learned_markov_14 async: fq=570.63 delivery=100.0 cold=0.0
[rep8 keep] A orig learned_markov_28 pread: fq=515.21 delivery=100.0 cold=0.0
[rep8 keep] A orig learned_markov_28 async: fq=577.89 delivery=100.0 cold=0.0
[rep8 keep] A orig 2f_top14 pread: fq=505.11 delivery=100.0 cold=0.0
[rep8 keep] A orig 2f_top14 async: fq=478.68 delivery=100.0 cold=0.0
[rep8 keep] A orig 2f_top28 pread: fq=502.24 delivery=100.0 cold=0.0
[rep8 keep] A orig 2f_top28 async: fq=504.94 delivery=100.0 cold=0.0
[rep8 keep] A orig 2e_K10 pread: fq=502.4 delivery=100.0 cold=0.0
[rep8 keep] A orig 2e_K10 async: fq=495.18 delivery=100.0 cold=0.0
[rep8 keep] B orig learned_markov_14 pread: fq=596.91 delivery=100.0 cold=0.0
[rep8 keep] B orig learned_markov_14 async: fq=573.43 delivery=100.0 cold=0.0
[rep8 keep] B orig learned_markov_28 pread: fq=526.04 delivery=100.0 cold=0.0
[rep8 keep] B orig learned_markov_28 async: fq=549.86 delivery=100.0 cold=0.0
[rep8 keep] B orig 2f_top14 pread: fq=584.92 delivery=100.0 cold=0.0
[rep8 keep] B orig 2f_top14 async: fq=581.27 delivery=100.0 cold=0.0
[rep8 keep] B orig 2f_top28 pread: fq=480.33 delivery=100.0 cold=0.0
[rep8 keep] B orig 2f_top28 async: fq=559.13 delivery=100.0 cold=0.0
[rep8 keep] B orig 2e_K10 pread: fq=552.17 delivery=100.0 cold=0.0
[rep8 keep] B orig 2e_K10 async: fq=552.93 delivery=100.0 cold=0.0
[rep8 keep] C orig learned_markov_14 pread: fq=177.88 delivery=100.0 cold=0.0
[rep8 keep] C orig learned_markov_14 async: fq=180.02 delivery=100.0 cold=0.0
[rep8 keep] C orig learned_markov_28 pread: fq=179.81 delivery=100.0 cold=0.0
[rep8 keep] C orig learned_markov_28 async: fq=179.59 delivery=100.0 cold=0.0
[rep8 keep] C orig 2f_top14 pread: fq=179.97 delivery=100.0 cold=0.0
[rep8 keep] C orig 2f_top14 async: fq=180.0 delivery=100.0 cold=0.0
[rep8 keep] C orig 2f_top28 pread: fq=179.56 delivery=100.0 cold=0.0
[rep8 keep] C orig 2f_top28 async: fq=179.88 delivery=100.0 cold=0.0
[rep8 keep] C orig 2e_K10 pread: fq=178.28 delivery=100.0 cold=0.0
[rep8 keep] C orig 2e_K10 async: fq=173.71 delivery=100.0 cold=0.0
[rep9 keep] A orig baseline baseline: fq=833.1 delivery=0.0 cold=0.0
[rep9 keep] B orig baseline baseline: fq=1016.12 delivery=0.0 cold=0.0
[rep9 keep] C orig baseline baseline: fq=857.47 delivery=0.0 cold=0.0
[rep9 keep] A orig learned_markov_14 pread: fq=505.87 delivery=100.0 cold=0.0
[rep9 keep] A orig learned_markov_14 async: fq=501.63 delivery=100.0 cold=0.0
[rep9 keep] A orig learned_markov_28 pread: fq=469.45 delivery=100.0 cold=0.0
[rep9 keep] A orig learned_markov_28 async: fq=501.06 delivery=100.0 cold=0.0
[rep9 keep] A orig 2f_top14 pread: fq=508.44 delivery=100.0 cold=0.0
[rep9 keep] A orig 2f_top14 async: fq=512.39 delivery=100.0 cold=0.0
[rep9 keep] A orig 2f_top28 pread: fq=499.29 delivery=100.0 cold=0.0
[rep9 keep] A orig 2f_top28 async: fq=477.0 delivery=100.0 cold=0.0
[rep9 keep] A orig 2e_K10 pread: fq=509.48 delivery=100.0 cold=0.0
[rep9 keep] A orig 2e_K10 async: fq=501.29 delivery=100.0 cold=0.0
[rep9 keep] B orig learned_markov_14 pread: fq=521.49 delivery=100.0 cold=0.0
[rep9 keep] B orig learned_markov_14 async: fq=580.19 delivery=100.0 cold=0.0
[rep9 keep] B orig learned_markov_28 pread: fq=585.06 delivery=100.0 cold=0.0
[rep9 keep] B orig learned_markov_28 async: fq=580.63 delivery=100.0 cold=0.0
[rep9 keep] B orig 2f_top14 pread: fq=583.12 delivery=100.0 cold=0.0
[rep9 keep] B orig 2f_top14 async: fq=585.77 delivery=100.0 cold=0.0
[rep9 keep] B orig 2f_top28 pread: fq=513.07 delivery=100.0 cold=0.0
[rep9 keep] B orig 2f_top28 async: fq=553.88 delivery=100.0 cold=0.0
[rep9 keep] B orig 2e_K10 pread: fq=513.98 delivery=100.0 cold=0.0
[rep9 keep] B orig 2e_K10 async: fq=550.88 delivery=100.0 cold=0.0
[rep9 keep] C orig learned_markov_14 pread: fq=179.25 delivery=100.0 cold=0.0
[rep9 keep] C orig learned_markov_14 async: fq=181.2 delivery=100.0 cold=0.0
[rep9 keep] C orig learned_markov_28 pread: fq=178.66 delivery=100.0 cold=0.0
[rep9 keep] C orig learned_markov_28 async: fq=180.84 delivery=100.0 cold=0.0
[rep9 keep] C orig 2f_top14 pread: fq=180.21 delivery=100.0 cold=0.0
[rep9 keep] C orig 2f_top14 async: fq=192.98 delivery=100.0 cold=0.0
[rep9 keep] C orig 2f_top28 pread: fq=188.68 delivery=100.0 cold=0.0
[rep9 keep] C orig 2f_top28 async: fq=179.73 delivery=100.0 cold=0.0
[rep9 keep] C orig 2e_K10 pread: fq=178.68 delivery=100.0 cold=0.0
[rep9 keep] C orig 2e_K10 async: fq=177.13 delivery=100.0 cold=0.0
[rep10 keep] A orig baseline baseline: fq=831.15 delivery=0.0 cold=0.0
[rep10 keep] B orig baseline baseline: fq=932.25 delivery=0.0 cold=0.0
[rep10 keep] C orig baseline baseline: fq=881.79 delivery=0.0 cold=0.0
[rep10 keep] A orig learned_markov_14 pread: fq=512.63 delivery=100.0 cold=0.0
[rep10 keep] A orig learned_markov_14 async: fq=472.97 delivery=100.0 cold=0.0
[rep10 keep] A orig learned_markov_28 pread: fq=501.46 delivery=100.0 cold=0.0
[rep10 keep] A orig learned_markov_28 async: fq=502.52 delivery=100.0 cold=0.0
[rep10 keep] A orig 2f_top14 pread: fq=513.14 delivery=100.0 cold=0.0
[rep10 keep] A orig 2f_top14 async: fq=509.1 delivery=100.0 cold=0.0
[rep10 keep] A orig 2f_top28 pread: fq=500.59 delivery=100.0 cold=0.0
[rep10 keep] A orig 2f_top28 async: fq=504.82 delivery=100.0 cold=0.0
[rep10 keep] A orig 2e_K10 pread: fq=502.33 delivery=100.0 cold=0.0
[rep10 keep] A orig 2e_K10 async: fq=502.58 delivery=100.0 cold=0.0
[rep10 keep] B orig learned_markov_14 pread: fq=588.94 delivery=100.0 cold=0.0
[rep10 keep] B orig learned_markov_14 async: fq=610.93 delivery=100.0 cold=0.0
[rep10 keep] B orig learned_markov_28 pread: fq=591.14 delivery=100.0 cold=0.0
[rep10 keep] B orig learned_markov_28 async: fq=514.86 delivery=100.0 cold=0.0
[rep10 keep] B orig 2f_top14 pread: fq=585.88 delivery=100.0 cold=0.0
[rep10 keep] B orig 2f_top14 async: fq=577.88 delivery=100.0 cold=0.0
[rep10 keep] B orig 2f_top28 pread: fq=516.4 delivery=100.0 cold=0.0
[rep10 keep] B orig 2f_top28 async: fq=551.77 delivery=100.0 cold=0.0
[rep10 keep] B orig 2e_K10 pread: fq=513.14 delivery=100.0 cold=0.0
[rep10 keep] B orig 2e_K10 async: fq=553.4 delivery=100.0 cold=0.0
[rep10 keep] C orig learned_markov_14 pread: fq=178.53 delivery=100.0 cold=0.0
[rep10 keep] C orig learned_markov_14 async: fq=183.09 delivery=100.0 cold=0.0
[rep10 keep] C orig learned_markov_28 pread: fq=184.6 delivery=100.0 cold=0.0
[rep10 keep] C orig learned_markov_28 async: fq=176.13 delivery=100.0 cold=0.0
[rep10 keep] C orig 2f_top14 pread: fq=179.73 delivery=100.0 cold=0.0
[rep10 keep] C orig 2f_top14 async: fq=180.27 delivery=100.0 cold=0.0
[rep10 keep] C orig 2f_top28 pread: fq=178.41 delivery=100.0 cold=0.0
[rep10 keep] C orig 2f_top28 async: fq=177.93 delivery=100.0 cold=0.0
[rep10 keep] C orig 2e_K10 pread: fq=178.01 delivery=100.0 cold=0.0
[rep10 keep] C orig 2e_K10 async: fq=179.76 delivery=100.0 cold=0.0
[rep11 keep] A orig baseline baseline: fq=837.06 delivery=0.0 cold=0.0
[rep11 keep] B orig baseline baseline: fq=913.18 delivery=0.0 cold=0.0
[rep11 keep] C orig baseline baseline: fq=885.12 delivery=0.0 cold=0.0
[rep11 keep] A orig learned_markov_14 pread: fq=442.19 delivery=100.0 cold=0.0
[rep11 keep] A orig learned_markov_14 async: fq=507.97 delivery=100.0 cold=0.0
[rep11 keep] A orig learned_markov_28 pread: fq=502.47 delivery=100.0 cold=0.0
[rep11 keep] A orig learned_markov_28 async: fq=503.86 delivery=100.0 cold=0.0
[rep11 keep] A orig 2f_top14 pread: fq=503.92 delivery=100.0 cold=0.0
[rep11 keep] A orig 2f_top14 async: fq=509.34 delivery=100.0 cold=0.0
[rep11 keep] A orig 2f_top28 pread: fq=471.57 delivery=100.0 cold=0.0
[rep11 keep] A orig 2f_top28 async: fq=504.26 delivery=100.0 cold=0.0
[rep11 keep] A orig 2e_K10 pread: fq=503.23 delivery=100.0 cold=0.0
[rep11 keep] A orig 2e_K10 async: fq=497.08 delivery=100.0 cold=0.0
[rep11 keep] B orig learned_markov_14 pread: fq=584.15 delivery=100.0 cold=0.0
[rep11 keep] B orig learned_markov_14 async: fq=484.02 delivery=100.0 cold=0.0
[rep11 keep] B orig learned_markov_28 pread: fq=578.89 delivery=100.0 cold=0.0
[rep11 keep] B orig learned_markov_28 async: fq=584.56 delivery=100.0 cold=0.0
[rep11 keep] B orig 2f_top14 pread: fq=583.25 delivery=100.0 cold=0.0
[rep11 keep] B orig 2f_top14 async: fq=514.18 delivery=100.0 cold=0.0
[rep11 keep] B orig 2f_top28 pread: fq=515.0 delivery=100.0 cold=0.0
[rep11 keep] B orig 2f_top28 async: fq=554.73 delivery=100.0 cold=0.0
[rep11 keep] B orig 2e_K10 pread: fq=551.79 delivery=100.0 cold=0.0
[rep11 keep] B orig 2e_K10 async: fq=553.55 delivery=100.0 cold=0.0
[rep11 keep] C orig learned_markov_14 pread: fq=203.33 delivery=100.0 cold=0.0
[rep11 keep] C orig learned_markov_14 async: fq=179.31 delivery=100.0 cold=0.0
[rep11 keep] C orig learned_markov_28 pread: fq=181.13 delivery=100.0 cold=0.0
[rep11 keep] C orig learned_markov_28 async: fq=179.36 delivery=100.0 cold=0.0
[rep11 keep] C orig 2f_top14 pread: fq=178.19 delivery=100.0 cold=0.0
[rep11 keep] C orig 2f_top14 async: fq=179.5 delivery=100.0 cold=0.0
[rep11 keep] C orig 2f_top28 pread: fq=184.69 delivery=100.0 cold=0.0
[rep11 keep] C orig 2f_top28 async: fq=178.4 delivery=100.0 cold=0.0
[rep11 keep] C orig 2e_K10 pread: fq=180.35 delivery=100.0 cold=0.0
[rep11 keep] C orig 2e_K10 async: fq=180.91 delivery=100.0 cold=0.0

done. raw=results/learned_10fold/seed9/raw.csv  summary=results/learned_10fold/seed9/summary.csv
--- fold 10: measure (async+pread) ---
ENV kernel=6.17.0-41-generic disk=nvme1n1 ra_kb=128 governor=powersave driver=amd-pstate-epp epp=balance_performance boost=1 maxfreq_khz=5756452 thp=madvise loadavg=1.20 memavail_kb=55775800
[rep1 warm] A orig baseline baseline: fq=929.29 delivery=0.0 cold=0.0
[rep1 warm] B orig baseline baseline: fq=912.73 delivery=0.0 cold=0.0
[rep1 warm] C orig baseline baseline: fq=882.94 delivery=0.0 cold=0.0
[rep1 warm] A orig learned_markov_14 pread: fq=559.54 delivery=100.0 cold=0.0
[rep1 warm] A orig learned_markov_14 async: fq=540.37 delivery=100.0 cold=0.0
[rep1 warm] A orig learned_markov_28 pread: fq=542.03 delivery=100.0 cold=0.0
[rep1 warm] A orig learned_markov_28 async: fq=553.43 delivery=100.0 cold=0.0
[rep1 warm] A orig 2f_top14 pread: fq=180.24 delivery=100.0 cold=0.0
[rep1 warm] A orig 2f_top14 async: fq=181.62 delivery=100.0 cold=0.0
[rep1 warm] A orig 2f_top28 pread: fq=181.68 delivery=100.0 cold=0.0
[rep1 warm] A orig 2f_top28 async: fq=181.51 delivery=100.0 cold=0.0
[rep1 warm] A orig 2e_K10 pread: fq=181.11 delivery=100.0 cold=0.0
[rep1 warm] A orig 2e_K10 async: fq=174.57 delivery=100.0 cold=0.0
[rep1 warm] B orig learned_markov_14 pread: fq=546.75 delivery=100.0 cold=0.0
[rep1 warm] B orig learned_markov_14 async: fq=702.66 delivery=100.0 cold=0.0
[rep1 warm] B orig learned_markov_28 pread: fq=490.06 delivery=100.0 cold=0.0
[rep1 warm] B orig learned_markov_28 async: fq=549.76 delivery=100.0 cold=0.0
[rep1 warm] B orig 2f_top14 pread: fq=559.64 delivery=100.0 cold=0.0
[rep1 warm] B orig 2f_top14 async: fq=555.76 delivery=100.0 cold=0.0
[rep1 warm] B orig 2f_top28 pread: fq=539.82 delivery=100.0 cold=0.0
[rep1 warm] B orig 2f_top28 async: fq=547.08 delivery=100.0 cold=0.0
[rep1 warm] B orig 2e_K10 pread: fq=556.21 delivery=100.0 cold=0.0
[rep1 warm] B orig 2e_K10 async: fq=552.63 delivery=100.0 cold=0.0
[rep1 warm] C orig learned_markov_14 pread: fq=179.69 delivery=100.0 cold=0.0
[rep1 warm] C orig learned_markov_14 async: fq=181.5 delivery=100.0 cold=0.0
[rep1 warm] C orig learned_markov_28 pread: fq=178.34 delivery=100.0 cold=0.0
[rep1 warm] C orig learned_markov_28 async: fq=177.35 delivery=100.0 cold=0.0
[rep1 warm] C orig 2f_top14 pread: fq=178.6 delivery=100.0 cold=0.0
[rep1 warm] C orig 2f_top14 async: fq=179.49 delivery=100.0 cold=0.0
[rep1 warm] C orig 2f_top28 pread: fq=178.74 delivery=100.0 cold=0.0
[rep1 warm] C orig 2f_top28 async: fq=180.53 delivery=100.0 cold=0.0
[rep1 warm] C orig 2e_K10 pread: fq=180.56 delivery=100.0 cold=0.0
[rep1 warm] C orig 2e_K10 async: fq=183.79 delivery=100.0 cold=0.0
[rep2 keep] A orig baseline baseline: fq=962.16 delivery=0.0 cold=0.0
[rep2 keep] B orig baseline baseline: fq=977.36 delivery=0.0 cold=0.0
[rep2 keep] C orig baseline baseline: fq=886.18 delivery=0.0 cold=0.0
[rep2 keep] A orig learned_markov_14 pread: fq=539.31 delivery=100.0 cold=0.0
[rep2 keep] A orig learned_markov_14 async: fq=542.29 delivery=100.0 cold=0.0
[rep2 keep] A orig learned_markov_28 pread: fq=546.8 delivery=100.0 cold=0.0
[rep2 keep] A orig learned_markov_28 async: fq=544.18 delivery=100.0 cold=0.0
[rep2 keep] A orig 2f_top14 pread: fq=180.11 delivery=100.0 cold=0.0
[rep2 keep] A orig 2f_top14 async: fq=180.92 delivery=100.0 cold=0.0
[rep2 keep] A orig 2f_top28 pread: fq=180.76 delivery=100.0 cold=0.0
[rep2 keep] A orig 2f_top28 async: fq=194.5 delivery=100.0 cold=0.0
[rep2 keep] A orig 2e_K10 pread: fq=201.23 delivery=100.0 cold=0.0
[rep2 keep] A orig 2e_K10 async: fq=178.8 delivery=100.0 cold=0.0
[rep2 keep] B orig learned_markov_14 pread: fq=558.84 delivery=100.0 cold=0.0
[rep2 keep] B orig learned_markov_14 async: fq=551.02 delivery=100.0 cold=0.0
[rep2 keep] B orig learned_markov_28 pread: fq=551.85 delivery=100.0 cold=0.0
[rep2 keep] B orig learned_markov_28 async: fq=549.09 delivery=100.0 cold=0.0
[rep2 keep] B orig 2f_top14 pread: fq=549.13 delivery=100.0 cold=0.0
[rep2 keep] B orig 2f_top14 async: fq=558.18 delivery=100.0 cold=0.0
[rep2 keep] B orig 2f_top28 pread: fq=547.07 delivery=100.0 cold=0.0
[rep2 keep] B orig 2f_top28 async: fq=539.34 delivery=100.0 cold=0.0
[rep2 keep] B orig 2e_K10 pread: fq=548.5 delivery=100.0 cold=0.0
[rep2 keep] B orig 2e_K10 async: fq=549.59 delivery=100.0 cold=0.0
[rep2 keep] C orig learned_markov_14 pread: fq=177.97 delivery=100.0 cold=0.0
[rep2 keep] C orig learned_markov_14 async: fq=183.92 delivery=100.0 cold=0.0
[rep2 keep] C orig learned_markov_28 pread: fq=178.72 delivery=100.0 cold=0.0
[rep2 keep] C orig learned_markov_28 async: fq=177.41 delivery=100.0 cold=0.0
[rep2 keep] C orig 2f_top14 pread: fq=180.96 delivery=100.0 cold=0.0
[rep2 keep] C orig 2f_top14 async: fq=178.83 delivery=100.0 cold=0.0
[rep2 keep] C orig 2f_top28 pread: fq=183.24 delivery=100.0 cold=0.0
[rep2 keep] C orig 2f_top28 async: fq=177.76 delivery=100.0 cold=0.0
[rep2 keep] C orig 2e_K10 pread: fq=178.53 delivery=100.0 cold=0.0
[rep2 keep] C orig 2e_K10 async: fq=180.92 delivery=100.0 cold=0.0
[rep3 keep] A orig baseline baseline: fq=926.06 delivery=0.0 cold=0.0
[rep3 keep] B orig baseline baseline: fq=980.22 delivery=0.0 cold=0.0
[rep3 keep] C orig baseline baseline: fq=885.13 delivery=0.0 cold=0.0
[rep3 keep] A orig learned_markov_14 pread: fq=532.59 delivery=100.0 cold=0.0
[rep3 keep] A orig learned_markov_14 async: fq=536.61 delivery=100.0 cold=0.0
[rep3 keep] A orig learned_markov_28 pread: fq=547.53 delivery=100.0 cold=0.0
[rep3 keep] A orig learned_markov_28 async: fq=556.08 delivery=100.0 cold=0.0
[rep3 keep] A orig 2f_top14 pread: fq=183.88 delivery=100.0 cold=0.0
[rep3 keep] A orig 2f_top14 async: fq=184.43 delivery=100.0 cold=0.0
[rep3 keep] A orig 2f_top28 pread: fq=194.56 delivery=100.0 cold=0.0
[rep3 keep] A orig 2f_top28 async: fq=196.01 delivery=100.0 cold=0.0
[rep3 keep] A orig 2e_K10 pread: fq=199.31 delivery=100.0 cold=0.0
[rep3 keep] A orig 2e_K10 async: fq=184.47 delivery=100.0 cold=0.0
[rep3 keep] B orig learned_markov_14 pread: fq=568.15 delivery=100.0 cold=0.0
[rep3 keep] B orig learned_markov_14 async: fq=3556.66 delivery=100.0 cold=0.0
[rep3 keep] B orig learned_markov_28 pread: fq=568.89 delivery=100.0 cold=0.0
[rep3 keep] B orig learned_markov_28 async: fq=568.76 delivery=100.0 cold=0.0
[rep3 keep] B orig 2f_top14 pread: fq=569.06 delivery=100.0 cold=0.0
[rep3 keep] B orig 2f_top14 async: fq=570.02 delivery=100.0 cold=0.0
[rep3 keep] B orig 2f_top28 pread: fq=556.47 delivery=100.0 cold=0.0
[rep3 keep] B orig 2f_top28 async: fq=556.49 delivery=100.0 cold=0.0
[rep3 keep] B orig 2e_K10 pread: fq=568.9 delivery=100.0 cold=0.0
[rep3 keep] B orig 2e_K10 async: fq=565.03 delivery=100.0 cold=0.0
[rep3 keep] C orig learned_markov_14 pread: fq=196.17 delivery=100.0 cold=0.0
[rep3 keep] C orig learned_markov_14 async: fq=193.69 delivery=100.0 cold=0.0
[rep3 keep] C orig learned_markov_28 pread: fq=193.08 delivery=100.0 cold=0.0
[rep3 keep] C orig learned_markov_28 async: fq=190.91 delivery=100.0 cold=0.0
[rep3 keep] C orig 2f_top14 pread: fq=190.96 delivery=100.0 cold=0.0
[rep3 keep] C orig 2f_top14 async: fq=195.85 delivery=100.0 cold=0.0
[rep3 keep] C orig 2f_top28 pread: fq=189.58 delivery=100.0 cold=0.0
[rep3 keep] C orig 2f_top28 async: fq=195.54 delivery=100.0 cold=0.0
[rep3 keep] C orig 2e_K10 pread: fq=192.28 delivery=100.0 cold=0.0
[rep3 keep] C orig 2e_K10 async: fq=194.01 delivery=100.0 cold=0.0
[rep4 keep] A orig baseline baseline: fq=1027.33 delivery=0.0 cold=0.0
[rep4 keep] B orig baseline baseline: fq=1023.34 delivery=0.0 cold=0.0
[rep4 keep] C orig baseline baseline: fq=916.96 delivery=0.0 cold=0.0
[rep4 keep] A orig learned_markov_14 pread: fq=559.87 delivery=100.0 cold=0.0
[rep4 keep] A orig learned_markov_14 async: fq=552.5 delivery=100.0 cold=0.0
[rep4 keep] A orig learned_markov_28 pread: fq=611.6 delivery=100.0 cold=0.0
[rep4 keep] A orig learned_markov_28 async: fq=560.83 delivery=100.0 cold=0.0
[rep4 keep] A orig 2f_top14 pread: fq=193.53 delivery=100.0 cold=0.0
[rep4 keep] A orig 2f_top14 async: fq=195.31 delivery=100.0 cold=0.0
[rep4 keep] A orig 2f_top28 pread: fq=196.84 delivery=100.0 cold=0.0
[rep4 keep] A orig 2f_top28 async: fq=195.52 delivery=100.0 cold=0.0
[rep4 keep] A orig 2e_K10 pread: fq=195.72 delivery=100.0 cold=0.0
[rep4 keep] A orig 2e_K10 async: fq=193.59 delivery=100.0 cold=0.0
[rep4 keep] B orig learned_markov_14 pread: fq=504.38 delivery=100.0 cold=0.0
[rep4 keep] B orig learned_markov_14 async: fq=567.86 delivery=100.0 cold=0.0
[rep4 keep] B orig learned_markov_28 pread: fq=570.68 delivery=100.0 cold=0.0
[rep4 keep] B orig learned_markov_28 async: fq=572.0 delivery=100.0 cold=0.0
[rep4 keep] B orig 2f_top14 pread: fq=574.7 delivery=100.0 cold=0.0
[rep4 keep] B orig 2f_top14 async: fq=567.17 delivery=100.0 cold=0.0
[rep4 keep] B orig 2f_top28 pread: fq=554.85 delivery=100.0 cold=0.0
[rep4 keep] B orig 2f_top28 async: fq=621.54 delivery=100.0 cold=0.0
[rep4 keep] B orig 2e_K10 pread: fq=550.72 delivery=100.0 cold=0.0
[rep4 keep] B orig 2e_K10 async: fq=554.3 delivery=100.0 cold=0.0
[rep4 keep] C orig learned_markov_14 pread: fq=181.86 delivery=100.0 cold=0.0
[rep4 keep] C orig learned_markov_14 async: fq=182.57 delivery=100.0 cold=0.0
[rep4 keep] C orig learned_markov_28 pread: fq=181.64 delivery=100.0 cold=0.0
[rep4 keep] C orig learned_markov_28 async: fq=182.54 delivery=100.0 cold=0.0
[rep4 keep] C orig 2f_top14 pread: fq=181.02 delivery=100.0 cold=0.0
[rep4 keep] C orig 2f_top14 async: fq=181.69 delivery=100.0 cold=0.0
[rep4 keep] C orig 2f_top28 pread: fq=183.76 delivery=100.0 cold=0.0
[rep4 keep] C orig 2f_top28 async: fq=181.57 delivery=100.0 cold=0.0
[rep4 keep] C orig 2e_K10 pread: fq=269.19 delivery=100.0 cold=0.0
[rep4 keep] C orig 2e_K10 async: fq=185.33 delivery=100.0 cold=0.0
[rep5 keep] A orig baseline baseline: fq=965.52 delivery=0.0 cold=0.0
[rep5 keep] B orig baseline baseline: fq=987.95 delivery=0.0 cold=0.0
[rep5 keep] C orig baseline baseline: fq=859.24 delivery=0.0 cold=0.0
[rep5 keep] A orig learned_markov_14 pread: fq=543.98 delivery=100.0 cold=0.0
[rep5 keep] A orig learned_markov_14 async: fq=546.5 delivery=100.0 cold=0.0
[rep5 keep] A orig learned_markov_28 pread: fq=543.4 delivery=100.0 cold=0.0
[rep5 keep] A orig learned_markov_28 async: fq=544.18 delivery=100.0 cold=0.0
[rep5 keep] A orig 2f_top14 pread: fq=185.11 delivery=100.0 cold=0.0
[rep5 keep] A orig 2f_top14 async: fq=198.56 delivery=100.0 cold=0.0
[rep5 keep] A orig 2f_top28 pread: fq=183.74 delivery=100.0 cold=0.0
[rep5 keep] A orig 2f_top28 async: fq=184.51 delivery=100.0 cold=0.0
[rep5 keep] A orig 2e_K10 pread: fq=181.5 delivery=100.0 cold=0.0
[rep5 keep] A orig 2e_K10 async: fq=193.1 delivery=100.0 cold=0.0
[rep5 keep] B orig learned_markov_14 pread: fq=559.61 delivery=100.0 cold=0.0
[rep5 keep] B orig learned_markov_14 async: fq=552.34 delivery=100.0 cold=0.0
[rep5 keep] B orig learned_markov_28 pread: fq=554.11 delivery=100.0 cold=0.0
[rep5 keep] B orig learned_markov_28 async: fq=549.77 delivery=100.0 cold=0.0
[rep5 keep] B orig 2f_top14 pread: fq=565.78 delivery=100.0 cold=0.0
[rep5 keep] B orig 2f_top14 async: fq=561.63 delivery=100.0 cold=0.0
[rep5 keep] B orig 2f_top28 pread: fq=559.02 delivery=100.0 cold=0.0
[rep5 keep] B orig 2f_top28 async: fq=618.01 delivery=100.0 cold=0.0
[rep5 keep] B orig 2e_K10 pread: fq=565.29 delivery=100.0 cold=0.0
[rep5 keep] B orig 2e_K10 async: fq=562.37 delivery=100.0 cold=0.0
[rep5 keep] C orig learned_markov_14 pread: fq=190.32 delivery=100.0 cold=0.0
[rep5 keep] C orig learned_markov_14 async: fq=191.29 delivery=100.0 cold=0.0
[rep5 keep] C orig learned_markov_28 pread: fq=186.3 delivery=100.0 cold=0.0
[rep5 keep] C orig learned_markov_28 async: fq=185.21 delivery=100.0 cold=0.0
[rep5 keep] C orig 2f_top14 pread: fq=187.86 delivery=100.0 cold=0.0
[rep5 keep] C orig 2f_top14 async: fq=190.6 delivery=100.0 cold=0.0
[rep5 keep] C orig 2f_top28 pread: fq=188.91 delivery=100.0 cold=0.0
[rep5 keep] C orig 2f_top28 async: fq=187.63 delivery=100.0 cold=0.0
[rep5 keep] C orig 2e_K10 pread: fq=189.64 delivery=100.0 cold=0.0
[rep5 keep] C orig 2e_K10 async: fq=181.0 delivery=100.0 cold=0.0
[rep6 keep] A orig baseline baseline: fq=1000.0 delivery=0.0 cold=0.0
[rep6 keep] B orig baseline baseline: fq=984.49 delivery=0.0 cold=0.0
[rep6 keep] C orig baseline baseline: fq=884.21 delivery=0.0 cold=0.0
[rep6 keep] A orig learned_markov_14 pread: fq=556.67 delivery=100.0 cold=0.0
[rep6 keep] A orig learned_markov_14 async: fq=565.99 delivery=100.0 cold=0.0
[rep6 keep] A orig learned_markov_28 pread: fq=556.8 delivery=100.0 cold=0.0
[rep6 keep] A orig learned_markov_28 async: fq=544.66 delivery=100.0 cold=0.0
[rep6 keep] A orig 2f_top14 pread: fq=181.98 delivery=100.0 cold=0.0
[rep6 keep] A orig 2f_top14 async: fq=186.5 delivery=100.0 cold=0.0
[rep6 keep] A orig 2f_top28 pread: fq=181.99 delivery=100.0 cold=0.0
[rep6 keep] A orig 2f_top28 async: fq=178.73 delivery=100.0 cold=0.0
[rep6 keep] A orig 2e_K10 pread: fq=182.58 delivery=100.0 cold=0.0
[rep6 keep] A orig 2e_K10 async: fq=182.82 delivery=100.0 cold=0.0
[rep6 keep] B orig learned_markov_14 pread: fq=549.92 delivery=100.0 cold=0.0
[rep6 keep] B orig learned_markov_14 async: fq=547.66 delivery=100.0 cold=0.0
[rep6 keep] B orig learned_markov_28 pread: fq=553.3 delivery=100.0 cold=0.0
[rep6 keep] B orig learned_markov_28 async: fq=555.81 delivery=100.0 cold=0.0
[rep6 keep] B orig 2f_top14 pread: fq=551.76 delivery=100.0 cold=0.0
[rep6 keep] B orig 2f_top14 async: fq=551.07 delivery=100.0 cold=0.0
[rep6 keep] B orig 2f_top28 pread: fq=543.34 delivery=100.0 cold=0.0
[rep6 keep] B orig 2f_top28 async: fq=540.8 delivery=100.0 cold=0.0
[rep6 keep] B orig 2e_K10 pread: fq=554.66 delivery=100.0 cold=0.0
[rep6 keep] B orig 2e_K10 async: fq=549.98 delivery=100.0 cold=0.0
[rep6 keep] C orig learned_markov_14 pread: fq=180.22 delivery=100.0 cold=0.0
[rep6 keep] C orig learned_markov_14 async: fq=183.95 delivery=100.0 cold=0.0
[rep6 keep] C orig learned_markov_28 pread: fq=180.11 delivery=100.0 cold=0.0
[rep6 keep] C orig learned_markov_28 async: fq=180.26 delivery=100.0 cold=0.0
[rep6 keep] C orig 2f_top14 pread: fq=183.94 delivery=100.0 cold=0.0
[rep6 keep] C orig 2f_top14 async: fq=183.5 delivery=100.0 cold=0.0
[rep6 keep] C orig 2f_top28 pread: fq=183.62 delivery=100.0 cold=0.0
[rep6 keep] C orig 2f_top28 async: fq=183.81 delivery=100.0 cold=0.0
[rep6 keep] C orig 2e_K10 pread: fq=186.58 delivery=100.0 cold=0.0
[rep6 keep] C orig 2e_K10 async: fq=179.39 delivery=100.0 cold=0.0
[rep7 keep] A orig baseline baseline: fq=976.0 delivery=0.0 cold=0.0
[rep7 keep] B orig baseline baseline: fq=995.55 delivery=0.0 cold=0.0
[rep7 keep] C orig baseline baseline: fq=886.28 delivery=0.0 cold=0.0
[rep7 keep] A orig learned_markov_14 pread: fq=542.87 delivery=100.0 cold=0.0
[rep7 keep] A orig learned_markov_14 async: fq=536.0 delivery=100.0 cold=0.0
[rep7 keep] A orig learned_markov_28 pread: fq=555.09 delivery=100.0 cold=0.0
[rep7 keep] A orig learned_markov_28 async: fq=544.44 delivery=100.0 cold=0.0
[rep7 keep] A orig 2f_top14 pread: fq=182.46 delivery=100.0 cold=0.0
[rep7 keep] A orig 2f_top14 async: fq=183.8 delivery=100.0 cold=0.0
[rep7 keep] A orig 2f_top28 pread: fq=185.21 delivery=100.0 cold=0.0
[rep7 keep] A orig 2f_top28 async: fq=183.12 delivery=100.0 cold=0.0
[rep7 keep] A orig 2e_K10 pread: fq=182.9 delivery=100.0 cold=0.0
[rep7 keep] A orig 2e_K10 async: fq=180.26 delivery=100.0 cold=0.0
[rep7 keep] B orig learned_markov_14 pread: fq=556.42 delivery=100.0 cold=0.0
[rep7 keep] B orig learned_markov_14 async: fq=496.07 delivery=100.0 cold=0.0
[rep7 keep] B orig learned_markov_28 pread: fq=554.19 delivery=100.0 cold=0.0
[rep7 keep] B orig learned_markov_28 async: fq=552.08 delivery=100.0 cold=0.0
[rep7 keep] B orig 2f_top14 pread: fq=557.36 delivery=100.0 cold=0.0
[rep7 keep] B orig 2f_top14 async: fq=552.97 delivery=100.0 cold=0.0
[rep7 keep] B orig 2f_top28 pread: fq=548.1 delivery=100.0 cold=0.0
[rep7 keep] B orig 2f_top28 async: fq=540.62 delivery=100.0 cold=0.0
[rep7 keep] B orig 2e_K10 pread: fq=579.4 delivery=100.0 cold=0.0
[rep7 keep] B orig 2e_K10 async: fq=489.38 delivery=100.0 cold=0.0
[rep7 keep] C orig learned_markov_14 pread: fq=180.74 delivery=100.0 cold=0.0
[rep7 keep] C orig learned_markov_14 async: fq=183.23 delivery=100.0 cold=0.0
[rep7 keep] C orig learned_markov_28 pread: fq=182.2 delivery=100.0 cold=0.0
[rep7 keep] C orig learned_markov_28 async: fq=180.12 delivery=100.0 cold=0.0
[rep7 keep] C orig 2f_top14 pread: fq=218.11 delivery=100.0 cold=0.0
[rep7 keep] C orig 2f_top14 async: fq=182.38 delivery=100.0 cold=0.0
[rep7 keep] C orig 2f_top28 pread: fq=179.95 delivery=100.0 cold=0.0
[rep7 keep] C orig 2f_top28 async: fq=183.25 delivery=100.0 cold=0.0
[rep7 keep] C orig 2e_K10 pread: fq=181.29 delivery=100.0 cold=0.0
[rep7 keep] C orig 2e_K10 async: fq=177.72 delivery=100.0 cold=0.0
[rep8 keep] A orig baseline baseline: fq=996.31 delivery=0.0 cold=0.0
[rep8 keep] B orig baseline baseline: fq=980.71 delivery=0.0 cold=0.0
[rep8 keep] C orig baseline baseline: fq=886.75 delivery=0.0 cold=0.0
[rep8 keep] A orig learned_markov_14 pread: fq=554.48 delivery=100.0 cold=0.0
[rep8 keep] A orig learned_markov_14 async: fq=545.61 delivery=100.0 cold=0.0
[rep8 keep] A orig learned_markov_28 pread: fq=544.24 delivery=100.0 cold=0.0
[rep8 keep] A orig learned_markov_28 async: fq=605.49 delivery=100.0 cold=0.0
[rep8 keep] A orig 2f_top14 pread: fq=192.64 delivery=100.0 cold=0.0
[rep8 keep] A orig 2f_top14 async: fq=210.55 delivery=100.0 cold=0.0
[rep8 keep] A orig 2f_top28 pread: fq=203.26 delivery=100.0 cold=0.0
[rep8 keep] A orig 2f_top28 async: fq=214.33 delivery=100.0 cold=0.0
[rep8 keep] A orig 2e_K10 pread: fq=213.86 delivery=100.0 cold=0.0
[rep8 keep] A orig 2e_K10 async: fq=205.0 delivery=100.0 cold=0.0
[rep8 keep] B orig learned_markov_14 pread: fq=587.99 delivery=100.0 cold=0.0
[rep8 keep] B orig learned_markov_14 async: fq=586.28 delivery=100.0 cold=0.0
[rep8 keep] B orig learned_markov_28 pread: fq=935.09 delivery=100.0 cold=0.0
[rep8 keep] B orig learned_markov_28 async: fq=597.34 delivery=100.0 cold=0.0
[rep8 keep] B orig 2f_top14 pread: fq=582.25 delivery=100.0 cold=0.0
[rep8 keep] B orig 2f_top14 async: fq=587.79 delivery=100.0 cold=0.0
[rep8 keep] B orig 2f_top28 pread: fq=630.4 delivery=100.0 cold=0.0
[rep8 keep] B orig 2f_top28 async: fq=574.09 delivery=100.0 cold=0.0
[rep8 keep] B orig 2e_K10 pread: fq=586.16 delivery=100.0 cold=0.0
[rep8 keep] B orig 2e_K10 async: fq=586.16 delivery=100.0 cold=0.0
[rep8 keep] C orig learned_markov_14 pread: fq=209.84 delivery=100.0 cold=0.0
[rep8 keep] C orig learned_markov_14 async: fq=211.19 delivery=100.0 cold=0.0
[rep8 keep] C orig learned_markov_28 pread: fq=205.93 delivery=100.0 cold=0.0
[rep8 keep] C orig learned_markov_28 async: fq=207.46 delivery=100.0 cold=0.0
[rep8 keep] C orig 2f_top14 pread: fq=210.09 delivery=100.0 cold=0.0
[rep8 keep] C orig 2f_top14 async: fq=212.92 delivery=100.0 cold=0.0
[rep8 keep] C orig 2f_top28 pread: fq=207.92 delivery=100.0 cold=0.0
[rep8 keep] C orig 2f_top28 async: fq=211.43 delivery=100.0 cold=0.0
[rep8 keep] C orig 2e_K10 pread: fq=212.84 delivery=100.0 cold=0.0
[rep8 keep] C orig 2e_K10 async: fq=208.76 delivery=100.0 cold=0.0
[rep9 keep] A orig baseline baseline: fq=1062.29 delivery=0.0 cold=0.0
[rep9 keep] B orig baseline baseline: fq=1050.59 delivery=0.0 cold=0.0
[rep9 keep] C orig baseline baseline: fq=921.32 delivery=0.0 cold=0.0
[rep9 keep] A orig learned_markov_14 pread: fq=574.34 delivery=100.0 cold=0.0
[rep9 keep] A orig learned_markov_14 async: fq=574.96 delivery=100.0 cold=0.0
[rep9 keep] A orig learned_markov_28 pread: fq=575.96 delivery=100.0 cold=0.0
[rep9 keep] A orig learned_markov_28 async: fq=570.65 delivery=100.0 cold=0.0
[rep9 keep] A orig 2f_top14 pread: fq=213.79 delivery=100.0 cold=0.0
[rep9 keep] A orig 2f_top14 async: fq=214.34 delivery=100.0 cold=0.0
[rep9 keep] A orig 2f_top28 pread: fq=211.44 delivery=100.0 cold=0.0
[rep9 keep] A orig 2f_top28 async: fq=212.75 delivery=100.0 cold=0.0
[rep9 keep] A orig 2e_K10 pread: fq=212.71 delivery=100.0 cold=0.0
[rep9 keep] A orig 2e_K10 async: fq=342.79 delivery=100.0 cold=0.0
[rep9 keep] B orig learned_markov_14 pread: fq=595.52 delivery=100.0 cold=0.0
[rep9 keep] B orig learned_markov_14 async: fq=590.81 delivery=100.0 cold=0.0
[rep9 keep] B orig learned_markov_28 pread: fq=595.72 delivery=100.0 cold=0.0
[rep9 keep] B orig learned_markov_28 async: fq=585.23 delivery=100.0 cold=0.0
[rep9 keep] B orig 2f_top14 pread: fq=588.96 delivery=100.0 cold=0.0
[rep9 keep] B orig 2f_top14 async: fq=594.81 delivery=100.0 cold=0.0
[rep9 keep] B orig 2f_top28 pread: fq=569.89 delivery=100.0 cold=0.0
[rep9 keep] B orig 2f_top28 async: fq=568.61 delivery=100.0 cold=0.0
[rep9 keep] B orig 2e_K10 pread: fq=556.29 delivery=100.0 cold=0.0
[rep9 keep] B orig 2e_K10 async: fq=558.92 delivery=100.0 cold=0.0
[rep9 keep] C orig learned_markov_14 pread: fq=185.98 delivery=100.0 cold=0.0
[rep9 keep] C orig learned_markov_14 async: fq=188.42 delivery=100.0 cold=0.0
[rep9 keep] C orig learned_markov_28 pread: fq=189.71 delivery=100.0 cold=0.0
[rep9 keep] C orig learned_markov_28 async: fq=190.06 delivery=100.0 cold=0.0
[rep9 keep] C orig 2f_top14 pread: fq=186.34 delivery=100.0 cold=0.0
[rep9 keep] C orig 2f_top14 async: fq=187.71 delivery=100.0 cold=0.0
[rep9 keep] C orig 2f_top28 pread: fq=185.19 delivery=100.0 cold=0.0
[rep9 keep] C orig 2f_top28 async: fq=188.16 delivery=100.0 cold=0.0
[rep9 keep] C orig 2e_K10 pread: fq=188.13 delivery=100.0 cold=0.0
[rep9 keep] C orig 2e_K10 async: fq=192.5 delivery=100.0 cold=0.0
[rep10 keep] A orig baseline baseline: fq=1009.85 delivery=0.0 cold=0.0
[rep10 keep] B orig baseline baseline: fq=1003.09 delivery=0.0 cold=0.0
[rep10 keep] C orig baseline baseline: fq=858.96 delivery=0.0 cold=0.0
[rep10 keep] A orig learned_markov_14 pread: fq=563.17 delivery=100.0 cold=0.0
[rep10 keep] A orig learned_markov_14 async: fq=548.97 delivery=100.0 cold=0.0
[rep10 keep] A orig learned_markov_28 pread: fq=564.11 delivery=100.0 cold=0.0
[rep10 keep] A orig learned_markov_28 async: fq=561.12 delivery=100.0 cold=0.0
[rep10 keep] A orig 2f_top14 pread: fq=189.16 delivery=100.0 cold=0.0
[rep10 keep] A orig 2f_top14 async: fq=190.71 delivery=100.0 cold=0.0
[rep10 keep] A orig 2f_top28 pread: fq=188.33 delivery=100.0 cold=0.0
[rep10 keep] A orig 2f_top28 async: fq=190.31 delivery=100.0 cold=0.0
[rep10 keep] A orig 2e_K10 pread: fq=188.66 delivery=100.0 cold=0.0
[rep10 keep] A orig 2e_K10 async: fq=191.17 delivery=100.0 cold=0.0
[rep10 keep] B orig learned_markov_14 pread: fq=563.95 delivery=100.0 cold=0.0
[rep10 keep] B orig learned_markov_14 async: fq=557.33 delivery=100.0 cold=0.0
[rep10 keep] B orig learned_markov_28 pread: fq=565.42 delivery=100.0 cold=0.0
[rep10 keep] B orig learned_markov_28 async: fq=561.31 delivery=100.0 cold=0.0
[rep10 keep] B orig 2f_top14 pread: fq=568.86 delivery=100.0 cold=0.0
[rep10 keep] B orig 2f_top14 async: fq=568.06 delivery=100.0 cold=0.0
[rep10 keep] B orig 2f_top28 pread: fq=553.72 delivery=100.0 cold=0.0
[rep10 keep] B orig 2f_top28 async: fq=549.9 delivery=100.0 cold=0.0
[rep10 keep] B orig 2e_K10 pread: fq=560.22 delivery=100.0 cold=0.0
[rep10 keep] B orig 2e_K10 async: fq=560.16 delivery=100.0 cold=0.0
[rep10 keep] C orig learned_markov_14 pread: fq=192.81 delivery=100.0 cold=0.0
[rep10 keep] C orig learned_markov_14 async: fq=335.58 delivery=100.0 cold=0.0
[rep10 keep] C orig learned_markov_28 pread: fq=191.11 delivery=100.0 cold=0.0
[rep10 keep] C orig learned_markov_28 async: fq=188.09 delivery=100.0 cold=0.0
[rep10 keep] C orig 2f_top14 pread: fq=186.74 delivery=100.0 cold=0.0
[rep10 keep] C orig 2f_top14 async: fq=187.01 delivery=100.0 cold=0.0
[rep10 keep] C orig 2f_top28 pread: fq=188.43 delivery=100.0 cold=0.0
[rep10 keep] C orig 2f_top28 async: fq=185.14 delivery=100.0 cold=0.0
[rep10 keep] C orig 2e_K10 pread: fq=183.78 delivery=100.0 cold=0.0
[rep10 keep] C orig 2e_K10 async: fq=188.04 delivery=100.0 cold=0.0
[rep11 keep] A orig baseline baseline: fq=979.97 delivery=0.0 cold=0.0
[rep11 keep] B orig baseline baseline: fq=986.61 delivery=0.0 cold=0.0
[rep11 keep] C orig baseline baseline: fq=866.73 delivery=0.0 cold=0.0
[rep11 keep] A orig learned_markov_14 pread: fq=550.8 delivery=100.0 cold=0.0
[rep11 keep] A orig learned_markov_14 async: fq=560.09 delivery=100.0 cold=0.0
[rep11 keep] A orig learned_markov_28 pread: fq=552.0 delivery=100.0 cold=0.0
[rep11 keep] A orig learned_markov_28 async: fq=548.4 delivery=100.0 cold=0.0
[rep11 keep] A orig 2f_top14 pread: fq=187.3 delivery=100.0 cold=0.0
[rep11 keep] A orig 2f_top14 async: fq=191.68 delivery=100.0 cold=0.0
[rep11 keep] A orig 2f_top28 pread: fq=186.75 delivery=100.0 cold=0.0
[rep11 keep] A orig 2f_top28 async: fq=186.27 delivery=100.0 cold=0.0
[rep11 keep] A orig 2e_K10 pread: fq=185.83 delivery=100.0 cold=0.0
[rep11 keep] A orig 2e_K10 async: fq=185.34 delivery=100.0 cold=0.0
[rep11 keep] B orig learned_markov_14 pread: fq=554.55 delivery=100.0 cold=0.0
[rep11 keep] B orig learned_markov_14 async: fq=552.53 delivery=100.0 cold=0.0
[rep11 keep] B orig learned_markov_28 pread: fq=553.51 delivery=100.0 cold=0.0
[rep11 keep] B orig learned_markov_28 async: fq=555.08 delivery=100.0 cold=0.0
[rep11 keep] B orig 2f_top14 pread: fq=555.4 delivery=100.0 cold=0.0
[rep11 keep] B orig 2f_top14 async: fq=555.92 delivery=100.0 cold=0.0
[rep11 keep] B orig 2f_top28 pread: fq=549.86 delivery=100.0 cold=0.0
[rep11 keep] B orig 2f_top28 async: fq=542.91 delivery=100.0 cold=0.0
[rep11 keep] B orig 2e_K10 pread: fq=557.86 delivery=100.0 cold=0.0
[rep11 keep] B orig 2e_K10 async: fq=550.89 delivery=100.0 cold=0.0
[rep11 keep] C orig learned_markov_14 pread: fq=181.32 delivery=100.0 cold=0.0
[rep11 keep] C orig learned_markov_14 async: fq=179.25 delivery=100.0 cold=0.0
[rep11 keep] C orig learned_markov_28 pread: fq=177.4 delivery=100.0 cold=0.0
[rep11 keep] C orig learned_markov_28 async: fq=180.83 delivery=100.0 cold=0.0
[rep11 keep] C orig 2f_top14 pread: fq=191.83 delivery=100.0 cold=0.0
[rep11 keep] C orig 2f_top14 async: fq=186.84 delivery=100.0 cold=0.0
[rep11 keep] C orig 2f_top28 pread: fq=181.59 delivery=100.0 cold=0.0
[rep11 keep] C orig 2f_top28 async: fq=184.16 delivery=100.0 cold=0.0
[rep11 keep] C orig 2e_K10 pread: fq=312.1 delivery=100.0 cold=0.0
[rep11 keep] C orig 2e_K10 async: fq=182.35 delivery=100.0 cold=0.0

done. raw=results/learned_10fold/seed10/raw.csv  summary=results/learned_10fold/seed10/summary.csv
--- merge ---
=== done 2026-07-30T07:35:23Z  raw=results/learned_10fold/raw.csv summary=results/learned_10fold/summary.csv (330 summary rows) ===
