workload,db,strategy,arm,ra_kb,rep,warmup,cold_pct,delivery_pct,first_query_us,preproc_us,open_us,deliver_us,parse_us,ranges,e2e_us,e2e_warm_us,avg_us,majflt,minflt,load,memavail_kb,ts
A,orig,baseline,baseline,128,1,1,0.00,0.00,549.70,0.00,0.00,0.00,,,549.70,549.70,2.09,180.00,270.00,0.64,42880404,2026-09-23T01:54:17Z
B,orig,baseline,baseline,128,1,1,0.00,0.00,736.76,0.00,0.00,0.00,,,736.76,736.76,2.14,181.00,273.00,0.67,42893492,2026-09-23T01:54:17Z
C,orig,baseline,baseline,128,1,1,0.00,0.00,1072.60,0.00,0.00,0.00,,,1072.60,1072.60,1.61,24.00,25.00,0.67,42894272,2026-09-23T01:54:18Z
C_hit,orig,baseline,baseline,128,1,1,0.00,0.00,1033.33,0.00,0.00,0.00,,,1033.33,1033.33,1.67,36.00,64.00,0.67,42895096,2026-09-23T01:54:18Z
A,orig,layers_5,pread,128,1,1,0.00,100.00,179.13,580.99,138.66,442.33,,,760.12,621.46,2.15,180.00,271.00,0.67,42897212,2026-09-23T01:54:18Z
A,orig,layers_5,async,128,1,1,0.00,100.00,389.95,209.19,140.10,69.09,,,599.14,459.04,2.14,180.00,271.00,0.67,42903192,2026-09-23T01:54:19Z
A,orig,layers_5,async_win,128,1,1,0.00,100.00,385.57,207.05,138.53,6.83,61.69,2.00,592.62,392.40,2.13,180.00,271.00,0.67,42903400,2026-09-23T01:54:19Z
A,orig,layers_5,async_bulk,128,1,1,0.00,100.00,395.48,208.25,138.75,7.66,61.85,2.00,603.73,403.14,2.10,180.00,271.00,0.67,42903592,2026-09-23T01:54:19Z
A,orig,layers_92,pread,128,1,1,0.00,100.00,181.33,9027.25,138.72,8888.53,,,9208.58,9069.86,2.13,177.00,286.00,0.67,42910232,2026-09-23T01:54:19Z
A,orig,layers_92,async,128,1,1,0.00,100.00,358.81,342.48,139.47,203.01,,,701.29,561.82,2.14,178.00,283.00,0.67,42910452,2026-09-23T01:54:20Z
A,orig,layers_92,async_win,128,1,1,0.00,100.00,359.30,315.44,138.71,110.60,66.13,87.00,674.74,469.90,2.15,178.00,283.00,0.67,42910756,2026-09-23T01:54:20Z
A,orig,layers_92,async_bulk,128,1,1,0.00,100.00,398.08,318.92,138.90,113.92,66.09,87.00,717.00,512.00,2.12,178.00,283.00,0.67,42906800,2026-09-23T01:54:20Z
A,orig,2d,pread,128,1,1,0.00,100.00,220.41,1848.93,142.23,1706.70,,,2069.34,1927.11,2.15,177.00,286.00,0.67,42914204,2026-09-23T01:54:21Z
A,orig,2d,async,128,1,1,0.00,100.00,359.13,222.72,137.54,85.18,,,581.85,444.31,2.15,178.00,283.00,0.67,42914140,2026-09-23T01:54:21Z
A,orig,2d,async_win,128,1,1,0.00,100.00,361.44,220.39,136.66,21.98,61.76,13.00,581.83,383.42,2.13,178.00,283.00,0.67,42916480,2026-09-23T01:54:21Z
A,orig,2d,async_bulk,128,1,1,0.00,100.00,356.69,221.57,137.58,22.76,61.23,13.00,578.26,379.45,2.13,178.00,283.00,0.67,42917184,2026-09-23T01:54:22Z
A,orig,2e_K10,pread,128,1,1,0.00,100.00,179.69,2665.66,138.30,2527.36,,,2845.35,2707.05,2.14,181.00,287.00,0.67,42916644,2026-09-23T01:54:22Z
A,orig,2e_K10,async,128,1,1,0.00,100.00,353.55,234.39,138.29,96.10,,,587.94,449.65,2.10,181.00,287.00,0.67,42924656,2026-09-23T01:54:22Z
A,orig,2e_K10,async_win,128,1,1,0.00,100.00,359.87,236.72,138.34,35.14,63.24,22.00,596.59,395.01,2.13,181.00,287.00,0.69,42924876,2026-09-23T01:54:23Z
A,orig,2e_K10,async_bulk,128,1,1,0.00,100.00,357.78,239.45,140.88,36.55,62.02,22.00,597.23,394.33,2.16,181.00,287.00,0.69,42925664,2026-09-23T01:54:23Z
A,orig,2e_K500,pread,128,1,1,0.00,100.00,181.57,21545.26,183.09,21362.17,,,21726.83,21543.74,2.04,169.00,427.00,0.69,42928192,2026-09-23T01:54:23Z
A,orig,2e_K500,async,128,1,1,0.00,100.00,181.41,1041.02,182.40,858.61,,,1222.43,1040.02,2.10,181.00,408.00,0.69,42931408,2026-09-23T01:54:24Z
A,orig,2e_K500,async_win,128,1,1,0.00,100.00,182.82,1024.96,180.53,714.81,129.61,492.00,1207.78,897.63,2.10,181.00,409.00,0.69,42931744,2026-09-23T01:54:24Z
A,orig,2e_K500,async_bulk,128,1,1,0.00,100.00,186.57,1017.83,180.35,708.74,128.74,492.00,1204.40,895.31,2.08,181.00,408.00,0.69,42931740,2026-09-23T01:54:24Z
A,orig,2f_top14,pread,128,1,1,0.00,100.00,356.53,1424.42,144.79,1279.62,,,1780.95,1636.15,2.14,182.00,281.00,0.69,42935784,2026-09-23T01:54:24Z
A,orig,2f_top14,async,128,1,1,0.00,100.00,387.02,224.38,144.46,79.92,,,611.40,466.94,2.16,182.00,281.00,0.69,42936316,2026-09-23T01:54:25Z
A,orig,2f_top14,async_win,128,1,1,0.00,100.00,404.92,224.64,142.78,19.90,61.97,13.00,629.56,424.82,2.15,182.00,281.00,0.69,42936744,2026-09-23T01:54:25Z
A,orig,2f_top14,async_bulk,128,1,1,0.00,100.00,354.00,225.26,143.79,19.08,62.40,13.00,579.26,373.08,2.11,182.00,281.00,0.69,42943576,2026-09-23T01:54:25Z
A,orig,2f_top28,pread,128,1,1,0.00,100.00,360.28,2603.09,187.74,2415.35,,,2963.37,2775.63,2.17,183.00,288.00,0.69,42937348,2026-09-23T01:54:26Z
A,orig,2f_top28,async,128,1,1,0.00,100.00,359.45,280.29,178.43,101.86,,,639.74,461.31,2.14,183.00,288.00,0.69,42951764,2026-09-23T01:54:26Z
A,orig,2f_top28,async_win,128,1,1,0.00,100.00,358.15,278.84,176.93,39.25,62.66,27.00,636.99,397.40,2.14,183.00,288.00,0.69,42953064,2026-09-23T01:54:26Z
A,orig,2f_top28,async_bulk,128,1,1,0.00,100.00,360.49,278.01,179.31,35.95,62.76,27.00,638.50,396.44,2.14,183.00,288.00,0.69,42954980,2026-09-23T01:54:27Z
A,orig,2f_top100,pread,128,1,1,0.00,100.00,245.91,8696.21,182.92,8513.28,,,8942.12,8759.19,2.14,183.00,324.00,0.69,42955488,2026-09-23T01:54:27Z
A,orig,2f_top100,async,128,1,1,0.00,100.00,248.39,377.91,181.28,196.63,,,626.30,445.02,2.15,183.00,324.00,0.69,42955788,2026-09-23T01:54:27Z
A,orig,2f_top100,async_win,128,1,1,0.00,100.00,250.67,373.54,181.13,125.71,66.70,99.00,624.21,376.38,2.15,183.00,324.00,0.72,42956444,2026-09-23T01:54:28Z
A,orig,2f_top100,async_bulk,128,1,1,0.00,100.00,246.89,365.44,178.75,120.56,66.13,99.00,612.33,367.45,2.11,183.00,324.00,0.72,42956428,2026-09-23T01:54:28Z
A,orig,2f_top500,pread,128,1,1,0.00,100.00,182.73,21300.56,151.68,21148.88,,,21483.29,21331.61,2.05,172.00,427.00,0.72,42959136,2026-09-23T01:54:28Z
A,orig,2f_top500,async,128,1,1,0.00,100.00,180.52,941.94,148.97,792.97,,,1122.46,973.49,2.07,179.00,411.00,0.72,42959388,2026-09-23T01:54:29Z
A,orig,2f_top500,async_win,128,1,1,0.00,100.00,184.23,936.12,140.03,705.52,90.57,481.00,1120.35,889.75,2.08,179.00,411.00,0.72,42959592,2026-09-23T01:54:29Z
A,orig,2f_top500,async_bulk,128,1,1,0.00,100.00,186.03,930.16,139.93,699.96,90.27,481.00,1116.19,885.99,2.07,179.00,412.00,0.72,42960448,2026-09-23T01:54:29Z
A,orig,2f_slru,pread,128,1,1,0.00,100.00,94.72,17787.49,63.05,17724.44,,,17882.21,17819.16,1.54,0.00,278.00,0.72,42962304,2026-09-23T01:54:29Z
A,orig,2f_slru,async,128,1,1,0.00,100.00,97.47,7291.10,185.01,7106.09,,,7388.57,7203.56,1.55,0.00,278.00,0.72,42960256,2026-09-23T01:54:30Z
A,orig,2f_slru,async_win,128,1,1,0.00,82.70,95.35,2484.24,184.31,1903.74,396.19,138.00,2579.59,1999.09,1.58,0.00,278.00,0.72,42961304,2026-09-23T01:54:30Z
A,orig,2f_slru,async_bulk,128,1,1,0.00,1.40,389.45,654.76,180.17,81.39,393.20,2.00,1044.21,470.84,2.14,178.00,269.00,0.72,42963064,2026-09-23T01:54:30Z
A,orig,leaf_freq_K10,pread,128,1,1,0.00,100.00,488.97,996.61,66.92,929.70,,,1485.58,1418.67,2.12,183.00,274.00,0.72,42963100,2026-09-23T01:54:31Z
A,orig,leaf_freq_K10,async,128,1,1,0.00,100.00,486.87,260.23,184.61,75.62,,,747.10,562.49,2.12,183.00,274.00,0.72,42962616,2026-09-23T01:54:31Z
A,orig,leaf_freq_K10,async_win,128,1,1,0.00,100.00,485.63,257.69,179.76,14.98,62.95,10.00,743.32,500.61,2.11,183.00,274.00,0.72,42960232,2026-09-23T01:54:31Z
A,orig,leaf_freq_K10,async_bulk,128,1,1,0.00,100.00,487.50,259.21,181.79,15.45,61.97,10.00,746.71,502.95,2.17,183.00,274.00,0.72,42980740,2026-09-23T01:54:31Z
A,orig,leaf_rand_K10,pread,128,1,1,0.00,100.00,488.14,932.01,65.17,866.84,,,1420.15,1354.98,2.09,180.00,270.00,0.72,42982676,2026-09-23T01:54:32Z
A,orig,leaf_rand_K10,async,128,1,1,0.00,100.00,485.49,262.38,183.50,78.89,,,747.87,564.38,2.15,180.00,270.00,0.72,42982812,2026-09-23T01:54:32Z
A,orig,leaf_rand_K10,async_win,128,1,1,0.00,100.00,484.58,260.70,183.06,15.94,61.71,10.00,745.28,500.52,2.11,180.00,270.00,0.74,42983328,2026-09-23T01:54:32Z
A,orig,leaf_rand_K10,async_bulk,128,1,1,0.00,100.00,484.87,260.79,184.77,14.01,62.02,10.00,745.66,498.88,2.11,180.00,270.00,0.74,42983656,2026-09-23T01:54:33Z
A,orig,learned_markov_14,pread,128,1,1,0.00,100.00,357.52,1434.58,184.53,1250.05,,,1792.10,1607.57,2.11,178.00,283.00,0.74,42984840,2026-09-23T01:54:33Z
A,orig,learned_markov_14,async,128,1,1,0.00,100.00,361.06,263.27,182.87,80.40,,,624.33,441.46,2.15,178.00,282.00,0.74,42984304,2026-09-23T01:54:33Z
A,orig,learned_markov_14,async_win,128,1,1,0.00,100.00,406.95,265.70,183.59,20.08,62.03,13.00,672.65,427.03,2.12,178.00,283.00,0.74,42984332,2026-09-23T01:54:34Z
A,orig,learned_markov_14,async_bulk,128,1,1,0.00,100.00,355.48,276.07,183.66,30.24,62.17,13.00,631.55,385.72,2.14,178.00,282.00,0.74,42985432,2026-09-23T01:54:34Z
A,orig,learned_markov_28,pread,128,1,1,0.00,100.00,356.94,2685.20,146.67,2538.53,,,3042.14,2895.47,2.13,178.00,285.00,0.74,42985832,2026-09-23T01:54:34Z
A,orig,learned_markov_28,async,128,1,1,0.00,100.00,354.11,232.52,131.60,100.92,,,586.63,455.03,2.13,178.00,286.00,0.74,42986112,2026-09-23T01:54:35Z
A,orig,learned_markov_28,async_win,128,1,1,0.00,100.00,405.70,229.53,135.72,34.73,59.08,26.00,635.23,440.43,2.12,178.00,286.00,0.74,42986808,2026-09-23T01:54:35Z
A,orig,learned_markov_28,async_bulk,128,1,1,0.00,100.00,358.60,233.93,137.01,34.23,62.70,26.00,592.53,392.83,2.13,178.00,286.00,0.74,42986700,2026-09-23T01:54:35Z
B,orig,layers_5,pread,128,1,1,0.00,100.00,404.93,509.08,64.29,444.79,,,914.01,849.72,2.19,181.00,273.00,0.74,42987624,2026-09-23T01:54:36Z
B,orig,layers_5,async,128,1,1,0.00,100.00,417.30,258.12,188.62,69.50,,,675.42,486.80,2.21,182.00,272.00,0.74,42987552,2026-09-23T01:54:36Z
B,orig,layers_5,async_win,128,1,1,0.00,100.00,418.82,248.62,179.52,7.39,61.71,2.00,667.44,426.21,2.20,182.00,272.00,0.74,42970200,2026-09-23T01:54:36Z
B,orig,layers_5,async_bulk,128,1,1,0.00,100.00,415.53,252.22,183.65,7.47,61.10,2.00,667.75,423.00,2.21,182.00,272.00,0.74,42976716,2026-09-23T01:54:36Z
B,orig,layers_92,pread,128,1,1,0.00,100.00,397.66,8185.92,177.77,8008.15,,,8583.58,8405.81,2.21,180.00,281.00,0.74,42969400,2026-09-23T01:54:37Z
B,orig,layers_92,async,128,1,1,0.00,100.00,416.96,383.24,187.47,195.77,,,800.20,612.73,2.19,181.00,278.00,0.74,42969472,2026-09-23T01:54:37Z
B,orig,layers_92,async_win,128,1,1,0.00,100.00,400.73,364.39,182.62,116.31,65.46,87.00,765.12,517.04,2.17,181.00,277.00,0.76,42969276,2026-09-23T01:54:37Z
B,orig,layers_92,async_bulk,128,1,1,0.00,100.00,411.21,368.66,182.56,119.88,66.22,87.00,779.87,531.09,2.15,181.00,278.00,0.76,42969632,2026-09-23T01:54:38Z
B,orig,2d,pread,128,1,1,0.00,100.00,403.87,1896.56,150.58,1745.97,,,2300.43,2149.84,2.19,180.00,281.00,0.76,42969796,2026-09-23T01:54:38Z
B,orig,2d,async,128,1,1,0.00,100.00,400.53,233.89,148.47,85.42,,,634.42,485.95,2.15,181.00,277.00,0.76,42969460,2026-09-23T01:54:38Z
B,orig,2d,async_win,128,1,1,0.00,100.00,400.37,236.44,153.25,21.07,62.12,13.00,636.81,421.44,2.16,181.00,278.00,0.76,42969236,2026-09-23T01:54:39Z
B,orig,2d,async_bulk,128,1,1,0.00,100.00,416.77,233.08,147.73,23.07,62.28,13.00,649.85,439.84,2.21,181.00,278.00,0.76,42970416,2026-09-23T01:54:39Z
B,orig,2e_K10,pread,128,1,1,0.00,100.00,407.19,2801.12,151.07,2650.04,,,3208.31,3057.23,2.17,180.00,283.00,0.76,42969740,2026-09-23T01:54:39Z
B,orig,2e_K10,async,128,1,1,0.00,100.00,404.19,247.02,151.85,95.17,,,651.21,499.36,2.16,181.00,281.00,0.76,42970736,2026-09-23T01:54:40Z
B,orig,2e_K10,async_win,128,1,1,0.00,100.00,412.69,246.39,150.90,33.23,62.26,23.00,659.08,445.92,2.12,181.00,281.00,0.76,42971260,2026-09-23T01:54:40Z
B,orig,2e_K10,async_bulk,128,1,1,0.00,100.00,407.46,246.73,151.65,32.78,62.31,23.00,654.19,440.24,2.15,181.00,280.00,0.76,42971164,2026-09-23T01:54:40Z
B,orig,2e_K500,pread,128,1,1,0.00,100.00,460.47,21420.98,133.67,21287.31,,,21881.45,21747.78,2.09,166.00,383.00,0.76,42972076,2026-09-23T01:54:41Z
B,orig,2e_K500,async,128,1,1,0.00,100.00,452.89,1009.15,149.95,859.20,,,1462.04,1312.09,2.17,186.00,324.00,0.76,42972304,2026-09-23T01:54:41Z
B,orig,2e_K500,async_win,128,1,1,0.00,100.00,452.74,867.65,149.99,627.10,90.56,460.00,1320.39,1079.84,2.15,186.00,323.00,0.76,42971136,2026-09-23T01:54:41Z
B,orig,2e_K500,async_bulk,128,1,1,0.00,100.00,456.81,921.89,146.50,686.20,89.19,460.00,1378.70,1143.01,2.16,186.00,322.00,0.76,42957092,2026-09-23T01:54:42Z
B,orig,2f_top14,pread,128,1,1,0.00,100.00,411.91,1393.32,147.25,1246.07,,,1805.23,1657.98,2.17,181.00,277.00,0.76,42957844,2026-09-23T01:54:42Z
B,orig,2f_top14,async,128,1,1,0.00,100.00,414.29,218.10,137.41,80.69,,,632.39,494.98,2.19,181.00,277.00,0.76,42958096,2026-09-23T01:54:42Z
B,orig,2f_top14,async_win,128,1,1,0.00,100.00,397.79,209.60,130.05,19.04,60.51,13.00,607.39,416.83,2.15,181.00,277.00,0.78,42957544,2026-09-23T01:54:42Z
B,orig,2f_top14,async_bulk,128,1,1,0.00,100.00,406.04,218.56,136.89,19.92,61.76,13.00,624.60,425.96,2.21,181.00,277.00,0.78,42957912,2026-09-23T01:54:43Z
B,orig,2f_top28,pread,128,1,1,0.00,100.00,411.01,2577.16,101.79,2475.37,,,2988.17,2886.38,2.17,181.00,279.00,0.78,42958296,2026-09-23T01:54:43Z
B,orig,2f_top28,async,128,1,1,0.00,100.00,416.08,245.06,146.69,98.36,,,661.14,514.44,2.19,181.00,279.00,0.78,42957916,2026-09-23T01:54:43Z
B,orig,2f_top28,async_win,128,1,1,0.00,100.00,408.02,248.13,149.28,36.11,62.74,27.00,656.15,444.13,2.19,181.00,280.00,0.78,42958000,2026-09-23T01:54:44Z
B,orig,2f_top28,async_bulk,128,1,1,0.00,100.00,398.94,243.07,146.43,35.58,61.06,27.00,642.01,434.52,2.14,181.00,280.00,0.78,42958208,2026-09-23T01:54:44Z
B,orig,2f_top100,pread,128,1,1,0.00,100.00,412.09,8781.70,85.31,8696.39,,,9193.79,9108.48,2.18,184.00,296.00,0.78,42958652,2026-09-23T01:54:44Z
B,orig,2f_top100,async,128,1,1,0.00,100.00,400.38,434.04,242.91,191.13,,,834.42,591.51,2.19,185.00,293.00,0.78,42957844,2026-09-23T01:54:45Z
B,orig,2f_top100,async_win,128,1,1,0.00,100.00,416.40,414.26,228.97,119.87,65.42,95.00,830.66,536.27,2.20,185.00,293.00,0.78,42957600,2026-09-23T01:54:45Z
B,orig,2f_top100,async_bulk,128,1,1,0.00,100.00,407.51,410.53,226.48,119.73,64.32,95.00,818.04,527.24,2.14,185.00,293.00,0.78,42958348,2026-09-23T01:54:45Z
B,orig,2f_top500,pread,128,1,1,0.00,100.00,429.36,19021.13,203.65,18817.48,,,19450.49,19246.84,2.14,172.00,380.00,0.78,42959212,2026-09-23T01:54:46Z
B,orig,2f_top500,async,128,1,1,0.00,100.00,454.52,1037.37,211.54,825.83,,,1491.89,1280.35,2.16,186.00,327.00,0.78,42960100,2026-09-23T01:54:46Z
B,orig,2f_top500,async_win,128,1,1,0.00,100.00,451.06,956.86,210.94,656.62,89.30,449.00,1407.92,1107.68,2.13,186.00,328.00,0.78,42958852,2026-09-23T01:54:46Z
B,orig,2f_top500,async_bulk,128,1,1,0.00,100.00,455.40,959.02,194.62,675.10,89.31,449.00,1414.42,1130.50,2.16,186.00,326.00,0.78,42958532,2026-09-23T01:54:47Z
B,orig,2f_slru,pread,128,1,1,0.00,100.00,95.29,17968.35,161.95,17806.40,,,18063.64,17901.69,1.58,0.00,278.00,0.78,42956572,2026-09-23T01:54:47Z
B,orig,2f_slru,async,128,1,1,0.00,100.00,97.02,7345.83,212.80,7133.03,,,7442.85,7230.05,1.63,0.00,278.00,0.78,42954132,2026-09-23T01:54:47Z
B,orig,2f_slru,async_win,128,1,1,0.00,78.30,95.59,2385.57,211.95,1855.27,318.35,139.00,2481.16,1950.86,1.62,0.00,278.00,0.80,42956572,2026-09-23T01:54:47Z
B,orig,2f_slru,async_bulk,128,1,1,0.00,1.40,625.21,599.70,195.38,80.08,324.24,2.00,1224.91,705.29,2.22,180.00,271.00,0.80,42958196,2026-09-23T01:54:48Z
B,orig,leaf_freq_K10,pread,128,1,1,0.00,100.00,720.04,1045.19,157.82,887.38,,,1765.23,1607.42,2.18,181.00,275.00,0.80,42958416,2026-09-23T01:54:48Z
B,orig,leaf_freq_K10,async,128,1,1,0.00,100.00,715.26,283.18,209.11,74.07,,,998.44,789.33,2.15,181.00,275.00,0.80,42957404,2026-09-23T01:54:48Z
B,orig,leaf_freq_K10,async_win,128,1,1,0.00,100.00,721.31,288.51,209.99,16.49,62.04,10.00,1009.82,737.80,2.18,181.00,275.00,0.80,42957036,2026-09-23T01:54:49Z
B,orig,leaf_freq_K10,async_bulk,128,1,1,0.00,100.00,711.76,284.29,207.78,15.34,61.18,10.00,996.05,727.10,2.19,181.00,276.00,0.80,42956484,2026-09-23T01:54:49Z
B,orig,leaf_rand_K10,pread,128,1,1,0.00,100.00,710.78,1006.32,84.68,921.64,,,1717.10,1632.42,2.17,181.00,276.00,0.80,42956872,2026-09-23T01:54:49Z
B,orig,leaf_rand_K10,async,128,1,1,0.00,100.00,708.97,320.63,244.76,75.87,,,1029.60,784.84,2.14,181.00,276.00,0.80,42957452,2026-09-23T01:54:50Z
B,orig,leaf_rand_K10,async_win,128,1,1,0.00,100.00,719.43,318.85,245.42,16.37,57.06,10.00,1038.28,735.80,2.21,181.00,276.00,0.80,42957860,2026-09-23T01:54:50Z
B,orig,leaf_rand_K10,async_bulk,128,1,1,0.00,100.00,727.82,321.03,243.76,15.80,61.48,10.00,1048.85,743.62,2.21,181.00,276.00,0.80,42957936,2026-09-23T01:54:50Z
B,orig,learned_markov_14,pread,128,1,1,0.00,100.00,417.76,1476.93,200.09,1276.84,,,1894.69,1694.60,2.20,181.00,278.00,0.80,42957176,2026-09-23T01:54:51Z
B,orig,learned_markov_14,async,128,1,1,0.00,100.00,415.48,262.07,182.57,79.50,,,677.55,494.98,2.20,181.00,278.00,0.80,42957800,2026-09-23T01:54:51Z
B,orig,learned_markov_14,async_win,128,1,1,0.00,100.00,402.77,263.83,182.96,19.40,61.47,13.00,666.60,422.17,2.20,181.00,278.00,0.80,42957168,2026-09-23T01:54:51Z
B,orig,learned_markov_14,async_bulk,128,1,1,0.00,100.00,401.77,262.85,181.84,19.97,61.04,13.00,664.62,421.74,2.14,181.00,278.00,0.80,42957704,2026-09-23T01:54:52Z
B,orig,learned_markov_28,pread,128,1,1,0.00,100.00,405.00,2510.58,205.33,2305.25,,,2915.58,2710.25,2.18,180.00,281.00,0.80,42975148,2026-09-23T01:54:52Z
B,orig,learned_markov_28,async,128,1,1,0.00,100.00,406.57,326.92,227.15,99.77,,,733.49,506.34,2.16,180.00,281.00,0.80,42970300,2026-09-23T01:54:52Z
B,orig,learned_markov_28,async_win,128,1,1,0.00,100.00,402.08,337.29,236.29,38.22,62.78,27.00,739.37,440.30,2.21,180.00,281.00,0.82,42972212,2026-09-23T01:54:52Z
B,orig,learned_markov_28,async_bulk,128,1,1,0.00,100.00,403.54,331.40,231.40,37.57,62.44,27.00,734.94,441.11,2.13,180.00,281.00,0.82,42972596,2026-09-23T01:54:53Z
C,orig,layers_5,pread,128,1,1,0.00,100.00,976.78,688.57,243.20,445.38,,,1665.35,1422.16,1.59,24.00,25.00,0.82,42973208,2026-09-23T01:54:53Z
C,orig,layers_5,async,128,1,1,0.00,100.00,1034.72,306.37,236.60,69.76,,,1341.09,1104.48,1.60,24.00,25.00,0.82,42975208,2026-09-23T01:54:53Z
C,orig,layers_5,async_win,128,1,1,0.00,100.00,1029.22,294.19,225.64,7.76,60.78,2.00,1323.41,1036.98,1.61,24.00,25.00,0.82,42975056,2026-09-23T01:54:54Z
C,orig,layers_5,async_bulk,128,1,1,0.00,100.00,1035.43,297.49,228.47,7.61,61.41,2.00,1332.92,1043.04,1.59,24.00,25.00,0.82,42975420,2026-09-23T01:54:54Z
C,orig,layers_92,pread,128,1,1,0.00,100.00,650.26,8287.18,236.78,8050.40,,,8937.44,8700.66,1.59,24.00,25.00,0.82,42975260,2026-09-23T01:54:54Z
C,orig,layers_92,async,128,1,1,0.00,100.00,648.54,430.51,236.53,193.98,,,1079.05,842.52,1.61,24.00,25.00,0.82,42975908,2026-09-23T01:54:54Z
C,orig,layers_92,async_win,128,1,1,0.00,100.00,654.74,408.94,236.47,102.59,69.87,87.00,1063.68,757.33,1.59,24.00,25.00,0.82,42976668,2026-09-23T01:54:55Z
C,orig,layers_92,async_bulk,128,1,1,0.00,100.00,617.17,408.06,224.94,119.13,63.98,87.00,1025.23,736.30,1.61,24.00,25.00,0.82,42976808,2026-09-23T01:54:55Z
C,orig,2d,pread,128,1,1,0.00,100.00,651.13,551.73,194.83,356.90,,,1202.86,1008.03,1.59,24.00,25.00,0.82,42976376,2026-09-23T01:54:55Z
C,orig,2d,async,128,1,1,0.00,100.00,646.24,269.57,202.90,66.67,,,915.81,712.91,1.60,24.00,25.00,0.82,42977180,2026-09-23T01:54:55Z
C,orig,2d,async_win,128,1,1,0.00,100.00,654.25,269.30,202.10,6.67,60.52,2.00,923.55,660.92,1.59,24.00,25.00,0.82,42977588,2026-09-23T01:54:56Z
C,orig,2d,async_bulk,128,1,1,0.00,100.00,653.84,266.36,199.87,6.56,59.93,2.00,920.20,660.40,1.60,24.00,25.00,0.82,42978052,2026-09-23T01:54:56Z
C,orig,2e_K10,pread,128,1,1,0.00,100.00,176.59,1379.23,244.87,1134.36,,,1555.82,1310.95,1.60,22.00,28.00,0.82,42977812,2026-09-23T01:54:56Z
C,orig,2e_K10,async,128,1,1,0.00,100.00,173.31,321.99,243.03,78.96,,,495.30,252.27,1.60,22.00,27.00,0.82,42978372,2026-09-23T01:54:56Z
C,orig,2e_K10,async_win,128,1,1,0.00,100.00,174.46,318.90,242.59,15.55,60.76,8.00,493.36,190.01,1.60,22.00,27.00,0.82,42979204,2026-09-23T01:54:57Z
C,orig,2e_K10,async_bulk,128,1,1,0.00,100.00,174.40,309.66,234.95,15.70,59.01,8.00,484.06,190.10,1.61,22.00,27.00,0.82,42979372,2026-09-23T01:54:57Z
C,orig,2e_K500,pread,128,1,1,0.00,100.00,172.72,2400.22,234.91,2165.31,,,2572.94,2338.03,1.52,0.00,37.00,0.82,42965548,2026-09-23T01:54:57Z
C,orig,2e_K500,async,128,1,1,0.00,68.30,177.03,721.66,238.30,483.36,,,898.69,660.39,1.53,0.00,37.00,0.83,42960416,2026-09-23T01:54:57Z
C,orig,2e_K500,async_win,128,1,1,0.00,42.30,177.66,544.15,237.83,223.05,83.28,90.00,721.81,400.71,1.53,0.00,37.00,0.83,42961832,2026-09-23T01:54:58Z
C,orig,2e_K500,async_bulk,128,1,1,0.00,98.20,174.85,540.15,237.15,222.31,80.70,90.00,715.00,397.16,1.53,0.00,37.00,0.83,42961632,2026-09-23T01:54:58Z
C,orig,2f_top14,pread,128,1,1,0.00,100.00,174.24,1299.15,230.42,1068.73,,,1473.39,1242.97,1.61,21.00,28.00,0.83,42962532,2026-09-23T01:54:58Z
C,orig,2f_top14,async,128,1,1,0.00,100.00,177.41,301.08,223.64,77.44,,,478.49,254.85,1.61,22.00,27.00,0.83,42961400,2026-09-23T01:54:58Z
C,orig,2f_top14,async_win,128,1,1,0.00,100.00,178.07,299.69,222.47,15.72,61.51,9.00,477.76,193.79,1.59,22.00,27.00,0.83,42962060,2026-09-23T01:54:59Z
C,orig,2f_top14,async_bulk,128,1,1,0.00,100.00,175.03,300.20,224.08,15.26,60.87,9.00,475.23,190.29,1.59,22.00,27.00,0.83,42962572,2026-09-23T01:54:59Z
C,orig,2f_top28,pread,128,1,1,0.00,100.00,173.99,1331.59,228.22,1103.38,,,1505.58,1277.37,1.58,20.00,29.00,0.83,42962660,2026-09-23T01:54:59Z
C,orig,2f_top28,async,128,1,1,0.00,100.00,175.85,325.23,230.43,94.80,,,501.08,270.65,1.61,21.00,28.00,0.83,42962636,2026-09-23T01:54:59Z
C,orig,2f_top28,async_win,128,1,1,0.00,100.00,172.97,309.05,221.41,25.96,61.69,13.00,482.02,198.93,1.59,21.00,28.00,0.83,42962880,2026-09-23T01:55:00Z
C,orig,2f_top28,async_bulk,128,1,1,0.00,100.00,174.03,309.93,222.63,26.34,60.97,13.00,483.96,200.37,1.60,21.00,28.00,0.83,42963520,2026-09-23T01:55:00Z
C,orig,2f_top100,pread,128,1,1,0.00,100.00,170.94,1393.79,193.96,1199.84,,,1564.73,1370.78,1.57,14.00,30.00,0.83,42963504,2026-09-23T01:55:00Z
C,orig,2f_top100,async,128,1,1,0.00,100.00,176.63,372.36,194.61,177.75,,,548.99,354.38,1.60,17.00,30.00,0.83,42964536,2026-09-23T01:55:00Z
C,orig,2f_top100,async_win,128,1,1,0.00,100.00,175.65,318.07,182.30,70.68,65.08,32.00,493.72,246.33,1.60,17.00,30.00,0.83,42940720,2026-09-23T01:55:01Z
C,orig,2f_top100,async_bulk,128,1,1,0.00,68.00,179.46,317.94,182.85,69.06,66.02,32.00,497.40,248.52,1.59,17.00,30.00,0.83,42940936,2026-09-23T01:55:01Z
C,orig,2f_top500,pread,128,1,1,0.00,100.00,90.16,2998.72,194.09,2804.62,,,3088.88,2894.78,1.54,0.00,37.00,0.83,42941196,2026-09-23T01:55:01Z
C,orig,2f_top500,async,128,1,1,0.00,100.00,89.83,939.22,192.42,746.79,,,1029.05,836.62,1.53,0.00,37.00,0.83,42941892,2026-09-23T01:55:01Z
C,orig,2f_top500,async_win,128,1,1,0.00,93.40,89.19,502.79,193.22,220.23,89.33,16.00,591.98,309.42,1.55,0.00,37.00,0.83,42942912,2026-09-23T01:55:02Z
C,orig,2f_top500,async_bulk,128,1,1,0.00,13.30,463.48,309.84,182.54,37.74,89.56,2.00,773.32,501.22,1.59,23.00,27.00,0.83,42943020,2026-09-23T01:55:02Z
C,orig,2f_slru,pread,128,1,1,0.00,100.00,83.94,3069.73,238.45,2831.28,,,3153.67,2915.22,1.52,0.00,37.00,0.83,42941484,2026-09-23T01:55:02Z
C,orig,2f_slru,async,128,1,1,0.00,100.00,93.89,993.77,239.37,754.40,,,1087.66,848.29,1.54,0.00,37.00,0.92,42943032,2026-09-23T01:55:03Z
C,orig,2f_slru,async_win,128,1,1,0.00,100.00,90.13,553.07,243.68,220.00,89.39,16.00,643.20,310.13,1.54,0.00,37.00,0.92,42944560,2026-09-23T01:55:03Z
C,orig,2f_slru,async_bulk,128,1,1,0.00,13.30,464.06,369.57,240.71,39.59,89.27,2.00,833.63,503.65,1.59,23.00,27.00,0.92,42944688,2026-09-23T01:55:03Z
C,orig,leaf_freq_K10,pread,128,1,1,0.00,100.00,665.87,939.40,120.14,819.26,,,1605.27,1485.13,1.58,22.00,28.00,0.92,42944848,2026-09-23T01:55:03Z
C,orig,leaf_freq_K10,async,128,1,1,0.00,100.00,566.98,312.58,239.22,73.36,,,879.56,640.34,1.70,22.00,27.00,0.92,42944540,2026-09-23T01:55:04Z
C,orig,leaf_freq_K10,async_win,128,1,1,0.00,100.00,568.84,321.60,246.80,13.43,61.38,6.00,890.44,582.27,1.61,22.00,27.00,0.92,42945664,2026-09-23T01:55:04Z
C,orig,leaf_freq_K10,async_bulk,128,1,1,0.00,100.00,565.87,309.81,233.25,15.09,61.48,6.00,875.68,580.96,1.58,22.00,27.00,0.92,42945808,2026-09-23T01:55:04Z
C,orig,leaf_rand_K10,pread,128,1,1,0.00,100.00,1052.56,948.31,80.79,867.52,,,2000.87,1920.08,1.61,24.00,25.00,0.92,42946136,2026-09-23T01:55:04Z
C,orig,leaf_rand_K10,async,128,1,1,0.00,100.00,1052.71,299.44,224.81,74.63,,,1352.15,1127.34,1.59,24.00,25.00,0.92,42946520,2026-09-23T01:55:05Z
C,orig,leaf_rand_K10,async_win,128,1,1,0.00,100.00,1048.79,298.10,221.65,15.44,61.01,10.00,1346.89,1064.23,1.60,24.00,25.00,0.92,42946804,2026-09-23T01:55:05Z
C,orig,leaf_rand_K10,async_bulk,128,1,1,0.00,100.00,1054.89,302.44,225.55,14.57,62.32,10.00,1357.33,1069.46,1.60,24.00,25.00,0.92,42947036,2026-09-23T01:55:05Z
C,orig,learned_markov_14,pread,128,1,1,0.00,100.00,173.77,1124.49,82.73,1041.76,,,1298.26,1215.53,1.59,21.00,28.00,0.92,42947132,2026-09-23T01:55:05Z
C,orig,learned_markov_14,async,128,1,1,0.00,100.00,174.88,306.82,228.03,78.79,,,481.70,253.67,1.60,22.00,27.00,0.92,42947508,2026-09-23T01:55:06Z
C,orig,learned_markov_14,async_win,128,1,1,0.00,100.00,178.95,303.67,226.43,15.73,61.52,9.00,482.62,194.68,1.60,22.00,27.00,0.92,42947308,2026-09-23T01:55:06Z
C,orig,learned_markov_14,async_bulk,128,1,1,0.00,100.00,176.12,303.49,224.44,17.41,61.64,9.00,479.61,193.53,1.59,22.00,27.00,0.92,42948436,2026-09-23T01:55:06Z
C,orig,learned_markov_28,pread,128,1,1,0.00,100.00,175.14,1266.60,162.58,1104.03,,,1441.74,1279.17,1.62,20.00,29.00,0.92,42947828,2026-09-23T01:55:06Z
C,orig,learned_markov_28,async,128,1,1,0.00,100.00,174.68,287.55,186.85,100.70,,,462.23,275.38,1.62,21.00,28.00,0.92,42948116,2026-09-23T01:55:07Z
C,orig,learned_markov_28,async_win,128,1,1,0.00,100.00,176.12,275.89,185.25,26.23,64.41,13.00,452.01,202.35,1.58,21.00,28.00,0.92,42947484,2026-09-23T01:55:07Z
C,orig,learned_markov_28,async_bulk,128,1,1,0.00,100.00,175.81,270.37,183.97,25.28,61.12,13.00,446.18,201.09,1.59,21.00,28.00,0.92,42949232,2026-09-23T01:55:07Z
C_hit,orig,layers_5,pread,128,1,1,0.00,100.00,931.38,561.81,118.07,443.73,,,1493.19,1375.11,1.66,36.00,64.00,0.93,42947900,2026-09-23T01:55:07Z
C_hit,orig,layers_5,async,128,1,1,0.00,100.00,937.92,305.86,237.74,68.12,,,1243.78,1006.04,1.67,36.00,64.00,0.93,42932140,2026-09-23T01:55:08Z
C_hit,orig,layers_5,async_win,128,1,1,0.00,100.00,929.58,313.04,243.67,8.28,61.09,2.00,1242.62,937.86,1.67,36.00,64.00,0.93,42944012,2026-09-23T01:55:08Z
C_hit,orig,layers_5,async_bulk,128,1,1,0.00,100.00,1278.68,298.31,230.13,7.14,61.03,2.00,1576.99,1285.82,1.66,36.00,64.00,0.93,42946248,2026-09-23T01:55:08Z
C_hit,orig,layers_92,pread,128,1,1,0.00,100.00,560.65,7997.65,118.30,7879.35,,,8558.30,8440.00,1.66,35.00,65.00,0.93,42945596,2026-09-23T01:55:08Z
C_hit,orig,layers_92,async,128,1,1,0.00,100.00,560.07,412.86,231.58,181.28,,,972.93,741.35,1.67,35.00,65.00,0.93,42946604,2026-09-23T01:55:09Z
C_hit,orig,layers_92,async_win,128,1,1,0.00,100.00,562.35,415.43,232.34,117.99,65.10,87.00,977.78,680.34,1.66,35.00,65.00,0.93,42946200,2026-09-23T01:55:09Z
C_hit,orig,layers_92,async_bulk,128,1,1,0.00,100.00,559.38,409.86,227.31,118.17,64.38,87.00,969.24,677.55,1.66,35.00,65.00,0.93,42946200,2026-09-23T01:55:09Z
C_hit,orig,2d,pread,128,1,1,0.00,100.00,557.87,548.91,118.40,430.51,,,1106.78,988.38,1.65,35.00,65.00,0.93,42946140,2026-09-23T01:55:10Z
C_hit,orig,2d,async,128,1,1,0.00,100.00,592.11,270.62,199.18,71.44,,,862.73,663.55,1.69,35.00,65.00,0.93,42947316,2026-09-23T01:55:10Z
C_hit,orig,2d,async_win,128,1,1,0.00,100.00,555.12,265.47,199.31,7.78,58.38,3.00,820.59,562.90,1.66,35.00,65.00,0.93,42947908,2026-09-23T01:55:10Z
C_hit,orig,2d,async_bulk,128,1,1,0.00,100.00,620.97,269.90,200.14,8.28,61.49,3.00,890.87,629.25,1.66,35.00,65.00,0.93,42947844,2026-09-23T01:55:10Z
C_hit,orig,2e_K10,pread,128,1,1,0.00,100.00,528.85,1166.27,198.20,968.07,,,1695.12,1496.92,1.65,34.00,67.00,0.93,42948212,2026-09-23T01:55:11Z
C_hit,orig,2e_K10,async,128,1,1,0.00,100.00,500.40,309.17,229.89,79.28,,,809.57,579.68,1.66,35.00,66.00,0.93,42947644,2026-09-23T01:55:11Z
C_hit,orig,2e_K10,async_win,128,1,1,0.00,100.00,536.40,306.65,228.99,15.71,61.95,6.00,843.05,552.11,1.66,35.00,66.00,0.93,42947808,2026-09-23T01:55:11Z
C_hit,orig,2e_K10,async_bulk,128,1,1,0.00,100.00,554.10,307.42,231.41,15.00,61.01,6.00,861.52,569.10,1.67,35.00,66.00,0.93,42947316,2026-09-23T01:55:11Z
C_hit,orig,2e_K500,pread,128,1,1,0.00,100.00,175.49,3281.26,118.92,3162.34,,,3456.75,3337.83,1.57,8.00,65.00,0.93,42948468,2026-09-23T01:55:12Z
C_hit,orig,2e_K500,async,128,1,1,0.00,43.00,174.91,873.70,233.64,640.06,,,1048.61,814.97,1.58,9.00,65.00,0.93,42947268,2026-09-23T01:55:12Z
C_hit,orig,2e_K500,async_win,128,1,1,0.00,31.70,175.63,650.71,235.11,326.10,89.50,139.00,826.34,501.73,1.60,9.00,65.00,0.93,42946732,2026-09-23T01:55:12Z
C_hit,orig,2e_K500,async_bulk,128,1,1,0.00,100.00,175.10,674.22,235.86,346.66,91.69,139.00,849.32,521.76,1.59,9.00,65.00,0.94,42963880,2026-09-23T01:55:12Z
C_hit,orig,2f_top14,pread,128,1,1,0.00,100.00,592.20,1116.72,233.74,882.98,,,1708.92,1475.18,1.65,34.00,67.00,0.94,42964552,2026-09-23T01:55:13Z
C_hit,orig,2f_top14,async,128,1,1,0.00,100.00,595.95,306.71,229.85,76.86,,,902.66,672.81,1.67,35.00,66.00,0.94,42964620,2026-09-23T01:55:13Z
C_hit,orig,2f_top14,async_win,128,1,1,0.00,100.00,556.13,304.06,228.00,15.53,60.53,6.00,860.19,571.66,1.69,35.00,66.00,0.94,42953532,2026-09-23T01:55:13Z
C_hit,orig,2f_top14,async_bulk,128,1,1,0.00,100.00,590.61,307.58,232.41,14.62,60.55,6.00,898.19,605.23,1.69,35.00,66.00,0.94,42967960,2026-09-23T01:55:13Z
C_hit,orig,2f_top28,pread,128,1,1,0.00,100.00,504.40,999.33,118.94,880.38,,,1503.73,1384.78,1.65,33.00,67.00,0.94,42968344,2026-09-23T01:55:14Z
C_hit,orig,2f_top28,async,128,1,1,0.00,100.00,560.61,325.63,230.78,94.85,,,886.24,655.46,1.66,35.00,66.00,0.94,42969288,2026-09-23T01:55:14Z
C_hit,orig,2f_top28,async_win,128,1,1,0.00,100.00,504.14,311.38,226.90,23.82,60.65,8.00,815.52,527.96,1.66,35.00,66.00,0.94,42969548,2026-09-23T01:55:14Z
C_hit,orig,2f_top28,async_bulk,128,1,1,0.00,100.00,505.17,311.83,229.02,22.26,60.54,8.00,817.00,527.43,1.67,35.00,66.00,0.94,42969816,2026-09-23T01:55:15Z
C_hit,orig,2f_top100,pread,128,1,1,0.00,100.00,172.18,1324.23,163.00,1161.23,,,1496.41,1333.41,1.66,28.00,67.00,0.94,42970028,2026-09-23T01:55:15Z
C_hit,orig,2f_top100,async,128,1,1,0.00,100.00,580.86,364.44,187.91,176.52,,,945.30,757.38,1.67,30.00,67.00,0.94,42970572,2026-09-23T01:55:15Z
C_hit,orig,2f_top100,async_win,128,1,1,0.00,100.00,545.19,316.33,184.20,67.71,64.43,28.00,861.52,612.90,1.66,30.00,67.00,0.94,42971288,2026-09-23T01:55:15Z
C_hit,orig,2f_top100,async_bulk,128,1,1,0.00,100.00,583.61,316.52,182.84,68.64,65.04,28.00,900.13,652.25,1.65,30.00,67.00,0.94,42971724,2026-09-23T01:55:16Z
C_hit,orig,2f_top500,pread,128,1,1,0.00,100.00,175.20,3402.13,225.50,3176.62,,,3577.33,3351.82,1.57,8.00,65.00,0.94,42972120,2026-09-23T01:55:16Z
C_hit,orig,2f_top500,async,128,1,1,0.00,43.80,177.46,864.96,226.66,638.30,,,1042.42,815.76,1.59,9.00,65.00,0.94,42971156,2026-09-23T01:55:16Z
C_hit,orig,2f_top500,async_win,128,1,1,0.00,31.00,176.45,648.61,222.27,337.19,89.15,138.00,825.06,513.64,1.57,9.00,65.00,0.94,42973220,2026-09-23T01:55:16Z
C_hit,orig,2f_top500,async_bulk,128,1,1,0.00,30.20,178.10,655.81,223.52,343.68,88.62,138.00,833.91,521.78,1.59,9.00,65.00,0.94,42972524,2026-09-23T01:55:17Z
C_hit,orig,2f_slru,pread,128,1,1,0.00,100.00,88.84,4695.24,232.21,4463.03,,,4784.08,4551.87,1.53,0.00,62.00,0.94,42974540,2026-09-23T01:55:17Z
C_hit,orig,2f_slru,async,128,1,1,0.00,100.00,92.34,1607.82,225.75,1382.07,,,1700.16,1474.41,1.54,0.00,62.00,0.94,42974844,2026-09-23T01:55:17Z
C_hit,orig,2f_slru,async_win,128,1,1,0.00,100.00,92.13,788.97,230.31,398.32,160.34,29.00,881.10,490.45,1.55,0.00,62.00,0.94,42975724,2026-09-23T01:55:17Z
C_hit,orig,2f_slru,async_bulk,128,1,1,0.00,7.00,775.46,433.15,229.71,42.48,160.96,2.00,1208.61,817.94,1.66,35.00,63.00,0.94,42975272,2026-09-23T01:55:18Z
C_hit,orig,leaf_freq_K10,pread,128,1,1,0.00,100.00,834.86,729.41,155.93,573.48,,,1564.27,1408.34,1.67,35.00,64.00,0.94,42962400,2026-09-23T01:55:18Z
C_hit,orig,leaf_freq_K10,async,128,1,1,0.00,100.00,1020.28,257.40,183.95,73.46,,,1277.68,1093.74,1.68,36.00,64.00,0.94,42961944,2026-09-23T01:55:18Z
C_hit,orig,leaf_freq_K10,async_win,128,1,1,0.00,100.00,795.72,253.37,183.07,10.56,59.73,3.00,1049.09,806.28,1.67,36.00,64.00,0.94,42961396,2026-09-23T01:55:18Z
C_hit,orig,leaf_freq_K10,async_bulk,128,1,1,0.00,100.00,874.65,253.51,184.05,9.47,59.99,3.00,1128.16,884.12,1.68,36.00,64.00,0.94,42961584,2026-09-23T01:55:19Z
C_hit,orig,leaf_rand_K10,pread,128,1,1,0.00,100.00,966.20,980.00,118.12,861.88,,,1946.20,1828.08,1.66,36.00,64.00,0.94,42961080,2026-09-23T01:55:19Z
C_hit,orig,leaf_rand_K10,async,128,1,1,0.00,100.00,966.22,276.80,201.81,74.99,,,1243.02,1041.21,1.69,36.00,64.00,0.94,42939984,2026-09-23T01:55:19Z
C_hit,orig,leaf_rand_K10,async_win,128,1,1,0.00,100.00,942.56,262.14,187.07,15.47,59.60,10.00,1204.70,958.03,1.72,36.00,64.00,0.94,42945516,2026-09-23T01:55:19Z
C_hit,orig,leaf_rand_K10,async_bulk,128,1,1,0.00,100.00,970.28,266.71,191.49,15.50,59.72,10.00,1236.99,985.78,1.68,36.00,64.00,0.94,42945768,2026-09-23T01:55:20Z
C_hit,orig,learned_markov_14,pread,128,1,1,0.00,100.00,587.82,1110.18,232.62,877.56,,,1698.00,1465.38,1.68,34.00,67.00,0.94,42946672,2026-09-23T01:55:20Z
C_hit,orig,learned_markov_14,async,128,1,1,0.00,100.00,560.39,310.67,233.04,77.64,,,871.06,638.03,1.68,35.00,66.00,0.94,42946600,2026-09-23T01:55:20Z
C_hit,orig,learned_markov_14,async_win,128,1,1,0.00,100.00,557.42,307.90,233.63,14.21,60.06,6.00,865.32,571.63,1.67,35.00,66.00,0.94,42946716,2026-09-23T01:55:21Z
C_hit,orig,learned_markov_14,async_bulk,128,1,1,0.00,100.00,566.22,302.99,229.45,13.55,59.99,6.00,869.21,579.77,1.66,35.00,66.00,0.94,42947668,2026-09-23T01:55:21Z
C_hit,orig,learned_markov_28,pread,128,1,1,0.00,100.00,590.32,1064.70,166.45,898.25,,,1655.02,1488.57,1.68,33.00,67.00,0.94,42948312,2026-09-23T01:55:21Z
C_hit,orig,learned_markov_28,async,128,1,1,0.00,100.00,522.53,292.95,198.17,94.78,,,815.48,617.31,1.65,35.00,66.00,0.94,42949556,2026-09-23T01:55:21Z
C_hit,orig,learned_markov_28,async_win,128,1,1,0.00,100.00,568.72,285.27,202.14,22.11,61.02,8.00,853.99,590.83,1.66,35.00,66.00,0.94,42949876,2026-09-23T01:55:22Z
C_hit,orig,learned_markov_28,async_bulk,128,1,1,0.00,100.00,529.75,272.68,189.07,23.26,60.35,8.00,802.43,553.01,1.68,35.00,66.00,0.94,42950052,2026-09-23T01:55:22Z
A,orig,baseline,baseline,128,2,0,0.00,0.00,500.13,0.00,0.00,0.00,,,500.13,500.13,2.12,180.00,270.00,0.94,42950304,2026-09-23T01:55:22Z
B,orig,baseline,baseline,128,2,0,0.00,0.00,736.34,0.00,0.00,0.00,,,736.34,736.34,2.19,181.00,273.00,0.95,42953096,2026-09-23T01:55:22Z
C,orig,baseline,baseline,128,2,0,0.00,0.00,1012.27,0.00,0.00,0.00,,,1012.27,1012.27,1.60,24.00,25.00,0.95,42953676,2026-09-23T01:55:23Z
C_hit,orig,baseline,baseline,128,2,0,0.00,0.00,1042.31,0.00,0.00,0.00,,,1042.31,1042.31,1.67,36.00,64.00,0.95,42954764,2026-09-23T01:55:23Z
A,orig,layers_5,pread,128,2,0,0.00,100.00,177.93,629.70,194.84,434.87,,,807.63,612.80,2.12,180.00,271.00,0.95,42955272,2026-09-23T01:55:23Z
A,orig,layers_5,async,128,2,0,0.00,100.00,385.28,267.22,197.87,69.35,,,652.50,454.63,2.14,180.00,271.00,0.95,42956028,2026-09-23T01:55:24Z
A,orig,layers_5,async_win,128,2,0,0.00,100.00,351.87,261.76,193.97,6.80,60.99,2.00,613.63,358.67,2.15,180.00,271.00,0.95,42956788,2026-09-23T01:55:24Z
A,orig,layers_5,async_bulk,128,2,0,0.00,100.00,383.74,265.74,195.85,7.58,62.31,2.00,649.48,391.32,2.14,180.00,271.00,0.95,42956936,2026-09-23T01:55:24Z
A,orig,layers_92,pread,128,2,0,0.00,100.00,177.41,8262.00,193.00,8069.00,,,8439.41,8246.41,2.08,177.00,286.00,0.95,42958744,2026-09-23T01:55:25Z
A,orig,layers_92,async,128,2,0,0.00,100.00,397.25,391.29,193.79,197.49,,,788.54,594.74,2.14,178.00,283.00,0.95,42959808,2026-09-23T01:55:25Z
A,orig,layers_92,async_win,128,2,0,0.00,100.00,356.68,380.25,193.81,120.36,66.08,87.00,736.93,477.04,2.15,178.00,283.00,0.95,42959696,2026-09-23T01:55:25Z
A,orig,layers_92,async_bulk,128,2,0,0.00,100.00,358.96,377.73,196.29,116.13,65.31,87.00,736.69,475.09,2.13,178.00,283.00,0.95,42959364,2026-09-23T01:55:26Z
A,orig,2d,pread,128,2,0,0.00,100.00,178.19,1964.01,232.71,1731.31,,,2142.20,1909.50,2.08,177.00,286.00,0.95,42959268,2026-09-23T01:55:26Z
A,orig,2d,async,128,2,0,0.00,100.00,326.93,321.19,234.63,86.56,,,648.12,413.49,2.15,178.00,283.00,0.95,42965164,2026-09-23T01:55:26Z
A,orig,2d,async_win,128,2,0,0.00,100.00,349.96,325.24,242.16,22.09,60.99,13.00,675.20,372.05,2.10,178.00,283.00,0.95,42965060,2026-09-23T01:55:26Z
A,orig,2d,async_bulk,128,2,0,0.00,100.00,395.93,315.46,231.44,23.15,60.86,13.00,711.39,419.08,2.12,178.00,283.00,0.95,42965764,2026-09-23T01:55:27Z
A,orig,2e_K10,pread,128,2,0,0.00,100.00,177.28,2672.28,234.39,2437.89,,,2849.56,2615.17,2.14,181.00,287.00,0.95,42965100,2026-09-23T01:55:27Z
A,orig,2e_K10,async,128,2,0,0.00,100.00,371.72,330.85,234.02,96.83,,,702.57,468.55,2.08,181.00,287.00,0.95,42965008,2026-09-23T01:55:27Z
A,orig,2e_K10,async_win,128,2,0,0.00,100.00,356.89,333.85,233.20,38.31,62.34,22.00,690.74,395.20,2.13,181.00,287.00,0.95,42965480,2026-09-23T01:55:28Z
A,orig,2e_K10,async_bulk,128,2,0,0.00,100.00,356.07,330.63,233.48,34.28,62.87,22.00,686.70,390.35,2.13,181.00,287.00,0.95,42965672,2026-09-23T01:55:28Z
A,orig,2e_K500,pread,128,2,0,0.00,100.00,180.50,21350.47,228.13,21122.34,,,21530.97,21302.84,2.04,169.00,422.00,0.95,42965972,2026-09-23T01:55:28Z
A,orig,2e_K500,async,128,2,0,0.00,100.00,180.08,1106.26,233.07,873.19,,,1286.34,1053.27,2.07,181.00,405.00,0.95,42965760,2026-09-23T01:55:29Z
A,orig,2e_K500,async_win,128,2,0,0.00,100.00,180.64,1073.42,233.35,710.87,129.20,492.00,1254.06,891.51,2.09,181.00,410.00,0.95,42965976,2026-09-23T01:55:29Z
A,orig,2e_K500,async_bulk,128,2,0,0.00,100.00,181.46,1059.80,231.47,698.48,129.84,492.00,1241.26,879.94,2.08,181.00,407.00,0.95,42965576,2026-09-23T01:55:29Z
A,orig,2f_top14,pread,128,2,0,0.00,100.00,358.14,1509.62,233.57,1276.05,,,1867.76,1634.19,2.14,182.00,281.00,0.95,42966248,2026-09-23T01:55:30Z
A,orig,2f_top14,async,128,2,0,0.00,100.00,398.53,315.01,234.09,80.92,,,713.54,479.45,2.19,182.00,281.00,0.95,42949320,2026-09-23T01:55:30Z
A,orig,2f_top14,async_win,128,2,0,0.00,100.00,362.44,320.73,237.95,20.20,62.59,13.00,683.17,382.64,2.16,182.00,281.00,0.95,42952836,2026-09-23T01:55:30Z
A,orig,2f_top14,async_bulk,128,2,0,0.00,100.00,386.54,313.78,233.18,18.92,61.69,13.00,700.32,405.46,2.15,182.00,281.00,0.95,42954408,2026-09-23T01:55:30Z
A,orig,2f_top28,pread,128,2,0,0.00,100.00,354.78,2697.18,230.42,2466.76,,,3051.96,2821.54,2.13,183.00,288.00,0.95,42954364,2026-09-23T01:55:31Z
A,orig,2f_top28,async,128,2,0,0.00,100.00,359.84,331.88,231.16,100.72,,,691.72,460.56,2.14,183.00,288.00,0.95,42955664,2026-09-23T01:55:31Z
A,orig,2f_top28,async_win,128,2,0,0.00,100.00,362.32,329.81,232.62,34.69,62.51,27.00,692.13,397.01,2.15,183.00,288.00,0.95,42956396,2026-09-23T01:55:31Z
A,orig,2f_top28,async_bulk,128,2,0,0.00,100.00,374.89,328.79,231.19,34.68,62.92,27.00,703.68,409.57,2.08,183.00,288.00,0.95,42957264,2026-09-23T01:55:32Z
A,orig,2f_top100,pread,128,2,0,0.00,100.00,246.02,8827.42,225.66,8601.76,,,9073.44,8847.78,2.10,183.00,324.00,0.95,42957748,2026-09-23T01:55:32Z
A,orig,2f_top100,async,128,2,0,0.00,100.00,246.76,415.27,225.97,189.31,,,662.03,436.07,2.15,183.00,324.00,0.95,42958504,2026-09-23T01:55:32Z
A,orig,2f_top100,async_win,128,2,0,0.00,100.00,245.81,404.96,225.81,112.83,66.31,99.00,650.77,358.64,2.13,183.00,324.00,0.96,42959716,2026-09-23T01:55:33Z
A,orig,2f_top100,async_bulk,128,2,0,0.00,100.00,246.20,423.93,240.50,118.23,65.19,99.00,670.13,364.43,2.16,183.00,324.00,0.96,42974552,2026-09-23T01:55:33Z
A,orig,2f_top500,pread,128,2,0,0.00,100.00,177.12,20546.94,223.00,20323.94,,,20724.06,20501.06,2.06,172.00,428.00,0.96,42976032,2026-09-23T01:55:33Z
A,orig,2f_top500,async,128,2,0,0.00,100.00,179.06,1036.29,227.73,808.56,,,1215.35,987.62,2.08,179.00,414.00,0.96,42976292,2026-09-23T01:55:34Z
A,orig,2f_top500,async_win,128,2,0,0.00,100.00,178.75,1009.16,229.51,689.65,90.00,481.00,1187.91,868.40,2.09,179.00,413.00,0.96,42975900,2026-09-23T01:55:34Z
A,orig,2f_top500,async_bulk,128,2,0,0.00,100.00,182.24,1003.32,229.85,682.06,91.40,481.00,1185.56,864.30,2.09,179.00,413.00,0.96,42976264,2026-09-23T01:55:34Z
A,orig,2f_slru,pread,128,2,0,0.00,100.00,95.49,18178.99,229.54,17949.44,,,18274.48,18044.93,1.53,0.00,278.00,0.96,42977848,2026-09-23T01:55:35Z
A,orig,2f_slru,async,128,2,0,0.00,100.00,97.12,7307.67,228.78,7078.89,,,7404.79,7176.01,1.55,0.00,278.00,0.96,42975564,2026-09-23T01:55:35Z
A,orig,2f_slru,async_win,128,2,0,0.00,79.70,96.25,2518.90,230.04,1894.79,394.06,138.00,2615.15,1991.04,1.57,0.00,278.00,0.96,42976132,2026-09-23T01:55:35Z
A,orig,2f_slru,async_bulk,128,2,0,0.00,1.40,389.17,701.17,227.61,79.39,394.17,2.00,1090.34,468.56,2.16,178.00,269.00,0.96,42971880,2026-09-23T01:55:35Z
A,orig,leaf_freq_K10,pread,128,2,0,0.00,100.00,491.43,1119.15,226.89,892.27,,,1610.58,1383.70,2.14,183.00,274.00,0.96,42971644,2026-09-23T01:55:36Z
A,orig,leaf_freq_K10,async,128,2,0,0.00,100.00,484.53,304.73,229.67,75.06,,,789.26,559.59,2.17,183.00,274.00,0.96,42972096,2026-09-23T01:55:36Z
A,orig,leaf_freq_K10,async_win,128,2,0,0.00,100.00,485.62,306.69,228.30,16.83,61.56,10.00,792.31,502.45,2.15,183.00,274.00,0.96,42972660,2026-09-23T01:55:36Z
A,orig,leaf_freq_K10,async_bulk,128,2,0,0.00,100.00,485.98,304.81,229.02,14.15,61.65,10.00,790.79,500.13,2.14,183.00,274.00,0.96,42972884,2026-09-23T01:55:37Z
A,orig,leaf_rand_K10,pread,128,2,0,0.00,100.00,486.44,1152.72,227.26,925.46,,,1639.16,1411.90,2.12,180.00,270.00,0.96,42972924,2026-09-23T01:55:37Z
A,orig,leaf_rand_K10,async,128,2,0,0.00,100.00,483.59,303.57,227.60,75.97,,,787.16,559.56,2.13,180.00,270.00,0.96,42973328,2026-09-23T01:55:37Z
A,orig,leaf_rand_K10,async_win,128,2,0,0.00,100.00,484.44,310.24,230.00,17.93,62.31,10.00,794.68,502.37,2.14,180.00,270.00,0.96,42973576,2026-09-23T01:55:38Z
A,orig,leaf_rand_K10,async_bulk,128,2,0,0.00,100.00,483.50,308.54,229.57,17.19,61.78,10.00,792.04,500.69,2.16,180.00,270.00,0.96,42975152,2026-09-23T01:55:38Z
A,orig,learned_markov_14,pread,128,2,0,0.00,100.00,364.62,1476.74,227.13,1249.61,,,1841.36,1614.23,2.11,178.00,283.00,0.96,42973784,2026-09-23T01:55:38Z
A,orig,learned_markov_14,async,128,2,0,0.00,100.00,391.65,301.29,223.99,77.30,,,692.94,468.95,2.14,178.00,282.00,0.96,42964652,2026-09-23T01:55:38Z
A,orig,learned_markov_14,async_win,128,2,0,0.00,100.00,322.68,308.32,227.77,18.55,62.00,13.00,631.00,341.23,2.09,178.00,283.00,0.96,42965996,2026-09-23T01:55:39Z
A,orig,learned_markov_14,async_bulk,128,2,0,0.00,100.00,399.89,313.06,231.25,19.36,62.45,13.00,712.95,419.25,2.09,178.00,283.00,0.96,42966360,2026-09-23T01:55:39Z
A,orig,learned_markov_28,pread,128,2,0,0.00,100.00,355.89,2798.63,228.77,2569.86,,,3154.52,2925.75,2.10,178.00,285.00,0.96,42966144,2026-09-23T01:55:39Z
A,orig,learned_markov_28,async,128,2,0,0.00,100.00,354.80,323.27,228.46,94.81,,,678.07,449.61,2.13,178.00,286.00,0.96,42966504,2026-09-23T01:55:40Z
A,orig,learned_markov_28,async_win,128,2,0,0.00,100.00,352.29,322.50,225.34,35.00,62.16,26.00,674.79,387.29,2.08,178.00,286.00,0.96,42966220,2026-09-23T01:55:40Z
A,orig,learned_markov_28,async_bulk,128,2,0,0.00,100.00,357.46,327.56,226.54,38.49,62.52,26.00,685.02,395.95,2.12,178.00,286.00,0.96,42967688,2026-09-23T01:55:40Z
B,orig,layers_5,pread,128,2,0,0.00,100.00,402.39,682.61,234.30,448.31,,,1085.00,850.70,2.26,181.00,273.00,0.96,42951780,2026-09-23T01:55:41Z
B,orig,layers_5,async,128,2,0,0.00,100.00,406.08,296.60,227.53,69.07,,,702.68,475.15,2.19,182.00,272.00,0.96,42960012,2026-09-23T01:55:41Z
B,orig,layers_5,async_win,128,2,0,0.00,100.00,408.63,296.10,227.04,7.91,61.16,2.00,704.73,416.54,2.15,182.00,272.00,0.96,42960216,2026-09-23T01:55:41Z
B,orig,layers_5,async_bulk,128,2,0,0.00,100.00,398.12,296.24,227.20,7.45,61.59,2.00,694.36,405.57,2.15,182.00,272.00,0.96,42961836,2026-09-23T01:55:42Z
B,orig,layers_92,pread,128,2,0,0.00,100.00,422.81,8216.60,229.85,7986.74,,,8639.41,8409.55,2.19,180.00,280.00,0.96,42962892,2026-09-23T01:55:42Z
B,orig,layers_92,async,128,2,0,0.00,100.00,403.39,454.92,250.01,204.91,,,858.31,608.30,2.19,181.00,278.00,0.96,42962792,2026-09-23T01:55:42Z
B,orig,layers_92,async_win,128,2,0,0.00,100.00,411.00,413.38,227.75,119.48,66.14,87.00,824.38,530.48,2.20,181.00,278.00,0.96,42963444,2026-09-23T01:55:43Z
B,orig,layers_92,async_bulk,128,2,0,0.00,100.00,414.19,412.84,229.81,116.35,66.68,87.00,827.03,530.54,2.19,181.00,278.00,0.96,42963436,2026-09-23T01:55:43Z
B,orig,2d,pread,128,2,0,0.00,100.00,415.05,1935.89,227.09,1708.80,,,2350.94,2123.85,2.17,180.00,281.00,0.96,42963792,2026-09-23T01:55:43Z
B,orig,2d,async,128,2,0,0.00,100.00,398.21,311.50,227.32,84.18,,,709.71,482.39,2.13,181.00,278.00,0.96,42964676,2026-09-23T01:55:43Z
B,orig,2d,async_win,128,2,0,0.00,100.00,398.18,310.13,226.80,21.39,61.95,13.00,708.31,419.57,2.12,181.00,277.00,0.96,42964740,2026-09-23T01:55:44Z
B,orig,2d,async_bulk,128,2,0,0.00,100.00,401.21,309.68,225.57,21.40,62.71,13.00,710.89,422.61,2.19,181.00,278.00,0.96,42965268,2026-09-23T01:55:44Z
B,orig,2e_K10,pread,128,2,0,0.00,100.00,412.96,2824.76,227.01,2597.75,,,3237.72,3010.71,2.18,180.00,284.00,0.96,42965508,2026-09-23T01:55:44Z
B,orig,2e_K10,async,128,2,0,0.00,100.00,395.77,322.47,224.20,98.26,,,718.24,494.03,2.15,181.00,280.00,0.96,42965176,2026-09-23T01:55:45Z
B,orig,2e_K10,async_win,128,2,0,0.00,100.00,411.28,326.10,230.50,33.51,62.09,23.00,737.38,444.79,2.20,181.00,281.00,0.96,42966840,2026-09-23T01:55:45Z
B,orig,2e_K10,async_bulk,128,2,0,0.00,100.00,398.38,323.33,227.47,33.55,62.31,23.00,721.71,431.93,2.19,181.00,279.00,0.96,42967000,2026-09-23T01:55:45Z
B,orig,2e_K500,pread,128,2,0,0.00,100.00,413.17,19011.19,227.09,18784.10,,,19424.36,19197.27,2.09,166.00,384.00,0.96,42953204,2026-09-23T01:55:46Z
B,orig,2e_K500,async,128,2,0,0.00,100.00,451.85,1163.33,230.16,933.16,,,1615.18,1385.01,2.17,186.00,324.00,0.96,42965768,2026-09-23T01:55:46Z
B,orig,2e_K500,async_win,128,2,0,0.00,100.00,452.63,1012.38,228.95,692.82,90.61,460.00,1465.01,1145.45,2.15,186.00,325.00,0.96,42965972,2026-09-23T01:55:46Z
B,orig,2e_K500,async_bulk,128,2,0,0.00,100.00,449.44,1001.52,229.19,682.94,89.39,460.00,1450.96,1132.38,2.16,186.00,325.00,0.96,42966596,2026-09-23T01:55:47Z
B,orig,2f_top14,pread,128,2,0,0.00,100.00,407.37,1497.61,226.22,1271.39,,,1904.98,1678.76,2.18,181.00,277.00,0.96,42967180,2026-09-23T01:55:47Z
B,orig,2f_top14,async,128,2,0,0.00,100.00,409.63,303.43,222.74,80.69,,,713.06,490.32,2.18,181.00,277.00,0.96,42968224,2026-09-23T01:55:47Z
B,orig,2f_top14,async_win,128,2,0,0.00,100.00,411.04,315.59,233.64,16.93,65.02,13.00,726.63,427.97,2.21,181.00,277.00,0.97,42967616,2026-09-23T01:55:48Z
B,orig,2f_top14,async_bulk,128,2,0,0.00,100.00,412.56,313.37,229.92,21.93,61.52,13.00,725.93,434.49,2.18,181.00,277.00,0.97,42968116,2026-09-23T01:55:48Z
B,orig,2f_top28,pread,128,2,0,0.00,100.00,399.10,2674.63,228.06,2446.57,,,3073.73,2845.67,2.17,181.00,279.00,0.97,42968296,2026-09-23T01:55:48Z
B,orig,2f_top28,async,128,2,0,0.00,100.00,411.05,328.92,229.71,99.21,,,739.97,510.26,2.16,181.00,280.00,0.97,42968780,2026-09-23T01:55:49Z
B,orig,2f_top28,async_win,128,2,0,0.00,100.00,409.51,329.86,228.12,40.16,61.59,27.00,739.37,449.67,2.20,181.00,280.00,0.97,42968560,2026-09-23T01:55:49Z
B,orig,2f_top28,async_bulk,128,2,0,0.00,100.00,414.75,332.93,225.81,41.32,65.79,27.00,747.68,456.07,2.19,181.00,280.00,0.97,42969056,2026-09-23T01:55:49Z
B,orig,2f_top100,pread,128,2,0,0.00,100.00,407.32,8995.46,227.31,8768.15,,,9402.78,9175.47,2.15,184.00,295.00,0.97,42969624,2026-09-23T01:55:49Z
B,orig,2f_top100,async,128,2,0,0.00,75.00,415.49,422.05,229.01,193.04,,,837.54,608.53,2.19,185.00,294.00,0.97,42970416,2026-09-23T01:55:50Z
B,orig,2f_top100,async_win,128,2,0,0.00,100.00,409.53,418.34,228.49,124.35,65.49,95.00,827.87,533.88,2.18,185.00,293.00,0.97,42970248,2026-09-23T01:55:50Z
B,orig,2f_top100,async_bulk,128,2,0,0.00,100.00,405.98,417.08,224.75,127.10,65.23,95.00,823.06,533.08,2.18,185.00,293.00,0.97,42969652,2026-09-23T01:55:50Z
B,orig,2f_top500,pread,128,2,0,0.00,100.00,397.26,19104.99,227.73,18877.26,,,19502.25,19274.52,2.12,172.00,380.00,0.97,42970384,2026-09-23T01:55:51Z
B,orig,2f_top500,async,128,2,0,0.00,100.00,453.66,1040.46,227.88,812.58,,,1494.12,1266.24,2.16,186.00,326.00,0.97,42964592,2026-09-23T01:55:51Z
B,orig,2f_top500,async_win,128,2,0,0.00,100.00,453.33,988.10,231.53,666.77,89.80,449.00,1441.43,1120.10,2.15,186.00,326.00,0.97,42966188,2026-09-23T01:55:51Z
B,orig,2f_top500,async_bulk,128,2,0,0.00,100.00,395.53,987.68,231.32,665.73,90.62,449.00,1383.21,1061.26,2.16,186.00,330.00,0.97,42966440,2026-09-23T01:55:52Z
B,orig,2f_slru,pread,128,2,0,0.00,100.00,96.33,18278.75,225.90,18052.86,,,18375.08,18149.19,1.58,0.00,278.00,0.97,42966984,2026-09-23T01:55:52Z
B,orig,2f_slru,async,128,2,0,0.00,100.00,97.89,7329.86,230.53,7099.33,,,7427.75,7197.22,1.61,0.00,278.00,0.97,42963920,2026-09-23T01:55:52Z
B,orig,2f_slru,async_win,128,2,0,0.00,81.20,95.83,2455.64,230.59,1905.62,319.42,139.00,2551.47,2001.45,1.61,0.00,278.00,0.97,42966604,2026-09-23T01:55:53Z
B,orig,2f_slru,async_bulk,128,2,0,0.00,1.40,548.95,624.12,225.78,79.73,318.61,2.00,1173.07,628.68,2.14,180.00,271.00,0.97,42967304,2026-09-23T01:55:53Z
B,orig,leaf_freq_K10,pread,128,2,0,0.00,100.00,711.41,1091.35,227.32,864.03,,,1802.76,1575.44,2.16,181.00,276.00,0.97,42967816,2026-09-23T01:55:53Z
B,orig,leaf_freq_K10,async,128,2,0,0.00,100.00,712.54,303.66,229.09,74.57,,,1016.20,787.11,2.23,181.00,276.00,0.97,42985980,2026-09-23T01:55:53Z
B,orig,leaf_freq_K10,async_win,128,2,0,0.00,100.00,716.82,304.66,229.54,14.56,60.56,10.00,1021.48,731.38,2.21,181.00,275.00,0.97,42986636,2026-09-23T01:55:54Z
B,orig,leaf_freq_K10,async_bulk,128,2,0,0.00,100.00,716.13,304.62,229.97,14.06,60.59,10.00,1020.75,730.19,2.18,181.00,276.00,0.97,42987368,2026-09-23T01:55:54Z
B,orig,leaf_rand_K10,pread,128,2,0,0.00,100.00,722.18,1157.04,228.89,928.14,,,1879.22,1650.32,2.20,181.00,276.00,0.97,42986324,2026-09-23T01:55:54Z
B,orig,leaf_rand_K10,async,128,2,0,0.00,100.00,730.45,301.12,225.35,75.76,,,1031.57,806.21,2.22,181.00,276.00,0.97,42986980,2026-09-23T01:55:55Z
B,orig,leaf_rand_K10,async_win,128,2,0,0.00,100.00,722.58,304.39,228.67,14.86,60.86,10.00,1026.97,737.44,2.21,181.00,276.00,0.97,42987456,2026-09-23T01:55:55Z
B,orig,leaf_rand_K10,async_bulk,128,2,0,0.00,100.00,710.64,302.60,227.24,14.16,61.20,10.00,1013.24,724.80,2.21,181.00,276.00,0.97,42987692,2026-09-23T01:55:55Z
B,orig,learned_markov_14,pread,128,2,0,0.00,100.00,412.27,1493.58,222.13,1271.45,,,1905.85,1683.72,2.20,181.00,278.00,0.97,42988224,2026-09-23T01:55:56Z
B,orig,learned_markov_14,async,128,2,0,0.00,100.00,412.31,307.20,227.65,79.55,,,719.51,491.86,2.21,181.00,278.00,0.97,42988816,2026-09-23T01:55:56Z
B,orig,learned_markov_14,async_win,128,2,0,0.00,100.00,409.53,307.60,227.45,18.77,61.38,13.00,717.13,428.30,2.23,181.00,278.00,0.97,42975488,2026-09-23T01:55:56Z
B,orig,learned_markov_14,async_bulk,128,2,0,0.00,100.00,411.85,308.96,229.39,18.36,61.22,13.00,720.81,430.21,2.21,181.00,278.00,0.97,42974344,2026-09-23T01:55:57Z
B,orig,learned_markov_28,pread,128,2,0,0.00,100.00,408.28,2591.27,227.92,2363.35,,,2999.55,2771.63,2.17,180.00,281.00,0.97,42975392,2026-09-23T01:55:57Z
B,orig,learned_markov_28,async,128,2,0,0.00,100.00,399.00,327.08,227.21,99.88,,,726.08,498.88,2.16,180.00,281.00,0.97,42975692,2026-09-23T01:55:57Z
B,orig,learned_markov_28,async_win,128,2,0,0.00,100.00,410.97,320.89,224.59,34.08,62.22,27.00,731.86,445.05,2.19,180.00,281.00,1.05,42976112,2026-09-23T01:55:58Z
B,orig,learned_markov_28,async_bulk,128,2,0,0.00,100.00,407.68,325.64,226.90,37.22,61.52,27.00,733.32,444.90,2.17,180.00,281.00,1.05,42976512,2026-09-23T01:55:58Z
C,orig,layers_5,pread,128,2,0,0.00,100.00,973.06,670.04,225.90,444.14,,,1643.10,1417.20,1.59,24.00,25.00,1.05,42976832,2026-09-23T01:55:58Z
C,orig,layers_5,async,128,2,0,0.00,100.00,967.85,297.50,228.00,69.50,,,1265.35,1037.35,1.60,24.00,25.00,1.05,42977124,2026-09-23T01:55:58Z
C,orig,layers_5,async_win,128,2,0,0.00,100.00,1033.88,297.77,228.49,7.65,61.63,2.00,1331.65,1041.53,1.60,24.00,25.00,1.05,42971112,2026-09-23T01:55:59Z
C,orig,layers_5,async_bulk,128,2,0,0.00,100.00,1032.17,297.07,229.27,6.75,61.05,2.00,1329.24,1038.92,1.61,24.00,25.00,1.05,42966420,2026-09-23T01:55:59Z
C,orig,layers_92,pread,128,2,0,0.00,100.00,656.89,8268.59,184.69,8083.91,,,8925.48,8740.80,1.62,24.00,25.00,1.05,42967064,2026-09-23T01:55:59Z
C,orig,layers_92,async,128,2,0,0.00,100.00,654.66,378.51,184.03,194.49,,,1033.17,849.15,1.61,24.00,25.00,1.05,42967088,2026-09-23T01:55:59Z
C,orig,layers_92,async_win,128,2,0,0.00,100.00,649.24,370.33,183.36,122.39,64.57,87.00,1019.57,771.63,1.62,24.00,25.00,1.05,42967700,2026-09-23T01:56:00Z
C,orig,layers_92,async_bulk,128,2,0,0.00,100.00,651.68,364.71,183.75,116.88,64.07,87.00,1016.39,768.56,1.60,24.00,25.00,1.05,42968564,2026-09-23T01:56:00Z
C,orig,2d,pread,128,2,0,0.00,100.00,620.04,540.26,183.61,356.65,,,1160.30,976.69,1.59,24.00,25.00,1.05,42967684,2026-09-23T01:56:00Z
C,orig,2d,async,128,2,0,0.00,100.00,649.01,249.52,183.72,65.80,,,898.53,714.81,1.60,24.00,25.00,1.05,42967996,2026-09-23T01:56:00Z
C,orig,2d,async_win,128,2,0,0.00,100.00,655.59,247.86,181.78,6.55,59.52,2.00,903.45,662.14,1.59,24.00,25.00,1.05,42967556,2026-09-23T01:56:01Z
C,orig,2d,async_bulk,128,2,0,0.00,100.00,658.33,251.02,184.94,6.56,59.52,2.00,909.35,664.89,1.61,24.00,25.00,1.05,42967996,2026-09-23T01:56:01Z
C,orig,2e_K10,pread,128,2,0,0.00,100.00,172.18,1379.38,180.31,1199.08,,,1551.56,1371.26,1.62,22.00,28.00,1.05,42968928,2026-09-23T01:56:01Z
C,orig,2e_K10,async,128,2,0,0.00,100.00,172.09,259.78,182.10,77.68,,,431.87,249.77,1.60,22.00,27.00,1.05,42959200,2026-09-23T01:56:02Z
C,orig,2e_K10,async_win,128,2,0,0.00,100.00,175.94,260.08,184.90,14.72,60.46,8.00,436.02,190.66,1.61,22.00,27.00,1.05,42959968,2026-09-23T01:56:02Z
C,orig,2e_K10,async_bulk,128,2,0,0.00,100.00,177.57,258.39,185.00,14.16,59.23,8.00,435.96,191.73,1.59,22.00,27.00,1.05,42959900,2026-09-23T01:56:02Z
C,orig,2e_K500,pread,128,2,0,0.00,100.00,173.22,2327.79,183.40,2144.39,,,2501.01,2317.61,1.52,0.00,37.00,1.05,42961000,2026-09-23T01:56:02Z
C,orig,2e_K500,async,128,2,0,0.00,59.50,175.17,627.89,182.79,445.10,,,803.06,620.27,1.53,0.00,37.00,1.05,42961068,2026-09-23T01:56:03Z
C,orig,2e_K500,async_win,128,2,0,0.00,45.90,174.79,488.48,187.02,221.70,79.76,90.00,663.27,396.49,1.53,0.00,37.00,1.05,42961676,2026-09-23T01:56:03Z
C,orig,2e_K500,async_bulk,128,2,0,0.00,100.00,175.84,486.18,183.28,221.77,81.13,90.00,662.02,397.61,1.52,0.00,37.00,1.05,42961440,2026-09-23T01:56:03Z
C,orig,2f_top14,pread,128,2,0,0.00,100.00,173.52,1281.02,181.14,1099.88,,,1454.54,1273.40,1.58,21.00,28.00,1.05,42963476,2026-09-23T01:56:03Z
C,orig,2f_top14,async,128,2,0,0.00,100.00,174.86,261.67,184.50,77.17,,,436.53,252.03,1.59,22.00,27.00,1.05,42962660,2026-09-23T01:56:04Z
C,orig,2f_top14,async_win,128,2,0,0.00,100.00,175.48,261.01,184.91,15.86,60.24,9.00,436.49,191.34,1.59,22.00,27.00,1.05,42963536,2026-09-23T01:56:04Z
C,orig,2f_top14,async_bulk,128,2,0,0.00,100.00,175.17,259.52,182.46,17.06,59.99,9.00,434.69,192.23,1.61,22.00,27.00,1.05,42964280,2026-09-23T01:56:04Z
C,orig,2f_top28,pread,128,2,0,0.00,100.00,174.72,1297.00,184.00,1112.99,,,1471.72,1287.71,1.58,20.00,29.00,1.05,42965704,2026-09-23T01:56:04Z
C,orig,2f_top28,async,128,2,0,0.00,100.00,177.14,277.70,183.62,94.08,,,454.84,271.22,1.58,21.00,28.00,1.05,42965060,2026-09-23T01:56:05Z
C,orig,2f_top28,async_win,128,2,0,0.00,100.00,174.60,271.98,184.44,25.72,61.83,13.00,446.58,200.32,1.61,21.00,28.00,1.05,42965612,2026-09-23T01:56:05Z
C,orig,2f_top28,async_bulk,128,2,0,0.00,100.00,173.61,275.96,189.47,25.03,61.47,13.00,449.57,198.64,1.60,21.00,28.00,1.05,42965964,2026-09-23T01:56:05Z
C,orig,2f_top100,pread,128,2,0,0.00,100.00,174.38,1385.03,185.16,1199.88,,,1559.41,1374.26,1.56,14.00,30.00,1.05,42967020,2026-09-23T01:56:05Z
C,orig,2f_top100,async,128,2,0,0.00,100.00,175.75,357.01,181.92,175.09,,,532.76,350.84,1.59,17.00,30.00,1.05,42967524,2026-09-23T01:56:06Z
C,orig,2f_top100,async_win,128,2,0,0.00,100.00,176.93,321.34,184.10,71.72,65.52,32.00,498.27,248.65,1.59,17.00,30.00,1.05,42967660,2026-09-23T01:56:06Z
C,orig,2f_top100,async_bulk,128,2,0,0.00,100.00,178.83,318.54,183.07,70.68,64.78,32.00,497.37,249.51,1.58,17.00,30.00,1.05,42967816,2026-09-23T01:56:06Z
C,orig,2f_top500,pread,128,2,0,0.00,100.00,87.33,2858.56,183.98,2674.59,,,2945.89,2761.92,1.52,0.00,37.00,1.05,42969008,2026-09-23T01:56:06Z
C,orig,2f_top500,async,128,2,0,0.00,100.00,89.24,907.47,182.78,724.68,,,996.71,813.92,1.54,0.00,37.00,1.05,42970876,2026-09-23T01:56:07Z
C,orig,2f_top500,async_win,128,2,0,0.00,100.00,89.15,564.72,189.44,283.23,92.05,16.00,653.87,372.38,1.57,0.00,37.00,1.05,42961192,2026-09-23T01:56:07Z
C,orig,2f_top500,async_bulk,128,2,0,0.00,13.30,466.20,313.34,184.45,38.56,90.33,2.00,779.54,504.76,1.61,23.00,27.00,1.05,42961480,2026-09-23T01:56:07Z
C,orig,2f_slru,pread,128,2,0,0.00,100.00,87.48,2925.70,183.46,2742.25,,,3013.18,2829.73,1.52,0.00,37.00,1.05,42962216,2026-09-23T01:56:07Z
C,orig,2f_slru,async,128,2,0,0.00,100.00,90.38,905.47,184.71,720.76,,,995.85,811.14,1.53,0.00,37.00,1.04,42963412,2026-09-23T01:56:08Z
C,orig,2f_slru,async_win,128,2,0,0.00,100.00,89.82,497.54,184.24,224.22,89.08,16.00,587.36,314.04,1.54,0.00,37.00,1.04,42963868,2026-09-23T01:56:08Z
C,orig,2f_slru,async_bulk,128,2,0,0.00,13.30,465.97,311.72,183.51,38.00,90.20,2.00,777.69,503.97,1.59,23.00,27.00,1.04,42964656,2026-09-23T01:56:08Z
C,orig,leaf_freq_K10,pread,128,2,0,0.00,100.00,605.78,909.35,182.86,726.49,,,1515.13,1332.27,1.60,22.00,28.00,1.04,42963784,2026-09-23T01:56:08Z
C,orig,leaf_freq_K10,async,128,2,0,0.00,100.00,677.84,256.63,184.08,72.56,,,934.47,750.40,1.62,22.00,27.00,1.04,42965236,2026-09-23T01:56:09Z
C,orig,leaf_freq_K10,async_win,128,2,0,0.00,100.00,567.91,257.26,185.06,11.82,60.38,6.00,825.17,579.73,1.60,22.00,27.00,1.04,42963916,2026-09-23T01:56:09Z
C,orig,leaf_freq_K10,async_bulk,128,2,0,0.00,100.00,567.34,255.05,183.37,11.65,60.02,6.00,822.39,578.99,1.59,22.00,27.00,1.04,42964864,2026-09-23T01:56:09Z
C,orig,leaf_rand_K10,pread,128,2,0,0.00,100.00,1050.33,1084.82,184.26,900.56,,,2135.15,1950.89,1.61,24.00,25.00,1.04,42966152,2026-09-23T01:56:09Z
C,orig,leaf_rand_K10,async,128,2,0,0.00,100.00,1053.33,264.15,189.30,74.85,,,1317.48,1128.18,1.59,24.00,25.00,1.04,42966744,2026-09-23T01:56:10Z
C,orig,leaf_rand_K10,async_win,128,2,0,0.00,100.00,988.28,261.75,181.37,19.89,60.49,10.00,1250.03,1008.17,1.59,24.00,25.00,1.04,42966696,2026-09-23T01:56:10Z
C,orig,leaf_rand_K10,async_bulk,128,2,0,0.00,100.00,1046.03,259.16,183.19,15.00,60.97,10.00,1305.19,1061.03,1.60,24.00,25.00,1.04,42967188,2026-09-23T01:56:10Z
C,orig,learned_markov_14,pread,128,2,0,0.00,100.00,171.90,1213.65,181.88,1031.77,,,1385.55,1203.67,1.58,21.00,28.00,1.04,42967520,2026-09-23T01:56:10Z
C,orig,learned_markov_14,async,128,2,0,0.00,100.00,176.21,258.11,181.44,76.66,,,434.32,252.87,1.59,22.00,27.00,1.04,42968104,2026-09-23T01:56:11Z
C,orig,learned_markov_14,async_win,128,2,0,0.00,100.00,176.03,260.33,182.96,16.87,60.49,9.00,436.36,192.90,1.59,22.00,27.00,1.04,42968544,2026-09-23T01:56:11Z
C,orig,learned_markov_14,async_bulk,128,2,0,0.00,100.00,175.57,260.40,184.46,15.17,60.77,9.00,435.97,190.74,1.59,22.00,27.00,1.04,42968344,2026-09-23T01:56:11Z
C,orig,learned_markov_28,pread,128,2,0,0.00,100.00,173.91,1280.74,184.92,1095.82,,,1454.65,1269.73,1.58,20.00,29.00,1.04,42969564,2026-09-23T01:56:11Z
C,orig,learned_markov_28,async,128,2,0,0.00,100.00,175.15,279.00,183.32,95.68,,,454.15,270.83,1.59,21.00,28.00,1.04,42973976,2026-09-23T01:56:12Z
C,orig,learned_markov_28,async_win,128,2,0,0.00,100.00,174.88,270.35,182.92,25.64,61.79,13.00,445.23,200.52,1.59,21.00,28.00,1.04,42955764,2026-09-23T01:56:12Z
C,orig,learned_markov_28,async_bulk,128,2,0,0.00,100.00,174.68,274.27,186.52,25.92,61.83,13.00,448.95,200.60,1.60,21.00,28.00,1.04,42965180,2026-09-23T01:56:12Z
C_hit,orig,layers_5,pread,128,2,0,0.00,100.00,931.09,627.09,182.53,444.56,,,1558.18,1375.65,1.66,36.00,64.00,1.04,42965636,2026-09-23T01:56:12Z
C_hit,orig,layers_5,async,128,2,0,0.00,100.00,1023.99,254.68,186.38,68.30,,,1278.67,1092.29,1.70,36.00,64.00,1.04,42963792,2026-09-23T01:56:13Z
C_hit,orig,layers_5,async_win,128,2,0,0.00,100.00,962.22,251.09,183.65,7.18,60.26,2.00,1213.31,969.40,1.66,36.00,64.00,1.04,42964516,2026-09-23T01:56:13Z
C_hit,orig,layers_5,async_bulk,128,2,0,0.00,100.00,963.05,253.70,184.87,8.05,60.77,2.00,1216.75,971.10,1.67,36.00,64.00,1.04,42965184,2026-09-23T01:56:13Z
C_hit,orig,layers_92,pread,128,2,0,0.00,100.00,583.30,8149.84,182.41,7967.43,,,8733.14,8550.73,1.66,35.00,65.00,1.04,42965656,2026-09-23T01:56:14Z
C_hit,orig,layers_92,async,128,2,0,0.00,100.00,623.93,382.81,184.01,198.80,,,1006.74,822.73,1.66,35.00,65.00,1.04,42966424,2026-09-23T01:56:14Z
C_hit,orig,layers_92,async_win,128,2,0,0.00,100.00,561.54,369.00,185.04,119.15,64.81,87.00,930.54,680.69,1.66,35.00,65.00,1.04,42989968,2026-09-23T01:56:14Z
C_hit,orig,layers_92,async_bulk,128,2,0,0.00,100.00,560.00,369.89,184.63,116.36,68.90,87.00,929.89,676.36,1.69,35.00,65.00,1.04,42989796,2026-09-23T01:56:14Z
C_hit,orig,2d,pread,128,2,0,0.00,100.00,556.52,610.08,182.19,427.88,,,1166.60,984.40,1.66,35.00,65.00,1.04,42990600,2026-09-23T01:56:15Z
C_hit,orig,2d,async,128,2,0,0.00,100.00,585.19,251.12,182.13,68.99,,,836.31,654.18,1.66,35.00,65.00,1.04,42991108,2026-09-23T01:56:15Z
C_hit,orig,2d,async_win,128,2,0,0.00,100.00,586.08,252.94,182.73,10.00,60.21,3.00,839.02,596.08,1.65,35.00,65.00,1.04,42991292,2026-09-23T01:56:15Z
C_hit,orig,2d,async_bulk,128,2,0,0.00,100.00,590.29,251.04,182.45,8.03,60.56,3.00,841.33,598.32,1.69,35.00,65.00,1.04,42991788,2026-09-23T01:56:15Z
C_hit,orig,2e_K10,pread,128,2,0,0.00,100.00,527.10,1198.45,182.07,1016.38,,,1725.55,1543.48,1.67,34.00,67.00,1.04,42992408,2026-09-23T01:56:16Z
C_hit,orig,2e_K10,async,128,2,0,0.00,100.00,501.72,264.53,185.11,79.42,,,766.25,581.14,1.68,35.00,66.00,1.04,42993500,2026-09-23T01:56:16Z
C_hit,orig,2e_K10,async_win,128,2,0,0.00,100.00,560.69,261.58,183.01,17.26,61.30,6.00,822.27,577.95,1.68,35.00,66.00,1.04,42993892,2026-09-23T01:56:16Z
C_hit,orig,2e_K10,async_bulk,128,2,0,0.00,100.00,556.69,265.16,183.59,20.62,60.95,6.00,821.85,577.31,1.68,35.00,66.00,1.04,42989392,2026-09-23T01:56:16Z
C_hit,orig,2e_K500,pread,128,2,0,0.00,100.00,175.23,3339.18,183.59,3155.59,,,3514.41,3330.82,1.57,8.00,65.00,1.04,42990584,2026-09-23T01:56:17Z
C_hit,orig,2e_K500,async,128,2,0,0.00,54.50,177.03,857.74,184.34,673.41,,,1034.77,850.44,1.58,9.00,65.00,1.04,42989888,2026-09-23T01:56:17Z
C_hit,orig,2e_K500,async_win,128,2,0,0.00,100.00,174.49,626.27,183.46,352.72,90.09,139.00,800.76,527.21,1.59,9.00,65.00,1.04,42965464,2026-09-23T01:56:17Z
C_hit,orig,2e_K500,async_bulk,128,2,0,0.00,100.00,175.19,616.69,184.81,342.07,89.81,139.00,791.88,517.26,1.58,9.00,65.00,1.04,42975568,2026-09-23T01:56:17Z
C_hit,orig,2f_top14,pread,128,2,0,0.00,100.00,592.83,1077.96,184.17,893.79,,,1670.79,1486.62,1.67,34.00,67.00,1.04,42976320,2026-09-23T01:56:18Z
C_hit,orig,2f_top14,async,128,2,0,0.00,100.00,588.69,259.08,181.63,77.45,,,847.77,666.14,1.65,35.00,66.00,1.04,42977456,2026-09-23T01:56:18Z
C_hit,orig,2f_top14,async_win,128,2,0,0.00,100.00,590.98,262.12,184.53,17.13,60.46,6.00,853.10,608.11,1.69,35.00,66.00,1.04,42977752,2026-09-23T01:56:18Z
C_hit,orig,2f_top14,async_bulk,128,2,0,0.00,100.00,591.86,263.71,182.77,17.02,63.91,6.00,855.57,608.88,1.67,35.00,66.00,1.04,42978172,2026-09-23T01:56:19Z
C_hit,orig,2f_top28,pread,128,2,0,0.00,100.00,596.59,1083.26,184.38,898.88,,,1679.85,1495.47,1.67,33.00,67.00,1.04,42977880,2026-09-23T01:56:19Z
C_hit,orig,2f_top28,async,128,2,0,0.00,100.00,588.64,281.48,185.96,95.52,,,870.12,684.16,1.67,35.00,66.00,1.04,42978316,2026-09-23T01:56:19Z
C_hit,orig,2f_top28,async_win,128,2,0,0.00,100.00,507.01,271.98,187.20,23.93,60.85,8.00,778.99,530.94,1.67,35.00,66.00,1.04,42960876,2026-09-23T01:56:19Z
C_hit,orig,2f_top28,async_bulk,128,2,0,0.00,100.00,569.30,270.65,184.53,24.40,61.73,8.00,839.95,593.70,1.66,35.00,66.00,1.04,42961264,2026-09-23T01:56:20Z
C_hit,orig,2f_top100,pread,128,2,0,0.00,100.00,173.83,1342.04,183.81,1158.23,,,1515.87,1332.06,1.65,28.00,67.00,1.04,42961040,2026-09-23T01:56:20Z
C_hit,orig,2f_top100,async,128,2,0,0.00,100.00,589.15,360.02,182.93,177.08,,,949.17,766.23,1.64,30.00,67.00,1.04,42961528,2026-09-23T01:56:20Z
C_hit,orig,2f_top100,async_win,128,2,0,0.00,64.00,646.93,318.56,184.54,69.28,64.74,28.00,965.49,716.21,1.65,30.00,67.00,1.04,42961940,2026-09-23T01:56:20Z
C_hit,orig,2f_top100,async_bulk,128,2,0,0.00,57.00,554.96,323.32,182.69,76.09,64.53,28.00,878.28,631.05,1.66,30.00,67.00,1.04,42961360,2026-09-23T01:56:21Z
C_hit,orig,2f_top500,pread,128,2,0,0.00,100.00,174.85,3265.76,182.45,3083.31,,,3440.61,3258.16,1.56,8.00,65.00,1.04,42963476,2026-09-23T01:56:21Z
C_hit,orig,2f_top500,async,128,2,0,0.00,44.20,175.43,814.58,180.62,633.96,,,990.01,809.39,1.58,9.00,65.00,1.04,42962372,2026-09-23T01:56:21Z
C_hit,orig,2f_top500,async_win,128,2,0,0.00,100.00,175.35,619.16,183.17,345.51,90.48,138.00,794.51,520.86,1.60,9.00,65.00,1.04,42961876,2026-09-23T01:56:21Z
C_hit,orig,2f_top500,async_bulk,128,2,0,0.00,100.00,176.01,617.84,181.17,345.67,91.00,138.00,793.85,521.68,1.59,9.00,65.00,1.04,42962420,2026-09-23T01:56:22Z
C_hit,orig,2f_slru,pread,128,2,0,0.00,100.00,86.54,4731.35,181.42,4549.93,,,4817.89,4636.47,1.54,0.00,62.00,1.04,42963840,2026-09-23T01:56:22Z
C_hit,orig,2f_slru,async,128,2,0,0.00,100.00,91.55,1558.37,183.40,1374.97,,,1649.92,1466.52,1.56,0.00,62.00,1.04,42964516,2026-09-23T01:56:22Z
C_hit,orig,2f_slru,async_win,128,2,0,0.00,100.00,86.67,766.97,184.49,420.97,161.51,29.00,853.64,507.64,1.57,0.00,62.00,1.11,42952984,2026-09-23T01:56:22Z
C_hit,orig,2f_slru,async_bulk,128,2,0,0.00,7.00,704.00,390.86,185.76,43.01,162.09,2.00,1094.86,747.01,1.68,35.00,63.00,1.11,42952624,2026-09-23T01:56:23Z
C_hit,orig,leaf_freq_K10,pread,128,2,0,0.00,100.00,681.80,767.65,182.52,585.13,,,1449.45,1266.93,1.69,35.00,64.00,1.11,42954108,2026-09-23T01:56:23Z
C_hit,orig,leaf_freq_K10,async,128,2,0,0.00,100.00,959.00,254.84,182.79,72.05,,,1213.84,1031.05,1.68,36.00,64.00,1.11,42953772,2026-09-23T01:56:23Z
C_hit,orig,leaf_freq_K10,async_win,128,2,0,0.00,100.00,809.67,254.11,183.41,11.02,59.67,3.00,1063.78,820.69,1.67,36.00,64.00,1.11,42955384,2026-09-23T01:56:23Z
C_hit,orig,leaf_freq_K10,async_bulk,128,2,0,0.00,100.00,906.06,252.75,182.22,10.22,60.30,3.00,1158.81,916.28,1.71,36.00,64.00,1.11,42956140,2026-09-23T01:56:24Z
C_hit,orig,leaf_rand_K10,pread,128,2,0,0.00,100.00,940.63,1047.08,183.54,863.53,,,1987.71,1804.16,1.67,36.00,64.00,1.11,42955928,2026-09-23T01:56:24Z
C_hit,orig,leaf_rand_K10,async,128,2,0,0.00,100.00,944.75,265.66,183.68,81.98,,,1210.41,1026.73,1.67,36.00,64.00,1.11,42956184,2026-09-23T01:56:24Z
C_hit,orig,leaf_rand_K10,async_win,128,2,0,0.00,100.00,905.08,259.50,184.02,15.21,60.27,10.00,1164.58,920.29,1.65,36.00,64.00,1.11,42957928,2026-09-23T01:56:25Z
C_hit,orig,leaf_rand_K10,async_bulk,128,2,0,0.00,100.00,942.57,258.73,184.49,14.61,59.63,10.00,1201.30,957.18,1.67,36.00,64.00,1.11,42959164,2026-09-23T01:56:25Z
C_hit,orig,learned_markov_14,pread,128,2,0,0.00,100.00,653.11,1052.41,184.17,868.24,,,1705.52,1521.35,1.69,34.00,67.00,1.11,42958552,2026-09-23T01:56:25Z
C_hit,orig,learned_markov_14,async,128,2,0,0.00,100.00,532.61,273.56,192.29,81.27,,,806.17,613.88,1.65,35.00,66.00,1.11,42959964,2026-09-23T01:56:25Z
C_hit,orig,learned_markov_14,async_win,128,2,0,0.00,100.00,557.92,257.87,181.98,15.78,60.10,6.00,815.79,573.70,1.66,35.00,66.00,1.11,42955468,2026-09-23T01:56:26Z
C_hit,orig,learned_markov_14,async_bulk,128,2,0,0.00,100.00,619.70,269.43,193.42,14.84,61.16,6.00,889.13,634.54,1.67,35.00,66.00,1.11,42957524,2026-09-23T01:56:26Z
C_hit,orig,learned_markov_28,pread,128,2,0,0.00,100.00,593.91,1105.73,186.33,919.40,,,1699.64,1513.31,1.65,33.00,67.00,1.11,42957844,2026-09-23T01:56:26Z
C_hit,orig,learned_markov_28,async,128,2,0,0.00,100.00,557.35,277.83,183.59,94.25,,,835.18,651.60,1.65,35.00,66.00,1.11,42960104,2026-09-23T01:56:26Z
C_hit,orig,learned_markov_28,async_win,128,2,0,0.00,100.00,499.44,270.19,181.38,22.96,65.84,8.00,769.63,522.40,1.67,35.00,66.00,1.11,42960160,2026-09-23T01:56:27Z
C_hit,orig,learned_markov_28,async_bulk,128,2,0,0.00,100.00,503.85,265.94,182.62,22.66,60.65,8.00,769.79,526.51,1.66,35.00,66.00,1.11,42960400,2026-09-23T01:56:27Z
A,orig,baseline,baseline,128,3,0,0.00,0.00,499.47,0.00,0.00,0.00,,,499.47,499.47,2.11,180.00,270.00,1.11,42960860,2026-09-23T01:56:27Z
B,orig,baseline,baseline,128,3,0,0.00,0.00,736.64,0.00,0.00,0.00,,,736.64,736.64,2.20,181.00,273.00,1.10,42960888,2026-09-23T01:56:28Z
C,orig,baseline,baseline,128,3,0,0.00,0.00,1013.10,0.00,0.00,0.00,,,1013.10,1013.10,1.60,24.00,25.00,1.10,42947860,2026-09-23T01:56:28Z
C_hit,orig,baseline,baseline,128,3,0,0.00,0.00,954.26,0.00,0.00,0.00,,,954.26,954.26,1.66,36.00,64.00,1.10,42948516,2026-09-23T01:56:28Z
A,orig,layers_5,pread,128,3,0,0.00,100.00,179.42,632.96,195.93,437.03,,,812.38,616.45,2.12,180.00,271.00,1.10,42950540,2026-09-23T01:56:28Z
A,orig,layers_5,async,128,3,0,0.00,100.00,356.36,265.88,196.32,69.56,,,622.24,425.92,2.16,180.00,271.00,1.10,42950596,2026-09-23T01:56:29Z
A,orig,layers_5,async_win,128,3,0,0.00,100.00,359.52,279.24,209.78,7.49,61.97,2.00,638.76,367.01,2.15,180.00,271.00,1.10,42951492,2026-09-23T01:56:29Z
A,orig,layers_5,async_bulk,128,3,0,0.00,100.00,402.85,264.87,195.38,7.66,61.84,2.00,667.72,410.51,2.12,180.00,271.00,1.10,42953764,2026-09-23T01:56:29Z
A,orig,layers_92,pread,128,3,0,0.00,100.00,179.19,8145.51,212.43,7933.08,,,8324.70,8112.27,2.12,177.00,286.00,1.10,42953248,2026-09-23T01:56:30Z
A,orig,layers_92,async,128,3,0,0.00,100.00,359.80,397.03,194.06,202.96,,,756.83,562.76,2.13,178.00,283.00,1.10,42953844,2026-09-23T01:56:30Z
A,orig,layers_92,async_win,128,3,0,0.00,100.00,354.65,367.14,195.90,104.72,66.53,87.00,721.79,459.37,2.10,178.00,283.00,1.10,42956588,2026-09-23T01:56:30Z
A,orig,layers_92,async_bulk,128,3,0,0.00,100.00,352.38,371.66,195.64,110.08,65.94,87.00,724.04,462.46,2.09,178.00,283.00,1.10,42957508,2026-09-23T01:56:31Z
A,orig,2d,pread,128,3,0,0.00,100.00,180.46,1936.85,232.95,1703.90,,,2117.31,1884.36,2.15,177.00,286.00,1.10,42957432,2026-09-23T01:56:31Z
A,orig,2d,async,128,3,0,0.00,100.00,321.95,319.58,231.75,87.83,,,641.53,409.78,2.11,178.00,283.00,1.10,42958240,2026-09-23T01:56:31Z
A,orig,2d,async_win,128,3,0,0.00,100.00,354.29,316.15,231.59,23.14,61.42,13.00,670.44,377.43,2.13,178.00,283.00,1.10,42958496,2026-09-23T01:56:31Z
A,orig,2d,async_bulk,128,3,0,0.00,100.00,353.70,317.12,233.91,21.72,61.49,13.00,670.82,375.42,2.09,178.00,283.00,1.10,42959056,2026-09-23T01:56:32Z
A,orig,2e_K10,pread,128,3,0,0.00,100.00,178.72,2716.98,230.57,2486.40,,,2895.70,2665.12,2.13,181.00,287.00,1.10,42958320,2026-09-23T01:56:32Z
A,orig,2e_K10,async,128,3,0,0.00,100.00,324.48,329.57,233.56,96.01,,,654.05,420.49,2.12,181.00,287.00,1.10,42958952,2026-09-23T01:56:32Z
A,orig,2e_K10,async_win,128,3,0,0.00,100.00,354.89,327.07,231.89,32.67,62.52,22.00,681.96,387.56,2.14,181.00,287.00,1.10,42960428,2026-09-23T01:56:33Z
A,orig,2e_K10,async_bulk,128,3,0,0.00,100.00,361.58,327.33,232.63,32.13,62.57,22.00,688.91,393.71,2.15,181.00,287.00,1.10,42950516,2026-09-23T01:56:33Z
A,orig,2e_K500,pread,128,3,0,0.00,100.00,180.00,21547.00,230.64,21316.35,,,21727.00,21496.35,2.03,169.00,429.00,1.10,42952720,2026-09-23T01:56:33Z
A,orig,2e_K500,async,128,3,0,0.00,100.00,180.16,1095.42,233.30,862.12,,,1275.58,1042.28,2.10,181.00,408.00,1.10,42953120,2026-09-23T01:56:34Z
A,orig,2e_K500,async_win,128,3,0,0.00,100.00,179.72,1073.91,233.62,711.31,128.98,492.00,1253.63,891.03,2.10,181.00,409.00,1.10,42953376,2026-09-23T01:56:34Z
A,orig,2e_K500,async_bulk,128,3,0,0.00,100.00,181.48,1058.66,231.43,698.12,129.11,492.00,1240.14,879.60,2.13,181.00,407.00,1.10,42953656,2026-09-23T01:56:34Z
A,orig,2f_top14,pread,128,3,0,0.00,100.00,410.29,1540.68,243.65,1297.03,,,1950.97,1707.32,2.12,182.00,281.00,1.10,42975080,2026-09-23T01:56:35Z
A,orig,2f_top14,async,128,3,0,0.00,100.00,355.20,312.60,231.75,80.84,,,667.80,436.04,2.19,182.00,281.00,1.10,42975056,2026-09-23T01:56:35Z
A,orig,2f_top14,async_win,128,3,0,0.00,100.00,394.53,337.07,234.58,39.95,62.55,13.00,731.60,434.48,2.16,182.00,281.00,1.10,42999360,2026-09-23T01:56:35Z
A,orig,2f_top14,async_bulk,128,3,0,0.00,100.00,349.56,324.19,242.09,20.13,61.98,13.00,673.75,369.69,2.10,182.00,281.00,1.10,43000196,2026-09-23T01:56:36Z
A,orig,2f_top28,pread,128,3,0,0.00,100.00,354.79,2635.75,233.56,2402.19,,,2990.54,2756.98,2.12,183.00,288.00,1.10,42999772,2026-09-23T01:56:36Z
A,orig,2f_top28,async,128,3,0,0.00,100.00,356.30,328.54,229.82,98.72,,,684.84,455.02,2.14,183.00,288.00,1.10,43000232,2026-09-23T01:56:36Z
A,orig,2f_top28,async_win,128,3,0,0.00,100.00,353.86,328.74,231.00,35.76,61.98,27.00,682.60,389.62,2.13,183.00,288.00,1.10,43000728,2026-09-23T01:56:36Z
A,orig,2f_top28,async_bulk,128,3,0,0.00,100.00,356.72,335.61,234.82,37.72,63.07,27.00,692.33,394.44,2.13,183.00,288.00,1.10,43001460,2026-09-23T01:56:37Z
A,orig,2f_top100,pread,128,3,0,0.00,100.00,244.95,8808.28,227.27,8581.01,,,9053.23,8825.96,2.09,183.00,324.00,1.10,43001760,2026-09-23T01:56:37Z
A,orig,2f_top100,async,128,3,0,0.00,100.00,245.57,433.02,229.53,203.49,,,678.59,449.06,2.16,183.00,324.00,1.09,43002076,2026-09-23T01:56:37Z
A,orig,2f_top100,async_win,128,3,0,0.00,100.00,245.00,413.38,225.67,122.25,65.45,99.00,658.38,367.25,2.09,183.00,325.00,1.09,43001352,2026-09-23T01:56:38Z
A,orig,2f_top100,async_bulk,128,3,0,0.00,100.00,244.46,408.65,223.60,119.50,65.55,99.00,653.11,363.96,2.10,183.00,324.00,1.09,43001480,2026-09-23T01:56:38Z
A,orig,2f_top500,pread,128,3,0,0.00,100.00,178.21,21369.44,229.20,21140.24,,,21547.65,21318.45,2.06,172.00,433.00,1.09,43002156,2026-09-23T01:56:38Z
A,orig,2f_top500,async,128,3,0,0.00,100.00,179.64,1035.90,229.86,806.04,,,1215.54,985.68,2.09,179.00,415.00,1.09,43001664,2026-09-23T01:56:39Z
A,orig,2f_top500,async_win,128,3,0,0.00,100.00,181.67,1011.94,228.73,687.12,96.09,481.00,1193.61,868.79,2.10,179.00,412.00,1.09,43002516,2026-09-23T01:56:39Z
A,orig,2f_top500,async_bulk,128,3,0,0.00,100.00,181.54,1019.46,227.34,701.77,90.35,481.00,1201.00,883.31,2.08,179.00,414.00,1.09,43003544,2026-09-23T01:56:39Z
A,orig,2f_slru,pread,128,3,0,0.00,100.00,95.26,17603.99,228.17,17375.82,,,17699.25,17471.08,1.53,0.00,278.00,1.09,43004840,2026-09-23T01:56:40Z
A,orig,2f_slru,async,128,3,0,0.00,100.00,94.38,7397.56,226.86,7170.70,,,7491.94,7265.08,1.55,0.00,278.00,1.09,42986724,2026-09-23T01:56:40Z
A,orig,2f_slru,async_win,128,3,0,0.00,96.40,97.29,2713.15,230.82,2082.99,399.34,138.00,2810.44,2180.28,1.57,0.00,278.00,1.09,42987220,2026-09-23T01:56:40Z
A,orig,2f_slru,async_bulk,128,3,0,0.00,1.40,389.38,701.96,229.60,80.63,391.73,2.00,1091.34,470.01,2.16,178.00,269.00,1.09,42989540,2026-09-23T01:56:40Z
A,orig,leaf_freq_K10,pread,128,3,0,0.00,100.00,483.62,1151.62,228.67,922.96,,,1635.24,1406.58,2.14,183.00,274.00,1.09,42989524,2026-09-23T01:56:41Z
A,orig,leaf_freq_K10,async,128,3,0,0.00,100.00,485.52,304.46,229.45,75.01,,,789.98,560.53,2.14,183.00,274.00,1.09,42989264,2026-09-23T01:56:41Z
A,orig,leaf_freq_K10,async_win,128,3,0,0.00,100.00,485.89,306.19,229.98,14.75,61.46,10.00,792.08,500.64,2.16,183.00,274.00,1.09,42989824,2026-09-23T01:56:41Z
A,orig,leaf_freq_K10,async_bulk,128,3,0,0.00,100.00,487.80,304.76,228.98,14.19,61.60,10.00,792.56,501.99,2.16,183.00,274.00,1.09,42989740,2026-09-23T01:56:42Z
A,orig,leaf_rand_K10,pread,128,3,0,0.00,100.00,486.10,1154.85,228.05,926.80,,,1640.95,1412.90,2.16,180.00,270.00,1.09,42990696,2026-09-23T01:56:42Z
A,orig,leaf_rand_K10,async,128,3,0,0.00,100.00,488.78,306.45,228.17,78.28,,,795.23,567.06,2.14,180.00,270.00,1.09,42992316,2026-09-23T01:56:42Z
A,orig,leaf_rand_K10,async_win,128,3,0,0.00,100.00,486.46,304.01,228.62,14.04,61.35,10.00,790.47,500.50,2.15,180.00,270.00,1.08,42992196,2026-09-23T01:56:43Z
A,orig,leaf_rand_K10,async_bulk,128,3,0,0.00,100.00,483.74,303.19,227.48,14.23,61.49,10.00,786.93,497.97,2.15,180.00,270.00,1.08,42992412,2026-09-23T01:56:43Z
A,orig,learned_markov_14,pread,128,3,0,0.00,100.00,354.76,1447.82,228.87,1218.95,,,1802.58,1573.71,2.13,178.00,283.00,1.08,42993584,2026-09-23T01:56:43Z
A,orig,learned_markov_14,async,128,3,0,0.00,100.00,358.55,309.55,230.76,78.79,,,668.10,437.34,2.13,178.00,283.00,1.08,42983460,2026-09-23T01:56:44Z
A,orig,learned_markov_14,async_win,128,3,0,0.00,100.00,353.99,309.01,227.45,19.56,62.01,13.00,663.00,373.55,2.13,178.00,282.00,1.08,42985204,2026-09-23T01:56:44Z
A,orig,learned_markov_14,async_bulk,128,3,0,0.00,100.00,356.72,312.00,230.47,19.16,62.37,13.00,668.72,375.88,2.15,178.00,282.00,1.08,42985876,2026-09-23T01:56:44Z
A,orig,learned_markov_28,pread,128,3,0,0.00,100.00,406.45,2758.98,227.29,2531.69,,,3165.43,2938.14,2.08,178.00,286.00,1.08,42986172,2026-09-23T01:56:44Z
A,orig,learned_markov_28,async,128,3,0,0.00,100.00,411.62,325.85,228.60,97.25,,,737.47,508.87,2.13,178.00,286.00,1.08,42986824,2026-09-23T01:56:45Z
A,orig,learned_markov_28,async_win,128,3,0,0.00,100.00,355.35,341.80,227.84,51.93,62.04,26.00,697.15,407.28,2.10,178.00,287.00,1.08,42986932,2026-09-23T01:56:45Z
A,orig,learned_markov_28,async_bulk,128,3,0,0.00,100.00,357.47,331.43,230.61,37.31,63.51,26.00,688.90,394.78,2.12,178.00,286.00,1.08,42986748,2026-09-23T01:56:45Z
B,orig,layers_5,pread,128,3,0,0.00,100.00,400.44,668.28,227.85,440.43,,,1068.72,840.87,2.22,181.00,273.00,1.08,42987484,2026-09-23T01:56:46Z
B,orig,layers_5,async,128,3,0,0.00,100.00,414.02,296.82,227.94,68.88,,,710.84,482.90,2.20,182.00,272.00,1.08,42987656,2026-09-23T01:56:46Z
B,orig,layers_5,async_win,128,3,0,0.00,100.00,405.35,297.30,228.67,7.75,60.87,2.00,702.65,413.10,2.16,182.00,272.00,1.08,42986012,2026-09-23T01:56:46Z
B,orig,layers_5,async_bulk,128,3,0,0.00,100.00,415.33,302.82,233.86,9.00,59.96,2.00,718.15,424.33,2.19,182.00,272.00,1.08,42985528,2026-09-23T01:56:47Z
B,orig,layers_92,pread,128,3,0,0.00,100.00,418.27,8249.33,230.68,8018.64,,,8667.60,8436.91,2.21,180.00,281.00,1.08,42986208,2026-09-23T01:56:47Z
B,orig,layers_92,async,128,3,0,0.00,100.00,416.09,421.32,226.91,194.41,,,837.41,610.50,2.20,181.00,278.00,1.08,42986548,2026-09-23T01:56:47Z
B,orig,layers_92,async_win,128,3,0,0.00,100.00,411.56,414.94,228.85,116.54,69.55,87.00,826.50,528.10,2.19,181.00,278.00,1.07,42987188,2026-09-23T01:56:48Z
B,orig,layers_92,async_bulk,128,3,0,0.00,100.00,400.68,407.24,228.66,112.41,66.16,87.00,807.92,513.09,2.20,181.00,278.00,1.07,42987176,2026-09-23T01:56:48Z
B,orig,2d,pread,128,3,0,0.00,100.00,431.59,1932.31,227.40,1704.91,,,2363.90,2136.50,2.15,180.00,281.00,1.07,42987852,2026-09-23T01:56:48Z
B,orig,2d,async,128,3,0,0.00,100.00,403.10,314.26,228.99,85.27,,,717.36,488.37,2.16,181.00,278.00,1.07,42988776,2026-09-23T01:56:49Z
B,orig,2d,async_win,128,3,0,0.00,100.00,403.21,312.90,229.55,20.69,62.66,13.00,716.11,423.90,2.21,181.00,278.00,1.07,42995412,2026-09-23T01:56:49Z
B,orig,2d,async_bulk,128,3,0,0.00,100.00,398.69,312.21,229.02,21.38,61.81,13.00,710.90,420.07,2.17,181.00,277.00,1.07,42998552,2026-09-23T01:56:49Z
B,orig,2e_K10,pread,128,3,0,0.00,100.00,405.09,2818.18,229.29,2588.89,,,3223.27,2993.98,2.18,180.00,284.00,1.07,42999572,2026-09-23T01:56:50Z
B,orig,2e_K10,async,128,3,0,0.00,100.00,403.55,328.31,228.68,99.63,,,731.86,503.18,2.17,181.00,281.00,1.07,42999392,2026-09-23T01:56:50Z
B,orig,2e_K10,async_win,128,3,0,0.00,100.00,411.45,324.09,229.55,32.78,61.76,23.00,735.54,444.23,2.20,181.00,281.00,1.07,42999952,2026-09-23T01:56:50Z
B,orig,2e_K10,async_bulk,128,3,0,0.00,100.00,414.97,325.25,228.93,33.61,62.71,23.00,740.22,448.58,2.20,181.00,281.00,1.07,43000344,2026-09-23T01:56:50Z
B,orig,2e_K500,pread,128,3,0,0.00,100.00,456.47,18923.99,227.18,18696.81,,,19380.46,19153.28,2.09,166.00,384.00,1.07,43000512,2026-09-23T01:56:51Z
B,orig,2e_K500,async,128,3,0,0.00,100.00,452.30,1067.94,231.71,836.23,,,1520.24,1288.53,2.16,186.00,322.00,1.07,43001416,2026-09-23T01:56:51Z
B,orig,2e_K500,async_win,128,3,0,0.00,100.00,452.69,1004.90,230.01,684.37,90.52,460.00,1457.59,1137.06,2.14,186.00,322.00,1.07,43001600,2026-09-23T01:56:51Z
B,orig,2e_K500,async_bulk,128,3,0,0.00,100.00,452.16,995.79,229.19,674.84,91.76,460.00,1447.95,1127.00,2.18,186.00,324.00,1.07,43002180,2026-09-23T01:56:52Z
B,orig,2f_top14,pread,128,3,0,0.00,100.00,399.76,1500.97,227.16,1273.82,,,1900.73,1673.58,2.19,181.00,277.00,1.07,43001824,2026-09-23T01:56:52Z
B,orig,2f_top14,async,128,3,0,0.00,100.00,397.65,305.80,227.61,78.19,,,703.45,475.84,2.16,181.00,277.00,1.07,43001820,2026-09-23T01:56:52Z
B,orig,2f_top14,async_win,128,3,0,0.00,100.00,407.58,307.41,226.81,19.35,61.26,13.00,714.99,426.93,2.16,181.00,277.00,1.07,43001868,2026-09-23T01:56:53Z
B,orig,2f_top14,async_bulk,128,3,0,0.00,100.00,400.60,304.22,223.87,19.32,61.03,13.00,704.82,419.92,2.16,181.00,277.00,1.07,43002320,2026-09-23T01:56:53Z
B,orig,2f_top28,pread,128,3,0,0.00,100.00,398.93,2630.67,226.53,2404.14,,,3029.60,2803.07,2.14,181.00,280.00,1.07,43001708,2026-09-23T01:56:53Z
B,orig,2f_top28,async,128,3,0,0.00,100.00,408.47,329.00,227.92,101.08,,,737.47,509.55,2.17,181.00,280.00,1.07,43001832,2026-09-23T01:56:54Z
B,orig,2f_top28,async_win,128,3,0,0.00,100.00,403.78,333.20,229.75,41.05,62.40,27.00,736.98,444.83,2.19,181.00,279.00,1.07,42981224,2026-09-23T01:56:54Z
B,orig,2f_top28,async_bulk,128,3,0,0.00,100.00,411.36,329.88,230.25,37.37,62.26,27.00,741.24,448.73,2.19,181.00,279.00,1.07,42990752,2026-09-23T01:56:54Z
B,orig,2f_top100,pread,128,3,0,0.00,100.00,409.96,9025.96,228.71,8797.25,,,9435.92,9207.21,2.17,184.00,297.00,1.07,42991608,2026-09-23T01:56:55Z
B,orig,2f_top100,async,128,3,0,0.00,100.00,405.46,427.33,228.64,198.69,,,832.79,604.15,2.24,185.00,294.00,1.07,43004300,2026-09-23T01:56:55Z
B,orig,2f_top100,async_win,128,3,0,0.00,100.00,414.40,424.72,229.56,128.94,66.21,95.00,839.12,543.34,2.22,185.00,294.00,1.07,43003176,2026-09-23T01:56:55Z
B,orig,2f_top100,async_bulk,128,3,0,0.00,100.00,398.68,421.54,227.65,128.54,65.35,95.00,820.22,527.22,2.18,185.00,293.00,1.07,43003780,2026-09-23T01:56:56Z
B,orig,2f_top500,pread,128,3,0,0.00,100.00,453.89,18938.85,229.28,18709.57,,,19392.74,19163.46,2.12,172.00,379.00,1.07,43004472,2026-09-23T01:56:56Z
B,orig,2f_top500,async,128,3,0,0.00,100.00,455.41,1045.77,229.09,816.67,,,1501.18,1272.08,2.16,186.00,326.00,1.07,43005172,2026-09-23T01:56:56Z
B,orig,2f_top500,async_win,128,3,0,0.00,100.00,454.16,989.99,230.13,672.03,87.83,449.00,1444.15,1126.19,2.16,186.00,326.00,1.07,43006912,2026-09-23T01:56:56Z
B,orig,2f_top500,async_bulk,128,3,0,0.00,100.00,455.41,989.25,228.34,671.15,89.76,449.00,1444.66,1126.56,2.18,186.00,325.00,1.07,43008528,2026-09-23T01:56:57Z
B,orig,2f_slru,pread,128,3,0,0.00,100.00,95.94,17879.24,227.79,17651.46,,,17975.18,17747.40,1.60,0.00,278.00,1.07,43009096,2026-09-23T01:56:57Z
B,orig,2f_slru,async,128,3,0,0.00,100.00,97.47,7332.66,229.15,7103.51,,,7430.13,7200.98,1.61,0.00,278.00,1.07,43005332,2026-09-23T01:56:57Z
B,orig,2f_slru,async_win,128,3,0,0.00,83.30,96.85,2521.75,229.12,1973.16,319.47,139.00,2618.60,2070.01,1.61,0.00,278.00,1.06,43007292,2026-09-23T01:56:58Z
B,orig,2f_slru,async_bulk,128,3,0,0.00,1.40,627.13,627.16,228.80,80.64,317.72,2.00,1254.29,707.77,2.19,180.00,271.00,1.06,43009520,2026-09-23T01:56:58Z
B,orig,leaf_freq_K10,pread,128,3,0,0.00,100.00,710.72,1147.48,226.60,920.88,,,1858.20,1631.60,2.18,181.00,275.00,1.06,43013260,2026-09-23T01:56:58Z
B,orig,leaf_freq_K10,async,128,3,0,0.00,100.00,709.19,301.61,227.73,73.88,,,1010.80,783.07,2.19,181.00,275.00,1.06,43013212,2026-09-23T01:56:59Z
B,orig,leaf_freq_K10,async_win,128,3,0,0.00,100.00,710.33,304.18,228.14,15.04,61.01,10.00,1014.51,725.37,2.19,181.00,276.00,1.06,43013920,2026-09-23T01:56:59Z
B,orig,leaf_freq_K10,async_bulk,128,3,0,0.00,100.00,719.21,304.34,228.13,16.04,60.17,10.00,1023.55,735.25,2.17,181.00,275.00,1.06,42990640,2026-09-23T01:56:59Z
B,orig,leaf_rand_K10,pread,128,3,0,0.00,100.00,722.47,1150.75,227.77,922.99,,,1873.22,1645.46,2.21,181.00,276.00,1.06,43005228,2026-09-23T01:57:00Z
B,orig,leaf_rand_K10,async,128,3,0,0.00,100.00,729.20,308.71,230.42,78.29,,,1037.91,807.49,2.21,181.00,276.00,1.06,43006252,2026-09-23T01:57:00Z
B,orig,leaf_rand_K10,async_win,128,3,0,0.00,100.00,724.80,304.28,229.70,13.90,60.68,10.00,1029.08,738.70,2.21,181.00,276.00,1.06,42999724,2026-09-23T01:57:00Z
B,orig,leaf_rand_K10,async_bulk,128,3,0,0.00,100.00,724.13,304.91,226.15,17.31,61.46,10.00,1029.04,741.44,2.20,181.00,276.00,1.06,43000796,2026-09-23T01:57:00Z
B,orig,learned_markov_14,pread,128,3,0,0.00,100.00,399.32,1440.37,227.40,1212.97,,,1839.69,1612.29,2.14,181.00,278.00,1.06,43001020,2026-09-23T01:57:01Z
B,orig,learned_markov_14,async,128,3,0,0.00,100.00,401.25,308.79,227.69,81.10,,,710.04,482.35,2.20,181.00,278.00,1.06,43002008,2026-09-23T01:57:01Z
B,orig,learned_markov_14,async_win,128,3,0,0.00,100.00,414.19,310.13,229.60,18.93,61.60,13.00,724.32,433.12,2.18,181.00,278.00,1.06,43003144,2026-09-23T01:57:01Z
B,orig,learned_markov_14,async_bulk,128,3,0,0.00,100.00,406.09,307.55,227.41,18.80,61.35,13.00,713.64,424.89,2.18,181.00,278.00,1.06,43002740,2026-09-23T01:57:02Z
B,orig,learned_markov_28,pread,128,3,0,0.00,100.00,413.56,2633.91,228.91,2405.00,,,3047.47,2818.56,2.20,180.00,281.00,1.06,43003264,2026-09-23T01:57:02Z
B,orig,learned_markov_28,async,128,3,0,0.00,100.00,413.53,324.66,228.01,96.65,,,738.19,510.18,2.18,180.00,281.00,1.06,43004692,2026-09-23T01:57:02Z
B,orig,learned_markov_28,async_win,128,3,0,0.00,100.00,417.36,329.74,230.94,36.96,61.84,27.00,747.10,454.32,2.18,180.00,281.00,1.06,43004836,2026-09-23T01:57:03Z
B,orig,learned_markov_28,async_bulk,128,3,0,0.00,100.00,412.36,327.18,229.65,34.70,62.83,27.00,739.54,447.06,2.18,180.00,281.00,1.06,43005260,2026-09-23T01:57:03Z
C,orig,layers_5,pread,128,3,0,0.00,100.00,1035.69,675.81,228.40,447.41,,,1711.50,1483.10,1.60,24.00,25.00,1.06,43005692,2026-09-23T01:57:03Z
C,orig,layers_5,async,128,3,0,0.00,100.00,1031.83,296.74,228.41,68.33,,,1328.57,1100.16,1.61,24.00,25.00,1.06,43007488,2026-09-23T01:57:04Z
C,orig,layers_5,async_win,128,3,0,0.00,100.00,973.55,295.99,226.98,8.12,60.89,2.00,1269.54,981.67,1.62,24.00,25.00,1.06,43008540,2026-09-23T01:57:04Z
C,orig,layers_5,async_bulk,128,3,0,0.00,100.00,1031.65,295.61,226.81,7.74,61.06,2.00,1327.26,1039.39,1.59,24.00,25.00,1.06,43008588,2026-09-23T01:57:04Z
C,orig,layers_92,pread,128,3,0,0.00,100.00,652.32,8260.44,183.85,8076.58,,,8912.76,8728.90,1.59,24.00,25.00,1.06,43008372,2026-09-23T01:57:04Z
C,orig,layers_92,async,128,3,0,0.00,100.00,655.89,384.32,182.66,201.66,,,1040.21,857.55,1.59,24.00,25.00,1.06,43004692,2026-09-23T01:57:05Z
C,orig,layers_92,async_win,128,3,0,0.00,100.00,654.52,362.07,185.88,111.92,64.27,87.00,1016.59,766.44,1.60,24.00,25.00,1.06,43005904,2026-09-23T01:57:05Z
C,orig,layers_92,async_bulk,128,3,0,0.00,100.00,654.56,360.73,183.59,112.97,64.16,87.00,1015.29,767.53,1.60,24.00,25.00,1.06,43006484,2026-09-23T01:57:05Z
C,orig,2d,pread,128,3,0,0.00,100.00,654.23,542.77,184.08,358.69,,,1197.00,1012.92,1.59,24.00,25.00,1.06,43006356,2026-09-23T01:57:05Z
C,orig,2d,async,128,3,0,0.00,100.00,649.93,252.62,185.11,67.52,,,902.55,717.45,1.60,24.00,25.00,1.06,43007296,2026-09-23T01:57:06Z
C,orig,2d,async_win,128,3,0,0.00,100.00,649.62,253.03,185.22,7.64,60.16,2.00,902.65,657.26,1.62,24.00,25.00,1.06,43007740,2026-09-23T01:57:06Z
C,orig,2d,async_bulk,128,3,0,0.00,100.00,647.64,251.24,183.30,7.18,60.76,2.00,898.88,654.82,1.61,24.00,25.00,1.06,43008456,2026-09-23T01:57:06Z
C,orig,2e_K10,pread,128,3,0,0.00,100.00,176.40,1315.32,179.62,1135.70,,,1491.72,1312.10,1.60,22.00,28.00,1.06,43008424,2026-09-23T01:57:06Z
C,orig,2e_K10,async,128,3,0,0.00,100.00,174.50,259.86,181.78,78.08,,,434.36,252.58,1.59,22.00,27.00,1.06,43009084,2026-09-23T01:57:07Z
C,orig,2e_K10,async_win,128,3,0,0.00,100.00,173.87,260.29,184.11,16.21,59.97,8.00,434.16,190.08,1.61,22.00,27.00,1.06,43008724,2026-09-23T01:57:07Z
C,orig,2e_K10,async_bulk,128,3,0,0.00,100.00,178.81,262.83,186.47,15.95,60.41,8.00,441.64,194.76,1.63,22.00,27.00,1.06,43009836,2026-09-23T01:57:07Z
C,orig,2e_K500,pread,128,3,0,0.00,100.00,175.68,2306.94,183.51,2123.42,,,2482.62,2299.10,1.53,0.00,37.00,1.06,43009412,2026-09-23T01:57:07Z
C,orig,2e_K500,async,128,3,0,0.00,65.10,175.75,623.75,182.32,441.43,,,799.50,617.18,1.53,0.00,37.00,1.05,43009080,2026-09-23T01:57:08Z
C,orig,2e_K500,async_win,128,3,0,0.00,42.30,176.65,491.82,183.76,226.12,81.94,90.00,668.47,402.77,1.53,0.00,37.00,1.05,43010192,2026-09-23T01:57:08Z
C,orig,2e_K500,async_bulk,128,3,0,0.00,98.20,179.47,488.25,184.20,224.57,79.48,90.00,667.72,404.04,1.52,0.00,37.00,1.05,43010680,2026-09-23T01:57:08Z
C,orig,2f_top14,pread,128,3,0,0.00,100.00,172.33,1211.88,180.58,1031.30,,,1384.21,1203.63,1.58,21.00,28.00,1.05,43011092,2026-09-23T01:57:08Z
C,orig,2f_top14,async,128,3,0,0.00,100.00,178.47,260.56,182.60,77.96,,,439.03,256.43,1.61,22.00,27.00,1.05,43010632,2026-09-23T01:57:09Z
C,orig,2f_top14,async_win,128,3,0,0.00,100.00,176.23,263.54,185.88,16.37,61.28,9.00,439.77,192.60,1.59,22.00,27.00,1.05,43011208,2026-09-23T01:57:09Z
C,orig,2f_top14,async_bulk,128,3,0,0.00,100.00,175.31,257.33,179.28,16.54,61.52,9.00,432.64,191.85,1.59,22.00,27.00,1.05,43011372,2026-09-23T01:57:09Z
C,orig,2f_top28,pread,128,3,0,0.00,100.00,172.59,1287.54,184.13,1103.41,,,1460.13,1276.00,1.61,20.00,29.00,1.05,43011216,2026-09-23T01:57:09Z
C,orig,2f_top28,async,128,3,0,0.00,100.00,173.26,278.63,183.82,94.81,,,451.89,268.07,1.59,21.00,28.00,1.05,42991548,2026-09-23T01:57:10Z
C,orig,2f_top28,async_win,128,3,0,0.00,100.00,175.88,281.45,186.17,31.90,63.38,13.00,457.33,207.78,1.60,21.00,28.00,1.05,42994256,2026-09-23T01:57:10Z
C,orig,2f_top28,async_bulk,128,3,0,0.00,100.00,175.19,272.94,184.25,26.77,61.93,13.00,448.13,201.96,1.61,21.00,28.00,1.05,42996484,2026-09-23T01:57:10Z
C,orig,2f_top100,pread,128,3,0,0.00,100.00,174.33,1318.05,183.66,1134.39,,,1492.38,1308.72,1.55,14.00,30.00,1.05,42996784,2026-09-23T01:57:10Z
C,orig,2f_top100,async,128,3,0,0.00,100.00,176.00,358.98,183.03,175.95,,,534.98,351.95,1.60,17.00,30.00,1.05,42997836,2026-09-23T01:57:11Z
C,orig,2f_top100,async_win,128,3,0,0.00,100.00,175.05,316.18,180.63,70.27,65.28,32.00,491.23,245.32,1.58,17.00,30.00,1.05,42998228,2026-09-23T01:57:11Z
C,orig,2f_top100,async_bulk,128,3,0,0.00,100.00,174.82,319.27,183.34,70.53,65.39,32.00,494.09,245.35,1.56,17.00,30.00,1.05,42998600,2026-09-23T01:57:11Z
C,orig,2f_top500,pread,128,3,0,0.00,100.00,89.04,2986.31,184.78,2801.54,,,3075.35,2890.58,1.53,0.00,37.00,1.05,42998576,2026-09-23T01:57:11Z
C,orig,2f_top500,async,128,3,0,0.00,100.00,89.33,931.81,184.62,747.19,,,1021.14,836.52,1.53,0.00,37.00,1.05,43001524,2026-09-23T01:57:12Z
C,orig,2f_top500,async_win,128,3,0,0.00,100.00,88.35,499.18,183.62,225.96,89.59,16.00,587.53,314.31,1.52,0.00,37.00,1.05,43002360,2026-09-23T01:57:12Z
C,orig,2f_top500,async_bulk,128,3,0,0.00,13.30,464.22,311.62,182.93,38.91,89.77,2.00,775.84,503.13,1.60,23.00,27.00,1.05,43002156,2026-09-23T01:57:12Z
C,orig,2f_slru,pread,128,3,0,0.00,100.00,89.00,3062.65,180.92,2881.73,,,3151.65,2970.73,1.54,0.00,37.00,1.05,43002552,2026-09-23T01:57:12Z
C,orig,2f_slru,async,128,3,0,0.00,100.00,90.22,907.23,182.83,724.39,,,997.45,814.61,1.53,0.00,37.00,1.05,43000792,2026-09-23T01:57:13Z
C,orig,2f_slru,async_win,128,3,0,0.00,100.00,89.50,501.00,184.72,227.19,89.10,16.00,590.50,316.69,1.53,0.00,37.00,1.05,43002016,2026-09-23T01:57:13Z
C,orig,2f_slru,async_bulk,128,3,0,0.00,13.30,465.00,309.63,181.64,37.92,90.07,2.00,774.63,502.92,1.61,23.00,27.00,1.05,43002224,2026-09-23T01:57:13Z
C,orig,leaf_freq_K10,pread,128,3,0,0.00,100.00,663.19,911.02,183.08,727.94,,,1574.21,1391.13,1.61,22.00,28.00,1.05,43003676,2026-09-23T01:57:13Z
C,orig,leaf_freq_K10,async,128,3,0,0.00,100.00,565.90,254.47,181.47,73.00,,,820.37,638.90,1.60,22.00,27.00,1.05,43004136,2026-09-23T01:57:14Z
C,orig,leaf_freq_K10,async_win,128,3,0,0.00,100.00,566.61,255.00,184.03,10.58,60.39,6.00,821.61,577.19,1.59,22.00,27.00,1.05,43004584,2026-09-23T01:57:14Z
C,orig,leaf_freq_K10,async_bulk,128,3,0,0.00,100.00,563.15,253.94,182.23,11.81,59.89,6.00,817.09,574.96,1.59,22.00,27.00,1.05,43004488,2026-09-23T01:57:14Z
C,orig,leaf_rand_K10,pread,128,3,0,0.00,100.00,1019.30,1081.58,185.92,895.66,,,2100.88,1914.96,1.60,24.00,25.00,1.05,43005300,2026-09-23T01:57:15Z
C,orig,leaf_rand_K10,async,128,3,0,0.00,100.00,984.93,257.13,183.60,73.54,,,1242.06,1058.47,1.60,24.00,25.00,1.05,43006452,2026-09-23T01:57:15Z
C,orig,leaf_rand_K10,async_win,128,3,0,0.00,100.00,992.18,258.52,182.43,14.88,61.20,10.00,1250.70,1007.06,1.60,24.00,25.00,1.05,42991436,2026-09-23T01:57:15Z
C,orig,leaf_rand_K10,async_bulk,128,3,0,0.00,100.00,1043.27,259.83,183.10,15.73,60.99,10.00,1303.10,1059.00,1.60,24.00,25.00,1.05,42991728,2026-09-23T01:57:15Z
C,orig,learned_markov_14,pread,128,3,0,0.00,100.00,176.11,1213.95,182.09,1031.86,,,1390.06,1207.97,1.59,21.00,28.00,1.05,43006996,2026-09-23T01:57:16Z
C,orig,learned_markov_14,async,128,3,0,0.00,100.00,177.06,262.70,183.73,78.98,,,439.76,256.04,1.59,22.00,27.00,1.05,43007660,2026-09-23T01:57:16Z
C,orig,learned_markov_14,async_win,128,3,0,0.00,100.00,179.65,263.44,185.25,16.22,61.97,9.00,443.09,195.87,1.60,22.00,27.00,1.05,43007596,2026-09-23T01:57:16Z
C,orig,learned_markov_14,async_bulk,128,3,0,0.00,100.00,176.93,258.77,180.59,16.75,61.42,9.00,435.70,193.68,1.60,22.00,27.00,1.05,43007652,2026-09-23T01:57:16Z
C,orig,learned_markov_28,pread,128,3,0,0.00,100.00,173.26,1280.20,181.56,1098.64,,,1453.46,1271.90,1.60,20.00,29.00,1.05,43007572,2026-09-23T01:57:17Z
C,orig,learned_markov_28,async,128,3,0,0.00,100.00,174.63,280.36,185.09,95.27,,,454.99,269.90,1.60,21.00,28.00,1.05,43010024,2026-09-23T01:57:17Z
C,orig,learned_markov_28,async_win,128,3,0,0.00,100.00,175.12,270.27,181.96,25.81,62.50,13.00,445.39,200.93,1.61,21.00,28.00,1.05,43010848,2026-09-23T01:57:17Z
C,orig,learned_markov_28,async_bulk,128,3,0,0.00,100.00,177.94,272.47,184.68,25.50,62.30,13.00,450.41,203.44,1.59,21.00,28.00,1.05,43010748,2026-09-23T01:57:17Z
C_hit,orig,layers_5,pread,128,3,0,0.00,100.00,963.36,630.38,182.67,447.71,,,1593.74,1411.07,1.67,36.00,64.00,1.04,43009340,2026-09-23T01:57:18Z
C_hit,orig,layers_5,async,128,3,0,0.00,100.00,898.07,250.50,182.19,68.31,,,1148.57,966.38,1.68,36.00,64.00,1.04,43009384,2026-09-23T01:57:18Z
C_hit,orig,layers_5,async_win,128,3,0,0.00,100.00,937.43,253.50,185.08,7.51,60.91,2.00,1190.93,944.94,1.66,36.00,64.00,1.04,43010932,2026-09-23T01:57:18Z
C_hit,orig,layers_5,async_bulk,128,3,0,0.00,100.00,963.89,252.69,184.85,7.31,60.53,2.00,1216.58,971.20,1.67,36.00,64.00,1.04,43010516,2026-09-23T01:57:18Z
C_hit,orig,layers_92,pread,128,3,0,0.00,100.00,556.08,8160.71,184.53,7976.19,,,8716.79,8532.27,1.66,35.00,65.00,1.04,43011316,2026-09-23T01:57:19Z
C_hit,orig,layers_92,async,128,3,0,0.00,100.00,558.19,381.93,184.06,197.87,,,940.12,756.06,1.66,35.00,65.00,1.04,43017940,2026-09-23T01:57:19Z
C_hit,orig,layers_92,async_win,128,3,0,0.00,100.00,583.26,364.95,181.09,119.06,64.79,87.00,948.21,702.32,1.65,35.00,65.00,1.04,43019184,2026-09-23T01:57:19Z
C_hit,orig,layers_92,async_bulk,128,3,0,0.00,100.00,555.64,361.60,183.90,113.45,64.25,87.00,917.24,669.09,1.66,35.00,65.00,1.04,43018472,2026-09-23T01:57:19Z
C_hit,orig,2d,pread,128,3,0,0.00,100.00,551.64,609.95,181.99,427.95,,,1161.59,979.59,1.67,35.00,65.00,1.04,43018968,2026-09-23T01:57:20Z
C_hit,orig,2d,async,128,3,0,0.00,100.00,586.14,249.04,181.73,67.31,,,835.18,653.45,1.68,35.00,65.00,1.04,43019332,2026-09-23T01:57:20Z
C_hit,orig,2d,async_win,128,3,0,0.00,100.00,556.55,250.58,182.67,7.58,60.32,3.00,807.13,564.13,1.68,35.00,65.00,1.04,43005144,2026-09-23T01:57:20Z
C_hit,orig,2d,async_bulk,128,3,0,0.00,100.00,650.12,252.93,183.21,9.19,60.52,3.00,903.05,659.31,1.68,35.00,65.00,1.04,43005192,2026-09-23T01:57:21Z
C_hit,orig,2e_K10,pread,128,3,0,0.00,100.00,595.99,1161.43,185.90,975.53,,,1757.42,1571.52,1.69,34.00,67.00,1.04,42987624,2026-09-23T01:57:21Z
C_hit,orig,2e_K10,async,128,3,0,0.00,100.00,530.64,263.68,183.87,79.81,,,794.32,610.45,1.66,35.00,66.00,1.04,42989500,2026-09-23T01:57:21Z
C_hit,orig,2e_K10,async_win,128,3,0,0.00,100.00,626.27,263.19,186.57,15.37,61.24,6.00,889.46,641.64,1.67,35.00,66.00,1.04,42990900,2026-09-23T01:57:21Z
C_hit,orig,2e_K10,async_bulk,128,3,0,0.00,100.00,583.34,261.08,185.17,14.75,61.16,6.00,844.42,598.09,1.70,35.00,66.00,1.04,42991052,2026-09-23T01:57:22Z
C_hit,orig,2e_K500,pread,128,3,0,0.00,100.00,172.77,3440.07,183.51,3256.55,,,3612.84,3429.32,1.60,8.00,65.00,1.04,42990084,2026-09-23T01:57:22Z
C_hit,orig,2e_K500,async,128,3,0,0.00,43.80,174.61,823.83,180.96,642.87,,,998.44,817.48,1.59,9.00,65.00,1.04,42989356,2026-09-23T01:57:22Z
C_hit,orig,2e_K500,async_win,128,3,0,0.00,100.00,175.50,616.46,182.06,343.00,91.39,139.00,791.96,518.50,1.58,9.00,65.00,1.04,42991392,2026-09-23T01:57:22Z
C_hit,orig,2e_K500,async_bulk,128,3,0,0.00,100.00,177.33,619.40,183.80,345.32,90.29,139.00,796.73,522.65,1.58,9.00,65.00,1.04,42991336,2026-09-23T01:57:23Z
C_hit,orig,2f_top14,pread,128,3,0,0.00,100.00,500.15,1053.63,183.00,870.63,,,1553.78,1370.78,1.66,34.00,67.00,1.04,42992496,2026-09-23T01:57:23Z
C_hit,orig,2f_top14,async,128,3,0,0.00,100.00,565.84,255.44,182.20,73.24,,,821.28,639.08,1.65,35.00,66.00,1.04,42992660,2026-09-23T01:57:23Z
C_hit,orig,2f_top14,async_win,128,3,0,0.00,100.00,570.08,259.27,184.77,13.28,61.23,6.00,829.35,583.36,1.67,35.00,66.00,1.04,42993728,2026-09-23T01:57:23Z
C_hit,orig,2f_top14,async_bulk,128,3,0,0.00,100.00,649.24,257.00,182.08,13.91,61.02,6.00,906.24,663.15,1.67,35.00,66.00,1.04,42993896,2026-09-23T01:57:24Z
C_hit,orig,2f_top28,pread,128,3,0,0.00,100.00,531.45,1060.81,181.05,879.75,,,1592.26,1411.20,1.66,33.00,67.00,1.04,42994248,2026-09-23T01:57:24Z
C_hit,orig,2f_top28,async,128,3,0,0.00,100.00,559.79,277.11,182.76,94.35,,,836.90,654.14,1.69,35.00,66.00,1.04,42995080,2026-09-23T01:57:24Z
C_hit,orig,2f_top28,async_win,128,3,0,0.00,100.00,516.20,267.01,183.09,22.83,61.09,8.00,783.21,539.03,1.67,35.00,66.00,1.04,42994028,2026-09-23T01:57:24Z
C_hit,orig,2f_top28,async_bulk,128,3,0,0.00,100.00,559.92,265.26,183.21,21.74,60.31,8.00,825.18,581.66,1.68,35.00,66.00,1.04,42995364,2026-09-23T01:57:25Z
C_hit,orig,2f_top100,pread,128,3,0,0.00,100.00,172.03,1340.79,183.34,1157.46,,,1512.82,1329.49,1.64,28.00,67.00,1.04,42995868,2026-09-23T01:57:25Z
C_hit,orig,2f_top100,async,128,3,0,0.00,100.00,585.19,361.05,181.75,179.30,,,946.24,764.49,1.65,30.00,67.00,1.04,42996252,2026-09-23T01:57:25Z
C_hit,orig,2f_top100,async_win,128,3,0,0.00,63.00,549.57,314.29,182.87,66.61,64.81,28.00,863.86,616.18,1.65,30.00,67.00,1.04,42981504,2026-09-23T01:57:25Z
C_hit,orig,2f_top100,async_bulk,128,3,0,0.00,100.00,589.59,318.81,184.90,68.61,65.30,28.00,908.40,658.20,1.66,30.00,67.00,1.04,42986120,2026-09-23T01:57:26Z
C_hit,orig,2f_top500,pread,128,3,0,0.00,100.00,176.64,3772.54,188.79,3583.75,,,3949.18,3760.39,1.57,8.00,65.00,1.04,42987528,2026-09-23T01:57:26Z
C_hit,orig,2f_top500,async,128,3,0,0.00,43.00,178.09,811.46,182.79,628.66,,,989.55,806.75,1.60,9.00,65.00,1.04,42986576,2026-09-23T01:57:26Z
C_hit,orig,2f_top500,async_win,128,3,0,0.00,100.00,178.87,607.48,186.14,330.25,91.09,138.00,786.35,509.12,1.58,9.00,65.00,1.04,42987828,2026-09-23T01:57:27Z
C_hit,orig,2f_top500,async_bulk,128,3,0,0.00,37.80,176.45,606.06,183.72,333.23,89.12,138.00,782.51,509.68,1.58,9.00,65.00,1.04,42988200,2026-09-23T01:57:27Z
C_hit,orig,2f_slru,pread,128,3,0,0.00,100.00,88.57,4523.22,183.38,4339.84,,,4611.79,4428.41,1.55,0.00,62.00,1.04,42989612,2026-09-23T01:57:27Z
C_hit,orig,2f_slru,async,128,3,0,0.00,100.00,91.56,1562.42,184.87,1377.55,,,1653.98,1469.11,1.55,0.00,62.00,1.04,42989976,2026-09-23T01:57:27Z
C_hit,orig,2f_slru,async_win,128,3,0,0.00,100.00,90.64,749.14,183.69,403.20,162.25,29.00,839.78,493.84,1.56,0.00,62.00,1.04,42990584,2026-09-23T01:57:28Z
C_hit,orig,2f_slru,async_bulk,128,3,0,0.00,7.00,704.74,387.66,182.75,43.96,160.94,2.00,1092.40,748.70,1.66,35.00,63.00,1.04,42990876,2026-09-23T01:57:28Z
C_hit,orig,leaf_freq_K10,pread,128,3,0,0.00,100.00,705.56,768.91,183.49,585.42,,,1474.47,1290.98,1.68,35.00,64.00,1.04,42990416,2026-09-23T01:57:28Z
C_hit,orig,leaf_freq_K10,async,128,3,0,0.00,100.00,876.53,257.81,184.50,73.32,,,1134.34,949.85,1.68,36.00,64.00,1.04,42991304,2026-09-23T01:57:28Z
C_hit,orig,leaf_freq_K10,async_win,128,3,0,0.00,100.00,848.21,253.10,183.62,10.01,59.47,3.00,1101.31,858.22,1.67,36.00,64.00,1.04,42990772,2026-09-23T01:57:29Z
C_hit,orig,leaf_freq_K10,async_bulk,128,3,0,0.00,100.00,819.28,251.40,182.29,9.40,59.71,3.00,1070.68,828.68,1.67,36.00,64.00,1.04,42991956,2026-09-23T01:57:29Z
C_hit,orig,leaf_rand_K10,pread,128,3,0,0.00,100.00,1004.96,1017.60,183.94,833.67,,,2022.56,1838.63,1.67,36.00,64.00,1.04,42992336,2026-09-23T01:57:29Z
C_hit,orig,leaf_rand_K10,async,128,3,0,0.00,100.00,973.86,254.36,181.16,73.20,,,1228.22,1047.06,1.67,36.00,64.00,1.04,42993084,2026-09-23T01:57:29Z
C_hit,orig,leaf_rand_K10,async_win,128,3,0,0.00,100.00,944.90,258.06,182.43,16.52,59.10,10.00,1202.96,961.42,1.67,36.00,64.00,1.04,42994320,2026-09-23T01:57:30Z
C_hit,orig,leaf_rand_K10,async_bulk,128,3,0,0.00,100.00,971.41,259.78,183.82,16.42,59.54,10.00,1231.19,987.83,1.77,36.00,64.00,1.04,42994436,2026-09-23T01:57:30Z
C_hit,orig,learned_markov_14,pread,128,3,0,0.00,100.00,596.61,1094.63,184.71,909.92,,,1691.24,1506.53,1.70,34.00,67.00,1.04,42995820,2026-09-23T01:57:30Z
C_hit,orig,learned_markov_14,async,128,3,0,0.00,100.00,593.29,265.55,183.11,82.44,,,858.84,675.73,1.69,35.00,66.00,1.04,42995828,2026-09-23T01:57:30Z
C_hit,orig,learned_markov_14,async_win,128,3,0,0.00,100.00,564.95,258.19,183.60,14.01,60.57,6.00,823.14,578.96,1.67,35.00,66.00,1.04,42967176,2026-09-23T01:57:31Z
C_hit,orig,learned_markov_14,async_bulk,128,3,0,0.00,100.00,584.60,260.70,185.35,15.46,59.89,6.00,845.30,600.06,1.68,35.00,66.00,1.04,42978256,2026-09-23T01:57:31Z
C_hit,orig,learned_markov_28,pread,128,3,0,0.00,100.00,492.35,1063.02,180.25,882.77,,,1555.37,1375.12,1.67,33.00,67.00,1.04,42979580,2026-09-23T01:57:31Z
C_hit,orig,learned_markov_28,async,128,3,0,0.00,100.00,555.89,278.66,184.50,94.17,,,834.55,650.06,1.67,35.00,66.00,1.04,42979840,2026-09-23T01:57:32Z
C_hit,orig,learned_markov_28,async_win,128,3,0,0.00,100.00,516.91,269.37,183.50,24.79,61.08,8.00,786.28,541.70,1.66,35.00,66.00,1.04,42978748,2026-09-23T01:57:32Z
C_hit,orig,learned_markov_28,async_bulk,128,3,0,0.00,100.00,517.03,267.60,184.31,22.80,60.49,8.00,784.63,539.83,1.67,35.00,66.00,1.04,42979316,2026-09-23T01:57:32Z
A,orig,baseline,baseline,128,4,0,0.00,0.00,489.71,0.00,0.00,0.00,,,489.71,489.71,2.13,180.00,270.00,1.04,42979704,2026-09-23T01:57:32Z
B,orig,baseline,baseline,128,4,0,0.00,0.00,733.88,0.00,0.00,0.00,,,733.88,733.88,2.23,181.00,273.00,1.11,42980520,2026-09-23T01:57:33Z
C,orig,baseline,baseline,128,4,0,0.00,0.00,1033.03,0.00,0.00,0.00,,,1033.03,1033.03,1.62,24.00,25.00,1.11,42981060,2026-09-23T01:57:33Z
C_hit,orig,baseline,baseline,128,4,0,0.00,0.00,960.99,0.00,0.00,0.00,,,960.99,960.99,1.66,36.00,64.00,1.11,42982364,2026-09-23T01:57:33Z
A,orig,layers_5,pread,128,4,0,0.00,100.00,174.04,628.71,192.51,436.20,,,802.75,610.24,2.10,180.00,271.00,1.11,42983048,2026-09-23T01:57:34Z
A,orig,layers_5,async,128,4,0,0.00,100.00,387.85,263.77,195.50,68.28,,,651.62,456.13,2.14,180.00,271.00,1.11,42983348,2026-09-23T01:57:34Z
A,orig,layers_5,async_win,128,4,0,0.00,100.00,403.30,274.27,205.48,7.55,61.23,2.00,677.57,410.85,2.12,180.00,271.00,1.11,42983832,2026-09-23T01:57:34Z
A,orig,layers_5,async_bulk,128,4,0,0.00,100.00,406.71,264.33,195.27,7.83,61.23,2.00,671.04,414.54,2.12,180.00,271.00,1.11,42983744,2026-09-23T01:57:34Z
A,orig,layers_92,pread,128,4,0,0.00,100.00,180.60,8313.98,195.04,8118.94,,,8494.58,8299.54,2.13,177.00,286.00,1.11,42984108,2026-09-23T01:57:35Z
A,orig,layers_92,async,128,4,0,0.00,100.00,359.51,391.93,194.89,197.04,,,751.44,556.55,2.14,178.00,283.00,1.11,42984208,2026-09-23T01:57:35Z
A,orig,layers_92,async_win,128,4,0,0.00,100.00,355.33,371.88,196.17,110.17,65.54,87.00,727.21,465.50,2.16,178.00,283.00,1.11,42984368,2026-09-23T01:57:35Z
A,orig,layers_92,async_bulk,128,4,0,0.00,100.00,357.79,376.70,194.38,117.31,65.01,87.00,734.49,475.10,2.11,178.00,283.00,1.11,42985064,2026-09-23T01:57:36Z
A,orig,2d,pread,128,4,0,0.00,100.00,180.66,1931.12,233.05,1698.07,,,2111.78,1878.73,2.14,177.00,286.00,1.11,42998212,2026-09-23T01:57:36Z
A,orig,2d,async,128,4,0,0.00,100.00,396.00,317.17,231.96,85.21,,,713.17,481.21,2.08,178.00,283.00,1.11,43000824,2026-09-23T01:57:36Z
A,orig,2d,async_win,128,4,0,0.00,100.00,354.16,316.61,232.48,22.69,61.44,13.00,670.77,376.85,2.12,178.00,283.00,1.11,43000872,2026-09-23T01:57:37Z
A,orig,2d,async_bulk,128,4,0,0.00,100.00,328.83,314.49,232.55,20.79,61.16,13.00,643.32,349.62,2.14,178.00,283.00,1.11,43000952,2026-09-23T01:57:37Z
A,orig,2e_K10,pread,128,4,0,0.00,100.00,179.19,2709.00,233.19,2475.82,,,2888.19,2655.01,2.13,181.00,287.00,1.11,43001620,2026-09-23T01:57:37Z
A,orig,2e_K10,async,128,4,0,0.00,100.00,355.29,329.71,230.28,99.43,,,685.00,454.72,2.14,181.00,287.00,1.10,43002700,2026-09-23T01:57:38Z
A,orig,2e_K10,async_win,128,4,0,0.00,100.00,325.13,330.87,233.85,34.42,62.60,22.00,656.00,359.55,2.12,181.00,287.00,1.10,43003448,2026-09-23T01:57:38Z
A,orig,2e_K10,async_bulk,128,4,0,0.00,100.00,354.81,322.32,228.19,31.36,62.77,22.00,677.13,386.17,2.14,181.00,287.00,1.10,43004432,2026-09-23T01:57:38Z
A,orig,2e_K500,pread,128,4,0,0.00,100.00,180.43,21058.07,231.73,20826.34,,,21238.50,21006.77,2.06,169.00,431.00,1.10,43005664,2026-09-23T01:57:39Z
A,orig,2e_K500,async,128,4,0,0.00,100.00,180.33,1104.52,232.00,872.52,,,1284.85,1052.85,2.09,181.00,410.00,1.10,43005492,2026-09-23T01:57:39Z
A,orig,2e_K500,async_win,128,4,0,0.00,100.00,182.15,1069.30,236.94,706.49,125.88,492.00,1251.45,888.64,2.09,181.00,409.00,1.10,43006056,2026-09-23T01:57:39Z
A,orig,2e_K500,async_bulk,128,4,0,0.00,100.00,180.77,1073.80,236.26,707.71,129.82,492.00,1254.57,888.48,2.07,181.00,408.00,1.10,43007676,2026-09-23T01:57:39Z
A,orig,2f_top14,pread,128,4,0,0.00,100.00,402.39,1503.19,231.01,1272.17,,,1905.58,1674.56,2.08,182.00,281.00,1.10,43007392,2026-09-23T01:57:40Z
A,orig,2f_top14,async,128,4,0,0.00,100.00,353.27,315.45,234.10,81.35,,,668.72,434.62,2.09,182.00,281.00,1.10,43007120,2026-09-23T01:57:40Z
A,orig,2f_top14,async_win,128,4,0,0.00,100.00,385.60,313.53,232.39,18.92,62.23,13.00,699.13,404.52,2.13,182.00,281.00,1.10,43009424,2026-09-23T01:57:40Z
A,orig,2f_top14,async_bulk,128,4,0,0.00,100.00,353.88,308.09,231.31,19.35,57.43,13.00,661.97,373.23,2.14,182.00,281.00,1.10,43010048,2026-09-23T01:57:41Z
A,orig,2f_top28,pread,128,4,0,0.00,100.00,352.50,2676.18,233.24,2442.94,,,3028.68,2795.44,2.15,183.00,288.00,1.10,43009976,2026-09-23T01:57:41Z
A,orig,2f_top28,async,128,4,0,0.00,100.00,361.30,335.92,234.46,101.46,,,697.22,462.76,2.17,183.00,288.00,1.10,42992432,2026-09-23T01:57:41Z
A,orig,2f_top28,async_win,128,4,0,0.00,100.00,359.47,333.19,232.94,37.29,62.96,27.00,692.66,396.76,2.16,183.00,288.00,1.10,42992324,2026-09-23T01:57:42Z
A,orig,2f_top28,async_bulk,128,4,0,0.00,100.00,363.23,330.30,231.99,35.84,62.48,27.00,693.53,399.07,2.15,183.00,288.00,1.10,42993700,2026-09-23T01:57:42Z
A,orig,2f_top100,pread,128,4,0,0.00,100.00,246.68,8912.68,226.51,8686.18,,,9159.36,8932.86,2.14,183.00,324.00,1.10,42994740,2026-09-23T01:57:42Z
A,orig,2f_top100,async,128,4,0,0.00,100.00,245.68,430.45,229.46,200.99,,,676.13,446.67,2.15,183.00,324.00,1.10,42994480,2026-09-23T01:57:43Z
A,orig,2f_top100,async_win,128,4,0,0.00,100.00,244.96,420.01,227.01,125.36,67.64,99.00,664.97,370.32,2.17,183.00,324.00,1.10,42994404,2026-09-23T01:57:43Z
A,orig,2f_top100,async_bulk,128,4,0,0.00,100.00,245.61,411.53,228.48,117.03,66.02,99.00,657.14,362.64,2.08,183.00,325.00,1.10,42994464,2026-09-23T01:57:43Z
A,orig,2f_top500,pread,128,4,0,0.00,100.00,183.53,21327.28,227.92,21099.36,,,21510.81,21282.89,2.05,172.00,429.00,1.10,42995804,2026-09-23T01:57:44Z
A,orig,2f_top500,async,128,4,0,0.00,100.00,182.12,1059.79,230.38,829.41,,,1241.91,1011.53,2.08,179.00,417.00,1.10,42995156,2026-09-23T01:57:44Z
A,orig,2f_top500,async_win,128,4,0,0.00,100.00,186.54,1227.76,236.34,875.77,115.66,481.00,1414.30,1062.31,2.09,179.00,415.00,1.10,42995688,2026-09-23T01:57:44Z
A,orig,2f_top500,async_bulk,128,4,0,0.00,100.00,182.48,1022.80,227.95,705.38,89.48,481.00,1205.28,887.86,2.08,179.00,414.00,1.10,42995696,2026-09-23T01:57:44Z
A,orig,2f_slru,pread,128,4,0,0.00,100.00,94.49,19444.00,227.51,19216.50,,,19538.49,19310.99,1.56,0.00,278.00,1.10,42996768,2026-09-23T01:57:45Z
A,orig,2f_slru,async,128,4,0,0.00,100.00,97.81,7298.32,229.97,7068.35,,,7396.13,7166.16,1.55,0.00,278.00,1.10,42994184,2026-09-23T01:57:45Z
A,orig,2f_slru,async_win,128,4,0,0.00,80.50,95.61,2554.27,229.72,1933.21,391.34,138.00,2649.88,2028.82,1.56,0.00,278.00,1.10,42994576,2026-09-23T01:57:45Z
A,orig,2f_slru,async_bulk,128,4,0,0.00,1.40,388.98,705.86,229.88,79.99,395.98,2.00,1094.84,468.97,2.13,178.00,269.00,1.10,42996604,2026-09-23T01:57:46Z
A,orig,leaf_freq_K10,pread,128,4,0,0.00,100.00,484.19,1089.25,226.16,863.09,,,1573.44,1347.28,2.10,183.00,274.00,1.10,42996040,2026-09-23T01:57:46Z
A,orig,leaf_freq_K10,async,128,4,0,0.00,100.00,484.67,313.93,237.48,76.45,,,798.60,561.12,2.11,183.00,274.00,1.10,42994500,2026-09-23T01:57:46Z
A,orig,leaf_freq_K10,async_win,128,4,0,0.00,100.00,488.54,306.60,228.19,17.56,60.84,10.00,795.14,506.10,2.11,183.00,274.00,1.10,42970772,2026-09-23T01:57:46Z
A,orig,leaf_freq_K10,async_bulk,128,4,0,0.00,100.00,484.14,305.46,228.63,15.28,61.56,10.00,789.60,499.42,2.16,183.00,274.00,1.10,42972340,2026-09-23T01:57:47Z
A,orig,leaf_rand_K10,pread,128,4,0,0.00,100.00,485.87,1154.79,229.19,925.60,,,1640.66,1411.47,2.10,180.00,270.00,1.10,42973728,2026-09-23T01:57:47Z
A,orig,leaf_rand_K10,async,128,4,0,0.00,100.00,487.13,307.53,229.43,78.10,,,794.66,565.23,2.14,180.00,270.00,1.09,42976868,2026-09-23T01:57:47Z
A,orig,leaf_rand_K10,async_win,128,4,0,0.00,100.00,487.00,306.45,228.25,16.70,61.50,10.00,793.45,503.70,2.13,180.00,270.00,1.09,42977684,2026-09-23T01:57:48Z
A,orig,leaf_rand_K10,async_bulk,128,4,0,0.00,100.00,418.16,303.41,228.00,13.91,61.51,10.00,721.57,432.07,2.11,180.00,270.00,1.09,42978284,2026-09-23T01:57:48Z
A,orig,learned_markov_14,pread,128,4,0,0.00,100.00,403.57,1409.11,226.84,1182.27,,,1812.68,1585.84,2.10,178.00,282.00,1.09,42978988,2026-09-23T01:57:48Z
A,orig,learned_markov_14,async,128,4,0,0.00,100.00,352.87,309.38,228.01,81.37,,,662.25,434.24,2.15,178.00,282.00,1.09,42980080,2026-09-23T01:57:49Z
A,orig,learned_markov_14,async_win,128,4,0,0.00,100.00,405.66,310.95,227.49,21.29,62.18,13.00,716.61,426.95,2.11,178.00,282.00,1.09,42981876,2026-09-23T01:57:49Z
A,orig,learned_markov_14,async_bulk,128,4,0,0.00,100.00,355.50,309.27,227.94,19.59,61.75,13.00,664.77,375.09,2.14,178.00,282.00,1.09,42981916,2026-09-23T01:57:49Z
A,orig,learned_markov_28,pread,128,4,0,0.00,100.00,355.18,2806.20,228.95,2577.24,,,3161.38,2932.42,2.13,178.00,285.00,1.09,42982184,2026-09-23T01:57:50Z
A,orig,learned_markov_28,async,128,4,0,0.00,100.00,356.95,328.62,229.72,98.90,,,685.57,455.85,2.14,178.00,286.00,1.09,42982212,2026-09-23T01:57:50Z
A,orig,learned_markov_28,async_win,128,4,0,0.00,100.00,360.40,326.67,228.38,35.51,62.79,26.00,687.07,395.91,2.13,178.00,286.00,1.09,42982512,2026-09-23T01:57:50Z
A,orig,learned_markov_28,async_bulk,128,4,0,0.00,100.00,354.33,331.17,228.99,38.90,63.28,26.00,685.50,393.23,2.14,178.00,286.00,1.09,42981564,2026-09-23T01:57:51Z
B,orig,layers_5,pread,128,4,0,0.00,100.00,400.95,672.17,227.67,444.51,,,1073.12,845.46,2.15,181.00,273.00,1.09,42985596,2026-09-23T01:57:51Z
B,orig,layers_5,async,128,4,0,0.00,100.00,404.46,298.16,228.45,69.71,,,702.62,474.17,2.17,182.00,272.00,1.09,42986056,2026-09-23T01:57:51Z
B,orig,layers_5,async_win,128,4,0,0.00,100.00,413.59,295.12,226.33,7.47,61.33,2.00,708.71,421.06,2.20,182.00,272.00,1.09,42985640,2026-09-23T01:57:51Z
B,orig,layers_5,async_bulk,128,4,0,0.00,100.00,400.38,297.29,228.31,7.17,61.81,2.00,697.67,407.55,2.22,182.00,272.00,1.09,42972840,2026-09-23T01:57:52Z
B,orig,layers_92,pread,128,4,0,0.00,100.00,412.39,8305.21,238.05,8067.17,,,8717.60,8479.56,2.16,180.00,281.00,1.09,42974008,2026-09-23T01:57:52Z
B,orig,layers_92,async,128,4,0,0.00,100.00,408.61,427.62,229.62,198.00,,,836.23,606.61,2.18,181.00,278.00,1.08,42974628,2026-09-23T01:57:52Z
B,orig,layers_92,async_win,128,4,0,0.00,100.00,410.34,403.07,229.19,107.69,66.19,87.00,813.41,518.03,2.19,181.00,278.00,1.08,42975728,2026-09-23T01:57:53Z
B,orig,layers_92,async_bulk,128,4,0,0.00,100.00,407.48,414.03,228.94,119.00,66.08,87.00,821.51,526.48,2.19,181.00,278.00,1.08,42976776,2026-09-23T01:57:53Z
B,orig,2d,pread,128,4,0,0.00,100.00,410.65,1950.47,243.74,1706.73,,,2361.12,2117.38,2.17,180.00,280.00,1.08,42977428,2026-09-23T01:57:53Z
B,orig,2d,async,128,4,0,0.00,100.00,406.28,314.80,230.84,83.96,,,721.08,490.24,2.19,181.00,278.00,1.08,42977872,2026-09-23T01:57:54Z
B,orig,2d,async_win,128,4,0,0.00,100.00,399.74,314.59,227.94,24.02,62.64,13.00,714.33,423.76,2.18,181.00,278.00,1.08,42978364,2026-09-23T01:57:54Z
B,orig,2d,async_bulk,128,4,0,0.00,100.00,401.91,314.97,230.16,21.94,62.87,13.00,716.88,423.85,2.19,181.00,278.00,1.08,42978436,2026-09-23T01:57:54Z
B,orig,2e_K10,pread,128,4,0,0.00,100.00,396.14,2817.12,229.05,2588.07,,,3213.26,2984.21,2.17,180.00,283.00,1.08,42979448,2026-09-23T01:57:55Z
B,orig,2e_K10,async,128,4,0,0.00,100.00,410.57,326.84,227.62,99.23,,,737.41,509.80,2.20,181.00,281.00,1.08,42981144,2026-09-23T01:57:55Z
B,orig,2e_K10,async_win,128,4,0,0.00,100.00,405.71,327.13,228.83,35.23,63.08,23.00,732.84,440.94,2.18,181.00,281.00,1.08,42981636,2026-09-23T01:57:55Z
B,orig,2e_K10,async_bulk,128,4,0,0.00,100.00,412.08,328.51,229.57,36.13,62.81,23.00,740.59,448.21,2.20,181.00,280.00,1.08,42981828,2026-09-23T01:57:56Z
B,orig,2e_K500,pread,128,4,0,0.00,100.00,449.65,18281.51,226.59,18054.92,,,18731.16,18504.57,2.08,166.00,384.00,1.08,42982496,2026-09-23T01:57:56Z
B,orig,2e_K500,async,128,4,0,0.00,100.00,452.06,1078.15,234.26,843.89,,,1530.21,1295.95,2.18,186.00,325.00,1.08,42981712,2026-09-23T01:57:56Z
B,orig,2e_K500,async_win,128,4,0,0.00,100.00,453.06,978.06,229.67,659.16,89.23,460.00,1431.12,1112.22,2.16,186.00,322.00,1.08,42999000,2026-09-23T01:57:57Z
B,orig,2e_K500,async_bulk,128,4,0,0.00,100.00,449.68,967.87,228.67,649.37,89.83,460.00,1417.55,1099.05,2.17,186.00,324.00,1.08,42996108,2026-09-23T01:57:57Z
B,orig,2f_top14,pread,128,4,0,0.00,100.00,412.19,1475.63,229.85,1245.78,,,1887.82,1657.97,2.17,181.00,277.00,1.08,42985200,2026-09-23T01:57:57Z
B,orig,2f_top14,async,128,4,0,0.00,100.00,404.61,307.62,228.78,78.84,,,712.23,483.45,2.20,181.00,277.00,1.07,43003060,2026-09-23T01:57:58Z
B,orig,2f_top14,async_win,128,4,0,0.00,100.00,406.13,308.77,228.85,18.07,61.85,13.00,714.90,424.20,2.19,181.00,277.00,1.07,43003992,2026-09-23T01:57:58Z
B,orig,2f_top14,async_bulk,128,4,0,0.00,100.00,408.22,306.83,226.26,19.45,61.12,13.00,715.05,427.67,2.16,181.00,277.00,1.07,43004212,2026-09-23T01:57:58Z
B,orig,2f_top28,pread,128,4,0,0.00,100.00,409.36,2610.19,225.88,2384.31,,,3019.55,2793.67,2.16,181.00,280.00,1.07,43004676,2026-09-23T01:57:58Z
B,orig,2f_top28,async,128,4,0,0.00,100.00,416.42,325.40,229.77,95.63,,,741.82,512.05,2.22,181.00,280.00,1.07,43004728,2026-09-23T01:57:59Z
B,orig,2f_top28,async_win,128,4,0,0.00,100.00,406.95,337.83,238.99,36.18,62.67,27.00,744.78,443.13,2.20,181.00,280.00,1.07,43006364,2026-09-23T01:57:59Z
B,orig,2f_top28,async_bulk,128,4,0,0.00,100.00,409.17,325.32,227.29,36.15,61.89,27.00,734.49,445.32,2.16,181.00,280.00,1.07,43006292,2026-09-23T01:57:59Z
B,orig,2f_top100,pread,128,4,0,0.00,100.00,411.07,9013.83,226.01,8787.81,,,9424.90,9198.88,2.16,184.00,297.00,1.07,43006508,2026-09-23T01:58:00Z
B,orig,2f_top100,async,128,4,0,0.00,100.00,413.59,427.78,228.98,198.80,,,841.37,612.39,2.20,185.00,294.00,1.07,43006500,2026-09-23T01:58:00Z
B,orig,2f_top100,async_win,128,4,0,0.00,100.00,403.71,414.02,228.35,120.05,65.62,95.00,817.73,523.76,2.18,185.00,292.00,1.07,43007152,2026-09-23T01:58:00Z
B,orig,2f_top100,async_bulk,128,4,0,0.00,100.00,400.01,414.80,229.02,120.63,65.15,95.00,814.81,520.64,2.20,185.00,293.00,1.07,43007488,2026-09-23T01:58:01Z
B,orig,2f_top500,pread,128,4,0,0.00,100.00,452.46,18535.22,228.46,18306.76,,,18987.68,18759.22,2.12,172.00,380.00,1.07,43009492,2026-09-23T01:58:01Z
B,orig,2f_top500,async,128,4,0,0.00,100.00,452.83,1048.85,229.41,819.44,,,1501.68,1272.27,2.15,186.00,327.00,1.07,43009384,2026-09-23T01:58:01Z
B,orig,2f_top500,async_win,128,4,0,0.00,100.00,450.67,990.88,228.45,673.62,88.82,449.00,1441.55,1124.29,2.17,186.00,326.00,1.07,43008204,2026-09-23T01:58:02Z
B,orig,2f_top500,async_bulk,128,4,0,0.00,100.00,458.77,962.10,221.64,651.25,89.22,449.00,1420.87,1110.02,2.20,186.00,327.00,1.07,42993104,2026-09-23T01:58:02Z
B,orig,2f_slru,pread,128,4,0,0.00,100.00,95.99,18175.19,236.36,17938.83,,,18271.18,18034.82,1.57,0.00,278.00,1.07,42993616,2026-09-23T01:58:02Z
B,orig,2f_slru,async,128,4,0,0.00,100.00,95.14,7309.60,228.17,7081.43,,,7404.74,7176.57,1.63,0.00,278.00,1.07,42991952,2026-09-23T01:58:02Z
B,orig,2f_slru,async_win,128,4,0,0.00,79.70,98.95,2490.79,229.29,1944.75,316.75,139.00,2589.74,2043.70,1.65,0.00,278.00,1.07,42992640,2026-09-23T01:58:03Z
B,orig,2f_slru,async_bulk,128,4,0,0.00,1.40,557.14,627.27,227.59,78.94,320.74,2.00,1184.41,636.08,2.15,180.00,271.00,1.07,42994420,2026-09-23T01:58:03Z
B,orig,leaf_freq_K10,pread,128,4,0,0.00,100.00,716.71,1094.09,227.31,866.78,,,1810.80,1583.49,2.21,181.00,276.00,1.07,42984340,2026-09-23T01:58:03Z
B,orig,leaf_freq_K10,async,128,4,0,0.00,100.00,734.33,304.45,229.41,75.04,,,1038.78,809.37,2.21,181.00,276.00,1.07,42985296,2026-09-23T01:58:04Z
B,orig,leaf_freq_K10,async_win,128,4,0,0.00,100.00,717.36,301.87,226.01,14.74,61.12,10.00,1019.23,732.10,2.18,181.00,275.00,1.07,42985972,2026-09-23T01:58:04Z
B,orig,leaf_freq_K10,async_bulk,128,4,0,0.00,100.00,708.19,303.86,227.66,15.17,61.03,10.00,1012.05,723.36,2.18,181.00,276.00,1.07,42986492,2026-09-23T01:58:04Z
B,orig,leaf_rand_K10,pread,128,4,0,0.00,100.00,717.26,1143.32,225.54,917.78,,,1860.58,1635.04,2.17,181.00,276.00,1.07,42987036,2026-09-23T01:58:05Z
B,orig,leaf_rand_K10,async,128,4,0,0.00,100.00,708.92,305.83,228.94,76.89,,,1014.75,785.81,2.20,181.00,276.00,1.07,42987696,2026-09-23T01:58:05Z
B,orig,leaf_rand_K10,async_win,128,4,0,0.00,100.00,709.96,306.24,229.66,15.06,61.52,10.00,1016.20,725.02,2.17,181.00,276.00,1.07,42987992,2026-09-23T01:58:05Z
B,orig,leaf_rand_K10,async_bulk,128,4,0,0.00,100.00,719.41,304.62,228.26,15.01,61.35,10.00,1024.03,734.42,2.23,181.00,276.00,1.07,42988200,2026-09-23T01:58:06Z
B,orig,learned_markov_14,pread,128,4,0,0.00,100.00,420.25,1450.06,228.61,1221.45,,,1870.31,1641.70,2.24,181.00,278.00,1.07,42988348,2026-09-23T01:58:06Z
B,orig,learned_markov_14,async,128,4,0,0.00,100.00,414.21,306.24,227.30,78.94,,,720.45,493.15,2.21,181.00,278.00,1.07,42989600,2026-09-23T01:58:06Z
B,orig,learned_markov_14,async_win,128,4,0,0.00,100.00,414.95,309.77,228.72,18.96,62.10,13.00,724.72,433.91,2.21,181.00,278.00,1.07,42990688,2026-09-23T01:58:07Z
B,orig,learned_markov_14,async_bulk,128,4,0,0.00,100.00,399.57,306.31,225.79,19.04,61.48,13.00,705.88,418.61,2.17,181.00,278.00,1.07,42990220,2026-09-23T01:58:07Z
B,orig,learned_markov_28,pread,128,4,0,0.00,100.00,399.34,2569.02,232.29,2336.73,,,2968.36,2736.07,2.17,180.00,281.00,1.07,42991604,2026-09-23T01:58:07Z
B,orig,learned_markov_28,async,128,4,0,0.00,100.00,411.75,329.34,228.29,101.05,,,741.09,512.80,2.20,180.00,281.00,1.06,42991968,2026-09-23T01:58:08Z
B,orig,learned_markov_28,async_win,128,4,0,0.00,100.00,419.56,327.04,229.77,34.22,63.05,27.00,746.60,453.78,2.19,180.00,281.00,1.06,42992536,2026-09-23T01:58:08Z
B,orig,learned_markov_28,async_bulk,128,4,0,0.00,100.00,415.26,328.59,229.41,36.26,62.92,27.00,743.85,451.52,2.20,180.00,281.00,1.06,42992904,2026-09-23T01:58:08Z
C,orig,layers_5,pread,128,4,0,0.00,100.00,1034.28,672.85,228.88,443.96,,,1707.13,1478.24,1.61,24.00,25.00,1.06,42983436,2026-09-23T01:58:08Z
C,orig,layers_5,async,128,4,0,0.00,100.00,1040.80,298.52,229.24,69.28,,,1339.32,1110.08,1.60,24.00,25.00,1.06,42993352,2026-09-23T01:58:09Z
C,orig,layers_5,async_win,128,4,0,0.00,100.00,1037.01,295.90,227.40,7.44,61.05,2.00,1332.91,1044.45,1.61,24.00,25.00,1.06,42993760,2026-09-23T01:58:09Z
C,orig,layers_5,async_bulk,128,4,0,0.00,100.00,969.75,291.44,224.36,7.21,59.86,2.00,1261.19,976.96,1.59,24.00,25.00,1.06,42995004,2026-09-23T01:58:09Z
C,orig,layers_92,pread,128,4,0,0.00,100.00,649.10,8253.05,225.76,8027.28,,,8902.15,8676.38,1.61,24.00,25.00,1.06,42995928,2026-09-23T01:58:09Z
C,orig,layers_92,async,128,4,0,0.00,100.00,648.17,422.76,225.42,197.34,,,1070.93,845.51,1.60,24.00,25.00,1.06,42996316,2026-09-23T01:58:10Z
C,orig,layers_92,async_win,128,4,0,0.00,100.00,645.28,402.24,225.31,115.87,61.05,87.00,1047.52,761.15,1.60,24.00,25.00,1.06,42997460,2026-09-23T01:58:10Z
C,orig,layers_92,async_bulk,128,4,0,0.00,100.00,646.32,410.55,225.70,116.90,67.95,87.00,1056.87,763.22,1.59,24.00,25.00,1.06,42997856,2026-09-23T01:58:10Z
C,orig,2d,pread,128,4,0,0.00,100.00,650.79,581.89,226.81,355.09,,,1232.68,1005.88,1.59,24.00,25.00,1.06,42998240,2026-09-23T01:58:10Z
C,orig,2d,async,128,4,0,0.00,100.00,647.84,292.92,226.48,66.44,,,940.76,714.28,1.62,24.00,25.00,1.06,42999540,2026-09-23T01:58:11Z
C,orig,2d,async_win,128,4,0,0.00,100.00,648.31,294.70,227.26,8.22,59.22,2.00,943.01,656.53,1.60,24.00,25.00,1.06,42999848,2026-09-23T01:58:11Z
C,orig,2d,async_bulk,128,4,0,0.00,100.00,651.81,292.54,225.86,6.88,59.79,2.00,944.35,658.69,1.59,24.00,25.00,1.06,42999844,2026-09-23T01:58:11Z
C,orig,2e_K10,pread,128,4,0,0.00,100.00,173.01,1449.91,226.13,1223.77,,,1622.92,1396.78,1.63,22.00,28.00,1.06,42999540,2026-09-23T01:58:12Z
C,orig,2e_K10,async,128,4,0,0.00,100.00,173.28,301.99,224.74,77.25,,,475.27,250.53,1.60,22.00,27.00,1.06,43000324,2026-09-23T01:58:12Z
C,orig,2e_K10,async_win,128,4,0,0.00,100.00,172.85,301.95,225.93,15.98,60.04,8.00,474.80,188.83,1.59,22.00,27.00,1.06,43000692,2026-09-23T01:58:12Z
C,orig,2e_K10,async_bulk,128,4,0,0.00,100.00,175.32,299.61,224.84,14.84,59.93,8.00,474.93,190.16,1.59,22.00,27.00,1.06,43001468,2026-09-23T01:58:12Z
C,orig,2e_K500,pread,128,4,0,0.00,100.00,178.07,2466.75,224.73,2242.01,,,2644.82,2420.08,1.52,0.00,37.00,1.06,43000808,2026-09-23T01:58:13Z
C,orig,2e_K500,async,128,4,0,0.00,66.00,176.29,673.90,228.61,445.29,,,850.19,621.58,1.53,0.00,37.00,1.06,42999560,2026-09-23T01:58:13Z
C,orig,2e_K500,async_win,128,4,0,0.00,45.90,176.53,533.15,226.93,225.87,80.35,90.00,709.68,402.40,1.55,0.00,37.00,1.06,42999980,2026-09-23T01:58:13Z
C,orig,2e_K500,async_bulk,128,4,0,0.00,42.30,178.84,533.72,226.40,226.58,80.75,90.00,712.56,405.42,1.54,0.00,37.00,1.06,43000156,2026-09-23T01:58:13Z
C,orig,2f_top14,pread,128,4,0,0.00,100.00,175.20,1294.31,224.91,1069.40,,,1469.51,1244.60,1.58,21.00,28.00,1.06,43000172,2026-09-23T01:58:14Z
C,orig,2f_top14,async,128,4,0,0.00,100.00,175.80,307.73,229.78,77.95,,,483.53,253.75,1.60,22.00,27.00,1.06,42990952,2026-09-23T01:58:14Z
C,orig,2f_top14,async_win,128,4,0,0.00,100.00,179.51,304.88,228.10,15.82,60.97,9.00,484.39,195.33,1.61,22.00,27.00,1.06,42993056,2026-09-23T01:58:14Z
C,orig,2f_top14,async_bulk,128,4,0,0.00,100.00,173.90,302.74,223.98,17.43,61.33,9.00,476.64,191.33,1.59,22.00,27.00,1.06,42994536,2026-09-23T01:58:14Z
C,orig,2f_top28,pread,128,4,0,0.00,100.00,176.33,1328.22,226.21,1102.01,,,1504.55,1278.34,1.59,20.00,29.00,1.06,42994220,2026-09-23T01:58:15Z
C,orig,2f_top28,async,128,4,0,0.00,100.00,174.40,322.10,226.40,95.70,,,496.50,270.10,1.60,21.00,28.00,1.06,42994740,2026-09-23T01:58:15Z
C,orig,2f_top28,async_win,128,4,0,0.00,100.00,174.78,315.39,226.94,26.95,61.51,13.00,490.17,201.73,1.60,21.00,28.00,1.06,42994920,2026-09-23T01:58:15Z
C,orig,2f_top28,async_bulk,128,4,0,0.00,100.00,176.26,311.82,222.73,27.16,61.93,13.00,488.08,203.42,1.60,21.00,28.00,1.06,42994756,2026-09-23T01:58:15Z
C,orig,2f_top100,pread,128,4,0,0.00,100.00,174.03,1328.17,226.63,1101.54,,,1502.20,1275.57,1.57,14.00,30.00,1.06,42994676,2026-09-23T01:58:16Z
C,orig,2f_top100,async,128,4,0,0.00,100.00,176.77,404.23,226.68,177.55,,,581.00,354.32,1.58,17.00,30.00,1.06,42994808,2026-09-23T01:58:16Z
C,orig,2f_top100,async_win,128,4,0,0.00,100.00,176.22,358.06,223.98,69.05,65.03,32.00,534.28,245.27,1.57,17.00,30.00,1.06,42993764,2026-09-23T01:58:16Z
C,orig,2f_top100,async_bulk,128,4,0,0.00,100.00,173.21,359.93,226.37,68.63,64.93,32.00,533.14,241.84,1.57,17.00,30.00,1.06,42993724,2026-09-23T01:58:16Z
C,orig,2f_top500,pread,128,4,0,0.00,100.00,88.56,3070.88,226.28,2844.61,,,3159.44,2933.17,1.52,0.00,37.00,1.06,42993780,2026-09-23T01:58:17Z
C,orig,2f_top500,async,128,4,0,0.00,100.00,90.63,949.64,222.96,726.69,,,1040.27,817.32,1.53,0.00,37.00,1.06,43015688,2026-09-23T01:58:17Z
C,orig,2f_top500,async_win,128,4,0,0.00,93.40,93.02,540.29,227.24,224.05,89.00,16.00,633.31,317.07,1.53,0.00,37.00,1.06,43016628,2026-09-23T01:58:17Z
C,orig,2f_top500,async_bulk,128,4,0,0.00,13.30,464.74,354.96,227.53,37.96,89.47,2.00,819.70,502.70,1.60,23.00,27.00,1.06,43016744,2026-09-23T01:58:17Z
C,orig,2f_slru,pread,128,4,0,0.00,100.00,88.76,2996.47,226.04,2770.43,,,3085.23,2859.19,1.65,0.00,37.00,1.05,43016136,2026-09-23T01:58:18Z
C,orig,2f_slru,async,128,4,0,0.00,100.00,92.00,985.35,226.52,758.84,,,1077.35,850.84,1.54,0.00,37.00,1.05,43016348,2026-09-23T01:58:18Z
C,orig,2f_slru,async_win,128,4,0,0.00,100.00,94.27,540.79,230.51,219.93,90.34,16.00,635.06,314.20,1.56,0.00,37.00,1.05,43017572,2026-09-23T01:58:18Z
C,orig,2f_slru,async_bulk,128,4,0,0.00,13.30,464.48,359.01,226.40,42.85,89.77,2.00,823.49,507.33,1.60,23.00,27.00,1.05,43017488,2026-09-23T01:58:18Z
C,orig,leaf_freq_K10,pread,128,4,0,0.00,100.00,566.29,996.24,227.59,768.65,,,1562.53,1334.94,1.60,22.00,28.00,1.05,43016804,2026-09-23T01:58:19Z
C,orig,leaf_freq_K10,async,128,4,0,0.00,100.00,675.95,299.29,225.97,73.33,,,975.24,749.28,1.59,22.00,27.00,1.05,43017636,2026-09-23T01:58:19Z
C,orig,leaf_freq_K10,async_win,128,4,0,0.00,100.00,564.87,298.70,226.34,11.73,60.62,6.00,863.57,576.60,1.62,22.00,27.00,1.05,43006376,2026-09-23T01:58:19Z
C,orig,leaf_freq_K10,async_bulk,128,4,0,0.00,100.00,566.34,301.19,226.88,12.87,61.44,6.00,867.53,579.21,1.59,22.00,27.00,1.05,43011036,2026-09-23T01:58:19Z
C,orig,leaf_rand_K10,pread,128,4,0,0.00,100.00,1049.86,1096.58,226.22,870.36,,,2146.44,1920.22,1.61,24.00,25.00,1.05,43010924,2026-09-23T01:58:20Z
C,orig,leaf_rand_K10,async,128,4,0,0.00,100.00,1052.34,303.87,226.53,77.34,,,1356.21,1129.68,1.60,24.00,25.00,1.05,43011356,2026-09-23T01:58:20Z
C,orig,leaf_rand_K10,async_win,128,4,0,0.00,100.00,1068.80,300.24,225.23,14.08,60.94,10.00,1369.04,1082.88,1.61,24.00,25.00,1.05,43012364,2026-09-23T01:58:20Z
C,orig,leaf_rand_K10,async_bulk,128,4,0,0.00,100.00,1049.15,303.27,227.14,14.76,61.38,10.00,1352.42,1063.91,1.60,24.00,25.00,1.05,43012976,2026-09-23T01:58:20Z
C,orig,learned_markov_14,pread,128,4,0,0.00,100.00,172.11,1328.70,227.26,1101.44,,,1500.81,1273.55,1.62,21.00,28.00,1.05,43013420,2026-09-23T01:58:21Z
C,orig,learned_markov_14,async,128,4,0,0.00,100.00,171.38,306.70,228.63,78.07,,,478.08,249.45,1.60,22.00,27.00,1.05,43013088,2026-09-23T01:58:21Z
C,orig,learned_markov_14,async_win,128,4,0,0.00,100.00,177.41,305.19,229.21,15.39,60.59,9.00,482.60,192.80,1.60,22.00,27.00,1.05,43013816,2026-09-23T01:58:21Z
C,orig,learned_markov_14,async_bulk,128,4,0,0.00,100.00,175.39,302.61,224.87,16.24,61.50,9.00,478.00,191.63,1.59,22.00,27.00,1.05,43012756,2026-09-23T01:58:21Z
C,orig,learned_markov_28,pread,128,4,0,0.00,100.00,172.88,1328.85,225.46,1103.38,,,1501.73,1276.26,1.58,20.00,29.00,1.05,43013192,2026-09-23T01:58:22Z
C,orig,learned_markov_28,async,128,4,0,0.00,100.00,172.11,320.79,225.05,95.74,,,492.90,267.85,1.59,21.00,28.00,1.05,43013868,2026-09-23T01:58:22Z
C,orig,learned_markov_28,async_win,128,4,0,0.00,100.00,175.45,314.08,226.84,25.74,61.51,13.00,489.53,201.19,1.60,21.00,28.00,1.05,42993316,2026-09-23T01:58:22Z
C,orig,learned_markov_28,async_bulk,128,4,0,0.00,100.00,176.90,316.48,227.30,26.83,62.35,13.00,493.38,203.73,1.61,21.00,28.00,1.05,42991672,2026-09-23T01:58:23Z
C_hit,orig,layers_5,pread,128,4,0,0.00,100.00,929.00,671.60,224.83,446.77,,,1600.60,1375.77,1.67,36.00,64.00,1.05,42992300,2026-09-23T01:58:23Z
C_hit,orig,layers_5,async,128,4,0,0.00,100.00,930.04,295.00,227.82,67.19,,,1225.04,997.23,1.67,36.00,64.00,1.05,42992184,2026-09-23T01:58:23Z
C_hit,orig,layers_5,async_win,128,4,0,0.00,100.00,960.24,296.17,227.61,7.47,61.09,2.00,1256.41,967.71,1.67,36.00,64.00,1.05,42992732,2026-09-23T01:58:23Z
C_hit,orig,layers_5,async_bulk,128,4,0,0.00,100.00,1027.58,301.06,232.38,7.25,61.43,2.00,1328.64,1034.83,1.67,36.00,64.00,1.05,42992284,2026-09-23T01:58:24Z
C_hit,orig,layers_92,pread,128,4,0,0.00,100.00,621.65,8151.31,227.00,7924.32,,,8772.96,8545.97,1.69,35.00,65.00,1.05,42993268,2026-09-23T01:58:24Z
C_hit,orig,layers_92,async,128,4,0,0.00,100.00,558.67,423.48,226.21,197.27,,,982.15,755.94,1.68,35.00,65.00,1.05,42994300,2026-09-23T01:58:24Z
C_hit,orig,layers_92,async_win,128,4,0,0.00,100.00,558.33,413.90,226.50,119.96,67.45,87.00,972.23,678.29,1.67,35.00,65.00,1.05,42983744,2026-09-23T01:58:24Z
C_hit,orig,layers_92,async_bulk,128,4,0,0.00,100.00,562.46,398.02,229.04,103.36,65.61,87.00,960.48,665.82,1.68,35.00,65.00,1.05,42983756,2026-09-23T01:58:25Z
C_hit,orig,2d,pread,128,4,0,0.00,100.00,560.53,658.40,228.59,429.81,,,1218.93,990.34,1.66,35.00,65.00,1.05,42984920,2026-09-23T01:58:25Z
C_hit,orig,2d,async,128,4,0,0.00,100.00,559.41,295.71,226.54,69.17,,,855.12,628.58,1.68,35.00,65.00,1.05,42985404,2026-09-23T01:58:25Z
C_hit,orig,2d,async_win,128,4,0,0.00,100.00,587.61,296.18,227.78,7.84,60.55,3.00,883.79,595.45,1.68,35.00,65.00,1.05,42985664,2026-09-23T01:58:25Z
C_hit,orig,2d,async_bulk,128,4,0,0.00,100.00,588.62,295.86,226.68,8.53,60.65,3.00,884.48,597.15,1.66,35.00,65.00,1.05,42985016,2026-09-23T01:58:26Z
C_hit,orig,2e_K10,pread,128,4,0,0.00,100.00,496.83,1206.02,224.74,981.27,,,1702.85,1478.10,1.65,34.00,67.00,1.05,42985684,2026-09-23T01:58:26Z
C_hit,orig,2e_K10,async,128,4,0,0.00,100.00,617.08,305.25,224.36,80.89,,,922.33,697.97,1.68,35.00,66.00,1.05,42986132,2026-09-23T01:58:26Z
C_hit,orig,2e_K10,async_win,128,4,0,0.00,100.00,586.18,300.87,225.71,15.12,60.04,6.00,887.05,601.30,1.66,35.00,66.00,1.05,42985808,2026-09-23T01:58:26Z
C_hit,orig,2e_K10,async_bulk,128,4,0,0.00,100.00,584.64,302.66,225.75,15.81,61.09,6.00,887.30,600.45,1.65,35.00,66.00,1.05,42986896,2026-09-23T01:58:27Z
C_hit,orig,2e_K500,pread,128,4,0,0.00,100.00,173.00,3445.78,225.25,3220.52,,,3618.78,3393.52,1.58,8.00,65.00,1.05,42986940,2026-09-23T01:58:27Z
C_hit,orig,2e_K500,async,128,4,0,0.00,43.80,177.07,866.97,225.64,641.33,,,1044.04,818.40,1.58,9.00,65.00,1.05,42986772,2026-09-23T01:58:27Z
C_hit,orig,2e_K500,async_win,128,4,0,0.00,32.70,174.14,664.15,226.38,348.88,88.90,139.00,838.29,523.02,1.58,9.00,65.00,1.04,42986728,2026-09-23T01:58:28Z
C_hit,orig,2e_K500,async_bulk,128,4,0,0.00,100.00,176.75,657.80,225.37,342.94,89.48,139.00,834.55,519.69,1.59,9.00,65.00,1.04,42986876,2026-09-23T01:58:28Z
C_hit,orig,2f_top14,pread,128,4,0,0.00,100.00,492.98,1094.26,225.06,869.19,,,1587.24,1362.17,1.65,34.00,67.00,1.04,42988128,2026-09-23T01:58:28Z
C_hit,orig,2f_top14,async,128,4,0,0.00,100.00,565.48,304.15,225.07,79.08,,,869.63,644.56,1.68,35.00,66.00,1.04,42988584,2026-09-23T01:58:28Z
C_hit,orig,2f_top14,async_win,128,4,0,0.00,100.00,556.32,300.37,226.37,13.94,60.07,6.00,856.69,570.26,1.66,35.00,66.00,1.04,42987316,2026-09-23T01:58:29Z
C_hit,orig,2f_top14,async_bulk,128,4,0,0.00,100.00,558.65,301.30,225.89,15.46,59.94,6.00,859.95,574.11,1.68,35.00,66.00,1.04,42988436,2026-09-23T01:58:29Z
C_hit,orig,2f_top28,pread,128,4,0,0.00,100.00,502.30,1141.26,226.09,915.16,,,1643.56,1417.46,1.66,33.00,67.00,1.04,42988072,2026-09-23T01:58:29Z
C_hit,orig,2f_top28,async,128,4,0,0.00,100.00,559.06,319.95,227.28,92.67,,,879.01,651.73,1.67,35.00,66.00,1.04,42988392,2026-09-23T01:58:29Z
C_hit,orig,2f_top28,async_win,128,4,0,0.00,100.00,503.80,312.74,227.37,23.72,61.65,8.00,816.54,527.52,1.66,35.00,66.00,1.04,42990768,2026-09-23T01:58:30Z
C_hit,orig,2f_top28,async_bulk,128,4,0,0.00,100.00,508.11,303.67,226.19,21.81,55.67,8.00,811.78,529.92,1.66,35.00,66.00,1.04,42991176,2026-09-23T01:58:30Z
C_hit,orig,2f_top100,pread,128,4,0,0.00,100.00,176.22,1391.35,227.31,1164.04,,,1567.57,1340.26,1.65,28.00,67.00,1.04,42993104,2026-09-23T01:58:30Z
C_hit,orig,2f_top100,async,128,4,0,0.00,100.00,582.65,403.16,226.79,176.37,,,985.81,759.02,1.65,30.00,67.00,1.04,42993392,2026-09-23T01:58:30Z
C_hit,orig,2f_top100,async_win,128,4,0,0.00,100.00,549.65,369.00,228.41,73.58,67.02,28.00,918.65,623.23,1.65,30.00,67.00,1.04,42992604,2026-09-23T01:58:31Z
C_hit,orig,2f_top100,async_bulk,128,4,0,0.00,100.00,585.33,360.78,226.55,69.44,64.79,28.00,946.11,654.77,1.65,30.00,67.00,1.04,42992716,2026-09-23T01:58:31Z
C_hit,orig,2f_top500,pread,128,4,0,0.00,100.00,174.25,3260.25,230.55,3029.70,,,3434.50,3203.95,1.57,8.00,65.00,1.04,42993820,2026-09-23T01:58:31Z
C_hit,orig,2f_top500,async,128,4,0,0.00,39.60,177.62,873.69,226.10,647.59,,,1051.31,825.21,1.57,9.00,65.00,1.04,42991928,2026-09-23T01:58:31Z
C_hit,orig,2f_top500,async_win,128,4,0,0.00,31.00,175.87,653.35,225.97,338.10,89.28,138.00,829.22,513.97,1.57,9.00,65.00,1.04,42992088,2026-09-23T01:58:32Z
C_hit,orig,2f_top500,async_bulk,128,4,0,0.00,100.00,176.23,653.44,228.13,335.75,89.56,138.00,829.67,511.98,1.59,9.00,65.00,1.04,42993052,2026-09-23T01:58:32Z
C_hit,orig,2f_slru,pread,128,4,0,0.00,100.00,86.81,4944.28,225.19,4719.09,,,5031.09,4805.90,1.54,0.00,62.00,1.04,42993696,2026-09-23T01:58:32Z
C_hit,orig,2f_slru,async,128,4,0,0.00,100.00,90.01,1627.66,227.95,1399.71,,,1717.67,1489.72,1.54,0.00,62.00,1.04,42993768,2026-09-23T01:58:32Z
C_hit,orig,2f_slru,async_win,128,4,0,0.00,100.00,87.84,795.92,227.93,405.14,162.85,29.00,883.76,492.98,1.56,0.00,62.00,1.04,42994120,2026-09-23T01:58:33Z
C_hit,orig,2f_slru,async_bulk,128,4,0,0.00,7.00,709.87,432.67,227.32,42.57,162.79,2.00,1142.54,752.44,1.68,35.00,63.00,1.04,42994440,2026-09-23T01:58:33Z
C_hit,orig,leaf_freq_K10,pread,128,4,0,0.00,100.00,684.54,806.87,227.16,579.71,,,1491.41,1264.25,1.66,35.00,64.00,1.04,42994484,2026-09-23T01:58:33Z
C_hit,orig,leaf_freq_K10,async,128,4,0,0.00,100.00,876.42,300.79,227.13,73.66,,,1177.21,950.08,1.68,36.00,64.00,1.04,42995620,2026-09-23T01:58:34Z
C_hit,orig,leaf_freq_K10,async_win,128,4,0,0.00,100.00,846.44,296.23,226.43,9.98,59.82,3.00,1142.67,856.42,1.66,36.00,64.00,1.04,42996020,2026-09-23T01:58:34Z
C_hit,orig,leaf_freq_K10,async_bulk,128,4,0,0.00,100.00,851.15,297.25,227.37,9.91,59.97,3.00,1148.40,861.06,1.67,36.00,64.00,1.04,42995660,2026-09-23T01:58:34Z
C_hit,orig,leaf_rand_K10,pread,128,4,0,0.00,100.00,975.99,1094.84,228.03,866.81,,,2070.83,1842.80,1.67,36.00,64.00,1.04,42996732,2026-09-23T01:58:34Z
C_hit,orig,leaf_rand_K10,async,128,4,0,0.00,100.00,974.75,300.16,225.88,74.28,,,1274.91,1049.03,1.67,36.00,64.00,1.04,42997296,2026-09-23T01:58:35Z
C_hit,orig,leaf_rand_K10,async_win,128,4,0,0.00,100.00,969.22,301.18,227.05,14.60,59.53,10.00,1270.40,983.82,1.65,36.00,64.00,1.04,42996052,2026-09-23T01:58:35Z
C_hit,orig,leaf_rand_K10,async_bulk,128,4,0,0.00,100.00,997.34,294.16,221.02,16.19,56.96,10.00,1291.50,1013.53,1.67,36.00,64.00,1.04,42978896,2026-09-23T01:58:35Z
C_hit,orig,learned_markov_14,pread,128,4,0,0.00,100.00,564.83,1102.74,225.77,876.97,,,1667.57,1441.80,1.66,34.00,67.00,1.04,42980220,2026-09-23T01:58:35Z
C_hit,orig,learned_markov_14,async,128,4,0,0.00,100.00,533.82,304.42,226.64,77.79,,,838.24,611.61,1.67,35.00,66.00,1.04,42980360,2026-09-23T01:58:36Z
C_hit,orig,learned_markov_14,async_win,128,4,0,0.00,100.00,560.04,302.30,225.13,16.43,60.73,6.00,862.34,576.47,1.66,35.00,66.00,1.04,42980848,2026-09-23T01:58:36Z
C_hit,orig,learned_markov_14,async_bulk,128,4,0,0.00,100.00,560.24,302.97,227.80,14.76,60.41,6.00,863.21,575.00,1.65,35.00,66.00,1.04,42982032,2026-09-23T01:58:36Z
C_hit,orig,learned_markov_28,pread,128,4,0,0.00,100.00,525.52,1111.38,227.95,883.43,,,1636.90,1408.95,1.66,33.00,67.00,1.04,42983544,2026-09-23T01:58:36Z
C_hit,orig,learned_markov_28,async,128,4,0,0.00,100.00,560.68,322.15,226.83,95.32,,,882.83,656.00,1.67,35.00,66.00,1.04,42984516,2026-09-23T01:58:37Z
C_hit,orig,learned_markov_28,async_win,128,4,0,0.00,100.00,505.96,312.82,227.40,24.07,61.34,8.00,818.78,530.03,1.67,35.00,66.00,1.04,42985244,2026-09-23T01:58:37Z
C_hit,orig,learned_markov_28,async_bulk,128,4,0,0.00,100.00,503.86,311.37,226.69,22.94,61.74,8.00,815.23,526.80,1.66,35.00,66.00,1.04,42985592,2026-09-23T01:58:37Z
A,orig,baseline,baseline,128,5,0,0.00,0.00,488.15,0.00,0.00,0.00,,,488.15,488.15,2.11,180.00,270.00,1.04,43006224,2026-09-23T01:58:38Z
B,orig,baseline,baseline,128,5,0,0.00,0.00,731.79,0.00,0.00,0.00,,,731.79,731.79,2.20,181.00,273.00,1.04,43006792,2026-09-23T01:58:38Z
C,orig,baseline,baseline,128,5,0,0.00,0.00,1052.88,0.00,0.00,0.00,,,1052.88,1052.88,1.61,24.00,25.00,1.04,43008128,2026-09-23T01:58:38Z
C_hit,orig,baseline,baseline,128,5,0,0.00,0.00,967.11,0.00,0.00,0.00,,,967.11,967.11,1.68,36.00,64.00,1.04,43010572,2026-09-23T01:58:38Z
A,orig,layers_5,pread,128,5,0,0.00,100.00,178.25,635.59,196.58,439.01,,,813.84,617.26,2.16,180.00,271.00,1.04,43010516,2026-09-23T01:58:39Z
A,orig,layers_5,async,128,5,0,0.00,100.00,354.26,267.04,196.35,70.69,,,621.30,424.95,2.18,180.00,271.00,1.04,43011072,2026-09-23T01:58:39Z
A,orig,layers_5,async_win,128,5,0,0.00,100.00,356.55,268.26,197.16,9.33,61.78,2.00,624.81,365.88,2.15,180.00,271.00,1.04,43012312,2026-09-23T01:58:39Z
A,orig,layers_5,async_bulk,128,5,0,0.00,100.00,388.51,267.08,196.88,8.36,61.85,2.00,655.59,396.87,2.14,180.00,271.00,1.04,43012612,2026-09-23T01:58:40Z
A,orig,layers_92,pread,128,5,0,0.00,100.00,179.92,8245.46,197.69,8047.77,,,8425.38,8227.69,2.09,177.00,286.00,1.04,43013240,2026-09-23T01:58:40Z
A,orig,layers_92,async,128,5,0,0.00,100.00,358.63,393.25,194.47,198.78,,,751.88,557.41,2.12,178.00,283.00,1.04,43001848,2026-09-23T01:58:40Z
A,orig,layers_92,async_win,128,5,0,0.00,100.00,364.62,383.65,196.25,120.69,66.72,87.00,748.27,485.31,2.14,178.00,283.00,1.04,43001120,2026-09-23T01:58:41Z
A,orig,layers_92,async_bulk,128,5,0,0.00,100.00,362.03,388.16,197.30,122.76,68.10,87.00,750.19,484.79,2.13,178.00,283.00,1.04,43002244,2026-09-23T01:58:41Z
A,orig,2d,pread,128,5,0,0.00,100.00,179.63,1955.53,233.80,1721.73,,,2135.16,1901.36,2.14,177.00,286.00,1.04,43002148,2026-09-23T01:58:41Z
A,orig,2d,async,128,5,0,0.00,100.00,323.09,317.06,232.35,84.71,,,640.15,407.80,2.13,178.00,283.00,1.04,43005052,2026-09-23T01:58:42Z
A,orig,2d,async_win,128,5,0,0.00,100.00,323.75,317.35,231.63,24.29,61.42,13.00,641.10,348.04,2.13,178.00,283.00,1.04,43005648,2026-09-23T01:58:42Z
A,orig,2d,async_bulk,128,5,0,0.00,100.00,355.39,319.64,233.18,25.14,61.33,13.00,675.03,380.53,2.16,178.00,283.00,1.04,43005868,2026-09-23T01:58:42Z
A,orig,2e_K10,pread,128,5,0,0.00,100.00,179.12,2720.91,232.42,2488.49,,,2900.03,2667.61,2.10,181.00,287.00,1.03,43008004,2026-09-23T01:58:42Z
A,orig,2e_K10,async,128,5,0,0.00,100.00,321.21,337.16,232.19,104.98,,,658.37,426.19,2.13,181.00,287.00,1.03,42991656,2026-09-23T01:58:43Z
A,orig,2e_K10,async_win,128,5,0,0.00,100.00,352.78,332.26,233.87,35.93,62.47,22.00,685.04,388.71,2.13,181.00,287.00,1.03,42992308,2026-09-23T01:58:43Z
A,orig,2e_K10,async_bulk,128,5,0,0.00,100.00,356.33,328.13,233.17,32.71,62.25,22.00,684.46,389.04,2.13,181.00,287.00,1.03,42993240,2026-09-23T01:58:43Z
A,orig,2e_K500,pread,128,5,0,0.00,100.00,179.33,21187.39,232.13,20955.27,,,21366.72,21134.60,2.05,169.00,426.00,1.03,42993664,2026-09-23T01:58:44Z
A,orig,2e_K500,async,128,5,0,0.00,100.00,181.43,1121.86,231.82,890.04,,,1303.29,1071.47,2.08,181.00,407.00,1.03,42993936,2026-09-23T01:58:44Z
A,orig,2e_K500,async_win,128,5,0,0.00,100.00,207.00,1062.25,231.76,701.02,129.47,492.00,1269.25,908.02,2.10,181.00,410.00,1.03,42995464,2026-09-23T01:58:44Z
A,orig,2e_K500,async_bulk,128,5,0,0.00,100.00,180.28,1058.50,233.41,697.06,128.03,492.00,1238.78,877.34,2.09,181.00,408.00,1.03,42996592,2026-09-23T01:58:45Z
A,orig,2f_top14,pread,128,5,0,0.00,100.00,361.03,1517.41,235.37,1282.04,,,1878.44,1643.07,2.15,182.00,281.00,1.03,42996712,2026-09-23T01:58:45Z
A,orig,2f_top14,async,128,5,0,0.00,100.00,356.08,312.23,232.02,80.21,,,668.31,436.29,2.14,182.00,281.00,1.03,42997588,2026-09-23T01:58:45Z
A,orig,2f_top14,async_win,128,5,0,0.00,100.00,390.55,319.46,235.67,21.95,61.84,13.00,710.01,412.50,2.19,182.00,281.00,1.03,42992308,2026-09-23T01:58:46Z
A,orig,2f_top14,async_bulk,128,5,0,0.00,100.00,384.24,312.26,232.26,16.93,63.07,13.00,696.50,401.17,2.13,182.00,281.00,1.03,42992628,2026-09-23T01:58:46Z
A,orig,2f_top28,pread,128,5,0,0.00,100.00,357.78,2682.76,235.93,2446.83,,,3040.54,2804.61,2.17,183.00,288.00,1.03,42992040,2026-09-23T01:58:46Z
A,orig,2f_top28,async,128,5,0,0.00,100.00,359.37,330.95,233.82,97.13,,,690.32,456.50,2.16,183.00,288.00,1.03,42993492,2026-09-23T01:58:47Z
A,orig,2f_top28,async_win,128,5,0,0.00,100.00,359.45,332.99,235.60,33.92,63.46,27.00,692.44,393.37,2.17,183.00,288.00,1.03,42993728,2026-09-23T01:58:47Z
A,orig,2f_top28,async_bulk,128,5,0,0.00,100.00,403.00,328.96,232.06,34.62,62.29,27.00,731.96,437.62,2.11,183.00,288.00,1.03,42994144,2026-09-23T01:58:47Z
A,orig,2f_top100,pread,128,5,0,0.00,100.00,245.59,8834.24,226.83,8607.41,,,9079.83,8853.00,2.18,183.00,325.00,1.03,42994852,2026-09-23T01:58:47Z
A,orig,2f_top100,async,128,5,0,0.00,100.00,245.69,434.70,228.16,206.54,,,680.39,452.23,2.14,183.00,324.00,1.03,42994596,2026-09-23T01:58:48Z
A,orig,2f_top100,async_win,128,5,0,0.00,100.00,247.16,424.26,232.44,125.43,66.39,99.00,671.42,372.59,2.16,183.00,324.00,1.03,42995404,2026-09-23T01:58:48Z
A,orig,2f_top100,async_bulk,128,5,0,0.00,100.00,244.09,407.98,226.50,114.48,67.01,99.00,652.07,358.57,2.11,183.00,324.00,1.03,42995732,2026-09-23T01:58:48Z
A,orig,2f_top500,pread,128,5,0,0.00,100.00,264.23,21473.87,229.56,21244.31,,,21738.10,21508.54,2.05,172.00,429.00,1.03,42996940,2026-09-23T01:58:49Z
A,orig,2f_top500,async,128,5,0,0.00,100.00,181.54,1042.18,230.89,811.28,,,1223.72,992.82,2.08,179.00,415.00,1.03,42996644,2026-09-23T01:58:49Z
A,orig,2f_top500,async_win,128,5,0,0.00,100.00,184.85,1033.93,230.30,714.48,89.15,481.00,1218.78,899.33,2.07,179.00,413.00,1.03,42997436,2026-09-23T01:58:49Z
A,orig,2f_top500,async_bulk,128,5,0,0.00,100.00,182.63,1026.13,230.75,704.79,90.58,481.00,1208.76,887.42,2.07,179.00,415.00,1.03,42996932,2026-09-23T01:58:50Z
A,orig,2f_slru,pread,128,5,0,0.00,100.00,96.21,17457.31,226.56,17230.75,,,17553.52,17326.96,1.55,0.00,278.00,1.03,42999128,2026-09-23T01:58:50Z
A,orig,2f_slru,async,128,5,0,0.00,100.00,97.08,7325.80,240.61,7085.19,,,7422.88,7182.27,1.57,0.00,278.00,1.03,42997904,2026-09-23T01:58:50Z
A,orig,2f_slru,async_win,128,5,0,0.00,68.80,94.49,2496.25,230.36,1877.93,387.96,138.00,2590.74,1972.42,1.57,0.00,278.00,1.03,43000360,2026-09-23T01:58:50Z
A,orig,2f_slru,async_bulk,128,5,0,0.00,1.40,385.80,708.40,231.79,84.28,392.34,2.00,1094.20,470.08,2.15,178.00,269.00,1.03,42994964,2026-09-23T01:58:51Z
A,orig,leaf_freq_K10,pread,128,5,0,0.00,100.00,484.76,1120.42,229.43,890.99,,,1605.18,1375.75,2.12,183.00,274.00,1.03,43000488,2026-09-23T01:58:51Z
A,orig,leaf_freq_K10,async,128,5,0,0.00,100.00,487.04,301.96,227.59,74.37,,,789.00,561.41,2.13,183.00,274.00,1.03,43000948,2026-09-23T01:58:51Z
A,orig,leaf_freq_K10,async_win,128,5,0,0.00,100.00,483.32,304.73,229.65,13.91,61.17,10.00,788.05,497.23,2.14,183.00,274.00,1.03,43000896,2026-09-23T01:58:52Z
A,orig,leaf_freq_K10,async_bulk,128,5,0,0.00,100.00,484.64,307.66,228.93,17.22,61.51,10.00,792.30,501.86,2.15,183.00,274.00,1.03,43001708,2026-09-23T01:58:52Z
A,orig,leaf_rand_K10,pread,128,5,0,0.00,100.00,481.68,1123.51,228.37,895.14,,,1605.19,1376.82,2.12,180.00,270.00,1.03,43002900,2026-09-23T01:58:52Z
A,orig,leaf_rand_K10,async,128,5,0,0.00,100.00,485.61,304.29,228.99,75.30,,,789.90,560.91,2.15,180.00,270.00,1.03,43002708,2026-09-23T01:58:53Z
A,orig,leaf_rand_K10,async_win,128,5,0,0.00,100.00,490.57,304.72,227.65,14.95,62.13,10.00,795.29,505.52,2.15,180.00,270.00,1.03,43002924,2026-09-23T01:58:53Z
A,orig,leaf_rand_K10,async_bulk,128,5,0,0.00,100.00,484.36,303.70,228.14,13.51,62.06,10.00,788.06,497.87,2.15,180.00,270.00,1.03,43004036,2026-09-23T01:58:53Z
A,orig,learned_markov_14,pread,128,5,0,0.00,100.00,375.76,1475.78,228.30,1247.47,,,1851.54,1623.23,2.07,178.00,282.00,1.03,43004460,2026-09-23T01:58:54Z
A,orig,learned_markov_14,async,128,5,0,0.00,100.00,358.61,308.79,229.00,79.79,,,667.40,438.40,2.15,178.00,282.00,1.03,43004680,2026-09-23T01:58:54Z
A,orig,learned_markov_14,async_win,128,5,0,0.00,100.00,404.45,306.99,225.30,19.38,62.31,13.00,711.44,423.83,2.10,178.00,282.00,1.03,43003584,2026-09-23T01:58:54Z
A,orig,learned_markov_14,async_bulk,128,5,0,0.00,100.00,356.10,309.60,227.78,19.95,61.88,13.00,665.70,376.05,2.12,178.00,282.00,1.03,43002984,2026-09-23T01:58:54Z
A,orig,learned_markov_28,pread,128,5,0,0.00,100.00,359.52,2751.01,235.30,2515.71,,,3110.53,2875.23,2.13,178.00,285.00,1.03,43003600,2026-09-23T01:58:55Z
A,orig,learned_markov_28,async,128,5,0,0.00,100.00,358.07,328.87,228.72,100.15,,,686.94,458.22,2.10,178.00,286.00,1.03,43003808,2026-09-23T01:58:55Z
A,orig,learned_markov_28,async_win,128,5,0,0.00,100.00,359.76,329.41,227.52,38.76,63.13,26.00,689.17,398.52,2.18,178.00,286.00,1.03,43004364,2026-09-23T01:58:55Z
A,orig,learned_markov_28,async_bulk,128,5,0,0.00,100.00,395.65,327.07,229.37,35.27,62.44,26.00,722.72,430.92,2.13,178.00,287.00,1.03,43004856,2026-09-23T01:58:56Z
B,orig,layers_5,pread,128,5,0,0.00,100.00,406.52,663.06,229.08,433.98,,,1069.58,840.50,2.16,181.00,273.00,1.03,42999008,2026-09-23T01:58:56Z
B,orig,layers_5,async,128,5,0,0.00,100.00,412.48,306.36,237.38,68.98,,,718.84,481.46,2.19,182.00,272.00,1.03,42999516,2026-09-23T01:58:56Z
B,orig,layers_5,async_win,128,5,0,0.00,100.00,397.25,296.25,227.42,7.49,61.34,2.00,693.50,404.74,2.23,182.00,272.00,1.03,42998612,2026-09-23T01:58:57Z
B,orig,layers_5,async_bulk,128,5,0,0.00,100.00,400.76,303.50,234.43,8.04,61.02,2.00,704.26,408.80,2.17,182.00,272.00,1.03,42998872,2026-09-23T01:58:57Z
B,orig,layers_92,pread,128,5,0,0.00,100.00,414.55,8169.25,229.24,7940.01,,,8583.80,8354.56,2.19,180.00,281.00,1.03,42999468,2026-09-23T01:58:57Z
B,orig,layers_92,async,128,5,0,0.00,100.00,410.61,426.81,229.57,197.24,,,837.42,607.85,2.20,181.00,278.00,1.02,43000076,2026-09-23T01:58:58Z
B,orig,layers_92,async_win,128,5,0,0.00,100.00,414.24,397.24,228.38,102.52,66.33,87.00,811.48,516.76,2.22,181.00,278.00,1.02,43020604,2026-09-23T01:58:58Z
B,orig,layers_92,async_bulk,128,5,0,0.00,100.00,413.19,407.98,228.83,113.34,65.80,87.00,821.17,526.53,2.19,181.00,278.00,1.02,43020860,2026-09-23T01:58:58Z
B,orig,2d,pread,128,5,0,0.00,100.00,407.12,1953.13,228.91,1724.22,,,2360.25,2131.34,2.13,180.00,281.00,1.02,43021100,2026-09-23T01:58:59Z
B,orig,2d,async,128,5,0,0.00,100.00,411.39,316.62,230.26,86.35,,,728.01,497.74,2.19,181.00,278.00,1.02,43021252,2026-09-23T01:58:59Z
B,orig,2d,async_win,128,5,0,0.00,100.00,411.97,312.61,226.89,23.31,62.41,13.00,724.58,435.28,2.20,181.00,278.00,1.02,43020428,2026-09-23T01:58:59Z
B,orig,2d,async_bulk,128,5,0,0.00,100.00,413.46,310.93,228.11,20.46,62.36,13.00,724.39,433.92,2.19,181.00,278.00,1.02,43020888,2026-09-23T01:59:00Z
B,orig,2e_K10,pread,128,5,0,0.00,100.00,407.96,2868.67,226.71,2641.97,,,3276.63,3049.93,2.15,180.00,282.00,1.02,43021456,2026-09-23T01:59:00Z
B,orig,2e_K10,async,128,5,0,0.00,100.00,408.24,325.32,227.24,98.08,,,733.56,506.32,2.18,181.00,281.00,1.02,43021584,2026-09-23T01:59:00Z
B,orig,2e_K10,async_win,128,5,0,0.00,100.00,408.15,328.27,231.50,34.15,62.62,23.00,736.42,442.30,2.17,181.00,281.00,1.02,43021540,2026-09-23T01:59:01Z
B,orig,2e_K10,async_bulk,128,5,0,0.00,100.00,412.42,328.87,228.71,37.27,62.89,23.00,741.29,449.69,2.18,181.00,280.00,1.02,43024264,2026-09-23T01:59:01Z
B,orig,2e_K500,pread,128,5,0,0.00,100.00,450.73,18907.13,227.33,18679.80,,,19357.86,19130.53,2.12,166.00,385.00,1.02,43013400,2026-09-23T01:59:01Z
B,orig,2e_K500,async,128,5,0,0.00,100.00,451.57,1086.89,229.52,857.37,,,1538.46,1308.94,2.17,186.00,321.00,1.02,43019912,2026-09-23T01:59:01Z
B,orig,2e_K500,async_win,128,5,0,0.00,100.00,454.26,1010.21,226.98,693.22,90.01,460.00,1464.47,1147.48,2.14,186.00,323.00,1.02,43020820,2026-09-23T01:59:02Z
B,orig,2e_K500,async_bulk,128,5,0,0.00,100.00,451.16,1016.66,229.67,697.14,89.85,460.00,1467.82,1148.30,2.17,186.00,324.00,1.02,43021072,2026-09-23T01:59:02Z
B,orig,2f_top14,pread,128,5,0,0.00,100.00,413.63,1502.22,228.80,1273.42,,,1915.85,1687.05,2.22,181.00,277.00,1.02,43021072,2026-09-23T01:59:02Z
B,orig,2f_top14,async,128,5,0,0.00,100.00,412.27,309.57,229.46,80.11,,,721.84,492.38,2.19,181.00,277.00,1.02,43021492,2026-09-23T01:59:03Z
B,orig,2f_top14,async_win,128,5,0,0.00,100.00,416.66,309.98,229.16,20.90,59.92,13.00,726.64,437.56,2.20,181.00,277.00,1.02,43022232,2026-09-23T01:59:03Z
B,orig,2f_top14,async_bulk,128,5,0,0.00,100.00,407.37,311.48,230.13,19.98,61.37,13.00,718.85,427.35,2.22,181.00,277.00,1.02,43009504,2026-09-23T01:59:03Z
B,orig,2f_top28,pread,128,5,0,0.00,100.00,401.09,2615.56,228.44,2387.12,,,3016.65,2788.21,2.27,181.00,280.00,1.02,43009888,2026-09-23T01:59:04Z
B,orig,2f_top28,async,128,5,0,0.00,100.00,409.44,328.35,228.30,100.05,,,737.79,509.49,2.18,181.00,279.00,1.02,43010076,2026-09-23T01:59:04Z
B,orig,2f_top28,async_win,128,5,0,0.00,100.00,407.11,332.71,230.46,40.35,61.90,27.00,739.82,447.46,2.21,181.00,280.00,1.02,43010544,2026-09-23T01:59:04Z
B,orig,2f_top28,async_bulk,128,5,0,0.00,100.00,413.24,329.98,229.49,38.30,62.19,27.00,743.22,451.54,2.21,181.00,280.00,1.02,43010240,2026-09-23T01:59:05Z
B,orig,2f_top100,pread,128,5,0,0.00,100.00,408.98,9030.19,227.66,8802.53,,,9439.17,9211.51,2.19,184.00,297.00,1.02,43010488,2026-09-23T01:59:05Z
B,orig,2f_top100,async,128,5,0,0.00,100.00,413.05,427.84,227.97,199.88,,,840.89,612.93,2.20,185.00,294.00,1.02,43011056,2026-09-23T01:59:05Z
B,orig,2f_top100,async_win,128,5,0,0.00,100.00,413.37,417.15,229.76,121.79,65.60,95.00,830.52,535.16,2.21,185.00,293.00,1.02,43010444,2026-09-23T01:59:06Z
B,orig,2f_top100,async_bulk,128,5,0,0.00,100.00,417.50,412.60,227.32,120.47,64.81,95.00,830.10,537.97,2.20,185.00,294.00,1.02,43010832,2026-09-23T01:59:06Z
B,orig,2f_top500,pread,128,5,0,0.00,100.00,448.16,18459.06,228.30,18230.76,,,18907.22,18678.92,2.10,172.00,378.00,1.02,43011344,2026-09-23T01:59:06Z
B,orig,2f_top500,async,128,5,0,0.00,100.00,455.22,1053.01,226.76,826.25,,,1508.23,1281.47,2.19,186.00,328.00,1.02,43002032,2026-09-23T01:59:07Z
B,orig,2f_top500,async_win,128,5,0,0.00,100.00,450.50,995.75,228.63,678.64,88.49,449.00,1446.25,1129.14,2.16,186.00,327.00,1.02,43001980,2026-09-23T01:59:07Z
B,orig,2f_top500,async_bulk,128,5,0,0.00,100.00,481.20,996.58,227.44,681.08,88.06,449.00,1477.78,1162.28,2.17,186.00,328.00,1.02,43001804,2026-09-23T01:59:07Z
B,orig,2f_slru,pread,128,5,0,0.00,100.00,95.18,18056.43,226.57,17829.86,,,18151.61,17925.04,1.57,0.00,278.00,1.02,43004708,2026-09-23T01:59:07Z
B,orig,2f_slru,async,128,5,0,0.00,100.00,95.53,7333.74,228.58,7105.16,,,7429.27,7200.69,1.62,0.00,278.00,1.02,43002160,2026-09-23T01:59:08Z
B,orig,2f_slru,async_win,128,5,0,0.00,75.40,96.44,2468.21,227.11,1925.24,315.86,139.00,2564.65,2021.68,1.62,0.00,278.00,1.02,43002748,2026-09-23T01:59:08Z
B,orig,2f_slru,async_bulk,128,5,0,0.00,1.40,615.21,626.21,229.52,79.11,317.58,2.00,1241.42,694.32,2.21,180.00,271.00,1.02,43005120,2026-09-23T01:59:08Z
B,orig,leaf_freq_K10,pread,128,5,0,0.00,100.00,720.60,1119.08,228.94,890.14,,,1839.68,1610.74,2.15,181.00,276.00,1.02,43005656,2026-09-23T01:59:09Z
B,orig,leaf_freq_K10,async,128,5,0,0.00,100.00,718.97,302.23,229.06,73.17,,,1021.20,792.14,2.18,181.00,276.00,1.02,43006372,2026-09-23T01:59:09Z
B,orig,leaf_freq_K10,async_win,128,5,0,0.00,100.00,721.20,306.52,230.45,14.44,61.63,10.00,1027.72,735.64,2.19,181.00,275.00,1.02,43006420,2026-09-23T01:59:09Z
B,orig,leaf_freq_K10,async_bulk,128,5,0,0.00,100.00,724.40,304.43,229.33,14.64,60.46,10.00,1028.83,739.04,2.22,181.00,276.00,1.02,43006996,2026-09-23T01:59:10Z
B,orig,leaf_rand_K10,pread,128,5,0,0.00,100.00,718.39,1152.88,229.79,923.09,,,1871.27,1641.48,2.19,181.00,276.00,1.02,43007300,2026-09-23T01:59:10Z
B,orig,leaf_rand_K10,async,128,5,0,0.00,100.00,723.65,306.29,231.02,75.26,,,1029.94,798.91,2.21,181.00,276.00,1.02,43007196,2026-09-23T01:59:10Z
B,orig,leaf_rand_K10,async_win,128,5,0,0.00,100.00,726.32,306.50,228.94,16.74,60.81,10.00,1032.82,743.06,2.16,181.00,276.00,1.02,43007336,2026-09-23T01:59:11Z
B,orig,leaf_rand_K10,async_bulk,128,5,0,0.00,100.00,711.50,307.24,228.24,17.93,61.06,10.00,1018.74,729.43,2.18,181.00,276.00,1.02,43007868,2026-09-23T01:59:11Z
B,orig,learned_markov_14,pread,128,5,0,0.00,100.00,420.72,1504.01,226.94,1277.07,,,1924.73,1697.79,2.19,181.00,278.00,1.02,43008172,2026-09-23T01:59:11Z
B,orig,learned_markov_14,async,128,5,0,0.00,100.00,413.54,308.68,228.29,80.39,,,722.22,493.93,2.21,181.00,278.00,1.02,43008592,2026-09-23T01:59:11Z
B,orig,learned_markov_14,async_win,128,5,0,0.00,100.00,414.59,313.03,230.32,20.29,62.42,13.00,727.62,434.88,2.22,181.00,278.00,1.02,42994056,2026-09-23T01:59:12Z
B,orig,learned_markov_14,async_bulk,128,5,0,0.00,100.00,419.43,313.36,229.86,22.18,61.32,13.00,732.79,441.61,2.20,181.00,278.00,1.02,42994832,2026-09-23T01:59:12Z
B,orig,learned_markov_28,pread,128,5,0,0.00,100.00,409.85,2569.13,229.11,2340.02,,,2978.98,2749.87,2.19,180.00,281.00,1.02,42995648,2026-09-23T01:59:12Z
B,orig,learned_markov_28,async,128,5,0,0.00,100.00,407.33,340.51,241.62,98.89,,,747.84,506.22,2.20,180.00,281.00,1.02,42994660,2026-09-23T01:59:13Z
B,orig,learned_markov_28,async_win,128,5,0,0.00,100.00,414.12,325.81,228.18,35.68,61.96,27.00,739.93,449.80,2.19,180.00,281.00,1.02,42994336,2026-09-23T01:59:13Z
B,orig,learned_markov_28,async_bulk,128,5,0,0.00,100.00,408.63,331.65,229.92,40.06,61.68,27.00,740.28,448.69,2.18,180.00,281.00,1.02,42997008,2026-09-23T01:59:13Z
C,orig,layers_5,pread,128,5,0,0.00,100.00,1030.98,672.34,229.42,442.92,,,1703.32,1473.90,1.60,24.00,25.00,1.02,42997192,2026-09-23T01:59:14Z
C,orig,layers_5,async,128,5,0,0.00,100.00,1033.68,296.82,227.53,69.29,,,1330.50,1102.97,1.60,24.00,25.00,1.02,42998048,2026-09-23T01:59:14Z
C,orig,layers_5,async_win,128,5,0,0.00,100.00,1034.98,299.54,230.68,8.27,60.59,2.00,1334.52,1043.25,1.60,24.00,25.00,1.02,42997776,2026-09-23T01:59:14Z
C,orig,layers_5,async_bulk,128,5,0,0.00,100.00,1038.51,292.74,225.12,7.65,59.96,2.00,1331.25,1046.16,1.66,24.00,25.00,1.02,42998676,2026-09-23T01:59:14Z
C,orig,layers_92,pread,128,5,0,0.00,100.00,625.08,8305.33,225.35,8079.98,,,8930.41,8705.06,1.61,24.00,25.00,1.02,42998572,2026-09-23T01:59:15Z
C,orig,layers_92,async,128,5,0,0.00,100.00,649.88,427.50,228.61,198.89,,,1077.38,848.77,1.60,24.00,25.00,1.02,43000516,2026-09-23T01:59:15Z
C,orig,layers_92,async_win,128,5,0,0.00,100.00,596.68,398.44,227.15,106.49,64.80,87.00,995.12,703.17,1.63,24.00,25.00,1.02,43000772,2026-09-23T01:59:15Z
C,orig,layers_92,async_bulk,128,5,0,0.00,100.00,621.41,408.27,226.21,116.83,65.23,87.00,1029.68,738.24,1.62,24.00,25.00,1.02,43000984,2026-09-23T01:59:15Z
C,orig,2d,pread,128,5,0,0.00,100.00,651.22,579.95,224.71,355.24,,,1231.17,1006.46,1.61,24.00,25.00,1.02,43000420,2026-09-23T01:59:16Z
C,orig,2d,async,128,5,0,0.00,100.00,657.27,293.00,225.81,67.20,,,950.27,724.47,1.62,24.00,25.00,1.02,43001876,2026-09-23T01:59:16Z
C,orig,2d,async_win,128,5,0,0.00,100.00,647.25,293.70,227.55,6.43,59.72,2.00,940.95,653.68,1.61,24.00,25.00,1.02,43001464,2026-09-23T01:59:16Z
C,orig,2d,async_bulk,128,5,0,0.00,100.00,647.43,291.87,225.05,6.64,60.17,2.00,939.30,654.07,1.60,24.00,25.00,1.02,43001560,2026-09-23T01:59:17Z
C,orig,2e_K10,pread,128,5,0,0.00,100.00,174.65,1364.22,220.86,1143.37,,,1538.87,1318.02,1.62,22.00,28.00,1.02,43000980,2026-09-23T01:59:17Z
C,orig,2e_K10,async,128,5,0,0.00,100.00,175.37,301.51,224.54,76.96,,,476.88,252.33,1.60,22.00,27.00,1.02,42996688,2026-09-23T01:59:17Z
C,orig,2e_K10,async_win,128,5,0,0.00,100.00,174.60,302.30,225.87,16.25,60.18,8.00,476.90,190.85,1.59,22.00,27.00,1.02,42997856,2026-09-23T01:59:17Z
C,orig,2e_K10,async_bulk,128,5,0,0.00,100.00,173.82,302.22,225.97,15.84,60.40,8.00,476.04,189.66,1.60,22.00,27.00,1.02,42997448,2026-09-23T01:59:18Z
C,orig,2e_K500,pread,128,5,0,0.00,100.00,174.50,2470.37,227.44,2242.94,,,2644.87,2417.44,1.55,0.00,37.00,1.02,42998088,2026-09-23T01:59:18Z
C,orig,2e_K500,async,128,5,0,0.00,67.50,174.23,667.01,224.70,442.31,,,841.24,616.54,1.54,0.00,37.00,1.02,42998436,2026-09-23T01:59:18Z
C,orig,2e_K500,async_win,128,5,0,0.00,42.30,175.89,530.82,226.21,223.46,81.15,90.00,706.71,399.35,1.55,0.00,37.00,1.02,43000760,2026-09-23T01:59:18Z
C,orig,2e_K500,async_bulk,128,5,0,0.00,100.00,174.89,529.93,226.71,221.86,81.36,90.00,704.82,396.75,1.53,0.00,37.00,1.02,43023772,2026-09-23T01:59:19Z
C,orig,2f_top14,pread,128,5,0,0.00,100.00,175.56,1300.90,226.88,1074.02,,,1476.46,1249.58,1.58,21.00,28.00,1.02,43024056,2026-09-23T01:59:19Z
C,orig,2f_top14,async,128,5,0,0.00,100.00,174.10,307.14,227.14,80.00,,,481.24,254.10,1.59,22.00,27.00,1.02,43024980,2026-09-23T01:59:19Z
C,orig,2f_top14,async_win,128,5,0,0.00,100.00,176.58,305.15,227.27,16.57,61.31,9.00,481.73,193.15,1.59,22.00,27.00,1.02,43024988,2026-09-23T01:59:19Z
C,orig,2f_top14,async_bulk,128,5,0,0.00,100.00,174.92,304.28,226.93,16.35,61.01,9.00,479.20,191.27,1.61,22.00,27.00,1.02,43024540,2026-09-23T01:59:20Z
C,orig,2f_top28,pread,128,5,0,0.00,100.00,173.01,1266.20,224.17,1042.03,,,1439.21,1215.04,1.59,20.00,29.00,1.02,43025200,2026-09-23T01:59:20Z
C,orig,2f_top28,async,128,5,0,0.00,100.00,173.77,320.77,225.70,95.07,,,494.54,268.84,1.61,21.00,28.00,1.02,43026148,2026-09-23T01:59:20Z
C,orig,2f_top28,async_win,128,5,0,0.00,100.00,176.49,314.12,226.51,26.23,61.38,13.00,490.61,202.72,1.60,21.00,28.00,1.02,43026764,2026-09-23T01:59:20Z
C,orig,2f_top28,async_bulk,128,5,0,0.00,100.00,174.74,315.20,227.81,26.02,61.38,13.00,489.94,200.76,1.62,21.00,28.00,1.02,43026148,2026-09-23T01:59:21Z
C,orig,2f_top100,pread,128,5,0,0.00,100.00,175.52,1440.83,226.89,1213.94,,,1616.35,1389.46,1.57,14.00,30.00,1.02,43026748,2026-09-23T01:59:21Z
C,orig,2f_top100,async,128,5,0,0.00,100.00,181.38,402.62,225.81,176.81,,,584.00,358.19,1.59,17.00,30.00,1.02,43026868,2026-09-23T01:59:21Z
C,orig,2f_top100,async_win,128,5,0,0.00,100.00,173.78,364.48,227.56,71.50,65.41,32.00,538.26,245.28,1.57,17.00,30.00,1.02,43027776,2026-09-23T01:59:21Z
C,orig,2f_top100,async_bulk,128,5,0,0.00,100.00,174.33,360.76,226.36,68.57,65.83,32.00,535.09,242.90,1.58,17.00,30.00,1.02,43027424,2026-09-23T01:59:22Z
C,orig,2f_top500,pread,128,5,0,0.00,100.00,87.61,3030.12,225.14,2804.97,,,3117.73,2892.58,1.54,0.00,37.00,1.02,43027476,2026-09-23T01:59:22Z
C,orig,2f_top500,async,128,5,0,0.00,100.00,91.55,971.55,227.29,744.26,,,1063.10,835.81,1.53,0.00,37.00,1.02,43018088,2026-09-23T01:59:22Z
C,orig,2f_top500,async_win,128,5,0,0.00,100.00,88.47,530.80,222.77,218.71,89.32,16.00,619.27,307.18,1.54,0.00,37.00,1.02,43016880,2026-09-23T01:59:22Z
C,orig,2f_top500,async_bulk,128,5,0,0.00,13.30,463.15,353.47,224.58,38.73,90.16,2.00,816.62,501.88,1.60,23.00,27.00,1.02,43016564,2026-09-23T01:59:23Z
C,orig,2f_slru,pread,128,5,0,0.00,100.00,89.52,2921.28,226.77,2694.52,,,3010.80,2784.04,1.52,0.00,37.00,1.02,43016716,2026-09-23T01:59:23Z
C,orig,2f_slru,async,128,5,0,0.00,100.00,92.66,979.88,226.56,753.33,,,1072.54,845.99,1.53,0.00,37.00,1.02,43017876,2026-09-23T01:59:23Z
C,orig,2f_slru,async_win,128,5,0,0.00,100.00,89.19,542.98,226.21,227.64,89.14,16.00,632.17,316.83,1.53,0.00,37.00,1.02,43018552,2026-09-23T01:59:23Z
C,orig,2f_slru,async_bulk,128,5,0,0.00,13.30,464.61,354.61,225.94,38.67,89.99,2.00,819.22,503.28,1.60,23.00,27.00,1.02,43011808,2026-09-23T01:59:24Z
C,orig,leaf_freq_K10,pread,128,5,0,0.00,100.00,665.10,930.34,216.58,713.76,,,1595.44,1378.86,1.59,22.00,28.00,1.02,43005412,2026-09-23T01:59:24Z
C,orig,leaf_freq_K10,async,128,5,0,0.00,100.00,672.82,300.81,227.85,72.96,,,973.63,745.78,1.60,22.00,27.00,1.02,43005848,2026-09-23T01:59:24Z
C,orig,leaf_freq_K10,async_win,128,5,0,0.00,100.00,567.14,297.36,225.41,12.08,59.86,6.00,864.50,579.22,1.61,22.00,27.00,1.02,43005916,2026-09-23T01:59:24Z
C,orig,leaf_freq_K10,async_bulk,128,5,0,0.00,100.00,564.42,301.52,229.29,12.01,60.21,6.00,865.94,576.43,1.60,22.00,27.00,1.02,43006264,2026-09-23T01:59:25Z
C,orig,leaf_rand_K10,pread,128,5,0,0.00,100.00,1051.08,1093.69,227.50,866.19,,,2144.77,1917.27,1.60,24.00,25.00,1.02,43006600,2026-09-23T01:59:25Z
C,orig,leaf_rand_K10,async,128,5,0,0.00,100.00,1017.01,300.67,225.44,75.22,,,1317.68,1092.23,1.60,24.00,25.00,1.02,43005908,2026-09-23T01:59:25Z
C,orig,leaf_rand_K10,async_win,128,5,0,0.00,100.00,988.12,304.31,227.66,14.92,61.74,10.00,1292.43,1003.04,1.60,24.00,25.00,1.02,43006652,2026-09-23T01:59:25Z
C,orig,leaf_rand_K10,async_bulk,128,5,0,0.00,100.00,986.49,300.82,225.60,13.89,61.33,10.00,1287.31,1000.38,1.59,24.00,25.00,1.02,43004820,2026-09-23T01:59:26Z
C,orig,learned_markov_14,pread,128,5,0,0.00,100.00,173.03,1324.37,224.77,1099.60,,,1497.40,1272.63,1.59,21.00,28.00,1.02,43006316,2026-09-23T01:59:26Z
C,orig,learned_markov_14,async,128,5,0,0.00,100.00,173.42,302.37,225.51,76.86,,,475.79,250.28,1.61,22.00,27.00,1.02,43006884,2026-09-23T01:59:26Z
C,orig,learned_markov_14,async_win,128,5,0,0.00,100.00,174.55,302.67,226.18,15.38,61.11,9.00,477.22,189.93,1.59,22.00,27.00,1.02,43006468,2026-09-23T01:59:26Z
C,orig,learned_markov_14,async_bulk,128,5,0,0.00,100.00,175.33,305.01,228.00,16.16,60.85,9.00,480.34,191.49,1.59,22.00,27.00,1.02,43006888,2026-09-23T01:59:27Z
C,orig,learned_markov_28,pread,128,5,0,0.00,100.00,172.58,1328.84,226.32,1102.52,,,1501.42,1275.10,1.59,20.00,29.00,1.02,43006888,2026-09-23T01:59:27Z
C,orig,learned_markov_28,async,128,5,0,0.00,100.00,172.53,321.94,226.22,95.71,,,494.47,268.24,1.60,21.00,28.00,1.02,43007888,2026-09-23T01:59:27Z
C,orig,learned_markov_28,async_win,128,5,0,0.00,100.00,167.78,313.50,225.84,25.67,61.99,13.00,481.28,193.45,1.58,21.00,28.00,1.09,43005492,2026-09-23T01:59:27Z
C,orig,learned_markov_28,async_bulk,128,5,0,0.00,100.00,176.81,313.04,225.31,25.77,61.96,13.00,489.85,202.58,1.59,21.00,28.00,1.09,43005512,2026-09-23T01:59:28Z
C_hit,orig,layers_5,pread,128,5,0,0.00,100.00,931.01,662.49,226.34,436.15,,,1593.50,1367.16,1.68,36.00,64.00,1.09,43005504,2026-09-23T01:59:28Z
C_hit,orig,layers_5,async,128,5,0,0.00,100.00,934.77,297.80,228.72,69.08,,,1232.57,1003.85,1.67,36.00,64.00,1.09,43006568,2026-09-23T01:59:28Z
C_hit,orig,layers_5,async_win,128,5,0,0.00,100.00,960.50,293.38,225.49,7.23,60.65,2.00,1253.88,967.73,1.68,36.00,64.00,1.09,43006000,2026-09-23T01:59:29Z
C_hit,orig,layers_5,async_bulk,128,5,0,0.00,100.00,962.18,293.50,226.15,6.59,60.77,2.00,1255.68,968.77,1.67,36.00,64.00,1.09,43006832,2026-09-23T01:59:29Z
C_hit,orig,layers_92,pread,128,5,0,0.00,100.00,625.86,8082.80,226.44,7856.36,,,8708.66,8482.22,1.67,35.00,65.00,1.09,43006688,2026-09-23T01:59:29Z
C_hit,orig,layers_92,async,128,5,0,0.00,100.00,561.89,416.45,224.95,191.50,,,978.34,753.39,1.67,35.00,65.00,1.09,43007088,2026-09-23T01:59:29Z
C_hit,orig,layers_92,async_win,128,5,0,0.00,100.00,558.32,402.46,224.30,113.88,64.27,87.00,960.78,672.20,1.68,35.00,65.00,1.09,43007004,2026-09-23T01:59:30Z
C_hit,orig,layers_92,async_bulk,128,5,0,0.00,100.00,623.53,406.09,225.88,115.05,65.17,87.00,1029.62,738.58,1.67,35.00,65.00,1.09,43007920,2026-09-23T01:59:30Z
C_hit,orig,2d,pread,128,5,0,0.00,100.00,563.93,665.74,229.52,436.22,,,1229.67,1000.15,1.66,35.00,65.00,1.09,43007812,2026-09-23T01:59:30Z
C_hit,orig,2d,async,128,5,0,0.00,100.00,622.98,299.32,229.31,70.01,,,922.30,692.99,1.65,35.00,65.00,1.09,43008484,2026-09-23T01:59:30Z
C_hit,orig,2d,async_win,128,5,0,0.00,100.00,566.08,294.23,226.22,7.32,60.68,3.00,860.31,573.40,1.67,35.00,65.00,1.09,43008076,2026-09-23T01:59:31Z
C_hit,orig,2d,async_bulk,128,5,0,0.00,100.00,522.48,295.44,226.62,8.29,60.54,3.00,817.92,530.77,1.65,35.00,65.00,1.09,43009040,2026-09-23T01:59:31Z
C_hit,orig,2e_K10,pread,128,5,0,0.00,100.00,501.89,1198.65,227.70,970.96,,,1700.54,1472.85,1.71,34.00,67.00,1.09,43009328,2026-09-23T01:59:31Z
C_hit,orig,2e_K10,async,128,5,0,0.00,100.00,574.11,307.90,227.57,80.33,,,882.01,654.44,1.65,35.00,66.00,1.09,43010056,2026-09-23T01:59:31Z
C_hit,orig,2e_K10,async_win,128,5,0,0.00,100.00,561.21,304.04,227.49,14.85,61.71,6.00,865.25,576.06,1.68,35.00,66.00,1.09,43009492,2026-09-23T01:59:32Z
C_hit,orig,2e_K10,async_bulk,128,5,0,0.00,100.00,559.56,302.48,225.90,14.97,61.62,6.00,862.04,574.53,1.69,35.00,66.00,1.09,43010076,2026-09-23T01:59:32Z
C_hit,orig,2e_K500,pread,128,5,0,0.00,100.00,182.53,3503.36,229.44,3273.91,,,3685.89,3456.44,1.55,8.00,65.00,1.09,43010168,2026-09-23T01:59:32Z
C_hit,orig,2e_K500,async,128,5,0,0.00,54.30,182.67,902.81,225.54,677.26,,,1085.48,859.93,1.58,9.00,65.00,1.09,43011356,2026-09-23T01:59:33Z
C_hit,orig,2e_K500,async_win,128,5,0,0.00,100.00,183.20,660.35,226.47,344.33,89.56,139.00,843.55,527.53,1.60,9.00,65.00,1.09,43006728,2026-09-23T01:59:33Z
C_hit,orig,2e_K500,async_bulk,128,5,0,0.00,100.00,177.91,656.10,226.43,339.63,90.05,139.00,834.01,517.54,1.59,9.00,65.00,1.09,43007264,2026-09-23T01:59:33Z
C_hit,orig,2f_top14,pread,128,5,0,0.00,100.00,599.33,1092.62,227.63,865.00,,,1691.95,1464.33,1.67,34.00,67.00,1.09,43010144,2026-09-23T01:59:33Z
C_hit,orig,2f_top14,async,128,5,0,0.00,100.00,602.37,305.92,227.53,78.39,,,908.29,680.76,1.69,35.00,66.00,1.09,43010128,2026-09-23T01:59:34Z
C_hit,orig,2f_top14,async_win,128,5,0,0.00,100.00,524.37,298.34,224.57,13.38,60.38,6.00,822.71,537.75,1.66,35.00,66.00,1.09,43010632,2026-09-23T01:59:34Z
C_hit,orig,2f_top14,async_bulk,128,5,0,0.00,100.00,622.79,300.95,225.07,14.72,61.16,6.00,923.74,637.51,1.69,35.00,66.00,1.09,43011028,2026-09-23T01:59:34Z
C_hit,orig,2f_top28,pread,128,5,0,0.00,100.00,502.27,1105.95,227.93,878.02,,,1608.22,1380.29,1.68,33.00,67.00,1.09,43011388,2026-09-23T01:59:34Z
C_hit,orig,2f_top28,async,128,5,0,0.00,100.00,555.48,323.42,227.84,95.58,,,878.90,651.06,1.67,35.00,66.00,1.09,43011460,2026-09-23T01:59:35Z
C_hit,orig,2f_top28,async_win,128,5,0,0.00,100.00,503.56,309.20,224.55,24.00,60.65,8.00,812.76,527.56,1.68,35.00,66.00,1.09,43011228,2026-09-23T01:59:35Z
C_hit,orig,2f_top28,async_bulk,128,5,0,0.00,100.00,510.37,317.33,230.09,25.06,62.18,8.00,827.70,535.43,1.66,35.00,66.00,1.09,43010660,2026-09-23T01:59:35Z
C_hit,orig,2f_top100,pread,128,5,0,0.00,100.00,178.03,1399.26,229.63,1169.63,,,1577.29,1347.66,1.64,28.00,67.00,1.09,43010796,2026-09-23T01:59:35Z
C_hit,orig,2f_top100,async,128,5,0,0.00,100.00,547.94,405.52,227.44,178.08,,,953.46,726.02,1.65,30.00,67.00,1.09,43011040,2026-09-23T01:59:36Z
C_hit,orig,2f_top100,async_win,128,5,0,0.00,100.00,519.70,356.98,224.39,68.24,64.35,28.00,876.68,587.94,1.64,30.00,67.00,1.09,43010736,2026-09-23T01:59:36Z
C_hit,orig,2f_top100,async_bulk,128,5,0,0.00,100.00,582.97,366.11,229.79,70.72,65.59,28.00,949.08,653.69,1.66,30.00,67.00,1.09,43011232,2026-09-23T01:59:36Z
C_hit,orig,2f_top500,pread,128,5,0,0.00,100.00,179.16,3408.64,227.77,3180.87,,,3587.80,3360.03,1.55,8.00,65.00,1.09,43012892,2026-09-23T01:59:36Z
C_hit,orig,2f_top500,async,128,5,0,0.00,44.40,181.49,865.83,226.98,638.85,,,1047.32,820.34,1.58,9.00,65.00,1.09,43011440,2026-09-23T01:59:37Z
C_hit,orig,2f_top500,async_win,128,5,0,0.00,32.80,176.70,647.70,228.21,329.60,89.89,138.00,824.40,506.30,1.58,9.00,65.00,1.09,43010852,2026-09-23T01:59:37Z
C_hit,orig,2f_top500,async_bulk,128,5,0,0.00,100.00,216.56,654.67,226.62,338.12,89.93,138.00,871.23,554.68,1.58,9.00,65.00,1.09,43011768,2026-09-23T01:59:37Z
C_hit,orig,2f_slru,pread,128,5,0,0.00,100.00,93.17,4667.61,225.42,4442.19,,,4760.78,4535.36,1.53,0.00,62.00,1.08,43013516,2026-09-23T01:59:37Z
C_hit,orig,2f_slru,async,128,5,0,0.00,100.00,91.02,1638.09,224.30,1413.79,,,1729.11,1504.81,1.55,0.00,62.00,1.08,43013544,2026-09-23T01:59:38Z
C_hit,orig,2f_slru,async_win,128,5,0,0.00,100.00,92.97,803.22,227.36,413.15,162.72,29.00,896.19,506.12,1.55,0.00,62.00,1.08,42996028,2026-09-23T01:59:38Z
C_hit,orig,2f_slru,async_bulk,128,5,0,0.00,7.00,714.87,434.76,229.28,42.40,163.08,2.00,1149.63,757.27,1.66,35.00,63.00,1.08,42996284,2026-09-23T01:59:38Z
C_hit,orig,leaf_freq_K10,pread,128,5,0,0.00,100.00,653.54,808.06,225.56,582.50,,,1461.60,1236.04,1.68,35.00,64.00,1.08,42997888,2026-09-23T01:59:39Z
C_hit,orig,leaf_freq_K10,async,128,5,0,0.00,100.00,868.04,299.60,226.50,73.11,,,1167.64,941.15,1.66,36.00,64.00,1.08,42997424,2026-09-23T01:59:39Z
C_hit,orig,leaf_freq_K10,async_win,128,5,0,0.00,100.00,799.02,292.81,222.96,9.74,60.11,3.00,1091.83,808.76,1.68,36.00,64.00,1.08,43010452,2026-09-23T01:59:39Z
C_hit,orig,leaf_freq_K10,async_bulk,128,5,0,0.00,100.00,819.15,296.11,225.74,10.54,59.82,3.00,1115.26,829.69,1.68,36.00,64.00,1.08,43010300,2026-09-23T01:59:39Z
C_hit,orig,leaf_rand_K10,pread,128,5,0,0.00,100.00,942.75,1063.80,229.43,834.37,,,2006.55,1777.12,1.66,36.00,64.00,1.08,43012188,2026-09-23T01:59:40Z
C_hit,orig,leaf_rand_K10,async,128,5,0,0.00,100.00,942.04,301.34,226.47,74.86,,,1243.38,1016.90,1.68,36.00,64.00,1.08,43012360,2026-09-23T01:59:40Z
C_hit,orig,leaf_rand_K10,async_win,128,5,0,0.00,100.00,907.18,304.51,224.37,18.41,61.73,10.00,1211.69,925.59,1.64,36.00,64.00,1.08,43012312,2026-09-23T01:59:40Z
C_hit,orig,leaf_rand_K10,async_bulk,128,5,0,0.00,100.00,947.41,303.67,227.64,15.06,60.98,10.00,1251.08,962.47,1.67,36.00,64.00,1.08,43013020,2026-09-23T01:59:40Z
C_hit,orig,learned_markov_14,pread,128,5,0,0.00,100.00,594.33,1098.79,228.38,870.41,,,1693.12,1464.74,1.67,34.00,67.00,1.08,43013588,2026-09-23T01:59:41Z
C_hit,orig,learned_markov_14,async,128,5,0,0.00,100.00,599.43,307.31,227.62,79.69,,,906.74,679.12,1.66,35.00,66.00,1.08,43014132,2026-09-23T01:59:41Z
C_hit,orig,learned_markov_14,async_win,128,5,0,0.00,100.00,592.87,312.89,237.31,14.92,60.66,6.00,905.76,607.79,1.68,35.00,66.00,1.08,43014612,2026-09-23T01:59:41Z
C_hit,orig,learned_markov_14,async_bulk,128,5,0,0.00,100.00,569.95,304.76,227.75,15.96,61.05,6.00,874.71,585.91,1.68,35.00,66.00,1.08,43014636,2026-09-23T01:59:41Z
C_hit,orig,learned_markov_28,pread,128,5,0,0.00,100.00,659.44,1155.02,229.98,925.04,,,1814.46,1584.48,1.68,33.00,67.00,1.08,43013244,2026-09-23T01:59:42Z
C_hit,orig,learned_markov_28,async,128,5,0,0.00,100.00,586.30,321.88,226.72,95.17,,,908.18,681.47,1.68,35.00,66.00,1.08,43015812,2026-09-23T01:59:42Z
C_hit,orig,learned_markov_28,async_win,128,5,0,0.00,100.00,534.22,317.38,229.52,25.94,61.92,8.00,851.60,560.16,1.66,35.00,66.00,1.08,43015464,2026-09-23T01:59:42Z
C_hit,orig,learned_markov_28,async_bulk,128,5,0,0.00,100.00,513.25,311.50,225.77,23.11,62.61,8.00,824.75,536.36,1.66,35.00,66.00,1.07,43016784,2026-09-23T01:59:42Z
A,orig,baseline,baseline,128,6,0,0.00,0.00,498.83,0.00,0.00,0.00,,,498.83,498.83,2.14,180.00,270.00,1.07,43016632,2026-09-23T01:59:43Z
B,orig,baseline,baseline,128,6,0,0.00,0.00,726.56,0.00,0.00,0.00,,,726.56,726.56,2.14,181.00,273.00,1.07,43015336,2026-09-23T01:59:43Z
C,orig,baseline,baseline,128,6,0,0.00,0.00,997.40,0.00,0.00,0.00,,,997.40,997.40,1.59,24.00,25.00,1.07,43017484,2026-09-23T01:59:43Z
C_hit,orig,baseline,baseline,128,6,0,0.00,0.00,964.52,0.00,0.00,0.00,,,964.52,964.52,1.67,36.00,64.00,1.07,43017788,2026-09-23T01:59:44Z
A,orig,layers_5,pread,128,6,0,0.00,100.00,177.70,634.84,194.66,440.19,,,812.54,617.89,2.16,180.00,271.00,1.07,43018792,2026-09-23T01:59:44Z
A,orig,layers_5,async,128,6,0,0.00,100.00,355.17,265.09,195.26,69.83,,,620.26,425.00,2.15,180.00,271.00,1.07,43009348,2026-09-23T01:59:44Z
A,orig,layers_5,async_win,128,6,0,0.00,100.00,390.57,264.86,195.26,7.67,61.93,2.00,655.43,398.24,2.15,180.00,271.00,1.07,43009132,2026-09-23T01:59:45Z
A,orig,layers_5,async_bulk,128,6,0,0.00,100.00,352.72,263.40,195.06,7.24,61.09,2.00,616.12,359.96,2.11,180.00,271.00,1.07,43010080,2026-09-23T01:59:45Z
A,orig,layers_92,pread,128,6,0,0.00,100.00,180.31,8183.55,194.22,7989.32,,,8363.86,8169.63,2.13,177.00,286.00,1.07,43010076,2026-09-23T01:59:45Z
A,orig,layers_92,async,128,6,0,0.00,100.00,356.20,388.74,197.13,191.61,,,744.94,547.81,2.15,178.00,283.00,1.07,43009600,2026-09-23T01:59:46Z
A,orig,layers_92,async_win,128,6,0,0.00,100.00,357.05,371.45,189.90,115.70,65.85,87.00,728.50,472.75,2.14,178.00,283.00,1.07,43010176,2026-09-23T01:59:46Z
A,orig,layers_92,async_bulk,128,6,0,0.00,100.00,356.41,366.87,195.35,105.40,66.12,87.00,723.28,461.81,2.13,178.00,283.00,1.07,43009576,2026-09-23T01:59:46Z
A,orig,2d,pread,128,6,0,0.00,100.00,180.17,1936.67,233.82,1702.85,,,2116.84,1883.02,2.11,177.00,286.00,1.07,43009584,2026-09-23T01:59:46Z
A,orig,2d,async,128,6,0,0.00,100.00,330.21,316.00,232.26,83.74,,,646.21,413.95,2.12,178.00,283.00,1.07,43010928,2026-09-23T01:59:47Z
A,orig,2d,async_win,128,6,0,0.00,100.00,327.32,317.39,231.70,23.77,61.93,13.00,644.71,351.09,2.13,178.00,283.00,1.07,43011428,2026-09-23T01:59:47Z
A,orig,2d,async_bulk,128,6,0,0.00,100.00,366.87,314.75,234.46,22.95,57.34,13.00,681.62,389.82,2.09,178.00,283.00,1.07,43011988,2026-09-23T01:59:47Z
A,orig,2e_K10,pread,128,6,0,0.00,100.00,179.83,2754.34,232.41,2521.93,,,2934.17,2701.76,2.18,181.00,287.00,1.07,43011840,2026-09-23T01:59:48Z
A,orig,2e_K10,async,128,6,0,0.00,100.00,355.28,329.70,233.20,96.50,,,684.98,451.78,2.13,181.00,287.00,1.07,43012308,2026-09-23T01:59:48Z
A,orig,2e_K10,async_win,128,6,0,0.00,100.00,360.34,326.17,232.46,31.59,62.13,22.00,686.51,391.93,2.16,181.00,287.00,1.07,43012828,2026-09-23T01:59:48Z
A,orig,2e_K10,async_bulk,128,6,0,0.00,100.00,329.13,324.41,231.98,30.89,61.55,22.00,653.54,360.02,2.12,181.00,287.00,1.07,42995444,2026-09-23T01:59:49Z
A,orig,2e_K500,pread,128,6,0,0.00,100.00,184.24,21580.47,232.93,21347.54,,,21764.71,21531.78,2.04,169.00,428.00,1.07,42996644,2026-09-23T01:59:49Z
A,orig,2e_K500,async,128,6,0,0.00,100.00,183.31,1116.36,232.31,884.05,,,1299.67,1067.36,2.09,181.00,406.00,1.07,42996544,2026-09-23T01:59:49Z
A,orig,2e_K500,async_win,128,6,0,0.00,100.00,182.23,1081.45,232.79,718.96,129.70,492.00,1263.68,901.19,2.08,181.00,407.00,1.07,42998196,2026-09-23T01:59:50Z
A,orig,2e_K500,async_bulk,128,6,0,0.00,100.00,179.36,1076.09,233.51,713.13,129.45,492.00,1255.45,892.49,2.08,181.00,408.00,1.07,42998628,2026-09-23T01:59:50Z
A,orig,2f_top14,pread,128,6,0,0.00,100.00,382.95,1506.96,230.64,1276.32,,,1889.91,1659.27,2.13,182.00,281.00,1.07,42998820,2026-09-23T01:59:50Z
A,orig,2f_top14,async,128,6,0,0.00,100.00,403.20,312.79,231.83,80.96,,,715.99,484.16,2.11,182.00,281.00,1.07,43000292,2026-09-23T01:59:50Z
A,orig,2f_top14,async_win,128,6,0,0.00,100.00,387.87,316.04,232.05,21.87,62.12,13.00,703.91,409.74,2.17,182.00,281.00,1.07,43000012,2026-09-23T01:59:51Z
A,orig,2f_top14,async_bulk,128,6,0,0.00,100.00,355.60,312.15,232.00,18.73,61.42,13.00,667.75,374.33,2.11,182.00,281.00,1.07,43000364,2026-09-23T01:59:51Z
A,orig,2f_top28,pread,128,6,0,0.00,100.00,374.01,2639.12,232.92,2406.20,,,3013.13,2780.21,2.11,183.00,288.00,1.07,43001148,2026-09-23T01:59:51Z
A,orig,2f_top28,async,128,6,0,0.00,100.00,375.42,332.08,233.06,99.03,,,707.50,474.45,2.15,183.00,288.00,1.07,43000812,2026-09-23T01:59:52Z
A,orig,2f_top28,async_win,128,6,0,0.00,100.00,362.72,330.57,230.40,38.05,62.12,27.00,693.29,400.77,2.10,183.00,288.00,1.07,43001192,2026-09-23T01:59:52Z
A,orig,2f_top28,async_bulk,128,6,0,0.00,100.00,328.26,333.01,231.71,38.12,63.18,27.00,661.27,366.38,2.14,183.00,288.00,1.07,43002224,2026-09-23T01:59:52Z
A,orig,2f_top100,pread,128,6,0,0.00,100.00,240.76,8775.57,227.17,8548.40,,,9016.33,8789.16,2.10,183.00,324.00,1.06,43002096,2026-09-23T01:59:53Z
A,orig,2f_top100,async,128,6,0,0.00,100.00,243.84,426.69,226.19,200.51,,,670.53,444.35,2.13,183.00,324.00,1.06,43002796,2026-09-23T01:59:53Z
A,orig,2f_top100,async_win,128,6,0,0.00,100.00,246.25,412.89,225.32,121.56,66.00,99.00,659.14,367.81,2.18,183.00,324.00,1.06,43003444,2026-09-23T01:59:53Z
A,orig,2f_top100,async_bulk,128,6,0,0.00,100.00,246.22,413.59,227.70,120.00,65.89,99.00,659.81,366.22,2.17,183.00,325.00,1.06,43003716,2026-09-23T01:59:54Z
A,orig,2f_top500,pread,128,6,0,0.00,100.00,183.56,20400.22,226.44,20173.79,,,20583.78,20357.35,2.09,172.00,428.00,1.06,42978652,2026-09-23T01:59:54Z
A,orig,2f_top500,async,128,6,0,0.00,100.00,181.70,1049.28,235.94,813.34,,,1230.98,995.04,2.09,179.00,413.00,1.06,42987024,2026-09-23T01:59:54Z
A,orig,2f_top500,async_win,128,6,0,0.00,100.00,181.24,1012.87,226.80,697.45,88.63,481.00,1194.11,878.69,2.07,179.00,415.00,1.06,42988204,2026-09-23T01:59:55Z
A,orig,2f_top500,async_bulk,128,6,0,0.00,100.00,182.16,1016.77,227.10,700.26,89.42,481.00,1198.93,882.42,2.10,179.00,413.00,1.06,42988180,2026-09-23T01:59:55Z
A,orig,2f_slru,pread,128,6,0,0.00,100.00,98.62,18184.11,228.52,17955.59,,,18282.73,18054.21,1.54,0.00,278.00,1.06,42992272,2026-09-23T01:59:55Z
A,orig,2f_slru,async,128,6,0,0.00,100.00,97.96,7347.69,228.12,7119.57,,,7445.65,7217.53,1.58,0.00,278.00,1.06,42989444,2026-09-23T01:59:55Z
A,orig,2f_slru,async_win,128,6,0,0.00,82.60,96.85,2538.87,227.19,1917.51,394.18,138.00,2635.72,2014.36,1.58,0.00,278.00,1.06,42989876,2026-09-23T01:59:56Z
A,orig,2f_slru,async_bulk,128,6,0,0.00,1.40,389.54,705.89,229.75,79.47,396.67,2.00,1095.43,469.01,2.16,178.00,269.00,1.06,42991876,2026-09-23T01:59:56Z
A,orig,leaf_freq_K10,pread,128,6,0,0.00,100.00,483.54,1148.77,228.61,920.16,,,1632.31,1403.70,2.14,183.00,274.00,1.06,42991748,2026-09-23T01:59:56Z
A,orig,leaf_freq_K10,async,128,6,0,0.00,100.00,486.10,303.66,228.92,74.74,,,789.76,560.84,2.14,183.00,274.00,1.06,42992240,2026-09-23T01:59:57Z
A,orig,leaf_freq_K10,async_win,128,6,0,0.00,100.00,484.55,305.80,229.22,14.31,62.27,10.00,790.35,498.86,2.15,183.00,274.00,1.06,42992128,2026-09-23T01:59:57Z
A,orig,leaf_freq_K10,async_bulk,128,6,0,0.00,100.00,486.32,304.39,228.69,14.17,61.54,10.00,790.71,500.49,2.16,183.00,274.00,1.06,42991804,2026-09-23T01:59:57Z
A,orig,leaf_rand_K10,pread,128,6,0,0.00,100.00,483.19,1092.36,228.07,864.29,,,1575.55,1347.48,2.16,180.00,270.00,1.06,42992844,2026-09-23T01:59:58Z
A,orig,leaf_rand_K10,async,128,6,0,0.00,100.00,490.03,302.77,227.06,75.71,,,792.80,565.74,2.13,180.00,270.00,1.06,42992552,2026-09-23T01:59:58Z
A,orig,leaf_rand_K10,async_win,128,6,0,0.00,100.00,487.41,303.10,227.93,13.98,61.20,10.00,790.51,501.39,2.13,180.00,270.00,1.06,42992584,2026-09-23T01:59:58Z
A,orig,leaf_rand_K10,async_bulk,128,6,0,0.00,100.00,486.83,304.75,228.28,14.71,61.77,10.00,791.58,501.54,2.16,180.00,270.00,1.06,42993004,2026-09-23T01:59:58Z
A,orig,learned_markov_14,pread,128,6,0,0.00,100.00,354.94,1474.40,228.64,1245.76,,,1829.34,1600.70,2.14,178.00,282.00,1.06,42993700,2026-09-23T01:59:59Z
A,orig,learned_markov_14,async,128,6,0,0.00,100.00,357.97,307.03,228.71,78.32,,,665.00,436.29,2.14,178.00,282.00,1.06,43013604,2026-09-23T01:59:59Z
A,orig,learned_markov_14,async_win,128,6,0,0.00,100.00,391.20,428.24,339.52,26.81,61.91,13.00,819.44,418.01,2.10,178.00,282.00,1.06,42993676,2026-09-23T01:59:59Z
A,orig,learned_markov_14,async_bulk,128,6,0,0.00,100.00,403.26,308.93,227.50,19.50,61.94,13.00,712.19,422.76,2.11,178.00,283.00,1.06,42992764,2026-09-23T02:00:00Z
A,orig,learned_markov_28,pread,128,6,0,0.00,100.00,403.27,2764.15,227.25,2536.90,,,3167.42,2940.17,2.09,178.00,286.00,1.06,42993864,2026-09-23T02:00:00Z
A,orig,learned_markov_28,async,128,6,0,0.00,100.00,404.09,323.69,222.86,100.83,,,727.78,504.92,2.12,178.00,287.00,1.06,42994484,2026-09-23T02:00:00Z
A,orig,learned_markov_28,async_win,128,6,0,0.00,100.00,354.60,324.45,228.65,33.02,62.78,26.00,679.05,387.62,2.12,178.00,287.00,1.06,42993304,2026-09-23T02:00:01Z
A,orig,learned_markov_28,async_bulk,128,6,0,0.00,100.00,358.19,328.84,230.16,36.64,62.04,26.00,687.03,394.83,2.14,178.00,286.00,1.06,42970328,2026-09-23T02:00:01Z
B,orig,layers_5,pread,128,6,0,0.00,100.00,412.69,664.34,228.98,435.36,,,1077.03,848.05,2.19,181.00,273.00,1.06,42972420,2026-09-23T02:00:01Z
B,orig,layers_5,async,128,6,0,0.00,100.00,411.98,296.89,228.62,68.27,,,708.87,480.25,2.19,182.00,272.00,1.06,42972892,2026-09-23T02:00:02Z
B,orig,layers_5,async_win,128,6,0,0.00,100.00,412.56,295.96,227.57,6.86,61.52,2.00,708.52,419.42,2.20,182.00,272.00,1.06,42973720,2026-09-23T02:00:02Z
B,orig,layers_5,async_bulk,128,6,0,0.00,100.00,411.01,295.50,227.48,6.83,61.20,2.00,706.51,417.84,2.20,182.00,272.00,1.06,42973624,2026-09-23T02:00:02Z
B,orig,layers_92,pread,128,6,0,0.00,100.00,413.62,8235.90,230.67,8005.23,,,8649.52,8418.85,2.21,180.00,280.00,1.05,42974096,2026-09-23T02:00:03Z
B,orig,layers_92,async,128,6,0,0.00,100.00,416.53,425.83,228.96,196.87,,,842.36,613.40,2.19,181.00,278.00,1.05,42975480,2026-09-23T02:00:03Z
B,orig,layers_92,async_win,128,6,0,0.00,100.00,410.29,409.98,227.83,115.89,66.27,87.00,820.27,526.18,2.18,181.00,278.00,1.05,42977068,2026-09-23T02:00:03Z
B,orig,layers_92,async_bulk,128,6,0,0.00,100.00,411.81,412.25,229.57,116.19,66.48,87.00,824.06,528.00,2.17,181.00,278.00,1.05,42977860,2026-09-23T02:00:04Z
B,orig,2d,pread,128,6,0,0.00,100.00,407.98,1970.18,228.04,1742.14,,,2378.16,2150.12,2.20,180.00,281.00,1.05,42976872,2026-09-23T02:00:04Z
B,orig,2d,async,128,6,0,0.00,100.00,410.20,316.25,228.68,87.58,,,726.45,497.78,2.20,181.00,278.00,1.05,42977304,2026-09-23T02:00:04Z
B,orig,2d,async_win,128,6,0,0.00,100.00,399.19,316.80,231.47,22.41,62.92,13.00,715.99,421.60,2.25,181.00,278.00,1.05,42964256,2026-09-23T02:00:04Z
B,orig,2d,async_bulk,128,6,0,0.00,100.00,398.76,311.71,228.29,21.61,61.81,13.00,710.47,420.37,2.17,181.00,278.00,1.05,42973220,2026-09-23T02:00:05Z
B,orig,2e_K10,pread,128,6,0,0.00,100.00,417.12,2920.00,229.67,2690.33,,,3337.12,3107.45,2.18,180.00,284.00,1.05,42973812,2026-09-23T02:00:05Z
B,orig,2e_K10,async,128,6,0,0.00,100.00,413.75,330.18,229.48,100.70,,,743.93,514.45,2.20,181.00,281.00,1.05,42975760,2026-09-23T02:00:05Z
B,orig,2e_K10,async_win,128,6,0,0.00,100.00,412.20,323.61,227.50,34.03,62.08,23.00,735.81,446.23,2.22,181.00,281.00,1.05,42976144,2026-09-23T02:00:06Z
B,orig,2e_K10,async_bulk,128,6,0,0.00,100.00,408.35,323.20,228.46,32.83,61.91,23.00,731.55,441.18,2.20,181.00,281.00,1.05,42976972,2026-09-23T02:00:06Z
B,orig,2e_K500,pread,128,6,0,0.00,100.00,407.40,19097.90,233.69,18864.22,,,19505.30,19271.62,2.14,166.00,382.00,1.05,42977736,2026-09-23T02:00:06Z
B,orig,2e_K500,async,128,6,0,0.00,100.00,451.45,1080.44,228.50,851.94,,,1531.89,1303.39,2.18,186.00,324.00,1.05,42979044,2026-09-23T02:00:07Z
B,orig,2e_K500,async_win,128,6,0,0.00,100.00,454.61,985.06,225.81,669.59,89.67,460.00,1439.67,1124.20,2.13,186.00,323.00,1.05,42978884,2026-09-23T02:00:07Z
B,orig,2e_K500,async_bulk,128,6,0,0.00,100.00,397.07,995.02,227.03,678.06,89.93,460.00,1392.09,1075.13,2.16,186.00,323.00,1.05,42981732,2026-09-23T02:00:07Z
B,orig,2f_top14,pread,128,6,0,0.00,100.00,404.02,1418.02,232.62,1185.40,,,1822.04,1589.42,2.18,181.00,277.00,1.05,42981552,2026-09-23T02:00:08Z
B,orig,2f_top14,async,128,6,0,0.00,100.00,409.83,306.59,227.92,78.67,,,716.42,488.50,2.18,181.00,277.00,1.05,42981616,2026-09-23T02:00:08Z
B,orig,2f_top14,async_win,128,6,0,0.00,100.00,407.50,309.28,229.68,18.70,60.91,13.00,716.78,426.20,2.21,181.00,277.00,1.05,42983900,2026-09-23T02:00:08Z
B,orig,2f_top14,async_bulk,128,6,0,0.00,100.00,419.76,309.31,230.23,18.15,60.92,13.00,729.07,437.91,2.21,181.00,277.00,1.05,42984708,2026-09-23T02:00:09Z
B,orig,2f_top28,pread,128,6,0,0.00,100.00,409.58,2677.24,228.92,2448.32,,,3086.82,2857.90,2.18,181.00,280.00,1.05,42984424,2026-09-23T02:00:09Z
B,orig,2f_top28,async,128,6,0,0.00,100.00,410.04,323.62,226.92,96.70,,,733.66,506.74,2.19,181.00,279.00,1.05,42985604,2026-09-23T02:00:09Z
B,orig,2f_top28,async_win,128,6,0,0.00,100.00,406.96,326.66,228.20,35.58,62.89,27.00,733.62,442.54,2.20,181.00,280.00,1.05,42986120,2026-09-23T02:00:10Z
B,orig,2f_top28,async_bulk,128,6,0,0.00,100.00,404.04,321.18,226.99,33.03,61.16,27.00,725.22,437.07,2.23,181.00,279.00,1.05,42966668,2026-09-23T02:00:10Z
B,orig,2f_top100,pread,128,6,0,0.00,100.00,418.07,8998.16,227.54,8770.62,,,9416.23,9188.69,2.18,184.00,297.00,1.05,42967740,2026-09-23T02:00:10Z
B,orig,2f_top100,async,128,6,0,0.00,100.00,412.58,420.19,231.87,188.32,,,832.77,600.90,2.18,185.00,293.00,1.05,42968680,2026-09-23T02:00:11Z
B,orig,2f_top100,async_win,128,6,0,0.00,100.00,403.03,407.17,226.09,116.47,64.60,95.00,810.20,519.50,2.17,185.00,293.00,1.05,42968796,2026-09-23T02:00:11Z
B,orig,2f_top100,async_bulk,128,6,0,0.00,100.00,415.95,413.81,229.54,119.01,65.25,95.00,829.76,534.96,2.18,185.00,293.00,1.05,42969548,2026-09-23T02:00:11Z
B,orig,2f_top500,pread,128,6,0,0.00,100.00,453.45,18752.05,225.94,18526.11,,,19205.50,18979.56,2.10,172.00,378.00,1.05,42970956,2026-09-23T02:00:11Z
B,orig,2f_top500,async,128,6,0,0.00,100.00,400.03,1060.59,236.36,824.23,,,1460.62,1224.26,2.17,186.00,327.00,1.05,42971308,2026-09-23T02:00:12Z
B,orig,2f_top500,async_win,128,6,0,0.00,100.00,452.14,983.14,226.40,667.98,88.77,449.00,1435.28,1120.12,2.15,186.00,328.00,1.05,42972276,2026-09-23T02:00:12Z
B,orig,2f_top500,async_bulk,128,6,0,0.00,100.00,414.10,983.30,230.14,665.28,87.88,449.00,1397.40,1079.38,2.15,186.00,328.00,1.04,42974608,2026-09-23T02:00:12Z
B,orig,2f_slru,pread,128,6,0,0.00,100.00,89.62,19273.26,229.71,19043.55,,,19362.88,19133.17,1.57,0.00,278.00,1.04,42973048,2026-09-23T02:00:13Z
B,orig,2f_slru,async,128,6,0,0.00,100.00,96.38,7232.07,227.49,7004.58,,,7328.45,7100.96,1.63,0.00,278.00,1.04,42973188,2026-09-23T02:00:13Z
B,orig,2f_slru,async_win,128,6,0,0.00,76.00,97.84,2504.88,231.67,1950.12,323.10,139.00,2602.72,2047.96,1.62,0.00,278.00,1.04,42973164,2026-09-23T02:00:13Z
B,orig,2f_slru,async_bulk,128,6,0,0.00,1.40,618.59,623.65,227.65,78.80,317.21,2.00,1242.24,697.39,2.16,180.00,271.00,1.04,42976276,2026-09-23T02:00:14Z
B,orig,leaf_freq_K10,pread,128,6,0,0.00,100.00,731.07,1094.76,228.69,866.07,,,1825.83,1597.14,2.20,181.00,276.00,1.04,42975888,2026-09-23T02:00:14Z
B,orig,leaf_freq_K10,async,128,6,0,0.00,100.00,722.93,302.00,228.38,73.62,,,1024.93,796.55,2.18,181.00,275.00,1.04,42978484,2026-09-23T02:00:14Z
B,orig,leaf_freq_K10,async_win,128,6,0,0.00,100.00,724.32,302.10,226.15,14.70,61.26,10.00,1026.42,739.02,2.21,181.00,276.00,1.04,42980136,2026-09-23T02:00:15Z
B,orig,leaf_freq_K10,async_bulk,128,6,0,0.00,100.00,660.40,310.18,235.07,14.39,60.72,10.00,970.58,674.79,2.20,181.00,276.00,1.04,42980512,2026-09-23T02:00:15Z
B,orig,leaf_rand_K10,pread,128,6,0,0.00,100.00,709.53,1135.85,222.37,913.48,,,1845.38,1623.01,2.16,181.00,276.00,1.04,42983380,2026-09-23T02:00:15Z
B,orig,leaf_rand_K10,async,128,6,0,0.00,100.00,724.61,307.10,229.67,77.43,,,1031.71,802.04,2.22,181.00,276.00,1.04,42987920,2026-09-23T02:00:15Z
B,orig,leaf_rand_K10,async_win,128,6,0,0.00,100.00,720.70,302.53,226.51,14.94,61.09,10.00,1023.23,735.64,2.19,181.00,276.00,1.04,42987816,2026-09-23T02:00:16Z
B,orig,leaf_rand_K10,async_bulk,128,6,0,0.00,100.00,725.71,305.95,228.74,16.29,60.92,10.00,1031.66,742.00,2.16,181.00,276.00,1.04,42988644,2026-09-23T02:00:16Z
B,orig,learned_markov_14,pread,128,6,0,0.00,100.00,404.33,1474.71,227.56,1247.15,,,1879.04,1651.48,2.21,181.00,278.00,1.04,42991328,2026-09-23T02:00:16Z
B,orig,learned_markov_14,async,128,6,0,0.00,100.00,398.22,308.67,227.49,81.18,,,706.89,479.40,2.12,181.00,278.00,1.04,42989292,2026-09-23T02:00:17Z
B,orig,learned_markov_14,async_win,128,6,0,0.00,100.00,399.86,313.07,233.08,18.39,61.60,13.00,712.93,418.25,2.20,181.00,278.00,1.04,42989744,2026-09-23T02:00:17Z
B,orig,learned_markov_14,async_bulk,128,6,0,0.00,100.00,407.89,313.05,229.83,21.61,61.60,13.00,720.94,429.50,2.21,181.00,278.00,1.04,42991384,2026-09-23T02:00:17Z
B,orig,learned_markov_28,pread,128,6,0,0.00,100.00,405.28,2609.14,229.86,2379.27,,,3014.42,2784.55,2.19,180.00,281.00,1.04,42991412,2026-09-23T02:00:18Z
B,orig,learned_markov_28,async,128,6,0,0.00,100.00,415.75,326.55,228.70,97.85,,,742.30,513.60,2.20,180.00,281.00,1.04,42991904,2026-09-23T02:00:18Z
B,orig,learned_markov_28,async_win,128,6,0,0.00,100.00,414.50,329.25,228.62,37.89,62.74,27.00,743.75,452.39,2.20,180.00,281.00,1.04,42991276,2026-09-23T02:00:18Z
B,orig,learned_markov_28,async_bulk,128,6,0,0.00,100.00,413.32,328.05,229.45,36.53,62.07,27.00,741.37,449.85,2.19,180.00,281.00,1.04,42993528,2026-09-23T02:00:19Z
C,orig,layers_5,pread,128,6,0,0.00,100.00,1034.19,671.32,228.43,442.89,,,1705.51,1477.08,1.61,24.00,25.00,1.04,42994100,2026-09-23T02:00:19Z
C,orig,layers_5,async,128,6,0,0.00,100.00,1005.38,295.26,226.12,69.15,,,1300.64,1074.53,1.59,24.00,25.00,1.04,42994160,2026-09-23T02:00:19Z
C,orig,layers_5,async_win,128,6,0,0.00,100.00,1035.33,296.30,228.51,7.09,60.69,2.00,1331.63,1042.42,1.61,24.00,25.00,1.04,42995476,2026-09-23T02:00:19Z
C,orig,layers_5,async_bulk,128,6,0,0.00,100.00,1035.51,294.16,226.81,6.83,60.52,2.00,1329.67,1042.34,1.62,24.00,25.00,1.04,43010008,2026-09-23T02:00:20Z
C,orig,layers_92,pread,128,6,0,0.00,100.00,654.30,8094.08,182.21,7911.86,,,8748.38,8566.16,1.59,24.00,25.00,1.04,43008968,2026-09-23T02:00:20Z
C,orig,layers_92,async,128,6,0,0.00,100.00,650.82,373.77,177.74,196.03,,,1024.59,846.85,1.60,24.00,25.00,1.04,42996404,2026-09-23T02:00:20Z
C,orig,layers_92,async_win,128,6,0,0.00,100.00,657.18,364.45,182.97,117.98,63.50,87.00,1021.63,775.16,1.60,24.00,25.00,1.04,43018724,2026-09-23T02:00:20Z
C,orig,layers_92,async_bulk,128,6,0,0.00,100.00,648.39,358.35,184.85,109.58,63.93,87.00,1006.74,757.97,1.60,24.00,25.00,1.04,43018048,2026-09-23T02:00:21Z
C,orig,2d,pread,128,6,0,0.00,100.00,592.63,543.11,184.70,358.41,,,1135.74,951.04,1.59,24.00,25.00,1.04,43016960,2026-09-23T02:00:21Z
C,orig,2d,async,128,6,0,0.00,100.00,653.49,247.12,181.57,65.55,,,900.61,719.04,1.59,24.00,25.00,1.04,43018428,2026-09-23T02:00:21Z
C,orig,2d,async_win,128,6,0,0.00,100.00,648.65,251.31,183.21,7.53,60.56,2.00,899.96,656.18,1.60,24.00,25.00,1.04,43019368,2026-09-23T02:00:21Z
C,orig,2d,async_bulk,128,6,0,0.00,100.00,649.98,250.68,183.78,6.50,60.40,2.00,900.66,656.48,1.59,24.00,25.00,1.04,43018948,2026-09-23T02:00:22Z
C,orig,2e_K10,pread,128,6,0,0.00,100.00,174.74,1401.43,183.53,1217.91,,,1576.17,1392.65,1.59,22.00,28.00,1.04,43017800,2026-09-23T02:00:22Z
C,orig,2e_K10,async,128,6,0,0.00,100.00,175.14,258.78,181.47,77.31,,,433.92,252.45,1.60,22.00,27.00,1.04,43018896,2026-09-23T02:00:22Z
C,orig,2e_K10,async_win,128,6,0,0.00,100.00,174.08,255.67,180.61,15.33,59.73,8.00,429.75,189.41,1.59,22.00,27.00,1.04,43018484,2026-09-23T02:00:22Z
C,orig,2e_K10,async_bulk,128,6,0,0.00,100.00,174.89,258.49,183.09,15.27,60.12,8.00,433.38,190.16,1.59,22.00,27.00,1.04,43019072,2026-09-23T02:00:23Z
C,orig,2e_K500,pread,128,6,0,0.00,100.00,175.36,2422.21,183.26,2238.95,,,2597.57,2414.31,1.52,0.00,37.00,1.04,43019672,2026-09-23T02:00:23Z
C,orig,2e_K500,async,128,6,0,0.00,47.00,173.28,622.54,180.97,441.57,,,795.82,614.85,1.55,0.00,37.00,1.04,43018884,2026-09-23T02:00:23Z
C,orig,2e_K500,async_win,128,6,0,0.00,57.10,176.03,488.31,181.42,226.31,80.57,90.00,664.34,402.34,1.53,0.00,37.00,1.04,43020324,2026-09-23T02:00:24Z
C,orig,2e_K500,async_bulk,128,6,0,0.00,42.30,175.68,487.49,181.46,225.14,80.88,90.00,663.17,400.82,1.53,0.00,37.00,1.04,43020140,2026-09-23T02:00:24Z
C,orig,2f_top14,pread,128,6,0,0.00,100.00,172.68,1291.49,183.47,1108.01,,,1464.17,1280.69,1.59,21.00,28.00,1.04,43020604,2026-09-23T02:00:24Z
C,orig,2f_top14,async,128,6,0,0.00,100.00,174.28,262.76,183.71,79.06,,,437.04,253.34,1.60,22.00,27.00,1.04,43020104,2026-09-23T02:00:24Z
C,orig,2f_top14,async_win,128,6,0,0.00,100.00,177.19,261.02,183.25,17.22,60.54,9.00,438.21,194.41,1.61,22.00,27.00,1.04,43020852,2026-09-23T02:00:25Z
C,orig,2f_top14,async_bulk,128,6,0,0.00,100.00,175.76,259.76,181.97,16.62,61.16,9.00,435.52,192.38,1.59,22.00,27.00,1.04,43020904,2026-09-23T02:00:25Z
C,orig,2f_top28,pread,128,6,0,0.00,100.00,174.49,1287.73,182.45,1105.28,,,1462.22,1279.77,1.60,20.00,29.00,1.04,43013004,2026-09-23T02:00:25Z
C,orig,2f_top28,async,128,6,0,0.00,100.00,176.51,278.43,182.95,95.48,,,454.94,271.99,1.61,21.00,28.00,1.04,43013216,2026-09-23T02:00:25Z
C,orig,2f_top28,async_win,128,6,0,0.00,100.00,177.03,268.83,182.64,24.97,61.23,13.00,445.86,202.00,1.63,21.00,28.00,1.04,43013568,2026-09-23T02:00:26Z
C,orig,2f_top28,async_bulk,128,6,0,0.00,100.00,175.64,271.79,183.62,25.88,62.29,13.00,447.43,201.52,1.59,21.00,28.00,1.04,43010308,2026-09-23T02:00:26Z
C,orig,2f_top100,pread,128,6,0,0.00,100.00,176.05,1312.55,182.90,1129.64,,,1488.60,1305.69,1.58,14.00,30.00,1.04,43010248,2026-09-23T02:00:26Z
C,orig,2f_top100,async,128,6,0,0.00,100.00,168.03,357.48,182.86,174.62,,,525.51,342.65,1.59,17.00,30.00,1.04,43009292,2026-09-23T02:00:26Z
C,orig,2f_top100,async_win,128,6,0,0.00,68.00,175.05,318.22,181.13,71.80,65.29,32.00,493.27,246.85,1.59,17.00,30.00,1.04,43009608,2026-09-23T02:00:27Z
C,orig,2f_top100,async_bulk,128,6,0,0.00,100.00,174.83,320.32,183.30,71.64,65.38,32.00,495.15,246.47,1.58,17.00,30.00,1.04,43010400,2026-09-23T02:00:27Z
C,orig,2f_top500,pread,128,6,0,0.00,100.00,90.06,3001.79,182.64,2819.15,,,3091.85,2909.21,1.52,0.00,37.00,1.04,43009436,2026-09-23T02:00:27Z
C,orig,2f_top500,async,128,6,0,0.00,100.00,93.00,904.96,182.75,722.21,,,997.96,815.21,1.53,0.00,37.00,1.04,43009324,2026-09-23T02:00:27Z
C,orig,2f_top500,async_win,128,6,0,0.00,100.00,89.25,505.10,185.07,230.46,89.57,16.00,594.35,319.71,1.53,0.00,37.00,1.03,43009812,2026-09-23T02:00:28Z
C,orig,2f_top500,async_bulk,128,6,0,0.00,13.30,464.04,313.95,185.16,38.73,90.06,2.00,777.99,502.77,1.59,23.00,27.00,1.03,43009160,2026-09-23T02:00:28Z
C,orig,2f_slru,pread,128,6,0,0.00,100.00,88.06,2934.17,180.18,2753.99,,,3022.23,2842.05,1.54,0.00,37.00,1.03,43010292,2026-09-23T02:00:28Z
C,orig,2f_slru,async,128,6,0,0.00,100.00,90.46,905.33,191.62,713.71,,,995.79,804.17,1.54,0.00,37.00,1.03,43010412,2026-09-23T02:00:28Z
C,orig,2f_slru,async_win,128,6,0,0.00,100.00,92.15,500.93,187.36,223.92,89.65,16.00,593.08,316.07,1.55,0.00,37.00,1.03,43010752,2026-09-23T02:00:29Z
C,orig,2f_slru,async_bulk,128,6,0,0.00,13.30,464.82,316.14,187.83,38.14,90.17,2.00,780.96,502.96,1.63,23.00,27.00,1.03,43010120,2026-09-23T02:00:29Z
C,orig,leaf_freq_K10,pread,128,6,0,0.00,100.00,566.39,904.98,182.72,722.26,,,1471.37,1288.65,1.59,22.00,28.00,1.03,43010812,2026-09-23T02:00:29Z
C,orig,leaf_freq_K10,async,128,6,0,0.00,100.00,673.34,256.54,183.24,73.30,,,929.88,746.64,1.60,22.00,27.00,1.03,43010172,2026-09-23T02:00:29Z
C,orig,leaf_freq_K10,async_win,128,6,0,0.00,100.00,566.42,257.21,184.01,12.20,61.01,6.00,823.63,578.62,1.60,22.00,27.00,1.03,43011108,2026-09-23T02:00:30Z
C,orig,leaf_freq_K10,async_bulk,128,6,0,0.00,100.00,568.71,257.10,183.62,12.54,60.94,6.00,825.81,581.25,1.61,22.00,27.00,1.03,43011068,2026-09-23T02:00:30Z
C,orig,leaf_rand_K10,pread,128,6,0,0.00,100.00,1050.91,1050.45,182.08,868.37,,,2101.36,1919.28,1.63,24.00,25.00,1.03,43011428,2026-09-23T02:00:30Z
C,orig,leaf_rand_K10,async,128,6,0,0.00,100.00,984.32,259.06,182.44,76.61,,,1243.38,1060.93,1.60,24.00,25.00,1.03,43012252,2026-09-23T02:00:30Z
C,orig,leaf_rand_K10,async_win,128,6,0,0.00,100.00,988.72,259.35,182.83,15.27,61.24,10.00,1248.07,1003.99,1.62,24.00,25.00,1.03,43011736,2026-09-23T02:00:31Z
C,orig,leaf_rand_K10,async_bulk,128,6,0,0.00,100.00,1045.13,258.23,181.65,15.50,61.08,10.00,1303.36,1060.63,1.60,24.00,25.00,1.03,43012156,2026-09-23T02:00:31Z
C,orig,learned_markov_14,pread,128,6,0,0.00,100.00,172.78,1278.09,182.37,1095.72,,,1450.87,1268.50,1.58,21.00,28.00,1.03,43012676,2026-09-23T02:00:31Z
C,orig,learned_markov_14,async,128,6,0,0.00,100.00,174.16,263.12,180.24,82.88,,,437.28,257.04,1.60,22.00,27.00,1.03,42999424,2026-09-23T02:00:31Z
C,orig,learned_markov_14,async_win,128,6,0,0.00,100.00,176.88,273.63,184.56,26.91,62.17,9.00,450.51,203.79,1.61,22.00,27.00,1.03,43008880,2026-09-23T02:00:32Z
C,orig,learned_markov_14,async_bulk,128,6,0,0.00,100.00,177.78,260.38,182.81,16.59,60.98,9.00,438.16,194.37,1.61,22.00,27.00,1.03,43010084,2026-09-23T02:00:32Z
C,orig,learned_markov_28,pread,128,6,0,0.00,100.00,177.15,1221.46,184.91,1036.55,,,1398.61,1213.70,1.58,20.00,29.00,1.03,43010804,2026-09-23T02:00:32Z
C,orig,learned_markov_28,async,128,6,0,0.00,100.00,180.67,289.08,184.91,104.18,,,469.75,284.85,1.59,21.00,28.00,1.03,43011040,2026-09-23T02:00:32Z
C,orig,learned_markov_28,async_win,128,6,0,0.00,100.00,177.43,273.96,184.43,26.49,63.05,13.00,451.39,203.92,1.60,21.00,28.00,1.03,43011588,2026-09-23T02:00:33Z
C,orig,learned_markov_28,async_bulk,128,6,0,0.00,100.00,179.35,272.96,183.19,28.18,61.59,13.00,452.31,207.53,1.62,21.00,28.00,1.03,43012528,2026-09-23T02:00:33Z
C_hit,orig,layers_5,pread,128,6,0,0.00,100.00,1004.29,633.42,186.38,447.04,,,1637.71,1451.33,1.67,36.00,64.00,1.03,43011788,2026-09-23T02:00:33Z
C_hit,orig,layers_5,async,128,6,0,0.00,100.00,974.24,256.82,185.72,71.10,,,1231.06,1045.34,1.66,36.00,64.00,1.03,43012120,2026-09-23T02:00:34Z
C_hit,orig,layers_5,async_win,128,6,0,0.00,100.00,966.90,251.31,182.49,7.51,61.30,2.00,1218.21,974.41,1.72,36.00,64.00,1.03,43011668,2026-09-23T02:00:34Z
C_hit,orig,layers_5,async_bulk,128,6,0,0.00,100.00,963.06,250.75,181.67,7.28,61.80,2.00,1213.81,970.34,1.69,36.00,64.00,1.03,43012660,2026-09-23T02:00:34Z
C_hit,orig,layers_92,pread,128,6,0,0.00,100.00,566.00,8056.10,184.15,7871.95,,,8622.10,8437.95,1.67,35.00,65.00,1.03,43012992,2026-09-23T02:00:34Z
C_hit,orig,layers_92,async,128,6,0,0.00,100.00,565.03,383.55,185.59,197.96,,,948.58,762.99,1.68,35.00,65.00,1.03,43014276,2026-09-23T02:00:35Z
C_hit,orig,layers_92,async_win,128,6,0,0.00,100.00,622.49,362.82,184.43,113.71,64.68,87.00,985.31,736.20,1.67,35.00,65.00,1.03,43014616,2026-09-23T02:00:35Z
C_hit,orig,layers_92,async_bulk,128,6,0,0.00,100.00,624.60,371.61,183.08,124.15,64.37,87.00,996.21,748.75,1.68,35.00,65.00,1.03,43014788,2026-09-23T02:00:35Z
C_hit,orig,2d,pread,128,6,0,0.00,100.00,568.98,621.53,185.39,436.14,,,1190.51,1005.12,1.65,35.00,65.00,1.03,43015984,2026-09-23T02:00:35Z
C_hit,orig,2d,async,128,6,0,0.00,100.00,564.37,256.80,187.43,69.37,,,821.17,633.74,1.66,35.00,65.00,1.03,43016356,2026-09-23T02:00:36Z
C_hit,orig,2d,async_win,128,6,0,0.00,100.00,597.01,255.72,185.85,8.32,61.56,3.00,852.73,605.33,1.68,35.00,65.00,1.03,43016324,2026-09-23T02:00:36Z
C_hit,orig,2d,async_bulk,128,6,0,0.00,100.00,563.05,254.88,185.25,8.55,61.08,3.00,817.93,571.60,1.71,35.00,65.00,1.03,43015984,2026-09-23T02:00:36Z
C_hit,orig,2e_K10,pread,128,6,0,0.00,100.00,595.03,1157.84,184.33,973.51,,,1752.87,1568.54,1.67,34.00,67.00,1.03,43017616,2026-09-23T02:00:36Z
C_hit,orig,2e_K10,async,128,6,0,0.00,100.00,561.82,257.71,179.19,78.53,,,819.53,640.35,1.67,35.00,66.00,1.03,42993640,2026-09-23T02:00:37Z
C_hit,orig,2e_K10,async_win,128,6,0,0.00,100.00,556.06,263.97,185.61,16.26,62.10,6.00,820.03,572.32,1.66,35.00,66.00,1.03,43005208,2026-09-23T02:00:37Z
C_hit,orig,2e_K10,async_bulk,128,6,0,0.00,100.00,558.36,261.15,184.49,15.76,60.90,6.00,819.51,574.12,1.66,35.00,66.00,1.03,43006452,2026-09-23T02:00:37Z
C_hit,orig,2e_K500,pread,128,6,0,0.00,100.00,173.47,3308.25,181.86,3126.39,,,3481.72,3299.86,1.56,8.00,65.00,1.03,43007316,2026-09-23T02:00:37Z
C_hit,orig,2e_K500,async,128,6,0,0.00,44.00,177.71,816.56,181.48,635.07,,,994.27,812.78,1.59,9.00,65.00,1.03,43006616,2026-09-23T02:00:38Z
C_hit,orig,2e_K500,async_win,128,6,0,0.00,31.70,176.10,620.49,184.87,345.49,90.13,139.00,796.59,521.59,1.58,9.00,65.00,1.03,43006820,2026-09-23T02:00:38Z
C_hit,orig,2e_K500,async_bulk,128,6,0,0.00,31.70,175.08,626.61,183.08,349.70,93.83,139.00,801.69,524.78,1.58,9.00,65.00,1.03,43006712,2026-09-23T02:00:38Z
C_hit,orig,2f_top14,pread,128,6,0,0.00,100.00,594.85,1078.15,181.70,896.45,,,1673.00,1491.30,1.67,34.00,67.00,1.03,43007632,2026-09-23T02:00:39Z
C_hit,orig,2f_top14,async,128,6,0,0.00,100.00,526.09,261.67,182.02,79.65,,,787.76,605.74,1.69,35.00,66.00,1.03,43007704,2026-09-23T02:00:39Z
C_hit,orig,2f_top14,async_win,128,6,0,0.00,100.00,625.67,258.71,183.37,15.31,60.03,6.00,884.38,640.98,1.67,35.00,66.00,1.03,43008820,2026-09-23T02:00:39Z
C_hit,orig,2f_top14,async_bulk,128,6,0,0.00,100.00,523.52,258.31,180.51,17.00,60.80,6.00,781.83,540.52,1.67,35.00,66.00,1.03,43008532,2026-09-23T02:00:39Z
C_hit,orig,2f_top28,pread,128,6,0,0.00,100.00,595.47,1058.14,181.49,876.65,,,1653.61,1472.12,1.69,33.00,67.00,1.03,43008412,2026-09-23T02:00:40Z
C_hit,orig,2f_top28,async,128,6,0,0.00,100.00,586.87,276.08,181.05,95.03,,,862.95,681.90,1.67,35.00,66.00,1.03,43009112,2026-09-23T02:00:40Z
C_hit,orig,2f_top28,async_win,128,6,0,0.00,100.00,550.88,272.13,187.87,23.89,60.37,8.00,823.01,574.77,1.69,35.00,66.00,1.03,43023568,2026-09-23T02:00:40Z
C_hit,orig,2f_top28,async_bulk,128,6,0,0.00,100.00,523.13,266.60,181.71,24.90,59.99,8.00,789.73,548.03,1.67,35.00,66.00,1.03,43024720,2026-09-23T02:00:40Z
C_hit,orig,2f_top100,pread,128,6,0,0.00,100.00,176.29,1342.37,183.14,1159.23,,,1518.66,1335.52,1.64,28.00,67.00,1.03,43024240,2026-09-23T02:00:41Z
C_hit,orig,2f_top100,async,128,6,0,0.00,100.00,541.00,361.65,183.04,178.61,,,902.65,719.61,1.65,30.00,67.00,1.03,43024836,2026-09-23T02:00:41Z
C_hit,orig,2f_top100,async_win,128,6,0,0.00,100.00,553.39,317.32,183.20,69.24,64.87,28.00,870.71,622.63,1.66,30.00,67.00,1.03,43025204,2026-09-23T02:00:41Z
C_hit,orig,2f_top100,async_bulk,128,6,0,0.00,100.00,520.80,318.30,183.59,70.17,64.54,28.00,839.10,590.97,1.67,30.00,67.00,1.03,43024812,2026-09-23T02:00:41Z
C_hit,orig,2f_top500,pread,128,6,0,0.00,100.00,174.97,3339.33,183.23,3156.09,,,3514.30,3331.06,1.56,8.00,65.00,1.03,43025848,2026-09-23T02:00:42Z
C_hit,orig,2f_top500,async,128,6,0,0.00,46.40,179.26,824.29,179.05,645.24,,,1003.55,824.50,1.60,9.00,65.00,1.03,43023508,2026-09-23T02:00:42Z
C_hit,orig,2f_top500,async_win,128,6,0,0.00,31.60,177.11,612.84,183.38,338.45,91.01,138.00,789.95,515.56,1.58,9.00,65.00,1.03,43010532,2026-09-23T02:00:42Z
C_hit,orig,2f_top500,async_bulk,128,6,0,0.00,29.20,177.30,613.55,185.83,337.05,90.67,138.00,790.85,514.35,1.61,9.00,65.00,1.02,43015508,2026-09-23T02:00:42Z
C_hit,orig,2f_slru,pread,128,6,0,0.00,100.00,86.90,4812.70,183.49,4629.20,,,4899.60,4716.10,1.54,0.00,62.00,1.02,43017944,2026-09-23T02:00:43Z
C_hit,orig,2f_slru,async,128,6,0,0.00,100.00,90.04,1573.58,181.20,1392.38,,,1663.62,1482.42,1.56,0.00,62.00,1.02,43017900,2026-09-23T02:00:43Z
C_hit,orig,2f_slru,async_win,128,6,0,0.00,100.00,88.82,764.44,182.23,421.28,160.92,29.00,853.26,510.10,1.58,0.00,62.00,1.02,43018472,2026-09-23T02:00:43Z
C_hit,orig,2f_slru,async_bulk,128,6,0,0.00,7.00,753.33,388.43,184.16,42.32,161.95,2.00,1141.76,795.65,1.66,35.00,63.00,1.02,43018576,2026-09-23T02:00:43Z
C_hit,orig,leaf_freq_K10,pread,128,6,0,0.00,100.00,680.04,760.04,181.08,578.96,,,1440.08,1259.00,1.67,35.00,64.00,1.02,43019224,2026-09-23T02:00:44Z
C_hit,orig,leaf_freq_K10,async,128,6,0,0.00,100.00,838.34,254.93,182.29,72.64,,,1093.27,910.98,1.67,36.00,64.00,1.02,43019424,2026-09-23T02:00:44Z
C_hit,orig,leaf_freq_K10,async_win,128,6,0,0.00,100.00,909.68,252.09,182.66,9.40,60.03,3.00,1161.77,919.08,1.68,36.00,64.00,1.02,43019932,2026-09-23T02:00:44Z
C_hit,orig,leaf_freq_K10,async_bulk,128,6,0,0.00,100.00,818.02,248.91,180.62,9.31,58.98,3.00,1066.93,827.33,1.69,36.00,64.00,1.02,43020284,2026-09-23T02:00:45Z
C_hit,orig,leaf_rand_K10,pread,128,6,0,0.00,100.00,941.85,1077.90,181.73,896.16,,,2019.75,1838.01,1.68,36.00,64.00,1.02,43020236,2026-09-23T02:00:45Z
C_hit,orig,leaf_rand_K10,async,128,6,0,0.00,100.00,970.40,257.15,182.22,74.93,,,1227.55,1045.33,1.68,36.00,64.00,1.02,43020188,2026-09-23T02:00:45Z
C_hit,orig,leaf_rand_K10,async_win,128,6,0,0.00,100.00,880.67,258.87,181.41,18.15,59.30,10.00,1139.54,898.82,1.67,36.00,64.00,1.02,43020672,2026-09-23T02:00:45Z
C_hit,orig,leaf_rand_K10,async_bulk,128,6,0,0.00,100.00,1003.92,260.31,180.41,19.58,60.32,10.00,1264.23,1023.50,1.67,36.00,64.00,1.02,43006112,2026-09-23T02:00:46Z
C_hit,orig,learned_markov_14,pread,128,6,0,0.00,100.00,597.89,1051.74,180.78,870.96,,,1649.63,1468.85,1.67,34.00,67.00,1.02,43006108,2026-09-23T02:00:46Z
C_hit,orig,learned_markov_14,async,128,6,0,0.00,100.00,530.81,262.25,184.25,78.01,,,793.06,608.82,1.66,35.00,66.00,1.02,43006740,2026-09-23T02:00:46Z
C_hit,orig,learned_markov_14,async_win,128,6,0,0.00,100.00,559.07,258.15,182.82,15.60,59.73,6.00,817.22,574.67,1.69,35.00,66.00,1.02,43006240,2026-09-23T02:00:46Z
C_hit,orig,learned_markov_14,async_bulk,128,6,0,0.00,100.00,593.52,259.34,184.41,14.75,60.18,6.00,852.86,608.27,1.67,35.00,66.00,1.02,43006844,2026-09-23T02:00:47Z
C_hit,orig,learned_markov_28,pread,128,6,0,0.00,100.00,567.59,1102.59,181.84,920.75,,,1670.18,1488.34,1.67,33.00,67.00,1.02,43007676,2026-09-23T02:00:47Z
C_hit,orig,learned_markov_28,async,128,6,0,0.00,100.00,559.09,275.66,182.38,93.28,,,834.75,652.37,1.68,35.00,66.00,1.02,43007928,2026-09-23T02:00:47Z
C_hit,orig,learned_markov_28,async_win,128,6,0,0.00,100.00,540.28,266.57,182.94,23.42,60.20,8.00,806.85,563.70,1.66,35.00,66.00,1.02,43007684,2026-09-23T02:00:47Z
C_hit,orig,learned_markov_28,async_bulk,128,6,0,0.00,100.00,560.72,267.57,182.86,24.09,60.62,8.00,828.29,584.81,1.67,35.00,66.00,1.02,42994964,2026-09-23T02:00:48Z
A,orig,baseline,baseline,128,7,0,0.00,0.00,489.86,0.00,0.00,0.00,,,489.86,489.86,2.13,180.00,270.00,1.02,42996488,2026-09-23T02:00:48Z
B,orig,baseline,baseline,128,7,0,0.00,0.00,736.03,0.00,0.00,0.00,,,736.03,736.03,2.17,181.00,273.00,1.02,42997012,2026-09-23T02:00:48Z
C,orig,baseline,baseline,128,7,0,0.00,0.00,1073.10,0.00,0.00,0.00,,,1073.10,1073.10,1.59,24.00,25.00,1.02,42997252,2026-09-23T02:00:49Z
C_hit,orig,baseline,baseline,128,7,0,0.00,0.00,963.34,0.00,0.00,0.00,,,963.34,963.34,1.65,36.00,64.00,1.02,42997800,2026-09-23T02:00:49Z
A,orig,layers_5,async,128,7,0,0.00,100.00,379.52,266.36,193.78,72.58,,,645.88,452.10,2.15,180.00,271.00,1.02,42997660,2026-09-23T02:00:49Z
A,orig,layers_5,async_win,128,7,0,0.00,100.00,384.35,265.38,194.51,8.35,62.53,2.00,649.73,392.70,2.11,180.00,271.00,1.02,42998420,2026-09-23T02:00:49Z
A,orig,layers_92,async,128,7,0,0.00,100.00,357.01,395.67,196.43,199.24,,,752.68,556.25,2.15,178.00,283.00,1.02,42998316,2026-09-23T02:00:50Z
A,orig,layers_92,async_win,128,7,0,0.00,100.00,360.07,376.96,194.89,116.18,65.89,87.00,737.03,476.25,2.15,178.00,283.00,1.02,42998896,2026-09-23T02:00:50Z
A,orig,2d,async,128,7,0,0.00,100.00,402.85,314.40,229.20,85.20,,,717.25,488.05,2.10,178.00,283.00,1.02,43001224,2026-09-23T02:00:50Z
A,orig,2d,async_win,128,7,0,0.00,100.00,326.25,329.73,233.06,35.13,61.55,13.00,655.98,361.38,2.15,178.00,283.00,1.02,43001536,2026-09-23T02:00:51Z
A,orig,2e_K10,async,128,7,0,0.00,100.00,356.47,331.64,233.19,98.45,,,688.11,454.92,2.14,181.00,287.00,1.02,43000796,2026-09-23T02:00:51Z
A,orig,2e_K10,async_win,128,7,0,0.00,100.00,328.81,331.78,235.70,33.46,62.62,22.00,660.59,362.27,2.14,181.00,287.00,1.02,43001892,2026-09-23T02:00:51Z
A,orig,2e_K500,async,128,7,0,0.00,100.00,180.79,1114.49,232.87,881.63,,,1295.28,1062.42,2.12,181.00,408.00,1.02,43003028,2026-09-23T02:00:52Z
A,orig,2e_K500,async_win,128,7,0,0.00,100.00,179.64,1072.42,236.26,706.71,129.44,492.00,1252.06,886.35,2.09,181.00,411.00,1.02,43003512,2026-09-23T02:00:52Z
A,orig,2f_top14,async,128,7,0,0.00,100.00,373.45,312.58,231.22,81.35,,,686.03,454.80,2.11,182.00,281.00,1.02,43005632,2026-09-23T02:00:52Z
A,orig,2f_top14,async_win,128,7,0,0.00,100.00,384.56,313.20,233.13,19.21,60.87,13.00,697.76,403.77,2.14,182.00,281.00,1.02,43006148,2026-09-23T02:00:53Z
A,orig,2f_top28,async,128,7,0,0.00,100.00,360.36,331.13,232.40,98.74,,,691.49,459.10,2.16,183.00,288.00,1.02,42993060,2026-09-23T02:00:53Z
A,orig,2f_top28,async_win,128,7,0,0.00,100.00,388.07,317.92,222.88,36.40,58.64,27.00,705.99,424.47,2.16,183.00,288.00,1.02,42990128,2026-09-23T02:00:53Z
A,orig,2f_top100,async,128,7,0,0.00,100.00,245.01,421.09,225.85,195.24,,,666.10,440.25,2.13,183.00,324.00,1.02,42992972,2026-09-23T02:00:54Z
A,orig,2f_top100,async_win,128,7,0,0.00,100.00,248.56,415.90,226.86,122.48,66.56,99.00,664.46,371.04,2.14,183.00,325.00,1.02,42993444,2026-09-23T02:00:54Z
A,orig,2f_top500,async,128,7,0,0.00,100.00,182.70,1031.29,228.73,802.56,,,1213.99,985.26,2.07,179.00,416.00,1.02,42993844,2026-09-23T02:00:54Z
A,orig,2f_top500,async_win,128,7,0,0.00,100.00,182.09,1007.99,227.22,691.24,89.53,481.00,1190.08,873.33,2.09,179.00,412.00,1.02,42996600,2026-09-23T02:00:54Z
A,orig,2f_slru,async,128,7,0,0.00,100.00,97.67,7087.95,227.53,6860.43,,,7185.62,6958.10,1.58,0.00,278.00,1.02,42996592,2026-09-23T02:00:55Z
A,orig,2f_slru,async_win,128,7,0,0.00,84.80,96.57,2586.40,235.16,1959.16,392.08,138.00,2682.97,2055.73,1.56,0.00,278.00,1.02,42995456,2026-09-23T02:00:55Z
A,orig,leaf_freq_K10,async,128,7,0,0.00,100.00,488.53,305.59,229.13,76.46,,,794.12,564.99,2.13,183.00,274.00,1.02,42998564,2026-09-23T02:00:55Z
A,orig,leaf_freq_K10,async_win,128,7,0,0.00,100.00,484.29,306.27,230.40,14.71,61.16,10.00,790.56,499.00,2.16,183.00,274.00,1.02,42999592,2026-09-23T02:00:56Z
A,orig,leaf_rand_K10,async,128,7,0,0.00,100.00,483.24,303.56,228.14,75.42,,,786.80,558.66,2.15,180.00,270.00,1.02,43000548,2026-09-23T02:00:56Z
A,orig,leaf_rand_K10,async_win,128,7,0,0.00,100.00,484.45,304.87,229.62,14.08,61.17,10.00,789.32,498.53,2.16,180.00,270.00,1.02,43001860,2026-09-23T02:00:56Z
A,orig,learned_markov_14,async,128,7,0,0.00,100.00,373.63,313.97,233.81,80.16,,,687.60,453.79,2.08,178.00,282.00,1.02,43002492,2026-09-23T02:00:57Z
A,orig,learned_markov_14,async_win,128,7,0,0.00,100.00,406.29,306.70,226.95,17.52,62.23,13.00,712.99,423.81,2.12,178.00,283.00,1.02,43002520,2026-09-23T02:00:57Z
A,orig,learned_markov_28,async,128,7,0,0.00,100.00,365.72,325.95,229.20,96.75,,,691.67,462.47,2.14,178.00,286.00,1.02,43002764,2026-09-23T02:00:57Z
A,orig,learned_markov_28,async_win,128,7,0,0.00,100.00,357.58,332.00,231.03,38.49,62.47,26.00,689.58,396.07,2.15,178.00,286.00,1.02,43004876,2026-09-23T02:00:57Z
B,orig,layers_5,async,128,7,0,0.00,100.00,405.74,300.76,231.08,69.68,,,706.50,475.42,2.16,182.00,272.00,1.02,43004276,2026-09-23T02:00:58Z
B,orig,layers_5,async_win,128,7,0,0.00,100.00,398.30,297.29,228.55,6.83,61.91,2.00,695.59,405.13,2.18,182.00,272.00,1.02,43004556,2026-09-23T02:00:58Z
B,orig,layers_92,async,128,7,0,0.00,100.00,410.38,428.31,232.81,195.50,,,838.69,605.88,2.22,181.00,278.00,1.02,42992592,2026-09-23T02:00:58Z
B,orig,layers_92,async_win,128,7,0,0.00,100.00,408.68,404.75,229.86,109.17,65.71,87.00,813.43,517.85,2.19,181.00,278.00,1.02,42993888,2026-09-23T02:00:59Z
B,orig,2d,async,128,7,0,0.00,100.00,402.91,312.25,225.33,86.91,,,715.16,489.82,2.17,181.00,278.00,1.02,42994116,2026-09-23T02:00:59Z
B,orig,2d,async_win,128,7,0,0.00,100.00,416.06,312.44,230.01,20.15,62.28,13.00,728.50,436.21,2.22,181.00,278.00,1.02,42994568,2026-09-23T02:00:59Z
B,orig,2e_K10,async,128,7,0,0.00,100.00,409.70,326.04,229.69,96.35,,,735.74,506.05,2.16,181.00,281.00,1.02,42994688,2026-09-23T02:01:00Z
B,orig,2e_K10,async_win,128,7,0,0.00,100.00,411.10,323.74,228.20,33.62,61.92,23.00,734.84,444.72,2.22,181.00,281.00,1.02,42996284,2026-09-23T02:01:00Z
B,orig,2e_K500,async,128,7,0,0.00,100.00,452.67,1073.95,228.35,845.60,,,1526.62,1298.27,2.19,186.00,324.00,1.02,42996708,2026-09-23T02:01:00Z
B,orig,2e_K500,async_win,128,7,0,0.00,100.00,452.37,1010.79,229.00,692.11,89.68,460.00,1463.16,1144.48,2.16,186.00,323.00,1.02,43020820,2026-09-23T02:01:01Z
B,orig,2f_top14,async,128,7,0,0.00,100.00,399.42,307.47,228.22,79.25,,,706.89,478.67,2.14,181.00,277.00,1.02,43020808,2026-09-23T02:01:01Z
B,orig,2f_top14,async_win,128,7,0,0.00,100.00,408.08,308.34,226.10,22.05,60.18,13.00,716.42,430.13,2.15,181.00,277.00,1.02,43021124,2026-09-23T02:01:01Z
B,orig,2f_top28,async,128,7,0,0.00,100.00,411.93,326.95,227.53,99.43,,,738.88,511.36,2.20,181.00,279.00,1.02,43022324,2026-09-23T02:01:02Z
B,orig,2f_top28,async_win,128,7,0,0.00,100.00,401.70,334.88,238.11,34.52,62.25,27.00,736.58,436.22,2.19,181.00,279.00,1.02,43022308,2026-09-23T02:01:02Z
B,orig,2f_top100,async,128,7,0,0.00,100.00,400.78,416.67,227.51,189.17,,,817.45,589.95,2.15,185.00,292.00,1.02,43023164,2026-09-23T02:01:02Z
B,orig,2f_top100,async_win,128,7,0,0.00,100.00,411.52,430.03,228.87,135.87,65.29,95.00,841.55,547.39,2.22,185.00,292.00,1.02,43023932,2026-09-23T02:01:03Z
B,orig,2f_top500,async,128,7,0,0.00,100.00,455.46,1053.98,227.43,826.55,,,1509.44,1282.01,2.16,186.00,326.00,1.02,43024340,2026-09-23T02:01:03Z
B,orig,2f_top500,async_win,128,7,0,0.00,100.00,452.20,994.28,228.34,676.77,89.17,449.00,1446.48,1128.97,2.17,186.00,328.00,1.02,43023824,2026-09-23T02:01:03Z
B,orig,2f_slru,async,128,7,0,0.00,100.00,98.78,7143.23,227.64,6915.59,,,7242.01,7014.37,1.62,0.00,278.00,1.02,43021648,2026-09-23T02:01:03Z
B,orig,2f_slru,async_win,128,7,0,0.00,79.60,98.55,2442.05,229.17,1890.54,322.34,139.00,2540.60,1989.09,1.75,0.00,278.00,1.02,43024412,2026-09-23T02:01:04Z
B,orig,leaf_freq_K10,async,128,7,0,0.00,100.00,712.61,302.25,228.62,73.63,,,1014.86,786.24,2.15,181.00,275.00,1.02,43024584,2026-09-23T02:01:04Z
B,orig,leaf_freq_K10,async_win,128,7,0,0.00,100.00,717.97,304.00,227.86,14.76,61.38,10.00,1021.97,732.73,2.24,181.00,275.00,1.02,43017064,2026-09-23T02:01:04Z
B,orig,leaf_rand_K10,async,128,7,0,0.00,100.00,719.68,304.77,230.10,74.67,,,1024.45,794.35,2.20,181.00,276.00,1.02,43017900,2026-09-23T02:01:05Z
B,orig,leaf_rand_K10,async_win,128,7,0,0.00,100.00,726.17,302.72,226.54,15.53,60.65,10.00,1028.89,741.70,2.16,181.00,276.00,1.02,43018320,2026-09-23T02:01:05Z
B,orig,learned_markov_14,async,128,7,0,0.00,100.00,407.43,307.03,228.69,78.34,,,714.46,485.77,2.14,181.00,278.00,1.02,43018316,2026-09-23T02:01:05Z
B,orig,learned_markov_14,async_win,128,7,0,0.00,100.00,410.67,314.66,227.58,25.59,61.49,13.00,725.33,436.26,2.16,181.00,278.00,1.02,43018216,2026-09-23T02:01:06Z
B,orig,learned_markov_28,async,128,7,0,0.00,100.00,411.26,330.97,229.40,101.57,,,742.23,512.83,2.18,180.00,281.00,1.02,43013164,2026-09-23T02:01:06Z
B,orig,learned_markov_28,async_win,128,7,0,0.00,100.00,414.06,333.77,231.34,39.97,62.46,27.00,747.83,454.03,2.20,180.00,281.00,1.02,43012168,2026-09-23T02:01:06Z
C,orig,layers_5,async,128,7,0,0.00,100.00,906.61,294.86,225.91,68.94,,,1201.47,975.55,1.60,24.00,25.00,1.02,43013516,2026-09-23T02:01:07Z
C,orig,layers_5,async_win,128,7,0,0.00,100.00,1033.15,295.64,227.71,7.14,60.78,2.00,1328.79,1040.29,1.60,24.00,25.00,1.02,43013232,2026-09-23T02:01:07Z
C,orig,layers_92,async,128,7,0,0.00,100.00,662.12,385.44,193.65,191.79,,,1047.56,853.91,1.61,24.00,25.00,1.02,43013160,2026-09-23T02:01:07Z
C,orig,layers_92,async_win,128,7,0,0.00,100.00,650.79,364.19,184.80,115.23,64.16,87.00,1014.98,766.02,1.58,24.00,25.00,1.02,43013020,2026-09-23T02:01:07Z
C,orig,2d,async,128,7,0,0.00,100.00,654.85,250.65,184.39,66.26,,,905.50,721.11,1.61,24.00,25.00,1.02,43012884,2026-09-23T02:01:08Z
C,orig,2d,async_win,128,7,0,0.00,100.00,650.67,249.06,182.21,7.27,59.57,2.00,899.73,657.94,1.59,24.00,25.00,1.02,43013028,2026-09-23T02:01:08Z
C,orig,2e_K10,async,128,7,0,0.00,100.00,176.39,261.68,184.89,76.80,,,438.07,253.19,1.60,22.00,27.00,1.02,43013608,2026-09-23T02:01:08Z
C,orig,2e_K10,async_win,128,7,0,0.00,100.00,172.62,260.83,185.03,15.75,60.05,8.00,433.45,188.37,1.61,22.00,27.00,1.02,43013296,2026-09-23T02:01:08Z
C,orig,2e_K500,async,128,7,0,0.00,68.30,177.16,649.70,184.61,465.10,,,826.86,642.26,1.54,0.00,37.00,1.02,43013000,2026-09-23T02:01:09Z
C,orig,2e_K500,async_win,128,7,0,0.00,45.90,174.15,485.24,183.47,221.55,80.22,90.00,659.39,395.70,1.52,0.00,37.00,1.02,43013344,2026-09-23T02:01:09Z
C,orig,2f_top14,async,128,7,0,0.00,100.00,173.31,261.43,182.57,78.86,,,434.74,252.17,1.59,22.00,27.00,1.02,43013444,2026-09-23T02:01:09Z
C,orig,2f_top14,async_win,128,7,0,0.00,100.00,176.15,259.55,182.71,16.53,60.30,9.00,435.70,192.68,1.59,22.00,27.00,1.02,43012500,2026-09-23T02:01:09Z
C,orig,2f_top28,async,128,7,0,0.00,100.00,176.85,281.44,184.77,96.67,,,458.29,273.52,1.60,21.00,28.00,1.02,43012944,2026-09-23T02:01:10Z
C,orig,2f_top28,async_win,128,7,0,0.00,100.00,175.40,271.07,183.32,27.31,60.43,13.00,446.47,202.71,1.61,21.00,28.00,1.02,42994216,2026-09-23T02:01:10Z
C,orig,2f_top100,async,128,7,0,0.00,100.00,175.10,358.40,183.44,174.96,,,533.50,350.06,1.57,17.00,30.00,1.02,42995196,2026-09-23T02:01:10Z
C,orig,2f_top100,async_win,128,7,0,0.00,100.00,174.68,318.71,183.97,69.74,65.00,32.00,493.39,244.42,1.57,17.00,30.00,1.02,42996980,2026-09-23T02:01:10Z
C,orig,2f_top500,async,128,7,0,0.00,100.00,90.57,954.86,185.04,769.82,,,1045.43,860.39,1.53,0.00,37.00,1.02,42998016,2026-09-23T02:01:11Z
C,orig,2f_top500,async_win,128,7,0,0.00,100.00,89.09,494.84,184.36,221.01,89.47,16.00,583.93,310.10,1.52,0.00,37.00,1.02,42998144,2026-09-23T02:01:11Z
C,orig,2f_slru,async,128,7,0,0.00,100.00,92.03,950.02,183.69,766.33,,,1042.05,858.36,1.55,0.00,37.00,1.02,42998928,2026-09-23T02:01:11Z
C,orig,2f_slru,async_win,128,7,0,0.00,100.00,91.44,494.74,183.26,221.88,89.60,16.00,586.18,313.32,1.54,0.00,37.00,1.02,42998604,2026-09-23T02:01:11Z
C,orig,leaf_freq_K10,async,128,7,0,0.00,100.00,671.67,258.49,186.06,72.43,,,930.16,744.10,1.60,22.00,27.00,1.02,42999496,2026-09-23T02:01:12Z
C,orig,leaf_freq_K10,async_win,128,7,0,0.00,100.00,565.34,256.14,183.40,12.60,60.14,6.00,821.48,577.94,1.61,22.00,27.00,1.02,42998696,2026-09-23T02:01:12Z
C,orig,leaf_rand_K10,async,128,7,0,0.00,100.00,1038.12,260.17,184.49,75.68,,,1298.29,1113.80,1.60,24.00,25.00,1.02,42998664,2026-09-23T02:01:12Z
C,orig,leaf_rand_K10,async_win,128,7,0,0.00,100.00,1040.05,261.57,182.89,17.67,61.01,10.00,1301.62,1057.72,1.59,24.00,25.00,1.02,42998452,2026-09-23T02:01:12Z
C,orig,learned_markov_14,async,128,7,0,0.00,100.00,171.98,260.31,181.80,78.51,,,432.29,250.49,1.59,22.00,27.00,1.01,42998536,2026-09-23T02:01:13Z
C,orig,learned_markov_14,async_win,128,7,0,0.00,100.00,174.44,260.28,182.96,16.85,60.46,9.00,434.72,191.29,1.61,22.00,27.00,1.01,42998336,2026-09-23T02:01:13Z
C,orig,learned_markov_28,async,128,7,0,0.00,100.00,174.38,278.65,184.20,94.46,,,453.03,268.84,1.59,21.00,28.00,1.01,42998240,2026-09-23T02:01:13Z
C,orig,learned_markov_28,async_win,128,7,0,0.00,100.00,167.19,279.14,188.84,28.82,61.49,13.00,446.33,196.01,1.60,21.00,28.00,1.01,42999808,2026-09-23T02:01:13Z
C_hit,orig,layers_5,async,128,7,0,0.00,100.00,900.35,253.27,184.35,68.92,,,1153.62,969.27,1.66,36.00,64.00,1.01,42998928,2026-09-23T02:01:14Z
C_hit,orig,layers_5,async_win,128,7,0,0.00,100.00,936.22,252.93,184.23,8.32,60.38,2.00,1189.15,944.54,1.67,36.00,64.00,1.01,42999620,2026-09-23T02:01:14Z
C_hit,orig,layers_92,async,128,7,0,0.00,100.00,558.57,384.30,183.69,200.61,,,942.87,759.18,1.68,35.00,65.00,1.01,42999716,2026-09-23T02:01:14Z
C_hit,orig,layers_92,async_win,128,7,0,0.00,100.00,521.23,373.08,182.59,126.54,63.95,87.00,894.31,647.77,1.66,35.00,65.00,1.01,43000288,2026-09-23T02:01:14Z
C_hit,orig,2d,async,128,7,0,0.00,100.00,560.92,251.15,183.13,68.02,,,812.07,628.94,1.66,35.00,65.00,1.01,43000408,2026-09-23T02:01:15Z
C_hit,orig,2d,async_win,128,7,0,0.00,100.00,645.54,251.93,183.34,8.39,60.21,3.00,897.47,653.93,1.70,35.00,65.00,1.01,42993764,2026-09-23T02:01:15Z
C_hit,orig,2e_K10,async,128,7,0,0.00,100.00,593.07,264.00,184.56,79.44,,,857.07,672.51,1.68,35.00,66.00,1.01,42995008,2026-09-23T02:01:15Z
C_hit,orig,2e_K10,async_win,128,7,0,0.00,100.00,591.74,262.45,186.28,15.52,60.65,6.00,854.19,607.26,1.67,35.00,66.00,1.01,42995480,2026-09-23T02:01:16Z
C_hit,orig,2e_K500,async,128,7,0,0.00,56.60,176.25,884.64,183.88,700.77,,,1060.89,877.02,1.58,9.00,65.00,1.01,42994912,2026-09-23T02:01:16Z
C_hit,orig,2e_K500,async_win,128,7,0,0.00,31.70,176.43,620.11,181.70,348.24,90.16,139.00,796.54,524.67,1.59,9.00,65.00,1.01,42992836,2026-09-23T02:01:16Z
C_hit,orig,2f_top14,async,128,7,0,0.00,100.00,529.28,256.89,181.30,75.59,,,786.17,604.87,1.67,35.00,66.00,1.01,42994552,2026-09-23T02:01:16Z
C_hit,orig,2f_top14,async_win,128,7,0,0.00,100.00,561.05,260.52,184.37,15.50,60.65,6.00,821.57,576.55,1.67,35.00,66.00,1.01,42992872,2026-09-23T02:01:17Z
C_hit,orig,2f_top28,async,128,7,0,0.00,100.00,532.85,279.14,184.36,94.79,,,811.99,627.64,1.67,35.00,66.00,1.01,42993636,2026-09-23T02:01:17Z
C_hit,orig,2f_top28,async_win,128,7,0,0.00,100.00,568.98,272.16,186.95,23.91,61.31,8.00,841.14,592.89,1.66,35.00,66.00,1.01,42993972,2026-09-23T02:01:17Z
C_hit,orig,2f_top100,async,128,7,0,0.00,100.00,547.98,359.56,186.01,173.55,,,907.54,721.53,1.65,30.00,67.00,1.01,42993040,2026-09-23T02:01:17Z
C_hit,orig,2f_top100,async_win,128,7,0,0.00,63.00,586.11,320.21,185.01,70.23,64.97,28.00,906.32,656.34,1.65,30.00,67.00,1.01,42993892,2026-09-23T02:01:18Z
C_hit,orig,2f_top500,async,128,7,0,0.00,44.80,176.74,882.69,185.44,697.25,,,1059.43,873.99,1.58,9.00,65.00,1.01,42992828,2026-09-23T02:01:18Z
C_hit,orig,2f_top500,async_win,128,7,0,0.00,100.00,177.78,618.95,184.28,344.75,89.93,138.00,796.73,522.53,1.59,9.00,65.00,1.01,42993256,2026-09-23T02:01:18Z
C_hit,orig,2f_slru,async,128,7,0,0.00,100.00,89.92,1584.55,185.70,1398.85,,,1674.47,1488.77,1.55,0.00,62.00,1.01,42996316,2026-09-23T02:01:18Z
C_hit,orig,2f_slru,async_win,128,7,0,0.00,100.00,89.31,762.77,183.62,417.63,161.52,29.00,852.08,506.94,1.55,0.00,62.00,1.01,42995864,2026-09-23T02:01:19Z
C_hit,orig,leaf_freq_K10,async,128,7,0,0.00,100.00,897.12,255.47,182.10,73.37,,,1152.59,970.49,1.68,36.00,64.00,1.01,42996664,2026-09-23T02:01:19Z
C_hit,orig,leaf_freq_K10,async_win,128,7,0,0.00,100.00,878.87,253.75,185.13,9.43,59.19,3.00,1132.62,888.30,1.67,36.00,64.00,1.01,42995992,2026-09-23T02:01:19Z
C_hit,orig,leaf_rand_K10,async,128,7,0,0.00,100.00,1006.31,254.20,181.46,72.74,,,1260.51,1079.05,1.69,36.00,64.00,1.01,42997280,2026-09-23T02:01:19Z
C_hit,orig,leaf_rand_K10,async_win,128,7,0,0.00,100.00,942.31,259.57,182.82,16.70,60.04,10.00,1201.88,959.01,1.68,36.00,64.00,1.01,42997232,2026-09-23T02:01:20Z
C_hit,orig,learned_markov_14,async,128,7,0,0.00,100.00,528.24,257.47,180.93,76.54,,,785.71,604.78,1.67,35.00,66.00,1.01,42998160,2026-09-23T02:01:20Z
C_hit,orig,learned_markov_14,async_win,128,7,0,0.00,100.00,620.11,259.91,184.48,15.13,60.30,6.00,880.02,635.24,1.67,35.00,66.00,1.01,42985800,2026-09-23T02:01:20Z
C_hit,orig,learned_markov_28,async,128,7,0,0.00,100.00,590.35,275.31,181.81,93.50,,,865.66,683.85,1.68,35.00,66.00,1.01,42997932,2026-09-23T02:01:21Z
C_hit,orig,learned_markov_28,async_win,128,7,0,0.00,100.00,505.16,268.91,184.73,23.00,61.17,8.00,774.07,528.16,1.67,35.00,66.00,1.01,42997584,2026-09-23T02:01:21Z
A,orig,baseline,baseline,128,8,0,0.00,0.00,492.85,0.00,0.00,0.00,,,492.85,492.85,2.12,180.00,270.00,1.01,42998348,2026-09-23T02:01:21Z
B,orig,baseline,baseline,128,8,0,0.00,0.00,727.38,0.00,0.00,0.00,,,727.38,727.38,2.20,181.00,273.00,1.01,43016600,2026-09-23T02:01:21Z
C,orig,baseline,baseline,128,8,0,0.00,0.00,1012.72,0.00,0.00,0.00,,,1012.72,1012.72,1.59,24.00,25.00,1.01,43018032,2026-09-23T02:01:22Z
C_hit,orig,baseline,baseline,128,8,0,0.00,0.00,959.17,0.00,0.00,0.00,,,959.17,959.17,1.65,36.00,64.00,1.01,43018328,2026-09-23T02:01:22Z
A,orig,layers_5,async,128,8,0,0.00,100.00,377.55,262.96,194.06,68.91,,,640.51,446.46,2.17,180.00,271.00,1.01,43018756,2026-09-23T02:01:22Z
A,orig,layers_5,async_win,128,8,0,0.00,100.00,387.15,266.12,196.82,7.43,61.87,2.00,653.27,394.58,2.13,180.00,271.00,1.01,43019816,2026-09-23T02:01:23Z
A,orig,layers_92,async,128,8,0,0.00,100.00,356.63,380.95,197.00,183.95,,,737.58,540.58,2.10,178.00,283.00,1.01,43020656,2026-09-23T02:01:23Z
A,orig,layers_92,async_win,128,8,0,0.00,100.00,407.27,379.89,197.63,116.15,66.11,87.00,787.16,523.42,2.10,178.00,283.00,1.01,43020404,2026-09-23T02:01:23Z
A,orig,2d,async,128,8,0,0.00,100.00,331.04,320.14,234.33,85.81,,,651.18,416.85,2.14,178.00,283.00,1.01,43020844,2026-09-23T02:01:23Z
A,orig,2d,async_win,128,8,0,0.00,100.00,357.38,317.52,231.94,23.86,61.72,13.00,674.90,381.24,2.15,178.00,283.00,1.01,43020760,2026-09-23T02:01:24Z
A,orig,2e_K10,async,128,8,0,0.00,100.00,354.60,335.83,234.35,101.48,,,690.43,456.08,2.12,181.00,287.00,1.01,43020292,2026-09-23T02:01:24Z
A,orig,2e_K10,async_win,128,8,0,0.00,100.00,357.79,329.23,231.57,34.77,62.90,22.00,687.02,392.56,2.14,181.00,287.00,1.01,43020788,2026-09-23T02:01:24Z
A,orig,2e_K500,async,128,8,0,0.00,100.00,179.44,1081.75,225.85,855.90,,,1261.19,1035.34,2.09,181.00,408.00,1.01,43021992,2026-09-23T02:01:25Z
A,orig,2e_K500,async_win,128,8,0,0.00,100.00,181.02,1072.45,234.37,708.07,130.00,492.00,1253.47,889.09,2.10,181.00,407.00,1.01,43021788,2026-09-23T02:01:25Z
A,orig,2f_top14,async,128,8,0,0.00,100.00,382.93,310.80,232.16,78.64,,,693.73,461.57,2.11,182.00,281.00,1.01,43022476,2026-09-23T02:01:25Z
A,orig,2f_top14,async_win,128,8,0,0.00,100.00,388.98,313.70,232.00,19.49,62.22,13.00,702.68,408.47,2.13,182.00,281.00,1.01,43022296,2026-09-23T02:01:26Z
A,orig,2f_top28,async,128,8,0,0.00,100.00,374.20,335.32,233.34,101.98,,,709.52,476.18,2.12,183.00,288.00,1.01,43019880,2026-09-23T02:01:26Z
A,orig,2f_top28,async_win,128,8,0,0.00,100.00,353.69,333.15,232.67,37.80,62.68,27.00,686.84,391.49,2.16,183.00,288.00,1.01,42998032,2026-09-23T02:01:26Z
A,orig,2f_top100,async,128,8,0,0.00,100.00,245.36,414.64,225.42,189.22,,,660.00,434.58,2.12,183.00,325.00,1.01,42999000,2026-09-23T02:01:27Z
A,orig,2f_top100,async_win,128,8,0,0.00,100.00,247.08,418.64,228.13,124.47,66.03,99.00,665.72,371.55,2.13,183.00,324.00,1.01,42999432,2026-09-23T02:01:27Z
A,orig,2f_top500,async,128,8,0,0.00,100.00,181.34,1047.01,229.32,817.69,,,1228.35,999.03,2.08,179.00,415.00,1.01,42999816,2026-09-23T02:01:27Z
A,orig,2f_top500,async_win,128,8,0,0.00,100.00,183.06,1006.94,228.26,687.94,90.74,481.00,1190.00,871.00,2.07,179.00,415.00,1.01,43000372,2026-09-23T02:01:28Z
A,orig,2f_slru,async,128,8,0,0.00,100.00,95.07,7108.45,230.21,6878.24,,,7203.52,6973.31,1.56,0.00,278.00,1.01,42997664,2026-09-23T02:01:28Z
A,orig,2f_slru,async_win,128,8,0,0.00,82.60,96.07,2553.07,227.86,1930.49,394.72,138.00,2649.14,2026.56,1.56,0.00,278.00,1.01,42998248,2026-09-23T02:01:28Z
A,orig,leaf_freq_K10,async,128,8,0,0.00,100.00,512.08,304.04,229.31,74.73,,,816.12,586.81,2.15,183.00,274.00,1.01,43000124,2026-09-23T02:01:28Z
A,orig,leaf_freq_K10,async_win,128,8,0,0.00,100.00,488.34,305.28,229.87,14.04,61.38,10.00,793.62,502.38,2.13,183.00,274.00,1.01,43000228,2026-09-23T02:01:29Z
A,orig,leaf_rand_K10,async,128,8,0,0.00,100.00,485.15,305.62,229.63,75.98,,,790.77,561.13,2.14,180.00,270.00,1.01,43001076,2026-09-23T02:01:29Z
A,orig,leaf_rand_K10,async_win,128,8,0,0.00,100.00,484.07,304.10,227.85,14.35,61.91,10.00,788.17,498.42,2.10,180.00,270.00,1.01,43001872,2026-09-23T02:01:29Z
A,orig,learned_markov_14,async,128,8,0,0.00,100.00,400.58,308.53,228.31,80.22,,,709.11,480.80,2.07,178.00,282.00,1.01,43002260,2026-09-23T02:01:30Z
A,orig,learned_markov_14,async_win,128,8,0,0.00,100.00,405.39,306.62,227.43,17.49,61.70,13.00,712.01,422.88,2.10,178.00,283.00,1.01,43002856,2026-09-23T02:01:30Z
A,orig,learned_markov_28,async,128,8,0,0.00,100.00,368.71,2333.92,2227.85,106.07,,,2702.63,474.78,2.13,178.00,286.00,1.01,43003060,2026-09-23T02:01:30Z
A,orig,learned_markov_28,async_win,128,8,0,0.00,100.00,359.27,335.83,234.12,38.85,62.86,26.00,695.10,398.12,2.12,178.00,286.00,1.01,43003132,2026-09-23T02:01:31Z
B,orig,layers_5,async,128,8,0,0.00,100.00,397.41,299.39,229.70,69.69,,,696.80,467.10,2.15,182.00,272.00,1.01,43000848,2026-09-23T02:01:31Z
B,orig,layers_5,async_win,128,8,0,0.00,100.00,399.64,298.49,229.61,7.30,61.58,2.00,698.13,406.94,2.17,182.00,272.00,1.01,43000800,2026-09-23T02:01:31Z
B,orig,layers_92,async,128,8,0,0.00,100.00,411.52,426.11,229.21,196.90,,,837.63,608.42,2.20,181.00,278.00,1.01,42981528,2026-09-23T02:01:31Z
B,orig,layers_92,async_win,128,8,0,0.00,100.00,405.33,417.81,230.68,120.19,66.95,87.00,823.14,525.52,2.20,181.00,278.00,1.01,42988036,2026-09-23T02:01:32Z
B,orig,2d,async,128,8,0,0.00,100.00,409.25,311.37,227.84,83.53,,,720.62,492.78,2.14,181.00,278.00,1.01,42988664,2026-09-23T02:01:32Z
B,orig,2d,async_win,128,8,0,0.00,100.00,415.71,310.16,227.75,21.62,60.80,13.00,725.87,437.33,2.19,181.00,278.00,1.01,42988788,2026-09-23T02:01:32Z
B,orig,2e_K10,async,128,8,0,0.00,100.00,399.42,326.29,229.53,96.76,,,725.71,496.18,2.18,181.00,281.00,1.01,42988720,2026-09-23T02:01:33Z
B,orig,2e_K10,async_win,128,8,0,0.00,100.00,397.86,325.71,227.13,36.35,62.24,23.00,723.57,434.21,2.17,181.00,281.00,1.01,42989580,2026-09-23T02:01:33Z
B,orig,2e_K500,async,128,8,0,0.00,100.00,449.11,1083.81,228.35,855.46,,,1532.92,1304.57,2.16,186.00,324.00,1.01,42990296,2026-09-23T02:01:33Z
B,orig,2e_K500,async_win,128,8,0,0.00,100.00,450.25,1019.52,229.52,699.34,90.66,460.00,1469.77,1149.59,2.15,186.00,323.00,1.01,42991064,2026-09-23T02:01:34Z
B,orig,2f_top14,async,128,8,0,0.00,100.00,406.51,309.21,228.83,80.38,,,715.72,486.89,2.20,181.00,277.00,1.01,42991136,2026-09-23T02:01:34Z
B,orig,2f_top14,async_win,128,8,0,0.00,100.00,403.27,310.39,228.58,21.71,60.10,13.00,713.66,424.98,2.15,181.00,277.00,1.01,42991668,2026-09-23T02:01:34Z
B,orig,2f_top28,async,128,8,0,0.00,100.00,413.09,329.76,232.14,97.62,,,742.85,510.71,2.18,181.00,280.00,1.01,42992332,2026-09-23T02:01:35Z
B,orig,2f_top28,async_win,128,8,0,0.00,100.00,409.53,328.92,229.69,36.90,62.33,27.00,738.45,446.43,2.17,181.00,279.00,1.01,42992964,2026-09-23T02:01:35Z
B,orig,2f_top100,async,128,8,0,0.00,100.00,399.61,427.64,228.55,199.09,,,827.25,598.70,2.15,185.00,292.00,1.01,42993876,2026-09-23T02:01:35Z
B,orig,2f_top100,async_win,128,8,0,0.00,100.00,412.93,423.67,230.00,128.44,65.22,95.00,836.60,541.37,2.19,185.00,294.00,1.01,42994612,2026-09-23T02:01:36Z
B,orig,2f_top500,async,128,8,0,0.00,100.00,454.93,1062.19,228.54,833.65,,,1517.12,1288.58,2.15,186.00,323.00,1.01,42995832,2026-09-23T02:01:36Z
B,orig,2f_top500,async_win,128,8,0,0.00,100.00,450.61,996.98,228.33,678.01,90.63,449.00,1447.59,1128.62,2.16,186.00,323.00,1.01,42997328,2026-09-23T02:01:36Z
B,orig,2f_slru,async,128,8,0,0.00,100.00,97.45,7164.65,227.88,6936.77,,,7262.10,7034.22,1.63,0.00,278.00,1.01,42994860,2026-09-23T02:01:36Z
B,orig,2f_slru,async_win,128,8,0,0.00,83.30,98.42,2482.75,231.59,1931.00,320.15,139.00,2581.17,2029.42,1.63,0.00,278.00,1.01,42985312,2026-09-23T02:01:37Z
B,orig,leaf_freq_K10,async,128,8,0,0.00,100.00,718.39,306.89,227.93,78.96,,,1025.28,797.35,2.20,181.00,276.00,1.01,42989748,2026-09-23T02:01:37Z
B,orig,leaf_freq_K10,async_win,128,8,0,0.00,100.00,725.56,307.68,229.87,16.99,60.81,10.00,1033.24,742.55,2.20,181.00,276.00,1.01,42991272,2026-09-23T02:01:37Z
B,orig,leaf_rand_K10,async,128,8,0,0.00,100.00,717.24,302.40,227.94,74.46,,,1019.64,791.70,2.18,181.00,276.00,1.01,42991944,2026-09-23T02:01:38Z
B,orig,leaf_rand_K10,async_win,128,8,0,0.00,100.00,706.52,315.55,238.00,15.81,61.75,10.00,1022.07,722.33,2.17,181.00,276.00,1.01,42991900,2026-09-23T02:01:38Z
B,orig,learned_markov_14,async,128,8,0,0.00,100.00,417.58,309.58,230.09,79.49,,,727.16,497.07,2.21,181.00,278.00,1.01,42992632,2026-09-23T02:01:38Z
B,orig,learned_markov_14,async_win,128,8,0,0.00,100.00,408.80,313.26,230.96,20.22,62.08,13.00,722.06,429.02,2.16,181.00,278.00,1.01,42993404,2026-09-23T02:01:39Z
B,orig,learned_markov_28,async,128,8,0,0.00,100.00,413.31,324.82,227.63,97.19,,,738.13,510.50,2.19,180.00,281.00,1.01,42993644,2026-09-23T02:01:39Z
B,orig,learned_markov_28,async_win,128,8,0,0.00,100.00,415.00,327.85,230.33,35.27,62.25,27.00,742.85,450.27,2.20,180.00,281.00,1.01,42994908,2026-09-23T02:01:39Z
C,orig,layers_5,async,128,8,0,0.00,100.00,1028.44,294.66,225.82,68.84,,,1323.10,1097.28,1.60,24.00,25.00,1.01,42996216,2026-09-23T02:01:40Z
C,orig,layers_5,async_win,128,8,0,0.00,100.00,1034.99,301.03,232.10,7.49,61.44,2.00,1336.02,1042.48,1.58,24.00,25.00,1.01,42996960,2026-09-23T02:01:40Z
C,orig,layers_92,async,128,8,0,0.00,100.00,657.18,379.59,184.17,195.43,,,1036.77,852.61,1.59,24.00,25.00,1.01,42996992,2026-09-23T02:01:40Z
C,orig,layers_92,async_win,128,8,0,0.00,100.00,656.74,365.55,185.76,115.00,64.79,87.00,1022.29,771.74,1.59,24.00,25.00,1.01,42998276,2026-09-23T02:01:40Z
C,orig,2d,async,128,8,0,0.00,100.00,650.40,252.49,185.05,67.44,,,902.89,717.84,1.60,24.00,25.00,1.01,42998836,2026-09-23T02:01:41Z
C,orig,2d,async_win,128,8,0,0.00,100.00,648.07,251.14,183.79,6.36,60.99,2.00,899.21,654.43,1.61,24.00,25.00,1.01,42998264,2026-09-23T02:01:41Z
C,orig,2e_K10,async,128,8,0,0.00,100.00,175.43,262.54,184.12,78.43,,,437.97,253.86,1.62,22.00,27.00,1.01,42998228,2026-09-23T02:01:41Z
C,orig,2e_K10,async_win,128,8,0,0.00,100.00,174.08,258.83,182.67,15.63,60.52,8.00,432.91,189.71,1.61,22.00,27.00,1.01,42998384,2026-09-23T02:01:41Z
C,orig,2e_K500,async,128,8,0,0.00,59.20,175.95,636.59,183.81,452.78,,,812.54,628.73,1.52,0.00,37.00,1.01,43015588,2026-09-23T02:01:42Z
C,orig,2e_K500,async_win,128,8,0,0.00,45.90,175.37,492.66,183.97,227.48,81.21,90.00,668.03,402.85,1.54,0.00,37.00,1.01,43016464,2026-09-23T02:01:42Z
C,orig,2f_top14,async,128,8,0,0.00,100.00,174.51,261.72,183.33,78.39,,,436.23,252.90,1.60,22.00,27.00,1.01,43015172,2026-09-23T02:01:42Z
C,orig,2f_top14,async_win,128,8,0,0.00,100.00,176.62,261.10,184.42,15.83,60.85,9.00,437.72,192.45,1.60,22.00,27.00,1.01,43012560,2026-09-23T02:01:42Z
C,orig,2f_top28,async,128,8,0,0.00,100.00,173.68,280.85,185.09,95.76,,,454.53,269.44,1.59,21.00,28.00,1.01,43013784,2026-09-23T02:01:43Z
C,orig,2f_top28,async_win,128,8,0,0.00,100.00,173.54,274.48,187.10,25.71,61.67,13.00,448.02,199.25,1.61,21.00,28.00,1.01,43012448,2026-09-23T02:01:43Z
C,orig,2f_top100,async,128,8,0,0.00,100.00,178.71,367.15,189.96,177.19,,,545.86,355.90,1.60,17.00,30.00,1.01,43013600,2026-09-23T02:01:43Z
C,orig,2f_top100,async_win,128,8,0,0.00,85.00,178.01,319.73,183.60,69.98,66.14,32.00,497.74,247.99,1.58,17.00,30.00,1.01,43014244,2026-09-23T02:01:43Z
C,orig,2f_top500,async,128,8,0,0.00,100.00,89.92,933.63,182.70,750.93,,,1023.55,840.85,1.52,0.00,37.00,1.01,43013872,2026-09-23T02:01:44Z
C,orig,2f_top500,async_win,128,8,0,0.00,100.00,88.89,498.90,184.44,224.69,89.77,16.00,587.79,313.58,1.53,0.00,37.00,1.01,43014432,2026-09-23T02:01:44Z
C,orig,2f_slru,async,128,8,0,0.00,100.00,91.01,935.80,184.88,750.92,,,1026.81,841.93,1.54,0.00,37.00,1.01,43014404,2026-09-23T02:01:44Z
C,orig,2f_slru,async_win,128,8,0,0.00,100.00,89.62,502.07,184.40,227.22,90.46,16.00,591.69,316.84,1.53,0.00,37.00,1.01,43014632,2026-09-23T02:01:44Z
C,orig,leaf_freq_K10,async,128,8,0,0.00,100.00,617.36,257.34,183.87,73.48,,,874.70,690.84,1.59,22.00,27.00,1.01,43015936,2026-09-23T02:01:45Z
C,orig,leaf_freq_K10,async_win,128,8,0,0.00,100.00,568.14,254.63,182.48,12.27,59.87,6.00,822.77,580.41,1.59,22.00,27.00,1.01,43015624,2026-09-23T02:01:45Z
C,orig,leaf_rand_K10,async,128,8,0,0.00,100.00,1015.89,259.45,184.14,75.31,,,1275.34,1091.20,1.60,24.00,25.00,1.01,43015560,2026-09-23T02:01:45Z
C,orig,leaf_rand_K10,async_win,128,8,0,0.00,100.00,979.65,258.80,183.29,14.47,61.03,10.00,1238.45,994.12,1.59,24.00,25.00,1.01,43015884,2026-09-23T02:01:45Z
C,orig,learned_markov_14,async,128,8,0,0.00,100.00,176.59,261.83,184.47,77.37,,,438.42,253.96,1.63,22.00,27.00,1.01,43015596,2026-09-23T02:01:46Z
C,orig,learned_markov_14,async_win,128,8,0,0.00,100.00,177.03,260.39,184.53,15.14,60.72,9.00,437.42,192.17,1.59,22.00,27.00,1.01,43016244,2026-09-23T02:01:46Z
C,orig,learned_markov_28,async,128,8,0,0.00,100.00,174.82,279.45,183.78,95.67,,,454.27,270.49,1.59,21.00,28.00,1.01,43014240,2026-09-23T02:01:46Z
C,orig,learned_markov_28,async_win,128,8,0,0.00,100.00,172.25,270.17,182.56,25.75,61.86,13.00,442.42,198.00,1.59,21.00,28.00,1.01,43015936,2026-09-23T02:01:46Z
C_hit,orig,layers_5,async,128,8,0,0.00,100.00,929.99,253.37,184.95,68.42,,,1183.36,998.41,1.67,36.00,64.00,1.01,42996464,2026-09-23T02:01:47Z
C_hit,orig,layers_5,async_win,128,8,0,0.00,100.00,934.76,254.55,187.11,7.09,60.34,2.00,1189.31,941.85,1.70,36.00,64.00,1.01,42997380,2026-09-23T02:01:47Z
C_hit,orig,layers_92,async,128,8,0,0.00,100.00,624.69,384.77,184.49,200.29,,,1009.46,824.98,1.68,35.00,65.00,1.01,42998464,2026-09-23T02:01:47Z
C_hit,orig,layers_92,async_win,128,8,0,0.00,100.00,561.25,366.93,184.33,117.77,64.83,87.00,928.18,679.02,1.68,35.00,65.00,1.01,42998200,2026-09-23T02:01:47Z
C_hit,orig,2d,async,128,8,0,0.00,100.00,589.00,252.29,183.78,68.52,,,841.29,657.52,1.68,35.00,65.00,1.01,42998708,2026-09-23T02:01:48Z
C_hit,orig,2d,async_win,128,8,0,0.00,100.00,591.98,254.58,186.16,7.45,60.97,3.00,846.56,599.43,1.65,35.00,65.00,1.01,42999380,2026-09-23T02:01:48Z
C_hit,orig,2e_K10,async,128,8,0,0.00,100.00,528.76,261.73,181.86,79.87,,,790.49,608.63,1.67,35.00,66.00,1.01,42989768,2026-09-23T02:01:48Z
C_hit,orig,2e_K10,async_win,128,8,0,0.00,100.00,620.80,262.77,185.19,16.32,61.27,6.00,883.57,637.12,1.66,35.00,66.00,1.01,42990356,2026-09-23T02:01:49Z
C_hit,orig,2e_K500,async,128,8,0,0.00,42.40,174.08,884.84,184.83,700.02,,,1058.92,874.10,1.58,9.00,65.00,1.01,42987272,2026-09-23T02:01:49Z
C_hit,orig,2e_K500,async_win,128,8,0,0.00,31.70,175.17,626.27,184.85,351.59,89.83,139.00,801.44,526.76,1.60,9.00,65.00,1.01,42987868,2026-09-23T02:01:49Z
C_hit,orig,2f_top14,async,128,8,0,0.00,100.00,531.14,260.67,182.53,78.14,,,791.81,609.28,1.67,35.00,66.00,1.01,42990504,2026-09-23T02:01:49Z
C_hit,orig,2f_top14,async_win,128,8,0,0.00,100.00,555.68,265.84,188.91,16.85,60.08,6.00,821.52,572.53,1.67,35.00,66.00,1.01,42991416,2026-09-23T02:01:50Z
C_hit,orig,2f_top28,async,128,8,0,0.00,100.00,557.09,278.42,183.79,94.64,,,835.51,651.73,1.66,35.00,66.00,1.01,42991704,2026-09-23T02:01:50Z
C_hit,orig,2f_top28,async_win,128,8,0,0.00,100.00,517.31,270.60,187.66,22.11,60.82,8.00,787.91,539.42,1.68,35.00,66.00,1.01,42992480,2026-09-23T02:01:50Z
C_hit,orig,2f_top100,async,128,8,0,0.00,100.00,581.95,356.54,183.27,173.27,,,938.49,755.22,1.65,30.00,67.00,1.01,42991948,2026-09-23T02:01:50Z
C_hit,orig,2f_top100,async_win,128,8,0,0.00,58.00,584.42,318.19,184.05,69.59,64.55,28.00,902.61,654.01,1.66,30.00,67.00,1.01,42992660,2026-09-23T02:01:51Z
C_hit,orig,2f_top500,async,128,8,0,0.00,44.00,176.88,852.84,183.60,669.24,,,1029.72,846.12,1.59,9.00,65.00,1.01,42992464,2026-09-23T02:01:51Z
C_hit,orig,2f_top500,async_win,128,8,0,0.00,31.60,176.95,599.28,183.38,325.41,90.48,138.00,776.23,502.36,1.62,9.00,65.00,1.01,42993172,2026-09-23T02:01:51Z
C_hit,orig,2f_slru,async,128,8,0,0.00,100.00,93.53,1629.95,184.31,1445.65,,,1723.48,1539.18,1.57,0.00,62.00,1.01,42994312,2026-09-23T02:01:51Z
C_hit,orig,2f_slru,async_win,128,8,0,0.00,100.00,88.85,761.75,183.53,413.74,164.48,29.00,850.60,502.59,1.56,0.00,62.00,1.01,42994720,2026-09-23T02:01:52Z
C_hit,orig,leaf_freq_K10,async,128,8,0,0.00,100.00,879.43,255.66,184.03,71.64,,,1135.09,951.07,1.67,36.00,64.00,1.01,42994828,2026-09-23T02:01:52Z
C_hit,orig,leaf_freq_K10,async_win,128,8,0,0.00,100.00,837.15,251.96,183.24,9.19,59.53,3.00,1089.11,846.34,1.70,36.00,64.00,1.01,42995112,2026-09-23T02:01:52Z
C_hit,orig,leaf_rand_K10,async,128,8,0,0.00,100.00,948.99,259.29,183.62,75.66,,,1208.28,1024.65,1.69,36.00,64.00,1.01,42995336,2026-09-23T02:01:52Z
C_hit,orig,leaf_rand_K10,async_win,128,8,0,0.00,100.00,968.36,259.73,183.59,16.79,59.34,10.00,1228.09,985.15,1.69,36.00,64.00,1.01,42996040,2026-09-23T02:01:53Z
C_hit,orig,learned_markov_14,async,128,8,0,0.00,100.00,561.23,263.01,184.94,78.08,,,824.24,639.31,1.66,35.00,66.00,1.01,42996964,2026-09-23T02:01:53Z
C_hit,orig,learned_markov_14,async_win,128,8,0,0.00,100.00,587.47,261.43,184.84,16.39,60.20,6.00,848.90,603.86,1.66,35.00,66.00,1.01,42997448,2026-09-23T02:01:53Z
C_hit,orig,learned_markov_28,async,128,8,0,0.00,100.00,584.44,290.97,181.79,109.17,,,875.41,693.61,1.66,35.00,66.00,1.01,42995892,2026-09-23T02:01:54Z
C_hit,orig,learned_markov_28,async_win,128,8,0,0.00,100.00,505.77,269.03,185.06,23.34,60.62,8.00,774.80,529.11,1.66,35.00,66.00,1.01,42996412,2026-09-23T02:01:54Z
A,orig,baseline,baseline,128,9,0,0.00,0.00,490.54,0.00,0.00,0.00,,,490.54,490.54,2.09,180.00,270.00,1.01,42996600,2026-09-23T02:01:54Z
B,orig,baseline,baseline,128,9,0,0.00,0.00,744.10,0.00,0.00,0.00,,,744.10,744.10,2.19,181.00,273.00,1.01,42997188,2026-09-23T02:01:54Z
C,orig,baseline,baseline,128,9,0,0.00,0.00,1073.76,0.00,0.00,0.00,,,1073.76,1073.76,1.60,24.00,25.00,1.01,42997732,2026-09-23T02:01:55Z
C_hit,orig,baseline,baseline,128,9,0,0.00,0.00,963.14,0.00,0.00,0.00,,,963.14,963.14,1.65,36.00,64.00,1.01,42999164,2026-09-23T02:01:55Z
A,orig,layers_5,async,128,9,0,0.00,100.00,381.38,264.41,195.22,69.19,,,645.79,450.57,2.09,180.00,271.00,1.01,42997472,2026-09-23T02:01:55Z
A,orig,layers_5,async_win,128,9,0,0.00,100.00,354.21,262.77,194.32,7.14,61.31,2.00,616.98,361.35,2.13,180.00,271.00,1.01,42998112,2026-09-23T02:01:56Z
A,orig,layers_92,async,128,9,0,0.00,100.00,360.94,398.14,197.50,200.64,,,759.08,561.58,2.13,178.00,283.00,1.01,42998096,2026-09-23T02:01:56Z
A,orig,layers_92,async_win,128,9,0,0.00,100.00,358.51,385.62,195.33,123.75,66.53,87.00,744.13,482.26,2.14,178.00,283.00,1.01,42998520,2026-09-23T02:01:56Z
A,orig,2d,async,128,9,0,0.00,100.00,319.94,314.25,231.60,82.66,,,634.19,402.60,2.11,178.00,283.00,1.01,42999060,2026-09-23T02:01:57Z
A,orig,2d,async_win,128,9,0,0.00,100.00,328.55,315.87,233.43,21.09,61.36,13.00,644.42,349.64,2.17,178.00,283.00,1.01,42998736,2026-09-23T02:01:57Z
A,orig,2e_K10,async,128,9,0,0.00,100.00,362.68,329.44,233.94,95.50,,,692.12,458.18,2.11,181.00,287.00,1.01,42998060,2026-09-23T02:01:57Z
A,orig,2e_K10,async_win,128,9,0,0.00,100.00,324.24,332.06,232.71,36.88,62.48,22.00,656.30,361.12,2.13,181.00,287.00,1.01,42998072,2026-09-23T02:01:57Z
A,orig,2e_K500,async,128,9,0,0.00,100.00,179.61,1110.96,233.76,877.20,,,1290.57,1056.81,2.08,181.00,410.00,1.00,42999624,2026-09-23T02:01:58Z
A,orig,2e_K500,async_win,128,9,0,0.00,100.00,178.76,1067.31,230.90,708.21,128.19,492.00,1246.07,886.97,2.13,181.00,409.00,1.00,42999640,2026-09-23T02:01:58Z
A,orig,2f_top14,async,128,9,0,0.00,100.00,368.66,310.54,231.40,79.15,,,679.20,447.81,2.11,182.00,281.00,1.00,43000364,2026-09-23T02:01:58Z
A,orig,2f_top14,async_win,128,9,0,0.00,100.00,382.04,311.50,230.48,19.23,61.79,13.00,693.54,401.27,2.10,182.00,281.00,1.00,42983004,2026-09-23T02:01:59Z
A,orig,2f_top28,async,128,9,0,0.00,100.00,351.63,334.03,233.01,101.02,,,685.66,452.65,2.13,183.00,288.00,1.00,42983212,2026-09-23T02:01:59Z
A,orig,2f_top28,async_win,128,9,0,0.00,100.00,363.40,333.53,233.53,38.13,61.87,27.00,696.93,401.53,2.15,183.00,288.00,1.00,42985172,2026-09-23T02:01:59Z
A,orig,2f_top100,async,128,9,0,0.00,100.00,244.46,427.85,227.48,200.37,,,672.31,444.83,2.12,183.00,324.00,1.00,42985192,2026-09-23T02:02:00Z
A,orig,2f_top100,async_win,128,9,0,0.00,100.00,282.95,422.06,226.71,129.53,65.82,99.00,705.01,412.48,2.14,183.00,324.00,1.00,42984844,2026-09-23T02:02:00Z
A,orig,2f_top500,async,128,9,0,0.00,100.00,178.77,1037.00,228.14,808.86,,,1215.77,987.63,2.08,179.00,415.00,1.00,42986144,2026-09-23T02:02:00Z
A,orig,2f_top500,async_win,128,9,0,0.00,100.00,182.32,1006.08,227.53,687.73,90.82,481.00,1188.40,870.05,2.07,179.00,412.00,1.00,42986796,2026-09-23T02:02:01Z
A,orig,2f_slru,async,128,9,0,0.00,100.00,95.35,7121.21,229.89,6891.32,,,7216.56,6986.67,1.57,0.00,278.00,1.00,42987228,2026-09-23T02:02:01Z
A,orig,2f_slru,async_win,128,9,0,0.00,79.00,96.48,2534.47,234.40,1908.19,391.88,138.00,2630.95,2004.67,1.56,0.00,278.00,1.00,42987832,2026-09-23T02:02:01Z
A,orig,leaf_freq_K10,async,128,9,0,0.00,100.00,487.81,305.20,229.06,76.14,,,793.01,563.95,2.14,183.00,274.00,1.00,42990872,2026-09-23T02:02:01Z
A,orig,leaf_freq_K10,async_win,128,9,0,0.00,100.00,488.53,308.12,230.20,15.76,62.16,10.00,796.65,504.29,2.17,183.00,274.00,1.00,42991576,2026-09-23T02:02:02Z
A,orig,leaf_rand_K10,async,128,9,0,0.00,100.00,482.83,304.75,230.21,74.54,,,787.58,557.37,2.11,180.00,270.00,1.00,43014340,2026-09-23T02:02:02Z
A,orig,leaf_rand_K10,async_win,128,9,0,0.00,100.00,484.59,305.63,229.08,15.18,61.38,10.00,790.22,499.77,2.14,180.00,270.00,1.00,43016112,2026-09-23T02:02:02Z
A,orig,learned_markov_14,async,128,9,0,0.00,100.00,370.69,308.63,226.55,82.08,,,679.32,452.77,2.09,178.00,283.00,1.00,43016720,2026-09-23T02:02:03Z
A,orig,learned_markov_14,async_win,128,9,0,0.00,100.00,399.74,309.13,227.00,20.83,61.30,13.00,708.87,420.57,2.13,178.00,282.00,1.00,43016916,2026-09-23T02:02:03Z
A,orig,learned_markov_28,async,128,9,0,0.00,100.00,357.72,335.10,231.96,103.14,,,692.82,460.86,2.12,178.00,286.00,1.00,43017088,2026-09-23T02:02:03Z
A,orig,learned_markov_28,async_win,128,9,0,0.00,100.00,360.78,331.45,229.53,39.03,62.89,26.00,692.23,399.81,2.14,178.00,286.00,1.00,43017808,2026-09-23T02:02:04Z
B,orig,layers_5,async,128,9,0,0.00,100.00,408.96,298.65,229.27,69.38,,,707.61,478.34,2.19,182.00,272.00,1.00,43018420,2026-09-23T02:02:04Z
B,orig,layers_5,async_win,128,9,0,0.00,100.00,412.10,302.14,233.07,7.34,61.73,2.00,714.24,419.44,2.21,182.00,272.00,1.00,43007032,2026-09-23T02:02:04Z
B,orig,layers_92,async,128,9,0,0.00,100.00,404.66,427.36,229.80,197.56,,,832.02,602.22,2.18,181.00,278.00,1.00,43014312,2026-09-23T02:02:05Z
B,orig,layers_92,async_win,128,9,0,0.00,100.00,408.78,416.16,225.77,123.70,66.69,87.00,824.94,532.48,2.17,181.00,278.00,1.00,43014696,2026-09-23T02:02:05Z
B,orig,2d,async,128,9,0,0.00,100.00,399.50,312.40,225.60,86.79,,,711.90,486.29,2.19,181.00,278.00,1.00,43015064,2026-09-23T02:02:05Z
B,orig,2d,async_win,128,9,0,0.00,100.00,403.20,316.62,230.43,23.27,62.91,13.00,719.82,426.47,2.19,181.00,278.00,1.00,43016896,2026-09-23T02:02:05Z
B,orig,2e_K10,async,128,9,0,0.00,100.00,402.81,327.45,228.09,99.37,,,730.26,502.18,2.16,181.00,281.00,1.00,43016488,2026-09-23T02:02:06Z
B,orig,2e_K10,async_win,128,9,0,0.00,100.00,401.88,328.90,229.13,36.40,63.37,23.00,730.78,438.28,2.19,181.00,281.00,1.00,43016884,2026-09-23T02:02:06Z
B,orig,2e_K500,async,128,9,0,0.00,100.00,399.45,1111.97,233.00,878.97,,,1511.42,1278.42,2.18,186.00,325.00,1.00,43017620,2026-09-23T02:02:06Z
B,orig,2e_K500,async_win,128,9,0,0.00,100.00,451.27,985.45,229.59,665.89,89.97,460.00,1436.72,1117.16,2.20,186.00,325.00,1.00,43018588,2026-09-23T02:02:07Z
B,orig,2f_top14,async,128,9,0,0.00,100.00,398.20,309.01,228.93,80.08,,,707.21,478.28,2.20,181.00,277.00,1.00,43018052,2026-09-23T02:02:07Z
B,orig,2f_top14,async_win,128,9,0,0.00,100.00,411.12,307.74,226.78,19.80,61.16,13.00,718.86,430.92,2.21,181.00,277.00,1.00,43002092,2026-09-23T02:02:07Z
B,orig,2f_top28,async,128,9,0,0.00,100.00,407.22,326.76,229.51,97.25,,,733.98,504.47,2.19,181.00,279.00,1.00,43004748,2026-09-23T02:02:08Z
B,orig,2f_top28,async_win,128,9,0,0.00,100.00,405.95,327.19,228.31,37.34,61.54,27.00,733.14,443.29,2.18,181.00,279.00,1.00,43004492,2026-09-23T02:02:08Z
B,orig,2f_top100,async,128,9,0,0.00,100.00,413.61,435.09,229.41,205.68,,,848.70,619.29,2.22,185.00,294.00,1.00,43005352,2026-09-23T02:02:08Z
B,orig,2f_top100,async_win,128,9,0,0.00,100.00,409.40,434.39,238.70,129.39,66.30,95.00,843.79,538.79,2.21,185.00,294.00,1.00,43004600,2026-09-23T02:02:09Z
B,orig,2f_top500,async,128,9,0,0.00,100.00,453.52,1057.24,230.35,826.88,,,1510.76,1280.40,2.16,186.00,326.00,1.00,43005344,2026-09-23T02:02:09Z
B,orig,2f_top500,async_win,128,9,0,0.00,100.00,451.15,986.02,228.36,666.76,90.90,449.00,1437.17,1117.91,2.19,186.00,325.00,1.00,43004908,2026-09-23T02:02:09Z
B,orig,2f_slru,async,128,9,0,0.00,100.00,97.07,7076.14,222.31,6853.84,,,7173.21,6950.91,1.63,0.00,278.00,1.00,42998012,2026-09-23T02:02:10Z
B,orig,2f_slru,async_win,128,9,0,0.00,92.00,98.11,2608.12,228.90,2038.38,340.84,139.00,2706.23,2136.49,1.62,0.00,278.00,1.00,42995460,2026-09-23T02:02:10Z
B,orig,leaf_freq_K10,async,128,9,0,0.00,100.00,713.92,303.93,229.40,74.53,,,1017.85,788.45,2.18,181.00,276.00,1.00,42997944,2026-09-23T02:02:10Z
B,orig,leaf_freq_K10,async_win,128,9,0,0.00,100.00,724.87,304.31,227.66,15.18,61.48,10.00,1029.18,740.05,2.18,181.00,275.00,1.00,42997408,2026-09-23T02:02:10Z
B,orig,leaf_rand_K10,async,128,9,0,0.00,100.00,726.49,306.87,230.64,76.22,,,1033.36,802.71,2.20,181.00,276.00,1.00,42998092,2026-09-23T02:02:11Z
B,orig,leaf_rand_K10,async_win,128,9,0,0.00,100.00,710.64,305.20,228.08,16.15,60.98,10.00,1015.84,726.79,2.20,181.00,276.00,1.00,42998200,2026-09-23T02:02:11Z
B,orig,learned_markov_14,async,128,9,0,0.00,100.00,410.81,308.89,227.90,80.99,,,719.70,491.80,2.18,181.00,278.00,1.00,42998072,2026-09-23T02:02:11Z
B,orig,learned_markov_14,async_win,128,9,0,0.00,100.00,407.90,309.60,228.07,19.54,62.00,13.00,717.50,427.44,2.15,181.00,278.00,1.00,42998248,2026-09-23T02:02:12Z
B,orig,learned_markov_28,async,128,9,0,0.00,100.00,396.98,325.79,229.52,96.27,,,722.77,493.25,2.21,180.00,281.00,1.00,42998996,2026-09-23T02:02:12Z
B,orig,learned_markov_28,async_win,128,9,0,0.00,100.00,399.63,329.00,229.23,37.45,62.32,27.00,728.63,437.08,2.21,180.00,281.00,1.00,42999004,2026-09-23T02:02:12Z
C,orig,layers_5,async,128,9,0,0.00,100.00,852.75,298.29,228.91,69.38,,,1151.04,922.13,1.60,24.00,25.00,1.00,43000640,2026-09-23T02:02:13Z
C,orig,layers_5,async_win,128,9,0,0.00,100.00,1036.77,296.68,228.19,7.93,60.55,2.00,1333.45,1044.70,1.60,24.00,25.00,1.00,43001464,2026-09-23T02:02:13Z
C,orig,layers_92,async,128,9,0,0.00,100.00,593.38,378.42,184.58,193.84,,,971.80,787.22,1.60,24.00,25.00,1.00,43001880,2026-09-23T02:02:13Z
C,orig,layers_92,async_win,128,9,0,0.00,100.00,652.28,364.02,184.67,114.73,64.63,87.00,1016.30,767.01,1.60,24.00,25.00,1.00,43001436,2026-09-23T02:02:13Z
C,orig,2d,async,128,9,0,0.00,100.00,652.20,251.76,184.43,67.34,,,903.96,719.54,1.59,24.00,25.00,1.00,43001580,2026-09-23T02:02:14Z
C,orig,2d,async_win,128,9,0,0.00,100.00,654.11,247.38,180.50,7.20,59.68,2.00,901.49,661.31,1.59,24.00,25.00,1.00,43002032,2026-09-23T02:02:14Z
C,orig,2e_K10,async,128,9,0,0.00,100.00,177.44,260.42,183.51,76.90,,,437.86,254.34,1.61,22.00,27.00,1.00,43002360,2026-09-23T02:02:14Z
C,orig,2e_K10,async_win,128,9,0,0.00,100.00,173.30,259.61,182.36,16.72,60.52,8.00,432.91,190.02,1.60,22.00,27.00,1.00,43001932,2026-09-23T02:02:14Z
C,orig,2e_K500,async,128,9,0,0.00,66.60,177.67,637.74,184.03,453.71,,,815.41,631.38,1.53,0.00,37.00,1.00,42987408,2026-09-23T02:02:15Z
C,orig,2e_K500,async_win,128,9,0,0.00,100.00,175.30,510.53,182.73,246.28,81.51,90.00,685.83,421.58,1.54,0.00,37.00,1.00,42984856,2026-09-23T02:02:15Z
C,orig,2f_top14,async,128,9,0,0.00,100.00,175.38,263.81,184.61,79.20,,,439.19,254.58,1.61,22.00,27.00,1.00,42984988,2026-09-23T02:02:15Z
C,orig,2f_top14,async_win,128,9,0,0.00,100.00,173.72,258.43,181.27,16.63,60.52,9.00,432.15,190.35,1.59,22.00,27.00,1.00,42987096,2026-09-23T02:02:15Z
C,orig,2f_top28,async,128,9,0,0.00,100.00,172.85,278.96,183.94,95.03,,,451.81,267.88,1.60,21.00,28.00,1.00,42988204,2026-09-23T02:02:16Z
C,orig,2f_top28,async_win,128,9,0,0.00,100.00,176.13,272.90,183.99,27.04,61.88,13.00,449.03,203.17,1.59,21.00,28.00,1.00,42988864,2026-09-23T02:02:16Z
C,orig,2f_top100,async,128,9,0,0.00,100.00,176.48,360.87,182.48,178.38,,,537.35,354.86,1.60,17.00,30.00,1.00,42989352,2026-09-23T02:02:16Z
C,orig,2f_top100,async_win,128,9,0,0.00,80.00,175.32,320.16,182.92,72.13,65.11,32.00,495.48,247.45,1.58,17.00,30.00,1.00,42990164,2026-09-23T02:02:16Z
C,orig,2f_top500,async,128,9,0,0.00,100.00,89.04,954.43,183.28,771.16,,,1043.47,860.20,1.53,0.00,37.00,1.00,42990748,2026-09-23T02:02:17Z
C,orig,2f_top500,async_win,128,9,0,0.00,100.00,90.48,502.10,182.62,230.53,88.95,16.00,592.58,321.01,1.53,0.00,37.00,1.00,42991676,2026-09-23T02:02:17Z
C,orig,2f_slru,async,128,9,0,0.00,100.00,90.06,941.55,185.71,755.84,,,1031.61,845.90,1.54,0.00,37.00,1.00,42991372,2026-09-23T02:02:17Z
C,orig,2f_slru,async_win,128,9,0,0.00,100.00,88.76,511.03,186.69,234.39,89.95,16.00,599.79,323.15,1.54,0.00,37.00,1.00,42992080,2026-09-23T02:02:17Z
C,orig,leaf_freq_K10,async,128,9,0,0.00,100.00,617.24,255.57,181.27,74.30,,,872.81,691.54,1.60,22.00,27.00,1.00,42993440,2026-09-23T02:02:18Z
C,orig,leaf_freq_K10,async_win,128,9,0,0.00,100.00,566.06,255.98,182.99,12.17,60.81,6.00,822.04,578.23,1.60,22.00,27.00,1.00,42993448,2026-09-23T02:02:18Z
C,orig,leaf_rand_K10,async,128,9,0,0.00,100.00,985.15,255.30,181.18,74.12,,,1240.45,1059.27,1.61,24.00,25.00,1.00,42994288,2026-09-23T02:02:18Z
C,orig,leaf_rand_K10,async_win,128,9,0,0.00,100.00,1042.55,257.74,182.08,14.37,61.28,10.00,1300.29,1056.92,1.60,24.00,25.00,1.00,42994376,2026-09-23T02:02:18Z
C,orig,learned_markov_14,async,128,9,0,0.00,100.00,175.65,262.29,183.75,78.55,,,437.94,254.20,1.62,22.00,27.00,1.00,42994488,2026-09-23T02:02:19Z
C,orig,learned_markov_14,async_win,128,9,0,0.00,100.00,173.67,261.70,183.21,17.33,61.16,9.00,435.37,191.00,1.61,22.00,27.00,1.00,42991908,2026-09-23T02:02:19Z
C,orig,learned_markov_28,async,128,9,0,0.00,100.00,175.11,278.65,182.83,95.82,,,453.76,270.93,1.59,21.00,28.00,1.00,42993820,2026-09-23T02:02:19Z
C,orig,learned_markov_28,async_win,128,9,0,0.00,100.00,173.79,271.58,182.68,27.37,61.53,13.00,445.37,201.16,1.60,21.00,28.00,1.00,42993080,2026-09-23T02:02:20Z
C_hit,orig,layers_5,async,128,9,0,0.00,100.00,898.59,248.95,180.24,68.71,,,1147.54,967.30,1.66,36.00,64.00,1.00,42992892,2026-09-23T02:02:20Z
C_hit,orig,layers_5,async_win,128,9,0,0.00,100.00,993.69,252.85,183.94,7.92,60.99,2.00,1246.54,1001.61,1.68,36.00,64.00,1.00,42990912,2026-09-23T02:02:20Z
C_hit,orig,layers_92,async,128,9,0,0.00,100.00,618.64,372.96,182.75,190.21,,,991.60,808.85,1.68,35.00,65.00,1.00,42993736,2026-09-23T02:02:20Z
C_hit,orig,layers_92,async_win,128,9,0,0.00,100.00,560.49,358.52,183.78,109.93,64.81,87.00,919.01,670.42,1.71,35.00,65.00,1.00,42993788,2026-09-23T02:02:21Z
C_hit,orig,2d,async,128,9,0,0.00,100.00,587.70,248.95,181.34,67.61,,,836.65,655.31,1.67,35.00,65.00,1.00,42994116,2026-09-23T02:02:21Z
C_hit,orig,2d,async_win,128,9,0,0.00,100.00,587.88,248.93,180.66,8.21,60.06,3.00,836.81,596.09,1.66,35.00,65.00,1.00,42994644,2026-09-23T02:02:21Z
C_hit,orig,2e_K10,async,128,9,0,0.00,100.00,595.31,264.40,184.78,79.62,,,859.71,674.93,1.66,35.00,66.00,1.00,42996028,2026-09-23T02:02:21Z
C_hit,orig,2e_K10,async_win,128,9,0,0.00,100.00,558.35,260.59,184.08,15.57,60.95,6.00,818.94,573.92,1.69,35.00,66.00,1.00,42996100,2026-09-23T02:02:22Z
C_hit,orig,2e_K500,async,128,9,0,0.00,45.10,174.99,869.85,182.36,687.48,,,1044.84,862.47,1.59,9.00,65.00,1.00,42995524,2026-09-23T02:02:22Z
C_hit,orig,2e_K500,async_win,128,9,0,0.00,100.00,177.06,630.62,185.01,355.11,90.50,139.00,807.68,532.17,1.60,9.00,65.00,1.00,42996308,2026-09-23T02:02:22Z
C_hit,orig,2f_top14,async,128,9,0,0.00,100.00,596.90,257.43,180.26,77.17,,,854.33,674.07,1.66,35.00,66.00,1.00,43022380,2026-09-23T02:02:22Z
C_hit,orig,2f_top14,async_win,128,9,0,0.00,100.00,619.12,259.08,183.28,15.45,60.34,6.00,878.20,634.57,1.67,35.00,66.00,1.00,43022640,2026-09-23T02:02:23Z
C_hit,orig,2f_top28,async,128,9,0,0.00,100.00,593.63,276.08,181.80,94.28,,,869.71,687.91,1.67,35.00,66.00,1.00,43023460,2026-09-23T02:02:23Z
C_hit,orig,2f_top28,async_win,128,9,0,0.00,100.00,527.89,265.60,181.54,22.70,61.35,8.00,793.49,550.59,1.66,35.00,66.00,1.00,43023324,2026-09-23T02:02:23Z
C_hit,orig,2f_top100,async,128,9,0,0.00,100.00,547.45,363.32,181.03,182.29,,,910.77,729.74,1.64,30.00,67.00,1.00,43023516,2026-09-23T02:02:23Z
C_hit,orig,2f_top100,async_win,128,9,0,0.00,100.00,578.89,323.39,183.60,75.82,63.97,28.00,902.28,654.71,1.66,30.00,67.00,1.00,43023604,2026-09-23T02:02:24Z
C_hit,orig,2f_top500,async,128,9,0,0.00,40.20,174.29,838.69,183.25,655.43,,,1012.98,829.72,1.57,9.00,65.00,1.00,43023296,2026-09-23T02:02:24Z
C_hit,orig,2f_top500,async_win,128,9,0,0.00,37.80,173.92,615.10,183.66,341.49,89.95,138.00,789.02,515.41,1.58,9.00,65.00,1.00,43023192,2026-09-23T02:02:24Z
C_hit,orig,2f_slru,async,128,9,0,0.00,100.00,87.48,1625.78,176.12,1449.65,,,1713.26,1537.13,1.55,0.00,62.00,1.00,43025872,2026-09-23T02:02:25Z
C_hit,orig,2f_slru,async_win,128,9,0,0.00,100.00,89.69,764.97,182.70,421.94,160.32,29.00,854.66,511.63,1.55,0.00,62.00,1.00,43026584,2026-09-23T02:02:25Z
C_hit,orig,leaf_freq_K10,async,128,9,0,0.00,100.00,864.72,255.30,183.78,71.53,,,1120.02,936.25,1.67,36.00,64.00,1.00,43025732,2026-09-23T02:02:25Z
C_hit,orig,leaf_freq_K10,async_win,128,9,0,0.00,100.00,907.37,255.66,181.41,10.32,63.93,3.00,1163.03,917.69,1.68,36.00,64.00,1.00,43028320,2026-09-23T02:02:25Z
C_hit,orig,leaf_rand_K10,async,128,9,0,0.00,100.00,944.11,258.70,184.89,73.81,,,1202.81,1017.92,1.67,36.00,64.00,1.00,43028964,2026-09-23T02:02:26Z
C_hit,orig,leaf_rand_K10,async_win,128,9,0,0.00,100.00,947.15,258.78,184.50,16.05,58.23,10.00,1205.93,963.20,1.67,36.00,64.00,1.00,43027856,2026-09-23T02:02:26Z
C_hit,orig,learned_markov_14,async,128,9,0,0.00,100.00,593.59,261.69,184.07,77.63,,,855.28,671.22,1.66,35.00,66.00,1.00,43028868,2026-09-23T02:02:26Z
C_hit,orig,learned_markov_14,async_win,128,9,0,0.00,100.00,589.46,262.44,184.82,16.80,60.82,6.00,851.90,606.26,1.66,35.00,66.00,1.00,43029512,2026-09-23T02:02:26Z
C_hit,orig,learned_markov_28,async,128,9,0,0.00,100.00,588.11,278.64,185.19,93.45,,,866.75,681.56,1.67,35.00,66.00,1.00,43029388,2026-09-23T02:02:27Z
C_hit,orig,learned_markov_28,async_win,128,9,0,0.00,100.00,505.96,266.05,181.50,23.36,61.19,8.00,772.01,529.32,1.66,35.00,66.00,1.00,43029764,2026-09-23T02:02:27Z
A,orig,baseline,baseline,128,10,0,0.00,0.00,516.14,0.00,0.00,0.00,,,516.14,516.14,2.14,180.00,270.00,1.00,43029948,2026-09-23T02:02:27Z
B,orig,baseline,baseline,128,10,0,0.00,0.00,733.42,0.00,0.00,0.00,,,733.42,733.42,2.18,181.00,273.00,1.00,43029800,2026-09-23T02:02:27Z
C,orig,baseline,baseline,128,10,0,0.00,0.00,1008.84,0.00,0.00,0.00,,,1008.84,1008.84,1.62,24.00,25.00,1.00,43014112,2026-09-23T02:02:28Z
C_hit,orig,baseline,baseline,128,10,0,0.00,0.00,963.54,0.00,0.00,0.00,,,963.54,963.54,1.65,36.00,64.00,1.00,43013680,2026-09-23T02:02:28Z
A,orig,layers_5,async,128,10,0,0.00,100.00,381.97,263.57,194.59,68.98,,,645.54,450.95,2.09,180.00,271.00,1.00,43015104,2026-09-23T02:02:28Z
A,orig,layers_5,async_win,128,10,0,0.00,100.00,401.51,266.71,194.16,10.77,61.78,2.00,668.22,412.28,2.10,180.00,271.00,1.00,43015184,2026-09-23T02:02:29Z
A,orig,layers_92,async,128,10,0,0.00,100.00,357.75,390.48,196.23,194.25,,,748.23,552.00,2.17,178.00,283.00,1.00,43015740,2026-09-23T02:02:29Z
A,orig,layers_92,async_win,128,10,0,0.00,100.00,360.10,376.26,195.26,114.97,66.03,87.00,736.36,475.07,2.15,178.00,283.00,1.00,43015820,2026-09-23T02:02:29Z
A,orig,2d,async,128,10,0,0.00,100.00,353.02,317.61,233.11,84.50,,,670.63,437.52,2.10,178.00,283.00,1.00,43016260,2026-09-23T02:02:30Z
A,orig,2d,async_win,128,10,0,0.00,100.00,325.39,315.69,232.57,20.94,62.19,13.00,641.08,346.33,2.13,178.00,283.00,1.00,43016332,2026-09-23T02:02:30Z
A,orig,2e_K10,async,128,10,0,0.00,100.00,351.70,330.72,232.64,98.08,,,682.42,449.78,2.11,181.00,287.00,1.00,43015504,2026-09-23T02:02:30Z
A,orig,2e_K10,async_win,128,10,0,0.00,100.00,355.65,325.21,232.56,30.77,61.89,22.00,680.86,386.42,2.12,181.00,287.00,1.00,43005888,2026-09-23T02:02:31Z
A,orig,2e_K500,async,128,10,0,0.00,100.00,179.90,1098.97,232.33,866.64,,,1278.87,1046.54,2.10,181.00,410.00,1.00,43007844,2026-09-23T02:02:31Z
A,orig,2e_K500,async_win,128,10,0,0.00,100.00,179.88,1081.58,231.25,719.93,130.41,492.00,1261.46,899.81,2.08,181.00,405.00,1.00,43007368,2026-09-23T02:02:31Z
A,orig,2f_top14,async,128,10,0,0.00,100.00,389.09,315.61,235.16,80.45,,,704.70,469.54,2.14,182.00,281.00,1.00,43009000,2026-09-23T02:02:31Z
A,orig,2f_top14,async_win,128,10,0,0.00,100.00,387.30,318.26,236.11,19.68,62.47,13.00,705.56,406.98,2.16,182.00,281.00,1.00,43009260,2026-09-23T02:02:32Z
A,orig,2f_top28,async,128,10,0,0.00,100.00,404.11,328.08,231.59,96.49,,,732.19,500.60,2.09,183.00,288.00,1.00,43008692,2026-09-23T02:02:32Z
A,orig,2f_top28,async_win,128,10,0,0.00,100.00,355.68,332.17,231.92,37.12,63.13,27.00,687.85,392.80,2.11,183.00,288.00,1.00,43008636,2026-09-23T02:02:32Z
A,orig,2f_top100,async,128,10,0,0.00,100.00,246.18,422.71,228.12,194.60,,,668.89,440.78,2.15,183.00,324.00,1.00,43008424,2026-09-23T02:02:33Z
A,orig,2f_top100,async_win,128,10,0,0.00,100.00,245.68,411.70,228.39,116.31,67.01,99.00,657.38,361.99,2.15,183.00,324.00,1.00,43008272,2026-09-23T02:02:33Z
A,orig,2f_top500,async,128,10,0,0.00,100.00,180.85,1054.12,229.54,824.58,,,1234.97,1005.43,2.08,179.00,412.00,1.00,43008104,2026-09-23T02:02:33Z
A,orig,2f_top500,async_win,128,10,0,0.00,100.00,182.35,1009.79,227.38,693.71,88.70,481.00,1192.14,876.06,2.09,179.00,413.00,1.00,43009164,2026-09-23T02:02:34Z
A,orig,2f_slru,async,128,10,0,0.00,100.00,95.71,7087.94,227.26,6860.69,,,7183.65,6956.40,1.56,0.00,278.00,1.00,43009348,2026-09-23T02:02:34Z
A,orig,2f_slru,async_win,128,10,0,0.00,85.50,96.49,2577.57,226.60,1956.04,394.93,138.00,2674.06,2052.53,1.56,0.00,278.00,1.00,43007940,2026-09-23T02:02:34Z
A,orig,leaf_freq_K10,async,128,10,0,0.00,100.00,487.37,305.92,230.98,74.93,,,793.29,562.30,2.15,183.00,274.00,1.00,43009300,2026-09-23T02:02:34Z
A,orig,leaf_freq_K10,async_win,128,10,0,0.00,100.00,482.18,304.14,227.93,14.57,61.65,10.00,786.32,496.75,2.17,183.00,274.00,1.00,43009524,2026-09-23T02:02:35Z
A,orig,leaf_rand_K10,async,128,10,0,0.00,100.00,426.65,305.69,226.49,79.21,,,732.34,505.86,2.11,180.00,270.00,1.00,43010668,2026-09-23T02:02:35Z
A,orig,leaf_rand_K10,async_win,128,10,0,0.00,100.00,488.26,305.29,228.89,14.59,61.82,10.00,793.55,502.85,2.14,180.00,270.00,1.00,43011884,2026-09-23T02:02:35Z
A,orig,learned_markov_14,async,128,10,0,0.00,100.00,355.30,308.11,228.98,79.13,,,663.41,434.43,2.15,178.00,282.00,1.00,43001788,2026-09-23T02:02:36Z
A,orig,learned_markov_14,async_win,128,10,0,0.00,100.00,393.92,306.57,225.45,19.28,61.84,13.00,700.49,413.20,2.09,178.00,282.00,1.00,43011604,2026-09-23T02:02:36Z
A,orig,learned_markov_28,async,128,10,0,0.00,100.00,355.27,325.28,228.61,96.67,,,680.55,451.94,2.11,178.00,287.00,1.00,43012488,2026-09-23T02:02:36Z
A,orig,learned_markov_28,async_win,128,10,0,0.00,100.00,355.46,323.93,224.36,37.35,62.22,26.00,679.39,392.81,2.11,178.00,286.00,1.00,43012988,2026-09-23T02:02:37Z
B,orig,layers_5,async,128,10,0,0.00,100.00,400.86,299.11,228.78,70.33,,,699.97,471.19,2.22,182.00,272.00,1.00,43013240,2026-09-23T02:02:37Z
B,orig,layers_5,async_win,128,10,0,0.00,100.00,418.14,297.20,228.21,7.61,61.38,2.00,715.34,425.75,2.24,182.00,272.00,1.00,43013428,2026-09-23T02:02:37Z
B,orig,layers_92,async,128,10,0,0.00,100.00,407.77,421.53,228.65,192.88,,,829.30,600.65,2.19,181.00,278.00,1.00,43012672,2026-09-23T02:02:38Z
B,orig,layers_92,async_win,128,10,0,0.00,100.00,430.79,417.42,227.51,123.56,66.34,87.00,848.21,554.35,2.19,181.00,278.00,1.00,43012184,2026-09-23T02:02:38Z
B,orig,2d,async,128,10,0,0.00,100.00,406.96,312.67,227.59,85.08,,,719.63,492.04,2.18,181.00,278.00,1.00,43011636,2026-09-23T02:02:38Z
B,orig,2d,async_win,128,10,0,0.00,100.00,408.36,312.68,228.18,22.09,62.41,13.00,721.04,430.45,2.17,181.00,278.00,1.00,43012340,2026-09-23T02:02:39Z
B,orig,2e_K10,async,128,10,0,0.00,100.00,407.07,327.56,229.26,98.30,,,734.63,505.37,2.19,181.00,281.00,1.00,43012744,2026-09-23T02:02:39Z
B,orig,2e_K10,async_win,128,10,0,0.00,100.00,418.75,333.63,233.13,34.49,66.00,23.00,752.38,453.24,2.20,181.00,281.00,1.00,43013328,2026-09-23T02:02:39Z
B,orig,2e_K500,async,128,10,0,0.00,100.00,451.16,1062.49,227.75,834.74,,,1513.65,1285.90,2.16,186.00,323.00,1.00,43013168,2026-09-23T02:02:40Z
B,orig,2e_K500,async_win,128,10,0,0.00,100.00,451.32,984.96,227.51,667.46,90.00,460.00,1436.28,1118.78,2.18,186.00,321.00,1.00,43013732,2026-09-23T02:02:40Z
B,orig,2f_top14,async,128,10,0,0.00,100.00,401.69,305.10,226.59,78.52,,,706.79,480.21,2.19,181.00,277.00,1.00,43013564,2026-09-23T02:02:40Z
B,orig,2f_top14,async_win,128,10,0,0.00,100.00,401.22,316.87,232.63,22.06,62.18,13.00,718.09,423.28,2.19,181.00,277.00,1.00,43013376,2026-09-23T02:02:40Z
B,orig,2f_top28,async,128,10,0,0.00,100.00,408.35,328.55,227.45,101.10,,,736.90,509.45,2.22,181.00,279.00,1.00,43013740,2026-09-23T02:02:41Z
B,orig,2f_top28,async_win,128,10,0,0.00,100.00,405.16,326.48,229.13,35.75,61.61,27.00,731.64,440.91,2.22,181.00,279.00,1.00,42999640,2026-09-23T02:02:41Z
B,orig,2f_top100,async,128,10,0,0.00,100.00,411.67,430.22,228.38,201.84,,,841.89,613.51,2.16,185.00,293.00,1.00,43000832,2026-09-23T02:02:41Z
B,orig,2f_top100,async_win,128,10,0,0.00,100.00,410.95,425.43,229.06,131.17,65.20,95.00,836.38,542.12,2.18,185.00,293.00,1.00,43001236,2026-09-23T02:02:42Z
B,orig,2f_top500,async,128,10,0,0.00,100.00,452.75,1065.48,227.96,837.52,,,1518.23,1290.27,2.19,186.00,327.00,1.00,43001768,2026-09-23T02:02:42Z
B,orig,2f_top500,async_win,128,10,0,0.00,100.00,453.38,990.13,227.98,673.59,88.57,449.00,1443.51,1126.97,2.15,186.00,326.00,1.00,43002104,2026-09-23T02:02:42Z
B,orig,2f_slru,async,128,10,0,0.00,100.00,96.39,7158.69,227.77,6930.92,,,7255.08,7027.31,1.60,0.00,278.00,1.00,43000056,2026-09-23T02:02:43Z
B,orig,2f_slru,async_win,128,10,0,0.00,82.60,96.10,2511.37,230.20,1959.81,321.35,139.00,2607.47,2055.91,1.61,0.00,278.00,1.00,43011280,2026-09-23T02:02:43Z
B,orig,leaf_freq_K10,async,128,10,0,0.00,100.00,727.05,307.32,230.24,77.08,,,1034.37,804.13,2.20,181.00,276.00,1.00,43014596,2026-09-23T02:02:43Z
B,orig,leaf_freq_K10,async_win,128,10,0,0.00,100.00,719.12,304.47,228.37,14.93,61.17,10.00,1023.59,734.05,2.15,181.00,275.00,1.00,43015348,2026-09-23T02:02:44Z
B,orig,leaf_rand_K10,async,128,10,0,0.00,100.00,717.42,308.33,229.20,79.13,,,1025.75,796.55,2.16,181.00,276.00,1.00,43016412,2026-09-23T02:02:44Z
B,orig,leaf_rand_K10,async_win,128,10,0,0.00,100.00,719.40,310.45,231.92,16.60,61.94,10.00,1029.85,736.00,2.18,181.00,276.00,1.00,43016964,2026-09-23T02:02:44Z
B,orig,learned_markov_14,async,128,10,0,0.00,100.00,428.12,311.41,230.34,81.06,,,739.53,509.18,2.19,181.00,278.00,1.00,43017112,2026-09-23T02:02:44Z
B,orig,learned_markov_14,async_win,128,10,0,0.00,100.00,419.05,309.34,228.92,19.00,61.42,13.00,728.39,438.05,2.21,181.00,278.00,1.00,43017788,2026-09-23T02:02:45Z
B,orig,learned_markov_28,async,128,10,0,0.00,100.00,402.15,325.62,228.74,96.88,,,727.77,499.03,2.16,180.00,281.00,1.00,43017840,2026-09-23T02:02:45Z
B,orig,learned_markov_28,async_win,128,10,0,0.00,100.00,409.94,326.18,224.95,39.22,62.01,27.00,736.12,449.16,2.14,180.00,281.00,1.00,43019708,2026-09-23T02:02:45Z
C,orig,layers_5,async,128,10,0,0.00,100.00,1037.03,296.97,228.37,68.60,,,1334.00,1105.63,1.58,24.00,25.00,1.00,43019756,2026-09-23T02:02:46Z
C,orig,layers_5,async_win,128,10,0,0.00,100.00,1033.72,298.40,229.63,7.15,61.62,2.00,1332.12,1040.87,1.60,24.00,25.00,1.00,43020820,2026-09-23T02:02:46Z
C,orig,layers_92,async,128,10,0,0.00,100.00,658.98,385.90,187.48,198.41,,,1044.88,857.39,1.59,24.00,25.00,1.00,43003820,2026-09-23T02:02:46Z
C,orig,layers_92,async_win,128,10,0,0.00,100.00,653.53,371.50,185.15,121.50,64.85,87.00,1025.03,775.03,1.60,24.00,25.00,1.00,43021128,2026-09-23T02:02:46Z
C,orig,2d,async,128,10,0,0.00,100.00,658.82,250.07,183.04,67.03,,,908.89,725.85,1.61,24.00,25.00,1.00,43022908,2026-09-23T02:02:47Z
C,orig,2d,async_win,128,10,0,0.00,100.00,653.51,248.55,182.61,6.60,59.33,2.00,902.06,660.11,1.61,24.00,25.00,1.00,43023052,2026-09-23T02:02:47Z
C,orig,2e_K10,async,128,10,0,0.00,100.00,176.72,264.04,184.85,79.19,,,440.76,255.91,1.61,22.00,27.00,1.00,43023300,2026-09-23T02:02:47Z
C,orig,2e_K10,async_win,128,10,0,0.00,100.00,173.72,260.19,183.00,16.71,60.47,8.00,433.91,190.43,1.60,22.00,27.00,1.00,43023840,2026-09-23T02:02:47Z
C,orig,2e_K500,async,128,10,0,0.00,67.50,179.05,642.82,182.67,460.14,,,821.87,639.19,1.53,0.00,37.00,1.00,43024224,2026-09-23T02:02:48Z
C,orig,2e_K500,async_win,128,10,0,0.00,45.90,176.65,490.47,183.05,225.34,82.07,90.00,667.12,401.99,1.53,0.00,37.00,1.00,43025100,2026-09-23T02:02:48Z
C,orig,2f_top14,async,128,10,0,0.00,100.00,174.71,261.51,180.70,80.81,,,436.22,255.52,1.60,22.00,27.00,1.00,43010840,2026-09-23T02:02:48Z
C,orig,2f_top14,async_win,128,10,0,0.00,100.00,177.97,263.84,185.39,17.32,61.12,9.00,441.81,195.29,1.60,22.00,27.00,1.00,43011028,2026-09-23T02:02:49Z
C,orig,2f_top28,async,128,10,0,0.00,100.00,175.09,277.33,182.38,94.95,,,452.42,270.04,1.58,21.00,28.00,1.00,43012152,2026-09-23T02:02:49Z
C,orig,2f_top28,async_win,128,10,0,0.00,100.00,174.18,273.21,183.25,28.22,61.74,13.00,447.39,202.40,1.62,21.00,28.00,1.00,43012824,2026-09-23T02:02:49Z
C,orig,2f_top100,async,128,10,0,0.00,100.00,173.19,361.45,182.98,178.47,,,534.64,351.66,1.62,17.00,30.00,1.00,43012940,2026-09-23T02:02:49Z
C,orig,2f_top100,async_win,128,10,0,0.00,100.00,174.44,318.86,181.11,72.22,65.53,32.00,493.30,246.66,1.58,17.00,30.00,1.00,43012236,2026-09-23T02:02:50Z
C,orig,2f_top500,async,128,10,0,0.00,100.00,89.33,967.07,182.17,784.90,,,1056.40,874.23,1.53,0.00,37.00,1.00,43013796,2026-09-23T02:02:50Z
C,orig,2f_top500,async_win,128,10,0,0.00,100.00,89.58,498.55,182.27,225.23,91.04,16.00,588.13,314.81,1.53,0.00,37.00,1.00,43014400,2026-09-23T02:02:50Z
C,orig,2f_slru,async,128,10,0,0.00,100.00,89.54,938.80,180.98,757.83,,,1028.34,847.37,1.53,0.00,37.00,1.00,43013848,2026-09-23T02:02:50Z
C,orig,2f_slru,async_win,128,10,0,0.00,100.00,90.20,501.82,184.95,227.61,89.27,16.00,592.02,317.81,1.52,0.00,37.00,1.00,43012916,2026-09-23T02:02:51Z
C,orig,leaf_freq_K10,async,128,10,0,0.00,100.00,674.10,254.40,181.09,73.31,,,928.50,747.41,1.58,22.00,27.00,1.00,43012280,2026-09-23T02:02:51Z
C,orig,leaf_freq_K10,async_win,128,10,0,0.00,100.00,569.45,251.39,179.66,11.79,59.94,6.00,820.84,581.24,1.59,22.00,27.00,1.00,43011960,2026-09-23T02:02:51Z
C,orig,leaf_rand_K10,async,128,10,0,0.00,100.00,1041.48,258.06,183.07,74.98,,,1299.54,1116.46,1.63,24.00,25.00,1.00,43012872,2026-09-23T02:02:51Z
C,orig,leaf_rand_K10,async_win,128,10,0,0.00,100.00,1047.92,262.07,184.05,17.48,60.54,10.00,1309.99,1065.40,1.60,24.00,25.00,1.00,43001320,2026-09-23T02:02:52Z
C,orig,learned_markov_14,async,128,10,0,0.00,100.00,173.72,261.60,181.43,80.17,,,435.32,253.89,1.59,22.00,27.00,1.00,43002272,2026-09-23T02:02:52Z
C,orig,learned_markov_14,async_win,128,10,0,0.00,100.00,177.34,260.03,182.09,16.40,61.53,9.00,437.37,193.74,1.60,22.00,27.00,1.00,43001860,2026-09-23T02:02:52Z
C,orig,learned_markov_28,async,128,10,0,0.00,100.00,177.31,280.84,184.42,96.42,,,458.15,273.73,1.59,21.00,28.00,1.00,43003600,2026-09-23T02:02:52Z
C,orig,learned_markov_28,async_win,128,10,0,0.00,100.00,174.24,269.04,181.03,26.34,61.67,13.00,443.28,200.58,1.59,21.00,28.00,1.00,43003236,2026-09-23T02:02:53Z
C_hit,orig,layers_5,async,128,10,0,0.00,100.00,967.36,252.58,184.39,68.20,,,1219.94,1035.56,1.66,36.00,64.00,1.00,43002896,2026-09-23T02:02:53Z
C_hit,orig,layers_5,async_win,128,10,0,0.00,100.00,993.85,252.15,182.85,7.88,61.42,2.00,1246.00,1001.73,1.66,36.00,64.00,1.00,43003664,2026-09-23T02:02:53Z
C_hit,orig,layers_92,async,128,10,0,0.00,100.00,562.29,380.29,182.33,197.95,,,942.58,760.24,1.68,35.00,65.00,1.00,43003764,2026-09-23T02:02:53Z
C_hit,orig,layers_92,async_win,128,10,0,0.00,100.00,555.71,363.63,181.34,117.38,64.91,87.00,919.34,673.09,1.66,35.00,65.00,1.00,43004036,2026-09-23T02:02:54Z
C_hit,orig,2d,async,128,10,0,0.00,100.00,529.00,250.13,182.07,68.06,,,779.13,597.06,1.67,35.00,65.00,1.00,43004612,2026-09-23T02:02:54Z
C_hit,orig,2d,async_win,128,10,0,0.00,100.00,591.23,251.57,182.66,9.00,59.91,3.00,842.80,600.23,1.67,35.00,65.00,1.00,43005308,2026-09-23T02:02:54Z
C_hit,orig,2e_K10,async,128,10,0,0.00,100.00,556.77,259.70,180.91,78.79,,,816.47,635.56,1.67,35.00,66.00,1.00,43005784,2026-09-23T02:02:54Z
C_hit,orig,2e_K10,async_win,128,10,0,0.00,100.00,619.16,259.95,182.45,16.75,60.74,6.00,879.11,635.91,1.67,35.00,66.00,1.00,43006040,2026-09-23T02:02:55Z
C_hit,orig,2e_K500,async,128,10,0,0.00,57.20,175.90,872.56,183.15,689.41,,,1048.46,865.31,1.58,9.00,65.00,1.00,43004844,2026-09-23T02:02:55Z
C_hit,orig,2e_K500,async_win,128,10,0,0.00,100.00,175.96,638.75,183.08,355.36,100.31,139.00,814.71,531.32,1.60,9.00,65.00,1.00,43006092,2026-09-23T02:02:55Z
C_hit,orig,2f_top14,async,128,10,0,0.00,100.00,519.37,257.93,180.54,77.39,,,777.30,596.76,1.66,35.00,66.00,1.00,43006940,2026-09-23T02:02:55Z
C_hit,orig,2f_top14,async_win,128,10,0,0.00,100.00,560.16,257.26,181.84,15.30,60.12,6.00,817.42,575.46,1.66,35.00,66.00,1.00,43006624,2026-09-23T02:02:56Z
C_hit,orig,2f_top28,async,128,10,0,0.00,100.00,555.97,276.24,182.37,93.87,,,832.21,649.84,1.65,35.00,66.00,1.00,43006996,2026-09-23T02:02:56Z
C_hit,orig,2f_top28,async_win,128,10,0,0.00,100.00,515.85,263.95,181.48,21.26,61.20,8.00,779.80,537.11,1.67,35.00,66.00,1.00,43008100,2026-09-23T02:02:56Z
C_hit,orig,2f_top100,async,128,10,0,0.00,100.00,549.38,358.10,182.63,175.47,,,907.48,724.85,1.65,30.00,67.00,1.00,43007224,2026-09-23T02:02:57Z
C_hit,orig,2f_top100,async_win,128,10,0,0.00,69.00,651.51,316.46,183.05,69.03,64.38,28.00,967.97,720.54,1.65,30.00,67.00,1.00,43006472,2026-09-23T02:02:57Z
C_hit,orig,2f_top500,async,128,10,0,0.00,44.60,178.16,818.63,180.90,637.73,,,996.79,815.89,1.58,9.00,65.00,1.00,43001688,2026-09-23T02:02:57Z
C_hit,orig,2f_top500,async_win,128,10,0,0.00,100.00,177.07,620.05,183.43,346.03,90.60,138.00,797.12,523.10,1.61,9.00,65.00,1.00,43003220,2026-09-23T02:02:57Z
C_hit,orig,2f_slru,async,128,10,0,0.00,100.00,89.31,1606.94,181.92,1425.02,,,1696.25,1514.33,1.57,0.00,62.00,1.00,43004816,2026-09-23T02:02:58Z
C_hit,orig,2f_slru,async_win,128,10,0,0.00,100.00,88.17,757.22,180.73,415.80,160.69,29.00,845.39,503.97,1.57,0.00,62.00,1.00,43005052,2026-09-23T02:02:58Z
C_hit,orig,leaf_freq_K10,async,128,10,0,0.00,100.00,866.08,255.39,182.23,73.16,,,1121.47,939.24,1.70,36.00,64.00,1.00,43004408,2026-09-23T02:02:58Z
C_hit,orig,leaf_freq_K10,async_win,128,10,0,0.00,100.00,880.62,253.77,183.53,10.36,59.88,3.00,1134.39,890.98,1.67,36.00,64.00,1.00,43003812,2026-09-23T02:02:58Z
C_hit,orig,leaf_rand_K10,async,128,10,0,0.00,100.00,1038.17,261.59,184.07,77.53,,,1299.76,1115.70,1.69,36.00,64.00,1.00,43003588,2026-09-23T02:02:59Z
C_hit,orig,leaf_rand_K10,async_win,128,10,0,0.00,100.00,943.15,255.47,180.19,16.08,59.20,10.00,1198.62,959.23,1.66,36.00,64.00,1.00,43003940,2026-09-23T02:02:59Z
C_hit,orig,learned_markov_14,async,128,10,0,0.00,100.00,595.82,263.73,183.66,80.06,,,859.55,675.88,1.66,35.00,66.00,1.00,43004580,2026-09-23T02:02:59Z
C_hit,orig,learned_markov_14,async_win,128,10,0,0.00,100.00,649.53,258.62,183.16,14.76,60.70,6.00,908.15,664.29,1.68,35.00,66.00,1.00,43004740,2026-09-23T02:02:59Z
C_hit,orig,learned_markov_28,async,128,10,0,0.00,100.00,526.95,276.60,181.46,95.14,,,803.55,622.09,1.67,35.00,66.00,1.00,43005480,2026-09-23T02:03:00Z
C_hit,orig,learned_markov_28,async_win,128,10,0,0.00,100.00,503.70,266.18,182.31,23.37,60.49,8.00,769.88,527.07,1.67,35.00,66.00,1.00,43005088,2026-09-23T02:03:00Z
A,orig,baseline,baseline,128,11,0,0.00,0.00,490.22,0.00,0.00,0.00,,,490.22,490.22,2.15,180.00,270.00,1.00,43004992,2026-09-23T02:03:00Z
B,orig,baseline,baseline,128,11,0,0.00,0.00,725.89,0.00,0.00,0.00,,,725.89,725.89,2.17,181.00,273.00,1.00,43005036,2026-09-23T02:03:01Z
C,orig,baseline,baseline,128,11,0,0.00,0.00,1010.52,0.00,0.00,0.00,,,1010.52,1010.52,1.59,24.00,25.00,1.00,43006692,2026-09-23T02:03:01Z
C_hit,orig,baseline,baseline,128,11,0,0.00,0.00,963.50,0.00,0.00,0.00,,,963.50,963.50,1.66,36.00,64.00,1.00,43006428,2026-09-23T02:03:01Z
A,orig,layers_5,async,128,11,0,0.00,100.00,383.44,259.84,191.85,67.99,,,643.28,451.43,2.16,180.00,271.00,1.00,43007100,2026-09-23T02:03:01Z
A,orig,layers_5,async_win,128,11,0,0.00,100.00,352.83,262.31,192.75,8.03,61.54,2.00,615.14,360.86,2.12,180.00,271.00,1.00,43007964,2026-09-23T02:03:02Z
A,orig,layers_92,async,128,11,0,0.00,100.00,406.88,390.26,194.03,196.23,,,797.14,603.11,2.13,178.00,283.00,1.00,43007516,2026-09-23T02:03:02Z
A,orig,layers_92,async_win,128,11,0,0.00,100.00,404.97,377.01,189.12,118.76,69.13,87.00,781.98,523.73,2.12,178.00,283.00,1.00,43002060,2026-09-23T02:03:02Z
A,orig,2d,async,128,11,0,0.00,100.00,326.05,318.35,232.88,85.47,,,644.40,411.52,2.14,178.00,283.00,1.00,43002220,2026-09-23T02:03:03Z
A,orig,2d,async_win,128,11,0,0.00,100.00,353.32,313.65,229.56,22.96,61.12,13.00,666.97,376.28,2.13,178.00,283.00,1.00,43002288,2026-09-23T02:03:03Z
A,orig,2e_K10,async,128,11,0,0.00,100.00,404.28,330.04,231.47,98.58,,,734.32,502.86,2.12,181.00,287.00,1.00,43002352,2026-09-23T02:03:03Z
A,orig,2e_K10,async_win,128,11,0,0.00,100.00,360.13,327.26,233.47,31.60,62.20,22.00,687.39,391.73,2.14,181.00,287.00,1.00,43021352,2026-09-23T02:03:04Z
A,orig,2e_K500,async,128,11,0,0.00,100.00,182.48,1142.15,234.08,908.07,,,1324.63,1090.55,2.11,181.00,407.00,1.00,43021600,2026-09-23T02:03:04Z
A,orig,2e_K500,async_win,128,11,0,0.00,100.00,179.08,1059.53,229.45,701.94,128.14,492.00,1238.61,881.02,2.10,181.00,410.00,1.00,43022300,2026-09-23T02:03:04Z
A,orig,2f_top14,async,128,11,0,0.00,100.00,385.06,308.79,229.94,78.85,,,693.85,463.91,2.11,182.00,281.00,1.00,43023692,2026-09-23T02:03:05Z
A,orig,2f_top14,async_win,128,11,0,0.00,100.00,385.22,312.72,229.94,20.89,61.89,13.00,697.94,406.11,2.13,182.00,281.00,1.00,43024032,2026-09-23T02:03:05Z
A,orig,2f_top28,async,128,11,0,0.00,100.00,360.20,327.94,232.39,95.55,,,688.14,455.75,2.14,183.00,288.00,1.00,43023564,2026-09-23T02:03:05Z
A,orig,2f_top28,async_win,128,11,0,0.00,100.00,404.57,330.59,232.82,33.98,63.79,27.00,735.16,438.55,2.13,183.00,288.00,1.00,43023792,2026-09-23T02:03:05Z
A,orig,2f_top100,async,128,11,0,0.00,100.00,243.83,421.46,224.86,196.60,,,665.29,440.43,2.13,183.00,324.00,1.00,43023748,2026-09-23T02:03:06Z
A,orig,2f_top100,async_win,128,11,0,0.00,100.00,256.20,425.00,225.09,133.81,66.09,99.00,681.20,390.01,2.13,183.00,324.00,1.00,43023648,2026-09-23T02:03:06Z
A,orig,2f_top500,async,128,11,0,0.00,100.00,179.94,1047.41,228.20,819.21,,,1227.35,999.15,2.10,179.00,413.00,1.00,43024792,2026-09-23T02:03:06Z
A,orig,2f_top500,async_win,128,11,0,0.00,100.00,185.52,1021.94,234.34,698.04,89.56,481.00,1207.46,883.56,2.10,179.00,414.00,1.00,43025588,2026-09-23T02:03:07Z
A,orig,2f_slru,async,128,11,0,0.00,100.00,94.53,7119.35,228.01,6891.34,,,7213.88,6985.87,1.57,0.00,278.00,1.00,43023536,2026-09-23T02:03:07Z
A,orig,2f_slru,async_win,128,11,0,0.00,85.50,95.19,2539.02,227.29,1918.61,393.13,138.00,2634.21,2013.80,1.57,0.00,278.00,1.00,43023688,2026-09-23T02:03:07Z
A,orig,leaf_freq_K10,async,128,11,0,0.00,100.00,482.02,304.69,228.99,75.70,,,786.71,557.72,2.15,183.00,274.00,1.00,43026244,2026-09-23T02:03:08Z
A,orig,leaf_freq_K10,async_win,128,11,0,0.00,100.00,485.48,305.75,228.96,14.52,62.28,10.00,791.23,500.00,2.15,183.00,274.00,1.00,43026372,2026-09-23T02:03:08Z
A,orig,leaf_rand_K10,async,128,11,0,0.00,100.00,483.93,300.44,222.98,77.46,,,784.37,561.39,2.14,180.00,270.00,1.00,43007892,2026-09-23T02:03:08Z
A,orig,leaf_rand_K10,async_win,128,11,0,0.00,100.00,488.54,304.33,228.05,14.31,61.98,10.00,792.87,502.85,2.14,180.00,270.00,1.00,43023392,2026-09-23T02:03:09Z
A,orig,learned_markov_14,async,128,11,0,0.00,100.00,404.31,307.13,227.85,79.28,,,711.44,483.59,2.10,178.00,283.00,1.00,43013136,2026-09-23T02:03:09Z
A,orig,learned_markov_14,async_win,128,11,0,0.00,100.00,403.01,308.90,227.74,18.74,62.43,13.00,711.91,421.75,2.10,178.00,283.00,1.00,43014276,2026-09-23T02:03:09Z
A,orig,learned_markov_28,async,128,11,0,0.00,100.00,356.29,322.78,227.64,95.14,,,679.07,451.43,2.13,178.00,286.00,1.00,43013576,2026-09-23T02:03:09Z
A,orig,learned_markov_28,async_win,128,11,0,0.00,100.00,357.53,327.44,226.50,37.78,63.17,26.00,684.97,395.31,2.13,178.00,286.00,1.00,43013500,2026-09-23T02:03:10Z
B,orig,layers_5,async,128,11,0,0.00,100.00,402.69,294.45,225.70,68.75,,,697.14,471.44,2.14,182.00,272.00,1.00,43013700,2026-09-23T02:03:10Z
B,orig,layers_5,async_win,128,11,0,0.00,100.00,411.29,296.22,227.16,7.47,61.59,2.00,707.51,418.76,2.18,182.00,272.00,1.00,43013956,2026-09-23T02:03:10Z
B,orig,layers_92,async,128,11,0,0.00,100.00,403.41,427.20,228.57,198.63,,,830.61,602.04,2.20,181.00,278.00,1.00,43014344,2026-09-23T02:03:11Z
B,orig,layers_92,async_win,128,11,0,0.00,100.00,401.96,411.72,225.84,119.67,66.21,87.00,813.68,521.63,2.19,181.00,278.00,1.00,43014500,2026-09-23T02:03:11Z
B,orig,2d,async,128,11,0,0.00,100.00,408.30,313.02,228.92,84.10,,,721.32,492.40,2.19,181.00,277.00,1.00,43014508,2026-09-23T02:03:11Z
B,orig,2d,async_win,128,11,0,0.00,100.00,410.96,312.05,225.60,24.02,62.43,13.00,723.01,434.98,2.19,181.00,278.00,1.00,43014800,2026-09-23T02:03:12Z
B,orig,2e_K10,async,128,11,0,0.00,100.00,415.17,328.55,229.01,99.54,,,743.72,514.71,2.21,181.00,281.00,1.00,43015164,2026-09-23T02:03:12Z
B,orig,2e_K10,async_win,128,11,0,0.00,100.00,402.04,321.70,224.71,34.82,62.18,23.00,723.74,436.86,2.18,181.00,281.00,1.00,43015384,2026-09-23T02:03:12Z
B,orig,2e_K500,async,128,11,0,0.00,100.00,451.64,1119.45,229.86,889.59,,,1571.09,1341.23,2.16,186.00,325.00,1.00,43015576,2026-09-23T02:03:13Z
B,orig,2e_K500,async_win,128,11,0,0.00,100.00,451.26,1002.62,228.39,683.05,91.18,460.00,1453.88,1134.31,2.15,186.00,325.00,1.00,43015064,2026-09-23T02:03:13Z
B,orig,2f_top14,async,128,11,0,0.00,100.00,403.91,320.44,238.52,81.92,,,724.35,485.83,2.16,181.00,277.00,1.00,43014980,2026-09-23T02:03:13Z
B,orig,2f_top14,async_win,128,11,0,0.00,100.00,411.30,305.93,226.28,18.00,61.65,13.00,717.23,429.30,2.20,181.00,277.00,1.00,43002944,2026-09-23T02:03:14Z
B,orig,2f_top28,async,128,11,0,0.00,100.00,399.76,328.03,227.61,100.42,,,727.79,500.18,2.14,181.00,280.00,1.00,43003780,2026-09-23T02:03:14Z
B,orig,2f_top28,async_win,128,11,0,0.00,100.00,410.09,323.13,225.18,35.51,62.44,27.00,733.22,445.60,2.18,181.00,280.00,1.00,43004204,2026-09-23T02:03:14Z
B,orig,2f_top100,async,128,11,0,0.00,100.00,401.54,429.50,226.60,202.90,,,831.04,604.44,2.17,185.00,293.00,1.00,43004948,2026-09-23T02:03:15Z
B,orig,2f_top100,async_win,128,11,0,0.00,100.00,400.51,427.49,226.10,135.59,65.79,95.00,828.00,536.10,2.19,185.00,293.00,1.00,43005572,2026-09-23T02:03:15Z
B,orig,2f_top500,async,128,11,0,0.00,100.00,397.99,1055.79,229.73,826.05,,,1453.78,1224.04,2.16,186.00,324.00,1.00,43005248,2026-09-23T02:03:15Z
B,orig,2f_top500,async_win,128,11,0,0.00,100.00,450.49,976.71,226.87,660.66,89.18,449.00,1427.20,1111.15,2.16,186.00,325.00,1.00,43007600,2026-09-23T02:03:15Z
B,orig,2f_slru,async,128,11,0,0.00,100.00,98.39,7131.07,227.47,6903.60,,,7229.46,7001.99,1.63,0.00,278.00,1.00,43005620,2026-09-23T02:03:16Z
B,orig,2f_slru,async_win,128,11,0,0.00,81.90,95.63,2465.01,230.39,1916.90,317.72,139.00,2560.64,2012.53,1.61,0.00,278.00,1.00,43006416,2026-09-23T02:03:16Z
B,orig,leaf_freq_K10,async,128,11,0,0.00,100.00,722.24,302.48,228.05,74.43,,,1024.72,796.67,2.19,181.00,276.00,1.00,43007820,2026-09-23T02:03:16Z
B,orig,leaf_freq_K10,async_win,128,11,0,0.00,100.00,666.53,303.63,227.15,14.72,61.77,10.00,970.16,681.25,2.17,181.00,275.00,1.00,43008236,2026-09-23T02:03:17Z
B,orig,leaf_rand_K10,async,128,11,0,0.00,100.00,709.02,304.40,228.79,75.61,,,1013.42,784.63,2.20,181.00,276.00,1.00,43008904,2026-09-23T02:03:17Z
B,orig,leaf_rand_K10,async_win,128,11,0,0.00,100.00,713.94,306.07,228.74,15.94,61.40,10.00,1020.01,729.88,2.19,181.00,276.00,1.00,43009792,2026-09-23T02:03:17Z
B,orig,learned_markov_14,async,128,11,0,0.00,100.00,410.71,306.77,227.82,78.95,,,717.48,489.66,2.16,181.00,278.00,1.00,43009948,2026-09-23T02:03:18Z
B,orig,learned_markov_14,async_win,128,11,0,0.00,100.00,412.84,306.06,224.43,19.76,61.88,13.00,718.90,432.60,2.18,181.00,278.00,1.00,43010080,2026-09-23T02:03:18Z
B,orig,learned_markov_28,async,128,11,0,0.00,100.00,404.83,329.49,228.00,101.49,,,734.32,506.32,2.16,180.00,281.00,1.00,43010116,2026-09-23T02:03:18Z
B,orig,learned_markov_28,async_win,128,11,0,0.00,100.00,408.07,325.43,227.66,35.74,62.04,27.00,733.50,443.81,2.18,180.00,281.00,1.00,43011704,2026-09-23T02:03:19Z
C,orig,layers_5,async,128,11,0,0.00,100.00,1034.23,294.11,225.30,68.81,,,1328.34,1103.04,1.61,24.00,25.00,1.00,43001508,2026-09-23T02:03:19Z
C,orig,layers_5,async_win,128,11,0,0.00,100.00,1031.75,295.99,227.97,7.46,60.55,2.00,1327.74,1039.21,1.63,24.00,25.00,1.00,42978972,2026-09-23T02:03:19Z
C,orig,layers_92,async,128,11,0,0.00,100.00,665.05,389.43,196.44,192.99,,,1054.48,858.04,1.61,24.00,25.00,1.00,42998488,2026-09-23T02:03:19Z
C,orig,layers_92,async_win,128,11,0,0.00,100.00,653.13,372.32,196.98,109.63,65.71,87.00,1025.45,762.76,1.60,24.00,25.00,1.00,42999280,2026-09-23T02:03:20Z
C,orig,2d,async,128,11,0,0.00,100.00,655.47,261.56,194.29,67.27,,,917.03,722.74,1.60,24.00,25.00,1.00,42999236,2026-09-23T02:03:20Z
C,orig,2d,async_win,128,11,0,0.00,100.00,650.70,263.70,194.61,7.83,61.27,2.00,914.40,658.53,1.60,24.00,25.00,1.00,42999716,2026-09-23T02:03:20Z
C,orig,2e_K10,async,128,11,0,0.00,100.00,176.23,268.77,192.05,76.72,,,445.00,252.95,1.60,22.00,27.00,1.00,42999976,2026-09-23T02:03:20Z
C,orig,2e_K10,async_win,128,11,0,0.00,100.00,176.45,271.41,195.54,15.53,60.34,8.00,447.86,191.98,1.59,22.00,27.00,1.00,42999884,2026-09-23T02:03:21Z
C,orig,2e_K500,async,128,11,0,0.00,67.50,177.88,646.50,193.13,453.36,,,824.38,631.24,1.54,0.00,37.00,1.00,43000428,2026-09-23T02:03:21Z
C,orig,2e_K500,async_win,128,11,0,0.00,100.00,174.96,492.42,191.31,219.08,82.02,90.00,667.38,394.04,1.53,0.00,37.00,1.00,43001152,2026-09-23T02:03:21Z
C,orig,2f_top14,async,128,11,0,0.00,100.00,176.72,269.10,191.38,77.72,,,445.82,254.44,1.61,22.00,27.00,1.00,43001508,2026-09-23T02:03:21Z
C,orig,2f_top14,async_win,128,11,0,0.00,100.00,177.69,271.59,195.02,15.33,61.24,9.00,449.28,193.02,1.59,22.00,27.00,1.00,43002088,2026-09-23T02:03:22Z
C,orig,2f_top28,async,128,11,0,0.00,100.00,174.74,285.14,192.43,92.70,,,459.88,267.44,1.60,21.00,28.00,1.00,43002520,2026-09-23T02:03:22Z
C,orig,2f_top28,async_win,128,11,0,0.00,100.00,176.73,281.06,193.01,26.00,62.05,13.00,457.79,202.73,1.62,21.00,28.00,1.00,43002944,2026-09-23T02:03:22Z
C,orig,2f_top100,async,128,11,0,0.00,100.00,178.18,367.00,191.57,175.43,,,545.18,353.61,1.60,17.00,30.00,1.00,43003372,2026-09-23T02:03:22Z
C,orig,2f_top100,async_win,128,11,0,0.00,100.00,174.29,331.50,193.60,72.49,65.41,32.00,505.79,246.78,1.59,17.00,30.00,1.00,43003452,2026-09-23T02:03:23Z
C,orig,2f_top500,async,128,11,0,0.00,100.00,92.03,961.17,193.32,767.84,,,1053.20,859.87,1.52,0.00,37.00,1.00,43003416,2026-09-23T02:03:23Z
C,orig,2f_top500,async_win,128,11,0,0.00,100.00,91.92,508.71,194.18,223.84,90.69,16.00,600.63,315.76,1.54,0.00,37.00,1.00,43004440,2026-09-23T02:03:23Z
C,orig,2f_slru,async,128,11,0,0.00,100.00,92.70,954.31,198.13,756.18,,,1047.01,848.88,1.54,0.00,37.00,1.00,43005124,2026-09-23T02:03:23Z
C,orig,2f_slru,async_win,128,11,0,0.00,100.00,92.03,509.06,196.84,221.92,90.30,16.00,601.09,313.95,1.52,0.00,37.00,1.00,43005664,2026-09-23T02:03:24Z
C,orig,leaf_freq_K10,async,128,11,0,0.00,100.00,677.49,258.69,185.53,73.16,,,936.18,750.65,1.60,22.00,27.00,1.00,43004296,2026-09-23T02:03:24Z
C,orig,leaf_freq_K10,async_win,128,11,0,0.00,100.00,460.65,286.64,190.42,13.69,82.53,6.00,747.29,474.34,1.61,22.00,27.00,1.00,42989848,2026-09-23T02:03:24Z
C,orig,leaf_rand_K10,async,128,11,0,0.00,100.00,1051.91,270.38,194.18,76.20,,,1322.29,1128.11,1.61,24.00,25.00,1.00,42999172,2026-09-23T02:03:24Z
C,orig,leaf_rand_K10,async_win,128,11,0,0.00,100.00,1047.40,270.57,193.15,15.91,61.51,10.00,1317.97,1063.31,1.60,24.00,25.00,1.00,43000080,2026-09-23T02:03:25Z
C,orig,learned_markov_14,async,128,11,0,0.00,100.00,176.61,271.12,193.18,77.94,,,447.73,254.55,1.62,22.00,27.00,1.00,43000064,2026-09-23T02:03:25Z
C,orig,learned_markov_14,async_win,128,11,0,0.00,100.00,175.54,274.56,194.71,18.25,61.59,9.00,450.10,193.79,1.61,22.00,27.00,1.00,43001496,2026-09-23T02:03:25Z
C,orig,learned_markov_28,async,128,11,0,0.00,100.00,172.99,288.24,193.38,94.86,,,461.23,267.85,1.60,21.00,28.00,1.00,43001584,2026-09-23T02:03:25Z
C,orig,learned_markov_28,async_win,128,11,0,0.00,100.00,174.13,281.44,192.36,26.44,62.64,13.00,455.57,200.57,1.60,21.00,28.00,1.00,43001292,2026-09-23T02:03:26Z
C_hit,orig,layers_5,async,128,11,0,0.00,100.00,863.82,260.39,192.17,68.22,,,1124.21,932.04,1.65,36.00,64.00,1.00,43001756,2026-09-23T02:03:26Z
C_hit,orig,layers_5,async_win,128,11,0,0.00,100.00,932.92,265.12,197.51,6.88,60.72,2.00,1198.04,939.80,1.67,36.00,64.00,1.00,43002208,2026-09-23T02:03:26Z
C_hit,orig,layers_92,async,128,11,0,0.00,100.00,522.71,393.47,196.16,197.31,,,916.18,720.02,1.67,35.00,65.00,1.00,43003056,2026-09-23T02:03:27Z
C_hit,orig,layers_92,async_win,128,11,0,0.00,100.00,558.87,373.64,192.52,116.09,65.03,87.00,932.51,674.96,1.66,35.00,65.00,1.00,43003708,2026-09-23T02:03:27Z
C_hit,orig,2d,async,128,11,0,0.00,100.00,490.10,258.25,190.30,67.96,,,748.35,558.06,1.67,35.00,65.00,1.00,43003696,2026-09-23T02:03:27Z
C_hit,orig,2d,async_win,128,11,0,0.00,100.00,587.35,259.81,191.09,7.74,60.98,3.00,847.16,595.09,1.66,35.00,65.00,1.00,43004184,2026-09-23T02:03:27Z
C_hit,orig,2e_K10,async,128,11,0,0.00,100.00,501.29,272.44,193.19,79.25,,,773.73,580.54,1.66,35.00,66.00,1.00,43004160,2026-09-23T02:03:28Z
C_hit,orig,2e_K10,async_win,128,11,0,0.00,100.00,615.80,271.49,193.11,16.05,62.33,6.00,887.29,631.85,1.67,35.00,66.00,1.00,43004060,2026-09-23T02:03:28Z
C_hit,orig,2e_K500,async,128,11,0,0.00,45.90,173.93,880.09,194.51,685.58,,,1054.02,859.51,1.59,9.00,65.00,1.00,43003456,2026-09-23T02:03:28Z
C_hit,orig,2e_K500,async_win,128,11,0,0.00,100.00,174.74,622.46,191.59,341.09,89.78,139.00,797.20,515.83,1.58,9.00,65.00,1.00,43004800,2026-09-23T02:03:28Z
C_hit,orig,2f_top14,async,128,11,0,0.00,100.00,531.68,270.43,194.02,76.40,,,802.11,608.08,1.66,35.00,66.00,1.00,43006660,2026-09-23T02:03:29Z
C_hit,orig,2f_top14,async_win,128,11,0,0.00,100.00,559.23,266.36,192.79,13.59,59.98,6.00,825.59,572.82,1.66,35.00,66.00,1.00,43006592,2026-09-23T02:03:29Z
C_hit,orig,2f_top28,async,128,11,0,0.00,100.00,651.75,286.18,193.75,92.42,,,937.93,744.17,1.67,35.00,66.00,1.00,42998284,2026-09-23T02:03:29Z
C_hit,orig,2f_top28,async_win,128,11,0,0.00,100.00,613.76,285.43,195.89,24.09,65.45,8.00,899.19,637.85,1.67,35.00,66.00,1.00,43002496,2026-09-23T02:03:29Z
C_hit,orig,2f_top100,async,128,11,0,0.00,100.00,549.99,372.11,193.98,178.12,,,922.10,728.11,1.68,30.00,67.00,1.00,43002540,2026-09-23T02:03:30Z
C_hit,orig,2f_top100,async_win,128,11,0,0.00,69.00,587.32,328.99,194.10,70.29,64.59,28.00,916.31,657.61,1.65,30.00,67.00,1.00,43003596,2026-09-23T02:03:30Z
C_hit,orig,2f_top500,async,128,11,0,0.00,55.00,204.30,1025.05,211.00,814.05,,,1229.35,1018.35,1.60,9.00,65.00,1.00,43003664,2026-09-23T02:03:30Z
C_hit,orig,2f_top500,async_win,128,11,0,0.00,100.00,178.06,638.37,194.41,350.10,93.87,138.00,816.43,528.16,1.59,9.00,65.00,1.00,43004220,2026-09-23T02:03:30Z
C_hit,orig,2f_slru,async,128,11,0,0.00,100.00,90.40,1602.65,192.14,1410.51,,,1693.05,1500.91,1.55,0.00,62.00,1.00,43006100,2026-09-23T02:03:31Z
C_hit,orig,2f_slru,async_win,128,11,0,0.00,100.00,88.34,759.02,185.38,412.57,161.06,29.00,847.36,500.91,1.54,0.00,62.00,1.00,43006716,2026-09-23T02:03:31Z
C_hit,orig,leaf_freq_K10,async,128,11,0,0.00,100.00,974.18,268.50,194.74,73.76,,,1242.68,1047.94,1.68,36.00,64.00,1.00,43006596,2026-09-23T02:03:31Z
C_hit,orig,leaf_freq_K10,async_win,128,11,0,0.00,100.00,849.76,265.30,194.63,10.44,60.23,3.00,1115.06,860.20,1.69,36.00,64.00,1.00,43006296,2026-09-23T02:03:31Z
C_hit,orig,leaf_rand_K10,async,128,11,0,0.00,100.00,943.33,267.33,193.86,73.47,,,1210.66,1016.80,1.68,36.00,64.00,1.00,43006700,2026-09-23T02:03:32Z
C_hit,orig,leaf_rand_K10,async_win,128,11,0,0.00,100.00,945.67,271.15,195.59,14.90,60.66,10.00,1216.82,960.57,1.66,36.00,64.00,1.00,43007368,2026-09-23T02:03:32Z
C_hit,orig,learned_markov_14,async,128,11,0,0.00,100.00,500.20,274.09,191.89,82.19,,,774.29,582.39,1.65,35.00,66.00,1.00,43007568,2026-09-23T02:03:32Z
C_hit,orig,learned_markov_14,async_win,128,11,0,0.00,100.00,561.50,271.42,193.51,15.89,62.02,6.00,832.92,577.39,1.66,35.00,66.00,1.00,43006440,2026-09-23T02:03:33Z
C_hit,orig,learned_markov_28,async,128,11,0,0.00,100.00,616.22,287.38,192.96,94.42,,,903.60,710.64,1.67,35.00,66.00,1.00,43007108,2026-09-23T02:03:33Z
C_hit,orig,learned_markov_28,async_win,128,11,0,0.00,100.00,505.60,277.53,193.60,23.38,60.54,8.00,783.13,528.98,1.68,35.00,66.00,1.00,43007088,2026-09-23T02:03:33Z
