workload,db,strategy,arm,ra_kb,rep,warmup,cold_pct,delivery_pct,first_query_us,preproc_us,open_us,deliver_us,parse_us,ranges,e2e_us,e2e_warm_us,avg_us,majflt,minflt,load,memavail_kb,ts
A,orig,baseline,baseline,128,1,1,0.00,0.00,908.96,0.00,0.00,0.00,,,908.96,908.96,2.10,187.00,257.00,1.02,42968960,2026-09-23T03:33:53Z
B,orig,baseline,baseline,128,1,1,0.00,0.00,949.98,0.00,0.00,0.00,,,949.98,949.98,2.19,188.00,265.00,1.02,42969884,2026-09-23T03:33:53Z
C,orig,baseline,baseline,128,1,1,0.00,0.00,1068.38,0.00,0.00,0.00,,,1068.38,1068.38,1.62,19.00,32.00,1.02,42970676,2026-09-23T03:33:53Z
C_hit,orig,baseline,baseline,128,1,1,0.00,0.00,1069.90,0.00,0.00,0.00,,,1069.90,1069.90,1.69,39.00,60.00,1.02,42970984,2026-09-23T03:33:54Z
A,orig,layers_5,pread,128,1,1,0.00,100.00,871.41,593.03,153.42,439.62,,,1464.44,1311.03,2.14,186.00,259.00,1.02,42970428,2026-09-23T03:33:54Z
A,orig,layers_5,async,128,1,1,0.00,100.00,801.82,221.20,152.30,68.90,,,1023.02,870.72,2.09,186.00,259.00,1.02,42970056,2026-09-23T03:33:54Z
A,orig,layers_5,async_win,128,1,1,0.00,100.00,869.77,222.43,152.67,8.42,61.35,2.00,1092.20,878.19,2.10,186.00,259.00,1.02,42971032,2026-09-23T03:33:54Z
A,orig,layers_5,async_bulk,128,1,1,0.00,100.00,739.45,206.80,138.43,8.05,60.31,2.00,946.25,747.50,2.08,186.00,259.00,1.02,42969376,2026-09-23T03:33:55Z
A,orig,layers_92,pread,128,1,1,0.00,100.00,482.40,8460.69,181.94,8278.74,,,8943.09,8761.14,2.15,185.00,266.00,1.02,42971532,2026-09-23T03:33:55Z
A,orig,layers_92,async,128,1,1,0.00,100.00,1310.16,1457.62,804.95,652.67,,,2767.78,1962.83,2.91,185.00,264.00,1.02,42971472,2026-09-23T03:33:56Z
A,orig,layers_92,async_win,128,1,1,0.00,100.00,764.83,1448.25,811.78,116.14,520.34,87.00,2213.08,880.97,2.21,185.00,264.00,1.02,42971652,2026-09-23T03:33:56Z
A,orig,layers_92,async_bulk,128,1,1,0.00,100.00,477.41,356.81,178.79,113.03,64.99,87.00,834.22,590.44,2.14,185.00,264.00,1.02,42972644,2026-09-23T03:33:56Z
A,orig,2d,pread,128,1,1,0.00,100.00,478.36,1784.92,114.72,1670.20,,,2263.28,2148.56,2.14,185.00,266.00,1.02,42973196,2026-09-23T03:33:56Z
A,orig,2d,async,128,1,1,0.00,100.00,413.70,237.25,152.24,85.01,,,650.95,498.71,2.08,185.00,264.00,1.02,42972892,2026-09-23T03:33:57Z
A,orig,2d,async_win,128,1,1,0.00,100.00,477.03,236.09,152.68,21.45,61.97,13.00,713.12,498.48,2.08,185.00,264.00,1.02,42973644,2026-09-23T03:33:57Z
A,orig,2d,async_bulk,128,1,1,0.00,100.00,476.19,233.42,150.17,21.40,61.85,13.00,709.61,497.59,2.10,185.00,264.00,1.02,42973816,2026-09-23T03:33:57Z
A,orig,2e_K10,pread,128,1,1,0.00,100.00,177.32,2593.68,63.48,2530.20,,,2771.00,2707.52,2.09,189.00,272.00,1.02,42962004,2026-09-23T03:33:58Z
A,orig,2e_K10,async,128,1,1,0.00,100.00,180.61,276.61,180.44,96.17,,,457.22,276.78,2.10,189.00,271.00,1.02,42960940,2026-09-23T03:33:58Z
A,orig,2e_K10,async_win,128,1,1,0.00,100.00,180.63,274.82,178.72,36.52,59.58,23.00,455.45,217.15,2.13,189.00,270.00,1.02,42961844,2026-09-23T03:33:58Z
A,orig,2e_K10,async_bulk,128,1,1,0.00,100.00,179.34,275.52,180.18,32.56,62.78,23.00,454.86,211.90,2.16,189.00,271.00,1.02,42962480,2026-09-23T03:33:59Z
A,orig,2e_K500,pread,128,1,1,0.00,100.00,179.10,22705.35,65.03,22640.31,,,22884.45,22819.41,1.68,52.00,318.00,1.02,42962024,2026-09-23T03:33:59Z
A,orig,2e_K500,async,128,1,1,0.00,18.70,542.74,815.48,149.29,666.19,,,1358.22,1208.93,2.11,186.00,400.00,1.02,42961340,2026-09-23T03:33:59Z
A,orig,2e_K500,async_win,128,1,1,0.00,100.00,181.28,929.04,152.70,683.93,92.41,461.00,1110.32,865.21,2.10,186.00,398.00,1.02,42963108,2026-09-23T03:34:00Z
A,orig,2e_K500,async_bulk,128,1,1,0.00,100.00,184.12,920.27,150.58,678.68,91.01,461.00,1104.39,862.80,2.11,186.00,399.00,1.02,42963132,2026-09-23T03:34:00Z
A,orig,2f_top14,pread,128,1,1,0.00,100.00,478.13,1281.22,63.84,1217.38,,,1759.35,1695.51,2.16,187.00,265.00,1.02,42963544,2026-09-23T03:34:00Z
A,orig,2f_top14,async,128,1,1,0.00,100.00,477.85,255.59,175.01,80.58,,,733.44,558.43,2.14,187.00,266.00,1.02,42964092,2026-09-23T03:34:00Z
A,orig,2f_top14,async_win,128,1,1,0.00,100.00,478.53,258.84,175.69,20.69,62.46,13.00,737.37,499.22,2.16,187.00,266.00,1.02,42964796,2026-09-23T03:34:01Z
A,orig,2f_top14,async_bulk,128,1,1,0.00,100.00,477.03,252.87,172.96,18.45,61.46,13.00,729.90,495.48,2.11,187.00,265.00,1.02,42965684,2026-09-23T03:34:01Z
A,orig,2f_top28,pread,128,1,1,0.00,100.00,181.03,2456.97,64.00,2392.97,,,2638.00,2574.00,2.13,188.00,277.00,1.02,42964996,2026-09-23T03:34:01Z
A,orig,2f_top28,async,128,1,1,0.00,100.00,179.61,277.26,180.58,96.68,,,456.87,276.29,2.10,188.00,277.00,1.02,42964332,2026-09-23T03:34:02Z
A,orig,2f_top28,async_win,128,1,1,0.00,100.00,183.98,266.03,171.30,33.07,61.66,27.00,450.01,217.05,2.13,188.00,276.00,1.02,42965576,2026-09-23T03:34:02Z
A,orig,2f_top28,async_bulk,128,1,1,0.00,100.00,182.20,269.31,172.97,33.68,62.66,27.00,451.51,215.88,2.16,188.00,277.00,1.02,42965016,2026-09-23T03:34:02Z
A,orig,2f_top100,pread,128,1,1,0.00,100.00,180.01,8959.00,69.44,8889.56,,,9139.01,9069.57,2.13,188.00,315.00,1.02,42964160,2026-09-23T03:34:03Z
A,orig,2f_top100,async,128,1,1,0.00,100.00,181.65,379.59,180.22,199.38,,,561.24,381.03,2.10,188.00,313.00,1.02,42965176,2026-09-23T03:34:03Z
A,orig,2f_top100,async_win,128,1,1,0.00,100.00,184.36,367.15,177.83,123.49,65.82,97.00,551.51,307.85,2.14,188.00,314.00,1.02,42963676,2026-09-23T03:34:03Z
A,orig,2f_top100,async_bulk,128,1,1,0.00,100.00,188.77,362.80,176.24,119.61,66.96,97.00,551.57,308.38,2.13,188.00,314.00,1.02,42963188,2026-09-23T03:34:04Z
A,orig,2f_top500,pread,128,1,1,0.00,100.00,181.46,19865.43,66.61,19798.81,,,20046.89,19980.27,1.69,52.00,321.00,1.02,42963904,2026-09-23T03:34:04Z
A,orig,2f_top500,async,128,1,1,0.00,8.40,4666.50,833.28,183.16,650.11,,,5499.78,5316.61,2.14,186.00,407.00,1.02,42963588,2026-09-23T03:34:04Z
A,orig,2f_top500,async_win,128,1,1,0.00,100.00,182.89,956.11,181.36,685.84,88.91,449.00,1139.00,868.73,2.11,186.00,403.00,1.02,42953612,2026-09-23T03:34:05Z
A,orig,2f_top500,async_bulk,128,1,1,0.00,100.00,183.53,933.55,179.30,665.70,88.56,449.00,1117.08,849.23,2.07,186.00,404.00,1.02,42953700,2026-09-23T03:34:05Z
A,orig,2f_slru,pread,128,1,1,0.00,100.00,98.75,18320.52,66.11,18254.41,,,18419.27,18353.16,1.55,0.00,278.00,1.02,42955104,2026-09-23T03:34:05Z
A,orig,2f_slru,async,128,1,1,0.00,100.00,96.20,7272.34,180.52,7091.82,,,7368.54,7188.02,1.56,0.00,278.00,1.02,42951836,2026-09-23T03:34:05Z
A,orig,2f_slru,async_win,128,1,1,0.00,77.30,98.44,2452.35,180.09,1859.38,412.89,138.00,2550.79,1957.82,1.55,0.00,278.00,1.02,42954840,2026-09-23T03:34:06Z
A,orig,2f_slru,async_bulk,128,1,1,0.00,1.50,779.49,667.50,179.75,79.11,408.65,2.00,1446.99,858.60,2.12,185.00,257.00,1.02,42955128,2026-09-23T03:34:06Z
A,orig,leaf_freq_K10,pread,128,1,1,0.00,100.00,575.30,959.68,65.88,893.80,,,1534.98,1469.10,2.15,191.00,263.00,1.02,42954716,2026-09-23T03:34:06Z
A,orig,leaf_freq_K10,async,128,1,1,0.00,100.00,585.86,230.19,153.62,76.57,,,816.05,662.43,2.13,191.00,263.00,1.02,42955244,2026-09-23T03:34:07Z
A,orig,leaf_freq_K10,async_win,128,1,1,0.00,100.00,580.45,235.90,153.50,20.18,62.23,10.00,816.35,600.63,2.15,191.00,263.00,1.02,42955560,2026-09-23T03:34:07Z
A,orig,leaf_freq_K10,async_bulk,128,1,1,0.00,100.00,591.12,233.32,152.95,17.94,62.43,10.00,824.44,609.06,2.13,191.00,263.00,1.02,42956120,2026-09-23T03:34:07Z
A,orig,leaf_rand_K10,pread,128,1,1,0.00,100.00,878.95,963.94,66.21,897.73,,,1842.89,1776.68,2.14,188.00,257.00,1.02,42955880,2026-09-23T03:34:08Z
A,orig,leaf_rand_K10,async,128,1,1,0.00,100.00,894.60,236.52,149.90,86.62,,,1131.12,981.22,2.32,188.00,257.00,1.15,42972072,2026-09-23T03:35:09Z
A,orig,leaf_rand_K10,async_win,128,1,1,0.00,100.00,883.51,226.10,148.79,14.90,62.41,10.00,1109.61,898.41,2.13,188.00,257.00,1.15,42974212,2026-09-23T03:35:09Z
A,orig,leaf_rand_K10,async_bulk,128,1,1,0.00,100.00,879.88,226.21,149.39,14.91,61.91,10.00,1106.09,894.79,2.14,188.00,257.00,1.15,42974016,2026-09-23T03:35:10Z
A,orig,learned_markov_14,pread,128,1,1,0.00,100.00,419.00,1320.07,64.35,1255.72,,,1739.07,1674.72,2.08,185.00,267.00,1.15,42974804,2026-09-23T03:35:10Z
A,orig,learned_markov_14,async,128,1,1,0.00,100.00,480.29,257.13,177.22,79.91,,,737.42,560.20,2.12,185.00,266.00,1.15,42974536,2026-09-23T03:35:10Z
A,orig,learned_markov_14,async_win,128,1,1,0.00,100.00,477.90,263.19,179.96,20.25,62.98,13.00,741.09,498.15,2.13,185.00,267.00,1.15,42974536,2026-09-23T03:35:11Z
A,orig,learned_markov_14,async_bulk,128,1,1,0.00,100.00,477.79,261.65,177.80,21.66,62.19,13.00,739.44,499.45,2.09,185.00,266.00,1.15,42974392,2026-09-23T03:35:11Z
A,orig,learned_markov_28,pread,128,1,1,0.00,100.00,478.13,2635.34,115.69,2519.65,,,3113.47,2997.78,2.10,185.00,269.00,1.15,42972000,2026-09-23T03:35:11Z
A,orig,learned_markov_28,async,128,1,1,0.00,100.00,478.75,295.58,196.02,99.56,,,774.33,578.31,2.12,185.00,268.00,1.15,42973084,2026-09-23T03:35:12Z
A,orig,learned_markov_28,async_win,128,1,1,0.00,100.00,479.08,296.89,196.27,37.36,63.26,26.00,775.97,516.44,2.11,185.00,269.00,1.15,42972064,2026-09-23T03:35:12Z
A,orig,learned_markov_28,async_bulk,128,1,1,0.00,100.00,421.61,297.33,195.11,39.15,63.07,26.00,718.94,460.76,2.07,185.00,269.00,1.15,42971892,2026-09-23T03:35:12Z
B,orig,layers_5,pread,128,1,1,0.00,100.00,921.94,516.77,67.02,449.76,,,1438.71,1371.70,2.18,190.00,266.00,1.15,42973932,2026-09-23T03:35:12Z
B,orig,layers_5,async,128,1,1,0.00,100.00,954.01,215.93,146.75,69.18,,,1169.94,1023.19,2.19,190.00,265.00,1.15,42973816,2026-09-23T03:35:13Z
B,orig,layers_5,async_win,128,1,1,0.00,100.00,848.24,206.09,136.65,7.92,61.52,2.00,1054.33,856.16,2.17,190.00,265.00,1.15,42956908,2026-09-23T03:35:13Z
B,orig,layers_5,async_bulk,128,1,1,0.00,100.00,844.01,214.00,145.43,7.20,61.37,2.00,1058.01,851.21,2.14,190.00,265.00,1.15,42957832,2026-09-23T03:35:13Z
B,orig,layers_92,pread,128,1,1,0.00,100.00,482.26,8054.58,63.32,7991.26,,,8536.84,8473.52,2.16,187.00,279.00,1.13,42957932,2026-09-23T03:35:14Z
B,orig,layers_92,async,128,1,1,0.00,100.00,480.29,342.42,151.65,190.78,,,822.71,671.07,2.14,187.00,276.00,1.13,42958276,2026-09-23T03:35:14Z
B,orig,layers_92,async_win,128,1,1,0.00,100.00,525.86,321.56,147.46,108.57,65.53,87.00,847.42,634.43,2.20,187.00,276.00,1.13,42971704,2026-09-23T03:35:14Z
B,orig,layers_92,async_bulk,128,1,1,0.00,100.00,484.73,325.46,148.53,110.96,65.97,87.00,810.19,595.69,2.15,187.00,276.00,1.13,42971656,2026-09-23T03:35:15Z
B,orig,2d,pread,128,1,1,0.00,100.00,550.67,1785.29,66.45,1718.83,,,2335.96,2269.50,2.16,187.00,279.00,1.13,42973580,2026-09-23T03:35:15Z
B,orig,2d,async,128,1,1,0.00,100.00,484.40,240.38,153.19,87.19,,,724.78,571.59,2.14,187.00,276.00,1.13,42974048,2026-09-23T03:35:15Z
B,orig,2d,async_win,128,1,1,0.00,100.00,562.00,231.25,147.91,21.42,61.92,13.00,793.25,583.42,2.20,187.00,276.00,1.13,42974480,2026-09-23T03:35:16Z
B,orig,2d,async_bulk,128,1,1,0.00,100.00,582.27,235.05,148.36,23.58,63.11,13.00,817.32,605.85,2.18,187.00,276.00,1.13,42975364,2026-09-23T03:35:16Z
B,orig,2e_K10,pread,128,1,1,0.00,100.00,579.44,2603.43,66.69,2536.75,,,3182.87,3116.19,2.17,187.00,281.00,1.13,42975120,2026-09-23T03:35:16Z
B,orig,2e_K10,async,128,1,1,0.00,100.00,508.78,249.03,150.13,98.90,,,757.81,607.68,2.12,187.00,278.00,1.13,42975444,2026-09-23T03:35:17Z
B,orig,2e_K10,async_win,128,1,1,0.00,100.00,481.89,246.29,147.91,35.73,62.66,23.00,728.18,517.62,2.14,187.00,278.00,1.13,42975816,2026-09-23T03:35:17Z
B,orig,2e_K10,async_bulk,128,1,1,0.00,100.00,582.27,234.92,137.51,34.44,62.98,23.00,817.19,616.71,2.19,187.00,278.00,1.13,42976448,2026-09-23T03:35:17Z
B,orig,2e_K500,pread,128,1,1,0.00,100.00,183.41,18354.59,187.80,18166.78,,,18538.00,18350.19,1.60,4.00,286.00,1.13,42976436,2026-09-23T03:35:18Z
B,orig,2e_K500,async,128,1,1,0.00,100.00,487.45,1016.59,187.07,829.52,,,1504.04,1316.97,2.18,184.00,335.00,1.13,42976676,2026-09-23T03:35:18Z
B,orig,2e_K500,async_win,128,1,1,0.00,100.00,488.90,954.63,189.93,673.05,91.65,449.00,1443.53,1161.95,2.18,184.00,334.00,1.13,42973508,2026-09-23T03:35:18Z
B,orig,2e_K500,async_bulk,128,1,1,0.00,100.00,482.69,968.21,185.74,690.85,91.62,449.00,1450.90,1173.54,2.15,184.00,333.00,1.13,42975860,2026-09-23T03:35:18Z
B,orig,2f_top14,pread,128,1,1,0.00,100.00,482.82,1346.97,132.83,1214.14,,,1829.79,1696.96,2.15,187.00,276.00,1.12,42976968,2026-09-23T03:35:19Z
B,orig,2f_top14,async,128,1,1,0.00,100.00,479.68,229.66,149.44,80.22,,,709.34,559.90,2.15,187.00,276.00,1.12,42977224,2026-09-23T03:35:19Z
B,orig,2f_top14,async_win,128,1,1,0.00,100.00,511.28,234.35,150.51,21.89,61.95,13.00,745.63,533.17,2.13,187.00,276.00,1.12,42978956,2026-09-23T03:35:19Z
B,orig,2f_top14,async_bulk,128,1,1,0.00,100.00,579.61,236.37,152.75,20.55,63.08,13.00,815.98,600.16,2.18,187.00,276.00,1.12,42971084,2026-09-23T03:35:20Z
B,orig,2f_top28,pread,128,1,1,0.00,100.00,515.83,2472.16,64.05,2408.11,,,2987.99,2923.94,2.13,187.00,279.00,1.12,42971732,2026-09-23T03:35:20Z
B,orig,2f_top28,async,128,1,1,0.00,100.00,590.33,250.75,152.55,98.20,,,841.08,688.53,2.19,187.00,280.00,1.12,42971416,2026-09-23T03:35:20Z
B,orig,2f_top28,async_win,128,1,1,0.00,100.00,587.58,249.38,150.68,35.27,63.43,27.00,836.96,622.85,2.21,187.00,280.00,1.12,42971912,2026-09-23T03:35:21Z
B,orig,2f_top28,async_bulk,128,1,1,0.00,100.00,481.79,239.58,141.70,35.22,62.67,27.00,721.37,517.01,2.13,187.00,279.00,1.12,42971984,2026-09-23T03:35:21Z
B,orig,2f_top100,pread,128,1,1,0.00,100.00,578.41,8911.29,82.59,8828.71,,,9489.70,9407.12,2.16,183.00,290.00,1.12,42972828,2026-09-23T03:35:21Z
B,orig,2f_top100,async,128,1,1,0.00,100.00,580.76,392.77,197.03,195.74,,,973.53,776.50,2.19,183.00,289.00,1.12,42972916,2026-09-23T03:35:22Z
B,orig,2f_top100,async_win,128,1,1,0.00,100.00,512.56,392.32,196.52,129.72,66.07,98.00,904.88,642.28,2.13,183.00,289.00,1.12,42973636,2026-09-23T03:35:22Z
B,orig,2f_top100,async_bulk,128,1,1,0.00,100.00,491.04,435.01,194.44,170.73,69.84,98.00,926.05,661.77,2.21,183.00,289.00,1.12,42973320,2026-09-23T03:35:22Z
B,orig,2f_top500,pread,128,1,1,0.00,100.00,184.10,17434.48,88.02,17346.46,,,17618.58,17530.56,1.62,3.00,286.00,1.12,42973768,2026-09-23T03:35:23Z
B,orig,2f_top500,async,128,1,1,0.00,100.00,491.94,1081.20,239.29,841.91,,,1573.14,1333.85,2.18,184.00,332.00,1.12,42975324,2026-09-23T03:35:23Z
B,orig,2f_top500,async_win,128,1,1,0.00,100.00,493.62,1017.80,229.17,660.80,127.83,439.00,1511.42,1154.42,2.15,184.00,334.00,1.12,42974696,2026-09-23T03:35:23Z
B,orig,2f_top500,async_bulk,128,1,1,0.00,100.00,486.21,1013.59,222.46,663.32,127.81,439.00,1499.80,1149.53,2.13,184.00,334.00,1.12,42950064,2026-09-23T03:35:23Z
B,orig,2f_slru,pread,128,1,1,0.00,100.00,95.77,18404.11,85.89,18318.22,,,18499.88,18413.99,1.57,0.00,278.00,1.11,42965632,2026-09-23T03:35:24Z
B,orig,2f_slru,async,128,1,1,0.00,100.00,99.23,7412.43,246.84,7165.58,,,7511.66,7264.81,1.60,0.00,278.00,1.11,42963716,2026-09-23T03:35:24Z
B,orig,2f_slru,async_win,128,1,1,0.00,79.40,97.38,2554.65,245.42,1916.44,392.79,138.00,2652.03,2013.82,1.60,0.00,278.00,1.11,42964884,2026-09-23T03:35:24Z
B,orig,2f_slru,async_bulk,128,1,1,0.00,1.50,902.20,710.71,233.10,79.64,397.97,2.00,1612.91,981.84,2.19,187.00,264.00,1.11,42967788,2026-09-23T03:35:25Z
B,orig,leaf_freq_K10,pread,128,1,1,0.00,100.00,963.47,946.72,83.89,862.83,,,1910.19,1826.30,2.18,188.00,267.00,1.11,42967812,2026-09-23T03:35:25Z
B,orig,leaf_freq_K10,async,128,1,1,0.00,100.00,1037.46,289.53,214.14,75.39,,,1326.99,1112.85,2.21,188.00,267.00,1.11,42969244,2026-09-23T03:35:25Z
B,orig,leaf_freq_K10,async_win,128,1,1,0.00,100.00,999.56,290.12,214.09,14.69,61.34,10.00,1289.68,1014.25,2.20,188.00,267.00,1.11,42969688,2026-09-23T03:35:26Z
B,orig,leaf_freq_K10,async_bulk,128,1,1,0.00,100.00,994.02,273.95,198.12,14.25,61.59,10.00,1267.97,1008.27,2.19,188.00,267.00,1.11,42969576,2026-09-23T03:35:26Z
B,orig,leaf_rand_K10,pread,128,1,1,0.00,100.00,933.92,981.26,85.96,895.30,,,1915.18,1829.22,2.18,188.00,266.00,1.11,42970148,2026-09-23T03:35:26Z
B,orig,leaf_rand_K10,async,128,1,1,0.00,100.00,969.90,307.27,232.13,75.14,,,1277.17,1045.04,2.21,188.00,266.00,1.11,42970440,2026-09-23T03:35:27Z
B,orig,leaf_rand_K10,async_win,128,1,1,0.00,100.00,971.24,316.55,239.67,15.30,61.58,10.00,1287.79,986.54,2.25,188.00,266.00,1.11,42971576,2026-09-23T03:35:27Z
B,orig,leaf_rand_K10,async_bulk,128,1,1,0.00,100.00,827.72,319.08,237.50,15.56,66.02,10.00,1146.80,843.28,2.15,188.00,265.00,1.11,42971556,2026-09-23T03:35:27Z
B,orig,learned_markov_14,pread,128,1,1,0.00,100.00,589.99,1368.07,119.41,1248.67,,,1958.06,1838.66,2.23,187.00,275.00,1.11,42971368,2026-09-23T03:35:27Z
B,orig,learned_markov_14,async,128,1,1,0.00,100.00,517.60,280.38,200.27,80.11,,,797.98,597.71,2.17,187.00,275.00,1.11,42971212,2026-09-23T03:35:28Z
B,orig,learned_markov_14,async_win,128,1,1,0.00,100.00,502.61,278.40,197.94,19.23,61.23,13.00,781.01,521.84,2.15,187.00,275.00,1.11,42971852,2026-09-23T03:35:28Z
B,orig,learned_markov_14,async_bulk,128,1,1,0.00,100.00,553.61,305.53,223.32,20.18,62.04,13.00,859.14,573.79,2.22,187.00,275.00,1.11,42972328,2026-09-23T03:35:28Z
B,orig,learned_markov_28,pread,128,1,1,0.00,100.00,521.59,2544.50,204.29,2340.21,,,3066.09,2861.80,2.18,186.00,278.00,1.10,42956352,2026-09-23T03:35:29Z
B,orig,learned_markov_28,async,128,1,1,0.00,100.00,544.36,325.46,227.09,98.38,,,869.82,642.74,2.17,186.00,279.00,1.10,42958180,2026-09-23T03:35:29Z
B,orig,learned_markov_28,async_win,128,1,1,0.00,100.00,583.89,329.70,229.92,37.19,62.59,27.00,913.59,621.08,2.21,186.00,279.00,1.10,42958456,2026-09-23T03:35:29Z
B,orig,learned_markov_28,async_bulk,128,1,1,0.00,100.00,587.42,330.02,228.48,38.90,62.64,27.00,917.44,626.32,2.23,186.00,279.00,1.10,42958440,2026-09-23T03:35:30Z
C,orig,layers_5,pread,128,1,1,0.00,100.00,1037.70,670.28,232.10,438.18,,,1707.98,1475.88,1.60,19.00,32.00,1.10,42958124,2026-09-23T03:35:30Z
C,orig,layers_5,async,128,1,1,0.00,100.00,899.40,301.87,234.26,67.61,,,1201.27,967.01,1.57,19.00,32.00,1.10,42959388,2026-09-23T03:35:30Z
C,orig,layers_5,async_win,128,1,1,0.00,100.00,1034.24,297.09,227.69,8.92,60.48,2.00,1331.33,1043.16,1.61,19.00,32.00,1.10,42959664,2026-09-23T03:35:30Z
C,orig,layers_5,async_bulk,128,1,1,0.00,100.00,973.90,289.88,221.31,8.70,59.87,2.00,1263.78,982.60,1.58,19.00,32.00,1.10,42959844,2026-09-23T03:35:31Z
C,orig,layers_92,pread,128,1,1,0.00,100.00,592.37,8085.36,203.15,7882.21,,,8677.73,8474.58,1.57,19.00,35.00,1.10,42960312,2026-09-23T03:35:31Z
C,orig,layers_92,async,128,1,1,0.00,100.00,661.48,401.67,203.90,197.76,,,1063.15,859.24,1.59,19.00,35.00,1.10,42961268,2026-09-23T03:35:31Z
C,orig,layers_92,async_win,128,1,1,0.00,100.00,594.01,395.87,212.52,118.85,64.50,87.00,989.88,712.86,1.58,19.00,35.00,1.10,42960428,2026-09-23T03:35:32Z
C,orig,layers_92,async_bulk,128,1,1,0.00,100.00,653.26,387.46,203.66,118.94,64.85,87.00,1040.72,772.20,1.59,19.00,35.00,1.10,42960976,2026-09-23T03:35:32Z
C,orig,2d,pread,128,1,1,0.00,100.00,623.25,563.52,204.79,358.72,,,1186.77,981.97,1.58,19.00,35.00,1.10,42960676,2026-09-23T03:35:32Z
C,orig,2d,async,128,1,1,0.00,100.00,624.49,265.04,197.66,67.38,,,889.53,691.87,1.59,19.00,35.00,1.10,42961440,2026-09-23T03:35:32Z
C,orig,2d,async_win,128,1,1,0.00,100.00,586.12,260.79,193.87,7.01,59.90,2.00,846.91,593.13,1.57,19.00,35.00,1.10,42962496,2026-09-23T03:35:33Z
C,orig,2d,async_bulk,128,1,1,0.00,100.00,650.93,261.72,194.46,6.71,60.55,2.00,912.65,657.64,1.60,19.00,35.00,1.10,42962764,2026-09-23T03:35:33Z
C,orig,2e_K10,pread,128,1,1,0.00,100.00,626.21,1420.64,203.87,1216.77,,,2046.85,1842.98,1.57,18.00,38.00,1.10,42962888,2026-09-23T03:35:33Z
C,orig,2e_K10,async,128,1,1,0.00,100.00,657.88,275.94,196.63,79.31,,,933.82,737.19,1.59,19.00,36.00,1.10,42963652,2026-09-23T03:35:33Z
C,orig,2e_K10,async_win,128,1,1,0.00,100.00,623.13,274.17,197.10,16.33,60.73,8.00,897.30,639.46,1.58,19.00,36.00,1.10,42964312,2026-09-23T03:35:34Z
C,orig,2e_K10,async_bulk,128,1,1,0.00,100.00,651.86,274.57,195.98,17.52,61.06,8.00,926.43,669.38,1.58,19.00,36.00,1.10,42964716,2026-09-23T03:35:34Z
C,orig,2e_K500,pread,128,1,1,0.00,100.00,176.26,2345.01,209.67,2135.34,,,2521.27,2311.60,1.54,0.00,37.00,1.10,42955908,2026-09-23T03:35:34Z
C,orig,2e_K500,async,128,1,1,0.00,68.30,176.84,651.20,207.36,443.84,,,828.04,620.68,1.54,0.00,37.00,1.10,42959552,2026-09-23T03:35:34Z
C,orig,2e_K500,async_win,128,1,1,0.00,59.20,176.49,499.99,195.58,223.55,80.86,90.00,676.48,400.04,1.52,0.00,37.00,1.10,42960200,2026-09-23T03:35:35Z
C,orig,2e_K500,async_bulk,128,1,1,0.00,59.80,177.23,506.36,194.15,224.10,88.11,90.00,683.59,401.33,1.53,0.00,37.00,1.10,42961040,2026-09-23T03:35:35Z
C,orig,2f_top14,pread,128,1,1,0.00,100.00,656.16,1318.93,238.21,1080.72,,,1975.09,1736.88,1.58,17.00,38.00,1.10,42969168,2026-09-23T03:35:35Z
C,orig,2f_top14,async,128,1,1,0.00,100.00,596.70,316.09,236.26,79.83,,,912.79,676.53,1.56,18.00,37.00,1.10,42970204,2026-09-23T03:35:35Z
C,orig,2f_top14,async_win,128,1,1,0.00,100.00,629.60,314.00,236.66,16.21,61.13,9.00,943.60,645.81,1.58,18.00,37.00,1.10,42970280,2026-09-23T03:35:36Z
C,orig,2f_top14,async_bulk,128,1,1,0.00,100.00,627.36,304.63,228.04,16.26,60.33,9.00,931.99,643.62,1.57,18.00,37.00,1.10,42970244,2026-09-23T03:35:36Z
C,orig,2f_top28,pread,128,1,1,0.00,100.00,555.18,1324.92,83.31,1241.61,,,1880.10,1796.79,1.57,16.00,37.00,1.10,42968016,2026-09-23T03:35:36Z
C,orig,2f_top28,async,128,1,1,0.00,100.00,598.50,298.93,203.00,95.93,,,897.43,694.43,1.58,17.00,38.00,1.10,42970456,2026-09-23T03:35:36Z
C,orig,2f_top28,async_win,128,1,1,0.00,100.00,602.62,291.61,203.68,26.97,60.95,13.00,894.23,629.59,1.56,17.00,38.00,1.10,42970768,2026-09-23T03:35:37Z
C,orig,2f_top28,async_bulk,128,1,1,0.00,100.00,501.13,279.73,192.16,26.89,60.67,13.00,780.86,528.02,1.57,17.00,38.00,1.10,42970264,2026-09-23T03:35:37Z
C,orig,2f_top100,pread,128,1,1,0.00,100.00,519.34,1372.14,239.49,1132.65,,,1891.48,1651.99,1.57,11.00,35.00,1.10,42970528,2026-09-23T03:35:37Z
C,orig,2f_top100,async,128,1,1,0.00,100.00,653.73,420.36,241.09,179.27,,,1074.09,833.00,1.58,13.00,35.00,1.10,42969860,2026-09-23T03:35:37Z
C,orig,2f_top100,async_win,128,1,1,0.00,80.00,651.03,379.13,242.63,71.91,64.60,32.00,1030.16,722.94,1.55,13.00,35.00,1.10,42969768,2026-09-23T03:35:38Z
C,orig,2f_top100,async_bulk,128,1,1,0.00,100.00,517.62,376.33,239.32,72.16,64.85,32.00,893.95,589.78,1.55,13.00,35.00,1.10,42970216,2026-09-23T03:35:38Z
C,orig,2f_top500,pread,128,1,1,0.00,100.00,90.27,2805.45,84.61,2720.84,,,2895.72,2811.11,1.53,0.00,37.00,1.10,42969416,2026-09-23T03:35:38Z
C,orig,2f_top500,async,128,1,1,0.00,100.00,89.28,964.38,231.28,733.11,,,1053.66,822.39,1.51,0.00,37.00,1.10,42969644,2026-09-23T03:35:38Z
C,orig,2f_top500,async_win,128,1,1,0.00,100.00,89.84,539.60,230.66,220.46,88.48,15.00,629.44,310.30,1.53,0.00,37.00,1.09,42970280,2026-09-23T03:35:39Z
C,orig,2f_top500,async_bulk,128,1,1,0.00,13.60,947.15,358.55,230.64,38.67,89.24,2.00,1305.70,985.82,1.57,18.00,34.00,1.09,42969880,2026-09-23T03:35:39Z
C,orig,2f_slru,pread,128,1,1,0.00,100.00,88.19,2737.92,82.30,2655.61,,,2826.11,2743.80,1.50,0.00,37.00,1.09,42961932,2026-09-23T03:35:39Z
C,orig,2f_slru,async,128,1,1,0.00,100.00,86.23,1017.68,233.94,783.74,,,1103.91,869.97,1.52,0.00,37.00,1.09,42973176,2026-09-23T03:35:39Z
C,orig,2f_slru,async_win,128,1,1,0.00,100.00,91.41,580.03,229.13,223.09,127.81,15.00,671.44,314.50,1.52,0.00,37.00,1.09,42974560,2026-09-23T03:35:40Z
C,orig,2f_slru,async_bulk,128,1,1,0.00,13.60,946.95,394.80,229.56,38.76,126.48,2.00,1341.75,985.71,1.58,18.00,34.00,1.09,42974424,2026-09-23T03:35:40Z
C,orig,leaf_freq_K10,pread,128,1,1,0.00,100.00,1146.07,842.53,83.23,759.31,,,1988.60,1905.38,1.58,18.00,35.00,1.09,42967640,2026-09-23T03:35:40Z
C,orig,leaf_freq_K10,async,128,1,1,0.00,100.00,1156.51,360.70,288.16,72.54,,,1517.21,1229.05,1.57,19.00,33.00,1.09,42967788,2026-09-23T03:35:40Z
C,orig,leaf_freq_K10,async_win,128,1,1,0.00,100.00,1017.59,355.86,283.89,12.19,59.77,6.00,1373.45,1029.78,1.58,19.00,33.00,1.09,42968104,2026-09-23T03:35:41Z
C,orig,leaf_freq_K10,async_bulk,128,1,1,0.00,100.00,914.62,354.87,282.75,11.98,60.13,6.00,1269.49,926.60,1.56,19.00,33.00,1.09,42969008,2026-09-23T03:35:41Z
C,orig,leaf_rand_K10,pread,128,1,1,0.00,100.00,982.36,1002.12,82.01,920.11,,,1984.48,1902.47,1.59,19.00,32.00,1.09,42968564,2026-09-23T03:35:41Z
C,orig,leaf_rand_K10,async,128,1,1,0.00,100.00,1045.51,316.30,240.01,76.29,,,1361.81,1121.80,1.60,19.00,32.00,1.09,42969436,2026-09-23T03:35:41Z
C,orig,leaf_rand_K10,async_win,128,1,1,0.00,100.00,1011.88,307.00,231.68,15.41,59.91,10.00,1318.88,1027.29,1.59,19.00,32.00,1.09,42969368,2026-09-23T03:35:42Z
C,orig,leaf_rand_K10,async_bulk,128,1,1,0.00,100.00,1048.48,305.76,229.75,15.13,60.88,10.00,1354.24,1063.61,1.59,19.00,32.00,1.09,42970008,2026-09-23T03:35:42Z
C,orig,learned_markov_14,pread,128,1,1,0.00,100.00,589.96,1241.18,236.34,1004.84,,,1831.14,1594.80,1.56,17.00,38.00,1.09,42970128,2026-09-23T03:35:42Z
C,orig,learned_markov_14,async,128,1,1,0.00,100.00,620.30,322.49,242.97,79.52,,,942.79,699.82,1.59,18.00,37.00,1.09,42970672,2026-09-23T03:35:42Z
C,orig,learned_markov_14,async_win,128,1,1,0.00,100.00,583.30,314.62,236.35,17.80,60.46,9.00,897.92,601.10,1.56,18.00,37.00,1.09,42971260,2026-09-23T03:35:43Z
C,orig,learned_markov_14,async_bulk,128,1,1,0.00,100.00,653.71,308.85,231.90,16.91,60.04,9.00,962.56,670.62,1.58,18.00,37.00,1.09,42971680,2026-09-23T03:35:43Z
C,orig,learned_markov_28,pread,128,1,1,0.00,100.00,623.54,1233.67,229.64,1004.03,,,1857.21,1627.57,1.56,16.00,37.00,1.09,42970624,2026-09-23T03:35:43Z
C,orig,learned_markov_28,async,128,1,1,0.00,100.00,534.72,324.63,230.66,93.97,,,859.35,628.69,1.55,17.00,38.00,1.09,42970904,2026-09-23T03:35:43Z
C,orig,learned_markov_28,async_win,128,1,1,0.00,100.00,537.73,323.57,235.20,27.45,60.91,13.00,861.30,565.18,1.57,17.00,38.00,1.08,42970040,2026-09-23T03:35:44Z
C,orig,learned_markov_28,async_bulk,128,1,1,0.00,100.00,531.47,318.95,231.44,25.78,61.73,13.00,850.42,557.25,1.57,17.00,38.00,1.08,42971224,2026-09-23T03:35:44Z
C_hit,orig,layers_5,pread,128,1,1,0.00,100.00,997.08,587.50,154.82,432.68,,,1584.58,1429.76,1.66,39.00,60.00,1.08,42971796,2026-09-23T03:35:44Z
C_hit,orig,layers_5,async,128,1,1,0.00,100.00,1037.04,259.49,191.55,67.94,,,1296.53,1104.98,1.68,39.00,60.00,1.08,42974964,2026-09-23T03:35:45Z
C_hit,orig,layers_5,async_win,128,1,1,0.00,100.00,1033.27,256.32,189.28,7.39,59.65,2.00,1289.59,1040.66,1.67,39.00,60.00,1.08,42975244,2026-09-23T03:35:45Z
C_hit,orig,layers_5,async_bulk,128,1,1,0.00,100.00,999.72,261.48,191.34,7.47,62.67,2.00,1261.20,1007.19,1.68,39.00,60.00,1.08,42976240,2026-09-23T03:35:45Z
C_hit,orig,layers_92,pread,128,1,1,0.00,100.00,658.84,8212.45,168.51,8043.94,,,8871.29,8702.78,1.67,39.00,61.00,1.08,42976892,2026-09-23T03:35:45Z
C_hit,orig,layers_92,async,128,1,1,0.00,100.00,653.60,401.19,200.89,200.31,,,1054.79,853.91,1.66,39.00,61.00,1.08,42976668,2026-09-23T03:35:46Z
C_hit,orig,layers_92,async_win,128,1,1,0.00,100.00,653.57,377.12,203.59,109.59,63.94,87.00,1030.69,763.16,1.66,39.00,61.00,1.08,42977288,2026-09-23T03:35:46Z
C_hit,orig,layers_92,async_bulk,128,1,1,0.00,100.00,658.22,374.33,202.17,108.18,63.98,87.00,1032.55,766.40,1.64,39.00,61.00,1.08,42978160,2026-09-23T03:35:46Z
C_hit,orig,2d,pread,128,1,1,0.00,100.00,667.25,541.01,110.62,430.39,,,1208.26,1097.64,1.67,39.00,61.00,1.08,42978280,2026-09-23T03:35:46Z
C_hit,orig,2d,async,128,1,1,0.00,100.00,628.32,287.10,220.25,66.84,,,915.42,695.16,1.67,39.00,61.00,1.08,42978400,2026-09-23T03:35:47Z
C_hit,orig,2d,async_win,128,1,1,0.00,100.00,623.98,287.24,218.87,8.39,59.98,3.00,911.22,632.37,1.66,39.00,61.00,1.08,42978608,2026-09-23T03:35:47Z
C_hit,orig,2d,async_bulk,128,1,1,0.00,100.00,657.61,289.77,222.32,7.84,59.61,3.00,947.38,665.45,1.65,39.00,61.00,1.08,42978536,2026-09-23T03:35:47Z
C_hit,orig,2e_K10,pread,128,1,1,0.00,100.00,595.97,1086.95,119.37,967.58,,,1682.92,1563.55,1.67,38.00,62.00,1.08,42978816,2026-09-23T03:35:47Z
C_hit,orig,2e_K10,async,128,1,1,0.00,100.00,660.80,271.97,191.79,80.18,,,932.77,740.98,1.67,39.00,62.00,1.08,42978356,2026-09-23T03:35:48Z
C_hit,orig,2e_K10,async_win,128,1,1,0.00,100.00,624.64,277.74,201.33,15.56,60.85,6.00,902.38,640.20,1.65,39.00,62.00,1.08,42978772,2026-09-23T03:35:48Z
C_hit,orig,2e_K10,async_bulk,128,1,1,0.00,100.00,657.43,269.43,192.86,15.44,61.12,6.00,926.86,672.87,1.67,39.00,62.00,1.08,42978724,2026-09-23T03:35:48Z
C_hit,orig,2e_K500,pread,128,1,1,0.00,100.00,174.52,3422.28,116.40,3305.89,,,3596.80,3480.41,1.54,9.00,64.00,1.08,42977456,2026-09-23T03:35:49Z
C_hit,orig,2e_K500,async,128,1,1,0.00,62.00,176.13,883.42,200.23,683.19,,,1059.55,859.32,1.57,12.00,62.00,1.07,42977084,2026-09-23T03:35:49Z
C_hit,orig,2e_K500,async_win,128,1,1,0.00,31.70,175.59,621.09,191.60,338.43,91.06,139.00,796.68,514.02,1.57,12.00,62.00,1.07,42977920,2026-09-23T03:35:49Z
C_hit,orig,2e_K500,async_bulk,128,1,1,0.00,31.70,175.40,619.38,193.06,337.00,89.32,139.00,794.78,512.40,1.57,12.00,62.00,1.07,42979096,2026-09-23T03:35:49Z
C_hit,orig,2f_top14,pread,128,1,1,0.00,100.00,667.82,990.62,109.28,881.35,,,1658.44,1549.17,1.68,38.00,62.00,1.07,42978952,2026-09-23T03:35:50Z
C_hit,orig,2f_top14,async,128,1,1,0.00,100.00,601.79,279.10,200.84,78.26,,,880.89,680.05,1.67,39.00,62.00,1.07,42968296,2026-09-23T03:35:50Z
C_hit,orig,2f_top14,async_win,128,1,1,0.00,100.00,630.00,278.40,203.51,13.66,61.23,6.00,908.40,643.66,1.66,39.00,62.00,1.07,42968904,2026-09-23T03:35:50Z
C_hit,orig,2f_top14,async_bulk,128,1,1,0.00,100.00,657.93,271.40,195.27,14.80,61.34,6.00,929.33,672.73,1.67,39.00,62.00,1.07,42969960,2026-09-23T03:35:50Z
C_hit,orig,2f_top28,pread,128,1,1,0.00,100.00,532.61,994.69,114.66,880.03,,,1527.30,1412.64,1.63,36.00,62.00,1.07,42969200,2026-09-23T03:35:51Z
C_hit,orig,2f_top28,async,128,1,1,0.00,100.00,624.75,298.01,202.43,95.58,,,922.76,720.33,1.66,38.00,62.00,1.07,42969684,2026-09-23T03:35:51Z
C_hit,orig,2f_top28,async_win,128,1,1,0.00,100.00,535.23,291.90,207.15,22.66,62.09,8.00,827.13,557.89,1.66,38.00,62.00,1.07,42970116,2026-09-23T03:35:51Z
C_hit,orig,2f_top28,async_bulk,128,1,1,0.00,100.00,571.07,280.56,195.28,22.64,62.64,8.00,851.63,593.71,1.66,38.00,62.00,1.07,42970684,2026-09-23T03:35:51Z
C_hit,orig,2f_top100,pread,128,1,1,0.00,100.00,635.11,1272.74,107.98,1164.76,,,1907.85,1799.87,1.63,31.00,64.00,1.07,42970188,2026-09-23T03:35:52Z
C_hit,orig,2f_top100,async,128,1,1,0.00,100.00,521.44,409.63,231.10,178.53,,,931.07,699.97,1.64,33.00,64.00,1.07,42969928,2026-09-23T03:35:52Z
C_hit,orig,2f_top100,async_win,128,1,1,0.00,100.00,632.33,365.41,229.78,69.73,65.89,28.00,997.74,702.06,1.67,33.00,64.00,1.07,42970856,2026-09-23T03:35:52Z
C_hit,orig,2f_top100,async_bulk,128,1,1,0.00,100.00,660.09,361.32,228.09,67.20,66.03,28.00,1021.41,727.29,1.66,33.00,64.00,1.07,42971360,2026-09-23T03:35:52Z
C_hit,orig,2f_top500,pread,128,1,1,0.00,100.00,176.74,3228.67,228.53,3000.14,,,3405.41,3176.88,1.55,9.00,64.00,1.07,42970924,2026-09-23T03:35:53Z
C_hit,orig,2f_top500,async,128,1,1,0.00,50.60,177.13,954.14,228.52,725.62,,,1131.27,902.75,1.57,12.00,63.00,1.07,42969816,2026-09-23T03:35:53Z
C_hit,orig,2f_top500,async_win,128,1,1,0.00,36.80,176.47,653.42,229.72,333.73,89.97,138.00,829.89,510.20,1.59,12.00,63.00,1.07,42970604,2026-09-23T03:35:53Z
C_hit,orig,2f_top500,async_bulk,128,1,1,0.00,32.60,175.77,645.85,227.99,327.44,90.43,138.00,821.62,503.21,1.57,12.00,63.00,1.07,42972484,2026-09-23T03:35:53Z
C_hit,orig,2f_slru,pread,128,1,1,0.00,100.00,89.53,4759.77,119.72,4640.05,,,4849.30,4729.58,1.51,0.00,62.00,1.07,42973484,2026-09-23T03:35:54Z
C_hit,orig,2f_slru,async,128,1,1,0.00,100.00,90.83,1598.66,234.62,1364.04,,,1689.49,1454.87,1.54,0.00,62.00,1.07,42973712,2026-09-23T03:35:54Z
C_hit,orig,2f_slru,async_win,128,1,1,0.00,100.00,95.29,771.55,232.35,406.87,132.34,29.00,866.84,502.16,1.54,0.00,62.00,1.07,42974940,2026-09-23T03:35:54Z
C_hit,orig,2f_slru,async_bulk,128,1,1,0.00,7.00,777.80,403.78,234.12,43.66,126.00,2.00,1181.58,821.46,1.65,38.00,59.00,1.07,42975884,2026-09-23T03:35:54Z
C_hit,orig,leaf_freq_K10,pread,128,1,1,0.00,100.00,615.14,620.06,109.78,510.28,,,1235.20,1125.42,1.64,38.00,60.00,1.07,42974472,2026-09-23T03:35:55Z
C_hit,orig,leaf_freq_K10,async,128,1,1,0.00,100.00,924.82,277.34,206.38,70.96,,,1202.16,995.78,1.67,39.00,60.00,1.07,42962436,2026-09-23T03:35:55Z
C_hit,orig,leaf_freq_K10,async_win,128,1,1,0.00,100.00,787.28,265.78,195.40,9.05,61.34,3.00,1053.06,796.33,1.67,39.00,60.00,1.07,42963520,2026-09-23T03:35:55Z
C_hit,orig,leaf_freq_K10,async_bulk,128,1,1,0.00,100.00,950.11,268.77,196.14,10.82,61.81,3.00,1218.88,960.93,1.67,39.00,60.00,1.07,42973060,2026-09-23T03:35:56Z
C_hit,orig,leaf_rand_K10,pread,128,1,1,0.00,100.00,1012.74,1062.32,168.12,894.20,,,2075.06,1906.94,1.67,39.00,60.00,1.07,42973580,2026-09-23T03:35:56Z
C_hit,orig,leaf_rand_K10,async,128,1,1,0.00,100.00,1023.04,266.36,191.29,75.07,,,1289.40,1098.11,1.65,39.00,60.00,1.07,42974256,2026-09-23T03:35:56Z
C_hit,orig,leaf_rand_K10,async_win,128,1,1,0.00,100.00,1012.74,267.47,193.19,13.82,60.46,10.00,1280.21,1026.56,1.67,39.00,60.00,1.07,42973996,2026-09-23T03:35:56Z
C_hit,orig,leaf_rand_K10,async_bulk,128,1,1,0.00,100.00,1009.92,270.04,194.70,13.71,61.64,10.00,1279.96,1023.63,1.66,39.00,60.00,1.07,42974548,2026-09-23T03:35:57Z
C_hit,orig,learned_markov_14,pread,128,1,1,0.00,100.00,657.84,998.18,109.91,888.27,,,1656.02,1546.11,1.65,38.00,62.00,1.07,42974976,2026-09-23T03:35:57Z
C_hit,orig,learned_markov_14,async,128,1,1,0.00,100.00,607.20,282.75,202.29,80.46,,,889.95,687.66,1.67,39.00,62.00,1.07,42975380,2026-09-23T03:35:57Z
C_hit,orig,learned_markov_14,async_win,128,1,1,0.00,100.00,659.97,268.18,193.02,14.52,60.64,6.00,928.15,674.49,1.68,39.00,62.00,1.07,42975500,2026-09-23T03:35:57Z
C_hit,orig,learned_markov_14,async_bulk,128,1,1,0.00,100.00,660.52,267.71,192.72,14.45,60.54,6.00,928.23,674.97,1.67,39.00,62.00,1.07,42976252,2026-09-23T03:35:58Z
C_hit,orig,learned_markov_28,pread,128,1,1,0.00,100.00,598.69,1083.89,199.34,884.54,,,1682.58,1483.23,1.65,36.00,62.00,1.07,42975968,2026-09-23T03:35:58Z
C_hit,orig,learned_markov_28,async,128,1,1,0.00,100.00,630.84,295.67,201.05,94.62,,,926.51,725.46,1.66,38.00,62.00,1.07,42976668,2026-09-23T03:35:58Z
C_hit,orig,learned_markov_28,async_win,128,1,1,0.00,100.00,537.09,287.49,203.62,22.14,61.73,8.00,824.58,559.23,1.66,38.00,62.00,1.07,42976728,2026-09-23T03:35:58Z
C_hit,orig,learned_markov_28,async_bulk,128,1,1,0.00,100.00,517.08,278.06,194.43,21.81,61.83,8.00,795.14,538.89,1.67,38.00,62.00,1.06,42977436,2026-09-23T03:35:59Z
A,orig,baseline,baseline,128,2,0,0.00,0.00,885.03,0.00,0.00,0.00,,,885.03,885.03,2.11,187.00,257.00,1.06,42975848,2026-09-23T03:35:59Z
B,orig,baseline,baseline,128,2,0,0.00,0.00,981.59,0.00,0.00,0.00,,,981.59,981.59,2.18,188.00,265.00,1.06,42976732,2026-09-23T03:35:59Z
C,orig,baseline,baseline,128,2,0,0.00,0.00,1033.18,0.00,0.00,0.00,,,1033.18,1033.18,1.58,19.00,32.00,1.06,42976152,2026-09-23T03:36:00Z
C_hit,orig,baseline,baseline,128,2,0,0.00,0.00,1007.08,0.00,0.00,0.00,,,1007.08,1007.08,1.66,39.00,60.00,1.06,42977180,2026-09-23T03:36:00Z
A,orig,layers_5,pread,128,2,0,0.00,100.00,871.83,636.44,194.54,441.90,,,1508.27,1313.73,2.14,186.00,259.00,1.06,42958156,2026-09-23T03:36:00Z
A,orig,layers_5,async,128,2,0,0.00,100.00,867.75,266.36,196.78,69.58,,,1134.11,937.33,2.11,186.00,259.00,1.06,42966440,2026-09-23T03:36:00Z
A,orig,layers_5,async_win,128,2,0,0.00,100.00,868.49,264.24,195.73,7.70,60.80,2.00,1132.73,876.19,2.13,186.00,259.00,1.06,42946880,2026-09-23T03:36:01Z
A,orig,layers_5,async_bulk,128,2,0,0.00,100.00,992.61,264.50,195.67,7.41,61.41,2.00,1257.11,1000.02,2.12,186.00,259.00,1.06,42947324,2026-09-23T03:36:01Z
A,orig,layers_92,pread,128,2,0,0.00,100.00,479.68,8258.64,195.93,8062.71,,,8738.32,8542.39,2.13,185.00,265.00,1.06,42948484,2026-09-23T03:36:01Z
A,orig,layers_92,async,128,2,0,0.00,100.00,479.06,391.73,194.88,196.85,,,870.79,675.91,2.11,185.00,264.00,1.06,42948872,2026-09-23T03:36:02Z
A,orig,layers_92,async_win,128,2,0,0.00,100.00,479.82,375.65,196.23,113.79,65.62,87.00,855.47,593.61,2.11,185.00,264.00,1.06,42949232,2026-09-23T03:36:02Z
A,orig,layers_92,async_bulk,128,2,0,0.00,100.00,480.17,389.02,204.01,119.48,65.52,87.00,869.19,599.65,2.13,185.00,265.00,1.06,42949196,2026-09-23T03:36:02Z
A,orig,2d,pread,128,2,0,0.00,100.00,478.23,1904.24,237.62,1666.62,,,2382.47,2144.85,2.08,185.00,265.00,1.06,42950660,2026-09-23T03:36:03Z
A,orig,2d,async,128,2,0,0.00,100.00,478.58,310.69,226.70,84.00,,,789.27,562.58,2.12,185.00,265.00,1.06,42950724,2026-09-23T03:36:03Z
A,orig,2d,async_win,128,2,0,0.00,100.00,412.44,308.49,225.23,21.88,61.38,13.00,720.93,434.32,2.06,185.00,265.00,1.06,42950928,2026-09-23T03:36:03Z
A,orig,2d,async_bulk,128,2,0,0.00,100.00,482.58,313.01,228.91,22.72,61.38,13.00,795.59,505.30,2.06,185.00,265.00,1.06,42951772,2026-09-23T03:36:04Z
A,orig,2e_K10,pread,128,2,0,0.00,100.00,180.38,2735.72,235.43,2500.29,,,2916.10,2680.67,2.09,189.00,272.00,1.06,42951828,2026-09-23T03:36:04Z
A,orig,2e_K10,async,128,2,0,0.00,100.00,182.06,328.83,232.00,96.83,,,510.89,278.89,2.12,189.00,271.00,1.06,42951920,2026-09-23T03:36:04Z
A,orig,2e_K10,async_win,128,2,0,0.00,100.00,182.37,322.94,231.02,30.46,61.46,23.00,505.31,212.83,2.11,189.00,271.00,1.06,42952012,2026-09-23T03:36:05Z
A,orig,2e_K10,async_bulk,128,2,0,0.00,100.00,180.10,324.10,228.65,33.38,62.07,23.00,504.20,213.48,2.11,189.00,271.00,1.06,42952460,2026-09-23T03:36:05Z
A,orig,2e_K500,pread,128,2,0,0.00,100.00,187.21,20354.70,229.71,20124.99,,,20541.91,20312.20,1.68,52.00,319.00,1.06,42952280,2026-09-23T03:36:05Z
A,orig,2e_K500,async,128,2,0,0.00,100.00,183.14,1067.76,228.88,838.88,,,1250.90,1022.02,2.08,186.00,399.00,1.06,42933956,2026-09-23T03:36:05Z
A,orig,2e_K500,async_win,128,2,0,0.00,100.00,180.74,1035.73,231.03,715.46,89.24,461.00,1216.47,896.20,2.11,186.00,398.00,1.06,42948600,2026-09-23T03:36:06Z
A,orig,2e_K500,async_bulk,128,2,0,0.00,100.00,181.61,1008.61,227.40,691.28,89.93,461.00,1190.22,872.89,2.08,186.00,399.00,1.06,42949400,2026-09-23T03:36:06Z
A,orig,2f_top14,pread,128,2,0,0.00,100.00,477.99,1506.80,228.85,1277.95,,,1984.79,1755.94,2.14,187.00,265.00,1.06,42950704,2026-09-23T03:36:06Z
A,orig,2f_top14,async,128,2,0,0.00,100.00,487.20,307.57,229.45,78.12,,,794.77,565.32,2.10,187.00,265.00,1.06,42951968,2026-09-23T03:36:07Z
A,orig,2f_top14,async_win,128,2,0,0.00,100.00,477.94,312.46,229.19,21.85,61.42,13.00,790.40,499.79,2.13,187.00,266.00,1.06,42952220,2026-09-23T03:36:07Z
A,orig,2f_top14,async_bulk,128,2,0,0.00,100.00,476.11,312.94,229.97,21.87,61.09,13.00,789.05,497.98,2.12,187.00,266.00,1.06,42953196,2026-09-23T03:36:07Z
A,orig,2f_top28,pread,128,2,0,0.00,100.00,181.24,2632.41,230.75,2401.66,,,2813.65,2582.90,2.09,188.00,277.00,1.06,42953372,2026-09-23T03:36:08Z
A,orig,2f_top28,async,128,2,0,0.00,100.00,180.05,324.41,226.75,97.66,,,504.46,277.71,2.11,188.00,277.00,1.06,42953752,2026-09-23T03:36:08Z
A,orig,2f_top28,async_win,128,2,0,0.00,100.00,183.28,328.35,226.75,39.24,62.36,27.00,511.63,222.52,2.11,188.00,277.00,1.06,42955436,2026-09-23T03:36:08Z
A,orig,2f_top28,async_bulk,128,2,0,0.00,100.00,179.63,323.99,228.13,33.89,61.97,27.00,503.62,213.52,2.14,188.00,276.00,1.06,42956228,2026-09-23T03:36:09Z
A,orig,2f_top100,pread,128,2,0,0.00,100.00,180.13,8905.07,228.62,8676.45,,,9085.20,8856.58,2.09,188.00,315.00,1.05,42956464,2026-09-23T03:36:09Z
A,orig,2f_top100,async,128,2,0,0.00,100.00,181.33,436.58,229.50,207.08,,,617.91,388.41,2.10,188.00,313.00,1.05,42956992,2026-09-23T03:36:09Z
A,orig,2f_top100,async_win,128,2,0,0.00,100.00,181.78,413.32,228.03,119.70,65.58,97.00,595.10,301.48,2.11,188.00,313.00,1.05,42958932,2026-09-23T03:36:09Z
A,orig,2f_top100,async_bulk,128,2,0,0.00,100.00,176.64,416.73,229.04,122.05,65.64,97.00,593.37,298.69,2.10,188.00,313.00,1.05,42962712,2026-09-23T03:36:10Z
A,orig,2f_top500,pread,128,2,0,0.00,100.00,178.80,19393.25,226.67,19166.58,,,19572.05,19345.38,1.68,52.00,321.00,1.05,42963816,2026-09-23T03:36:10Z
A,orig,2f_top500,async,128,2,0,0.00,18.40,3331.00,906.29,230.79,675.50,,,4237.29,4006.50,2.11,186.00,402.00,1.05,42964312,2026-09-23T03:36:10Z
A,orig,2f_top500,async_win,128,2,0,0.00,100.00,186.04,1001.10,238.79,672.66,89.65,449.00,1187.14,858.70,2.10,186.00,408.00,1.05,42948828,2026-09-23T03:36:11Z
A,orig,2f_top500,async_bulk,128,2,0,0.00,100.00,181.63,1007.06,229.67,680.51,96.88,449.00,1188.69,862.14,2.07,186.00,405.00,1.05,42960744,2026-09-23T03:36:11Z
A,orig,2f_slru,pread,128,2,0,0.00,100.00,99.02,17976.89,228.06,17748.83,,,18075.91,17847.85,1.52,0.00,278.00,1.05,42961936,2026-09-23T03:36:11Z
A,orig,2f_slru,async,128,2,0,0.00,100.00,99.28,7316.92,230.77,7086.14,,,7416.20,7185.42,1.56,0.00,278.00,1.05,42958568,2026-09-23T03:36:12Z
A,orig,2f_slru,async_win,128,2,0,0.00,80.90,99.47,2538.23,228.33,1897.85,412.06,138.00,2637.70,1997.32,1.55,0.00,278.00,1.05,42961280,2026-09-23T03:36:12Z
A,orig,2f_slru,async_bulk,128,2,0,0.00,1.50,781.36,719.73,229.90,80.32,409.51,2.00,1501.09,861.68,2.13,185.00,257.00,1.05,42961076,2026-09-23T03:36:12Z
A,orig,leaf_freq_K10,pread,128,2,0,0.00,100.00,576.83,1124.24,231.31,892.93,,,1701.07,1469.76,2.12,191.00,263.00,1.05,42963036,2026-09-23T03:36:12Z
A,orig,leaf_freq_K10,async,128,2,0,0.00,100.00,583.18,305.39,228.04,77.36,,,888.57,660.54,2.11,191.00,263.00,1.05,42962464,2026-09-23T03:36:13Z
A,orig,leaf_freq_K10,async_win,128,2,0,0.00,100.00,581.42,309.46,230.91,16.50,62.05,10.00,890.88,597.92,2.13,191.00,263.00,1.05,42962852,2026-09-23T03:36:13Z
A,orig,leaf_freq_K10,async_bulk,128,2,0,0.00,100.00,583.33,307.32,229.04,16.01,62.27,10.00,890.65,599.34,2.14,191.00,263.00,1.05,42964268,2026-09-23T03:36:13Z
A,orig,leaf_rand_K10,pread,128,2,0,0.00,100.00,880.12,1154.39,226.69,927.70,,,2034.51,1807.82,2.12,188.00,257.00,1.05,42965548,2026-09-23T03:36:14Z
A,orig,leaf_rand_K10,async,128,2,0,0.00,100.00,894.36,309.44,229.86,79.58,,,1203.80,973.94,2.12,188.00,257.00,1.05,42965556,2026-09-23T03:36:14Z
A,orig,leaf_rand_K10,async_win,128,2,0,0.00,100.00,881.26,311.36,229.73,17.66,63.96,10.00,1192.62,898.92,2.13,188.00,257.00,1.05,42965964,2026-09-23T03:36:14Z
A,orig,leaf_rand_K10,async_bulk,128,2,0,0.00,100.00,884.35,307.69,229.60,16.59,61.49,10.00,1192.04,900.94,2.14,188.00,257.00,1.05,42965984,2026-09-23T03:36:15Z
A,orig,learned_markov_14,pread,128,2,0,0.00,100.00,478.93,1505.19,229.18,1276.01,,,1984.12,1754.94,2.10,185.00,266.00,1.05,42966172,2026-09-23T03:36:15Z
A,orig,learned_markov_14,async,128,2,0,0.00,100.00,479.96,314.78,232.08,82.71,,,794.74,562.67,2.12,185.00,267.00,1.05,42967616,2026-09-23T03:36:15Z
A,orig,learned_markov_14,async_win,128,2,0,0.00,100.00,482.53,307.31,227.56,18.40,61.35,13.00,789.84,500.93,2.11,185.00,267.00,1.05,42968600,2026-09-23T03:36:16Z
A,orig,learned_markov_14,async_bulk,128,2,0,0.00,100.00,480.63,308.71,228.81,18.45,61.46,13.00,789.34,499.08,2.14,185.00,267.00,1.05,42969312,2026-09-23T03:36:16Z
A,orig,learned_markov_28,pread,128,2,0,0.00,100.00,484.93,2709.75,227.66,2482.10,,,3194.68,2967.03,2.12,185.00,270.00,1.05,42974344,2026-09-23T03:36:16Z
A,orig,learned_markov_28,async,128,2,0,0.00,100.00,476.18,325.84,228.78,97.06,,,802.02,573.24,2.11,185.00,268.00,1.05,42975392,2026-09-23T03:36:16Z
A,orig,learned_markov_28,async_win,128,2,0,0.00,100.00,473.16,330.56,230.06,36.92,63.58,26.00,803.72,510.08,2.10,185.00,268.00,1.05,42975960,2026-09-23T03:36:17Z
A,orig,learned_markov_28,async_bulk,128,2,0,0.00,100.00,477.84,327.43,226.78,38.07,62.58,26.00,805.27,515.91,2.10,185.00,268.00,1.05,42975068,2026-09-23T03:36:17Z
B,orig,layers_5,pread,128,2,0,0.00,100.00,879.82,670.86,227.13,443.73,,,1550.68,1323.55,2.17,190.00,266.00,1.05,42975092,2026-09-23T03:36:17Z
B,orig,layers_5,async,128,2,0,0.00,100.00,912.98,293.84,224.45,69.39,,,1206.82,982.37,2.15,190.00,265.00,1.05,42974780,2026-09-23T03:36:18Z
B,orig,layers_5,async_win,128,2,0,0.00,100.00,953.48,296.85,228.20,7.97,60.67,2.00,1250.33,961.45,2.17,190.00,265.00,1.05,42976224,2026-09-23T03:36:18Z
B,orig,layers_5,async_bulk,128,2,0,0.00,100.00,953.49,297.90,228.65,7.55,61.70,2.00,1251.39,961.04,2.18,190.00,265.00,1.05,42975484,2026-09-23T03:36:18Z
B,orig,layers_92,pread,128,2,0,0.00,100.00,481.72,8313.89,227.38,8086.51,,,8795.61,8568.23,2.15,187.00,279.00,1.04,42976788,2026-09-23T03:36:19Z
B,orig,layers_92,async,128,2,0,0.00,100.00,554.68,417.07,230.23,186.84,,,971.75,741.52,2.19,187.00,276.00,1.04,42976452,2026-09-23T03:36:19Z
B,orig,layers_92,async_win,128,2,0,0.00,100.00,480.63,423.32,230.49,126.28,66.55,87.00,903.95,606.91,2.16,187.00,276.00,1.04,42976228,2026-09-23T03:36:19Z
B,orig,layers_92,async_bulk,128,2,0,0.00,100.00,550.93,407.32,231.28,109.52,66.53,87.00,958.25,660.45,2.18,187.00,276.00,1.04,42977104,2026-09-23T03:36:20Z
B,orig,2d,pread,128,2,0,0.00,100.00,578.82,1935.67,227.70,1707.97,,,2514.49,2286.79,2.18,187.00,279.00,1.04,42976336,2026-09-23T03:36:20Z
B,orig,2d,async,128,2,0,0.00,100.00,549.44,317.25,233.78,83.47,,,866.69,632.91,2.20,187.00,276.00,1.04,42976740,2026-09-23T03:36:20Z
B,orig,2d,async_win,128,2,0,0.00,100.00,581.67,315.15,230.69,22.24,62.22,13.00,896.82,603.91,2.20,187.00,276.00,1.04,42977244,2026-09-23T03:36:21Z
B,orig,2d,async_bulk,128,2,0,0.00,100.00,578.38,314.05,227.10,24.57,62.39,13.00,892.43,602.95,2.19,187.00,276.00,1.04,42975852,2026-09-23T03:36:21Z
B,orig,2e_K10,pread,128,2,0,0.00,100.00,577.99,2731.64,227.71,2503.93,,,3309.63,3081.92,2.22,187.00,281.00,1.04,42952148,2026-09-23T03:36:21Z
B,orig,2e_K10,async,128,2,0,0.00,100.00,576.81,331.03,232.95,98.08,,,907.84,674.89,2.20,187.00,278.00,1.04,42966760,2026-09-23T03:36:22Z
B,orig,2e_K10,async_win,128,2,0,0.00,100.00,580.49,323.34,227.94,32.68,62.72,23.00,903.83,613.17,2.19,187.00,278.00,1.04,42966436,2026-09-23T03:36:22Z
B,orig,2e_K10,async_bulk,128,2,0,0.00,100.00,582.81,326.09,230.83,33.26,62.00,23.00,908.90,616.07,2.19,187.00,278.00,1.04,42967264,2026-09-23T03:36:22Z
B,orig,2e_K500,pread,128,2,0,0.00,100.00,183.23,18119.78,228.22,17891.56,,,18303.01,18074.79,1.60,4.00,285.00,1.04,42967856,2026-09-23T03:36:22Z
B,orig,2e_K500,async,128,2,0,0.00,100.00,487.03,1072.62,230.96,841.65,,,1559.65,1328.68,2.17,184.00,335.00,1.04,42967916,2026-09-23T03:36:23Z
B,orig,2e_K500,async_win,128,2,0,0.00,100.00,485.92,998.95,227.39,680.89,90.67,449.00,1484.87,1166.81,2.15,184.00,333.00,1.04,42968480,2026-09-23T03:36:23Z
B,orig,2e_K500,async_bulk,128,2,0,0.00,100.00,489.53,999.01,229.00,677.99,92.02,449.00,1488.54,1167.52,2.14,184.00,333.00,1.04,42968716,2026-09-23T03:36:23Z
B,orig,2f_top14,pread,128,2,0,0.00,100.00,547.72,1479.97,227.70,1252.27,,,2027.69,1799.99,2.18,187.00,276.00,1.04,42968912,2026-09-23T03:36:24Z
B,orig,2f_top14,async,128,2,0,0.00,100.00,552.03,306.18,225.72,80.45,,,858.21,632.48,2.18,187.00,276.00,1.04,42968196,2026-09-23T03:36:24Z
B,orig,2f_top14,async_win,128,2,0,0.00,100.00,583.14,311.32,229.84,19.63,61.86,13.00,894.46,602.77,2.21,187.00,276.00,1.04,42968580,2026-09-23T03:36:24Z
B,orig,2f_top14,async_bulk,128,2,0,0.00,100.00,580.87,313.82,229.89,21.72,62.21,13.00,894.69,602.59,2.19,187.00,276.00,1.04,42968784,2026-09-23T03:36:25Z
B,orig,2f_top28,pread,128,2,0,0.00,100.00,580.81,2566.99,229.76,2337.23,,,3147.80,2918.04,2.17,187.00,279.00,1.04,42969044,2026-09-23T03:36:25Z
B,orig,2f_top28,async,128,2,0,0.00,100.00,583.47,326.75,226.46,100.29,,,910.22,683.76,2.20,187.00,279.00,1.04,42970424,2026-09-23T03:36:25Z
B,orig,2f_top28,async_win,128,2,0,0.00,100.00,582.34,333.76,232.42,38.48,62.86,27.00,916.10,620.82,2.18,187.00,279.00,1.04,42971168,2026-09-23T03:36:26Z
B,orig,2f_top28,async_bulk,128,2,0,0.00,100.00,579.76,336.34,236.43,37.28,62.64,27.00,916.10,617.04,2.19,187.00,279.00,1.04,42970136,2026-09-23T03:36:26Z
B,orig,2f_top100,pread,128,2,0,0.00,100.00,520.51,8960.39,228.36,8732.03,,,9480.90,9252.54,2.16,183.00,290.00,1.04,42972452,2026-09-23T03:36:26Z
B,orig,2f_top100,async,128,2,0,0.00,100.00,577.12,434.29,229.63,204.66,,,1011.41,781.78,2.18,183.00,289.00,1.04,42966952,2026-09-23T03:36:27Z
B,orig,2f_top100,async_win,128,2,0,0.00,100.00,580.22,416.42,229.46,120.57,66.39,98.00,996.64,700.79,2.17,183.00,289.00,1.04,42967600,2026-09-23T03:36:27Z
B,orig,2f_top100,async_bulk,128,2,0,0.00,100.00,551.00,416.43,228.33,122.45,65.65,98.00,967.43,673.45,2.18,183.00,289.00,1.04,42967988,2026-09-23T03:36:27Z
B,orig,2f_top500,pread,128,2,0,0.00,100.00,182.71,18531.63,229.42,18302.21,,,18714.34,18484.92,1.61,3.00,286.00,1.04,42968632,2026-09-23T03:36:27Z
B,orig,2f_top500,async,128,2,0,0.00,100.00,493.35,1062.84,228.85,833.99,,,1556.19,1327.34,2.15,184.00,335.00,1.04,42968648,2026-09-23T03:36:28Z
B,orig,2f_top500,async_win,128,2,0,0.00,100.00,490.55,1022.95,231.73,660.42,130.81,439.00,1513.50,1150.97,2.14,184.00,334.00,1.04,42967196,2026-09-23T03:36:28Z
B,orig,2f_top500,async_bulk,128,2,0,0.00,100.00,488.60,1022.81,226.87,666.59,129.35,439.00,1511.41,1155.19,2.13,184.00,333.00,1.04,42968412,2026-09-23T03:36:28Z
B,orig,2f_slru,pread,128,2,0,0.00,100.00,95.09,18533.20,228.37,18304.83,,,18628.29,18399.92,1.57,0.00,278.00,1.04,42968140,2026-09-23T03:36:29Z
B,orig,2f_slru,async,128,2,0,0.00,100.00,98.52,7311.02,228.80,7082.23,,,7409.54,7180.75,1.61,0.00,278.00,1.04,42965468,2026-09-23T03:36:29Z
B,orig,2f_slru,async_win,128,2,0,0.00,80.90,95.96,2530.86,226.68,1908.63,395.55,138.00,2626.82,2004.59,1.61,0.00,278.00,1.04,42966648,2026-09-23T03:36:29Z
B,orig,2f_slru,async_bulk,128,2,0,0.00,1.50,825.01,709.15,230.17,80.27,398.71,2.00,1534.16,905.28,2.15,187.00,264.00,1.04,42969576,2026-09-23T03:36:30Z
B,orig,leaf_freq_K10,pread,128,2,0,0.00,100.00,981.30,1089.71,227.64,862.07,,,2071.01,1843.37,2.17,188.00,267.00,1.04,42969332,2026-09-23T03:36:30Z
B,orig,leaf_freq_K10,async,128,2,0,0.00,100.00,965.31,302.72,227.26,75.46,,,1268.03,1040.77,2.18,188.00,267.00,1.04,42969868,2026-09-23T03:36:30Z
B,orig,leaf_freq_K10,async_win,128,2,0,0.00,100.00,992.78,306.05,228.42,16.08,61.55,10.00,1298.83,1008.86,2.19,188.00,267.00,1.04,42970336,2026-09-23T03:36:30Z
B,orig,leaf_freq_K10,async_bulk,128,2,0,0.00,100.00,996.04,303.07,227.54,14.36,61.17,10.00,1299.11,1010.40,2.21,188.00,267.00,1.04,42970360,2026-09-23T03:36:31Z
B,orig,leaf_rand_K10,pread,128,2,0,0.00,100.00,925.33,1147.37,227.63,919.74,,,2072.70,1845.07,2.17,188.00,266.00,1.04,42970596,2026-09-23T03:36:31Z
B,orig,leaf_rand_K10,async,128,2,0,0.00,100.00,922.40,303.64,228.70,74.94,,,1226.04,997.34,2.18,188.00,266.00,1.04,42969736,2026-09-23T03:36:31Z
B,orig,leaf_rand_K10,async_win,128,2,0,0.00,100.00,960.73,306.42,228.99,16.00,61.43,10.00,1267.15,976.73,2.19,188.00,266.00,1.04,42960396,2026-09-23T03:36:32Z
B,orig,leaf_rand_K10,async_bulk,128,2,0,0.00,100.00,957.28,304.65,227.29,15.89,61.48,10.00,1261.93,973.17,2.17,188.00,266.00,1.04,42961840,2026-09-23T03:36:32Z
B,orig,learned_markov_14,pread,128,2,0,0.00,100.00,552.71,1448.11,230.35,1217.76,,,2000.82,1770.47,2.19,187.00,275.00,1.04,42961776,2026-09-23T03:36:32Z
B,orig,learned_markov_14,async,128,2,0,0.00,100.00,554.64,307.04,227.08,79.96,,,861.68,634.60,2.18,187.00,275.00,1.04,42961872,2026-09-23T03:36:33Z
B,orig,learned_markov_14,async_win,128,2,0,0.00,100.00,520.40,312.25,229.99,20.12,62.14,13.00,832.65,540.52,2.18,187.00,275.00,1.04,42962888,2026-09-23T03:36:33Z
B,orig,learned_markov_14,async_bulk,128,2,0,0.00,100.00,547.38,311.32,230.86,18.85,61.61,13.00,858.70,566.23,2.18,187.00,275.00,1.04,42963356,2026-09-23T03:36:33Z
B,orig,learned_markov_28,pread,128,2,0,0.00,100.00,550.43,2599.84,229.77,2370.07,,,3150.27,2920.50,2.18,186.00,279.00,1.11,42964236,2026-09-23T03:36:34Z
B,orig,learned_markov_28,async,128,2,0,0.00,100.00,479.67,322.38,226.50,95.88,,,802.05,575.55,2.12,186.00,279.00,1.11,42964228,2026-09-23T03:36:34Z
B,orig,learned_markov_28,async_win,128,2,0,0.00,100.00,515.11,323.60,227.42,33.92,62.26,27.00,838.71,549.03,2.16,186.00,278.00,1.11,42964420,2026-09-23T03:36:34Z
B,orig,learned_markov_28,async_bulk,128,2,0,0.00,100.00,569.31,325.97,228.25,35.16,62.57,27.00,895.28,604.47,2.20,186.00,279.00,1.11,42964840,2026-09-23T03:36:35Z
C,orig,layers_5,pread,128,2,0,0.00,100.00,936.78,661.55,228.16,433.39,,,1598.33,1370.17,1.57,19.00,32.00,1.11,42965280,2026-09-23T03:36:35Z
C,orig,layers_5,async,128,2,0,0.00,100.00,974.47,298.77,230.55,68.22,,,1273.24,1042.69,1.57,19.00,32.00,1.11,42965696,2026-09-23T03:36:35Z
C,orig,layers_5,async_win,128,2,0,0.00,100.00,1006.84,295.63,226.99,7.68,60.95,2.00,1302.47,1014.52,1.59,19.00,32.00,1.11,42966008,2026-09-23T03:36:35Z
C,orig,layers_5,async_bulk,128,2,0,0.00,100.00,1005.39,300.49,232.11,7.50,60.88,2.00,1305.88,1012.89,1.58,19.00,32.00,1.11,42966328,2026-09-23T03:36:36Z
C,orig,layers_92,pread,128,2,0,0.00,100.00,650.82,8158.86,224.55,7934.31,,,8809.68,8585.13,1.59,19.00,35.00,1.11,42965956,2026-09-23T03:36:36Z
C,orig,layers_92,async,128,2,0,0.00,100.00,652.63,419.11,226.39,192.72,,,1071.74,845.35,1.58,19.00,35.00,1.11,42966320,2026-09-23T03:36:36Z
C,orig,layers_92,async_win,128,2,0,0.00,100.00,650.90,401.25,224.46,111.96,64.83,87.00,1052.15,762.86,1.57,19.00,35.00,1.11,42979504,2026-09-23T03:36:36Z
C,orig,layers_92,async_bulk,128,2,0,0.00,100.00,649.68,408.31,224.50,118.48,65.32,87.00,1057.99,768.16,1.60,19.00,35.00,1.11,42979612,2026-09-23T03:36:37Z
C,orig,2d,pread,128,2,0,0.00,100.00,650.42,581.12,225.49,355.63,,,1231.54,1006.05,1.58,19.00,35.00,1.11,42978884,2026-09-23T03:36:37Z
C,orig,2d,async,128,2,0,0.00,100.00,621.60,293.08,226.34,66.75,,,914.68,688.35,1.58,19.00,35.00,1.11,42958712,2026-09-23T03:36:37Z
C,orig,2d,async_win,128,2,0,0.00,100.00,650.08,295.46,227.70,7.23,60.53,2.00,945.54,657.31,1.59,19.00,35.00,1.11,42977884,2026-09-23T03:36:37Z
C,orig,2d,async_bulk,128,2,0,0.00,100.00,556.92,292.83,226.37,6.98,59.48,2.00,849.75,563.90,1.58,19.00,35.00,1.11,42977816,2026-09-23T03:36:38Z
C,orig,2e_K10,pread,128,2,0,0.00,100.00,663.07,1347.94,226.59,1121.36,,,2011.01,1784.43,1.59,18.00,38.00,1.11,42976508,2026-09-23T03:36:38Z
C,orig,2e_K10,async,128,2,0,0.00,100.00,505.03,303.46,226.54,76.92,,,808.49,581.95,1.58,19.00,36.00,1.11,42977924,2026-09-23T03:36:38Z
C,orig,2e_K10,async_win,128,2,0,0.00,100.00,650.91,303.47,226.31,17.10,60.06,8.00,954.38,668.01,1.57,19.00,36.00,1.11,42977996,2026-09-23T03:36:38Z
C,orig,2e_K10,async_bulk,128,2,0,0.00,100.00,650.89,301.52,225.38,15.26,60.88,8.00,952.41,666.15,1.57,19.00,36.00,1.10,42978664,2026-09-23T03:36:39Z
C,orig,2e_K500,pread,128,2,0,0.00,100.00,173.88,2369.53,225.85,2143.68,,,2543.41,2317.56,1.51,0.00,37.00,1.10,42978292,2026-09-23T03:36:39Z
C,orig,2e_K500,async,128,2,0,0.00,68.30,172.91,673.31,225.56,447.74,,,846.22,620.65,1.52,0.00,37.00,1.10,42978588,2026-09-23T03:36:39Z
C,orig,2e_K500,async_win,128,2,0,0.00,100.00,177.06,531.42,226.73,223.95,80.74,90.00,708.48,401.01,1.51,0.00,37.00,1.10,42979740,2026-09-23T03:36:39Z
C,orig,2e_K500,async_bulk,128,2,0,0.00,47.90,177.82,531.69,225.63,225.61,80.44,90.00,709.51,403.43,1.53,0.00,37.00,1.10,42980344,2026-09-23T03:36:40Z
C,orig,2f_top14,pread,128,2,0,0.00,100.00,655.04,1295.18,224.48,1070.70,,,1950.22,1725.74,1.58,17.00,38.00,1.10,42980680,2026-09-23T03:36:40Z
C,orig,2f_top14,async,128,2,0,0.00,100.00,651.58,303.09,225.57,77.52,,,954.67,729.10,1.58,18.00,37.00,1.10,42981620,2026-09-23T03:36:40Z
C,orig,2f_top14,async_win,128,2,0,0.00,100.00,622.57,307.12,228.77,17.23,61.12,9.00,929.69,639.80,1.57,18.00,37.00,1.10,42981720,2026-09-23T03:36:40Z
C,orig,2f_top14,async_bulk,128,2,0,0.00,100.00,657.74,302.31,225.96,15.88,60.46,9.00,960.05,673.62,1.59,18.00,37.00,1.10,42981128,2026-09-23T03:36:41Z
C,orig,2f_top28,pread,128,2,0,0.00,100.00,626.87,1281.62,199.09,1082.54,,,1908.49,1709.41,1.56,16.00,37.00,1.10,42980912,2026-09-23T03:36:41Z
C,orig,2f_top28,async,128,2,0,0.00,100.00,506.81,290.85,190.81,100.04,,,797.66,606.85,1.59,17.00,38.00,1.10,42981992,2026-09-23T03:36:41Z
C,orig,2f_top28,async_win,128,2,0,0.00,100.00,534.52,279.42,193.01,25.66,60.74,13.00,813.94,560.18,1.57,17.00,38.00,1.10,42982364,2026-09-23T03:36:42Z
C,orig,2f_top28,async_bulk,128,2,0,0.00,100.00,540.81,279.21,192.34,26.21,60.66,13.00,820.02,567.02,1.56,17.00,38.00,1.10,42964960,2026-09-23T03:36:42Z
C,orig,2f_top100,pread,128,2,0,0.00,100.00,657.71,1850.20,180.43,1669.77,,,2507.91,2327.48,1.56,11.00,35.00,1.10,42964196,2026-09-23T03:36:42Z
C,orig,2f_top100,async,128,2,0,0.00,100.00,545.60,357.54,180.88,176.66,,,903.14,722.26,1.57,13.00,35.00,1.10,42964664,2026-09-23T03:36:42Z
C,orig,2f_top100,async_win,128,2,0,0.00,92.00,655.33,322.14,181.50,74.70,65.93,32.00,977.47,730.03,1.55,13.00,35.00,1.10,42964168,2026-09-23T03:36:43Z
C,orig,2f_top100,async_bulk,128,2,0,0.00,100.00,553.05,312.47,175.35,71.18,65.93,32.00,865.52,624.23,1.56,13.00,35.00,1.10,42964824,2026-09-23T03:36:43Z
C,orig,2f_top500,pread,128,2,0,0.00,100.00,90.77,2750.79,179.79,2571.00,,,2841.56,2661.77,1.51,0.00,37.00,1.10,42965028,2026-09-23T03:36:43Z
C,orig,2f_top500,async,128,2,0,0.00,100.00,91.91,896.98,179.77,717.21,,,988.89,809.12,1.53,0.00,37.00,1.10,42960428,2026-09-23T03:36:43Z
C,orig,2f_top500,async_win,128,2,0,0.00,100.00,93.17,490.71,183.44,217.44,89.83,15.00,583.88,310.61,1.52,0.00,37.00,1.10,42961044,2026-09-23T03:36:44Z
C,orig,2f_top500,async_bulk,128,2,0,0.00,13.60,952.73,318.30,182.17,43.68,92.44,2.00,1271.03,996.41,1.56,18.00,34.00,1.10,42961180,2026-09-23T03:36:44Z
C,orig,2f_slru,pread,128,2,0,0.00,100.00,89.98,2901.73,180.40,2721.33,,,2991.71,2811.31,1.51,0.00,37.00,1.10,42961644,2026-09-23T03:36:44Z
C,orig,2f_slru,async,128,2,0,0.00,100.00,92.78,966.64,179.46,787.18,,,1059.42,879.96,1.52,0.00,37.00,1.10,42962296,2026-09-23T03:36:44Z
C,orig,2f_slru,async_win,128,2,0,0.00,100.00,90.29,519.63,180.32,215.24,124.07,15.00,609.92,305.53,1.52,0.00,37.00,1.10,42962552,2026-09-23T03:36:45Z
C,orig,2f_slru,async_bulk,128,2,0,0.00,13.60,945.23,344.19,179.41,38.50,126.28,2.00,1289.42,983.73,1.59,18.00,34.00,1.10,42961976,2026-09-23T03:36:45Z
C,orig,leaf_freq_K10,pread,128,2,0,0.00,100.00,980.55,918.82,178.58,740.24,,,1899.37,1720.79,1.60,18.00,35.00,1.10,42962116,2026-09-23T03:36:45Z
C,orig,leaf_freq_K10,async,128,2,0,0.00,100.00,1122.95,252.23,179.92,72.32,,,1375.18,1195.27,1.58,19.00,33.00,1.10,42962824,2026-09-23T03:36:45Z
C,orig,leaf_freq_K10,async_win,128,2,0,0.00,100.00,1043.05,255.64,181.57,13.91,60.16,6.00,1298.69,1056.96,1.58,19.00,33.00,1.10,42962952,2026-09-23T03:36:46Z
C,orig,leaf_freq_K10,async_bulk,128,2,0,0.00,100.00,1010.07,253.47,181.49,11.77,60.20,6.00,1263.54,1021.84,1.59,19.00,33.00,1.10,42962992,2026-09-23T03:36:46Z
C,orig,leaf_rand_K10,pread,128,2,0,0.00,100.00,1015.93,1108.21,181.58,926.63,,,2124.14,1942.56,1.58,19.00,32.00,1.10,42965764,2026-09-23T03:36:46Z
C,orig,leaf_rand_K10,async,128,2,0,0.00,100.00,1007.87,255.19,181.41,73.78,,,1263.06,1081.65,1.58,19.00,32.00,1.10,42965708,2026-09-23T03:36:46Z
C,orig,leaf_rand_K10,async_win,128,2,0,0.00,100.00,1017.04,262.11,183.47,17.57,61.06,10.00,1279.15,1034.61,1.58,19.00,32.00,1.10,42966000,2026-09-23T03:36:47Z
C,orig,leaf_rand_K10,async_bulk,128,2,0,0.00,100.00,1040.94,253.88,178.68,14.99,60.21,10.00,1294.82,1055.93,1.59,19.00,32.00,1.10,42966272,2026-09-23T03:36:47Z
C,orig,learned_markov_14,pread,128,2,0,0.00,100.00,654.38,1254.34,179.71,1074.63,,,1908.72,1729.01,1.59,17.00,38.00,1.10,42966116,2026-09-23T03:36:47Z
C,orig,learned_markov_14,async,128,2,0,0.00,100.00,507.27,259.17,180.26,78.91,,,766.44,586.18,1.58,18.00,37.00,1.10,42966620,2026-09-23T03:36:47Z
C,orig,learned_markov_14,async_win,128,2,0,0.00,100.00,653.79,257.90,180.91,16.47,60.52,9.00,911.69,670.26,1.57,18.00,37.00,1.10,42966568,2026-09-23T03:36:48Z
C,orig,learned_markov_14,async_bulk,128,2,0,0.00,100.00,655.24,259.88,180.99,18.22,60.66,9.00,915.12,673.46,1.58,18.00,37.00,1.10,42966540,2026-09-23T03:36:48Z
C,orig,learned_markov_28,pread,128,2,0,0.00,100.00,652.75,1230.29,182.02,1048.27,,,1883.04,1701.02,1.58,16.00,37.00,1.10,42965752,2026-09-23T03:36:48Z
C,orig,learned_markov_28,async,128,2,0,0.00,100.00,595.66,274.10,180.10,94.00,,,869.76,689.66,1.58,17.00,38.00,1.10,42943964,2026-09-23T03:36:48Z
C,orig,learned_markov_28,async_win,128,2,0,0.00,100.00,508.25,272.00,183.05,27.93,61.02,13.00,780.25,536.18,1.57,17.00,38.00,1.17,42951412,2026-09-23T03:36:49Z
C,orig,learned_markov_28,async_bulk,128,2,0,0.00,100.00,532.21,271.53,181.82,28.07,61.64,13.00,803.74,560.28,1.57,17.00,38.00,1.17,42952056,2026-09-23T03:36:49Z
C_hit,orig,layers_5,pread,128,2,0,0.00,100.00,977.59,614.95,180.00,434.95,,,1592.54,1412.54,1.65,39.00,60.00,1.17,42952208,2026-09-23T03:36:49Z
C_hit,orig,layers_5,async,128,2,0,0.00,100.00,1036.36,249.61,181.40,68.21,,,1285.97,1104.57,1.67,39.00,60.00,1.17,42952860,2026-09-23T03:36:49Z
C_hit,orig,layers_5,async_win,128,2,0,0.00,100.00,1034.08,247.56,180.40,7.49,59.66,2.00,1281.64,1041.57,1.66,39.00,60.00,1.17,42953288,2026-09-23T03:36:50Z
C_hit,orig,layers_5,async_bulk,128,2,0,0.00,100.00,1033.94,248.42,180.87,7.55,59.99,2.00,1282.36,1041.49,1.66,39.00,60.00,1.17,42952900,2026-09-23T03:36:50Z
C_hit,orig,layers_92,pread,128,2,0,0.00,100.00,629.79,8859.59,181.22,8678.36,,,9489.38,9308.15,1.65,39.00,61.00,1.17,42952856,2026-09-23T03:36:50Z
C_hit,orig,layers_92,async,128,2,0,0.00,100.00,655.32,373.75,181.77,191.98,,,1029.07,847.30,1.65,39.00,61.00,1.17,42952428,2026-09-23T03:36:51Z
C_hit,orig,layers_92,async_win,128,2,0,0.00,100.00,657.52,362.68,179.51,118.34,64.83,87.00,1020.20,775.86,1.68,39.00,61.00,1.17,42953504,2026-09-23T03:36:51Z
C_hit,orig,layers_92,async_bulk,128,2,0,0.00,100.00,664.49,370.32,181.32,125.08,63.92,87.00,1034.81,789.57,1.67,39.00,61.00,1.17,42953464,2026-09-23T03:36:51Z
C_hit,orig,2d,pread,128,2,0,0.00,100.00,628.28,612.28,180.07,432.21,,,1240.56,1060.49,1.66,39.00,61.00,1.17,42953348,2026-09-23T03:36:51Z
C_hit,orig,2d,async,128,2,0,0.00,100.00,630.45,254.86,185.05,69.81,,,885.31,700.26,1.67,39.00,61.00,1.17,42953940,2026-09-23T03:36:52Z
C_hit,orig,2d,async_win,128,2,0,0.00,100.00,626.17,251.28,182.44,8.22,60.62,3.00,877.45,634.39,1.66,39.00,61.00,1.17,42953228,2026-09-23T03:36:52Z
C_hit,orig,2d,async_bulk,128,2,0,0.00,100.00,627.53,245.86,178.36,8.03,59.48,3.00,873.39,635.56,1.65,39.00,61.00,1.17,42953904,2026-09-23T03:36:52Z
C_hit,orig,2e_K10,pread,128,2,0,0.00,100.00,627.88,1157.37,181.67,975.69,,,1785.25,1603.57,1.66,38.00,62.00,1.17,42954160,2026-09-23T03:36:52Z
C_hit,orig,2e_K10,async,128,2,0,0.00,100.00,532.98,264.67,183.34,81.33,,,797.65,614.31,1.67,39.00,62.00,1.17,42954516,2026-09-23T03:36:53Z
C_hit,orig,2e_K10,async_win,128,2,0,0.00,100.00,623.76,257.28,179.49,15.33,62.47,6.00,881.04,639.09,1.66,39.00,62.00,1.17,42954432,2026-09-23T03:36:53Z
C_hit,orig,2e_K10,async_bulk,128,2,0,0.00,100.00,624.99,257.61,181.13,15.07,61.42,6.00,882.60,640.06,1.67,39.00,62.00,1.17,42955332,2026-09-23T03:36:53Z
C_hit,orig,2e_K500,pread,128,2,0,0.00,100.00,175.08,3167.93,180.60,2987.33,,,3343.01,3162.41,1.55,9.00,64.00,1.17,42955680,2026-09-23T03:36:53Z
C_hit,orig,2e_K500,async,128,2,0,0.00,52.50,175.11,877.54,181.39,696.15,,,1052.65,871.26,1.57,12.00,62.00,1.15,42939572,2026-09-23T03:36:54Z
C_hit,orig,2e_K500,async_win,128,2,0,0.00,31.70,175.15,604.71,181.13,331.85,91.72,139.00,779.86,507.00,1.60,12.00,62.00,1.15,42945644,2026-09-23T03:36:54Z
C_hit,orig,2e_K500,async_bulk,128,2,0,0.00,100.00,179.20,630.68,184.40,354.42,91.86,139.00,809.88,533.62,1.57,12.00,62.00,1.15,42946696,2026-09-23T03:36:54Z
C_hit,orig,2f_top14,pread,128,2,0,0.00,100.00,668.73,1076.23,180.95,895.28,,,1744.96,1564.01,1.66,38.00,62.00,1.15,42949488,2026-09-23T03:36:54Z
C_hit,orig,2f_top14,async,128,2,0,0.00,100.00,531.87,254.49,180.18,74.31,,,786.36,606.18,1.64,39.00,62.00,1.15,42950512,2026-09-23T03:36:55Z
C_hit,orig,2f_top14,async_win,128,2,0,0.00,100.00,609.96,260.75,182.17,15.06,63.52,6.00,870.71,625.02,1.67,39.00,62.00,1.15,42951952,2026-09-23T03:36:55Z
C_hit,orig,2f_top14,async_bulk,128,2,0,0.00,100.00,897.80,1343.74,804.65,15.37,523.71,6.00,2241.54,913.17,1.81,39.00,62.00,1.15,42952280,2026-09-23T03:36:55Z
C_hit,orig,2f_top28,pread,128,2,0,0.00,100.00,1230.86,4979.83,826.64,4153.19,,,6210.69,5384.05,1.85,36.00,62.00,1.15,42953992,2026-09-23T03:36:56Z
C_hit,orig,2f_top28,async,128,2,0,0.00,100.00,657.51,278.70,181.53,97.17,,,936.21,754.68,1.65,38.00,62.00,1.15,42953584,2026-09-23T03:36:56Z
C_hit,orig,2f_top28,async_win,128,2,0,0.00,100.00,551.53,269.70,180.86,25.13,63.71,8.00,821.23,576.66,1.66,38.00,62.00,1.15,42952616,2026-09-23T03:36:56Z
C_hit,orig,2f_top28,async_bulk,128,2,0,0.00,100.00,505.97,270.62,183.90,23.98,62.75,8.00,776.59,529.95,1.64,38.00,62.00,1.15,42952748,2026-09-23T03:36:56Z
C_hit,orig,2f_top100,pread,128,2,0,0.00,100.00,517.02,1347.57,182.92,1164.65,,,1864.59,1681.67,1.64,31.00,64.00,1.15,42953748,2026-09-23T03:36:57Z
C_hit,orig,2f_top100,async,128,2,0,0.00,100.00,525.36,359.92,183.08,176.83,,,885.28,702.19,1.63,33.00,64.00,1.15,42974712,2026-09-23T03:36:57Z
C_hit,orig,2f_top100,async_win,128,2,0,0.00,100.00,554.41,314.27,181.83,67.01,65.43,28.00,868.68,621.42,1.63,33.00,64.00,1.15,42976068,2026-09-23T03:36:57Z
C_hit,orig,2f_top100,async_bulk,128,2,0,0.00,66.00,625.89,314.42,178.88,70.14,65.40,28.00,940.31,696.03,1.65,33.00,64.00,1.15,42976016,2026-09-23T03:36:57Z
C_hit,orig,2f_top500,pread,128,2,0,0.00,100.00,174.09,3039.36,182.68,2856.68,,,3213.45,3030.77,1.55,9.00,64.00,1.15,42977128,2026-09-23T03:36:58Z
C_hit,orig,2f_top500,async,128,2,0,0.00,43.80,174.52,811.92,180.29,631.63,,,986.44,806.15,1.57,12.00,63.00,1.15,42976316,2026-09-23T03:36:58Z
C_hit,orig,2f_top500,async_win,128,2,0,0.00,100.00,176.66,611.71,180.40,340.68,90.63,138.00,788.37,517.34,1.57,12.00,63.00,1.15,42976576,2026-09-23T03:36:58Z
C_hit,orig,2f_top500,async_bulk,128,2,0,0.00,30.20,176.37,616.73,180.20,339.16,97.37,138.00,793.10,515.53,1.59,12.00,63.00,1.15,42978380,2026-09-23T03:36:58Z
C_hit,orig,2f_slru,pread,128,2,0,0.00,100.00,88.55,4773.52,180.30,4593.23,,,4862.07,4681.78,1.52,0.00,62.00,1.14,42979300,2026-09-23T03:36:59Z
C_hit,orig,2f_slru,async,128,2,0,0.00,100.00,90.73,1540.09,183.34,1356.75,,,1630.82,1447.48,1.56,0.00,62.00,1.14,42979208,2026-09-23T03:36:59Z
C_hit,orig,2f_slru,async_win,128,2,0,0.00,96.50,91.63,728.58,181.65,419.19,127.74,29.00,820.21,510.82,1.56,0.00,62.00,1.14,42966036,2026-09-23T03:36:59Z
C_hit,orig,2f_slru,async_bulk,128,2,0,0.00,7.00,775.34,354.97,183.25,44.60,127.11,2.00,1130.31,819.94,1.66,38.00,59.00,1.14,42983296,2026-09-23T03:36:59Z
C_hit,orig,leaf_freq_K10,pread,128,2,0,0.00,100.00,617.17,768.28,181.94,586.34,,,1385.45,1203.51,1.68,38.00,60.00,1.14,42983432,2026-09-23T03:37:00Z
C_hit,orig,leaf_freq_K10,async,128,2,0,0.00,100.00,942.20,254.40,180.30,74.10,,,1196.60,1016.30,1.67,39.00,60.00,1.14,42983684,2026-09-23T03:37:00Z
C_hit,orig,leaf_freq_K10,async_win,128,2,0,0.00,100.00,947.97,251.75,180.68,10.46,60.61,3.00,1199.72,958.43,1.66,39.00,60.00,1.14,42984756,2026-09-23T03:37:00Z
C_hit,orig,leaf_freq_K10,async_bulk,128,2,0,0.00,100.00,912.51,252.23,181.36,10.15,60.72,3.00,1164.74,922.66,1.66,39.00,60.00,1.14,42985868,2026-09-23T03:37:01Z
C_hit,orig,leaf_rand_K10,pread,128,2,0,0.00,100.00,1004.33,1044.66,180.58,864.08,,,2048.99,1868.41,1.68,39.00,60.00,1.14,42985992,2026-09-23T03:37:01Z
C_hit,orig,leaf_rand_K10,async,128,2,0,0.00,100.00,973.42,253.99,179.94,74.05,,,1227.41,1047.47,1.65,39.00,60.00,1.14,42985764,2026-09-23T03:37:01Z
C_hit,orig,leaf_rand_K10,async_win,128,2,0,0.00,100.00,994.98,256.75,180.51,15.62,60.62,10.00,1251.73,1010.60,1.68,39.00,60.00,1.14,42986804,2026-09-23T03:37:01Z
C_hit,orig,leaf_rand_K10,async_bulk,128,2,0,0.00,100.00,1016.07,258.39,182.36,15.06,60.98,10.00,1274.46,1031.13,1.68,39.00,60.00,1.14,42986628,2026-09-23T03:37:02Z
C_hit,orig,learned_markov_14,pread,128,2,0,0.00,100.00,598.80,1080.99,182.03,898.96,,,1679.79,1497.76,1.69,38.00,62.00,1.14,42987748,2026-09-23T03:37:02Z
C_hit,orig,learned_markov_14,async,128,2,0,0.00,100.00,633.15,259.10,180.90,78.20,,,892.25,711.35,1.67,39.00,62.00,1.14,42988108,2026-09-23T03:37:02Z
C_hit,orig,learned_markov_14,async_win,128,2,0,0.00,100.00,653.79,257.50,182.16,14.70,60.64,6.00,911.29,668.49,1.67,39.00,62.00,1.14,42971252,2026-09-23T03:37:02Z
C_hit,orig,learned_markov_14,async_bulk,128,2,0,0.00,100.00,629.83,258.31,182.48,14.56,61.27,6.00,888.14,644.39,1.66,39.00,62.00,1.14,42971984,2026-09-23T03:37:03Z
C_hit,orig,learned_markov_28,pread,128,2,0,0.00,100.00,599.86,1104.70,181.17,923.53,,,1704.56,1523.39,1.65,36.00,62.00,1.14,42971000,2026-09-23T03:37:03Z
C_hit,orig,learned_markov_28,async,128,2,0,0.00,100.00,629.28,278.64,181.45,97.19,,,907.92,726.47,1.66,38.00,62.00,1.14,42971936,2026-09-23T03:37:03Z
C_hit,orig,learned_markov_28,async_win,128,2,0,0.00,100.00,605.51,266.90,181.45,24.04,61.42,8.00,872.41,629.55,1.70,38.00,62.00,1.14,42972004,2026-09-23T03:37:03Z
C_hit,orig,learned_markov_28,async_bulk,128,2,0,0.00,100.00,601.45,263.91,179.01,23.33,61.57,8.00,865.36,624.78,1.67,38.00,62.00,1.13,42972124,2026-09-23T03:37:04Z
A,orig,baseline,baseline,128,3,0,0.00,0.00,890.48,0.00,0.00,0.00,,,890.48,890.48,2.12,187.00,257.00,1.13,42971076,2026-09-23T03:37:04Z
B,orig,baseline,baseline,128,3,0,0.00,0.00,1015.69,0.00,0.00,0.00,,,1015.69,1015.69,2.18,188.00,265.00,1.13,42971412,2026-09-23T03:37:04Z
C,orig,baseline,baseline,128,3,0,0.00,0.00,990.83,0.00,0.00,0.00,,,990.83,990.83,1.58,19.00,32.00,1.13,42956472,2026-09-23T03:37:05Z
C_hit,orig,baseline,baseline,128,3,0,0.00,0.00,1036.75,0.00,0.00,0.00,,,1036.75,1036.75,1.66,39.00,60.00,1.13,42957156,2026-09-23T03:37:05Z
A,orig,layers_5,pread,128,3,0,0.00,100.00,868.83,646.84,197.87,448.96,,,1515.67,1317.79,2.13,186.00,259.00,1.13,42956972,2026-09-23T03:37:05Z
A,orig,layers_5,async,128,3,0,0.00,100.00,869.87,266.69,196.61,70.08,,,1136.56,939.95,2.13,186.00,259.00,1.13,42957924,2026-09-23T03:37:05Z
A,orig,layers_5,async_win,128,3,0,0.00,100.00,869.77,264.89,196.57,7.70,60.62,2.00,1134.66,877.47,2.11,186.00,259.00,1.13,42957940,2026-09-23T03:37:06Z
A,orig,layers_5,async_bulk,128,3,0,0.00,100.00,870.02,261.72,192.75,8.59,60.38,2.00,1131.74,878.61,2.11,186.00,259.00,1.13,42958336,2026-09-23T03:37:06Z
A,orig,layers_92,pread,128,3,0,0.00,100.00,497.53,8264.63,195.47,8069.16,,,8762.16,8566.69,2.17,185.00,265.00,1.13,42959072,2026-09-23T03:37:06Z
A,orig,layers_92,async,128,3,0,0.00,100.00,476.36,390.41,196.07,194.34,,,866.77,670.70,2.10,185.00,264.00,1.13,42958628,2026-09-23T03:37:07Z
A,orig,layers_92,async_win,128,3,0,0.00,100.00,478.93,379.41,196.00,118.17,65.24,87.00,858.34,597.10,2.13,185.00,265.00,1.13,42959140,2026-09-23T03:37:07Z
A,orig,layers_92,async_bulk,128,3,0,0.00,100.00,477.59,379.32,194.16,119.61,65.56,87.00,856.91,597.20,2.11,185.00,265.00,1.13,42960376,2026-09-23T03:37:07Z
A,orig,2d,pread,128,3,0,0.00,100.00,478.25,1906.49,229.71,1676.78,,,2384.74,2155.03,2.12,185.00,265.00,1.13,42960584,2026-09-23T03:37:08Z
A,orig,2d,async,128,3,0,0.00,100.00,475.53,315.92,230.61,85.31,,,791.45,560.84,2.14,185.00,265.00,1.13,42960552,2026-09-23T03:37:08Z
A,orig,2d,async_win,128,3,0,0.00,100.00,473.19,309.73,227.86,21.34,60.53,13.00,782.92,494.53,2.09,185.00,264.00,1.13,42960540,2026-09-23T03:37:08Z
A,orig,2d,async_bulk,128,3,0,0.00,100.00,474.65,310.81,227.33,21.87,61.60,13.00,785.46,496.52,2.10,185.00,264.00,1.13,42960612,2026-09-23T03:37:09Z
A,orig,2e_K10,pread,128,3,0,0.00,100.00,179.44,2735.31,228.51,2506.80,,,2914.75,2686.24,2.11,189.00,272.00,1.20,42960472,2026-09-23T03:37:09Z
A,orig,2e_K10,async,128,3,0,0.00,100.00,179.11,326.23,228.10,98.14,,,505.34,277.25,2.09,189.00,271.00,1.20,42960676,2026-09-23T03:37:09Z
A,orig,2e_K10,async_win,128,3,0,0.00,100.00,179.39,326.01,227.51,36.45,62.06,23.00,505.40,215.84,2.12,189.00,271.00,1.20,42960864,2026-09-23T03:37:10Z
A,orig,2e_K10,async_bulk,128,3,0,0.00,100.00,177.81,335.16,229.45,33.33,72.38,23.00,512.97,211.14,2.12,189.00,270.00,1.20,42955888,2026-09-23T03:37:10Z
A,orig,2e_K500,pread,128,3,0,0.00,100.00,178.80,19709.92,228.23,19481.69,,,19888.72,19660.49,1.67,52.00,318.00,1.20,42955784,2026-09-23T03:37:10Z
A,orig,2e_K500,async,128,3,0,0.00,7.10,4198.01,903.14,227.86,675.28,,,5101.15,4873.29,2.12,186.00,398.00,1.20,42957400,2026-09-23T03:37:10Z
A,orig,2e_K500,async_win,128,3,0,0.00,100.00,178.01,996.83,229.40,677.96,89.47,461.00,1174.84,855.97,2.08,186.00,400.00,1.20,42958272,2026-09-23T03:37:11Z
A,orig,2e_K500,async_bulk,128,3,0,0.00,100.00,182.51,992.01,228.07,674.35,89.60,461.00,1174.52,856.86,2.09,186.00,395.00,1.20,42957808,2026-09-23T03:37:11Z
A,orig,2f_top14,pread,128,3,0,0.00,100.00,478.47,1438.64,227.08,1211.57,,,1917.11,1690.04,2.11,187.00,265.00,1.20,42957608,2026-09-23T03:37:11Z
A,orig,2f_top14,async,128,3,0,0.00,100.00,476.23,310.20,230.74,79.46,,,786.43,555.69,2.13,187.00,266.00,1.20,42958756,2026-09-23T03:37:12Z
A,orig,2f_top14,async_win,128,3,0,0.00,100.00,475.01,308.26,227.64,19.47,61.16,13.00,783.27,494.48,2.10,187.00,266.00,1.20,42958184,2026-09-23T03:37:12Z
A,orig,2f_top14,async_bulk,128,3,0,0.00,100.00,476.58,309.55,227.60,21.08,60.87,13.00,786.13,497.66,2.10,187.00,265.00,1.20,42959160,2026-09-23T03:37:12Z
A,orig,2f_top28,pread,128,3,0,0.00,100.00,179.81,2651.57,237.55,2414.02,,,2831.38,2593.83,2.11,188.00,276.00,1.20,42960392,2026-09-23T03:37:13Z
A,orig,2f_top28,async,128,3,0,0.00,100.00,180.86,330.08,229.04,101.04,,,510.94,281.90,2.12,188.00,277.00,1.20,42959952,2026-09-23T03:37:13Z
A,orig,2f_top28,async_win,128,3,0,0.00,100.00,178.84,327.23,228.75,36.52,61.96,27.00,506.07,215.36,2.08,188.00,277.00,1.20,42959472,2026-09-23T03:37:13Z
A,orig,2f_top28,async_bulk,128,3,0,0.00,100.00,179.46,328.90,227.78,39.55,61.58,27.00,508.36,219.01,2.11,188.00,277.00,1.20,42960228,2026-09-23T03:37:14Z
A,orig,2f_top100,pread,128,3,0,0.00,100.00,176.56,9028.04,228.61,8799.43,,,9204.60,8975.99,2.11,188.00,315.00,1.18,42958992,2026-09-23T03:37:14Z
A,orig,2f_top100,async,128,3,0,0.00,100.00,180.44,426.43,228.81,197.62,,,606.87,378.06,2.12,188.00,314.00,1.18,42960292,2026-09-23T03:37:14Z
A,orig,2f_top100,async_win,128,3,0,0.00,100.00,181.40,410.93,229.73,115.91,65.29,97.00,592.33,297.31,2.08,188.00,314.00,1.18,42960416,2026-09-23T03:37:14Z
A,orig,2f_top100,async_bulk,128,3,0,0.00,100.00,183.23,415.69,228.18,120.95,66.56,97.00,598.92,304.18,2.09,188.00,314.00,1.18,42960268,2026-09-23T03:37:15Z
A,orig,2f_top500,pread,128,3,0,0.00,100.00,179.11,20389.53,229.94,20159.59,,,20568.64,20338.70,1.69,52.00,322.00,1.18,42954272,2026-09-23T03:37:15Z
A,orig,2f_top500,async,128,3,0,0.00,7.20,4230.82,880.18,228.58,651.61,,,5111.00,4882.43,2.15,186.00,408.00,1.18,42957264,2026-09-23T03:37:15Z
A,orig,2f_top500,async_win,128,3,0,0.00,100.00,183.18,978.06,227.36,660.96,89.74,449.00,1161.24,844.14,2.09,186.00,406.00,1.18,42958956,2026-09-23T03:37:16Z
A,orig,2f_top500,async_bulk,128,3,0,0.00,100.00,187.30,990.05,228.07,673.27,88.72,449.00,1177.35,860.57,2.07,186.00,400.00,1.18,42959136,2026-09-23T03:37:16Z
A,orig,2f_slru,pread,128,3,0,0.00,100.00,97.41,18432.28,228.97,18203.31,,,18529.69,18300.72,1.53,0.00,278.00,1.18,42959988,2026-09-23T03:37:16Z
A,orig,2f_slru,async,128,3,0,0.00,100.00,100.94,7320.43,230.24,7090.19,,,7421.37,7191.13,1.55,0.00,278.00,1.18,42958108,2026-09-23T03:37:17Z
A,orig,2f_slru,async_win,128,3,0,0.00,83.80,97.32,2562.98,228.55,1921.56,412.87,138.00,2660.30,2018.88,1.55,0.00,278.00,1.18,42958728,2026-09-23T03:37:17Z
A,orig,2f_slru,async_bulk,128,3,0,0.00,1.50,780.46,722.64,228.91,81.10,412.63,2.00,1503.10,861.56,2.14,185.00,257.00,1.18,42960448,2026-09-23T03:37:17Z
A,orig,leaf_freq_K10,pread,128,3,0,0.00,100.00,581.77,1117.16,227.79,889.37,,,1698.93,1471.14,2.12,191.00,263.00,1.18,42974568,2026-09-23T03:37:17Z
A,orig,leaf_freq_K10,async,128,3,0,0.00,100.00,577.97,315.18,240.77,74.41,,,893.15,652.38,2.10,191.00,263.00,1.18,42975364,2026-09-23T03:37:18Z
A,orig,leaf_freq_K10,async_win,128,3,0,0.00,100.00,577.80,304.57,228.03,15.05,61.50,10.00,882.37,592.85,2.10,191.00,263.00,1.18,42975712,2026-09-23T03:37:18Z
A,orig,leaf_freq_K10,async_bulk,128,3,0,0.00,100.00,583.17,307.35,227.27,14.70,65.38,10.00,890.52,597.87,2.12,191.00,263.00,1.18,42975864,2026-09-23T03:37:18Z
A,orig,leaf_rand_K10,pread,128,3,0,0.00,100.00,819.49,1127.76,229.59,898.17,,,1947.25,1717.66,2.10,188.00,257.00,1.17,42976132,2026-09-23T03:37:19Z
A,orig,leaf_rand_K10,async,128,3,0,0.00,100.00,873.71,305.76,230.79,74.97,,,1179.47,948.68,2.08,188.00,257.00,1.17,42976168,2026-09-23T03:37:19Z
A,orig,leaf_rand_K10,async_win,128,3,0,0.00,100.00,876.75,305.56,228.89,15.21,61.45,10.00,1182.31,891.96,2.10,188.00,257.00,1.17,42976552,2026-09-23T03:37:19Z
A,orig,leaf_rand_K10,async_bulk,128,3,0,0.00,100.00,878.38,306.00,228.95,14.85,62.20,10.00,1184.38,893.23,2.14,188.00,257.00,1.17,42978696,2026-09-23T03:37:20Z
A,orig,learned_markov_14,pread,128,3,0,0.00,100.00,482.77,1513.28,229.86,1283.41,,,1996.05,1766.18,2.13,185.00,267.00,1.17,42978920,2026-09-23T03:37:20Z
A,orig,learned_markov_14,async,128,3,0,0.00,100.00,476.13,310.87,230.50,80.37,,,787.00,556.50,2.11,185.00,267.00,1.17,42960624,2026-09-23T03:37:20Z
A,orig,learned_markov_14,async_win,128,3,0,0.00,100.00,479.13,305.27,228.06,19.94,57.28,13.00,784.40,499.07,2.07,185.00,267.00,1.17,42972536,2026-09-23T03:37:20Z
A,orig,learned_markov_14,async_bulk,128,3,0,0.00,100.00,480.05,309.14,229.17,18.61,61.36,13.00,789.19,498.66,2.10,185.00,267.00,1.17,42972440,2026-09-23T03:37:21Z
A,orig,learned_markov_28,pread,128,3,0,0.00,100.00,476.15,2803.07,231.01,2572.06,,,3279.22,3048.21,2.12,185.00,270.00,1.17,42972944,2026-09-23T03:37:21Z
A,orig,learned_markov_28,async,128,3,0,0.00,100.00,479.58,330.50,229.91,100.59,,,810.08,580.17,2.14,185.00,269.00,1.17,42979928,2026-09-23T03:37:21Z
A,orig,learned_markov_28,async_win,128,3,0,0.00,100.00,476.85,330.06,231.79,35.31,62.97,26.00,806.91,512.16,2.08,185.00,269.00,1.17,42979416,2026-09-23T03:37:22Z
A,orig,learned_markov_28,async_bulk,128,3,0,0.00,100.00,418.40,326.89,228.67,35.73,62.50,26.00,745.29,454.13,2.11,185.00,269.00,1.17,42979164,2026-09-23T03:37:22Z
B,orig,layers_5,pread,128,3,0,0.00,100.00,923.33,678.04,230.12,447.92,,,1601.37,1371.25,2.20,190.00,266.00,1.17,42978176,2026-09-23T03:37:22Z
B,orig,layers_5,async,128,3,0,0.00,100.00,983.29,298.77,229.97,68.80,,,1282.06,1052.09,2.23,190.00,265.00,1.17,42971200,2026-09-23T03:37:23Z
B,orig,layers_5,async_win,128,3,0,0.00,100.00,994.99,299.58,230.41,7.63,61.53,2.00,1294.57,1002.62,2.20,190.00,265.00,1.17,42970712,2026-09-23T03:37:23Z
B,orig,layers_5,async_bulk,128,3,0,0.00,100.00,809.54,297.54,228.70,7.67,61.17,2.00,1107.08,817.21,2.19,190.00,265.00,1.17,42971152,2026-09-23T03:37:23Z
B,orig,layers_92,pread,128,3,0,0.00,100.00,512.81,8233.77,226.97,8006.80,,,8746.58,8519.61,2.21,187.00,279.00,1.15,42972180,2026-09-23T03:37:24Z
B,orig,layers_92,async,128,3,0,0.00,100.00,519.90,415.70,231.26,184.44,,,935.60,704.34,2.17,187.00,276.00,1.15,42972640,2026-09-23T03:37:24Z
B,orig,layers_92,async_win,128,3,0,0.00,100.00,549.17,399.89,228.29,105.58,66.02,87.00,949.06,654.75,2.18,187.00,276.00,1.15,42972976,2026-09-23T03:37:24Z
B,orig,layers_92,async_bulk,128,3,0,0.00,100.00,486.48,407.61,235.08,106.16,66.36,87.00,894.09,592.64,2.14,187.00,276.00,1.15,42975128,2026-09-23T03:37:25Z
B,orig,2d,pread,128,3,0,0.00,100.00,578.17,1933.74,228.81,1704.93,,,2511.91,2283.10,2.18,187.00,279.00,1.15,42974832,2026-09-23T03:37:25Z
B,orig,2d,async,128,3,0,0.00,100.00,570.71,314.23,229.25,84.98,,,884.94,655.69,2.18,187.00,276.00,1.15,42975484,2026-09-23T03:37:25Z
B,orig,2d,async_win,128,3,0,0.00,100.00,581.91,313.26,229.65,22.16,61.45,13.00,895.17,604.07,2.20,187.00,276.00,1.15,42963824,2026-09-23T03:37:26Z
B,orig,2d,async_bulk,128,3,0,0.00,100.00,480.49,310.16,226.21,21.84,62.12,13.00,790.65,502.33,2.12,187.00,276.00,1.15,42963960,2026-09-23T03:37:26Z
B,orig,2e_K10,pread,128,3,0,0.00,100.00,541.41,2725.09,228.41,2496.68,,,3266.50,3038.09,2.17,187.00,281.00,1.15,42963972,2026-09-23T03:37:26Z
B,orig,2e_K10,async,128,3,0,0.00,100.00,579.20,334.90,237.45,97.45,,,914.10,676.65,2.19,187.00,278.00,1.15,42963644,2026-09-23T03:37:26Z
B,orig,2e_K10,async_win,128,3,0,0.00,100.00,571.35,329.05,230.74,35.63,62.68,23.00,900.40,606.98,2.20,187.00,278.00,1.15,42963916,2026-09-23T03:37:27Z
B,orig,2e_K10,async_bulk,128,3,0,0.00,100.00,552.53,323.58,228.32,32.40,62.86,23.00,876.11,584.93,2.18,187.00,278.00,1.15,42964996,2026-09-23T03:37:27Z
B,orig,2e_K500,pread,128,3,0,0.00,100.00,182.30,17564.24,228.04,17336.20,,,17746.54,17518.50,1.61,4.00,285.00,1.15,42964352,2026-09-23T03:37:27Z
B,orig,2e_K500,async,128,3,0,0.00,100.00,492.92,1058.71,228.68,830.03,,,1551.63,1322.95,2.16,184.00,334.00,1.15,42965696,2026-09-23T03:37:28Z
B,orig,2e_K500,async_win,128,3,0,0.00,100.00,457.70,991.91,225.02,673.12,93.78,449.00,1449.61,1130.82,2.14,184.00,333.00,1.15,42965796,2026-09-23T03:37:28Z
B,orig,2e_K500,async_bulk,128,3,0,0.00,100.00,487.25,984.37,228.32,664.87,91.18,449.00,1471.62,1152.12,2.14,184.00,335.00,1.15,42965248,2026-09-23T03:37:28Z
B,orig,2f_top14,pread,128,3,0,0.00,100.00,576.17,1451.01,228.77,1222.24,,,2027.18,1798.41,2.18,187.00,276.00,1.14,42965816,2026-09-23T03:37:29Z
B,orig,2f_top14,async,128,3,0,0.00,100.00,579.84,312.62,230.14,82.47,,,892.46,662.31,2.19,187.00,276.00,1.14,42965624,2026-09-23T03:37:29Z
B,orig,2f_top14,async_win,128,3,0,0.00,100.00,553.42,313.53,231.06,20.52,61.96,13.00,866.95,573.94,2.19,187.00,276.00,1.14,42965396,2026-09-23T03:37:29Z
B,orig,2f_top14,async_bulk,128,3,0,0.00,100.00,516.09,313.34,230.56,20.93,61.85,13.00,829.43,537.02,2.16,187.00,276.00,1.14,42966420,2026-09-23T03:37:30Z
B,orig,2f_top28,pread,128,3,0,0.00,100.00,514.40,2613.46,228.06,2385.41,,,3127.86,2899.81,2.16,187.00,279.00,1.14,42966872,2026-09-23T03:37:30Z
B,orig,2f_top28,async,128,3,0,0.00,100.00,548.96,332.31,230.94,101.37,,,881.27,650.33,2.16,187.00,279.00,1.14,42967300,2026-09-23T03:37:30Z
B,orig,2f_top28,async_win,128,3,0,0.00,100.00,515.00,324.86,227.95,34.08,62.83,27.00,839.86,549.08,2.12,187.00,279.00,1.14,42968068,2026-09-23T03:37:31Z
B,orig,2f_top28,async_bulk,128,3,0,0.00,100.00,512.43,328.95,229.05,36.44,63.46,27.00,841.38,548.87,2.18,187.00,279.00,1.14,42964904,2026-09-23T03:37:31Z
B,orig,2f_top100,pread,128,3,0,0.00,100.00,520.97,9005.43,227.79,8777.64,,,9526.40,9298.61,2.19,183.00,289.00,1.14,42966304,2026-09-23T03:37:31Z
B,orig,2f_top100,async,128,3,0,0.00,100.00,581.91,427.55,229.22,198.33,,,1009.46,780.24,2.19,183.00,290.00,1.14,42968572,2026-09-23T03:37:32Z
B,orig,2f_top100,async_win,128,3,0,0.00,100.00,583.92,420.90,231.31,123.81,65.78,98.00,1004.82,707.73,2.20,183.00,290.00,1.14,42968616,2026-09-23T03:37:32Z
B,orig,2f_top100,async_bulk,128,3,0,0.00,100.00,525.19,419.84,229.00,124.86,65.97,98.00,945.03,650.05,2.18,183.00,289.00,1.14,42969660,2026-09-23T03:37:32Z
B,orig,2f_top500,pread,128,3,0,0.00,100.00,182.43,17824.77,227.52,17597.25,,,18007.20,17779.68,1.60,3.00,286.00,1.14,42969388,2026-09-23T03:37:32Z
B,orig,2f_top500,async,128,3,0,0.00,100.00,492.49,1076.07,227.74,848.34,,,1568.56,1340.83,2.16,184.00,331.00,1.14,42969920,2026-09-23T03:37:33Z
B,orig,2f_top500,async_win,128,3,0,0.00,100.00,494.12,1063.37,231.50,701.83,130.04,439.00,1557.49,1195.95,2.15,184.00,332.00,1.14,42970092,2026-09-23T03:37:33Z
B,orig,2f_top500,async_bulk,128,3,0,0.00,100.00,493.41,1029.77,235.20,667.25,127.31,439.00,1523.18,1160.66,2.17,184.00,332.00,1.14,42970560,2026-09-23T03:37:33Z
B,orig,2f_slru,pread,128,3,0,0.00,100.00,95.32,17978.97,228.81,17750.16,,,18074.29,17845.48,1.54,0.00,278.00,1.13,42971232,2026-09-23T03:37:34Z
B,orig,2f_slru,async,128,3,0,0.00,100.00,98.01,7313.71,227.15,7086.56,,,7411.72,7184.57,1.62,0.00,278.00,1.13,42968464,2026-09-23T03:37:34Z
B,orig,2f_slru,async_win,128,3,0,0.00,80.90,96.82,2577.09,236.27,1933.16,407.66,138.00,2673.91,2029.98,1.61,0.00,278.00,1.13,42968868,2026-09-23T03:37:34Z
B,orig,2f_slru,async_bulk,128,3,0,0.00,1.50,896.37,703.07,229.84,80.78,392.45,2.00,1599.44,977.15,2.22,187.00,264.00,1.13,42972944,2026-09-23T03:37:35Z
B,orig,leaf_freq_K10,pread,128,3,0,0.00,100.00,958.92,1091.88,227.54,864.34,,,2050.80,1823.26,2.15,188.00,267.00,1.13,42972784,2026-09-23T03:37:35Z
B,orig,leaf_freq_K10,async,128,3,0,0.00,100.00,926.06,302.44,227.69,74.75,,,1228.50,1000.81,2.17,188.00,267.00,1.13,42973544,2026-09-23T03:37:35Z
B,orig,leaf_freq_K10,async_win,128,3,0,0.00,100.00,984.07,304.01,229.10,14.90,60.01,10.00,1288.08,998.97,2.19,188.00,267.00,1.13,42974264,2026-09-23T03:37:35Z
B,orig,leaf_freq_K10,async_bulk,128,3,0,0.00,100.00,989.35,305.29,229.88,14.66,60.75,10.00,1294.64,1004.01,2.18,188.00,267.00,1.13,42974192,2026-09-23T03:37:36Z
B,orig,leaf_rand_K10,pread,128,3,0,0.00,100.00,920.88,1146.62,227.21,919.41,,,2067.50,1840.29,2.15,188.00,266.00,1.13,42968636,2026-09-23T03:37:36Z
B,orig,leaf_rand_K10,async,128,3,0,0.00,100.00,921.09,304.68,229.53,75.15,,,1225.77,996.24,2.16,188.00,265.00,1.13,42970904,2026-09-23T03:37:36Z
B,orig,leaf_rand_K10,async_win,128,3,0,0.00,100.00,962.64,308.72,231.44,16.77,60.51,10.00,1271.36,979.41,2.17,188.00,266.00,1.13,42970380,2026-09-23T03:37:37Z
B,orig,leaf_rand_K10,async_bulk,128,3,0,0.00,100.00,964.46,308.08,228.52,15.69,63.87,10.00,1272.54,980.15,2.20,188.00,266.00,1.13,42970884,2026-09-23T03:37:37Z
B,orig,learned_markov_14,pread,128,3,0,0.00,100.00,510.52,1500.63,226.12,1274.52,,,2011.15,1785.04,2.15,187.00,275.00,1.13,42971228,2026-09-23T03:37:37Z
B,orig,learned_markov_14,async,128,3,0,0.00,100.00,551.93,309.72,227.76,81.96,,,861.65,633.89,2.20,187.00,275.00,1.13,42971208,2026-09-23T03:37:38Z
B,orig,learned_markov_14,async_win,128,3,0,0.00,100.00,521.16,314.10,229.63,22.35,62.12,13.00,835.26,543.51,2.21,187.00,275.00,1.13,42984340,2026-09-23T03:37:38Z
B,orig,learned_markov_14,async_bulk,128,3,0,0.00,100.00,481.00,311.69,227.75,22.65,61.28,13.00,792.69,503.65,2.14,187.00,275.00,1.13,42985192,2026-09-23T03:37:38Z
B,orig,learned_markov_28,pread,128,3,0,0.00,100.00,565.57,2558.64,226.47,2332.18,,,3124.21,2897.75,2.17,186.00,279.00,1.12,42984428,2026-09-23T03:37:39Z
B,orig,learned_markov_28,async,128,3,0,0.00,100.00,544.19,321.59,227.22,94.38,,,865.78,638.57,2.20,186.00,279.00,1.12,42984876,2026-09-23T03:37:39Z
B,orig,learned_markov_28,async_win,128,3,0,0.00,100.00,552.11,325.85,228.16,35.97,61.73,27.00,877.96,588.08,2.18,186.00,279.00,1.12,42985712,2026-09-23T03:37:39Z
B,orig,learned_markov_28,async_bulk,128,3,0,0.00,100.00,583.81,325.94,228.43,34.69,62.83,27.00,909.75,618.50,2.20,186.00,279.00,1.12,42986404,2026-09-23T03:37:40Z
C,orig,layers_5,pread,128,3,0,0.00,100.00,963.06,660.89,227.98,432.91,,,1623.95,1395.97,1.58,19.00,32.00,1.12,42986248,2026-09-23T03:37:40Z
C,orig,layers_5,async,128,3,0,0.00,100.00,1039.10,298.09,228.20,69.89,,,1337.19,1108.99,1.57,19.00,32.00,1.12,42987700,2026-09-23T03:37:40Z
C,orig,layers_5,async_win,128,3,0,0.00,100.00,1035.02,299.59,231.22,7.37,60.99,2.00,1334.61,1042.39,1.57,19.00,32.00,1.12,42987852,2026-09-23T03:37:40Z
C,orig,layers_5,async_bulk,128,3,0,0.00,100.00,1036.81,296.52,228.27,7.88,60.37,2.00,1333.33,1044.69,1.57,19.00,32.00,1.12,42987144,2026-09-23T03:37:41Z
C,orig,layers_92,pread,128,3,0,0.00,100.00,660.84,8102.00,225.25,7876.75,,,8762.84,8537.59,1.57,19.00,35.00,1.12,42986780,2026-09-23T03:37:41Z
C,orig,layers_92,async,128,3,0,0.00,100.00,656.95,424.67,224.69,199.98,,,1081.62,856.93,1.63,19.00,35.00,1.12,42986780,2026-09-23T03:37:41Z
C,orig,layers_92,async_win,128,3,0,0.00,100.00,654.22,406.94,219.67,122.21,65.06,87.00,1061.16,776.43,1.58,19.00,35.00,1.12,42976064,2026-09-23T03:37:41Z
C,orig,layers_92,async_bulk,128,3,0,0.00,100.00,653.47,409.01,226.50,117.63,64.88,87.00,1062.48,771.10,1.59,19.00,35.00,1.12,42977288,2026-09-23T03:37:42Z
C,orig,2d,pread,128,3,0,0.00,100.00,552.36,579.55,224.68,354.87,,,1131.91,907.23,1.57,19.00,35.00,1.12,42976772,2026-09-23T03:37:42Z
C,orig,2d,async,128,3,0,0.00,100.00,653.41,294.77,227.27,67.51,,,948.18,720.92,1.59,19.00,35.00,1.12,42977828,2026-09-23T03:37:42Z
C,orig,2d,async_win,128,3,0,0.00,100.00,617.36,295.74,224.08,11.41,60.24,2.00,913.10,628.77,1.60,19.00,35.00,1.12,42977912,2026-09-23T03:37:42Z
C,orig,2d,async_bulk,128,3,0,0.00,100.00,653.25,293.89,226.54,6.82,60.53,2.00,947.14,660.07,1.60,19.00,35.00,1.12,42977568,2026-09-23T03:37:43Z
C,orig,2e_K10,pread,128,3,0,0.00,100.00,657.26,1447.32,226.65,1220.67,,,2104.58,1877.93,1.60,18.00,38.00,1.12,42977892,2026-09-23T03:37:43Z
C,orig,2e_K10,async,128,3,0,0.00,100.00,520.48,302.73,225.12,77.61,,,823.21,598.09,1.57,19.00,36.00,1.12,42967248,2026-09-23T03:37:43Z
C,orig,2e_K10,async_win,128,3,0,0.00,100.00,654.05,304.15,227.57,15.76,60.83,8.00,958.20,669.81,1.57,19.00,36.00,1.12,42973496,2026-09-23T03:37:43Z
C,orig,2e_K10,async_bulk,128,3,0,0.00,100.00,653.94,304.77,226.51,17.77,60.49,8.00,958.71,671.71,1.58,19.00,36.00,1.11,42973624,2026-09-23T03:37:44Z
C,orig,2e_K500,pread,128,3,0,0.00,100.00,175.50,2469.00,226.51,2242.50,,,2644.50,2418.00,1.53,0.00,37.00,1.11,42973788,2026-09-23T03:37:44Z
C,orig,2e_K500,async,128,3,0,0.00,49.70,175.75,674.91,228.21,446.70,,,850.66,622.45,1.55,0.00,37.00,1.11,42973512,2026-09-23T03:37:44Z
C,orig,2e_K500,async_win,128,3,0,0.00,44.10,175.12,532.69,226.28,225.21,81.20,90.00,707.81,400.33,1.52,0.00,37.00,1.11,42974180,2026-09-23T03:37:44Z
C,orig,2e_K500,async_bulk,128,3,0,0.00,44.10,173.93,536.92,227.53,227.35,82.05,90.00,710.85,401.28,1.53,0.00,37.00,1.11,42974620,2026-09-23T03:37:45Z
C,orig,2f_top14,pread,128,3,0,0.00,100.00,652.43,1267.43,223.79,1043.64,,,1919.86,1696.07,1.58,17.00,38.00,1.11,42974332,2026-09-23T03:37:45Z
C,orig,2f_top14,async,128,3,0,0.00,100.00,526.70,303.23,224.14,79.09,,,829.93,605.79,1.60,18.00,37.00,1.11,42974672,2026-09-23T03:37:45Z
C,orig,2f_top14,async_win,128,3,0,0.00,100.00,651.86,304.05,226.98,15.98,61.09,9.00,955.91,667.84,1.57,18.00,37.00,1.11,42976248,2026-09-23T03:37:45Z
C,orig,2f_top14,async_bulk,128,3,0,0.00,100.00,650.21,304.20,226.98,16.50,60.72,9.00,954.41,666.71,1.57,18.00,37.00,1.11,42976908,2026-09-23T03:37:46Z
C,orig,2f_top28,pread,128,3,0,0.00,100.00,650.72,1265.52,192.79,1072.73,,,1916.24,1723.45,1.57,16.00,37.00,1.11,42976880,2026-09-23T03:37:46Z
C,orig,2f_top28,async,128,3,0,0.00,100.00,562.97,287.24,192.61,94.63,,,850.21,657.60,1.59,17.00,38.00,1.11,42977432,2026-09-23T03:37:46Z
C,orig,2f_top28,async_win,128,3,0,0.00,100.00,594.27,273.19,185.34,26.89,60.97,13.00,867.46,621.16,1.57,17.00,38.00,1.11,42958680,2026-09-23T03:37:46Z
C,orig,2f_top28,async_bulk,128,3,0,0.00,100.00,573.95,283.83,194.57,28.14,61.12,13.00,857.78,602.09,1.59,17.00,38.00,1.11,42966020,2026-09-23T03:37:47Z
C,orig,2f_top100,pread,128,3,0,0.00,100.00,620.82,2399.31,192.02,2207.29,,,3020.13,2828.11,1.57,11.00,35.00,1.11,42966952,2026-09-23T03:37:47Z
C,orig,2f_top100,async,128,3,0,0.00,100.00,511.99,368.81,192.91,175.90,,,880.80,687.89,1.56,13.00,35.00,1.11,42967744,2026-09-23T03:37:47Z
C,orig,2f_top100,async_win,128,3,0,0.00,100.00,550.57,326.79,191.04,70.72,65.03,32.00,877.36,621.29,1.57,13.00,35.00,1.11,42967720,2026-09-23T03:37:48Z
C,orig,2f_top100,async_bulk,128,3,0,0.00,86.00,620.03,329.85,192.48,72.66,64.71,32.00,949.88,692.69,1.58,13.00,35.00,1.11,42968848,2026-09-23T03:37:48Z
C,orig,2f_top500,pread,128,3,0,0.00,100.00,88.77,2755.15,190.01,2565.14,,,2843.92,2653.91,1.51,0.00,37.00,1.11,42967632,2026-09-23T03:37:48Z
C,orig,2f_top500,async,128,3,0,0.00,100.00,88.57,925.08,192.67,732.41,,,1013.65,820.98,1.51,0.00,37.00,1.11,42968596,2026-09-23T03:37:48Z
C,orig,2f_top500,async_win,128,3,0,0.00,100.00,88.77,499.05,191.50,220.62,86.92,15.00,587.82,309.39,1.54,0.00,37.00,1.11,42967688,2026-09-23T03:37:49Z
C,orig,2f_top500,async_bulk,128,3,0,0.00,13.60,941.92,318.80,192.87,36.72,89.21,2.00,1260.72,978.64,1.59,18.00,34.00,1.10,42968184,2026-09-23T03:37:49Z
C,orig,2f_slru,pread,128,3,0,0.00,100.00,88.61,2915.35,192.42,2722.93,,,3003.96,2811.54,1.51,0.00,37.00,1.10,42967956,2026-09-23T03:37:49Z
C,orig,2f_slru,async,128,3,0,0.00,100.00,93.98,941.70,192.87,748.83,,,1035.68,842.81,1.51,0.00,37.00,1.10,42968648,2026-09-23T03:37:49Z
C,orig,2f_slru,async_win,128,3,0,0.00,100.00,92.50,535.27,192.24,217.39,125.64,15.00,627.77,309.89,1.54,0.00,37.00,1.10,42970204,2026-09-23T03:37:50Z
C,orig,2f_slru,async_bulk,128,3,0,0.00,13.60,945.27,358.61,193.22,39.99,125.40,2.00,1303.88,985.26,1.57,18.00,34.00,1.10,42970136,2026-09-23T03:37:50Z
C,orig,leaf_freq_K10,pread,128,3,0,0.00,100.00,1150.27,885.61,183.80,701.81,,,2035.88,1852.08,1.59,18.00,35.00,1.10,42970656,2026-09-23T03:37:50Z
C,orig,leaf_freq_K10,async,128,3,0,0.00,100.00,1127.20,262.11,189.94,72.18,,,1389.31,1199.38,1.58,19.00,33.00,1.10,42970744,2026-09-23T03:37:50Z
C,orig,leaf_freq_K10,async_win,128,3,0,0.00,100.00,947.82,265.76,191.87,12.78,61.10,6.00,1213.58,960.60,1.61,19.00,33.00,1.10,42971428,2026-09-23T03:37:51Z
C,orig,leaf_freq_K10,async_bulk,128,3,0,0.00,100.00,1005.71,259.31,188.11,11.24,59.95,6.00,1265.02,1016.95,1.57,19.00,33.00,1.10,42969904,2026-09-23T03:37:51Z
C,orig,leaf_rand_K10,pread,128,3,0,0.00,100.00,1012.94,1117.07,192.08,924.99,,,2130.01,1937.93,1.61,19.00,32.00,1.10,42968736,2026-09-23T03:37:51Z
C,orig,leaf_rand_K10,async,128,3,0,0.00,100.00,1014.18,265.70,192.10,73.60,,,1279.88,1087.78,1.58,19.00,32.00,1.10,42970116,2026-09-23T03:37:51Z
C,orig,leaf_rand_K10,async_win,128,3,0,0.00,100.00,1046.63,271.31,193.78,17.01,60.52,10.00,1317.94,1063.64,1.59,19.00,32.00,1.10,42968540,2026-09-23T03:37:52Z
C,orig,leaf_rand_K10,async_bulk,128,3,0,0.00,100.00,1050.65,260.35,183.24,16.40,60.71,10.00,1311.00,1067.05,1.59,19.00,32.00,1.10,42952696,2026-09-23T03:37:52Z
C,orig,learned_markov_14,pread,128,3,0,0.00,100.00,554.29,1186.50,183.18,1003.33,,,1740.79,1557.62,1.59,17.00,38.00,1.10,42954688,2026-09-23T03:37:52Z
C,orig,learned_markov_14,async,128,3,0,0.00,100.00,544.63,259.46,183.17,76.28,,,804.09,620.91,1.57,18.00,37.00,1.10,42956304,2026-09-23T03:37:52Z
C,orig,learned_markov_14,async_win,128,3,0,0.00,100.00,558.23,268.72,192.55,16.20,59.96,9.00,826.95,574.43,1.57,18.00,37.00,1.10,42956408,2026-09-23T03:37:53Z
C,orig,learned_markov_14,async_bulk,128,3,0,0.00,100.00,655.11,266.44,189.76,16.33,60.35,9.00,921.55,671.44,1.58,18.00,37.00,1.10,42957096,2026-09-23T03:37:53Z
C,orig,learned_markov_28,pread,128,3,0,0.00,100.00,651.45,1271.73,191.88,1079.85,,,1923.18,1731.30,1.56,16.00,37.00,1.10,42956796,2026-09-23T03:37:53Z
C,orig,learned_markov_28,async,128,3,0,0.00,100.00,594.66,286.91,192.76,94.15,,,881.57,688.81,1.58,17.00,38.00,1.10,42958972,2026-09-23T03:37:53Z
C,orig,learned_markov_28,async_win,128,3,0,0.00,100.00,568.82,279.12,191.48,26.65,60.98,13.00,847.94,595.47,1.59,17.00,38.00,1.09,42957820,2026-09-23T03:37:54Z
C,orig,learned_markov_28,async_bulk,128,3,0,0.00,100.00,595.72,280.97,192.93,27.37,60.66,13.00,876.69,623.09,1.57,17.00,38.00,1.09,42958516,2026-09-23T03:37:54Z
C_hit,orig,layers_5,pread,128,3,0,0.00,100.00,1028.35,628.56,191.24,437.32,,,1656.91,1465.67,1.66,39.00,60.00,1.09,42958864,2026-09-23T03:37:54Z
C_hit,orig,layers_5,async,128,3,0,0.00,100.00,1032.06,256.60,189.00,67.60,,,1288.66,1099.66,1.67,39.00,60.00,1.09,42960044,2026-09-23T03:37:54Z
C_hit,orig,layers_5,async_win,128,3,0,0.00,100.00,1001.29,260.10,192.62,7.58,59.89,2.00,1261.39,1008.87,1.67,39.00,60.00,1.09,42959880,2026-09-23T03:37:55Z
C_hit,orig,layers_5,async_bulk,128,3,0,0.00,100.00,1021.41,266.72,199.31,8.37,59.04,2.00,1288.13,1029.78,1.67,39.00,60.00,1.09,42959948,2026-09-23T03:37:55Z
C_hit,orig,layers_92,pread,128,3,0,0.00,100.00,1141.60,44408.55,829.18,43579.37,,,45550.15,44720.97,1.80,39.00,61.00,1.09,42960224,2026-09-23T03:37:55Z
C_hit,orig,layers_92,async,128,3,0,0.00,93.50,988.61,874.74,408.01,466.73,,,1863.35,1455.34,1.78,39.00,61.00,1.09,42960508,2026-09-23T03:37:56Z
C_hit,orig,layers_92,async_win,128,3,0,0.00,100.00,667.38,372.25,194.63,112.87,64.75,87.00,1039.63,780.25,1.65,39.00,61.00,1.09,42961384,2026-09-23T03:37:56Z
C_hit,orig,layers_92,async_bulk,128,3,0,0.00,100.00,660.15,369.54,191.84,113.19,64.50,87.00,1029.69,773.34,1.65,39.00,61.00,1.09,42961676,2026-09-23T03:37:56Z
C_hit,orig,2d,pread,128,3,0,0.00,100.00,627.44,616.27,184.76,431.51,,,1243.71,1058.95,1.68,39.00,61.00,1.09,42962392,2026-09-23T03:37:56Z
C_hit,orig,2d,async,128,3,0,0.00,100.00,592.62,258.06,191.10,66.97,,,850.68,659.59,1.65,39.00,61.00,1.09,42963112,2026-09-23T03:37:57Z
C_hit,orig,2d,async_win,128,3,0,0.00,100.00,522.53,259.29,190.48,7.96,60.85,3.00,781.82,530.49,1.65,39.00,61.00,1.09,42961488,2026-09-23T03:37:57Z
C_hit,orig,2d,async_bulk,128,3,0,0.00,100.00,631.50,248.23,177.45,8.12,62.66,3.00,879.73,639.62,1.66,39.00,61.00,1.09,42950184,2026-09-23T03:37:57Z
C_hit,orig,2e_K10,pread,128,3,0,0.00,100.00,529.09,1175.85,190.37,985.48,,,1704.94,1514.57,1.65,38.00,62.00,1.09,42951012,2026-09-23T03:37:57Z
C_hit,orig,2e_K10,async,128,3,0,0.00,100.00,627.08,273.11,192.47,80.64,,,900.19,707.72,1.70,39.00,62.00,1.09,42951336,2026-09-23T03:37:58Z
C_hit,orig,2e_K10,async_win,128,3,0,0.00,100.00,623.50,267.67,191.70,14.88,61.09,6.00,891.17,638.38,1.65,39.00,62.00,1.09,42950968,2026-09-23T03:37:58Z
C_hit,orig,2e_K10,async_bulk,128,3,0,0.00,100.00,625.09,265.17,183.06,20.84,61.27,6.00,890.26,645.93,1.65,39.00,62.00,1.09,42951292,2026-09-23T03:37:58Z
C_hit,orig,2e_K500,pread,128,3,0,0.00,100.00,174.03,3395.35,194.75,3200.61,,,3569.38,3374.64,1.57,9.00,64.00,1.09,42973140,2026-09-23T03:37:58Z
C_hit,orig,2e_K500,async,128,3,0,0.00,41.80,174.75,844.85,191.29,653.56,,,1019.60,828.31,1.58,12.00,62.00,1.08,42972288,2026-09-23T03:37:59Z
C_hit,orig,2e_K500,async_win,128,3,0,0.00,100.00,176.60,628.13,189.36,347.24,91.53,139.00,804.73,523.84,1.57,12.00,62.00,1.08,42972676,2026-09-23T03:37:59Z
C_hit,orig,2e_K500,async_bulk,128,3,0,0.00,37.80,174.64,623.28,188.95,345.41,88.93,139.00,797.92,520.05,1.59,12.00,62.00,1.08,42973560,2026-09-23T03:37:59Z
C_hit,orig,2f_top14,pread,128,3,0,0.00,100.00,531.75,1068.75,194.41,874.33,,,1600.50,1406.08,1.64,38.00,62.00,1.08,42975120,2026-09-23T03:37:59Z
C_hit,orig,2f_top14,async,128,3,0,0.00,100.00,597.37,268.83,191.70,77.14,,,866.20,674.51,1.66,39.00,62.00,1.08,42976360,2026-09-23T03:38:00Z
C_hit,orig,2f_top14,async_win,128,3,0,0.00,100.00,630.75,264.59,189.54,14.11,60.95,6.00,895.34,644.86,1.65,39.00,62.00,1.08,42976040,2026-09-23T03:38:00Z
C_hit,orig,2f_top14,async_bulk,128,3,0,0.00,100.00,653.81,268.76,192.76,15.76,60.24,6.00,922.57,669.57,1.66,39.00,62.00,1.08,42978272,2026-09-23T03:38:00Z
C_hit,orig,2f_top28,pread,128,3,0,0.00,100.00,672.37,1093.78,192.18,901.60,,,1766.15,1573.97,1.66,36.00,62.00,1.08,42976020,2026-09-23T03:38:01Z
C_hit,orig,2f_top28,async,128,3,0,0.00,100.00,660.15,275.43,180.62,94.81,,,935.58,754.96,1.67,38.00,62.00,1.08,42977192,2026-09-23T03:38:01Z
C_hit,orig,2f_top28,async_win,128,3,0,0.00,100.00,533.22,276.46,191.98,23.43,61.05,8.00,809.68,556.65,1.67,38.00,62.00,1.08,42977172,2026-09-23T03:38:01Z
C_hit,orig,2f_top28,async_bulk,128,3,0,0.00,100.00,505.93,277.37,192.85,22.43,62.09,8.00,783.30,528.36,1.66,38.00,62.00,1.08,42979532,2026-09-23T03:38:01Z
C_hit,orig,2f_top100,pread,128,3,0,0.00,100.00,517.46,1362.04,194.78,1167.26,,,1879.50,1684.72,1.65,31.00,64.00,1.08,42979640,2026-09-23T03:38:02Z
C_hit,orig,2f_top100,async,128,3,0,0.00,100.00,521.24,373.23,193.13,180.10,,,894.47,701.34,1.64,33.00,64.00,1.08,42979976,2026-09-23T03:38:02Z
C_hit,orig,2f_top100,async_win,128,3,0,0.00,63.00,627.22,327.98,190.86,72.64,64.48,28.00,955.20,699.86,1.63,33.00,64.00,1.08,42977632,2026-09-23T03:38:02Z
C_hit,orig,2f_top100,async_bulk,128,3,0,0.00,63.00,618.37,319.27,185.09,68.79,65.39,28.00,937.64,687.16,1.67,33.00,64.00,1.08,42979512,2026-09-23T03:38:02Z
C_hit,orig,2f_top500,pread,128,3,0,0.00,100.00,174.31,3256.36,191.82,3064.54,,,3430.67,3238.85,1.57,9.00,64.00,1.08,42979760,2026-09-23T03:38:03Z
C_hit,orig,2f_top500,async,128,3,0,0.00,45.60,178.06,834.49,192.38,642.11,,,1012.55,820.17,1.57,12.00,63.00,1.08,42978544,2026-09-23T03:38:03Z
C_hit,orig,2f_top500,async_win,128,3,0,0.00,29.20,174.71,614.25,189.92,334.71,89.63,138.00,788.96,509.42,1.59,12.00,63.00,1.08,42979656,2026-09-23T03:38:03Z
C_hit,orig,2f_top500,async_bulk,128,3,0,0.00,100.00,174.93,621.31,193.22,338.86,89.23,138.00,796.24,513.79,1.58,12.00,63.00,1.08,42980956,2026-09-23T03:38:03Z
C_hit,orig,2f_slru,pread,128,3,0,0.00,100.00,86.99,4727.71,193.67,4534.03,,,4814.70,4621.02,1.52,0.00,62.00,1.08,42972880,2026-09-23T03:38:04Z
C_hit,orig,2f_slru,async,128,3,0,0.00,100.00,91.38,1602.28,194.18,1408.11,,,1693.66,1499.49,1.53,0.00,62.00,1.08,42970700,2026-09-23T03:38:04Z
C_hit,orig,2f_slru,async_win,128,3,0,0.00,100.00,90.69,732.47,185.11,420.53,126.83,29.00,823.16,511.22,1.54,0.00,62.00,1.08,42971888,2026-09-23T03:38:04Z
C_hit,orig,2f_slru,async_bulk,128,3,0,0.00,7.00,645.88,362.45,192.01,43.85,126.59,2.00,1008.33,689.73,1.65,38.00,59.00,1.08,42972676,2026-09-23T03:38:04Z
C_hit,orig,leaf_freq_K10,pread,128,3,0,0.00,100.00,594.64,703.85,191.77,512.08,,,1298.49,1106.72,1.64,38.00,60.00,1.08,42972264,2026-09-23T03:38:05Z
C_hit,orig,leaf_freq_K10,async,128,3,0,0.00,100.00,945.15,270.38,196.43,73.95,,,1215.53,1019.10,1.69,39.00,60.00,1.08,42971928,2026-09-23T03:38:05Z
C_hit,orig,leaf_freq_K10,async_win,128,3,0,0.00,100.00,912.55,263.95,193.22,9.62,61.10,3.00,1176.50,922.17,1.66,39.00,60.00,1.08,42972624,2026-09-23T03:38:05Z
C_hit,orig,leaf_freq_K10,async_bulk,128,3,0,0.00,100.00,921.05,253.83,183.12,9.99,60.71,3.00,1174.88,931.04,1.67,39.00,60.00,1.08,42972864,2026-09-23T03:38:05Z
C_hit,orig,leaf_rand_K10,pread,128,3,0,0.00,100.00,1007.29,1089.49,193.52,895.97,,,2096.78,1903.26,1.68,39.00,60.00,1.08,42972756,2026-09-23T03:38:06Z
C_hit,orig,leaf_rand_K10,async,128,3,0,0.00,100.00,1011.09,266.57,190.95,75.62,,,1277.66,1086.71,1.65,39.00,60.00,1.08,42971948,2026-09-23T03:38:06Z
C_hit,orig,leaf_rand_K10,async_win,128,3,0,0.00,100.00,984.21,271.95,194.18,15.95,61.83,10.00,1256.16,1000.16,1.67,39.00,60.00,1.08,42971952,2026-09-23T03:38:06Z
C_hit,orig,leaf_rand_K10,async_bulk,128,3,0,0.00,100.00,1012.87,269.76,191.39,17.34,61.02,10.00,1282.63,1030.21,1.68,39.00,60.00,1.08,42972100,2026-09-23T03:38:07Z
C_hit,orig,learned_markov_14,pread,128,3,0,0.00,100.00,530.21,1066.87,191.57,875.30,,,1597.08,1405.51,1.65,38.00,62.00,1.08,42972500,2026-09-23T03:38:07Z
C_hit,orig,learned_markov_14,async,128,3,0,0.00,100.00,639.94,269.57,191.54,78.03,,,909.51,717.97,1.66,39.00,62.00,1.08,42972188,2026-09-23T03:38:07Z
C_hit,orig,learned_markov_14,async_win,128,3,0,0.00,100.00,661.80,265.24,189.96,13.55,61.74,6.00,927.04,675.35,1.68,39.00,62.00,1.08,42972192,2026-09-23T03:38:07Z
C_hit,orig,learned_markov_14,async_bulk,128,3,0,0.00,100.00,661.82,268.62,190.32,16.55,61.76,6.00,930.44,678.37,1.65,39.00,62.00,1.08,42970756,2026-09-23T03:38:08Z
C_hit,orig,learned_markov_28,pread,128,3,0,0.00,100.00,531.11,1072.92,191.12,881.80,,,1604.03,1412.91,1.64,36.00,62.00,1.08,42970756,2026-09-23T03:38:08Z
C_hit,orig,learned_markov_28,async,128,3,0,0.00,100.00,624.51,276.07,184.56,91.51,,,900.58,716.02,1.64,38.00,62.00,1.08,42971672,2026-09-23T03:38:08Z
C_hit,orig,learned_markov_28,async_win,128,3,0,0.00,100.00,535.14,276.95,191.73,23.44,61.78,8.00,812.09,558.58,1.67,38.00,62.00,1.08,42971936,2026-09-23T03:38:08Z
C_hit,orig,learned_markov_28,async_bulk,128,3,0,0.00,100.00,515.11,272.38,185.19,23.39,63.80,8.00,787.49,538.50,1.67,38.00,62.00,1.07,42972656,2026-09-23T03:38:09Z
A,orig,baseline,baseline,128,4,0,0.00,0.00,885.82,0.00,0.00,0.00,,,885.82,885.82,2.12,187.00,257.00,1.07,42972120,2026-09-23T03:38:09Z
B,orig,baseline,baseline,128,4,0,0.00,0.00,849.79,0.00,0.00,0.00,,,849.79,849.79,2.20,188.00,265.00,1.07,42973468,2026-09-23T03:38:09Z
C,orig,baseline,baseline,128,4,0,0.00,0.00,1040.47,0.00,0.00,0.00,,,1040.47,1040.47,1.57,19.00,32.00,1.07,42974428,2026-09-23T03:38:10Z
C_hit,orig,baseline,baseline,128,4,0,0.00,0.00,1032.16,0.00,0.00,0.00,,,1032.16,1032.16,1.64,39.00,60.00,1.07,42975212,2026-09-23T03:38:10Z
A,orig,layers_5,pread,128,4,0,0.00,100.00,867.42,636.77,198.93,437.83,,,1504.19,1305.25,2.13,186.00,259.00,1.07,42975488,2026-09-23T03:38:10Z
A,orig,layers_5,async,128,4,0,0.00,100.00,871.60,266.39,195.98,70.41,,,1137.99,942.01,2.14,186.00,259.00,1.07,42977472,2026-09-23T03:38:10Z
A,orig,layers_5,async_win,128,4,0,0.00,100.00,867.79,264.55,196.40,7.32,60.82,2.00,1132.34,875.11,2.15,186.00,259.00,1.07,42977592,2026-09-23T03:38:11Z
A,orig,layers_5,async_bulk,128,4,0,0.00,100.00,745.36,260.51,193.03,7.32,60.15,2.00,1005.87,752.68,2.07,186.00,259.00,1.07,42977196,2026-09-23T03:38:11Z
A,orig,layers_92,pread,128,4,0,0.00,100.00,475.85,8237.66,192.67,8044.98,,,8713.51,8520.83,2.14,185.00,266.00,1.07,42978112,2026-09-23T03:38:11Z
A,orig,layers_92,async,128,4,0,0.00,100.00,476.38,393.66,196.89,196.77,,,870.04,673.15,2.14,185.00,264.00,1.07,42978232,2026-09-23T03:38:12Z
A,orig,layers_92,async_win,128,4,0,0.00,100.00,477.25,381.11,196.34,119.19,65.57,87.00,858.36,596.44,2.13,185.00,264.00,1.07,42978028,2026-09-23T03:38:12Z
A,orig,layers_92,async_bulk,128,4,0,0.00,100.00,475.49,377.92,197.25,114.98,65.69,87.00,853.41,590.47,2.12,185.00,265.00,1.07,42978788,2026-09-23T03:38:12Z
A,orig,2d,pread,128,4,0,0.00,100.00,475.14,1916.34,229.60,1686.74,,,2391.48,2161.88,2.10,185.00,266.00,1.07,42977272,2026-09-23T03:38:13Z
A,orig,2d,async,128,4,0,0.00,100.00,473.55,316.80,231.12,85.67,,,790.35,559.22,2.13,185.00,265.00,1.07,42963080,2026-09-23T03:38:13Z
A,orig,2d,async_win,128,4,0,0.00,100.00,478.01,315.46,230.03,23.45,61.98,13.00,793.47,501.46,2.13,185.00,265.00,1.07,42964720,2026-09-23T03:38:13Z
A,orig,2d,async_bulk,128,4,0,0.00,100.00,475.57,316.70,232.78,21.84,62.09,13.00,792.27,497.41,2.16,185.00,265.00,1.07,42964344,2026-09-23T03:38:14Z
A,orig,2e_K10,pread,128,4,0,0.00,100.00,177.43,2758.59,229.86,2528.72,,,2936.02,2706.15,2.10,189.00,272.00,1.07,42963752,2026-09-23T03:38:14Z
A,orig,2e_K10,async,128,4,0,0.00,100.00,180.05,331.60,228.74,102.86,,,511.65,282.91,2.11,189.00,270.00,1.07,42963456,2026-09-23T03:38:14Z
A,orig,2e_K10,async_win,128,4,0,0.00,100.00,176.83,325.39,228.93,35.14,61.33,23.00,502.22,211.97,2.11,189.00,270.00,1.07,42965720,2026-09-23T03:38:14Z
A,orig,2e_K10,async_bulk,128,4,0,0.00,100.00,177.20,326.21,229.37,35.40,61.45,23.00,503.41,212.60,2.12,189.00,271.00,1.07,42965832,2026-09-23T03:38:15Z
A,orig,2e_K500,pread,128,4,0,0.00,100.00,180.83,20258.43,228.49,20029.94,,,20439.26,20210.77,1.70,52.00,319.00,1.07,42966292,2026-09-23T03:38:15Z
A,orig,2e_K500,async,128,4,0,0.00,16.00,2970.14,922.18,229.63,692.55,,,3892.32,3662.69,2.11,186.00,400.00,1.07,42966880,2026-09-23T03:38:15Z
A,orig,2e_K500,async_win,128,4,0,0.00,100.00,182.09,1001.15,228.49,682.45,90.21,461.00,1183.24,864.54,2.08,186.00,398.00,1.07,42966476,2026-09-23T03:38:16Z
A,orig,2e_K500,async_bulk,128,4,0,0.00,100.00,181.50,994.39,230.02,674.89,89.48,461.00,1175.89,856.39,2.07,186.00,400.00,1.07,42967340,2026-09-23T03:38:16Z
A,orig,2f_top14,pread,128,4,0,0.00,100.00,477.29,1475.48,228.15,1247.34,,,1952.77,1724.63,2.12,187.00,266.00,1.07,42968684,2026-09-23T03:38:16Z
A,orig,2f_top14,async,128,4,0,0.00,100.00,487.22,309.09,229.31,79.78,,,796.31,567.00,2.12,187.00,266.00,1.07,42968068,2026-09-23T03:38:17Z
A,orig,2f_top14,async_win,128,4,0,0.00,100.00,478.88,311.61,231.22,19.75,60.63,13.00,790.49,498.63,2.13,187.00,266.00,1.07,42968580,2026-09-23T03:38:17Z
A,orig,2f_top14,async_bulk,128,4,0,0.00,100.00,477.34,311.34,229.79,20.39,61.16,13.00,788.68,497.73,2.13,187.00,266.00,1.07,42967308,2026-09-23T03:38:17Z
A,orig,2f_top28,pread,128,4,0,0.00,100.00,181.93,2642.01,228.06,2413.95,,,2823.94,2595.88,2.07,188.00,277.00,1.07,42968732,2026-09-23T03:38:18Z
A,orig,2f_top28,async,128,4,0,0.00,100.00,177.70,323.72,227.36,96.36,,,501.42,274.06,2.11,188.00,276.00,1.07,42963176,2026-09-23T03:38:18Z
A,orig,2f_top28,async_win,128,4,0,0.00,100.00,180.38,330.07,229.65,38.79,61.63,27.00,510.45,219.17,2.12,188.00,277.00,1.07,42957204,2026-09-23T03:38:18Z
A,orig,2f_top28,async_bulk,128,4,0,0.00,100.00,179.73,325.29,229.03,33.97,62.29,27.00,505.02,213.70,2.13,188.00,277.00,1.07,42958828,2026-09-23T03:38:19Z
A,orig,2f_top100,pread,128,4,0,0.00,100.00,182.08,9066.42,230.71,8835.71,,,9248.50,9017.79,2.12,188.00,315.00,1.06,42954748,2026-09-23T03:38:19Z
A,orig,2f_top100,async,128,4,0,0.00,100.00,181.89,430.74,229.90,200.84,,,612.63,382.73,2.13,188.00,314.00,1.06,42968396,2026-09-23T03:38:19Z
A,orig,2f_top100,async_win,128,4,0,0.00,100.00,181.01,412.35,228.88,117.25,66.22,97.00,593.36,298.26,2.14,188.00,314.00,1.06,42969624,2026-09-23T03:38:19Z
A,orig,2f_top100,async_bulk,128,4,0,0.00,100.00,181.77,414.35,233.28,115.81,65.26,97.00,596.12,297.58,2.12,188.00,314.00,1.06,42969612,2026-09-23T03:38:20Z
A,orig,2f_top500,pread,128,4,0,0.00,100.00,180.29,20678.95,228.63,20450.32,,,20859.24,20630.61,1.69,52.00,323.00,1.06,42969620,2026-09-23T03:38:20Z
A,orig,2f_top500,async,128,4,0,0.00,100.00,181.17,1067.47,230.15,837.32,,,1248.64,1018.49,2.08,186.00,403.00,1.06,42970784,2026-09-23T03:38:20Z
A,orig,2f_top500,async_win,128,4,0,0.00,100.00,181.26,1005.35,228.89,687.19,89.27,449.00,1186.61,868.45,2.13,186.00,401.00,1.06,42973612,2026-09-23T03:38:21Z
A,orig,2f_top500,async_bulk,128,4,0,0.00,100.00,182.80,985.42,228.02,666.72,90.68,449.00,1168.22,849.52,2.08,186.00,404.00,1.06,42974116,2026-09-23T03:38:21Z
A,orig,2f_slru,pread,128,4,0,0.00,100.00,96.76,17638.58,241.63,17396.95,,,17735.34,17493.71,1.52,0.00,278.00,1.06,42975728,2026-09-23T03:38:21Z
A,orig,2f_slru,async,128,4,0,0.00,100.00,98.04,7275.19,227.12,7048.07,,,7373.23,7146.11,1.55,0.00,278.00,1.06,42973196,2026-09-23T03:38:22Z
A,orig,2f_slru,async_win,128,4,0,0.00,80.20,96.19,2529.26,230.35,1883.74,415.17,138.00,2625.45,1979.93,1.55,0.00,278.00,1.06,42976044,2026-09-23T03:38:22Z
A,orig,2f_slru,async_bulk,128,4,0,0.00,1.50,778.83,722.38,232.56,77.30,412.52,2.00,1501.21,856.13,2.14,185.00,257.00,1.06,42975404,2026-09-23T03:38:22Z
A,orig,leaf_freq_K10,pread,128,4,0,0.00,100.00,578.61,1094.52,229.72,864.80,,,1673.13,1443.41,2.15,191.00,263.00,1.06,42976840,2026-09-23T03:38:22Z
A,orig,leaf_freq_K10,async,128,4,0,0.00,100.00,575.90,305.95,231.47,74.48,,,881.85,650.38,2.09,191.00,263.00,1.06,42977516,2026-09-23T03:38:23Z
A,orig,leaf_freq_K10,async_win,128,4,0,0.00,100.00,577.01,301.15,224.74,14.52,61.89,10.00,878.16,591.53,2.12,191.00,263.00,1.06,42977732,2026-09-23T03:38:23Z
A,orig,leaf_freq_K10,async_bulk,128,4,0,0.00,100.00,575.51,303.41,228.63,13.66,61.12,10.00,878.92,589.17,2.14,191.00,263.00,1.06,42985432,2026-09-23T03:38:23Z
A,orig,leaf_rand_K10,pread,128,4,0,0.00,100.00,881.51,1155.33,226.80,928.54,,,2036.84,1810.05,2.11,188.00,257.00,1.06,42985936,2026-09-23T03:38:24Z
A,orig,leaf_rand_K10,async,128,4,0,0.00,100.00,874.03,304.70,227.55,77.16,,,1178.73,951.19,2.10,188.00,257.00,1.06,42985956,2026-09-23T03:38:24Z
A,orig,leaf_rand_K10,async_win,128,4,0,0.00,100.00,875.85,305.38,229.61,14.58,61.20,10.00,1181.23,890.43,2.11,188.00,257.00,1.06,42961084,2026-09-23T03:38:24Z
A,orig,leaf_rand_K10,async_bulk,128,4,0,0.00,100.00,880.29,308.01,230.14,15.66,62.21,10.00,1188.30,895.95,2.12,188.00,257.00,1.06,42961808,2026-09-23T03:38:25Z
A,orig,learned_markov_14,pread,128,4,0,0.00,100.00,477.45,1506.18,229.88,1276.30,,,1983.63,1753.75,2.06,185.00,267.00,1.06,42961924,2026-09-23T03:38:25Z
A,orig,learned_markov_14,async,128,4,0,0.00,100.00,478.23,306.91,227.38,79.53,,,785.14,557.76,2.10,185.00,266.00,1.06,42961892,2026-09-23T03:38:25Z
A,orig,learned_markov_14,async_win,128,4,0,0.00,100.00,476.70,310.94,229.43,19.59,61.92,13.00,787.64,496.29,2.10,185.00,266.00,1.06,42962040,2026-09-23T03:38:25Z
A,orig,learned_markov_14,async_bulk,128,4,0,0.00,100.00,476.86,312.71,229.60,19.84,63.27,13.00,789.57,496.70,2.11,185.00,266.00,1.06,42961916,2026-09-23T03:38:26Z
A,orig,learned_markov_28,pread,128,4,0,0.00,100.00,409.12,2738.90,226.99,2511.91,,,3148.02,2921.03,2.06,185.00,269.00,1.06,42962268,2026-09-23T03:38:26Z
A,orig,learned_markov_28,async,128,4,0,0.00,100.00,473.15,324.32,229.13,95.19,,,797.47,568.34,2.11,185.00,268.00,1.06,42962996,2026-09-23T03:38:26Z
A,orig,learned_markov_28,async_win,128,4,0,0.00,100.00,473.80,327.08,230.17,34.18,62.73,26.00,800.88,507.98,2.11,185.00,269.00,1.06,42963120,2026-09-23T03:38:27Z
A,orig,learned_markov_28,async_bulk,128,4,0,0.00,100.00,481.01,332.55,230.16,39.01,63.37,26.00,813.56,520.02,2.13,185.00,269.00,1.06,42962600,2026-09-23T03:38:27Z
B,orig,layers_5,pread,128,4,0,0.00,100.00,882.75,676.57,232.12,444.46,,,1559.32,1327.21,2.14,190.00,266.00,1.06,42964072,2026-09-23T03:38:27Z
B,orig,layers_5,async,128,4,0,0.00,100.00,981.96,297.65,228.52,69.13,,,1279.61,1051.09,2.20,190.00,265.00,1.06,42964180,2026-09-23T03:38:28Z
B,orig,layers_5,async_win,128,4,0,0.00,100.00,917.12,295.49,226.68,8.29,60.51,2.00,1212.61,925.41,2.17,190.00,265.00,1.06,42964308,2026-09-23T03:38:28Z
B,orig,layers_5,async_bulk,128,4,0,0.00,100.00,950.24,297.16,228.20,7.34,61.62,2.00,1247.40,957.58,2.18,190.00,265.00,1.06,42961928,2026-09-23T03:38:28Z
B,orig,layers_92,pread,128,4,0,0.00,100.00,551.98,8274.27,242.38,8031.89,,,8826.25,8583.87,2.21,187.00,279.00,1.05,42950648,2026-09-23T03:38:29Z
B,orig,layers_92,async,128,4,0,0.00,100.00,483.26,421.76,226.90,194.87,,,905.02,678.13,2.13,187.00,276.00,1.05,42950924,2026-09-23T03:38:29Z
B,orig,layers_92,async_win,128,4,0,0.00,100.00,522.16,412.31,229.50,117.45,65.35,87.00,934.47,639.61,2.22,187.00,276.00,1.05,42951324,2026-09-23T03:38:29Z
B,orig,layers_92,async_bulk,128,4,0,0.00,100.00,486.65,406.62,230.05,110.01,66.56,87.00,893.27,596.66,2.16,187.00,276.00,1.05,42953468,2026-09-23T03:38:30Z
B,orig,2d,pread,128,4,0,0.00,100.00,583.47,1927.37,228.95,1698.42,,,2510.84,2281.89,2.17,187.00,279.00,1.05,42953932,2026-09-23T03:38:30Z
B,orig,2d,async,128,4,0,0.00,100.00,547.31,311.84,228.46,83.38,,,859.15,630.69,2.17,187.00,276.00,1.05,42954824,2026-09-23T03:38:30Z
B,orig,2d,async_win,128,4,0,0.00,100.00,578.64,318.14,233.38,22.19,62.57,13.00,896.78,600.83,2.20,187.00,276.00,1.05,42954972,2026-09-23T03:38:31Z
B,orig,2d,async_bulk,128,4,0,0.00,100.00,580.40,311.99,228.73,20.99,62.27,13.00,892.39,601.39,2.19,187.00,276.00,1.05,42955480,2026-09-23T03:38:31Z
B,orig,2e_K10,pread,128,4,0,0.00,100.00,507.69,2728.78,227.90,2500.88,,,3236.47,3008.57,2.16,187.00,281.00,1.05,42955312,2026-09-23T03:38:31Z
B,orig,2e_K10,async,128,4,0,0.00,100.00,549.36,325.38,228.30,97.08,,,874.74,646.44,2.20,187.00,278.00,1.05,42955768,2026-09-23T03:38:31Z
B,orig,2e_K10,async_win,128,4,0,0.00,100.00,577.48,325.76,229.52,32.92,63.32,23.00,903.24,610.40,2.17,187.00,278.00,1.05,42956112,2026-09-23T03:38:32Z
B,orig,2e_K10,async_bulk,128,4,0,0.00,100.00,558.32,325.19,228.39,34.45,62.35,23.00,883.51,592.77,2.18,187.00,278.00,1.05,42955016,2026-09-23T03:38:32Z
B,orig,2e_K500,pread,128,4,0,0.00,100.00,180.75,17923.01,228.32,17694.70,,,18103.76,17875.45,1.59,4.00,285.00,1.05,42956280,2026-09-23T03:38:32Z
B,orig,2e_K500,async,128,4,0,0.00,100.00,488.46,1051.68,224.01,827.67,,,1540.14,1316.13,2.14,184.00,336.00,1.05,42956936,2026-09-23T03:38:33Z
B,orig,2e_K500,async_win,128,4,0,0.00,100.00,491.03,1004.59,227.94,683.60,93.06,449.00,1495.62,1174.63,2.15,184.00,334.00,1.05,42957008,2026-09-23T03:38:33Z
B,orig,2e_K500,async_bulk,128,4,0,0.00,100.00,490.05,995.73,230.07,672.79,92.86,449.00,1485.78,1162.84,2.18,184.00,333.00,1.05,42958656,2026-09-23T03:38:33Z
B,orig,2f_top14,pread,128,4,0,0.00,100.00,582.07,1451.74,229.04,1222.70,,,2033.81,1804.77,2.20,187.00,276.00,1.13,42946668,2026-09-23T03:38:34Z
B,orig,2f_top14,async,128,4,0,0.00,100.00,513.37,308.53,227.34,81.19,,,821.90,594.56,2.16,187.00,276.00,1.13,42950988,2026-09-23T03:38:34Z
B,orig,2f_top14,async_win,128,4,0,0.00,100.00,515.17,311.08,229.08,20.24,61.77,13.00,826.25,535.41,2.19,187.00,276.00,1.13,42951776,2026-09-23T03:38:34Z
B,orig,2f_top14,async_bulk,128,4,0,0.00,100.00,578.82,313.15,230.56,20.99,61.59,13.00,891.97,599.81,2.18,187.00,276.00,1.13,42957072,2026-09-23T03:38:35Z
B,orig,2f_top28,pread,128,4,0,0.00,100.00,579.99,2617.24,228.54,2388.70,,,3197.23,2968.69,2.20,187.00,279.00,1.13,42956640,2026-09-23T03:38:35Z
B,orig,2f_top28,async,128,4,0,0.00,100.00,552.21,329.71,229.00,100.71,,,881.92,652.92,2.20,187.00,279.00,1.13,42957156,2026-09-23T03:38:35Z
B,orig,2f_top28,async_win,128,4,0,0.00,100.00,548.94,332.31,230.74,39.08,62.48,27.00,881.25,588.02,2.20,187.00,279.00,1.13,42957064,2026-09-23T03:38:36Z
B,orig,2f_top28,async_bulk,128,4,0,0.00,100.00,577.13,327.38,226.38,38.56,62.43,27.00,904.51,615.69,2.19,187.00,279.00,1.13,42957900,2026-09-23T03:38:36Z
B,orig,2f_top100,pread,128,4,0,0.00,100.00,548.81,9087.38,227.98,8859.41,,,9636.19,9408.22,2.19,183.00,290.00,1.13,42958236,2026-09-23T03:38:36Z
B,orig,2f_top100,async,128,4,0,0.00,100.00,581.10,429.95,230.30,199.65,,,1011.05,780.75,2.18,183.00,289.00,1.13,42959352,2026-09-23T03:38:37Z
B,orig,2f_top100,async_win,128,4,0,0.00,100.00,484.53,421.55,229.92,125.47,66.16,98.00,906.08,610.00,2.19,183.00,290.00,1.13,42959232,2026-09-23T03:38:37Z
B,orig,2f_top100,async_bulk,128,4,0,0.00,100.00,547.13,419.61,227.46,125.81,66.34,98.00,966.74,672.94,2.17,183.00,289.00,1.13,42959368,2026-09-23T03:38:37Z
B,orig,2f_top500,pread,128,4,0,0.00,100.00,183.75,18410.05,227.65,18182.40,,,18593.80,18366.15,1.61,3.00,286.00,1.13,42960328,2026-09-23T03:38:37Z
B,orig,2f_top500,async,128,4,0,0.00,100.00,490.99,1082.97,230.58,852.38,,,1573.96,1343.37,2.19,184.00,334.00,1.13,42962080,2026-09-23T03:38:38Z
B,orig,2f_top500,async_win,128,4,0,0.00,100.00,488.90,1017.68,226.34,662.77,128.57,439.00,1506.58,1151.67,2.16,184.00,333.00,1.13,42961796,2026-09-23T03:38:38Z
B,orig,2f_top500,async_bulk,128,4,0,0.00,100.00,492.43,1037.84,226.46,661.55,149.83,439.00,1530.27,1153.98,2.17,184.00,334.00,1.13,42962360,2026-09-23T03:38:38Z
B,orig,2f_slru,pread,128,4,0,0.00,100.00,94.75,18493.20,229.84,18263.35,,,18587.95,18358.10,1.56,0.00,278.00,1.12,42962388,2026-09-23T03:38:39Z
B,orig,2f_slru,async,128,4,0,0.00,100.00,96.92,7322.74,227.41,7095.33,,,7419.66,7192.25,1.62,0.00,278.00,1.12,42943236,2026-09-23T03:38:39Z
B,orig,2f_slru,async_win,128,4,0,0.00,97.10,94.28,2729.40,225.12,2109.10,395.18,138.00,2823.68,2203.38,1.62,0.00,278.00,1.12,42942568,2026-09-23T03:38:39Z
B,orig,2f_slru,async_bulk,128,4,0,0.00,1.50,896.65,705.26,228.92,80.02,396.32,2.00,1601.91,976.67,2.20,187.00,264.00,1.12,42959456,2026-09-23T03:38:40Z
B,orig,leaf_freq_K10,pread,128,4,0,0.00,100.00,862.04,1084.50,228.61,855.89,,,1946.54,1717.93,2.16,188.00,267.00,1.12,42960304,2026-09-23T03:38:40Z
B,orig,leaf_freq_K10,async,128,4,0,0.00,100.00,895.68,305.43,230.28,75.15,,,1201.11,970.83,2.16,188.00,267.00,1.12,42960484,2026-09-23T03:38:40Z
B,orig,leaf_freq_K10,async_win,128,4,0,0.00,100.00,989.79,306.33,230.04,15.18,61.10,10.00,1296.12,1004.97,2.20,188.00,267.00,1.12,42960428,2026-09-23T03:38:40Z
B,orig,leaf_freq_K10,async_bulk,128,4,0,0.00,100.00,992.76,305.26,229.07,15.15,61.04,10.00,1298.02,1007.91,2.21,188.00,267.00,1.12,42960872,2026-09-23T03:38:41Z
B,orig,leaf_rand_K10,pread,128,4,0,0.00,100.00,859.30,1150.35,228.21,922.14,,,2009.65,1781.44,2.16,188.00,266.00,1.12,42961536,2026-09-23T03:38:41Z
B,orig,leaf_rand_K10,async,128,4,0,0.00,100.00,985.53,304.46,229.63,74.83,,,1289.99,1060.36,2.18,188.00,266.00,1.12,42961748,2026-09-23T03:38:41Z
B,orig,leaf_rand_K10,async_win,128,4,0,0.00,100.00,989.83,304.64,228.82,14.71,61.12,10.00,1294.47,1004.54,2.21,188.00,266.00,1.12,42961512,2026-09-23T03:38:42Z
B,orig,leaf_rand_K10,async_bulk,128,4,0,0.00,100.00,959.43,305.98,229.59,14.98,61.41,10.00,1265.41,974.41,2.20,188.00,266.00,1.12,42961876,2026-09-23T03:38:42Z
B,orig,learned_markov_14,pread,128,4,0,0.00,100.00,485.24,1411.11,227.42,1183.70,,,1896.35,1668.94,2.15,187.00,275.00,1.12,42961900,2026-09-23T03:38:42Z
B,orig,learned_markov_14,async,128,4,0,0.00,100.00,513.83,309.26,228.33,80.93,,,823.09,594.76,2.17,187.00,275.00,1.12,42962536,2026-09-23T03:38:43Z
B,orig,learned_markov_14,async_win,128,4,0,0.00,100.00,548.13,309.67,228.83,19.55,61.30,13.00,857.80,567.68,2.21,187.00,275.00,1.12,42962416,2026-09-23T03:38:43Z
B,orig,learned_markov_14,async_bulk,128,4,0,0.00,100.00,480.51,313.19,229.33,22.63,61.23,13.00,793.70,503.14,2.16,187.00,275.00,1.12,42962920,2026-09-23T03:38:43Z
B,orig,learned_markov_28,pread,128,4,0,0.00,100.00,542.87,2573.53,238.39,2335.14,,,3116.40,2878.01,2.19,186.00,279.00,1.11,42962728,2026-09-23T03:38:44Z
B,orig,learned_markov_28,async,128,4,0,0.00,100.00,552.02,323.03,226.96,96.07,,,875.05,648.09,2.18,186.00,279.00,1.11,42964316,2026-09-23T03:38:44Z
B,orig,learned_markov_28,async_win,128,4,0,0.00,100.00,551.79,328.02,230.20,36.13,61.69,27.00,879.81,587.92,2.20,186.00,279.00,1.11,42951472,2026-09-23T03:38:44Z
B,orig,learned_markov_28,async_bulk,128,4,0,0.00,100.00,584.76,328.22,229.09,37.07,62.06,27.00,912.98,621.83,2.20,186.00,279.00,1.11,42954084,2026-09-23T03:38:45Z
C,orig,layers_5,pread,128,4,0,0.00,100.00,1049.78,670.38,229.51,440.87,,,1720.16,1490.65,1.62,19.00,32.00,1.11,42948648,2026-09-23T03:38:45Z
C,orig,layers_5,async,128,4,0,0.00,100.00,1037.01,301.95,229.22,72.73,,,1338.96,1109.74,1.59,19.00,32.00,1.11,42949640,2026-09-23T03:38:45Z
C,orig,layers_5,async_win,128,4,0,0.00,100.00,1035.91,295.56,227.66,7.15,60.74,2.00,1331.47,1043.06,1.59,19.00,32.00,1.11,42948748,2026-09-23T03:38:45Z
C,orig,layers_5,async_bulk,128,4,0,0.00,100.00,1008.83,297.35,229.80,7.39,60.15,2.00,1306.18,1016.22,1.61,19.00,32.00,1.11,42949224,2026-09-23T03:38:46Z
C,orig,layers_92,pread,128,4,0,0.00,100.00,656.75,8136.21,228.79,7907.42,,,8792.96,8564.17,1.60,19.00,35.00,1.11,42949188,2026-09-23T03:38:46Z
C,orig,layers_92,async,128,4,0,0.00,100.00,660.65,434.02,231.24,202.78,,,1094.67,863.43,1.60,19.00,35.00,1.11,42950004,2026-09-23T03:38:46Z
C,orig,layers_92,async_win,128,4,0,0.00,100.00,654.22,413.62,226.19,122.98,64.44,87.00,1067.84,777.20,1.59,19.00,35.00,1.11,42949512,2026-09-23T03:38:46Z
C,orig,layers_92,async_bulk,128,4,0,0.00,100.00,656.42,412.66,228.45,119.31,64.89,87.00,1069.08,775.73,1.59,19.00,35.00,1.11,42950028,2026-09-23T03:38:47Z
C,orig,2d,pread,128,4,0,0.00,100.00,584.24,584.83,226.62,358.21,,,1169.07,942.45,1.58,19.00,35.00,1.11,42948668,2026-09-23T03:38:47Z
C,orig,2d,async,128,4,0,0.00,100.00,656.21,293.46,226.60,66.87,,,949.67,723.08,1.62,19.00,35.00,1.11,42949296,2026-09-23T03:38:47Z
C,orig,2d,async_win,128,4,0,0.00,100.00,617.28,293.76,226.31,6.76,60.68,2.00,911.04,624.04,1.59,19.00,35.00,1.11,42950128,2026-09-23T03:38:47Z
C,orig,2d,async_bulk,128,4,0,0.00,100.00,619.65,293.67,226.61,6.32,60.74,2.00,913.32,625.97,1.59,19.00,35.00,1.11,42950312,2026-09-23T03:38:48Z
C,orig,2e_K10,pread,128,4,0,0.00,100.00,619.61,1394.00,227.75,1166.25,,,2013.61,1785.86,1.61,18.00,38.00,1.11,42949140,2026-09-23T03:38:48Z
C,orig,2e_K10,async,128,4,0,0.00,100.00,564.28,302.77,224.74,78.03,,,867.05,642.31,1.60,19.00,36.00,1.11,42951000,2026-09-23T03:38:48Z
C,orig,2e_K10,async_win,128,4,0,0.00,100.00,654.04,302.01,226.36,14.88,60.77,8.00,956.05,668.92,1.60,19.00,36.00,1.11,42946756,2026-09-23T03:38:48Z
C,orig,2e_K10,async_bulk,128,4,0,0.00,100.00,626.16,306.05,230.91,14.56,60.57,8.00,932.21,640.72,1.59,19.00,36.00,1.10,42947172,2026-09-23T03:38:49Z
C,orig,2e_K500,pread,128,4,0,0.00,100.00,173.57,2378.01,226.95,2151.06,,,2551.58,2324.63,1.50,0.00,37.00,1.10,42947032,2026-09-23T03:38:49Z
C,orig,2e_K500,async,128,4,0,0.00,63.30,176.08,671.56,227.40,444.17,,,847.64,620.25,1.51,0.00,37.00,1.10,42946976,2026-09-23T03:38:49Z
C,orig,2e_K500,async_win,128,4,0,0.00,47.90,175.29,533.03,225.68,225.78,81.56,90.00,708.32,401.07,1.55,0.00,37.00,1.10,42944892,2026-09-23T03:38:49Z
C,orig,2e_K500,async_bulk,128,4,0,0.00,100.00,175.34,530.13,226.97,222.67,80.49,90.00,705.47,398.01,1.53,0.00,37.00,1.10,42957204,2026-09-23T03:38:50Z
C,orig,2f_top14,pread,128,4,0,0.00,100.00,584.96,1223.60,225.79,997.80,,,1808.56,1582.76,1.59,17.00,38.00,1.10,42957028,2026-09-23T03:38:50Z
C,orig,2f_top14,async,128,4,0,0.00,100.00,655.92,301.44,225.22,76.21,,,957.36,732.13,1.59,18.00,37.00,1.10,42957832,2026-09-23T03:38:50Z
C,orig,2f_top14,async_win,128,4,0,0.00,100.00,651.19,304.43,226.24,17.20,60.99,9.00,955.62,668.39,1.58,18.00,37.00,1.10,42957120,2026-09-23T03:38:51Z
C,orig,2f_top14,async_bulk,128,4,0,0.00,100.00,623.17,305.18,228.51,15.73,60.95,9.00,928.35,638.90,1.59,18.00,37.00,1.10,42957324,2026-09-23T03:38:51Z
C,orig,2f_top28,pread,128,4,0,0.00,100.00,658.80,1266.57,193.25,1073.32,,,1925.37,1732.12,1.59,16.00,37.00,1.10,42957152,2026-09-23T03:38:51Z
C,orig,2f_top28,async,128,4,0,0.00,100.00,552.97,287.16,192.53,94.63,,,840.13,647.60,1.59,17.00,38.00,1.10,42958044,2026-09-23T03:38:51Z
C,orig,2f_top28,async_win,128,4,0,0.00,100.00,537.73,282.00,195.08,25.35,61.58,13.00,819.73,563.08,1.59,17.00,38.00,1.10,42957400,2026-09-23T03:38:52Z
C,orig,2f_top28,async_bulk,128,4,0,0.00,100.00,657.27,282.26,195.81,25.16,61.30,13.00,939.53,682.43,1.59,17.00,38.00,1.10,42957760,2026-09-23T03:38:52Z
C,orig,2f_top100,pread,128,4,0,0.00,100.00,657.75,1351.57,223.20,1128.37,,,2009.32,1786.12,1.56,11.00,35.00,1.10,42957900,2026-09-23T03:38:52Z
C,orig,2f_top100,async,128,4,0,0.00,100.00,549.48,398.21,222.83,175.38,,,947.69,724.86,1.58,13.00,35.00,1.10,42958556,2026-09-23T03:38:52Z
C,orig,2f_top100,async_win,128,4,0,0.00,100.00,556.61,359.99,224.46,69.98,65.54,32.00,916.60,626.59,1.58,13.00,35.00,1.10,42958720,2026-09-23T03:38:53Z
C,orig,2f_top100,async_bulk,128,4,0,0.00,100.00,550.39,357.34,222.28,70.47,64.59,32.00,907.73,620.86,1.57,13.00,35.00,1.10,42959148,2026-09-23T03:38:53Z
C,orig,2f_top500,pread,128,4,0,0.00,100.00,88.64,2870.57,221.74,2648.83,,,2959.21,2737.47,1.51,0.00,37.00,1.10,42959384,2026-09-23T03:38:53Z
C,orig,2f_top500,async,128,4,0,0.00,100.00,89.64,910.35,224.77,685.58,,,999.99,775.22,1.55,0.00,37.00,1.10,42958832,2026-09-23T03:38:53Z
C,orig,2f_top500,async_win,128,4,0,0.00,100.00,87.95,522.19,221.39,212.81,88.00,15.00,610.14,300.76,1.53,0.00,37.00,1.10,42959996,2026-09-23T03:38:54Z
C,orig,2f_top500,async_bulk,128,4,0,0.00,13.60,946.14,351.99,224.16,39.20,88.63,2.00,1298.13,985.34,1.58,18.00,34.00,1.17,42958980,2026-09-23T03:38:54Z
C,orig,2f_slru,pread,128,4,0,0.00,100.00,89.93,2951.70,222.42,2729.28,,,3041.63,2819.21,1.51,0.00,37.00,1.17,42959332,2026-09-23T03:38:54Z
C,orig,2f_slru,async,128,4,0,0.00,100.00,89.02,955.14,224.55,730.58,,,1044.16,819.60,1.53,0.00,37.00,1.17,42959036,2026-09-23T03:38:54Z
C,orig,2f_slru,async_win,128,4,0,0.00,100.00,89.98,568.34,225.84,217.98,124.51,15.00,658.32,307.96,1.54,0.00,37.00,1.17,42960600,2026-09-23T03:38:55Z
C,orig,2f_slru,async_bulk,128,4,0,0.00,13.60,883.09,384.41,224.83,37.51,122.07,2.00,1267.50,920.60,1.61,18.00,34.00,1.17,42964540,2026-09-23T03:38:55Z
C,orig,leaf_freq_K10,pread,128,4,0,0.00,100.00,991.45,959.07,227.12,731.96,,,1950.52,1723.41,1.62,18.00,35.00,1.17,42969148,2026-09-23T03:38:55Z
C,orig,leaf_freq_K10,async,128,4,0,0.00,100.00,2229.81,1697.39,1155.80,541.59,,,3927.20,2771.40,1.67,19.00,33.00,1.17,42970264,2026-09-23T03:38:55Z
C,orig,leaf_freq_K10,async_win,128,4,0,0.00,100.00,2221.54,2001.65,1924.98,12.21,64.46,6.00,4223.19,2233.75,1.66,19.00,33.00,1.17,42970032,2026-09-23T03:38:56Z
C,orig,leaf_freq_K10,async_bulk,128,4,0,0.00,100.00,1008.95,295.73,221.14,13.09,61.51,6.00,1304.68,1022.04,1.59,19.00,33.00,1.17,42969224,2026-09-23T03:38:56Z
C,orig,leaf_rand_K10,pread,128,4,0,0.00,100.00,1010.70,1113.91,223.18,890.73,,,2124.61,1901.43,1.58,19.00,32.00,1.17,42969908,2026-09-23T03:38:56Z
C,orig,leaf_rand_K10,async,128,4,0,0.00,100.00,1010.40,296.51,222.60,73.91,,,1306.91,1084.31,1.59,19.00,32.00,1.17,42970116,2026-09-23T03:38:56Z
C,orig,leaf_rand_K10,async_win,128,4,0,0.00,100.00,1011.01,299.59,223.26,15.20,61.13,10.00,1310.60,1026.21,1.59,19.00,32.00,1.17,42971048,2026-09-23T03:38:57Z
C,orig,leaf_rand_K10,async_bulk,128,4,0,0.00,100.00,1048.61,300.02,223.52,15.07,61.44,10.00,1348.63,1063.68,1.60,19.00,32.00,1.17,42971056,2026-09-23T03:38:57Z
C,orig,learned_markov_14,pread,128,4,0,0.00,100.00,654.69,1288.25,221.33,1066.93,,,1942.94,1721.62,1.60,17.00,38.00,1.17,42970212,2026-09-23T03:38:57Z
C,orig,learned_markov_14,async,128,4,0,0.00,100.00,568.68,299.88,222.14,77.75,,,868.56,646.43,1.61,18.00,37.00,1.17,42970832,2026-09-23T03:38:57Z
C,orig,learned_markov_14,async_win,128,4,0,0.00,100.00,560.66,299.09,222.52,15.40,61.17,9.00,859.75,576.06,1.58,18.00,37.00,1.17,42971104,2026-09-23T03:38:58Z
C,orig,learned_markov_14,async_bulk,128,4,0,0.00,100.00,651.94,300.81,224.54,15.47,60.79,9.00,952.75,667.41,1.59,18.00,37.00,1.17,42971604,2026-09-23T03:38:58Z
C,orig,learned_markov_28,pread,128,4,0,0.00,100.00,650.24,1297.66,223.28,1074.38,,,1947.90,1724.62,1.57,16.00,37.00,1.17,42971792,2026-09-23T03:38:58Z
C,orig,learned_markov_28,async,128,4,0,0.00,100.00,544.29,317.42,222.84,94.58,,,861.71,638.87,1.59,17.00,38.00,1.17,42972896,2026-09-23T03:38:59Z
C,orig,learned_markov_28,async_win,128,4,0,0.00,100.00,529.41,309.60,221.68,26.90,61.02,13.00,839.01,556.31,1.58,17.00,38.00,1.16,42973064,2026-09-23T03:38:59Z
C,orig,learned_markov_28,async_bulk,128,4,0,0.00,100.00,522.59,307.48,221.70,25.23,60.55,13.00,830.07,547.82,1.59,17.00,38.00,1.16,42973392,2026-09-23T03:38:59Z
C_hit,orig,layers_5,pread,128,4,0,0.00,100.00,969.64,659.62,221.76,437.86,,,1629.26,1407.50,1.66,39.00,60.00,1.16,42973248,2026-09-23T03:38:59Z
C_hit,orig,layers_5,async,128,4,0,0.00,100.00,1035.46,292.97,224.39,68.58,,,1328.43,1104.04,1.69,39.00,60.00,1.16,42971748,2026-09-23T03:39:00Z
C_hit,orig,layers_5,async_win,128,4,0,0.00,100.00,1030.89,287.65,220.34,7.82,59.48,2.00,1318.54,1038.71,1.66,39.00,60.00,1.16,42972148,2026-09-23T03:39:00Z
C_hit,orig,layers_5,async_bulk,128,4,0,0.00,100.00,999.66,295.51,222.73,7.52,65.25,2.00,1295.17,1007.18,1.68,39.00,60.00,1.16,42987452,2026-09-23T03:39:00Z
C_hit,orig,layers_92,pread,128,4,0,0.00,100.00,656.53,8225.38,222.98,8002.40,,,8881.91,8658.93,1.67,39.00,61.00,1.16,42988140,2026-09-23T03:39:00Z
C_hit,orig,layers_92,async,128,4,0,0.00,100.00,649.48,421.58,221.56,200.03,,,1071.06,849.51,1.67,39.00,61.00,1.16,42988660,2026-09-23T03:39:01Z
C_hit,orig,layers_92,async_win,128,4,0,0.00,100.00,657.81,402.07,222.77,115.07,64.23,87.00,1059.88,772.88,1.67,39.00,61.00,1.16,42988732,2026-09-23T03:39:01Z
C_hit,orig,layers_92,async_bulk,128,4,0,0.00,100.00,519.73,399.14,222.71,112.54,63.89,87.00,918.87,632.27,1.67,39.00,61.00,1.16,42990388,2026-09-23T03:39:01Z
C_hit,orig,2d,pread,128,4,0,0.00,100.00,623.11,656.47,222.46,434.01,,,1279.58,1057.12,1.66,39.00,61.00,1.16,42990756,2026-09-23T03:39:01Z
C_hit,orig,2d,async,128,4,0,0.00,100.00,656.03,291.80,222.84,68.96,,,947.83,724.99,1.66,39.00,61.00,1.16,42991084,2026-09-23T03:39:02Z
C_hit,orig,2d,async_win,128,4,0,0.00,100.00,625.83,289.50,221.35,7.75,60.40,3.00,915.33,633.58,1.65,39.00,61.00,1.16,42991784,2026-09-23T03:39:02Z
C_hit,orig,2d,async_bulk,128,4,0,0.00,100.00,627.70,291.41,223.24,8.77,59.40,3.00,919.11,636.47,1.67,39.00,61.00,1.16,42992544,2026-09-23T03:39:02Z
C_hit,orig,2e_K10,pread,128,4,0,0.00,100.00,527.23,1245.52,221.64,1023.88,,,1772.75,1551.11,1.70,38.00,62.00,1.16,42991884,2026-09-23T03:39:02Z
C_hit,orig,2e_K10,async,128,4,0,0.00,100.00,623.66,304.26,223.70,80.56,,,927.92,704.22,1.66,39.00,62.00,1.16,42992200,2026-09-23T03:39:03Z
C_hit,orig,2e_K10,async_win,128,4,0,0.00,100.00,589.09,298.95,222.80,15.22,60.94,6.00,888.04,604.31,1.65,39.00,62.00,1.16,42992116,2026-09-23T03:39:03Z
C_hit,orig,2e_K10,async_bulk,128,4,0,0.00,100.00,627.75,303.40,225.30,16.83,61.27,6.00,931.15,644.58,1.66,39.00,62.00,1.16,42991632,2026-09-23T03:39:03Z
C_hit,orig,2e_K500,pread,128,4,0,0.00,100.00,175.97,3313.98,222.56,3091.42,,,3489.95,3267.39,1.58,9.00,64.00,1.16,42992604,2026-09-23T03:39:04Z
C_hit,orig,2e_K500,async,128,4,0,0.00,42.80,174.50,866.18,221.30,644.88,,,1040.68,819.38,1.58,12.00,62.00,1.14,42992132,2026-09-23T03:39:04Z
C_hit,orig,2e_K500,async_win,128,4,0,0.00,31.70,175.93,659.70,225.47,343.19,91.03,139.00,835.63,519.12,1.59,12.00,62.00,1.14,42992604,2026-09-23T03:39:04Z
C_hit,orig,2e_K500,async_bulk,128,4,0,0.00,37.80,177.09,657.02,222.18,344.27,90.58,139.00,834.11,521.36,1.59,12.00,62.00,1.14,42992816,2026-09-23T03:39:04Z
C_hit,orig,2f_top14,pread,128,4,0,0.00,100.00,669.44,1109.70,224.42,885.27,,,1779.14,1554.71,1.67,38.00,62.00,1.14,42992832,2026-09-23T03:39:05Z
C_hit,orig,2f_top14,async,128,4,0,0.00,100.00,663.35,302.73,224.68,78.05,,,966.08,741.40,1.69,39.00,62.00,1.14,42993116,2026-09-23T03:39:05Z
C_hit,orig,2f_top14,async_win,128,4,0,0.00,100.00,655.38,298.67,222.26,15.32,61.09,6.00,954.05,670.70,1.69,39.00,62.00,1.14,42993044,2026-09-23T03:39:05Z
C_hit,orig,2f_top14,async_bulk,128,4,0,0.00,100.00,651.13,364.19,286.17,16.87,61.15,6.00,1015.32,668.00,1.69,39.00,62.00,1.14,42976796,2026-09-23T03:39:05Z
C_hit,orig,2f_top28,pread,128,4,0,0.00,100.00,638.62,1120.09,222.92,897.17,,,1758.71,1535.79,1.66,36.00,62.00,1.14,42978144,2026-09-23T03:39:06Z
C_hit,orig,2f_top28,async,128,4,0,0.00,100.00,589.22,317.37,222.33,95.04,,,906.59,684.26,1.65,38.00,62.00,1.14,42978516,2026-09-23T03:39:06Z
C_hit,orig,2f_top28,async_win,128,4,0,0.00,100.00,628.68,309.54,225.14,22.53,61.87,8.00,938.22,651.21,1.68,38.00,62.00,1.14,42978416,2026-09-23T03:39:06Z
C_hit,orig,2f_top28,async_bulk,128,4,0,0.00,100.00,537.67,306.04,220.90,22.82,62.32,8.00,843.71,560.49,1.66,38.00,62.00,1.14,42978228,2026-09-23T03:39:06Z
C_hit,orig,2f_top100,pread,128,4,0,0.00,100.00,511.33,1385.17,223.87,1161.30,,,1896.50,1672.63,1.65,31.00,64.00,1.14,42978396,2026-09-23T03:39:07Z
C_hit,orig,2f_top100,async,128,4,0,0.00,100.00,526.94,400.61,223.30,177.31,,,927.55,704.25,1.67,33.00,64.00,1.14,42978568,2026-09-23T03:39:07Z
C_hit,orig,2f_top100,async_win,128,4,0,0.00,100.00,555.22,358.98,223.40,69.38,66.19,28.00,914.20,624.60,1.65,33.00,64.00,1.14,42979604,2026-09-23T03:39:07Z
C_hit,orig,2f_top100,async_bulk,128,4,0,0.00,100.00,519.23,358.04,223.55,68.67,65.82,28.00,877.27,587.90,1.66,33.00,64.00,1.14,42980360,2026-09-23T03:39:07Z
C_hit,orig,2f_top500,pread,128,4,0,0.00,100.00,174.87,3331.62,222.79,3108.84,,,3506.49,3283.71,1.56,9.00,64.00,1.14,42980256,2026-09-23T03:39:08Z
C_hit,orig,2f_top500,async,128,4,0,0.00,45.60,179.09,865.22,223.08,642.14,,,1044.31,821.23,1.58,12.00,63.00,1.14,42977368,2026-09-23T03:39:08Z
C_hit,orig,2f_top500,async_win,128,4,0,0.00,32.40,176.62,660.24,222.95,346.50,90.79,138.00,836.86,523.12,1.59,12.00,63.00,1.14,42978880,2026-09-23T03:39:08Z
C_hit,orig,2f_top500,async_bulk,128,4,0,0.00,32.40,175.62,655.74,222.16,343.22,90.37,138.00,831.36,518.84,1.57,12.00,63.00,1.14,42978500,2026-09-23T03:39:08Z
C_hit,orig,2f_slru,pread,128,4,0,0.00,100.00,86.92,4999.23,220.66,4778.56,,,5086.15,4865.48,1.54,0.00,62.00,1.13,42980392,2026-09-23T03:39:09Z
C_hit,orig,2f_slru,async,128,4,0,0.00,100.00,90.22,1604.22,223.01,1381.21,,,1694.44,1471.43,1.55,0.00,62.00,1.13,42980300,2026-09-23T03:39:09Z
C_hit,orig,2f_slru,async_win,128,4,0,0.00,100.00,89.74,762.37,223.43,411.37,127.57,29.00,852.11,501.11,1.54,0.00,62.00,1.13,42980980,2026-09-23T03:39:09Z
C_hit,orig,2f_slru,async_bulk,128,4,0,0.00,7.00,786.22,394.72,221.82,44.90,128.00,2.00,1180.94,831.12,1.66,38.00,59.00,1.13,42980900,2026-09-23T03:39:10Z
C_hit,orig,leaf_freq_K10,pread,128,4,0,0.00,100.00,616.54,811.00,225.60,585.40,,,1427.54,1201.94,1.66,38.00,60.00,1.13,42980904,2026-09-23T03:39:10Z
C_hit,orig,leaf_freq_K10,async,128,4,0,0.00,100.00,1083.49,296.37,222.66,73.71,,,1379.86,1157.20,1.68,39.00,60.00,1.13,42980296,2026-09-23T03:39:10Z
C_hit,orig,leaf_freq_K10,async_win,128,4,0,0.00,100.00,892.65,291.19,220.68,10.20,60.31,3.00,1183.84,902.85,1.65,39.00,60.00,1.13,42980528,2026-09-23T03:39:10Z
C_hit,orig,leaf_freq_K10,async_bulk,128,4,0,0.00,100.00,959.62,296.23,224.70,10.88,60.64,3.00,1255.85,970.50,1.69,39.00,60.00,1.13,42974604,2026-09-23T03:39:11Z
C_hit,orig,leaf_rand_K10,pread,128,4,0,0.00,100.00,1009.86,1147.62,222.31,925.31,,,2157.48,1935.17,1.67,39.00,60.00,1.13,42975572,2026-09-23T03:39:11Z
C_hit,orig,leaf_rand_K10,async,128,4,0,0.00,100.00,1054.48,295.83,221.95,73.88,,,1350.31,1128.36,1.67,39.00,60.00,1.13,42976000,2026-09-23T03:39:11Z
C_hit,orig,leaf_rand_K10,async_win,128,4,0,0.00,100.00,1043.39,305.52,225.32,18.64,61.57,10.00,1348.91,1062.03,1.68,39.00,60.00,1.13,42976844,2026-09-23T03:39:11Z
C_hit,orig,leaf_rand_K10,async_bulk,128,4,0,0.00,100.00,1014.58,301.22,223.86,16.10,61.26,10.00,1315.80,1030.68,1.66,39.00,60.00,1.13,42976288,2026-09-23T03:39:12Z
C_hit,orig,learned_markov_14,pread,128,4,0,0.00,100.00,528.09,1094.23,221.55,872.68,,,1622.32,1400.77,1.65,38.00,62.00,1.13,42976804,2026-09-23T03:39:12Z
C_hit,orig,learned_markov_14,async,128,4,0,0.00,100.00,598.24,300.50,221.85,78.65,,,898.74,676.89,1.69,39.00,62.00,1.13,42976780,2026-09-23T03:39:12Z
C_hit,orig,learned_markov_14,async_win,128,4,0,0.00,100.00,625.98,298.70,222.94,14.40,61.37,6.00,924.68,640.38,1.66,39.00,62.00,1.13,42977692,2026-09-23T03:39:12Z
C_hit,orig,learned_markov_14,async_bulk,128,4,0,0.00,100.00,660.90,295.30,219.85,15.18,60.26,6.00,956.20,676.08,1.68,39.00,62.00,1.13,42978108,2026-09-23T03:39:13Z
C_hit,orig,learned_markov_28,pread,128,4,0,0.00,100.00,531.39,1106.26,223.03,883.23,,,1637.65,1414.62,1.65,36.00,62.00,1.13,42977512,2026-09-23T03:39:13Z
C_hit,orig,learned_markov_28,async,128,4,0,0.00,100.00,628.03,319.49,223.33,96.16,,,947.52,724.19,1.65,38.00,62.00,1.13,42977620,2026-09-23T03:39:13Z
C_hit,orig,learned_markov_28,async_win,128,4,0,0.00,100.00,533.94,308.39,222.57,23.00,62.82,8.00,842.33,556.94,1.67,38.00,62.00,1.13,42978644,2026-09-23T03:39:14Z
C_hit,orig,learned_markov_28,async_bulk,128,4,0,0.00,100.00,505.53,306.63,221.25,23.42,61.96,8.00,812.16,528.95,1.68,38.00,62.00,1.12,42979124,2026-09-23T03:39:14Z
A,orig,baseline,baseline,128,5,0,0.00,0.00,894.58,0.00,0.00,0.00,,,894.58,894.58,2.12,187.00,257.00,1.12,42978760,2026-09-23T03:39:14Z
B,orig,baseline,baseline,128,5,0,0.00,0.00,1005.79,0.00,0.00,0.00,,,1005.79,1005.79,2.22,188.00,265.00,1.12,42977472,2026-09-23T03:39:14Z
C,orig,baseline,baseline,128,5,0,0.00,0.00,1066.46,0.00,0.00,0.00,,,1066.46,1066.46,1.57,19.00,32.00,1.12,42978812,2026-09-23T03:39:15Z
C_hit,orig,baseline,baseline,128,5,0,0.00,0.00,1029.07,0.00,0.00,0.00,,,1029.07,1029.07,1.67,39.00,60.00,1.12,42980036,2026-09-23T03:39:15Z
A,orig,layers_5,pread,128,5,0,0.00,100.00,873.38,631.92,194.96,436.96,,,1505.30,1310.34,2.11,186.00,259.00,1.12,42978116,2026-09-23T03:39:15Z
A,orig,layers_5,async,128,5,0,0.00,100.00,868.66,265.99,196.74,69.25,,,1134.65,937.91,2.12,186.00,259.00,1.12,42977984,2026-09-23T03:39:16Z
A,orig,layers_5,async_win,128,5,0,0.00,100.00,870.69,261.37,197.72,7.20,56.45,2.00,1132.06,877.89,2.15,186.00,259.00,1.12,42962748,2026-09-23T03:39:16Z
A,orig,layers_5,async_bulk,128,5,0,0.00,100.00,867.15,265.98,197.10,8.14,60.73,2.00,1133.13,875.29,2.10,186.00,259.00,1.12,42962760,2026-09-23T03:39:16Z
A,orig,layers_92,pread,128,5,0,0.00,100.00,476.95,8198.02,194.56,8003.47,,,8674.97,8480.42,2.10,185.00,266.00,1.12,42963768,2026-09-23T03:39:16Z
A,orig,layers_92,async,128,5,0,0.00,100.00,480.82,385.81,195.49,190.32,,,866.63,671.14,2.12,185.00,264.00,1.12,42963544,2026-09-23T03:39:17Z
A,orig,layers_92,async_win,128,5,0,0.00,100.00,408.64,374.20,194.43,114.27,65.51,87.00,782.84,522.91,2.07,185.00,264.00,1.12,42962556,2026-09-23T03:39:17Z
A,orig,layers_92,async_bulk,128,5,0,0.00,100.00,479.46,379.75,196.00,117.36,66.39,87.00,859.21,596.82,2.13,185.00,264.00,1.12,42964980,2026-09-23T03:39:17Z
A,orig,2d,pread,128,5,0,0.00,100.00,475.23,1926.36,227.17,1699.19,,,2401.59,2174.42,2.08,185.00,266.00,1.12,42964836,2026-09-23T03:39:18Z
A,orig,2d,async,128,5,0,0.00,100.00,475.30,316.59,231.45,85.14,,,791.89,560.44,2.10,185.00,264.00,1.12,42964684,2026-09-23T03:39:18Z
A,orig,2d,async_win,128,5,0,0.00,100.00,472.67,312.53,229.02,21.62,61.89,13.00,785.20,494.29,2.10,185.00,264.00,1.12,42964332,2026-09-23T03:39:18Z
A,orig,2d,async_bulk,128,5,0,0.00,100.00,475.45,311.40,228.03,21.24,62.14,13.00,786.85,496.69,2.14,185.00,265.00,1.11,42964536,2026-09-23T03:39:19Z
A,orig,2e_K10,pread,128,5,0,0.00,100.00,180.14,2773.62,229.66,2543.96,,,2953.76,2724.10,2.13,189.00,272.00,1.11,42962912,2026-09-23T03:39:19Z
A,orig,2e_K10,async,128,5,0,0.00,100.00,178.65,327.40,230.19,97.20,,,506.05,275.85,2.11,189.00,270.00,1.11,42962800,2026-09-23T03:39:19Z
A,orig,2e_K10,async_win,128,5,0,0.00,100.00,184.10,329.85,233.57,33.34,62.94,23.00,513.95,217.44,2.12,189.00,271.00,1.11,42964332,2026-09-23T03:39:20Z
A,orig,2e_K10,async_bulk,128,5,0,0.00,100.00,179.77,329.24,232.27,34.42,62.55,23.00,509.01,214.19,2.12,189.00,271.00,1.11,42964472,2026-09-23T03:39:20Z
A,orig,2e_K500,pread,128,5,0,0.00,100.00,180.70,20224.18,228.46,19995.72,,,20404.88,20176.42,1.68,52.00,318.00,1.11,42964164,2026-09-23T03:39:20Z
A,orig,2e_K500,async,128,5,0,0.00,19.70,551.90,904.59,228.43,676.16,,,1456.49,1228.06,2.11,186.00,397.00,1.11,42977864,2026-09-23T03:39:21Z
A,orig,2e_K500,async_win,128,5,0,0.00,100.00,182.69,991.41,231.22,671.67,88.52,461.00,1174.10,854.36,2.08,186.00,397.00,1.11,42978640,2026-09-23T03:39:21Z
A,orig,2e_K500,async_bulk,128,5,0,0.00,100.00,176.53,1006.64,234.49,682.00,90.15,461.00,1183.17,858.53,2.08,186.00,398.00,1.11,42977276,2026-09-23T03:39:21Z
A,orig,2f_top14,pread,128,5,0,0.00,100.00,474.60,1496.03,219.56,1276.47,,,1970.63,1751.07,2.12,187.00,266.00,1.11,42971044,2026-09-23T03:39:21Z
A,orig,2f_top14,async,128,5,0,0.00,100.00,476.35,309.27,229.13,80.14,,,785.62,556.49,2.13,187.00,266.00,1.11,42972320,2026-09-23T03:39:22Z
A,orig,2f_top14,async_win,128,5,0,0.00,100.00,478.70,311.96,230.33,19.53,62.10,13.00,790.66,498.23,2.13,187.00,266.00,1.11,42972068,2026-09-23T03:39:22Z
A,orig,2f_top14,async_bulk,128,5,0,0.00,100.00,451.58,307.67,226.46,19.15,62.07,13.00,759.25,470.73,2.07,187.00,265.00,1.11,42974400,2026-09-23T03:39:22Z
A,orig,2f_top28,pread,128,5,0,0.00,100.00,179.32,2645.88,228.72,2417.16,,,2825.20,2596.48,2.13,188.00,276.00,1.11,42974472,2026-09-23T03:39:23Z
A,orig,2f_top28,async,128,5,0,0.00,100.00,180.86,324.81,228.62,96.19,,,505.67,277.05,2.12,188.00,277.00,1.11,42974768,2026-09-23T03:39:23Z
A,orig,2f_top28,async_win,128,5,0,0.00,100.00,179.46,326.07,229.27,34.73,62.08,27.00,505.53,214.19,2.13,188.00,277.00,1.11,42975712,2026-09-23T03:39:23Z
A,orig,2f_top28,async_bulk,128,5,0,0.00,100.00,181.46,325.77,228.94,34.31,62.52,27.00,507.23,215.77,2.14,188.00,276.00,1.11,42975984,2026-09-23T03:39:24Z
A,orig,2f_top100,pread,128,5,0,0.00,100.00,178.90,9091.39,227.70,8863.69,,,9270.29,9042.59,2.11,188.00,315.00,1.10,42975360,2026-09-23T03:39:24Z
A,orig,2f_top100,async,128,5,0,0.00,100.00,178.83,426.92,226.31,200.62,,,605.75,379.45,2.11,188.00,313.00,1.10,42975076,2026-09-23T03:39:24Z
A,orig,2f_top100,async_win,128,5,0,0.00,100.00,180.76,420.44,230.27,124.56,65.60,97.00,601.20,305.32,2.16,188.00,314.00,1.10,42977128,2026-09-23T03:39:25Z
A,orig,2f_top100,async_bulk,128,5,0,0.00,100.00,178.90,418.39,230.05,122.65,65.68,97.00,597.29,301.55,2.11,188.00,313.00,1.10,42977356,2026-09-23T03:39:25Z
A,orig,2f_top500,pread,128,5,0,0.00,100.00,181.42,19762.37,226.37,19536.01,,,19943.79,19717.43,1.70,52.00,323.00,1.10,42978088,2026-09-23T03:39:25Z
A,orig,2f_top500,async,128,5,0,0.00,16.20,2796.06,899.97,230.09,669.88,,,3696.03,3465.94,2.10,186.00,409.00,1.10,42979264,2026-09-23T03:39:25Z
A,orig,2f_top500,async_win,128,5,0,0.00,100.00,184.66,983.86,230.44,663.44,89.98,449.00,1168.52,848.10,2.08,186.00,403.00,1.10,42955656,2026-09-23T03:39:26Z
A,orig,2f_top500,async_bulk,128,5,0,0.00,100.00,182.61,983.13,229.90,664.98,88.25,449.00,1165.74,847.59,2.09,186.00,405.00,1.10,42952876,2026-09-23T03:39:26Z
A,orig,2f_slru,pread,128,5,0,0.00,100.00,96.02,17623.25,227.63,17395.62,,,17719.27,17491.64,1.52,0.00,278.00,1.10,42953564,2026-09-23T03:39:26Z
A,orig,2f_slru,async,128,5,0,0.00,100.00,99.01,7220.37,225.19,6995.18,,,7319.38,7094.19,1.56,0.00,278.00,1.10,42949020,2026-09-23T03:39:27Z
A,orig,2f_slru,async_win,128,5,0,0.00,79.50,95.36,2588.85,228.81,1949.84,410.20,138.00,2684.21,2045.20,1.57,0.00,278.00,1.10,42947292,2026-09-23T03:39:27Z
A,orig,2f_slru,async_bulk,128,5,0,0.00,1.50,779.00,723.28,228.61,80.02,414.65,2.00,1502.28,859.02,2.12,185.00,257.00,1.10,42934168,2026-09-23T03:39:27Z
A,orig,leaf_freq_K10,pread,128,5,0,0.00,100.00,579.64,1131.90,235.04,896.86,,,1711.54,1476.50,2.12,191.00,263.00,1.10,42931304,2026-09-23T03:39:27Z
A,orig,leaf_freq_K10,async,128,5,0,0.00,100.00,575.98,305.49,229.70,75.78,,,881.47,651.76,2.13,191.00,263.00,1.10,42932008,2026-09-23T03:39:28Z
A,orig,leaf_freq_K10,async_win,128,5,0,0.00,100.00,576.88,305.58,228.30,15.32,61.97,10.00,882.46,592.20,2.11,191.00,263.00,1.10,42930484,2026-09-23T03:39:28Z
A,orig,leaf_freq_K10,async_bulk,128,5,0,0.00,100.00,574.86,306.53,229.44,15.20,61.89,10.00,881.39,590.06,2.12,191.00,263.00,1.10,42930812,2026-09-23T03:39:28Z
A,orig,leaf_rand_K10,pread,128,5,0,0.00,100.00,906.57,1150.72,227.54,923.19,,,2057.29,1829.76,2.10,188.00,257.00,1.09,42930720,2026-09-23T03:39:29Z
A,orig,leaf_rand_K10,async,128,5,0,0.00,100.00,875.82,303.94,228.74,75.20,,,1179.76,951.02,2.11,188.00,257.00,1.09,42930732,2026-09-23T03:39:29Z
A,orig,leaf_rand_K10,async_win,128,5,0,0.00,100.00,876.18,306.46,229.10,15.55,61.81,10.00,1182.64,891.73,2.13,188.00,257.00,1.09,42931216,2026-09-23T03:39:29Z
A,orig,leaf_rand_K10,async_bulk,128,5,0,0.00,100.00,874.82,307.94,229.39,16.47,62.08,10.00,1182.76,891.29,2.13,188.00,257.00,1.09,42931372,2026-09-23T03:39:30Z
A,orig,learned_markov_14,pread,128,5,0,0.00,100.00,477.34,1508.17,229.14,1279.03,,,1985.51,1756.37,2.08,185.00,267.00,1.09,42931532,2026-09-23T03:39:30Z
A,orig,learned_markov_14,async,128,5,0,0.00,100.00,477.29,311.59,228.63,82.96,,,788.88,560.25,2.12,185.00,267.00,1.09,42931656,2026-09-23T03:39:30Z
A,orig,learned_markov_14,async_win,128,5,0,0.00,100.00,483.28,314.46,233.17,18.77,62.53,13.00,797.74,502.05,2.14,185.00,266.00,1.09,42932348,2026-09-23T03:39:31Z
A,orig,learned_markov_14,async_bulk,128,5,0,0.00,100.00,476.39,311.00,229.10,19.94,61.96,13.00,787.39,496.33,2.13,185.00,266.00,1.09,42933844,2026-09-23T03:39:31Z
A,orig,learned_markov_28,pread,128,5,0,0.00,100.00,477.95,2729.75,229.63,2500.12,,,3207.70,2978.07,2.15,185.00,269.00,1.09,42935276,2026-09-23T03:39:31Z
A,orig,learned_markov_28,async,128,5,0,0.00,100.00,475.92,337.96,240.02,97.94,,,813.88,573.86,2.13,185.00,269.00,1.09,42936636,2026-09-23T03:39:32Z
A,orig,learned_markov_28,async_win,128,5,0,0.00,100.00,474.36,329.44,230.23,35.66,63.55,26.00,803.80,510.02,2.14,185.00,269.00,1.09,42937344,2026-09-23T03:39:32Z
A,orig,learned_markov_28,async_bulk,128,5,0,0.00,100.00,477.28,326.09,227.74,35.50,62.86,26.00,803.37,512.78,2.12,185.00,269.00,1.09,42937188,2026-09-23T03:39:32Z
B,orig,layers_5,pread,128,5,0,0.00,100.00,848.47,671.38,226.79,444.60,,,1519.85,1293.07,2.20,190.00,266.00,1.09,42934548,2026-09-23T03:39:32Z
B,orig,layers_5,async,128,5,0,0.00,100.00,911.44,293.61,227.18,66.44,,,1205.05,977.88,2.19,190.00,265.00,1.09,42943364,2026-09-23T03:39:33Z
B,orig,layers_5,async_win,128,5,0,0.00,100.00,970.72,298.74,228.99,8.40,61.35,2.00,1269.46,979.12,2.18,190.00,265.00,1.09,42943736,2026-09-23T03:39:33Z
B,orig,layers_5,async_bulk,128,5,0,0.00,100.00,954.38,298.89,229.23,7.77,61.89,2.00,1253.27,962.15,2.20,190.00,265.00,1.09,42946368,2026-09-23T03:39:33Z
B,orig,layers_92,pread,128,5,0,0.00,100.00,480.96,8256.35,226.03,8030.33,,,8737.31,8511.29,2.17,187.00,279.00,1.09,42946724,2026-09-23T03:39:34Z
B,orig,layers_92,async,128,5,0,0.00,100.00,482.87,418.20,227.39,190.81,,,901.07,673.68,2.16,187.00,276.00,1.09,42946256,2026-09-23T03:39:34Z
B,orig,layers_92,async_win,128,5,0,0.00,100.00,581.19,408.16,230.66,109.96,67.54,87.00,989.35,691.15,2.19,187.00,276.00,1.09,42948288,2026-09-23T03:39:34Z
B,orig,layers_92,async_bulk,128,5,0,0.00,100.00,475.94,402.58,227.65,109.63,65.30,87.00,878.52,585.57,2.13,187.00,276.00,1.09,42948716,2026-09-23T03:39:35Z
B,orig,2d,pread,128,5,0,0.00,100.00,578.06,1940.90,230.34,1710.56,,,2518.96,2288.62,2.18,187.00,279.00,1.09,42948488,2026-09-23T03:39:35Z
B,orig,2d,async,128,5,0,0.00,100.00,549.18,315.87,230.29,85.58,,,865.05,634.76,2.19,187.00,276.00,1.09,42949288,2026-09-23T03:39:35Z
B,orig,2d,async_win,128,5,0,0.00,100.00,513.62,313.22,228.90,22.03,62.29,13.00,826.84,535.65,2.15,187.00,276.00,1.09,42949848,2026-09-23T03:39:36Z
B,orig,2d,async_bulk,128,5,0,0.00,100.00,509.57,310.20,227.16,20.56,62.49,13.00,819.77,530.13,2.15,187.00,276.00,1.09,42950156,2026-09-23T03:39:36Z
B,orig,2e_K10,pread,128,5,0,0.00,100.00,547.09,2769.20,228.46,2540.74,,,3316.29,3087.83,2.24,187.00,281.00,1.09,42951828,2026-09-23T03:39:36Z
B,orig,2e_K10,async,128,5,0,0.00,100.00,583.23,328.68,230.11,98.57,,,911.91,681.80,2.21,187.00,278.00,1.09,42953840,2026-09-23T03:39:37Z
B,orig,2e_K10,async_win,128,5,0,0.00,100.00,583.63,327.46,230.79,33.59,63.08,23.00,911.09,617.22,2.18,187.00,278.00,1.09,42953596,2026-09-23T03:39:37Z
B,orig,2e_K10,async_bulk,128,5,0,0.00,100.00,512.73,327.04,228.62,35.29,63.13,23.00,839.77,548.02,2.17,187.00,278.00,1.09,42954396,2026-09-23T03:39:37Z
B,orig,2e_K500,pread,128,5,0,0.00,100.00,184.40,18146.08,228.49,17917.58,,,18330.48,18101.98,1.59,4.00,285.00,1.09,42954264,2026-09-23T03:39:38Z
B,orig,2e_K500,async,128,5,0,0.00,100.00,488.68,1080.21,227.98,852.23,,,1568.89,1340.91,2.15,184.00,332.00,1.09,42946528,2026-09-23T03:39:38Z
B,orig,2e_K500,async_win,128,5,0,0.00,100.00,487.63,982.51,230.07,661.88,90.56,449.00,1470.14,1149.51,2.13,184.00,336.00,1.09,42947684,2026-09-23T03:39:38Z
B,orig,2e_K500,async_bulk,128,5,0,0.00,100.00,494.63,1001.88,229.71,679.86,92.31,449.00,1496.51,1174.49,2.14,184.00,335.00,1.09,42948740,2026-09-23T03:39:38Z
B,orig,2f_top14,pread,128,5,0,0.00,100.00,548.16,1437.09,228.05,1209.04,,,1985.25,1757.20,2.18,187.00,276.00,1.08,42948880,2026-09-23T03:39:39Z
B,orig,2f_top14,async,128,5,0,0.00,100.00,576.78,310.45,230.30,80.15,,,887.23,656.93,2.19,187.00,276.00,1.08,42948944,2026-09-23T03:39:39Z
B,orig,2f_top14,async_win,128,5,0,0.00,100.00,551.67,310.09,228.27,19.55,62.28,13.00,861.76,571.22,2.18,187.00,276.00,1.08,42952452,2026-09-23T03:39:39Z
B,orig,2f_top14,async_bulk,128,5,0,0.00,100.00,581.89,316.27,233.08,20.58,62.62,13.00,898.16,602.47,2.18,187.00,276.00,1.08,42952960,2026-09-23T03:39:40Z
B,orig,2f_top28,pread,128,5,0,0.00,100.00,589.96,2655.28,229.76,2425.52,,,3245.24,3015.48,2.19,187.00,279.00,1.08,42952780,2026-09-23T03:39:40Z
B,orig,2f_top28,async,128,5,0,0.00,100.00,514.28,325.02,228.16,96.86,,,839.30,611.14,2.13,187.00,279.00,1.08,42954260,2026-09-23T03:39:40Z
B,orig,2f_top28,async_win,128,5,0,0.00,100.00,577.77,325.03,227.32,35.40,62.32,27.00,902.80,613.17,2.16,187.00,279.00,1.08,42954052,2026-09-23T03:39:41Z
B,orig,2f_top28,async_bulk,128,5,0,0.00,100.00,551.92,328.49,229.37,35.73,63.39,27.00,880.41,587.65,2.19,187.00,279.00,1.08,42968572,2026-09-23T03:39:41Z
B,orig,2f_top100,pread,128,5,0,0.00,100.00,553.37,9058.52,229.33,8829.19,,,9611.89,9382.56,2.18,183.00,290.00,1.08,42969620,2026-09-23T03:39:41Z
B,orig,2f_top100,async,128,5,0,0.00,100.00,578.36,421.10,229.19,191.91,,,999.46,770.27,2.17,183.00,289.00,1.08,42969420,2026-09-23T03:39:42Z
B,orig,2f_top100,async_win,128,5,0,0.00,100.00,516.45,414.18,226.69,120.91,66.59,98.00,930.63,637.36,2.16,183.00,289.00,1.08,42971436,2026-09-23T03:39:42Z
B,orig,2f_top100,async_bulk,128,5,0,0.00,100.00,547.90,422.62,230.19,126.53,65.90,98.00,970.52,674.43,2.18,183.00,290.00,1.08,42971452,2026-09-23T03:39:42Z
B,orig,2f_top500,pread,128,5,0,0.00,100.00,183.17,18672.54,228.64,18443.90,,,18855.71,18627.07,1.60,3.00,286.00,1.08,42971848,2026-09-23T03:39:43Z
B,orig,2f_top500,async,128,5,0,0.00,100.00,492.30,1085.87,229.70,856.17,,,1578.17,1348.47,2.15,184.00,334.00,1.08,42973208,2026-09-23T03:39:43Z
B,orig,2f_top500,async_win,128,5,0,0.00,100.00,483.98,1010.77,227.04,656.10,127.63,439.00,1494.75,1140.08,2.14,184.00,333.00,1.08,42960756,2026-09-23T03:39:43Z
B,orig,2f_top500,async_bulk,128,5,0,0.00,100.00,480.02,1032.95,230.33,672.89,129.72,439.00,1512.97,1152.91,2.16,184.00,332.00,1.08,42971912,2026-09-23T03:39:44Z
B,orig,2f_slru,pread,128,5,0,0.00,100.00,91.97,18655.14,229.88,18425.26,,,18747.11,18517.23,1.58,0.00,278.00,1.07,42972056,2026-09-23T03:39:44Z
B,orig,2f_slru,async,128,5,0,0.00,100.00,95.63,7276.70,229.88,7046.82,,,7372.33,7142.45,1.59,0.00,278.00,1.07,42968604,2026-09-23T03:39:44Z
B,orig,2f_slru,async_win,128,5,0,0.00,77.20,99.04,2526.93,228.16,1905.96,392.81,138.00,2625.97,2005.00,1.62,0.00,278.00,1.07,42970408,2026-09-23T03:39:44Z
B,orig,2f_slru,async_bulk,128,5,0,0.00,1.50,892.49,702.21,227.42,82.63,392.17,2.00,1594.70,975.12,2.16,187.00,264.00,1.07,42974348,2026-09-23T03:39:45Z
B,orig,leaf_freq_K10,pread,128,5,0,0.00,100.00,966.18,1094.25,229.25,865.00,,,2060.43,1831.18,2.20,188.00,267.00,1.07,42975220,2026-09-23T03:39:45Z
B,orig,leaf_freq_K10,async,128,5,0,0.00,100.00,994.86,303.79,229.31,74.48,,,1298.65,1069.34,2.20,188.00,267.00,1.07,42977696,2026-09-23T03:39:45Z
B,orig,leaf_freq_K10,async_win,128,5,0,0.00,100.00,963.10,303.79,228.56,13.94,61.30,10.00,1266.89,977.04,2.20,188.00,267.00,1.07,42978532,2026-09-23T03:39:46Z
B,orig,leaf_freq_K10,async_bulk,128,5,0,0.00,100.00,822.29,305.50,228.55,16.03,60.92,10.00,1127.79,838.32,2.12,188.00,267.00,1.07,42977912,2026-09-23T03:39:46Z
B,orig,leaf_rand_K10,pread,128,5,0,0.00,100.00,887.37,1149.39,228.99,920.40,,,2036.76,1807.77,2.16,188.00,266.00,1.07,42966488,2026-09-23T03:39:46Z
B,orig,leaf_rand_K10,async,128,5,0,0.00,100.00,990.62,302.65,226.73,75.92,,,1293.27,1066.54,2.17,188.00,266.00,1.07,42967632,2026-09-23T03:39:47Z
B,orig,leaf_rand_K10,async_win,128,5,0,0.00,100.00,989.49,304.89,229.12,14.72,61.05,10.00,1294.38,1004.21,2.18,188.00,266.00,1.07,42967580,2026-09-23T03:39:47Z
B,orig,leaf_rand_K10,async_bulk,128,5,0,0.00,100.00,971.51,305.49,229.07,14.83,61.59,10.00,1277.00,986.34,2.20,188.00,266.00,1.07,42968068,2026-09-23T03:39:47Z
B,orig,learned_markov_14,pread,128,5,0,0.00,100.00,517.13,1473.94,228.07,1245.87,,,1991.07,1763.00,2.18,187.00,275.00,1.07,42968924,2026-09-23T03:39:47Z
B,orig,learned_markov_14,async,128,5,0,0.00,100.00,545.84,308.22,228.04,80.18,,,854.06,626.02,2.17,187.00,275.00,1.07,42969064,2026-09-23T03:39:48Z
B,orig,learned_markov_14,async_win,128,5,0,0.00,100.00,583.83,310.38,230.53,18.48,61.37,13.00,894.21,602.31,2.19,187.00,275.00,1.07,42968976,2026-09-23T03:39:48Z
B,orig,learned_markov_14,async_bulk,128,5,0,0.00,100.00,523.68,308.09,228.36,18.48,61.24,13.00,831.77,542.16,2.20,187.00,275.00,1.07,42945424,2026-09-23T03:39:48Z
B,orig,learned_markov_28,pread,128,5,0,0.00,100.00,479.33,2558.10,228.39,2329.71,,,3037.43,2809.04,2.14,186.00,278.00,1.07,42953864,2026-09-23T03:39:49Z
B,orig,learned_markov_28,async,128,5,0,0.00,100.00,553.02,326.85,229.71,97.14,,,879.87,650.16,2.20,186.00,279.00,1.07,42953780,2026-09-23T03:39:49Z
B,orig,learned_markov_28,async_win,128,5,0,0.00,100.00,547.47,325.39,228.83,34.62,61.94,27.00,872.86,582.09,2.21,186.00,279.00,1.07,42954520,2026-09-23T03:39:49Z
B,orig,learned_markov_28,async_bulk,128,5,0,0.00,100.00,584.67,325.07,229.65,33.43,61.99,27.00,909.74,618.10,2.20,186.00,279.00,1.07,42954576,2026-09-23T03:39:50Z
C,orig,layers_5,pread,128,5,0,0.00,100.00,936.69,661.08,227.02,434.07,,,1597.77,1370.76,1.59,19.00,32.00,1.07,42954628,2026-09-23T03:39:50Z
C,orig,layers_5,async,128,5,0,0.00,100.00,967.32,297.35,228.17,69.18,,,1264.67,1036.50,1.59,19.00,32.00,1.07,42955500,2026-09-23T03:39:50Z
C,orig,layers_5,async_win,128,5,0,0.00,100.00,1030.49,297.74,229.11,7.49,61.13,2.00,1328.23,1037.98,1.61,19.00,32.00,1.07,42957704,2026-09-23T03:39:50Z
C,orig,layers_5,async_bulk,128,5,0,0.00,100.00,1029.62,295.13,226.56,7.46,61.12,2.00,1324.75,1037.08,1.57,19.00,32.00,1.07,42957616,2026-09-23T03:39:51Z
C,orig,layers_92,pread,128,5,0,0.00,100.00,590.09,8149.10,225.69,7923.41,,,8739.19,8513.50,1.57,19.00,35.00,1.07,42956920,2026-09-23T03:39:51Z
C,orig,layers_92,async,128,5,0,0.00,100.00,654.11,421.62,225.42,196.20,,,1075.73,850.31,1.58,19.00,35.00,1.07,42958452,2026-09-23T03:39:51Z
C,orig,layers_92,async_win,128,5,0,0.00,100.00,649.14,410.78,227.22,118.81,64.75,87.00,1059.92,767.95,1.57,19.00,35.00,1.07,42956944,2026-09-23T03:39:52Z
C,orig,layers_92,async_bulk,128,5,0,0.00,100.00,649.42,418.00,225.14,128.44,64.41,87.00,1067.42,777.86,1.60,19.00,35.00,1.07,42958888,2026-09-23T03:39:52Z
C,orig,2d,pread,128,5,0,0.00,100.00,649.65,591.97,235.00,356.97,,,1241.62,1006.62,1.59,19.00,35.00,1.07,42957832,2026-09-23T03:39:52Z
C,orig,2d,async,128,5,0,0.00,100.00,653.41,294.37,227.53,66.85,,,947.78,720.26,1.59,19.00,35.00,1.07,42958272,2026-09-23T03:39:52Z
C,orig,2d,async_win,128,5,0,0.00,100.00,555.96,291.84,224.56,7.05,60.22,2.00,847.80,563.01,1.58,19.00,35.00,1.07,42959172,2026-09-23T03:39:53Z
C,orig,2d,async_bulk,128,5,0,0.00,100.00,586.05,292.50,225.78,6.39,60.32,2.00,878.55,592.44,1.57,19.00,35.00,1.07,42959564,2026-09-23T03:39:53Z
C,orig,2e_K10,pread,128,5,0,0.00,100.00,662.83,1436.23,225.38,1210.85,,,2099.06,1873.68,1.57,18.00,38.00,1.07,42957972,2026-09-23T03:39:53Z
C,orig,2e_K10,async,128,5,0,0.00,100.00,501.12,305.85,226.55,79.30,,,806.97,580.42,1.58,19.00,36.00,1.07,42959232,2026-09-23T03:39:53Z
C,orig,2e_K10,async_win,128,5,0,0.00,100.00,650.98,301.86,225.62,14.74,61.50,8.00,952.84,665.72,1.60,19.00,36.00,1.07,42959556,2026-09-23T03:39:54Z
C,orig,2e_K10,async_bulk,128,5,0,0.00,100.00,652.96,304.12,226.40,15.49,62.24,8.00,957.08,668.45,1.58,19.00,36.00,1.14,42952800,2026-09-23T03:39:54Z
C,orig,2e_K500,pread,128,5,0,0.00,100.00,173.85,2390.47,226.93,2163.55,,,2564.32,2337.40,1.53,0.00,37.00,1.14,42952448,2026-09-23T03:39:54Z
C,orig,2e_K500,async,128,5,0,0.00,64.50,174.67,672.21,226.32,445.89,,,846.88,620.56,1.51,0.00,37.00,1.14,42954160,2026-09-23T03:39:54Z
C,orig,2e_K500,async_win,128,5,0,0.00,45.90,175.57,524.97,227.15,216.97,80.85,90.00,700.54,392.54,1.52,0.00,37.00,1.14,42955024,2026-09-23T03:39:55Z
C,orig,2e_K500,async_bulk,128,5,0,0.00,44.10,175.02,529.60,225.29,223.00,81.30,90.00,704.62,398.02,1.53,0.00,37.00,1.14,42954416,2026-09-23T03:39:55Z
C,orig,2f_top14,pread,128,5,0,0.00,100.00,625.81,1318.62,234.25,1084.37,,,1944.43,1710.18,1.60,17.00,38.00,1.14,42954276,2026-09-23T03:39:55Z
C,orig,2f_top14,async,128,5,0,0.00,92.90,1633.95,1760.99,1224.19,536.80,,,3394.94,2170.75,1.64,18.00,37.00,1.14,42955392,2026-09-23T03:39:55Z
C,orig,2f_top14,async_win,128,5,0,0.00,28.60,1263.28,773.21,418.25,16.35,338.62,9.00,2036.49,1279.63,1.65,18.00,37.00,1.14,42954980,2026-09-23T03:39:56Z
C,orig,2f_top14,async_bulk,128,5,0,0.00,100.00,622.72,306.12,226.98,18.17,60.98,9.00,928.84,640.89,1.58,18.00,37.00,1.14,42955156,2026-09-23T03:39:56Z
C,orig,2f_top28,pread,128,5,0,0.00,100.00,591.09,1200.20,196.49,1003.71,,,1791.29,1594.80,1.56,16.00,37.00,1.14,42957196,2026-09-23T03:39:56Z
C,orig,2f_top28,async,128,5,0,0.00,100.00,656.08,287.30,192.28,95.02,,,943.38,751.10,1.57,17.00,38.00,1.14,42956712,2026-09-23T03:39:56Z
C,orig,2f_top28,async_win,128,5,0,0.00,100.00,562.25,282.16,193.62,26.99,61.55,13.00,844.41,589.24,1.58,17.00,38.00,1.14,42956852,2026-09-23T03:39:57Z
C,orig,2f_top28,async_bulk,128,5,0,0.00,100.00,597.60,282.84,194.77,26.24,61.84,13.00,880.44,623.84,1.56,17.00,38.00,1.14,42956540,2026-09-23T03:39:57Z
C,orig,2f_top100,pread,128,5,0,0.00,100.00,589.54,1349.54,220.66,1128.88,,,1939.08,1718.42,1.56,11.00,35.00,1.14,42956796,2026-09-23T03:39:57Z
C,orig,2f_top100,async,128,5,0,0.00,100.00,648.41,402.39,223.75,178.64,,,1050.80,827.05,1.56,13.00,35.00,1.14,42957216,2026-09-23T03:39:57Z
C,orig,2f_top100,async_win,128,5,0,0.00,100.00,521.70,363.12,225.03,73.10,64.99,32.00,884.82,594.80,1.56,13.00,35.00,1.14,42957356,2026-09-23T03:39:58Z
C,orig,2f_top100,async_bulk,128,5,0,0.00,100.00,521.43,357.13,222.43,69.52,65.18,32.00,878.56,590.95,1.56,13.00,35.00,1.14,42958444,2026-09-23T03:39:58Z
C,orig,2f_top500,pread,128,5,0,0.00,100.00,87.80,2892.70,223.27,2669.43,,,2980.50,2757.23,1.50,0.00,37.00,1.14,42958468,2026-09-23T03:39:58Z
C,orig,2f_top500,async,128,5,0,0.00,100.00,89.49,955.23,223.38,731.85,,,1044.72,821.34,1.51,0.00,37.00,1.14,42959624,2026-09-23T03:39:58Z
C,orig,2f_top500,async_win,128,5,0,0.00,100.00,119.07,537.68,220.53,224.52,92.62,15.00,656.75,343.59,1.51,0.00,37.00,1.13,42959988,2026-09-23T03:39:59Z
C,orig,2f_top500,async_bulk,128,5,0,0.00,13.60,943.35,351.33,223.21,39.01,89.11,2.00,1294.68,982.36,1.58,18.00,34.00,1.13,42940340,2026-09-23T03:39:59Z
C,orig,2f_slru,pread,128,5,0,0.00,100.00,91.37,2866.07,231.79,2634.28,,,2957.44,2725.65,1.51,0.00,37.00,1.13,42950840,2026-09-23T03:39:59Z
C,orig,2f_slru,async,128,5,0,0.00,100.00,89.93,988.12,219.38,768.74,,,1078.05,858.67,1.51,0.00,37.00,1.13,42950500,2026-09-23T03:39:59Z
C,orig,2f_slru,async_win,128,5,0,0.00,100.00,87.64,573.76,222.93,224.98,125.85,15.00,661.40,312.62,1.54,0.00,37.00,1.13,42951192,2026-09-23T03:40:00Z
C,orig,2f_slru,async_bulk,128,5,0,0.00,13.60,812.04,383.84,222.18,37.38,124.28,2.00,1195.88,849.42,1.56,18.00,34.00,1.13,42951292,2026-09-23T03:40:00Z
C,orig,leaf_freq_K10,pread,128,5,0,0.00,100.00,1148.52,920.51,222.81,697.70,,,2069.03,1846.22,1.60,18.00,35.00,1.13,42951756,2026-09-23T03:40:00Z
C,orig,leaf_freq_K10,async,128,5,0,0.00,100.00,1121.20,296.35,222.42,73.93,,,1417.55,1195.13,1.61,19.00,33.00,1.13,42951176,2026-09-23T03:40:00Z
C,orig,leaf_freq_K10,async_win,128,5,0,0.00,100.00,1013.15,294.96,222.39,11.87,60.70,6.00,1308.11,1025.02,1.57,19.00,33.00,1.13,42950748,2026-09-23T03:40:01Z
C,orig,leaf_freq_K10,async_bulk,128,5,0,0.00,100.00,1044.99,293.83,222.44,11.82,59.57,6.00,1338.82,1056.81,1.60,19.00,33.00,1.13,42948996,2026-09-23T03:40:01Z
C,orig,leaf_rand_K10,pread,128,5,0,0.00,100.00,987.72,1144.08,227.47,916.61,,,2131.80,1904.33,1.58,19.00,32.00,1.13,42949112,2026-09-23T03:40:01Z
C,orig,leaf_rand_K10,async,128,5,0,0.00,100.00,1045.16,297.12,222.96,74.16,,,1342.28,1119.32,1.60,19.00,32.00,1.13,42950476,2026-09-23T03:40:01Z
C,orig,leaf_rand_K10,async_win,128,5,0,0.00,100.00,945.39,302.31,224.15,17.90,60.25,10.00,1247.70,963.29,1.58,19.00,32.00,1.13,42950676,2026-09-23T03:40:02Z
C,orig,leaf_rand_K10,async_bulk,128,5,0,0.00,100.00,1045.01,295.81,221.10,14.27,60.44,10.00,1340.82,1059.28,1.58,19.00,32.00,1.13,42950708,2026-09-23T03:40:02Z
C,orig,learned_markov_14,pread,128,5,0,0.00,100.00,522.76,1293.41,222.72,1070.69,,,1816.17,1593.45,1.58,17.00,38.00,1.13,42951580,2026-09-23T03:40:02Z
C,orig,learned_markov_14,async,128,5,0,0.00,100.00,532.53,301.54,224.70,76.83,,,834.07,609.36,1.59,18.00,37.00,1.13,42952376,2026-09-23T03:40:03Z
C,orig,learned_markov_14,async_win,128,5,0,0.00,100.00,652.76,301.07,223.48,16.88,60.70,9.00,953.83,669.64,1.58,18.00,37.00,1.13,42953004,2026-09-23T03:40:03Z
C,orig,learned_markov_14,async_bulk,128,5,0,0.00,100.00,584.20,301.44,223.65,17.20,60.58,9.00,885.64,601.40,1.59,18.00,37.00,1.13,42952744,2026-09-23T03:40:03Z
C,orig,learned_markov_28,pread,128,5,0,0.00,100.00,650.24,1291.10,223.57,1067.53,,,1941.34,1717.77,1.57,16.00,37.00,1.13,42953596,2026-09-23T03:40:03Z
C,orig,learned_markov_28,async,128,5,0,0.00,100.00,656.63,323.31,223.25,100.06,,,979.94,756.69,1.58,17.00,38.00,1.13,42955168,2026-09-23T03:40:04Z
C,orig,learned_markov_28,async_win,128,5,0,0.00,100.00,538.56,313.52,225.08,26.63,61.81,13.00,852.08,565.19,1.58,17.00,38.00,1.12,42955316,2026-09-23T03:40:04Z
C,orig,learned_markov_28,async_bulk,128,5,0,0.00,100.00,537.03,310.17,221.47,26.93,61.78,13.00,847.20,563.96,1.57,17.00,38.00,1.12,42956060,2026-09-23T03:40:04Z
C_hit,orig,layers_5,pread,128,5,0,0.00,100.00,969.69,660.29,221.24,439.06,,,1629.98,1408.75,1.66,39.00,60.00,1.12,42958772,2026-09-23T03:40:04Z
C_hit,orig,layers_5,async,128,5,0,0.00,100.00,970.35,289.98,222.36,67.62,,,1260.33,1037.97,1.67,39.00,60.00,1.12,42959244,2026-09-23T03:40:05Z
C_hit,orig,layers_5,async_win,128,5,0,0.00,100.00,999.75,291.56,223.65,7.26,60.64,2.00,1291.31,1007.01,1.66,39.00,60.00,1.12,42958892,2026-09-23T03:40:05Z
C_hit,orig,layers_5,async_bulk,128,5,0,0.00,100.00,1034.10,290.48,221.72,7.72,61.03,2.00,1324.58,1041.82,1.69,39.00,60.00,1.12,42958712,2026-09-23T03:40:05Z
C_hit,orig,layers_92,pread,128,5,0,0.00,100.00,658.20,8192.79,221.87,7970.93,,,8850.99,8629.13,1.66,39.00,61.00,1.12,42960392,2026-09-23T03:40:05Z
C_hit,orig,layers_92,async,128,5,0,0.00,100.00,523.83,414.14,221.02,193.12,,,937.97,716.95,1.63,39.00,61.00,1.12,42960548,2026-09-23T03:40:06Z
C_hit,orig,layers_92,async_win,128,5,0,0.00,100.00,655.26,396.50,223.44,108.80,64.26,87.00,1051.76,764.06,1.65,39.00,61.00,1.12,42961408,2026-09-23T03:40:06Z
C_hit,orig,layers_92,async_bulk,128,5,0,0.00,100.00,655.72,392.34,221.04,106.61,64.68,87.00,1048.06,762.33,1.67,39.00,61.00,1.12,42959652,2026-09-23T03:40:06Z
C_hit,orig,2d,pread,128,5,0,0.00,100.00,654.96,658.90,228.76,430.14,,,1313.86,1085.10,1.66,39.00,61.00,1.12,42948612,2026-09-23T03:40:06Z
C_hit,orig,2d,async,128,5,0,0.00,100.00,658.60,295.08,226.19,68.90,,,953.68,727.50,1.66,39.00,61.00,1.12,42946060,2026-09-23T03:40:07Z
C_hit,orig,2d,async_win,128,5,0,0.00,100.00,624.98,291.76,223.74,7.63,60.38,3.00,916.74,632.61,1.65,39.00,61.00,1.12,42945672,2026-09-23T03:40:07Z
C_hit,orig,2d,async_bulk,128,5,0,0.00,100.00,625.23,291.02,223.32,7.57,60.12,3.00,916.25,632.80,1.68,39.00,61.00,1.12,42946936,2026-09-23T03:40:07Z
C_hit,orig,2e_K10,pread,128,5,0,0.00,100.00,656.96,1200.64,222.79,977.85,,,1857.60,1634.81,1.64,38.00,62.00,1.12,42946844,2026-09-23T03:40:07Z
C_hit,orig,2e_K10,async,128,5,0,0.00,100.00,527.14,303.77,225.36,78.41,,,830.91,605.55,1.65,39.00,62.00,1.12,42948340,2026-09-23T03:40:08Z
C_hit,orig,2e_K10,async_win,128,5,0,0.00,100.00,626.97,306.67,229.44,15.31,61.92,6.00,933.64,642.28,1.65,39.00,62.00,1.12,42947352,2026-09-23T03:40:08Z
C_hit,orig,2e_K10,async_bulk,128,5,0,0.00,100.00,627.03,301.28,224.34,15.47,61.47,6.00,928.31,642.50,1.66,39.00,62.00,1.12,42949644,2026-09-23T03:40:08Z
C_hit,orig,2e_K500,pread,128,5,0,0.00,100.00,175.58,3395.20,223.49,3171.71,,,3570.78,3347.29,1.57,9.00,64.00,1.12,42949216,2026-09-23T03:40:09Z
C_hit,orig,2e_K500,async,128,5,0,0.00,45.50,175.13,869.49,222.40,647.09,,,1044.62,822.22,1.57,12.00,62.00,1.11,42949972,2026-09-23T03:40:09Z
C_hit,orig,2e_K500,async_win,128,5,0,0.00,100.00,175.69,650.87,221.87,337.38,91.63,139.00,826.56,513.07,1.58,12.00,62.00,1.11,42951180,2026-09-23T03:40:09Z
C_hit,orig,2e_K500,async_bulk,128,5,0,0.00,31.70,177.93,655.37,221.64,341.56,92.17,139.00,833.30,519.49,1.58,12.00,62.00,1.11,42952408,2026-09-23T03:40:09Z
C_hit,orig,2f_top14,pread,128,5,0,0.00,100.00,601.64,1114.85,222.56,892.29,,,1716.49,1493.93,1.67,38.00,62.00,1.11,42953040,2026-09-23T03:40:10Z
C_hit,orig,2f_top14,async,128,5,0,0.00,100.00,535.24,300.62,221.45,79.17,,,835.86,614.41,1.69,39.00,62.00,1.11,42947084,2026-09-23T03:40:10Z
C_hit,orig,2f_top14,async_win,128,5,0,0.00,100.00,627.04,300.75,224.17,15.44,61.13,6.00,927.79,642.48,1.66,39.00,62.00,1.11,42948244,2026-09-23T03:40:10Z
C_hit,orig,2f_top14,async_bulk,128,5,0,0.00,100.00,653.09,298.20,221.68,14.83,61.70,6.00,951.29,667.92,1.67,39.00,62.00,1.11,42950668,2026-09-23T03:40:10Z
C_hit,orig,2f_top28,pread,128,5,0,0.00,100.00,588.83,1099.67,222.06,877.61,,,1688.50,1466.44,1.64,36.00,62.00,1.11,42951036,2026-09-23T03:40:11Z
C_hit,orig,2f_top28,async,128,5,0,0.00,100.00,626.40,317.23,222.62,94.61,,,943.63,721.01,1.64,38.00,62.00,1.11,42951108,2026-09-23T03:40:11Z
C_hit,orig,2f_top28,async_win,128,5,0,0.00,100.00,627.39,308.04,223.21,22.74,62.09,8.00,935.43,650.13,1.66,38.00,62.00,1.11,42951324,2026-09-23T03:40:11Z
C_hit,orig,2f_top28,async_bulk,128,5,0,0.00,100.00,533.96,303.68,219.80,22.66,61.22,8.00,837.64,556.62,1.66,38.00,62.00,1.11,42952332,2026-09-23T03:40:11Z
C_hit,orig,2f_top100,pread,128,5,0,0.00,100.00,626.93,1383.97,223.86,1160.11,,,2010.90,1787.04,1.64,31.00,64.00,1.11,42953148,2026-09-23T03:40:12Z
C_hit,orig,2f_top100,async,128,5,0,0.00,100.00,590.84,399.62,222.00,177.62,,,990.46,768.46,1.64,33.00,64.00,1.11,42953200,2026-09-23T03:40:12Z
C_hit,orig,2f_top100,async_win,128,5,0,0.00,100.00,626.32,362.14,225.59,71.14,65.41,28.00,988.46,697.46,1.64,33.00,64.00,1.11,42953880,2026-09-23T03:40:12Z
C_hit,orig,2f_top100,async_bulk,128,5,0,0.00,100.00,658.82,354.65,221.71,67.38,65.56,28.00,1013.47,726.20,1.65,33.00,64.00,1.11,42954192,2026-09-23T03:40:12Z
C_hit,orig,2f_top500,pread,128,5,0,0.00,100.00,175.22,3282.05,224.34,3057.71,,,3457.27,3232.93,1.56,9.00,64.00,1.11,42954436,2026-09-23T03:40:13Z
C_hit,orig,2f_top500,async,128,5,0,0.00,44.60,178.28,889.14,223.09,666.05,,,1067.42,844.33,1.57,12.00,63.00,1.11,42952500,2026-09-23T03:40:13Z
C_hit,orig,2f_top500,async_win,128,5,0,0.00,100.00,177.67,652.32,221.56,337.42,93.34,138.00,829.99,515.09,1.57,12.00,63.00,1.11,42954164,2026-09-23T03:40:13Z
C_hit,orig,2f_top500,async_bulk,128,5,0,0.00,29.20,178.34,644.31,223.72,329.93,90.66,138.00,822.65,508.27,1.59,12.00,63.00,1.11,42954884,2026-09-23T03:40:13Z
C_hit,orig,2f_slru,pread,128,5,0,0.00,100.00,87.84,4724.91,223.44,4501.47,,,4812.75,4589.31,1.52,0.00,62.00,1.10,42955772,2026-09-23T03:40:14Z
C_hit,orig,2f_slru,async,128,5,0,0.00,100.00,89.35,1566.34,220.54,1345.79,,,1655.69,1435.14,1.54,0.00,62.00,1.10,42955940,2026-09-23T03:40:14Z
C_hit,orig,2f_slru,async_win,128,5,0,0.00,100.00,89.07,766.10,223.84,416.03,126.23,29.00,855.17,505.10,1.55,0.00,62.00,1.10,42956776,2026-09-23T03:40:14Z
C_hit,orig,2f_slru,async_bulk,128,5,0,0.00,7.00,775.62,392.68,221.32,44.05,127.31,2.00,1168.30,819.67,1.66,38.00,59.00,1.10,42957396,2026-09-23T03:40:15Z
C_hit,orig,leaf_freq_K10,pread,128,5,0,0.00,100.00,617.01,807.72,221.18,586.54,,,1424.73,1203.55,1.65,38.00,60.00,1.10,42957308,2026-09-23T03:40:15Z
C_hit,orig,leaf_freq_K10,async,128,5,0,0.00,100.00,932.73,296.90,222.18,74.72,,,1229.63,1007.45,1.66,39.00,60.00,1.10,42953740,2026-09-23T03:40:15Z
C_hit,orig,leaf_freq_K10,async_win,128,5,0,0.00,100.00,919.05,295.72,223.33,10.22,62.17,3.00,1214.77,929.27,1.66,39.00,60.00,1.10,42953728,2026-09-23T03:40:15Z
C_hit,orig,leaf_freq_K10,async_bulk,128,5,0,0.00,100.00,946.85,293.82,222.78,9.91,61.13,3.00,1240.67,956.76,1.66,39.00,60.00,1.10,42955044,2026-09-23T03:40:16Z
C_hit,orig,leaf_rand_K10,pread,128,5,0,0.00,100.00,1041.66,1091.54,222.41,869.13,,,2133.20,1910.79,1.67,39.00,60.00,1.10,42955388,2026-09-23T03:40:16Z
C_hit,orig,leaf_rand_K10,async,128,5,0,0.00,100.00,1013.93,298.28,223.26,75.02,,,1312.21,1088.95,1.65,39.00,60.00,1.10,42955700,2026-09-23T03:40:16Z
C_hit,orig,leaf_rand_K10,async_win,128,5,0,0.00,100.00,866.54,295.53,220.93,13.64,60.97,10.00,1162.07,880.18,1.65,39.00,60.00,1.10,42956848,2026-09-23T03:40:16Z
C_hit,orig,leaf_rand_K10,async_bulk,128,5,0,0.00,100.00,1011.03,301.28,222.56,17.31,61.41,10.00,1312.31,1028.34,1.66,39.00,60.00,1.10,42957620,2026-09-23T03:40:17Z
C_hit,orig,learned_markov_14,pread,128,5,0,0.00,100.00,529.27,1095.35,223.46,871.89,,,1624.62,1401.16,1.66,38.00,62.00,1.10,42957644,2026-09-23T03:40:17Z
C_hit,orig,learned_markov_14,async,128,5,0,0.00,100.00,624.85,300.38,221.16,79.23,,,925.23,704.08,1.68,39.00,62.00,1.10,42956832,2026-09-23T03:40:17Z
C_hit,orig,learned_markov_14,async_win,128,5,0,0.00,100.00,658.64,300.51,222.93,16.60,60.98,6.00,959.15,675.24,1.66,39.00,62.00,1.10,42956996,2026-09-23T03:40:17Z
C_hit,orig,learned_markov_14,async_bulk,128,5,0,0.00,100.00,656.53,298.03,221.77,15.22,61.05,6.00,954.56,671.75,1.67,39.00,62.00,1.10,42957700,2026-09-23T03:40:18Z
C_hit,orig,learned_markov_28,pread,128,5,0,0.00,100.00,656.30,1124.79,225.44,899.34,,,1781.09,1555.64,1.66,36.00,62.00,1.10,42957256,2026-09-23T03:40:18Z
C_hit,orig,learned_markov_28,async,128,5,0,0.00,100.00,631.29,317.75,222.55,95.20,,,949.04,726.49,1.65,38.00,62.00,1.10,42958700,2026-09-23T03:40:18Z
C_hit,orig,learned_markov_28,async_win,128,5,0,0.00,100.00,553.03,309.08,222.67,24.52,61.90,8.00,862.11,577.55,1.64,38.00,62.00,1.10,42958700,2026-09-23T03:40:18Z
C_hit,orig,learned_markov_28,async_bulk,128,5,0,0.00,100.00,503.56,308.44,222.20,23.98,62.26,8.00,812.00,527.54,1.65,38.00,62.00,1.09,42959696,2026-09-23T03:40:19Z
A,orig,baseline,baseline,128,6,0,0.00,0.00,883.03,0.00,0.00,0.00,,,883.03,883.03,2.16,187.00,257.00,1.09,42957124,2026-09-23T03:40:19Z
B,orig,baseline,baseline,128,6,0,0.00,0.00,940.31,0.00,0.00,0.00,,,940.31,940.31,2.18,188.00,265.00,1.09,42957996,2026-09-23T03:40:19Z
C,orig,baseline,baseline,128,6,0,0.00,0.00,1034.39,0.00,0.00,0.00,,,1034.39,1034.39,1.58,19.00,32.00,1.09,42958840,2026-09-23T03:40:20Z
C_hit,orig,baseline,baseline,128,6,0,0.00,0.00,1028.47,0.00,0.00,0.00,,,1028.47,1028.47,1.65,39.00,60.00,1.09,42959892,2026-09-23T03:40:20Z
A,orig,layers_5,pread,128,6,0,0.00,100.00,807.77,637.51,194.92,442.59,,,1445.28,1250.36,2.09,186.00,259.00,1.09,42941036,2026-09-23T03:40:20Z
A,orig,layers_5,async,128,6,0,0.00,100.00,866.70,262.02,193.64,68.38,,,1128.72,935.08,2.09,186.00,259.00,1.09,42956460,2026-09-23T03:40:21Z
A,orig,layers_5,async_win,128,6,0,0.00,100.00,869.93,265.37,195.83,7.85,61.69,2.00,1135.30,877.78,2.09,186.00,259.00,1.09,42956088,2026-09-23T03:40:21Z
A,orig,layers_5,async_bulk,128,6,0,0.00,100.00,869.71,264.26,195.86,7.65,60.74,2.00,1133.97,877.36,2.12,186.00,259.00,1.09,42956292,2026-09-23T03:40:21Z
A,orig,layers_92,pread,128,6,0,0.00,100.00,476.20,8257.69,194.69,8063.01,,,8733.89,8539.21,2.09,185.00,265.00,1.09,42957216,2026-09-23T03:40:21Z
A,orig,layers_92,async,128,6,0,0.00,100.00,475.61,402.54,194.64,207.90,,,878.15,683.51,2.10,185.00,264.00,1.09,42976804,2026-09-23T03:40:22Z
A,orig,layers_92,async_win,128,6,0,0.00,100.00,479.97,378.83,200.76,111.87,66.20,87.00,858.80,591.84,2.13,185.00,265.00,1.09,42976220,2026-09-23T03:40:22Z
A,orig,layers_92,async_bulk,128,6,0,0.00,100.00,476.16,371.53,193.83,112.68,65.01,87.00,847.69,588.84,2.08,185.00,265.00,1.09,42977580,2026-09-23T03:40:22Z
A,orig,2d,pread,128,6,0,0.00,100.00,476.54,1960.31,227.47,1732.84,,,2436.85,2209.38,2.10,185.00,266.00,1.09,42977120,2026-09-23T03:40:23Z
A,orig,2d,async,128,6,0,0.00,100.00,476.99,316.42,228.99,87.42,,,793.41,564.41,2.12,185.00,264.00,1.09,42976608,2026-09-23T03:40:23Z
A,orig,2d,async_win,128,6,0,0.00,100.00,474.74,314.04,229.01,23.23,61.80,13.00,788.78,497.97,2.14,185.00,265.00,1.09,42977392,2026-09-23T03:40:23Z
A,orig,2d,async_bulk,128,6,0,0.00,100.00,475.80,314.02,230.36,22.14,61.52,13.00,789.82,497.94,2.12,185.00,265.00,1.09,42977352,2026-09-23T03:40:24Z
A,orig,2e_K10,pread,128,6,0,0.00,100.00,177.71,2724.71,227.34,2497.38,,,2902.42,2675.09,2.12,189.00,271.00,1.08,42977232,2026-09-23T03:40:24Z
A,orig,2e_K10,async,128,6,0,0.00,100.00,180.01,327.25,229.52,97.72,,,507.26,277.73,2.12,189.00,270.00,1.08,42977644,2026-09-23T03:40:24Z
A,orig,2e_K10,async_win,128,6,0,0.00,100.00,179.08,326.73,227.53,37.19,62.02,23.00,505.81,216.27,2.11,189.00,270.00,1.08,42978448,2026-09-23T03:40:25Z
A,orig,2e_K10,async_bulk,128,6,0,0.00,100.00,178.28,323.87,227.57,34.74,61.56,23.00,502.15,213.02,2.16,189.00,271.00,1.08,42978156,2026-09-23T03:40:25Z
A,orig,2e_K500,pread,128,6,0,0.00,100.00,180.30,19891.12,227.32,19663.80,,,20071.42,19844.10,1.68,52.00,319.00,1.08,42978044,2026-09-23T03:40:25Z
A,orig,2e_K500,async,128,6,0,0.00,19.50,182.90,897.79,230.17,667.62,,,1080.69,850.52,2.09,186.00,398.00,1.08,42977904,2026-09-23T03:40:25Z
A,orig,2e_K500,async_win,128,6,0,0.00,100.00,180.20,996.35,229.60,677.90,88.85,461.00,1176.55,858.10,2.07,186.00,394.00,1.08,42978296,2026-09-23T03:40:26Z
A,orig,2e_K500,async_bulk,128,6,0,0.00,100.00,179.99,995.87,227.75,677.57,90.55,461.00,1175.86,857.56,2.08,186.00,396.00,1.08,42977944,2026-09-23T03:40:26Z
A,orig,2f_top14,pread,128,6,0,0.00,100.00,478.48,1711.07,438.10,1272.96,,,2189.55,1751.44,2.14,187.00,266.00,1.08,42968920,2026-09-23T03:40:26Z
A,orig,2f_top14,async,128,6,0,0.00,100.00,476.61,311.60,231.32,80.27,,,788.21,556.88,2.13,187.00,266.00,1.08,42955392,2026-09-23T03:40:27Z
A,orig,2f_top14,async_win,128,6,0,0.00,100.00,476.55,311.83,229.12,20.83,61.88,13.00,788.38,497.38,2.08,187.00,265.00,1.08,42957696,2026-09-23T03:40:27Z
A,orig,2f_top14,async_bulk,128,6,0,0.00,100.00,480.47,312.83,230.75,20.89,61.19,13.00,793.30,501.36,2.11,187.00,266.00,1.08,42958460,2026-09-23T03:40:27Z
A,orig,2f_top28,pread,128,6,0,0.00,100.00,181.89,2691.77,227.89,2463.88,,,2873.66,2645.77,2.14,188.00,277.00,1.08,42958492,2026-09-23T03:40:28Z
A,orig,2f_top28,async,128,6,0,0.00,100.00,180.10,331.07,228.50,102.57,,,511.17,282.67,2.10,188.00,276.00,1.08,42958400,2026-09-23T03:40:28Z
A,orig,2f_top28,async_win,128,6,0,0.00,100.00,176.67,346.02,229.83,54.09,62.10,27.00,522.69,230.76,2.11,188.00,276.00,1.08,42958928,2026-09-23T03:40:28Z
A,orig,2f_top28,async_bulk,128,6,0,0.00,100.00,179.01,329.96,228.09,39.53,62.34,27.00,508.97,218.54,2.14,188.00,276.00,1.08,42960092,2026-09-23T03:40:29Z
A,orig,2f_top100,pread,128,6,0,0.00,100.00,181.09,9008.82,230.08,8778.73,,,9189.91,8959.82,2.11,188.00,315.00,1.08,42960484,2026-09-23T03:40:29Z
A,orig,2f_top100,async,128,6,0,0.00,100.00,179.38,428.83,227.62,201.21,,,608.21,380.59,2.11,188.00,314.00,1.08,42960532,2026-09-23T03:40:29Z
A,orig,2f_top100,async_win,128,6,0,0.00,100.00,184.03,423.10,231.34,125.71,66.04,97.00,607.13,309.74,2.13,188.00,314.00,1.08,42961812,2026-09-23T03:40:30Z
A,orig,2f_top100,async_bulk,128,6,0,0.00,100.00,177.94,417.44,226.76,125.66,65.03,97.00,595.38,303.60,2.07,188.00,314.00,1.08,42961872,2026-09-23T03:40:30Z
A,orig,2f_top500,pread,128,6,0,0.00,100.00,181.00,20107.44,228.51,19878.93,,,20288.44,20059.93,1.68,52.00,322.00,1.08,42961264,2026-09-23T03:40:30Z
A,orig,2f_top500,async,128,6,0,0.00,13.40,3410.14,895.10,228.13,666.97,,,4305.24,4077.11,2.10,186.00,403.00,1.08,42962216,2026-09-23T03:40:30Z
A,orig,2f_top500,async_win,128,6,0,0.00,100.00,182.32,979.21,228.26,661.28,89.67,449.00,1161.53,843.60,2.09,186.00,399.00,1.08,42963028,2026-09-23T03:40:31Z
A,orig,2f_top500,async_bulk,128,6,0,0.00,100.00,179.29,986.47,228.09,669.61,88.77,449.00,1165.76,848.90,2.07,186.00,401.00,1.08,42963412,2026-09-23T03:40:31Z
A,orig,2f_slru,pread,128,6,0,0.00,100.00,96.13,18575.41,227.93,18347.48,,,18671.54,18443.61,1.51,0.00,278.00,1.08,42964104,2026-09-23T03:40:31Z
A,orig,2f_slru,async,128,6,0,0.00,100.00,97.69,7352.11,232.81,7119.30,,,7449.80,7216.99,1.60,0.00,278.00,1.08,42934116,2026-09-23T03:40:32Z
A,orig,2f_slru,async_win,128,6,0,0.00,89.70,97.41,2694.01,230.37,2052.73,410.90,138.00,2791.42,2150.14,1.58,0.00,278.00,1.08,42935244,2026-09-23T03:40:32Z
A,orig,2f_slru,async_bulk,128,6,0,0.00,1.50,778.41,715.41,228.21,79.01,408.20,2.00,1493.82,857.42,2.10,185.00,257.00,1.08,42937492,2026-09-23T03:40:32Z
A,orig,leaf_freq_K10,pread,128,6,0,0.00,100.00,613.83,1122.10,227.54,894.56,,,1735.93,1508.39,2.13,191.00,263.00,1.08,42937696,2026-09-23T03:40:32Z
A,orig,leaf_freq_K10,async,128,6,0,0.00,100.00,578.86,307.20,229.23,77.97,,,886.06,656.83,2.12,191.00,263.00,1.08,42937540,2026-09-23T03:40:33Z
A,orig,leaf_freq_K10,async_win,128,6,0,0.00,100.00,578.87,307.79,229.96,16.43,61.40,10.00,886.66,595.30,2.12,191.00,263.00,1.08,42937348,2026-09-23T03:40:33Z
A,orig,leaf_freq_K10,async_bulk,128,6,0,0.00,100.00,577.91,310.63,230.13,18.25,62.25,10.00,888.54,596.16,2.15,191.00,263.00,1.08,42938540,2026-09-23T03:40:33Z
A,orig,leaf_rand_K10,pread,128,6,0,0.00,100.00,876.77,1124.75,228.15,896.61,,,2001.52,1773.38,2.11,188.00,257.00,1.07,42940864,2026-09-23T03:40:34Z
A,orig,leaf_rand_K10,async,128,6,0,0.00,100.00,904.45,308.42,228.72,79.70,,,1212.87,984.15,2.11,188.00,257.00,1.07,42940788,2026-09-23T03:40:34Z
A,orig,leaf_rand_K10,async_win,128,6,0,0.00,100.00,878.35,312.17,232.32,17.44,62.41,10.00,1190.52,895.79,2.12,188.00,257.00,1.07,42940660,2026-09-23T03:40:34Z
A,orig,leaf_rand_K10,async_bulk,128,6,0,0.00,100.00,811.15,305.34,229.03,14.88,61.44,10.00,1116.49,826.03,2.06,188.00,257.00,1.07,42941008,2026-09-23T03:40:35Z
A,orig,learned_markov_14,pread,128,6,0,0.00,100.00,472.30,1390.20,231.97,1158.24,,,1862.50,1630.54,2.09,185.00,266.00,1.07,42941112,2026-09-23T03:40:35Z
A,orig,learned_markov_14,async,128,6,0,0.00,100.00,478.49,310.73,228.24,82.50,,,789.22,560.99,2.14,185.00,267.00,1.07,42943148,2026-09-23T03:40:35Z
A,orig,learned_markov_14,async_win,128,6,0,0.00,100.00,475.93,313.16,229.28,21.17,62.71,13.00,789.09,497.10,2.13,185.00,267.00,1.07,42943840,2026-09-23T03:40:36Z
A,orig,learned_markov_14,async_bulk,128,6,0,0.00,100.00,474.39,316.90,232.38,22.48,62.04,13.00,791.29,496.87,2.12,185.00,267.00,1.07,42944532,2026-09-23T03:40:36Z
A,orig,learned_markov_28,pread,128,6,0,0.00,100.00,479.93,2705.85,228.00,2477.85,,,3185.78,2957.78,2.10,185.00,269.00,1.07,42944824,2026-09-23T03:40:36Z
A,orig,learned_markov_28,async,128,6,0,0.00,100.00,476.92,336.42,235.06,101.36,,,813.34,578.28,2.12,185.00,269.00,1.07,42946912,2026-09-23T03:40:36Z
A,orig,learned_markov_28,async_win,128,6,0,0.00,100.00,481.45,329.31,230.44,35.89,62.98,26.00,810.76,517.34,2.13,185.00,269.00,1.07,42935940,2026-09-23T03:40:37Z
A,orig,learned_markov_28,async_bulk,128,6,0,0.00,100.00,477.09,325.21,225.75,36.61,62.85,26.00,802.30,513.70,2.11,185.00,268.00,1.07,42936252,2026-09-23T03:40:37Z
B,orig,layers_5,pread,128,6,0,0.00,100.00,952.70,671.48,225.97,445.52,,,1624.18,1398.22,2.22,190.00,266.00,1.07,42938832,2026-09-23T03:40:37Z
B,orig,layers_5,async,128,6,0,0.00,100.00,913.97,297.64,228.12,69.52,,,1211.61,983.49,2.19,190.00,265.00,1.07,42939060,2026-09-23T03:40:38Z
B,orig,layers_5,async_win,128,6,0,0.00,100.00,952.68,301.63,232.55,7.58,61.49,2.00,1254.31,960.26,2.23,190.00,265.00,1.07,42939176,2026-09-23T03:40:38Z
B,orig,layers_5,async_bulk,128,6,0,0.00,100.00,911.70,293.60,224.38,7.97,61.24,2.00,1205.30,919.67,2.16,190.00,265.00,1.07,42941760,2026-09-23T03:40:38Z
B,orig,layers_92,pread,128,6,0,0.00,100.00,548.99,8272.98,231.92,8041.07,,,8821.97,8590.06,2.17,187.00,279.00,1.07,42941532,2026-09-23T03:40:39Z
B,orig,layers_92,async,128,6,0,0.00,100.00,547.66,421.82,229.74,192.08,,,969.48,739.74,2.19,187.00,276.00,1.07,42941752,2026-09-23T03:40:39Z
B,orig,layers_92,async_win,128,6,0,0.00,100.00,481.31,410.67,229.72,114.33,66.61,87.00,891.98,595.64,2.13,187.00,276.00,1.07,42943896,2026-09-23T03:40:39Z
B,orig,layers_92,async_bulk,128,6,0,0.00,100.00,545.70,412.96,227.61,119.38,65.96,87.00,958.66,665.08,2.16,187.00,276.00,1.07,42945456,2026-09-23T03:40:40Z
B,orig,2d,pread,128,6,0,0.00,100.00,577.55,1908.75,230.02,1678.73,,,2486.30,2256.28,2.18,187.00,279.00,1.07,42945644,2026-09-23T03:40:40Z
B,orig,2d,async,128,6,0,0.00,100.00,553.65,314.68,228.43,86.25,,,868.33,639.90,2.19,187.00,276.00,1.07,42946900,2026-09-23T03:40:40Z
B,orig,2d,async_win,128,6,0,0.00,100.00,580.85,328.03,238.92,26.35,62.76,13.00,908.88,607.20,2.21,187.00,276.00,1.07,42946448,2026-09-23T03:40:41Z
B,orig,2d,async_bulk,128,6,0,0.00,100.00,510.09,314.54,229.75,22.63,62.16,13.00,824.63,532.72,2.12,187.00,276.00,1.07,42947996,2026-09-23T03:40:41Z
B,orig,2e_K10,pread,128,6,0,0.00,100.00,549.67,2730.40,230.14,2500.26,,,3280.07,3049.93,2.18,187.00,281.00,1.07,42947024,2026-09-23T03:40:41Z
B,orig,2e_K10,async,128,6,0,0.00,100.00,581.81,328.85,230.20,98.64,,,910.66,680.45,2.19,187.00,278.00,1.07,42948436,2026-09-23T03:40:42Z
B,orig,2e_K10,async_win,128,6,0,0.00,100.00,579.22,327.48,231.28,33.24,62.95,23.00,906.70,612.46,2.22,187.00,278.00,1.07,42962780,2026-09-23T03:40:42Z
B,orig,2e_K10,async_bulk,128,6,0,0.00,100.00,577.72,325.79,229.42,32.58,63.79,23.00,903.51,610.30,2.18,187.00,278.00,1.07,42971540,2026-09-23T03:40:42Z
B,orig,2e_K500,pread,128,6,0,0.00,100.00,179.52,18461.01,229.07,18231.94,,,18640.53,18411.46,1.61,4.00,285.00,1.07,42974188,2026-09-23T03:40:42Z
B,orig,2e_K500,async,128,6,0,0.00,100.00,488.35,1073.80,228.08,845.72,,,1562.15,1334.07,2.14,184.00,332.00,1.07,42974348,2026-09-23T03:40:43Z
B,orig,2e_K500,async_win,128,6,0,0.00,100.00,480.48,993.44,231.00,672.42,90.01,449.00,1473.92,1152.90,2.14,184.00,332.00,1.07,42974328,2026-09-23T03:40:43Z
B,orig,2e_K500,async_bulk,128,6,0,0.00,100.00,486.97,995.04,229.85,675.25,89.94,449.00,1482.01,1162.22,2.14,184.00,335.00,1.07,42974624,2026-09-23T03:40:43Z
B,orig,2f_top14,pread,128,6,0,0.00,100.00,579.27,1452.54,232.31,1220.23,,,2031.81,1799.50,2.19,187.00,276.00,1.06,42974192,2026-09-23T03:40:44Z
B,orig,2f_top14,async,128,6,0,0.00,100.00,509.35,308.63,228.97,79.66,,,817.98,589.01,2.16,187.00,276.00,1.06,42974688,2026-09-23T03:40:44Z
B,orig,2f_top14,async_win,128,6,0,0.00,100.00,548.31,306.29,227.00,17.68,61.61,13.00,854.60,565.99,2.15,187.00,276.00,1.06,42975216,2026-09-23T03:40:44Z
B,orig,2f_top14,async_bulk,128,6,0,0.00,100.00,579.22,312.14,230.48,19.69,61.97,13.00,891.36,598.91,2.17,187.00,276.00,1.06,42975060,2026-09-23T03:40:45Z
B,orig,2f_top28,pread,128,6,0,0.00,100.00,584.13,2687.18,230.99,2456.19,,,3271.31,3040.32,2.18,187.00,280.00,1.06,42975040,2026-09-23T03:40:45Z
B,orig,2f_top28,async,128,6,0,0.00,100.00,512.01,326.34,228.86,97.48,,,838.35,609.49,2.14,187.00,279.00,1.06,42975600,2026-09-23T03:40:45Z
B,orig,2f_top28,async_win,128,6,0,0.00,100.00,576.98,327.86,229.39,34.77,63.70,27.00,904.84,611.75,2.17,187.00,279.00,1.06,42975324,2026-09-23T03:40:46Z
B,orig,2f_top28,async_bulk,128,6,0,0.00,100.00,575.23,326.13,227.82,35.04,63.28,27.00,901.36,610.27,2.16,187.00,279.00,1.06,42974804,2026-09-23T03:40:46Z
B,orig,2f_top100,pread,128,6,0,0.00,100.00,579.35,9093.38,229.69,8863.68,,,9672.73,9443.03,2.17,183.00,289.00,1.06,42974668,2026-09-23T03:40:46Z
B,orig,2f_top100,async,128,6,0,0.00,100.00,583.13,419.26,227.92,191.34,,,1002.39,774.47,2.17,183.00,290.00,1.06,42975576,2026-09-23T03:40:47Z
B,orig,2f_top100,async_win,128,6,0,0.00,100.00,581.53,422.23,227.69,128.08,66.47,98.00,1003.76,709.61,2.22,183.00,289.00,1.06,42976152,2026-09-23T03:40:47Z
B,orig,2f_top100,async_bulk,128,6,0,0.00,100.00,554.19,412.04,227.82,117.30,66.92,98.00,966.23,671.49,2.21,183.00,289.00,1.06,42952944,2026-09-23T03:40:47Z
B,orig,2f_top500,pread,128,6,0,0.00,100.00,183.02,18435.50,230.10,18205.40,,,18618.52,18388.42,1.61,3.00,286.00,1.06,42964564,2026-09-23T03:40:48Z
B,orig,2f_top500,async,128,6,0,0.00,100.00,493.27,1078.81,230.13,848.68,,,1572.08,1341.95,2.17,184.00,334.00,1.06,42965936,2026-09-23T03:40:48Z
B,orig,2f_top500,async_win,128,6,0,0.00,100.00,487.92,1016.50,228.69,660.12,127.69,439.00,1504.42,1148.04,2.16,184.00,338.00,1.06,42966244,2026-09-23T03:40:48Z
B,orig,2f_top500,async_bulk,128,6,0,0.00,100.00,490.03,1016.06,227.97,660.95,127.14,439.00,1506.09,1150.98,2.19,184.00,334.00,1.06,42966692,2026-09-23T03:40:48Z
B,orig,2f_slru,pread,128,6,0,0.00,100.00,95.07,18006.96,228.21,17778.75,,,18102.03,17873.82,1.55,0.00,278.00,1.06,42966204,2026-09-23T03:40:49Z
B,orig,2f_slru,async,128,6,0,0.00,100.00,97.23,7306.27,229.96,7076.30,,,7403.50,7173.53,1.61,0.00,278.00,1.06,42962508,2026-09-23T03:40:49Z
B,orig,2f_slru,async_win,128,6,0,0.00,81.60,96.99,2534.80,228.21,1909.01,397.58,138.00,2631.79,2006.00,1.62,0.00,278.00,1.06,42963100,2026-09-23T03:40:49Z
B,orig,2f_slru,async_bulk,128,6,0,0.00,1.50,892.88,708.83,229.75,79.29,399.79,2.00,1601.71,972.17,2.20,187.00,264.00,1.06,42966124,2026-09-23T03:40:50Z
B,orig,leaf_freq_K10,pread,128,6,0,0.00,100.00,987.18,1090.58,226.98,863.60,,,2077.76,1850.78,2.20,188.00,267.00,1.06,42966900,2026-09-23T03:40:50Z
B,orig,leaf_freq_K10,async,128,6,0,0.00,100.00,989.02,303.12,229.28,73.84,,,1292.14,1062.86,2.16,188.00,267.00,1.06,42965776,2026-09-23T03:40:50Z
B,orig,leaf_freq_K10,async_win,128,6,0,0.00,100.00,958.87,308.25,232.62,14.03,61.61,10.00,1267.12,972.90,2.18,188.00,267.00,1.06,42966204,2026-09-23T03:40:51Z
B,orig,leaf_freq_K10,async_bulk,128,6,0,0.00,100.00,964.62,305.67,228.94,15.10,61.62,10.00,1270.29,979.72,2.18,188.00,267.00,1.06,42966448,2026-09-23T03:40:51Z
B,orig,leaf_rand_K10,pread,128,6,0,0.00,100.00,976.94,1152.71,229.52,923.18,,,2129.65,1900.12,2.16,188.00,266.00,1.06,42965452,2026-09-23T03:40:51Z
B,orig,leaf_rand_K10,async,128,6,0,0.00,100.00,930.16,304.18,228.38,75.80,,,1234.34,1005.96,2.18,188.00,266.00,1.06,42966208,2026-09-23T03:40:51Z
B,orig,leaf_rand_K10,async_win,128,6,0,0.00,100.00,993.85,305.57,228.68,15.02,61.88,10.00,1299.42,1008.87,2.21,188.00,266.00,1.06,42965888,2026-09-23T03:40:52Z
B,orig,leaf_rand_K10,async_bulk,128,6,0,0.00,100.00,857.42,304.71,227.43,15.04,62.25,10.00,1162.13,872.46,2.15,188.00,266.00,1.06,42964884,2026-09-23T03:40:52Z
B,orig,learned_markov_14,pread,128,6,0,0.00,100.00,477.89,1503.48,230.01,1273.46,,,1981.37,1751.35,2.15,187.00,275.00,1.06,42945720,2026-09-23T03:40:52Z
B,orig,learned_markov_14,async,128,6,0,0.00,100.00,530.20,308.79,229.19,79.60,,,838.99,609.80,2.16,187.00,275.00,1.06,42952132,2026-09-23T03:40:53Z
B,orig,learned_markov_14,async_win,128,6,0,0.00,100.00,520.28,316.34,231.90,22.62,61.83,13.00,836.62,542.90,2.19,187.00,275.00,1.06,42951424,2026-09-23T03:40:53Z
B,orig,learned_markov_14,async_bulk,128,6,0,0.00,100.00,549.10,310.65,228.32,20.05,62.29,13.00,859.75,569.15,2.21,187.00,275.00,1.06,42953576,2026-09-23T03:40:53Z
B,orig,learned_markov_28,pread,128,6,0,0.00,100.00,552.72,2599.69,229.76,2369.93,,,3152.41,2922.65,2.21,186.00,279.00,1.05,42953984,2026-09-23T03:40:54Z
B,orig,learned_markov_28,async,128,6,0,0.00,100.00,583.79,329.84,230.57,99.27,,,913.63,683.06,2.21,186.00,279.00,1.05,42953668,2026-09-23T03:40:54Z
B,orig,learned_markov_28,async_win,128,6,0,0.00,100.00,515.49,326.45,228.41,35.19,62.86,27.00,841.94,550.68,2.15,186.00,278.00,1.05,42955044,2026-09-23T03:40:54Z
B,orig,learned_markov_28,async_bulk,128,6,0,0.00,100.00,576.04,330.81,230.64,38.30,61.87,27.00,906.85,614.34,2.17,186.00,278.00,1.05,42955372,2026-09-23T03:40:55Z
C,orig,layers_5,pread,128,6,0,0.00,100.00,1013.26,662.12,226.50,435.62,,,1675.38,1448.88,1.60,19.00,32.00,1.05,42957228,2026-09-23T03:40:55Z
C,orig,layers_5,async,128,6,0,0.00,100.00,974.33,305.80,234.93,70.86,,,1280.13,1045.19,1.59,19.00,32.00,1.05,42960324,2026-09-23T03:40:55Z
C,orig,layers_5,async_win,128,6,0,0.00,0.00,1931.23,780.10,436.79,7.63,335.67,2.00,2711.33,1938.86,1.66,19.00,32.00,1.05,42959792,2026-09-23T03:40:55Z
C,orig,layers_5,async_bulk,128,6,0,0.00,100.00,1933.69,520.31,436.36,11.06,72.89,2.00,2454.00,1944.75,1.66,19.00,32.00,1.05,42960288,2026-09-23T03:40:56Z
C,orig,layers_92,pread,128,6,0,0.00,100.00,655.94,8031.50,229.82,7801.68,,,8687.44,8457.62,1.59,19.00,35.00,1.05,42960464,2026-09-23T03:40:56Z
C,orig,layers_92,async,128,6,0,0.00,100.00,658.99,422.18,228.39,193.79,,,1081.17,852.78,1.58,19.00,35.00,1.05,42961956,2026-09-23T03:40:56Z
C,orig,layers_92,async_win,128,6,0,0.00,100.00,594.28,403.74,225.73,112.87,65.13,87.00,998.02,707.15,1.58,19.00,35.00,1.05,42962132,2026-09-23T03:40:56Z
C,orig,layers_92,async_bulk,128,6,0,0.00,100.00,654.50,402.72,225.14,112.09,65.48,87.00,1057.22,766.59,1.58,19.00,35.00,1.05,42962684,2026-09-23T03:40:57Z
C,orig,2d,pread,128,6,0,0.00,100.00,621.54,581.17,225.61,355.56,,,1202.71,977.10,1.59,19.00,35.00,1.05,42961888,2026-09-23T03:40:57Z
C,orig,2d,async,128,6,0,0.00,100.00,654.12,293.65,226.13,67.52,,,947.77,721.64,1.59,19.00,35.00,1.05,42963852,2026-09-23T03:40:57Z
C,orig,2d,async_win,128,6,0,0.00,100.00,656.44,296.26,228.03,7.68,60.54,2.00,952.70,664.12,1.58,19.00,35.00,1.05,42963644,2026-09-23T03:40:58Z
C,orig,2d,async_bulk,128,6,0,0.00,100.00,554.41,293.59,226.07,6.84,60.67,2.00,848.00,561.25,1.60,19.00,35.00,1.05,42963472,2026-09-23T03:40:58Z
C,orig,2e_K10,pread,128,6,0,0.00,100.00,653.94,1383.03,227.19,1155.84,,,2036.97,1809.78,1.62,18.00,38.00,1.05,42963424,2026-09-23T03:40:58Z
C,orig,2e_K10,async,128,6,0,0.00,100.00,591.94,301.81,225.20,76.60,,,893.75,668.54,1.58,19.00,36.00,1.05,42965784,2026-09-23T03:40:58Z
C,orig,2e_K10,async_win,128,6,0,0.00,100.00,651.20,305.09,228.21,16.13,60.75,8.00,956.29,667.33,1.60,19.00,36.00,1.05,42966356,2026-09-23T03:40:59Z
C,orig,2e_K10,async_bulk,128,6,0,0.00,100.00,653.41,303.01,225.69,17.20,60.11,8.00,956.42,670.61,1.60,19.00,36.00,1.05,42966032,2026-09-23T03:40:59Z
C,orig,2e_K500,pread,128,6,0,0.00,100.00,173.58,2473.45,225.49,2247.96,,,2647.03,2421.54,1.52,0.00,37.00,1.05,42966536,2026-09-23T03:40:59Z
C,orig,2e_K500,async,128,6,0,0.00,64.50,175.77,678.39,226.78,451.61,,,854.16,627.38,1.53,0.00,37.00,1.05,42968092,2026-09-23T03:40:59Z
C,orig,2e_K500,async_win,128,6,0,0.00,42.30,177.75,532.64,227.48,223.99,81.17,90.00,710.39,401.74,1.54,0.00,37.00,1.05,42969008,2026-09-23T03:41:00Z
C,orig,2e_K500,async_bulk,128,6,0,0.00,42.30,174.67,528.95,227.59,220.32,81.04,90.00,703.62,394.99,1.51,0.00,37.00,1.05,42968916,2026-09-23T03:41:00Z
C,orig,2f_top14,pread,128,6,0,0.00,100.00,649.57,1296.53,225.62,1070.90,,,1946.10,1720.47,1.58,17.00,38.00,1.05,42968772,2026-09-23T03:41:00Z
C,orig,2f_top14,async,128,6,0,0.00,100.00,622.58,303.65,225.72,77.93,,,926.23,700.51,1.59,18.00,37.00,1.05,42969652,2026-09-23T03:41:00Z
C,orig,2f_top14,async_win,128,6,0,0.00,100.00,619.43,303.83,227.27,15.92,60.64,9.00,923.26,635.35,1.60,18.00,37.00,1.05,42969484,2026-09-23T03:41:01Z
C,orig,2f_top14,async_bulk,128,6,0,0.00,100.00,586.59,303.38,223.97,17.57,61.84,9.00,889.97,604.16,1.58,18.00,37.00,1.05,42970140,2026-09-23T03:41:01Z
C,orig,2f_top28,pread,128,6,0,0.00,100.00,651.49,1257.58,193.12,1064.46,,,1909.07,1715.95,1.59,16.00,37.00,1.05,42970604,2026-09-23T03:41:01Z
C,orig,2f_top28,async,128,6,0,0.00,100.00,546.31,289.34,195.43,93.92,,,835.65,640.23,1.61,17.00,38.00,1.05,42971356,2026-09-23T03:41:01Z
C,orig,2f_top28,async_win,128,6,0,0.00,100.00,533.27,280.20,191.77,25.61,62.82,13.00,813.47,558.88,1.59,17.00,38.00,1.05,42971668,2026-09-23T03:41:02Z
C,orig,2f_top28,async_bulk,128,6,0,0.00,100.00,534.64,282.58,194.01,27.12,61.45,13.00,817.22,561.76,1.57,17.00,38.00,1.05,42971656,2026-09-23T03:41:02Z
C,orig,2f_top100,pread,128,6,0,0.00,100.00,519.95,1301.85,181.24,1120.61,,,1821.80,1640.56,1.57,11.00,35.00,1.05,42971352,2026-09-23T03:41:02Z
C,orig,2f_top100,async,128,6,0,0.00,100.00,529.48,360.20,181.51,178.69,,,889.68,708.17,1.59,13.00,35.00,1.05,42985280,2026-09-23T03:41:02Z
C,orig,2f_top100,async_win,128,6,0,0.00,100.00,552.50,320.64,179.53,76.59,64.52,32.00,873.14,629.09,1.59,13.00,35.00,1.05,42985376,2026-09-23T03:41:03Z
C,orig,2f_top100,async_bulk,128,6,0,0.00,100.00,651.59,321.28,181.58,74.68,65.02,32.00,972.87,726.27,1.56,13.00,35.00,1.05,42985764,2026-09-23T03:41:03Z
C,orig,2f_top500,pread,128,6,0,0.00,100.00,89.86,2789.91,179.65,2610.27,,,2879.77,2700.13,1.52,0.00,37.00,1.05,42971100,2026-09-23T03:41:03Z
C,orig,2f_top500,async,128,6,0,0.00,100.00,92.03,968.99,183.53,785.47,,,1061.02,877.50,1.55,0.00,37.00,1.05,42980188,2026-09-23T03:41:03Z
C,orig,2f_top500,async_win,128,6,0,0.00,100.00,88.53,495.45,179.92,226.87,88.67,15.00,583.98,315.40,1.53,0.00,37.00,1.04,42984684,2026-09-23T03:41:04Z
C,orig,2f_top500,async_bulk,128,6,0,0.00,13.60,875.98,304.32,179.08,39.01,86.23,2.00,1180.30,914.99,1.57,18.00,34.00,1.04,42985140,2026-09-23T03:41:04Z
C,orig,2f_slru,pread,128,6,0,0.00,100.00,89.09,2843.57,179.83,2663.74,,,2932.66,2752.83,1.52,0.00,37.00,1.04,42984872,2026-09-23T03:41:04Z
C,orig,2f_slru,async,128,6,0,0.00,100.00,88.62,951.52,182.19,769.33,,,1040.14,857.95,1.52,0.00,37.00,1.04,42986168,2026-09-23T03:41:04Z
C,orig,2f_slru,async_win,128,6,0,0.00,100.00,89.29,521.58,181.18,214.11,126.29,15.00,610.87,303.40,1.53,0.00,37.00,1.04,42986596,2026-09-23T03:41:05Z
C,orig,2f_slru,async_bulk,128,6,0,0.00,13.60,877.64,344.94,178.80,39.76,126.39,2.00,1222.58,917.40,1.58,18.00,34.00,1.04,42986664,2026-09-23T03:41:05Z
C,orig,leaf_freq_K10,pread,128,6,0,0.00,100.00,1149.41,879.00,180.84,698.16,,,2028.41,1847.57,1.59,18.00,35.00,1.04,42987000,2026-09-23T03:41:05Z
C,orig,leaf_freq_K10,async,128,6,0,0.00,100.00,1159.16,252.84,179.84,73.00,,,1412.00,1232.16,1.59,19.00,33.00,1.04,42986408,2026-09-23T03:41:05Z
C,orig,leaf_freq_K10,async_win,128,6,0,0.00,100.00,947.66,252.71,180.11,12.06,60.53,6.00,1200.37,959.72,1.58,19.00,33.00,1.04,42986824,2026-09-23T03:41:06Z
C,orig,leaf_freq_K10,async_bulk,128,6,0,0.00,100.00,1010.67,254.88,182.08,11.88,60.91,6.00,1265.55,1022.55,1.58,19.00,33.00,1.04,42984704,2026-09-23T03:41:06Z
C,orig,leaf_rand_K10,pread,128,6,0,0.00,100.00,1010.62,1099.78,178.58,921.20,,,2110.40,1931.82,1.59,19.00,32.00,1.04,42985184,2026-09-23T03:41:06Z
C,orig,leaf_rand_K10,async,128,6,0,0.00,100.00,1008.12,251.32,178.37,72.96,,,1259.44,1081.08,1.61,19.00,32.00,1.04,42985792,2026-09-23T03:41:06Z
C,orig,leaf_rand_K10,async_win,128,6,0,0.00,100.00,1039.59,257.44,181.41,15.29,60.74,10.00,1297.03,1054.88,1.61,19.00,32.00,1.04,42985740,2026-09-23T03:41:07Z
C,orig,leaf_rand_K10,async_bulk,128,6,0,0.00,100.00,1017.21,258.25,182.16,14.88,61.22,10.00,1275.46,1032.09,1.59,19.00,32.00,1.04,42986684,2026-09-23T03:41:07Z
C,orig,learned_markov_14,pread,128,6,0,0.00,100.00,556.25,1182.57,180.32,1002.25,,,1738.82,1558.50,1.59,17.00,38.00,1.04,42986632,2026-09-23T03:41:07Z
C,orig,learned_markov_14,async,128,6,0,0.00,100.00,647.15,260.86,181.28,79.58,,,908.01,726.73,1.58,18.00,37.00,1.04,42986884,2026-09-23T03:41:08Z
C,orig,learned_markov_14,async_win,128,6,0,0.00,100.00,625.03,255.97,180.38,15.81,59.78,9.00,881.00,640.84,1.59,18.00,37.00,1.04,42970408,2026-09-23T03:41:08Z
C,orig,learned_markov_14,async_bulk,128,6,0,0.00,100.00,622.39,263.05,185.66,16.18,61.22,9.00,885.44,638.57,1.61,18.00,37.00,1.04,42971576,2026-09-23T03:41:08Z
C,orig,learned_markov_28,pread,128,6,0,0.00,100.00,553.03,1158.87,182.85,976.01,,,1711.90,1529.04,1.58,16.00,37.00,1.04,42972072,2026-09-23T03:41:08Z
C,orig,learned_markov_28,async,128,6,0,0.00,100.00,539.69,274.27,178.47,95.80,,,813.96,635.49,1.58,17.00,38.00,1.04,42972320,2026-09-23T03:41:09Z
C,orig,learned_markov_28,async_win,128,6,0,0.00,100.00,589.14,267.21,180.37,25.52,61.33,13.00,856.35,614.66,1.58,17.00,38.00,1.04,42972144,2026-09-23T03:41:09Z
C,orig,learned_markov_28,async_bulk,128,6,0,0.00,100.00,532.06,269.19,180.24,27.73,61.22,13.00,801.25,559.79,1.58,17.00,38.00,1.04,42971924,2026-09-23T03:41:09Z
C_hit,orig,layers_5,pread,128,6,0,0.00,100.00,969.99,616.98,179.80,437.18,,,1586.97,1407.17,1.69,39.00,60.00,1.04,42968604,2026-09-23T03:41:09Z
C_hit,orig,layers_5,async,128,6,0,0.00,100.00,1005.68,251.02,182.66,68.36,,,1256.70,1074.04,1.69,39.00,60.00,1.04,42969968,2026-09-23T03:41:10Z
C_hit,orig,layers_5,async_win,128,6,0,0.00,100.00,970.71,247.98,180.43,6.92,60.62,2.00,1218.69,977.63,1.68,39.00,60.00,1.04,42970144,2026-09-23T03:41:10Z
C_hit,orig,layers_5,async_bulk,128,6,0,0.00,100.00,1033.06,249.24,182.03,6.38,60.82,2.00,1282.30,1039.44,1.70,39.00,60.00,1.04,42969496,2026-09-23T03:41:10Z
C_hit,orig,layers_92,pread,128,6,0,0.00,100.00,656.31,8187.12,181.26,8005.86,,,8843.43,8662.17,1.66,39.00,61.00,1.04,42969904,2026-09-23T03:41:10Z
C_hit,orig,layers_92,async,128,6,0,0.00,100.00,654.91,369.87,180.11,189.76,,,1024.78,844.67,1.67,39.00,61.00,1.04,42970040,2026-09-23T03:41:11Z
C_hit,orig,layers_92,async_win,128,6,0,0.00,100.00,655.62,357.75,181.41,111.77,64.57,87.00,1013.37,767.39,1.67,39.00,61.00,1.04,42971120,2026-09-23T03:41:11Z
C_hit,orig,layers_92,async_bulk,128,6,0,0.00,100.00,658.04,355.33,180.79,109.74,64.80,87.00,1013.37,767.78,1.69,39.00,61.00,1.04,42971580,2026-09-23T03:41:11Z
C_hit,orig,2d,pread,128,6,0,0.00,100.00,657.08,615.64,182.66,432.97,,,1272.72,1090.05,1.65,39.00,61.00,1.04,42972240,2026-09-23T03:41:11Z
C_hit,orig,2d,async,128,6,0,0.00,100.00,661.13,249.71,181.55,68.16,,,910.84,729.29,1.66,39.00,61.00,1.04,42971856,2026-09-23T03:41:12Z
C_hit,orig,2d,async_win,128,6,0,0.00,100.00,658.68,249.00,180.51,7.79,60.70,3.00,907.68,666.47,1.69,39.00,61.00,1.04,42972484,2026-09-23T03:41:12Z
C_hit,orig,2d,async_bulk,128,6,0,0.00,100.00,588.02,247.69,179.02,8.31,60.36,3.00,835.71,596.33,1.65,39.00,61.00,1.04,42973104,2026-09-23T03:41:12Z
C_hit,orig,2e_K10,pread,128,6,0,0.00,100.00,654.40,1191.37,181.98,1009.39,,,1845.77,1663.79,1.66,38.00,62.00,1.04,42973052,2026-09-23T03:41:13Z
C_hit,orig,2e_K10,async,128,6,0,0.00,100.00,525.16,259.46,179.25,80.21,,,784.62,605.37,1.65,39.00,62.00,1.04,42972980,2026-09-23T03:41:13Z
C_hit,orig,2e_K10,async_win,128,6,0,0.00,100.00,585.79,255.38,180.22,14.70,60.46,6.00,841.17,600.49,1.66,39.00,62.00,1.04,42973436,2026-09-23T03:41:13Z
C_hit,orig,2e_K10,async_bulk,128,6,0,0.00,100.00,660.23,256.35,179.74,15.50,61.12,6.00,916.58,675.73,1.66,39.00,62.00,1.04,42973224,2026-09-23T03:41:13Z
C_hit,orig,2e_K500,pread,128,6,0,0.00,100.00,176.36,3257.97,180.39,3077.59,,,3434.33,3253.95,1.57,9.00,64.00,1.04,42973976,2026-09-23T03:41:14Z
C_hit,orig,2e_K500,async,128,6,0,0.00,43.80,175.11,826.49,182.24,644.25,,,1001.60,819.36,1.58,12.00,62.00,1.04,42973284,2026-09-23T03:41:14Z
C_hit,orig,2e_K500,async_win,128,6,0,0.00,100.00,176.50,630.10,181.00,359.53,89.58,139.00,806.60,536.03,1.60,12.00,62.00,1.04,42972696,2026-09-23T03:41:14Z
C_hit,orig,2e_K500,async_bulk,128,6,0,0.00,100.00,177.13,611.65,183.56,335.88,92.20,139.00,788.78,513.01,1.59,12.00,62.00,1.04,42974964,2026-09-23T03:41:14Z
C_hit,orig,2f_top14,pread,128,6,0,0.00,100.00,661.87,1094.02,181.49,912.52,,,1755.89,1574.39,1.68,38.00,62.00,1.04,42958088,2026-09-23T03:41:15Z
C_hit,orig,2f_top14,async,128,6,0,0.00,100.00,632.86,257.31,180.21,77.11,,,890.17,709.97,1.68,39.00,62.00,1.04,42958836,2026-09-23T03:41:15Z
C_hit,orig,2f_top14,async_win,128,6,0,0.00,100.00,626.37,256.35,181.37,14.03,60.95,6.00,882.72,640.40,1.68,39.00,62.00,1.04,42960976,2026-09-23T03:41:15Z
C_hit,orig,2f_top14,async_bulk,128,6,0,0.00,100.00,630.28,261.74,185.46,15.24,61.05,6.00,892.02,645.52,1.68,39.00,62.00,1.04,42960384,2026-09-23T03:41:15Z
C_hit,orig,2f_top28,pread,128,6,0,0.00,100.00,529.69,1067.77,181.50,886.27,,,1597.46,1415.96,1.66,36.00,62.00,1.04,42960388,2026-09-23T03:41:16Z
C_hit,orig,2f_top28,async,128,6,0,0.00,100.00,627.83,273.13,179.37,93.77,,,900.96,721.60,1.69,38.00,62.00,1.04,42961376,2026-09-23T03:41:16Z
C_hit,orig,2f_top28,async_win,128,6,0,0.00,100.00,534.58,265.61,180.43,23.51,61.67,8.00,800.19,558.09,1.66,38.00,62.00,1.04,42961184,2026-09-23T03:41:16Z
C_hit,orig,2f_top28,async_bulk,128,6,0,0.00,100.00,504.36,266.50,181.73,23.00,61.77,8.00,770.86,527.36,1.68,38.00,62.00,1.04,42961472,2026-09-23T03:41:16Z
C_hit,orig,2f_top100,pread,128,6,0,0.00,100.00,512.38,1306.39,180.37,1126.02,,,1818.77,1638.40,1.64,31.00,64.00,1.04,42962232,2026-09-23T03:41:17Z
C_hit,orig,2f_top100,async,128,6,0,0.00,100.00,519.70,359.32,181.54,177.77,,,879.02,697.47,1.66,33.00,64.00,1.04,42962080,2026-09-23T03:41:17Z
C_hit,orig,2f_top100,async_win,128,6,0,0.00,100.00,549.79,312.42,178.67,68.50,65.25,28.00,862.21,618.29,1.66,33.00,64.00,1.04,42963236,2026-09-23T03:41:17Z
C_hit,orig,2f_top100,async_bulk,128,6,0,0.00,100.00,625.25,313.88,179.65,69.51,64.72,28.00,939.13,694.76,1.66,33.00,64.00,1.04,42963880,2026-09-23T03:41:18Z
C_hit,orig,2f_top500,pread,128,6,0,0.00,100.00,174.46,3280.16,182.50,3097.65,,,3454.62,3272.11,1.58,9.00,64.00,1.04,42963444,2026-09-23T03:41:18Z
C_hit,orig,2f_top500,async,128,6,0,0.00,44.20,176.54,822.88,179.94,642.94,,,999.42,819.48,1.59,12.00,63.00,1.04,42963556,2026-09-23T03:41:18Z
C_hit,orig,2f_top500,async_win,128,6,0,0.00,32.80,177.50,604.37,180.44,334.73,89.20,138.00,781.87,512.23,1.60,12.00,63.00,1.04,42963428,2026-09-23T03:41:18Z
C_hit,orig,2f_top500,async_bulk,128,6,0,0.00,100.00,177.05,615.31,177.03,347.00,91.27,138.00,792.36,524.05,1.61,12.00,63.00,1.04,42963508,2026-09-23T03:41:19Z
C_hit,orig,2f_slru,pread,128,6,0,0.00,100.00,87.23,4853.97,178.53,4675.43,,,4941.20,4762.66,1.53,0.00,62.00,1.03,42964884,2026-09-23T03:41:19Z
C_hit,orig,2f_slru,async,128,6,0,0.00,100.00,88.87,1564.74,180.52,1384.22,,,1653.61,1473.09,1.56,0.00,62.00,1.03,42964108,2026-09-23T03:41:19Z
C_hit,orig,2f_slru,async_win,128,6,0,0.00,100.00,88.32,723.80,179.77,417.17,126.86,29.00,812.12,505.49,1.57,0.00,62.00,1.03,42964480,2026-09-23T03:41:19Z
C_hit,orig,2f_slru,async_bulk,128,6,0,0.00,7.00,775.97,351.95,181.76,43.21,126.98,2.00,1127.92,819.18,1.67,38.00,59.00,1.03,42964280,2026-09-23T03:41:20Z
C_hit,orig,leaf_freq_K10,pread,128,6,0,0.00,100.00,649.30,763.25,179.07,584.18,,,1412.55,1233.48,1.68,38.00,60.00,1.03,42947748,2026-09-23T03:41:20Z
C_hit,orig,leaf_freq_K10,async,128,6,0,0.00,100.00,965.37,253.40,180.19,73.21,,,1218.77,1038.58,1.68,39.00,60.00,1.03,42949804,2026-09-23T03:41:20Z
C_hit,orig,leaf_freq_K10,async_win,128,6,0,0.00,100.00,917.38,254.05,182.13,10.99,60.92,3.00,1171.43,928.37,1.67,39.00,60.00,1.03,42951712,2026-09-23T03:41:20Z
C_hit,orig,leaf_freq_K10,async_bulk,128,6,0,0.00,100.00,884.81,249.77,178.93,10.39,60.45,3.00,1134.58,895.20,1.68,39.00,60.00,1.03,42953028,2026-09-23T03:41:21Z
C_hit,orig,leaf_rand_K10,pread,128,6,0,0.00,100.00,1010.60,1076.24,180.93,895.31,,,2086.84,1905.91,1.67,39.00,60.00,1.03,42953508,2026-09-23T03:41:21Z
C_hit,orig,leaf_rand_K10,async,128,6,0,0.00,100.00,1013.00,256.06,180.48,75.58,,,1269.06,1088.58,1.70,39.00,60.00,1.03,42953924,2026-09-23T03:41:21Z
C_hit,orig,leaf_rand_K10,async_win,128,6,0,0.00,100.00,1041.80,256.09,181.83,13.74,60.52,10.00,1297.89,1055.54,1.69,39.00,60.00,1.03,42955520,2026-09-23T03:41:21Z
C_hit,orig,leaf_rand_K10,async_bulk,128,6,0,0.00,100.00,1056.38,254.64,179.37,14.74,60.53,10.00,1311.02,1071.12,1.71,39.00,60.00,1.03,42953236,2026-09-23T03:41:22Z
C_hit,orig,learned_markov_14,pread,128,6,0,0.00,100.00,602.97,1079.71,181.70,898.01,,,1682.68,1500.98,1.67,38.00,62.00,1.03,42953424,2026-09-23T03:41:22Z
C_hit,orig,learned_markov_14,async,128,6,0,0.00,100.00,631.30,263.94,180.55,83.39,,,895.24,714.69,1.71,39.00,62.00,1.03,42954576,2026-09-23T03:41:22Z
C_hit,orig,learned_markov_14,async_win,128,6,0,0.00,100.00,619.61,257.51,180.28,16.05,61.19,6.00,877.12,635.66,1.68,39.00,62.00,1.03,42954716,2026-09-23T03:41:23Z
C_hit,orig,learned_markov_14,async_bulk,128,6,0,0.00,100.00,658.74,256.99,179.97,14.90,62.13,6.00,915.73,673.64,1.69,39.00,62.00,1.03,42954896,2026-09-23T03:41:23Z
C_hit,orig,learned_markov_28,pread,128,6,0,0.00,100.00,530.07,1091.58,180.41,911.17,,,1621.65,1441.24,1.67,36.00,62.00,1.03,42976140,2026-09-23T03:41:23Z
C_hit,orig,learned_markov_28,async,128,6,0,0.00,100.00,491.63,275.26,177.76,97.49,,,766.89,589.12,1.64,38.00,62.00,1.03,42977576,2026-09-23T03:41:23Z
C_hit,orig,learned_markov_28,async_win,128,6,0,0.00,100.00,508.17,265.69,181.04,21.28,63.37,8.00,773.86,529.45,1.68,38.00,62.00,1.03,42979464,2026-09-23T03:41:24Z
C_hit,orig,learned_markov_28,async_bulk,128,6,0,0.00,100.00,547.07,266.37,181.71,23.25,61.41,8.00,813.44,570.32,1.68,38.00,62.00,1.03,42978680,2026-09-23T03:41:24Z
A,orig,baseline,baseline,128,7,0,0.00,0.00,882.85,0.00,0.00,0.00,,,882.85,882.85,2.13,187.00,257.00,1.03,42978288,2026-09-23T03:41:24Z
B,orig,baseline,baseline,128,7,0,0.00,0.00,950.47,0.00,0.00,0.00,,,950.47,950.47,2.20,188.00,265.00,1.03,42982908,2026-09-23T03:41:24Z
C,orig,baseline,baseline,128,7,0,0.00,0.00,1042.33,0.00,0.00,0.00,,,1042.33,1042.33,1.59,19.00,32.00,1.03,42984232,2026-09-23T03:41:25Z
C_hit,orig,baseline,baseline,128,7,0,0.00,0.00,1037.53,0.00,0.00,0.00,,,1037.53,1037.53,1.67,39.00,60.00,1.03,42985048,2026-09-23T03:41:25Z
A,orig,layers_5,async,128,7,0,0.00,100.00,868.57,263.37,195.77,67.60,,,1131.94,936.17,2.16,186.00,259.00,1.03,42981852,2026-09-23T03:41:25Z
A,orig,layers_5,async_win,128,7,0,0.00,100.00,736.54,265.73,197.12,7.51,61.09,2.00,1002.27,744.05,2.09,186.00,259.00,1.03,42982568,2026-09-23T03:41:26Z
A,orig,layers_92,async,128,7,0,0.00,100.00,475.44,397.43,195.95,201.48,,,872.87,676.92,2.16,185.00,265.00,1.03,42982192,2026-09-23T03:41:26Z
A,orig,layers_92,async_win,128,7,0,0.00,100.00,476.72,373.49,195.06,113.22,65.21,87.00,850.21,589.94,2.15,185.00,265.00,1.03,42981812,2026-09-23T03:41:26Z
A,orig,2d,async,128,7,0,0.00,100.00,479.22,312.30,227.94,84.36,,,791.52,563.58,2.11,185.00,265.00,1.03,42983916,2026-09-23T03:41:27Z
A,orig,2d,async_win,128,7,0,0.00,100.00,477.60,310.17,227.31,21.66,61.20,13.00,787.77,499.26,2.15,185.00,265.00,1.03,42984460,2026-09-23T03:41:27Z
A,orig,2e_K10,async,128,7,0,0.00,100.00,177.58,323.84,227.96,95.88,,,501.42,273.46,2.15,189.00,270.00,1.03,42984224,2026-09-23T03:41:27Z
A,orig,2e_K10,async_win,128,7,0,0.00,100.00,178.41,323.90,229.78,33.00,61.12,23.00,502.31,211.41,2.11,189.00,271.00,1.03,42984980,2026-09-23T03:41:28Z
A,orig,2e_K500,async,128,7,0,0.00,8.30,4260.15,900.46,226.94,673.53,,,5160.61,4933.68,2.14,186.00,398.00,1.03,42983960,2026-09-23T03:41:28Z
A,orig,2e_K500,async_win,128,7,0,0.00,100.00,180.68,1012.44,228.06,692.62,91.76,461.00,1193.12,873.30,2.11,186.00,399.00,1.03,42982744,2026-09-23T03:41:28Z
A,orig,2f_top14,async,128,7,0,0.00,100.00,478.86,306.24,231.05,75.18,,,785.10,554.04,2.14,187.00,265.00,1.03,42971304,2026-09-23T03:41:28Z
A,orig,2f_top14,async_win,128,7,0,0.00,100.00,482.81,308.02,227.66,18.77,61.59,13.00,790.83,501.58,2.15,187.00,266.00,1.03,42972120,2026-09-23T03:41:29Z
A,orig,2f_top28,async,128,7,0,0.00,100.00,180.39,323.43,226.85,96.58,,,503.82,276.97,2.14,188.00,277.00,1.03,42971732,2026-09-23T03:41:29Z
A,orig,2f_top28,async_win,128,7,0,0.00,100.00,180.85,324.88,229.65,33.53,61.70,27.00,505.73,214.38,2.14,188.00,277.00,1.03,42971952,2026-09-23T03:41:29Z
A,orig,2f_top100,async,128,7,0,0.00,100.00,181.04,422.41,229.66,192.75,,,603.45,373.79,2.14,188.00,314.00,1.03,42971660,2026-09-23T03:41:30Z
A,orig,2f_top100,async_win,128,7,0,0.00,100.00,178.79,410.75,232.16,113.75,64.84,97.00,589.54,292.54,2.10,188.00,314.00,1.03,42972760,2026-09-23T03:41:30Z
A,orig,2f_top500,async,128,7,0,0.00,7.20,4088.99,871.44,227.40,644.04,,,4960.43,4733.03,2.13,186.00,402.00,1.03,42972944,2026-09-23T03:41:30Z
A,orig,2f_top500,async_win,128,7,0,0.00,100.00,185.59,1009.18,228.54,689.47,91.17,449.00,1194.77,875.06,2.12,186.00,404.00,1.03,42957208,2026-09-23T03:41:31Z
A,orig,2f_slru,async,128,7,0,0.00,100.00,97.10,7094.58,229.41,6865.17,,,7191.68,6962.27,1.59,0.00,278.00,1.03,42955608,2026-09-23T03:41:31Z
A,orig,2f_slru,async_win,128,7,0,0.00,76.60,94.81,2537.65,228.80,1905.17,403.68,138.00,2632.46,1999.98,1.56,0.00,278.00,1.03,42955680,2026-09-23T03:41:31Z
A,orig,leaf_freq_K10,async,128,7,0,0.00,100.00,576.37,303.68,229.63,74.05,,,880.05,650.42,2.16,191.00,263.00,1.03,42958644,2026-09-23T03:41:31Z
A,orig,leaf_freq_K10,async_win,128,7,0,0.00,100.00,577.69,308.49,232.22,14.74,61.53,10.00,886.18,592.43,2.14,191.00,263.00,1.03,42958688,2026-09-23T03:41:32Z
A,orig,leaf_rand_K10,async,128,7,0,0.00,100.00,879.45,304.24,229.56,74.68,,,1183.69,954.13,2.16,188.00,257.00,1.03,42958852,2026-09-23T03:41:32Z
A,orig,leaf_rand_K10,async_win,128,7,0,0.00,100.00,880.12,304.58,228.13,14.81,61.65,10.00,1184.70,894.93,2.16,188.00,257.00,1.03,42958828,2026-09-23T03:41:32Z
A,orig,learned_markov_14,async,128,7,0,0.00,100.00,408.36,310.31,229.37,80.94,,,718.67,489.30,2.09,185.00,267.00,1.03,42959164,2026-09-23T03:41:33Z
A,orig,learned_markov_14,async_win,128,7,0,0.00,100.00,476.94,310.25,227.53,20.42,62.31,13.00,787.19,497.36,2.17,185.00,267.00,1.03,42958820,2026-09-23T03:41:33Z
A,orig,learned_markov_28,async,128,7,0,0.00,100.00,477.38,330.35,228.60,101.75,,,807.73,579.13,2.16,185.00,269.00,1.03,42959504,2026-09-23T03:41:33Z
A,orig,learned_markov_28,async_win,128,7,0,0.00,100.00,409.77,326.62,228.67,35.43,62.53,26.00,736.39,445.20,2.10,185.00,269.00,1.02,42959792,2026-09-23T03:41:34Z
B,orig,layers_5,async,128,7,0,0.00,100.00,874.54,298.62,229.14,69.48,,,1173.16,944.02,2.13,190.00,265.00,1.02,42959724,2026-09-23T03:41:34Z
B,orig,layers_5,async_win,128,7,0,0.00,100.00,923.87,297.58,227.19,8.14,62.25,2.00,1221.45,932.01,2.19,190.00,265.00,1.02,42959480,2026-09-23T03:41:34Z
B,orig,layers_92,async,128,7,0,0.00,100.00,548.57,408.90,229.86,179.04,,,957.47,727.61,2.21,187.00,276.00,1.02,42960604,2026-09-23T03:41:35Z
B,orig,layers_92,async_win,128,7,0,0.00,100.00,552.56,404.46,227.89,110.46,66.11,87.00,957.02,663.02,2.25,187.00,276.00,1.02,42959916,2026-09-23T03:41:35Z
B,orig,2d,async,128,7,0,0.00,100.00,510.46,314.22,230.63,83.59,,,824.68,594.05,2.20,187.00,276.00,1.02,42960688,2026-09-23T03:41:35Z
B,orig,2d,async_win,128,7,0,0.00,100.00,548.54,311.72,228.42,20.94,62.36,13.00,860.26,569.48,2.20,187.00,276.00,1.02,42961112,2026-09-23T03:41:36Z
B,orig,2e_K10,async,128,7,0,0.00,100.00,514.74,465.68,355.17,110.51,,,980.42,625.25,2.19,187.00,278.00,1.02,42950780,2026-09-23T03:41:36Z
B,orig,2e_K10,async_win,128,7,0,0.00,100.00,578.20,324.65,229.53,32.54,62.58,23.00,902.85,610.74,2.20,187.00,278.00,1.02,42952668,2026-09-23T03:41:36Z
B,orig,2e_K500,async,128,7,0,0.00,100.00,486.44,1078.17,234.63,843.53,,,1564.61,1329.97,2.16,184.00,334.00,1.02,42956632,2026-09-23T03:41:37Z
B,orig,2e_K500,async_win,128,7,0,0.00,100.00,487.73,989.31,228.03,670.69,90.59,449.00,1477.04,1158.42,2.17,184.00,334.00,1.02,42956508,2026-09-23T03:41:37Z
B,orig,2f_top14,async,128,7,0,0.00,100.00,579.68,305.01,227.62,77.40,,,884.69,657.08,2.21,187.00,276.00,1.02,42956632,2026-09-23T03:41:37Z
B,orig,2f_top14,async_win,128,7,0,0.00,100.00,551.03,309.05,228.53,18.59,61.93,13.00,860.08,569.62,2.20,187.00,276.00,1.02,42957276,2026-09-23T03:41:37Z
B,orig,2f_top28,async,128,7,0,0.00,100.00,579.69,328.66,230.03,98.62,,,908.35,678.31,2.20,187.00,279.00,1.02,42957356,2026-09-23T03:41:38Z
B,orig,2f_top28,async_win,128,7,0,0.00,100.00,474.94,324.47,228.62,33.99,61.86,27.00,799.41,508.93,2.14,187.00,279.00,1.02,42957372,2026-09-23T03:41:38Z
B,orig,2f_top100,async,128,7,0,0.00,100.00,552.70,425.06,230.09,194.97,,,977.76,747.67,2.24,183.00,289.00,1.02,42959332,2026-09-23T03:41:38Z
B,orig,2f_top100,async_win,128,7,0,0.00,100.00,511.77,412.35,228.23,118.70,65.41,98.00,924.12,630.47,2.15,183.00,290.00,1.02,42958500,2026-09-23T03:41:39Z
B,orig,2f_top500,async,128,7,0,0.00,100.00,488.07,1075.80,229.71,846.09,,,1563.87,1334.16,2.17,184.00,334.00,1.02,42959216,2026-09-23T03:41:39Z
B,orig,2f_top500,async_win,128,7,0,0.00,100.00,492.93,1006.45,233.03,646.41,127.01,439.00,1499.38,1139.34,2.17,184.00,336.00,1.02,42959376,2026-09-23T03:41:39Z
B,orig,2f_slru,async,128,7,0,0.00,100.00,96.51,7118.37,227.62,6890.76,,,7214.88,6987.27,1.62,0.00,278.00,1.02,42956424,2026-09-23T03:41:40Z
B,orig,2f_slru,async_win,128,7,0,0.00,83.00,97.37,2531.90,230.60,1906.26,395.03,138.00,2629.27,2003.63,1.61,0.00,278.00,1.02,42957196,2026-09-23T03:41:40Z
B,orig,leaf_freq_K10,async,128,7,0,0.00,100.00,992.09,302.00,227.86,74.14,,,1294.09,1066.23,2.20,188.00,267.00,1.02,42960112,2026-09-23T03:41:40Z
B,orig,leaf_freq_K10,async_win,128,7,0,0.00,100.00,991.76,306.29,228.69,16.13,61.47,10.00,1298.05,1007.89,2.21,188.00,267.00,1.02,42961572,2026-09-23T03:41:41Z
B,orig,leaf_rand_K10,async,128,7,0,0.00,100.00,962.30,304.40,229.40,75.00,,,1266.70,1037.30,2.22,188.00,266.00,1.02,42943880,2026-09-23T03:41:41Z
B,orig,leaf_rand_K10,async_win,128,7,0,0.00,100.00,924.67,308.49,229.36,16.75,62.38,10.00,1233.16,941.42,2.16,188.00,265.00,1.02,42941164,2026-09-23T03:41:41Z
B,orig,learned_markov_14,async,128,7,0,0.00,100.00,545.89,307.93,227.58,80.35,,,853.82,626.24,2.19,187.00,275.00,1.02,42943616,2026-09-23T03:41:42Z
B,orig,learned_markov_14,async_win,128,7,0,0.00,100.00,545.54,312.66,229.18,21.76,61.72,13.00,858.20,567.30,2.19,187.00,275.00,1.02,42944048,2026-09-23T03:41:42Z
B,orig,learned_markov_28,async,128,7,0,0.00,100.00,548.04,327.88,229.05,98.83,,,875.92,646.87,2.20,186.00,279.00,1.02,42943976,2026-09-23T03:41:42Z
B,orig,learned_markov_28,async_win,128,7,0,0.00,100.00,548.97,328.14,228.71,37.46,61.97,27.00,877.11,586.43,2.20,186.00,279.00,1.02,42944800,2026-09-23T03:41:42Z
C,orig,layers_5,async,128,7,0,0.00,100.00,940.67,299.30,230.52,68.78,,,1239.97,1009.45,1.58,19.00,32.00,1.02,42945936,2026-09-23T03:41:43Z
C,orig,layers_5,async_win,128,7,0,0.00,100.00,1032.21,299.05,229.91,7.72,61.41,2.00,1331.26,1039.93,1.61,19.00,32.00,1.02,42945924,2026-09-23T03:41:43Z
C,orig,layers_92,async,128,7,0,0.00,100.00,659.63,447.84,242.19,205.65,,,1107.47,865.28,1.62,19.00,35.00,1.02,42948076,2026-09-23T03:41:43Z
C,orig,layers_92,async_win,128,7,0,0.00,100.00,660.87,420.51,227.69,126.75,66.07,87.00,1081.38,787.62,1.60,19.00,35.00,1.02,42966744,2026-09-23T03:41:44Z
C,orig,2d,async,128,7,0,0.00,100.00,658.69,305.52,236.49,69.04,,,964.21,727.73,1.59,19.00,35.00,1.02,42967388,2026-09-23T03:41:44Z
C,orig,2d,async_win,128,7,0,0.00,100.00,651.53,296.63,226.71,7.67,62.25,2.00,948.16,659.20,1.59,19.00,35.00,1.02,42967268,2026-09-23T03:41:44Z
C,orig,2e_K10,async,128,7,0,0.00,100.00,547.72,301.95,224.34,77.61,,,849.67,625.33,1.58,19.00,36.00,1.02,42968856,2026-09-23T03:41:44Z
C,orig,2e_K10,async_win,128,7,0,0.00,100.00,654.12,305.29,227.27,17.05,60.97,8.00,959.41,671.17,1.59,19.00,36.00,1.02,42968268,2026-09-23T03:41:45Z
C,orig,2e_K500,async,128,7,0,0.00,67.50,174.88,690.68,226.56,464.12,,,865.56,639.00,1.55,0.00,37.00,1.02,42968220,2026-09-23T03:41:45Z
C,orig,2e_K500,async_win,128,7,0,0.00,100.00,176.07,539.49,224.34,234.64,80.51,90.00,715.56,410.71,1.54,0.00,37.00,1.02,42968596,2026-09-23T03:41:45Z
C,orig,2f_top14,async,128,7,0,0.00,100.00,525.93,301.42,224.44,76.97,,,827.35,602.90,1.60,18.00,37.00,1.02,42970120,2026-09-23T03:41:45Z
C,orig,2f_top14,async_win,128,7,0,0.00,100.00,652.24,302.38,225.11,17.15,60.11,9.00,954.62,669.39,1.59,18.00,37.00,1.02,42969524,2026-09-23T03:41:46Z
C,orig,2f_top28,async,128,7,0,0.00,100.00,592.40,286.52,192.43,94.09,,,878.92,686.49,1.59,17.00,38.00,1.02,42969884,2026-09-23T03:41:46Z
C,orig,2f_top28,async_win,128,7,0,0.00,100.00,596.20,281.08,193.63,25.32,62.13,13.00,877.28,621.52,1.59,17.00,38.00,1.02,42969544,2026-09-23T03:41:46Z
C,orig,2f_top100,async,128,7,0,0.00,100.00,503.61,365.65,188.54,177.10,,,869.26,680.71,1.58,13.00,35.00,1.02,42960836,2026-09-23T03:41:46Z
C,orig,2f_top100,async_win,128,7,0,0.00,100.00,516.07,331.43,192.42,72.12,66.89,32.00,847.50,588.19,1.56,13.00,35.00,1.02,42960616,2026-09-23T03:41:47Z
C,orig,2f_top500,async,128,7,0,0.00,100.00,89.33,943.82,191.86,751.95,,,1033.15,841.28,1.52,0.00,37.00,1.02,42961404,2026-09-23T03:41:47Z
C,orig,2f_top500,async_win,128,7,0,0.00,100.00,89.81,494.79,193.51,214.89,86.38,15.00,584.60,304.70,1.52,0.00,37.00,1.02,42961336,2026-09-23T03:41:47Z
C,orig,2f_slru,async,128,7,0,0.00,100.00,87.47,985.32,190.05,795.27,,,1072.79,882.74,1.52,0.00,37.00,1.02,42963792,2026-09-23T03:41:47Z
C,orig,2f_slru,async_win,128,7,0,0.00,100.00,87.69,543.64,192.31,220.78,130.54,15.00,631.33,308.47,1.52,0.00,37.00,1.02,42963892,2026-09-23T03:41:48Z
C,orig,leaf_freq_K10,async,128,7,0,0.00,100.00,1163.99,263.55,191.65,71.89,,,1427.54,1235.88,1.58,19.00,33.00,1.02,42964112,2026-09-23T03:41:48Z
C,orig,leaf_freq_K10,async_win,128,7,0,0.00,100.00,1011.33,265.47,193.97,11.35,60.14,6.00,1276.80,1022.68,1.59,19.00,33.00,1.02,42963784,2026-09-23T03:41:48Z
C,orig,leaf_rand_K10,async,128,7,0,0.00,100.00,1016.32,266.39,190.78,75.61,,,1282.71,1091.93,1.59,19.00,32.00,1.02,42967152,2026-09-23T03:41:48Z
C,orig,leaf_rand_K10,async_win,128,7,0,0.00,100.00,1012.93,268.11,192.75,15.96,59.40,10.00,1281.04,1028.89,1.59,19.00,32.00,1.02,42969500,2026-09-23T03:41:49Z
C,orig,learned_markov_14,async,128,7,0,0.00,100.00,505.01,266.71,186.55,80.16,,,771.72,585.17,1.59,18.00,37.00,1.10,42957672,2026-09-23T03:41:49Z
C,orig,learned_markov_14,async_win,128,7,0,0.00,100.00,656.02,271.34,194.74,15.86,60.74,9.00,927.36,671.88,1.58,18.00,37.00,1.10,42957832,2026-09-23T03:41:49Z
C,orig,learned_markov_28,async,128,7,0,0.00,100.00,546.75,289.55,195.23,94.33,,,836.30,641.08,1.57,17.00,38.00,1.10,42959544,2026-09-23T03:41:49Z
C,orig,learned_markov_28,async_win,128,7,0,0.00,100.00,588.59,280.76,192.05,27.13,61.58,13.00,869.35,615.72,1.60,17.00,38.00,1.10,42960628,2026-09-23T03:41:50Z
C_hit,orig,layers_5,async,128,7,0,0.00,100.00,1003.48,258.20,190.64,67.56,,,1261.68,1071.04,1.68,39.00,60.00,1.10,42960548,2026-09-23T03:41:50Z
C_hit,orig,layers_5,async_win,128,7,0,0.00,100.00,1027.95,258.21,190.15,7.58,60.48,2.00,1286.16,1035.53,1.67,39.00,60.00,1.10,42961408,2026-09-23T03:41:50Z
C_hit,orig,layers_92,async,128,7,0,0.00,100.00,654.84,380.91,191.69,189.22,,,1035.75,844.06,1.68,39.00,61.00,1.10,42962356,2026-09-23T03:41:50Z
C_hit,orig,layers_92,async_win,128,7,0,0.00,100.00,656.43,365.06,192.74,108.09,64.22,87.00,1021.49,764.52,1.68,39.00,61.00,1.10,42961868,2026-09-23T03:41:51Z
C_hit,orig,2d,async,128,7,0,0.00,100.00,662.36,261.59,194.16,67.44,,,923.95,729.80,1.66,39.00,61.00,1.10,42962540,2026-09-23T03:41:51Z
C_hit,orig,2d,async_win,128,7,0,0.00,100.00,656.88,263.56,194.51,8.28,60.77,3.00,920.44,665.16,1.67,39.00,61.00,1.10,42960356,2026-09-23T03:41:51Z
C_hit,orig,2e_K10,async,128,7,0,0.00,100.00,632.09,272.44,192.17,80.27,,,904.53,712.36,1.68,39.00,62.00,1.10,42946420,2026-09-23T03:41:52Z
C_hit,orig,2e_K10,async_win,128,7,0,0.00,100.00,657.43,271.65,194.69,15.69,61.27,6.00,929.08,673.12,1.66,39.00,62.00,1.10,42947764,2026-09-23T03:41:52Z
C_hit,orig,2e_K500,async,128,7,0,0.00,48.10,177.50,890.80,192.14,698.66,,,1068.30,876.16,1.58,12.00,62.00,1.10,42946240,2026-09-23T03:41:52Z
C_hit,orig,2e_K500,async_win,128,7,0,0.00,32.70,172.21,629.04,192.14,345.70,91.20,139.00,801.25,517.91,1.58,12.00,62.00,1.10,42947220,2026-09-23T03:41:52Z
C_hit,orig,2f_top14,async,128,7,0,0.00,100.00,529.43,275.47,195.60,79.87,,,804.90,609.30,1.67,39.00,62.00,1.10,42948832,2026-09-23T03:41:53Z
C_hit,orig,2f_top14,async_win,128,7,0,0.00,100.00,603.65,271.15,194.74,14.70,61.72,6.00,874.80,618.35,1.67,39.00,62.00,1.10,42949060,2026-09-23T03:41:53Z
C_hit,orig,2f_top28,async,128,7,0,0.00,100.00,665.79,292.57,196.65,95.92,,,958.36,761.71,1.68,38.00,62.00,1.10,42949688,2026-09-23T03:41:53Z
C_hit,orig,2f_top28,async_win,128,7,0,0.00,100.00,536.35,281.36,195.59,22.79,62.98,8.00,817.71,559.14,1.66,38.00,62.00,1.10,42949956,2026-09-23T03:41:53Z
C_hit,orig,2f_top100,async,128,7,0,0.00,100.00,512.88,369.64,192.02,177.62,,,882.52,690.50,1.68,33.00,64.00,1.10,42949964,2026-09-23T03:41:54Z
C_hit,orig,2f_top100,async_win,128,7,0,0.00,63.00,628.02,327.20,192.52,68.97,65.71,28.00,955.22,696.99,1.65,33.00,64.00,1.09,42950064,2026-09-23T03:41:54Z
C_hit,orig,2f_top500,async,128,7,0,0.00,43.00,176.86,855.99,194.50,661.49,,,1032.85,838.35,1.59,12.00,63.00,1.09,42948524,2026-09-23T03:41:54Z
C_hit,orig,2f_top500,async_win,128,7,0,0.00,32.80,180.51,615.32,189.01,335.59,90.72,138.00,795.83,516.10,1.59,12.00,63.00,1.09,42950724,2026-09-23T03:41:54Z
C_hit,orig,2f_slru,async,128,7,0,0.00,100.00,91.85,1568.36,192.08,1376.28,,,1660.21,1468.13,1.57,0.00,62.00,1.09,42951332,2026-09-23T03:41:55Z
C_hit,orig,2f_slru,async_win,128,7,0,0.00,100.00,90.94,721.60,195.58,404.67,121.35,29.00,812.54,495.61,1.60,0.00,62.00,1.09,42952304,2026-09-23T03:41:55Z
C_hit,orig,leaf_freq_K10,async,128,7,0,0.00,100.00,836.92,265.75,187.55,78.20,,,1102.67,915.12,1.68,39.00,60.00,1.09,42953280,2026-09-23T03:41:55Z
C_hit,orig,leaf_freq_K10,async_win,128,7,0,0.00,40.00,1905.15,1172.88,813.03,9.50,350.35,3.00,3078.03,1914.65,1.80,39.00,60.00,1.09,42955508,2026-09-23T03:41:55Z
C_hit,orig,leaf_rand_K10,async,128,7,0,0.00,100.00,2024.34,902.29,821.92,80.36,,,2926.63,2104.70,1.80,39.00,60.00,1.09,42955752,2026-09-23T03:41:56Z
C_hit,orig,leaf_rand_K10,async_win,128,7,0,0.00,100.00,977.61,268.51,192.87,14.45,61.20,10.00,1246.12,992.06,1.67,39.00,60.00,1.09,42955596,2026-09-23T03:41:56Z
C_hit,orig,learned_markov_14,async,128,7,0,0.00,100.00,627.70,271.38,192.12,79.26,,,899.08,706.96,1.69,39.00,62.00,1.09,42957764,2026-09-23T03:41:56Z
C_hit,orig,learned_markov_14,async_win,128,7,0,0.00,100.00,661.57,269.99,193.63,15.49,60.86,6.00,931.56,677.06,1.67,39.00,62.00,1.09,42958224,2026-09-23T03:41:57Z
C_hit,orig,learned_markov_28,async,128,7,0,0.00,100.00,659.15,286.18,191.72,94.46,,,945.33,753.61,1.66,38.00,62.00,1.09,42958440,2026-09-23T03:41:57Z
C_hit,orig,learned_markov_28,async_win,128,7,0,0.00,100.00,599.32,278.23,194.41,22.28,61.55,8.00,877.55,621.60,1.67,38.00,62.00,1.09,42954500,2026-09-23T03:41:57Z
A,orig,baseline,baseline,128,8,0,0.00,0.00,880.98,0.00,0.00,0.00,,,880.98,880.98,2.09,187.00,257.00,1.09,42954724,2026-09-23T03:41:57Z
B,orig,baseline,baseline,128,8,0,0.00,0.00,979.14,0.00,0.00,0.00,,,979.14,979.14,2.16,188.00,265.00,1.09,42955360,2026-09-23T03:41:58Z
C,orig,baseline,baseline,128,8,0,0.00,0.00,1068.89,0.00,0.00,0.00,,,1068.89,1068.89,1.59,19.00,32.00,1.09,42956792,2026-09-23T03:41:58Z
C_hit,orig,baseline,baseline,128,8,0,0.00,0.00,1007.31,0.00,0.00,0.00,,,1007.31,1007.31,1.68,39.00,60.00,1.09,42958372,2026-09-23T03:41:58Z
A,orig,layers_5,async,128,8,0,0.00,100.00,867.95,263.45,194.31,69.14,,,1131.40,937.09,2.16,186.00,259.00,1.09,42958272,2026-09-23T03:41:59Z
A,orig,layers_5,async_win,128,8,0,0.00,100.00,869.88,265.76,196.77,7.80,61.19,2.00,1135.64,877.68,2.13,186.00,259.00,1.08,42958132,2026-09-23T03:41:59Z
A,orig,layers_92,async,128,8,0,0.00,100.00,480.29,388.25,196.65,191.60,,,868.54,671.89,2.12,185.00,265.00,1.08,42958128,2026-09-23T03:41:59Z
A,orig,layers_92,async_win,128,8,0,0.00,100.00,474.83,375.11,196.35,112.71,66.04,87.00,849.94,587.54,2.13,185.00,265.00,1.08,42958596,2026-09-23T03:41:59Z
A,orig,2d,async,128,8,0,0.00,100.00,478.41,318.04,229.87,88.17,,,796.45,566.58,2.14,185.00,265.00,1.08,42958876,2026-09-23T03:42:00Z
A,orig,2d,async_win,128,8,0,0.00,100.00,478.46,316.92,231.59,22.94,62.39,13.00,795.38,501.40,2.14,185.00,265.00,1.08,42959436,2026-09-23T03:42:00Z
A,orig,2e_K10,async,128,8,0,0.00,100.00,181.81,326.34,229.01,97.33,,,508.15,279.14,2.14,189.00,271.00,1.08,42959092,2026-09-23T03:42:00Z
A,orig,2e_K10,async_win,128,8,0,0.00,100.00,178.22,338.00,229.39,32.58,76.02,23.00,516.22,210.80,2.14,189.00,271.00,1.08,42959516,2026-09-23T03:42:01Z
A,orig,2e_K500,async,128,8,0,0.00,21.40,2968.14,912.14,228.95,683.19,,,3880.28,3651.33,2.14,186.00,396.00,1.08,42956968,2026-09-23T03:42:01Z
A,orig,2e_K500,async_win,128,8,0,0.00,100.00,180.24,1006.59,225.42,690.48,90.69,461.00,1186.83,870.72,2.11,186.00,399.00,1.08,42957408,2026-09-23T03:42:01Z
A,orig,2f_top14,async,128,8,0,0.00,100.00,477.07,311.97,231.93,80.04,,,789.04,557.11,2.14,187.00,266.00,1.08,42957732,2026-09-23T03:42:02Z
A,orig,2f_top14,async_win,128,8,0,0.00,100.00,478.64,311.29,229.56,20.92,60.80,13.00,789.93,499.56,2.11,187.00,266.00,1.08,42961308,2026-09-23T03:42:02Z
A,orig,2f_top28,async,128,8,0,0.00,100.00,181.02,328.50,229.43,99.07,,,509.52,280.09,2.14,188.00,276.00,1.08,42954140,2026-09-23T03:42:02Z
A,orig,2f_top28,async_win,128,8,0,0.00,100.00,181.09,327.15,229.16,35.35,62.65,27.00,508.24,216.44,2.14,188.00,277.00,1.08,42954764,2026-09-23T03:42:03Z
A,orig,2f_top100,async,128,8,0,0.00,100.00,181.60,431.03,229.41,201.62,,,612.63,383.22,2.12,188.00,313.00,1.08,42955180,2026-09-23T03:42:03Z
A,orig,2f_top100,async_win,128,8,0,0.00,100.00,182.18,420.55,229.68,125.58,65.29,97.00,602.73,307.76,2.13,188.00,313.00,1.08,42955260,2026-09-23T03:42:03Z
A,orig,2f_top500,async,128,8,0,0.00,15.80,2586.06,889.52,227.72,661.80,,,3475.58,3247.86,2.13,186.00,405.00,1.08,42956220,2026-09-23T03:42:04Z
A,orig,2f_top500,async_win,128,8,0,0.00,100.00,180.11,991.51,230.25,672.59,88.67,449.00,1171.62,852.70,2.09,186.00,405.00,1.08,42969408,2026-09-23T03:42:04Z
A,orig,2f_slru,async,128,8,0,0.00,100.00,96.77,7118.49,228.96,6889.53,,,7215.26,6986.30,1.56,0.00,278.00,1.08,42967616,2026-09-23T03:42:04Z
A,orig,2f_slru,async_win,128,8,0,0.00,88.90,98.70,2588.31,229.68,1945.90,412.73,138.00,2687.01,2044.60,1.59,0.00,278.00,1.08,42967980,2026-09-23T03:42:04Z
A,orig,leaf_freq_K10,async,128,8,0,0.00,100.00,579.74,306.83,229.11,77.72,,,886.57,657.46,2.11,191.00,263.00,1.08,42970996,2026-09-23T03:42:05Z
A,orig,leaf_freq_K10,async_win,128,8,0,0.00,100.00,574.97,303.64,227.08,14.69,61.88,10.00,878.61,589.66,2.12,191.00,263.00,1.08,42971448,2026-09-23T03:42:05Z
A,orig,leaf_rand_K10,async,128,8,0,0.00,100.00,877.10,304.65,227.63,77.03,,,1181.75,954.13,2.13,188.00,257.00,1.08,42972492,2026-09-23T03:42:05Z
A,orig,leaf_rand_K10,async_win,128,8,0,0.00,100.00,885.13,306.93,229.91,15.19,61.83,10.00,1192.06,900.32,2.13,188.00,257.00,1.08,42973844,2026-09-23T03:42:06Z
A,orig,learned_markov_14,async,128,8,0,0.00,100.00,417.25,307.64,227.72,79.92,,,724.89,497.17,2.13,185.00,267.00,1.08,42973832,2026-09-23T03:42:06Z
A,orig,learned_markov_14,async_win,128,8,0,0.00,100.00,473.90,310.99,230.28,19.41,61.30,13.00,784.89,493.31,2.09,185.00,266.00,1.08,42973408,2026-09-23T03:42:06Z
A,orig,learned_markov_28,async,128,8,0,0.00,100.00,476.87,324.60,228.05,96.55,,,801.47,573.42,2.11,185.00,269.00,1.08,42975000,2026-09-23T03:42:07Z
A,orig,learned_markov_28,async_win,128,8,0,0.00,100.00,478.57,326.09,229.39,34.16,62.54,26.00,804.66,512.73,2.13,185.00,268.00,1.08,42974864,2026-09-23T03:42:07Z
B,orig,layers_5,async,128,8,0,0.00,100.00,847.73,295.46,226.71,68.75,,,1143.19,916.48,2.15,190.00,265.00,1.08,42976104,2026-09-23T03:42:07Z
B,orig,layers_5,async_win,128,8,0,0.00,100.00,953.93,298.96,229.47,7.59,61.90,2.00,1252.89,961.52,2.20,190.00,265.00,1.08,42976208,2026-09-23T03:42:08Z
B,orig,layers_92,async,128,8,0,0.00,100.00,545.12,411.02,228.34,182.68,,,956.14,727.80,2.17,187.00,276.00,1.08,42975744,2026-09-23T03:42:08Z
B,orig,layers_92,async_win,128,8,0,0.00,100.00,548.05,400.31,230.47,103.42,66.42,87.00,948.36,651.47,2.21,187.00,276.00,1.08,42971304,2026-09-23T03:42:08Z
B,orig,2d,async,128,8,0,0.00,100.00,483.57,319.48,230.16,89.32,,,803.05,572.89,2.16,187.00,276.00,1.08,42976472,2026-09-23T03:42:08Z
B,orig,2d,async_win,128,8,0,0.00,100.00,509.95,312.64,226.83,23.48,62.33,13.00,822.59,533.43,2.14,187.00,276.00,1.07,42977604,2026-09-23T03:42:09Z
B,orig,2e_K10,async,128,8,0,0.00,100.00,578.41,330.53,228.82,101.71,,,908.94,680.12,2.19,187.00,278.00,1.07,42976872,2026-09-23T03:42:09Z
B,orig,2e_K10,async_win,128,8,0,0.00,100.00,541.82,324.95,228.39,35.98,60.58,23.00,866.77,577.80,2.19,187.00,278.00,1.07,42967012,2026-09-23T03:42:09Z
B,orig,2e_K500,async,128,8,0,0.00,100.00,488.68,1091.32,230.78,860.54,,,1580.00,1349.22,2.15,184.00,333.00,1.07,42967460,2026-09-23T03:42:10Z
B,orig,2e_K500,async_win,128,8,0,0.00,100.00,484.74,1000.20,228.12,677.13,94.95,449.00,1484.94,1161.87,2.14,184.00,333.00,1.07,42967648,2026-09-23T03:42:10Z
B,orig,2f_top14,async,128,8,0,0.00,100.00,478.29,304.70,225.44,79.26,,,782.99,557.55,2.18,187.00,276.00,1.07,42966900,2026-09-23T03:42:10Z
B,orig,2f_top14,async_win,128,8,0,0.00,100.00,513.10,309.26,228.00,19.31,61.96,13.00,822.36,532.41,2.19,187.00,276.00,1.07,42966936,2026-09-23T03:42:11Z
B,orig,2f_top28,async,128,8,0,0.00,100.00,511.86,332.86,229.76,103.09,,,844.72,614.95,2.17,187.00,279.00,1.07,42967224,2026-09-23T03:42:11Z
B,orig,2f_top28,async_win,128,8,0,0.00,100.00,554.45,330.13,229.85,37.07,63.21,27.00,884.58,591.52,2.20,187.00,279.00,1.07,42966544,2026-09-23T03:42:11Z
B,orig,2f_top100,async,128,8,0,0.00,100.00,582.97,433.31,232.86,200.46,,,1016.28,783.43,2.18,183.00,289.00,1.07,42966252,2026-09-23T03:42:12Z
B,orig,2f_top100,async_win,128,8,0,0.00,100.00,583.20,425.89,230.47,129.38,66.03,98.00,1009.09,712.58,2.18,183.00,289.00,1.07,42966824,2026-09-23T03:42:12Z
B,orig,2f_top500,async,128,8,0,0.00,100.00,492.90,1081.51,230.75,850.76,,,1574.41,1343.66,2.17,184.00,334.00,1.07,42967528,2026-09-23T03:42:12Z
B,orig,2f_top500,async_win,128,8,0,0.00,100.00,488.71,1022.04,229.17,663.47,129.40,439.00,1510.75,1152.18,2.19,184.00,332.00,1.07,42968516,2026-09-23T03:42:13Z
B,orig,2f_slru,async,128,8,0,0.00,100.00,96.47,7112.95,229.04,6883.91,,,7209.42,6980.38,1.63,0.00,278.00,1.07,42965156,2026-09-23T03:42:13Z
B,orig,2f_slru,async_win,128,8,0,0.00,83.00,95.67,2570.30,232.43,1941.86,396.01,138.00,2665.97,2037.53,1.61,0.00,278.00,1.07,42965996,2026-09-23T03:42:13Z
B,orig,leaf_freq_K10,async,128,8,0,0.00,100.00,867.32,307.73,229.60,78.13,,,1175.05,945.45,2.16,188.00,267.00,1.07,42956836,2026-09-23T03:42:13Z
B,orig,leaf_freq_K10,async_win,128,8,0,0.00,100.00,989.68,306.95,230.30,14.60,62.05,10.00,1296.63,1004.28,2.21,188.00,267.00,1.06,42958004,2026-09-23T03:42:14Z
B,orig,leaf_rand_K10,async,128,8,0,0.00,100.00,959.82,303.70,228.81,74.89,,,1263.52,1034.71,2.19,188.00,266.00,1.06,42958420,2026-09-23T03:42:14Z
B,orig,leaf_rand_K10,async_win,128,8,0,0.00,100.00,958.67,304.53,228.74,14.97,60.83,10.00,1263.20,973.64,2.21,188.00,266.00,1.06,42959768,2026-09-23T03:42:14Z
B,orig,learned_markov_14,async,128,8,0,0.00,100.00,513.32,307.45,228.67,78.78,,,820.77,592.10,2.16,187.00,275.00,1.06,42959552,2026-09-23T03:42:15Z
B,orig,learned_markov_14,async_win,128,8,0,0.00,100.00,517.02,313.23,228.27,22.72,62.24,13.00,830.25,539.74,2.22,187.00,275.00,1.06,42962692,2026-09-23T03:42:15Z
B,orig,learned_markov_28,async,128,8,0,0.00,100.00,558.95,328.07,229.07,99.00,,,887.02,657.95,2.22,186.00,279.00,1.06,42962544,2026-09-23T03:42:15Z
B,orig,learned_markov_28,async_win,128,8,0,0.00,100.00,516.20,329.07,228.21,38.05,62.81,27.00,845.27,554.25,2.14,186.00,278.00,1.06,42962984,2026-09-23T03:42:16Z
C,orig,layers_5,async,128,8,0,0.00,100.00,1007.35,299.83,229.79,70.04,,,1307.18,1077.39,1.59,19.00,32.00,1.06,42964336,2026-09-23T03:42:16Z
C,orig,layers_5,async_win,128,8,0,0.00,100.00,1041.26,298.31,228.78,7.62,61.91,2.00,1339.57,1048.88,1.58,19.00,32.00,1.06,42964300,2026-09-23T03:42:16Z
C,orig,layers_92,async,128,8,0,0.00,100.00,593.87,424.36,227.29,197.07,,,1018.23,790.94,1.59,19.00,35.00,1.06,42964860,2026-09-23T03:42:16Z
C,orig,layers_92,async_win,128,8,0,0.00,100.00,657.50,403.32,225.20,112.38,65.73,87.00,1060.82,769.88,1.59,19.00,35.00,1.06,42965512,2026-09-23T03:42:17Z
C,orig,2d,async,128,8,0,0.00,100.00,661.85,298.65,230.26,68.39,,,960.50,730.24,1.63,19.00,35.00,1.06,42965720,2026-09-23T03:42:17Z
C,orig,2d,async_win,128,8,0,0.00,100.00,654.25,297.44,229.32,7.20,60.91,2.00,951.69,661.45,1.60,19.00,35.00,1.06,42965792,2026-09-23T03:42:17Z
C,orig,2e_K10,async,128,8,0,0.00,100.00,529.02,305.95,226.34,79.61,,,834.97,608.63,1.58,19.00,36.00,1.06,42966504,2026-09-23T03:42:17Z
C,orig,2e_K10,async_win,128,8,0,0.00,100.00,558.73,305.58,228.92,15.43,61.23,8.00,864.31,574.16,1.59,19.00,36.00,1.06,42966912,2026-09-23T03:42:18Z
C,orig,2e_K500,async,128,8,0,0.00,60.40,176.62,682.09,226.62,455.48,,,858.71,632.10,1.52,0.00,37.00,1.06,42967072,2026-09-23T03:42:18Z
C,orig,2e_K500,async_win,128,8,0,0.00,100.00,176.75,532.92,225.69,224.62,82.61,90.00,709.67,401.37,1.52,0.00,37.00,1.06,42966728,2026-09-23T03:42:18Z
C,orig,2f_top14,async,128,8,0,0.00,100.00,537.54,302.57,225.46,77.11,,,840.11,614.65,1.60,18.00,37.00,1.06,42967980,2026-09-23T03:42:18Z
C,orig,2f_top14,async_win,128,8,0,0.00,100.00,591.52,300.19,222.58,16.45,61.16,9.00,891.71,607.97,1.59,18.00,37.00,1.14,42962512,2026-09-23T03:42:19Z
C,orig,2f_top28,async,128,8,0,0.00,100.00,659.46,289.12,195.65,93.48,,,948.58,752.94,1.60,17.00,38.00,1.14,42962380,2026-09-23T03:42:19Z
C,orig,2f_top28,async_win,128,8,0,0.00,100.00,600.63,281.02,194.28,25.07,61.67,13.00,881.65,625.70,1.61,17.00,38.00,1.14,42964224,2026-09-23T03:42:19Z
C,orig,2f_top100,async,128,8,0,0.00,100.00,518.81,402.15,221.34,180.81,,,920.96,699.62,1.57,13.00,35.00,1.14,42964652,2026-09-23T03:42:20Z
C,orig,2f_top100,async_win,128,8,0,0.00,100.00,544.80,359.62,222.12,72.59,64.91,32.00,904.42,617.39,1.56,13.00,35.00,1.14,42964260,2026-09-23T03:42:20Z
C,orig,2f_top500,async,128,8,0,0.00,100.00,88.85,984.10,219.47,764.63,,,1072.95,853.48,1.53,0.00,37.00,1.14,42964684,2026-09-23T03:42:20Z
C,orig,2f_top500,async_win,128,8,0,0.00,100.00,90.03,529.11,221.72,220.01,87.37,15.00,619.14,310.04,1.52,0.00,37.00,1.14,42966696,2026-09-23T03:42:20Z
C,orig,2f_slru,async,128,8,0,0.00,100.00,92.83,1008.07,222.74,785.33,,,1100.90,878.16,1.54,0.00,37.00,1.14,42966556,2026-09-23T03:42:21Z
C,orig,2f_slru,async_win,128,8,0,0.00,100.00,91.88,567.92,222.78,218.89,126.25,15.00,659.80,310.77,1.52,0.00,37.00,1.14,42965184,2026-09-23T03:42:21Z
C,orig,leaf_freq_K10,async,128,8,0,0.00,100.00,1132.37,294.22,220.84,73.39,,,1426.59,1205.76,1.60,19.00,33.00,1.14,42964572,2026-09-23T03:42:21Z
C,orig,leaf_freq_K10,async_win,128,8,0,0.00,100.00,1049.48,293.48,221.35,11.62,60.51,6.00,1342.96,1061.10,1.61,19.00,33.00,1.14,42961788,2026-09-23T03:42:21Z
C,orig,leaf_rand_K10,async,128,8,0,0.00,100.00,1049.19,297.98,222.78,75.20,,,1347.17,1124.39,1.59,19.00,32.00,1.14,42961472,2026-09-23T03:42:22Z
C,orig,leaf_rand_K10,async_win,128,8,0,0.00,100.00,1012.35,299.15,223.63,14.15,61.38,10.00,1311.50,1026.50,1.60,19.00,32.00,1.14,42962152,2026-09-23T03:42:22Z
C,orig,learned_markov_14,async,128,8,0,0.00,100.00,558.08,298.36,221.01,77.35,,,856.44,635.43,1.60,18.00,37.00,1.14,42962260,2026-09-23T03:42:22Z
C,orig,learned_markov_14,async_win,128,8,0,0.00,100.00,557.71,298.67,221.45,15.80,61.42,9.00,856.38,573.51,1.57,18.00,37.00,1.14,42962904,2026-09-23T03:42:22Z
C,orig,learned_markov_28,async,128,8,0,0.00,100.00,620.63,320.98,224.50,96.48,,,941.61,717.11,1.60,17.00,38.00,1.14,42963856,2026-09-23T03:42:23Z
C,orig,learned_markov_28,async_win,128,8,0,0.00,100.00,560.56,315.03,224.26,28.84,61.93,13.00,875.59,589.40,1.58,17.00,38.00,1.14,42962772,2026-09-23T03:42:23Z
C_hit,orig,layers_5,async,128,8,0,0.00,100.00,1001.65,290.99,222.59,68.40,,,1292.64,1070.05,1.68,39.00,60.00,1.14,42963512,2026-09-23T03:42:23Z
C_hit,orig,layers_5,async_win,128,8,0,0.00,100.00,1000.02,292.77,224.96,7.54,60.26,2.00,1292.79,1007.56,1.69,39.00,60.00,1.14,42964520,2026-09-23T03:42:23Z
C_hit,orig,layers_92,async,128,8,0,0.00,100.00,653.59,423.08,221.49,201.59,,,1076.67,855.18,1.68,39.00,61.00,1.13,42963724,2026-09-23T03:42:24Z
C_hit,orig,layers_92,async_win,128,8,0,0.00,100.00,653.16,403.51,223.06,115.53,64.92,87.00,1056.67,768.69,1.67,39.00,61.00,1.13,42952192,2026-09-23T03:42:24Z
C_hit,orig,2d,async,128,8,0,0.00,100.00,622.26,291.75,223.19,68.56,,,914.01,690.82,1.67,39.00,61.00,1.13,42959304,2026-09-23T03:42:24Z
C_hit,orig,2d,async_win,128,8,0,0.00,100.00,623.05,291.03,222.69,7.88,60.46,3.00,914.08,630.93,1.68,39.00,61.00,1.13,42980048,2026-09-23T03:42:24Z
C_hit,orig,2e_K10,async,128,8,0,0.00,100.00,624.02,299.56,219.99,79.57,,,923.58,703.59,1.67,39.00,62.00,1.13,42979472,2026-09-23T03:42:25Z
C_hit,orig,2e_K10,async_win,128,8,0,0.00,100.00,625.80,299.06,222.18,15.35,61.54,6.00,924.86,641.15,1.67,39.00,62.00,1.13,42980064,2026-09-23T03:42:25Z
C_hit,orig,2e_K500,async,128,8,0,0.00,46.90,173.97,911.72,222.16,689.57,,,1085.69,863.54,1.60,12.00,62.00,1.13,42980112,2026-09-23T03:42:25Z
C_hit,orig,2e_K500,async_win,128,8,0,0.00,31.70,175.06,666.20,221.32,353.07,91.81,139.00,841.26,528.13,1.58,12.00,62.00,1.13,42980564,2026-09-23T03:42:25Z
C_hit,orig,2f_top14,async,128,8,0,0.00,100.00,528.88,297.82,220.02,77.80,,,826.70,606.68,1.66,39.00,62.00,1.13,42981384,2026-09-23T03:42:26Z
C_hit,orig,2f_top14,async_win,128,8,0,0.00,100.00,594.84,303.65,223.34,15.34,64.97,6.00,898.49,610.18,1.66,39.00,62.00,1.13,42981980,2026-09-23T03:42:26Z
C_hit,orig,2f_top28,async,128,8,0,0.00,100.00,636.14,317.32,223.45,93.87,,,953.46,730.01,1.67,38.00,62.00,1.13,42981088,2026-09-23T03:42:26Z
C_hit,orig,2f_top28,async_win,128,8,0,0.00,100.00,535.50,301.50,216.35,23.36,61.79,8.00,837.00,558.86,1.66,38.00,62.00,1.13,42981940,2026-09-23T03:42:27Z
C_hit,orig,2f_top100,async,128,8,0,0.00,100.00,519.89,405.03,225.67,179.36,,,924.92,699.25,1.67,33.00,64.00,1.13,42982328,2026-09-23T03:42:27Z
C_hit,orig,2f_top100,async_win,128,8,0,0.00,69.00,624.63,359.95,223.14,69.76,67.05,28.00,984.58,694.39,1.65,33.00,64.00,1.13,42982652,2026-09-23T03:42:27Z
C_hit,orig,2f_top500,async,128,8,0,0.00,45.40,176.37,893.11,220.88,672.23,,,1069.48,848.60,1.58,12.00,63.00,1.13,42982068,2026-09-23T03:42:27Z
C_hit,orig,2f_top500,async_win,128,8,0,0.00,32.80,179.49,639.68,224.58,324.50,90.60,138.00,819.17,503.99,1.58,12.00,63.00,1.13,42982520,2026-09-23T03:42:28Z
C_hit,orig,2f_slru,async,128,8,0,0.00,100.00,91.46,1649.82,222.06,1427.76,,,1741.28,1519.22,1.55,0.00,62.00,1.13,42983884,2026-09-23T03:42:28Z
C_hit,orig,2f_slru,async_win,128,8,0,0.00,100.00,91.24,756.36,222.85,405.71,127.80,29.00,847.60,496.95,1.54,0.00,62.00,1.13,42983404,2026-09-23T03:42:28Z
C_hit,orig,leaf_freq_K10,async,128,8,0,0.00,100.00,990.37,293.47,219.43,74.04,,,1283.84,1064.41,1.68,39.00,60.00,1.13,42982104,2026-09-23T03:42:28Z
C_hit,orig,leaf_freq_K10,async_win,128,8,0,0.00,100.00,887.83,293.76,222.30,9.81,61.66,3.00,1181.59,897.64,1.68,39.00,60.00,1.13,42982352,2026-09-23T03:42:29Z
C_hit,orig,leaf_rand_K10,async,128,8,0,0.00,100.00,1012.46,296.73,221.33,75.40,,,1309.19,1087.86,1.68,39.00,60.00,1.12,42981508,2026-09-23T03:42:29Z
C_hit,orig,leaf_rand_K10,async_win,128,8,0,0.00,100.00,1036.68,299.34,222.56,15.42,61.37,10.00,1336.02,1052.10,1.68,39.00,60.00,1.12,42961220,2026-09-23T03:42:29Z
C_hit,orig,learned_markov_14,async,128,8,0,0.00,100.00,600.88,302.28,222.41,79.87,,,903.16,680.75,1.68,39.00,62.00,1.12,42966196,2026-09-23T03:42:29Z
C_hit,orig,learned_markov_14,async_win,128,8,0,0.00,100.00,659.51,298.16,220.84,16.65,60.67,6.00,957.67,676.16,1.68,39.00,62.00,1.12,42951476,2026-09-23T03:42:30Z
C_hit,orig,learned_markov_28,async,128,8,0,0.00,100.00,658.04,317.22,223.02,94.20,,,975.26,752.24,1.69,38.00,62.00,1.12,42951232,2026-09-23T03:42:30Z
C_hit,orig,learned_markov_28,async_win,128,8,0,0.00,100.00,534.21,307.57,221.98,23.79,61.81,8.00,841.78,558.00,1.66,38.00,62.00,1.12,42951260,2026-09-23T03:42:30Z
A,orig,baseline,baseline,128,9,0,0.00,0.00,883.96,0.00,0.00,0.00,,,883.96,883.96,2.11,187.00,257.00,1.12,42952200,2026-09-23T03:42:31Z
B,orig,baseline,baseline,128,9,0,0.00,0.00,977.49,0.00,0.00,0.00,,,977.49,977.49,2.18,188.00,265.00,1.12,42952504,2026-09-23T03:42:31Z
C,orig,baseline,baseline,128,9,0,0.00,0.00,1063.01,0.00,0.00,0.00,,,1063.01,1063.01,1.60,19.00,32.00,1.12,42950560,2026-09-23T03:42:31Z
C_hit,orig,baseline,baseline,128,9,0,0.00,0.00,1056.29,0.00,0.00,0.00,,,1056.29,1056.29,1.67,39.00,60.00,1.12,42951152,2026-09-23T03:42:31Z
A,orig,layers_5,async,128,9,0,0.00,100.00,867.98,265.09,195.82,69.27,,,1133.07,937.25,2.14,186.00,259.00,1.12,42950756,2026-09-23T03:42:32Z
A,orig,layers_5,async_win,128,9,0,0.00,100.00,866.30,265.10,195.95,7.71,61.44,2.00,1131.40,874.01,2.13,186.00,259.00,1.12,42950868,2026-09-23T03:42:32Z
A,orig,layers_92,async,128,9,0,0.00,100.00,474.64,390.93,195.65,195.28,,,865.57,669.92,2.13,185.00,264.00,1.12,42950904,2026-09-23T03:42:32Z
A,orig,layers_92,async_win,128,9,0,0.00,100.00,477.87,370.34,197.45,106.83,66.05,87.00,848.21,584.70,2.15,185.00,265.00,1.12,42951464,2026-09-23T03:42:33Z
A,orig,2d,async,128,9,0,0.00,100.00,475.48,311.40,227.60,83.80,,,786.88,559.28,2.10,185.00,264.00,1.12,42951860,2026-09-23T03:42:33Z
A,orig,2d,async_win,128,9,0,0.00,100.00,474.55,313.15,230.25,20.85,62.05,13.00,787.70,495.40,2.10,185.00,265.00,1.12,42951092,2026-09-23T03:42:33Z
A,orig,2e_K10,async,128,9,0,0.00,100.00,179.62,326.14,229.02,97.12,,,505.76,276.74,2.16,189.00,270.00,1.12,42951396,2026-09-23T03:42:34Z
A,orig,2e_K10,async_win,128,9,0,0.00,100.00,184.29,323.82,230.05,31.42,62.35,23.00,508.11,215.71,2.14,189.00,271.00,1.11,42950840,2026-09-23T03:42:34Z
A,orig,2e_K500,async,128,9,0,0.00,10.40,3471.01,914.98,228.70,686.28,,,4385.99,4157.29,2.12,186.00,397.00,1.11,42950736,2026-09-23T03:42:34Z
A,orig,2e_K500,async_win,128,9,0,0.00,100.00,178.28,1003.14,228.25,683.41,91.47,461.00,1181.42,861.69,2.10,186.00,397.00,1.11,42952496,2026-09-23T03:42:35Z
A,orig,2f_top14,async,128,9,0,0.00,100.00,478.03,308.59,229.37,79.22,,,786.62,557.25,2.09,187.00,265.00,1.11,42954284,2026-09-23T03:42:35Z
A,orig,2f_top14,async_win,128,9,0,0.00,100.00,477.10,308.26,228.18,18.38,61.71,13.00,785.36,495.48,2.10,187.00,266.00,1.11,42954028,2026-09-23T03:42:35Z
A,orig,2f_top28,async,128,9,0,0.00,100.00,179.98,324.38,228.13,96.25,,,504.36,276.23,2.15,188.00,277.00,1.11,42956080,2026-09-23T03:42:35Z
A,orig,2f_top28,async_win,128,9,0,0.00,100.00,179.82,326.13,230.81,33.35,61.97,27.00,505.95,213.17,2.14,188.00,277.00,1.11,42956124,2026-09-23T03:42:36Z
A,orig,2f_top100,async,128,9,0,0.00,100.00,182.20,425.58,228.95,196.63,,,607.78,378.83,2.15,188.00,313.00,1.11,42955964,2026-09-23T03:42:36Z
A,orig,2f_top100,async_win,128,9,0,0.00,100.00,182.31,420.76,229.86,125.08,65.82,97.00,603.07,307.39,2.12,188.00,312.00,1.11,42956176,2026-09-23T03:42:36Z
A,orig,2f_top500,async,128,9,0,0.00,13.40,3490.13,871.20,227.98,643.22,,,4361.33,4133.35,2.13,186.00,405.00,1.11,42956396,2026-09-23T03:42:37Z
A,orig,2f_top500,async_win,128,9,0,0.00,100.00,180.00,978.17,227.74,659.69,90.74,449.00,1158.17,839.69,2.09,186.00,404.00,1.11,42956892,2026-09-23T03:42:37Z
A,orig,2f_slru,async,128,9,0,0.00,100.00,97.03,7090.27,230.57,6859.70,,,7187.30,6956.73,1.56,0.00,278.00,1.11,42954004,2026-09-23T03:42:37Z
A,orig,2f_slru,async_win,128,9,0,0.00,88.90,98.39,2630.41,234.53,1984.66,411.21,138.00,2728.80,2083.05,1.56,0.00,278.00,1.11,42955300,2026-09-23T03:42:38Z
A,orig,leaf_freq_K10,async,128,9,0,0.00,100.00,575.73,301.93,227.62,74.31,,,877.66,650.04,2.07,191.00,263.00,1.11,42958532,2026-09-23T03:42:38Z
A,orig,leaf_freq_K10,async_win,128,9,0,0.00,100.00,575.79,306.70,231.62,13.77,61.30,10.00,882.49,589.56,2.11,191.00,263.00,1.11,42959720,2026-09-23T03:42:38Z
A,orig,leaf_rand_K10,async,128,9,0,0.00,100.00,878.49,304.52,228.11,76.41,,,1183.01,954.90,2.13,188.00,257.00,1.11,42960812,2026-09-23T03:42:38Z
A,orig,leaf_rand_K10,async_win,128,9,0,0.00,100.00,877.59,311.61,229.46,19.18,62.97,10.00,1189.20,896.77,2.15,188.00,257.00,1.10,42960560,2026-09-23T03:42:39Z
A,orig,learned_markov_14,async,128,9,0,0.00,100.00,473.88,308.62,229.43,79.19,,,782.50,553.07,2.09,185.00,266.00,1.10,42960600,2026-09-23T03:42:39Z
A,orig,learned_markov_14,async_win,128,9,0,0.00,100.00,481.09,310.97,229.57,18.80,62.60,13.00,792.06,499.89,2.13,185.00,267.00,1.10,42961328,2026-09-23T03:42:39Z
A,orig,learned_markov_28,async,128,9,0,0.00,100.00,475.12,323.98,228.24,95.74,,,799.10,570.86,2.10,185.00,268.00,1.10,42956004,2026-09-23T03:42:40Z
A,orig,learned_markov_28,async_win,128,9,0,0.00,100.00,474.43,325.98,228.79,34.02,63.17,26.00,800.41,508.45,2.13,185.00,269.00,1.10,42969360,2026-09-23T03:42:40Z
B,orig,layers_5,async,128,9,0,0.00,100.00,960.16,297.75,226.68,71.07,,,1257.91,1031.23,2.20,190.00,265.00,1.10,42970004,2026-09-23T03:42:40Z
B,orig,layers_5,async_win,128,9,0,0.00,100.00,956.48,298.80,228.77,8.12,61.92,2.00,1255.28,964.60,2.19,190.00,265.00,1.10,42970740,2026-09-23T03:42:41Z
B,orig,layers_92,async,128,9,0,0.00,100.00,481.68,410.28,228.63,181.65,,,891.96,663.33,2.16,187.00,276.00,1.10,42970212,2026-09-23T03:42:41Z
B,orig,layers_92,async_win,128,9,0,0.00,100.00,550.50,400.75,229.41,104.94,66.40,87.00,951.25,655.44,2.19,187.00,276.00,1.10,42970604,2026-09-23T03:42:41Z
B,orig,2d,async,128,9,0,0.00,100.00,486.16,318.54,233.96,84.58,,,804.70,570.74,2.16,187.00,276.00,1.10,42972116,2026-09-23T03:42:42Z
B,orig,2d,async_win,128,9,0,0.00,100.00,509.54,313.58,229.63,21.98,61.97,13.00,823.12,531.52,2.17,187.00,276.00,1.10,42972012,2026-09-23T03:42:42Z
B,orig,2e_K10,async,128,9,0,0.00,100.00,512.37,323.71,226.72,96.99,,,836.08,609.36,2.16,187.00,278.00,1.10,42970984,2026-09-23T03:42:42Z
B,orig,2e_K10,async_win,128,9,0,0.00,100.00,510.34,321.92,225.13,33.31,63.47,23.00,832.26,543.65,2.15,187.00,278.00,1.10,42972128,2026-09-23T03:42:43Z
B,orig,2e_K500,async,128,9,0,0.00,100.00,486.88,1065.59,227.85,837.75,,,1552.47,1324.63,2.17,184.00,334.00,1.10,42972128,2026-09-23T03:42:43Z
B,orig,2e_K500,async_win,128,9,0,0.00,100.00,486.91,987.99,230.04,668.30,89.65,449.00,1474.90,1155.21,2.14,184.00,335.00,1.10,42972284,2026-09-23T03:42:43Z
B,orig,2f_top14,async,128,9,0,0.00,100.00,551.18,311.71,230.96,80.74,,,862.89,631.92,2.20,187.00,276.00,1.10,42972264,2026-09-23T03:42:44Z
B,orig,2f_top14,async_win,128,9,0,0.00,100.00,580.29,313.02,228.81,22.39,61.82,13.00,893.31,602.68,2.21,187.00,276.00,1.09,42972400,2026-09-23T03:42:44Z
B,orig,2f_top28,async,128,9,0,0.00,100.00,517.38,327.44,226.89,100.55,,,844.82,617.93,2.14,187.00,280.00,1.09,42973156,2026-09-23T03:42:44Z
B,orig,2f_top28,async_win,128,9,0,0.00,100.00,509.42,325.38,227.77,34.48,63.13,27.00,834.80,543.90,2.15,187.00,279.00,1.09,42973336,2026-09-23T03:42:44Z
B,orig,2f_top100,async,128,9,0,0.00,100.00,516.18,427.18,228.08,199.10,,,943.36,715.28,2.19,183.00,289.00,1.09,42974036,2026-09-23T03:42:45Z
B,orig,2f_top100,async_win,128,9,0,0.00,100.00,585.00,421.87,228.64,125.70,67.54,98.00,1006.87,710.70,2.23,183.00,289.00,1.09,42964184,2026-09-23T03:42:45Z
B,orig,2f_top500,async,128,9,0,0.00,100.00,492.02,1189.58,229.61,959.97,,,1681.60,1451.99,2.17,184.00,334.00,1.09,42966452,2026-09-23T03:42:45Z
B,orig,2f_top500,async_win,128,9,0,0.00,100.00,487.96,1005.66,229.08,648.75,127.83,439.00,1493.62,1136.71,2.14,184.00,334.00,1.09,42966832,2026-09-23T03:42:46Z
B,orig,2f_slru,async,128,9,0,0.00,100.00,98.47,7125.27,229.24,6896.02,,,7223.74,6994.49,1.66,0.00,278.00,1.09,42964044,2026-09-23T03:42:46Z
B,orig,2f_slru,async_win,128,9,0,0.00,80.90,96.17,2555.80,228.49,1926.16,401.14,138.00,2651.97,2022.33,1.60,0.00,278.00,1.09,42966888,2026-09-23T03:42:46Z
B,orig,leaf_freq_K10,async,128,9,0,0.00,100.00,971.26,309.54,230.50,79.04,,,1280.80,1050.30,2.25,188.00,267.00,1.09,42971376,2026-09-23T03:42:47Z
B,orig,leaf_freq_K10,async_win,128,9,0,0.00,100.00,926.56,302.67,229.27,14.85,58.55,10.00,1229.23,941.41,2.16,188.00,267.00,1.09,42971528,2026-09-23T03:42:47Z
B,orig,leaf_rand_K10,async,128,9,0,0.00,100.00,990.34,304.71,229.67,75.04,,,1295.05,1065.38,2.18,188.00,266.00,1.09,42970980,2026-09-23T03:42:47Z
B,orig,leaf_rand_K10,async_win,128,9,0,0.00,100.00,927.72,304.38,228.18,14.62,61.59,10.00,1232.10,942.34,2.20,188.00,266.00,1.09,42972160,2026-09-23T03:42:48Z
B,orig,learned_markov_14,async,128,9,0,0.00,100.00,512.31,316.27,236.97,79.31,,,828.58,591.62,2.19,187.00,275.00,1.09,42971212,2026-09-23T03:42:48Z
B,orig,learned_markov_14,async_win,128,9,0,0.00,100.00,583.93,325.01,240.72,22.06,62.23,13.00,908.94,605.99,2.20,187.00,275.00,1.09,42970524,2026-09-23T03:42:48Z
B,orig,learned_markov_28,async,128,9,0,0.00,100.00,514.97,324.41,227.02,97.39,,,839.38,612.36,2.18,186.00,279.00,1.09,42973556,2026-09-23T03:42:48Z
B,orig,learned_markov_28,async_win,128,9,0,0.00,100.00,520.66,325.71,228.88,34.23,62.61,27.00,846.37,554.89,2.20,186.00,278.00,1.08,42973216,2026-09-23T03:42:49Z
C,orig,layers_5,async,128,9,0,0.00,100.00,1007.56,294.84,225.07,69.77,,,1302.40,1077.33,1.57,19.00,32.00,1.08,42973872,2026-09-23T03:42:49Z
C,orig,layers_5,async_win,128,9,0,0.00,100.00,1034.47,296.87,228.28,7.50,61.09,2.00,1331.34,1041.97,1.58,19.00,32.00,1.08,42974980,2026-09-23T03:42:49Z
C,orig,layers_92,async,128,9,0,0.00,100.00,594.33,425.84,229.84,196.00,,,1020.17,790.33,1.60,19.00,35.00,1.08,42975632,2026-09-23T03:42:50Z
C,orig,layers_92,async_win,128,9,0,0.00,100.00,660.69,413.03,229.07,118.86,65.09,87.00,1073.72,779.55,1.59,19.00,35.00,1.08,42975584,2026-09-23T03:42:50Z
C,orig,2d,async,128,9,0,0.00,100.00,651.16,294.20,226.29,67.91,,,945.36,719.07,1.59,19.00,35.00,1.08,42974916,2026-09-23T03:42:50Z
C,orig,2d,async_win,128,9,0,0.00,100.00,545.09,284.79,220.02,8.23,56.54,2.00,829.88,553.32,1.59,19.00,35.00,1.08,42963084,2026-09-23T03:42:50Z
C,orig,2e_K10,async,128,9,0,0.00,100.00,588.37,301.75,223.92,77.83,,,890.12,666.20,1.60,19.00,36.00,1.08,42963540,2026-09-23T03:42:51Z
C,orig,2e_K10,async_win,128,9,0,0.00,100.00,589.38,302.36,225.57,16.30,60.48,8.00,891.74,605.68,1.58,19.00,36.00,1.08,42964076,2026-09-23T03:42:51Z
C,orig,2e_K500,async,128,9,0,0.00,64.50,173.09,691.81,226.64,465.18,,,864.90,638.27,1.54,0.00,37.00,1.08,42963828,2026-09-23T03:42:51Z
C,orig,2e_K500,async_win,128,9,0,0.00,55.60,174.03,530.15,225.32,223.62,81.20,90.00,704.18,397.65,1.53,0.00,37.00,1.08,42964832,2026-09-23T03:42:51Z
C,orig,2f_top14,async,128,9,0,0.00,100.00,530.71,300.48,223.73,76.74,,,831.19,607.45,1.60,18.00,37.00,1.08,42965564,2026-09-23T03:42:52Z
C,orig,2f_top14,async_win,128,9,0,0.00,100.00,623.03,304.12,226.61,16.69,60.82,9.00,927.15,639.72,1.61,18.00,37.00,1.08,42969496,2026-09-23T03:42:52Z
C,orig,2f_top28,async,128,9,0,0.00,100.00,552.94,286.80,193.88,92.91,,,839.74,645.85,1.60,17.00,38.00,1.08,42969496,2026-09-23T03:42:52Z
C,orig,2f_top28,async_win,128,9,0,0.00,100.00,597.27,283.19,195.78,25.87,61.55,13.00,880.46,623.14,1.60,17.00,38.00,1.08,42970580,2026-09-23T03:42:52Z
C,orig,2f_top100,async,128,9,0,0.00,100.00,557.28,400.36,223.41,176.95,,,957.64,734.23,1.58,13.00,35.00,1.08,42971400,2026-09-23T03:42:53Z
C,orig,2f_top100,async_win,128,9,0,0.00,86.00,621.95,359.08,221.28,72.09,65.71,32.00,981.03,694.04,1.59,13.00,35.00,1.08,42971620,2026-09-23T03:42:53Z
C,orig,2f_top500,async,128,9,0,0.00,100.00,87.61,968.80,221.75,747.05,,,1056.41,834.66,1.54,0.00,37.00,1.08,42971716,2026-09-23T03:42:53Z
C,orig,2f_top500,async_win,128,9,0,0.00,100.00,86.18,538.16,219.75,230.31,88.09,15.00,624.34,316.49,1.53,0.00,37.00,1.08,42972784,2026-09-23T03:42:53Z
C,orig,2f_slru,async,128,9,0,0.00,100.00,87.88,1013.78,222.66,791.12,,,1101.66,879.00,1.52,0.00,37.00,1.08,42973208,2026-09-23T03:42:54Z
C,orig,2f_slru,async_win,128,9,0,0.00,100.00,86.83,572.41,223.12,223.02,126.27,15.00,659.24,309.85,1.55,0.00,37.00,1.08,42971916,2026-09-23T03:42:54Z
C,orig,leaf_freq_K10,async,128,9,0,0.00,100.00,911.49,291.82,219.37,72.45,,,1203.31,983.94,1.58,19.00,33.00,1.08,42971528,2026-09-23T03:42:54Z
C,orig,leaf_freq_K10,async_win,128,9,0,0.00,100.00,1038.77,292.73,220.09,12.49,60.14,6.00,1331.50,1051.26,1.58,19.00,33.00,1.08,42971948,2026-09-23T03:42:54Z
C,orig,leaf_rand_K10,async,128,9,0,0.00,100.00,1043.90,302.14,223.05,79.09,,,1346.04,1122.99,1.58,19.00,32.00,1.08,42972228,2026-09-23T03:42:55Z
C,orig,leaf_rand_K10,async_win,128,9,0,0.00,100.00,1022.27,306.19,226.91,16.61,62.67,10.00,1328.46,1038.88,1.62,19.00,32.00,1.08,42971320,2026-09-23T03:42:55Z
C,orig,learned_markov_14,async,128,9,0,0.00,92.90,1489.91,775.51,236.69,538.82,,,2265.42,2028.73,1.65,18.00,37.00,1.08,42972804,2026-09-23T03:42:55Z
C,orig,learned_markov_14,async_win,128,9,0,0.00,28.60,1290.52,1144.21,782.30,16.45,345.46,9.00,2434.73,1306.97,1.66,18.00,37.00,1.08,42951028,2026-09-23T03:42:56Z
C,orig,learned_markov_28,async,128,9,0,0.00,67.90,1528.22,598.20,500.88,97.32,,,2126.42,1625.54,1.65,17.00,38.00,1.08,42951300,2026-09-23T03:42:56Z
C,orig,learned_markov_28,async_win,128,9,0,0.00,100.00,514.50,308.79,221.37,25.96,61.47,13.00,823.29,540.46,1.58,17.00,38.00,1.08,42951808,2026-09-23T03:42:56Z
C_hit,orig,layers_5,async,128,9,0,0.00,100.00,966.10,290.68,221.88,68.80,,,1256.78,1034.90,1.67,39.00,60.00,1.08,42952036,2026-09-23T03:42:56Z
C_hit,orig,layers_5,async_win,128,9,0,0.00,100.00,1013.96,291.90,222.93,7.91,61.06,2.00,1305.86,1021.87,1.68,39.00,60.00,1.08,42953144,2026-09-23T03:42:57Z
C_hit,orig,layers_92,async,128,9,0,0.00,100.00,656.53,418.73,220.72,198.01,,,1075.26,854.54,1.67,39.00,61.00,1.08,42953616,2026-09-23T03:42:57Z
C_hit,orig,layers_92,async_win,128,9,0,0.00,100.00,658.08,399.34,220.88,113.78,64.67,87.00,1057.42,771.86,1.68,39.00,61.00,1.08,42953116,2026-09-23T03:42:57Z
C_hit,orig,2d,async,128,9,0,0.00,100.00,631.47,290.37,221.90,68.47,,,921.84,699.94,1.67,39.00,61.00,1.08,42952728,2026-09-23T03:42:57Z
C_hit,orig,2d,async_win,128,9,0,0.00,100.00,656.30,288.48,220.21,8.26,60.01,3.00,944.78,664.56,1.67,39.00,61.00,1.08,42952932,2026-09-23T03:42:58Z
C_hit,orig,2e_K10,async,128,9,0,0.00,100.00,627.13,300.18,220.82,79.36,,,927.31,706.49,1.68,39.00,62.00,1.08,42952716,2026-09-23T03:42:58Z
C_hit,orig,2e_K10,async_win,128,9,0,0.00,100.00,594.56,299.20,220.50,16.83,61.87,6.00,893.76,611.39,1.66,39.00,62.00,1.08,42953580,2026-09-23T03:42:58Z
C_hit,orig,2e_K500,async,128,9,0,0.00,45.50,175.59,890.59,219.53,671.05,,,1066.18,846.64,1.60,12.00,62.00,1.08,42954472,2026-09-23T03:42:58Z
C_hit,orig,2e_K500,async_win,128,9,0,0.00,31.70,175.57,661.16,221.84,346.80,92.52,139.00,836.73,522.37,1.61,12.00,62.00,1.07,42955076,2026-09-23T03:42:59Z
C_hit,orig,2f_top14,async,128,9,0,0.00,100.00,525.81,297.71,219.17,78.54,,,823.52,604.35,1.66,39.00,62.00,1.07,42955420,2026-09-23T03:42:59Z
C_hit,orig,2f_top14,async_win,128,9,0,0.00,100.00,593.37,297.60,221.49,15.28,60.84,6.00,890.97,608.65,1.68,39.00,62.00,1.07,42956124,2026-09-23T03:42:59Z
C_hit,orig,2f_top28,async,128,9,0,0.00,100.00,626.87,316.22,220.26,95.96,,,943.09,722.83,1.67,38.00,62.00,1.07,42958544,2026-09-23T03:42:59Z
C_hit,orig,2f_top28,async_win,128,9,0,0.00,100.00,533.93,306.82,221.19,23.82,61.81,8.00,840.75,557.75,1.66,38.00,62.00,1.07,42955900,2026-09-23T03:43:00Z
C_hit,orig,2f_top100,async,128,9,0,0.00,100.00,551.30,396.06,218.95,177.11,,,947.36,728.41,1.65,33.00,64.00,1.07,42955464,2026-09-23T03:43:00Z
C_hit,orig,2f_top100,async_win,128,9,0,0.00,69.00,626.57,355.87,219.18,71.80,64.89,28.00,982.44,698.37,1.69,33.00,64.00,1.07,42954804,2026-09-23T03:43:00Z
C_hit,orig,2f_top500,async,128,9,0,0.00,51.40,173.31,939.36,220.57,718.78,,,1112.67,892.09,1.59,12.00,63.00,1.07,42956368,2026-09-23T03:43:01Z
C_hit,orig,2f_top500,async_win,128,9,0,0.00,32.80,175.21,656.00,222.41,342.79,90.81,138.00,831.21,518.00,1.60,12.00,63.00,1.07,42969108,2026-09-23T03:43:01Z
C_hit,orig,2f_slru,async,128,9,0,0.00,100.00,89.00,1607.64,221.21,1386.44,,,1696.64,1475.44,1.56,0.00,62.00,1.07,42970676,2026-09-23T03:43:01Z
C_hit,orig,2f_slru,async_win,128,9,0,0.00,100.00,87.13,776.62,221.90,427.20,127.52,29.00,863.75,514.33,1.56,0.00,62.00,1.07,42970460,2026-09-23T03:43:01Z
C_hit,orig,leaf_freq_K10,async,128,9,0,0.00,100.00,979.64,296.70,221.45,75.25,,,1276.34,1054.89,1.70,39.00,60.00,1.07,42970460,2026-09-23T03:43:02Z
C_hit,orig,leaf_freq_K10,async_win,128,9,0,0.00,100.00,947.71,291.12,220.84,9.74,60.53,3.00,1238.83,957.45,1.68,39.00,60.00,1.07,42970304,2026-09-23T03:43:02Z
C_hit,orig,leaf_rand_K10,async,128,9,0,0.00,100.00,1015.69,294.01,219.04,74.97,,,1309.70,1090.66,1.68,39.00,60.00,1.07,42970784,2026-09-23T03:43:02Z
C_hit,orig,leaf_rand_K10,async_win,128,9,0,0.00,100.00,1038.20,297.40,221.47,14.60,61.34,10.00,1335.60,1052.80,1.67,39.00,60.00,1.07,42970176,2026-09-23T03:43:02Z
C_hit,orig,learned_markov_14,async,128,9,0,0.00,100.00,629.68,298.72,221.87,76.86,,,928.40,706.54,1.68,39.00,62.00,1.07,42970252,2026-09-23T03:43:03Z
C_hit,orig,learned_markov_14,async_win,128,9,0,0.00,100.00,657.39,298.37,222.79,14.56,61.02,6.00,955.76,671.95,1.66,39.00,62.00,1.07,42970520,2026-09-23T03:43:03Z
C_hit,orig,learned_markov_28,async,128,9,0,0.00,100.00,654.84,314.59,220.56,94.04,,,969.43,748.88,1.67,38.00,62.00,1.07,42970824,2026-09-23T03:43:03Z
C_hit,orig,learned_markov_28,async_win,128,9,0,0.00,100.00,534.18,303.48,219.82,22.39,61.27,8.00,837.66,556.57,1.67,38.00,62.00,1.07,42970568,2026-09-23T03:43:03Z
A,orig,baseline,baseline,128,10,0,0.00,0.00,811.86,0.00,0.00,0.00,,,811.86,811.86,2.10,187.00,257.00,1.06,42970976,2026-09-23T03:43:04Z
B,orig,baseline,baseline,128,10,0,0.00,0.00,979.16,0.00,0.00,0.00,,,979.16,979.16,2.18,188.00,265.00,1.06,42972508,2026-09-23T03:43:04Z
C,orig,baseline,baseline,128,10,0,0.00,0.00,1050.95,0.00,0.00,0.00,,,1050.95,1050.95,1.58,19.00,32.00,1.06,42972700,2026-09-23T03:43:04Z
C_hit,orig,baseline,baseline,128,10,0,0.00,0.00,1014.55,0.00,0.00,0.00,,,1014.55,1014.55,1.67,39.00,60.00,1.06,42971992,2026-09-23T03:43:05Z
A,orig,layers_5,async,128,10,0,0.00,100.00,868.00,263.79,195.68,68.11,,,1131.79,936.11,2.13,186.00,259.00,1.06,42971916,2026-09-23T03:43:05Z
A,orig,layers_5,async_win,128,10,0,0.00,100.00,873.72,264.61,196.53,7.42,60.65,2.00,1138.33,881.14,2.14,186.00,259.00,1.06,42971900,2026-09-23T03:43:05Z
A,orig,layers_92,async,128,10,0,0.00,100.00,478.20,395.40,194.95,200.46,,,873.60,678.66,2.16,185.00,265.00,1.06,42987540,2026-09-23T03:43:06Z
A,orig,layers_92,async_win,128,10,0,0.00,100.00,479.73,396.14,213.46,116.78,65.90,87.00,875.87,596.51,2.13,185.00,265.00,1.06,42988472,2026-09-23T03:43:06Z
A,orig,2d,async,128,10,0,0.00,100.00,477.92,312.93,228.57,84.36,,,790.85,562.28,2.11,185.00,264.00,1.06,42978120,2026-09-23T03:43:06Z
A,orig,2d,async_win,128,10,0,0.00,100.00,476.00,314.83,230.84,21.38,62.61,13.00,790.83,497.38,2.15,185.00,265.00,1.06,42978696,2026-09-23T03:43:06Z
A,orig,2e_K10,async,128,10,0,0.00,100.00,182.54,334.36,231.91,102.45,,,516.90,284.99,2.13,189.00,271.00,1.06,42978444,2026-09-23T03:43:07Z
A,orig,2e_K10,async_win,128,10,0,0.00,100.00,179.02,326.93,230.01,35.40,61.53,23.00,505.95,214.42,2.14,189.00,270.00,1.06,42979420,2026-09-23T03:43:07Z
A,orig,2e_K500,async,128,10,0,0.00,19.10,405.27,902.84,228.41,674.43,,,1308.11,1079.70,2.08,186.00,398.00,1.06,42979028,2026-09-23T03:43:07Z
A,orig,2e_K500,async_win,128,10,0,0.00,100.00,180.58,1006.57,230.32,686.32,89.93,461.00,1187.15,866.90,2.10,186.00,398.00,1.06,42979472,2026-09-23T03:43:08Z
A,orig,2f_top14,async,128,10,0,0.00,100.00,476.86,310.23,229.72,80.51,,,787.09,557.37,2.12,187.00,265.00,1.06,42980232,2026-09-23T03:43:08Z
A,orig,2f_top14,async_win,128,10,0,0.00,100.00,477.69,312.13,228.75,22.11,61.27,13.00,789.82,499.80,2.15,187.00,266.00,1.06,42980080,2026-09-23T03:43:08Z
A,orig,2f_top28,async,128,10,0,0.00,100.00,182.63,327.12,228.21,98.91,,,509.75,281.54,2.12,188.00,276.00,1.06,42981156,2026-09-23T03:43:09Z
A,orig,2f_top28,async_win,128,10,0,0.00,100.00,179.12,328.78,229.78,36.60,62.40,27.00,507.90,215.72,2.13,188.00,277.00,1.06,42980888,2026-09-23T03:43:09Z
A,orig,2f_top100,async,128,10,0,0.00,100.00,179.39,426.48,225.00,201.48,,,605.87,380.87,2.11,188.00,313.00,1.06,42981192,2026-09-23T03:43:09Z
A,orig,2f_top100,async_win,128,10,0,0.00,100.00,180.89,419.58,229.76,123.83,65.98,97.00,600.47,304.72,2.15,188.00,314.00,1.06,42982240,2026-09-23T03:43:10Z
A,orig,2f_top500,async,128,10,0,0.00,13.40,3554.23,889.66,228.74,660.92,,,4443.89,4215.15,2.11,186.00,405.00,1.06,42981996,2026-09-23T03:43:10Z
A,orig,2f_top500,async_win,128,10,0,0.00,100.00,181.14,978.91,228.63,660.52,89.76,449.00,1160.05,841.66,2.10,186.00,404.00,1.06,42982240,2026-09-23T03:43:10Z
A,orig,2f_slru,async,128,10,0,0.00,100.00,97.21,7067.51,230.67,6836.83,,,7164.72,6934.04,1.56,0.00,278.00,1.06,42981864,2026-09-23T03:43:10Z
A,orig,2f_slru,async_win,128,10,0,0.00,86.80,98.78,2569.05,227.39,1929.83,411.83,138.00,2667.83,2028.61,1.58,0.00,278.00,1.06,42963656,2026-09-23T03:43:11Z
A,orig,leaf_freq_K10,async,128,10,0,0.00,100.00,574.25,302.69,227.44,75.25,,,876.94,649.50,2.12,191.00,263.00,1.06,42965576,2026-09-23T03:43:11Z
A,orig,leaf_freq_K10,async_win,128,10,0,0.00,100.00,577.81,305.13,229.15,14.23,61.76,10.00,882.94,592.04,2.16,191.00,263.00,1.06,42965944,2026-09-23T03:43:11Z
A,orig,leaf_rand_K10,async,128,10,0,0.00,100.00,874.00,307.81,227.06,80.75,,,1181.81,954.75,2.11,188.00,257.00,1.06,42966220,2026-09-23T03:43:12Z
A,orig,leaf_rand_K10,async_win,128,10,0,0.00,100.00,877.48,305.51,226.87,17.45,61.20,10.00,1182.99,894.93,2.13,188.00,257.00,1.06,42965668,2026-09-23T03:43:12Z
A,orig,learned_markov_14,async,128,10,0,0.00,100.00,418.92,305.61,224.55,81.05,,,724.53,499.97,2.09,185.00,266.00,1.06,42965080,2026-09-23T03:43:12Z
A,orig,learned_markov_14,async_win,128,10,0,0.00,100.00,479.02,312.31,229.69,20.41,62.21,13.00,791.33,499.43,2.11,185.00,267.00,1.06,42966280,2026-09-23T03:43:13Z
A,orig,learned_markov_28,async,128,10,0,0.00,100.00,473.38,327.33,229.30,98.03,,,800.71,571.41,2.13,185.00,269.00,1.06,42966620,2026-09-23T03:43:13Z
A,orig,learned_markov_28,async_win,128,10,0,0.00,100.00,477.85,329.36,227.00,39.26,63.10,26.00,807.21,517.11,2.14,185.00,269.00,1.06,42966552,2026-09-23T03:43:13Z
B,orig,layers_5,async,128,10,0,0.00,100.00,925.58,296.96,228.03,68.93,,,1222.54,994.51,2.19,190.00,265.00,1.06,42967320,2026-09-23T03:43:14Z
B,orig,layers_5,async_win,128,10,0,0.00,100.00,958.37,302.81,228.31,7.71,66.78,2.00,1261.18,966.08,2.23,190.00,265.00,1.05,42968216,2026-09-23T03:43:14Z
B,orig,layers_92,async,128,10,0,0.00,100.00,480.14,426.21,227.28,198.93,,,906.35,679.07,2.15,187.00,276.00,1.05,42968908,2026-09-23T03:43:14Z
B,orig,layers_92,async_win,128,10,0,0.00,100.00,517.72,412.67,229.29,120.55,62.83,87.00,930.39,638.27,2.18,187.00,276.00,1.05,42969004,2026-09-23T03:43:15Z
B,orig,2d,async,128,10,0,0.00,100.00,510.95,311.17,227.34,83.83,,,822.12,594.78,2.12,187.00,276.00,1.05,42970088,2026-09-23T03:43:15Z
B,orig,2d,async_win,128,10,0,0.00,100.00,581.59,315.44,226.74,26.68,62.03,13.00,897.03,608.27,2.21,187.00,276.00,1.05,42968496,2026-09-23T03:43:15Z
B,orig,2e_K10,async,128,10,0,0.00,100.00,549.98,325.61,227.07,98.55,,,875.59,648.53,2.19,187.00,278.00,1.05,42968904,2026-09-23T03:43:15Z
B,orig,2e_K10,async_win,128,10,0,0.00,100.00,513.54,330.08,229.48,37.87,62.73,23.00,843.62,551.41,2.18,187.00,278.00,1.05,42969096,2026-09-23T03:43:16Z
B,orig,2e_K500,async,128,10,0,0.00,100.00,484.70,1076.91,229.05,847.86,,,1561.61,1332.56,2.19,184.00,333.00,1.05,42970528,2026-09-23T03:43:16Z
B,orig,2e_K500,async_win,128,10,0,0.00,100.00,488.09,1001.98,227.51,683.81,90.67,449.00,1490.07,1171.90,2.14,184.00,336.00,1.05,42970008,2026-09-23T03:43:16Z
B,orig,2f_top14,async,128,10,0,0.00,100.00,555.19,308.31,228.17,80.14,,,863.50,635.33,2.20,187.00,276.00,1.05,42969860,2026-09-23T03:43:17Z
B,orig,2f_top14,async_win,128,10,0,0.00,100.00,512.28,311.48,227.56,22.01,61.91,13.00,823.76,534.29,2.21,187.00,276.00,1.05,42969716,2026-09-23T03:43:17Z
B,orig,2f_top28,async,128,10,0,0.00,100.00,551.43,326.82,230.25,96.57,,,878.25,648.00,2.18,187.00,279.00,1.05,42962912,2026-09-23T03:43:17Z
B,orig,2f_top28,async_win,128,10,0,0.00,100.00,549.48,329.25,229.68,36.29,63.28,27.00,878.73,585.77,2.20,187.00,279.00,1.05,42963572,2026-09-23T03:43:18Z
B,orig,2f_top100,async,128,10,0,0.00,100.00,552.85,436.73,230.54,206.19,,,989.58,759.04,2.20,183.00,289.00,1.05,42964600,2026-09-23T03:43:18Z
B,orig,2f_top100,async_win,128,10,0,0.00,100.00,583.71,424.71,227.78,131.14,65.79,98.00,1008.42,714.85,2.20,183.00,290.00,1.05,42964776,2026-09-23T03:43:18Z
B,orig,2f_top500,async,128,10,0,0.00,100.00,495.17,1108.35,227.75,880.61,,,1603.52,1375.78,2.15,184.00,334.00,1.05,42966340,2026-09-23T03:43:19Z
B,orig,2f_top500,async_win,128,10,0,0.00,100.00,489.18,1016.74,227.94,662.12,126.69,439.00,1505.92,1151.30,2.15,184.00,336.00,1.05,42963892,2026-09-23T03:43:19Z
B,orig,2f_slru,async,128,10,0,0.00,100.00,95.28,7076.13,224.87,6851.26,,,7171.41,6946.54,1.61,0.00,278.00,1.05,42961788,2026-09-23T03:43:19Z
B,orig,2f_slru,async_win,128,10,0,0.00,86.00,97.67,2562.73,228.56,1937.27,396.90,138.00,2660.40,2034.94,1.65,0.00,278.00,1.05,42963592,2026-09-23T03:43:20Z
B,orig,leaf_freq_K10,async,128,10,0,0.00,100.00,989.12,306.71,230.12,76.58,,,1295.83,1065.70,2.17,188.00,267.00,1.05,42966460,2026-09-23T03:43:20Z
B,orig,leaf_freq_K10,async_win,128,10,0,0.00,100.00,989.44,301.62,225.72,14.80,61.09,10.00,1291.06,1004.24,2.20,188.00,267.00,1.05,42966148,2026-09-23T03:43:20Z
B,orig,leaf_rand_K10,async,128,10,0,0.00,100.00,969.02,312.96,237.05,75.91,,,1281.98,1044.93,2.21,188.00,266.00,1.05,42966052,2026-09-23T03:43:20Z
B,orig,leaf_rand_K10,async_win,128,10,0,0.00,100.00,889.62,311.05,235.57,14.62,60.85,10.00,1200.67,904.24,2.16,188.00,265.00,1.05,42966068,2026-09-23T03:43:21Z
B,orig,learned_markov_14,async,128,10,0,0.00,100.00,512.11,308.08,228.55,79.53,,,820.19,591.64,2.14,187.00,275.00,1.05,42965656,2026-09-23T03:43:21Z
B,orig,learned_markov_14,async_win,128,10,0,0.00,100.00,549.54,308.16,226.27,20.46,61.44,13.00,857.70,570.00,2.19,187.00,275.00,1.05,42965948,2026-09-23T03:43:21Z
B,orig,learned_markov_28,async,128,10,0,0.00,100.00,547.85,328.49,228.15,100.34,,,876.34,648.19,2.19,186.00,279.00,1.05,42966356,2026-09-23T03:43:22Z
B,orig,learned_markov_28,async_win,128,10,0,0.00,100.00,582.48,324.85,227.50,35.18,62.18,27.00,907.33,617.66,2.21,186.00,279.00,1.05,42965996,2026-09-23T03:43:22Z
C,orig,layers_5,async,128,10,0,0.00,100.00,1035.23,298.42,229.01,69.41,,,1333.65,1104.64,1.60,19.00,32.00,1.05,42966152,2026-09-23T03:43:22Z
C,orig,layers_5,async_win,128,10,0,0.00,100.00,1039.32,297.61,228.88,7.80,60.92,2.00,1336.93,1047.12,1.59,19.00,32.00,1.05,42966492,2026-09-23T03:43:23Z
C,orig,layers_92,async,128,10,0,0.00,100.00,593.73,429.45,228.90,200.55,,,1023.18,794.28,1.59,19.00,35.00,1.05,42965968,2026-09-23T03:43:23Z
C,orig,layers_92,async_win,128,10,0,0.00,100.00,654.34,404.10,225.84,112.98,65.27,87.00,1058.44,767.32,1.58,19.00,35.00,1.05,42955768,2026-09-23T03:43:23Z
C,orig,2d,async,128,10,0,0.00,100.00,591.03,298.36,229.99,68.37,,,889.39,659.40,1.57,19.00,35.00,1.05,42956580,2026-09-23T03:43:23Z
C,orig,2d,async_win,128,10,0,0.00,100.00,632.29,296.50,228.03,7.16,61.30,2.00,928.79,639.45,1.59,19.00,35.00,1.05,42956840,2026-09-23T03:43:24Z
C,orig,2e_K10,async,128,10,0,0.00,100.00,561.79,306.75,227.52,79.23,,,868.54,641.02,1.59,19.00,36.00,1.05,42957308,2026-09-23T03:43:24Z
C,orig,2e_K10,async_win,128,10,0,0.00,100.00,651.33,302.53,226.62,15.12,60.80,8.00,953.86,666.45,1.58,19.00,36.00,1.05,42957780,2026-09-23T03:43:24Z
C,orig,2e_K500,async,128,10,0,0.00,49.70,182.15,676.37,225.66,450.71,,,858.52,632.86,1.54,0.00,37.00,1.05,42958256,2026-09-23T03:43:24Z
C,orig,2e_K500,async_win,128,10,0,0.00,45.90,175.11,530.60,224.22,224.99,81.38,90.00,705.71,400.10,1.52,0.00,37.00,1.05,42958724,2026-09-23T03:43:25Z
C,orig,2f_top14,async,128,10,0,0.00,100.00,545.58,304.31,226.54,77.78,,,849.89,623.36,1.58,18.00,37.00,1.05,42959140,2026-09-23T03:43:25Z
C,orig,2f_top14,async_win,128,10,0,0.00,100.00,653.32,304.55,228.26,15.39,60.90,9.00,957.87,668.71,1.59,18.00,37.00,1.05,42958280,2026-09-23T03:43:25Z
C,orig,2f_top28,async,128,10,0,0.00,100.00,539.29,287.97,192.69,95.28,,,827.26,634.57,1.59,17.00,38.00,1.05,42959100,2026-09-23T03:43:25Z
C,orig,2f_top28,async_win,128,10,0,0.00,100.00,544.83,280.64,192.30,26.50,61.84,13.00,825.47,571.33,1.58,17.00,38.00,1.05,42959200,2026-09-23T03:43:26Z
C,orig,2f_top100,async,128,10,0,0.00,100.00,620.72,369.33,192.44,176.89,,,990.05,797.61,1.57,13.00,35.00,1.05,42976212,2026-09-23T03:43:26Z
C,orig,2f_top100,async_win,128,10,0,0.00,100.00,651.26,330.81,195.95,69.58,65.28,32.00,982.07,720.84,1.57,13.00,35.00,1.05,42977132,2026-09-23T03:43:26Z
C,orig,2f_top500,async,128,10,0,0.00,100.00,89.90,942.70,192.28,750.42,,,1032.60,840.32,1.54,0.00,37.00,1.05,42978140,2026-09-23T03:43:26Z
C,orig,2f_top500,async_win,128,10,0,0.00,100.00,87.43,503.72,193.07,221.38,89.27,15.00,591.15,308.81,1.53,0.00,37.00,1.05,42978264,2026-09-23T03:43:27Z
C,orig,2f_slru,async,128,10,0,0.00,100.00,87.78,947.59,190.27,757.32,,,1035.37,845.10,1.54,0.00,37.00,1.05,42978488,2026-09-23T03:43:27Z
C,orig,2f_slru,async_win,128,10,0,0.00,100.00,89.35,542.93,192.55,224.76,125.62,15.00,632.28,314.11,1.53,0.00,37.00,1.05,42978300,2026-09-23T03:43:27Z
C,orig,leaf_freq_K10,async,128,10,0,0.00,100.00,1137.14,265.19,191.86,73.33,,,1402.33,1210.47,1.59,19.00,33.00,1.05,42978932,2026-09-23T03:43:27Z
C,orig,leaf_freq_K10,async_win,128,10,0,0.00,100.00,1011.12,262.99,190.63,12.46,59.89,6.00,1274.11,1023.58,1.59,19.00,33.00,1.05,42979812,2026-09-23T03:43:28Z
C,orig,leaf_rand_K10,async,128,10,0,0.00,100.00,946.65,264.76,190.54,74.22,,,1211.41,1020.87,1.58,19.00,32.00,1.05,42979736,2026-09-23T03:43:28Z
C,orig,leaf_rand_K10,async_win,128,10,0,0.00,100.00,1008.97,263.88,189.23,14.61,60.04,10.00,1272.85,1023.58,1.59,19.00,32.00,1.05,42964008,2026-09-23T03:43:28Z
C,orig,learned_markov_14,async,128,10,0,0.00,100.00,509.65,267.82,191.27,76.55,,,777.47,586.20,1.63,18.00,37.00,1.05,42980248,2026-09-23T03:43:28Z
C,orig,learned_markov_14,async_win,128,10,0,0.00,100.00,587.41,269.03,191.79,17.01,60.22,9.00,856.44,604.42,1.60,18.00,37.00,1.04,42981248,2026-09-23T03:43:29Z
C,orig,learned_markov_28,async,128,10,0,0.00,100.00,649.93,284.87,191.22,93.65,,,934.80,743.58,1.60,17.00,38.00,1.04,42981360,2026-09-23T03:43:29Z
C,orig,learned_markov_28,async_win,128,10,0,0.00,100.00,539.31,281.52,192.07,27.09,62.36,13.00,820.83,566.40,1.58,17.00,38.00,1.04,42981016,2026-09-23T03:43:29Z
C_hit,orig,layers_5,async,128,10,0,0.00,100.00,1002.75,267.15,195.16,72.00,,,1269.90,1074.75,1.67,39.00,60.00,1.04,42981216,2026-09-23T03:43:29Z
C_hit,orig,layers_5,async_win,128,10,0,0.00,100.00,1032.75,264.28,192.46,8.29,63.53,2.00,1297.03,1041.04,1.67,39.00,60.00,1.04,42981124,2026-09-23T03:43:30Z
C_hit,orig,layers_92,async,128,10,0,0.00,100.00,655.00,385.71,189.36,196.36,,,1040.71,851.36,1.70,39.00,61.00,1.04,42981424,2026-09-23T03:43:30Z
C_hit,orig,layers_92,async_win,128,10,0,0.00,100.00,656.21,375.96,191.46,121.02,63.48,87.00,1032.17,777.23,1.67,39.00,61.00,1.04,42981956,2026-09-23T03:43:30Z
C_hit,orig,2d,async,128,10,0,0.00,100.00,657.11,259.26,191.97,67.29,,,916.37,724.40,1.69,39.00,61.00,1.04,42981912,2026-09-23T03:43:31Z
C_hit,orig,2d,async_win,128,10,0,0.00,100.00,655.76,260.59,191.15,8.31,61.12,3.00,916.35,664.07,1.68,39.00,61.00,1.04,42983084,2026-09-23T03:43:31Z
C_hit,orig,2e_K10,async,128,10,0,0.00,100.00,596.27,273.33,193.18,80.15,,,869.60,676.42,1.67,39.00,62.00,1.04,42982496,2026-09-23T03:43:31Z
C_hit,orig,2e_K10,async_win,128,10,0,0.00,100.00,652.60,265.32,191.43,15.11,58.78,6.00,917.92,667.71,1.69,39.00,62.00,1.04,42972980,2026-09-23T03:43:31Z
C_hit,orig,2e_K500,async,128,10,0,0.00,43.40,174.42,849.35,192.13,657.22,,,1023.77,831.64,1.62,12.00,62.00,1.04,42971780,2026-09-23T03:43:32Z
C_hit,orig,2e_K500,async_win,128,10,0,0.00,100.00,178.04,619.28,187.92,340.11,91.25,139.00,797.32,518.15,1.59,12.00,62.00,1.04,42972304,2026-09-23T03:43:32Z
C_hit,orig,2f_top14,async,128,10,0,0.00,100.00,598.10,270.29,190.18,80.11,,,868.39,678.21,1.67,39.00,62.00,1.04,42973196,2026-09-23T03:43:32Z
C_hit,orig,2f_top14,async_win,128,10,0,0.00,100.00,627.10,266.88,189.12,15.76,62.01,6.00,893.98,642.86,1.69,39.00,62.00,1.04,42973672,2026-09-23T03:43:32Z
C_hit,orig,2f_top28,async,128,10,0,0.00,100.00,659.31,281.42,184.02,97.40,,,940.73,756.71,1.68,38.00,62.00,1.04,42973820,2026-09-23T03:43:33Z
C_hit,orig,2f_top28,async_win,128,10,0,0.00,100.00,632.74,280.52,190.56,26.99,62.97,8.00,913.26,659.73,1.72,38.00,62.00,1.04,42973992,2026-09-23T03:43:33Z
C_hit,orig,2f_top100,async,128,10,0,0.00,100.00,551.96,374.47,193.77,180.70,,,926.43,732.66,1.65,33.00,64.00,1.04,42973988,2026-09-23T03:43:33Z
C_hit,orig,2f_top100,async_win,128,10,0,0.00,100.00,551.64,330.61,191.94,72.27,66.41,28.00,882.25,623.91,1.68,33.00,64.00,1.04,42965636,2026-09-23T03:43:33Z
C_hit,orig,2f_top500,async,128,10,0,0.00,47.60,177.31,902.30,192.28,710.01,,,1079.61,887.32,1.59,12.00,63.00,1.04,42971788,2026-09-23T03:43:34Z
C_hit,orig,2f_top500,async_win,128,10,0,0.00,31.60,177.00,640.00,191.20,357.85,90.95,138.00,817.00,534.85,1.61,12.00,63.00,1.04,42970388,2026-09-23T03:43:34Z
C_hit,orig,2f_slru,async,128,10,0,0.00,100.00,92.70,1605.34,189.93,1415.41,,,1698.04,1508.11,1.57,0.00,62.00,1.04,42972836,2026-09-23T03:43:34Z
C_hit,orig,2f_slru,async_win,128,10,0,0.00,100.00,90.68,726.18,189.03,408.06,129.09,29.00,816.86,498.74,1.56,0.00,62.00,1.04,42973940,2026-09-23T03:43:35Z
C_hit,orig,leaf_freq_K10,async,128,10,0,0.00,100.00,976.83,267.63,192.17,75.46,,,1244.46,1052.29,1.69,39.00,60.00,1.04,42973460,2026-09-23T03:43:35Z
C_hit,orig,leaf_freq_K10,async_win,128,10,0,0.00,100.00,946.63,264.20,192.89,10.27,61.03,3.00,1210.83,956.90,1.67,39.00,60.00,1.04,42973324,2026-09-23T03:43:35Z
C_hit,orig,leaf_rand_K10,async,128,10,0,0.00,100.00,1015.01,269.41,191.91,77.50,,,1284.42,1092.51,1.68,39.00,60.00,1.04,42973156,2026-09-23T03:43:35Z
C_hit,orig,leaf_rand_K10,async_win,128,10,0,0.00,100.00,1042.83,268.02,192.32,14.20,61.51,10.00,1310.85,1057.03,1.68,39.00,60.00,1.04,42973868,2026-09-23T03:43:36Z
C_hit,orig,learned_markov_14,async,128,10,0,0.00,100.00,528.54,270.28,192.54,77.74,,,798.82,606.28,1.66,39.00,62.00,1.04,42973772,2026-09-23T03:43:36Z
C_hit,orig,learned_markov_14,async_win,128,10,0,0.00,100.00,622.88,267.32,190.71,15.60,61.02,6.00,890.20,638.48,1.68,39.00,62.00,1.04,42973104,2026-09-23T03:43:36Z
C_hit,orig,learned_markov_28,async,128,10,0,0.00,100.00,596.15,286.02,189.67,96.35,,,882.17,692.50,1.72,38.00,62.00,1.04,42973156,2026-09-23T03:43:36Z
C_hit,orig,learned_markov_28,async_win,128,10,0,0.00,100.00,536.66,274.67,189.75,22.70,62.22,8.00,811.33,559.36,1.66,38.00,62.00,1.04,42973540,2026-09-23T03:43:37Z
A,orig,baseline,baseline,128,11,0,0.00,0.00,897.15,0.00,0.00,0.00,,,897.15,897.15,2.14,187.00,257.00,1.04,42972584,2026-09-23T03:43:37Z
B,orig,baseline,baseline,128,11,0,0.00,0.00,908.50,0.00,0.00,0.00,,,908.50,908.50,2.15,188.00,265.00,1.04,42972992,2026-09-23T03:43:37Z
C,orig,baseline,baseline,128,11,0,0.00,0.00,1032.55,0.00,0.00,0.00,,,1032.55,1032.55,1.60,19.00,32.00,1.04,42973816,2026-09-23T03:43:38Z
C_hit,orig,baseline,baseline,128,11,0,0.00,0.00,1005.15,0.00,0.00,0.00,,,1005.15,1005.15,1.67,39.00,60.00,1.04,42975176,2026-09-23T03:43:38Z
A,orig,layers_5,async,128,11,0,0.00,100.00,865.65,260.91,192.92,67.99,,,1126.56,933.64,2.09,186.00,259.00,1.04,42974460,2026-09-23T03:43:38Z
A,orig,layers_5,async_win,128,11,0,0.00,100.00,803.30,262.86,194.64,7.74,60.49,2.00,1066.16,811.04,2.10,186.00,259.00,1.04,42975924,2026-09-23T03:43:38Z
A,orig,layers_92,async,128,11,0,0.00,100.00,476.98,395.07,194.39,200.69,,,872.05,677.67,2.17,185.00,265.00,1.12,42960728,2026-09-23T03:43:39Z
A,orig,layers_92,async_win,128,11,0,0.00,100.00,475.73,378.13,194.86,117.91,65.36,87.00,853.86,593.64,2.14,185.00,264.00,1.12,42960860,2026-09-23T03:43:39Z
A,orig,2d,async,128,11,0,0.00,100.00,476.00,312.96,227.90,85.06,,,788.96,561.06,2.14,185.00,264.00,1.12,42964560,2026-09-23T03:43:39Z
A,orig,2d,async_win,128,11,0,0.00,100.00,474.20,311.39,228.78,21.88,60.73,13.00,785.59,496.08,2.15,185.00,265.00,1.12,42964836,2026-09-23T03:43:40Z
A,orig,2e_K10,async,128,11,0,0.00,100.00,180.08,323.08,226.29,96.79,,,503.16,276.87,2.13,189.00,270.00,1.12,42964400,2026-09-23T03:43:40Z
A,orig,2e_K10,async_win,128,11,0,0.00,100.00,179.05,352.70,255.18,34.53,62.99,23.00,531.75,213.58,2.12,189.00,270.00,1.12,42963832,2026-09-23T03:43:40Z
A,orig,2e_K500,async,128,11,0,0.00,12.40,4512.67,929.24,230.38,698.85,,,5441.91,5211.52,2.16,186.00,399.00,1.12,42963732,2026-09-23T03:43:41Z
A,orig,2e_K500,async_win,128,11,0,0.00,100.00,181.49,1006.39,231.84,683.27,91.27,461.00,1187.88,864.76,2.10,186.00,395.00,1.12,42964116,2026-09-23T03:43:41Z
A,orig,2f_top14,async,128,11,0,0.00,100.00,410.95,306.61,226.43,80.18,,,717.56,491.13,2.12,187.00,265.00,1.12,42964672,2026-09-23T03:43:41Z
A,orig,2f_top14,async_win,128,11,0,0.00,100.00,476.06,310.35,227.78,21.75,60.82,13.00,786.41,497.81,2.16,187.00,265.00,1.12,42964888,2026-09-23T03:43:42Z
A,orig,2f_top28,async,128,11,0,0.00,100.00,178.75,326.03,227.91,98.12,,,504.78,276.87,2.16,188.00,277.00,1.12,42965204,2026-09-23T03:43:42Z
A,orig,2f_top28,async_win,128,11,0,0.00,100.00,182.28,325.13,228.59,34.88,61.67,27.00,507.41,217.16,2.12,188.00,276.00,1.12,42964752,2026-09-23T03:43:42Z
A,orig,2f_top100,async,128,11,0,0.00,100.00,181.23,426.33,228.07,198.26,,,607.56,379.49,2.12,188.00,313.00,1.12,42964984,2026-09-23T03:43:42Z
A,orig,2f_top100,async_win,128,11,0,0.00,100.00,179.95,412.47,228.90,117.97,65.59,97.00,592.42,297.92,2.16,188.00,314.00,1.12,42964472,2026-09-23T03:43:43Z
A,orig,2f_top500,async,128,11,0,0.00,8.40,4109.40,867.75,230.03,637.72,,,4977.15,4747.12,2.15,186.00,407.00,1.12,42964536,2026-09-23T03:43:43Z
A,orig,2f_top500,async_win,128,11,0,0.00,100.00,181.08,992.63,227.92,676.46,88.25,449.00,1173.71,857.54,2.09,186.00,403.00,1.12,42964588,2026-09-23T03:43:43Z
A,orig,2f_slru,async,128,11,0,0.00,100.00,96.33,7057.69,228.87,6828.82,,,7154.02,6925.15,1.58,0.00,278.00,1.19,42963544,2026-09-23T03:43:44Z
A,orig,2f_slru,async_win,128,11,0,0.00,79.50,96.79,2555.38,225.95,1928.60,400.83,138.00,2652.17,2025.39,1.58,0.00,278.00,1.19,42941692,2026-09-23T03:43:44Z
A,orig,leaf_freq_K10,async,128,11,0,0.00,100.00,570.28,318.38,241.91,76.47,,,888.66,646.75,2.14,191.00,263.00,1.19,42949784,2026-09-23T03:43:44Z
A,orig,leaf_freq_K10,async_win,128,11,0,0.00,100.00,576.27,304.75,228.27,14.49,62.00,10.00,881.02,590.76,2.17,191.00,263.00,1.19,42952260,2026-09-23T03:43:45Z
A,orig,leaf_rand_K10,async,128,11,0,0.00,100.00,880.95,305.64,228.06,77.59,,,1186.59,958.54,2.14,188.00,257.00,1.19,42954696,2026-09-23T03:43:45Z
A,orig,leaf_rand_K10,async_win,128,11,0,0.00,100.00,813.55,304.74,228.56,14.31,61.88,10.00,1118.29,827.86,2.09,188.00,257.00,1.19,42955784,2026-09-23T03:43:45Z
A,orig,learned_markov_14,async,128,11,0,0.00,100.00,417.74,308.51,225.19,83.32,,,726.25,501.06,2.10,185.00,267.00,1.19,42956696,2026-09-23T03:43:46Z
A,orig,learned_markov_14,async_win,128,11,0,0.00,100.00,477.77,309.44,228.73,19.39,61.33,13.00,787.21,497.16,2.11,185.00,266.00,1.19,42956568,2026-09-23T03:43:46Z
A,orig,learned_markov_28,async,128,11,0,0.00,100.00,475.64,327.98,230.91,97.06,,,803.62,572.70,2.13,185.00,269.00,1.19,42957020,2026-09-23T03:43:46Z
A,orig,learned_markov_28,async_win,128,11,0,0.00,100.00,477.50,322.77,226.76,33.84,62.17,26.00,800.27,511.34,2.12,185.00,269.00,1.19,42974704,2026-09-23T03:43:46Z
B,orig,layers_5,async,128,11,0,0.00,100.00,911.13,296.30,226.54,69.76,,,1207.43,980.89,2.15,190.00,265.00,1.19,42975160,2026-09-23T03:43:47Z
B,orig,layers_5,async_win,128,11,0,0.00,100.00,977.29,296.05,227.43,7.20,61.41,2.00,1273.34,984.49,2.21,190.00,265.00,1.19,42974964,2026-09-23T03:43:47Z
B,orig,layers_92,async,128,11,0,0.00,100.00,521.97,420.61,228.31,192.30,,,942.58,714.27,2.23,187.00,276.00,1.19,42976176,2026-09-23T03:43:47Z
B,orig,layers_92,async_win,128,11,0,0.00,100.00,550.00,401.95,227.51,108.12,66.31,87.00,951.95,658.12,2.20,187.00,276.00,1.19,42976372,2026-09-23T03:43:48Z
B,orig,2d,async,128,11,0,0.00,100.00,576.20,312.86,226.94,85.92,,,889.06,662.12,2.17,187.00,276.00,1.19,42977060,2026-09-23T03:43:48Z
B,orig,2d,async_win,128,11,0,0.00,100.00,551.41,315.47,230.32,22.88,62.27,13.00,866.88,574.29,2.20,187.00,276.00,1.19,42977184,2026-09-23T03:43:48Z
B,orig,2e_K10,async,128,11,0,0.00,100.00,549.23,326.82,228.92,97.90,,,876.05,647.13,2.20,187.00,278.00,1.17,42977812,2026-09-23T03:43:49Z
B,orig,2e_K10,async_win,128,11,0,0.00,100.00,551.76,327.54,229.92,34.53,63.08,23.00,879.30,586.29,2.19,187.00,278.00,1.17,42978244,2026-09-23T03:43:49Z
B,orig,2e_K500,async,128,11,0,0.00,100.00,487.48,1063.97,228.77,835.20,,,1551.45,1322.68,2.19,184.00,334.00,1.17,42971508,2026-09-23T03:43:49Z
B,orig,2e_K500,async_win,128,11,0,0.00,100.00,486.62,1012.01,228.21,692.28,91.52,449.00,1498.63,1178.90,2.15,184.00,336.00,1.17,42972176,2026-09-23T03:43:50Z
B,orig,2f_top14,async,128,11,0,0.00,100.00,510.91,304.87,226.21,78.67,,,815.78,589.58,2.20,187.00,276.00,1.17,42972312,2026-09-23T03:43:50Z
B,orig,2f_top14,async_win,128,11,0,0.00,100.00,579.48,304.82,225.60,17.55,61.67,13.00,884.30,597.03,2.20,187.00,276.00,1.17,42972248,2026-09-23T03:43:50Z
B,orig,2f_top28,async,128,11,0,0.00,100.00,517.40,324.40,227.60,96.80,,,841.80,614.20,2.20,187.00,279.00,1.17,42973184,2026-09-23T03:43:51Z
B,orig,2f_top28,async_win,128,11,0,0.00,100.00,577.57,326.44,225.97,37.96,62.52,27.00,904.01,615.53,2.21,187.00,279.00,1.17,42973328,2026-09-23T03:43:51Z
B,orig,2f_top100,async,128,11,0,0.00,100.00,580.97,415.50,226.46,189.04,,,996.47,770.01,2.19,183.00,289.00,1.17,42973672,2026-09-23T03:43:51Z
B,orig,2f_top100,async_win,128,11,0,0.00,100.00,528.27,423.55,231.21,125.98,66.36,98.00,951.82,654.25,2.25,183.00,290.00,1.17,42974236,2026-09-23T03:43:52Z
B,orig,2f_top500,async,128,11,0,0.00,100.00,489.83,1086.00,226.03,859.97,,,1575.83,1349.80,2.18,184.00,333.00,1.17,42963504,2026-09-23T03:43:52Z
B,orig,2f_top500,async_win,128,11,0,0.00,100.00,489.06,1027.07,227.98,670.13,128.96,439.00,1516.13,1159.19,2.16,184.00,335.00,1.17,42963012,2026-09-23T03:43:52Z
B,orig,2f_slru,async,128,11,0,0.00,100.00,97.62,7141.17,229.03,6912.14,,,7238.79,7009.76,1.63,0.00,278.00,1.17,42960644,2026-09-23T03:43:52Z
B,orig,2f_slru,async_win,128,11,0,0.00,85.20,95.19,2554.34,229.18,1924.36,400.80,138.00,2649.53,2019.55,1.63,0.00,278.00,1.17,42961232,2026-09-23T03:43:53Z
B,orig,leaf_freq_K10,async,128,11,0,0.00,100.00,927.18,303.96,226.96,77.00,,,1231.14,1004.18,2.21,188.00,267.00,1.17,42964108,2026-09-23T03:43:53Z
B,orig,leaf_freq_K10,async_win,128,11,0,0.00,100.00,967.34,304.48,227.67,15.78,61.03,10.00,1271.82,983.12,2.21,188.00,267.00,1.17,42963664,2026-09-23T03:43:53Z
B,orig,leaf_rand_K10,async,128,11,0,0.00,100.00,968.42,314.39,237.46,76.94,,,1282.81,1045.36,2.21,188.00,266.00,1.16,42963804,2026-09-23T03:43:54Z
B,orig,leaf_rand_K10,async_win,128,11,0,0.00,100.00,918.08,306.27,227.38,17.77,61.12,10.00,1224.35,935.85,2.19,188.00,265.00,1.16,42964684,2026-09-23T03:43:54Z
B,orig,learned_markov_14,async,128,11,0,0.00,100.00,511.09,307.57,228.74,78.83,,,818.66,589.92,2.18,187.00,275.00,1.16,42964412,2026-09-23T03:43:54Z
B,orig,learned_markov_14,async_win,128,11,0,0.00,100.00,510.80,306.87,225.87,19.69,61.31,13.00,817.67,530.49,2.22,187.00,275.00,1.16,42943236,2026-09-23T03:43:55Z
B,orig,learned_markov_28,async,128,11,0,0.00,100.00,552.12,325.23,228.54,96.69,,,877.35,648.81,2.29,186.00,279.00,1.16,42945920,2026-09-23T03:43:55Z
B,orig,learned_markov_28,async_win,128,11,0,0.00,100.00,1261.98,819.95,258.45,36.53,524.98,27.00,2081.93,1298.51,2.86,186.00,278.00,1.16,42946816,2026-09-23T03:43:55Z
C,orig,layers_5,async,128,11,0,0.00,60.00,2060.79,919.08,559.15,359.93,,,2979.87,2420.72,1.68,19.00,32.00,1.16,42946852,2026-09-23T03:43:56Z
C,orig,layers_5,async_win,128,11,0,0.00,100.00,1007.90,297.04,228.49,7.68,60.86,2.00,1304.94,1015.58,1.60,19.00,32.00,1.16,42947692,2026-09-23T03:43:56Z
C,orig,layers_92,async,128,11,0,0.00,100.00,662.87,423.66,228.47,195.19,,,1086.53,858.06,1.61,19.00,35.00,1.16,42947316,2026-09-23T03:43:56Z
C,orig,layers_92,async_win,128,11,0,0.00,100.00,654.96,408.67,226.37,117.31,64.99,87.00,1063.63,772.27,1.61,19.00,35.00,1.16,42948312,2026-09-23T03:43:56Z
C,orig,2d,async,128,11,0,0.00,100.00,565.87,295.49,226.76,68.73,,,861.36,634.60,1.60,19.00,35.00,1.16,42948324,2026-09-23T03:43:57Z
C,orig,2d,async_win,128,11,0,0.00,100.00,566.20,293.55,225.00,7.75,60.80,2.00,859.75,573.95,1.62,19.00,35.00,1.16,42949152,2026-09-23T03:43:57Z
C,orig,2e_K10,async,128,11,0,0.00,100.00,593.92,298.89,223.94,74.95,,,892.81,668.87,1.60,19.00,36.00,1.16,42949832,2026-09-23T03:43:57Z
C,orig,2e_K10,async_win,128,11,0,0.00,100.00,655.96,304.10,227.70,15.83,60.57,8.00,960.06,671.79,1.61,19.00,36.00,1.16,42950320,2026-09-23T03:43:57Z
C,orig,2e_K500,async,128,11,0,0.00,68.30,177.00,691.19,225.87,465.32,,,868.19,642.32,1.55,0.00,37.00,1.16,42950272,2026-09-23T03:43:58Z
C,orig,2e_K500,async_win,128,11,0,0.00,100.00,175.50,536.09,223.55,231.78,80.76,90.00,711.59,407.28,1.53,0.00,37.00,1.16,42951224,2026-09-23T03:43:58Z
C,orig,2f_top14,async,128,11,0,0.00,100.00,502.62,303.87,225.14,78.73,,,806.49,581.35,1.60,18.00,37.00,1.16,42952296,2026-09-23T03:43:58Z
C,orig,2f_top14,async_win,128,11,0,0.00,100.00,653.98,304.66,226.86,17.08,60.73,9.00,958.64,671.06,1.62,18.00,37.00,1.16,42951868,2026-09-23T03:43:59Z
C,orig,2f_top28,async,128,11,0,0.00,100.00,678.11,286.89,192.55,94.34,,,965.00,772.45,1.61,17.00,38.00,1.14,42952740,2026-09-23T03:43:59Z
C,orig,2f_top28,async_win,128,11,0,0.00,100.00,602.15,282.94,194.54,27.04,61.36,13.00,885.09,629.19,1.61,17.00,38.00,1.14,42952860,2026-09-23T03:43:59Z
C,orig,2f_top100,async,128,11,0,0.00,100.00,500.72,404.60,225.91,178.69,,,905.32,679.41,1.60,13.00,35.00,1.14,42953816,2026-09-23T03:43:59Z
C,orig,2f_top100,async_win,128,11,0,0.00,100.00,646.90,364.88,229.51,71.18,64.18,32.00,1011.78,718.08,1.60,13.00,35.00,1.14,42954316,2026-09-23T03:44:00Z
C,orig,2f_top500,async,128,11,0,0.00,100.00,86.25,994.25,233.59,760.66,,,1080.50,846.91,1.55,0.00,37.00,1.14,42944060,2026-09-23T03:44:00Z
C,orig,2f_top500,async_win,128,11,0,0.00,100.00,91.16,537.11,228.91,220.43,87.77,15.00,628.27,311.59,1.56,0.00,37.00,1.14,42944508,2026-09-23T03:44:00Z
C,orig,2f_slru,async,128,11,0,0.00,100.00,90.11,1014.35,228.99,785.36,,,1104.46,875.47,1.55,0.00,37.00,1.14,42945224,2026-09-23T03:44:00Z
C,orig,2f_slru,async_win,128,11,0,0.00,100.00,95.97,569.90,231.10,213.54,125.26,15.00,665.87,309.51,1.54,0.00,37.00,1.14,42945052,2026-09-23T03:44:01Z
C,orig,leaf_freq_K10,async,128,11,0,0.00,100.00,1061.63,303.75,230.20,73.55,,,1365.38,1135.18,1.62,19.00,33.00,1.14,42945144,2026-09-23T03:44:01Z
C,orig,leaf_freq_K10,async_win,128,11,0,0.00,100.00,1044.13,302.59,229.59,12.83,60.16,6.00,1346.72,1056.96,1.61,19.00,33.00,1.14,42945120,2026-09-23T03:44:01Z
C,orig,leaf_rand_K10,async,128,11,0,0.00,100.00,1041.65,306.06,231.76,74.30,,,1347.71,1115.95,1.61,19.00,32.00,1.14,42945576,2026-09-23T03:44:01Z
C,orig,leaf_rand_K10,async_win,128,11,0,0.00,100.00,1044.73,304.52,228.42,15.33,60.77,10.00,1349.25,1060.06,1.61,19.00,32.00,1.14,42946484,2026-09-23T03:44:02Z
C,orig,learned_markov_14,async,128,11,0,0.00,100.00,507.80,305.26,227.66,77.61,,,813.06,585.41,1.64,18.00,37.00,1.14,42946436,2026-09-23T03:44:02Z
C,orig,learned_markov_14,async_win,128,11,0,0.00,100.00,652.79,304.84,228.97,15.81,60.06,9.00,957.63,668.60,1.59,18.00,37.00,1.14,42947044,2026-09-23T03:44:02Z
C,orig,learned_markov_28,async,128,11,0,0.00,100.00,590.67,324.76,230.83,93.93,,,915.43,684.60,1.60,17.00,38.00,1.14,42948588,2026-09-23T03:44:02Z
C,orig,learned_markov_28,async_win,128,11,0,0.00,100.00,536.59,315.96,228.11,26.82,61.03,13.00,852.55,563.41,1.61,17.00,38.00,1.14,42948756,2026-09-23T03:44:03Z
C_hit,orig,layers_5,async,128,11,0,0.00,100.00,974.32,298.99,230.13,68.86,,,1273.31,1043.18,1.70,39.00,60.00,1.14,42948876,2026-09-23T03:44:03Z
C_hit,orig,layers_5,async_win,128,11,0,0.00,100.00,1031.63,293.26,226.34,7.12,59.80,2.00,1324.89,1038.75,1.69,39.00,60.00,1.14,42950416,2026-09-23T03:44:03Z
C_hit,orig,layers_92,async,128,11,0,0.00,100.00,659.39,426.55,228.90,197.65,,,1085.94,857.04,1.69,39.00,61.00,1.14,42951428,2026-09-23T03:44:03Z
C_hit,orig,layers_92,async_win,128,11,0,0.00,100.00,661.44,420.34,228.76,125.93,65.65,87.00,1081.78,787.37,1.71,39.00,61.00,1.13,42952324,2026-09-23T03:44:04Z
C_hit,orig,2d,async,128,11,0,0.00,100.00,658.49,295.95,228.11,67.84,,,954.44,726.33,1.69,39.00,61.00,1.13,42952552,2026-09-23T03:44:04Z
C_hit,orig,2d,async_win,128,11,0,0.00,100.00,624.76,296.82,229.43,7.68,59.70,3.00,921.58,632.44,1.69,39.00,61.00,1.13,42952416,2026-09-23T03:44:04Z
C_hit,orig,2e_K10,async,128,11,0,0.00,100.00,528.32,308.01,226.18,81.83,,,836.33,610.15,1.69,39.00,62.00,1.13,42955016,2026-09-23T03:44:05Z
C_hit,orig,2e_K10,async_win,128,11,0,0.00,100.00,625.51,309.62,231.88,16.45,61.30,6.00,935.13,641.96,1.69,39.00,62.00,1.13,42955100,2026-09-23T03:44:05Z
C_hit,orig,2e_K500,async,128,11,0,0.00,45.50,176.29,898.68,230.04,668.64,,,1074.97,844.93,1.62,12.00,62.00,1.13,42945352,2026-09-23T03:44:05Z
C_hit,orig,2e_K500,async_win,128,11,0,0.00,32.90,176.63,663.49,228.60,344.21,90.68,139.00,840.12,520.84,1.61,12.00,62.00,1.13,42948020,2026-09-23T03:44:05Z
C_hit,orig,2f_top14,async,128,11,0,0.00,100.00,531.22,309.36,230.85,78.51,,,840.58,609.73,1.68,39.00,62.00,1.13,42950400,2026-09-23T03:44:06Z
C_hit,orig,2f_top14,async_win,128,11,0,0.00,100.00,630.87,305.79,230.51,14.09,61.19,6.00,936.66,644.96,1.68,39.00,62.00,1.13,42950104,2026-09-23T03:44:06Z
C_hit,orig,2f_top28,async,128,11,0,0.00,100.00,662.11,325.39,228.73,96.66,,,987.50,758.77,1.69,38.00,62.00,1.13,42952380,2026-09-23T03:44:06Z
C_hit,orig,2f_top28,async_win,128,11,0,0.00,100.00,535.99,311.43,228.41,21.29,61.73,8.00,847.42,557.28,1.67,38.00,62.00,1.13,42953824,2026-09-23T03:44:06Z
C_hit,orig,2f_top100,async,128,11,0,0.00,100.00,552.90,408.10,231.92,176.18,,,961.00,729.08,1.67,33.00,64.00,1.13,42956008,2026-09-23T03:44:07Z
C_hit,orig,2f_top100,async_win,128,11,0,0.00,100.00,550.78,363.60,228.75,69.52,65.33,28.00,914.38,620.30,1.68,33.00,64.00,1.13,42977172,2026-09-23T03:44:07Z
C_hit,orig,2f_top500,async,128,11,0,0.00,48.00,178.12,946.22,229.10,717.12,,,1124.34,895.24,1.62,12.00,63.00,1.13,42977164,2026-09-23T03:44:07Z
C_hit,orig,2f_top500,async_win,128,11,0,0.00,39.00,176.58,653.96,230.02,333.80,90.14,138.00,830.54,510.38,1.62,12.00,63.00,1.13,42977608,2026-09-23T03:44:07Z
C_hit,orig,2f_slru,async,128,11,0,0.00,100.00,89.43,1660.60,228.52,1432.08,,,1750.03,1521.51,1.58,0.00,62.00,1.13,42979288,2026-09-23T03:44:08Z
C_hit,orig,2f_slru,async_win,128,11,0,0.00,96.50,89.94,768.70,227.81,414.89,126.00,29.00,858.64,504.83,1.57,0.00,62.00,1.13,42979676,2026-09-23T03:44:08Z
C_hit,orig,leaf_freq_K10,async,128,11,0,0.00,100.00,962.15,300.75,221.46,79.29,,,1262.90,1041.44,1.71,39.00,60.00,1.13,42979524,2026-09-23T03:44:08Z
C_hit,orig,leaf_freq_K10,async_win,128,11,0,0.00,100.00,912.82,301.17,229.89,10.45,60.82,3.00,1213.99,923.27,1.70,39.00,60.00,1.13,42980760,2026-09-23T03:44:09Z
C_hit,orig,leaf_rand_K10,async,128,11,0,0.00,100.00,1040.67,299.94,229.46,70.48,,,1340.61,1111.15,1.70,39.00,60.00,1.12,42981136,2026-09-23T03:44:09Z
C_hit,orig,leaf_rand_K10,async_win,128,11,0,0.00,100.00,1011.63,296.86,221.15,14.72,60.99,10.00,1308.49,1026.35,1.71,39.00,60.00,1.12,42981348,2026-09-23T03:44:09Z
C_hit,orig,learned_markov_14,async,128,11,0,0.00,100.00,597.48,307.03,228.46,78.57,,,904.51,676.05,1.71,39.00,62.00,1.12,42982548,2026-09-23T03:44:09Z
C_hit,orig,learned_markov_14,async_win,128,11,0,0.00,100.00,636.46,301.10,222.30,16.40,62.40,6.00,937.56,652.86,1.69,39.00,62.00,1.12,42982556,2026-09-23T03:44:10Z
C_hit,orig,learned_markov_28,async,128,11,0,0.00,100.00,627.90,323.94,228.84,95.10,,,951.84,723.00,1.70,38.00,62.00,1.12,42982812,2026-09-23T03:44:10Z
C_hit,orig,learned_markov_28,async_win,128,11,0,0.00,100.00,577.83,315.07,228.79,23.51,62.77,8.00,892.90,601.34,1.71,38.00,62.00,1.12,42984608,2026-09-23T03:44:10Z
